row_id,code_id,q_id,split,q,n,k,r,rate,capacity_margin,column_weight,parity_check_density,row_weight_mean,row_weight_variance,row_weight_min,row_weight_max,column_weight_mean,column_weight_variance,column_weight_min,column_weight_max,N_dep_2,N_dep_3,N_dep_4,dependency_subset_tests,dependency_count_status,min_dependency_order,q_power_2,q_power_3,q_power_4,N_dep_2_q2,N_dep_3_q3,N_dep_4_q4,H_dep_4,log1p_H_dep_4
code_n24_k12_cw3_000_q00,code_n24_k12_cw3_000,q00,train,0.18,24,12,12,0.5,0.32000000000000006,3,0.25,6.0,7.833333333333333,2.0,13.0,3.0,0.0,3.0,3.0,0,0,9,12926,exact,4,0.0324,0.0058319999999999995,0.0010497599999999998,0.0,0.0,0.009447839999999999,0.009447839999999999,0.009403488292718807
code_n24_k12_cw3_000_q01,code_n24_k12_cw3_000,q01,train,0.24,24,12,12,0.5,0.26,3,0.25,6.0,7.833333333333333,2.0,13.0,3.0,0.0,3.0,3.0,0,0,9,12926,exact,4,0.0576,0.013823999999999998,0.0033177599999999995,0.0,0.0,0.029859839999999995,0.029859839999999995,0.029422715312235354
code_n24_k12_cw3_000_q02,code_n24_k12_cw3_000,q02,train,0.3,24,12,12,0.5,0.19999999999999996,3,0.25,6.0,7.833333333333333,2.0,13.0,3.0,0.0,3.0,3.0,0,0,9,12926,exact,4,0.09,0.026999999999999996,0.0081,0.0,0.0,0.07289999999999999,0.07289999999999999,0.07036526266056348
code_n24_k12_cw3_000_q03,code_n24_k12_cw3_000,q03,train,0.36,24,12,12,0.5,0.14,3,0.25,6.0,7.833333333333333,2.0,13.0,3.0,0.0,3.0,3.0,0,0,9,12926,exact,4,0.1296,0.046655999999999996,0.016796159999999997,0.0,0.0,0.15116543999999998,0.15116543999999998,0.14077485529257536
code_n24_k12_cw3_001_q00,code_n24_k12_cw3_001,q00,train,0.18,24,12,12,0.5,0.32000000000000006,3,0.25,6.0,2.0,4.0,8.0,3.0,0.0,3.0,3.0,1,22,240,12926,exact,2,0.0324,0.0058319999999999995,0.0010497599999999998,0.0324,0.128304,0.25194239999999996,0.41264639999999997,0.34546482468528067
code_n24_k12_cw3_001_q01,code_n24_k12_cw3_001,q01,train,0.24,24,12,12,0.5,0.26,3,0.25,6.0,2.0,4.0,8.0,3.0,0.0,3.0,3.0,1,22,240,12926,exact,2,0.0576,0.013823999999999998,0.0033177599999999995,0.0576,0.30412799999999995,0.7962623999999998,1.1579903999999996,0.7691774182625631
code_n24_k12_cw3_001_q02,code_n24_k12_cw3_001,q02,train,0.3,24,12,12,0.5,0.19999999999999996,3,0.25,6.0,2.0,4.0,8.0,3.0,0.0,3.0,3.0,1,22,240,12926,exact,2,0.09,0.026999999999999996,0.0081,0.09,0.5939999999999999,1.944,2.6279999999999997,1.2886815322528902
code_n24_k12_cw3_001_q03,code_n24_k12_cw3_001,q03,train,0.36,24,12,12,0.5,0.14,3,0.25,6.0,2.0,4.0,8.0,3.0,0.0,3.0,3.0,1,22,240,12926,exact,2,0.1296,0.046655999999999996,0.016796159999999997,0.1296,1.026432,4.031078399999999,5.187110399999999,1.8224681602558228
code_n24_k12_cw3_002_q00,code_n24_k12_cw3_002,q00,train,0.18,24,12,12,0.5,0.32000000000000006,3,0.25,6.0,5.333333333333333,2.0,10.0,3.0,0.0,3.0,3.0,2,44,467,12926,exact,2,0.0324,0.0058319999999999995,0.0010497599999999998,0.0648,0.256608,0.49023791999999994,0.8116459199999999,0.5942357801375598
code_n24_k12_cw3_002_q01,code_n24_k12_cw3_002,q01,train,0.24,24,12,12,0.5,0.26,3,0.25,6.0,5.333333333333333,2.0,10.0,3.0,0.0,3.0,3.0,2,44,467,12926,exact,2,0.0576,0.013823999999999998,0.0033177599999999995,0.1152,0.6082559999999999,1.5493939199999998,2.2728499199999996,1.1856611405111037
code_n24_k12_cw3_002_q02,code_n24_k12_cw3_002,q02,train,0.3,24,12,12,0.5,0.19999999999999996,3,0.25,6.0,5.333333333333333,2.0,10.0,3.0,0.0,3.0,3.0,2,44,467,12926,exact,2,0.09,0.026999999999999996,0.0081,0.18,1.1879999999999997,3.7826999999999997,5.1507,1.8165658964795035
code_n24_k12_cw3_002_q03,code_n24_k12_cw3_002,q03,train,0.36,24,12,12,0.5,0.14,3,0.25,6.0,5.333333333333333,2.0,10.0,3.0,0.0,3.0,3.0,2,44,467,12926,exact,2,0.1296,0.046655999999999996,0.016796159999999997,0.2592,2.052864,7.843806719999999,10.15587072,2.411965881315164
code_n24_k12_cw3_003_q00,code_n24_k12_cw3_003,q00,train,0.18,24,12,12,0.5,0.32000000000000006,3,0.25,6.0,5.333333333333333,2.0,9.0,3.0,0.0,3.0,3.0,0,0,16,12926,exact,4,0.0324,0.0058319999999999995,0.0010497599999999998,0.0,0.0,0.016796159999999997,0.016796159999999997,0.01665666433208147
code_n24_k12_cw3_003_q01,code_n24_k12_cw3_003,q01,train,0.24,24,12,12,0.5,0.26,3,0.25,6.0,5.333333333333333,2.0,9.0,3.0,0.0,3.0,3.0,0,0,16,12926,exact,4,0.0576,0.013823999999999998,0.0033177599999999995,0.0,0.0,0.05308415999999999,0.05308415999999999,0.051723153984674294
code_n24_k12_cw3_003_q02,code_n24_k12_cw3_003,q02,train,0.3,24,12,12,0.5,0.19999999999999996,3,0.25,6.0,5.333333333333333,2.0,9.0,3.0,0.0,3.0,3.0,0,0,16,12926,exact,4,0.09,0.026999999999999996,0.0081,0.0,0.0,0.1296,0.1296,0.12186358775684057
code_n24_k12_cw3_003_q03,code_n24_k12_cw3_003,q03,train,0.36,24,12,12,0.5,0.14,3,0.25,6.0,5.333333333333333,2.0,9.0,3.0,0.0,3.0,3.0,0,0,16,12926,exact,4,0.1296,0.046655999999999996,0.016796159999999997,0.0,0.0,0.26873855999999996,0.26873855999999996,0.23802314701854077
code_n24_k12_cw3_004_q00,code_n24_k12_cw3_004,q00,train,0.18,24,12,12,0.5,0.32000000000000006,3,0.25,6.0,4.166666666666667,2.0,9.0,3.0,0.0,3.0,3.0,2,44,467,12926,exact,2,0.0324,0.0058319999999999995,0.0010497599999999998,0.0648,0.256608,0.49023791999999994,0.8116459199999999,0.5942357801375598
code_n24_k12_cw3_004_q01,code_n24_k12_cw3_004,q01,train,0.24,24,12,12,0.5,0.26,3,0.25,6.0,4.166666666666667,2.0,9.0,3.0,0.0,3.0,3.0,2,44,467,12926,exact,2,0.0576,0.013823999999999998,0.0033177599999999995,0.1152,0.6082559999999999,1.5493939199999998,2.2728499199999996,1.1856611405111037
code_n24_k12_cw3_004_q02,code_n24_k12_cw3_004,q02,train,0.3,24,12,12,0.5,0.19999999999999996,3,0.25,6.0,4.166666666666667,2.0,9.0,3.0,0.0,3.0,3.0,2,44,467,12926,exact,2,0.09,0.026999999999999996,0.0081,0.18,1.1879999999999997,3.7826999999999997,5.1507,1.8165658964795035
code_n24_k12_cw3_004_q03,code_n24_k12_cw3_004,q03,train,0.36,24,12,12,0.5,0.14,3,0.25,6.0,4.166666666666667,2.0,9.0,3.0,0.0,3.0,3.0,2,44,467,12926,exact,2,0.1296,0.046655999999999996,0.016796159999999997,0.2592,2.052864,7.843806719999999,10.15587072,2.411965881315164
code_n24_k12_cw3_005_q00,code_n24_k12_cw3_005,q00,train,0.18,24,12,12,0.5,0.32000000000000006,3,0.25,6.0,5.666666666666667,2.0,11.0,3.0,0.0,3.0,3.0,2,44,475,12926,exact,2,0.0324,0.0058319999999999995,0.0010497599999999998,0.0648,0.256608,0.4986359999999999,0.820044,0.5988606766206492
code_n24_k12_cw3_005_q01,code_n24_k12_cw3_005,q01,train,0.24,24,12,12,0.5,0.26,3,0.25,6.0,5.666666666666667,2.0,11.0,3.0,0.0,3.0,3.0,2,44,475,12926,exact,2,0.0576,0.013823999999999998,0.0033177599999999995,0.1152,0.6082559999999999,1.5759359999999998,2.2993919999999997,1.1937382090734716
code_n24_k12_cw3_005_q02,code_n24_k12_cw3_005,q02,train,0.3,24,12,12,0.5,0.19999999999999996,3,0.25,6.0,5.666666666666667,2.0,11.0,3.0,0.0,3.0,3.0,2,44,475,12926,exact,2,0.09,0.026999999999999996,0.0081,0.18,1.1879999999999997,3.8474999999999997,5.2155,1.827046172249633
code_n24_k12_cw3_005_q03,code_n24_k12_cw3_005,q03,train,0.36,24,12,12,0.5,0.14,3,0.25,6.0,5.666666666666667,2.0,11.0,3.0,0.0,3.0,3.0,2,44,475,12926,exact,2,0.1296,0.046655999999999996,0.016796159999999997,0.2592,2.052864,7.978175999999999,10.290239999999999,2.4239386356858494
code_n24_k12_cw3_006_q00,code_n24_k12_cw3_006,q00,train,0.18,24,12,12,0.5,0.32000000000000006,3,0.25,6.0,6.666666666666667,3.0,10.0,3.0,0.0,3.0,3.0,0,0,16,12926,exact,4,0.0324,0.0058319999999999995,0.0010497599999999998,0.0,0.0,0.016796159999999997,0.016796159999999997,0.01665666433208147
code_n24_k12_cw3_006_q01,code_n24_k12_cw3_006,q01,train,0.24,24,12,12,0.5,0.26,3,0.25,6.0,6.666666666666667,3.0,10.0,3.0,0.0,3.0,3.0,0,0,16,12926,exact,4,0.0576,0.013823999999999998,0.0033177599999999995,0.0,0.0,0.05308415999999999,0.05308415999999999,0.051723153984674294
code_n24_k12_cw3_006_q02,code_n24_k12_cw3_006,q02,train,0.3,24,12,12,0.5,0.19999999999999996,3,0.25,6.0,6.666666666666667,3.0,10.0,3.0,0.0,3.0,3.0,0,0,16,12926,exact,4,0.09,0.026999999999999996,0.0081,0.0,0.0,0.1296,0.1296,0.12186358775684057
code_n24_k12_cw3_006_q03,code_n24_k12_cw3_006,q03,train,0.36,24,12,12,0.5,0.14,3,0.25,6.0,6.666666666666667,3.0,10.0,3.0,0.0,3.0,3.0,0,0,16,12926,exact,4,0.1296,0.046655999999999996,0.016796159999999997,0.0,0.0,0.26873855999999996,0.26873855999999996,0.23802314701854077
code_n24_k12_cw3_007_q00,code_n24_k12_cw3_007,q00,test,0.18,24,12,12,0.5,0.32000000000000006,3,0.25,6.0,4.833333333333333,2.0,10.0,3.0,0.0,3.0,3.0,4,88,921,12926,exact,2,0.0324,0.0058319999999999995,0.0010497599999999998,0.1296,0.513216,0.9668289599999998,1.6096449599999998,0.9592141814302527
code_n24_k12_cw3_007_q01,code_n24_k12_cw3_007,q01,test,0.24,24,12,12,0.5,0.26,3,0.25,6.0,4.833333333333333,2.0,10.0,3.0,0.0,3.0,3.0,4,88,921,12926,exact,2,0.0576,0.013823999999999998,0.0033177599999999995,0.2304,1.2165119999999998,3.0556569599999994,4.50256896,1.7052150668251826
code_n24_k12_cw3_007_q02,code_n24_k12_cw3_007,q02,test,0.3,24,12,12,0.5,0.19999999999999996,3,0.25,6.0,4.833333333333333,2.0,10.0,3.0,0.0,3.0,3.0,4,88,921,12926,exact,2,0.09,0.026999999999999996,0.0081,0.36,2.3759999999999994,7.4601,10.1961,2.4155655033746624
code_n24_k12_cw3_007_q03,code_n24_k12_cw3_007,q03,test,0.36,24,12,12,0.5,0.14,3,0.25,6.0,4.833333333333333,2.0,10.0,3.0,0.0,3.0,3.0,4,88,921,12926,exact,2,0.1296,0.046655999999999996,0.016796159999999997,0.5184,4.105728,15.469263359999998,20.09339136,3.0489597857356716
code_n24_k12_cw3_008_q00,code_n24_k12_cw3_008,q00,train,0.18,24,12,12,0.5,0.32000000000000006,3,0.25,6.0,6.5,2.0,10.0,3.0,0.0,3.0,3.0,3,66,701,12926,exact,2,0.0324,0.0058319999999999995,0.0010497599999999998,0.0972,0.384912,0.7358817599999999,1.21799376,0.7966030755788616
code_n24_k12_cw3_008_q01,code_n24_k12_cw3_008,q01,train,0.24,24,12,12,0.5,0.26,3,0.25,6.0,6.5,2.0,10.0,3.0,0.0,3.0,3.0,3,66,701,12926,exact,2,0.0576,0.013823999999999998,0.0033177599999999995,0.1728,0.9123839999999999,2.3257497599999994,3.4109337599999994,1.4840864040070991
code_n24_k12_cw3_008_q02,code_n24_k12_cw3_008,q02,train,0.3,24,12,12,0.5,0.19999999999999996,3,0.25,6.0,6.5,2.0,10.0,3.0,0.0,3.0,3.0,3,66,701,12926,exact,2,0.09,0.026999999999999996,0.0081,0.27,1.7819999999999998,5.6781,7.730099999999999,2.166776824539628
code_n24_k12_cw3_008_q03,code_n24_k12_cw3_008,q03,train,0.36,24,12,12,0.5,0.14,3,0.25,6.0,6.5,2.0,10.0,3.0,0.0,3.0,3.0,3,66,701,12926,exact,2,0.1296,0.046655999999999996,0.016796159999999997,0.3888,3.079296,11.774108159999999,15.242204159999998,2.7876130496617755
code_n24_k12_cw3_009_q00,code_n24_k12_cw3_009,q00,test,0.18,24,12,12,0.5,0.32000000000000006,3,0.25,6.0,2.1666666666666665,3.0,8.0,3.0,0.0,3.0,3.0,1,22,239,12926,exact,2,0.0324,0.0058319999999999995,0.0010497599999999998,0.0324,0.128304,0.25089263999999994,0.41159663999999996,0.344721432538446
code_n24_k12_cw3_009_q01,code_n24_k12_cw3_009,q01,test,0.24,24,12,12,0.5,0.26,3,0.25,6.0,2.1666666666666665,3.0,8.0,3.0,0.0,3.0,3.0,1,22,239,12926,exact,2,0.0576,0.013823999999999998,0.0033177599999999995,0.0576,0.30412799999999995,0.7929446399999999,1.1546726399999998,0.7676388048240694
code_n24_k12_cw3_009_q02,code_n24_k12_cw3_009,q02,test,0.3,24,12,12,0.5,0.19999999999999996,3,0.25,6.0,2.1666666666666665,3.0,8.0,3.0,0.0,3.0,3.0,1,22,239,12926,exact,2,0.09,0.026999999999999996,0.0081,0.09,0.5939999999999999,1.9359,2.6199,1.2864464011467291
code_n24_k12_cw3_009_q03,code_n24_k12_cw3_009,q03,test,0.36,24,12,12,0.5,0.14,3,0.25,6.0,2.1666666666666665,3.0,8.0,3.0,0.0,3.0,3.0,1,22,239,12926,exact,2,0.1296,0.046655999999999996,0.016796159999999997,0.1296,1.026432,4.014282239999999,5.170314239999999,1.8197497669283338
code_n24_k12_cw3_010_q00,code_n24_k12_cw3_010,q00,train,0.18,24,12,12,0.5,0.32000000000000006,3,0.25,6.0,5.333333333333333,1.0,9.0,3.0,0.0,3.0,3.0,2,44,470,12926,exact,2,0.0324,0.0058319999999999995,0.0010497599999999998,0.0648,0.256608,0.4933871999999999,0.8147951999999999,0.5959726238846236
code_n24_k12_cw3_010_q01,code_n24_k12_cw3_010,q01,train,0.24,24,12,12,0.5,0.26,3,0.25,6.0,5.333333333333333,1.0,9.0,3.0,0.0,3.0,3.0,2,44,470,12926,exact,2,0.0576,0.013823999999999998,0.0033177599999999995,0.1152,0.6082559999999999,1.5593471999999997,2.2828031999999996,1.1886976915505731
code_n24_k12_cw3_010_q02,code_n24_k12_cw3_010,q02,train,0.3,24,12,12,0.5,0.19999999999999996,3,0.25,6.0,5.333333333333333,1.0,9.0,3.0,0.0,3.0,3.0,2,44,470,12926,exact,2,0.09,0.026999999999999996,0.0081,0.18,1.1879999999999997,3.807,5.175,1.820508882514041
code_n24_k12_cw3_010_q03,code_n24_k12_cw3_010,q03,train,0.36,24,12,12,0.5,0.14,3,0.25,6.0,5.333333333333333,1.0,9.0,3.0,0.0,3.0,3.0,2,44,470,12926,exact,2,0.1296,0.046655999999999996,0.016796159999999997,0.2592,2.052864,7.894195199999999,10.206259199999998,2.4164724793414094
code_n24_k12_cw3_011_q00,code_n24_k12_cw3_011,q00,validation,0.18,24,12,12,0.5,0.32000000000000006,3,0.25,6.0,5.5,2.0,11.0,3.0,0.0,3.0,3.0,2,44,471,12926,exact,2,0.0324,0.0058319999999999995,0.0010497599999999998,0.0648,0.256608,0.4944369599999999,0.81584496,0.5965509020851566
code_n24_k12_cw3_011_q01,code_n24_k12_cw3_011,q01,validation,0.24,24,12,12,0.5,0.26,3,0.25,6.0,5.5,2.0,11.0,3.0,0.0,3.0,3.0,2,44,471,12926,exact,2,0.0576,0.013823999999999998,0.0033177599999999995,0.1152,0.6082559999999999,1.5626649599999998,2.28612096,1.1897078296496906
code_n24_k12_cw3_011_q02,code_n24_k12_cw3_011,q02,validation,0.3,24,12,12,0.5,0.19999999999999996,3,0.25,6.0,5.5,2.0,11.0,3.0,0.0,3.0,3.0,2,44,471,12926,exact,2,0.09,0.026999999999999996,0.0081,0.18,1.1879999999999997,3.8150999999999997,5.1831,1.8218197638242628
code_n24_k12_cw3_011_q03,code_n24_k12_cw3_011,q03,validation,0.36,24,12,12,0.5,0.14,3,0.25,6.0,5.5,2.0,11.0,3.0,0.0,3.0,3.0,2,44,471,12926,exact,2,0.1296,0.046655999999999996,0.016796159999999997,0.2592,2.052864,7.910991359999999,10.223055359999998,2.4179701767493875
code_n24_k12_cw3_012_q00,code_n24_k12_cw3_012,q00,train,0.18,24,12,12,0.5,0.32000000000000006,3,0.25,6.0,7.0,2.0,11.0,3.0,0.0,3.0,3.0,1,22,247,12926,exact,2,0.0324,0.0058319999999999995,0.0010497599999999998,0.0324,0.128304,0.25929072,0.41999472,0.3506531532963973
code_n24_k12_cw3_012_q01,code_n24_k12_cw3_012,q01,train,0.24,24,12,12,0.5,0.26,3,0.25,6.0,7.0,2.0,11.0,3.0,0.0,3.0,3.0,1,22,247,12926,exact,2,0.0576,0.013823999999999998,0.0033177599999999995,0.0576,0.30412799999999995,0.8194867199999999,1.1812147199999998,0.7798819326257618
code_n24_k12_cw3_012_q02,code_n24_k12_cw3_012,q02,train,0.3,24,12,12,0.5,0.19999999999999996,3,0.25,6.0,7.0,2.0,11.0,3.0,0.0,3.0,3.0,1,22,247,12926,exact,2,0.09,0.026999999999999996,0.0081,0.09,0.5939999999999999,2.0006999999999997,2.6846999999999994,1.3041891112010469
code_n24_k12_cw3_012_q03,code_n24_k12_cw3_012,q03,train,0.36,24,12,12,0.5,0.14,3,0.25,6.0,7.0,2.0,11.0,3.0,0.0,3.0,3.0,1,22,247,12926,exact,2,0.1296,0.046655999999999996,0.016796159999999997,0.1296,1.026432,4.14865152,5.304683519999999,1.8412927730738002
code_n24_k12_cw3_013_q00,code_n24_k12_cw3_013,q00,validation,0.18,24,12,12,0.5,0.32000000000000006,3,0.25,6.0,4.833333333333333,2.0,11.0,3.0,0.0,3.0,3.0,2,44,466,12926,exact,2,0.0324,0.0058319999999999995,0.0010497599999999998,0.0648,0.256608,0.4891881599999999,0.81059616,0.5936561612130348
code_n24_k12_cw3_013_q01,code_n24_k12_cw3_013,q01,validation,0.24,24,12,12,0.5,0.26,3,0.25,6.0,4.833333333333333,2.0,11.0,3.0,0.0,3.0,3.0,2,44,466,12926,exact,2,0.0576,0.013823999999999998,0.0033177599999999995,0.1152,0.6082559999999999,1.5460761599999997,2.26953216,1.1846469043372336
code_n24_k12_cw3_013_q02,code_n24_k12_cw3_013,q02,validation,0.3,24,12,12,0.5,0.19999999999999996,3,0.25,6.0,4.833333333333333,2.0,11.0,3.0,0.0,3.0,3.0,2,44,466,12926,exact,2,0.09,0.026999999999999996,0.0081,0.18,1.1879999999999997,3.7746,5.1426,1.8152481052969591
code_n24_k12_cw3_013_q03,code_n24_k12_cw3_013,q03,validation,0.36,24,12,12,0.5,0.14,3,0.25,6.0,4.833333333333333,2.0,11.0,3.0,0.0,3.0,3.0,2,44,466,12926,exact,2,0.1296,0.046655999999999996,0.016796159999999997,0.2592,2.052864,7.827010559999999,10.13907456,2.410459157439717
code_n24_k12_cw3_014_q00,code_n24_k12_cw3_014,q00,train,0.18,24,12,12,0.5,0.32000000000000006,3,0.25,6.0,4.666666666666667,3.0,10.0,3.0,0.0,3.0,3.0,1,22,241,12926,exact,2,0.0324,0.0058319999999999995,0.0010497599999999998,0.0324,0.128304,0.25299215999999997,0.41369616,0.346207664610723
code_n24_k12_cw3_014_q01,code_n24_k12_cw3_014,q01,train,0.24,24,12,12,0.5,0.26,3,0.25,6.0,4.666666666666667,3.0,10.0,3.0,0.0,3.0,3.0,1,22,241,12926,exact,2,0.0576,0.013823999999999998,0.0033177599999999995,0.0576,0.30412799999999995,0.7995801599999999,1.16130816,0.7707136680060912
code_n24_k12_cw3_014_q02,code_n24_k12_cw3_014,q02,train,0.3,24,12,12,0.5,0.19999999999999996,3,0.25,6.0,4.666666666666667,3.0,10.0,3.0,0.0,3.0,3.0,1,22,241,12926,exact,2,0.09,0.026999999999999996,0.0081,0.09,0.5939999999999999,1.9521,2.6361,1.2909116786873136
code_n24_k12_cw3_014_q03,code_n24_k12_cw3_014,q03,train,0.36,24,12,12,0.5,0.14,3,0.25,6.0,4.666666666666667,3.0,10.0,3.0,0.0,3.0,3.0,1,22,241,12926,exact,2,0.1296,0.046655999999999996,0.016796159999999997,0.1296,1.026432,4.0478745599999995,5.203906559999999,1.8251791839500646
code_n24_k12_cw3_015_q00,code_n24_k12_cw3_015,q00,train,0.18,24,12,12,0.5,0.32000000000000006,3,0.25,6.0,7.0,2.0,10.0,3.0,0.0,3.0,3.0,2,44,472,12926,exact,2,0.0324,0.0058319999999999995,0.0010497599999999998,0.0648,0.256608,0.49548671999999994,0.81689472,0.5971288460732708
code_n24_k12_cw3_015_q01,code_n24_k12_cw3_015,q01,train,0.24,24,12,12,0.5,0.26,3,0.25,6.0,7.0,2.0,10.0,3.0,0.0,3.0,3.0,2,44,472,12926,exact,2,0.0576,0.013823999999999998,0.0033177599999999995,0.1152,0.6082559999999999,1.5659827199999998,2.2894387199999997,1.1907169483994258
code_n24_k12_cw3_015_q02,code_n24_k12_cw3_015,q02,train,0.3,24,12,12,0.5,0.19999999999999996,3,0.25,6.0,7.0,2.0,10.0,3.0,0.0,3.0,3.0,2,44,472,12926,exact,2,0.09,0.026999999999999996,0.0081,0.18,1.1879999999999997,3.8232,5.191199999999999,1.8231289289741122
code_n24_k12_cw3_015_q03,code_n24_k12_cw3_015,q03,train,0.36,24,12,12,0.5,0.14,3,0.25,6.0,7.0,2.0,10.0,3.0,0.0,3.0,3.0,2,44,472,12926,exact,2,0.1296,0.046655999999999996,0.016796159999999997,0.2592,2.052864,7.927787519999999,10.239851519999998,2.41946563441388
code_n24_k12_cw3_016_q00,code_n24_k12_cw3_016,q00,test,0.18,24,12,12,0.5,0.32000000000000006,3,0.25,6.0,2.5,4.0,9.0,3.0,0.0,3.0,3.0,0,0,10,12926,exact,4,0.0324,0.0058319999999999995,0.0010497599999999998,0.0,0.0,0.0104976,0.0104976,0.010442882796867616
code_n24_k12_cw3_016_q01,code_n24_k12_cw3_016,q01,test,0.24,24,12,12,0.5,0.26,3,0.25,6.0,2.5,4.0,9.0,3.0,0.0,3.0,3.0,0,0,10,12926,exact,4,0.0576,0.013823999999999998,0.0033177599999999995,0.0,0.0,0.033177599999999995,0.033177599999999995,0.0326391017877269
code_n24_k12_cw3_016_q02,code_n24_k12_cw3_016,q02,test,0.3,24,12,12,0.5,0.19999999999999996,3,0.25,6.0,2.5,4.0,9.0,3.0,0.0,3.0,3.0,0,0,10,12926,exact,4,0.09,0.026999999999999996,0.0081,0.0,0.0,0.08099999999999999,0.08099999999999999,0.07788653865707122
code_n24_k12_cw3_016_q03,code_n24_k12_cw3_016,q03,test,0.36,24,12,12,0.5,0.14,3,0.25,6.0,2.5,4.0,9.0,3.0,0.0,3.0,3.0,0,0,10,12926,exact,4,0.1296,0.046655999999999996,0.016796159999999997,0.0,0.0,0.1679616,0.1679616,0.15526000715325558
code_n24_k12_cw3_017_q00,code_n24_k12_cw3_017,q00,train,0.18,24,12,12,0.5,0.32000000000000006,3,0.25,6.0,8.333333333333334,2.0,13.0,3.0,0.0,3.0,3.0,1,22,241,12926,exact,2,0.0324,0.0058319999999999995,0.0010497599999999998,0.0324,0.128304,0.25299215999999997,0.41369616,0.346207664610723
code_n24_k12_cw3_017_q01,code_n24_k12_cw3_017,q01,train,0.24,24,12,12,0.5,0.26,3,0.25,6.0,8.333333333333334,2.0,13.0,3.0,0.0,3.0,3.0,1,22,241,12926,exact,2,0.0576,0.013823999999999998,0.0033177599999999995,0.0576,0.30412799999999995,0.7995801599999999,1.16130816,0.7707136680060912
code_n24_k12_cw3_017_q02,code_n24_k12_cw3_017,q02,train,0.3,24,12,12,0.5,0.19999999999999996,3,0.25,6.0,8.333333333333334,2.0,13.0,3.0,0.0,3.0,3.0,1,22,241,12926,exact,2,0.09,0.026999999999999996,0.0081,0.09,0.5939999999999999,1.9521,2.6361,1.2909116786873136
code_n24_k12_cw3_017_q03,code_n24_k12_cw3_017,q03,train,0.36,24,12,12,0.5,0.14,3,0.25,6.0,8.333333333333334,2.0,13.0,3.0,0.0,3.0,3.0,1,22,241,12926,exact,2,0.1296,0.046655999999999996,0.016796159999999997,0.1296,1.026432,4.0478745599999995,5.203906559999999,1.8251791839500646
code_n24_k12_cw3_018_q00,code_n24_k12_cw3_018,q00,validation,0.18,24,12,12,0.5,0.32000000000000006,3,0.25,6.0,2.1666666666666665,3.0,8.0,3.0,0.0,3.0,3.0,2,44,467,12926,exact,2,0.0324,0.0058319999999999995,0.0010497599999999998,0.0648,0.256608,0.49023791999999994,0.8116459199999999,0.5942357801375598
code_n24_k12_cw3_018_q01,code_n24_k12_cw3_018,q01,validation,0.24,24,12,12,0.5,0.26,3,0.25,6.0,2.1666666666666665,3.0,8.0,3.0,0.0,3.0,3.0,2,44,467,12926,exact,2,0.0576,0.013823999999999998,0.0033177599999999995,0.1152,0.6082559999999999,1.5493939199999998,2.2728499199999996,1.1856611405111037
code_n24_k12_cw3_018_q02,code_n24_k12_cw3_018,q02,validation,0.3,24,12,12,0.5,0.19999999999999996,3,0.25,6.0,2.1666666666666665,3.0,8.0,3.0,0.0,3.0,3.0,2,44,467,12926,exact,2,0.09,0.026999999999999996,0.0081,0.18,1.1879999999999997,3.7826999999999997,5.1507,1.8165658964795035
code_n24_k12_cw3_018_q03,code_n24_k12_cw3_018,q03,validation,0.36,24,12,12,0.5,0.14,3,0.25,6.0,2.1666666666666665,3.0,8.0,3.0,0.0,3.0,3.0,2,44,467,12926,exact,2,0.1296,0.046655999999999996,0.016796159999999997,0.2592,2.052864,7.843806719999999,10.15587072,2.411965881315164
code_n24_k12_cw3_019_q00,code_n24_k12_cw3_019,q00,test,0.18,24,12,12,0.5,0.32000000000000006,3,0.25,6.0,2.8333333333333335,2.0,8.0,3.0,0.0,3.0,3.0,3,64,655,12926,exact,2,0.0324,0.0058319999999999995,0.0010497599999999998,0.0972,0.37324799999999997,0.6875927999999999,1.1580407999999998,0.7692007730520292
code_n24_k12_cw3_019_q01,code_n24_k12_cw3_019,q01,test,0.24,24,12,12,0.5,0.26,3,0.25,6.0,2.8333333333333335,2.0,8.0,3.0,0.0,3.0,3.0,3,64,655,12926,exact,2,0.0576,0.013823999999999998,0.0033177599999999995,0.1728,0.8847359999999999,2.1731328,3.2306687999999997,1.442360089307361
code_n24_k12_cw3_019_q02,code_n24_k12_cw3_019,q02,test,0.3,24,12,12,0.5,0.19999999999999996,3,0.25,6.0,2.8333333333333335,2.0,8.0,3.0,0.0,3.0,3.0,3,64,655,12926,exact,2,0.09,0.026999999999999996,0.0081,0.27,1.7279999999999998,5.305499999999999,7.3035,2.1166771126646706
code_n24_k12_cw3_019_q03,code_n24_k12_cw3_019,q03,test,0.36,24,12,12,0.5,0.14,3,0.25,6.0,2.8333333333333335,2.0,8.0,3.0,0.0,3.0,3.0,3,64,655,12926,exact,2,0.1296,0.046655999999999996,0.016796159999999997,0.3888,2.9859839999999997,11.001484799999998,14.376268799999998,2.732825333864934
code_n24_k12_cw3_020_q00,code_n24_k12_cw3_020,q00,test,0.18,24,12,12,0.5,0.32000000000000006,3,0.25,6.0,4.5,4.0,11.0,3.0,0.0,3.0,3.0,3,64,666,12926,exact,2,0.0324,0.0058319999999999995,0.0010497599999999998,0.0972,0.37324799999999997,0.6991401599999999,1.16958816,0.77453736152191
code_n24_k12_cw3_020_q01,code_n24_k12_cw3_020,q01,test,0.24,24,12,12,0.5,0.26,3,0.25,6.0,4.5,4.0,11.0,3.0,0.0,3.0,3.0,3,64,666,12926,exact,2,0.0576,0.013823999999999998,0.0033177599999999995,0.1728,0.8847359999999999,2.20962816,3.2671641599999997,1.4509494754602101
code_n24_k12_cw3_020_q02,code_n24_k12_cw3_020,q02,test,0.3,24,12,12,0.5,0.19999999999999996,3,0.25,6.0,4.5,4.0,11.0,3.0,0.0,3.0,3.0,3,64,666,12926,exact,2,0.09,0.026999999999999996,0.0081,0.27,1.7279999999999998,5.3946,7.3926,2.1273503652017203
code_n24_k12_cw3_020_q03,code_n24_k12_cw3_020,q03,test,0.36,24,12,12,0.5,0.14,3,0.25,6.0,4.5,4.0,11.0,3.0,0.0,3.0,3.0,3,64,666,12926,exact,2,0.1296,0.046655999999999996,0.016796159999999997,0.3888,2.9859839999999997,11.186242559999998,14.561026559999998,2.7447694908670965
code_n24_k12_cw3_021_q00,code_n24_k12_cw3_021,q00,train,0.18,24,12,12,0.5,0.32000000000000006,3,0.25,6.0,2.8333333333333335,4.0,10.0,3.0,0.0,3.0,3.0,1,22,234,12926,exact,2,0.0324,0.0058319999999999995,0.0010497599999999998,0.0324,0.128304,0.24564383999999997,0.40634784,0.34099615966146857
code_n24_k12_cw3_021_q01,code_n24_k12_cw3_021,q01,train,0.24,24,12,12,0.5,0.26,3,0.25,6.0,2.8333333333333335,4.0,10.0,3.0,0.0,3.0,3.0,1,22,234,12926,exact,2,0.0576,0.013823999999999998,0.0033177599999999995,0.0576,0.30412799999999995,0.7763558399999999,1.1380838399999997,0.7599100260528922
code_n24_k12_cw3_021_q02,code_n24_k12_cw3_021,q02,train,0.3,24,12,12,0.5,0.19999999999999996,3,0.25,6.0,2.8333333333333335,4.0,10.0,3.0,0.0,3.0,3.0,1,22,234,12926,exact,2,0.09,0.026999999999999996,0.0081,0.09,0.5939999999999999,1.8954,2.5793999999999997,1.2751951886011708
code_n24_k12_cw3_021_q03,code_n24_k12_cw3_021,q03,train,0.36,24,12,12,0.5,0.14,3,0.25,6.0,2.8333333333333335,4.0,10.0,3.0,0.0,3.0,3.0,1,22,234,12926,exact,2,0.1296,0.046655999999999996,0.016796159999999997,0.1296,1.026432,3.9303014399999996,5.08633344,1.8060458380120898
code_n24_k12_cw3_022_q00,code_n24_k12_cw3_022,q00,train,0.18,24,12,12,0.5,0.32000000000000006,3,0.25,6.0,6.333333333333333,3.0,11.0,3.0,0.0,3.0,3.0,2,44,469,12926,exact,2,0.0324,0.0058319999999999995,0.0010497599999999998,0.0648,0.256608,0.4923374399999999,0.8137454399999999,0.5953940110849126
code_n24_k12_cw3_022_q01,code_n24_k12_cw3_022,q01,train,0.24,24,12,12,0.5,0.26,3,0.25,6.0,6.333333333333333,3.0,11.0,3.0,0.0,3.0,3.0,2,44,469,12926,exact,2,0.0576,0.013823999999999998,0.0033177599999999995,0.1152,0.6082559999999999,1.5560294399999997,2.2794854399999993,1.1876865320406234
code_n24_k12_cw3_022_q02,code_n24_k12_cw3_022,q02,train,0.3,24,12,12,0.5,0.19999999999999996,3,0.25,6.0,6.333333333333333,3.0,11.0,3.0,0.0,3.0,3.0,2,44,469,12926,exact,2,0.09,0.026999999999999996,0.0081,0.18,1.1879999999999997,3.7988999999999997,5.166899999999999,1.8191962805381743
code_n24_k12_cw3_022_q03,code_n24_k12_cw3_022,q03,train,0.36,24,12,12,0.5,0.14,3,0.25,6.0,6.333333333333333,3.0,11.0,3.0,0.0,3.0,3.0,2,44,469,12926,exact,2,0.1296,0.046655999999999996,0.016796159999999997,0.2592,2.052864,7.8773990399999985,10.189463039999998,2.4149725354709637
code_n24_k12_cw3_023_q00,code_n24_k12_cw3_023,q00,train,0.18,24,12,12,0.5,0.32000000000000006,3,0.25,6.0,1.6666666666666667,4.0,8.0,3.0,0.0,3.0,3.0,0,0,5,12926,exact,4,0.0324,0.0058319999999999995,0.0010497599999999998,0.0,0.0,0.0052488,0.0052488,0.005235073061631587
code_n24_k12_cw3_023_q01,code_n24_k12_cw3_023,q01,train,0.24,24,12,12,0.5,0.26,3,0.25,6.0,1.6666666666666667,4.0,8.0,3.0,0.0,3.0,3.0,0,0,5,12926,exact,4,0.0576,0.013823999999999998,0.0033177599999999995,0.0,0.0,0.016588799999999997,0.016588799999999997,0.01645270885409976
code_n24_k12_cw3_023_q02,code_n24_k12_cw3_023,q02,train,0.3,24,12,12,0.5,0.19999999999999996,3,0.25,6.0,1.6666666666666667,4.0,8.0,3.0,0.0,3.0,3.0,0,0,5,12926,exact,4,0.09,0.026999999999999996,0.0081,0.0,0.0,0.040499999999999994,0.040499999999999994,0.03970136685155206
code_n24_k12_cw3_023_q03,code_n24_k12_cw3_023,q03,train,0.36,24,12,12,0.5,0.14,3,0.25,6.0,1.6666666666666667,4.0,8.0,3.0,0.0,3.0,3.0,0,0,5,12926,exact,4,0.1296,0.046655999999999996,0.016796159999999997,0.0,0.0,0.0839808,0.0839808,0.08064019068347023
code_n24_k12_cw3_024_q00,code_n24_k12_cw3_024,q00,train,0.18,24,12,12,0.5,0.32000000000000006,3,0.25,6.0,3.1666666666666665,3.0,9.0,3.0,0.0,3.0,3.0,2,44,468,12926,exact,2,0.0324,0.0058319999999999995,0.0010497599999999998,0.0648,0.256608,0.49128767999999995,0.81269568,0.5948150632985929
code_n24_k12_cw3_024_q01,code_n24_k12_cw3_024,q01,train,0.24,24,12,12,0.5,0.26,3,0.25,6.0,3.1666666666666665,3.0,9.0,3.0,0.0,3.0,3.0,2,44,468,12926,exact,2,0.0576,0.013823999999999998,0.0033177599999999995,0.1152,0.6082559999999999,1.5527116799999998,2.2761676799999995,1.1866743490521319
code_n24_k12_cw3_024_q02,code_n24_k12_cw3_024,q02,train,0.3,24,12,12,0.5,0.19999999999999996,3,0.25,6.0,3.1666666666666665,3.0,9.0,3.0,0.0,3.0,3.0,2,44,468,12926,exact,2,0.09,0.026999999999999996,0.0081,0.18,1.1879999999999997,3.7908,5.158799999999999,1.8178819533736266
code_n24_k12_cw3_024_q03,code_n24_k12_cw3_024,q03,train,0.36,24,12,12,0.5,0.14,3,0.25,6.0,3.1666666666666665,3.0,9.0,3.0,0.0,3.0,3.0,2,44,468,12926,exact,2,0.1296,0.046655999999999996,0.016796159999999997,0.2592,2.052864,7.860602879999999,10.17266688,2.4134703383887897
code_n24_k12_cw3_025_q00,code_n24_k12_cw3_025,q00,validation,0.18,24,12,12,0.5,0.32000000000000006,3,0.25,6.0,6.166666666666667,3.0,11.0,3.0,0.0,3.0,3.0,0,0,11,12926,exact,4,0.0324,0.0058319999999999995,0.0010497599999999998,0.0,0.0,0.011547359999999998,0.011547359999999998,0.011481198081718715
code_n24_k12_cw3_025_q01,code_n24_k12_cw3_025,q01,validation,0.24,24,12,12,0.5,0.26,3,0.25,6.0,6.166666666666667,3.0,11.0,3.0,0.0,3.0,3.0,0,0,11,12926,exact,4,0.0576,0.013823999999999998,0.0033177599999999995,0.0,0.0,0.03649535999999999,0.03649535999999999,0.03584517627972158
code_n24_k12_cw3_025_q02,code_n24_k12_cw3_025,q02,validation,0.3,24,12,12,0.5,0.19999999999999996,3,0.25,6.0,6.166666666666667,3.0,11.0,3.0,0.0,3.0,3.0,0,0,11,12926,exact,4,0.09,0.026999999999999996,0.0081,0.0,0.0,0.0891,0.0891,0.0853516670995037
code_n24_k12_cw3_025_q03,code_n24_k12_cw3_025,q03,validation,0.36,24,12,12,0.5,0.14,3,0.25,6.0,6.166666666666667,3.0,11.0,3.0,0.0,3.0,3.0,0,0,11,12926,exact,4,0.1296,0.046655999999999996,0.016796159999999997,0.0,0.0,0.18475775999999997,0.18475775999999997,0.1695383317491533
code_n24_k12_cw3_026_q00,code_n24_k12_cw3_026,q00,train,0.18,24,12,12,0.5,0.32000000000000006,3,0.25,6.0,6.166666666666667,3.0,11.0,3.0,0.0,3.0,3.0,1,22,239,12926,exact,2,0.0324,0.0058319999999999995,0.0010497599999999998,0.0324,0.128304,0.25089263999999994,0.41159663999999996,0.344721432538446
code_n24_k12_cw3_026_q01,code_n24_k12_cw3_026,q01,train,0.24,24,12,12,0.5,0.26,3,0.25,6.0,6.166666666666667,3.0,11.0,3.0,0.0,3.0,3.0,1,22,239,12926,exact,2,0.0576,0.013823999999999998,0.0033177599999999995,0.0576,0.30412799999999995,0.7929446399999999,1.1546726399999998,0.7676388048240694
code_n24_k12_cw3_026_q02,code_n24_k12_cw3_026,q02,train,0.3,24,12,12,0.5,0.19999999999999996,3,0.25,6.0,6.166666666666667,3.0,11.0,3.0,0.0,3.0,3.0,1,22,239,12926,exact,2,0.09,0.026999999999999996,0.0081,0.09,0.5939999999999999,1.9359,2.6199,1.2864464011467291
code_n24_k12_cw3_026_q03,code_n24_k12_cw3_026,q03,train,0.36,24,12,12,0.5,0.14,3,0.25,6.0,6.166666666666667,3.0,11.0,3.0,0.0,3.0,3.0,1,22,239,12926,exact,2,0.1296,0.046655999999999996,0.016796159999999997,0.1296,1.026432,4.014282239999999,5.170314239999999,1.8197497669283338
code_n24_k12_cw3_027_q00,code_n24_k12_cw3_027,q00,train,0.18,24,12,12,0.5,0.32000000000000006,3,0.25,6.0,2.3333333333333335,3.0,8.0,3.0,0.0,3.0,3.0,0,0,10,12926,exact,4,0.0324,0.0058319999999999995,0.0010497599999999998,0.0,0.0,0.0104976,0.0104976,0.010442882796867616
code_n24_k12_cw3_027_q01,code_n24_k12_cw3_027,q01,train,0.24,24,12,12,0.5,0.26,3,0.25,6.0,2.3333333333333335,3.0,8.0,3.0,0.0,3.0,3.0,0,0,10,12926,exact,4,0.0576,0.013823999999999998,0.0033177599999999995,0.0,0.0,0.033177599999999995,0.033177599999999995,0.0326391017877269
code_n24_k12_cw3_027_q02,code_n24_k12_cw3_027,q02,train,0.3,24,12,12,0.5,0.19999999999999996,3,0.25,6.0,2.3333333333333335,3.0,8.0,3.0,0.0,3.0,3.0,0,0,10,12926,exact,4,0.09,0.026999999999999996,0.0081,0.0,0.0,0.08099999999999999,0.08099999999999999,0.07788653865707122
code_n24_k12_cw3_027_q03,code_n24_k12_cw3_027,q03,train,0.36,24,12,12,0.5,0.14,3,0.25,6.0,2.3333333333333335,3.0,8.0,3.0,0.0,3.0,3.0,0,0,10,12926,exact,4,0.1296,0.046655999999999996,0.016796159999999997,0.0,0.0,0.1679616,0.1679616,0.15526000715325558
code_n24_k12_cw3_028_q00,code_n24_k12_cw3_028,q00,train,0.18,24,12,12,0.5,0.32000000000000006,3,0.25,6.0,4.166666666666667,4.0,10.0,3.0,0.0,3.0,3.0,1,22,235,12926,exact,2,0.0324,0.0058319999999999995,0.0010497599999999998,0.0324,0.128304,0.24669359999999996,0.40739759999999997,0.3417423252767245
code_n24_k12_cw3_028_q01,code_n24_k12_cw3_028,q01,train,0.24,24,12,12,0.5,0.26,3,0.25,6.0,4.166666666666667,4.0,10.0,3.0,0.0,3.0,3.0,1,22,235,12926,exact,2,0.0576,0.013823999999999998,0.0033177599999999995,0.0576,0.30412799999999995,0.7796735999999999,1.1414015999999998,0.7614605679164989
code_n24_k12_cw3_028_q02,code_n24_k12_cw3_028,q02,train,0.3,24,12,12,0.5,0.19999999999999996,3,0.25,6.0,4.166666666666667,4.0,10.0,3.0,0.0,3.0,3.0,1,22,235,12926,exact,2,0.09,0.026999999999999996,0.0081,0.09,0.5939999999999999,1.9035,2.5875,1.2774555810857395
code_n24_k12_cw3_028_q03,code_n24_k12_cw3_028,q03,train,0.36,24,12,12,0.5,0.14,3,0.25,6.0,4.166666666666667,4.0,10.0,3.0,0.0,3.0,3.0,1,22,235,12926,exact,2,0.1296,0.046655999999999996,0.016796159999999997,0.1296,1.026432,3.9470975999999993,5.103129599999999,1.8088016887948601
code_n24_k12_cw3_029_q00,code_n24_k12_cw3_029,q00,train,0.18,24,12,12,0.5,0.32000000000000006,3,0.25,6.0,8.833333333333334,2.0,14.0,3.0,0.0,3.0,3.0,0,0,9,12926,exact,4,0.0324,0.0058319999999999995,0.0010497599999999998,0.0,0.0,0.009447839999999999,0.009447839999999999,0.009403488292718807
code_n24_k12_cw3_029_q01,code_n24_k12_cw3_029,q01,train,0.24,24,12,12,0.5,0.26,3,0.25,6.0,8.833333333333334,2.0,14.0,3.0,0.0,3.0,3.0,0,0,9,12926,exact,4,0.0576,0.013823999999999998,0.0033177599999999995,0.0,0.0,0.029859839999999995,0.029859839999999995,0.029422715312235354
code_n24_k12_cw3_029_q02,code_n24_k12_cw3_029,q02,train,0.3,24,12,12,0.5,0.19999999999999996,3,0.25,6.0,8.833333333333334,2.0,14.0,3.0,0.0,3.0,3.0,0,0,9,12926,exact,4,0.09,0.026999999999999996,0.0081,0.0,0.0,0.07289999999999999,0.07289999999999999,0.07036526266056348
code_n24_k12_cw3_029_q03,code_n24_k12_cw3_029,q03,train,0.36,24,12,12,0.5,0.14,3,0.25,6.0,8.833333333333334,2.0,14.0,3.0,0.0,3.0,3.0,0,0,9,12926,exact,4,0.1296,0.046655999999999996,0.016796159999999997,0.0,0.0,0.15116543999999998,0.15116543999999998,0.14077485529257536
code_n24_k12_cw3_030_q00,code_n24_k12_cw3_030,q00,train,0.18,24,12,12,0.5,0.32000000000000006,3,0.25,6.0,3.3333333333333335,3.0,10.0,3.0,0.0,3.0,3.0,1,22,238,12926,exact,2,0.0324,0.0058319999999999995,0.0010497599999999998,0.0324,0.128304,0.24984287999999996,0.41054687999999995,0.343977487348574
code_n24_k12_cw3_030_q01,code_n24_k12_cw3_030,q01,train,0.24,24,12,12,0.5,0.26,3,0.25,6.0,3.3333333333333335,3.0,10.0,3.0,0.0,3.0,3.0,1,22,238,12926,exact,2,0.0576,0.013823999999999998,0.0033177599999999995,0.0576,0.30412799999999995,0.7896268799999999,1.15135488,0.7660978204057728
code_n24_k12_cw3_030_q02,code_n24_k12_cw3_030,q02,train,0.3,24,12,12,0.5,0.19999999999999996,3,0.25,6.0,3.3333333333333335,3.0,10.0,3.0,0.0,3.0,3.0,1,22,238,12926,exact,2,0.09,0.026999999999999996,0.0081,0.09,0.5939999999999999,1.9278,2.6117999999999997,1.2842062630361057
code_n24_k12_cw3_030_q03,code_n24_k12_cw3_030,q03,train,0.36,24,12,12,0.5,0.14,3,0.25,6.0,3.3333333333333335,3.0,10.0,3.0,0.0,3.0,3.0,1,22,238,12926,exact,2,0.1296,0.046655999999999996,0.016796159999999997,0.1296,1.026432,3.9974860799999994,5.15351808,1.8170239637912096
code_n24_k12_cw3_031_q00,code_n24_k12_cw3_031,q00,train,0.18,24,12,12,0.5,0.32000000000000006,3,0.25,6.0,5.333333333333333,1.0,9.0,3.0,0.0,3.0,3.0,1,22,240,12926,exact,2,0.0324,0.0058319999999999995,0.0010497599999999998,0.0324,0.128304,0.25194239999999996,0.41264639999999997,0.34546482468528067
code_n24_k12_cw3_031_q01,code_n24_k12_cw3_031,q01,train,0.24,24,12,12,0.5,0.26,3,0.25,6.0,5.333333333333333,1.0,9.0,3.0,0.0,3.0,3.0,1,22,240,12926,exact,2,0.0576,0.013823999999999998,0.0033177599999999995,0.0576,0.30412799999999995,0.7962623999999998,1.1579903999999996,0.7691774182625631
code_n24_k12_cw3_031_q02,code_n24_k12_cw3_031,q02,train,0.3,24,12,12,0.5,0.19999999999999996,3,0.25,6.0,5.333333333333333,1.0,9.0,3.0,0.0,3.0,3.0,1,22,240,12926,exact,2,0.09,0.026999999999999996,0.0081,0.09,0.5939999999999999,1.944,2.6279999999999997,1.2886815322528902
code_n24_k12_cw3_031_q03,code_n24_k12_cw3_031,q03,train,0.36,24,12,12,0.5,0.14,3,0.25,6.0,5.333333333333333,1.0,9.0,3.0,0.0,3.0,3.0,1,22,240,12926,exact,2,0.1296,0.046655999999999996,0.016796159999999997,0.1296,1.026432,4.031078399999999,5.187110399999999,1.8224681602558228
code_n24_k12_cw3_032_q00,code_n24_k12_cw3_032,q00,train,0.18,24,12,12,0.5,0.32000000000000006,3,0.25,6.0,4.333333333333333,2.0,9.0,3.0,0.0,3.0,3.0,0,0,11,12926,exact,4,0.0324,0.0058319999999999995,0.0010497599999999998,0.0,0.0,0.011547359999999998,0.011547359999999998,0.011481198081718715
code_n24_k12_cw3_032_q01,code_n24_k12_cw3_032,q01,train,0.24,24,12,12,0.5,0.26,3,0.25,6.0,4.333333333333333,2.0,9.0,3.0,0.0,3.0,3.0,0,0,11,12926,exact,4,0.0576,0.013823999999999998,0.0033177599999999995,0.0,0.0,0.03649535999999999,0.03649535999999999,0.03584517627972158
code_n24_k12_cw3_032_q02,code_n24_k12_cw3_032,q02,train,0.3,24,12,12,0.5,0.19999999999999996,3,0.25,6.0,4.333333333333333,2.0,9.0,3.0,0.0,3.0,3.0,0,0,11,12926,exact,4,0.09,0.026999999999999996,0.0081,0.0,0.0,0.0891,0.0891,0.0853516670995037
code_n24_k12_cw3_032_q03,code_n24_k12_cw3_032,q03,train,0.36,24,12,12,0.5,0.14,3,0.25,6.0,4.333333333333333,2.0,9.0,3.0,0.0,3.0,3.0,0,0,11,12926,exact,4,0.1296,0.046655999999999996,0.016796159999999997,0.0,0.0,0.18475775999999997,0.18475775999999997,0.1695383317491533
code_n24_k12_cw3_033_q00,code_n24_k12_cw3_033,q00,train,0.18,24,12,12,0.5,0.32000000000000006,3,0.25,6.0,10.333333333333334,2.0,12.0,3.0,0.0,3.0,3.0,3,66,702,12926,exact,2,0.0324,0.0058319999999999995,0.0010497599999999998,0.0972,0.384912,0.7369315199999998,1.2190435199999998,0.7970762561961706
code_n24_k12_cw3_033_q01,code_n24_k12_cw3_033,q01,train,0.24,24,12,12,0.5,0.26,3,0.25,6.0,10.333333333333334,2.0,12.0,3.0,0.0,3.0,3.0,3,66,702,12926,exact,2,0.0576,0.013823999999999998,0.0033177599999999995,0.1728,0.9123839999999999,2.3290675199999997,3.4142515199999997,1.4848382885400666
code_n24_k12_cw3_033_q02,code_n24_k12_cw3_033,q02,train,0.3,24,12,12,0.5,0.19999999999999996,3,0.25,6.0,10.333333333333334,2.0,12.0,3.0,0.0,3.0,3.0,3,66,702,12926,exact,2,0.09,0.026999999999999996,0.0081,0.27,1.7819999999999998,5.6861999999999995,7.738199999999999,2.1677042188001505
code_n24_k12_cw3_033_q03,code_n24_k12_cw3_033,q03,train,0.36,24,12,12,0.5,0.14,3,0.25,6.0,10.333333333333334,2.0,12.0,3.0,0.0,3.0,3.0,3,66,702,12926,exact,2,0.1296,0.046655999999999996,0.016796159999999997,0.3888,3.079296,11.790904319999997,15.259000319999997,2.788646621294825
code_n24_k12_cw3_034_q00,code_n24_k12_cw3_034,q00,validation,0.18,24,12,12,0.5,0.32000000000000006,3,0.25,6.0,3.8333333333333335,3.0,9.0,3.0,0.0,3.0,3.0,2,44,469,12926,exact,2,0.0324,0.0058319999999999995,0.0010497599999999998,0.0648,0.256608,0.4923374399999999,0.8137454399999999,0.5953940110849126
code_n24_k12_cw3_034_q01,code_n24_k12_cw3_034,q01,validation,0.24,24,12,12,0.5,0.26,3,0.25,6.0,3.8333333333333335,3.0,9.0,3.0,0.0,3.0,3.0,2,44,469,12926,exact,2,0.0576,0.013823999999999998,0.0033177599999999995,0.1152,0.6082559999999999,1.5560294399999997,2.2794854399999993,1.1876865320406234
code_n24_k12_cw3_034_q02,code_n24_k12_cw3_034,q02,validation,0.3,24,12,12,0.5,0.19999999999999996,3,0.25,6.0,3.8333333333333335,3.0,9.0,3.0,0.0,3.0,3.0,2,44,469,12926,exact,2,0.09,0.026999999999999996,0.0081,0.18,1.1879999999999997,3.7988999999999997,5.166899999999999,1.8191962805381743
code_n24_k12_cw3_034_q03,code_n24_k12_cw3_034,q03,validation,0.36,24,12,12,0.5,0.14,3,0.25,6.0,3.8333333333333335,3.0,9.0,3.0,0.0,3.0,3.0,2,44,469,12926,exact,2,0.1296,0.046655999999999996,0.016796159999999997,0.2592,2.052864,7.8773990399999985,10.189463039999998,2.4149725354709637
code_n24_k12_cw3_035_q00,code_n24_k12_cw3_035,q00,train,0.18,24,12,12,0.5,0.32000000000000006,3,0.25,6.0,6.333333333333333,1.0,10.0,3.0,0.0,3.0,3.0,1,22,241,12926,exact,2,0.0324,0.0058319999999999995,0.0010497599999999998,0.0324,0.128304,0.25299215999999997,0.41369616,0.346207664610723
code_n24_k12_cw3_035_q01,code_n24_k12_cw3_035,q01,train,0.24,24,12,12,0.5,0.26,3,0.25,6.0,6.333333333333333,1.0,10.0,3.0,0.0,3.0,3.0,1,22,241,12926,exact,2,0.0576,0.013823999999999998,0.0033177599999999995,0.0576,0.30412799999999995,0.7995801599999999,1.16130816,0.7707136680060912
code_n24_k12_cw3_035_q02,code_n24_k12_cw3_035,q02,train,0.3,24,12,12,0.5,0.19999999999999996,3,0.25,6.0,6.333333333333333,1.0,10.0,3.0,0.0,3.0,3.0,1,22,241,12926,exact,2,0.09,0.026999999999999996,0.0081,0.09,0.5939999999999999,1.9521,2.6361,1.2909116786873136
code_n24_k12_cw3_035_q03,code_n24_k12_cw3_035,q03,train,0.36,24,12,12,0.5,0.14,3,0.25,6.0,6.333333333333333,1.0,10.0,3.0,0.0,3.0,3.0,1,22,241,12926,exact,2,0.1296,0.046655999999999996,0.016796159999999997,0.1296,1.026432,4.0478745599999995,5.203906559999999,1.8251791839500646
code_n24_k12_cw3_036_q00,code_n24_k12_cw3_036,q00,train,0.18,24,12,12,0.5,0.32000000000000006,3,0.25,6.0,2.5,3.0,9.0,3.0,0.0,3.0,3.0,0,0,9,12926,exact,4,0.0324,0.0058319999999999995,0.0010497599999999998,0.0,0.0,0.009447839999999999,0.009447839999999999,0.009403488292718807
code_n24_k12_cw3_036_q01,code_n24_k12_cw3_036,q01,train,0.24,24,12,12,0.5,0.26,3,0.25,6.0,2.5,3.0,9.0,3.0,0.0,3.0,3.0,0,0,9,12926,exact,4,0.0576,0.013823999999999998,0.0033177599999999995,0.0,0.0,0.029859839999999995,0.029859839999999995,0.029422715312235354
code_n24_k12_cw3_036_q02,code_n24_k12_cw3_036,q02,train,0.3,24,12,12,0.5,0.19999999999999996,3,0.25,6.0,2.5,3.0,9.0,3.0,0.0,3.0,3.0,0,0,9,12926,exact,4,0.09,0.026999999999999996,0.0081,0.0,0.0,0.07289999999999999,0.07289999999999999,0.07036526266056348
code_n24_k12_cw3_036_q03,code_n24_k12_cw3_036,q03,train,0.36,24,12,12,0.5,0.14,3,0.25,6.0,2.5,3.0,9.0,3.0,0.0,3.0,3.0,0,0,9,12926,exact,4,0.1296,0.046655999999999996,0.016796159999999997,0.0,0.0,0.15116543999999998,0.15116543999999998,0.14077485529257536
code_n24_k12_cw3_037_q00,code_n24_k12_cw3_037,q00,validation,0.18,24,12,12,0.5,0.32000000000000006,3,0.25,6.0,5.666666666666667,2.0,9.0,3.0,0.0,3.0,3.0,2,44,474,12926,exact,2,0.0324,0.0058319999999999995,0.0010497599999999998,0.0648,0.256608,0.4975862399999999,0.8189942399999999,0.5982837329559303
code_n24_k12_cw3_037_q01,code_n24_k12_cw3_037,q01,validation,0.24,24,12,12,0.5,0.26,3,0.25,6.0,5.666666666666667,2.0,9.0,3.0,0.0,3.0,3.0,2,44,474,12926,exact,2,0.0576,0.013823999999999998,0.0033177599999999995,0.1152,0.6082559999999999,1.5726182399999997,2.2960742399999994,1.1927321360654022
code_n24_k12_cw3_037_q02,code_n24_k12_cw3_037,q02,validation,0.3,24,12,12,0.5,0.19999999999999996,3,0.25,6.0,5.666666666666667,2.0,9.0,3.0,0.0,3.0,3.0,2,44,474,12926,exact,2,0.09,0.026999999999999996,0.0081,0.18,1.1879999999999997,3.8394,5.2074,1.825742128725519
code_n24_k12_cw3_037_q03,code_n24_k12_cw3_037,q03,validation,0.36,24,12,12,0.5,0.14,3,0.25,6.0,5.666666666666667,2.0,9.0,3.0,0.0,3.0,3.0,2,44,474,12926,exact,2,0.1296,0.046655999999999996,0.016796159999999997,0.2592,2.052864,7.961379839999998,10.273443839999999,2.4224498572380178
code_n24_k12_cw3_038_q00,code_n24_k12_cw3_038,q00,test,0.18,24,12,12,0.5,0.32000000000000006,3,0.25,6.0,7.666666666666667,1.0,10.0,3.0,0.0,3.0,3.0,4,88,930,12926,exact,2,0.0324,0.0058319999999999995,0.0010497599999999998,0.1296,0.513216,0.9762767999999998,1.6190927999999998,0.9628279982693435
code_n24_k12_cw3_038_q01,code_n24_k12_cw3_038,q01,test,0.24,24,12,12,0.5,0.26,3,0.25,6.0,7.666666666666667,1.0,10.0,3.0,0.0,3.0,3.0,4,88,930,12926,exact,2,0.0576,0.013823999999999998,0.0033177599999999995,0.2304,1.2165119999999998,3.0855167999999993,4.532428799999999,1.7106269234522127
code_n24_k12_cw3_038_q02,code_n24_k12_cw3_038,q02,test,0.3,24,12,12,0.5,0.19999999999999996,3,0.25,6.0,7.666666666666667,1.0,10.0,3.0,0.0,3.0,3.0,4,88,930,12926,exact,2,0.09,0.026999999999999996,0.0081,0.36,2.3759999999999994,7.5329999999999995,10.268999999999998,2.4220555929702123
code_n24_k12_cw3_038_q03,code_n24_k12_cw3_038,q03,test,0.36,24,12,12,0.5,0.14,3,0.25,6.0,7.666666666666667,1.0,10.0,3.0,0.0,3.0,3.0,4,88,930,12926,exact,2,0.1296,0.046655999999999996,0.016796159999999997,0.5184,4.105728,15.620428799999997,20.244556799999998,3.056100711970025
code_n24_k12_cw3_039_q00,code_n24_k12_cw3_039,q00,train,0.18,24,12,12,0.5,0.32000000000000006,3,0.25,6.0,5.166666666666667,2.0,11.0,3.0,0.0,3.0,3.0,0,0,10,12926,exact,4,0.0324,0.0058319999999999995,0.0010497599999999998,0.0,0.0,0.0104976,0.0104976,0.010442882796867616
code_n24_k12_cw3_039_q01,code_n24_k12_cw3_039,q01,train,0.24,24,12,12,0.5,0.26,3,0.25,6.0,5.166666666666667,2.0,11.0,3.0,0.0,3.0,3.0,0,0,10,12926,exact,4,0.0576,0.013823999999999998,0.0033177599999999995,0.0,0.0,0.033177599999999995,0.033177599999999995,0.0326391017877269
code_n24_k12_cw3_039_q02,code_n24_k12_cw3_039,q02,train,0.3,24,12,12,0.5,0.19999999999999996,3,0.25,6.0,5.166666666666667,2.0,11.0,3.0,0.0,3.0,3.0,0,0,10,12926,exact,4,0.09,0.026999999999999996,0.0081,0.0,0.0,0.08099999999999999,0.08099999999999999,0.07788653865707122
code_n24_k12_cw3_039_q03,code_n24_k12_cw3_039,q03,train,0.36,24,12,12,0.5,0.14,3,0.25,6.0,5.166666666666667,2.0,11.0,3.0,0.0,3.0,3.0,0,0,10,12926,exact,4,0.1296,0.046655999999999996,0.016796159999999997,0.0,0.0,0.1679616,0.1679616,0.15526000715325558
code_n24_k12_cw3_040_q00,code_n24_k12_cw3_040,q00,train,0.18,24,12,12,0.5,0.32000000000000006,3,0.25,6.0,4.5,3.0,10.0,3.0,0.0,3.0,3.0,2,44,468,12926,exact,2,0.0324,0.0058319999999999995,0.0010497599999999998,0.0648,0.256608,0.49128767999999995,0.81269568,0.5948150632985929
code_n24_k12_cw3_040_q01,code_n24_k12_cw3_040,q01,train,0.24,24,12,12,0.5,0.26,3,0.25,6.0,4.5,3.0,10.0,3.0,0.0,3.0,3.0,2,44,468,12926,exact,2,0.0576,0.013823999999999998,0.0033177599999999995,0.1152,0.6082559999999999,1.5527116799999998,2.2761676799999995,1.1866743490521319
code_n24_k12_cw3_040_q02,code_n24_k12_cw3_040,q02,train,0.3,24,12,12,0.5,0.19999999999999996,3,0.25,6.0,4.5,3.0,10.0,3.0,0.0,3.0,3.0,2,44,468,12926,exact,2,0.09,0.026999999999999996,0.0081,0.18,1.1879999999999997,3.7908,5.158799999999999,1.8178819533736266
code_n24_k12_cw3_040_q03,code_n24_k12_cw3_040,q03,train,0.36,24,12,12,0.5,0.14,3,0.25,6.0,4.5,3.0,10.0,3.0,0.0,3.0,3.0,2,44,468,12926,exact,2,0.1296,0.046655999999999996,0.016796159999999997,0.2592,2.052864,7.860602879999999,10.17266688,2.4134703383887897
code_n24_k12_cw3_041_q00,code_n24_k12_cw3_041,q00,train,0.18,24,12,12,0.5,0.32000000000000006,3,0.25,6.0,3.6666666666666665,2.0,9.0,3.0,0.0,3.0,3.0,0,0,12,12926,exact,4,0.0324,0.0058319999999999995,0.0010497599999999998,0.0,0.0,0.012597119999999998,0.012597119999999998,0.012518436386087699
code_n24_k12_cw3_041_q01,code_n24_k12_cw3_041,q01,train,0.24,24,12,12,0.5,0.26,3,0.25,6.0,3.6666666666666665,2.0,9.0,3.0,0.0,3.0,3.0,0,0,12,12926,exact,4,0.0576,0.013823999999999998,0.0033177599999999995,0.0,0.0,0.039813119999999994,0.039813119999999994,0.03904100469899195
code_n24_k12_cw3_041_q02,code_n24_k12_cw3_041,q02,train,0.3,24,12,12,0.5,0.19999999999999996,3,0.25,6.0,3.6666666666666665,2.0,9.0,3.0,0.0,3.0,3.0,0,0,12,12926,exact,4,0.09,0.026999999999999996,0.0081,0.0,0.0,0.0972,0.0972,0.0927614800813111
code_n24_k12_cw3_041_q03,code_n24_k12_cw3_041,q03,train,0.36,24,12,12,0.5,0.14,3,0.25,6.0,3.6666666666666665,2.0,9.0,3.0,0.0,3.0,3.0,0,0,12,12926,exact,4,0.1296,0.046655999999999996,0.016796159999999997,0.0,0.0,0.20155391999999997,0.20155391999999997,0.18361565242422082
code_n24_k12_cw3_042_q00,code_n24_k12_cw3_042,q00,validation,0.18,24,12,12,0.5,0.32000000000000006,3,0.25,6.0,4.333333333333333,2.0,9.0,3.0,0.0,3.0,3.0,1,22,244,12926,exact,2,0.0324,0.0058319999999999995,0.0010497599999999998,0.0324,0.128304,0.25614143999999994,0.41684543999999996,0.3484328792477328
code_n24_k12_cw3_042_q01,code_n24_k12_cw3_042,q01,validation,0.24,24,12,12,0.5,0.26,3,0.25,6.0,4.333333333333333,2.0,9.0,3.0,0.0,3.0,3.0,1,22,244,12926,exact,2,0.0576,0.013823999999999998,0.0033177599999999995,0.0576,0.30412799999999995,0.8095334399999998,1.1712614399999999,0.7753083074136438
code_n24_k12_cw3_042_q02,code_n24_k12_cw3_042,q02,validation,0.3,24,12,12,0.5,0.19999999999999996,3,0.25,6.0,4.333333333333333,2.0,9.0,3.0,0.0,3.0,3.0,1,22,244,12926,exact,2,0.09,0.026999999999999996,0.0081,0.09,0.5939999999999999,1.9764,2.6603999999999997,1.297572431059086
code_n24_k12_cw3_042_q03,code_n24_k12_cw3_042,q03,validation,0.36,24,12,12,0.5,0.14,3,0.25,6.0,4.333333333333333,2.0,9.0,3.0,0.0,3.0,3.0,1,22,244,12926,exact,2,0.1296,0.046655999999999996,0.016796159999999997,0.1296,1.026432,4.098263039999999,5.254295039999999,1.8332684341301144
code_n24_k12_cw3_043_q00,code_n24_k12_cw3_043,q00,train,0.18,24,12,12,0.5,0.32000000000000006,3,0.25,6.0,4.666666666666667,2.0,10.0,3.0,0.0,3.0,3.0,1,22,237,12926,exact,2,0.0324,0.0058319999999999995,0.0010497599999999998,0.0324,0.128304,0.24879311999999995,0.40949711999999994,0.34323298829218457
code_n24_k12_cw3_043_q01,code_n24_k12_cw3_043,q01,train,0.24,24,12,12,0.5,0.26,3,0.25,6.0,4.666666666666667,2.0,10.0,3.0,0.0,3.0,3.0,1,22,237,12926,exact,2,0.0576,0.013823999999999998,0.0033177599999999995,0.0576,0.30412799999999995,0.7863091199999999,1.1480371199999997,0.7645544576891063
code_n24_k12_cw3_043_q02,code_n24_k12_cw3_043,q02,train,0.3,24,12,12,0.5,0.19999999999999996,3,0.25,6.0,4.666666666666667,2.0,10.0,3.0,0.0,3.0,3.0,1,22,237,12926,exact,2,0.09,0.026999999999999996,0.0081,0.09,0.5939999999999999,1.9197,2.6037,1.2819610954378728
code_n24_k12_cw3_043_q03,code_n24_k12_cw3_043,q03,train,0.36,24,12,12,0.5,0.14,3,0.25,6.0,4.666666666666667,2.0,10.0,3.0,0.0,3.0,3.0,1,22,237,12926,exact,2,0.1296,0.046655999999999996,0.016796159999999997,0.1296,1.026432,3.980689919999999,5.136721919999999,1.814290710338624
code_n24_k12_cw3_044_q00,code_n24_k12_cw3_044,q00,train,0.18,24,12,12,0.5,0.32000000000000006,3,0.25,6.0,2.1666666666666665,4.0,9.0,3.0,0.0,3.0,3.0,1,22,234,12926,exact,2,0.0324,0.0058319999999999995,0.0010497599999999998,0.0324,0.128304,0.24564383999999997,0.40634784,0.34099615966146857
code_n24_k12_cw3_044_q01,code_n24_k12_cw3_044,q01,train,0.24,24,12,12,0.5,0.26,3,0.25,6.0,2.1666666666666665,4.0,9.0,3.0,0.0,3.0,3.0,1,22,234,12926,exact,2,0.0576,0.013823999999999998,0.0033177599999999995,0.0576,0.30412799999999995,0.7763558399999999,1.1380838399999997,0.7599100260528922
code_n24_k12_cw3_044_q02,code_n24_k12_cw3_044,q02,train,0.3,24,12,12,0.5,0.19999999999999996,3,0.25,6.0,2.1666666666666665,4.0,9.0,3.0,0.0,3.0,3.0,1,22,234,12926,exact,2,0.09,0.026999999999999996,0.0081,0.09,0.5939999999999999,1.8954,2.5793999999999997,1.2751951886011708
code_n24_k12_cw3_044_q03,code_n24_k12_cw3_044,q03,train,0.36,24,12,12,0.5,0.14,3,0.25,6.0,2.1666666666666665,4.0,9.0,3.0,0.0,3.0,3.0,1,22,234,12926,exact,2,0.1296,0.046655999999999996,0.016796159999999997,0.1296,1.026432,3.9303014399999996,5.08633344,1.8060458380120898
code_n24_k12_cw3_045_q00,code_n24_k12_cw3_045,q00,train,0.18,24,12,12,0.5,0.32000000000000006,3,0.25,6.0,2.0,4.0,9.0,3.0,0.0,3.0,3.0,2,44,466,12926,exact,2,0.0324,0.0058319999999999995,0.0010497599999999998,0.0648,0.256608,0.4891881599999999,0.81059616,0.5936561612130348
code_n24_k12_cw3_045_q01,code_n24_k12_cw3_045,q01,train,0.24,24,12,12,0.5,0.26,3,0.25,6.0,2.0,4.0,9.0,3.0,0.0,3.0,3.0,2,44,466,12926,exact,2,0.0576,0.013823999999999998,0.0033177599999999995,0.1152,0.6082559999999999,1.5460761599999997,2.26953216,1.1846469043372336
code_n24_k12_cw3_045_q02,code_n24_k12_cw3_045,q02,train,0.3,24,12,12,0.5,0.19999999999999996,3,0.25,6.0,2.0,4.0,9.0,3.0,0.0,3.0,3.0,2,44,466,12926,exact,2,0.09,0.026999999999999996,0.0081,0.18,1.1879999999999997,3.7746,5.1426,1.8152481052969591
code_n24_k12_cw3_045_q03,code_n24_k12_cw3_045,q03,train,0.36,24,12,12,0.5,0.14,3,0.25,6.0,2.0,4.0,9.0,3.0,0.0,3.0,3.0,2,44,466,12926,exact,2,0.1296,0.046655999999999996,0.016796159999999997,0.2592,2.052864,7.827010559999999,10.13907456,2.410459157439717
code_n24_k12_cw3_046_q00,code_n24_k12_cw3_046,q00,validation,0.18,24,12,12,0.5,0.32000000000000006,3,0.25,6.0,3.0,3.0,10.0,3.0,0.0,3.0,3.0,0,0,5,12926,exact,4,0.0324,0.0058319999999999995,0.0010497599999999998,0.0,0.0,0.0052488,0.0052488,0.005235073061631587
code_n24_k12_cw3_046_q01,code_n24_k12_cw3_046,q01,validation,0.24,24,12,12,0.5,0.26,3,0.25,6.0,3.0,3.0,10.0,3.0,0.0,3.0,3.0,0,0,5,12926,exact,4,0.0576,0.013823999999999998,0.0033177599999999995,0.0,0.0,0.016588799999999997,0.016588799999999997,0.01645270885409976
code_n24_k12_cw3_046_q02,code_n24_k12_cw3_046,q02,validation,0.3,24,12,12,0.5,0.19999999999999996,3,0.25,6.0,3.0,3.0,10.0,3.0,0.0,3.0,3.0,0,0,5,12926,exact,4,0.09,0.026999999999999996,0.0081,0.0,0.0,0.040499999999999994,0.040499999999999994,0.03970136685155206
code_n24_k12_cw3_046_q03,code_n24_k12_cw3_046,q03,validation,0.36,24,12,12,0.5,0.14,3,0.25,6.0,3.0,3.0,10.0,3.0,0.0,3.0,3.0,0,0,5,12926,exact,4,0.1296,0.046655999999999996,0.016796159999999997,0.0,0.0,0.0839808,0.0839808,0.08064019068347023
code_n24_k12_cw3_047_q00,code_n24_k12_cw3_047,q00,train,0.18,24,12,12,0.5,0.32000000000000006,3,0.25,6.0,3.3333333333333335,3.0,9.0,3.0,0.0,3.0,3.0,1,22,238,12926,exact,2,0.0324,0.0058319999999999995,0.0010497599999999998,0.0324,0.128304,0.24984287999999996,0.41054687999999995,0.343977487348574
code_n24_k12_cw3_047_q01,code_n24_k12_cw3_047,q01,train,0.24,24,12,12,0.5,0.26,3,0.25,6.0,3.3333333333333335,3.0,9.0,3.0,0.0,3.0,3.0,1,22,238,12926,exact,2,0.0576,0.013823999999999998,0.0033177599999999995,0.0576,0.30412799999999995,0.7896268799999999,1.15135488,0.7660978204057728
code_n24_k12_cw3_047_q02,code_n24_k12_cw3_047,q02,train,0.3,24,12,12,0.5,0.19999999999999996,3,0.25,6.0,3.3333333333333335,3.0,9.0,3.0,0.0,3.0,3.0,1,22,238,12926,exact,2,0.09,0.026999999999999996,0.0081,0.09,0.5939999999999999,1.9278,2.6117999999999997,1.2842062630361057
code_n24_k12_cw3_047_q03,code_n24_k12_cw3_047,q03,train,0.36,24,12,12,0.5,0.14,3,0.25,6.0,3.3333333333333335,3.0,9.0,3.0,0.0,3.0,3.0,1,22,238,12926,exact,2,0.1296,0.046655999999999996,0.016796159999999997,0.1296,1.026432,3.9974860799999994,5.15351808,1.8170239637912096
code_n24_k12_cw3_048_q00,code_n24_k12_cw3_048,q00,train,0.18,24,12,12,0.5,0.32000000000000006,3,0.25,6.0,6.166666666666667,1.0,10.0,3.0,0.0,3.0,3.0,2,44,465,12926,exact,2,0.0324,0.0058319999999999995,0.0010497599999999998,0.0648,0.256608,0.4881383999999999,0.8095463999999999,0.5930762061355619
code_n24_k12_cw3_048_q01,code_n24_k12_cw3_048,q01,train,0.24,24,12,12,0.5,0.26,3,0.25,6.0,6.166666666666667,1.0,10.0,3.0,0.0,3.0,3.0,2,44,465,12926,exact,2,0.0576,0.013823999999999998,0.0033177599999999995,0.1152,0.6082559999999999,1.5427583999999996,2.2662143999999995,1.1836316384438799
code_n24_k12_cw3_048_q02,code_n24_k12_cw3_048,q02,train,0.3,24,12,12,0.5,0.19999999999999996,3,0.25,6.0,6.166666666666667,1.0,10.0,3.0,0.0,3.0,3.0,2,44,465,12926,exact,2,0.09,0.026999999999999996,0.0081,0.18,1.1879999999999997,3.7664999999999997,5.134499999999999,1.8139285752491003
code_n24_k12_cw3_048_q03,code_n24_k12_cw3_048,q03,train,0.36,24,12,12,0.5,0.14,3,0.25,6.0,6.166666666666667,1.0,10.0,3.0,0.0,3.0,3.0,2,44,465,12926,exact,2,0.1296,0.046655999999999996,0.016796159999999997,0.2592,2.052864,7.810214399999999,10.122278399999999,2.4089501599212504
code_n24_k12_cw3_049_q00,code_n24_k12_cw3_049,q00,validation,0.18,24,12,12,0.5,0.32000000000000006,3,0.25,6.0,7.166666666666667,2.0,11.0,3.0,0.0,3.0,3.0,1,22,243,12926,exact,2,0.0324,0.0058319999999999995,0.0010497599999999998,0.0324,0.128304,0.25509168,0.41579568,0.3476916910748675
code_n24_k12_cw3_049_q01,code_n24_k12_cw3_049,q01,validation,0.24,24,12,12,0.5,0.26,3,0.25,6.0,7.166666666666667,2.0,11.0,3.0,0.0,3.0,3.0,1,22,243,12926,exact,2,0.0576,0.013823999999999998,0.0033177599999999995,0.0576,0.30412799999999995,0.8062156799999999,1.1679436799999998,0.7737791053801907
code_n24_k12_cw3_049_q02,code_n24_k12_cw3_049,q02,validation,0.3,24,12,12,0.5,0.19999999999999996,3,0.25,6.0,7.166666666666667,2.0,11.0,3.0,0.0,3.0,3.0,1,22,243,12926,exact,2,0.09,0.026999999999999996,0.0081,0.09,0.5939999999999999,1.9683,2.6523,1.2953571061277547
code_n24_k12_cw3_049_q03,code_n24_k12_cw3_049,q03,validation,0.36,24,12,12,0.5,0.14,3,0.25,6.0,7.166666666666667,2.0,11.0,3.0,0.0,3.0,3.0,1,22,243,12926,exact,2,0.1296,0.046655999999999996,0.016796159999999997,0.1296,1.026432,4.08146688,5.2374988799999995,1.8305792815185027
code_n24_k12_cw3_050_q00,code_n24_k12_cw3_050,q00,train,0.18,24,12,12,0.5,0.32000000000000006,3,0.25,6.0,7.666666666666667,2.0,10.0,3.0,0.0,3.0,3.0,2,44,478,12926,exact,2,0.0324,0.0058319999999999995,0.0010497599999999998,0.0648,0.256608,0.5017852799999999,0.8231932799999999,0.6005895131154275
code_n24_k12_cw3_050_q01,code_n24_k12_cw3_050,q01,train,0.24,24,12,12,0.5,0.26,3,0.25,6.0,7.666666666666667,2.0,10.0,3.0,0.0,3.0,3.0,2,44,478,12926,exact,2,0.0576,0.013823999999999998,0.0033177599999999995,0.1152,0.6082559999999999,1.5858892799999997,2.3093452799999996,1.1967503692196222
code_n24_k12_cw3_050_q02,code_n24_k12_cw3_050,q02,train,0.3,24,12,12,0.5,0.19999999999999996,3,0.25,6.0,7.666666666666667,2.0,10.0,3.0,0.0,3.0,3.0,2,44,478,12926,exact,2,0.09,0.026999999999999996,0.0081,0.18,1.1879999999999997,3.8718,5.2398,1.8309481305856317
code_n24_k12_cw3_050_q03,code_n24_k12_cw3_050,q03,train,0.36,24,12,12,0.5,0.14,3,0.25,6.0,7.666666666666667,2.0,10.0,3.0,0.0,3.0,3.0,2,44,478,12926,exact,2,0.1296,0.046655999999999996,0.016796159999999997,0.2592,2.052864,8.028564479999998,10.340628479999998,2.428391718280645
code_n24_k12_cw3_051_q00,code_n24_k12_cw3_051,q00,validation,0.18,24,12,12,0.5,0.32000000000000006,3,0.25,6.0,7.5,1.0,12.0,3.0,0.0,3.0,3.0,2,44,471,12926,exact,2,0.0324,0.0058319999999999995,0.0010497599999999998,0.0648,0.256608,0.4944369599999999,0.81584496,0.5965509020851566
code_n24_k12_cw3_051_q01,code_n24_k12_cw3_051,q01,validation,0.24,24,12,12,0.5,0.26,3,0.25,6.0,7.5,1.0,12.0,3.0,0.0,3.0,3.0,2,44,471,12926,exact,2,0.0576,0.013823999999999998,0.0033177599999999995,0.1152,0.6082559999999999,1.5626649599999998,2.28612096,1.1897078296496906
code_n24_k12_cw3_051_q02,code_n24_k12_cw3_051,q02,validation,0.3,24,12,12,0.5,0.19999999999999996,3,0.25,6.0,7.5,1.0,12.0,3.0,0.0,3.0,3.0,2,44,471,12926,exact,2,0.09,0.026999999999999996,0.0081,0.18,1.1879999999999997,3.8150999999999997,5.1831,1.8218197638242628
code_n24_k12_cw3_051_q03,code_n24_k12_cw3_051,q03,validation,0.36,24,12,12,0.5,0.14,3,0.25,6.0,7.5,1.0,12.0,3.0,0.0,3.0,3.0,2,44,471,12926,exact,2,0.1296,0.046655999999999996,0.016796159999999997,0.2592,2.052864,7.910991359999999,10.223055359999998,2.4179701767493875
code_n24_k12_cw3_052_q00,code_n24_k12_cw3_052,q00,train,0.18,24,12,12,0.5,0.32000000000000006,3,0.25,6.0,1.8333333333333333,4.0,9.0,3.0,0.0,3.0,3.0,2,44,462,12926,exact,2,0.0324,0.0058319999999999995,0.0010497599999999998,0.0648,0.256608,0.48498911999999994,0.80639712,0.591334320080723
code_n24_k12_cw3_052_q01,code_n24_k12_cw3_052,q01,train,0.24,24,12,12,0.5,0.26,3,0.25,6.0,1.8333333333333333,4.0,9.0,3.0,0.0,3.0,3.0,2,44,462,12926,exact,2,0.0576,0.013823999999999998,0.0033177599999999995,0.1152,0.6082559999999999,1.5328051199999997,2.2562611199999996,1.1805796414849181
code_n24_k12_cw3_052_q02,code_n24_k12_cw3_052,q02,train,0.3,24,12,12,0.5,0.19999999999999996,3,0.25,6.0,1.8333333333333333,4.0,9.0,3.0,0.0,3.0,3.0,2,44,462,12926,exact,2,0.09,0.026999999999999996,0.0081,0.18,1.1879999999999997,3.7422,5.1102,1.8099595058720062
code_n24_k12_cw3_052_q03,code_n24_k12_cw3_052,q03,train,0.36,24,12,12,0.5,0.14,3,0.25,6.0,1.8333333333333333,4.0,9.0,3.0,0.0,3.0,3.0,2,44,462,12926,exact,2,0.1296,0.046655999999999996,0.016796159999999997,0.2592,2.052864,7.759825919999999,10.071889919999998,2.4044094566293577
code_n24_k12_cw3_053_q00,code_n24_k12_cw3_053,q00,train,0.18,24,12,12,0.5,0.32000000000000006,3,0.25,6.0,5.166666666666667,2.0,10.0,3.0,0.0,3.0,3.0,0,0,14,12926,exact,4,0.0324,0.0058319999999999995,0.0010497599999999998,0.0,0.0,0.014696639999999997,0.014696639999999997,0.014589690973873798
code_n24_k12_cw3_053_q01,code_n24_k12_cw3_053,q01,train,0.24,24,12,12,0.5,0.26,3,0.25,6.0,5.166666666666667,2.0,10.0,3.0,0.0,3.0,3.0,0,0,14,12926,exact,4,0.0576,0.013823999999999998,0.0033177599999999995,0.0,0.0,0.04644863999999999,0.04644863999999999,0.04540218382091578
code_n24_k12_cw3_053_q02,code_n24_k12_cw3_053,q02,train,0.3,24,12,12,0.5,0.19999999999999996,3,0.25,6.0,5.166666666666667,2.0,10.0,3.0,0.0,3.0,3.0,0,0,14,12926,exact,4,0.09,0.026999999999999996,0.0081,0.0,0.0,0.1134,0.1134,0.10741839676727034
code_n24_k12_cw3_053_q03,code_n24_k12_cw3_053,q03,train,0.36,24,12,12,0.5,0.14,3,0.25,6.0,5.166666666666667,2.0,10.0,3.0,0.0,3.0,3.0,0,0,14,12926,exact,4,0.1296,0.046655999999999996,0.016796159999999997,0.0,0.0,0.23514623999999995,0.23514623999999995,0.21118937602514545
code_n24_k12_cw3_054_q00,code_n24_k12_cw3_054,q00,train,0.18,24,12,12,0.5,0.32000000000000006,3,0.25,6.0,4.0,4.0,10.0,3.0,0.0,3.0,3.0,0,0,8,12926,exact,4,0.0324,0.0058319999999999995,0.0010497599999999998,0.0,0.0,0.008398079999999999,0.008398079999999999,0.008363012323468396
code_n24_k12_cw3_054_q01,code_n24_k12_cw3_054,q01,train,0.24,24,12,12,0.5,0.26,3,0.25,6.0,4.0,4.0,10.0,3.0,0.0,3.0,3.0,0,0,8,12926,exact,4,0.0576,0.013823999999999998,0.0033177599999999995,0.0,0.0,0.026542079999999996,0.026542079999999996,0.02619595030443698
code_n24_k12_cw3_054_q02,code_n24_k12_cw3_054,q02,train,0.3,24,12,12,0.5,0.19999999999999996,3,0.25,6.0,4.0,4.0,10.0,3.0,0.0,3.0,3.0,0,0,8,12926,exact,4,0.09,0.026999999999999996,0.0081,0.0,0.0,0.0648,0.0648,0.06278698809876482
code_n24_k12_cw3_054_q03,code_n24_k12_cw3_054,q03,train,0.36,24,12,12,0.5,0.14,3,0.25,6.0,4.0,4.0,10.0,3.0,0.0,3.0,3.0,0,0,8,12926,exact,4,0.1296,0.046655999999999996,0.016796159999999997,0.0,0.0,0.13436927999999998,0.13436927999999998,0.12607679603412303
code_n24_k12_cw3_055_q00,code_n24_k12_cw3_055,q00,train,0.18,24,12,12,0.5,0.32000000000000006,3,0.25,6.0,4.666666666666667,2.0,10.0,3.0,0.0,3.0,3.0,1,22,236,12926,exact,2,0.0324,0.0058319999999999995,0.0010497599999999998,0.0324,0.128304,0.24774335999999997,0.40844736,0.34248793454395704
code_n24_k12_cw3_055_q01,code_n24_k12_cw3_055,q01,train,0.24,24,12,12,0.5,0.26,3,0.25,6.0,4.666666666666667,2.0,10.0,3.0,0.0,3.0,3.0,1,22,236,12926,exact,2,0.0576,0.013823999999999998,0.0033177599999999995,0.0576,0.30412799999999995,0.7829913599999999,1.1447193599999999,0.7630087093215661
code_n24_k12_cw3_055_q02,code_n24_k12_cw3_055,q02,train,0.3,24,12,12,0.5,0.19999999999999996,3,0.25,6.0,4.666666666666667,2.0,10.0,3.0,0.0,3.0,3.0,1,22,236,12926,exact,2,0.09,0.026999999999999996,0.0081,0.09,0.5939999999999999,1.9116,2.5955999999999997,1.2797108757171072
code_n24_k12_cw3_055_q03,code_n24_k12_cw3_055,q03,train,0.36,24,12,12,0.5,0.14,3,0.25,6.0,4.666666666666667,2.0,10.0,3.0,0.0,3.0,3.0,1,22,236,12926,exact,2,0.1296,0.046655999999999996,0.016796159999999997,0.1296,1.026432,3.9638937599999995,5.119925759999999,1.8115499657317025
code_n24_k12_cw3_056_q00,code_n24_k12_cw3_056,q00,validation,0.18,24,12,12,0.5,0.32000000000000006,3,0.25,6.0,2.3333333333333335,4.0,8.0,3.0,0.0,3.0,3.0,0,0,8,12926,exact,4,0.0324,0.0058319999999999995,0.0010497599999999998,0.0,0.0,0.008398079999999999,0.008398079999999999,0.008363012323468396
code_n24_k12_cw3_056_q01,code_n24_k12_cw3_056,q01,validation,0.24,24,12,12,0.5,0.26,3,0.25,6.0,2.3333333333333335,4.0,8.0,3.0,0.0,3.0,3.0,0,0,8,12926,exact,4,0.0576,0.013823999999999998,0.0033177599999999995,0.0,0.0,0.026542079999999996,0.026542079999999996,0.02619595030443698
code_n24_k12_cw3_056_q02,code_n24_k12_cw3_056,q02,validation,0.3,24,12,12,0.5,0.19999999999999996,3,0.25,6.0,2.3333333333333335,4.0,8.0,3.0,0.0,3.0,3.0,0,0,8,12926,exact,4,0.09,0.026999999999999996,0.0081,0.0,0.0,0.0648,0.0648,0.06278698809876482
code_n24_k12_cw3_056_q03,code_n24_k12_cw3_056,q03,validation,0.36,24,12,12,0.5,0.14,3,0.25,6.0,2.3333333333333335,4.0,8.0,3.0,0.0,3.0,3.0,0,0,8,12926,exact,4,0.1296,0.046655999999999996,0.016796159999999997,0.0,0.0,0.13436927999999998,0.13436927999999998,0.12607679603412303
code_n24_k12_cw3_057_q00,code_n24_k12_cw3_057,q00,train,0.18,24,12,12,0.5,0.32000000000000006,3,0.25,6.0,4.333333333333333,2.0,9.0,3.0,0.0,3.0,3.0,1,22,238,12926,exact,2,0.0324,0.0058319999999999995,0.0010497599999999998,0.0324,0.128304,0.24984287999999996,0.41054687999999995,0.343977487348574
code_n24_k12_cw3_057_q01,code_n24_k12_cw3_057,q01,train,0.24,24,12,12,0.5,0.26,3,0.25,6.0,4.333333333333333,2.0,9.0,3.0,0.0,3.0,3.0,1,22,238,12926,exact,2,0.0576,0.013823999999999998,0.0033177599999999995,0.0576,0.30412799999999995,0.7896268799999999,1.15135488,0.7660978204057728
code_n24_k12_cw3_057_q02,code_n24_k12_cw3_057,q02,train,0.3,24,12,12,0.5,0.19999999999999996,3,0.25,6.0,4.333333333333333,2.0,9.0,3.0,0.0,3.0,3.0,1,22,238,12926,exact,2,0.09,0.026999999999999996,0.0081,0.09,0.5939999999999999,1.9278,2.6117999999999997,1.2842062630361057
code_n24_k12_cw3_057_q03,code_n24_k12_cw3_057,q03,train,0.36,24,12,12,0.5,0.14,3,0.25,6.0,4.333333333333333,2.0,9.0,3.0,0.0,3.0,3.0,1,22,238,12926,exact,2,0.1296,0.046655999999999996,0.016796159999999997,0.1296,1.026432,3.9974860799999994,5.15351808,1.8170239637912096
code_n24_k12_cw3_058_q00,code_n24_k12_cw3_058,q00,train,0.18,24,12,12,0.5,0.32000000000000006,3,0.25,6.0,3.5,2.0,9.0,3.0,0.0,3.0,3.0,2,44,467,12926,exact,2,0.0324,0.0058319999999999995,0.0010497599999999998,0.0648,0.256608,0.49023791999999994,0.8116459199999999,0.5942357801375598
code_n24_k12_cw3_058_q01,code_n24_k12_cw3_058,q01,train,0.24,24,12,12,0.5,0.26,3,0.25,6.0,3.5,2.0,9.0,3.0,0.0,3.0,3.0,2,44,467,12926,exact,2,0.0576,0.013823999999999998,0.0033177599999999995,0.1152,0.6082559999999999,1.5493939199999998,2.2728499199999996,1.1856611405111037
code_n24_k12_cw3_058_q02,code_n24_k12_cw3_058,q02,train,0.3,24,12,12,0.5,0.19999999999999996,3,0.25,6.0,3.5,2.0,9.0,3.0,0.0,3.0,3.0,2,44,467,12926,exact,2,0.09,0.026999999999999996,0.0081,0.18,1.1879999999999997,3.7826999999999997,5.1507,1.8165658964795035
code_n24_k12_cw3_058_q03,code_n24_k12_cw3_058,q03,train,0.36,24,12,12,0.5,0.14,3,0.25,6.0,3.5,2.0,9.0,3.0,0.0,3.0,3.0,2,44,467,12926,exact,2,0.1296,0.046655999999999996,0.016796159999999997,0.2592,2.052864,7.843806719999999,10.15587072,2.411965881315164
code_n24_k12_cw3_059_q00,code_n24_k12_cw3_059,q00,test,0.18,24,12,12,0.5,0.32000000000000006,3,0.25,6.0,6.0,1.0,9.0,3.0,0.0,3.0,3.0,2,44,482,12926,exact,2,0.0324,0.0058319999999999995,0.0010497599999999998,0.0648,0.256608,0.5059843199999999,0.82739232,0.602889988881202
code_n24_k12_cw3_059_q01,code_n24_k12_cw3_059,q01,test,0.24,24,12,12,0.5,0.26,3,0.25,6.0,6.0,1.0,9.0,3.0,0.0,3.0,3.0,2,44,482,12926,exact,2,0.0576,0.013823999999999998,0.0033177599999999995,0.1152,0.6082559999999999,1.5991603199999997,2.32261632,1.200752520774226
code_n24_k12_cw3_059_q02,code_n24_k12_cw3_059,q02,test,0.3,24,12,12,0.5,0.19999999999999996,3,0.25,6.0,6.0,1.0,9.0,3.0,0.0,3.0,3.0,2,44,482,12926,exact,2,0.09,0.026999999999999996,0.0081,0.18,1.1879999999999997,3.9042,5.2722,1.836127170294805
code_n24_k12_cw3_059_q03,code_n24_k12_cw3_059,q03,test,0.36,24,12,12,0.5,0.14,3,0.25,6.0,6.0,1.0,9.0,3.0,0.0,3.0,3.0,2,44,482,12926,exact,2,0.1296,0.046655999999999996,0.016796159999999997,0.2592,2.052864,8.095749119999999,10.407813119999998,2.434298482051086
code_n24_k12_cw3_060_q00,code_n24_k12_cw3_060,q00,test,0.18,24,12,12,0.5,0.32000000000000006,3,0.25,6.0,1.8333333333333333,4.0,9.0,3.0,0.0,3.0,3.0,0,0,7,12926,exact,4,0.0324,0.0058319999999999995,0.0010497599999999998,0.0,0.0,0.0073483199999999985,0.0073483199999999985,0.007321452636295071
code_n24_k12_cw3_060_q01,code_n24_k12_cw3_060,q01,test,0.24,24,12,12,0.5,0.26,3,0.25,6.0,1.8333333333333333,4.0,9.0,3.0,0.0,3.0,3.0,0,0,7,12926,exact,4,0.0576,0.013823999999999998,0.0033177599999999995,0.0,0.0,0.023224319999999996,0.023224319999999996,0.0229587395692226
code_n24_k12_cw3_060_q02,code_n24_k12_cw3_060,q02,test,0.3,24,12,12,0.5,0.19999999999999996,3,0.25,6.0,1.8333333333333333,4.0,9.0,3.0,0.0,3.0,3.0,0,0,7,12926,exact,4,0.09,0.026999999999999996,0.0081,0.0,0.0,0.0567,0.0567,0.05515084446484804
code_n24_k12_cw3_060_q03,code_n24_k12_cw3_060,q03,test,0.36,24,12,12,0.5,0.14,3,0.25,6.0,1.8333333333333333,4.0,9.0,3.0,0.0,3.0,3.0,0,0,7,12926,exact,4,0.1296,0.046655999999999996,0.016796159999999997,0.0,0.0,0.11757311999999998,0.11757311999999998,0.11115947713235992
code_n24_k12_cw3_061_q00,code_n24_k12_cw3_061,q00,validation,0.18,24,12,12,0.5,0.32000000000000006,3,0.25,6.0,4.166666666666667,3.0,9.0,3.0,0.0,3.0,3.0,1,22,235,12926,exact,2,0.0324,0.0058319999999999995,0.0010497599999999998,0.0324,0.128304,0.24669359999999996,0.40739759999999997,0.3417423252767245
code_n24_k12_cw3_061_q01,code_n24_k12_cw3_061,q01,validation,0.24,24,12,12,0.5,0.26,3,0.25,6.0,4.166666666666667,3.0,9.0,3.0,0.0,3.0,3.0,1,22,235,12926,exact,2,0.0576,0.013823999999999998,0.0033177599999999995,0.0576,0.30412799999999995,0.7796735999999999,1.1414015999999998,0.7614605679164989
code_n24_k12_cw3_061_q02,code_n24_k12_cw3_061,q02,validation,0.3,24,12,12,0.5,0.19999999999999996,3,0.25,6.0,4.166666666666667,3.0,9.0,3.0,0.0,3.0,3.0,1,22,235,12926,exact,2,0.09,0.026999999999999996,0.0081,0.09,0.5939999999999999,1.9035,2.5875,1.2774555810857395
code_n24_k12_cw3_061_q03,code_n24_k12_cw3_061,q03,validation,0.36,24,12,12,0.5,0.14,3,0.25,6.0,4.166666666666667,3.0,9.0,3.0,0.0,3.0,3.0,1,22,235,12926,exact,2,0.1296,0.046655999999999996,0.016796159999999997,0.1296,1.026432,3.9470975999999993,5.103129599999999,1.8088016887948601
code_n24_k12_cw3_062_q00,code_n24_k12_cw3_062,q00,test,0.18,24,12,12,0.5,0.32000000000000006,3,0.25,6.0,11.0,2.0,12.0,3.0,0.0,3.0,3.0,1,22,245,12926,exact,2,0.0324,0.0058319999999999995,0.0010497599999999998,0.0324,0.128304,0.25719119999999995,0.41789519999999997,0.34917351846754296
code_n24_k12_cw3_062_q01,code_n24_k12_cw3_062,q01,test,0.24,24,12,12,0.5,0.26,3,0.25,6.0,11.0,2.0,12.0,3.0,0.0,3.0,3.0,1,22,245,12926,exact,2,0.0576,0.013823999999999998,0.0033177599999999995,0.0576,0.30412799999999995,0.8128511999999999,1.1745791999999997,0.7768351745583001
code_n24_k12_cw3_062_q02,code_n24_k12_cw3_062,q02,test,0.3,24,12,12,0.5,0.19999999999999996,3,0.25,6.0,11.0,2.0,12.0,3.0,0.0,3.0,3.0,1,22,245,12926,exact,2,0.09,0.026999999999999996,0.0081,0.09,0.5939999999999999,1.9845,2.6685,1.2997828591719118
code_n24_k12_cw3_062_q03,code_n24_k12_cw3_062,q03,test,0.36,24,12,12,0.5,0.14,3,0.25,6.0,11.0,2.0,12.0,3.0,0.0,3.0,3.0,1,22,245,12926,exact,2,0.1296,0.046655999999999996,0.016796159999999997,0.1296,1.026432,4.115059199999999,5.271091199999999,1.8359503745901995
code_n24_k12_cw3_063_q00,code_n24_k12_cw3_063,q00,train,0.18,24,12,12,0.5,0.32000000000000006,3,0.25,6.0,8.833333333333334,2.0,14.0,3.0,0.0,3.0,3.0,2,44,475,12926,exact,2,0.0324,0.0058319999999999995,0.0010497599999999998,0.0648,0.256608,0.4986359999999999,0.820044,0.5988606766206492
code_n24_k12_cw3_063_q01,code_n24_k12_cw3_063,q01,train,0.24,24,12,12,0.5,0.26,3,0.25,6.0,8.833333333333334,2.0,14.0,3.0,0.0,3.0,3.0,2,44,475,12926,exact,2,0.0576,0.013823999999999998,0.0033177599999999995,0.1152,0.6082559999999999,1.5759359999999998,2.2993919999999997,1.1937382090734716
code_n24_k12_cw3_063_q02,code_n24_k12_cw3_063,q02,train,0.3,24,12,12,0.5,0.19999999999999996,3,0.25,6.0,8.833333333333334,2.0,14.0,3.0,0.0,3.0,3.0,2,44,475,12926,exact,2,0.09,0.026999999999999996,0.0081,0.18,1.1879999999999997,3.8474999999999997,5.2155,1.827046172249633
code_n24_k12_cw3_063_q03,code_n24_k12_cw3_063,q03,train,0.36,24,12,12,0.5,0.14,3,0.25,6.0,8.833333333333334,2.0,14.0,3.0,0.0,3.0,3.0,2,44,475,12926,exact,2,0.1296,0.046655999999999996,0.016796159999999997,0.2592,2.052864,7.978175999999999,10.290239999999999,2.4239386356858494
code_n24_k12_cw3_064_q00,code_n24_k12_cw3_064,q00,train,0.18,24,12,12,0.5,0.32000000000000006,3,0.25,6.0,6.333333333333333,3.0,11.0,3.0,0.0,3.0,3.0,1,22,244,12926,exact,2,0.0324,0.0058319999999999995,0.0010497599999999998,0.0324,0.128304,0.25614143999999994,0.41684543999999996,0.3484328792477328
code_n24_k12_cw3_064_q01,code_n24_k12_cw3_064,q01,train,0.24,24,12,12,0.5,0.26,3,0.25,6.0,6.333333333333333,3.0,11.0,3.0,0.0,3.0,3.0,1,22,244,12926,exact,2,0.0576,0.013823999999999998,0.0033177599999999995,0.0576,0.30412799999999995,0.8095334399999998,1.1712614399999999,0.7753083074136438
code_n24_k12_cw3_064_q02,code_n24_k12_cw3_064,q02,train,0.3,24,12,12,0.5,0.19999999999999996,3,0.25,6.0,6.333333333333333,3.0,11.0,3.0,0.0,3.0,3.0,1,22,244,12926,exact,2,0.09,0.026999999999999996,0.0081,0.09,0.5939999999999999,1.9764,2.6603999999999997,1.297572431059086
code_n24_k12_cw3_064_q03,code_n24_k12_cw3_064,q03,train,0.36,24,12,12,0.5,0.14,3,0.25,6.0,6.333333333333333,3.0,11.0,3.0,0.0,3.0,3.0,1,22,244,12926,exact,2,0.1296,0.046655999999999996,0.016796159999999997,0.1296,1.026432,4.098263039999999,5.254295039999999,1.8332684341301144
code_n24_k12_cw3_065_q00,code_n24_k12_cw3_065,q00,train,0.18,24,12,12,0.5,0.32000000000000006,3,0.25,6.0,2.8333333333333335,2.0,9.0,3.0,0.0,3.0,3.0,3,66,701,12926,exact,2,0.0324,0.0058319999999999995,0.0010497599999999998,0.0972,0.384912,0.7358817599999999,1.21799376,0.7966030755788616
code_n24_k12_cw3_065_q01,code_n24_k12_cw3_065,q01,train,0.24,24,12,12,0.5,0.26,3,0.25,6.0,2.8333333333333335,2.0,9.0,3.0,0.0,3.0,3.0,3,66,701,12926,exact,2,0.0576,0.013823999999999998,0.0033177599999999995,0.1728,0.9123839999999999,2.3257497599999994,3.4109337599999994,1.4840864040070991
code_n24_k12_cw3_065_q02,code_n24_k12_cw3_065,q02,train,0.3,24,12,12,0.5,0.19999999999999996,3,0.25,6.0,2.8333333333333335,2.0,9.0,3.0,0.0,3.0,3.0,3,66,701,12926,exact,2,0.09,0.026999999999999996,0.0081,0.27,1.7819999999999998,5.6781,7.730099999999999,2.166776824539628
code_n24_k12_cw3_065_q03,code_n24_k12_cw3_065,q03,train,0.36,24,12,12,0.5,0.14,3,0.25,6.0,2.8333333333333335,2.0,9.0,3.0,0.0,3.0,3.0,3,66,701,12926,exact,2,0.1296,0.046655999999999996,0.016796159999999997,0.3888,3.079296,11.774108159999999,15.242204159999998,2.7876130496617755
code_n24_k12_cw3_066_q00,code_n24_k12_cw3_066,q00,train,0.18,24,12,12,0.5,0.32000000000000006,3,0.25,6.0,3.8333333333333335,3.0,8.0,3.0,0.0,3.0,3.0,2,44,475,12926,exact,2,0.0324,0.0058319999999999995,0.0010497599999999998,0.0648,0.256608,0.4986359999999999,0.820044,0.5988606766206492
code_n24_k12_cw3_066_q01,code_n24_k12_cw3_066,q01,train,0.24,24,12,12,0.5,0.26,3,0.25,6.0,3.8333333333333335,3.0,8.0,3.0,0.0,3.0,3.0,2,44,475,12926,exact,2,0.0576,0.013823999999999998,0.0033177599999999995,0.1152,0.6082559999999999,1.5759359999999998,2.2993919999999997,1.1937382090734716
code_n24_k12_cw3_066_q02,code_n24_k12_cw3_066,q02,train,0.3,24,12,12,0.5,0.19999999999999996,3,0.25,6.0,3.8333333333333335,3.0,8.0,3.0,0.0,3.0,3.0,2,44,475,12926,exact,2,0.09,0.026999999999999996,0.0081,0.18,1.1879999999999997,3.8474999999999997,5.2155,1.827046172249633
code_n24_k12_cw3_066_q03,code_n24_k12_cw3_066,q03,train,0.36,24,12,12,0.5,0.14,3,0.25,6.0,3.8333333333333335,3.0,8.0,3.0,0.0,3.0,3.0,2,44,475,12926,exact,2,0.1296,0.046655999999999996,0.016796159999999997,0.2592,2.052864,7.978175999999999,10.290239999999999,2.4239386356858494
code_n24_k12_cw3_067_q00,code_n24_k12_cw3_067,q00,test,0.18,24,12,12,0.5,0.32000000000000006,3,0.25,6.0,4.5,3.0,9.0,3.0,0.0,3.0,3.0,1,22,241,12926,exact,2,0.0324,0.0058319999999999995,0.0010497599999999998,0.0324,0.128304,0.25299215999999997,0.41369616,0.346207664610723
code_n24_k12_cw3_067_q01,code_n24_k12_cw3_067,q01,test,0.24,24,12,12,0.5,0.26,3,0.25,6.0,4.5,3.0,9.0,3.0,0.0,3.0,3.0,1,22,241,12926,exact,2,0.0576,0.013823999999999998,0.0033177599999999995,0.0576,0.30412799999999995,0.7995801599999999,1.16130816,0.7707136680060912
code_n24_k12_cw3_067_q02,code_n24_k12_cw3_067,q02,test,0.3,24,12,12,0.5,0.19999999999999996,3,0.25,6.0,4.5,3.0,9.0,3.0,0.0,3.0,3.0,1,22,241,12926,exact,2,0.09,0.026999999999999996,0.0081,0.09,0.5939999999999999,1.9521,2.6361,1.2909116786873136
code_n24_k12_cw3_067_q03,code_n24_k12_cw3_067,q03,test,0.36,24,12,12,0.5,0.14,3,0.25,6.0,4.5,3.0,9.0,3.0,0.0,3.0,3.0,1,22,241,12926,exact,2,0.1296,0.046655999999999996,0.016796159999999997,0.1296,1.026432,4.0478745599999995,5.203906559999999,1.8251791839500646
code_n24_k12_cw3_068_q00,code_n24_k12_cw3_068,q00,train,0.18,24,12,12,0.5,0.32000000000000006,3,0.25,6.0,4.333333333333333,3.0,9.0,3.0,0.0,3.0,3.0,3,66,705,12926,exact,2,0.0324,0.0058319999999999995,0.0010497599999999998,0.0972,0.384912,0.7400807999999999,1.2221927999999997,0.7984944561301219
code_n24_k12_cw3_068_q01,code_n24_k12_cw3_068,q01,train,0.24,24,12,12,0.5,0.26,3,0.25,6.0,4.333333333333333,3.0,9.0,3.0,0.0,3.0,3.0,3,66,705,12926,exact,2,0.0576,0.013823999999999998,0.0033177599999999995,0.1728,0.9123839999999999,2.3390207999999997,3.4242047999999996,1.487090556096107
code_n24_k12_cw3_068_q02,code_n24_k12_cw3_068,q02,train,0.3,24,12,12,0.5,0.19999999999999996,3,0.25,6.0,4.333333333333333,3.0,9.0,3.0,0.0,3.0,3.0,3,66,705,12926,exact,2,0.09,0.026999999999999996,0.0081,0.27,1.7819999999999998,5.7105,7.762499999999999,2.1704812523607084
code_n24_k12_cw3_068_q03,code_n24_k12_cw3_068,q03,train,0.36,24,12,12,0.5,0.14,3,0.25,6.0,4.333333333333333,3.0,9.0,3.0,0.0,3.0,3.0,3,66,705,12926,exact,2,0.1296,0.046655999999999996,0.016796159999999997,0.3888,3.079296,11.841292799999998,15.309388799999997,2.79174094198839
code_n24_k12_cw3_069_q00,code_n24_k12_cw3_069,q00,train,0.18,24,12,12,0.5,0.32000000000000006,3,0.25,6.0,3.8333333333333335,2.0,9.0,3.0,0.0,3.0,3.0,0,0,12,12926,exact,4,0.0324,0.0058319999999999995,0.0010497599999999998,0.0,0.0,0.012597119999999998,0.012597119999999998,0.012518436386087699
code_n24_k12_cw3_069_q01,code_n24_k12_cw3_069,q01,train,0.24,24,12,12,0.5,0.26,3,0.25,6.0,3.8333333333333335,2.0,9.0,3.0,0.0,3.0,3.0,0,0,12,12926,exact,4,0.0576,0.013823999999999998,0.0033177599999999995,0.0,0.0,0.039813119999999994,0.039813119999999994,0.03904100469899195
code_n24_k12_cw3_069_q02,code_n24_k12_cw3_069,q02,train,0.3,24,12,12,0.5,0.19999999999999996,3,0.25,6.0,3.8333333333333335,2.0,9.0,3.0,0.0,3.0,3.0,0,0,12,12926,exact,4,0.09,0.026999999999999996,0.0081,0.0,0.0,0.0972,0.0972,0.0927614800813111
code_n24_k12_cw3_069_q03,code_n24_k12_cw3_069,q03,train,0.36,24,12,12,0.5,0.14,3,0.25,6.0,3.8333333333333335,2.0,9.0,3.0,0.0,3.0,3.0,0,0,12,12926,exact,4,0.1296,0.046655999999999996,0.016796159999999997,0.0,0.0,0.20155391999999997,0.20155391999999997,0.18361565242422082
code_n24_k12_cw3_070_q00,code_n24_k12_cw3_070,q00,train,0.18,24,12,12,0.5,0.32000000000000006,3,0.25,6.0,2.1666666666666665,4.0,9.0,3.0,0.0,3.0,3.0,0,0,8,12926,exact,4,0.0324,0.0058319999999999995,0.0010497599999999998,0.0,0.0,0.008398079999999999,0.008398079999999999,0.008363012323468396
code_n24_k12_cw3_070_q01,code_n24_k12_cw3_070,q01,train,0.24,24,12,12,0.5,0.26,3,0.25,6.0,2.1666666666666665,4.0,9.0,3.0,0.0,3.0,3.0,0,0,8,12926,exact,4,0.0576,0.013823999999999998,0.0033177599999999995,0.0,0.0,0.026542079999999996,0.026542079999999996,0.02619595030443698
code_n24_k12_cw3_070_q02,code_n24_k12_cw3_070,q02,train,0.3,24,12,12,0.5,0.19999999999999996,3,0.25,6.0,2.1666666666666665,4.0,9.0,3.0,0.0,3.0,3.0,0,0,8,12926,exact,4,0.09,0.026999999999999996,0.0081,0.0,0.0,0.0648,0.0648,0.06278698809876482
code_n24_k12_cw3_070_q03,code_n24_k12_cw3_070,q03,train,0.36,24,12,12,0.5,0.14,3,0.25,6.0,2.1666666666666665,4.0,9.0,3.0,0.0,3.0,3.0,0,0,8,12926,exact,4,0.1296,0.046655999999999996,0.016796159999999997,0.0,0.0,0.13436927999999998,0.13436927999999998,0.12607679603412303
code_n24_k12_cw3_071_q00,code_n24_k12_cw3_071,q00,test,0.18,24,12,12,0.5,0.32000000000000006,3,0.25,6.0,1.3333333333333333,5.0,9.0,3.0,0.0,3.0,3.0,1,22,234,12926,exact,2,0.0324,0.0058319999999999995,0.0010497599999999998,0.0324,0.128304,0.24564383999999997,0.40634784,0.34099615966146857
code_n24_k12_cw3_071_q01,code_n24_k12_cw3_071,q01,test,0.24,24,12,12,0.5,0.26,3,0.25,6.0,1.3333333333333333,5.0,9.0,3.0,0.0,3.0,3.0,1,22,234,12926,exact,2,0.0576,0.013823999999999998,0.0033177599999999995,0.0576,0.30412799999999995,0.7763558399999999,1.1380838399999997,0.7599100260528922
code_n24_k12_cw3_071_q02,code_n24_k12_cw3_071,q02,test,0.3,24,12,12,0.5,0.19999999999999996,3,0.25,6.0,1.3333333333333333,5.0,9.0,3.0,0.0,3.0,3.0,1,22,234,12926,exact,2,0.09,0.026999999999999996,0.0081,0.09,0.5939999999999999,1.8954,2.5793999999999997,1.2751951886011708
code_n24_k12_cw3_071_q03,code_n24_k12_cw3_071,q03,test,0.36,24,12,12,0.5,0.14,3,0.25,6.0,1.3333333333333333,5.0,9.0,3.0,0.0,3.0,3.0,1,22,234,12926,exact,2,0.1296,0.046655999999999996,0.016796159999999997,0.1296,1.026432,3.9303014399999996,5.08633344,1.8060458380120898
code_n24_k12_cw3_072_q00,code_n24_k12_cw3_072,q00,train,0.18,24,12,12,0.5,0.32000000000000006,3,0.25,6.0,3.1666666666666665,4.0,10.0,3.0,0.0,3.0,3.0,3,66,696,12926,exact,2,0.0324,0.0058319999999999995,0.0010497599999999998,0.0972,0.384912,0.7306329599999999,1.2127449599999998,0.7942338081555217
code_n24_k12_cw3_072_q01,code_n24_k12_cw3_072,q01,train,0.24,24,12,12,0.5,0.26,3,0.25,6.0,3.1666666666666665,4.0,10.0,3.0,0.0,3.0,3.0,3,66,696,12926,exact,2,0.0576,0.013823999999999998,0.0033177599999999995,0.1728,0.9123839999999999,2.30916096,3.3943449599999997,1.480318477935976
code_n24_k12_cw3_072_q02,code_n24_k12_cw3_072,q02,train,0.3,24,12,12,0.5,0.19999999999999996,3,0.25,6.0,3.1666666666666665,4.0,10.0,3.0,0.0,3.0,3.0,3,66,696,12926,exact,2,0.09,0.026999999999999996,0.0081,0.27,1.7819999999999998,5.6376,7.6895999999999995,2.162126908298444
code_n24_k12_cw3_072_q03,code_n24_k12_cw3_072,q03,train,0.36,24,12,12,0.5,0.14,3,0.25,6.0,3.1666666666666665,4.0,10.0,3.0,0.0,3.0,3.0,3,66,696,12926,exact,2,0.1296,0.046655999999999996,0.016796159999999997,0.3888,3.079296,11.690127359999998,15.158223359999997,2.7824291064549795
code_n24_k12_cw3_073_q00,code_n24_k12_cw3_073,q00,validation,0.18,24,12,12,0.5,0.32000000000000006,3,0.25,6.0,2.3333333333333335,4.0,8.0,3.0,0.0,3.0,3.0,1,22,241,12926,exact,2,0.0324,0.0058319999999999995,0.0010497599999999998,0.0324,0.128304,0.25299215999999997,0.41369616,0.346207664610723
code_n24_k12_cw3_073_q01,code_n24_k12_cw3_073,q01,validation,0.24,24,12,12,0.5,0.26,3,0.25,6.0,2.3333333333333335,4.0,8.0,3.0,0.0,3.0,3.0,1,22,241,12926,exact,2,0.0576,0.013823999999999998,0.0033177599999999995,0.0576,0.30412799999999995,0.7995801599999999,1.16130816,0.7707136680060912
code_n24_k12_cw3_073_q02,code_n24_k12_cw3_073,q02,validation,0.3,24,12,12,0.5,0.19999999999999996,3,0.25,6.0,2.3333333333333335,4.0,8.0,3.0,0.0,3.0,3.0,1,22,241,12926,exact,2,0.09,0.026999999999999996,0.0081,0.09,0.5939999999999999,1.9521,2.6361,1.2909116786873136
code_n24_k12_cw3_073_q03,code_n24_k12_cw3_073,q03,validation,0.36,24,12,12,0.5,0.14,3,0.25,6.0,2.3333333333333335,4.0,8.0,3.0,0.0,3.0,3.0,1,22,241,12926,exact,2,0.1296,0.046655999999999996,0.016796159999999997,0.1296,1.026432,4.0478745599999995,5.203906559999999,1.8251791839500646
code_n24_k12_cw3_074_q00,code_n24_k12_cw3_074,q00,train,0.18,24,12,12,0.5,0.32000000000000006,3,0.25,6.0,6.5,1.0,11.0,3.0,0.0,3.0,3.0,2,44,468,12926,exact,2,0.0324,0.0058319999999999995,0.0010497599999999998,0.0648,0.256608,0.49128767999999995,0.81269568,0.5948150632985929
code_n24_k12_cw3_074_q01,code_n24_k12_cw3_074,q01,train,0.24,24,12,12,0.5,0.26,3,0.25,6.0,6.5,1.0,11.0,3.0,0.0,3.0,3.0,2,44,468,12926,exact,2,0.0576,0.013823999999999998,0.0033177599999999995,0.1152,0.6082559999999999,1.5527116799999998,2.2761676799999995,1.1866743490521319
code_n24_k12_cw3_074_q02,code_n24_k12_cw3_074,q02,train,0.3,24,12,12,0.5,0.19999999999999996,3,0.25,6.0,6.5,1.0,11.0,3.0,0.0,3.0,3.0,2,44,468,12926,exact,2,0.09,0.026999999999999996,0.0081,0.18,1.1879999999999997,3.7908,5.158799999999999,1.8178819533736266
code_n24_k12_cw3_074_q03,code_n24_k12_cw3_074,q03,train,0.36,24,12,12,0.5,0.14,3,0.25,6.0,6.5,1.0,11.0,3.0,0.0,3.0,3.0,2,44,468,12926,exact,2,0.1296,0.046655999999999996,0.016796159999999997,0.2592,2.052864,7.860602879999999,10.17266688,2.4134703383887897
code_n24_k12_cw3_075_q00,code_n24_k12_cw3_075,q00,train,0.18,24,12,12,0.5,0.32000000000000006,3,0.25,6.0,5.0,1.0,9.0,3.0,0.0,3.0,3.0,1,22,241,12926,exact,2,0.0324,0.0058319999999999995,0.0010497599999999998,0.0324,0.128304,0.25299215999999997,0.41369616,0.346207664610723
code_n24_k12_cw3_075_q01,code_n24_k12_cw3_075,q01,train,0.24,24,12,12,0.5,0.26,3,0.25,6.0,5.0,1.0,9.0,3.0,0.0,3.0,3.0,1,22,241,12926,exact,2,0.0576,0.013823999999999998,0.0033177599999999995,0.0576,0.30412799999999995,0.7995801599999999,1.16130816,0.7707136680060912
code_n24_k12_cw3_075_q02,code_n24_k12_cw3_075,q02,train,0.3,24,12,12,0.5,0.19999999999999996,3,0.25,6.0,5.0,1.0,9.0,3.0,0.0,3.0,3.0,1,22,241,12926,exact,2,0.09,0.026999999999999996,0.0081,0.09,0.5939999999999999,1.9521,2.6361,1.2909116786873136
code_n24_k12_cw3_075_q03,code_n24_k12_cw3_075,q03,train,0.36,24,12,12,0.5,0.14,3,0.25,6.0,5.0,1.0,9.0,3.0,0.0,3.0,3.0,1,22,241,12926,exact,2,0.1296,0.046655999999999996,0.016796159999999997,0.1296,1.026432,4.0478745599999995,5.203906559999999,1.8251791839500646
code_n24_k12_cw3_076_q00,code_n24_k12_cw3_076,q00,validation,0.18,24,12,12,0.5,0.32000000000000006,3,0.25,6.0,1.5,4.0,8.0,3.0,0.0,3.0,3.0,0,0,4,12926,exact,4,0.0324,0.0058319999999999995,0.0010497599999999998,0.0,0.0,0.004199039999999999,0.004199039999999999,0.004190248633147544
code_n24_k12_cw3_076_q01,code_n24_k12_cw3_076,q01,validation,0.24,24,12,12,0.5,0.26,3,0.25,6.0,1.5,4.0,8.0,3.0,0.0,3.0,3.0,0,0,4,12926,exact,4,0.0576,0.013823999999999998,0.0033177599999999995,0.0,0.0,0.013271039999999998,0.013271039999999998,0.013183751176225745
code_n24_k12_cw3_076_q02,code_n24_k12_cw3_076,q02,validation,0.3,24,12,12,0.5,0.19999999999999996,3,0.25,6.0,1.5,4.0,8.0,3.0,0.0,3.0,3.0,0,0,4,12926,exact,4,0.09,0.026999999999999996,0.0081,0.0,0.0,0.0324,0.0324,0.031886188862321745
code_n24_k12_cw3_076_q03,code_n24_k12_cw3_076,q03,validation,0.36,24,12,12,0.5,0.14,3,0.25,6.0,1.5,4.0,8.0,3.0,0.0,3.0,3.0,0,0,4,12926,exact,4,0.1296,0.046655999999999996,0.016796159999999997,0.0,0.0,0.06718463999999999,0.06718463999999999,0.06502400327204662
code_n24_k12_cw3_077_q00,code_n24_k12_cw3_077,q00,test,0.18,24,12,12,0.5,0.32000000000000006,3,0.25,6.0,4.666666666666667,1.0,8.0,3.0,0.0,3.0,3.0,1,22,244,12926,exact,2,0.0324,0.0058319999999999995,0.0010497599999999998,0.0324,0.128304,0.25614143999999994,0.41684543999999996,0.3484328792477328
code_n24_k12_cw3_077_q01,code_n24_k12_cw3_077,q01,test,0.24,24,12,12,0.5,0.26,3,0.25,6.0,4.666666666666667,1.0,8.0,3.0,0.0,3.0,3.0,1,22,244,12926,exact,2,0.0576,0.013823999999999998,0.0033177599999999995,0.0576,0.30412799999999995,0.8095334399999998,1.1712614399999999,0.7753083074136438
code_n24_k12_cw3_077_q02,code_n24_k12_cw3_077,q02,test,0.3,24,12,12,0.5,0.19999999999999996,3,0.25,6.0,4.666666666666667,1.0,8.0,3.0,0.0,3.0,3.0,1,22,244,12926,exact,2,0.09,0.026999999999999996,0.0081,0.09,0.5939999999999999,1.9764,2.6603999999999997,1.297572431059086
code_n24_k12_cw3_077_q03,code_n24_k12_cw3_077,q03,test,0.36,24,12,12,0.5,0.14,3,0.25,6.0,4.666666666666667,1.0,8.0,3.0,0.0,3.0,3.0,1,22,244,12926,exact,2,0.1296,0.046655999999999996,0.016796159999999997,0.1296,1.026432,4.098263039999999,5.254295039999999,1.8332684341301144
code_n24_k12_cw3_078_q00,code_n24_k12_cw3_078,q00,test,0.18,24,12,12,0.5,0.32000000000000006,3,0.25,6.0,7.833333333333333,1.0,9.0,3.0,0.0,3.0,3.0,3,66,716,12926,exact,2,0.0324,0.0058319999999999995,0.0010497599999999998,0.0972,0.384912,0.7516281599999999,1.23374016,0.8036773823335048
code_n24_k12_cw3_078_q01,code_n24_k12_cw3_078,q01,test,0.24,24,12,12,0.5,0.26,3,0.25,6.0,7.833333333333333,1.0,9.0,3.0,0.0,3.0,3.0,3,66,716,12926,exact,2,0.0576,0.013823999999999998,0.0033177599999999995,0.1728,0.9123839999999999,2.3755161599999997,3.4607001599999996,1.4953057402579593
code_n24_k12_cw3_078_q02,code_n24_k12_cw3_078,q02,test,0.3,24,12,12,0.5,0.19999999999999996,3,0.25,6.0,7.833333333333333,1.0,9.0,3.0,0.0,3.0,3.0,3,66,716,12926,exact,2,0.09,0.026999999999999996,0.0081,0.27,1.7819999999999998,5.7996,7.8515999999999995,2.1805982336395737
code_n24_k12_cw3_078_q03,code_n24_k12_cw3_078,q03,test,0.36,24,12,12,0.5,0.14,3,0.25,6.0,7.833333333333333,1.0,9.0,3.0,0.0,3.0,3.0,3,66,716,12926,exact,2,0.1296,0.046655999999999996,0.016796159999999997,0.3888,3.079296,12.026050559999998,15.494146559999997,2.8030055640270763
code_n24_k12_cw3_079_q00,code_n24_k12_cw3_079,q00,train,0.18,24,12,12,0.5,0.32000000000000006,3,0.25,6.0,2.3333333333333335,3.0,8.0,3.0,0.0,3.0,3.0,0,0,5,12926,exact,4,0.0324,0.0058319999999999995,0.0010497599999999998,0.0,0.0,0.0052488,0.0052488,0.005235073061631587
code_n24_k12_cw3_079_q01,code_n24_k12_cw3_079,q01,train,0.24,24,12,12,0.5,0.26,3,0.25,6.0,2.3333333333333335,3.0,8.0,3.0,0.0,3.0,3.0,0,0,5,12926,exact,4,0.0576,0.013823999999999998,0.0033177599999999995,0.0,0.0,0.016588799999999997,0.016588799999999997,0.01645270885409976
code_n24_k12_cw3_079_q02,code_n24_k12_cw3_079,q02,train,0.3,24,12,12,0.5,0.19999999999999996,3,0.25,6.0,2.3333333333333335,3.0,8.0,3.0,0.0,3.0,3.0,0,0,5,12926,exact,4,0.09,0.026999999999999996,0.0081,0.0,0.0,0.040499999999999994,0.040499999999999994,0.03970136685155206
code_n24_k12_cw3_079_q03,code_n24_k12_cw3_079,q03,train,0.36,24,12,12,0.5,0.14,3,0.25,6.0,2.3333333333333335,3.0,8.0,3.0,0.0,3.0,3.0,0,0,5,12926,exact,4,0.1296,0.046655999999999996,0.016796159999999997,0.0,0.0,0.0839808,0.0839808,0.08064019068347023
code_n24_k12_cw3_080_q00,code_n24_k12_cw3_080,q00,train,0.18,24,12,12,0.5,0.32000000000000006,3,0.25,6.0,2.6666666666666665,3.0,8.0,3.0,0.0,3.0,3.0,1,22,236,12926,exact,2,0.0324,0.0058319999999999995,0.0010497599999999998,0.0324,0.128304,0.24774335999999997,0.40844736,0.34248793454395704
code_n24_k12_cw3_080_q01,code_n24_k12_cw3_080,q01,train,0.24,24,12,12,0.5,0.26,3,0.25,6.0,2.6666666666666665,3.0,8.0,3.0,0.0,3.0,3.0,1,22,236,12926,exact,2,0.0576,0.013823999999999998,0.0033177599999999995,0.0576,0.30412799999999995,0.7829913599999999,1.1447193599999999,0.7630087093215661
code_n24_k12_cw3_080_q02,code_n24_k12_cw3_080,q02,train,0.3,24,12,12,0.5,0.19999999999999996,3,0.25,6.0,2.6666666666666665,3.0,8.0,3.0,0.0,3.0,3.0,1,22,236,12926,exact,2,0.09,0.026999999999999996,0.0081,0.09,0.5939999999999999,1.9116,2.5955999999999997,1.2797108757171072
code_n24_k12_cw3_080_q03,code_n24_k12_cw3_080,q03,train,0.36,24,12,12,0.5,0.14,3,0.25,6.0,2.6666666666666665,3.0,8.0,3.0,0.0,3.0,3.0,1,22,236,12926,exact,2,0.1296,0.046655999999999996,0.016796159999999997,0.1296,1.026432,3.9638937599999995,5.119925759999999,1.8115499657317025
code_n24_k12_cw3_081_q00,code_n24_k12_cw3_081,q00,train,0.18,24,12,12,0.5,0.32000000000000006,3,0.25,6.0,3.0,3.0,9.0,3.0,0.0,3.0,3.0,2,44,469,12926,exact,2,0.0324,0.0058319999999999995,0.0010497599999999998,0.0648,0.256608,0.4923374399999999,0.8137454399999999,0.5953940110849126
code_n24_k12_cw3_081_q01,code_n24_k12_cw3_081,q01,train,0.24,24,12,12,0.5,0.26,3,0.25,6.0,3.0,3.0,9.0,3.0,0.0,3.0,3.0,2,44,469,12926,exact,2,0.0576,0.013823999999999998,0.0033177599999999995,0.1152,0.6082559999999999,1.5560294399999997,2.2794854399999993,1.1876865320406234
code_n24_k12_cw3_081_q02,code_n24_k12_cw3_081,q02,train,0.3,24,12,12,0.5,0.19999999999999996,3,0.25,6.0,3.0,3.0,9.0,3.0,0.0,3.0,3.0,2,44,469,12926,exact,2,0.09,0.026999999999999996,0.0081,0.18,1.1879999999999997,3.7988999999999997,5.166899999999999,1.8191962805381743
code_n24_k12_cw3_081_q03,code_n24_k12_cw3_081,q03,train,0.36,24,12,12,0.5,0.14,3,0.25,6.0,3.0,3.0,9.0,3.0,0.0,3.0,3.0,2,44,469,12926,exact,2,0.1296,0.046655999999999996,0.016796159999999997,0.2592,2.052864,7.8773990399999985,10.189463039999998,2.4149725354709637
code_n24_k12_cw3_082_q00,code_n24_k12_cw3_082,q00,train,0.18,24,12,12,0.5,0.32000000000000006,3,0.25,6.0,4.666666666666667,2.0,10.0,3.0,0.0,3.0,3.0,2,44,464,12926,exact,2,0.0324,0.0058319999999999995,0.0010497599999999998,0.0648,0.256608,0.4870886399999999,0.80849664,0.5924959145150079
code_n24_k12_cw3_082_q01,code_n24_k12_cw3_082,q01,train,0.24,24,12,12,0.5,0.26,3,0.25,6.0,4.666666666666667,2.0,10.0,3.0,0.0,3.0,3.0,2,44,464,12926,exact,2,0.0576,0.013823999999999998,0.0033177599999999995,0.1152,0.6082559999999999,1.5394406399999998,2.2628966399999997,1.1826153407380393
code_n24_k12_cw3_082_q02,code_n24_k12_cw3_082,q02,train,0.3,24,12,12,0.5,0.19999999999999996,3,0.25,6.0,4.666666666666667,2.0,10.0,3.0,0.0,3.0,3.0,2,44,464,12926,exact,2,0.09,0.026999999999999996,0.0081,0.18,1.1879999999999997,3.7584,5.126399999999999,1.812607301740893
code_n24_k12_cw3_082_q03,code_n24_k12_cw3_082,q03,train,0.36,24,12,12,0.5,0.14,3,0.25,6.0,4.666666666666667,2.0,10.0,3.0,0.0,3.0,3.0,2,44,464,12926,exact,2,0.1296,0.046655999999999996,0.016796159999999997,0.2592,2.052864,7.7934182399999985,10.105482239999999,2.407438881887548
code_n24_k12_cw3_083_q00,code_n24_k12_cw3_083,q00,train,0.18,24,12,12,0.5,0.32000000000000006,3,0.25,6.0,7.0,2.0,11.0,3.0,0.0,3.0,3.0,3,64,654,12926,exact,2,0.0324,0.0058319999999999995,0.0010497599999999998,0.0972,0.37324799999999997,0.6865430399999999,1.1569910399999999,0.7687142134809137
code_n24_k12_cw3_083_q01,code_n24_k12_cw3_083,q01,train,0.24,24,12,12,0.5,0.26,3,0.25,6.0,7.0,2.0,11.0,3.0,0.0,3.0,3.0,3,64,654,12926,exact,2,0.0576,0.013823999999999998,0.0033177599999999995,0.1728,0.8847359999999999,2.1698150399999996,3.2273510399999994,1.441575565214741
code_n24_k12_cw3_083_q02,code_n24_k12_cw3_083,q02,train,0.3,24,12,12,0.5,0.19999999999999996,3,0.25,6.0,7.0,2.0,11.0,3.0,0.0,3.0,3.0,3,64,654,12926,exact,2,0.09,0.026999999999999996,0.0081,0.27,1.7279999999999998,5.2974,7.295399999999999,2.115701144300147
code_n24_k12_cw3_083_q03,code_n24_k12_cw3_083,q03,train,0.36,24,12,12,0.5,0.14,3,0.25,6.0,7.0,2.0,11.0,3.0,0.0,3.0,3.0,3,64,654,12926,exact,2,0.1296,0.046655999999999996,0.016796159999999997,0.3888,2.9859839999999997,10.984688639999998,14.359472639999998,2.7317323937967903
code_n24_k12_cw3_084_q00,code_n24_k12_cw3_084,q00,train,0.18,24,12,12,0.5,0.32000000000000006,3,0.25,6.0,2.5,3.0,9.0,3.0,0.0,3.0,3.0,1,22,236,12926,exact,2,0.0324,0.0058319999999999995,0.0010497599999999998,0.0324,0.128304,0.24774335999999997,0.40844736,0.34248793454395704
code_n24_k12_cw3_084_q01,code_n24_k12_cw3_084,q01,train,0.24,24,12,12,0.5,0.26,3,0.25,6.0,2.5,3.0,9.0,3.0,0.0,3.0,3.0,1,22,236,12926,exact,2,0.0576,0.013823999999999998,0.0033177599999999995,0.0576,0.30412799999999995,0.7829913599999999,1.1447193599999999,0.7630087093215661
code_n24_k12_cw3_084_q02,code_n24_k12_cw3_084,q02,train,0.3,24,12,12,0.5,0.19999999999999996,3,0.25,6.0,2.5,3.0,9.0,3.0,0.0,3.0,3.0,1,22,236,12926,exact,2,0.09,0.026999999999999996,0.0081,0.09,0.5939999999999999,1.9116,2.5955999999999997,1.2797108757171072
code_n24_k12_cw3_084_q03,code_n24_k12_cw3_084,q03,train,0.36,24,12,12,0.5,0.14,3,0.25,6.0,2.5,3.0,9.0,3.0,0.0,3.0,3.0,1,22,236,12926,exact,2,0.1296,0.046655999999999996,0.016796159999999997,0.1296,1.026432,3.9638937599999995,5.119925759999999,1.8115499657317025
code_n24_k12_cw3_085_q00,code_n24_k12_cw3_085,q00,test,0.18,24,12,12,0.5,0.32000000000000006,3,0.25,6.0,4.0,2.0,9.0,3.0,0.0,3.0,3.0,2,44,466,12926,exact,2,0.0324,0.0058319999999999995,0.0010497599999999998,0.0648,0.256608,0.4891881599999999,0.81059616,0.5936561612130348
code_n24_k12_cw3_085_q01,code_n24_k12_cw3_085,q01,test,0.24,24,12,12,0.5,0.26,3,0.25,6.0,4.0,2.0,9.0,3.0,0.0,3.0,3.0,2,44,466,12926,exact,2,0.0576,0.013823999999999998,0.0033177599999999995,0.1152,0.6082559999999999,1.5460761599999997,2.26953216,1.1846469043372336
code_n24_k12_cw3_085_q02,code_n24_k12_cw3_085,q02,test,0.3,24,12,12,0.5,0.19999999999999996,3,0.25,6.0,4.0,2.0,9.0,3.0,0.0,3.0,3.0,2,44,466,12926,exact,2,0.09,0.026999999999999996,0.0081,0.18,1.1879999999999997,3.7746,5.1426,1.8152481052969591
code_n24_k12_cw3_085_q03,code_n24_k12_cw3_085,q03,test,0.36,24,12,12,0.5,0.14,3,0.25,6.0,4.0,2.0,9.0,3.0,0.0,3.0,3.0,2,44,466,12926,exact,2,0.1296,0.046655999999999996,0.016796159999999997,0.2592,2.052864,7.827010559999999,10.13907456,2.410459157439717
code_n24_k12_cw3_086_q00,code_n24_k12_cw3_086,q00,test,0.18,24,12,12,0.5,0.32000000000000006,3,0.25,6.0,6.5,2.0,10.0,3.0,0.0,3.0,3.0,3,66,702,12926,exact,2,0.0324,0.0058319999999999995,0.0010497599999999998,0.0972,0.384912,0.7369315199999998,1.2190435199999998,0.7970762561961706
code_n24_k12_cw3_086_q01,code_n24_k12_cw3_086,q01,test,0.24,24,12,12,0.5,0.26,3,0.25,6.0,6.5,2.0,10.0,3.0,0.0,3.0,3.0,3,66,702,12926,exact,2,0.0576,0.013823999999999998,0.0033177599999999995,0.1728,0.9123839999999999,2.3290675199999997,3.4142515199999997,1.4848382885400666
code_n24_k12_cw3_086_q02,code_n24_k12_cw3_086,q02,test,0.3,24,12,12,0.5,0.19999999999999996,3,0.25,6.0,6.5,2.0,10.0,3.0,0.0,3.0,3.0,3,66,702,12926,exact,2,0.09,0.026999999999999996,0.0081,0.27,1.7819999999999998,5.6861999999999995,7.738199999999999,2.1677042188001505
code_n24_k12_cw3_086_q03,code_n24_k12_cw3_086,q03,test,0.36,24,12,12,0.5,0.14,3,0.25,6.0,6.5,2.0,10.0,3.0,0.0,3.0,3.0,3,66,702,12926,exact,2,0.1296,0.046655999999999996,0.016796159999999997,0.3888,3.079296,11.790904319999997,15.259000319999997,2.788646621294825
code_n24_k12_cw3_087_q00,code_n24_k12_cw3_087,q00,validation,0.18,24,12,12,0.5,0.32000000000000006,3,0.25,6.0,3.6666666666666665,4.0,11.0,3.0,0.0,3.0,3.0,0,0,8,12926,exact,4,0.0324,0.0058319999999999995,0.0010497599999999998,0.0,0.0,0.008398079999999999,0.008398079999999999,0.008363012323468396
code_n24_k12_cw3_087_q01,code_n24_k12_cw3_087,q01,validation,0.24,24,12,12,0.5,0.26,3,0.25,6.0,3.6666666666666665,4.0,11.0,3.0,0.0,3.0,3.0,0,0,8,12926,exact,4,0.0576,0.013823999999999998,0.0033177599999999995,0.0,0.0,0.026542079999999996,0.026542079999999996,0.02619595030443698
code_n24_k12_cw3_087_q02,code_n24_k12_cw3_087,q02,validation,0.3,24,12,12,0.5,0.19999999999999996,3,0.25,6.0,3.6666666666666665,4.0,11.0,3.0,0.0,3.0,3.0,0,0,8,12926,exact,4,0.09,0.026999999999999996,0.0081,0.0,0.0,0.0648,0.0648,0.06278698809876482
code_n24_k12_cw3_087_q03,code_n24_k12_cw3_087,q03,validation,0.36,24,12,12,0.5,0.14,3,0.25,6.0,3.6666666666666665,4.0,11.0,3.0,0.0,3.0,3.0,0,0,8,12926,exact,4,0.1296,0.046655999999999996,0.016796159999999997,0.0,0.0,0.13436927999999998,0.13436927999999998,0.12607679603412303
code_n24_k12_cw3_088_q00,code_n24_k12_cw3_088,q00,train,0.18,24,12,12,0.5,0.32000000000000006,3,0.25,6.0,5.5,1.0,9.0,3.0,0.0,3.0,3.0,0,0,11,12926,exact,4,0.0324,0.0058319999999999995,0.0010497599999999998,0.0,0.0,0.011547359999999998,0.011547359999999998,0.011481198081718715
code_n24_k12_cw3_088_q01,code_n24_k12_cw3_088,q01,train,0.24,24,12,12,0.5,0.26,3,0.25,6.0,5.5,1.0,9.0,3.0,0.0,3.0,3.0,0,0,11,12926,exact,4,0.0576,0.013823999999999998,0.0033177599999999995,0.0,0.0,0.03649535999999999,0.03649535999999999,0.03584517627972158
code_n24_k12_cw3_088_q02,code_n24_k12_cw3_088,q02,train,0.3,24,12,12,0.5,0.19999999999999996,3,0.25,6.0,5.5,1.0,9.0,3.0,0.0,3.0,3.0,0,0,11,12926,exact,4,0.09,0.026999999999999996,0.0081,0.0,0.0,0.0891,0.0891,0.0853516670995037
code_n24_k12_cw3_088_q03,code_n24_k12_cw3_088,q03,train,0.36,24,12,12,0.5,0.14,3,0.25,6.0,5.5,1.0,9.0,3.0,0.0,3.0,3.0,0,0,11,12926,exact,4,0.1296,0.046655999999999996,0.016796159999999997,0.0,0.0,0.18475775999999997,0.18475775999999997,0.1695383317491533
code_n24_k12_cw3_089_q00,code_n24_k12_cw3_089,q00,train,0.18,24,12,12,0.5,0.32000000000000006,3,0.25,6.0,3.1666666666666665,2.0,8.0,3.0,0.0,3.0,3.0,1,22,237,12926,exact,2,0.0324,0.0058319999999999995,0.0010497599999999998,0.0324,0.128304,0.24879311999999995,0.40949711999999994,0.34323298829218457
code_n24_k12_cw3_089_q01,code_n24_k12_cw3_089,q01,train,0.24,24,12,12,0.5,0.26,3,0.25,6.0,3.1666666666666665,2.0,8.0,3.0,0.0,3.0,3.0,1,22,237,12926,exact,2,0.0576,0.013823999999999998,0.0033177599999999995,0.0576,0.30412799999999995,0.7863091199999999,1.1480371199999997,0.7645544576891063
code_n24_k12_cw3_089_q02,code_n24_k12_cw3_089,q02,train,0.3,24,12,12,0.5,0.19999999999999996,3,0.25,6.0,3.1666666666666665,2.0,8.0,3.0,0.0,3.0,3.0,1,22,237,12926,exact,2,0.09,0.026999999999999996,0.0081,0.09,0.5939999999999999,1.9197,2.6037,1.2819610954378728
code_n24_k12_cw3_089_q03,code_n24_k12_cw3_089,q03,train,0.36,24,12,12,0.5,0.14,3,0.25,6.0,3.1666666666666665,2.0,8.0,3.0,0.0,3.0,3.0,1,22,237,12926,exact,2,0.1296,0.046655999999999996,0.016796159999999997,0.1296,1.026432,3.980689919999999,5.136721919999999,1.814290710338624
code_n24_k12_cw3_090_q00,code_n24_k12_cw3_090,q00,train,0.18,24,12,12,0.5,0.32000000000000006,3,0.25,6.0,6.666666666666667,3.0,11.0,3.0,0.0,3.0,3.0,3,66,705,12926,exact,2,0.0324,0.0058319999999999995,0.0010497599999999998,0.0972,0.384912,0.7400807999999999,1.2221927999999997,0.7984944561301219
code_n24_k12_cw3_090_q01,code_n24_k12_cw3_090,q01,train,0.24,24,12,12,0.5,0.26,3,0.25,6.0,6.666666666666667,3.0,11.0,3.0,0.0,3.0,3.0,3,66,705,12926,exact,2,0.0576,0.013823999999999998,0.0033177599999999995,0.1728,0.9123839999999999,2.3390207999999997,3.4242047999999996,1.487090556096107
code_n24_k12_cw3_090_q02,code_n24_k12_cw3_090,q02,train,0.3,24,12,12,0.5,0.19999999999999996,3,0.25,6.0,6.666666666666667,3.0,11.0,3.0,0.0,3.0,3.0,3,66,705,12926,exact,2,0.09,0.026999999999999996,0.0081,0.27,1.7819999999999998,5.7105,7.762499999999999,2.1704812523607084
code_n24_k12_cw3_090_q03,code_n24_k12_cw3_090,q03,train,0.36,24,12,12,0.5,0.14,3,0.25,6.0,6.666666666666667,3.0,11.0,3.0,0.0,3.0,3.0,3,66,705,12926,exact,2,0.1296,0.046655999999999996,0.016796159999999997,0.3888,3.079296,11.841292799999998,15.309388799999997,2.79174094198839
code_n24_k12_cw3_091_q00,code_n24_k12_cw3_091,q00,validation,0.18,24,12,12,0.5,0.32000000000000006,3,0.25,6.0,6.333333333333333,2.0,10.0,3.0,0.0,3.0,3.0,2,44,475,12926,exact,2,0.0324,0.0058319999999999995,0.0010497599999999998,0.0648,0.256608,0.4986359999999999,0.820044,0.5988606766206492
code_n24_k12_cw3_091_q01,code_n24_k12_cw3_091,q01,validation,0.24,24,12,12,0.5,0.26,3,0.25,6.0,6.333333333333333,2.0,10.0,3.0,0.0,3.0,3.0,2,44,475,12926,exact,2,0.0576,0.013823999999999998,0.0033177599999999995,0.1152,0.6082559999999999,1.5759359999999998,2.2993919999999997,1.1937382090734716
code_n24_k12_cw3_091_q02,code_n24_k12_cw3_091,q02,validation,0.3,24,12,12,0.5,0.19999999999999996,3,0.25,6.0,6.333333333333333,2.0,10.0,3.0,0.0,3.0,3.0,2,44,475,12926,exact,2,0.09,0.026999999999999996,0.0081,0.18,1.1879999999999997,3.8474999999999997,5.2155,1.827046172249633
code_n24_k12_cw3_091_q03,code_n24_k12_cw3_091,q03,validation,0.36,24,12,12,0.5,0.14,3,0.25,6.0,6.333333333333333,2.0,10.0,3.0,0.0,3.0,3.0,2,44,475,12926,exact,2,0.1296,0.046655999999999996,0.016796159999999997,0.2592,2.052864,7.978175999999999,10.290239999999999,2.4239386356858494
code_n24_k12_cw3_092_q00,code_n24_k12_cw3_092,q00,train,0.18,24,12,12,0.5,0.32000000000000006,3,0.25,6.0,1.3333333333333333,4.0,8.0,3.0,0.0,3.0,3.0,1,22,234,12926,exact,2,0.0324,0.0058319999999999995,0.0010497599999999998,0.0324,0.128304,0.24564383999999997,0.40634784,0.34099615966146857
code_n24_k12_cw3_092_q01,code_n24_k12_cw3_092,q01,train,0.24,24,12,12,0.5,0.26,3,0.25,6.0,1.3333333333333333,4.0,8.0,3.0,0.0,3.0,3.0,1,22,234,12926,exact,2,0.0576,0.013823999999999998,0.0033177599999999995,0.0576,0.30412799999999995,0.7763558399999999,1.1380838399999997,0.7599100260528922
code_n24_k12_cw3_092_q02,code_n24_k12_cw3_092,q02,train,0.3,24,12,12,0.5,0.19999999999999996,3,0.25,6.0,1.3333333333333333,4.0,8.0,3.0,0.0,3.0,3.0,1,22,234,12926,exact,2,0.09,0.026999999999999996,0.0081,0.09,0.5939999999999999,1.8954,2.5793999999999997,1.2751951886011708
code_n24_k12_cw3_092_q03,code_n24_k12_cw3_092,q03,train,0.36,24,12,12,0.5,0.14,3,0.25,6.0,1.3333333333333333,4.0,8.0,3.0,0.0,3.0,3.0,1,22,234,12926,exact,2,0.1296,0.046655999999999996,0.016796159999999997,0.1296,1.026432,3.9303014399999996,5.08633344,1.8060458380120898
code_n24_k12_cw3_093_q00,code_n24_k12_cw3_093,q00,test,0.18,24,12,12,0.5,0.32000000000000006,3,0.25,6.0,6.833333333333333,2.0,10.0,3.0,0.0,3.0,3.0,2,44,470,12926,exact,2,0.0324,0.0058319999999999995,0.0010497599999999998,0.0648,0.256608,0.4933871999999999,0.8147951999999999,0.5959726238846236
code_n24_k12_cw3_093_q01,code_n24_k12_cw3_093,q01,test,0.24,24,12,12,0.5,0.26,3,0.25,6.0,6.833333333333333,2.0,10.0,3.0,0.0,3.0,3.0,2,44,470,12926,exact,2,0.0576,0.013823999999999998,0.0033177599999999995,0.1152,0.6082559999999999,1.5593471999999997,2.2828031999999996,1.1886976915505731
code_n24_k12_cw3_093_q02,code_n24_k12_cw3_093,q02,test,0.3,24,12,12,0.5,0.19999999999999996,3,0.25,6.0,6.833333333333333,2.0,10.0,3.0,0.0,3.0,3.0,2,44,470,12926,exact,2,0.09,0.026999999999999996,0.0081,0.18,1.1879999999999997,3.807,5.175,1.820508882514041
code_n24_k12_cw3_093_q03,code_n24_k12_cw3_093,q03,test,0.36,24,12,12,0.5,0.14,3,0.25,6.0,6.833333333333333,2.0,10.0,3.0,0.0,3.0,3.0,2,44,470,12926,exact,2,0.1296,0.046655999999999996,0.016796159999999997,0.2592,2.052864,7.894195199999999,10.206259199999998,2.4164724793414094
code_n24_k12_cw3_094_q00,code_n24_k12_cw3_094,q00,test,0.18,24,12,12,0.5,0.32000000000000006,3,0.25,6.0,3.6666666666666665,3.0,10.0,3.0,0.0,3.0,3.0,1,22,235,12926,exact,2,0.0324,0.0058319999999999995,0.0010497599999999998,0.0324,0.128304,0.24669359999999996,0.40739759999999997,0.3417423252767245
code_n24_k12_cw3_094_q01,code_n24_k12_cw3_094,q01,test,0.24,24,12,12,0.5,0.26,3,0.25,6.0,3.6666666666666665,3.0,10.0,3.0,0.0,3.0,3.0,1,22,235,12926,exact,2,0.0576,0.013823999999999998,0.0033177599999999995,0.0576,0.30412799999999995,0.7796735999999999,1.1414015999999998,0.7614605679164989
code_n24_k12_cw3_094_q02,code_n24_k12_cw3_094,q02,test,0.3,24,12,12,0.5,0.19999999999999996,3,0.25,6.0,3.6666666666666665,3.0,10.0,3.0,0.0,3.0,3.0,1,22,235,12926,exact,2,0.09,0.026999999999999996,0.0081,0.09,0.5939999999999999,1.9035,2.5875,1.2774555810857395
code_n24_k12_cw3_094_q03,code_n24_k12_cw3_094,q03,test,0.36,24,12,12,0.5,0.14,3,0.25,6.0,3.6666666666666665,3.0,10.0,3.0,0.0,3.0,3.0,1,22,235,12926,exact,2,0.1296,0.046655999999999996,0.016796159999999997,0.1296,1.026432,3.9470975999999993,5.103129599999999,1.8088016887948601
code_n24_k12_cw3_095_q00,code_n24_k12_cw3_095,q00,train,0.18,24,12,12,0.5,0.32000000000000006,3,0.25,6.0,7.666666666666667,3.0,11.0,3.0,0.0,3.0,3.0,2,44,478,12926,exact,2,0.0324,0.0058319999999999995,0.0010497599999999998,0.0648,0.256608,0.5017852799999999,0.8231932799999999,0.6005895131154275
code_n24_k12_cw3_095_q01,code_n24_k12_cw3_095,q01,train,0.24,24,12,12,0.5,0.26,3,0.25,6.0,7.666666666666667,3.0,11.0,3.0,0.0,3.0,3.0,2,44,478,12926,exact,2,0.0576,0.013823999999999998,0.0033177599999999995,0.1152,0.6082559999999999,1.5858892799999997,2.3093452799999996,1.1967503692196222
code_n24_k12_cw3_095_q02,code_n24_k12_cw3_095,q02,train,0.3,24,12,12,0.5,0.19999999999999996,3,0.25,6.0,7.666666666666667,3.0,11.0,3.0,0.0,3.0,3.0,2,44,478,12926,exact,2,0.09,0.026999999999999996,0.0081,0.18,1.1879999999999997,3.8718,5.2398,1.8309481305856317
code_n24_k12_cw3_095_q03,code_n24_k12_cw3_095,q03,train,0.36,24,12,12,0.5,0.14,3,0.25,6.0,7.666666666666667,3.0,11.0,3.0,0.0,3.0,3.0,2,44,478,12926,exact,2,0.1296,0.046655999999999996,0.016796159999999997,0.2592,2.052864,8.028564479999998,10.340628479999998,2.428391718280645
code_n24_k12_cw3_096_q00,code_n24_k12_cw3_096,q00,test,0.18,24,12,12,0.5,0.32000000000000006,3,0.25,6.0,4.666666666666667,2.0,9.0,3.0,0.0,3.0,3.0,3,66,694,12926,exact,2,0.0324,0.0058319999999999995,0.0010497599999999998,0.0972,0.384912,0.7285334399999999,1.21064544,0.7932845271887491
code_n24_k12_cw3_096_q01,code_n24_k12_cw3_096,q01,test,0.24,24,12,12,0.5,0.26,3,0.25,6.0,4.666666666666667,2.0,9.0,3.0,0.0,3.0,3.0,3,66,694,12926,exact,2,0.0576,0.013823999999999998,0.0033177599999999995,0.1728,0.9123839999999999,2.3025254399999997,3.3877094399999996,1.4788073232652117
code_n24_k12_cw3_096_q02,code_n24_k12_cw3_096,q02,test,0.3,24,12,12,0.5,0.19999999999999996,3,0.25,6.0,4.666666666666667,2.0,9.0,3.0,0.0,3.0,3.0,3,66,694,12926,exact,2,0.09,0.026999999999999996,0.0081,0.27,1.7819999999999998,5.6213999999999995,7.673399999999999,2.16026087078179
code_n24_k12_cw3_096_q03,code_n24_k12_cw3_096,q03,test,0.36,24,12,12,0.5,0.14,3,0.25,6.0,4.666666666666667,2.0,9.0,3.0,0.0,3.0,3.0,3,66,694,12926,exact,2,0.1296,0.046655999999999996,0.016796159999999997,0.3888,3.079296,11.656535039999998,15.124631039999997,2.7803479811797462
code_n24_k12_cw3_097_q00,code_n24_k12_cw3_097,q00,test,0.18,24,12,12,0.5,0.32000000000000006,3,0.25,6.0,5.0,2.0,9.0,3.0,0.0,3.0,3.0,0,0,8,12926,exact,4,0.0324,0.0058319999999999995,0.0010497599999999998,0.0,0.0,0.008398079999999999,0.008398079999999999,0.008363012323468396
code_n24_k12_cw3_097_q01,code_n24_k12_cw3_097,q01,test,0.24,24,12,12,0.5,0.26,3,0.25,6.0,5.0,2.0,9.0,3.0,0.0,3.0,3.0,0,0,8,12926,exact,4,0.0576,0.013823999999999998,0.0033177599999999995,0.0,0.0,0.026542079999999996,0.026542079999999996,0.02619595030443698
code_n24_k12_cw3_097_q02,code_n24_k12_cw3_097,q02,test,0.3,24,12,12,0.5,0.19999999999999996,3,0.25,6.0,5.0,2.0,9.0,3.0,0.0,3.0,3.0,0,0,8,12926,exact,4,0.09,0.026999999999999996,0.0081,0.0,0.0,0.0648,0.0648,0.06278698809876482
code_n24_k12_cw3_097_q03,code_n24_k12_cw3_097,q03,test,0.36,24,12,12,0.5,0.14,3,0.25,6.0,5.0,2.0,9.0,3.0,0.0,3.0,3.0,0,0,8,12926,exact,4,0.1296,0.046655999999999996,0.016796159999999997,0.0,0.0,0.13436927999999998,0.13436927999999998,0.12607679603412303
code_n24_k12_cw3_098_q00,code_n24_k12_cw3_098,q00,train,0.18,24,12,12,0.5,0.32000000000000006,3,0.25,6.0,2.6666666666666665,3.0,9.0,3.0,0.0,3.0,3.0,0,0,10,12926,exact,4,0.0324,0.0058319999999999995,0.0010497599999999998,0.0,0.0,0.0104976,0.0104976,0.010442882796867616
code_n24_k12_cw3_098_q01,code_n24_k12_cw3_098,q01,train,0.24,24,12,12,0.5,0.26,3,0.25,6.0,2.6666666666666665,3.0,9.0,3.0,0.0,3.0,3.0,0,0,10,12926,exact,4,0.0576,0.013823999999999998,0.0033177599999999995,0.0,0.0,0.033177599999999995,0.033177599999999995,0.0326391017877269
code_n24_k12_cw3_098_q02,code_n24_k12_cw3_098,q02,train,0.3,24,12,12,0.5,0.19999999999999996,3,0.25,6.0,2.6666666666666665,3.0,9.0,3.0,0.0,3.0,3.0,0,0,10,12926,exact,4,0.09,0.026999999999999996,0.0081,0.0,0.0,0.08099999999999999,0.08099999999999999,0.07788653865707122
code_n24_k12_cw3_098_q03,code_n24_k12_cw3_098,q03,train,0.36,24,12,12,0.5,0.14,3,0.25,6.0,2.6666666666666665,3.0,9.0,3.0,0.0,3.0,3.0,0,0,10,12926,exact,4,0.1296,0.046655999999999996,0.016796159999999997,0.0,0.0,0.1679616,0.1679616,0.15526000715325558
code_n24_k12_cw3_099_q00,code_n24_k12_cw3_099,q00,train,0.18,24,12,12,0.5,0.32000000000000006,3,0.25,6.0,6.833333333333333,3.0,13.0,3.0,0.0,3.0,3.0,1,22,247,12926,exact,2,0.0324,0.0058319999999999995,0.0010497599999999998,0.0324,0.128304,0.25929072,0.41999472,0.3506531532963973
code_n24_k12_cw3_099_q01,code_n24_k12_cw3_099,q01,train,0.24,24,12,12,0.5,0.26,3,0.25,6.0,6.833333333333333,3.0,13.0,3.0,0.0,3.0,3.0,1,22,247,12926,exact,2,0.0576,0.013823999999999998,0.0033177599999999995,0.0576,0.30412799999999995,0.8194867199999999,1.1812147199999998,0.7798819326257618
code_n24_k12_cw3_099_q02,code_n24_k12_cw3_099,q02,train,0.3,24,12,12,0.5,0.19999999999999996,3,0.25,6.0,6.833333333333333,3.0,13.0,3.0,0.0,3.0,3.0,1,22,247,12926,exact,2,0.09,0.026999999999999996,0.0081,0.09,0.5939999999999999,2.0006999999999997,2.6846999999999994,1.3041891112010469
code_n24_k12_cw3_099_q03,code_n24_k12_cw3_099,q03,train,0.36,24,12,12,0.5,0.14,3,0.25,6.0,6.833333333333333,3.0,13.0,3.0,0.0,3.0,3.0,1,22,247,12926,exact,2,0.1296,0.046655999999999996,0.016796159999999997,0.1296,1.026432,4.14865152,5.304683519999999,1.8412927730738002
code_n24_k12_cw3_100_q00,code_n24_k12_cw3_100,q00,validation,0.18,24,12,12,0.5,0.32000000000000006,3,0.25,6.0,4.5,2.0,9.0,3.0,0.0,3.0,3.0,2,44,473,12926,exact,2,0.0324,0.0058319999999999995,0.0010497599999999998,0.0648,0.256608,0.49653647999999995,0.81794448,0.5977064562350553
code_n24_k12_cw3_100_q01,code_n24_k12_cw3_100,q01,validation,0.24,24,12,12,0.5,0.26,3,0.25,6.0,4.5,2.0,9.0,3.0,0.0,3.0,3.0,2,44,473,12926,exact,2,0.0576,0.013823999999999998,0.0033177599999999995,0.1152,0.6082559999999999,1.5693004799999997,2.2927564799999995,1.1917250498549943
code_n24_k12_cw3_100_q02,code_n24_k12_cw3_100,q02,validation,0.3,24,12,12,0.5,0.19999999999999996,3,0.25,6.0,4.5,2.0,9.0,3.0,0.0,3.0,3.0,2,44,473,12926,exact,2,0.09,0.026999999999999996,0.0081,0.18,1.1879999999999997,3.8312999999999997,5.199299999999999,1.8244363824511902
code_n24_k12_cw3_100_q03,code_n24_k12_cw3_100,q03,validation,0.36,24,12,12,0.5,0.14,3,0.25,6.0,4.5,2.0,9.0,3.0,0.0,3.0,3.0,2,44,473,12926,exact,2,0.1296,0.046655999999999996,0.016796159999999997,0.2592,2.052864,7.944583679999999,10.256647679999999,2.4209588590237687
code_n24_k12_cw3_101_q00,code_n24_k12_cw3_101,q00,test,0.18,24,12,12,0.5,0.32000000000000006,3,0.25,6.0,5.0,3.0,12.0,3.0,0.0,3.0,3.0,1,22,239,12926,exact,2,0.0324,0.0058319999999999995,0.0010497599999999998,0.0324,0.128304,0.25089263999999994,0.41159663999999996,0.344721432538446
code_n24_k12_cw3_101_q01,code_n24_k12_cw3_101,q01,test,0.24,24,12,12,0.5,0.26,3,0.25,6.0,5.0,3.0,12.0,3.0,0.0,3.0,3.0,1,22,239,12926,exact,2,0.0576,0.013823999999999998,0.0033177599999999995,0.0576,0.30412799999999995,0.7929446399999999,1.1546726399999998,0.7676388048240694
code_n24_k12_cw3_101_q02,code_n24_k12_cw3_101,q02,test,0.3,24,12,12,0.5,0.19999999999999996,3,0.25,6.0,5.0,3.0,12.0,3.0,0.0,3.0,3.0,1,22,239,12926,exact,2,0.09,0.026999999999999996,0.0081,0.09,0.5939999999999999,1.9359,2.6199,1.2864464011467291
code_n24_k12_cw3_101_q03,code_n24_k12_cw3_101,q03,test,0.36,24,12,12,0.5,0.14,3,0.25,6.0,5.0,3.0,12.0,3.0,0.0,3.0,3.0,1,22,239,12926,exact,2,0.1296,0.046655999999999996,0.016796159999999997,0.1296,1.026432,4.014282239999999,5.170314239999999,1.8197497669283338
code_n24_k12_cw3_102_q00,code_n24_k12_cw3_102,q00,test,0.18,24,12,12,0.5,0.32000000000000006,3,0.25,6.0,2.8333333333333335,3.0,9.0,3.0,0.0,3.0,3.0,3,66,695,12926,exact,2,0.0324,0.0058319999999999995,0.0010497599999999998,0.0972,0.384912,0.7295831999999999,1.2116951999999999,0.7937592803139254
code_n24_k12_cw3_102_q01,code_n24_k12_cw3_102,q01,test,0.24,24,12,12,0.5,0.26,3,0.25,6.0,2.8333333333333335,3.0,9.0,3.0,0.0,3.0,3.0,3,66,695,12926,exact,2,0.0576,0.013823999999999998,0.0033177599999999995,0.1728,0.9123839999999999,2.3058431999999995,3.3910271999999995,1.4795631860491214
code_n24_k12_cw3_102_q02,code_n24_k12_cw3_102,q02,test,0.3,24,12,12,0.5,0.19999999999999996,3,0.25,6.0,2.8333333333333335,3.0,9.0,3.0,0.0,3.0,3.0,3,66,695,12926,exact,2,0.09,0.026999999999999996,0.0081,0.27,1.7819999999999998,5.629499999999999,7.681499999999999,2.1611943248020555
code_n24_k12_cw3_102_q03,code_n24_k12_cw3_102,q03,test,0.36,24,12,12,0.5,0.14,3,0.25,6.0,2.8333333333333335,3.0,9.0,3.0,0.0,3.0,3.0,3,66,695,12926,exact,2,0.1296,0.046655999999999996,0.016796159999999997,0.3888,3.079296,11.673331199999998,15.141427199999997,2.7813890852025667
code_n24_k12_cw3_103_q00,code_n24_k12_cw3_103,q00,train,0.18,24,12,12,0.5,0.32000000000000006,3,0.25,6.0,2.0,3.0,8.0,3.0,0.0,3.0,3.0,1,22,237,12926,exact,2,0.0324,0.0058319999999999995,0.0010497599999999998,0.0324,0.128304,0.24879311999999995,0.40949711999999994,0.34323298829218457
code_n24_k12_cw3_103_q01,code_n24_k12_cw3_103,q01,train,0.24,24,12,12,0.5,0.26,3,0.25,6.0,2.0,3.0,8.0,3.0,0.0,3.0,3.0,1,22,237,12926,exact,2,0.0576,0.013823999999999998,0.0033177599999999995,0.0576,0.30412799999999995,0.7863091199999999,1.1480371199999997,0.7645544576891063
code_n24_k12_cw3_103_q02,code_n24_k12_cw3_103,q02,train,0.3,24,12,12,0.5,0.19999999999999996,3,0.25,6.0,2.0,3.0,8.0,3.0,0.0,3.0,3.0,1,22,237,12926,exact,2,0.09,0.026999999999999996,0.0081,0.09,0.5939999999999999,1.9197,2.6037,1.2819610954378728
code_n24_k12_cw3_103_q03,code_n24_k12_cw3_103,q03,train,0.36,24,12,12,0.5,0.14,3,0.25,6.0,2.0,3.0,8.0,3.0,0.0,3.0,3.0,1,22,237,12926,exact,2,0.1296,0.046655999999999996,0.016796159999999997,0.1296,1.026432,3.980689919999999,5.136721919999999,1.814290710338624
code_n24_k12_cw3_104_q00,code_n24_k12_cw3_104,q00,train,0.18,24,12,12,0.5,0.32000000000000006,3,0.25,6.0,5.833333333333333,2.0,10.0,3.0,0.0,3.0,3.0,0,0,13,12926,exact,4,0.0324,0.0058319999999999995,0.0010497599999999998,0.0,0.0,0.013646879999999998,0.013646879999999998,0.013554599941830819
code_n24_k12_cw3_104_q01,code_n24_k12_cw3_104,q01,train,0.24,24,12,12,0.5,0.26,3,0.25,6.0,5.833333333333333,2.0,10.0,3.0,0.0,3.0,3.0,0,0,13,12926,exact,4,0.0576,0.013823999999999998,0.0033177599999999995,0.0,0.0,0.043130879999999996,0.043130879999999996,0.0422266523264035
code_n24_k12_cw3_104_q02,code_n24_k12_cw3_104,q02,train,0.3,24,12,12,0.5,0.19999999999999996,3,0.25,6.0,5.833333333333333,2.0,10.0,3.0,0.0,3.0,3.0,0,0,13,12926,exact,4,0.09,0.026999999999999996,0.0081,0.0,0.0,0.10529999999999999,0.10529999999999999,0.10011679133477265
code_n24_k12_cw3_104_q03,code_n24_k12_cw3_104,q03,train,0.36,24,12,12,0.5,0.14,3,0.25,6.0,5.833333333333333,2.0,10.0,3.0,0.0,3.0,3.0,0,0,13,12926,exact,4,0.1296,0.046655999999999996,0.016796159999999997,0.0,0.0,0.21835007999999997,0.21835007999999997,0.1974975499931984
code_n24_k12_cw3_105_q00,code_n24_k12_cw3_105,q00,test,0.18,24,12,12,0.5,0.32000000000000006,3,0.25,6.0,2.0,4.0,8.0,3.0,0.0,3.0,3.0,2,44,463,12926,exact,2,0.0324,0.0058319999999999995,0.0010497599999999998,0.0648,0.256608,0.48603887999999995,0.80744688,0.5919152859605596
code_n24_k12_cw3_105_q01,code_n24_k12_cw3_105,q01,test,0.24,24,12,12,0.5,0.26,3,0.25,6.0,2.0,4.0,8.0,3.0,0.0,3.0,3.0,2,44,463,12926,exact,2,0.0576,0.013823999999999998,0.0033177599999999995,0.1152,0.6082559999999999,1.5361228799999997,2.2595788799999994,1.1815980091203204
code_n24_k12_cw3_105_q02,code_n24_k12_cw3_105,q02,test,0.3,24,12,12,0.5,0.19999999999999996,3,0.25,6.0,2.0,4.0,8.0,3.0,0.0,3.0,3.0,2,44,463,12926,exact,2,0.09,0.026999999999999996,0.0081,0.18,1.1879999999999997,3.7502999999999997,5.1183,1.811284280159064
code_n24_k12_cw3_105_q03,code_n24_k12_cw3_105,q03,test,0.36,24,12,12,0.5,0.14,3,0.25,6.0,2.0,4.0,8.0,3.0,0.0,3.0,3.0,2,44,463,12926,exact,2,0.1296,0.046655999999999996,0.016796159999999997,0.2592,2.052864,7.776622079999999,10.088686079999999,2.4059253164351886
code_n24_k12_cw3_106_q00,code_n24_k12_cw3_106,q00,validation,0.18,24,12,12,0.5,0.32000000000000006,3,0.25,6.0,3.6666666666666665,3.0,10.0,3.0,0.0,3.0,3.0,1,22,240,12926,exact,2,0.0324,0.0058319999999999995,0.0010497599999999998,0.0324,0.128304,0.25194239999999996,0.41264639999999997,0.34546482468528067
code_n24_k12_cw3_106_q01,code_n24_k12_cw3_106,q01,validation,0.24,24,12,12,0.5,0.26,3,0.25,6.0,3.6666666666666665,3.0,10.0,3.0,0.0,3.0,3.0,1,22,240,12926,exact,2,0.0576,0.013823999999999998,0.0033177599999999995,0.0576,0.30412799999999995,0.7962623999999998,1.1579903999999996,0.7691774182625631
code_n24_k12_cw3_106_q02,code_n24_k12_cw3_106,q02,validation,0.3,24,12,12,0.5,0.19999999999999996,3,0.25,6.0,3.6666666666666665,3.0,10.0,3.0,0.0,3.0,3.0,1,22,240,12926,exact,2,0.09,0.026999999999999996,0.0081,0.09,0.5939999999999999,1.944,2.6279999999999997,1.2886815322528902
code_n24_k12_cw3_106_q03,code_n24_k12_cw3_106,q03,validation,0.36,24,12,12,0.5,0.14,3,0.25,6.0,3.6666666666666665,3.0,10.0,3.0,0.0,3.0,3.0,1,22,240,12926,exact,2,0.1296,0.046655999999999996,0.016796159999999997,0.1296,1.026432,4.031078399999999,5.187110399999999,1.8224681602558228
code_n24_k12_cw3_107_q00,code_n24_k12_cw3_107,q00,validation,0.18,24,12,12,0.5,0.32000000000000006,3,0.25,6.0,5.5,1.0,9.0,3.0,0.0,3.0,3.0,1,22,255,12926,exact,2,0.0324,0.0058319999999999995,0.0010497599999999998,0.0324,0.128304,0.26768879999999995,0.42839279999999996,0.3565498961205798
code_n24_k12_cw3_107_q01,code_n24_k12_cw3_107,q01,validation,0.24,24,12,12,0.5,0.26,3,0.25,6.0,5.5,1.0,9.0,3.0,0.0,3.0,3.0,1,22,255,12926,exact,2,0.0576,0.013823999999999998,0.0033177599999999995,0.0576,0.30412799999999995,0.8460287999999999,1.2077567999999999,0.7919769774209146
code_n24_k12_cw3_107_q02,code_n24_k12_cw3_107,q02,validation,0.3,24,12,12,0.5,0.19999999999999996,3,0.25,6.0,5.5,1.0,9.0,3.0,0.0,3.0,3.0,1,22,255,12926,exact,2,0.09,0.026999999999999996,0.0081,0.09,0.5939999999999999,2.0654999999999997,2.7494999999999994,1.321622497759307
code_n24_k12_cw3_107_q03,code_n24_k12_cw3_107,q03,validation,0.36,24,12,12,0.5,0.14,3,0.25,6.0,5.5,1.0,9.0,3.0,0.0,3.0,3.0,1,22,255,12926,exact,2,0.1296,0.046655999999999996,0.016796159999999997,0.1296,1.026432,4.283020799999999,5.439052799999999,1.8623814485534869
code_n24_k12_cw3_108_q00,code_n24_k12_cw3_108,q00,train,0.18,24,12,12,0.5,0.32000000000000006,3,0.25,6.0,7.833333333333333,2.0,10.0,3.0,0.0,3.0,3.0,3,66,696,12926,exact,2,0.0324,0.0058319999999999995,0.0010497599999999998,0.0972,0.384912,0.7306329599999999,1.2127449599999998,0.7942338081555217
code_n24_k12_cw3_108_q01,code_n24_k12_cw3_108,q01,train,0.24,24,12,12,0.5,0.26,3,0.25,6.0,7.833333333333333,2.0,10.0,3.0,0.0,3.0,3.0,3,66,696,12926,exact,2,0.0576,0.013823999999999998,0.0033177599999999995,0.1728,0.9123839999999999,2.30916096,3.3943449599999997,1.480318477935976
code_n24_k12_cw3_108_q02,code_n24_k12_cw3_108,q02,train,0.3,24,12,12,0.5,0.19999999999999996,3,0.25,6.0,7.833333333333333,2.0,10.0,3.0,0.0,3.0,3.0,3,66,696,12926,exact,2,0.09,0.026999999999999996,0.0081,0.27,1.7819999999999998,5.6376,7.6895999999999995,2.162126908298444
code_n24_k12_cw3_108_q03,code_n24_k12_cw3_108,q03,train,0.36,24,12,12,0.5,0.14,3,0.25,6.0,7.833333333333333,2.0,10.0,3.0,0.0,3.0,3.0,3,66,696,12926,exact,2,0.1296,0.046655999999999996,0.016796159999999997,0.3888,3.079296,11.690127359999998,15.158223359999997,2.7824291064549795
code_n24_k12_cw3_109_q00,code_n24_k12_cw3_109,q00,train,0.18,24,12,12,0.5,0.32000000000000006,3,0.25,6.0,3.3333333333333335,3.0,9.0,3.0,0.0,3.0,3.0,2,44,468,12926,exact,2,0.0324,0.0058319999999999995,0.0010497599999999998,0.0648,0.256608,0.49128767999999995,0.81269568,0.5948150632985929
code_n24_k12_cw3_109_q01,code_n24_k12_cw3_109,q01,train,0.24,24,12,12,0.5,0.26,3,0.25,6.0,3.3333333333333335,3.0,9.0,3.0,0.0,3.0,3.0,2,44,468,12926,exact,2,0.0576,0.013823999999999998,0.0033177599999999995,0.1152,0.6082559999999999,1.5527116799999998,2.2761676799999995,1.1866743490521319
code_n24_k12_cw3_109_q02,code_n24_k12_cw3_109,q02,train,0.3,24,12,12,0.5,0.19999999999999996,3,0.25,6.0,3.3333333333333335,3.0,9.0,3.0,0.0,3.0,3.0,2,44,468,12926,exact,2,0.09,0.026999999999999996,0.0081,0.18,1.1879999999999997,3.7908,5.158799999999999,1.8178819533736266
code_n24_k12_cw3_109_q03,code_n24_k12_cw3_109,q03,train,0.36,24,12,12,0.5,0.14,3,0.25,6.0,3.3333333333333335,3.0,9.0,3.0,0.0,3.0,3.0,2,44,468,12926,exact,2,0.1296,0.046655999999999996,0.016796159999999997,0.2592,2.052864,7.860602879999999,10.17266688,2.4134703383887897
code_n24_k12_cw3_110_q00,code_n24_k12_cw3_110,q00,validation,0.18,24,12,12,0.5,0.32000000000000006,3,0.25,6.0,4.5,3.0,10.0,3.0,0.0,3.0,3.0,2,44,464,12926,exact,2,0.0324,0.0058319999999999995,0.0010497599999999998,0.0648,0.256608,0.4870886399999999,0.80849664,0.5924959145150079
code_n24_k12_cw3_110_q01,code_n24_k12_cw3_110,q01,validation,0.24,24,12,12,0.5,0.26,3,0.25,6.0,4.5,3.0,10.0,3.0,0.0,3.0,3.0,2,44,464,12926,exact,2,0.0576,0.013823999999999998,0.0033177599999999995,0.1152,0.6082559999999999,1.5394406399999998,2.2628966399999997,1.1826153407380393
code_n24_k12_cw3_110_q02,code_n24_k12_cw3_110,q02,validation,0.3,24,12,12,0.5,0.19999999999999996,3,0.25,6.0,4.5,3.0,10.0,3.0,0.0,3.0,3.0,2,44,464,12926,exact,2,0.09,0.026999999999999996,0.0081,0.18,1.1879999999999997,3.7584,5.126399999999999,1.812607301740893
code_n24_k12_cw3_110_q03,code_n24_k12_cw3_110,q03,validation,0.36,24,12,12,0.5,0.14,3,0.25,6.0,4.5,3.0,10.0,3.0,0.0,3.0,3.0,2,44,464,12926,exact,2,0.1296,0.046655999999999996,0.016796159999999997,0.2592,2.052864,7.7934182399999985,10.105482239999999,2.407438881887548
code_n24_k12_cw3_111_q00,code_n24_k12_cw3_111,q00,test,0.18,24,12,12,0.5,0.32000000000000006,3,0.25,6.0,2.3333333333333335,3.0,8.0,3.0,0.0,3.0,3.0,2,44,469,12926,exact,2,0.0324,0.0058319999999999995,0.0010497599999999998,0.0648,0.256608,0.4923374399999999,0.8137454399999999,0.5953940110849126
code_n24_k12_cw3_111_q01,code_n24_k12_cw3_111,q01,test,0.24,24,12,12,0.5,0.26,3,0.25,6.0,2.3333333333333335,3.0,8.0,3.0,0.0,3.0,3.0,2,44,469,12926,exact,2,0.0576,0.013823999999999998,0.0033177599999999995,0.1152,0.6082559999999999,1.5560294399999997,2.2794854399999993,1.1876865320406234
code_n24_k12_cw3_111_q02,code_n24_k12_cw3_111,q02,test,0.3,24,12,12,0.5,0.19999999999999996,3,0.25,6.0,2.3333333333333335,3.0,8.0,3.0,0.0,3.0,3.0,2,44,469,12926,exact,2,0.09,0.026999999999999996,0.0081,0.18,1.1879999999999997,3.7988999999999997,5.166899999999999,1.8191962805381743
code_n24_k12_cw3_111_q03,code_n24_k12_cw3_111,q03,test,0.36,24,12,12,0.5,0.14,3,0.25,6.0,2.3333333333333335,3.0,8.0,3.0,0.0,3.0,3.0,2,44,469,12926,exact,2,0.1296,0.046655999999999996,0.016796159999999997,0.2592,2.052864,7.8773990399999985,10.189463039999998,2.4149725354709637
code_n24_k12_cw3_112_q00,code_n24_k12_cw3_112,q00,test,0.18,24,12,12,0.5,0.32000000000000006,3,0.25,6.0,5.666666666666667,1.0,9.0,3.0,0.0,3.0,3.0,2,44,468,12926,exact,2,0.0324,0.0058319999999999995,0.0010497599999999998,0.0648,0.256608,0.49128767999999995,0.81269568,0.5948150632985929
code_n24_k12_cw3_112_q01,code_n24_k12_cw3_112,q01,test,0.24,24,12,12,0.5,0.26,3,0.25,6.0,5.666666666666667,1.0,9.0,3.0,0.0,3.0,3.0,2,44,468,12926,exact,2,0.0576,0.013823999999999998,0.0033177599999999995,0.1152,0.6082559999999999,1.5527116799999998,2.2761676799999995,1.1866743490521319
code_n24_k12_cw3_112_q02,code_n24_k12_cw3_112,q02,test,0.3,24,12,12,0.5,0.19999999999999996,3,0.25,6.0,5.666666666666667,1.0,9.0,3.0,0.0,3.0,3.0,2,44,468,12926,exact,2,0.09,0.026999999999999996,0.0081,0.18,1.1879999999999997,3.7908,5.158799999999999,1.8178819533736266
code_n24_k12_cw3_112_q03,code_n24_k12_cw3_112,q03,test,0.36,24,12,12,0.5,0.14,3,0.25,6.0,5.666666666666667,1.0,9.0,3.0,0.0,3.0,3.0,2,44,468,12926,exact,2,0.1296,0.046655999999999996,0.016796159999999997,0.2592,2.052864,7.860602879999999,10.17266688,2.4134703383887897
code_n24_k12_cw3_113_q00,code_n24_k12_cw3_113,q00,train,0.18,24,12,12,0.5,0.32000000000000006,3,0.25,6.0,3.3333333333333335,3.0,9.0,3.0,0.0,3.0,3.0,1,22,241,12926,exact,2,0.0324,0.0058319999999999995,0.0010497599999999998,0.0324,0.128304,0.25299215999999997,0.41369616,0.346207664610723
code_n24_k12_cw3_113_q01,code_n24_k12_cw3_113,q01,train,0.24,24,12,12,0.5,0.26,3,0.25,6.0,3.3333333333333335,3.0,9.0,3.0,0.0,3.0,3.0,1,22,241,12926,exact,2,0.0576,0.013823999999999998,0.0033177599999999995,0.0576,0.30412799999999995,0.7995801599999999,1.16130816,0.7707136680060912
code_n24_k12_cw3_113_q02,code_n24_k12_cw3_113,q02,train,0.3,24,12,12,0.5,0.19999999999999996,3,0.25,6.0,3.3333333333333335,3.0,9.0,3.0,0.0,3.0,3.0,1,22,241,12926,exact,2,0.09,0.026999999999999996,0.0081,0.09,0.5939999999999999,1.9521,2.6361,1.2909116786873136
code_n24_k12_cw3_113_q03,code_n24_k12_cw3_113,q03,train,0.36,24,12,12,0.5,0.14,3,0.25,6.0,3.3333333333333335,3.0,9.0,3.0,0.0,3.0,3.0,1,22,241,12926,exact,2,0.1296,0.046655999999999996,0.016796159999999997,0.1296,1.026432,4.0478745599999995,5.203906559999999,1.8251791839500646
code_n24_k12_cw3_114_q00,code_n24_k12_cw3_114,q00,train,0.18,24,12,12,0.5,0.32000000000000006,3,0.25,6.0,2.6666666666666665,3.0,9.0,3.0,0.0,3.0,3.0,0,0,9,12926,exact,4,0.0324,0.0058319999999999995,0.0010497599999999998,0.0,0.0,0.009447839999999999,0.009447839999999999,0.009403488292718807
code_n24_k12_cw3_114_q01,code_n24_k12_cw3_114,q01,train,0.24,24,12,12,0.5,0.26,3,0.25,6.0,2.6666666666666665,3.0,9.0,3.0,0.0,3.0,3.0,0,0,9,12926,exact,4,0.0576,0.013823999999999998,0.0033177599999999995,0.0,0.0,0.029859839999999995,0.029859839999999995,0.029422715312235354
code_n24_k12_cw3_114_q02,code_n24_k12_cw3_114,q02,train,0.3,24,12,12,0.5,0.19999999999999996,3,0.25,6.0,2.6666666666666665,3.0,9.0,3.0,0.0,3.0,3.0,0,0,9,12926,exact,4,0.09,0.026999999999999996,0.0081,0.0,0.0,0.07289999999999999,0.07289999999999999,0.07036526266056348
code_n24_k12_cw3_114_q03,code_n24_k12_cw3_114,q03,train,0.36,24,12,12,0.5,0.14,3,0.25,6.0,2.6666666666666665,3.0,9.0,3.0,0.0,3.0,3.0,0,0,9,12926,exact,4,0.1296,0.046655999999999996,0.016796159999999997,0.0,0.0,0.15116543999999998,0.15116543999999998,0.14077485529257536
code_n24_k12_cw3_115_q00,code_n24_k12_cw3_115,q00,validation,0.18,24,12,12,0.5,0.32000000000000006,3,0.25,6.0,6.166666666666667,1.0,9.0,3.0,0.0,3.0,3.0,0,0,8,12926,exact,4,0.0324,0.0058319999999999995,0.0010497599999999998,0.0,0.0,0.008398079999999999,0.008398079999999999,0.008363012323468396
code_n24_k12_cw3_115_q01,code_n24_k12_cw3_115,q01,validation,0.24,24,12,12,0.5,0.26,3,0.25,6.0,6.166666666666667,1.0,9.0,3.0,0.0,3.0,3.0,0,0,8,12926,exact,4,0.0576,0.013823999999999998,0.0033177599999999995,0.0,0.0,0.026542079999999996,0.026542079999999996,0.02619595030443698
code_n24_k12_cw3_115_q02,code_n24_k12_cw3_115,q02,validation,0.3,24,12,12,0.5,0.19999999999999996,3,0.25,6.0,6.166666666666667,1.0,9.0,3.0,0.0,3.0,3.0,0,0,8,12926,exact,4,0.09,0.026999999999999996,0.0081,0.0,0.0,0.0648,0.0648,0.06278698809876482
code_n24_k12_cw3_115_q03,code_n24_k12_cw3_115,q03,validation,0.36,24,12,12,0.5,0.14,3,0.25,6.0,6.166666666666667,1.0,9.0,3.0,0.0,3.0,3.0,0,0,8,12926,exact,4,0.1296,0.046655999999999996,0.016796159999999997,0.0,0.0,0.13436927999999998,0.13436927999999998,0.12607679603412303
code_n24_k12_cw3_116_q00,code_n24_k12_cw3_116,q00,validation,0.18,24,12,12,0.5,0.32000000000000006,3,0.25,6.0,7.166666666666667,3.0,12.0,3.0,0.0,3.0,3.0,0,0,12,12926,exact,4,0.0324,0.0058319999999999995,0.0010497599999999998,0.0,0.0,0.012597119999999998,0.012597119999999998,0.012518436386087699
code_n24_k12_cw3_116_q01,code_n24_k12_cw3_116,q01,validation,0.24,24,12,12,0.5,0.26,3,0.25,6.0,7.166666666666667,3.0,12.0,3.0,0.0,3.0,3.0,0,0,12,12926,exact,4,0.0576,0.013823999999999998,0.0033177599999999995,0.0,0.0,0.039813119999999994,0.039813119999999994,0.03904100469899195
code_n24_k12_cw3_116_q02,code_n24_k12_cw3_116,q02,validation,0.3,24,12,12,0.5,0.19999999999999996,3,0.25,6.0,7.166666666666667,3.0,12.0,3.0,0.0,3.0,3.0,0,0,12,12926,exact,4,0.09,0.026999999999999996,0.0081,0.0,0.0,0.0972,0.0972,0.0927614800813111
code_n24_k12_cw3_116_q03,code_n24_k12_cw3_116,q03,validation,0.36,24,12,12,0.5,0.14,3,0.25,6.0,7.166666666666667,3.0,12.0,3.0,0.0,3.0,3.0,0,0,12,12926,exact,4,0.1296,0.046655999999999996,0.016796159999999997,0.0,0.0,0.20155391999999997,0.20155391999999997,0.18361565242422082
code_n24_k12_cw3_117_q00,code_n24_k12_cw3_117,q00,validation,0.18,24,12,12,0.5,0.32000000000000006,3,0.25,6.0,4.666666666666667,2.0,9.0,3.0,0.0,3.0,3.0,0,0,9,12926,exact,4,0.0324,0.0058319999999999995,0.0010497599999999998,0.0,0.0,0.009447839999999999,0.009447839999999999,0.009403488292718807
code_n24_k12_cw3_117_q01,code_n24_k12_cw3_117,q01,validation,0.24,24,12,12,0.5,0.26,3,0.25,6.0,4.666666666666667,2.0,9.0,3.0,0.0,3.0,3.0,0,0,9,12926,exact,4,0.0576,0.013823999999999998,0.0033177599999999995,0.0,0.0,0.029859839999999995,0.029859839999999995,0.029422715312235354
code_n24_k12_cw3_117_q02,code_n24_k12_cw3_117,q02,validation,0.3,24,12,12,0.5,0.19999999999999996,3,0.25,6.0,4.666666666666667,2.0,9.0,3.0,0.0,3.0,3.0,0,0,9,12926,exact,4,0.09,0.026999999999999996,0.0081,0.0,0.0,0.07289999999999999,0.07289999999999999,0.07036526266056348
code_n24_k12_cw3_117_q03,code_n24_k12_cw3_117,q03,validation,0.36,24,12,12,0.5,0.14,3,0.25,6.0,4.666666666666667,2.0,9.0,3.0,0.0,3.0,3.0,0,0,9,12926,exact,4,0.1296,0.046655999999999996,0.016796159999999997,0.0,0.0,0.15116543999999998,0.15116543999999998,0.14077485529257536
code_n24_k12_cw3_118_q00,code_n24_k12_cw3_118,q00,train,0.18,24,12,12,0.5,0.32000000000000006,3,0.25,6.0,5.166666666666667,2.0,10.0,3.0,0.0,3.0,3.0,4,88,927,12926,exact,2,0.0324,0.0058319999999999995,0.0010497599999999998,0.1296,0.513216,0.9731275199999998,1.6159435199999999,0.9616248431478129
code_n24_k12_cw3_118_q01,code_n24_k12_cw3_118,q01,train,0.24,24,12,12,0.5,0.26,3,0.25,6.0,5.166666666666667,2.0,10.0,3.0,0.0,3.0,3.0,4,88,927,12926,exact,2,0.0576,0.013823999999999998,0.0033177599999999995,0.2304,1.2165119999999998,3.0755635199999993,4.522475519999999,1.7088262235272988
code_n24_k12_cw3_118_q02,code_n24_k12_cw3_118,q02,train,0.3,24,12,12,0.5,0.19999999999999996,3,0.25,6.0,5.166666666666667,2.0,10.0,3.0,0.0,3.0,3.0,4,88,927,12926,exact,2,0.09,0.026999999999999996,0.0081,0.36,2.3759999999999994,7.508699999999999,10.244699999999998,2.4198969065316125
code_n24_k12_cw3_118_q03,code_n24_k12_cw3_118,q03,train,0.36,24,12,12,0.5,0.14,3,0.25,6.0,5.166666666666667,2.0,10.0,3.0,0.0,3.0,3.0,4,88,927,12926,exact,2,0.1296,0.046655999999999996,0.016796159999999997,0.5184,4.105728,15.570040319999997,20.194168319999996,3.0537260645914484
code_n24_k12_cw3_119_q00,code_n24_k12_cw3_119,q00,validation,0.18,24,12,12,0.5,0.32000000000000006,3,0.25,6.0,3.3333333333333335,4.0,10.0,3.0,0.0,3.0,3.0,2,44,465,12926,exact,2,0.0324,0.0058319999999999995,0.0010497599999999998,0.0648,0.256608,0.4881383999999999,0.8095463999999999,0.5930762061355619
code_n24_k12_cw3_119_q01,code_n24_k12_cw3_119,q01,validation,0.24,24,12,12,0.5,0.26,3,0.25,6.0,3.3333333333333335,4.0,10.0,3.0,0.0,3.0,3.0,2,44,465,12926,exact,2,0.0576,0.013823999999999998,0.0033177599999999995,0.1152,0.6082559999999999,1.5427583999999996,2.2662143999999995,1.1836316384438799
code_n24_k12_cw3_119_q02,code_n24_k12_cw3_119,q02,validation,0.3,24,12,12,0.5,0.19999999999999996,3,0.25,6.0,3.3333333333333335,4.0,10.0,3.0,0.0,3.0,3.0,2,44,465,12926,exact,2,0.09,0.026999999999999996,0.0081,0.18,1.1879999999999997,3.7664999999999997,5.134499999999999,1.8139285752491003
code_n24_k12_cw3_119_q03,code_n24_k12_cw3_119,q03,validation,0.36,24,12,12,0.5,0.14,3,0.25,6.0,3.3333333333333335,4.0,10.0,3.0,0.0,3.0,3.0,2,44,465,12926,exact,2,0.1296,0.046655999999999996,0.016796159999999997,0.2592,2.052864,7.810214399999999,10.122278399999999,2.4089501599212504
code_n32_k16_cw3_000_q00,code_n32_k16_cw3_000,q00,train,0.18,32,16,16,0.5,0.32000000000000006,3,0.1875,6.0,5.875,3.0,13.0,3.0,0.0,3.0,3.0,0,0,5,41416,exact,4,0.0324,0.0058319999999999995,0.0010497599999999998,0.0,0.0,0.0052488,0.0052488,0.005235073061631587
code_n32_k16_cw3_000_q01,code_n32_k16_cw3_000,q01,train,0.24,32,16,16,0.5,0.26,3,0.1875,6.0,5.875,3.0,13.0,3.0,0.0,3.0,3.0,0,0,5,41416,exact,4,0.0576,0.013823999999999998,0.0033177599999999995,0.0,0.0,0.016588799999999997,0.016588799999999997,0.01645270885409976
code_n32_k16_cw3_000_q02,code_n32_k16_cw3_000,q02,train,0.3,32,16,16,0.5,0.19999999999999996,3,0.1875,6.0,5.875,3.0,13.0,3.0,0.0,3.0,3.0,0,0,5,41416,exact,4,0.09,0.026999999999999996,0.0081,0.0,0.0,0.040499999999999994,0.040499999999999994,0.03970136685155206
code_n32_k16_cw3_000_q03,code_n32_k16_cw3_000,q03,train,0.36,32,16,16,0.5,0.14,3,0.1875,6.0,5.875,3.0,13.0,3.0,0.0,3.0,3.0,0,0,5,41416,exact,4,0.1296,0.046655999999999996,0.016796159999999997,0.0,0.0,0.0839808,0.0839808,0.08064019068347023
code_n32_k16_cw3_001_q00,code_n32_k16_cw3_001,q00,train,0.18,32,16,16,0.5,0.32000000000000006,3,0.1875,6.0,2.875,4.0,9.0,3.0,0.0,3.0,3.0,0,0,7,41416,exact,4,0.0324,0.0058319999999999995,0.0010497599999999998,0.0,0.0,0.0073483199999999985,0.0073483199999999985,0.007321452636295071
code_n32_k16_cw3_001_q01,code_n32_k16_cw3_001,q01,train,0.24,32,16,16,0.5,0.26,3,0.1875,6.0,2.875,4.0,9.0,3.0,0.0,3.0,3.0,0,0,7,41416,exact,4,0.0576,0.013823999999999998,0.0033177599999999995,0.0,0.0,0.023224319999999996,0.023224319999999996,0.0229587395692226
code_n32_k16_cw3_001_q02,code_n32_k16_cw3_001,q02,train,0.3,32,16,16,0.5,0.19999999999999996,3,0.1875,6.0,2.875,4.0,9.0,3.0,0.0,3.0,3.0,0,0,7,41416,exact,4,0.09,0.026999999999999996,0.0081,0.0,0.0,0.0567,0.0567,0.05515084446484804
code_n32_k16_cw3_001_q03,code_n32_k16_cw3_001,q03,train,0.36,32,16,16,0.5,0.14,3,0.1875,6.0,2.875,4.0,9.0,3.0,0.0,3.0,3.0,0,0,7,41416,exact,4,0.1296,0.046655999999999996,0.016796159999999997,0.0,0.0,0.11757311999999998,0.11757311999999998,0.11115947713235992
code_n32_k16_cw3_002_q00,code_n32_k16_cw3_002,q00,test,0.18,32,16,16,0.5,0.32000000000000006,3,0.1875,6.0,5.125,3.0,10.0,3.0,0.0,3.0,3.0,1,30,439,41416,exact,2,0.0324,0.0058319999999999995,0.0010497599999999998,0.0324,0.17495999999999998,0.4608446399999999,0.6682046399999999,0.5117479822625803
code_n32_k16_cw3_002_q01,code_n32_k16_cw3_002,q01,test,0.24,32,16,16,0.5,0.26,3,0.1875,6.0,5.125,3.0,10.0,3.0,0.0,3.0,3.0,1,30,439,41416,exact,2,0.0576,0.013823999999999998,0.0033177599999999995,0.0576,0.4147199999999999,1.4564966399999997,1.9288166399999995,1.0745984643155342
code_n32_k16_cw3_002_q02,code_n32_k16_cw3_002,q02,test,0.3,32,16,16,0.5,0.19999999999999996,3,0.1875,6.0,5.125,3.0,10.0,3.0,0.0,3.0,3.0,1,30,439,41416,exact,2,0.09,0.026999999999999996,0.0081,0.09,0.8099999999999998,3.5559,4.4559,1.6966975919274452
code_n32_k16_cw3_002_q03,code_n32_k16_cw3_002,q03,test,0.36,32,16,16,0.5,0.14,3,0.1875,6.0,5.125,3.0,10.0,3.0,0.0,3.0,3.0,1,30,439,41416,exact,2,0.1296,0.046655999999999996,0.016796159999999997,0.1296,1.3996799999999998,7.373514239999999,8.902794239999999,2.2928169637811506
code_n32_k16_cw3_003_q00,code_n32_k16_cw3_003,q00,train,0.18,32,16,16,0.5,0.32000000000000006,3,0.1875,6.0,6.375,2.0,10.0,3.0,0.0,3.0,3.0,1,30,443,41416,exact,2,0.0324,0.0058319999999999995,0.0010497599999999998,0.0324,0.17495999999999998,0.4650436799999999,0.67240368,0.514261920928371
code_n32_k16_cw3_003_q01,code_n32_k16_cw3_003,q01,train,0.24,32,16,16,0.5,0.26,3,0.1875,6.0,6.375,2.0,10.0,3.0,0.0,3.0,3.0,1,30,443,41416,exact,2,0.0576,0.013823999999999998,0.0033177599999999995,0.0576,0.4147199999999999,1.4697676799999997,1.9420876799999995,1.07911942459035
code_n32_k16_cw3_003_q02,code_n32_k16_cw3_003,q02,train,0.3,32,16,16,0.5,0.19999999999999996,3,0.1875,6.0,6.375,2.0,10.0,3.0,0.0,3.0,3.0,1,30,443,41416,exact,2,0.09,0.026999999999999996,0.0081,0.09,0.8099999999999998,3.5883,4.4883,1.7026185536525547
code_n32_k16_cw3_003_q03,code_n32_k16_cw3_003,q03,train,0.36,32,16,16,0.5,0.14,3,0.1875,6.0,6.375,2.0,10.0,3.0,0.0,3.0,3.0,1,30,443,41416,exact,2,0.1296,0.046655999999999996,0.016796159999999997,0.1296,1.3996799999999998,7.4406988799999985,8.969978879999998,2.2995784656164378
code_n32_k16_cw3_004_q00,code_n32_k16_cw3_004,q00,train,0.18,32,16,16,0.5,0.32000000000000006,3,0.1875,6.0,4.75,3.0,11.0,3.0,0.0,3.0,3.0,1,30,440,41416,exact,2,0.0324,0.0058319999999999995,0.0010497599999999998,0.0324,0.17495999999999998,0.4618943999999999,0.6692543999999999,0.5123770596666999
code_n32_k16_cw3_004_q01,code_n32_k16_cw3_004,q01,train,0.24,32,16,16,0.5,0.26,3,0.1875,6.0,4.75,3.0,11.0,3.0,0.0,3.0,3.0,1,30,440,41416,exact,2,0.0576,0.013823999999999998,0.0033177599999999995,0.0576,0.4147199999999999,1.4598143999999997,1.9321343999999996,1.0757306219915646
code_n32_k16_cw3_004_q02,code_n32_k16_cw3_004,q02,train,0.3,32,16,16,0.5,0.19999999999999996,3,0.1875,6.0,4.75,3.0,11.0,3.0,0.0,3.0,3.0,1,30,440,41416,exact,2,0.09,0.026999999999999996,0.0081,0.09,0.8099999999999998,3.5639999999999996,4.4639999999999995,1.6981811222684888
code_n32_k16_cw3_004_q03,code_n32_k16_cw3_004,q03,train,0.36,32,16,16,0.5,0.14,3,0.1875,6.0,4.75,3.0,11.0,3.0,0.0,3.0,3.0,1,30,440,41416,exact,2,0.1296,0.046655999999999996,0.016796159999999997,0.1296,1.3996799999999998,7.390310399999999,8.919590399999999,2.2945116301217316
code_n32_k16_cw3_005_q00,code_n32_k16_cw3_005,q00,train,0.18,32,16,16,0.5,0.32000000000000006,3,0.1875,6.0,4.25,1.0,10.0,3.0,0.0,3.0,3.0,0,0,5,41416,exact,4,0.0324,0.0058319999999999995,0.0010497599999999998,0.0,0.0,0.0052488,0.0052488,0.005235073061631587
code_n32_k16_cw3_005_q01,code_n32_k16_cw3_005,q01,train,0.24,32,16,16,0.5,0.26,3,0.1875,6.0,4.25,1.0,10.0,3.0,0.0,3.0,3.0,0,0,5,41416,exact,4,0.0576,0.013823999999999998,0.0033177599999999995,0.0,0.0,0.016588799999999997,0.016588799999999997,0.01645270885409976
code_n32_k16_cw3_005_q02,code_n32_k16_cw3_005,q02,train,0.3,32,16,16,0.5,0.19999999999999996,3,0.1875,6.0,4.25,1.0,10.0,3.0,0.0,3.0,3.0,0,0,5,41416,exact,4,0.09,0.026999999999999996,0.0081,0.0,0.0,0.040499999999999994,0.040499999999999994,0.03970136685155206
code_n32_k16_cw3_005_q03,code_n32_k16_cw3_005,q03,train,0.36,32,16,16,0.5,0.14,3,0.1875,6.0,4.25,1.0,10.0,3.0,0.0,3.0,3.0,0,0,5,41416,exact,4,0.1296,0.046655999999999996,0.016796159999999997,0.0,0.0,0.0839808,0.0839808,0.08064019068347023
code_n32_k16_cw3_006_q00,code_n32_k16_cw3_006,q00,train,0.18,32,16,16,0.5,0.32000000000000006,3,0.1875,6.0,7.625,1.0,11.0,3.0,0.0,3.0,3.0,5,150,2167,41416,exact,2,0.0324,0.0058319999999999995,0.0010497599999999998,0.16199999999999998,0.8747999999999999,2.2748299199999997,3.3116299199999997,1.4613160043204998
code_n32_k16_cw3_006_q01,code_n32_k16_cw3_006,q01,train,0.24,32,16,16,0.5,0.26,3,0.1875,6.0,7.625,1.0,11.0,3.0,0.0,3.0,3.0,5,150,2167,41416,exact,2,0.0576,0.013823999999999998,0.0033177599999999995,0.288,2.0735999999999994,7.189585919999999,9.551185919999998,2.3562382630832763
code_n32_k16_cw3_006_q02,code_n32_k16_cw3_006,q02,train,0.3,32,16,16,0.5,0.19999999999999996,3,0.1875,6.0,7.625,1.0,11.0,3.0,0.0,3.0,3.0,5,150,2167,41416,exact,2,0.09,0.026999999999999996,0.0081,0.44999999999999996,4.05,17.552699999999998,22.052699999999998,3.1377828992421306
code_n32_k16_cw3_006_q03,code_n32_k16_cw3_006,q03,train,0.36,32,16,16,0.5,0.14,3,0.1875,6.0,7.625,1.0,11.0,3.0,0.0,3.0,3.0,5,150,2167,41416,exact,2,0.1296,0.046655999999999996,0.016796159999999997,0.6479999999999999,6.998399999999999,36.397278719999996,44.043678719999996,3.8076326572278663
code_n32_k16_cw3_007_q00,code_n32_k16_cw3_007,q00,test,0.18,32,16,16,0.5,0.32000000000000006,3,0.1875,6.0,3.375,4.0,10.0,3.0,0.0,3.0,3.0,1,30,439,41416,exact,2,0.0324,0.0058319999999999995,0.0010497599999999998,0.0324,0.17495999999999998,0.4608446399999999,0.6682046399999999,0.5117479822625803
code_n32_k16_cw3_007_q01,code_n32_k16_cw3_007,q01,test,0.24,32,16,16,0.5,0.26,3,0.1875,6.0,3.375,4.0,10.0,3.0,0.0,3.0,3.0,1,30,439,41416,exact,2,0.0576,0.013823999999999998,0.0033177599999999995,0.0576,0.4147199999999999,1.4564966399999997,1.9288166399999995,1.0745984643155342
code_n32_k16_cw3_007_q02,code_n32_k16_cw3_007,q02,test,0.3,32,16,16,0.5,0.19999999999999996,3,0.1875,6.0,3.375,4.0,10.0,3.0,0.0,3.0,3.0,1,30,439,41416,exact,2,0.09,0.026999999999999996,0.0081,0.09,0.8099999999999998,3.5559,4.4559,1.6966975919274452
code_n32_k16_cw3_007_q03,code_n32_k16_cw3_007,q03,test,0.36,32,16,16,0.5,0.14,3,0.1875,6.0,3.375,4.0,10.0,3.0,0.0,3.0,3.0,1,30,439,41416,exact,2,0.1296,0.046655999999999996,0.016796159999999997,0.1296,1.3996799999999998,7.373514239999999,8.902794239999999,2.2928169637811506
code_n32_k16_cw3_008_q00,code_n32_k16_cw3_008,q00,validation,0.18,32,16,16,0.5,0.32000000000000006,3,0.1875,6.0,4.0,4.0,10.0,3.0,0.0,3.0,3.0,0,0,7,41416,exact,4,0.0324,0.0058319999999999995,0.0010497599999999998,0.0,0.0,0.0073483199999999985,0.0073483199999999985,0.007321452636295071
code_n32_k16_cw3_008_q01,code_n32_k16_cw3_008,q01,validation,0.24,32,16,16,0.5,0.26,3,0.1875,6.0,4.0,4.0,10.0,3.0,0.0,3.0,3.0,0,0,7,41416,exact,4,0.0576,0.013823999999999998,0.0033177599999999995,0.0,0.0,0.023224319999999996,0.023224319999999996,0.0229587395692226
code_n32_k16_cw3_008_q02,code_n32_k16_cw3_008,q02,validation,0.3,32,16,16,0.5,0.19999999999999996,3,0.1875,6.0,4.0,4.0,10.0,3.0,0.0,3.0,3.0,0,0,7,41416,exact,4,0.09,0.026999999999999996,0.0081,0.0,0.0,0.0567,0.0567,0.05515084446484804
code_n32_k16_cw3_008_q03,code_n32_k16_cw3_008,q03,validation,0.36,32,16,16,0.5,0.14,3,0.1875,6.0,4.0,4.0,10.0,3.0,0.0,3.0,3.0,0,0,7,41416,exact,4,0.1296,0.046655999999999996,0.016796159999999997,0.0,0.0,0.11757311999999998,0.11757311999999998,0.11115947713235992
code_n32_k16_cw3_009_q00,code_n32_k16_cw3_009,q00,validation,0.18,32,16,16,0.5,0.32000000000000006,3,0.1875,6.0,4.5,1.0,9.0,3.0,0.0,3.0,3.0,1,30,441,41416,exact,2,0.0324,0.0058319999999999995,0.0010497599999999998,0.0324,0.17495999999999998,0.46294415999999994,0.6703041599999999,0.5130057415812195
code_n32_k16_cw3_009_q01,code_n32_k16_cw3_009,q01,validation,0.24,32,16,16,0.5,0.26,3,0.1875,6.0,4.5,1.0,9.0,3.0,0.0,3.0,3.0,1,30,441,41416,exact,2,0.0576,0.013823999999999998,0.0033177599999999995,0.0576,0.4147199999999999,1.4631321599999998,1.9354521599999996,1.0768614993359922
code_n32_k16_cw3_009_q02,code_n32_k16_cw3_009,q02,validation,0.3,32,16,16,0.5,0.19999999999999996,3,0.1875,6.0,4.5,1.0,9.0,3.0,0.0,3.0,3.0,1,30,441,41416,exact,2,0.09,0.026999999999999996,0.0081,0.09,0.8099999999999998,3.5721,4.472099999999999,1.6996624550070674
code_n32_k16_cw3_009_q03,code_n32_k16_cw3_009,q03,validation,0.36,32,16,16,0.5,0.14,3,0.1875,6.0,4.5,1.0,9.0,3.0,0.0,3.0,3.0,1,30,441,41416,exact,2,0.1296,0.046655999999999996,0.016796159999999997,0.1296,1.3996799999999998,7.407106559999999,8.936386559999999,2.2962034294262916
code_n32_k16_cw3_010_q00,code_n32_k16_cw3_010,q00,train,0.18,32,16,16,0.5,0.32000000000000006,3,0.1875,6.0,6.375,2.0,12.0,3.0,0.0,3.0,3.0,1,30,445,41416,exact,2,0.0324,0.0058319999999999995,0.0010497599999999998,0.0324,0.17495999999999998,0.4671431999999999,0.6745032,0.5155165242685106
code_n32_k16_cw3_010_q01,code_n32_k16_cw3_010,q01,train,0.24,32,16,16,0.5,0.26,3,0.1875,6.0,6.375,2.0,12.0,3.0,0.0,3.0,3.0,1,30,445,41416,exact,2,0.0576,0.013823999999999998,0.0033177599999999995,0.0576,0.4147199999999999,1.4764031999999998,1.9487231999999997,1.081372263101583
code_n32_k16_cw3_010_q02,code_n32_k16_cw3_010,q02,train,0.3,32,16,16,0.5,0.19999999999999996,3,0.1875,6.0,6.375,2.0,12.0,3.0,0.0,3.0,3.0,1,30,445,41416,exact,2,0.09,0.026999999999999996,0.0081,0.09,0.8099999999999998,3.6045,4.504499999999999,1.7055659395283207
code_n32_k16_cw3_010_q03,code_n32_k16_cw3_010,q03,train,0.36,32,16,16,0.5,0.14,3,0.1875,6.0,6.375,2.0,12.0,3.0,0.0,3.0,3.0,1,30,445,41416,exact,2,0.1296,0.046655999999999996,0.016796159999999997,0.1296,1.3996799999999998,7.474291199999999,9.003571199999998,2.302942149241876
code_n32_k16_cw3_011_q00,code_n32_k16_cw3_011,q00,test,0.18,32,16,16,0.5,0.32000000000000006,3,0.1875,6.0,6.5,2.0,12.0,3.0,0.0,3.0,3.0,3,90,1306,41416,exact,2,0.0324,0.0058319999999999995,0.0010497599999999998,0.0972,0.5248799999999999,1.3709865599999997,1.9930665599999995,1.0962984671799207
code_n32_k16_cw3_011_q01,code_n32_k16_cw3_011,q01,test,0.24,32,16,16,0.5,0.26,3,0.1875,6.0,6.5,2.0,12.0,3.0,0.0,3.0,3.0,3,90,1306,41416,exact,2,0.0576,0.013823999999999998,0.0033177599999999995,0.1728,1.2441599999999997,4.3329945599999995,5.749954559999999,1.9095357730099274
code_n32_k16_cw3_011_q02,code_n32_k16_cw3_011,q02,test,0.3,32,16,16,0.5,0.19999999999999996,3,0.1875,6.0,6.5,2.0,12.0,3.0,0.0,3.0,3.0,3,90,1306,41416,exact,2,0.09,0.026999999999999996,0.0081,0.27,2.4299999999999997,10.5786,13.278599999999999,2.658761912889594
code_n32_k16_cw3_011_q03,code_n32_k16_cw3_011,q03,test,0.36,32,16,16,0.5,0.14,3,0.1875,6.0,6.5,2.0,12.0,3.0,0.0,3.0,3.0,3,90,1306,41416,exact,2,0.1296,0.046655999999999996,0.016796159999999997,0.3888,4.199039999999999,21.935784959999996,26.523624959999996,3.315044725320935
code_n32_k16_cw3_012_q00,code_n32_k16_cw3_012,q00,train,0.18,32,16,16,0.5,0.32000000000000006,3,0.1875,6.0,5.875,2.0,10.0,3.0,0.0,3.0,3.0,2,60,873,41416,exact,2,0.0324,0.0058319999999999995,0.0010497599999999998,0.0648,0.34991999999999995,0.9164404799999999,1.3311604799999999,0.8463662036726897
code_n32_k16_cw3_012_q01,code_n32_k16_cw3_012,q01,train,0.24,32,16,16,0.5,0.26,3,0.1875,6.0,5.875,2.0,10.0,3.0,0.0,3.0,3.0,2,60,873,41416,exact,2,0.0576,0.013823999999999998,0.0033177599999999995,0.1152,0.8294399999999998,2.8964044799999997,3.8410444799999994,1.5771304990996056
code_n32_k16_cw3_012_q02,code_n32_k16_cw3_012,q02,train,0.3,32,16,16,0.5,0.19999999999999996,3,0.1875,6.0,5.875,2.0,10.0,3.0,0.0,3.0,3.0,2,60,873,41416,exact,2,0.09,0.026999999999999996,0.0081,0.18,1.6199999999999997,7.0713,8.8713,2.289631557031464
code_n32_k16_cw3_012_q03,code_n32_k16_cw3_012,q03,train,0.36,32,16,16,0.5,0.14,3,0.1875,6.0,5.875,2.0,10.0,3.0,0.0,3.0,3.0,2,60,873,41416,exact,2,0.1296,0.046655999999999996,0.016796159999999997,0.2592,2.7993599999999996,14.663047679999998,17.721607679999998,2.929678347703821
code_n32_k16_cw3_013_q00,code_n32_k16_cw3_013,q00,test,0.18,32,16,16,0.5,0.32000000000000006,3,0.1875,6.0,8.5,1.0,13.0,3.0,0.0,3.0,3.0,0,0,8,41416,exact,4,0.0324,0.0058319999999999995,0.0010497599999999998,0.0,0.0,0.008398079999999999,0.008398079999999999,0.008363012323468396
code_n32_k16_cw3_013_q01,code_n32_k16_cw3_013,q01,test,0.24,32,16,16,0.5,0.26,3,0.1875,6.0,8.5,1.0,13.0,3.0,0.0,3.0,3.0,0,0,8,41416,exact,4,0.0576,0.013823999999999998,0.0033177599999999995,0.0,0.0,0.026542079999999996,0.026542079999999996,0.02619595030443698
code_n32_k16_cw3_013_q02,code_n32_k16_cw3_013,q02,test,0.3,32,16,16,0.5,0.19999999999999996,3,0.1875,6.0,8.5,1.0,13.0,3.0,0.0,3.0,3.0,0,0,8,41416,exact,4,0.09,0.026999999999999996,0.0081,0.0,0.0,0.0648,0.0648,0.06278698809876482
code_n32_k16_cw3_013_q03,code_n32_k16_cw3_013,q03,test,0.36,32,16,16,0.5,0.14,3,0.1875,6.0,8.5,1.0,13.0,3.0,0.0,3.0,3.0,0,0,8,41416,exact,4,0.1296,0.046655999999999996,0.016796159999999997,0.0,0.0,0.13436927999999998,0.13436927999999998,0.12607679603412303
code_n32_k16_cw3_014_q00,code_n32_k16_cw3_014,q00,train,0.18,32,16,16,0.5,0.32000000000000006,3,0.1875,6.0,3.625,2.0,9.0,3.0,0.0,3.0,3.0,0,0,4,41416,exact,4,0.0324,0.0058319999999999995,0.0010497599999999998,0.0,0.0,0.004199039999999999,0.004199039999999999,0.004190248633147544
code_n32_k16_cw3_014_q01,code_n32_k16_cw3_014,q01,train,0.24,32,16,16,0.5,0.26,3,0.1875,6.0,3.625,2.0,9.0,3.0,0.0,3.0,3.0,0,0,4,41416,exact,4,0.0576,0.013823999999999998,0.0033177599999999995,0.0,0.0,0.013271039999999998,0.013271039999999998,0.013183751176225745
code_n32_k16_cw3_014_q02,code_n32_k16_cw3_014,q02,train,0.3,32,16,16,0.5,0.19999999999999996,3,0.1875,6.0,3.625,2.0,9.0,3.0,0.0,3.0,3.0,0,0,4,41416,exact,4,0.09,0.026999999999999996,0.0081,0.0,0.0,0.0324,0.0324,0.031886188862321745
code_n32_k16_cw3_014_q03,code_n32_k16_cw3_014,q03,train,0.36,32,16,16,0.5,0.14,3,0.1875,6.0,3.625,2.0,9.0,3.0,0.0,3.0,3.0,0,0,4,41416,exact,4,0.1296,0.046655999999999996,0.016796159999999997,0.0,0.0,0.06718463999999999,0.06718463999999999,0.06502400327204662
code_n32_k16_cw3_015_q00,code_n32_k16_cw3_015,q00,validation,0.18,32,16,16,0.5,0.32000000000000006,3,0.1875,6.0,3.25,3.0,9.0,3.0,0.0,3.0,3.0,3,90,1311,41416,exact,2,0.0324,0.0058319999999999995,0.0010497599999999998,0.0972,0.5248799999999999,1.3762353599999997,1.9983153599999994,1.0980505842750634
code_n32_k16_cw3_015_q01,code_n32_k16_cw3_015,q01,validation,0.24,32,16,16,0.5,0.26,3,0.1875,6.0,3.25,3.0,9.0,3.0,0.0,3.0,3.0,3,90,1311,41416,exact,2,0.0576,0.013823999999999998,0.0033177599999999995,0.1728,1.2441599999999997,4.34958336,5.766543359999999,1.9119903745534985
code_n32_k16_cw3_015_q02,code_n32_k16_cw3_015,q02,validation,0.3,32,16,16,0.5,0.19999999999999996,3,0.1875,6.0,3.25,3.0,9.0,3.0,0.0,3.0,3.0,3,90,1311,41416,exact,2,0.09,0.026999999999999996,0.0081,0.27,2.4299999999999997,10.6191,13.319099999999999,2.661594310395397
code_n32_k16_cw3_015_q03,code_n32_k16_cw3_015,q03,validation,0.36,32,16,16,0.5,0.14,3,0.1875,6.0,3.25,3.0,9.0,3.0,0.0,3.0,3.0,3,90,1311,41416,exact,2,0.1296,0.046655999999999996,0.016796159999999997,0.3888,4.199039999999999,22.019765759999995,26.607605759999995,3.318091305774879
code_n32_k16_cw3_016_q00,code_n32_k16_cw3_016,q00,test,0.18,32,16,16,0.5,0.32000000000000006,3,0.1875,6.0,2.5,3.0,9.0,3.0,0.0,3.0,3.0,0,0,3,41416,exact,4,0.0324,0.0058319999999999995,0.0010497599999999998,0.0,0.0,0.0031492799999999995,0.0031492799999999995,0.0031443314046935215
code_n32_k16_cw3_016_q01,code_n32_k16_cw3_016,q01,test,0.24,32,16,16,0.5,0.26,3,0.1875,6.0,2.5,3.0,9.0,3.0,0.0,3.0,3.0,0,0,3,41416,exact,4,0.0576,0.013823999999999998,0.0033177599999999995,0.0,0.0,0.009953279999999998,0.009953279999999998,0.009904072357517795
code_n32_k16_cw3_016_q02,code_n32_k16_cw3_016,q02,test,0.3,32,16,16,0.5,0.19999999999999996,3,0.1875,6.0,2.5,3.0,9.0,3.0,0.0,3.0,3.0,0,0,3,41416,exact,4,0.09,0.026999999999999996,0.0081,0.0,0.0,0.0243,0.0243,0.024009452460351865
code_n32_k16_cw3_016_q03,code_n32_k16_cw3_016,q03,test,0.36,32,16,16,0.5,0.14,3,0.1875,6.0,2.5,3.0,9.0,3.0,0.0,3.0,3.0,0,0,3,41416,exact,4,0.1296,0.046655999999999996,0.016796159999999997,0.0,0.0,0.05038847999999999,0.05038847999999999,0.04916007669573743
code_n32_k16_cw3_017_q00,code_n32_k16_cw3_017,q00,train,0.18,32,16,16,0.5,0.32000000000000006,3,0.1875,6.0,4.125,3.0,9.0,3.0,0.0,3.0,3.0,0,0,5,41416,exact,4,0.0324,0.0058319999999999995,0.0010497599999999998,0.0,0.0,0.0052488,0.0052488,0.005235073061631587
code_n32_k16_cw3_017_q01,code_n32_k16_cw3_017,q01,train,0.24,32,16,16,0.5,0.26,3,0.1875,6.0,4.125,3.0,9.0,3.0,0.0,3.0,3.0,0,0,5,41416,exact,4,0.0576,0.013823999999999998,0.0033177599999999995,0.0,0.0,0.016588799999999997,0.016588799999999997,0.01645270885409976
code_n32_k16_cw3_017_q02,code_n32_k16_cw3_017,q02,train,0.3,32,16,16,0.5,0.19999999999999996,3,0.1875,6.0,4.125,3.0,9.0,3.0,0.0,3.0,3.0,0,0,5,41416,exact,4,0.09,0.026999999999999996,0.0081,0.0,0.0,0.040499999999999994,0.040499999999999994,0.03970136685155206
code_n32_k16_cw3_017_q03,code_n32_k16_cw3_017,q03,train,0.36,32,16,16,0.5,0.14,3,0.1875,6.0,4.125,3.0,9.0,3.0,0.0,3.0,3.0,0,0,5,41416,exact,4,0.1296,0.046655999999999996,0.016796159999999997,0.0,0.0,0.0839808,0.0839808,0.08064019068347023
code_n32_k16_cw3_018_q00,code_n32_k16_cw3_018,q00,train,0.18,32,16,16,0.5,0.32000000000000006,3,0.1875,6.0,3.5,2.0,10.0,3.0,0.0,3.0,3.0,0,0,2,41416,exact,4,0.0324,0.0058319999999999995,0.0010497599999999998,0.0,0.0,0.0020995199999999997,0.0020995199999999997,0.002097319087919047
code_n32_k16_cw3_018_q01,code_n32_k16_cw3_018,q01,train,0.24,32,16,16,0.5,0.26,3,0.1875,6.0,3.5,2.0,10.0,3.0,0.0,3.0,3.0,0,0,2,41416,exact,4,0.0576,0.013823999999999998,0.0033177599999999995,0.0,0.0,0.006635519999999999,0.006635519999999999,0.006613601842653617
code_n32_k16_cw3_018_q02,code_n32_k16_cw3_018,q02,train,0.3,32,16,16,0.5,0.19999999999999996,3,0.1875,6.0,3.5,2.0,10.0,3.0,0.0,3.0,3.0,0,0,2,41416,exact,4,0.09,0.026999999999999996,0.0081,0.0,0.0,0.0162,0.0162,0.016070180177494467
code_n32_k16_cw3_018_q03,code_n32_k16_cw3_018,q03,train,0.36,32,16,16,0.5,0.14,3,0.1875,6.0,3.5,2.0,10.0,3.0,0.0,3.0,3.0,0,0,2,41416,exact,4,0.1296,0.046655999999999996,0.016796159999999997,0.0,0.0,0.033592319999999995,0.033592319999999995,0.03304042367803795
code_n32_k16_cw3_019_q00,code_n32_k16_cw3_019,q00,train,0.18,32,16,16,0.5,0.32000000000000006,3,0.1875,6.0,3.25,3.0,10.0,3.0,0.0,3.0,3.0,2,60,872,41416,exact,2,0.0324,0.0058319999999999995,0.0010497599999999998,0.0648,0.34991999999999995,0.9153907199999999,1.33011072,0.8459157857619071
code_n32_k16_cw3_019_q01,code_n32_k16_cw3_019,q01,train,0.24,32,16,16,0.5,0.26,3,0.1875,6.0,3.25,3.0,10.0,3.0,0.0,3.0,3.0,2,60,872,41416,exact,2,0.0576,0.013823999999999998,0.0033177599999999995,0.1152,0.8294399999999998,2.8930867199999994,3.837726719999999,1.5764449244411305
code_n32_k16_cw3_019_q02,code_n32_k16_cw3_019,q02,train,0.3,32,16,16,0.5,0.19999999999999996,3,0.1875,6.0,3.25,3.0,10.0,3.0,0.0,3.0,3.0,2,60,872,41416,exact,2,0.09,0.026999999999999996,0.0081,0.18,1.6199999999999997,7.063199999999999,8.863199999999999,2.288810659572206
code_n32_k16_cw3_019_q03,code_n32_k16_cw3_019,q03,train,0.36,32,16,16,0.5,0.14,3,0.1875,6.0,3.25,3.0,10.0,3.0,0.0,3.0,3.0,2,60,872,41416,exact,2,0.1296,0.046655999999999996,0.016796159999999997,0.2592,2.7993599999999996,14.646251519999998,17.704811519999996,2.9287807912991943
code_n32_k16_cw3_020_q00,code_n32_k16_cw3_020,q00,test,0.18,32,16,16,0.5,0.32000000000000006,3,0.1875,6.0,2.875,3.0,10.0,3.0,0.0,3.0,3.0,0,0,4,41416,exact,4,0.0324,0.0058319999999999995,0.0010497599999999998,0.0,0.0,0.004199039999999999,0.004199039999999999,0.004190248633147544
code_n32_k16_cw3_020_q01,code_n32_k16_cw3_020,q01,test,0.24,32,16,16,0.5,0.26,3,0.1875,6.0,2.875,3.0,10.0,3.0,0.0,3.0,3.0,0,0,4,41416,exact,4,0.0576,0.013823999999999998,0.0033177599999999995,0.0,0.0,0.013271039999999998,0.013271039999999998,0.013183751176225745
code_n32_k16_cw3_020_q02,code_n32_k16_cw3_020,q02,test,0.3,32,16,16,0.5,0.19999999999999996,3,0.1875,6.0,2.875,3.0,10.0,3.0,0.0,3.0,3.0,0,0,4,41416,exact,4,0.09,0.026999999999999996,0.0081,0.0,0.0,0.0324,0.0324,0.031886188862321745
code_n32_k16_cw3_020_q03,code_n32_k16_cw3_020,q03,test,0.36,32,16,16,0.5,0.14,3,0.1875,6.0,2.875,3.0,10.0,3.0,0.0,3.0,3.0,0,0,4,41416,exact,4,0.1296,0.046655999999999996,0.016796159999999997,0.0,0.0,0.06718463999999999,0.06718463999999999,0.06502400327204662
code_n32_k16_cw3_021_q00,code_n32_k16_cw3_021,q00,train,0.18,32,16,16,0.5,0.32000000000000006,3,0.1875,6.0,6.5,1.0,12.0,3.0,0.0,3.0,3.0,1,30,438,41416,exact,2,0.0324,0.0058319999999999995,0.0010497599999999998,0.0324,0.17495999999999998,0.4597948799999999,0.6671548799999999,0.5111185088709606
code_n32_k16_cw3_021_q01,code_n32_k16_cw3_021,q01,train,0.24,32,16,16,0.5,0.26,3,0.1875,6.0,6.5,1.0,12.0,3.0,0.0,3.0,3.0,1,30,438,41416,exact,2,0.0576,0.013823999999999998,0.0033177599999999995,0.0576,0.4147199999999999,1.4531788799999998,1.9254988799999997,1.0734650234055403
code_n32_k16_cw3_021_q02,code_n32_k16_cw3_021,q02,train,0.3,32,16,16,0.5,0.19999999999999996,3,0.1875,6.0,6.5,1.0,12.0,3.0,0.0,3.0,3.0,1,30,438,41416,exact,2,0.09,0.026999999999999996,0.0081,0.09,0.8099999999999998,3.5477999999999996,4.447799999999999,1.695211857453826
code_n32_k16_cw3_021_q03,code_n32_k16_cw3_021,q03,train,0.36,32,16,16,0.5,0.14,3,0.1875,6.0,6.5,1.0,12.0,3.0,0.0,3.0,3.0,1,30,438,41416,exact,2,0.1296,0.046655999999999996,0.016796159999999997,0.1296,1.3996799999999998,7.3567180799999985,8.885998079999998,2.2911194206707086
code_n32_k16_cw3_022_q00,code_n32_k16_cw3_022,q00,train,0.18,32,16,16,0.5,0.32000000000000006,3,0.1875,6.0,6.25,2.0,12.0,3.0,0.0,3.0,3.0,0,0,5,41416,exact,4,0.0324,0.0058319999999999995,0.0010497599999999998,0.0,0.0,0.0052488,0.0052488,0.005235073061631587
code_n32_k16_cw3_022_q01,code_n32_k16_cw3_022,q01,train,0.24,32,16,16,0.5,0.26,3,0.1875,6.0,6.25,2.0,12.0,3.0,0.0,3.0,3.0,0,0,5,41416,exact,4,0.0576,0.013823999999999998,0.0033177599999999995,0.0,0.0,0.016588799999999997,0.016588799999999997,0.01645270885409976
code_n32_k16_cw3_022_q02,code_n32_k16_cw3_022,q02,train,0.3,32,16,16,0.5,0.19999999999999996,3,0.1875,6.0,6.25,2.0,12.0,3.0,0.0,3.0,3.0,0,0,5,41416,exact,4,0.09,0.026999999999999996,0.0081,0.0,0.0,0.040499999999999994,0.040499999999999994,0.03970136685155206
code_n32_k16_cw3_022_q03,code_n32_k16_cw3_022,q03,train,0.36,32,16,16,0.5,0.14,3,0.1875,6.0,6.25,2.0,12.0,3.0,0.0,3.0,3.0,0,0,5,41416,exact,4,0.1296,0.046655999999999996,0.016796159999999997,0.0,0.0,0.0839808,0.0839808,0.08064019068347023
code_n32_k16_cw3_023_q00,code_n32_k16_cw3_023,q00,train,0.18,32,16,16,0.5,0.32000000000000006,3,0.1875,6.0,5.125,2.0,10.0,3.0,0.0,3.0,3.0,3,90,1310,41416,exact,2,0.0324,0.0058319999999999995,0.0010497599999999998,0.0972,0.5248799999999999,1.3751855999999998,1.9972655999999995,1.097700406363121
code_n32_k16_cw3_023_q01,code_n32_k16_cw3_023,q01,train,0.24,32,16,16,0.5,0.26,3,0.1875,6.0,5.125,2.0,10.0,3.0,0.0,3.0,3.0,3,90,1310,41416,exact,2,0.0576,0.013823999999999998,0.0033177599999999995,0.1728,1.2441599999999997,4.3462656,5.763225599999999,1.9114999360136669
code_n32_k16_cw3_023_q02,code_n32_k16_cw3_023,q02,train,0.3,32,16,16,0.5,0.19999999999999996,3,0.1875,6.0,5.125,2.0,10.0,3.0,0.0,3.0,3.0,3,90,1310,41416,exact,2,0.09,0.026999999999999996,0.0081,0.27,2.4299999999999997,10.610999999999999,13.310999999999998,2.6610284723287387
code_n32_k16_cw3_023_q03,code_n32_k16_cw3_023,q03,train,0.36,32,16,16,0.5,0.14,3,0.1875,6.0,5.125,2.0,10.0,3.0,0.0,3.0,3.0,3,90,1310,41416,exact,2,0.1296,0.046655999999999996,0.016796159999999997,0.3888,4.199039999999999,22.002969599999997,26.590809599999996,3.3174827317638735
code_n32_k16_cw3_024_q00,code_n32_k16_cw3_024,q00,validation,0.18,32,16,16,0.5,0.32000000000000006,3,0.1875,6.0,4.125,3.0,10.0,3.0,0.0,3.0,3.0,0,0,10,41416,exact,4,0.0324,0.0058319999999999995,0.0010497599999999998,0.0,0.0,0.0104976,0.0104976,0.010442882796867616
code_n32_k16_cw3_024_q01,code_n32_k16_cw3_024,q01,validation,0.24,32,16,16,0.5,0.26,3,0.1875,6.0,4.125,3.0,10.0,3.0,0.0,3.0,3.0,0,0,10,41416,exact,4,0.0576,0.013823999999999998,0.0033177599999999995,0.0,0.0,0.033177599999999995,0.033177599999999995,0.0326391017877269
code_n32_k16_cw3_024_q02,code_n32_k16_cw3_024,q02,validation,0.3,32,16,16,0.5,0.19999999999999996,3,0.1875,6.0,4.125,3.0,10.0,3.0,0.0,3.0,3.0,0,0,10,41416,exact,4,0.09,0.026999999999999996,0.0081,0.0,0.0,0.08099999999999999,0.08099999999999999,0.07788653865707122
code_n32_k16_cw3_024_q03,code_n32_k16_cw3_024,q03,validation,0.36,32,16,16,0.5,0.14,3,0.1875,6.0,4.125,3.0,10.0,3.0,0.0,3.0,3.0,0,0,10,41416,exact,4,0.1296,0.046655999999999996,0.016796159999999997,0.0,0.0,0.1679616,0.1679616,0.15526000715325558
code_n32_k16_cw3_025_q00,code_n32_k16_cw3_025,q00,train,0.18,32,16,16,0.5,0.32000000000000006,3,0.1875,6.0,3.125,3.0,10.0,3.0,0.0,3.0,3.0,1,30,435,41416,exact,2,0.0324,0.0058319999999999995,0.0010497599999999998,0.0324,0.17495999999999998,0.45664559999999993,0.6640055999999999,0.5092277077779692
code_n32_k16_cw3_025_q01,code_n32_k16_cw3_025,q01,train,0.24,32,16,16,0.5,0.26,3,0.1875,6.0,3.125,3.0,10.0,3.0,0.0,3.0,3.0,1,30,435,41416,exact,2,0.0576,0.013823999999999998,0.0033177599999999995,0.0576,0.4147199999999999,1.4432255999999997,1.9155455999999995,1.0700569720996924
code_n32_k16_cw3_025_q02,code_n32_k16_cw3_025,q02,train,0.3,32,16,16,0.5,0.19999999999999996,3,0.1875,6.0,3.125,3.0,10.0,3.0,0.0,3.0,3.0,1,30,435,41416,exact,2,0.09,0.026999999999999996,0.0081,0.09,0.8099999999999998,3.5235,4.4235,1.6907413634981352
code_n32_k16_cw3_025_q03,code_n32_k16_cw3_025,q03,train,0.36,32,16,16,0.5,0.14,3,0.1875,6.0,3.125,3.0,10.0,3.0,0.0,3.0,3.0,1,30,435,41416,exact,2,0.1296,0.046655999999999996,0.016796159999999997,0.1296,1.3996799999999998,7.306329599999999,8.835609599999998,2.2860094326349674
code_n32_k16_cw3_026_q00,code_n32_k16_cw3_026,q00,validation,0.18,32,16,16,0.5,0.32000000000000006,3,0.1875,6.0,5.375,2.0,10.0,3.0,0.0,3.0,3.0,2,60,878,41416,exact,2,0.0324,0.0058319999999999995,0.0010497599999999998,0.0648,0.34991999999999995,0.9216892799999998,1.3364092799999998,0.8486152550987451
code_n32_k16_cw3_026_q01,code_n32_k16_cw3_026,q01,validation,0.24,32,16,16,0.5,0.26,3,0.1875,6.0,5.375,2.0,10.0,3.0,0.0,3.0,3.0,2,60,878,41416,exact,2,0.0576,0.013823999999999998,0.0033177599999999995,0.1152,0.8294399999999998,2.9129932799999994,3.857633279999999,1.5805513398755446
code_n32_k16_cw3_026_q02,code_n32_k16_cw3_026,q02,validation,0.3,32,16,16,0.5,0.19999999999999996,3,0.1875,6.0,5.375,2.0,10.0,3.0,0.0,3.0,3.0,2,60,878,41416,exact,2,0.09,0.026999999999999996,0.0081,0.18,1.6199999999999997,7.1118,8.9118,2.293725966560721
code_n32_k16_cw3_026_q03,code_n32_k16_cw3_026,q03,validation,0.36,32,16,16,0.5,0.14,3,0.1875,6.0,5.375,2.0,10.0,3.0,0.0,3.0,3.0,2,60,878,41416,exact,2,0.1296,0.046655999999999996,0.016796159999999997,0.2592,2.7993599999999996,14.747028479999997,17.805588479999997,2.934154085237498
code_n32_k16_cw3_027_q00,code_n32_k16_cw3_027,q00,train,0.18,32,16,16,0.5,0.32000000000000006,3,0.1875,6.0,2.25,4.0,9.0,3.0,0.0,3.0,3.0,0,0,4,41416,exact,4,0.0324,0.0058319999999999995,0.0010497599999999998,0.0,0.0,0.004199039999999999,0.004199039999999999,0.004190248633147544
code_n32_k16_cw3_027_q01,code_n32_k16_cw3_027,q01,train,0.24,32,16,16,0.5,0.26,3,0.1875,6.0,2.25,4.0,9.0,3.0,0.0,3.0,3.0,0,0,4,41416,exact,4,0.0576,0.013823999999999998,0.0033177599999999995,0.0,0.0,0.013271039999999998,0.013271039999999998,0.013183751176225745
code_n32_k16_cw3_027_q02,code_n32_k16_cw3_027,q02,train,0.3,32,16,16,0.5,0.19999999999999996,3,0.1875,6.0,2.25,4.0,9.0,3.0,0.0,3.0,3.0,0,0,4,41416,exact,4,0.09,0.026999999999999996,0.0081,0.0,0.0,0.0324,0.0324,0.031886188862321745
code_n32_k16_cw3_027_q03,code_n32_k16_cw3_027,q03,train,0.36,32,16,16,0.5,0.14,3,0.1875,6.0,2.25,4.0,9.0,3.0,0.0,3.0,3.0,0,0,4,41416,exact,4,0.1296,0.046655999999999996,0.016796159999999997,0.0,0.0,0.06718463999999999,0.06718463999999999,0.06502400327204662
code_n32_k16_cw3_028_q00,code_n32_k16_cw3_028,q00,train,0.18,32,16,16,0.5,0.32000000000000006,3,0.1875,6.0,4.25,2.0,8.0,3.0,0.0,3.0,3.0,1,30,438,41416,exact,2,0.0324,0.0058319999999999995,0.0010497599999999998,0.0324,0.17495999999999998,0.4597948799999999,0.6671548799999999,0.5111185088709606
code_n32_k16_cw3_028_q01,code_n32_k16_cw3_028,q01,train,0.24,32,16,16,0.5,0.26,3,0.1875,6.0,4.25,2.0,8.0,3.0,0.0,3.0,3.0,1,30,438,41416,exact,2,0.0576,0.013823999999999998,0.0033177599999999995,0.0576,0.4147199999999999,1.4531788799999998,1.9254988799999997,1.0734650234055403
code_n32_k16_cw3_028_q02,code_n32_k16_cw3_028,q02,train,0.3,32,16,16,0.5,0.19999999999999996,3,0.1875,6.0,4.25,2.0,8.0,3.0,0.0,3.0,3.0,1,30,438,41416,exact,2,0.09,0.026999999999999996,0.0081,0.09,0.8099999999999998,3.5477999999999996,4.447799999999999,1.695211857453826
code_n32_k16_cw3_028_q03,code_n32_k16_cw3_028,q03,train,0.36,32,16,16,0.5,0.14,3,0.1875,6.0,4.25,2.0,8.0,3.0,0.0,3.0,3.0,1,30,438,41416,exact,2,0.1296,0.046655999999999996,0.016796159999999997,0.1296,1.3996799999999998,7.3567180799999985,8.885998079999998,2.2911194206707086
code_n32_k16_cw3_029_q00,code_n32_k16_cw3_029,q00,train,0.18,32,16,16,0.5,0.32000000000000006,3,0.1875,6.0,3.625,2.0,9.0,3.0,0.0,3.0,3.0,1,30,444,41416,exact,2,0.0324,0.0058319999999999995,0.0010497599999999998,0.0324,0.17495999999999998,0.4660934399999999,0.6734534399999998,0.5148894193521204
code_n32_k16_cw3_029_q01,code_n32_k16_cw3_029,q01,train,0.24,32,16,16,0.5,0.26,3,0.1875,6.0,3.625,2.0,9.0,3.0,0.0,3.0,3.0,1,30,444,41416,exact,2,0.0576,0.013823999999999998,0.0033177599999999995,0.0576,0.4147199999999999,1.4730854399999997,1.9454054399999996,1.080246478256002
code_n32_k16_cw3_029_q02,code_n32_k16_cw3_029,q02,train,0.3,32,16,16,0.5,0.19999999999999996,3,0.1875,6.0,3.625,2.0,9.0,3.0,0.0,3.0,3.0,1,30,444,41416,exact,2,0.09,0.026999999999999996,0.0081,0.09,0.8099999999999998,3.5963999999999996,4.4963999999999995,1.7040933324754821
code_n32_k16_cw3_029_q03,code_n32_k16_cw3_029,q03,train,0.36,32,16,16,0.5,0.14,3,0.1875,6.0,3.625,2.0,9.0,3.0,0.0,3.0,3.0,1,30,444,41416,exact,2,0.1296,0.046655999999999996,0.016796159999999997,0.1296,1.3996799999999998,7.457495039999999,8.986775039999998,2.3012617217244316
code_n32_k16_cw3_030_q00,code_n32_k16_cw3_030,q00,train,0.18,32,16,16,0.5,0.32000000000000006,3,0.1875,6.0,3.875,3.0,10.0,3.0,0.0,3.0,3.0,0,0,7,41416,exact,4,0.0324,0.0058319999999999995,0.0010497599999999998,0.0,0.0,0.0073483199999999985,0.0073483199999999985,0.007321452636295071
code_n32_k16_cw3_030_q01,code_n32_k16_cw3_030,q01,train,0.24,32,16,16,0.5,0.26,3,0.1875,6.0,3.875,3.0,10.0,3.0,0.0,3.0,3.0,0,0,7,41416,exact,4,0.0576,0.013823999999999998,0.0033177599999999995,0.0,0.0,0.023224319999999996,0.023224319999999996,0.0229587395692226
code_n32_k16_cw3_030_q02,code_n32_k16_cw3_030,q02,train,0.3,32,16,16,0.5,0.19999999999999996,3,0.1875,6.0,3.875,3.0,10.0,3.0,0.0,3.0,3.0,0,0,7,41416,exact,4,0.09,0.026999999999999996,0.0081,0.0,0.0,0.0567,0.0567,0.05515084446484804
code_n32_k16_cw3_030_q03,code_n32_k16_cw3_030,q03,train,0.36,32,16,16,0.5,0.14,3,0.1875,6.0,3.875,3.0,10.0,3.0,0.0,3.0,3.0,0,0,7,41416,exact,4,0.1296,0.046655999999999996,0.016796159999999997,0.0,0.0,0.11757311999999998,0.11757311999999998,0.11115947713235992
code_n32_k16_cw3_031_q00,code_n32_k16_cw3_031,q00,test,0.18,32,16,16,0.5,0.32000000000000006,3,0.1875,6.0,5.75,2.0,11.0,3.0,0.0,3.0,3.0,1,30,440,41416,exact,2,0.0324,0.0058319999999999995,0.0010497599999999998,0.0324,0.17495999999999998,0.4618943999999999,0.6692543999999999,0.5123770596666999
code_n32_k16_cw3_031_q01,code_n32_k16_cw3_031,q01,test,0.24,32,16,16,0.5,0.26,3,0.1875,6.0,5.75,2.0,11.0,3.0,0.0,3.0,3.0,1,30,440,41416,exact,2,0.0576,0.013823999999999998,0.0033177599999999995,0.0576,0.4147199999999999,1.4598143999999997,1.9321343999999996,1.0757306219915646
code_n32_k16_cw3_031_q02,code_n32_k16_cw3_031,q02,test,0.3,32,16,16,0.5,0.19999999999999996,3,0.1875,6.0,5.75,2.0,11.0,3.0,0.0,3.0,3.0,1,30,440,41416,exact,2,0.09,0.026999999999999996,0.0081,0.09,0.8099999999999998,3.5639999999999996,4.4639999999999995,1.6981811222684888
code_n32_k16_cw3_031_q03,code_n32_k16_cw3_031,q03,test,0.36,32,16,16,0.5,0.14,3,0.1875,6.0,5.75,2.0,11.0,3.0,0.0,3.0,3.0,1,30,440,41416,exact,2,0.1296,0.046655999999999996,0.016796159999999997,0.1296,1.3996799999999998,7.390310399999999,8.919590399999999,2.2945116301217316
code_n32_k16_cw3_032_q00,code_n32_k16_cw3_032,q00,train,0.18,32,16,16,0.5,0.32000000000000006,3,0.1875,6.0,4.5,1.0,10.0,3.0,0.0,3.0,3.0,1,30,441,41416,exact,2,0.0324,0.0058319999999999995,0.0010497599999999998,0.0324,0.17495999999999998,0.46294415999999994,0.6703041599999999,0.5130057415812195
code_n32_k16_cw3_032_q01,code_n32_k16_cw3_032,q01,train,0.24,32,16,16,0.5,0.26,3,0.1875,6.0,4.5,1.0,10.0,3.0,0.0,3.0,3.0,1,30,441,41416,exact,2,0.0576,0.013823999999999998,0.0033177599999999995,0.0576,0.4147199999999999,1.4631321599999998,1.9354521599999996,1.0768614993359922
code_n32_k16_cw3_032_q02,code_n32_k16_cw3_032,q02,train,0.3,32,16,16,0.5,0.19999999999999996,3,0.1875,6.0,4.5,1.0,10.0,3.0,0.0,3.0,3.0,1,30,441,41416,exact,2,0.09,0.026999999999999996,0.0081,0.09,0.8099999999999998,3.5721,4.472099999999999,1.6996624550070674
code_n32_k16_cw3_032_q03,code_n32_k16_cw3_032,q03,train,0.36,32,16,16,0.5,0.14,3,0.1875,6.0,4.5,1.0,10.0,3.0,0.0,3.0,3.0,1,30,441,41416,exact,2,0.1296,0.046655999999999996,0.016796159999999997,0.1296,1.3996799999999998,7.407106559999999,8.936386559999999,2.2962034294262916
code_n32_k16_cw3_033_q00,code_n32_k16_cw3_033,q00,train,0.18,32,16,16,0.5,0.32000000000000006,3,0.1875,6.0,7.0,1.0,9.0,3.0,0.0,3.0,3.0,0,0,11,41416,exact,4,0.0324,0.0058319999999999995,0.0010497599999999998,0.0,0.0,0.011547359999999998,0.011547359999999998,0.011481198081718715
code_n32_k16_cw3_033_q01,code_n32_k16_cw3_033,q01,train,0.24,32,16,16,0.5,0.26,3,0.1875,6.0,7.0,1.0,9.0,3.0,0.0,3.0,3.0,0,0,11,41416,exact,4,0.0576,0.013823999999999998,0.0033177599999999995,0.0,0.0,0.03649535999999999,0.03649535999999999,0.03584517627972158
code_n32_k16_cw3_033_q02,code_n32_k16_cw3_033,q02,train,0.3,32,16,16,0.5,0.19999999999999996,3,0.1875,6.0,7.0,1.0,9.0,3.0,0.0,3.0,3.0,0,0,11,41416,exact,4,0.09,0.026999999999999996,0.0081,0.0,0.0,0.0891,0.0891,0.0853516670995037
code_n32_k16_cw3_033_q03,code_n32_k16_cw3_033,q03,train,0.36,32,16,16,0.5,0.14,3,0.1875,6.0,7.0,1.0,9.0,3.0,0.0,3.0,3.0,0,0,11,41416,exact,4,0.1296,0.046655999999999996,0.016796159999999997,0.0,0.0,0.18475775999999997,0.18475775999999997,0.1695383317491533
code_n32_k16_cw3_034_q00,code_n32_k16_cw3_034,q00,test,0.18,32,16,16,0.5,0.32000000000000006,3,0.1875,6.0,3.75,2.0,9.0,3.0,0.0,3.0,3.0,0,0,2,41416,exact,4,0.0324,0.0058319999999999995,0.0010497599999999998,0.0,0.0,0.0020995199999999997,0.0020995199999999997,0.002097319087919047
code_n32_k16_cw3_034_q01,code_n32_k16_cw3_034,q01,test,0.24,32,16,16,0.5,0.26,3,0.1875,6.0,3.75,2.0,9.0,3.0,0.0,3.0,3.0,0,0,2,41416,exact,4,0.0576,0.013823999999999998,0.0033177599999999995,0.0,0.0,0.006635519999999999,0.006635519999999999,0.006613601842653617
code_n32_k16_cw3_034_q02,code_n32_k16_cw3_034,q02,test,0.3,32,16,16,0.5,0.19999999999999996,3,0.1875,6.0,3.75,2.0,9.0,3.0,0.0,3.0,3.0,0,0,2,41416,exact,4,0.09,0.026999999999999996,0.0081,0.0,0.0,0.0162,0.0162,0.016070180177494467
code_n32_k16_cw3_034_q03,code_n32_k16_cw3_034,q03,test,0.36,32,16,16,0.5,0.14,3,0.1875,6.0,3.75,2.0,9.0,3.0,0.0,3.0,3.0,0,0,2,41416,exact,4,0.1296,0.046655999999999996,0.016796159999999997,0.0,0.0,0.033592319999999995,0.033592319999999995,0.03304042367803795
code_n32_k16_cw3_035_q00,code_n32_k16_cw3_035,q00,validation,0.18,32,16,16,0.5,0.32000000000000006,3,0.1875,6.0,4.5,2.0,10.0,3.0,0.0,3.0,3.0,1,30,438,41416,exact,2,0.0324,0.0058319999999999995,0.0010497599999999998,0.0324,0.17495999999999998,0.4597948799999999,0.6671548799999999,0.5111185088709606
code_n32_k16_cw3_035_q01,code_n32_k16_cw3_035,q01,validation,0.24,32,16,16,0.5,0.26,3,0.1875,6.0,4.5,2.0,10.0,3.0,0.0,3.0,3.0,1,30,438,41416,exact,2,0.0576,0.013823999999999998,0.0033177599999999995,0.0576,0.4147199999999999,1.4531788799999998,1.9254988799999997,1.0734650234055403
code_n32_k16_cw3_035_q02,code_n32_k16_cw3_035,q02,validation,0.3,32,16,16,0.5,0.19999999999999996,3,0.1875,6.0,4.5,2.0,10.0,3.0,0.0,3.0,3.0,1,30,438,41416,exact,2,0.09,0.026999999999999996,0.0081,0.09,0.8099999999999998,3.5477999999999996,4.447799999999999,1.695211857453826
code_n32_k16_cw3_035_q03,code_n32_k16_cw3_035,q03,validation,0.36,32,16,16,0.5,0.14,3,0.1875,6.0,4.5,2.0,10.0,3.0,0.0,3.0,3.0,1,30,438,41416,exact,2,0.1296,0.046655999999999996,0.016796159999999997,0.1296,1.3996799999999998,7.3567180799999985,8.885998079999998,2.2911194206707086
code_n32_k16_cw3_036_q00,code_n32_k16_cw3_036,q00,test,0.18,32,16,16,0.5,0.32000000000000006,3,0.1875,6.0,5.375,3.0,11.0,3.0,0.0,3.0,3.0,0,0,4,41416,exact,4,0.0324,0.0058319999999999995,0.0010497599999999998,0.0,0.0,0.004199039999999999,0.004199039999999999,0.004190248633147544
code_n32_k16_cw3_036_q01,code_n32_k16_cw3_036,q01,test,0.24,32,16,16,0.5,0.26,3,0.1875,6.0,5.375,3.0,11.0,3.0,0.0,3.0,3.0,0,0,4,41416,exact,4,0.0576,0.013823999999999998,0.0033177599999999995,0.0,0.0,0.013271039999999998,0.013271039999999998,0.013183751176225745
code_n32_k16_cw3_036_q02,code_n32_k16_cw3_036,q02,test,0.3,32,16,16,0.5,0.19999999999999996,3,0.1875,6.0,5.375,3.0,11.0,3.0,0.0,3.0,3.0,0,0,4,41416,exact,4,0.09,0.026999999999999996,0.0081,0.0,0.0,0.0324,0.0324,0.031886188862321745
code_n32_k16_cw3_036_q03,code_n32_k16_cw3_036,q03,test,0.36,32,16,16,0.5,0.14,3,0.1875,6.0,5.375,3.0,11.0,3.0,0.0,3.0,3.0,0,0,4,41416,exact,4,0.1296,0.046655999999999996,0.016796159999999997,0.0,0.0,0.06718463999999999,0.06718463999999999,0.06502400327204662
code_n32_k16_cw3_037_q00,code_n32_k16_cw3_037,q00,train,0.18,32,16,16,0.5,0.32000000000000006,3,0.1875,6.0,3.0,4.0,9.0,3.0,0.0,3.0,3.0,2,60,873,41416,exact,2,0.0324,0.0058319999999999995,0.0010497599999999998,0.0648,0.34991999999999995,0.9164404799999999,1.3311604799999999,0.8463662036726897
code_n32_k16_cw3_037_q01,code_n32_k16_cw3_037,q01,train,0.24,32,16,16,0.5,0.26,3,0.1875,6.0,3.0,4.0,9.0,3.0,0.0,3.0,3.0,2,60,873,41416,exact,2,0.0576,0.013823999999999998,0.0033177599999999995,0.1152,0.8294399999999998,2.8964044799999997,3.8410444799999994,1.5771304990996056
code_n32_k16_cw3_037_q02,code_n32_k16_cw3_037,q02,train,0.3,32,16,16,0.5,0.19999999999999996,3,0.1875,6.0,3.0,4.0,9.0,3.0,0.0,3.0,3.0,2,60,873,41416,exact,2,0.09,0.026999999999999996,0.0081,0.18,1.6199999999999997,7.0713,8.8713,2.289631557031464
code_n32_k16_cw3_037_q03,code_n32_k16_cw3_037,q03,train,0.36,32,16,16,0.5,0.14,3,0.1875,6.0,3.0,4.0,9.0,3.0,0.0,3.0,3.0,2,60,873,41416,exact,2,0.1296,0.046655999999999996,0.016796159999999997,0.2592,2.7993599999999996,14.663047679999998,17.721607679999998,2.929678347703821
code_n32_k16_cw3_038_q00,code_n32_k16_cw3_038,q00,test,0.18,32,16,16,0.5,0.32000000000000006,3,0.1875,6.0,5.25,3.0,12.0,3.0,0.0,3.0,3.0,0,0,6,41416,exact,4,0.0324,0.0058319999999999995,0.0010497599999999998,0.0,0.0,0.006298559999999999,0.006298559999999999,0.006278806971330837
code_n32_k16_cw3_038_q01,code_n32_k16_cw3_038,q01,test,0.24,32,16,16,0.5,0.26,3,0.1875,6.0,5.25,3.0,12.0,3.0,0.0,3.0,3.0,0,0,6,41416,exact,4,0.0576,0.013823999999999998,0.0033177599999999995,0.0,0.0,0.019906559999999997,0.019906559999999997,0.019711015256787718
code_n32_k16_cw3_038_q02,code_n32_k16_cw3_038,q02,test,0.3,32,16,16,0.5,0.19999999999999996,3,0.1875,6.0,5.25,3.0,12.0,3.0,0.0,3.0,3.0,0,0,6,41416,exact,4,0.09,0.026999999999999996,0.0081,0.0,0.0,0.0486,0.0486,0.04745594115629535
code_n32_k16_cw3_038_q03,code_n32_k16_cw3_038,q03,test,0.36,32,16,16,0.5,0.14,3,0.1875,6.0,5.25,3.0,12.0,3.0,0.0,3.0,3.0,0,0,6,41416,exact,4,0.1296,0.046655999999999996,0.016796159999999997,0.0,0.0,0.10077695999999998,0.10077695999999998,0.09601625774534364
code_n32_k16_cw3_039_q00,code_n32_k16_cw3_039,q00,train,0.18,32,16,16,0.5,0.32000000000000006,3,0.1875,6.0,6.5,1.0,10.0,3.0,0.0,3.0,3.0,0,0,6,41416,exact,4,0.0324,0.0058319999999999995,0.0010497599999999998,0.0,0.0,0.006298559999999999,0.006298559999999999,0.006278806971330837
code_n32_k16_cw3_039_q01,code_n32_k16_cw3_039,q01,train,0.24,32,16,16,0.5,0.26,3,0.1875,6.0,6.5,1.0,10.0,3.0,0.0,3.0,3.0,0,0,6,41416,exact,4,0.0576,0.013823999999999998,0.0033177599999999995,0.0,0.0,0.019906559999999997,0.019906559999999997,0.019711015256787718
code_n32_k16_cw3_039_q02,code_n32_k16_cw3_039,q02,train,0.3,32,16,16,0.5,0.19999999999999996,3,0.1875,6.0,6.5,1.0,10.0,3.0,0.0,3.0,3.0,0,0,6,41416,exact,4,0.09,0.026999999999999996,0.0081,0.0,0.0,0.0486,0.0486,0.04745594115629535
code_n32_k16_cw3_039_q03,code_n32_k16_cw3_039,q03,train,0.36,32,16,16,0.5,0.14,3,0.1875,6.0,6.5,1.0,10.0,3.0,0.0,3.0,3.0,0,0,6,41416,exact,4,0.1296,0.046655999999999996,0.016796159999999997,0.0,0.0,0.10077695999999998,0.10077695999999998,0.09601625774534364
code_n32_k16_cw3_040_q00,code_n32_k16_cw3_040,q00,test,0.18,32,16,16,0.5,0.32000000000000006,3,0.1875,6.0,4.875,2.0,10.0,3.0,0.0,3.0,3.0,0,0,2,41416,exact,4,0.0324,0.0058319999999999995,0.0010497599999999998,0.0,0.0,0.0020995199999999997,0.0020995199999999997,0.002097319087919047
code_n32_k16_cw3_040_q01,code_n32_k16_cw3_040,q01,test,0.24,32,16,16,0.5,0.26,3,0.1875,6.0,4.875,2.0,10.0,3.0,0.0,3.0,3.0,0,0,2,41416,exact,4,0.0576,0.013823999999999998,0.0033177599999999995,0.0,0.0,0.006635519999999999,0.006635519999999999,0.006613601842653617
code_n32_k16_cw3_040_q02,code_n32_k16_cw3_040,q02,test,0.3,32,16,16,0.5,0.19999999999999996,3,0.1875,6.0,4.875,2.0,10.0,3.0,0.0,3.0,3.0,0,0,2,41416,exact,4,0.09,0.026999999999999996,0.0081,0.0,0.0,0.0162,0.0162,0.016070180177494467
code_n32_k16_cw3_040_q03,code_n32_k16_cw3_040,q03,test,0.36,32,16,16,0.5,0.14,3,0.1875,6.0,4.875,2.0,10.0,3.0,0.0,3.0,3.0,0,0,2,41416,exact,4,0.1296,0.046655999999999996,0.016796159999999997,0.0,0.0,0.033592319999999995,0.033592319999999995,0.03304042367803795
code_n32_k16_cw3_041_q00,code_n32_k16_cw3_041,q00,validation,0.18,32,16,16,0.5,0.32000000000000006,3,0.1875,6.0,4.0,3.0,9.0,3.0,0.0,3.0,3.0,1,30,441,41416,exact,2,0.0324,0.0058319999999999995,0.0010497599999999998,0.0324,0.17495999999999998,0.46294415999999994,0.6703041599999999,0.5130057415812195
code_n32_k16_cw3_041_q01,code_n32_k16_cw3_041,q01,validation,0.24,32,16,16,0.5,0.26,3,0.1875,6.0,4.0,3.0,9.0,3.0,0.0,3.0,3.0,1,30,441,41416,exact,2,0.0576,0.013823999999999998,0.0033177599999999995,0.0576,0.4147199999999999,1.4631321599999998,1.9354521599999996,1.0768614993359922
code_n32_k16_cw3_041_q02,code_n32_k16_cw3_041,q02,validation,0.3,32,16,16,0.5,0.19999999999999996,3,0.1875,6.0,4.0,3.0,9.0,3.0,0.0,3.0,3.0,1,30,441,41416,exact,2,0.09,0.026999999999999996,0.0081,0.09,0.8099999999999998,3.5721,4.472099999999999,1.6996624550070674
code_n32_k16_cw3_041_q03,code_n32_k16_cw3_041,q03,validation,0.36,32,16,16,0.5,0.14,3,0.1875,6.0,4.0,3.0,9.0,3.0,0.0,3.0,3.0,1,30,441,41416,exact,2,0.1296,0.046655999999999996,0.016796159999999997,0.1296,1.3996799999999998,7.407106559999999,8.936386559999999,2.2962034294262916
code_n32_k16_cw3_042_q00,code_n32_k16_cw3_042,q00,train,0.18,32,16,16,0.5,0.32000000000000006,3,0.1875,6.0,6.0,2.0,11.0,3.0,0.0,3.0,3.0,0,0,4,41416,exact,4,0.0324,0.0058319999999999995,0.0010497599999999998,0.0,0.0,0.004199039999999999,0.004199039999999999,0.004190248633147544
code_n32_k16_cw3_042_q01,code_n32_k16_cw3_042,q01,train,0.24,32,16,16,0.5,0.26,3,0.1875,6.0,6.0,2.0,11.0,3.0,0.0,3.0,3.0,0,0,4,41416,exact,4,0.0576,0.013823999999999998,0.0033177599999999995,0.0,0.0,0.013271039999999998,0.013271039999999998,0.013183751176225745
code_n32_k16_cw3_042_q02,code_n32_k16_cw3_042,q02,train,0.3,32,16,16,0.5,0.19999999999999996,3,0.1875,6.0,6.0,2.0,11.0,3.0,0.0,3.0,3.0,0,0,4,41416,exact,4,0.09,0.026999999999999996,0.0081,0.0,0.0,0.0324,0.0324,0.031886188862321745
code_n32_k16_cw3_042_q03,code_n32_k16_cw3_042,q03,train,0.36,32,16,16,0.5,0.14,3,0.1875,6.0,6.0,2.0,11.0,3.0,0.0,3.0,3.0,0,0,4,41416,exact,4,0.1296,0.046655999999999996,0.016796159999999997,0.0,0.0,0.06718463999999999,0.06718463999999999,0.06502400327204662
code_n32_k16_cw3_043_q00,code_n32_k16_cw3_043,q00,validation,0.18,32,16,16,0.5,0.32000000000000006,3,0.1875,6.0,5.125,3.0,11.0,3.0,0.0,3.0,3.0,0,0,6,41416,exact,4,0.0324,0.0058319999999999995,0.0010497599999999998,0.0,0.0,0.006298559999999999,0.006298559999999999,0.006278806971330837
code_n32_k16_cw3_043_q01,code_n32_k16_cw3_043,q01,validation,0.24,32,16,16,0.5,0.26,3,0.1875,6.0,5.125,3.0,11.0,3.0,0.0,3.0,3.0,0,0,6,41416,exact,4,0.0576,0.013823999999999998,0.0033177599999999995,0.0,0.0,0.019906559999999997,0.019906559999999997,0.019711015256787718
code_n32_k16_cw3_043_q02,code_n32_k16_cw3_043,q02,validation,0.3,32,16,16,0.5,0.19999999999999996,3,0.1875,6.0,5.125,3.0,11.0,3.0,0.0,3.0,3.0,0,0,6,41416,exact,4,0.09,0.026999999999999996,0.0081,0.0,0.0,0.0486,0.0486,0.04745594115629535
code_n32_k16_cw3_043_q03,code_n32_k16_cw3_043,q03,validation,0.36,32,16,16,0.5,0.14,3,0.1875,6.0,5.125,3.0,11.0,3.0,0.0,3.0,3.0,0,0,6,41416,exact,4,0.1296,0.046655999999999996,0.016796159999999997,0.0,0.0,0.10077695999999998,0.10077695999999998,0.09601625774534364
code_n32_k16_cw3_044_q00,code_n32_k16_cw3_044,q00,test,0.18,32,16,16,0.5,0.32000000000000006,3,0.1875,6.0,3.75,3.0,10.0,3.0,0.0,3.0,3.0,1,30,441,41416,exact,2,0.0324,0.0058319999999999995,0.0010497599999999998,0.0324,0.17495999999999998,0.46294415999999994,0.6703041599999999,0.5130057415812195
code_n32_k16_cw3_044_q01,code_n32_k16_cw3_044,q01,test,0.24,32,16,16,0.5,0.26,3,0.1875,6.0,3.75,3.0,10.0,3.0,0.0,3.0,3.0,1,30,441,41416,exact,2,0.0576,0.013823999999999998,0.0033177599999999995,0.0576,0.4147199999999999,1.4631321599999998,1.9354521599999996,1.0768614993359922
code_n32_k16_cw3_044_q02,code_n32_k16_cw3_044,q02,test,0.3,32,16,16,0.5,0.19999999999999996,3,0.1875,6.0,3.75,3.0,10.0,3.0,0.0,3.0,3.0,1,30,441,41416,exact,2,0.09,0.026999999999999996,0.0081,0.09,0.8099999999999998,3.5721,4.472099999999999,1.6996624550070674
code_n32_k16_cw3_044_q03,code_n32_k16_cw3_044,q03,test,0.36,32,16,16,0.5,0.14,3,0.1875,6.0,3.75,3.0,10.0,3.0,0.0,3.0,3.0,1,30,441,41416,exact,2,0.1296,0.046655999999999996,0.016796159999999997,0.1296,1.3996799999999998,7.407106559999999,8.936386559999999,2.2962034294262916
code_n32_k16_cw3_045_q00,code_n32_k16_cw3_045,q00,train,0.18,32,16,16,0.5,0.32000000000000006,3,0.1875,6.0,2.75,3.0,10.0,3.0,0.0,3.0,3.0,0,0,3,41416,exact,4,0.0324,0.0058319999999999995,0.0010497599999999998,0.0,0.0,0.0031492799999999995,0.0031492799999999995,0.0031443314046935215
code_n32_k16_cw3_045_q01,code_n32_k16_cw3_045,q01,train,0.24,32,16,16,0.5,0.26,3,0.1875,6.0,2.75,3.0,10.0,3.0,0.0,3.0,3.0,0,0,3,41416,exact,4,0.0576,0.013823999999999998,0.0033177599999999995,0.0,0.0,0.009953279999999998,0.009953279999999998,0.009904072357517795
code_n32_k16_cw3_045_q02,code_n32_k16_cw3_045,q02,train,0.3,32,16,16,0.5,0.19999999999999996,3,0.1875,6.0,2.75,3.0,10.0,3.0,0.0,3.0,3.0,0,0,3,41416,exact,4,0.09,0.026999999999999996,0.0081,0.0,0.0,0.0243,0.0243,0.024009452460351865
code_n32_k16_cw3_045_q03,code_n32_k16_cw3_045,q03,train,0.36,32,16,16,0.5,0.14,3,0.1875,6.0,2.75,3.0,10.0,3.0,0.0,3.0,3.0,0,0,3,41416,exact,4,0.1296,0.046655999999999996,0.016796159999999997,0.0,0.0,0.05038847999999999,0.05038847999999999,0.04916007669573743
code_n32_k16_cw3_046_q00,code_n32_k16_cw3_046,q00,train,0.18,32,16,16,0.5,0.32000000000000006,3,0.1875,6.0,5.875,3.0,10.0,3.0,0.0,3.0,3.0,2,60,873,41416,exact,2,0.0324,0.0058319999999999995,0.0010497599999999998,0.0648,0.34991999999999995,0.9164404799999999,1.3311604799999999,0.8463662036726897
code_n32_k16_cw3_046_q01,code_n32_k16_cw3_046,q01,train,0.24,32,16,16,0.5,0.26,3,0.1875,6.0,5.875,3.0,10.0,3.0,0.0,3.0,3.0,2,60,873,41416,exact,2,0.0576,0.013823999999999998,0.0033177599999999995,0.1152,0.8294399999999998,2.8964044799999997,3.8410444799999994,1.5771304990996056
code_n32_k16_cw3_046_q02,code_n32_k16_cw3_046,q02,train,0.3,32,16,16,0.5,0.19999999999999996,3,0.1875,6.0,5.875,3.0,10.0,3.0,0.0,3.0,3.0,2,60,873,41416,exact,2,0.09,0.026999999999999996,0.0081,0.18,1.6199999999999997,7.0713,8.8713,2.289631557031464
code_n32_k16_cw3_046_q03,code_n32_k16_cw3_046,q03,train,0.36,32,16,16,0.5,0.14,3,0.1875,6.0,5.875,3.0,10.0,3.0,0.0,3.0,3.0,2,60,873,41416,exact,2,0.1296,0.046655999999999996,0.016796159999999997,0.2592,2.7993599999999996,14.663047679999998,17.721607679999998,2.929678347703821
code_n32_k16_cw3_047_q00,code_n32_k16_cw3_047,q00,train,0.18,32,16,16,0.5,0.32000000000000006,3,0.1875,6.0,4.5,2.0,11.0,3.0,0.0,3.0,3.0,0,0,5,41416,exact,4,0.0324,0.0058319999999999995,0.0010497599999999998,0.0,0.0,0.0052488,0.0052488,0.005235073061631587
code_n32_k16_cw3_047_q01,code_n32_k16_cw3_047,q01,train,0.24,32,16,16,0.5,0.26,3,0.1875,6.0,4.5,2.0,11.0,3.0,0.0,3.0,3.0,0,0,5,41416,exact,4,0.0576,0.013823999999999998,0.0033177599999999995,0.0,0.0,0.016588799999999997,0.016588799999999997,0.01645270885409976
code_n32_k16_cw3_047_q02,code_n32_k16_cw3_047,q02,train,0.3,32,16,16,0.5,0.19999999999999996,3,0.1875,6.0,4.5,2.0,11.0,3.0,0.0,3.0,3.0,0,0,5,41416,exact,4,0.09,0.026999999999999996,0.0081,0.0,0.0,0.040499999999999994,0.040499999999999994,0.03970136685155206
code_n32_k16_cw3_047_q03,code_n32_k16_cw3_047,q03,train,0.36,32,16,16,0.5,0.14,3,0.1875,6.0,4.5,2.0,11.0,3.0,0.0,3.0,3.0,0,0,5,41416,exact,4,0.1296,0.046655999999999996,0.016796159999999997,0.0,0.0,0.0839808,0.0839808,0.08064019068347023
code_n32_k16_cw3_048_q00,code_n32_k16_cw3_048,q00,test,0.18,32,16,16,0.5,0.32000000000000006,3,0.1875,6.0,5.625,2.0,11.0,3.0,0.0,3.0,3.0,1,30,443,41416,exact,2,0.0324,0.0058319999999999995,0.0010497599999999998,0.0324,0.17495999999999998,0.4650436799999999,0.67240368,0.514261920928371
code_n32_k16_cw3_048_q01,code_n32_k16_cw3_048,q01,test,0.24,32,16,16,0.5,0.26,3,0.1875,6.0,5.625,2.0,11.0,3.0,0.0,3.0,3.0,1,30,443,41416,exact,2,0.0576,0.013823999999999998,0.0033177599999999995,0.0576,0.4147199999999999,1.4697676799999997,1.9420876799999995,1.07911942459035
code_n32_k16_cw3_048_q02,code_n32_k16_cw3_048,q02,test,0.3,32,16,16,0.5,0.19999999999999996,3,0.1875,6.0,5.625,2.0,11.0,3.0,0.0,3.0,3.0,1,30,443,41416,exact,2,0.09,0.026999999999999996,0.0081,0.09,0.8099999999999998,3.5883,4.4883,1.7026185536525547
code_n32_k16_cw3_048_q03,code_n32_k16_cw3_048,q03,test,0.36,32,16,16,0.5,0.14,3,0.1875,6.0,5.625,2.0,11.0,3.0,0.0,3.0,3.0,1,30,443,41416,exact,2,0.1296,0.046655999999999996,0.016796159999999997,0.1296,1.3996799999999998,7.4406988799999985,8.969978879999998,2.2995784656164378
code_n32_k16_cw3_049_q00,code_n32_k16_cw3_049,q00,train,0.18,32,16,16,0.5,0.32000000000000006,3,0.1875,6.0,2.625,4.0,9.0,3.0,0.0,3.0,3.0,0,0,5,41416,exact,4,0.0324,0.0058319999999999995,0.0010497599999999998,0.0,0.0,0.0052488,0.0052488,0.005235073061631587
code_n32_k16_cw3_049_q01,code_n32_k16_cw3_049,q01,train,0.24,32,16,16,0.5,0.26,3,0.1875,6.0,2.625,4.0,9.0,3.0,0.0,3.0,3.0,0,0,5,41416,exact,4,0.0576,0.013823999999999998,0.0033177599999999995,0.0,0.0,0.016588799999999997,0.016588799999999997,0.01645270885409976
code_n32_k16_cw3_049_q02,code_n32_k16_cw3_049,q02,train,0.3,32,16,16,0.5,0.19999999999999996,3,0.1875,6.0,2.625,4.0,9.0,3.0,0.0,3.0,3.0,0,0,5,41416,exact,4,0.09,0.026999999999999996,0.0081,0.0,0.0,0.040499999999999994,0.040499999999999994,0.03970136685155206
code_n32_k16_cw3_049_q03,code_n32_k16_cw3_049,q03,train,0.36,32,16,16,0.5,0.14,3,0.1875,6.0,2.625,4.0,9.0,3.0,0.0,3.0,3.0,0,0,5,41416,exact,4,0.1296,0.046655999999999996,0.016796159999999997,0.0,0.0,0.0839808,0.0839808,0.08064019068347023
code_n32_k16_cw3_050_q00,code_n32_k16_cw3_050,q00,validation,0.18,32,16,16,0.5,0.32000000000000006,3,0.1875,6.0,6.75,2.0,11.0,3.0,0.0,3.0,3.0,0,0,10,41416,exact,4,0.0324,0.0058319999999999995,0.0010497599999999998,0.0,0.0,0.0104976,0.0104976,0.010442882796867616
code_n32_k16_cw3_050_q01,code_n32_k16_cw3_050,q01,validation,0.24,32,16,16,0.5,0.26,3,0.1875,6.0,6.75,2.0,11.0,3.0,0.0,3.0,3.0,0,0,10,41416,exact,4,0.0576,0.013823999999999998,0.0033177599999999995,0.0,0.0,0.033177599999999995,0.033177599999999995,0.0326391017877269
code_n32_k16_cw3_050_q02,code_n32_k16_cw3_050,q02,validation,0.3,32,16,16,0.5,0.19999999999999996,3,0.1875,6.0,6.75,2.0,11.0,3.0,0.0,3.0,3.0,0,0,10,41416,exact,4,0.09,0.026999999999999996,0.0081,0.0,0.0,0.08099999999999999,0.08099999999999999,0.07788653865707122
code_n32_k16_cw3_050_q03,code_n32_k16_cw3_050,q03,validation,0.36,32,16,16,0.5,0.14,3,0.1875,6.0,6.75,2.0,11.0,3.0,0.0,3.0,3.0,0,0,10,41416,exact,4,0.1296,0.046655999999999996,0.016796159999999997,0.0,0.0,0.1679616,0.1679616,0.15526000715325558
code_n32_k16_cw3_051_q00,code_n32_k16_cw3_051,q00,test,0.18,32,16,16,0.5,0.32000000000000006,3,0.1875,6.0,4.0,3.0,9.0,3.0,0.0,3.0,3.0,0,0,4,41416,exact,4,0.0324,0.0058319999999999995,0.0010497599999999998,0.0,0.0,0.004199039999999999,0.004199039999999999,0.004190248633147544
code_n32_k16_cw3_051_q01,code_n32_k16_cw3_051,q01,test,0.24,32,16,16,0.5,0.26,3,0.1875,6.0,4.0,3.0,9.0,3.0,0.0,3.0,3.0,0,0,4,41416,exact,4,0.0576,0.013823999999999998,0.0033177599999999995,0.0,0.0,0.013271039999999998,0.013271039999999998,0.013183751176225745
code_n32_k16_cw3_051_q02,code_n32_k16_cw3_051,q02,test,0.3,32,16,16,0.5,0.19999999999999996,3,0.1875,6.0,4.0,3.0,9.0,3.0,0.0,3.0,3.0,0,0,4,41416,exact,4,0.09,0.026999999999999996,0.0081,0.0,0.0,0.0324,0.0324,0.031886188862321745
code_n32_k16_cw3_051_q03,code_n32_k16_cw3_051,q03,test,0.36,32,16,16,0.5,0.14,3,0.1875,6.0,4.0,3.0,9.0,3.0,0.0,3.0,3.0,0,0,4,41416,exact,4,0.1296,0.046655999999999996,0.016796159999999997,0.0,0.0,0.06718463999999999,0.06718463999999999,0.06502400327204662
code_n32_k16_cw3_052_q00,code_n32_k16_cw3_052,q00,train,0.18,32,16,16,0.5,0.32000000000000006,3,0.1875,6.0,4.0,2.0,10.0,3.0,0.0,3.0,3.0,1,30,439,41416,exact,2,0.0324,0.0058319999999999995,0.0010497599999999998,0.0324,0.17495999999999998,0.4608446399999999,0.6682046399999999,0.5117479822625803
code_n32_k16_cw3_052_q01,code_n32_k16_cw3_052,q01,train,0.24,32,16,16,0.5,0.26,3,0.1875,6.0,4.0,2.0,10.0,3.0,0.0,3.0,3.0,1,30,439,41416,exact,2,0.0576,0.013823999999999998,0.0033177599999999995,0.0576,0.4147199999999999,1.4564966399999997,1.9288166399999995,1.0745984643155342
code_n32_k16_cw3_052_q02,code_n32_k16_cw3_052,q02,train,0.3,32,16,16,0.5,0.19999999999999996,3,0.1875,6.0,4.0,2.0,10.0,3.0,0.0,3.0,3.0,1,30,439,41416,exact,2,0.09,0.026999999999999996,0.0081,0.09,0.8099999999999998,3.5559,4.4559,1.6966975919274452
code_n32_k16_cw3_052_q03,code_n32_k16_cw3_052,q03,train,0.36,32,16,16,0.5,0.14,3,0.1875,6.0,4.0,2.0,10.0,3.0,0.0,3.0,3.0,1,30,439,41416,exact,2,0.1296,0.046655999999999996,0.016796159999999997,0.1296,1.3996799999999998,7.373514239999999,8.902794239999999,2.2928169637811506
code_n32_k16_cw3_053_q00,code_n32_k16_cw3_053,q00,test,0.18,32,16,16,0.5,0.32000000000000006,3,0.1875,6.0,4.5,2.0,10.0,3.0,0.0,3.0,3.0,1,30,438,41416,exact,2,0.0324,0.0058319999999999995,0.0010497599999999998,0.0324,0.17495999999999998,0.4597948799999999,0.6671548799999999,0.5111185088709606
code_n32_k16_cw3_053_q01,code_n32_k16_cw3_053,q01,test,0.24,32,16,16,0.5,0.26,3,0.1875,6.0,4.5,2.0,10.0,3.0,0.0,3.0,3.0,1,30,438,41416,exact,2,0.0576,0.013823999999999998,0.0033177599999999995,0.0576,0.4147199999999999,1.4531788799999998,1.9254988799999997,1.0734650234055403
code_n32_k16_cw3_053_q02,code_n32_k16_cw3_053,q02,test,0.3,32,16,16,0.5,0.19999999999999996,3,0.1875,6.0,4.5,2.0,10.0,3.0,0.0,3.0,3.0,1,30,438,41416,exact,2,0.09,0.026999999999999996,0.0081,0.09,0.8099999999999998,3.5477999999999996,4.447799999999999,1.695211857453826
code_n32_k16_cw3_053_q03,code_n32_k16_cw3_053,q03,test,0.36,32,16,16,0.5,0.14,3,0.1875,6.0,4.5,2.0,10.0,3.0,0.0,3.0,3.0,1,30,438,41416,exact,2,0.1296,0.046655999999999996,0.016796159999999997,0.1296,1.3996799999999998,7.3567180799999985,8.885998079999998,2.2911194206707086
code_n32_k16_cw3_054_q00,code_n32_k16_cw3_054,q00,train,0.18,32,16,16,0.5,0.32000000000000006,3,0.1875,6.0,2.875,4.0,10.0,3.0,0.0,3.0,3.0,2,60,879,41416,exact,2,0.0324,0.0058319999999999995,0.0010497599999999998,0.0648,0.34991999999999995,0.9227390399999998,1.3374590399999997,0.849064459032523
code_n32_k16_cw3_054_q01,code_n32_k16_cw3_054,q01,train,0.24,32,16,16,0.5,0.26,3,0.1875,6.0,2.875,4.0,10.0,3.0,0.0,3.0,3.0,2,60,879,41416,exact,2,0.0576,0.013823999999999998,0.0033177599999999995,0.1152,0.8294399999999998,2.9163110399999996,3.8609510399999993,1.5812341060109496
code_n32_k16_cw3_054_q02,code_n32_k16_cw3_054,q02,train,0.3,32,16,16,0.5,0.19999999999999996,3,0.1875,6.0,2.875,4.0,10.0,3.0,0.0,3.0,3.0,2,60,879,41416,exact,2,0.09,0.026999999999999996,0.0081,0.18,1.6199999999999997,7.1198999999999995,8.919899999999998,2.2945428406008097
code_n32_k16_cw3_054_q03,code_n32_k16_cw3_054,q03,train,0.36,32,16,16,0.5,0.14,3,0.1875,6.0,2.875,4.0,10.0,3.0,0.0,3.0,3.0,2,60,879,41416,exact,2,0.1296,0.046655999999999996,0.016796159999999997,0.2592,2.7993599999999996,14.763824639999998,17.822384639999996,2.935046833888188
code_n32_k16_cw3_055_q00,code_n32_k16_cw3_055,q00,train,0.18,32,16,16,0.5,0.32000000000000006,3,0.1875,6.0,3.125,4.0,11.0,3.0,0.0,3.0,3.0,0,0,5,41416,exact,4,0.0324,0.0058319999999999995,0.0010497599999999998,0.0,0.0,0.0052488,0.0052488,0.005235073061631587
code_n32_k16_cw3_055_q01,code_n32_k16_cw3_055,q01,train,0.24,32,16,16,0.5,0.26,3,0.1875,6.0,3.125,4.0,11.0,3.0,0.0,3.0,3.0,0,0,5,41416,exact,4,0.0576,0.013823999999999998,0.0033177599999999995,0.0,0.0,0.016588799999999997,0.016588799999999997,0.01645270885409976
code_n32_k16_cw3_055_q02,code_n32_k16_cw3_055,q02,train,0.3,32,16,16,0.5,0.19999999999999996,3,0.1875,6.0,3.125,4.0,11.0,3.0,0.0,3.0,3.0,0,0,5,41416,exact,4,0.09,0.026999999999999996,0.0081,0.0,0.0,0.040499999999999994,0.040499999999999994,0.03970136685155206
code_n32_k16_cw3_055_q03,code_n32_k16_cw3_055,q03,train,0.36,32,16,16,0.5,0.14,3,0.1875,6.0,3.125,4.0,11.0,3.0,0.0,3.0,3.0,0,0,5,41416,exact,4,0.1296,0.046655999999999996,0.016796159999999997,0.0,0.0,0.0839808,0.0839808,0.08064019068347023
code_n32_k16_cw3_056_q00,code_n32_k16_cw3_056,q00,train,0.18,32,16,16,0.5,0.32000000000000006,3,0.1875,6.0,3.5,4.0,10.0,3.0,0.0,3.0,3.0,0,0,2,41416,exact,4,0.0324,0.0058319999999999995,0.0010497599999999998,0.0,0.0,0.0020995199999999997,0.0020995199999999997,0.002097319087919047
code_n32_k16_cw3_056_q01,code_n32_k16_cw3_056,q01,train,0.24,32,16,16,0.5,0.26,3,0.1875,6.0,3.5,4.0,10.0,3.0,0.0,3.0,3.0,0,0,2,41416,exact,4,0.0576,0.013823999999999998,0.0033177599999999995,0.0,0.0,0.006635519999999999,0.006635519999999999,0.006613601842653617
code_n32_k16_cw3_056_q02,code_n32_k16_cw3_056,q02,train,0.3,32,16,16,0.5,0.19999999999999996,3,0.1875,6.0,3.5,4.0,10.0,3.0,0.0,3.0,3.0,0,0,2,41416,exact,4,0.09,0.026999999999999996,0.0081,0.0,0.0,0.0162,0.0162,0.016070180177494467
code_n32_k16_cw3_056_q03,code_n32_k16_cw3_056,q03,train,0.36,32,16,16,0.5,0.14,3,0.1875,6.0,3.5,4.0,10.0,3.0,0.0,3.0,3.0,0,0,2,41416,exact,4,0.1296,0.046655999999999996,0.016796159999999997,0.0,0.0,0.033592319999999995,0.033592319999999995,0.03304042367803795
code_n32_k16_cw3_057_q00,code_n32_k16_cw3_057,q00,test,0.18,32,16,16,0.5,0.32000000000000006,3,0.1875,6.0,4.5,2.0,9.0,3.0,0.0,3.0,3.0,0,0,6,41416,exact,4,0.0324,0.0058319999999999995,0.0010497599999999998,0.0,0.0,0.006298559999999999,0.006298559999999999,0.006278806971330837
code_n32_k16_cw3_057_q01,code_n32_k16_cw3_057,q01,test,0.24,32,16,16,0.5,0.26,3,0.1875,6.0,4.5,2.0,9.0,3.0,0.0,3.0,3.0,0,0,6,41416,exact,4,0.0576,0.013823999999999998,0.0033177599999999995,0.0,0.0,0.019906559999999997,0.019906559999999997,0.019711015256787718
code_n32_k16_cw3_057_q02,code_n32_k16_cw3_057,q02,test,0.3,32,16,16,0.5,0.19999999999999996,3,0.1875,6.0,4.5,2.0,9.0,3.0,0.0,3.0,3.0,0,0,6,41416,exact,4,0.09,0.026999999999999996,0.0081,0.0,0.0,0.0486,0.0486,0.04745594115629535
code_n32_k16_cw3_057_q03,code_n32_k16_cw3_057,q03,test,0.36,32,16,16,0.5,0.14,3,0.1875,6.0,4.5,2.0,9.0,3.0,0.0,3.0,3.0,0,0,6,41416,exact,4,0.1296,0.046655999999999996,0.016796159999999997,0.0,0.0,0.10077695999999998,0.10077695999999998,0.09601625774534364
code_n32_k16_cw3_058_q00,code_n32_k16_cw3_058,q00,train,0.18,32,16,16,0.5,0.32000000000000006,3,0.1875,6.0,8.875,1.0,12.0,3.0,0.0,3.0,3.0,1,30,446,41416,exact,2,0.0324,0.0058319999999999995,0.0010497599999999998,0.0324,0.17495999999999998,0.46819295999999994,0.6755529599999999,0.5161432361707727
code_n32_k16_cw3_058_q01,code_n32_k16_cw3_058,q01,train,0.24,32,16,16,0.5,0.26,3,0.1875,6.0,8.875,1.0,12.0,3.0,0.0,3.0,3.0,1,30,446,41416,exact,2,0.0576,0.013823999999999998,0.0033177599999999995,0.0576,0.4147199999999999,1.4797209599999999,1.9520409599999997,1.0824967819807176
code_n32_k16_cw3_058_q02,code_n32_k16_cw3_058,q02,train,0.3,32,16,16,0.5,0.19999999999999996,3,0.1875,6.0,8.875,1.0,12.0,3.0,0.0,3.0,3.0,1,30,446,41416,exact,2,0.09,0.026999999999999996,0.0081,0.09,0.8099999999999998,3.6125999999999996,4.512599999999999,1.707036381197995
code_n32_k16_cw3_058_q03,code_n32_k16_cw3_058,q03,train,0.36,32,16,16,0.5,0.14,3,0.1875,6.0,8.875,1.0,12.0,3.0,0.0,3.0,3.0,1,30,446,41416,exact,2,0.1296,0.046655999999999996,0.016796159999999997,0.1296,1.3996799999999998,7.491087359999999,9.020367359999998,2.3046197576593097
code_n32_k16_cw3_059_q00,code_n32_k16_cw3_059,q00,train,0.18,32,16,16,0.5,0.32000000000000006,3,0.1875,6.0,4.625,2.0,11.0,3.0,0.0,3.0,3.0,1,30,437,41416,exact,2,0.0324,0.0058319999999999995,0.0010497599999999998,0.0324,0.17495999999999998,0.45874511999999995,0.6661051199999999,0.5104886389929993
code_n32_k16_cw3_059_q01,code_n32_k16_cw3_059,q01,train,0.24,32,16,16,0.5,0.26,3,0.1875,6.0,4.625,2.0,11.0,3.0,0.0,3.0,3.0,1,30,437,41416,exact,2,0.0576,0.013823999999999998,0.0033177599999999995,0.0576,0.4147199999999999,1.4498611199999998,1.9221811199999996,1.072330296349341
code_n32_k16_cw3_059_q02,code_n32_k16_cw3_059,q02,train,0.3,32,16,16,0.5,0.19999999999999996,3,0.1875,6.0,4.625,2.0,11.0,3.0,0.0,3.0,3.0,1,30,437,41416,exact,2,0.09,0.026999999999999996,0.0081,0.09,0.8099999999999998,3.5397,4.439699999999999,1.6937239122883727
code_n32_k16_cw3_059_q03,code_n32_k16_cw3_059,q03,train,0.36,32,16,16,0.5,0.14,3,0.1875,6.0,4.625,2.0,11.0,3.0,0.0,3.0,3.0,1,30,437,41416,exact,2,0.1296,0.046655999999999996,0.016796159999999997,0.1296,1.3996799999999998,7.339921919999999,8.869201919999998,2.2894189910069116
code_n32_k16_cw3_060_q00,code_n32_k16_cw3_060,q00,train,0.18,32,16,16,0.5,0.32000000000000006,3,0.1875,6.0,5.5,2.0,10.0,3.0,0.0,3.0,3.0,3,90,1309,41416,exact,2,0.0324,0.0058319999999999995,0.0010497599999999998,0.0972,0.5248799999999999,1.3741358399999999,1.9962158399999996,1.097350105783652
code_n32_k16_cw3_060_q01,code_n32_k16_cw3_060,q01,train,0.24,32,16,16,0.5,0.26,3,0.1875,6.0,5.5,2.0,10.0,3.0,0.0,3.0,3.0,3,90,1309,41416,exact,2,0.0576,0.013823999999999998,0.0033177599999999995,0.1728,1.2441599999999997,4.342947839999999,5.759907839999999,1.9110092568258459
code_n32_k16_cw3_060_q02,code_n32_k16_cw3_060,q02,train,0.3,32,16,16,0.5,0.19999999999999996,3,0.1875,6.0,5.5,2.0,10.0,3.0,0.0,3.0,3.0,3,90,1309,41416,exact,2,0.09,0.026999999999999996,0.0081,0.27,2.4299999999999997,10.6029,13.3029,2.6604623139080856
code_n32_k16_cw3_060_q03,code_n32_k16_cw3_060,q03,train,0.36,32,16,16,0.5,0.14,3,0.1875,6.0,5.5,2.0,10.0,3.0,0.0,3.0,3.0,3,90,1309,41416,exact,2,0.1296,0.046655999999999996,0.016796159999999997,0.3888,4.199039999999999,21.986173439999998,26.574013439999998,3.316873787165
code_n32_k16_cw3_061_q00,code_n32_k16_cw3_061,q00,test,0.18,32,16,16,0.5,0.32000000000000006,3,0.1875,6.0,4.625,3.0,11.0,3.0,0.0,3.0,3.0,1,30,441,41416,exact,2,0.0324,0.0058319999999999995,0.0010497599999999998,0.0324,0.17495999999999998,0.46294415999999994,0.6703041599999999,0.5130057415812195
code_n32_k16_cw3_061_q01,code_n32_k16_cw3_061,q01,test,0.24,32,16,16,0.5,0.26,3,0.1875,6.0,4.625,3.0,11.0,3.0,0.0,3.0,3.0,1,30,441,41416,exact,2,0.0576,0.013823999999999998,0.0033177599999999995,0.0576,0.4147199999999999,1.4631321599999998,1.9354521599999996,1.0768614993359922
code_n32_k16_cw3_061_q02,code_n32_k16_cw3_061,q02,test,0.3,32,16,16,0.5,0.19999999999999996,3,0.1875,6.0,4.625,3.0,11.0,3.0,0.0,3.0,3.0,1,30,441,41416,exact,2,0.09,0.026999999999999996,0.0081,0.09,0.8099999999999998,3.5721,4.472099999999999,1.6996624550070674
code_n32_k16_cw3_061_q03,code_n32_k16_cw3_061,q03,test,0.36,32,16,16,0.5,0.14,3,0.1875,6.0,4.625,3.0,11.0,3.0,0.0,3.0,3.0,1,30,441,41416,exact,2,0.1296,0.046655999999999996,0.016796159999999997,0.1296,1.3996799999999998,7.407106559999999,8.936386559999999,2.2962034294262916
code_n32_k16_cw3_062_q00,code_n32_k16_cw3_062,q00,test,0.18,32,16,16,0.5,0.32000000000000006,3,0.1875,6.0,4.75,2.0,11.0,3.0,0.0,3.0,3.0,1,30,439,41416,exact,2,0.0324,0.0058319999999999995,0.0010497599999999998,0.0324,0.17495999999999998,0.4608446399999999,0.6682046399999999,0.5117479822625803
code_n32_k16_cw3_062_q01,code_n32_k16_cw3_062,q01,test,0.24,32,16,16,0.5,0.26,3,0.1875,6.0,4.75,2.0,11.0,3.0,0.0,3.0,3.0,1,30,439,41416,exact,2,0.0576,0.013823999999999998,0.0033177599999999995,0.0576,0.4147199999999999,1.4564966399999997,1.9288166399999995,1.0745984643155342
code_n32_k16_cw3_062_q02,code_n32_k16_cw3_062,q02,test,0.3,32,16,16,0.5,0.19999999999999996,3,0.1875,6.0,4.75,2.0,11.0,3.0,0.0,3.0,3.0,1,30,439,41416,exact,2,0.09,0.026999999999999996,0.0081,0.09,0.8099999999999998,3.5559,4.4559,1.6966975919274452
code_n32_k16_cw3_062_q03,code_n32_k16_cw3_062,q03,test,0.36,32,16,16,0.5,0.14,3,0.1875,6.0,4.75,2.0,11.0,3.0,0.0,3.0,3.0,1,30,439,41416,exact,2,0.1296,0.046655999999999996,0.016796159999999997,0.1296,1.3996799999999998,7.373514239999999,8.902794239999999,2.2928169637811506
code_n32_k16_cw3_063_q00,code_n32_k16_cw3_063,q00,train,0.18,32,16,16,0.5,0.32000000000000006,3,0.1875,6.0,3.25,3.0,10.0,3.0,0.0,3.0,3.0,1,30,441,41416,exact,2,0.0324,0.0058319999999999995,0.0010497599999999998,0.0324,0.17495999999999998,0.46294415999999994,0.6703041599999999,0.5130057415812195
code_n32_k16_cw3_063_q01,code_n32_k16_cw3_063,q01,train,0.24,32,16,16,0.5,0.26,3,0.1875,6.0,3.25,3.0,10.0,3.0,0.0,3.0,3.0,1,30,441,41416,exact,2,0.0576,0.013823999999999998,0.0033177599999999995,0.0576,0.4147199999999999,1.4631321599999998,1.9354521599999996,1.0768614993359922
code_n32_k16_cw3_063_q02,code_n32_k16_cw3_063,q02,train,0.3,32,16,16,0.5,0.19999999999999996,3,0.1875,6.0,3.25,3.0,10.0,3.0,0.0,3.0,3.0,1,30,441,41416,exact,2,0.09,0.026999999999999996,0.0081,0.09,0.8099999999999998,3.5721,4.472099999999999,1.6996624550070674
code_n32_k16_cw3_063_q03,code_n32_k16_cw3_063,q03,train,0.36,32,16,16,0.5,0.14,3,0.1875,6.0,3.25,3.0,10.0,3.0,0.0,3.0,3.0,1,30,441,41416,exact,2,0.1296,0.046655999999999996,0.016796159999999997,0.1296,1.3996799999999998,7.407106559999999,8.936386559999999,2.2962034294262916
code_n32_k16_cw3_064_q00,code_n32_k16_cw3_064,q00,validation,0.18,32,16,16,0.5,0.32000000000000006,3,0.1875,6.0,5.75,2.0,11.0,3.0,0.0,3.0,3.0,1,30,439,41416,exact,2,0.0324,0.0058319999999999995,0.0010497599999999998,0.0324,0.17495999999999998,0.4608446399999999,0.6682046399999999,0.5117479822625803
code_n32_k16_cw3_064_q01,code_n32_k16_cw3_064,q01,validation,0.24,32,16,16,0.5,0.26,3,0.1875,6.0,5.75,2.0,11.0,3.0,0.0,3.0,3.0,1,30,439,41416,exact,2,0.0576,0.013823999999999998,0.0033177599999999995,0.0576,0.4147199999999999,1.4564966399999997,1.9288166399999995,1.0745984643155342
code_n32_k16_cw3_064_q02,code_n32_k16_cw3_064,q02,validation,0.3,32,16,16,0.5,0.19999999999999996,3,0.1875,6.0,5.75,2.0,11.0,3.0,0.0,3.0,3.0,1,30,439,41416,exact,2,0.09,0.026999999999999996,0.0081,0.09,0.8099999999999998,3.5559,4.4559,1.6966975919274452
code_n32_k16_cw3_064_q03,code_n32_k16_cw3_064,q03,validation,0.36,32,16,16,0.5,0.14,3,0.1875,6.0,5.75,2.0,11.0,3.0,0.0,3.0,3.0,1,30,439,41416,exact,2,0.1296,0.046655999999999996,0.016796159999999997,0.1296,1.3996799999999998,7.373514239999999,8.902794239999999,2.2928169637811506
code_n32_k16_cw3_065_q00,code_n32_k16_cw3_065,q00,train,0.18,32,16,16,0.5,0.32000000000000006,3,0.1875,6.0,5.5,2.0,12.0,3.0,0.0,3.0,3.0,2,60,871,41416,exact,2,0.0324,0.0058319999999999995,0.0010497599999999998,0.0648,0.34991999999999995,0.9143409599999999,1.3290609599999998,0.8454651648834064
code_n32_k16_cw3_065_q01,code_n32_k16_cw3_065,q01,train,0.24,32,16,16,0.5,0.26,3,0.1875,6.0,5.5,2.0,12.0,3.0,0.0,3.0,3.0,2,60,871,41416,exact,2,0.0576,0.013823999999999998,0.0033177599999999995,0.1152,0.8294399999999998,2.8897689599999996,3.8344089599999993,1.5757588794475748
code_n32_k16_cw3_065_q02,code_n32_k16_cw3_065,q02,train,0.3,32,16,16,0.5,0.19999999999999996,3,0.1875,6.0,5.5,2.0,12.0,3.0,0.0,3.0,3.0,2,60,871,41416,exact,2,0.09,0.026999999999999996,0.0081,0.18,1.6199999999999997,7.0550999999999995,8.855099999999998,2.2879890876866362
code_n32_k16_cw3_065_q03,code_n32_k16_cw3_065,q03,train,0.36,32,16,16,0.5,0.14,3,0.1875,6.0,5.5,2.0,12.0,3.0,0.0,3.0,3.0,2,60,871,41416,exact,2,0.1296,0.046655999999999996,0.016796159999999997,0.2592,2.7993599999999996,14.629455359999998,17.688015359999998,2.927882428563287
code_n32_k16_cw3_066_q00,code_n32_k16_cw3_066,q00,validation,0.18,32,16,16,0.5,0.32000000000000006,3,0.1875,6.0,3.625,2.0,9.0,3.0,0.0,3.0,3.0,1,30,447,41416,exact,2,0.0324,0.0058319999999999995,0.0010497599999999998,0.0324,0.17495999999999998,0.46924271999999995,0.67660272,0.5167695555512117
code_n32_k16_cw3_066_q01,code_n32_k16_cw3_066,q01,validation,0.24,32,16,16,0.5,0.26,3,0.1875,6.0,3.625,2.0,9.0,3.0,0.0,3.0,3.0,1,30,447,41416,exact,2,0.0576,0.013823999999999998,0.0033177599999999995,0.0576,0.4147199999999999,1.4830387199999997,1.9553587199999996,1.083620037737415
code_n32_k16_cw3_066_q02,code_n32_k16_cw3_066,q02,validation,0.3,32,16,16,0.5,0.19999999999999996,3,0.1875,6.0,3.625,2.0,9.0,3.0,0.0,3.0,3.0,1,30,447,41416,exact,2,0.09,0.026999999999999996,0.0081,0.09,0.8099999999999998,3.6207,4.5207,1.7085046638432964
code_n32_k16_cw3_066_q03,code_n32_k16_cw3_066,q03,validation,0.36,32,16,16,0.5,0.14,3,0.1875,6.0,3.625,2.0,9.0,3.0,0.0,3.0,3.0,1,30,447,41416,exact,2,0.1296,0.046655999999999996,0.016796159999999997,0.1296,1.3996799999999998,7.507883519999999,9.037163519999998,2.306294556419588
code_n32_k16_cw3_067_q00,code_n32_k16_cw3_067,q00,train,0.18,32,16,16,0.5,0.32000000000000006,3,0.1875,6.0,10.625,2.0,14.0,3.0,0.0,3.0,3.0,0,0,11,41416,exact,4,0.0324,0.0058319999999999995,0.0010497599999999998,0.0,0.0,0.011547359999999998,0.011547359999999998,0.011481198081718715
code_n32_k16_cw3_067_q01,code_n32_k16_cw3_067,q01,train,0.24,32,16,16,0.5,0.26,3,0.1875,6.0,10.625,2.0,14.0,3.0,0.0,3.0,3.0,0,0,11,41416,exact,4,0.0576,0.013823999999999998,0.0033177599999999995,0.0,0.0,0.03649535999999999,0.03649535999999999,0.03584517627972158
code_n32_k16_cw3_067_q02,code_n32_k16_cw3_067,q02,train,0.3,32,16,16,0.5,0.19999999999999996,3,0.1875,6.0,10.625,2.0,14.0,3.0,0.0,3.0,3.0,0,0,11,41416,exact,4,0.09,0.026999999999999996,0.0081,0.0,0.0,0.0891,0.0891,0.0853516670995037
code_n32_k16_cw3_067_q03,code_n32_k16_cw3_067,q03,train,0.36,32,16,16,0.5,0.14,3,0.1875,6.0,10.625,2.0,14.0,3.0,0.0,3.0,3.0,0,0,11,41416,exact,4,0.1296,0.046655999999999996,0.016796159999999997,0.0,0.0,0.18475775999999997,0.18475775999999997,0.1695383317491533
code_n32_k16_cw3_068_q00,code_n32_k16_cw3_068,q00,train,0.18,32,16,16,0.5,0.32000000000000006,3,0.1875,6.0,5.125,2.0,11.0,3.0,0.0,3.0,3.0,4,118,1682,41416,exact,2,0.0324,0.0058319999999999995,0.0010497599999999998,0.1296,0.6881759999999999,1.7656963199999998,2.5834723199999994,1.2763322521301108
code_n32_k16_cw3_068_q01,code_n32_k16_cw3_068,q01,train,0.24,32,16,16,0.5,0.26,3,0.1875,6.0,5.125,2.0,11.0,3.0,0.0,3.0,3.0,4,118,1682,41416,exact,2,0.0576,0.013823999999999998,0.0033177599999999995,0.2304,1.6312319999999998,5.580472319999999,7.4421043199999986,2.133231604545269
code_n32_k16_cw3_068_q02,code_n32_k16_cw3_068,q02,train,0.3,32,16,16,0.5,0.19999999999999996,3,0.1875,6.0,5.125,2.0,11.0,3.0,0.0,3.0,3.0,4,118,1682,41416,exact,2,0.09,0.026999999999999996,0.0081,0.36,3.1859999999999995,13.6242,17.1702,2.899782889502152
code_n32_k16_cw3_068_q03,code_n32_k16_cw3_068,q03,train,0.36,32,16,16,0.5,0.14,3,0.1875,6.0,5.125,2.0,11.0,3.0,0.0,3.0,3.0,4,118,1682,41416,exact,2,0.1296,0.046655999999999996,0.016796159999999997,0.5184,5.505407999999999,28.251141119999996,34.274949119999995,3.5631730553565473
code_n32_k16_cw3_069_q00,code_n32_k16_cw3_069,q00,validation,0.18,32,16,16,0.5,0.32000000000000006,3,0.1875,6.0,5.5,3.0,11.0,3.0,0.0,3.0,3.0,2,60,875,41416,exact,2,0.0324,0.0058319999999999995,0.0010497599999999998,0.0648,0.34991999999999995,0.9185399999999999,1.33326,0.8472664313218871
code_n32_k16_cw3_069_q01,code_n32_k16_cw3_069,q01,validation,0.24,32,16,16,0.5,0.26,3,0.1875,6.0,5.5,3.0,11.0,3.0,0.0,3.0,3.0,2,60,875,41416,exact,2,0.0576,0.013823999999999998,0.0033177599999999995,0.1152,0.8294399999999998,2.9030399999999994,3.847679999999999,1.5785002399878216
code_n32_k16_cw3_069_q02,code_n32_k16_cw3_069,q02,validation,0.3,32,16,16,0.5,0.19999999999999996,3,0.1875,6.0,5.5,3.0,11.0,3.0,0.0,3.0,3.0,2,60,875,41416,exact,2,0.09,0.026999999999999996,0.0081,0.18,1.6199999999999997,7.0874999999999995,8.8875,2.291271333093772
code_n32_k16_cw3_069_q03,code_n32_k16_cw3_069,q03,validation,0.36,32,16,16,0.5,0.14,3,0.1875,6.0,5.5,3.0,11.0,3.0,0.0,3.0,3.0,2,60,875,41416,exact,2,0.1296,0.046655999999999996,0.016796159999999997,0.2592,2.7993599999999996,14.696639999999999,17.7552,2.931471047299973
code_n32_k16_cw3_070_q00,code_n32_k16_cw3_070,q00,train,0.18,32,16,16,0.5,0.32000000000000006,3,0.1875,6.0,4.25,3.0,11.0,3.0,0.0,3.0,3.0,0,0,7,41416,exact,4,0.0324,0.0058319999999999995,0.0010497599999999998,0.0,0.0,0.0073483199999999985,0.0073483199999999985,0.007321452636295071
code_n32_k16_cw3_070_q01,code_n32_k16_cw3_070,q01,train,0.24,32,16,16,0.5,0.26,3,0.1875,6.0,4.25,3.0,11.0,3.0,0.0,3.0,3.0,0,0,7,41416,exact,4,0.0576,0.013823999999999998,0.0033177599999999995,0.0,0.0,0.023224319999999996,0.023224319999999996,0.0229587395692226
code_n32_k16_cw3_070_q02,code_n32_k16_cw3_070,q02,train,0.3,32,16,16,0.5,0.19999999999999996,3,0.1875,6.0,4.25,3.0,11.0,3.0,0.0,3.0,3.0,0,0,7,41416,exact,4,0.09,0.026999999999999996,0.0081,0.0,0.0,0.0567,0.0567,0.05515084446484804
code_n32_k16_cw3_070_q03,code_n32_k16_cw3_070,q03,train,0.36,32,16,16,0.5,0.14,3,0.1875,6.0,4.25,3.0,11.0,3.0,0.0,3.0,3.0,0,0,7,41416,exact,4,0.1296,0.046655999999999996,0.016796159999999997,0.0,0.0,0.11757311999999998,0.11757311999999998,0.11115947713235992
code_n32_k16_cw3_071_q00,code_n32_k16_cw3_071,q00,train,0.18,32,16,16,0.5,0.32000000000000006,3,0.1875,6.0,1.375,4.0,8.0,3.0,0.0,3.0,3.0,0,0,0,41416,exact,99,0.0324,0.0058319999999999995,0.0010497599999999998,0.0,0.0,0.0,0.0,0.0
code_n32_k16_cw3_071_q01,code_n32_k16_cw3_071,q01,train,0.24,32,16,16,0.5,0.26,3,0.1875,6.0,1.375,4.0,8.0,3.0,0.0,3.0,3.0,0,0,0,41416,exact,99,0.0576,0.013823999999999998,0.0033177599999999995,0.0,0.0,0.0,0.0,0.0
code_n32_k16_cw3_071_q02,code_n32_k16_cw3_071,q02,train,0.3,32,16,16,0.5,0.19999999999999996,3,0.1875,6.0,1.375,4.0,8.0,3.0,0.0,3.0,3.0,0,0,0,41416,exact,99,0.09,0.026999999999999996,0.0081,0.0,0.0,0.0,0.0,0.0
code_n32_k16_cw3_071_q03,code_n32_k16_cw3_071,q03,train,0.36,32,16,16,0.5,0.14,3,0.1875,6.0,1.375,4.0,8.0,3.0,0.0,3.0,3.0,0,0,0,41416,exact,99,0.1296,0.046655999999999996,0.016796159999999997,0.0,0.0,0.0,0.0,0.0
code_n32_k16_cw3_072_q00,code_n32_k16_cw3_072,q00,train,0.18,32,16,16,0.5,0.32000000000000006,3,0.1875,6.0,3.875,2.0,9.0,3.0,0.0,3.0,3.0,1,30,439,41416,exact,2,0.0324,0.0058319999999999995,0.0010497599999999998,0.0324,0.17495999999999998,0.4608446399999999,0.6682046399999999,0.5117479822625803
code_n32_k16_cw3_072_q01,code_n32_k16_cw3_072,q01,train,0.24,32,16,16,0.5,0.26,3,0.1875,6.0,3.875,2.0,9.0,3.0,0.0,3.0,3.0,1,30,439,41416,exact,2,0.0576,0.013823999999999998,0.0033177599999999995,0.0576,0.4147199999999999,1.4564966399999997,1.9288166399999995,1.0745984643155342
code_n32_k16_cw3_072_q02,code_n32_k16_cw3_072,q02,train,0.3,32,16,16,0.5,0.19999999999999996,3,0.1875,6.0,3.875,2.0,9.0,3.0,0.0,3.0,3.0,1,30,439,41416,exact,2,0.09,0.026999999999999996,0.0081,0.09,0.8099999999999998,3.5559,4.4559,1.6966975919274452
code_n32_k16_cw3_072_q03,code_n32_k16_cw3_072,q03,train,0.36,32,16,16,0.5,0.14,3,0.1875,6.0,3.875,2.0,9.0,3.0,0.0,3.0,3.0,1,30,439,41416,exact,2,0.1296,0.046655999999999996,0.016796159999999997,0.1296,1.3996799999999998,7.373514239999999,8.902794239999999,2.2928169637811506
code_n32_k16_cw3_073_q00,code_n32_k16_cw3_073,q00,test,0.18,32,16,16,0.5,0.32000000000000006,3,0.1875,6.0,6.25,2.0,10.0,3.0,0.0,3.0,3.0,0,0,7,41416,exact,4,0.0324,0.0058319999999999995,0.0010497599999999998,0.0,0.0,0.0073483199999999985,0.0073483199999999985,0.007321452636295071
code_n32_k16_cw3_073_q01,code_n32_k16_cw3_073,q01,test,0.24,32,16,16,0.5,0.26,3,0.1875,6.0,6.25,2.0,10.0,3.0,0.0,3.0,3.0,0,0,7,41416,exact,4,0.0576,0.013823999999999998,0.0033177599999999995,0.0,0.0,0.023224319999999996,0.023224319999999996,0.0229587395692226
code_n32_k16_cw3_073_q02,code_n32_k16_cw3_073,q02,test,0.3,32,16,16,0.5,0.19999999999999996,3,0.1875,6.0,6.25,2.0,10.0,3.0,0.0,3.0,3.0,0,0,7,41416,exact,4,0.09,0.026999999999999996,0.0081,0.0,0.0,0.0567,0.0567,0.05515084446484804
code_n32_k16_cw3_073_q03,code_n32_k16_cw3_073,q03,test,0.36,32,16,16,0.5,0.14,3,0.1875,6.0,6.25,2.0,10.0,3.0,0.0,3.0,3.0,0,0,7,41416,exact,4,0.1296,0.046655999999999996,0.016796159999999997,0.0,0.0,0.11757311999999998,0.11757311999999998,0.11115947713235992
code_n32_k16_cw3_074_q00,code_n32_k16_cw3_074,q00,validation,0.18,32,16,16,0.5,0.32000000000000006,3,0.1875,6.0,7.25,2.0,14.0,3.0,0.0,3.0,3.0,0,0,3,41416,exact,4,0.0324,0.0058319999999999995,0.0010497599999999998,0.0,0.0,0.0031492799999999995,0.0031492799999999995,0.0031443314046935215
code_n32_k16_cw3_074_q01,code_n32_k16_cw3_074,q01,validation,0.24,32,16,16,0.5,0.26,3,0.1875,6.0,7.25,2.0,14.0,3.0,0.0,3.0,3.0,0,0,3,41416,exact,4,0.0576,0.013823999999999998,0.0033177599999999995,0.0,0.0,0.009953279999999998,0.009953279999999998,0.009904072357517795
code_n32_k16_cw3_074_q02,code_n32_k16_cw3_074,q02,validation,0.3,32,16,16,0.5,0.19999999999999996,3,0.1875,6.0,7.25,2.0,14.0,3.0,0.0,3.0,3.0,0,0,3,41416,exact,4,0.09,0.026999999999999996,0.0081,0.0,0.0,0.0243,0.0243,0.024009452460351865
code_n32_k16_cw3_074_q03,code_n32_k16_cw3_074,q03,validation,0.36,32,16,16,0.5,0.14,3,0.1875,6.0,7.25,2.0,14.0,3.0,0.0,3.0,3.0,0,0,3,41416,exact,4,0.1296,0.046655999999999996,0.016796159999999997,0.0,0.0,0.05038847999999999,0.05038847999999999,0.04916007669573743
code_n32_k16_cw3_075_q00,code_n32_k16_cw3_075,q00,test,0.18,32,16,16,0.5,0.32000000000000006,3,0.1875,6.0,2.75,3.0,9.0,3.0,0.0,3.0,3.0,2,60,875,41416,exact,2,0.0324,0.0058319999999999995,0.0010497599999999998,0.0648,0.34991999999999995,0.9185399999999999,1.33326,0.8472664313218871
code_n32_k16_cw3_075_q01,code_n32_k16_cw3_075,q01,test,0.24,32,16,16,0.5,0.26,3,0.1875,6.0,2.75,3.0,9.0,3.0,0.0,3.0,3.0,2,60,875,41416,exact,2,0.0576,0.013823999999999998,0.0033177599999999995,0.1152,0.8294399999999998,2.9030399999999994,3.847679999999999,1.5785002399878216
code_n32_k16_cw3_075_q02,code_n32_k16_cw3_075,q02,test,0.3,32,16,16,0.5,0.19999999999999996,3,0.1875,6.0,2.75,3.0,9.0,3.0,0.0,3.0,3.0,2,60,875,41416,exact,2,0.09,0.026999999999999996,0.0081,0.18,1.6199999999999997,7.0874999999999995,8.8875,2.291271333093772
code_n32_k16_cw3_075_q03,code_n32_k16_cw3_075,q03,test,0.36,32,16,16,0.5,0.14,3,0.1875,6.0,2.75,3.0,9.0,3.0,0.0,3.0,3.0,2,60,875,41416,exact,2,0.1296,0.046655999999999996,0.016796159999999997,0.2592,2.7993599999999996,14.696639999999999,17.7552,2.931471047299973
code_n32_k16_cw3_076_q00,code_n32_k16_cw3_076,q00,train,0.18,32,16,16,0.5,0.32000000000000006,3,0.1875,6.0,4.0,4.0,10.0,3.0,0.0,3.0,3.0,0,0,11,41416,exact,4,0.0324,0.0058319999999999995,0.0010497599999999998,0.0,0.0,0.011547359999999998,0.011547359999999998,0.011481198081718715
code_n32_k16_cw3_076_q01,code_n32_k16_cw3_076,q01,train,0.24,32,16,16,0.5,0.26,3,0.1875,6.0,4.0,4.0,10.0,3.0,0.0,3.0,3.0,0,0,11,41416,exact,4,0.0576,0.013823999999999998,0.0033177599999999995,0.0,0.0,0.03649535999999999,0.03649535999999999,0.03584517627972158
code_n32_k16_cw3_076_q02,code_n32_k16_cw3_076,q02,train,0.3,32,16,16,0.5,0.19999999999999996,3,0.1875,6.0,4.0,4.0,10.0,3.0,0.0,3.0,3.0,0,0,11,41416,exact,4,0.09,0.026999999999999996,0.0081,0.0,0.0,0.0891,0.0891,0.0853516670995037
code_n32_k16_cw3_076_q03,code_n32_k16_cw3_076,q03,train,0.36,32,16,16,0.5,0.14,3,0.1875,6.0,4.0,4.0,10.0,3.0,0.0,3.0,3.0,0,0,11,41416,exact,4,0.1296,0.046655999999999996,0.016796159999999997,0.0,0.0,0.18475775999999997,0.18475775999999997,0.1695383317491533
code_n32_k16_cw3_077_q00,code_n32_k16_cw3_077,q00,validation,0.18,32,16,16,0.5,0.32000000000000006,3,0.1875,6.0,7.25,1.0,12.0,3.0,0.0,3.0,3.0,0,0,7,41416,exact,4,0.0324,0.0058319999999999995,0.0010497599999999998,0.0,0.0,0.0073483199999999985,0.0073483199999999985,0.007321452636295071
code_n32_k16_cw3_077_q01,code_n32_k16_cw3_077,q01,validation,0.24,32,16,16,0.5,0.26,3,0.1875,6.0,7.25,1.0,12.0,3.0,0.0,3.0,3.0,0,0,7,41416,exact,4,0.0576,0.013823999999999998,0.0033177599999999995,0.0,0.0,0.023224319999999996,0.023224319999999996,0.0229587395692226
code_n32_k16_cw3_077_q02,code_n32_k16_cw3_077,q02,validation,0.3,32,16,16,0.5,0.19999999999999996,3,0.1875,6.0,7.25,1.0,12.0,3.0,0.0,3.0,3.0,0,0,7,41416,exact,4,0.09,0.026999999999999996,0.0081,0.0,0.0,0.0567,0.0567,0.05515084446484804
code_n32_k16_cw3_077_q03,code_n32_k16_cw3_077,q03,validation,0.36,32,16,16,0.5,0.14,3,0.1875,6.0,7.25,1.0,12.0,3.0,0.0,3.0,3.0,0,0,7,41416,exact,4,0.1296,0.046655999999999996,0.016796159999999997,0.0,0.0,0.11757311999999998,0.11757311999999998,0.11115947713235992
code_n32_k16_cw3_078_q00,code_n32_k16_cw3_078,q00,train,0.18,32,16,16,0.5,0.32000000000000006,3,0.1875,6.0,8.0,1.0,11.0,3.0,0.0,3.0,3.0,2,60,879,41416,exact,2,0.0324,0.0058319999999999995,0.0010497599999999998,0.0648,0.34991999999999995,0.9227390399999998,1.3374590399999997,0.849064459032523
code_n32_k16_cw3_078_q01,code_n32_k16_cw3_078,q01,train,0.24,32,16,16,0.5,0.26,3,0.1875,6.0,8.0,1.0,11.0,3.0,0.0,3.0,3.0,2,60,879,41416,exact,2,0.0576,0.013823999999999998,0.0033177599999999995,0.1152,0.8294399999999998,2.9163110399999996,3.8609510399999993,1.5812341060109496
code_n32_k16_cw3_078_q02,code_n32_k16_cw3_078,q02,train,0.3,32,16,16,0.5,0.19999999999999996,3,0.1875,6.0,8.0,1.0,11.0,3.0,0.0,3.0,3.0,2,60,879,41416,exact,2,0.09,0.026999999999999996,0.0081,0.18,1.6199999999999997,7.1198999999999995,8.919899999999998,2.2945428406008097
code_n32_k16_cw3_078_q03,code_n32_k16_cw3_078,q03,train,0.36,32,16,16,0.5,0.14,3,0.1875,6.0,8.0,1.0,11.0,3.0,0.0,3.0,3.0,2,60,879,41416,exact,2,0.1296,0.046655999999999996,0.016796159999999997,0.2592,2.7993599999999996,14.763824639999998,17.822384639999996,2.935046833888188
code_n32_k16_cw3_079_q00,code_n32_k16_cw3_079,q00,train,0.18,32,16,16,0.5,0.32000000000000006,3,0.1875,6.0,5.25,3.0,12.0,3.0,0.0,3.0,3.0,0,0,5,41416,exact,4,0.0324,0.0058319999999999995,0.0010497599999999998,0.0,0.0,0.0052488,0.0052488,0.005235073061631587
code_n32_k16_cw3_079_q01,code_n32_k16_cw3_079,q01,train,0.24,32,16,16,0.5,0.26,3,0.1875,6.0,5.25,3.0,12.0,3.0,0.0,3.0,3.0,0,0,5,41416,exact,4,0.0576,0.013823999999999998,0.0033177599999999995,0.0,0.0,0.016588799999999997,0.016588799999999997,0.01645270885409976
code_n32_k16_cw3_079_q02,code_n32_k16_cw3_079,q02,train,0.3,32,16,16,0.5,0.19999999999999996,3,0.1875,6.0,5.25,3.0,12.0,3.0,0.0,3.0,3.0,0,0,5,41416,exact,4,0.09,0.026999999999999996,0.0081,0.0,0.0,0.040499999999999994,0.040499999999999994,0.03970136685155206
code_n32_k16_cw3_079_q03,code_n32_k16_cw3_079,q03,train,0.36,32,16,16,0.5,0.14,3,0.1875,6.0,5.25,3.0,12.0,3.0,0.0,3.0,3.0,0,0,5,41416,exact,4,0.1296,0.046655999999999996,0.016796159999999997,0.0,0.0,0.0839808,0.0839808,0.08064019068347023
code_n32_k16_cw3_080_q00,code_n32_k16_cw3_080,q00,train,0.18,32,16,16,0.5,0.32000000000000006,3,0.1875,6.0,2.625,3.0,10.0,3.0,0.0,3.0,3.0,2,60,873,41416,exact,2,0.0324,0.0058319999999999995,0.0010497599999999998,0.0648,0.34991999999999995,0.9164404799999999,1.3311604799999999,0.8463662036726897
code_n32_k16_cw3_080_q01,code_n32_k16_cw3_080,q01,train,0.24,32,16,16,0.5,0.26,3,0.1875,6.0,2.625,3.0,10.0,3.0,0.0,3.0,3.0,2,60,873,41416,exact,2,0.0576,0.013823999999999998,0.0033177599999999995,0.1152,0.8294399999999998,2.8964044799999997,3.8410444799999994,1.5771304990996056
code_n32_k16_cw3_080_q02,code_n32_k16_cw3_080,q02,train,0.3,32,16,16,0.5,0.19999999999999996,3,0.1875,6.0,2.625,3.0,10.0,3.0,0.0,3.0,3.0,2,60,873,41416,exact,2,0.09,0.026999999999999996,0.0081,0.18,1.6199999999999997,7.0713,8.8713,2.289631557031464
code_n32_k16_cw3_080_q03,code_n32_k16_cw3_080,q03,train,0.36,32,16,16,0.5,0.14,3,0.1875,6.0,2.625,3.0,10.0,3.0,0.0,3.0,3.0,2,60,873,41416,exact,2,0.1296,0.046655999999999996,0.016796159999999997,0.2592,2.7993599999999996,14.663047679999998,17.721607679999998,2.929678347703821
code_n32_k16_cw3_081_q00,code_n32_k16_cw3_081,q00,test,0.18,32,16,16,0.5,0.32000000000000006,3,0.1875,6.0,4.5,1.0,10.0,3.0,0.0,3.0,3.0,0,0,7,41416,exact,4,0.0324,0.0058319999999999995,0.0010497599999999998,0.0,0.0,0.0073483199999999985,0.0073483199999999985,0.007321452636295071
code_n32_k16_cw3_081_q01,code_n32_k16_cw3_081,q01,test,0.24,32,16,16,0.5,0.26,3,0.1875,6.0,4.5,1.0,10.0,3.0,0.0,3.0,3.0,0,0,7,41416,exact,4,0.0576,0.013823999999999998,0.0033177599999999995,0.0,0.0,0.023224319999999996,0.023224319999999996,0.0229587395692226
code_n32_k16_cw3_081_q02,code_n32_k16_cw3_081,q02,test,0.3,32,16,16,0.5,0.19999999999999996,3,0.1875,6.0,4.5,1.0,10.0,3.0,0.0,3.0,3.0,0,0,7,41416,exact,4,0.09,0.026999999999999996,0.0081,0.0,0.0,0.0567,0.0567,0.05515084446484804
code_n32_k16_cw3_081_q03,code_n32_k16_cw3_081,q03,test,0.36,32,16,16,0.5,0.14,3,0.1875,6.0,4.5,1.0,10.0,3.0,0.0,3.0,3.0,0,0,7,41416,exact,4,0.1296,0.046655999999999996,0.016796159999999997,0.0,0.0,0.11757311999999998,0.11757311999999998,0.11115947713235992
code_n32_k16_cw3_082_q00,code_n32_k16_cw3_082,q00,validation,0.18,32,16,16,0.5,0.32000000000000006,3,0.1875,6.0,5.5,2.0,10.0,3.0,0.0,3.0,3.0,1,30,439,41416,exact,2,0.0324,0.0058319999999999995,0.0010497599999999998,0.0324,0.17495999999999998,0.4608446399999999,0.6682046399999999,0.5117479822625803
code_n32_k16_cw3_082_q01,code_n32_k16_cw3_082,q01,validation,0.24,32,16,16,0.5,0.26,3,0.1875,6.0,5.5,2.0,10.0,3.0,0.0,3.0,3.0,1,30,439,41416,exact,2,0.0576,0.013823999999999998,0.0033177599999999995,0.0576,0.4147199999999999,1.4564966399999997,1.9288166399999995,1.0745984643155342
code_n32_k16_cw3_082_q02,code_n32_k16_cw3_082,q02,validation,0.3,32,16,16,0.5,0.19999999999999996,3,0.1875,6.0,5.5,2.0,10.0,3.0,0.0,3.0,3.0,1,30,439,41416,exact,2,0.09,0.026999999999999996,0.0081,0.09,0.8099999999999998,3.5559,4.4559,1.6966975919274452
code_n32_k16_cw3_082_q03,code_n32_k16_cw3_082,q03,validation,0.36,32,16,16,0.5,0.14,3,0.1875,6.0,5.5,2.0,10.0,3.0,0.0,3.0,3.0,1,30,439,41416,exact,2,0.1296,0.046655999999999996,0.016796159999999997,0.1296,1.3996799999999998,7.373514239999999,8.902794239999999,2.2928169637811506
code_n32_k16_cw3_083_q00,code_n32_k16_cw3_083,q00,train,0.18,32,16,16,0.5,0.32000000000000006,3,0.1875,6.0,4.25,3.0,10.0,3.0,0.0,3.0,3.0,0,0,5,41416,exact,4,0.0324,0.0058319999999999995,0.0010497599999999998,0.0,0.0,0.0052488,0.0052488,0.005235073061631587
code_n32_k16_cw3_083_q01,code_n32_k16_cw3_083,q01,train,0.24,32,16,16,0.5,0.26,3,0.1875,6.0,4.25,3.0,10.0,3.0,0.0,3.0,3.0,0,0,5,41416,exact,4,0.0576,0.013823999999999998,0.0033177599999999995,0.0,0.0,0.016588799999999997,0.016588799999999997,0.01645270885409976
code_n32_k16_cw3_083_q02,code_n32_k16_cw3_083,q02,train,0.3,32,16,16,0.5,0.19999999999999996,3,0.1875,6.0,4.25,3.0,10.0,3.0,0.0,3.0,3.0,0,0,5,41416,exact,4,0.09,0.026999999999999996,0.0081,0.0,0.0,0.040499999999999994,0.040499999999999994,0.03970136685155206
code_n32_k16_cw3_083_q03,code_n32_k16_cw3_083,q03,train,0.36,32,16,16,0.5,0.14,3,0.1875,6.0,4.25,3.0,10.0,3.0,0.0,3.0,3.0,0,0,5,41416,exact,4,0.1296,0.046655999999999996,0.016796159999999997,0.0,0.0,0.0839808,0.0839808,0.08064019068347023
code_n32_k16_cw3_084_q00,code_n32_k16_cw3_084,q00,train,0.18,32,16,16,0.5,0.32000000000000006,3,0.1875,6.0,3.875,1.0,8.0,3.0,0.0,3.0,3.0,0,0,10,41416,exact,4,0.0324,0.0058319999999999995,0.0010497599999999998,0.0,0.0,0.0104976,0.0104976,0.010442882796867616
code_n32_k16_cw3_084_q01,code_n32_k16_cw3_084,q01,train,0.24,32,16,16,0.5,0.26,3,0.1875,6.0,3.875,1.0,8.0,3.0,0.0,3.0,3.0,0,0,10,41416,exact,4,0.0576,0.013823999999999998,0.0033177599999999995,0.0,0.0,0.033177599999999995,0.033177599999999995,0.0326391017877269
code_n32_k16_cw3_084_q02,code_n32_k16_cw3_084,q02,train,0.3,32,16,16,0.5,0.19999999999999996,3,0.1875,6.0,3.875,1.0,8.0,3.0,0.0,3.0,3.0,0,0,10,41416,exact,4,0.09,0.026999999999999996,0.0081,0.0,0.0,0.08099999999999999,0.08099999999999999,0.07788653865707122
code_n32_k16_cw3_084_q03,code_n32_k16_cw3_084,q03,train,0.36,32,16,16,0.5,0.14,3,0.1875,6.0,3.875,1.0,8.0,3.0,0.0,3.0,3.0,0,0,10,41416,exact,4,0.1296,0.046655999999999996,0.016796159999999997,0.0,0.0,0.1679616,0.1679616,0.15526000715325558
code_n32_k16_cw3_085_q00,code_n32_k16_cw3_085,q00,validation,0.18,32,16,16,0.5,0.32000000000000006,3,0.1875,6.0,2.875,3.0,8.0,3.0,0.0,3.0,3.0,1,30,442,41416,exact,2,0.0324,0.0058319999999999995,0.0010497599999999998,0.0324,0.17495999999999998,0.46399391999999995,0.6713539199999999,0.5136340285031012
code_n32_k16_cw3_085_q01,code_n32_k16_cw3_085,q01,validation,0.24,32,16,16,0.5,0.26,3,0.1875,6.0,2.875,3.0,8.0,3.0,0.0,3.0,3.0,1,30,442,41416,exact,2,0.0576,0.013823999999999998,0.0033177599999999995,0.0576,0.4147199999999999,1.4664499199999999,1.9387699199999997,1.0779910992413424
code_n32_k16_cw3_085_q02,code_n32_k16_cw3_085,q02,validation,0.3,32,16,16,0.5,0.19999999999999996,3,0.1875,6.0,2.875,3.0,8.0,3.0,0.0,3.0,3.0,1,30,442,41416,exact,2,0.09,0.026999999999999996,0.0081,0.09,0.8099999999999998,3.5801999999999996,4.480199999999999,1.7011415966443133
code_n32_k16_cw3_085_q03,code_n32_k16_cw3_085,q03,validation,0.36,32,16,16,0.5,0.14,3,0.1875,6.0,2.875,3.0,8.0,3.0,0.0,3.0,3.0,1,30,442,41416,exact,2,0.1296,0.046655999999999996,0.016796159999999997,0.1296,1.3996799999999998,7.423902719999999,8.95318272,2.2978923713793495
code_n32_k16_cw3_086_q00,code_n32_k16_cw3_086,q00,train,0.18,32,16,16,0.5,0.32000000000000006,3,0.1875,6.0,3.25,3.0,9.0,3.0,0.0,3.0,3.0,1,30,438,41416,exact,2,0.0324,0.0058319999999999995,0.0010497599999999998,0.0324,0.17495999999999998,0.4597948799999999,0.6671548799999999,0.5111185088709606
code_n32_k16_cw3_086_q01,code_n32_k16_cw3_086,q01,train,0.24,32,16,16,0.5,0.26,3,0.1875,6.0,3.25,3.0,9.0,3.0,0.0,3.0,3.0,1,30,438,41416,exact,2,0.0576,0.013823999999999998,0.0033177599999999995,0.0576,0.4147199999999999,1.4531788799999998,1.9254988799999997,1.0734650234055403
code_n32_k16_cw3_086_q02,code_n32_k16_cw3_086,q02,train,0.3,32,16,16,0.5,0.19999999999999996,3,0.1875,6.0,3.25,3.0,9.0,3.0,0.0,3.0,3.0,1,30,438,41416,exact,2,0.09,0.026999999999999996,0.0081,0.09,0.8099999999999998,3.5477999999999996,4.447799999999999,1.695211857453826
code_n32_k16_cw3_086_q03,code_n32_k16_cw3_086,q03,train,0.36,32,16,16,0.5,0.14,3,0.1875,6.0,3.25,3.0,9.0,3.0,0.0,3.0,3.0,1,30,438,41416,exact,2,0.1296,0.046655999999999996,0.016796159999999997,0.1296,1.3996799999999998,7.3567180799999985,8.885998079999998,2.2911194206707086
code_n32_k16_cw3_087_q00,code_n32_k16_cw3_087,q00,train,0.18,32,16,16,0.5,0.32000000000000006,3,0.1875,6.0,5.25,3.0,10.0,3.0,0.0,3.0,3.0,2,60,872,41416,exact,2,0.0324,0.0058319999999999995,0.0010497599999999998,0.0648,0.34991999999999995,0.9153907199999999,1.33011072,0.8459157857619071
code_n32_k16_cw3_087_q01,code_n32_k16_cw3_087,q01,train,0.24,32,16,16,0.5,0.26,3,0.1875,6.0,5.25,3.0,10.0,3.0,0.0,3.0,3.0,2,60,872,41416,exact,2,0.0576,0.013823999999999998,0.0033177599999999995,0.1152,0.8294399999999998,2.8930867199999994,3.837726719999999,1.5764449244411305
code_n32_k16_cw3_087_q02,code_n32_k16_cw3_087,q02,train,0.3,32,16,16,0.5,0.19999999999999996,3,0.1875,6.0,5.25,3.0,10.0,3.0,0.0,3.0,3.0,2,60,872,41416,exact,2,0.09,0.026999999999999996,0.0081,0.18,1.6199999999999997,7.063199999999999,8.863199999999999,2.288810659572206
code_n32_k16_cw3_087_q03,code_n32_k16_cw3_087,q03,train,0.36,32,16,16,0.5,0.14,3,0.1875,6.0,5.25,3.0,10.0,3.0,0.0,3.0,3.0,2,60,872,41416,exact,2,0.1296,0.046655999999999996,0.016796159999999997,0.2592,2.7993599999999996,14.646251519999998,17.704811519999996,2.9287807912991943
code_n32_k16_cw3_088_q00,code_n32_k16_cw3_088,q00,train,0.18,32,16,16,0.5,0.32000000000000006,3,0.1875,6.0,5.875,1.0,10.0,3.0,0.0,3.0,3.0,1,30,440,41416,exact,2,0.0324,0.0058319999999999995,0.0010497599999999998,0.0324,0.17495999999999998,0.4618943999999999,0.6692543999999999,0.5123770596666999
code_n32_k16_cw3_088_q01,code_n32_k16_cw3_088,q01,train,0.24,32,16,16,0.5,0.26,3,0.1875,6.0,5.875,1.0,10.0,3.0,0.0,3.0,3.0,1,30,440,41416,exact,2,0.0576,0.013823999999999998,0.0033177599999999995,0.0576,0.4147199999999999,1.4598143999999997,1.9321343999999996,1.0757306219915646
code_n32_k16_cw3_088_q02,code_n32_k16_cw3_088,q02,train,0.3,32,16,16,0.5,0.19999999999999996,3,0.1875,6.0,5.875,1.0,10.0,3.0,0.0,3.0,3.0,1,30,440,41416,exact,2,0.09,0.026999999999999996,0.0081,0.09,0.8099999999999998,3.5639999999999996,4.4639999999999995,1.6981811222684888
code_n32_k16_cw3_088_q03,code_n32_k16_cw3_088,q03,train,0.36,32,16,16,0.5,0.14,3,0.1875,6.0,5.875,1.0,10.0,3.0,0.0,3.0,3.0,1,30,440,41416,exact,2,0.1296,0.046655999999999996,0.016796159999999997,0.1296,1.3996799999999998,7.390310399999999,8.919590399999999,2.2945116301217316
code_n32_k16_cw3_089_q00,code_n32_k16_cw3_089,q00,test,0.18,32,16,16,0.5,0.32000000000000006,3,0.1875,6.0,4.5,3.0,12.0,3.0,0.0,3.0,3.0,1,30,440,41416,exact,2,0.0324,0.0058319999999999995,0.0010497599999999998,0.0324,0.17495999999999998,0.4618943999999999,0.6692543999999999,0.5123770596666999
code_n32_k16_cw3_089_q01,code_n32_k16_cw3_089,q01,test,0.24,32,16,16,0.5,0.26,3,0.1875,6.0,4.5,3.0,12.0,3.0,0.0,3.0,3.0,1,30,440,41416,exact,2,0.0576,0.013823999999999998,0.0033177599999999995,0.0576,0.4147199999999999,1.4598143999999997,1.9321343999999996,1.0757306219915646
code_n32_k16_cw3_089_q02,code_n32_k16_cw3_089,q02,test,0.3,32,16,16,0.5,0.19999999999999996,3,0.1875,6.0,4.5,3.0,12.0,3.0,0.0,3.0,3.0,1,30,440,41416,exact,2,0.09,0.026999999999999996,0.0081,0.09,0.8099999999999998,3.5639999999999996,4.4639999999999995,1.6981811222684888
code_n32_k16_cw3_089_q03,code_n32_k16_cw3_089,q03,test,0.36,32,16,16,0.5,0.14,3,0.1875,6.0,4.5,3.0,12.0,3.0,0.0,3.0,3.0,1,30,440,41416,exact,2,0.1296,0.046655999999999996,0.016796159999999997,0.1296,1.3996799999999998,7.390310399999999,8.919590399999999,2.2945116301217316
code_n32_k16_cw3_090_q00,code_n32_k16_cw3_090,q00,train,0.18,32,16,16,0.5,0.32000000000000006,3,0.1875,6.0,6.875,1.0,13.0,3.0,0.0,3.0,3.0,1,30,441,41416,exact,2,0.0324,0.0058319999999999995,0.0010497599999999998,0.0324,0.17495999999999998,0.46294415999999994,0.6703041599999999,0.5130057415812195
code_n32_k16_cw3_090_q01,code_n32_k16_cw3_090,q01,train,0.24,32,16,16,0.5,0.26,3,0.1875,6.0,6.875,1.0,13.0,3.0,0.0,3.0,3.0,1,30,441,41416,exact,2,0.0576,0.013823999999999998,0.0033177599999999995,0.0576,0.4147199999999999,1.4631321599999998,1.9354521599999996,1.0768614993359922
code_n32_k16_cw3_090_q02,code_n32_k16_cw3_090,q02,train,0.3,32,16,16,0.5,0.19999999999999996,3,0.1875,6.0,6.875,1.0,13.0,3.0,0.0,3.0,3.0,1,30,441,41416,exact,2,0.09,0.026999999999999996,0.0081,0.09,0.8099999999999998,3.5721,4.472099999999999,1.6996624550070674
code_n32_k16_cw3_090_q03,code_n32_k16_cw3_090,q03,train,0.36,32,16,16,0.5,0.14,3,0.1875,6.0,6.875,1.0,13.0,3.0,0.0,3.0,3.0,1,30,441,41416,exact,2,0.1296,0.046655999999999996,0.016796159999999997,0.1296,1.3996799999999998,7.407106559999999,8.936386559999999,2.2962034294262916
code_n32_k16_cw3_091_q00,code_n32_k16_cw3_091,q00,validation,0.18,32,16,16,0.5,0.32000000000000006,3,0.1875,6.0,5.5,1.0,10.0,3.0,0.0,3.0,3.0,1,30,439,41416,exact,2,0.0324,0.0058319999999999995,0.0010497599999999998,0.0324,0.17495999999999998,0.4608446399999999,0.6682046399999999,0.5117479822625803
code_n32_k16_cw3_091_q01,code_n32_k16_cw3_091,q01,validation,0.24,32,16,16,0.5,0.26,3,0.1875,6.0,5.5,1.0,10.0,3.0,0.0,3.0,3.0,1,30,439,41416,exact,2,0.0576,0.013823999999999998,0.0033177599999999995,0.0576,0.4147199999999999,1.4564966399999997,1.9288166399999995,1.0745984643155342
code_n32_k16_cw3_091_q02,code_n32_k16_cw3_091,q02,validation,0.3,32,16,16,0.5,0.19999999999999996,3,0.1875,6.0,5.5,1.0,10.0,3.0,0.0,3.0,3.0,1,30,439,41416,exact,2,0.09,0.026999999999999996,0.0081,0.09,0.8099999999999998,3.5559,4.4559,1.6966975919274452
code_n32_k16_cw3_091_q03,code_n32_k16_cw3_091,q03,validation,0.36,32,16,16,0.5,0.14,3,0.1875,6.0,5.5,1.0,10.0,3.0,0.0,3.0,3.0,1,30,439,41416,exact,2,0.1296,0.046655999999999996,0.016796159999999997,0.1296,1.3996799999999998,7.373514239999999,8.902794239999999,2.2928169637811506
code_n32_k16_cw3_092_q00,code_n32_k16_cw3_092,q00,train,0.18,32,16,16,0.5,0.32000000000000006,3,0.1875,6.0,2.75,3.0,10.0,3.0,0.0,3.0,3.0,1,30,442,41416,exact,2,0.0324,0.0058319999999999995,0.0010497599999999998,0.0324,0.17495999999999998,0.46399391999999995,0.6713539199999999,0.5136340285031012
code_n32_k16_cw3_092_q01,code_n32_k16_cw3_092,q01,train,0.24,32,16,16,0.5,0.26,3,0.1875,6.0,2.75,3.0,10.0,3.0,0.0,3.0,3.0,1,30,442,41416,exact,2,0.0576,0.013823999999999998,0.0033177599999999995,0.0576,0.4147199999999999,1.4664499199999999,1.9387699199999997,1.0779910992413424
code_n32_k16_cw3_092_q02,code_n32_k16_cw3_092,q02,train,0.3,32,16,16,0.5,0.19999999999999996,3,0.1875,6.0,2.75,3.0,10.0,3.0,0.0,3.0,3.0,1,30,442,41416,exact,2,0.09,0.026999999999999996,0.0081,0.09,0.8099999999999998,3.5801999999999996,4.480199999999999,1.7011415966443133
code_n32_k16_cw3_092_q03,code_n32_k16_cw3_092,q03,train,0.36,32,16,16,0.5,0.14,3,0.1875,6.0,2.75,3.0,10.0,3.0,0.0,3.0,3.0,1,30,442,41416,exact,2,0.1296,0.046655999999999996,0.016796159999999997,0.1296,1.3996799999999998,7.423902719999999,8.95318272,2.2978923713793495
code_n32_k16_cw3_093_q00,code_n32_k16_cw3_093,q00,test,0.18,32,16,16,0.5,0.32000000000000006,3,0.1875,6.0,5.25,1.0,11.0,3.0,0.0,3.0,3.0,0,0,3,41416,exact,4,0.0324,0.0058319999999999995,0.0010497599999999998,0.0,0.0,0.0031492799999999995,0.0031492799999999995,0.0031443314046935215
code_n32_k16_cw3_093_q01,code_n32_k16_cw3_093,q01,test,0.24,32,16,16,0.5,0.26,3,0.1875,6.0,5.25,1.0,11.0,3.0,0.0,3.0,3.0,0,0,3,41416,exact,4,0.0576,0.013823999999999998,0.0033177599999999995,0.0,0.0,0.009953279999999998,0.009953279999999998,0.009904072357517795
code_n32_k16_cw3_093_q02,code_n32_k16_cw3_093,q02,test,0.3,32,16,16,0.5,0.19999999999999996,3,0.1875,6.0,5.25,1.0,11.0,3.0,0.0,3.0,3.0,0,0,3,41416,exact,4,0.09,0.026999999999999996,0.0081,0.0,0.0,0.0243,0.0243,0.024009452460351865
code_n32_k16_cw3_093_q03,code_n32_k16_cw3_093,q03,test,0.36,32,16,16,0.5,0.14,3,0.1875,6.0,5.25,1.0,11.0,3.0,0.0,3.0,3.0,0,0,3,41416,exact,4,0.1296,0.046655999999999996,0.016796159999999997,0.0,0.0,0.05038847999999999,0.05038847999999999,0.04916007669573743
code_n32_k16_cw3_094_q00,code_n32_k16_cw3_094,q00,train,0.18,32,16,16,0.5,0.32000000000000006,3,0.1875,6.0,7.625,1.0,12.0,3.0,0.0,3.0,3.0,1,30,440,41416,exact,2,0.0324,0.0058319999999999995,0.0010497599999999998,0.0324,0.17495999999999998,0.4618943999999999,0.6692543999999999,0.5123770596666999
code_n32_k16_cw3_094_q01,code_n32_k16_cw3_094,q01,train,0.24,32,16,16,0.5,0.26,3,0.1875,6.0,7.625,1.0,12.0,3.0,0.0,3.0,3.0,1,30,440,41416,exact,2,0.0576,0.013823999999999998,0.0033177599999999995,0.0576,0.4147199999999999,1.4598143999999997,1.9321343999999996,1.0757306219915646
code_n32_k16_cw3_094_q02,code_n32_k16_cw3_094,q02,train,0.3,32,16,16,0.5,0.19999999999999996,3,0.1875,6.0,7.625,1.0,12.0,3.0,0.0,3.0,3.0,1,30,440,41416,exact,2,0.09,0.026999999999999996,0.0081,0.09,0.8099999999999998,3.5639999999999996,4.4639999999999995,1.6981811222684888
code_n32_k16_cw3_094_q03,code_n32_k16_cw3_094,q03,train,0.36,32,16,16,0.5,0.14,3,0.1875,6.0,7.625,1.0,12.0,3.0,0.0,3.0,3.0,1,30,440,41416,exact,2,0.1296,0.046655999999999996,0.016796159999999997,0.1296,1.3996799999999998,7.390310399999999,8.919590399999999,2.2945116301217316
code_n32_k16_cw3_095_q00,code_n32_k16_cw3_095,q00,train,0.18,32,16,16,0.5,0.32000000000000006,3,0.1875,6.0,3.625,2.0,10.0,3.0,0.0,3.0,3.0,1,30,446,41416,exact,2,0.0324,0.0058319999999999995,0.0010497599999999998,0.0324,0.17495999999999998,0.46819295999999994,0.6755529599999999,0.5161432361707727
code_n32_k16_cw3_095_q01,code_n32_k16_cw3_095,q01,train,0.24,32,16,16,0.5,0.26,3,0.1875,6.0,3.625,2.0,10.0,3.0,0.0,3.0,3.0,1,30,446,41416,exact,2,0.0576,0.013823999999999998,0.0033177599999999995,0.0576,0.4147199999999999,1.4797209599999999,1.9520409599999997,1.0824967819807176
code_n32_k16_cw3_095_q02,code_n32_k16_cw3_095,q02,train,0.3,32,16,16,0.5,0.19999999999999996,3,0.1875,6.0,3.625,2.0,10.0,3.0,0.0,3.0,3.0,1,30,446,41416,exact,2,0.09,0.026999999999999996,0.0081,0.09,0.8099999999999998,3.6125999999999996,4.512599999999999,1.707036381197995
code_n32_k16_cw3_095_q03,code_n32_k16_cw3_095,q03,train,0.36,32,16,16,0.5,0.14,3,0.1875,6.0,3.625,2.0,10.0,3.0,0.0,3.0,3.0,1,30,446,41416,exact,2,0.1296,0.046655999999999996,0.016796159999999997,0.1296,1.3996799999999998,7.491087359999999,9.020367359999998,2.3046197576593097
code_n32_k16_cw3_096_q00,code_n32_k16_cw3_096,q00,train,0.18,32,16,16,0.5,0.32000000000000006,3,0.1875,6.0,4.5,3.0,10.0,3.0,0.0,3.0,3.0,0,0,6,41416,exact,4,0.0324,0.0058319999999999995,0.0010497599999999998,0.0,0.0,0.006298559999999999,0.006298559999999999,0.006278806971330837
code_n32_k16_cw3_096_q01,code_n32_k16_cw3_096,q01,train,0.24,32,16,16,0.5,0.26,3,0.1875,6.0,4.5,3.0,10.0,3.0,0.0,3.0,3.0,0,0,6,41416,exact,4,0.0576,0.013823999999999998,0.0033177599999999995,0.0,0.0,0.019906559999999997,0.019906559999999997,0.019711015256787718
code_n32_k16_cw3_096_q02,code_n32_k16_cw3_096,q02,train,0.3,32,16,16,0.5,0.19999999999999996,3,0.1875,6.0,4.5,3.0,10.0,3.0,0.0,3.0,3.0,0,0,6,41416,exact,4,0.09,0.026999999999999996,0.0081,0.0,0.0,0.0486,0.0486,0.04745594115629535
code_n32_k16_cw3_096_q03,code_n32_k16_cw3_096,q03,train,0.36,32,16,16,0.5,0.14,3,0.1875,6.0,4.5,3.0,10.0,3.0,0.0,3.0,3.0,0,0,6,41416,exact,4,0.1296,0.046655999999999996,0.016796159999999997,0.0,0.0,0.10077695999999998,0.10077695999999998,0.09601625774534364
code_n32_k16_cw3_097_q00,code_n32_k16_cw3_097,q00,train,0.18,32,16,16,0.5,0.32000000000000006,3,0.1875,6.0,3.875,3.0,11.0,3.0,0.0,3.0,3.0,1,30,442,41416,exact,2,0.0324,0.0058319999999999995,0.0010497599999999998,0.0324,0.17495999999999998,0.46399391999999995,0.6713539199999999,0.5136340285031012
code_n32_k16_cw3_097_q01,code_n32_k16_cw3_097,q01,train,0.24,32,16,16,0.5,0.26,3,0.1875,6.0,3.875,3.0,11.0,3.0,0.0,3.0,3.0,1,30,442,41416,exact,2,0.0576,0.013823999999999998,0.0033177599999999995,0.0576,0.4147199999999999,1.4664499199999999,1.9387699199999997,1.0779910992413424
code_n32_k16_cw3_097_q02,code_n32_k16_cw3_097,q02,train,0.3,32,16,16,0.5,0.19999999999999996,3,0.1875,6.0,3.875,3.0,11.0,3.0,0.0,3.0,3.0,1,30,442,41416,exact,2,0.09,0.026999999999999996,0.0081,0.09,0.8099999999999998,3.5801999999999996,4.480199999999999,1.7011415966443133
code_n32_k16_cw3_097_q03,code_n32_k16_cw3_097,q03,train,0.36,32,16,16,0.5,0.14,3,0.1875,6.0,3.875,3.0,11.0,3.0,0.0,3.0,3.0,1,30,442,41416,exact,2,0.1296,0.046655999999999996,0.016796159999999997,0.1296,1.3996799999999998,7.423902719999999,8.95318272,2.2978923713793495
code_n32_k16_cw3_098_q00,code_n32_k16_cw3_098,q00,train,0.18,32,16,16,0.5,0.32000000000000006,3,0.1875,6.0,5.5,1.0,10.0,3.0,0.0,3.0,3.0,0,0,7,41416,exact,4,0.0324,0.0058319999999999995,0.0010497599999999998,0.0,0.0,0.0073483199999999985,0.0073483199999999985,0.007321452636295071
code_n32_k16_cw3_098_q01,code_n32_k16_cw3_098,q01,train,0.24,32,16,16,0.5,0.26,3,0.1875,6.0,5.5,1.0,10.0,3.0,0.0,3.0,3.0,0,0,7,41416,exact,4,0.0576,0.013823999999999998,0.0033177599999999995,0.0,0.0,0.023224319999999996,0.023224319999999996,0.0229587395692226
code_n32_k16_cw3_098_q02,code_n32_k16_cw3_098,q02,train,0.3,32,16,16,0.5,0.19999999999999996,3,0.1875,6.0,5.5,1.0,10.0,3.0,0.0,3.0,3.0,0,0,7,41416,exact,4,0.09,0.026999999999999996,0.0081,0.0,0.0,0.0567,0.0567,0.05515084446484804
code_n32_k16_cw3_098_q03,code_n32_k16_cw3_098,q03,train,0.36,32,16,16,0.5,0.14,3,0.1875,6.0,5.5,1.0,10.0,3.0,0.0,3.0,3.0,0,0,7,41416,exact,4,0.1296,0.046655999999999996,0.016796159999999997,0.0,0.0,0.11757311999999998,0.11757311999999998,0.11115947713235992
code_n32_k16_cw3_099_q00,code_n32_k16_cw3_099,q00,validation,0.18,32,16,16,0.5,0.32000000000000006,3,0.1875,6.0,5.625,2.0,10.0,3.0,0.0,3.0,3.0,1,30,441,41416,exact,2,0.0324,0.0058319999999999995,0.0010497599999999998,0.0324,0.17495999999999998,0.46294415999999994,0.6703041599999999,0.5130057415812195
code_n32_k16_cw3_099_q01,code_n32_k16_cw3_099,q01,validation,0.24,32,16,16,0.5,0.26,3,0.1875,6.0,5.625,2.0,10.0,3.0,0.0,3.0,3.0,1,30,441,41416,exact,2,0.0576,0.013823999999999998,0.0033177599999999995,0.0576,0.4147199999999999,1.4631321599999998,1.9354521599999996,1.0768614993359922
code_n32_k16_cw3_099_q02,code_n32_k16_cw3_099,q02,validation,0.3,32,16,16,0.5,0.19999999999999996,3,0.1875,6.0,5.625,2.0,10.0,3.0,0.0,3.0,3.0,1,30,441,41416,exact,2,0.09,0.026999999999999996,0.0081,0.09,0.8099999999999998,3.5721,4.472099999999999,1.6996624550070674
code_n32_k16_cw3_099_q03,code_n32_k16_cw3_099,q03,validation,0.36,32,16,16,0.5,0.14,3,0.1875,6.0,5.625,2.0,10.0,3.0,0.0,3.0,3.0,1,30,441,41416,exact,2,0.1296,0.046655999999999996,0.016796159999999997,0.1296,1.3996799999999998,7.407106559999999,8.936386559999999,2.2962034294262916
code_n32_k16_cw3_100_q00,code_n32_k16_cw3_100,q00,train,0.18,32,16,16,0.5,0.32000000000000006,3,0.1875,6.0,3.625,3.0,9.0,3.0,0.0,3.0,3.0,3,90,1307,41416,exact,2,0.0324,0.0058319999999999995,0.0010497599999999998,0.0972,0.5248799999999999,1.3720363199999999,1.9941163199999998,1.0966491362781587
code_n32_k16_cw3_100_q01,code_n32_k16_cw3_100,q01,train,0.24,32,16,16,0.5,0.26,3,0.1875,6.0,3.625,3.0,9.0,3.0,0.0,3.0,3.0,3,90,1307,41416,exact,2,0.0576,0.013823999999999998,0.0033177599999999995,0.1728,1.2441599999999997,4.336312319999999,5.753272319999999,1.9100271755607765
code_n32_k16_cw3_100_q02,code_n32_k16_cw3_100,q02,train,0.3,32,16,16,0.5,0.19999999999999996,3,0.1875,6.0,3.625,3.0,9.0,3.0,0.0,3.0,3.0,3,90,1307,41416,exact,2,0.09,0.026999999999999996,0.0081,0.27,2.4299999999999997,10.586699999999999,13.286699999999998,2.6593290345523872
code_n32_k16_cw3_100_q03,code_n32_k16_cw3_100,q03,train,0.36,32,16,16,0.5,0.14,3,0.1875,6.0,3.625,3.0,9.0,3.0,0.0,3.0,3.0,3,90,1307,41416,exact,2,0.1296,0.046655999999999996,0.016796159999999997,0.3888,4.199039999999999,21.952581119999998,26.540421119999998,3.3156547843963806
code_n32_k16_cw3_101_q00,code_n32_k16_cw3_101,q00,validation,0.18,32,16,16,0.5,0.32000000000000006,3,0.1875,6.0,4.5,2.0,10.0,3.0,0.0,3.0,3.0,3,90,1306,41416,exact,2,0.0324,0.0058319999999999995,0.0010497599999999998,0.0972,0.5248799999999999,1.3709865599999997,1.9930665599999995,1.0962984671799207
code_n32_k16_cw3_101_q01,code_n32_k16_cw3_101,q01,validation,0.24,32,16,16,0.5,0.26,3,0.1875,6.0,4.5,2.0,10.0,3.0,0.0,3.0,3.0,3,90,1306,41416,exact,2,0.0576,0.013823999999999998,0.0033177599999999995,0.1728,1.2441599999999997,4.3329945599999995,5.749954559999999,1.9095357730099274
code_n32_k16_cw3_101_q02,code_n32_k16_cw3_101,q02,validation,0.3,32,16,16,0.5,0.19999999999999996,3,0.1875,6.0,4.5,2.0,10.0,3.0,0.0,3.0,3.0,3,90,1306,41416,exact,2,0.09,0.026999999999999996,0.0081,0.27,2.4299999999999997,10.5786,13.278599999999999,2.658761912889594
code_n32_k16_cw3_101_q03,code_n32_k16_cw3_101,q03,validation,0.36,32,16,16,0.5,0.14,3,0.1875,6.0,4.5,2.0,10.0,3.0,0.0,3.0,3.0,3,90,1306,41416,exact,2,0.1296,0.046655999999999996,0.016796159999999997,0.3888,4.199039999999999,21.935784959999996,26.523624959999996,3.315044725320935
code_n32_k16_cw3_102_q00,code_n32_k16_cw3_102,q00,train,0.18,32,16,16,0.5,0.32000000000000006,3,0.1875,6.0,7.375,1.0,10.0,3.0,0.0,3.0,3.0,2,60,875,41416,exact,2,0.0324,0.0058319999999999995,0.0010497599999999998,0.0648,0.34991999999999995,0.9185399999999999,1.33326,0.8472664313218871
code_n32_k16_cw3_102_q01,code_n32_k16_cw3_102,q01,train,0.24,32,16,16,0.5,0.26,3,0.1875,6.0,7.375,1.0,10.0,3.0,0.0,3.0,3.0,2,60,875,41416,exact,2,0.0576,0.013823999999999998,0.0033177599999999995,0.1152,0.8294399999999998,2.9030399999999994,3.847679999999999,1.5785002399878216
code_n32_k16_cw3_102_q02,code_n32_k16_cw3_102,q02,train,0.3,32,16,16,0.5,0.19999999999999996,3,0.1875,6.0,7.375,1.0,10.0,3.0,0.0,3.0,3.0,2,60,875,41416,exact,2,0.09,0.026999999999999996,0.0081,0.18,1.6199999999999997,7.0874999999999995,8.8875,2.291271333093772
code_n32_k16_cw3_102_q03,code_n32_k16_cw3_102,q03,train,0.36,32,16,16,0.5,0.14,3,0.1875,6.0,7.375,1.0,10.0,3.0,0.0,3.0,3.0,2,60,875,41416,exact,2,0.1296,0.046655999999999996,0.016796159999999997,0.2592,2.7993599999999996,14.696639999999999,17.7552,2.931471047299973
code_n32_k16_cw3_103_q00,code_n32_k16_cw3_103,q00,train,0.18,32,16,16,0.5,0.32000000000000006,3,0.1875,6.0,3.75,2.0,10.0,3.0,0.0,3.0,3.0,1,30,437,41416,exact,2,0.0324,0.0058319999999999995,0.0010497599999999998,0.0324,0.17495999999999998,0.45874511999999995,0.6661051199999999,0.5104886389929993
code_n32_k16_cw3_103_q01,code_n32_k16_cw3_103,q01,train,0.24,32,16,16,0.5,0.26,3,0.1875,6.0,3.75,2.0,10.0,3.0,0.0,3.0,3.0,1,30,437,41416,exact,2,0.0576,0.013823999999999998,0.0033177599999999995,0.0576,0.4147199999999999,1.4498611199999998,1.9221811199999996,1.072330296349341
code_n32_k16_cw3_103_q02,code_n32_k16_cw3_103,q02,train,0.3,32,16,16,0.5,0.19999999999999996,3,0.1875,6.0,3.75,2.0,10.0,3.0,0.0,3.0,3.0,1,30,437,41416,exact,2,0.09,0.026999999999999996,0.0081,0.09,0.8099999999999998,3.5397,4.439699999999999,1.6937239122883727
code_n32_k16_cw3_103_q03,code_n32_k16_cw3_103,q03,train,0.36,32,16,16,0.5,0.14,3,0.1875,6.0,3.75,2.0,10.0,3.0,0.0,3.0,3.0,1,30,437,41416,exact,2,0.1296,0.046655999999999996,0.016796159999999997,0.1296,1.3996799999999998,7.339921919999999,8.869201919999998,2.2894189910069116
code_n32_k16_cw3_104_q00,code_n32_k16_cw3_104,q00,validation,0.18,32,16,16,0.5,0.32000000000000006,3,0.1875,6.0,6.625,2.0,11.0,3.0,0.0,3.0,3.0,1,30,446,41416,exact,2,0.0324,0.0058319999999999995,0.0010497599999999998,0.0324,0.17495999999999998,0.46819295999999994,0.6755529599999999,0.5161432361707727
code_n32_k16_cw3_104_q01,code_n32_k16_cw3_104,q01,validation,0.24,32,16,16,0.5,0.26,3,0.1875,6.0,6.625,2.0,11.0,3.0,0.0,3.0,3.0,1,30,446,41416,exact,2,0.0576,0.013823999999999998,0.0033177599999999995,0.0576,0.4147199999999999,1.4797209599999999,1.9520409599999997,1.0824967819807176
code_n32_k16_cw3_104_q02,code_n32_k16_cw3_104,q02,validation,0.3,32,16,16,0.5,0.19999999999999996,3,0.1875,6.0,6.625,2.0,11.0,3.0,0.0,3.0,3.0,1,30,446,41416,exact,2,0.09,0.026999999999999996,0.0081,0.09,0.8099999999999998,3.6125999999999996,4.512599999999999,1.707036381197995
code_n32_k16_cw3_104_q03,code_n32_k16_cw3_104,q03,validation,0.36,32,16,16,0.5,0.14,3,0.1875,6.0,6.625,2.0,11.0,3.0,0.0,3.0,3.0,1,30,446,41416,exact,2,0.1296,0.046655999999999996,0.016796159999999997,0.1296,1.3996799999999998,7.491087359999999,9.020367359999998,2.3046197576593097
code_n32_k16_cw3_105_q00,code_n32_k16_cw3_105,q00,train,0.18,32,16,16,0.5,0.32000000000000006,3,0.1875,6.0,4.25,2.0,9.0,3.0,0.0,3.0,3.0,0,0,4,41416,exact,4,0.0324,0.0058319999999999995,0.0010497599999999998,0.0,0.0,0.004199039999999999,0.004199039999999999,0.004190248633147544
code_n32_k16_cw3_105_q01,code_n32_k16_cw3_105,q01,train,0.24,32,16,16,0.5,0.26,3,0.1875,6.0,4.25,2.0,9.0,3.0,0.0,3.0,3.0,0,0,4,41416,exact,4,0.0576,0.013823999999999998,0.0033177599999999995,0.0,0.0,0.013271039999999998,0.013271039999999998,0.013183751176225745
code_n32_k16_cw3_105_q02,code_n32_k16_cw3_105,q02,train,0.3,32,16,16,0.5,0.19999999999999996,3,0.1875,6.0,4.25,2.0,9.0,3.0,0.0,3.0,3.0,0,0,4,41416,exact,4,0.09,0.026999999999999996,0.0081,0.0,0.0,0.0324,0.0324,0.031886188862321745
code_n32_k16_cw3_105_q03,code_n32_k16_cw3_105,q03,train,0.36,32,16,16,0.5,0.14,3,0.1875,6.0,4.25,2.0,9.0,3.0,0.0,3.0,3.0,0,0,4,41416,exact,4,0.1296,0.046655999999999996,0.016796159999999997,0.0,0.0,0.06718463999999999,0.06718463999999999,0.06502400327204662
code_n32_k16_cw3_106_q00,code_n32_k16_cw3_106,q00,train,0.18,32,16,16,0.5,0.32000000000000006,3,0.1875,6.0,4.5,3.0,10.0,3.0,0.0,3.0,3.0,2,60,872,41416,exact,2,0.0324,0.0058319999999999995,0.0010497599999999998,0.0648,0.34991999999999995,0.9153907199999999,1.33011072,0.8459157857619071
code_n32_k16_cw3_106_q01,code_n32_k16_cw3_106,q01,train,0.24,32,16,16,0.5,0.26,3,0.1875,6.0,4.5,3.0,10.0,3.0,0.0,3.0,3.0,2,60,872,41416,exact,2,0.0576,0.013823999999999998,0.0033177599999999995,0.1152,0.8294399999999998,2.8930867199999994,3.837726719999999,1.5764449244411305
code_n32_k16_cw3_106_q02,code_n32_k16_cw3_106,q02,train,0.3,32,16,16,0.5,0.19999999999999996,3,0.1875,6.0,4.5,3.0,10.0,3.0,0.0,3.0,3.0,2,60,872,41416,exact,2,0.09,0.026999999999999996,0.0081,0.18,1.6199999999999997,7.063199999999999,8.863199999999999,2.288810659572206
code_n32_k16_cw3_106_q03,code_n32_k16_cw3_106,q03,train,0.36,32,16,16,0.5,0.14,3,0.1875,6.0,4.5,3.0,10.0,3.0,0.0,3.0,3.0,2,60,872,41416,exact,2,0.1296,0.046655999999999996,0.016796159999999997,0.2592,2.7993599999999996,14.646251519999998,17.704811519999996,2.9287807912991943
code_n32_k16_cw3_107_q00,code_n32_k16_cw3_107,q00,train,0.18,32,16,16,0.5,0.32000000000000006,3,0.1875,6.0,6.25,2.0,11.0,3.0,0.0,3.0,3.0,1,30,442,41416,exact,2,0.0324,0.0058319999999999995,0.0010497599999999998,0.0324,0.17495999999999998,0.46399391999999995,0.6713539199999999,0.5136340285031012
code_n32_k16_cw3_107_q01,code_n32_k16_cw3_107,q01,train,0.24,32,16,16,0.5,0.26,3,0.1875,6.0,6.25,2.0,11.0,3.0,0.0,3.0,3.0,1,30,442,41416,exact,2,0.0576,0.013823999999999998,0.0033177599999999995,0.0576,0.4147199999999999,1.4664499199999999,1.9387699199999997,1.0779910992413424
code_n32_k16_cw3_107_q02,code_n32_k16_cw3_107,q02,train,0.3,32,16,16,0.5,0.19999999999999996,3,0.1875,6.0,6.25,2.0,11.0,3.0,0.0,3.0,3.0,1,30,442,41416,exact,2,0.09,0.026999999999999996,0.0081,0.09,0.8099999999999998,3.5801999999999996,4.480199999999999,1.7011415966443133
code_n32_k16_cw3_107_q03,code_n32_k16_cw3_107,q03,train,0.36,32,16,16,0.5,0.14,3,0.1875,6.0,6.25,2.0,11.0,3.0,0.0,3.0,3.0,1,30,442,41416,exact,2,0.1296,0.046655999999999996,0.016796159999999997,0.1296,1.3996799999999998,7.423902719999999,8.95318272,2.2978923713793495
code_n32_k16_cw3_108_q00,code_n32_k16_cw3_108,q00,train,0.18,32,16,16,0.5,0.32000000000000006,3,0.1875,6.0,3.375,2.0,8.0,3.0,0.0,3.0,3.0,1,30,440,41416,exact,2,0.0324,0.0058319999999999995,0.0010497599999999998,0.0324,0.17495999999999998,0.4618943999999999,0.6692543999999999,0.5123770596666999
code_n32_k16_cw3_108_q01,code_n32_k16_cw3_108,q01,train,0.24,32,16,16,0.5,0.26,3,0.1875,6.0,3.375,2.0,8.0,3.0,0.0,3.0,3.0,1,30,440,41416,exact,2,0.0576,0.013823999999999998,0.0033177599999999995,0.0576,0.4147199999999999,1.4598143999999997,1.9321343999999996,1.0757306219915646
code_n32_k16_cw3_108_q02,code_n32_k16_cw3_108,q02,train,0.3,32,16,16,0.5,0.19999999999999996,3,0.1875,6.0,3.375,2.0,8.0,3.0,0.0,3.0,3.0,1,30,440,41416,exact,2,0.09,0.026999999999999996,0.0081,0.09,0.8099999999999998,3.5639999999999996,4.4639999999999995,1.6981811222684888
code_n32_k16_cw3_108_q03,code_n32_k16_cw3_108,q03,train,0.36,32,16,16,0.5,0.14,3,0.1875,6.0,3.375,2.0,8.0,3.0,0.0,3.0,3.0,1,30,440,41416,exact,2,0.1296,0.046655999999999996,0.016796159999999997,0.1296,1.3996799999999998,7.390310399999999,8.919590399999999,2.2945116301217316
code_n32_k16_cw3_109_q00,code_n32_k16_cw3_109,q00,train,0.18,32,16,16,0.5,0.32000000000000006,3,0.1875,6.0,5.0,3.0,10.0,3.0,0.0,3.0,3.0,1,30,444,41416,exact,2,0.0324,0.0058319999999999995,0.0010497599999999998,0.0324,0.17495999999999998,0.4660934399999999,0.6734534399999998,0.5148894193521204
code_n32_k16_cw3_109_q01,code_n32_k16_cw3_109,q01,train,0.24,32,16,16,0.5,0.26,3,0.1875,6.0,5.0,3.0,10.0,3.0,0.0,3.0,3.0,1,30,444,41416,exact,2,0.0576,0.013823999999999998,0.0033177599999999995,0.0576,0.4147199999999999,1.4730854399999997,1.9454054399999996,1.080246478256002
code_n32_k16_cw3_109_q02,code_n32_k16_cw3_109,q02,train,0.3,32,16,16,0.5,0.19999999999999996,3,0.1875,6.0,5.0,3.0,10.0,3.0,0.0,3.0,3.0,1,30,444,41416,exact,2,0.09,0.026999999999999996,0.0081,0.09,0.8099999999999998,3.5963999999999996,4.4963999999999995,1.7040933324754821
code_n32_k16_cw3_109_q03,code_n32_k16_cw3_109,q03,train,0.36,32,16,16,0.5,0.14,3,0.1875,6.0,5.0,3.0,10.0,3.0,0.0,3.0,3.0,1,30,444,41416,exact,2,0.1296,0.046655999999999996,0.016796159999999997,0.1296,1.3996799999999998,7.457495039999999,8.986775039999998,2.3012617217244316
code_n32_k16_cw3_110_q00,code_n32_k16_cw3_110,q00,validation,0.18,32,16,16,0.5,0.32000000000000006,3,0.1875,6.0,6.875,1.0,11.0,3.0,0.0,3.0,3.0,2,60,876,41416,exact,2,0.0324,0.0058319999999999995,0.0010497599999999998,0.0648,0.34991999999999995,0.9195897599999998,1.3343097599999998,0.8477162414250786
code_n32_k16_cw3_110_q01,code_n32_k16_cw3_110,q01,validation,0.24,32,16,16,0.5,0.26,3,0.1875,6.0,6.875,1.0,11.0,3.0,0.0,3.0,3.0,2,60,876,41416,exact,2,0.0576,0.013823999999999998,0.0033177599999999995,0.1152,0.8294399999999998,2.9063577599999997,3.8509977599999994,1.579184407502511
code_n32_k16_cw3_110_q02,code_n32_k16_cw3_110,q02,validation,0.3,32,16,16,0.5,0.19999999999999996,3,0.1875,6.0,6.875,1.0,11.0,3.0,0.0,3.0,3.0,2,60,876,41416,exact,2,0.09,0.026999999999999996,0.0081,0.18,1.6199999999999997,7.095599999999999,8.895599999999998,2.292090213901394
code_n32_k16_cw3_110_q03,code_n32_k16_cw3_110,q03,validation,0.36,32,16,16,0.5,0.14,3,0.1875,6.0,6.875,1.0,11.0,3.0,0.0,3.0,3.0,2,60,876,41416,exact,2,0.1296,0.046655999999999996,0.016796159999999997,0.2592,2.7993599999999996,14.713436159999997,17.771996159999997,2.932366193372167
code_n32_k16_cw3_111_q00,code_n32_k16_cw3_111,q00,validation,0.18,32,16,16,0.5,0.32000000000000006,3,0.1875,6.0,3.125,2.0,9.0,3.0,0.0,3.0,3.0,0,0,5,41416,exact,4,0.0324,0.0058319999999999995,0.0010497599999999998,0.0,0.0,0.0052488,0.0052488,0.005235073061631587
code_n32_k16_cw3_111_q01,code_n32_k16_cw3_111,q01,validation,0.24,32,16,16,0.5,0.26,3,0.1875,6.0,3.125,2.0,9.0,3.0,0.0,3.0,3.0,0,0,5,41416,exact,4,0.0576,0.013823999999999998,0.0033177599999999995,0.0,0.0,0.016588799999999997,0.016588799999999997,0.01645270885409976
code_n32_k16_cw3_111_q02,code_n32_k16_cw3_111,q02,validation,0.3,32,16,16,0.5,0.19999999999999996,3,0.1875,6.0,3.125,2.0,9.0,3.0,0.0,3.0,3.0,0,0,5,41416,exact,4,0.09,0.026999999999999996,0.0081,0.0,0.0,0.040499999999999994,0.040499999999999994,0.03970136685155206
code_n32_k16_cw3_111_q03,code_n32_k16_cw3_111,q03,validation,0.36,32,16,16,0.5,0.14,3,0.1875,6.0,3.125,2.0,9.0,3.0,0.0,3.0,3.0,0,0,5,41416,exact,4,0.1296,0.046655999999999996,0.016796159999999997,0.0,0.0,0.0839808,0.0839808,0.08064019068347023
code_n32_k16_cw3_112_q00,code_n32_k16_cw3_112,q00,train,0.18,32,16,16,0.5,0.32000000000000006,3,0.1875,6.0,3.0,3.0,8.0,3.0,0.0,3.0,3.0,1,30,444,41416,exact,2,0.0324,0.0058319999999999995,0.0010497599999999998,0.0324,0.17495999999999998,0.4660934399999999,0.6734534399999998,0.5148894193521204
code_n32_k16_cw3_112_q01,code_n32_k16_cw3_112,q01,train,0.24,32,16,16,0.5,0.26,3,0.1875,6.0,3.0,3.0,8.0,3.0,0.0,3.0,3.0,1,30,444,41416,exact,2,0.0576,0.013823999999999998,0.0033177599999999995,0.0576,0.4147199999999999,1.4730854399999997,1.9454054399999996,1.080246478256002
code_n32_k16_cw3_112_q02,code_n32_k16_cw3_112,q02,train,0.3,32,16,16,0.5,0.19999999999999996,3,0.1875,6.0,3.0,3.0,8.0,3.0,0.0,3.0,3.0,1,30,444,41416,exact,2,0.09,0.026999999999999996,0.0081,0.09,0.8099999999999998,3.5963999999999996,4.4963999999999995,1.7040933324754821
code_n32_k16_cw3_112_q03,code_n32_k16_cw3_112,q03,train,0.36,32,16,16,0.5,0.14,3,0.1875,6.0,3.0,3.0,8.0,3.0,0.0,3.0,3.0,1,30,444,41416,exact,2,0.1296,0.046655999999999996,0.016796159999999997,0.1296,1.3996799999999998,7.457495039999999,8.986775039999998,2.3012617217244316
code_n32_k16_cw3_113_q00,code_n32_k16_cw3_113,q00,train,0.18,32,16,16,0.5,0.32000000000000006,3,0.1875,6.0,5.25,1.0,11.0,3.0,0.0,3.0,3.0,2,60,876,41416,exact,2,0.0324,0.0058319999999999995,0.0010497599999999998,0.0648,0.34991999999999995,0.9195897599999998,1.3343097599999998,0.8477162414250786
code_n32_k16_cw3_113_q01,code_n32_k16_cw3_113,q01,train,0.24,32,16,16,0.5,0.26,3,0.1875,6.0,5.25,1.0,11.0,3.0,0.0,3.0,3.0,2,60,876,41416,exact,2,0.0576,0.013823999999999998,0.0033177599999999995,0.1152,0.8294399999999998,2.9063577599999997,3.8509977599999994,1.579184407502511
code_n32_k16_cw3_113_q02,code_n32_k16_cw3_113,q02,train,0.3,32,16,16,0.5,0.19999999999999996,3,0.1875,6.0,5.25,1.0,11.0,3.0,0.0,3.0,3.0,2,60,876,41416,exact,2,0.09,0.026999999999999996,0.0081,0.18,1.6199999999999997,7.095599999999999,8.895599999999998,2.292090213901394
code_n32_k16_cw3_113_q03,code_n32_k16_cw3_113,q03,train,0.36,32,16,16,0.5,0.14,3,0.1875,6.0,5.25,1.0,11.0,3.0,0.0,3.0,3.0,2,60,876,41416,exact,2,0.1296,0.046655999999999996,0.016796159999999997,0.2592,2.7993599999999996,14.713436159999997,17.771996159999997,2.932366193372167
code_n32_k16_cw3_114_q00,code_n32_k16_cw3_114,q00,train,0.18,32,16,16,0.5,0.32000000000000006,3,0.1875,6.0,2.5,4.0,9.0,3.0,0.0,3.0,3.0,0,0,3,41416,exact,4,0.0324,0.0058319999999999995,0.0010497599999999998,0.0,0.0,0.0031492799999999995,0.0031492799999999995,0.0031443314046935215
code_n32_k16_cw3_114_q01,code_n32_k16_cw3_114,q01,train,0.24,32,16,16,0.5,0.26,3,0.1875,6.0,2.5,4.0,9.0,3.0,0.0,3.0,3.0,0,0,3,41416,exact,4,0.0576,0.013823999999999998,0.0033177599999999995,0.0,0.0,0.009953279999999998,0.009953279999999998,0.009904072357517795
code_n32_k16_cw3_114_q02,code_n32_k16_cw3_114,q02,train,0.3,32,16,16,0.5,0.19999999999999996,3,0.1875,6.0,2.5,4.0,9.0,3.0,0.0,3.0,3.0,0,0,3,41416,exact,4,0.09,0.026999999999999996,0.0081,0.0,0.0,0.0243,0.0243,0.024009452460351865
code_n32_k16_cw3_114_q03,code_n32_k16_cw3_114,q03,train,0.36,32,16,16,0.5,0.14,3,0.1875,6.0,2.5,4.0,9.0,3.0,0.0,3.0,3.0,0,0,3,41416,exact,4,0.1296,0.046655999999999996,0.016796159999999997,0.0,0.0,0.05038847999999999,0.05038847999999999,0.04916007669573743
code_n32_k16_cw3_115_q00,code_n32_k16_cw3_115,q00,test,0.18,32,16,16,0.5,0.32000000000000006,3,0.1875,6.0,5.0,2.0,10.0,3.0,0.0,3.0,3.0,0,0,6,41416,exact,4,0.0324,0.0058319999999999995,0.0010497599999999998,0.0,0.0,0.006298559999999999,0.006298559999999999,0.006278806971330837
code_n32_k16_cw3_115_q01,code_n32_k16_cw3_115,q01,test,0.24,32,16,16,0.5,0.26,3,0.1875,6.0,5.0,2.0,10.0,3.0,0.0,3.0,3.0,0,0,6,41416,exact,4,0.0576,0.013823999999999998,0.0033177599999999995,0.0,0.0,0.019906559999999997,0.019906559999999997,0.019711015256787718
code_n32_k16_cw3_115_q02,code_n32_k16_cw3_115,q02,test,0.3,32,16,16,0.5,0.19999999999999996,3,0.1875,6.0,5.0,2.0,10.0,3.0,0.0,3.0,3.0,0,0,6,41416,exact,4,0.09,0.026999999999999996,0.0081,0.0,0.0,0.0486,0.0486,0.04745594115629535
code_n32_k16_cw3_115_q03,code_n32_k16_cw3_115,q03,test,0.36,32,16,16,0.5,0.14,3,0.1875,6.0,5.0,2.0,10.0,3.0,0.0,3.0,3.0,0,0,6,41416,exact,4,0.1296,0.046655999999999996,0.016796159999999997,0.0,0.0,0.10077695999999998,0.10077695999999998,0.09601625774534364
code_n32_k16_cw3_116_q00,code_n32_k16_cw3_116,q00,validation,0.18,32,16,16,0.5,0.32000000000000006,3,0.1875,6.0,3.625,3.0,9.0,3.0,0.0,3.0,3.0,2,60,874,41416,exact,2,0.0324,0.0058319999999999995,0.0010497599999999998,0.0648,0.34991999999999995,0.9174902399999999,1.3322102399999998,0.8468164187985124
code_n32_k16_cw3_116_q01,code_n32_k16_cw3_116,q01,validation,0.24,32,16,16,0.5,0.26,3,0.1875,6.0,3.625,3.0,9.0,3.0,0.0,3.0,3.0,2,60,874,41416,exact,2,0.0576,0.013823999999999998,0.0033177599999999995,0.1152,0.8294399999999998,2.8997222399999996,3.8443622399999993,1.5778156040674578
code_n32_k16_cw3_116_q02,code_n32_k16_cw3_116,q02,validation,0.3,32,16,16,0.5,0.19999999999999996,3,0.1875,6.0,3.625,3.0,9.0,3.0,0.0,3.0,3.0,2,60,874,41416,exact,2,0.09,0.026999999999999996,0.0081,0.18,1.6199999999999997,7.0794,8.879399999999999,2.290451781170772
code_n32_k16_cw3_116_q03,code_n32_k16_cw3_116,q03,validation,0.36,32,16,16,0.5,0.14,3,0.1875,6.0,3.625,3.0,9.0,3.0,0.0,3.0,3.0,2,60,874,41416,exact,2,0.1296,0.046655999999999996,0.016796159999999997,0.2592,2.7993599999999996,14.679843839999998,17.738403839999997,2.930575099223323
code_n32_k16_cw3_117_q00,code_n32_k16_cw3_117,q00,train,0.18,32,16,16,0.5,0.32000000000000006,3,0.1875,6.0,6.75,2.0,10.0,3.0,0.0,3.0,3.0,2,60,875,41416,exact,2,0.0324,0.0058319999999999995,0.0010497599999999998,0.0648,0.34991999999999995,0.9185399999999999,1.33326,0.8472664313218871
code_n32_k16_cw3_117_q01,code_n32_k16_cw3_117,q01,train,0.24,32,16,16,0.5,0.26,3,0.1875,6.0,6.75,2.0,10.0,3.0,0.0,3.0,3.0,2,60,875,41416,exact,2,0.0576,0.013823999999999998,0.0033177599999999995,0.1152,0.8294399999999998,2.9030399999999994,3.847679999999999,1.5785002399878216
code_n32_k16_cw3_117_q02,code_n32_k16_cw3_117,q02,train,0.3,32,16,16,0.5,0.19999999999999996,3,0.1875,6.0,6.75,2.0,10.0,3.0,0.0,3.0,3.0,2,60,875,41416,exact,2,0.09,0.026999999999999996,0.0081,0.18,1.6199999999999997,7.0874999999999995,8.8875,2.291271333093772
code_n32_k16_cw3_117_q03,code_n32_k16_cw3_117,q03,train,0.36,32,16,16,0.5,0.14,3,0.1875,6.0,6.75,2.0,10.0,3.0,0.0,3.0,3.0,2,60,875,41416,exact,2,0.1296,0.046655999999999996,0.016796159999999997,0.2592,2.7993599999999996,14.696639999999999,17.7552,2.931471047299973
code_n32_k16_cw3_118_q00,code_n32_k16_cw3_118,q00,validation,0.18,32,16,16,0.5,0.32000000000000006,3,0.1875,6.0,5.5,3.0,11.0,3.0,0.0,3.0,3.0,2,60,876,41416,exact,2,0.0324,0.0058319999999999995,0.0010497599999999998,0.0648,0.34991999999999995,0.9195897599999998,1.3343097599999998,0.8477162414250786
code_n32_k16_cw3_118_q01,code_n32_k16_cw3_118,q01,validation,0.24,32,16,16,0.5,0.26,3,0.1875,6.0,5.5,3.0,11.0,3.0,0.0,3.0,3.0,2,60,876,41416,exact,2,0.0576,0.013823999999999998,0.0033177599999999995,0.1152,0.8294399999999998,2.9063577599999997,3.8509977599999994,1.579184407502511
code_n32_k16_cw3_118_q02,code_n32_k16_cw3_118,q02,validation,0.3,32,16,16,0.5,0.19999999999999996,3,0.1875,6.0,5.5,3.0,11.0,3.0,0.0,3.0,3.0,2,60,876,41416,exact,2,0.09,0.026999999999999996,0.0081,0.18,1.6199999999999997,7.095599999999999,8.895599999999998,2.292090213901394
code_n32_k16_cw3_118_q03,code_n32_k16_cw3_118,q03,validation,0.36,32,16,16,0.5,0.14,3,0.1875,6.0,5.5,3.0,11.0,3.0,0.0,3.0,3.0,2,60,876,41416,exact,2,0.1296,0.046655999999999996,0.016796159999999997,0.2592,2.7993599999999996,14.713436159999997,17.771996159999997,2.932366193372167
code_n32_k16_cw3_119_q00,code_n32_k16_cw3_119,q00,train,0.18,32,16,16,0.5,0.32000000000000006,3,0.1875,6.0,5.5,2.0,12.0,3.0,0.0,3.0,3.0,2,60,888,41416,exact,2,0.0324,0.0058319999999999995,0.0010497599999999998,0.0648,0.34991999999999995,0.9321868799999998,1.3469068799999997,0.8530982398994054
code_n32_k16_cw3_119_q01,code_n32_k16_cw3_119,q01,train,0.24,32,16,16,0.5,0.26,3,0.1875,6.0,5.5,2.0,12.0,3.0,0.0,3.0,3.0,2,60,888,41416,exact,2,0.0576,0.013823999999999998,0.0033177599999999995,0.1152,0.8294399999999998,2.9461708799999995,3.890810879999999,1.5873581138703583
code_n32_k16_cw3_119_q02,code_n32_k16_cw3_119,q02,train,0.3,32,16,16,0.5,0.19999999999999996,3,0.1875,6.0,5.5,2.0,12.0,3.0,0.0,3.0,3.0,2,60,888,41416,exact,2,0.09,0.026999999999999996,0.0081,0.18,1.6199999999999997,7.192799999999999,8.992799999999999,2.3018648336695624
code_n32_k16_cw3_119_q03,code_n32_k16_cw3_119,q03,train,0.36,32,16,16,0.5,0.14,3,0.1875,6.0,5.5,2.0,12.0,3.0,0.0,3.0,3.0,2,60,888,41416,exact,2,0.1296,0.046655999999999996,0.016796159999999997,0.2592,2.7993599999999996,14.914990079999997,17.973550079999995,2.9430459082409266
