row_id,code_id,q_id,split,q,n,k,r,rate,capacity_margin,column_weight,parity_check_density,check_degree_mean,check_degree_variance,check_degree_min,check_degree_max,variable_degree_mean,variable_degree_variance,variable_degree_min,variable_degree_max,check_degree_count_1,variable_degree_count_1,check_degree_count_2,variable_degree_count_2,check_degree_count_3,variable_degree_count_3,check_degree_count_4,variable_degree_count_4,check_degree_count_ge5,variable_degree_count_ge5,stopping_subset_tests,stopping_count_status,min_stopping_order,N_stop_2,N_stop_3,N_stop_4,N_stop_5,dependency_subset_tests,dependency_count_status,min_dependency_order,N_dep_2,N_dep_3,N_dep_4,q_power_2,q_power_3,q_power_4,q_power_5,N_stop_2_q2,N_stop_3_q3,N_stop_4_q4,N_stop_5_q5,N_stop_2_norm_q2,N_stop_3_norm_q3,N_stop_4_norm_q4,N_stop_5_norm_q5,N_dep_2_q2,N_dep_3_q3,N_dep_4_q4,H_stop_5,log1p_H_stop_5,H_stop_5_norm,log1p_H_stop_5_norm,H_dep_4,log1p_H_dep_4
code_n24_k12_cw3_000_q00,code_n24_k12_cw3_000,q00,train,0.18,24,12,12,0.5,0.32000000000000006,3,0.25,6.0,5.666666666666667,3.0,10.0,3.0,0.0,3.0,3.0,0,0,0,0,3,24,1,0,8,0,55430,exact_all,2,1,2,22,127,12926,exact,2,1,22,238,0.0324,0.0058319999999999995,0.0010497599999999998,0.00018895679999999997,0.0324,0.011663999999999999,0.023094719999999996,0.023997513599999996,0.00011739130434782608,5.7628458498023705e-06,2.1734161490683228e-06,5.645942405420665e-07,0.0324,0.128304,0.24984287999999996,0.09115623359999998,0.08723789879829419,0.00012589216058723883,0.00012588423683420878,0.41054687999999995,0.343977487348574
code_n24_k12_cw3_000_q01,code_n24_k12_cw3_000,q01,train,0.24,24,12,12,0.5,0.26,3,0.25,6.0,5.666666666666667,3.0,10.0,3.0,0.0,3.0,3.0,0,0,0,0,3,24,1,0,8,0,55430,exact_all,2,1,2,22,127,12926,exact,2,1,22,238,0.0576,0.013823999999999998,0.0033177599999999995,0.0007962623999999999,0.0576,0.027647999999999995,0.07299071999999998,0.10112532479999999,0.00020869565217391305,1.3660079051383396e-05,6.869068322981366e-06,2.379195482778091e-06,0.0576,0.30412799999999995,0.7896268799999999,0.25936404479999997,0.23060686719696077,0.0002316039950310559,0.00023157717896619067,1.15135488,0.7660978204057728
code_n24_k12_cw3_000_q02,code_n24_k12_cw3_000,q02,train,0.3,24,12,12,0.5,0.19999999999999996,3,0.25,6.0,5.666666666666667,3.0,10.0,3.0,0.0,3.0,3.0,0,0,0,0,3,24,1,0,8,0,55430,exact_all,2,1,2,22,127,12926,exact,2,1,22,238,0.09,0.026999999999999996,0.0081,0.0024299999999999994,0.09,0.05399999999999999,0.1782,0.30860999999999994,0.0003260869565217391,2.6679841897233196e-05,1.6770186335403728e-05,7.260728402032748e-06,0.09,0.5939999999999999,1.9278,0.6308099999999999,0.48907682390393514,0.00037679771315640877,0.0003767267427251933,2.6117999999999997,1.2842062630361057
code_n24_k12_cw3_000_q03,code_n24_k12_cw3_000,q03,train,0.36,24,12,12,0.5,0.14,3,0.25,6.0,5.666666666666667,3.0,10.0,3.0,0.0,3.0,3.0,0,0,0,0,3,24,1,0,8,0,55430,exact_all,2,1,2,22,127,12926,exact,2,1,22,238,0.1296,0.046655999999999996,0.016796159999999997,0.006046617599999999,0.1296,0.09331199999999999,0.36951551999999993,0.7679204351999999,0.0004695652173913043,4.6102766798418964e-05,3.4774658385093165e-05,1.8067015697346128e-05,0.1296,1.026432,3.9974860799999994,1.3603479552,0.8588090468135778,0.0005685096582721626,0.0005683481178783379,5.15351808,1.8170239637912096
code_n24_k12_cw3_001_q00,code_n24_k12_cw3_001,q00,validation,0.18,24,12,12,0.5,0.32000000000000006,3,0.25,6.0,6.833333333333333,3.0,12.0,3.0,0.0,3.0,3.0,0,0,0,0,2,24,1,0,9,0,55430,exact_all,2,1,3,11,106,12926,exact,2,1,22,240,0.0324,0.0058319999999999995,0.0010497599999999998,0.00018895679999999997,0.0324,0.017495999999999998,0.011547359999999998,0.020029420799999996,0.00011739130434782608,8.644268774703556e-06,1.0867080745341614e-06,4.712361377752682e-07,0.0324,0.128304,0.25194239999999996,0.08147278079999999,0.07832379808685966,0.00012759351733483907,0.00012758537797435187,0.41264639999999997,0.34546482468528067
code_n24_k12_cw3_001_q01,code_n24_k12_cw3_001,q01,validation,0.24,24,12,12,0.5,0.26,3,0.25,6.0,6.833333333333333,3.0,12.0,3.0,0.0,3.0,3.0,0,0,0,0,2,24,1,0,9,0,55430,exact_all,2,1,3,11,106,12926,exact,2,1,22,240,0.0576,0.013823999999999998,0.0033177599999999995,0.0007962623999999999,0.0576,0.041471999999999995,0.03649535999999999,0.08440381439999999,0.00020869565217391305,2.0490118577075095e-05,3.434534161490683e-06,1.9857852060982495e-06,0.0576,0.30412799999999995,0.7962623999999998,0.21997117439999997,0.1988272309250468,0.0002346060901185771,0.00023457857441330063,1.1579903999999996,0.7691774182625631
code_n24_k12_cw3_001_q02,code_n24_k12_cw3_001,q02,validation,0.3,24,12,12,0.5,0.19999999999999996,3,0.25,6.0,6.833333333333333,3.0,12.0,3.0,0.0,3.0,3.0,0,0,0,0,2,24,1,0,9,0,55430,exact_all,2,1,3,11,106,12926,exact,2,1,22,240,0.09,0.026999999999999996,0.0081,0.0024299999999999994,0.09,0.08099999999999999,0.0891,0.2575799999999999,0.0003260869565217391,4.001976284584979e-05,8.385093167701864e-06,6.060135516657255e-06,0.09,0.5939999999999999,1.944,0.5176799999999999,0.41718285306215286,0.000380551948051948,0.00038047955652460713,2.6279999999999997,1.2886815322528902
code_n24_k12_cw3_001_q03,code_n24_k12_cw3_001,q03,validation,0.36,24,12,12,0.5,0.14,3,0.25,6.0,6.833333333333333,3.0,12.0,3.0,0.0,3.0,3.0,0,0,0,0,2,24,1,0,9,0,55430,exact_all,2,1,3,11,106,12926,exact,2,1,22,240,0.1296,0.046655999999999996,0.016796159999999997,0.006046617599999999,0.1296,0.13996799999999998,0.18475775999999997,0.6409414655999999,0.0004695652173913043,6.915415019762845e-05,1.7387329192546582e-05,1.5079556408808582e-05,0.1296,1.026432,4.031078399999999,1.0952672255999998,0.7396810992254632,0.0005711862531902879,0.0005710231884129891,5.187110399999999,1.8224681602558228
code_n24_k12_cw3_002_q00,code_n24_k12_cw3_002,q00,train,0.18,24,12,12,0.5,0.32000000000000006,3,0.25,6.0,4.833333333333333,3.0,9.0,3.0,0.0,3.0,3.0,0,0,0,0,2,24,2,0,8,0,55430,exact_all,2,1,6,11,102,12926,exact,2,1,22,238,0.0324,0.0058319999999999995,0.0010497599999999998,0.00018895679999999997,0.0324,0.034991999999999995,0.011547359999999998,0.019273593599999996,0.00011739130434782608,1.728853754940711e-05,1.0867080745341614e-06,4.5345364201016366e-07,0.0324,0.128304,0.24984287999999996,0.09821295359999999,0.09368427109447346,0.0001362200036137775,0.00013621072651156027,0.41054687999999995,0.343977487348574
code_n24_k12_cw3_002_q01,code_n24_k12_cw3_002,q01,train,0.24,24,12,12,0.5,0.26,3,0.25,6.0,4.833333333333333,3.0,9.0,3.0,0.0,3.0,3.0,0,0,0,0,2,24,2,0,8,0,55430,exact_all,2,1,6,11,102,12926,exact,2,1,22,238,0.0576,0.013823999999999998,0.0033177599999999995,0.0007962623999999999,0.0576,0.08294399999999999,0.03649535999999999,0.08121876479999998,0.00020869565217391305,4.098023715415019e-05,3.434534161490683e-06,1.9108499153020887e-06,0.0576,0.30412799999999995,0.7896268799999999,0.2582581248,0.22972832387581715,0.00025502127340485596,0.00025498876100736264,1.15135488,0.7660978204057728
code_n24_k12_cw3_002_q02,code_n24_k12_cw3_002,q02,train,0.3,24,12,12,0.5,0.19999999999999996,3,0.25,6.0,4.833333333333333,3.0,9.0,3.0,0.0,3.0,3.0,0,0,0,0,2,24,2,0,8,0,55430,exact_all,2,1,6,11,102,12926,exact,2,1,22,238,0.09,0.026999999999999996,0.0081,0.0024299999999999994,0.09,0.16199999999999998,0.0891,0.24785999999999994,0.0003260869565217391,8.003952569169959e-05,8.385093167701864e-06,5.831451157538112e-06,0.09,0.5939999999999999,1.9278,0.5889599999999999,0.4630797141729113,0.0004203430265386787,0.0004202547071574561,2.6117999999999997,1.2842062630361057
code_n24_k12_cw3_002_q03,code_n24_k12_cw3_002,q03,train,0.36,24,12,12,0.5,0.14,3,0.25,6.0,4.833333333333333,3.0,9.0,3.0,0.0,3.0,3.0,0,0,0,0,2,24,2,0,8,0,55430,exact_all,2,1,6,11,102,12926,exact,2,1,22,238,0.1296,0.046655999999999996,0.016796159999999997,0.006046617599999999,0.1296,0.27993599999999996,0.18475775999999997,0.6167549951999999,0.0004695652173913043,0.0001383083003952569,1.7387329192546582e-05,1.4510516544325237e-05,0.1296,1.026432,3.9974860799999994,1.2110487551999998,0.7934669528307378,0.0006397713635234331,0.0006395667970704964,5.15351808,1.8170239637912096
code_n24_k12_cw3_003_q00,code_n24_k12_cw3_003,q00,train,0.18,24,12,12,0.5,0.32000000000000006,3,0.25,6.0,1.0,5.0,8.0,3.0,0.0,3.0,3.0,0,0,0,0,0,24,0,0,12,0,55430,exact_all,4,0,0,9,51,12926,exact,4,0,0,6,0.0324,0.0058319999999999995,0.0010497599999999998,0.00018895679999999997,0.0,0.0,0.009447839999999999,0.009636796799999998,0.0,0.0,8.89124788255223e-07,2.2672682100508183e-07,0.0,0.0,0.006298559999999999,0.0190846368,0.018904809476391452,1.1158516092603048e-06,1.115850986698361e-06,0.006298559999999999,0.006278806971330837
code_n24_k12_cw3_003_q01,code_n24_k12_cw3_003,q01,train,0.24,24,12,12,0.5,0.26,3,0.25,6.0,1.0,5.0,8.0,3.0,0.0,3.0,3.0,0,0,0,0,0,24,0,0,12,0,55430,exact_all,4,0,0,9,51,12926,exact,4,0,0,6,0.0576,0.013823999999999998,0.0033177599999999995,0.0007962623999999999,0.0,0.0,0.029859839999999995,0.04060938239999999,0.0,0.0,2.8100734048560133e-06,9.554249576510443e-07,0.0,0.0,0.019906559999999997,0.07046922239999999,0.06809707795703816,3.7654983625070576e-06,3.7654912730358953e-06,0.019906559999999997,0.019711015256787718
code_n24_k12_cw3_003_q02,code_n24_k12_cw3_003,q02,train,0.3,24,12,12,0.5,0.19999999999999996,3,0.25,6.0,1.0,5.0,8.0,3.0,0.0,3.0,3.0,0,0,0,0,0,24,0,0,12,0,55430,exact_all,4,0,0,9,51,12926,exact,4,0,0,6,0.09,0.026999999999999996,0.0081,0.0024299999999999994,0.0,0.0,0.07289999999999999,0.12392999999999997,0.0,0.0,6.860530773574252e-06,2.915725578769056e-06,0.0,0.0,0.0486,0.19682999999999995,0.17967639476882738,9.776256352343308e-06,9.776208565060629e-06,0.0486,0.04745594115629535
code_n24_k12_cw3_003_q03,code_n24_k12_cw3_003,q03,train,0.36,24,12,12,0.5,0.14,3,0.25,6.0,1.0,5.0,8.0,3.0,0.0,3.0,3.0,0,0,0,0,0,24,0,0,12,0,55430,exact_all,4,0,0,9,51,12926,exact,4,0,0,6,0.1296,0.046655999999999996,0.016796159999999997,0.006046617599999999,0.0,0.0,0.15116543999999998,0.30837749759999994,0.0,0.0,1.4225996612083568e-05,7.2552582721626185e-06,0.0,0.0,0.10077695999999998,0.4595429375999999,0.3781233302694927,2.1481254884246186e-05,2.1481024165394566e-05,0.10077695999999998,0.09601625774534364
code_n24_k12_cw3_004_q00,code_n24_k12_cw3_004,q00,validation,0.18,24,12,12,0.5,0.32000000000000006,3,0.25,6.0,4.5,3.0,10.0,3.0,0.0,3.0,3.0,0,0,0,0,1,24,2,0,9,0,55430,exact_all,4,0,0,14,77,12926,exact,4,0,0,9,0.0324,0.0058319999999999995,0.0010497599999999998,0.00018895679999999997,0.0,0.0,0.014696639999999997,0.014549673599999998,0.0,0.0,1.383083003952569e-06,3.423130434782608e-07,0.0,0.0,0.009447839999999999,0.029246313599999997,0.028826800024348533,1.72539604743083e-06,1.7253945589367818e-06,0.009447839999999999,0.009403488292718807
code_n24_k12_cw3_004_q01,code_n24_k12_cw3_004,q01,validation,0.24,24,12,12,0.5,0.26,3,0.25,6.0,4.5,3.0,10.0,3.0,0.0,3.0,3.0,0,0,0,0,1,24,2,0,9,0,55430,exact_all,4,0,0,14,77,12926,exact,4,0,0,9,0.0576,0.013823999999999998,0.0033177599999999995,0.0007962623999999999,0.0,0.0,0.04644863999999999,0.06131220479999999,0.0,0.0,4.371225296442687e-06,1.4425043478260868e-06,0.0,0.0,0.029859839999999995,0.10776084479999998,0.10234072098409272,5.813729644268774e-06,5.813712744608085e-06,0.029859839999999995,0.029422715312235354
code_n24_k12_cw3_004_q02,code_n24_k12_cw3_004,q02,validation,0.3,24,12,12,0.5,0.19999999999999996,3,0.25,6.0,4.5,3.0,10.0,3.0,0.0,3.0,3.0,0,0,0,0,1,24,2,0,9,0,55430,exact_all,4,0,0,14,77,12926,exact,4,0,0,9,0.09,0.026999999999999996,0.0081,0.0024299999999999994,0.0,0.0,0.1134,0.18710999999999994,0.0,0.0,1.0671936758893281e-05,4.402173913043477e-06,0.0,0.0,0.07289999999999999,0.30050999999999994,0.26275649522725614,1.5074110671936759e-05,1.507399705867223e-05,0.07289999999999999,0.07036526266056348
code_n24_k12_cw3_004_q03,code_n24_k12_cw3_004,q03,validation,0.36,24,12,12,0.5,0.14,3,0.25,6.0,4.5,3.0,10.0,3.0,0.0,3.0,3.0,0,0,0,0,1,24,2,0,9,0,55430,exact_all,4,0,0,14,77,12926,exact,4,0,0,9,0.1296,0.046655999999999996,0.016796159999999997,0.006046617599999999,0.0,0.0,0.23514623999999995,0.46558955519999995,0.0,0.0,2.2129328063241104e-05,1.0954017391304346e-05,0.0,0.0,0.15116543999999998,0.7007357952,0.5310609781281895,3.308334545454545e-05,3.308279821274191e-05,0.15116543999999998,0.14077485529257536
code_n24_k12_cw3_005_q00,code_n24_k12_cw3_005,q00,train,0.18,24,12,12,0.5,0.32000000000000006,3,0.25,6.0,6.333333333333333,1.0,9.0,3.0,0.0,3.0,3.0,1,0,0,0,1,24,1,0,9,0,55430,exact_all,2,2,3,18,96,12926,exact,2,2,44,474,0.0324,0.0058319999999999995,0.0010497599999999998,0.00018895679999999997,0.0648,0.017495999999999998,0.018895679999999998,0.018139852799999998,0.00023478260869565215,8.644268774703556e-06,1.778249576510446e-06,4.26779898362507e-07,0.0648,0.256608,0.4975862399999999,0.11933153279999999,0.11273166140941196,0.00024563190694522867,0.0002456017443675338,0.8189942399999999,0.5982837329559303
code_n24_k12_cw3_005_q01,code_n24_k12_cw3_005,q01,train,0.24,24,12,12,0.5,0.26,3,0.25,6.0,6.333333333333333,1.0,9.0,3.0,0.0,3.0,3.0,1,0,0,0,1,24,1,0,9,0,55430,exact_all,2,2,3,18,96,12926,exact,2,2,44,474,0.0576,0.013823999999999998,0.0033177599999999995,0.0007962623999999999,0.1152,0.041471999999999995,0.05971967999999999,0.07644119039999998,0.0004173913043478261,2.0490118577075095e-05,5.6201468097120265e-06,1.7984469791078483e-06,0.1152,0.6082559999999999,1.5726182399999997,0.29283287039999994,0.2568358342040394,0.0004453000167137211,0.00044520090008461126,2.2960742399999994,1.1927321360654022
code_n24_k12_cw3_005_q02,code_n24_k12_cw3_005,q02,train,0.3,24,12,12,0.5,0.19999999999999996,3,0.25,6.0,6.333333333333333,1.0,9.0,3.0,0.0,3.0,3.0,1,0,0,0,1,24,1,0,9,0,55430,exact_all,2,2,3,18,96,12926,exact,2,2,44,474,0.09,0.026999999999999996,0.0081,0.0024299999999999994,0.18,0.08099999999999999,0.14579999999999999,0.23327999999999993,0.0006521739130434782,4.001976284584979e-05,1.3721061547148505e-05,5.4884246188594e-06,0.18,1.1879999999999997,3.8394,0.64008,0.4947450211341826,0.0007114031620553359,0.0007111502347742478,5.2074,1.825742128725519
code_n24_k12_cw3_005_q03,code_n24_k12_cw3_005,q03,train,0.36,24,12,12,0.5,0.14,3,0.25,6.0,6.333333333333333,1.0,9.0,3.0,0.0,3.0,3.0,1,0,0,0,1,24,1,0,9,0,55430,exact_all,2,2,3,18,96,12926,exact,2,2,44,474,0.1296,0.046655999999999996,0.016796159999999997,0.006046617599999999,0.2592,0.13996799999999998,0.30233087999999997,0.5804752895999999,0.0009391304347826086,6.915415019762845e-05,2.8451993224167136e-05,1.3656956747600223e-05,0.2592,2.052864,7.961379839999998,1.2819741695999998,0.8250409321821315,0.0010503935349520045,0.001049842257667828,10.273443839999999,2.4224498572380178
code_n24_k12_cw3_006_q00,code_n24_k12_cw3_006,q00,test,0.18,24,12,12,0.5,0.32000000000000006,3,0.25,6.0,2.1666666666666665,3.0,8.0,3.0,0.0,3.0,3.0,0,0,0,0,1,24,1,0,10,0,55430,exact_all,3,0,2,11,58,12926,exact,4,0,0,7,0.0324,0.0058319999999999995,0.0010497599999999998,0.00018895679999999997,0.0,0.011663999999999999,0.011547359999999998,0.010959494399999999,0.0,5.7628458498023705e-06,1.0867080745341614e-06,2.5784618859401466e-07,0.0,0.0,0.0073483199999999985,0.03417085439999999,0.03359999879984944,7.1074001129305465e-06,7.10737485548204e-06,0.0073483199999999985,0.007321452636295071
code_n24_k12_cw3_006_q01,code_n24_k12_cw3_006,q01,test,0.24,24,12,12,0.5,0.26,3,0.25,6.0,2.1666666666666665,3.0,8.0,3.0,0.0,3.0,3.0,0,0,0,0,1,24,1,0,10,0,55430,exact_all,3,0,2,11,58,12926,exact,4,0,0,7,0.0576,0.013823999999999998,0.0033177599999999995,0.0007962623999999999,0.0,0.027647999999999995,0.03649535999999999,0.04618321919999999,0.0,1.3660079051383396e-05,3.434534161490683e-06,1.0865617165443251e-06,0.0,0.0,0.023224319999999996,0.11032657919999997,0.10465418754684684,1.8181174929418404e-05,1.8181009653860764e-05,0.023224319999999996,0.0229587395692226
code_n24_k12_cw3_006_q02,code_n24_k12_cw3_006,q02,test,0.3,24,12,12,0.5,0.19999999999999996,3,0.25,6.0,2.1666666666666665,3.0,8.0,3.0,0.0,3.0,3.0,0,0,0,0,1,24,1,0,10,0,55430,exact_all,3,0,2,11,58,12926,exact,4,0,0,7,0.09,0.026999999999999996,0.0081,0.0024299999999999994,0.0,0.05399999999999999,0.0891,0.14093999999999995,0.0,2.6679841897233196e-05,8.385093167701864e-06,3.3159232072275544e-06,0.0,0.0,0.0567,0.28403999999999996,0.25001135743051084,3.838085827216261e-05,3.838012174586737e-05,0.0567,0.05515084446484804
code_n24_k12_cw3_006_q03,code_n24_k12_cw3_006,q03,test,0.36,24,12,12,0.5,0.14,3,0.25,6.0,2.1666666666666665,3.0,8.0,3.0,0.0,3.0,3.0,0,0,0,0,1,24,1,0,10,0,55430,exact_all,3,0,2,11,58,12926,exact,4,0,0,7,0.1296,0.046655999999999996,0.016796159999999997,0.006046617599999999,0.0,0.09331199999999999,0.18475775999999997,0.35070382079999995,0.0,4.6102766798418964e-05,1.7387329192546582e-05,8.25107803500847e-06,0.0,0.0,0.11757311999999998,0.6287735807999999,0.4878273272032275,7.174117402597401e-05,7.173860075102114e-05,0.11757311999999998,0.11115947713235992
code_n24_k12_cw3_007_q00,code_n24_k12_cw3_007,q00,train,0.18,24,12,12,0.5,0.32000000000000006,3,0.25,6.0,7.5,1.0,11.0,3.0,0.0,3.0,3.0,1,0,0,0,1,24,1,0,9,0,55430,exact_all,2,3,3,27,213,12926,exact,2,3,66,703,0.0324,0.0058319999999999995,0.0010497599999999998,0.00018895679999999997,0.0972,0.017495999999999998,0.028343519999999997,0.04024779839999999,0.00035217391304347823,8.644268774703556e-06,2.6673743647656685e-06,9.469178994918124e-07,0.0972,0.384912,0.7379812799999999,0.18328731839999995,0.16829642820398516,0.00036443247408243925,0.00036436608469749845,1.22009328,0.7975492130194739
code_n24_k12_cw3_007_q01,code_n24_k12_cw3_007,q01,train,0.24,24,12,12,0.5,0.26,3,0.25,6.0,7.5,1.0,11.0,3.0,0.0,3.0,3.0,1,0,0,0,1,24,1,0,9,0,55430,exact_all,2,3,3,27,213,12926,exact,2,3,66,703,0.0576,0.013823999999999998,0.0033177599999999995,0.0007962623999999999,0.1728,0.041471999999999995,0.08957951999999998,0.16960389119999997,0.0006260869565217391,2.0490118577075095e-05,8.430220214568039e-06,3.990304234895539e-06,0.1728,0.9123839999999999,2.3323852799999996,0.47345541119999995,0.3876102622694823,0.0006589975995482778,0.0006587805559790654,3.4175692799999995,1.4855896081674005
code_n24_k12_cw3_007_q02,code_n24_k12_cw3_007,q02,train,0.3,24,12,12,0.5,0.19999999999999996,3,0.25,6.0,7.5,1.0,11.0,3.0,0.0,3.0,3.0,1,0,0,0,1,24,1,0,9,0,55430,exact_all,2,3,3,27,213,12926,exact,2,3,66,703,0.09,0.026999999999999996,0.0081,0.0024299999999999994,0.27,0.08099999999999999,0.21869999999999998,0.5175899999999999,0.0009782608695652173,4.001976284584979e-05,2.0581592320722752e-05,1.2177442123094295e-05,0.27,1.7819999999999998,5.694299999999999,1.0872899999999999,0.7358665738800794,0.0010510396668548842,0.0010504877113817754,7.746299999999999,2.168630753797373
code_n24_k12_cw3_007_q03,code_n24_k12_cw3_007,q03,train,0.36,24,12,12,0.5,0.14,3,0.25,6.0,7.5,1.0,11.0,3.0,0.0,3.0,3.0,1,0,0,0,1,24,1,0,9,0,55430,exact_all,2,3,3,27,213,12926,exact,2,3,66,703,0.1296,0.046655999999999996,0.016796159999999997,0.006046617599999999,0.3888,0.13996799999999998,0.45349631999999995,1.2879295487999998,0.001408695652173913,6.915415019762845e-05,4.2677989836250696e-05,3.0301372783737998e-05,0.3888,3.079296,11.807700479999998,2.2701938688,1.184849270246553,0.0015508291649915303,0.0015496278712825377,15.275796479999997,2.7896791257604527
code_n24_k12_cw3_008_q00,code_n24_k12_cw3_008,q00,test,0.18,24,12,12,0.5,0.32000000000000006,3,0.25,6.0,6.5,2.0,10.0,3.0,0.0,3.0,3.0,0,0,1,0,1,24,2,0,8,0,55430,exact_all,3,0,1,16,104,12926,exact,4,0,0,11,0.0324,0.0058319999999999995,0.0010497599999999998,0.00018895679999999997,0.0,0.0058319999999999995,0.016796159999999997,0.019651507199999998,0.0,2.8814229249011852e-06,1.5806662902315073e-06,4.623448898927159e-07,0.0,0.0,0.011547359999999998,0.042279667199999996,0.04141030194550075,4.924434105025409e-06,4.924421980039587e-06,0.011547359999999998,0.011481198081718715
code_n24_k12_cw3_008_q01,code_n24_k12_cw3_008,q01,test,0.24,24,12,12,0.5,0.26,3,0.25,6.0,6.5,2.0,10.0,3.0,0.0,3.0,3.0,0,0,1,0,1,24,2,0,8,0,55430,exact_all,3,0,1,16,104,12926,exact,4,0,0,11,0.0576,0.013823999999999998,0.0033177599999999995,0.0007962623999999999,0.0,0.013823999999999998,0.05308415999999999,0.08281128959999999,0.0,6.830039525691698e-06,4.9956860530773566e-06,1.948317560700169e-06,0.0,0.0,0.03649535999999999,0.1497194496,0.1395179557432758,1.3774043139469223e-05,1.37739482782081e-05,0.03649535999999999,0.03584517627972158
code_n24_k12_cw3_008_q02,code_n24_k12_cw3_008,q02,test,0.3,24,12,12,0.5,0.19999999999999996,3,0.25,6.0,6.5,2.0,10.0,3.0,0.0,3.0,3.0,0,0,1,0,1,24,2,0,8,0,55430,exact_all,3,0,1,16,104,12926,exact,4,0,0,11,0.09,0.026999999999999996,0.0081,0.0024299999999999994,0.0,0.026999999999999996,0.1296,0.25271999999999994,0.0,1.3339920948616598e-05,1.2196499153020891e-05,5.945793337097684e-06,0.0,0.0,0.0891,0.4093199999999999,0.34310731855719084,3.148221343873517e-05,3.1481717884254415e-05,0.0891,0.0853516670995037
code_n24_k12_cw3_008_q03,code_n24_k12_cw3_008,q03,test,0.36,24,12,12,0.5,0.14,3,0.25,6.0,6.5,2.0,10.0,3.0,0.0,3.0,3.0,0,0,1,0,1,24,2,0,8,0,55430,exact_all,3,0,1,16,104,12926,exact,4,0,0,11,0.1296,0.046655999999999996,0.016796159999999997,0.006046617599999999,0.0,0.046655999999999996,0.26873855999999996,0.6288482303999999,0.0,2.3051383399209482e-05,2.5290660643704117e-05,1.479503647656691e-05,0.0,0.0,0.18475775999999997,0.9442427903999999,0.664872590420938,6.31370805194805e-05,6.313508745790253e-05,0.18475775999999997,0.1695383317491533
code_n24_k12_cw3_009_q00,code_n24_k12_cw3_009,q00,validation,0.18,24,12,12,0.5,0.32000000000000006,3,0.25,6.0,3.5,2.0,10.0,3.0,0.0,3.0,3.0,0,0,1,0,0,24,1,0,10,0,55430,exact_all,3,0,1,13,75,12926,exact,4,0,0,8,0.0324,0.0058319999999999995,0.0010497599999999998,0.00018895679999999997,0.0,0.0058319999999999995,0.013646879999999998,0.014171759999999999,0.0,2.8814229249011852e-06,1.2842913608130997e-06,3.334217955957086e-07,0.0,0.0,0.008398079999999999,0.033650639999999996,0.03309684665409247,4.4991360813099935e-06,4.499125960227612e-06,0.008398079999999999,0.008363012323468396
code_n24_k12_cw3_009_q01,code_n24_k12_cw3_009,q01,validation,0.24,24,12,12,0.5,0.26,3,0.25,6.0,3.5,2.0,10.0,3.0,0.0,3.0,3.0,0,0,1,0,0,24,1,0,10,0,55430,exact_all,3,0,1,13,75,12926,exact,4,0,0,8,0.0576,0.013823999999999998,0.0033177599999999995,0.0007962623999999999,0.0,0.013823999999999998,0.043130879999999996,0.05971967999999999,0.0,6.830039525691698e-06,4.058994918125352e-06,1.4050367024280066e-06,0.0,0.0,0.026542079999999996,0.11667455999999998,0.11035512580059895,1.2294071146245058e-05,1.2293995574771771e-05,0.026542079999999996,0.02619595030443698
code_n24_k12_cw3_009_q02,code_n24_k12_cw3_009,q02,validation,0.3,24,12,12,0.5,0.19999999999999996,3,0.25,6.0,3.5,2.0,10.0,3.0,0.0,3.0,3.0,0,0,1,0,0,24,1,0,10,0,55430,exact_all,3,0,1,13,75,12926,exact,4,0,0,8,0.09,0.026999999999999996,0.0081,0.0024299999999999994,0.0,0.026999999999999996,0.10529999999999999,0.18224999999999997,0.0,1.3339920948616598e-05,9.909655561829474e-06,4.287831733483907e-06,0.0,0.0,0.0648,0.31454999999999994,0.2734944017409309,2.7537408243929978e-05,2.753702909646406e-05,0.0648,0.06278698809876482
code_n24_k12_cw3_009_q03,code_n24_k12_cw3_009,q03,validation,0.36,24,12,12,0.5,0.14,3,0.25,6.0,3.5,2.0,10.0,3.0,0.0,3.0,3.0,0,0,1,0,0,24,1,0,10,0,55430,exact_all,3,0,1,13,75,12926,exact,4,0,0,8,0.1296,0.046655999999999996,0.016796159999999997,0.006046617599999999,0.0,0.046655999999999996,0.21835007999999997,0.45349631999999995,0.0,2.3051383399209482e-05,2.0548661773009595e-05,1.0669497459062676e-05,0.0,0.0,0.13436927999999998,0.7185024,0.5414532138735496,5.426954263128175e-05,5.426807009292879e-05,0.13436927999999998,0.12607679603412303
code_n24_k12_cw3_010_q00,code_n24_k12_cw3_010,q00,validation,0.18,24,12,12,0.5,0.32000000000000006,3,0.25,6.0,3.5,3.0,9.0,3.0,0.0,3.0,3.0,0,0,0,0,1,24,2,0,9,0,55430,exact_all,2,1,2,14,84,12926,exact,2,1,22,238,0.0324,0.0058319999999999995,0.0010497599999999998,0.00018895679999999997,0.0324,0.011663999999999999,0.014696639999999997,0.0158723712,0.00011739130434782608,5.7628458498023705e-06,1.383083003952569e-06,3.734324110671936e-07,0.0324,0.128304,0.24984287999999996,0.07463301119999999,0.07197921836429277,0.00012491066561264822,0.0001249028649250423,0.41054687999999995,0.343977487348574
code_n24_k12_cw3_010_q01,code_n24_k12_cw3_010,q01,validation,0.24,24,12,12,0.5,0.26,3,0.25,6.0,3.5,3.0,9.0,3.0,0.0,3.0,3.0,0,0,0,0,1,24,2,0,9,0,55430,exact_all,2,1,2,14,84,12926,exact,2,1,22,238,0.0576,0.013823999999999998,0.0033177599999999995,0.0007962623999999999,0.0576,0.027647999999999995,0.04644863999999999,0.06688604159999999,0.00020869565217391305,1.3660079051383396e-05,4.371225296442687e-06,1.5736411067193672e-06,0.0576,0.30412799999999995,0.7896268799999999,0.19858268159999998,0.18113976008056223,0.0002283005976284585,0.00022827454101277157,1.15135488,0.7660978204057728
code_n24_k12_cw3_010_q02,code_n24_k12_cw3_010,q02,validation,0.3,24,12,12,0.5,0.19999999999999996,3,0.25,6.0,3.5,3.0,9.0,3.0,0.0,3.0,3.0,0,0,0,0,1,24,2,0,9,0,55430,exact_all,2,1,2,14,84,12926,exact,2,1,22,238,0.09,0.026999999999999996,0.0081,0.0024299999999999994,0.09,0.05399999999999999,0.1134,0.20411999999999994,0.0003260869565217391,2.6679841897233196e-05,1.0671936758893281e-05,4.8023715415019746e-06,0.09,0.5939999999999999,1.9278,0.46151999999999993,0.37947699004617724,0.00036824110671936756,0.0003681733226031167,2.6117999999999997,1.2842062630361057
code_n24_k12_cw3_010_q03,code_n24_k12_cw3_010,q03,validation,0.36,24,12,12,0.5,0.14,3,0.25,6.0,3.5,3.0,9.0,3.0,0.0,3.0,3.0,0,0,0,0,1,24,2,0,9,0,55430,exact_all,2,1,2,14,84,12926,exact,2,1,22,238,0.1296,0.046655999999999996,0.016796159999999997,0.006046617599999999,0.1296,0.09331199999999999,0.23514623999999995,0.5079158784,0.0004695652173913043,4.6102766798418964e-05,2.2129328063241104e-05,1.1949837154150194e-05,0.1296,1.026432,3.9974860799999994,0.9659741183999999,0.6759878570401519,0.0005497471494071146,0.0005495960938020307,5.15351808,1.8170239637912096
code_n24_k12_cw3_011_q00,code_n24_k12_cw3_011,q00,train,0.18,24,12,12,0.5,0.32000000000000006,3,0.25,6.0,2.8333333333333335,3.0,8.0,3.0,0.0,3.0,3.0,0,0,0,0,1,24,1,0,10,0,55430,exact_all,2,1,0,17,83,12926,exact,2,1,22,245,0.0324,0.0058319999999999995,0.0010497599999999998,0.00018895679999999997,0.0324,0.0,0.017845919999999998,0.015683414399999998,0.00011739130434782608,0.0,1.6794579333709767e-06,3.689867871259175e-07,0.0324,0.128304,0.25719119999999995,0.0659293344,0.06384703311482533,0.00011943974906832297,0.00011943261670941335,0.41789519999999997,0.34917351846754296
code_n24_k12_cw3_011_q01,code_n24_k12_cw3_011,q01,train,0.24,24,12,12,0.5,0.26,3,0.25,6.0,2.8333333333333335,3.0,8.0,3.0,0.0,3.0,3.0,0,0,0,0,1,24,1,0,10,0,55430,exact_all,2,1,0,17,83,12926,exact,2,1,22,245,0.0576,0.013823999999999998,0.0033177599999999995,0.0007962623999999999,0.0576,0.0,0.056401919999999994,0.06608977919999999,0.00020869565217391305,0.0,5.3079164313946915e-06,1.5549072840203272e-06,0.0576,0.30412799999999995,0.8128511999999999,0.18009169919999998,0.16559214664465624,0.00021555847588932808,0.0002155352464991989,1.1745791999999997,0.7768351745583001
code_n24_k12_cw3_011_q02,code_n24_k12_cw3_011,q02,train,0.3,24,12,12,0.5,0.19999999999999996,3,0.25,6.0,2.8333333333333335,3.0,8.0,3.0,0.0,3.0,3.0,0,0,0,0,1,24,1,0,10,0,55430,exact_all,2,1,0,17,83,12926,exact,2,1,22,245,0.09,0.026999999999999996,0.0081,0.0024299999999999994,0.09,0.0,0.1377,0.20168999999999995,0.0003260869565217391,0.0,1.2958780350084698e-05,4.7452004517221896e-06,0.09,0.5939999999999999,1.9845,0.42938999999999994,0.35724777983691625,0.000343790937323546,0.0003437318547602318,2.6685,1.2997828591719118
code_n24_k12_cw3_011_q03,code_n24_k12_cw3_011,q03,train,0.36,24,12,12,0.5,0.14,3,0.25,6.0,2.8333333333333335,3.0,8.0,3.0,0.0,3.0,3.0,0,0,0,0,1,24,1,0,10,0,55430,exact_all,2,1,0,17,83,12926,exact,2,1,22,245,0.1296,0.046655999999999996,0.016796159999999997,0.006046617599999999,0.1296,0.0,0.28553471999999996,0.5018692607999999,0.0004695652173913043,0.0,2.6871326933935627e-05,1.180757718802936e-05,0.1296,1.026432,4.115059199999999,0.9170039807999999,0.6507635406393377,0.0005082441215132692,0.0005081150092149349,5.271091199999999,1.8359503745901995
code_n24_k12_cw3_012_q00,code_n24_k12_cw3_012,q00,train,0.18,24,12,12,0.5,0.32000000000000006,3,0.25,6.0,3.8333333333333335,2.0,9.0,3.0,0.0,3.0,3.0,0,0,1,0,0,24,1,0,10,0,55430,exact_all,3,0,1,15,83,12926,exact,4,0,0,8,0.0324,0.0058319999999999995,0.0010497599999999998,0.00018895679999999997,0.0,0.0058319999999999995,0.015746399999999997,0.015683414399999998,0.0,2.8814229249011852e-06,1.4818746470920382e-06,3.689867871259175e-07,0.0,0.0,0.008398079999999999,0.037261814399999996,0.03658437028407407,4.73228435911914e-06,4.732273161896838e-06,0.008398079999999999,0.008363012323468396
code_n24_k12_cw3_012_q01,code_n24_k12_cw3_012,q01,train,0.24,24,12,12,0.5,0.26,3,0.25,6.0,3.8333333333333335,2.0,9.0,3.0,0.0,3.0,3.0,0,0,1,0,0,24,1,0,10,0,55430,exact_all,3,0,1,15,83,12926,exact,4,0,0,8,0.0576,0.013823999999999998,0.0033177599999999995,0.0007962623999999999,0.0,0.013823999999999998,0.04976639999999999,0.06608977919999999,0.0,6.830039525691698e-06,4.6834556747600216e-06,1.5549072840203272e-06,0.0,0.0,0.026542079999999996,0.12968017919999997,0.12193456540783916,1.3068402484472047e-05,1.3068317093644246e-05,0.026542079999999996,0.02619595030443698
code_n24_k12_cw3_012_q02,code_n24_k12_cw3_012,q02,train,0.3,24,12,12,0.5,0.19999999999999996,3,0.25,6.0,3.8333333333333335,2.0,9.0,3.0,0.0,3.0,3.0,0,0,1,0,0,24,1,0,10,0,55430,exact_all,3,0,1,15,83,12926,exact,4,0,0,8,0.09,0.026999999999999996,0.0081,0.0024299999999999994,0.0,0.026999999999999996,0.1215,0.20168999999999995,0.0,1.3339920948616598e-05,1.1434217955957084e-05,4.7452004517221896e-06,0.0,0.0,0.0648,0.35018999999999995,0.3002453232880299,2.951933935629587e-05,2.9518903669171964e-05,0.0648,0.06278698809876482
code_n24_k12_cw3_012_q03,code_n24_k12_cw3_012,q03,train,0.36,24,12,12,0.5,0.14,3,0.25,6.0,3.8333333333333335,2.0,9.0,3.0,0.0,3.0,3.0,0,0,1,0,0,24,1,0,10,0,55430,exact_all,3,0,1,15,83,12926,exact,4,0,0,8,0.1296,0.046655999999999996,0.016796159999999997,0.006046617599999999,0.0,0.046655999999999996,0.25194239999999996,0.5018692607999999,0.0,2.3051383399209482e-05,2.370999435347261e-05,1.180757718802936e-05,0.0,0.0,0.13436927999999998,0.8004676607999999,0.5880464427124971,5.856895494071145e-05,5.856723984643722e-05,0.13436927999999998,0.12607679603412303
code_n24_k12_cw3_013_q00,code_n24_k12_cw3_013,q00,test,0.18,24,12,12,0.5,0.32000000000000006,3,0.25,6.0,5.833333333333333,3.0,11.0,3.0,0.0,3.0,3.0,0,0,0,0,2,24,3,0,7,0,55430,exact_all,2,1,2,16,96,12926,exact,2,1,22,238,0.0324,0.0058319999999999995,0.0010497599999999998,0.00018895679999999997,0.0324,0.011663999999999999,0.016796159999999997,0.018139852799999998,0.00011739130434782608,5.7628458498023705e-06,1.5806662902315073e-06,4.26779898362507e-07,0.0324,0.128304,0.24984287999999996,0.07900001279999999,0.07603469813883348,0.00012516159638622246,0.000125153764327126,0.41054687999999995,0.343977487348574
code_n24_k12_cw3_013_q01,code_n24_k12_cw3_013,q01,test,0.24,24,12,12,0.5,0.26,3,0.25,6.0,5.833333333333333,3.0,11.0,3.0,0.0,3.0,3.0,0,0,0,0,2,24,3,0,7,0,55430,exact_all,2,1,2,16,96,12926,exact,2,1,22,238,0.0576,0.013823999999999998,0.0033177599999999995,0.0007962623999999999,0.0576,0.027647999999999995,0.05308415999999999,0.07644119039999998,0.00020869565217391305,1.3660079051383396e-05,4.9956860530773566e-06,1.7984469791078483e-06,0.0576,0.30412799999999995,0.7896268799999999,0.21477335039999995,0.19455751651056605,0.00022914986425748163,0.00022912361343750833,1.15135488,0.7660978204057728
code_n24_k12_cw3_013_q02,code_n24_k12_cw3_013,q02,test,0.3,24,12,12,0.5,0.19999999999999996,3,0.25,6.0,5.833333333333333,3.0,11.0,3.0,0.0,3.0,3.0,0,0,0,0,2,24,3,0,7,0,55430,exact_all,2,1,2,16,96,12926,exact,2,1,22,238,0.09,0.026999999999999996,0.0081,0.0024299999999999994,0.09,0.05399999999999999,0.1296,0.23327999999999993,0.0003260869565217391,2.6679841897233196e-05,1.2196499153020891e-05,5.4884246188594e-06,0.09,0.5939999999999999,1.9278,0.5068799999999999,0.4100412880730526,0.0003704517221908526,0.00037038312189315817,2.6117999999999997,1.2842062630361057
code_n24_k12_cw3_013_q03,code_n24_k12_cw3_013,q03,test,0.36,24,12,12,0.5,0.14,3,0.25,6.0,5.833333333333333,3.0,11.0,3.0,0.0,3.0,3.0,0,0,0,0,2,24,3,0,7,0,55430,exact_all,2,1,2,16,96,12926,exact,2,1,22,238,0.1296,0.046655999999999996,0.016796159999999997,0.006046617599999999,0.1296,0.09331199999999999,0.26873855999999996,0.5804752895999999,0.0004695652173913043,4.6102766798418964e-05,2.5290660643704117e-05,1.3656956747600223e-05,0.1296,1.026432,3.9974860799999994,1.0721258496,0.7285750607766835,0.0005546156015810276,0.000554461859190928,5.15351808,1.8170239637912096
code_n24_k12_cw3_014_q00,code_n24_k12_cw3_014,q00,test,0.18,24,12,12,0.5,0.32000000000000006,3,0.25,6.0,3.5,2.0,8.0,3.0,0.0,3.0,3.0,0,0,1,0,0,24,3,0,8,0,55430,exact_all,2,2,3,16,103,12926,exact,2,2,44,465,0.0324,0.0058319999999999995,0.0010497599999999998,0.00018895679999999997,0.0648,0.017495999999999998,0.016796159999999997,0.019462550399999997,0.00023478260869565215,8.644268774703556e-06,1.5806662902315073e-06,4.578992659514398e-07,0.0648,0.256608,0.4881383999999999,0.11855471039999999,0.11203741483315152,0.0002454654430265387,0.00024543532131380413,0.8095463999999999,0.5930762061355619
code_n24_k12_cw3_014_q01,code_n24_k12_cw3_014,q01,test,0.24,24,12,12,0.5,0.26,3,0.25,6.0,3.5,2.0,8.0,3.0,0.0,3.0,3.0,0,0,1,0,0,24,3,0,8,0,55430,exact_all,2,2,3,16,103,12926,exact,2,2,44,465,0.0576,0.013823999999999998,0.0033177599999999995,0.0007962623999999999,0.1152,0.041471999999999995,0.05308415999999999,0.08201502719999999,0.0004173913043478261,2.0490118577075095e-05,4.9956860530773566e-06,1.929583738001129e-06,0.1152,0.6082559999999999,1.5427583999999996,0.29177118719999995,0.2560142899860056,0.0004448066927159797,0.00044470779554469953,2.2662143999999995,1.1836316384438799
code_n24_k12_cw3_014_q02,code_n24_k12_cw3_014,q02,test,0.3,24,12,12,0.5,0.19999999999999996,3,0.25,6.0,3.5,2.0,8.0,3.0,0.0,3.0,3.0,0,0,1,0,0,24,3,0,8,0,55430,exact_all,2,2,3,16,103,12926,exact,2,2,44,465,0.09,0.026999999999999996,0.0081,0.0024299999999999994,0.18,0.08099999999999999,0.1296,0.25028999999999996,0.0006521739130434782,4.001976284584979e-05,1.2196499153020891e-05,5.888622247317898e-06,0.18,1.1879999999999997,3.7664999999999997,0.64089,0.4952387775638093,0.0007102787972896669,0.0007100266686853978,5.134499999999999,1.8139285752491003
code_n24_k12_cw3_014_q03,code_n24_k12_cw3_014,q03,test,0.36,24,12,12,0.5,0.14,3,0.25,6.0,3.5,2.0,8.0,3.0,0.0,3.0,3.0,0,0,1,0,0,24,3,0,8,0,55430,exact_all,2,2,3,16,103,12926,exact,2,2,44,465,0.1296,0.046655999999999996,0.016796159999999997,0.006046617599999999,0.2592,0.13996799999999998,0.26873855999999996,0.6228016127999999,0.0009391304347826086,6.915415019762845e-05,2.5290660643704117e-05,1.4652776510446073e-05,0.2592,2.052864,7.810214399999999,1.2907081727999998,0.8288610155237247,0.0010482280221343872,0.0010476790147643052,10.122278399999999,2.4089501599212504
code_n24_k12_cw3_015_q00,code_n24_k12_cw3_015,q00,train,0.18,24,12,12,0.5,0.32000000000000006,3,0.25,6.0,5.333333333333333,2.0,10.0,3.0,0.0,3.0,3.0,0,0,1,0,0,24,3,0,8,0,55430,exact_all,2,2,2,17,110,12926,exact,2,2,44,471,0.0324,0.0058319999999999995,0.0010497599999999998,0.00018895679999999997,0.0648,0.011663999999999999,0.017845919999999998,0.020785247999999996,0.00023478260869565215,5.7628458498023705e-06,1.6794579333709767e-06,4.890186335403725e-07,0.0648,0.256608,0.4944369599999999,0.11509516799999998,0.10893975373613528,0.00024271393111236587,0.00024268448085141723,0.81584496,0.5965509020851566
code_n24_k12_cw3_015_q01,code_n24_k12_cw3_015,q01,train,0.24,24,12,12,0.5,0.26,3,0.25,6.0,5.333333333333333,2.0,10.0,3.0,0.0,3.0,3.0,0,0,1,0,0,24,3,0,8,0,55430,exact_all,2,2,2,17,110,12926,exact,2,2,44,471,0.0576,0.013823999999999998,0.0033177599999999995,0.0007962623999999999,0.1152,0.027647999999999995,0.056401919999999994,0.08758886399999999,0.0004173913043478261,1.3660079051383396e-05,5.3079164313946915e-06,2.0607204968944095e-06,0.1152,0.6082559999999999,1.5626649599999998,0.28683878399999996,0.2521886558104146,0.00043842002032749866,0.0004383239423510332,2.28612096,1.1897078296496906
code_n24_k12_cw3_015_q02,code_n24_k12_cw3_015,q02,train,0.3,24,12,12,0.5,0.19999999999999996,3,0.25,6.0,5.333333333333333,2.0,10.0,3.0,0.0,3.0,3.0,0,0,1,0,0,24,3,0,8,0,55430,exact_all,2,2,2,17,110,12926,exact,2,2,44,471,0.09,0.026999999999999996,0.0081,0.0024299999999999994,0.18,0.05399999999999999,0.1377,0.2672999999999999,0.0006521739130434782,2.6679841897233196e-05,1.2958780350084698e-05,6.288819875776396e-06,0.18,1.1879999999999997,3.8150999999999997,0.6389999999999999,0.49408629976169255,0.0006981013551665725,0.000697857795761705,5.1831,1.8218197638242628
code_n24_k12_cw3_015_q03,code_n24_k12_cw3_015,q03,train,0.36,24,12,12,0.5,0.14,3,0.25,6.0,5.333333333333333,2.0,10.0,3.0,0.0,3.0,3.0,0,0,1,0,0,24,3,0,8,0,55430,exact_all,2,2,2,17,110,12926,exact,2,2,44,471,0.1296,0.046655999999999996,0.016796159999999997,0.006046617599999999,0.2592,0.09331199999999999,0.28553471999999996,0.6651279359999999,0.0009391304347826086,4.6102766798418964e-05,2.6871326933935627e-05,1.564859627329192e-05,0.2592,2.052864,7.910991359999999,1.303174656,0.8342884564345154,0.001027753124788255,0.0010272253481306177,10.223055359999998,2.4179701767493875
code_n24_k12_cw3_016_q00,code_n24_k12_cw3_016,q00,train,0.18,24,12,12,0.5,0.32000000000000006,3,0.25,6.0,4.5,3.0,10.0,3.0,0.0,3.0,3.0,0,0,0,0,1,24,2,0,9,0,55430,exact_all,2,3,1,24,100,12926,exact,2,3,64,667,0.0324,0.0058319999999999995,0.0010497599999999998,0.00018895679999999997,0.0972,0.0058319999999999995,0.025194239999999996,0.018895679999999998,0.00035217391304347823,2.8814229249011852e-06,2.370999435347261e-06,4.445623941276115e-07,0.0972,0.37324799999999997,0.7001899199999999,0.14712192,0.13725612718013278,0.00035787089779785433,0.00035780687728170665,1.1706379199999999,0.7750210967011937
code_n24_k12_cw3_016_q01,code_n24_k12_cw3_016,q01,train,0.24,24,12,12,0.5,0.26,3,0.25,6.0,4.5,3.0,10.0,3.0,0.0,3.0,3.0,0,0,0,0,1,24,2,0,9,0,55430,exact_all,2,3,1,24,100,12926,exact,2,3,64,667,0.0576,0.013823999999999998,0.0033177599999999995,0.0007962623999999999,0.1728,0.013823999999999998,0.07962623999999999,0.07962623999999999,0.0006260869565217391,6.830039525691698e-06,7.493529079616035e-06,1.873382269904009e-06,0.1728,0.8847359999999999,2.2129459199999997,0.34587647999999993,0.2970454588094967,0.0006422839073969509,0.0006420777313657414,3.2704819199999995,1.4517266826988142
code_n24_k12_cw3_016_q02,code_n24_k12_cw3_016,q02,train,0.3,24,12,12,0.5,0.19999999999999996,3,0.25,6.0,4.5,3.0,10.0,3.0,0.0,3.0,3.0,0,0,0,0,1,24,2,0,9,0,55430,exact_all,2,3,1,24,100,12926,exact,2,3,64,667,0.09,0.026999999999999996,0.0081,0.0024299999999999994,0.27,0.026999999999999996,0.1944,0.24299999999999994,0.0009782608695652173,1.3339920948616598e-05,1.8294748729531335e-05,5.717108977978542e-06,0.27,1.7279999999999998,5.402699999999999,0.7343999999999999,0.55066153226319,0.0010156126482213437,0.0010150972626209688,7.400699999999999,2.1283150357105716
code_n24_k12_cw3_016_q03,code_n24_k12_cw3_016,q03,train,0.36,24,12,12,0.5,0.14,3,0.25,6.0,4.5,3.0,10.0,3.0,0.0,3.0,3.0,0,0,0,0,1,24,2,0,9,0,55430,exact_all,2,3,1,24,100,12926,exact,2,3,64,667,0.1296,0.046655999999999996,0.016796159999999997,0.006046617599999999,0.3888,0.046655999999999996,0.40310783999999994,0.6046617599999999,0.001408695652173913,2.3051383399209482e-05,3.793599096555618e-05,1.4225996612083568e-05,0.3888,2.9859839999999997,11.203038719999999,1.4432255999999999,0.893319133488895,0.0014839090231507622,0.0014828091181278123,14.577822719999999,2.7458482822815067
code_n24_k12_cw3_017_q00,code_n24_k12_cw3_017,q00,train,0.18,24,12,12,0.5,0.32000000000000006,3,0.25,6.0,3.3333333333333335,3.0,10.0,3.0,0.0,3.0,3.0,0,0,0,0,1,24,2,0,9,0,55430,exact_all,3,0,3,15,80,12926,exact,4,0,0,8,0.0324,0.0058319999999999995,0.0010497599999999998,0.00018895679999999997,0.0,0.017495999999999998,0.015746399999999997,0.015116543999999997,0.0,8.644268774703556e-06,1.4818746470920382e-06,3.5564991530208916e-07,0.0,0.0,0.008398079999999999,0.04835894399999999,0.047226031074601514,1.0481793337097684e-05,1.0481738403485771e-05,0.008398079999999999,0.008363012323468396
code_n24_k12_cw3_017_q01,code_n24_k12_cw3_017,q01,train,0.24,24,12,12,0.5,0.26,3,0.25,6.0,3.3333333333333335,3.0,10.0,3.0,0.0,3.0,3.0,0,0,0,0,1,24,2,0,9,0,55430,exact_all,3,0,3,15,80,12926,exact,4,0,0,8,0.0576,0.013823999999999998,0.0033177599999999995,0.0007962623999999999,0.0,0.041471999999999995,0.04976639999999999,0.06370099199999998,0.0,2.0490118577075095e-05,4.6834556747600216e-06,1.498705815923207e-06,0.0,0.0,0.026542079999999996,0.15493939199999995,0.1440478681380498,2.6672280067758323e-05,2.667192436882117e-05,0.026542079999999996,0.02619595030443698
code_n24_k12_cw3_017_q02,code_n24_k12_cw3_017,q02,train,0.3,24,12,12,0.5,0.19999999999999996,3,0.25,6.0,3.3333333333333335,3.0,10.0,3.0,0.0,3.0,3.0,0,0,0,0,1,24,2,0,9,0,55430,exact_all,3,0,3,15,80,12926,exact,4,0,0,8,0.09,0.026999999999999996,0.0081,0.0024299999999999994,0.0,0.08099999999999999,0.1215,0.19439999999999996,0.0,4.001976284584979e-05,1.1434217955957084e-05,4.573687182382834e-06,0.0,0.0,0.0648,0.3968999999999999,0.3342554957513681,5.602766798418971e-05,5.602609849302285e-05,0.0648,0.06278698809876482
code_n24_k12_cw3_017_q03,code_n24_k12_cw3_017,q03,train,0.36,24,12,12,0.5,0.14,3,0.25,6.0,3.3333333333333335,3.0,10.0,3.0,0.0,3.0,3.0,0,0,0,0,1,24,2,0,9,0,55430,exact_all,3,0,3,15,80,12926,exact,4,0,0,8,0.1296,0.046655999999999996,0.016796159999999997,0.006046617599999999,0.0,0.13996799999999998,0.25194239999999996,0.4837294079999999,0.0,6.915415019762845e-05,2.370999435347261e-05,1.1380797289666853e-05,0.0,0.0,0.13436927999999998,0.8756398079999999,0.6289498321496733,0.0001042449418407679,0.0001042395087143989,0.13436927999999998,0.12607679603412303
code_n24_k12_cw3_018_q00,code_n24_k12_cw3_018,q00,train,0.18,24,12,12,0.5,0.32000000000000006,3,0.25,6.0,6.333333333333333,2.0,11.0,3.0,0.0,3.0,3.0,0,0,1,0,1,24,1,0,9,0,55430,exact_all,2,2,2,23,130,12926,exact,2,2,44,471,0.0324,0.0058319999999999995,0.0010497599999999998,0.00018895679999999997,0.0648,0.011663999999999999,0.024144479999999996,0.024564383999999998,0.00023478260869565215,5.7628458498023705e-06,2.272207792207792e-06,5.779311123658949e-07,0.0648,0.256608,0.4944369599999999,0.125172864,0.11793668074126175,0.0002433955934500282,0.00024336597754806197,0.81584496,0.5965509020851566
code_n24_k12_cw3_018_q01,code_n24_k12_cw3_018,q01,train,0.24,24,12,12,0.5,0.26,3,0.25,6.0,6.333333333333333,2.0,11.0,3.0,0.0,3.0,3.0,0,0,1,0,1,24,1,0,9,0,55430,exact_all,2,2,2,23,130,12926,exact,2,2,44,471,0.0576,0.013823999999999998,0.0033177599999999995,0.0007962623999999999,0.1152,0.027647999999999995,0.07630847999999998,0.10351411199999998,0.0004173913043478261,1.3660079051383396e-05,7.1812987012987e-06,2.4353969508752114e-06,0.1152,0.6082559999999999,1.5626649599999998,0.322670592,0.2796528684920484,0.00044066807905138346,0.00044057101338821535,2.28612096,1.1897078296496906
code_n24_k12_cw3_018_q02,code_n24_k12_cw3_018,q02,train,0.3,24,12,12,0.5,0.19999999999999996,3,0.25,6.0,6.333333333333333,2.0,11.0,3.0,0.0,3.0,3.0,0,0,1,0,1,24,1,0,9,0,55430,exact_all,2,2,2,23,130,12926,exact,2,2,44,471,0.09,0.026999999999999996,0.0081,0.0024299999999999994,0.18,0.05399999999999999,0.1863,0.3158999999999999,0.0006521739130434782,2.6679841897233196e-05,1.753246753246753e-05,7.432241671372105e-06,0.18,1.1879999999999997,3.8150999999999997,0.7362,0.5516988169755705,0.000703818464144551,0.0007035709000826104,5.1831,1.8218197638242628
code_n24_k12_cw3_018_q03,code_n24_k12_cw3_018,q03,train,0.36,24,12,12,0.5,0.14,3,0.25,6.0,6.333333333333333,2.0,11.0,3.0,0.0,3.0,3.0,0,0,1,0,1,24,1,0,9,0,55430,exact_all,2,2,2,23,130,12926,exact,2,2,44,471,0.1296,0.046655999999999996,0.016796159999999997,0.006046617599999999,0.2592,0.09331199999999999,0.38631167999999994,0.7860602879999999,0.0009391304347826086,4.6102766798418964e-05,3.635532467532467e-05,1.8493795595708638e-05,0.2592,2.052864,7.910991359999999,1.5248839679999997,0.9261951084041126,0.001040082321852061,0.0010395418109853454,10.223055359999998,2.4179701767493875
code_n24_k12_cw3_019_q00,code_n24_k12_cw3_019,q00,train,0.18,24,12,12,0.5,0.32000000000000006,3,0.25,6.0,2.1666666666666665,4.0,8.0,3.0,0.0,3.0,3.0,0,0,0,0,0,24,3,0,9,0,55430,exact_all,2,2,2,19,76,12926,exact,2,2,44,467,0.0324,0.0058319999999999995,0.0010497599999999998,0.00018895679999999997,0.0648,0.011663999999999999,0.01994544,0.014360716799999998,0.00023478260869565215,5.7628458498023705e-06,1.877041219649915e-06,3.378674195369847e-07,0.0648,0.256608,0.49023791999999994,0.11077015679999998,0.10505360968700643,0.00024276036318464142,0.00024273090165563918,0.8116459199999999,0.5942357801375598
code_n24_k12_cw3_019_q01,code_n24_k12_cw3_019,q01,train,0.24,24,12,12,0.5,0.26,3,0.25,6.0,2.1666666666666665,4.0,8.0,3.0,0.0,3.0,3.0,0,0,0,0,0,24,3,0,9,0,55430,exact_all,2,2,2,19,76,12926,exact,2,2,44,467,0.0576,0.013823999999999998,0.0033177599999999995,0.0007962623999999999,0.1152,0.027647999999999995,0.06303743999999999,0.06051594239999999,0.0004173913043478261,1.3660079051383396e-05,5.932377188029361e-06,1.4237705251270466e-06,0.1152,0.6082559999999999,1.5493939199999998,0.26640138239999994,0.2361793211823007,0.0004384075311123659,0.00043831145860894497,2.2728499199999996,1.1856611405111037
code_n24_k12_cw3_019_q02,code_n24_k12_cw3_019,q02,train,0.3,24,12,12,0.5,0.19999999999999996,3,0.25,6.0,2.1666666666666665,4.0,8.0,3.0,0.0,3.0,3.0,0,0,0,0,0,24,3,0,9,0,55430,exact_all,2,2,2,19,76,12926,exact,2,2,44,467,0.09,0.026999999999999996,0.0081,0.0024299999999999994,0.18,0.05399999999999999,0.15389999999999998,0.18467999999999996,0.0006521739130434782,2.6679841897233196e-05,1.4483342744212308e-05,4.345002823263692e-06,0.18,1.1879999999999997,3.7826999999999997,0.5725799999999999,0.45271758270221546,0.0006976821005081873,0.000697438833493621,5.1507,1.8165658964795035
code_n24_k12_cw3_019_q03,code_n24_k12_cw3_019,q03,train,0.36,24,12,12,0.5,0.14,3,0.25,6.0,2.1666666666666665,4.0,8.0,3.0,0.0,3.0,3.0,0,0,0,0,0,24,3,0,9,0,55430,exact_all,2,2,2,19,76,12926,exact,2,2,44,467,0.1296,0.046655999999999996,0.016796159999999997,0.006046617599999999,0.2592,0.09331199999999999,0.31912704,0.4595429375999999,0.0009391304347826086,4.6102766798418964e-05,3.003265951439864e-05,1.081175742518351e-05,0.2592,2.052864,7.843806719999999,1.1311819775999998,0.7566767448717204,0.0010260776185206095,0.001025551560701012,10.15587072,2.411965881315164
code_n24_k12_cw3_020_q00,code_n24_k12_cw3_020,q00,train,0.18,24,12,12,0.5,0.32000000000000006,3,0.25,6.0,3.0,3.0,8.0,3.0,0.0,3.0,3.0,0,0,0,0,2,24,0,0,10,0,55430,exact_all,3,0,3,7,87,12926,exact,4,0,0,5,0.0324,0.0058319999999999995,0.0010497599999999998,0.00018895679999999997,0.0,0.017495999999999998,0.0073483199999999985,0.016439241599999998,0.0,8.644268774703556e-06,6.915415019762845e-07,3.8676928289102197e-07,0.0,0.0,0.0052488,0.04128356159999999,0.04045414600828623,9.722579559570861e-06,9.722532295600566e-06,0.0052488,0.005235073061631587
code_n24_k12_cw3_020_q01,code_n24_k12_cw3_020,q01,train,0.24,24,12,12,0.5,0.26,3,0.25,6.0,3.0,3.0,8.0,3.0,0.0,3.0,3.0,0,0,0,0,2,24,0,0,10,0,55430,exact_all,3,0,3,7,87,12926,exact,4,0,0,5,0.0576,0.013823999999999998,0.0033177599999999995,0.0007962623999999999,0.0,0.041471999999999995,0.023224319999999996,0.0692748288,0.0,2.0490118577075095e-05,2.1856126482213437e-06,1.6298425748164876e-06,0.0,0.0,0.016588799999999997,0.1339711488,0.12572576300659913,2.4305573800112925e-05,2.4305278424440223e-05,0.016588799999999997,0.01645270885409976
code_n24_k12_cw3_020_q02,code_n24_k12_cw3_020,q02,train,0.3,24,12,12,0.5,0.19999999999999996,3,0.25,6.0,3.0,3.0,8.0,3.0,0.0,3.0,3.0,0,0,0,0,2,24,0,0,10,0,55430,exact_all,3,0,3,7,87,12926,exact,4,0,0,5,0.09,0.026999999999999996,0.0081,0.0024299999999999994,0.0,0.08099999999999999,0.0567,0.21140999999999996,0.0,4.001976284584979e-05,5.3359683794466405e-06,4.973884810841331e-06,0.0,0.0,0.040499999999999994,0.3491099999999999,0.29944511578413635,5.032961603613776e-05,5.032834954350714e-05,0.040499999999999994,0.03970136685155206
code_n24_k12_cw3_020_q03,code_n24_k12_cw3_020,q03,train,0.36,24,12,12,0.5,0.14,3,0.25,6.0,3.0,3.0,8.0,3.0,0.0,3.0,3.0,0,0,0,0,2,24,0,0,10,0,55430,exact_all,3,0,3,7,87,12926,exact,4,0,0,5,0.1296,0.046655999999999996,0.016796159999999997,0.006046617599999999,0.0,0.13996799999999998,0.11757311999999998,0.5260557311999999,0.0,6.915415019762845e-05,1.1064664031620552e-05,1.2376617052512703e-05,0.0,0.0,0.0839808,0.7835968511999999,0.578632028351371,9.25954312817617e-05,9.259114458943128e-05,0.0839808,0.08064019068347023
code_n24_k12_cw3_021_q00,code_n24_k12_cw3_021,q00,validation,0.18,24,12,12,0.5,0.32000000000000006,3,0.25,6.0,5.0,3.0,10.0,3.0,0.0,3.0,3.0,0,0,0,0,3,24,0,0,9,0,55430,exact_all,3,0,2,15,96,12926,exact,4,0,0,8,0.0324,0.0058319999999999995,0.0010497599999999998,0.00018895679999999997,0.0,0.011663999999999999,0.015746399999999997,0.018139852799999998,0.0,5.7628458498023705e-06,1.4818746470920382e-06,4.26779898362507e-07,0.0,0.0,0.008398079999999999,0.045550252799999996,0.04454330453726191,7.671500395256916e-06,7.671470969448252e-06,0.008398079999999999,0.008363012323468396
code_n24_k12_cw3_021_q01,code_n24_k12_cw3_021,q01,validation,0.24,24,12,12,0.5,0.26,3,0.25,6.0,5.0,3.0,10.0,3.0,0.0,3.0,3.0,0,0,0,0,3,24,0,0,9,0,55430,exact_all,3,0,2,15,96,12926,exact,4,0,0,8,0.0576,0.013823999999999998,0.0033177599999999995,0.0007962623999999999,0.0,0.027647999999999995,0.04976639999999999,0.07644119039999998,0.0,1.3660079051383396e-05,4.6834556747600216e-06,1.7984469791078483e-06,0.0,0.0,0.026542079999999996,0.15385559039999996,0.14310902195389746,2.0141981705251266e-05,2.0141778858261583e-05,0.026542079999999996,0.02619595030443698
code_n24_k12_cw3_021_q02,code_n24_k12_cw3_021,q02,validation,0.3,24,12,12,0.5,0.19999999999999996,3,0.25,6.0,5.0,3.0,10.0,3.0,0.0,3.0,3.0,0,0,0,0,3,24,0,0,9,0,55430,exact_all,3,0,2,15,96,12926,exact,4,0,0,8,0.09,0.026999999999999996,0.0081,0.0024299999999999994,0.0,0.05399999999999999,0.1215,0.23327999999999993,0.0,2.6679841897233196e-05,1.1434217955957084e-05,5.4884246188594e-06,0.0,0.0,0.0648,0.4087799999999999,0.34272408161981516,4.3602484472049684e-05,4.360153391135472e-05,0.0648,0.06278698809876482
code_n24_k12_cw3_021_q03,code_n24_k12_cw3_021,q03,validation,0.36,24,12,12,0.5,0.14,3,0.25,6.0,5.0,3.0,10.0,3.0,0.0,3.0,3.0,0,0,0,0,3,24,0,0,9,0,55430,exact_all,3,0,2,15,96,12926,exact,4,0,0,8,0.1296,0.046655999999999996,0.016796159999999997,0.006046617599999999,0.0,0.09331199999999999,0.25194239999999996,0.5804752895999999,0.0,4.6102766798418964e-05,2.370999435347261e-05,1.3656956747600223e-05,0.0,0.0,0.13436927999999998,0.9257296895999999,0.6553049554473005,8.346971789949179e-05,8.346623449642644e-05,0.13436927999999998,0.12607679603412303
code_n24_k12_cw3_022_q00,code_n24_k12_cw3_022,q00,validation,0.18,24,12,12,0.5,0.32000000000000006,3,0.25,6.0,5.166666666666667,2.0,11.0,3.0,0.0,3.0,3.0,0,0,1,0,0,24,2,0,9,0,55430,exact_all,2,1,1,22,108,12926,exact,2,1,22,247,0.0324,0.0058319999999999995,0.0010497599999999998,0.00018895679999999997,0.0324,0.0058319999999999995,0.023094719999999996,0.020407334399999998,0.00011739130434782608,2.8814229249011852e-06,2.1734161490683228e-06,4.801273856578204e-07,0.0324,0.128304,0.25929072,0.08173405439999998,0.07856535945493504,0.0001229262708074534,0.00012291871599254324,0.41999472,0.3506531532963973
code_n24_k12_cw3_022_q01,code_n24_k12_cw3_022,q01,validation,0.24,24,12,12,0.5,0.26,3,0.25,6.0,5.166666666666667,2.0,11.0,3.0,0.0,3.0,3.0,0,0,1,0,0,24,2,0,9,0,55430,exact_all,2,1,1,22,108,12926,exact,2,1,22,247,0.0576,0.013823999999999998,0.0033177599999999995,0.0007962623999999999,0.0576,0.013823999999999998,0.07299071999999998,0.08599633919999998,0.00020869565217391305,6.830039525691698e-06,6.869068322981366e-06,2.0232528514963295e-06,0.0576,0.30412799999999995,0.8194867199999999,0.2304110592,0.2073483080253369,0.00022441801287408246,0.00022439283491868534,1.1812147199999998,0.7798819326257618
code_n24_k12_cw3_022_q02,code_n24_k12_cw3_022,q02,validation,0.3,24,12,12,0.5,0.19999999999999996,3,0.25,6.0,5.166666666666667,2.0,11.0,3.0,0.0,3.0,3.0,0,0,1,0,0,24,2,0,9,0,55430,exact_all,2,1,1,22,108,12926,exact,2,1,22,247,0.09,0.026999999999999996,0.0081,0.0024299999999999994,0.09,0.026999999999999996,0.1782,0.26243999999999995,0.0003260869565217391,1.3339920948616598e-05,1.6770186335403728e-05,6.174477696216825e-06,0.09,0.5939999999999999,2.0006999999999997,0.5576399999999999,0.44317185528026865,0.0003623715415019763,0.00036230590079200245,2.6846999999999994,1.3041891112010469
code_n24_k12_cw3_022_q03,code_n24_k12_cw3_022,q03,validation,0.36,24,12,12,0.5,0.14,3,0.25,6.0,5.166666666666667,2.0,11.0,3.0,0.0,3.0,3.0,0,0,1,0,0,24,2,0,9,0,55430,exact_all,2,1,1,22,108,12926,exact,2,1,22,247,0.1296,0.046655999999999996,0.016796159999999997,0.006046617599999999,0.1296,0.046655999999999996,0.36951551999999993,0.6530347007999999,0.0004695652173913043,2.3051383399209482e-05,3.4774658385093165e-05,1.5364076341050252e-05,0.1296,1.026432,4.14865152,1.1988062207999999,0.7879145861799185,0.0005427553355166572,0.0005426080971134183,5.304683519999999,1.8412927730738002
code_n24_k12_cw3_023_q00,code_n24_k12_cw3_023,q00,train,0.18,24,12,12,0.5,0.32000000000000006,3,0.25,6.0,5.666666666666667,1.0,10.0,3.0,0.0,3.0,3.0,1,0,0,0,1,24,0,0,10,0,55430,exact_all,2,1,0,14,92,12926,exact,2,1,22,242,0.0324,0.0058319999999999995,0.0010497599999999998,0.00018895679999999997,0.0324,0.0,0.014696639999999997,0.0173840256,0.00011739130434782608,0.0,1.383083003952569e-06,4.089974025974025e-07,0.0324,0.128304,0.25404192,0.06448066559999999,0.06248704229307258,0.00011918338475437605,0.00011917628297904544,0.41474592,0.34694995313458826
code_n24_k12_cw3_023_q01,code_n24_k12_cw3_023,q01,train,0.24,24,12,12,0.5,0.26,3,0.25,6.0,5.666666666666667,1.0,10.0,3.0,0.0,3.0,3.0,1,0,0,0,1,24,0,0,10,0,55430,exact_all,2,1,0,14,92,12926,exact,2,1,22,242,0.0576,0.013823999999999998,0.0033177599999999995,0.0007962623999999999,0.0576,0.0,0.04644863999999999,0.0732561408,0.00020869565217391305,0.0,4.371225296442687e-06,1.723511688311688e-06,0.0576,0.30412799999999995,0.8028979199999998,0.1773047808,0.1632277419108929,0.00021479038915866744,0.0002147673250056098,1.1646259199999998,0.7722475613059678
code_n24_k12_cw3_023_q02,code_n24_k12_cw3_023,q02,train,0.3,24,12,12,0.5,0.19999999999999996,3,0.25,6.0,5.666666666666667,1.0,10.0,3.0,0.0,3.0,3.0,1,0,0,0,1,24,0,0,10,0,55430,exact_all,2,1,0,14,92,12926,exact,2,1,22,242,0.09,0.026999999999999996,0.0081,0.0024299999999999994,0.09,0.0,0.1134,0.22355999999999995,0.0003260869565217391,0.0,1.0671936758893281e-05,5.259740259740259e-06,0.09,0.5939999999999999,1.9602,0.42695999999999995,0.35554630726791087,0.00034201863354037265,0.00034196015850018383,2.6441999999999997,1.2931368626336412
code_n24_k12_cw3_023_q03,code_n24_k12_cw3_023,q03,train,0.36,24,12,12,0.5,0.14,3,0.25,6.0,5.666666666666667,1.0,10.0,3.0,0.0,3.0,3.0,1,0,0,0,1,24,0,0,10,0,55430,exact_all,2,1,0,14,92,12926,exact,2,1,22,242,0.1296,0.046655999999999996,0.016796159999999997,0.006046617599999999,0.1296,0.0,0.23514623999999995,0.5562888192,0.0004695652173913043,0.0,2.2129328063241104e-05,1.308791688311688e-05,0.1296,1.026432,4.06467072,0.9210350591999998,0.6528641341144154,0.0005047824623376624,0.0005046551025280503,5.220702719999999,1.8278828778615732
code_n24_k12_cw3_024_q00,code_n24_k12_cw3_024,q00,train,0.18,24,12,12,0.5,0.32000000000000006,3,0.25,6.0,4.833333333333333,2.0,9.0,3.0,0.0,3.0,3.0,0,0,2,0,0,24,0,0,10,0,55430,exact_all,2,2,1,30,144,12926,exact,2,2,44,479,0.0324,0.0058319999999999995,0.0010497599999999998,0.00018895679999999997,0.0648,0.0058319999999999995,0.031492799999999994,0.027209779199999996,0.00023478260869565215,2.8814229249011852e-06,2.9637492941840763e-06,6.401698475437606e-07,0.0648,0.256608,0.5028350399999999,0.1293345792,0.12162859130881112,0.0002412679507622812,0.00024123885033082223,0.8242430399999999,0.6011651283897663
code_n24_k12_cw3_024_q01,code_n24_k12_cw3_024,q01,train,0.24,24,12,12,0.5,0.26,3,0.25,6.0,4.833333333333333,2.0,9.0,3.0,0.0,3.0,3.0,0,0,2,0,0,24,0,0,10,0,55430,exact_all,2,2,1,30,144,12926,exact,2,2,44,479,0.0576,0.013823999999999998,0.0033177599999999995,0.0007962623999999999,0.1152,0.013823999999999998,0.09953279999999998,0.11466178559999998,0.0004173913043478261,6.830039525691698e-06,9.366911349520043e-06,2.697670468661773e-06,0.1152,0.6082559999999999,1.5892070399999998,0.34321858559999996,0.2950686634930898,0.00043628592569169963,0.00043619078065984095,2.3126630399999994,1.197752409723736
code_n24_k12_cw3_024_q02,code_n24_k12_cw3_024,q02,train,0.3,24,12,12,0.5,0.19999999999999996,3,0.25,6.0,4.833333333333333,2.0,9.0,3.0,0.0,3.0,3.0,0,0,2,0,0,24,0,0,10,0,55430,exact_all,2,2,1,30,144,12926,exact,2,2,44,479,0.09,0.026999999999999996,0.0081,0.0024299999999999994,0.18,0.026999999999999996,0.243,0.3499199999999999,0.0006521739130434782,1.3339920948616598e-05,2.286843591191417e-05,8.2326369282891e-06,0.18,1.1879999999999997,3.8798999999999997,0.7999199999999999,0.587742219469991,0.0006966149068322982,0.0006963723832918941,5.2479,1.8322454072876626
code_n24_k12_cw3_024_q03,code_n24_k12_cw3_024,q03,train,0.36,24,12,12,0.5,0.14,3,0.25,6.0,4.833333333333333,2.0,9.0,3.0,0.0,3.0,3.0,0,0,2,0,0,24,0,0,10,0,55430,exact_all,2,2,1,30,144,12926,exact,2,2,44,479,0.1296,0.046655999999999996,0.016796159999999997,0.006046617599999999,0.2592,0.046655999999999996,0.5038847999999999,0.8707129343999999,0.0009391304347826086,2.3051383399209482e-05,4.741998870694522e-05,2.0485435121400338e-05,0.2592,2.052864,8.045360639999998,1.6804537344,0.9859860840730778,0.0010300872420101635,0.0010295570662007428,10.357424639999998,2.4298716833663656
code_n24_k12_cw3_025_q00,code_n24_k12_cw3_025,q00,test,0.18,24,12,12,0.5,0.32000000000000006,3,0.25,6.0,2.8333333333333335,3.0,9.0,3.0,0.0,3.0,3.0,0,0,0,0,1,24,0,0,11,0,55430,exact_all,4,0,0,14,55,12926,exact,4,0,0,6,0.0324,0.0058319999999999995,0.0010497599999999998,0.00018895679999999997,0.0,0.0,0.014696639999999997,0.010392623999999998,0.0,0.0,1.383083003952569e-06,2.4450931677018627e-07,0.0,0.0,0.006298559999999999,0.025089263999999993,0.024779695627802016,1.6275923207227554e-06,1.6275909961958114e-06,0.006298559999999999,0.006278806971330837
code_n24_k12_cw3_025_q01,code_n24_k12_cw3_025,q01,test,0.24,24,12,12,0.5,0.26,3,0.25,6.0,2.8333333333333335,3.0,9.0,3.0,0.0,3.0,3.0,0,0,0,0,1,24,0,0,11,0,55430,exact_all,4,0,0,14,55,12926,exact,4,0,0,6,0.0576,0.013823999999999998,0.0033177599999999995,0.0007962623999999999,0.0,0.0,0.04644863999999999,0.043794431999999994,0.0,0.0,4.371225296442687e-06,1.0303602484472047e-06,0.0,0.0,0.019906559999999997,0.09024307199999998,0.08640067321470152,5.401585544889892e-06,5.401570956379227e-06,0.019906559999999997,0.019711015256787718
code_n24_k12_cw3_025_q02,code_n24_k12_cw3_025,q02,test,0.3,24,12,12,0.5,0.19999999999999996,3,0.25,6.0,2.8333333333333335,3.0,9.0,3.0,0.0,3.0,3.0,0,0,0,0,1,24,0,0,11,0,55430,exact_all,4,0,0,14,55,12926,exact,4,0,0,6,0.09,0.026999999999999996,0.0081,0.0024299999999999994,0.0,0.0,0.1134,0.13364999999999996,0.0,0.0,1.0671936758893281e-05,3.144409937888198e-06,0.0,0.0,0.0486,0.24704999999999996,0.2207807621250213,1.3816346696781479e-05,1.3816251251942587e-05,0.0486,0.04745594115629535
code_n24_k12_cw3_025_q03,code_n24_k12_cw3_025,q03,test,0.36,24,12,12,0.5,0.14,3,0.25,6.0,2.8333333333333335,3.0,9.0,3.0,0.0,3.0,3.0,0,0,0,0,1,24,0,0,11,0,55430,exact_all,4,0,0,14,55,12926,exact,4,0,0,6,0.1296,0.046655999999999996,0.016796159999999997,0.006046617599999999,0.0,0.0,0.23514623999999995,0.33256396799999993,0.0,0.0,2.2129328063241104e-05,7.82429813664596e-06,0.0,0.0,0.10077695999999998,0.5677102079999998,0.44961608852104357,2.9953626199887065e-05,2.995317759898393e-05,0.10077695999999998,0.09601625774534364
code_n24_k12_cw3_026_q00,code_n24_k12_cw3_026,q00,train,0.18,24,12,12,0.5,0.32000000000000006,3,0.25,6.0,4.333333333333333,3.0,10.0,3.0,0.0,3.0,3.0,0,0,0,0,3,24,0,0,9,0,55430,exact_all,3,0,3,12,76,12926,exact,4,0,0,6,0.0324,0.0058319999999999995,0.0010497599999999998,0.00018895679999999997,0.0,0.017495999999999998,0.012597119999999998,0.014360716799999998,0.0,8.644268774703556e-06,1.1854997176736305e-06,3.378674195369847e-07,0.0,0.0,0.006298559999999999,0.04445383679999999,0.04349410458015598,1.0167635911914172e-05,1.016758422185453e-05,0.006298559999999999,0.006278806971330837
code_n24_k12_cw3_026_q01,code_n24_k12_cw3_026,q01,train,0.24,24,12,12,0.5,0.26,3,0.25,6.0,4.333333333333333,3.0,10.0,3.0,0.0,3.0,3.0,0,0,0,0,3,24,0,0,9,0,55430,exact_all,3,0,3,12,76,12926,exact,4,0,0,6,0.0576,0.013823999999999998,0.0033177599999999995,0.0007962623999999999,0.0,0.041471999999999995,0.039813119999999994,0.06051594239999999,0.0,2.0490118577075095e-05,3.7467645398080174e-06,1.4237705251270466e-06,0.0,0.0,0.019906559999999997,0.14180106239999998,0.13260689500826497,2.566065364201016e-05,2.566032441306963e-05,0.019906559999999997,0.019711015256787718
code_n24_k12_cw3_026_q02,code_n24_k12_cw3_026,q02,train,0.3,24,12,12,0.5,0.19999999999999996,3,0.25,6.0,4.333333333333333,3.0,10.0,3.0,0.0,3.0,3.0,0,0,0,0,3,24,0,0,9,0,55430,exact_all,3,0,3,12,76,12926,exact,4,0,0,6,0.09,0.026999999999999996,0.0081,0.0024299999999999994,0.0,0.08099999999999999,0.0972,0.18467999999999996,0.0,4.001976284584979e-05,9.147374364765667e-06,4.345002823263692e-06,0.0,0.0,0.0486,0.3628799999999999,0.3096001077527116,5.351214003387915e-05,5.3510708310389814e-05,0.0486,0.04745594115629535
code_n24_k12_cw3_026_q03,code_n24_k12_cw3_026,q03,train,0.36,24,12,12,0.5,0.14,3,0.25,6.0,4.333333333333333,3.0,10.0,3.0,0.0,3.0,3.0,0,0,0,0,3,24,0,0,9,0,55430,exact_all,3,0,3,12,76,12926,exact,4,0,0,6,0.1296,0.046655999999999996,0.016796159999999997,0.006046617599999999,0.0,0.13996799999999998,0.20155391999999997,0.4595429375999999,0.0,6.915415019762845e-05,1.896799548277809e-05,1.081175742518351e-05,0.0,0.0,0.10077695999999998,0.8010648575999999,0.5883780775387397,9.893390310559005e-05,9.892900946975987e-05,0.10077695999999998,0.09601625774534364
code_n24_k12_cw3_027_q00,code_n24_k12_cw3_027,q00,train,0.18,24,12,12,0.5,0.32000000000000006,3,0.25,6.0,3.5,4.0,10.0,3.0,0.0,3.0,3.0,0,0,0,0,0,24,4,0,8,0,55430,exact_all,3,0,1,15,61,12926,exact,4,0,0,10,0.0324,0.0058319999999999995,0.0010497599999999998,0.00018895679999999997,0.0,0.0058319999999999995,0.015746399999999997,0.011526364799999998,0.0,2.8814229249011852e-06,1.4818746470920382e-06,2.71183060417843e-07,0.0,0.0,0.0104976,0.03310476479999999,0.03256860300085155,4.634480632411066e-06,4.6344698932388804e-06,0.0104976,0.010442882796867616
code_n24_k12_cw3_027_q01,code_n24_k12_cw3_027,q01,train,0.24,24,12,12,0.5,0.26,3,0.25,6.0,3.5,4.0,10.0,3.0,0.0,3.0,3.0,0,0,0,0,0,24,4,0,8,0,55430,exact_all,3,0,1,15,61,12926,exact,4,0,0,10,0.0576,0.013823999999999998,0.0033177599999999995,0.0007962623999999999,0.0,0.013823999999999998,0.04976639999999999,0.04857200639999999,0.0,6.830039525691698e-06,4.6834556747600216e-06,1.1427631846414453e-06,0.0,0.0,0.033177599999999995,0.11216240639999998,0.1063062340851486,1.2656258385093165e-05,1.2656178295330767e-05,0.033177599999999995,0.0326391017877269
code_n24_k12_cw3_027_q02,code_n24_k12_cw3_027,q02,train,0.3,24,12,12,0.5,0.19999999999999996,3,0.25,6.0,3.5,4.0,10.0,3.0,0.0,3.0,3.0,0,0,0,0,0,24,4,0,8,0,55430,exact_all,3,0,1,15,61,12926,exact,4,0,0,10,0.09,0.026999999999999996,0.0081,0.0024299999999999994,0.0,0.026999999999999996,0.1215,0.14822999999999997,0.0,1.3339920948616598e-05,1.1434217955957084e-05,3.4874364765669103e-06,0.0,0.0,0.08099999999999999,0.29672999999999994,0.2598457109571162,2.8261575381140593e-05,2.8261176030343252e-05,0.08099999999999999,0.07788653865707122
code_n24_k12_cw3_027_q03,code_n24_k12_cw3_027,q03,train,0.36,24,12,12,0.5,0.14,3,0.25,6.0,3.5,4.0,10.0,3.0,0.0,3.0,3.0,0,0,0,0,0,24,4,0,8,0,55430,exact_all,3,0,1,15,61,12926,exact,4,0,0,10,0.1296,0.046655999999999996,0.016796159999999997,0.006046617599999999,0.0,0.046655999999999996,0.25194239999999996,0.3688436735999999,0.0,2.3051383399209482e-05,2.370999435347261e-05,8.677857933370976e-06,0.0,0.0,0.1679616,0.6674420735999999,0.5112907597334824,5.543923568605307e-05,5.543769898842164e-05,0.1679616,0.15526000715325558
code_n24_k12_cw3_028_q00,code_n24_k12_cw3_028,q00,train,0.18,24,12,12,0.5,0.32000000000000006,3,0.25,6.0,6.0,1.0,10.0,3.0,0.0,3.0,3.0,1,0,0,0,0,24,2,0,9,0,55430,exact_all,2,2,1,17,124,12926,exact,2,2,44,470,0.0324,0.0058319999999999995,0.0010497599999999998,0.00018895679999999997,0.0648,0.0058319999999999995,0.017845919999999998,0.023430643199999997,0.00023478260869565215,2.8814229249011852e-06,1.6794579333709767e-06,5.512573687182383e-07,0.0648,0.256608,0.4933871999999999,0.1119085632,0.10607796510940824,0.00023989474692264257,0.0002398659767789543,0.8147951999999999,0.5959726238846236
code_n24_k12_cw3_028_q01,code_n24_k12_cw3_028,q01,train,0.24,24,12,12,0.5,0.26,3,0.25,6.0,6.0,1.0,10.0,3.0,0.0,3.0,3.0,1,0,0,0,0,24,2,0,9,0,55430,exact_all,2,2,1,17,124,12926,exact,2,2,44,470,0.0576,0.013823999999999998,0.0033177599999999995,0.0007962623999999999,0.1152,0.013823999999999998,0.056401919999999994,0.09873653759999998,0.0004173913043478261,6.830039525691698e-06,5.3079164313946915e-06,2.322994014680971e-06,0.1152,0.6082559999999999,1.5593471999999997,0.2841624576,0.2501067218747979,0.00043185225431959347,0.00043175903297241336,2.2828031999999996,1.1886976915505731
code_n24_k12_cw3_028_q02,code_n24_k12_cw3_028,q02,train,0.3,24,12,12,0.5,0.19999999999999996,3,0.25,6.0,6.0,1.0,10.0,3.0,0.0,3.0,3.0,1,0,0,0,0,24,2,0,9,0,55430,exact_all,2,2,1,17,124,12926,exact,2,2,44,470,0.09,0.026999999999999996,0.0081,0.0024299999999999994,0.18,0.026999999999999996,0.1377,0.3013199999999999,0.0006521739130434782,1.3339920948616598e-05,1.2958780350084698e-05,7.089215132693392e-06,0.18,1.1879999999999997,3.807,0.6460199999999999,0.498360252849346,0.0006855618294748729,0.0006853269393122119,5.175,1.820508882514041
code_n24_k12_cw3_028_q03,code_n24_k12_cw3_028,q03,train,0.36,24,12,12,0.5,0.14,3,0.25,6.0,6.0,1.0,10.0,3.0,0.0,3.0,3.0,1,0,0,0,0,24,2,0,9,0,55430,exact_all,2,2,1,17,124,12926,exact,2,2,44,470,0.1296,0.046655999999999996,0.016796159999999997,0.006046617599999999,0.2592,0.046655999999999996,0.28553471999999996,0.7497805823999999,0.0009391304347826086,2.3051383399209482e-05,2.6871326933935627e-05,1.7640235798983624e-05,0.2592,2.052864,7.894195199999999,1.3411713023999998,0.8506513607141514,0.0010066933809147374,0.00100618700494821,10.206259199999998,2.4164724793414094
code_n24_k12_cw3_029_q00,code_n24_k12_cw3_029,q00,train,0.18,24,12,12,0.5,0.32000000000000006,3,0.25,6.0,2.8333333333333335,3.0,10.0,3.0,0.0,3.0,3.0,0,0,0,0,1,24,1,0,10,0,55430,exact_all,3,0,2,10,75,12926,exact,4,0,0,5,0.0324,0.0058319999999999995,0.0010497599999999998,0.00018895679999999997,0.0,0.011663999999999999,0.0104976,0.014171759999999999,0.0,5.7628458498023705e-06,9.87916431394692e-07,3.334217955957086e-07,0.0,0.0,0.0052488,0.036333359999999995,0.03568886814025327,7.084184076792771e-06,7.084158984079262e-06,0.0052488,0.005235073061631587
code_n24_k12_cw3_029_q01,code_n24_k12_cw3_029,q01,train,0.24,24,12,12,0.5,0.26,3,0.25,6.0,2.8333333333333335,3.0,10.0,3.0,0.0,3.0,3.0,0,0,0,0,1,24,1,0,10,0,55430,exact_all,3,0,2,10,75,12926,exact,4,0,0,5,0.0576,0.013823999999999998,0.0033177599999999995,0.0007962623999999999,0.0,0.027647999999999995,0.033177599999999995,0.05971967999999999,0.0,1.3660079051383396e-05,3.122303783173348e-06,1.4050367024280066e-06,0.0,0.0,0.016588799999999997,0.12054527999999998,0.11381542397337405,1.818741953698475e-05,1.8187254147875373e-05,0.016588799999999997,0.01645270885409976
code_n24_k12_cw3_029_q02,code_n24_k12_cw3_029,q02,train,0.3,24,12,12,0.5,0.19999999999999996,3,0.25,6.0,2.8333333333333335,3.0,10.0,3.0,0.0,3.0,3.0,0,0,0,0,1,24,1,0,10,0,55430,exact_all,3,0,2,10,75,12926,exact,4,0,0,5,0.09,0.026999999999999996,0.0081,0.0024299999999999994,0.0,0.05399999999999999,0.08099999999999999,0.18224999999999997,0.0,2.6679841897233196e-05,7.622811970638057e-06,4.287831733483907e-06,0.0,0.0,0.040499999999999994,0.3172499999999999,0.27554623010725804,3.8590485601355156e-05,3.8589741007721776e-05,0.040499999999999994,0.03970136685155206
code_n24_k12_cw3_029_q03,code_n24_k12_cw3_029,q03,train,0.36,24,12,12,0.5,0.14,3,0.25,6.0,2.8333333333333335,3.0,10.0,3.0,0.0,3.0,3.0,0,0,0,0,1,24,1,0,10,0,55430,exact_all,3,0,2,10,75,12926,exact,4,0,0,5,0.1296,0.046655999999999996,0.016796159999999997,0.006046617599999999,0.0,0.09331199999999999,0.1679616,0.45349631999999995,0.0,4.6102766798418964e-05,1.5806662902315073e-05,1.0669497459062676e-05,0.0,0.0,0.0839808,0.71476992,0.5392789141835873,7.257892715979671e-05,7.25762934368973e-05,0.0839808,0.08064019068347023
code_n24_k12_cw3_030_q00,code_n24_k12_cw3_030,q00,test,0.18,24,12,12,0.5,0.32000000000000006,3,0.25,6.0,6.166666666666667,2.0,11.0,3.0,0.0,3.0,3.0,0,0,2,0,0,24,0,0,10,0,55430,exact_all,3,0,3,22,125,12926,exact,4,0,0,17,0.0324,0.0058319999999999995,0.0010497599999999998,0.00018895679999999997,0.0,0.017495999999999998,0.023094719999999996,0.023619599999999998,0.0,8.644268774703556e-06,2.1734161490683228e-06,5.557029926595143e-07,0.0,0.0,0.017845919999999998,0.06421031999999999,0.06223304055840813,1.1373387916431393e-05,1.1373323239945438e-05,0.017845919999999998,0.017688551073702236
code_n24_k12_cw3_030_q01,code_n24_k12_cw3_030,q01,test,0.24,24,12,12,0.5,0.26,3,0.25,6.0,6.166666666666667,2.0,11.0,3.0,0.0,3.0,3.0,0,0,2,0,0,24,0,0,10,0,55430,exact_all,3,0,3,22,125,12926,exact,4,0,0,17,0.0576,0.013823999999999998,0.0033177599999999995,0.0007962623999999999,0.0,0.041471999999999995,0.07299071999999998,0.09953279999999998,0.0,2.0490118577075095e-05,6.869068322981366e-06,2.341727837380011e-06,0.0,0.0,0.056401919999999994,0.21399551999999994,0.19391700235043147,2.970091473743647e-05,2.9700473674001654e-05,0.056401919999999994,0.05486871893256218
code_n24_k12_cw3_030_q02,code_n24_k12_cw3_030,q02,test,0.3,24,12,12,0.5,0.19999999999999996,3,0.25,6.0,6.166666666666667,2.0,11.0,3.0,0.0,3.0,3.0,0,0,2,0,0,24,0,0,10,0,55430,exact_all,3,0,3,22,125,12926,exact,4,0,0,17,0.09,0.026999999999999996,0.0081,0.0024299999999999994,0.0,0.08099999999999999,0.1782,0.3037499999999999,0.0,4.001976284584979e-05,1.6770186335403728e-05,7.146386222473178e-06,0.0,0.0,0.1377,0.5629499999999998,0.44657506116438034,6.39363354037267e-05,6.393429156335092e-05,0.1377,0.12900868056353376
code_n24_k12_cw3_030_q03,code_n24_k12_cw3_030,q03,test,0.36,24,12,12,0.5,0.14,3,0.25,6.0,6.166666666666667,2.0,11.0,3.0,0.0,3.0,3.0,0,0,2,0,0,24,0,0,10,0,55430,exact_all,3,0,3,22,125,12926,exact,4,0,0,17,0.1296,0.046655999999999996,0.016796159999999997,0.006046617599999999,0.0,0.13996799999999998,0.36951551999999993,0.7558271999999999,0.0,6.915415019762845e-05,3.4774658385093165e-05,1.778249576510446e-05,0.0,0.0,0.28553471999999996,1.2653107199999998,0.8177119327491974,0.00012171130434782606,0.00012170389812796406,0.28553471999999996,0.2511747563050075
code_n24_k12_cw3_031_q00,code_n24_k12_cw3_031,q00,test,0.18,24,12,12,0.5,0.32000000000000006,3,0.25,6.0,2.6666666666666665,4.0,10.0,3.0,0.0,3.0,3.0,0,0,0,0,0,24,2,0,10,0,55430,exact_all,2,1,0,10,64,12926,exact,2,1,22,238,0.0324,0.0058319999999999995,0.0010497599999999998,0.00018895679999999997,0.0324,0.0,0.0104976,0.012093235199999998,0.00011739130434782608,0.0,9.87916431394692e-07,2.8451993224167134e-07,0.0324,0.128304,0.24984287999999996,0.05499083519999999,0.053532079876079476,0.00011866374071146243,0.00011865670072670439,0.41054687999999995,0.343977487348574
code_n24_k12_cw3_031_q01,code_n24_k12_cw3_031,q01,test,0.24,24,12,12,0.5,0.26,3,0.25,6.0,2.6666666666666665,4.0,10.0,3.0,0.0,3.0,3.0,0,0,0,0,0,24,2,0,10,0,55430,exact_all,2,1,0,10,64,12926,exact,2,1,22,238,0.0576,0.013823999999999998,0.0033177599999999995,0.0007962623999999999,0.0576,0.0,0.033177599999999995,0.05096079359999999,0.00020869565217391305,0.0,3.122303783173348e-06,1.1989646527385655e-06,0.0576,0.30412799999999995,0.7896268799999999,0.14173839359999998,0.13255200758352523,0.00021301692060982498,0.000212994235727044,1.15135488,0.7660978204057728
code_n24_k12_cw3_031_q02,code_n24_k12_cw3_031,q02,test,0.3,24,12,12,0.5,0.19999999999999996,3,0.25,6.0,2.6666666666666665,4.0,10.0,3.0,0.0,3.0,3.0,0,0,0,0,0,24,2,0,10,0,55430,exact_all,2,1,0,10,64,12926,exact,2,1,22,238,0.09,0.026999999999999996,0.0081,0.0024299999999999994,0.09,0.0,0.08099999999999999,0.15551999999999996,0.0003260869565217391,0.0,7.622811970638057e-06,3.6589497459062665e-06,0.09,0.5939999999999999,1.9278,0.3265199999999999,0.28255897175301026,0.0003373687182382834,0.0003373118222085279,2.6117999999999997,1.2842062630361057
code_n24_k12_cw3_031_q03,code_n24_k12_cw3_031,q03,test,0.36,24,12,12,0.5,0.14,3,0.25,6.0,2.6666666666666665,4.0,10.0,3.0,0.0,3.0,3.0,0,0,0,0,0,24,2,0,10,0,55430,exact_all,2,1,0,10,64,12926,exact,2,1,22,238,0.1296,0.046655999999999996,0.016796159999999997,0.006046617599999999,0.1296,0.0,0.1679616,0.38698352639999994,0.0004695652173913043,0.0,1.5806662902315073e-05,9.104637831733483e-06,0.1296,1.026432,3.9974860799999994,0.6845451264,0.5214955727012535,0.0004944765181253528,0.0004943543048979186,5.15351808,1.8170239637912096
code_n24_k12_cw3_032_q00,code_n24_k12_cw3_032,q00,test,0.18,24,12,12,0.5,0.32000000000000006,3,0.25,6.0,7.5,2.0,13.0,3.0,0.0,3.0,3.0,0,0,1,0,2,24,0,0,9,0,55430,exact_all,2,5,1,24,105,12926,exact,2,5,108,1113,0.0324,0.0058319999999999995,0.0010497599999999998,0.00018895679999999997,0.16199999999999998,0.0058319999999999995,0.025194239999999996,0.019840464,0.0005869565217391304,2.8814229249011852e-06,2.370999435347261e-06,4.6679051383399205e-07,0.16199999999999998,0.629856,1.1683828799999998,0.212866704,0.1929867343935256,0.0005926757346132129,0.0005925001717145016,1.9602388799999997,1.0852699677823836
code_n24_k12_cw3_032_q01,code_n24_k12_cw3_032,q01,test,0.24,24,12,12,0.5,0.26,3,0.25,6.0,7.5,2.0,13.0,3.0,0.0,3.0,3.0,0,0,1,0,2,24,0,0,9,0,55430,exact_all,2,5,1,24,105,12926,exact,2,5,108,1113,0.0576,0.013823999999999998,0.0033177599999999995,0.0007962623999999999,0.288,0.013823999999999998,0.07962623999999999,0.08360755199999999,0.0010434782608695651,6.830039525691698e-06,7.493529079616035e-06,1.9670513833992093e-06,0.288,1.4929919999999997,3.6926668799999995,0.4650577919999999,0.3818946901551242,0.001059768880858272,0.0010592077222484817,5.4736588799999994,1.8677414633527933
code_n24_k12_cw3_032_q02,code_n24_k12_cw3_032,q02,test,0.3,24,12,12,0.5,0.19999999999999996,3,0.25,6.0,7.5,2.0,13.0,3.0,0.0,3.0,3.0,0,0,1,0,2,24,0,0,9,0,55430,exact_all,2,5,1,24,105,12926,exact,2,5,108,1113,0.09,0.026999999999999996,0.0081,0.0024299999999999994,0.44999999999999996,0.026999999999999996,0.1944,0.25514999999999993,0.0016304347826086956,1.3339920948616598e-05,1.8294748729531335e-05,6.002964426877469e-06,0.44999999999999996,2.9159999999999995,9.0153,0.92655,0.6557308385495132,0.001668072416713721,0.0016666827291051034,12.3813,2.5938582099205703
code_n24_k12_cw3_032_q03,code_n24_k12_cw3_032,q03,test,0.36,24,12,12,0.5,0.14,3,0.25,6.0,7.5,2.0,13.0,3.0,0.0,3.0,3.0,0,0,1,0,2,24,0,0,9,0,55430,exact_all,2,5,1,24,105,12926,exact,2,5,108,1113,0.1296,0.046655999999999996,0.016796159999999997,0.006046617599999999,0.6479999999999999,0.046655999999999996,0.40310783999999994,0.634894848,0.0023478260869565218,2.3051383399209482e-05,3.793599096555618e-05,1.4937296442687746e-05,0.6479999999999999,5.038848,18.694126079999997,1.732658688,1.0052750136732524,0.0024237507577639754,0.0024208182114478206,24.380974079999994,3.2339998413763897
code_n24_k12_cw3_033_q00,code_n24_k12_cw3_033,q00,train,0.18,24,12,12,0.5,0.32000000000000006,3,0.25,6.0,2.8333333333333335,3.0,8.0,3.0,0.0,3.0,3.0,0,0,0,0,2,24,1,0,9,0,55430,exact_all,2,3,4,20,99,12926,exact,2,3,66,699,0.0324,0.0058319999999999995,0.0010497599999999998,0.00018895679999999997,0.0972,0.023327999999999998,0.0209952,0.018706723199999997,0.00035217391304347823,1.1525691699604741e-05,1.975832862789384e-06,4.4011677018633537e-07,0.0972,0.384912,0.7337822399999999,0.16022992319999999,0.1486181951325073,0.0003661155543760587,0.00036604855043010634,1.21589424,0.7956560421143641
code_n24_k12_cw3_033_q01,code_n24_k12_cw3_033,q01,train,0.24,24,12,12,0.5,0.26,3,0.25,6.0,2.8333333333333335,3.0,8.0,3.0,0.0,3.0,3.0,0,0,0,0,2,24,1,0,9,0,55430,exact_all,2,3,4,20,99,12926,exact,2,3,66,699,0.0576,0.013823999999999998,0.0033177599999999995,0.0007962623999999999,0.1728,0.05529599999999999,0.06635519999999999,0.07882997759999999,0.0006260869565217391,2.7320158102766792e-05,6.244607566346696e-06,1.8546484472049687e-06,0.1728,0.9123839999999999,2.3191142399999998,0.37328117759999996,0.31720289649643457,0.0006615063706380575,0.0006612876717406879,3.4042982399999997,1.4825809368218348
code_n24_k12_cw3_033_q02,code_n24_k12_cw3_033,q02,train,0.3,24,12,12,0.5,0.19999999999999996,3,0.25,6.0,2.8333333333333335,3.0,8.0,3.0,0.0,3.0,3.0,0,0,0,0,2,24,1,0,9,0,55430,exact_all,2,3,4,20,99,12926,exact,2,3,66,699,0.09,0.026999999999999996,0.0081,0.0024299999999999994,0.27,0.10799999999999998,0.16199999999999998,0.24056999999999995,0.0009782608695652173,5.335968379446639e-05,1.5245623941276115e-05,5.659937888198756e-06,0.27,1.7819999999999998,5.661899999999999,0.78057,0.5769335377621027,0.0010525261151891586,0.0010519725979377754,7.713899999999999,2.1649194518433115
code_n24_k12_cw3_033_q03,code_n24_k12_cw3_033,q03,train,0.36,24,12,12,0.5,0.14,3,0.25,6.0,2.8333333333333335,3.0,8.0,3.0,0.0,3.0,3.0,0,0,0,0,2,24,1,0,9,0,55430,exact_all,2,3,4,20,99,12926,exact,2,3,66,699,0.1296,0.046655999999999996,0.016796159999999997,0.006046617599999999,0.3888,0.18662399999999998,0.3359232,0.5986151423999999,0.001408695652173913,9.220553359683793e-05,3.1613325804630145e-05,1.4083736645962732e-05,0.3888,3.079296,11.740515839999999,1.5099623423999997,0.9202677500032574,0.0015465982482213438,0.0015454034968589165,15.208611839999998,2.785542696053467
code_n24_k12_cw3_034_q00,code_n24_k12_cw3_034,q00,train,0.18,24,12,12,0.5,0.32000000000000006,3,0.25,6.0,3.5,3.0,9.0,3.0,0.0,3.0,3.0,0,0,0,0,1,24,2,0,9,0,55430,exact_all,2,1,2,13,64,12926,exact,2,1,22,240,0.0324,0.0058319999999999995,0.0010497599999999998,0.00018895679999999997,0.0324,0.011663999999999999,0.013646879999999998,0.012093235199999998,0.00011739130434782608,5.7628458498023705e-06,1.2842913608130997e-06,2.8451993224167134e-07,0.0324,0.128304,0.25194239999999996,0.0698041152,0.06747556180793196,0.00012472296149068323,0.00012471518422878377,0.41264639999999997,0.34546482468528067
code_n24_k12_cw3_034_q01,code_n24_k12_cw3_034,q01,train,0.24,24,12,12,0.5,0.26,3,0.25,6.0,3.5,3.0,9.0,3.0,0.0,3.0,3.0,0,0,0,0,1,24,2,0,9,0,55430,exact_all,2,1,2,13,64,12926,exact,2,1,22,240,0.0576,0.013823999999999998,0.0033177599999999995,0.0007962623999999999,0.0576,0.027647999999999995,0.043130879999999996,0.05096079359999999,0.00020869565217391305,1.3660079051383396e-05,4.058994918125352e-06,1.1989646527385655e-06,0.0576,0.30412799999999995,0.7962623999999998,0.17933967359999997,0.16495468319974693,0.00022761369079616036,0.00022758779073010665,1.1579903999999996,0.7691774182625631
code_n24_k12_cw3_034_q02,code_n24_k12_cw3_034,q02,train,0.3,24,12,12,0.5,0.19999999999999996,3,0.25,6.0,3.5,3.0,9.0,3.0,0.0,3.0,3.0,0,0,0,0,1,24,2,0,9,0,55430,exact_all,2,1,2,13,64,12926,exact,2,1,22,240,0.09,0.026999999999999996,0.0081,0.0024299999999999994,0.09,0.05399999999999999,0.10529999999999999,0.15551999999999996,0.0003260869565217391,2.6679841897233196e-05,9.909655561829474e-06,3.6589497459062665e-06,0.09,0.5939999999999999,1.944,0.40481999999999996,0.3399091806994215,0.000366335403726708,0.00036626831929579754,2.6279999999999997,1.2886815322528902
code_n24_k12_cw3_034_q03,code_n24_k12_cw3_034,q03,train,0.36,24,12,12,0.5,0.14,3,0.25,6.0,3.5,3.0,9.0,3.0,0.0,3.0,3.0,0,0,0,0,1,24,2,0,9,0,55430,exact_all,2,1,2,13,64,12926,exact,2,1,22,240,0.1296,0.046655999999999996,0.016796159999999997,0.006046617599999999,0.1296,0.09331199999999999,0.21835007999999997,0.38698352639999994,0.0004695652173913043,4.6102766798418964e-05,2.0548661773009595e-05,9.104637831733483e-06,0.1296,1.026432,4.031078399999999,0.8282456063999999,0.6033568219936032,0.0005453212837944663,0.0005451726501761155,5.187110399999999,1.8224681602558228
code_n24_k12_cw3_035_q00,code_n24_k12_cw3_035,q00,validation,0.18,24,12,12,0.5,0.32000000000000006,3,0.25,6.0,3.6666666666666665,3.0,9.0,3.0,0.0,3.0,3.0,0,0,0,0,1,24,2,0,9,0,55430,exact_all,2,2,2,14,86,12926,exact,2,2,44,466,0.0324,0.0058319999999999995,0.0010497599999999998,0.00018895679999999997,0.0648,0.011663999999999999,0.014696639999999997,0.016250284799999997,0.00023478260869565215,5.7628458498023705e-06,1.383083003952569e-06,3.8232365894974584e-07,0.0648,0.256608,0.4891881599999999,0.10741092479999999,0.10202479062807009,0.00024231086120835683,0.00024228150867315672,0.81059616,0.5936561612130348
code_n24_k12_cw3_035_q01,code_n24_k12_cw3_035,q01,validation,0.24,24,12,12,0.5,0.26,3,0.25,6.0,3.6666666666666665,3.0,9.0,3.0,0.0,3.0,3.0,0,0,0,0,1,24,2,0,9,0,55430,exact_all,2,2,2,14,86,12926,exact,2,2,44,466,0.0576,0.013823999999999998,0.0033177599999999995,0.0007962623999999999,0.1152,0.027647999999999995,0.04644863999999999,0.06847856639999998,0.0004173913043478261,1.3660079051383396e-05,4.371225296442687e-06,1.6111087521174476e-06,0.1152,0.6082559999999999,1.5460761599999997,0.25777520639999996,0.22934445105510226,0.0004370337174477696,0.00043693824602781677,2.26953216,1.1846469043372336
code_n24_k12_cw3_035_q02,code_n24_k12_cw3_035,q02,validation,0.3,24,12,12,0.5,0.19999999999999996,3,0.25,6.0,3.6666666666666665,3.0,9.0,3.0,0.0,3.0,3.0,0,0,0,0,1,24,2,0,9,0,55430,exact_all,2,2,2,14,86,12926,exact,2,2,44,466,0.09,0.026999999999999996,0.0081,0.0024299999999999994,0.18,0.05399999999999999,0.1134,0.20897999999999994,0.0006521739130434782,2.6679841897233196e-05,1.0671936758893281e-05,4.916713721061546e-06,0.18,1.1879999999999997,3.7746,0.5563799999999999,0.4423626118786451,0.0006944424054206662,0.0006942013918670095,5.1426,1.8152481052969591
code_n24_k12_cw3_035_q03,code_n24_k12_cw3_035,q03,validation,0.36,24,12,12,0.5,0.14,3,0.25,6.0,3.6666666666666665,3.0,9.0,3.0,0.0,3.0,3.0,0,0,0,0,1,24,2,0,9,0,55430,exact_all,2,2,2,14,86,12926,exact,2,2,44,466,0.1296,0.046655999999999996,0.016796159999999997,0.006046617599999999,0.2592,0.09331199999999999,0.23514623999999995,0.5200091135999999,0.0009391304347826086,4.6102766798418964e-05,2.2129328063241104e-05,1.2234357086391867e-05,0.2592,2.052864,7.827010559999999,1.1076673535999997,0.7455818163295531,0.0010195968867306605,0.0010190774508717514,10.13907456,2.410459157439717
code_n24_k12_cw3_036_q00,code_n24_k12_cw3_036,q00,validation,0.18,24,12,12,0.5,0.32000000000000006,3,0.25,6.0,4.333333333333333,2.0,9.0,3.0,0.0,3.0,3.0,0,0,1,0,0,24,2,0,9,0,55430,exact_all,2,2,0,5,86,12926,exact,2,2,44,463,0.0324,0.0058319999999999995,0.0010497599999999998,0.00018895679999999997,0.0648,0.0,0.0052488,0.016250284799999997,0.00023478260869565215,0.0,4.93958215697346e-07,3.8232365894974584e-07,0.0648,0.256608,0.48603887999999995,0.0862990848,0.08277658396434756,0.00023565889057029923,0.0002356311273756236,0.80744688,0.5919152859605596
code_n24_k12_cw3_036_q01,code_n24_k12_cw3_036,q01,validation,0.24,24,12,12,0.5,0.26,3,0.25,6.0,4.333333333333333,2.0,9.0,3.0,0.0,3.0,3.0,0,0,1,0,0,24,2,0,9,0,55430,exact_all,2,2,0,5,86,12926,exact,2,2,44,463,0.0576,0.013823999999999998,0.0033177599999999995,0.0007962623999999999,0.1152,0.0,0.016588799999999997,0.06847856639999998,0.0004173913043478261,0.0,1.561151891586674e-06,1.6111087521174476e-06,0.1152,0.6082559999999999,1.5361228799999997,0.20026736639999998,0.18254433730986588,0.0004205635649915302,0.0004204751529231589,2.2595788799999994,1.1815980091203204
code_n24_k12_cw3_036_q02,code_n24_k12_cw3_036,q02,validation,0.3,24,12,12,0.5,0.19999999999999996,3,0.25,6.0,4.333333333333333,2.0,9.0,3.0,0.0,3.0,3.0,0,0,1,0,0,24,2,0,9,0,55430,exact_all,2,2,0,5,86,12926,exact,2,2,44,463,0.09,0.026999999999999996,0.0081,0.0024299999999999994,0.18,0.0,0.040499999999999994,0.20897999999999994,0.0006521739130434782,0.0,3.8114059853190287e-06,4.916713721061546e-06,0.18,1.1879999999999997,3.7502999999999997,0.4294799999999999,0.35731074177644456,0.0006609020327498587,0.0006606837331792035,5.1183,1.811284280159064
code_n24_k12_cw3_036_q03,code_n24_k12_cw3_036,q03,validation,0.36,24,12,12,0.5,0.14,3,0.25,6.0,4.333333333333333,2.0,9.0,3.0,0.0,3.0,3.0,0,0,1,0,0,24,2,0,9,0,55430,exact_all,2,2,0,5,86,12926,exact,2,2,44,463,0.1296,0.046655999999999996,0.016796159999999997,0.006046617599999999,0.2592,0.0,0.0839808,0.5200091135999999,0.0009391304347826086,0.0,7.903331451157536e-06,1.2234357086391867e-05,0.2592,2.052864,7.776622079999999,0.8631899135999999,0.62229002609116,0.000959268123320158,0.000958808319680438,10.088686079999999,2.4059253164351886
code_n24_k12_cw3_037_q00,code_n24_k12_cw3_037,q00,train,0.18,24,12,12,0.5,0.32000000000000006,3,0.25,6.0,4.166666666666667,1.0,8.0,3.0,0.0,3.0,3.0,1,0,0,0,0,24,2,0,9,0,55430,exact_all,3,0,1,12,106,12926,exact,4,0,0,9,0.0324,0.0058319999999999995,0.0010497599999999998,0.00018895679999999997,0.0,0.0058319999999999995,0.012597119999999998,0.020029420799999996,0.0,2.8814229249011852e-06,1.1854997176736305e-06,4.712361377752682e-07,0.0,0.0,0.009447839999999999,0.038458540799999996,0.03773744134164364,4.538158780350084e-06,4.53814848293868e-06,0.009447839999999999,0.009403488292718807
code_n24_k12_cw3_037_q01,code_n24_k12_cw3_037,q01,train,0.24,24,12,12,0.5,0.26,3,0.25,6.0,4.166666666666667,1.0,8.0,3.0,0.0,3.0,3.0,1,0,0,0,0,24,2,0,9,0,55430,exact_all,3,0,1,12,106,12926,exact,4,0,0,9,0.0576,0.013823999999999998,0.0033177599999999995,0.0007962623999999999,0.0,0.013823999999999998,0.039813119999999994,0.08440381439999999,0.0,6.830039525691698e-06,3.7467645398080174e-06,1.9857852060982495e-06,0.0,0.0,0.029859839999999995,0.13804093439999998,0.12930830553173386,1.2562589271597964e-05,1.2562510362934225e-05,0.029859839999999995,0.029422715312235354
code_n24_k12_cw3_037_q02,code_n24_k12_cw3_037,q02,train,0.3,24,12,12,0.5,0.19999999999999996,3,0.25,6.0,4.166666666666667,1.0,8.0,3.0,0.0,3.0,3.0,1,0,0,0,0,24,2,0,9,0,55430,exact_all,3,0,1,12,106,12926,exact,4,0,0,9,0.09,0.026999999999999996,0.0081,0.0024299999999999994,0.0,0.026999999999999996,0.0972,0.2575799999999999,0.0,1.3339920948616598e-05,9.147374364765667e-06,6.060135516657255e-06,0.0,0.0,0.07289999999999999,0.3817799999999999,0.3233725230931536,2.854743083003952e-05,2.854702335989082e-05,0.07289999999999999,0.07036526266056348
code_n24_k12_cw3_037_q03,code_n24_k12_cw3_037,q03,train,0.36,24,12,12,0.5,0.14,3,0.25,6.0,4.166666666666667,1.0,8.0,3.0,0.0,3.0,3.0,1,0,0,0,0,24,2,0,9,0,55430,exact_all,3,0,1,12,106,12926,exact,4,0,0,9,0.1296,0.046655999999999996,0.016796159999999997,0.006046617599999999,0.0,0.046655999999999996,0.20155391999999997,0.6409414655999999,0.0,2.3051383399209482e-05,1.896799548277809e-05,1.5079556408808582e-05,0.0,0.0,0.15116543999999998,0.8891513855999998,0.6361277259117797,5.7098935290796154e-05,5.7097305208640824e-05,0.15116543999999998,0.14077485529257536
code_n24_k12_cw3_038_q00,code_n24_k12_cw3_038,q00,train,0.18,24,12,12,0.5,0.32000000000000006,3,0.25,6.0,3.3333333333333335,3.0,9.0,3.0,0.0,3.0,3.0,0,0,0,0,1,24,2,0,9,0,55430,exact_all,3,0,1,19,89,12926,exact,4,0,0,7,0.0324,0.0058319999999999995,0.0010497599999999998,0.00018895679999999997,0.0,0.0058319999999999995,0.01994544,0.016817155199999996,0.0,2.8814229249011852e-06,1.877041219649915e-06,3.956605307735742e-07,0.0,0.0,0.0073483199999999985,0.042594595199999995,0.04171240937526271,5.154124675324675e-06,5.15411139286973e-06,0.0073483199999999985,0.007321452636295071
code_n24_k12_cw3_038_q01,code_n24_k12_cw3_038,q01,train,0.24,24,12,12,0.5,0.26,3,0.25,6.0,3.3333333333333335,3.0,9.0,3.0,0.0,3.0,3.0,0,0,0,0,1,24,2,0,9,0,55430,exact_all,3,0,1,19,89,12926,exact,4,0,0,7,0.0576,0.013823999999999998,0.0033177599999999995,0.0007962623999999999,0.0,0.013823999999999998,0.06303743999999999,0.07086735359999999,0.0,6.830039525691698e-06,5.932377188029361e-06,1.6673102202145676e-06,0.0,0.0,0.023224319999999996,0.14772879359999996,0.13778502747900667,1.4429726933935627e-05,1.4429622826427428e-05,0.023224319999999996,0.0229587395692226
code_n24_k12_cw3_038_q02,code_n24_k12_cw3_038,q02,train,0.3,24,12,12,0.5,0.19999999999999996,3,0.25,6.0,3.3333333333333335,3.0,9.0,3.0,0.0,3.0,3.0,0,0,0,0,1,24,2,0,9,0,55430,exact_all,3,0,1,19,89,12926,exact,4,0,0,7,0.09,0.026999999999999996,0.0081,0.0024299999999999994,0.0,0.026999999999999996,0.15389999999999998,0.21626999999999996,0.0,1.3339920948616598e-05,1.4483342744212308e-05,5.088226990400902e-06,0.0,0.0,0.0567,0.3971699999999999,0.334448762205566,3.291149068322981e-05,3.291094911200289e-05,0.0567,0.05515084446484804
code_n24_k12_cw3_038_q03,code_n24_k12_cw3_038,q03,train,0.36,24,12,12,0.5,0.14,3,0.25,6.0,3.3333333333333335,3.0,9.0,3.0,0.0,3.0,3.0,0,0,0,0,1,24,2,0,9,0,55430,exact_all,3,0,1,19,89,12926,exact,4,0,0,7,0.1296,0.046655999999999996,0.016796159999999997,0.006046617599999999,0.0,0.046655999999999996,0.31912704,0.5381489663999999,0.0,2.3051383399209482e-05,3.003265951439864e-05,1.2661136984754374e-05,0.0,0.0,0.11757311999999998,0.9039320063999998,0.6439212248071535,6.57451798983625e-05,6.574301877874418e-05,0.11757311999999998,0.11115947713235992
code_n24_k12_cw3_039_q00,code_n24_k12_cw3_039,q00,train,0.18,24,12,12,0.5,0.32000000000000006,3,0.25,6.0,4.833333333333333,1.0,9.0,3.0,0.0,3.0,3.0,1,0,0,0,0,24,2,0,9,0,55430,exact_all,2,1,2,19,116,12926,exact,2,1,22,244,0.0324,0.0058319999999999995,0.0010497599999999998,0.00018895679999999997,0.0324,0.011663999999999999,0.01994544,0.021918988799999997,0.00011739130434782608,5.7628458498023705e-06,1.877041219649915e-06,5.156923771880293e-07,0.0324,0.128304,0.25614143999999994,0.0859284288,0.0824353158409335,0.00012554688379446638,0.0001255390034440132,0.41684543999999996,0.3484328792477328
code_n24_k12_cw3_039_q01,code_n24_k12_cw3_039,q01,train,0.24,24,12,12,0.5,0.26,3,0.25,6.0,4.833333333333333,1.0,9.0,3.0,0.0,3.0,3.0,1,0,0,0,0,24,2,0,9,0,55430,exact_all,2,1,2,19,116,12926,exact,2,1,22,244,0.0576,0.013823999999999998,0.0033177599999999995,0.0007962623999999999,0.0576,0.027647999999999995,0.06303743999999999,0.09236643839999999,0.00020869565217391305,1.3660079051383396e-05,5.932377188029361e-06,2.1731234330886502e-06,0.0576,0.30412799999999995,0.8095334399999998,0.24065187839999996,0.2156369498677989,0.00023046123184641446,0.00023043467973613208,1.1712614399999999,0.7753083074136438
code_n24_k12_cw3_039_q02,code_n24_k12_cw3_039,q02,train,0.3,24,12,12,0.5,0.19999999999999996,3,0.25,6.0,4.833333333333333,1.0,9.0,3.0,0.0,3.0,3.0,1,0,0,0,0,24,2,0,9,0,55430,exact_all,2,1,2,19,116,12926,exact,2,1,22,244,0.09,0.026999999999999996,0.0081,0.0024299999999999994,0.09,0.05399999999999999,0.15389999999999998,0.2818799999999999,0.0003260869565217391,2.6679841897233196e-05,1.4483342744212308e-05,6.631846414455109e-06,0.09,0.5939999999999999,1.9764,0.5797799999999999,0.457285596837687,0.00037388198757763974,0.00037381211112381133,2.6603999999999997,1.297572431059086
code_n24_k12_cw3_039_q03,code_n24_k12_cw3_039,q03,train,0.36,24,12,12,0.5,0.14,3,0.25,6.0,4.833333333333333,1.0,9.0,3.0,0.0,3.0,3.0,1,0,0,0,0,24,2,0,9,0,55430,exact_all,2,1,2,19,116,12926,exact,2,1,22,244,0.1296,0.046655999999999996,0.016796159999999997,0.006046617599999999,0.1296,0.09331199999999999,0.31912704,0.7014076415999999,0.0004695652173913043,4.6102766798418964e-05,3.003265951439864e-05,1.650215607001694e-05,0.1296,1.026432,4.098263039999999,1.2434466815999998,0.8080133804282913,0.0005622027997741389,0.0005620448229873233,5.254295039999999,1.8332684341301144
code_n32_k16_cw3_000_q00,code_n32_k16_cw3_000,q00,test,0.18,32,16,16,0.5,0.32000000000000006,3,0.1875,6.0,3.625,2.0,10.0,3.0,0.0,3.0,3.0,0,0,1,0,0,32,2,0,13,0,242792,exact_all,4,0,0,7,30,41416,exact,4,0,0,6,0.0324,0.0058319999999999995,0.0010497599999999998,0.00018895679999999997,0.0,0.0,0.0073483199999999985,0.005668703999999999,0.0,0.0,2.0434705228031142e-07,2.8149849038614328e-08,0.0,0.0,0.006298559999999999,0.013017023999999999,0.012933030653469275,2.3249690131892575e-07,2.3249687429152538e-07,0.006298559999999999,0.006278806971330837
code_n32_k16_cw3_000_q01,code_n32_k16_cw3_000,q01,test,0.24,32,16,16,0.5,0.26,3,0.1875,6.0,3.625,2.0,10.0,3.0,0.0,3.0,3.0,0,0,1,0,0,32,2,0,13,0,242792,exact_all,4,0,0,7,30,41416,exact,4,0,0,6,0.0576,0.013823999999999998,0.0033177599999999995,0.0007962623999999999,0.0,0.0,0.023224319999999996,0.023887871999999997,0.0,0.0,6.458375973303669e-07,1.1862323216272047e-07,0.0,0.0,0.019906559999999997,0.047112192,0.046036081830543245,7.644608294930874e-07,7.644605372930564e-07,0.019906559999999997,0.019711015256787718
code_n32_k16_cw3_000_q02,code_n32_k16_cw3_000,q02,test,0.3,32,16,16,0.5,0.19999999999999996,3,0.1875,6.0,3.625,2.0,10.0,3.0,0.0,3.0,3.0,0,0,1,0,0,32,2,0,13,0,242792,exact_all,4,0,0,7,30,41416,exact,4,0,0,6,0.09,0.026999999999999996,0.0081,0.0024299999999999994,0.0,0.0,0.0567,0.07289999999999998,0.0,0.0,1.5767519466073413e-06,3.6200937549658345e-07,0.0,0.0,0.0486,0.1296,0.12186358775684057,1.9387613221039247e-06,1.938759442708622e-06,0.0486,0.04745594115629535
code_n32_k16_cw3_000_q03,code_n32_k16_cw3_000,q03,test,0.36,32,16,16,0.5,0.14,3,0.1875,6.0,3.625,2.0,10.0,3.0,0.0,3.0,3.0,0,0,1,0,0,32,2,0,13,0,242792,exact_all,4,0,0,7,30,41416,exact,4,0,0,6,0.1296,0.046655999999999996,0.016796159999999997,0.006046617599999999,0.0,0.0,0.11757311999999998,0.18139852799999998,0.0,0.0,3.2695528364849827e-06,9.007951692356585e-07,0.0,0.0,0.10077695999999998,0.298971648,0.261572911430256,4.170348005720641e-06,4.1703393098435735e-06,0.10077695999999998,0.09601625774534364
code_n32_k16_cw3_001_q00,code_n32_k16_cw3_001,q00,test,0.18,32,16,16,0.5,0.32000000000000006,3,0.1875,6.0,4.875,2.0,10.0,3.0,0.0,3.0,3.0,0,0,1,0,1,32,1,0,13,0,242792,exact_all,2,1,1,11,48,41416,exact,2,1,30,442,0.0324,0.0058319999999999995,0.0010497599999999998,0.00018895679999999997,0.0324,0.0058319999999999995,0.011547359999999998,0.009069926399999999,6.532258064516129e-05,1.1758064516129031e-06,3.2111679644048935e-07,4.503975846178293e-08,0.0324,0.17495999999999998,0.46399391999999995,0.05884928639999999,0.057182739588519625,6.686454365167647e-05,6.68623083177201e-05,0.6713539199999999,0.5136340285031012
code_n32_k16_cw3_001_q01,code_n32_k16_cw3_001,q01,test,0.24,32,16,16,0.5,0.26,3,0.1875,6.0,4.875,2.0,10.0,3.0,0.0,3.0,3.0,0,0,1,0,1,32,1,0,13,0,242792,exact_all,2,1,1,11,48,41416,exact,2,1,30,442,0.0576,0.013823999999999998,0.0033177599999999995,0.0007962623999999999,0.0576,0.013823999999999998,0.03649535999999999,0.03822059519999999,0.0001161290322580645,2.7870967741935478e-06,1.0148876529477194e-06,1.8979717146035275e-07,0.0576,0.4147199999999999,1.4664499199999999,0.14613995519999998,0.13639973579227238,0.00012012081385666611,0.00012011359992939474,1.9387699199999997,1.0779910992413424
code_n32_k16_cw3_001_q02,code_n32_k16_cw3_001,q02,test,0.3,32,16,16,0.5,0.19999999999999996,3,0.1875,6.0,4.875,2.0,10.0,3.0,0.0,3.0,3.0,0,0,1,0,1,32,1,0,13,0,242792,exact_all,2,1,1,11,48,41416,exact,2,1,30,442,0.09,0.026999999999999996,0.0081,0.0024299999999999994,0.09,0.026999999999999996,0.0891,0.11663999999999997,0.0001814516129032258,5.4435483870967734e-06,2.4777530589543935e-06,5.792150007945334e-07,0.09,0.8099999999999998,3.5801999999999996,0.32273999999999997,0.27970534276596704,0.00018995212935007147,0.00018993409072862936,4.480199999999999,1.7011415966443133
code_n32_k16_cw3_001_q03,code_n32_k16_cw3_001,q03,test,0.36,32,16,16,0.5,0.14,3,0.1875,6.0,4.875,2.0,10.0,3.0,0.0,3.0,3.0,0,0,1,0,1,32,1,0,13,0,242792,exact_all,2,1,1,11,48,41416,exact,2,1,30,442,0.1296,0.046655999999999996,0.016796159999999997,0.006046617599999999,0.1296,0.046655999999999996,0.18475775999999997,0.29023764479999997,0.00026129032258064515,9.406451612903225e-06,5.13786874304783e-06,1.4412722707770537e-06,0.1296,1.3996799999999998,7.423902719999999,0.6512514048,0.5015334276034684,0.00027727591520737327,0.000277237481345155,8.95318272,2.2978923713793495
code_n32_k16_cw3_002_q00,code_n32_k16_cw3_002,q00,train,0.18,32,16,16,0.5,0.32000000000000006,3,0.1875,6.0,2.125,4.0,9.0,3.0,0.0,3.0,3.0,0,0,0,0,0,32,3,0,13,0,242792,exact_all,2,2,0,6,33,41416,exact,2,2,60,873,0.0324,0.0058319999999999995,0.0010497599999999998,0.00018895679999999997,0.0648,0.0,0.006298559999999999,0.006235574399999999,0.00013064516129032258,0.0,1.7515461624026692e-07,3.096483394247576e-08,0.0648,0.34991999999999995,0.9164404799999999,0.07733413439999999,0.07448959555481924,0.00013085128074050533,0.00013084272045841072,1.3311604799999999,0.8463662036726897
code_n32_k16_cw3_002_q01,code_n32_k16_cw3_002,q01,train,0.24,32,16,16,0.5,0.26,3,0.1875,6.0,2.125,4.0,9.0,3.0,0.0,3.0,3.0,0,0,0,0,0,32,3,0,13,0,242792,exact_all,2,2,0,6,33,41416,exact,2,2,60,873,0.0576,0.013823999999999998,0.0033177599999999995,0.0007962623999999999,0.1152,0.0,0.019906559999999997,0.026276659199999997,0.000232258064516129,0.0,5.535750834260288e-07,1.304855553789925e-07,0.1152,0.8294399999999998,2.8964044799999997,0.16138321919999998,0.14961172508270057,0.00023294212515493403,0.0002329149983506667,3.8410444799999994,1.5771304990996056
code_n32_k16_cw3_002_q02,code_n32_k16_cw3_002,q02,train,0.3,32,16,16,0.5,0.19999999999999996,3,0.1875,6.0,2.125,4.0,9.0,3.0,0.0,3.0,3.0,0,0,0,0,0,32,3,0,13,0,242792,exact_all,2,2,0,6,33,41416,exact,2,2,60,873,0.09,0.026999999999999996,0.0081,0.0024299999999999994,0.18,0.0,0.0486,0.08018999999999998,0.0003629032258064516,0.0,1.3515016685205782e-06,3.982103130462418e-07,0.18,1.6199999999999997,7.0713,0.30879,0.2691030462503591,0.00036465293778801844,0.0003645864680639289,8.8713,2.289631557031464
code_n32_k16_cw3_002_q03,code_n32_k16_cw3_002,q03,train,0.36,32,16,16,0.5,0.14,3,0.1875,6.0,2.125,4.0,9.0,3.0,0.0,3.0,3.0,0,0,0,0,0,32,3,0,13,0,242792,exact_all,2,2,0,6,33,41416,exact,2,2,60,873,0.1296,0.046655999999999996,0.016796159999999997,0.006046617599999999,0.2592,0.0,0.10077695999999998,0.19953838079999997,0.0005225806451612903,0.0,2.8024738598442708e-06,9.908746861592244e-07,0.2592,2.7993599999999996,14.663047679999998,0.5595153408,0.4443750940163761,0.0005263739937072938,0.0005262355075115583,17.721607679999998,2.929678347703821
code_n32_k16_cw3_003_q00,code_n32_k16_cw3_003,q00,train,0.18,32,16,16,0.5,0.32000000000000006,3,0.1875,6.0,4.75,2.0,11.0,3.0,0.0,3.0,3.0,0,0,1,0,0,32,3,0,12,0,242792,exact_all,3,0,1,8,33,41416,exact,4,0,0,7,0.0324,0.0058319999999999995,0.0010497599999999998,0.00018895679999999997,0.0,0.0058319999999999995,0.008398079999999999,0.006235574399999999,0.0,1.1758064516129031e-06,2.3353948832035592e-07,3.096483394247576e-08,0.0,0.0,0.0073483199999999985,0.020465654399999998,0.02025904704240734,1.4403107738757349e-06,1.4403097366291682e-06,0.0073483199999999985,0.007321452636295071
code_n32_k16_cw3_003_q01,code_n32_k16_cw3_003,q01,train,0.24,32,16,16,0.5,0.26,3,0.1875,6.0,4.75,2.0,11.0,3.0,0.0,3.0,3.0,0,0,1,0,0,32,3,0,12,0,242792,exact_all,3,0,1,8,33,41416,exact,4,0,0,7,0.0576,0.013823999999999998,0.0033177599999999995,0.0007962623999999999,0.0,0.013823999999999998,0.026542079999999996,0.026276659199999997,0.0,2.7870967741935478e-06,7.381001112347052e-07,1.304855553789925e-07,0.0,0.0,0.023224319999999996,0.0666427392,0.06451608888597009,3.6556824408072455e-06,3.655675758816476e-06,0.023224319999999996,0.0229587395692226
code_n32_k16_cw3_003_q02,code_n32_k16_cw3_003,q02,train,0.3,32,16,16,0.5,0.19999999999999996,3,0.1875,6.0,4.75,2.0,11.0,3.0,0.0,3.0,3.0,0,0,1,0,0,32,3,0,12,0,242792,exact_all,3,0,1,8,33,41416,exact,4,0,0,7,0.09,0.026999999999999996,0.0081,0.0024299999999999994,0.0,0.026999999999999996,0.0648,0.08018999999999998,0.0,5.4435483870967734e-06,1.8020022246941046e-06,3.982103130462418e-07,0.0,0.0,0.0567,0.17198999999999998,0.15870315869521134,7.64376092483712e-06,7.643731711445448e-06,0.0567,0.05515084446484804
code_n32_k16_cw3_003_q03,code_n32_k16_cw3_003,q03,train,0.36,32,16,16,0.5,0.14,3,0.1875,6.0,4.75,2.0,11.0,3.0,0.0,3.0,3.0,0,0,1,0,0,32,3,0,12,0,242792,exact_all,3,0,1,8,33,41416,exact,4,0,0,7,0.1296,0.046655999999999996,0.016796159999999997,0.006046617599999999,0.0,0.046655999999999996,0.13436927999999998,0.19953838079999997,0.0,9.406451612903225e-06,3.7366318131256946e-06,9.908746861592244e-07,0.0,0.0,0.11757311999999998,0.3805636607999999,0.3224918656312508,1.4133958112188144e-05,1.413385822874335e-05,0.11757311999999998,0.11115947713235992
code_n32_k16_cw3_004_q00,code_n32_k16_cw3_004,q00,train,0.18,32,16,16,0.5,0.32000000000000006,3,0.1875,6.0,5.25,2.0,11.0,3.0,0.0,3.0,3.0,0,0,1,0,1,32,2,0,12,0,242792,exact_all,2,1,0,5,49,41416,exact,2,1,30,439,0.0324,0.0058319999999999995,0.0010497599999999998,0.00018895679999999997,0.0324,0.0,0.0052488,0.009258883199999998,6.532258064516129e-05,0.0,1.4596218020022245e-07,4.597808676307007e-08,0.0324,0.17495999999999998,0.4608446399999999,0.046907683199999994,0.04584075531710155,6.551452091212459e-05,6.551237492962758e-05,0.6682046399999999,0.5117479822625803
code_n32_k16_cw3_004_q01,code_n32_k16_cw3_004,q01,train,0.24,32,16,16,0.5,0.26,3,0.1875,6.0,5.25,2.0,11.0,3.0,0.0,3.0,3.0,0,0,1,0,1,32,2,0,12,0,242792,exact_all,2,1,0,5,49,41416,exact,2,1,30,439,0.0576,0.013823999999999998,0.0033177599999999995,0.0007962623999999999,0.0576,0.0,0.016588799999999997,0.039016857599999996,0.0001161290322580645,0.0,4.613125695216907e-07,1.9375127919911008e-07,0.0576,0.4147199999999999,1.4564966399999997,0.1132056576,0.10724383294198751,0.0001167840961067853,0.00011677727737510801,1.9288166399999995,1.0745984643155342
code_n32_k16_cw3_004_q02,code_n32_k16_cw3_004,q02,train,0.3,32,16,16,0.5,0.19999999999999996,3,0.1875,6.0,5.25,2.0,11.0,3.0,0.0,3.0,3.0,0,0,1,0,1,32,2,0,12,0,242792,exact_all,2,1,0,5,49,41416,exact,2,1,30,439,0.09,0.026999999999999996,0.0081,0.0024299999999999994,0.09,0.0,0.040499999999999994,0.11906999999999997,0.0001814516129032258,0.0,1.1262513904338153e-06,5.912819799777529e-07,0.09,0.8099999999999998,3.5559,0.24956999999999996,0.22279949213263703,0.00018316914627363736,0.00018315237285378144,4.4559,1.6966975919274452
code_n32_k16_cw3_004_q03,code_n32_k16_cw3_004,q03,train,0.36,32,16,16,0.5,0.14,3,0.1875,6.0,5.25,2.0,11.0,3.0,0.0,3.0,3.0,0,0,1,0,1,32,2,0,12,0,242792,exact_all,2,1,0,5,49,41416,exact,2,1,30,439,0.1296,0.046655999999999996,0.016796159999999997,0.006046617599999999,0.1296,0.0,0.0839808,0.29628426239999994,0.00026129032258064515,0.0,2.3353948832035593e-06,1.4712987764182422e-06,0.1296,1.3996799999999998,7.373514239999999,0.5098650624,0.4120202841847469,0.00026509701624026694,0.00026506188423504654,8.902794239999999,2.2928169637811506
code_n32_k16_cw3_005_q00,code_n32_k16_cw3_005,q00,validation,0.18,32,16,16,0.5,0.32000000000000006,3,0.1875,6.0,4.625,2.0,10.0,3.0,0.0,3.0,3.0,0,0,1,0,0,32,4,0,11,0,242792,exact_all,2,2,0,7,44,41416,exact,2,2,60,871,0.0324,0.0058319999999999995,0.0010497599999999998,0.00018895679999999997,0.0648,0.0,0.0073483199999999985,0.0083140992,0.00013064516129032258,0.0,2.0434705228031142e-07,4.128644525663435e-08,0.0648,0.34991999999999995,0.9143409599999999,0.08046241919999998,0.07738911542518043,0.00013089079478785954,0.00013088222933519723,1.3290609599999998,0.8454651648834064
code_n32_k16_cw3_005_q01,code_n32_k16_cw3_005,q01,validation,0.24,32,16,16,0.5,0.26,3,0.1875,6.0,4.625,2.0,10.0,3.0,0.0,3.0,3.0,0,0,1,0,0,32,4,0,11,0,242792,exact_all,2,2,0,7,44,41416,exact,2,2,60,871,0.0576,0.013823999999999998,0.0033177599999999995,0.0007962623999999999,0.1152,0.0,0.023224319999999996,0.035035545599999995,0.000232258064516129,0.0,6.458375973303669e-07,1.7398074050532332e-07,0.1152,0.8294399999999998,2.8897689599999996,0.17345986559999998,0.15995653512758123,0.0002330778828539647,0.00023305072442416445,3.8344089599999993,1.5757588794475748
code_n32_k16_cw3_005_q02,code_n32_k16_cw3_005,q02,validation,0.3,32,16,16,0.5,0.19999999999999996,3,0.1875,6.0,4.625,2.0,10.0,3.0,0.0,3.0,3.0,0,0,1,0,0,32,4,0,11,0,242792,exact_all,2,2,0,7,44,41416,exact,2,2,60,871,0.09,0.026999999999999996,0.0081,0.0024299999999999994,0.18,0.0,0.0567,0.10691999999999997,0.0003629032258064516,0.0,1.5767519466073413e-06,5.309470840616556e-07,0.18,1.6199999999999997,7.0550999999999995,0.34362,0.29536746402776876,0.0003650109248371206,0.00036494432455555606,8.855099999999998,2.2879890876866362
code_n32_k16_cw3_005_q03,code_n32_k16_cw3_005,q03,validation,0.36,32,16,16,0.5,0.14,3,0.1875,6.0,4.625,2.0,10.0,3.0,0.0,3.0,3.0,0,0,1,0,0,32,4,0,11,0,242792,exact_all,2,2,0,7,44,41416,exact,2,2,60,871,0.1296,0.046655999999999996,0.016796159999999997,0.006046617599999999,0.2592,0.0,0.11757311999999998,0.2660511744,0.0005225806451612903,0.0,3.2695528364849827e-06,1.3211662482122992e-06,0.2592,2.7993599999999996,14.629455359999998,0.6428242944,0.49641689140095063,0.0005271713642459876,0.0005270324582383829,17.688015359999998,2.927882428563287
code_n32_k16_cw3_006_q00,code_n32_k16_cw3_006,q00,train,0.18,32,16,16,0.5,0.32000000000000006,3,0.1875,6.0,3.625,3.0,10.0,3.0,0.0,3.0,3.0,0,0,0,0,1,32,3,0,12,0,242792,exact_all,2,4,1,15,46,41416,exact,2,4,118,1682,0.0324,0.0058319999999999995,0.0010497599999999998,0.00018895679999999997,0.1296,0.0058319999999999995,0.015746399999999997,0.0086920128,0.00026129032258064515,1.1758064516129031e-06,4.378865406006674e-07,4.316310185920864e-08,0.1296,0.6881759999999999,1.7656963199999998,0.1598704128,0.14830828577445151,0.00026294717867471795,0.0002629126141242994,2.5834723199999994,1.2763322521301108
code_n32_k16_cw3_006_q01,code_n32_k16_cw3_006,q01,train,0.24,32,16,16,0.5,0.26,3,0.1875,6.0,3.625,3.0,10.0,3.0,0.0,3.0,3.0,0,0,0,0,1,32,3,0,12,0,242792,exact_all,2,4,1,15,46,41416,exact,2,4,118,1682,0.0576,0.013823999999999998,0.0033177599999999995,0.0007962623999999999,0.2304,0.013823999999999998,0.04976639999999999,0.0366280704,0.000464516129032258,2.7870967741935478e-06,1.3839377085650722e-06,1.8188895598283802e-07,0.2304,1.6312319999999998,5.580472319999999,0.3306184704,0.2856438494858823,0.0004688690524709995,0.00046875916772318036,7.4421043199999986,2.133231604545269
code_n32_k16_cw3_006_q02,code_n32_k16_cw3_006,q02,train,0.3,32,16,16,0.5,0.19999999999999996,3,0.1875,6.0,3.625,3.0,10.0,3.0,0.0,3.0,3.0,0,0,0,0,1,32,3,0,12,0,242792,exact_all,2,4,1,15,46,41416,exact,2,4,118,1682,0.09,0.026999999999999996,0.0081,0.0024299999999999994,0.36,0.026999999999999996,0.1215,0.11177999999999998,0.0007258064516129032,5.4435483870967734e-06,3.378754171301446e-06,5.550810424280945e-07,0.36,3.1859999999999995,13.6242,0.6202799999999999,0.4825989738154389,0.0007351838352137294,0.000734913719959421,17.1702,2.899782889502152
code_n32_k16_cw3_006_q03,code_n32_k16_cw3_006,q03,train,0.36,32,16,16,0.5,0.14,3,0.1875,6.0,3.625,3.0,10.0,3.0,0.0,3.0,3.0,0,0,0,0,1,32,3,0,12,0,242792,exact_all,2,4,1,15,46,41416,exact,2,4,118,1682,0.1296,0.046655999999999996,0.016796159999999997,0.006046617599999999,0.5184,0.046655999999999996,0.25194239999999996,0.2781444096,0.0010451612903225806,9.406451612903225e-06,7.006184649610678e-06,1.3812192594946764e-06,0.5184,5.505407999999999,28.251141119999996,1.0951428096,0.7396217179243536,0.0010629551458445892,0.0010623906090396686,34.274949119999995,3.5631730553565473
code_n32_k16_cw3_007_q00,code_n32_k16_cw3_007,q00,validation,0.18,32,16,16,0.5,0.32000000000000006,3,0.1875,6.0,9.0,2.0,13.0,3.0,0.0,3.0,3.0,0,0,3,0,0,32,2,0,11,0,242792,exact_all,2,2,3,8,91,41416,exact,2,2,60,874,0.0324,0.0058319999999999995,0.0010497599999999998,0.00018895679999999997,0.0648,0.017495999999999998,0.008398079999999999,0.017195068799999998,0.00013064516129032258,3.5274193548387096e-06,2.3353948832035592e-07,8.538787541713013e-08,0.0648,0.34991999999999995,0.9174902399999999,0.1078891488,0.10245653711074997,0.00013449150800889877,0.00013448246483684632,1.3322102399999998,0.8468164187985124
code_n32_k16_cw3_007_q01,code_n32_k16_cw3_007,q01,validation,0.24,32,16,16,0.5,0.26,3,0.1875,6.0,9.0,2.0,13.0,3.0,0.0,3.0,3.0,0,0,3,0,0,32,2,0,11,0,242792,exact_all,2,2,3,8,91,41416,exact,2,2,60,874,0.0576,0.013823999999999998,0.0033177599999999995,0.0007962623999999999,0.1152,0.041471999999999995,0.026542079999999996,0.07245987839999998,0.000232258064516129,8.361290322580645e-06,7.381001112347052e-07,3.5982380422691873e-07,0.1152,0.8294399999999998,2.8997222399999996,0.25567395839999996,0.2276724470862554,0.00024171727875417127,0.00024168806983951855,3.8443622399999993,1.5778156040674578
code_n32_k16_cw3_007_q02,code_n32_k16_cw3_007,q02,validation,0.3,32,16,16,0.5,0.19999999999999996,3,0.1875,6.0,9.0,2.0,13.0,3.0,0.0,3.0,3.0,0,0,3,0,0,32,2,0,11,0,242792,exact_all,2,2,3,8,91,41416,exact,2,2,60,874,0.09,0.026999999999999996,0.0081,0.0024299999999999994,0.18,0.08099999999999999,0.0648,0.22112999999999994,0.0003629032258064516,1.6330645161290322e-05,1.8020022246941046e-06,1.0980951056729696e-06,0.18,1.6199999999999997,7.0794,0.5469299999999999,0.4362723216983898,0.00038213396829810895,0.0003820609737084614,8.879399999999999,2.290451781170772
code_n32_k16_cw3_007_q03,code_n32_k16_cw3_007,q03,validation,0.36,32,16,16,0.5,0.14,3,0.1875,6.0,9.0,2.0,13.0,3.0,0.0,3.0,3.0,0,0,3,0,0,32,2,0,11,0,242792,exact_all,2,2,3,8,91,41416,exact,2,2,60,874,0.1296,0.046655999999999996,0.016796159999999997,0.006046617599999999,0.2592,0.13996799999999998,0.13436927999999998,0.5502422015999999,0.0005225806451612903,2.8219354838709677e-05,3.7366318131256946e-06,2.732412013348164e-06,0.2592,2.7993599999999996,14.679843839999998,1.0837794816,0.7341833033211123,0.0005572690438264738,0.0005571138270951794,17.738403839999997,2.930575099223323
code_n32_k16_cw3_008_q00,code_n32_k16_cw3_008,q00,train,0.18,32,16,16,0.5,0.32000000000000006,3,0.1875,6.0,7.625,2.0,12.0,3.0,0.0,3.0,3.0,0,0,2,0,2,32,2,0,10,0,242792,exact_all,2,2,1,13,52,41416,exact,2,2,60,876,0.0324,0.0058319999999999995,0.0010497599999999998,0.00018895679999999997,0.0648,0.0058319999999999995,0.013646879999999998,0.009825753599999999,0.00013064516129032258,1.1758064516129031e-06,3.7950166852057834e-07,4.87930716669315e-08,0.0648,0.34991999999999995,0.9195897599999998,0.0941046336,0.08993634257069967,0.000132249262482123,0.00013224051831934035,1.3343097599999998,0.8477162414250786
code_n32_k16_cw3_008_q01,code_n32_k16_cw3_008,q01,train,0.24,32,16,16,0.5,0.26,3,0.1875,6.0,7.625,2.0,12.0,3.0,0.0,3.0,3.0,0,0,2,0,2,32,2,0,10,0,242792,exact_all,2,2,1,13,52,41416,exact,2,2,60,876,0.0576,0.013823999999999998,0.0033177599999999995,0.0007962623999999999,0.1152,0.013823999999999998,0.043130879999999996,0.041405644799999995,0.000232258064516129,2.7870967741935478e-06,1.1994126807563957e-06,2.0561360241538214e-07,0.1152,0.8294399999999998,2.9063577599999997,0.2135605248,0.1935586211665346,0.00023645018757349434,0.00023642223763365144,3.8509977599999994,1.579184407502511
code_n32_k16_cw3_008_q02,code_n32_k16_cw3_008,q02,train,0.3,32,16,16,0.5,0.19999999999999996,3,0.1875,6.0,7.625,2.0,12.0,3.0,0.0,3.0,3.0,0,0,2,0,2,32,2,0,10,0,242792,exact_all,2,2,1,13,52,41416,exact,2,2,60,876,0.09,0.026999999999999996,0.0081,0.0024299999999999994,0.18,0.026999999999999996,0.10529999999999999,0.12635999999999997,0.0003629032258064516,5.4435483870967734e-06,2.9282536151279197e-06,6.274829175274112e-07,0.18,1.6199999999999997,7.095599999999999,0.43865999999999994,0.3637121247967453,0.00037190251072620375,0.000371833372128809,8.895599999999998,2.292090213901394
code_n32_k16_cw3_008_q03,code_n32_k16_cw3_008,q03,train,0.36,32,16,16,0.5,0.14,3,0.1875,6.0,7.625,2.0,12.0,3.0,0.0,3.0,3.0,0,0,2,0,2,32,2,0,10,0,242792,exact_all,2,2,1,13,52,41416,exact,2,2,60,876,0.1296,0.046655999999999996,0.016796159999999997,0.006046617599999999,0.2592,0.046655999999999996,0.21835007999999997,0.31442411519999997,0.0005225806451612903,9.406451612903225e-06,6.0720266963292535e-06,1.561378293341808e-06,0.2592,2.7993599999999996,14.713436159999997,0.8386301951999999,0.6090208352431529,0.0005396205017638646,0.0005394749589771299,17.771996159999997,2.932366193372167
code_n32_k16_cw3_009_q00,code_n32_k16_cw3_009,q00,train,0.18,32,16,16,0.5,0.32000000000000006,3,0.1875,6.0,5.25,3.0,10.0,3.0,0.0,3.0,3.0,0,0,0,0,3,32,1,0,12,0,242792,exact_all,2,1,2,7,31,41416,exact,2,1,30,440,0.0324,0.0058319999999999995,0.0010497599999999998,0.00018895679999999997,0.0324,0.011663999999999999,0.0073483199999999985,0.005857660799999999,6.532258064516129e-05,2.3516129032258062e-06,2.0434705228031142e-07,2.9088177339901473e-08,0.0324,0.17495999999999998,0.4618943999999999,0.057269980799999995,0.055690096033213704,6.79076287780073e-05,6.790532315936298e-05,0.6692543999999999,0.5123770596666999
code_n32_k16_cw3_009_q01,code_n32_k16_cw3_009,q01,train,0.24,32,16,16,0.5,0.26,3,0.1875,6.0,5.25,3.0,10.0,3.0,0.0,3.0,3.0,0,0,0,0,3,32,1,0,12,0,242792,exact_all,2,1,2,7,31,41416,exact,2,1,30,440,0.0576,0.013823999999999998,0.0033177599999999995,0.0007962623999999999,0.0576,0.027647999999999995,0.023224319999999996,0.024684134399999995,0.0001161290322580645,5.5741935483870956e-06,6.458375973303669e-07,1.225773399014778e-07,0.0576,0.4147199999999999,1.4598143999999997,0.13315645439999999,0.1250070611268125,0.00012247164074368345,0.00012246414170456372,1.9321343999999996,1.0757306219915646
code_n32_k16_cw3_009_q02,code_n32_k16_cw3_009,q02,train,0.3,32,16,16,0.5,0.19999999999999996,3,0.1875,6.0,5.25,3.0,10.0,3.0,0.0,3.0,3.0,0,0,0,0,3,32,1,0,12,0,242792,exact_all,2,1,2,7,31,41416,exact,2,1,30,440,0.09,0.026999999999999996,0.0081,0.0024299999999999994,0.09,0.05399999999999999,0.0567,0.07532999999999998,0.0001814516129032258,1.0887096774193547e-05,1.5767519466073413e-06,3.740763546798029e-07,0.09,0.8099999999999998,3.5639999999999996,0.27603,0.24375369561800642,0.00019428953797870647,0.00019427066621077429,4.4639999999999995,1.6981811222684888
code_n32_k16_cw3_009_q03,code_n32_k16_cw3_009,q03,train,0.36,32,16,16,0.5,0.14,3,0.1875,6.0,5.25,3.0,10.0,3.0,0.0,3.0,3.0,0,0,0,0,3,32,1,0,12,0,242792,exact_all,2,1,2,7,31,41416,exact,2,1,30,440,0.1296,0.046655999999999996,0.016796159999999997,0.006046617599999999,0.1296,0.09331199999999999,0.11757311999999998,0.18744514559999997,0.00026129032258064515,1.881290322580645e-05,3.2695528364849827e-06,9.308216748768471e-07,0.1296,1.3996799999999998,7.390310399999999,0.5279302656,0.42391405200656235,0.00028430360031781344,0.0002842631937075517,8.919590399999999,2.2945116301217316
code_n32_k16_cw3_010_q00,code_n32_k16_cw3_010,q00,validation,0.18,32,16,16,0.5,0.32000000000000006,3,0.1875,6.0,3.25,2.0,9.0,3.0,0.0,3.0,3.0,0,0,1,0,1,32,0,0,14,0,242792,exact_all,2,1,2,5,44,41416,exact,2,1,30,438,0.0324,0.0058319999999999995,0.0010497599999999998,0.00018895679999999997,0.0324,0.011663999999999999,0.0052488,0.0083140992,6.532258064516129e-05,2.3516129032258062e-06,1.4596218020022245e-07,4.128644525663435e-08,0.0324,0.17495999999999998,0.4597948799999999,0.0576268992,0.056027623982461514,6.786144217384395e-05,6.785913969034297e-05,0.6671548799999999,0.5111185088709606
code_n32_k16_cw3_010_q01,code_n32_k16_cw3_010,q01,validation,0.24,32,16,16,0.5,0.26,3,0.1875,6.0,3.25,2.0,9.0,3.0,0.0,3.0,3.0,0,0,1,0,1,32,0,0,14,0,242792,exact_all,2,1,2,5,44,41416,exact,2,1,30,438,0.0576,0.013823999999999998,0.0033177599999999995,0.0007962623999999999,0.0576,0.027647999999999995,0.016588799999999997,0.035035545599999995,0.0001161290322580645,5.5741935483870956e-06,4.613125695216907e-07,1.7398074050532332e-07,0.0576,0.4147199999999999,1.4531788799999998,0.1368723456,0.12828093546619354,0.0001223385191164786,0.00012233103637012798,1.9254988799999997,1.0734650234055403
code_n32_k16_cw3_010_q02,code_n32_k16_cw3_010,q02,validation,0.3,32,16,16,0.5,0.19999999999999996,3,0.1875,6.0,3.25,2.0,9.0,3.0,0.0,3.0,3.0,0,0,1,0,1,32,0,0,14,0,242792,exact_all,2,1,2,5,44,41416,exact,2,1,30,438,0.09,0.026999999999999996,0.0081,0.0024299999999999994,0.09,0.05399999999999999,0.040499999999999994,0.10691999999999997,0.0001814516129032258,1.0887096774193547e-05,1.1262513904338153e-06,5.309470840616556e-07,0.09,0.8099999999999998,3.5477999999999996,0.29141999999999996,0.2557423881586041,0.00019399590815191478,0.00019397709337901157,4.447799999999999,1.695211857453826
code_n32_k16_cw3_010_q03,code_n32_k16_cw3_010,q03,validation,0.36,32,16,16,0.5,0.14,3,0.1875,6.0,3.25,2.0,9.0,3.0,0.0,3.0,3.0,0,0,1,0,1,32,0,0,14,0,242792,exact_all,2,1,2,5,44,41416,exact,2,1,30,438,0.1296,0.046655999999999996,0.016796159999999997,0.006046617599999999,0.1296,0.09331199999999999,0.0839808,0.2660511744,0.00026129032258064515,1.881290322580645e-05,2.3353948832035593e-06,1.3211662482122992e-06,0.1296,1.3996799999999998,7.3567180799999985,0.5729439744,0.4529490064043311,0.00028375978693786743,0.0002837195347439819,8.885998079999998,2.2911194206707086
code_n32_k16_cw3_011_q00,code_n32_k16_cw3_011,q00,train,0.18,32,16,16,0.5,0.32000000000000006,3,0.1875,6.0,4.0,3.0,11.0,3.0,0.0,3.0,3.0,0,0,0,0,1,32,2,0,13,0,242792,exact_all,3,0,1,9,42,41416,exact,4,0,0,7,0.0324,0.0058319999999999995,0.0010497599999999998,0.00018895679999999997,0.0,0.0058319999999999995,0.009447839999999999,0.0079361856,0.0,1.1758064516129031e-06,2.627319243604004e-07,3.940978865406006e-08,0.0,0.0,0.0073483199999999985,0.0232160256,0.022950633395966313,1.4779481646273637e-06,1.4779470724630512e-06,0.0073483199999999985,0.007321452636295071
code_n32_k16_cw3_011_q01,code_n32_k16_cw3_011,q01,train,0.24,32,16,16,0.5,0.26,3,0.1875,6.0,4.0,3.0,11.0,3.0,0.0,3.0,3.0,0,0,0,0,1,32,2,0,13,0,242792,exact_all,3,0,1,9,42,41416,exact,4,0,0,7,0.0576,0.013823999999999998,0.0033177599999999995,0.0007962623999999999,0.0,0.013823999999999998,0.029859839999999995,0.033443020799999994,0.0,2.7870967741935478e-06,8.303626251390433e-07,1.6607252502780865e-07,0.0,0.0,0.023224319999999996,0.07712686079999999,0.07429718213809804,3.7835319243604e-06,3.7835247668215425e-06,0.023224319999999996,0.0229587395692226
code_n32_k16_cw3_011_q02,code_n32_k16_cw3_011,q02,train,0.3,32,16,16,0.5,0.19999999999999996,3,0.1875,6.0,4.0,3.0,11.0,3.0,0.0,3.0,3.0,0,0,0,0,1,32,2,0,13,0,242792,exact_all,3,0,1,9,42,41416,exact,4,0,0,7,0.09,0.026999999999999996,0.0081,0.0024299999999999994,0.0,0.026999999999999996,0.07289999999999999,0.10205999999999997,0.0,5.4435483870967734e-06,2.0272525027808677e-06,5.068131256952168e-07,0.0,0.0,0.0567,0.20195999999999997,0.1839535576890789,7.977614015572858e-06,7.977582194579404e-06,0.0567,0.05515084446484804
code_n32_k16_cw3_011_q03,code_n32_k16_cw3_011,q03,train,0.36,32,16,16,0.5,0.14,3,0.1875,6.0,4.0,3.0,11.0,3.0,0.0,3.0,3.0,0,0,0,0,1,32,2,0,13,0,242792,exact_all,3,0,1,9,42,41416,exact,4,0,0,7,0.1296,0.046655999999999996,0.016796159999999997,0.006046617599999999,0.0,0.046655999999999996,0.15116543999999998,0.2539579392,0.0,9.406451612903225e-06,4.203710789766407e-06,1.261113236929922e-06,0.0,0.0,0.11757311999999998,0.4517793792,0.3727899621584184,1.4871275639599553e-05,1.4871165063276251e-05,0.11757311999999998,0.11115947713235992
code_n32_k16_cw3_012_q00,code_n32_k16_cw3_012,q00,train,0.18,32,16,16,0.5,0.32000000000000006,3,0.1875,6.0,4.125,3.0,10.0,3.0,0.0,3.0,3.0,0,0,0,0,2,32,2,0,12,0,242792,exact_all,2,1,1,9,45,41416,exact,2,1,30,442,0.0324,0.0058319999999999995,0.0010497599999999998,0.00018895679999999997,0.0324,0.0058319999999999995,0.009447839999999999,0.008503055999999998,6.532258064516129e-05,1.1758064516129031e-06,2.627319243604004e-07,4.222477355792149e-08,0.0324,0.17495999999999998,0.46399391999999995,0.056182895999999996,0.054661367256903126,6.680334379469251e-05,6.680111255069058e-05,0.6713539199999999,0.5136340285031012
code_n32_k16_cw3_012_q01,code_n32_k16_cw3_012,q01,train,0.24,32,16,16,0.5,0.26,3,0.1875,6.0,4.125,3.0,10.0,3.0,0.0,3.0,3.0,0,0,0,0,2,32,2,0,12,0,242792,exact_all,2,1,1,9,45,41416,exact,2,1,30,442,0.0576,0.013823999999999998,0.0033177599999999995,0.0007962623999999999,0.0576,0.013823999999999998,0.029859839999999995,0.03583180799999999,0.0001161290322580645,2.7870967741935478e-06,8.303626251390433e-07,1.7793484824408069e-07,0.0576,0.4147199999999999,1.4664499199999999,0.13711564799999998,0.12849492287651687,0.00011992442650564117,0.00011991723614646554,1.9387699199999997,1.0779910992413424
code_n32_k16_cw3_012_q02,code_n32_k16_cw3_012,q02,train,0.3,32,16,16,0.5,0.19999999999999996,3,0.1875,6.0,4.125,3.0,10.0,3.0,0.0,3.0,3.0,0,0,0,0,2,32,2,0,12,0,242792,exact_all,2,1,1,9,45,41416,exact,2,1,30,442,0.09,0.026999999999999996,0.0081,0.0024299999999999994,0.09,0.026999999999999996,0.07289999999999999,0.10934999999999997,0.0001814516129032258,5.4435483870967734e-06,2.0272525027808677e-06,5.430140632448751e-07,0.09,0.8099999999999998,3.5801999999999996,0.29924999999999996,0.2617871749064142,0.00018946542785634832,0.00018944748154893935,4.480199999999999,1.7011415966443133
code_n32_k16_cw3_012_q03,code_n32_k16_cw3_012,q03,train,0.36,32,16,16,0.5,0.14,3,0.1875,6.0,4.125,3.0,10.0,3.0,0.0,3.0,3.0,0,0,0,0,2,32,2,0,12,0,242792,exact_all,2,1,1,9,45,41416,exact,2,1,30,442,0.1296,0.046655999999999996,0.016796159999999997,0.006046617599999999,0.1296,0.046655999999999996,0.15116543999999998,0.27209779199999995,0.00026129032258064515,9.406451612903225e-06,4.203710789766407e-06,1.3511927538534877e-06,0.1296,1.3996799999999998,7.423902719999999,0.5995192319999999,0.469703104092575,0.00027625167773716823,0.00027621352726836756,8.95318272,2.2978923713793495
code_n32_k16_cw3_013_q00,code_n32_k16_cw3_013,q00,train,0.18,32,16,16,0.5,0.32000000000000006,3,0.1875,6.0,6.25,2.0,10.0,3.0,0.0,3.0,3.0,0,0,2,0,1,32,2,0,11,0,242792,exact_all,2,1,1,9,63,41416,exact,2,1,30,438,0.0324,0.0058319999999999995,0.0010497599999999998,0.00018895679999999997,0.0324,0.0058319999999999995,0.009447839999999999,0.011904278399999997,6.532258064516129e-05,1.1758064516129031e-06,2.627319243604004e-07,5.9114682981090094e-08,0.0324,0.17495999999999998,0.4597948799999999,0.05958411839999999,0.057876490005981183,6.682023370411568e-05,6.681800133174409e-05,0.6671548799999999,0.5111185088709606
code_n32_k16_cw3_013_q01,code_n32_k16_cw3_013,q01,train,0.24,32,16,16,0.5,0.26,3,0.1875,6.0,6.25,2.0,10.0,3.0,0.0,3.0,3.0,0,0,2,0,1,32,2,0,11,0,242792,exact_all,2,1,1,9,63,41416,exact,2,1,30,438,0.0576,0.013823999999999998,0.0033177599999999995,0.0007962623999999999,0.0576,0.013823999999999998,0.029859839999999995,0.050164531199999994,0.0001161290322580645,2.7870967741935478e-06,8.303626251390433e-07,2.4910878754171297e-07,0.0576,0.4147199999999999,1.4531788799999998,0.1514483712,0.1410206031466425,0.0001199956004449388,0.00011998840154876055,1.9254988799999997,1.0734650234055403
code_n32_k16_cw3_013_q02,code_n32_k16_cw3_013,q02,train,0.3,32,16,16,0.5,0.19999999999999996,3,0.1875,6.0,6.25,2.0,10.0,3.0,0.0,3.0,3.0,0,0,2,0,1,32,2,0,11,0,242792,exact_all,2,1,1,9,63,41416,exact,2,1,30,438,0.09,0.026999999999999996,0.0081,0.0024299999999999994,0.09,0.026999999999999996,0.07289999999999999,0.15308999999999998,0.0001814516129032258,5.4435483870967734e-06,2.0272525027808677e-06,7.602196885428252e-07,0.09,0.8099999999999998,3.5477999999999996,0.34298999999999996,0.29489847149699755,0.00018968263348164625,0.00018966464600549593,4.447799999999999,1.695211857453826
code_n32_k16_cw3_013_q03,code_n32_k16_cw3_013,q03,train,0.36,32,16,16,0.5,0.14,3,0.1875,6.0,6.25,2.0,10.0,3.0,0.0,3.0,3.0,0,0,2,0,1,32,2,0,11,0,242792,exact_all,2,1,1,9,63,41416,exact,2,1,30,438,0.1296,0.046655999999999996,0.016796159999999997,0.006046617599999999,0.1296,0.046655999999999996,0.15116543999999998,0.3809369087999999,0.00026129032258064515,9.406451612903225e-06,4.203710789766407e-06,1.891669855394883e-06,0.1296,1.3996799999999998,7.3567180799999985,0.7083583487999998,0.5355328794491515,0.00027679215483870966,0.00027675385495746097,8.885998079999998,2.2911194206707086
code_n32_k16_cw3_014_q00,code_n32_k16_cw3_014,q00,train,0.18,32,16,16,0.5,0.32000000000000006,3,0.1875,6.0,5.875,2.0,12.0,3.0,0.0,3.0,3.0,0,0,1,0,2,32,1,0,12,0,242792,exact_all,2,2,3,8,47,41416,exact,2,2,60,874,0.0324,0.0058319999999999995,0.0010497599999999998,0.00018895679999999997,0.0648,0.017495999999999998,0.008398079999999999,0.008880969599999998,0.00013064516129032258,3.5274193548387096e-06,2.3353948832035592e-07,4.410143016049578e-08,0.0648,0.34991999999999995,0.9174902399999999,0.09957504959999999,0.09492378661863714,0.00013445022156364212,0.00013444118394266723,1.3322102399999998,0.8468164187985124
code_n32_k16_cw3_014_q01,code_n32_k16_cw3_014,q01,train,0.24,32,16,16,0.5,0.26,3,0.1875,6.0,5.875,2.0,12.0,3.0,0.0,3.0,3.0,0,0,1,0,2,32,1,0,12,0,242792,exact_all,2,2,3,8,47,41416,exact,2,2,60,874,0.0576,0.013823999999999998,0.0033177599999999995,0.0007962623999999999,0.1152,0.041471999999999995,0.026542079999999996,0.037424332799999994,0.000232258064516129,8.361290322580645e-06,7.381001112347052e-07,1.8584306372159538e-07,0.1152,0.8294399999999998,2.8997222399999996,0.22063841279999996,0.19937401105745553,0.00024154329801366595,0.00024151413112787428,3.8443622399999993,1.5778156040674578
code_n32_k16_cw3_014_q02,code_n32_k16_cw3_014,q02,train,0.3,32,16,16,0.5,0.19999999999999996,3,0.1875,6.0,5.875,2.0,12.0,3.0,0.0,3.0,3.0,0,0,1,0,2,32,1,0,12,0,242792,exact_all,2,2,3,8,47,41416,exact,2,2,60,874,0.09,0.026999999999999996,0.0081,0.0024299999999999994,0.18,0.08099999999999999,0.0648,0.11420999999999998,0.0003629032258064516,1.6330645161290322e-05,1.8020022246941046e-06,5.67148021611314e-07,0.18,1.6199999999999997,7.0794,0.44000999999999996,0.36465005800824113,0.00038160302121404734,0.0003815302292989685,8.879399999999999,2.290451781170772
code_n32_k16_cw3_014_q03,code_n32_k16_cw3_014,q03,train,0.36,32,16,16,0.5,0.14,3,0.1875,6.0,5.875,2.0,12.0,3.0,0.0,3.0,3.0,0,0,1,0,2,32,1,0,12,0,242792,exact_all,2,2,3,8,47,41416,exact,2,2,60,874,0.1296,0.046655999999999996,0.016796159999999997,0.006046617599999999,0.2592,0.13996799999999998,0.13436927999999998,0.28419102719999995,0.0005225806451612903,2.8219354838709677e-05,3.7366318131256946e-06,1.411245765135865e-06,0.2592,2.7993599999999996,14.679843839999998,0.8177283071999999,0.5975875386025247,0.0005559478775782615,0.0005557933958101918,17.738403839999997,2.930575099223323
code_n32_k16_cw3_015_q00,code_n32_k16_cw3_015,q00,train,0.18,32,16,16,0.5,0.32000000000000006,3,0.1875,6.0,2.5,3.0,9.0,3.0,0.0,3.0,3.0,0,0,0,0,1,32,2,0,13,0,242792,exact_all,4,0,0,4,20,41416,exact,4,0,0,4,0.0324,0.0058319999999999995,0.0010497599999999998,0.00018895679999999997,0.0,0.0,0.004199039999999999,0.0037791359999999993,0.0,0.0,1.1676974416017796e-07,1.8766566025742886e-08,0.0,0.0,0.004199039999999999,0.007978175999999998,0.007946518621144262,1.3553631018592084e-07,1.3553630100087597e-07,0.004199039999999999,0.004190248633147544
code_n32_k16_cw3_015_q01,code_n32_k16_cw3_015,q01,train,0.24,32,16,16,0.5,0.26,3,0.1875,6.0,2.5,3.0,9.0,3.0,0.0,3.0,3.0,0,0,0,0,1,32,2,0,13,0,242792,exact_all,4,0,0,4,20,41416,exact,4,0,0,4,0.0576,0.013823999999999998,0.0033177599999999995,0.0007962623999999999,0.0,0.0,0.013271039999999998,0.015925247999999996,0.0,0.0,3.690500556173526e-07,7.908215477514698e-08,0.0,0.0,0.013271039999999998,0.029196287999999994,0.02877819473414421,4.4813221039249956e-07,4.481321099812906e-07,0.013271039999999998,0.013183751176225745
code_n32_k16_cw3_015_q02,code_n32_k16_cw3_015,q02,train,0.3,32,16,16,0.5,0.19999999999999996,3,0.1875,6.0,2.5,3.0,9.0,3.0,0.0,3.0,3.0,0,0,0,0,1,32,2,0,13,0,242792,exact_all,4,0,0,4,20,41416,exact,4,0,0,4,0.09,0.026999999999999996,0.0081,0.0024299999999999994,0.0,0.0,0.0324,0.04859999999999999,0.0,0.0,9.010011123470523e-07,2.4133958366438897e-07,0.0,0.0,0.0324,0.08099999999999999,0.07788653865707122,1.1423406960114412e-06,1.1423400435408053e-06,0.0324,0.031886188862321745
code_n32_k16_cw3_015_q03,code_n32_k16_cw3_015,q03,train,0.36,32,16,16,0.5,0.14,3,0.1875,6.0,2.5,3.0,9.0,3.0,0.0,3.0,3.0,0,0,0,0,1,32,2,0,13,0,242792,exact_all,4,0,0,4,20,41416,exact,4,0,0,4,0.1296,0.046655999999999996,0.016796159999999997,0.006046617599999999,0.0,0.0,0.06718463999999999,0.12093235199999998,0.0,0.0,1.8683159065628473e-06,6.005301128237723e-07,0.0,0.0,0.06718463999999999,0.18811699199999998,0.1723696942062801,2.46884601938662e-06,2.468842971791302e-06,0.06718463999999999,0.06502400327204662
code_n32_k16_cw3_016_q00,code_n32_k16_cw3_016,q00,validation,0.18,32,16,16,0.5,0.32000000000000006,3,0.1875,6.0,4.875,1.0,11.0,3.0,0.0,3.0,3.0,1,0,0,0,0,32,3,0,12,0,242792,exact_all,2,2,2,9,33,41416,exact,2,2,60,873,0.0324,0.0058319999999999995,0.0010497599999999998,0.00018895679999999997,0.0648,0.011663999999999999,0.009447839999999999,0.006235574399999999,0.00013064516129032258,2.3516129032258062e-06,2.627319243604004e-07,3.096483394247576e-08,0.0648,0.34991999999999995,0.9164404799999999,0.09214741439999999,0.0881458630835204,0.00013329047095185127,0.00013328158856631077,1.3311604799999999,0.8463662036726897
code_n32_k16_cw3_016_q01,code_n32_k16_cw3_016,q01,validation,0.24,32,16,16,0.5,0.26,3,0.1875,6.0,4.875,1.0,11.0,3.0,0.0,3.0,3.0,1,0,0,0,0,32,3,0,12,0,242792,exact_all,2,2,2,9,33,41416,exact,2,2,60,873,0.0576,0.013823999999999998,0.0033177599999999995,0.0007962623999999999,0.1152,0.027647999999999995,0.029859839999999995,0.026276659199999997,0.000232258064516129,5.5741935483870956e-06,8.303626251390433e-07,1.304855553789925e-07,0.1152,0.8294399999999998,2.8964044799999997,0.1989844992,0.18147494785505286,0.00023879310624503412,0.00023876459970925823,3.8410444799999994,1.5771304990996056
code_n32_k16_cw3_016_q02,code_n32_k16_cw3_016,q02,validation,0.3,32,16,16,0.5,0.19999999999999996,3,0.1875,6.0,4.875,1.0,11.0,3.0,0.0,3.0,3.0,1,0,0,0,0,32,3,0,12,0,242792,exact_all,2,2,2,9,33,41416,exact,2,2,60,873,0.09,0.026999999999999996,0.0081,0.0024299999999999994,0.18,0.05399999999999999,0.07289999999999999,0.08018999999999998,0.0003629032258064516,1.0887096774193547e-05,2.0272525027808677e-06,3.982103130462418e-07,0.18,1.6199999999999997,7.0713,0.38708999999999993,0.3272080274755605,0.00037621578539647225,0.00037614503398252446,8.8713,2.289631557031464
code_n32_k16_cw3_016_q03,code_n32_k16_cw3_016,q03,validation,0.36,32,16,16,0.5,0.14,3,0.1875,6.0,4.875,1.0,11.0,3.0,0.0,3.0,3.0,1,0,0,0,0,32,3,0,12,0,242792,exact_all,2,2,2,9,33,41416,exact,2,2,60,873,0.1296,0.046655999999999996,0.016796159999999997,0.006046617599999999,0.2592,0.09331199999999999,0.15116543999999998,0.19953838079999997,0.0005225806451612903,1.881290322580645e-05,4.203710789766407e-06,9.908746861592244e-07,0.2592,2.7993599999999996,14.663047679999998,0.7032158207999999,0.5325181234220044,0.0005465881338630223,0.0005464388089793111,17.721607679999998,2.929678347703821
code_n32_k16_cw3_017_q00,code_n32_k16_cw3_017,q00,train,0.18,32,16,16,0.5,0.32000000000000006,3,0.1875,6.0,3.5,2.0,9.0,3.0,0.0,3.0,3.0,0,0,1,0,0,32,2,0,13,0,242792,exact_all,2,1,0,7,35,41416,exact,2,1,30,441,0.0324,0.0058319999999999995,0.0010497599999999998,0.00018895679999999997,0.0324,0.0,0.0073483199999999985,0.006613487999999999,6.532258064516129e-05,0.0,2.0434705228031142e-07,3.284149054505005e-08,0.0324,0.17495999999999998,0.46294415999999994,0.046361808,0.04531920258376379,6.555976918798665e-05,6.555762024024116e-05,0.6703041599999999,0.5130057415812195
code_n32_k16_cw3_017_q01,code_n32_k16_cw3_017,q01,train,0.24,32,16,16,0.5,0.26,3,0.1875,6.0,3.5,2.0,9.0,3.0,0.0,3.0,3.0,0,0,1,0,0,32,2,0,13,0,242792,exact_all,2,1,0,7,35,41416,exact,2,1,30,441,0.0576,0.013823999999999998,0.0033177599999999995,0.0007962623999999999,0.0576,0.0,0.023224319999999996,0.027869183999999995,0.0001161290322580645,0.0,6.458375973303669e-07,1.3839377085650722e-07,0.0576,0.4147199999999999,1.4631321599999998,0.10869350399999998,0.10318229866472621,0.00011691326362625137,0.00011690642980328335,1.9354521599999996,1.0768614993359922
code_n32_k16_cw3_017_q02,code_n32_k16_cw3_017,q02,train,0.3,32,16,16,0.5,0.19999999999999996,3,0.1875,6.0,3.5,2.0,9.0,3.0,0.0,3.0,3.0,0,0,1,0,0,32,2,0,13,0,242792,exact_all,2,1,0,7,35,41416,exact,2,1,30,441,0.09,0.026999999999999996,0.0081,0.0024299999999999994,0.09,0.0,0.0567,0.08504999999999999,0.0001814516129032258,0.0,1.5767519466073413e-06,4.223442714126807e-07,0.09,0.8099999999999998,3.5721,0.23174999999999998,0.2084359224419354,0.00018345070912124581,0.00018343388409758417,4.472099999999999,1.6996624550070674
code_n32_k16_cw3_017_q03,code_n32_k16_cw3_017,q03,train,0.36,32,16,16,0.5,0.14,3,0.1875,6.0,3.5,2.0,9.0,3.0,0.0,3.0,3.0,0,0,1,0,0,32,2,0,13,0,242792,exact_all,2,1,0,7,35,41416,exact,2,1,30,441,0.1296,0.046655999999999996,0.016796159999999997,0.006046617599999999,0.1296,0.0,0.11757311999999998,0.21163161599999997,0.00026129032258064515,0.0,3.2695528364849827e-06,1.0509276974416016e-06,0.1296,1.3996799999999998,7.407106559999999,0.45880473599999994,0.37761742645109403,0.00026561080311457175,0.00026557553481016305,8.936386559999999,2.2962034294262916
code_n32_k16_cw3_018_q00,code_n32_k16_cw3_018,q00,train,0.18,32,16,16,0.5,0.32000000000000006,3,0.1875,6.0,5.375,2.0,9.0,3.0,0.0,3.0,3.0,0,0,2,0,0,32,3,0,11,0,242792,exact_all,2,1,2,6,58,41416,exact,2,1,30,439,0.0324,0.0058319999999999995,0.0010497599999999998,0.00018895679999999997,0.0324,0.011663999999999999,0.006298559999999999,0.010959494399999999,6.532258064516129e-05,2.3516129032258062e-06,1.7515461624026692e-07,5.442304147465437e-08,0.0324,0.17495999999999998,0.4608446399999999,0.0613220544,0.05951535212188009,6.790377120610201e-05,6.790146584939102e-05,0.6682046399999999,0.5117479822625803
code_n32_k16_cw3_018_q01,code_n32_k16_cw3_018,q01,train,0.24,32,16,16,0.5,0.26,3,0.1875,6.0,5.375,2.0,9.0,3.0,0.0,3.0,3.0,0,0,2,0,0,32,3,0,11,0,242792,exact_all,2,1,2,6,58,41416,exact,2,1,30,439,0.0576,0.013823999999999998,0.0033177599999999995,0.0007962623999999999,0.0576,0.027647999999999995,0.019906559999999997,0.04618321919999999,0.0001161290322580645,5.5741935483870956e-06,5.535750834260288e-07,2.2933824884792623e-07,0.0576,0.4147199999999999,1.4564966399999997,0.15133777919999997,0.14092455254284167,0.00012248613913872557,0.00012247863832407597,1.9288166399999995,1.0745984643155342
code_n32_k16_cw3_018_q02,code_n32_k16_cw3_018,q02,train,0.3,32,16,16,0.5,0.19999999999999996,3,0.1875,6.0,5.375,2.0,9.0,3.0,0.0,3.0,3.0,0,0,2,0,0,32,3,0,11,0,242792,exact_all,2,1,2,6,58,41416,exact,2,1,30,439,0.09,0.026999999999999996,0.0081,0.0024299999999999994,0.09,0.05399999999999999,0.0486,0.14093999999999995,0.0001814516129032258,1.0887096774193547e-05,1.3515016685205782e-06,6.99884792626728e-07,0.09,0.8099999999999998,3.5559,0.33353999999999995,0.28783706044052204,0.00019439009613856663,0.0001943712048319772,4.4559,1.6966975919274452
code_n32_k16_cw3_018_q03,code_n32_k16_cw3_018,q03,train,0.36,32,16,16,0.5,0.14,3,0.1875,6.0,5.375,2.0,9.0,3.0,0.0,3.0,3.0,0,0,2,0,0,32,3,0,11,0,242792,exact_all,2,1,2,6,58,41416,exact,2,1,30,439,0.1296,0.046655999999999996,0.016796159999999997,0.006046617599999999,0.1296,0.09331199999999999,0.10077695999999998,0.35070382079999995,0.00026129032258064515,1.881290322580645e-05,2.8024738598442708e-06,1.7415373271889398e-06,0.1296,1.3996799999999998,7.373514239999999,0.6743927807999999,0.5154505806257859,0.0002846472369934848,0.0002846067326548372,8.902794239999999,2.2928169637811506
code_n32_k16_cw3_019_q00,code_n32_k16_cw3_019,q00,train,0.18,32,16,16,0.5,0.32000000000000006,3,0.1875,6.0,3.625,2.0,9.0,3.0,0.0,3.0,3.0,0,0,1,0,1,32,1,0,13,0,242792,exact_all,2,2,4,6,43,41416,exact,2,2,60,871,0.0324,0.0058319999999999995,0.0010497599999999998,0.00018895679999999997,0.0648,0.023327999999999998,0.006298559999999999,0.008125142399999999,0.00013064516129032258,4.7032258064516125e-06,1.7515461624026692e-07,4.034811695534721e-08,0.0648,0.34991999999999995,0.9143409599999999,0.10255170239999999,0.09762722284020671,0.0001355638898299698,0.00013555470187621733,1.3290609599999998,0.8454651648834064
code_n32_k16_cw3_019_q01,code_n32_k16_cw3_019,q01,train,0.24,32,16,16,0.5,0.26,3,0.1875,6.0,3.625,2.0,9.0,3.0,0.0,3.0,3.0,0,0,1,0,1,32,1,0,13,0,242792,exact_all,2,2,4,6,43,41416,exact,2,2,60,871,0.0576,0.013823999999999998,0.0033177599999999995,0.0007962623999999999,0.1152,0.05529599999999999,0.019906559999999997,0.03423928319999999,0.000232258064516129,1.1148387096774191e-05,5.535750834260288e-07,1.7002663276656601e-07,0.1152,0.8294399999999998,2.8897689599999996,0.22464184319999997,0.2026484283494427,0.00024413005332909581,0.00024410025843674704,3.8344089599999993,1.5757588794475748
code_n32_k16_cw3_019_q02,code_n32_k16_cw3_019,q02,train,0.3,32,16,16,0.5,0.19999999999999996,3,0.1875,6.0,3.625,2.0,9.0,3.0,0.0,3.0,3.0,0,0,1,0,1,32,1,0,13,0,242792,exact_all,2,2,4,6,43,41416,exact,2,2,60,871,0.09,0.026999999999999996,0.0081,0.0024299999999999994,0.18,0.10799999999999998,0.0486,0.10448999999999997,0.0003629032258064516,2.1774193548387094e-05,1.3515016685205782e-06,5.188801048784362e-07,0.18,1.6199999999999997,7.0550999999999995,0.4410899999999999,0.3653997716943932,0.0003865478011282377,0.0003864731107739341,8.855099999999998,2.2879890876866362
code_n32_k16_cw3_019_q03,code_n32_k16_cw3_019,q03,train,0.36,32,16,16,0.5,0.14,3,0.1875,6.0,3.625,2.0,9.0,3.0,0.0,3.0,3.0,0,0,1,0,1,32,1,0,13,0,242792,exact_all,2,2,4,6,43,41416,exact,2,2,60,871,0.1296,0.046655999999999996,0.016796159999999997,0.006046617599999999,0.2592,0.18662399999999998,0.10077695999999998,0.26000455679999995,0.0005225806451612903,3.76258064516129e-05,2.8024738598442708e-06,1.2911397425711107e-06,0.2592,2.7993599999999996,14.629455359999998,0.8066055167999999,0.5914496794209617,0.0005643000652153185,0.0005641409078057272,17.688015359999998,2.927882428563287
code_n32_k16_cw3_020_q00,code_n32_k16_cw3_020,q00,test,0.18,32,16,16,0.5,0.32000000000000006,3,0.1875,6.0,4.875,1.0,9.0,3.0,0.0,3.0,3.0,1,0,1,0,0,32,2,0,12,0,242792,exact_all,3,0,1,8,54,41416,exact,4,0,0,5,0.0324,0.0058319999999999995,0.0010497599999999998,0.00018895679999999997,0.0,0.0058319999999999995,0.008398079999999999,0.010203667199999999,0.0,1.1758064516129031e-06,2.3353948832035592e-07,5.066972826950579e-08,0.0,0.0,0.0052488,0.024433747199999998,0.024140018182103453,1.460015668202765e-06,1.4600146023809266e-06,0.0052488,0.005235073061631587
code_n32_k16_cw3_020_q01,code_n32_k16_cw3_020,q01,test,0.24,32,16,16,0.5,0.26,3,0.1875,6.0,4.875,1.0,9.0,3.0,0.0,3.0,3.0,1,0,1,0,0,32,2,0,12,0,242792,exact_all,3,0,1,8,54,41416,exact,4,0,0,5,0.0576,0.013823999999999998,0.0033177599999999995,0.0007962623999999999,0.0,0.013823999999999998,0.026542079999999996,0.04299816959999999,0.0,2.7870967741935478e-06,7.381001112347052e-07,2.1352181789289684e-07,0.0,0.0,0.016588799999999997,0.08336424959999998,0.08007124535864049,3.7387187033211496e-06,3.7387117143297984e-06,0.016588799999999997,0.01645270885409976
code_n32_k16_cw3_020_q02,code_n32_k16_cw3_020,q02,test,0.3,32,16,16,0.5,0.19999999999999996,3,0.1875,6.0,4.875,1.0,9.0,3.0,0.0,3.0,3.0,1,0,1,0,0,32,2,0,12,0,242792,exact_all,3,0,1,8,54,41416,exact,4,0,0,5,0.09,0.026999999999999996,0.0081,0.0024299999999999994,0.0,0.026999999999999996,0.0648,0.13121999999999998,0.0,5.4435483870967734e-06,1.8020022246941046e-06,6.516168758938501e-07,0.0,0.0,0.040499999999999994,0.22301999999999997,0.20132320980108556,7.897167487684728e-06,7.897136305221732e-06,0.040499999999999994,0.03970136685155206
code_n32_k16_cw3_020_q03,code_n32_k16_cw3_020,q03,test,0.36,32,16,16,0.5,0.14,3,0.1875,6.0,4.875,1.0,9.0,3.0,0.0,3.0,3.0,1,0,1,0,0,32,2,0,12,0,242792,exact_all,3,0,1,8,54,41416,exact,4,0,0,5,0.1296,0.046655999999999996,0.016796159999999997,0.006046617599999999,0.0,0.046655999999999996,0.13436927999999998,0.32651735039999996,0.0,9.406451612903225e-06,3.7366318131256946e-06,1.6214313046241852e-06,0.0,0.0,0.0839808,0.5075426303999999,0.41048092809166875,1.4764514730653104e-05,1.476440573627832e-05,0.0839808,0.08064019068347023
code_n32_k16_cw3_021_q00,code_n32_k16_cw3_021,q00,validation,0.18,32,16,16,0.5,0.32000000000000006,3,0.1875,6.0,4.25,3.0,11.0,3.0,0.0,3.0,3.0,0,0,0,0,1,32,4,0,11,0,242792,exact_all,2,1,2,8,54,41416,exact,2,1,30,440,0.0324,0.0058319999999999995,0.0010497599999999998,0.00018895679999999997,0.0324,0.011663999999999999,0.008398079999999999,0.010203667199999999,6.532258064516129e-05,2.3516129032258062e-06,2.3353948832035592e-07,5.066972826950579e-08,0.0324,0.17495999999999998,0.4618943999999999,0.0626657472,0.060780607014817085,6.795840276497696e-05,6.795609369733687e-05,0.6692543999999999,0.5123770596666999
code_n32_k16_cw3_021_q01,code_n32_k16_cw3_021,q01,validation,0.24,32,16,16,0.5,0.26,3,0.1875,6.0,4.25,3.0,11.0,3.0,0.0,3.0,3.0,0,0,0,0,1,32,4,0,11,0,242792,exact_all,2,1,2,8,54,41416,exact,2,1,30,440,0.0576,0.013823999999999998,0.0033177599999999995,0.0007962623999999999,0.0576,0.027647999999999995,0.026542079999999996,0.04299816959999999,0.0001161290322580645,5.5741935483870956e-06,7.381001112347052e-07,2.1352181789289684e-07,0.0576,0.4147199999999999,1.4598143999999997,0.15478824959999998,0.1439169934864298,0.0001226548477355792,0.00012264732624476794,1.9321343999999996,1.0757306219915646
code_n32_k16_cw3_021_q02,code_n32_k16_cw3_021,q02,validation,0.3,32,16,16,0.5,0.19999999999999996,3,0.1875,6.0,4.25,3.0,11.0,3.0,0.0,3.0,3.0,0,0,0,0,1,32,4,0,11,0,242792,exact_all,2,1,2,8,54,41416,exact,2,1,30,440,0.09,0.026999999999999996,0.0081,0.0024299999999999994,0.09,0.05399999999999999,0.0648,0.13121999999999998,0.0001814516129032258,1.0887096774193547e-05,1.8020022246941046e-06,6.516168758938501e-07,0.09,0.8099999999999998,3.5639999999999996,0.34002,0.29268453922457205,0.0001947923287780073,0.00019477335921570875,4.4639999999999995,1.6981811222684888
code_n32_k16_cw3_021_q03,code_n32_k16_cw3_021,q03,validation,0.36,32,16,16,0.5,0.14,3,0.1875,6.0,4.25,3.0,11.0,3.0,0.0,3.0,3.0,0,0,0,0,1,32,4,0,11,0,242792,exact_all,2,1,2,8,54,41416,exact,2,1,30,440,0.1296,0.046655999999999996,0.016796159999999997,0.006046617599999999,0.1296,0.09331199999999999,0.13436927999999998,0.32651735039999996,0.00026129032258064515,1.881290322580645e-05,3.7366318131256946e-06,1.6214313046241852e-06,0.1296,1.3996799999999998,7.390310399999999,0.6837986303999999,0.5210523305228298,0.00028546128892420144,0.0002854205526027085,8.919590399999999,2.2945116301217316
code_n32_k16_cw3_022_q00,code_n32_k16_cw3_022,q00,train,0.18,32,16,16,0.5,0.32000000000000006,3,0.1875,6.0,4.375,3.0,11.0,3.0,0.0,3.0,3.0,0,0,0,0,2,32,2,0,12,0,242792,exact_all,2,2,2,7,39,41416,exact,2,2,60,875,0.0324,0.0058319999999999995,0.0010497599999999998,0.00018895679999999997,0.0648,0.011663999999999999,0.0073483199999999985,0.007369315199999999,0.00013064516129032258,2.3516129032258062e-06,2.0434705228031142e-07,3.659480375019863e-08,0.0648,0.34991999999999995,0.9185399999999999,0.0911816352,0.08726117805341259,0.0001332377160495789,0.00013322884069343587,1.33326,0.8472664313218871
code_n32_k16_cw3_022_q01,code_n32_k16_cw3_022,q01,train,0.24,32,16,16,0.5,0.26,3,0.1875,6.0,4.375,3.0,11.0,3.0,0.0,3.0,3.0,0,0,0,0,2,32,2,0,12,0,242792,exact_all,2,2,2,7,39,41416,exact,2,2,60,875,0.0576,0.013823999999999998,0.0033177599999999995,0.0007962623999999999,0.1152,0.027647999999999995,0.023224319999999996,0.031054233599999995,0.000232258064516129,5.5741935483870956e-06,6.458375973303669e-07,1.5421020181153662e-07,0.1152,0.8294399999999998,2.9030399999999994,0.19712655359999998,0.17992414663472567,0.000238632305863658,0.0002386038377038155,3.847679999999999,1.5785002399878216
code_n32_k16_cw3_022_q02,code_n32_k16_cw3_022,q02,train,0.3,32,16,16,0.5,0.19999999999999996,3,0.1875,6.0,4.375,3.0,11.0,3.0,0.0,3.0,3.0,0,0,0,0,2,32,2,0,12,0,242792,exact_all,2,2,2,7,39,41416,exact,2,2,60,875,0.09,0.026999999999999996,0.0081,0.0024299999999999994,0.18,0.05399999999999999,0.0567,0.09476999999999998,0.0003629032258064516,1.0887096774193547e-05,1.5767519466073413e-06,4.706121881455585e-07,0.18,1.6199999999999997,7.0874999999999995,0.3854699999999999,0.32603943225355775,0.00037583768671539805,0.00037576707742322164,8.8875,2.291271333093772
code_n32_k16_cw3_022_q03,code_n32_k16_cw3_022,q03,train,0.36,32,16,16,0.5,0.14,3,0.1875,6.0,4.375,3.0,11.0,3.0,0.0,3.0,3.0,0,0,0,0,2,32,2,0,12,0,242792,exact_all,2,2,2,7,39,41416,exact,2,2,60,875,0.1296,0.046655999999999996,0.016796159999999997,0.006046617599999999,0.2592,0.09331199999999999,0.11757311999999998,0.23581808639999996,0.0005225806451612903,1.881290322580645e-05,3.2695528364849827e-06,1.1710337200063562e-06,0.2592,2.7993599999999996,14.696639999999999,0.7059032063999999,0.5340947102969194,0.0005458341349435881,0.0005456852216776517,17.7552,2.931471047299973
code_n32_k16_cw3_023_q00,code_n32_k16_cw3_023,q00,train,0.18,32,16,16,0.5,0.32000000000000006,3,0.1875,6.0,4.5,3.0,11.0,3.0,0.0,3.0,3.0,0,0,0,0,2,32,3,0,11,0,242792,exact_all,3,0,1,4,22,41416,exact,4,0,0,1,0.0324,0.0058319999999999995,0.0010497599999999998,0.00018895679999999997,0.0,0.0058319999999999995,0.004199039999999999,0.0041570496,0.0,1.1758064516129031e-06,1.1676974416017796e-07,2.0643222628317175e-08,0.0,0.0,0.0010497599999999998,0.014188089599999999,0.014088380669516919,1.3132194184013982e-06,1.3132185561295327e-06,0.0010497599999999998,0.0010492093872783161
code_n32_k16_cw3_023_q01,code_n32_k16_cw3_023,q01,train,0.24,32,16,16,0.5,0.26,3,0.1875,6.0,4.5,3.0,11.0,3.0,0.0,3.0,3.0,0,0,0,0,2,32,3,0,11,0,242792,exact_all,3,0,1,4,22,41416,exact,4,0,0,1,0.0576,0.013823999999999998,0.0033177599999999995,0.0007962623999999999,0.0,0.013823999999999998,0.013271039999999998,0.017517772799999998,0.0,2.7870967741935478e-06,3.690500556173526e-07,8.699037025266166e-08,0.0,0.0,0.0033177599999999995,0.04461281279999999,0.043646302692492235,3.243137200063562e-06,3.243131941105483e-06,0.0033177599999999995,0.003312268377529086
code_n32_k16_cw3_023_q02,code_n32_k16_cw3_023,q02,train,0.3,32,16,16,0.5,0.19999999999999996,3,0.1875,6.0,4.5,3.0,11.0,3.0,0.0,3.0,3.0,0,0,0,0,2,32,3,0,11,0,242792,exact_all,3,0,1,4,22,41416,exact,4,0,0,1,0.09,0.026999999999999996,0.0081,0.0024299999999999994,0.0,0.026999999999999996,0.0324,0.05345999999999999,0.0,5.4435483870967734e-06,9.010011123470523e-07,2.654735420308278e-07,0.0,0.0,0.0081,0.11285999999999999,0.10693327821814283,6.610023041474654e-06,6.610001195368618e-06,0.0081,0.008067371077758796
code_n32_k16_cw3_023_q03,code_n32_k16_cw3_023,q03,train,0.36,32,16,16,0.5,0.14,3,0.1875,6.0,4.5,3.0,11.0,3.0,0.0,3.0,3.0,0,0,0,0,2,32,3,0,11,0,242792,exact_all,3,0,1,4,22,41416,exact,4,0,0,1,0.1296,0.046655999999999996,0.016796159999999997,0.006046617599999999,0.0,0.046655999999999996,0.06718463999999999,0.1330255872,0.0,9.406451612903225e-06,1.8683159065628473e-06,6.605831241061496e-07,0.0,0.0,0.016796159999999997,0.24686622719999998,0.2206333852417657,1.1935350643572222e-05,1.1935279417841465e-05,0.016796159999999997,0.01665666433208147
code_n32_k16_cw3_024_q00,code_n32_k16_cw3_024,q00,test,0.18,32,16,16,0.5,0.32000000000000006,3,0.1875,6.0,4.25,3.0,10.0,3.0,0.0,3.0,3.0,0,0,0,0,3,32,1,0,12,0,242792,exact_all,2,1,1,3,37,41416,exact,2,1,30,437,0.0324,0.0058319999999999995,0.0010497599999999998,0.00018895679999999997,0.0324,0.0058319999999999995,0.0031492799999999995,0.006991401599999999,6.532258064516129e-05,1.1758064516129031e-06,8.757730812013346e-08,3.471814714762434e-08,0.0324,0.17495999999999998,0.45874511999999995,0.048372681599999995,0.04723913489755384,6.662068255204194e-05,6.661846349292636e-05,0.6661051199999999,0.5104886389929993
code_n32_k16_cw3_024_q01,code_n32_k16_cw3_024,q01,test,0.24,32,16,16,0.5,0.26,3,0.1875,6.0,4.25,3.0,10.0,3.0,0.0,3.0,3.0,0,0,0,0,3,32,1,0,12,0,242792,exact_all,2,1,1,3,37,41416,exact,2,1,30,437,0.0576,0.013823999999999998,0.0033177599999999995,0.0007962623999999999,0.0576,0.013823999999999998,0.009953279999999998,0.029461708799999996,0.0001161290322580645,2.7870967741935478e-06,2.767875417130144e-07,1.4630198633402192e-07,0.0576,0.4147199999999999,1.4498611199999998,0.1108389888,0.10511557558245511,0.00011933921856030508,0.00011933209820224813,1.9221811199999996,1.072330296349341
code_n32_k16_cw3_024_q02,code_n32_k16_cw3_024,q02,test,0.3,32,16,16,0.5,0.19999999999999996,3,0.1875,6.0,4.25,3.0,10.0,3.0,0.0,3.0,3.0,0,0,0,0,3,32,1,0,12,0,242792,exact_all,2,1,1,3,37,41416,exact,2,1,30,437,0.09,0.026999999999999996,0.0081,0.0024299999999999994,0.09,0.026999999999999996,0.0243,0.08990999999999998,0.0001814516129032258,5.4435483870967734e-06,6.757508342602891e-07,4.464782297791196e-07,0.09,0.8099999999999998,3.5397,0.23120999999999997,0.20799742566679283,0.000188017390354362,0.00018799971730001715,4.439699999999999,1.6937239122883727
code_n32_k16_cw3_024_q03,code_n32_k16_cw3_024,q03,test,0.36,32,16,16,0.5,0.14,3,0.1875,6.0,4.25,3.0,10.0,3.0,0.0,3.0,3.0,0,0,0,0,3,32,1,0,12,0,242792,exact_all,2,1,1,3,37,41416,exact,2,1,30,437,0.1296,0.046655999999999996,0.016796159999999997,0.006046617599999999,0.1296,0.046655999999999996,0.05038847999999999,0.22372485119999996,0.00026129032258064515,9.406451612903225e-06,1.4012369299221354e-06,1.110980708723979e-06,0.1296,1.3996799999999998,7.339921919999999,0.45036933119999994,0.3718182351715134,0.0002732089918321945,0.0002731716770519198,8.869201919999998,2.2894189910069116
code_n32_k16_cw3_025_q00,code_n32_k16_cw3_025,q00,train,0.18,32,16,16,0.5,0.32000000000000006,3,0.1875,6.0,7.0,2.0,10.0,3.0,0.0,3.0,3.0,0,0,2,0,2,32,1,0,11,0,242792,exact_all,3,0,2,12,73,41416,exact,4,0,0,7,0.0324,0.0058319999999999995,0.0010497599999999998,0.00018895679999999997,0.0,0.011663999999999999,0.012597119999999998,0.013793846399999999,0.0,2.3516129032258062e-06,3.5030923248053385e-07,6.849796599396153e-08,0.0,0.0,0.0073483199999999985,0.038054966399999994,0.03734873748425766,2.7704201017003016e-06,2.7704162640936195e-06,0.0073483199999999985,0.007321452636295071
code_n32_k16_cw3_025_q01,code_n32_k16_cw3_025,q01,train,0.24,32,16,16,0.5,0.26,3,0.1875,6.0,7.0,2.0,10.0,3.0,0.0,3.0,3.0,0,0,2,0,2,32,1,0,11,0,242792,exact_all,3,0,2,12,73,41416,exact,4,0,0,7,0.0576,0.013823999999999998,0.0033177599999999995,0.0007962623999999999,0.0,0.027647999999999995,0.039813119999999994,0.05812715519999999,0.0,5.5741935483870956e-06,1.1071501668520576e-06,2.886498649292865e-07,0.0,0.0,0.023224319999999996,0.1255882752,0.11830581027480659,6.9699935801684395e-06,6.969969289876054e-06,0.023224319999999996,0.0229587395692226
code_n32_k16_cw3_025_q02,code_n32_k16_cw3_025,q02,train,0.3,32,16,16,0.5,0.19999999999999996,3,0.1875,6.0,7.0,2.0,10.0,3.0,0.0,3.0,3.0,0,0,2,0,2,32,1,0,11,0,242792,exact_all,3,0,2,12,73,41416,exact,4,0,0,7,0.09,0.026999999999999996,0.0081,0.0024299999999999994,0.0,0.05399999999999999,0.0972,0.17738999999999996,0.0,1.0887096774193547e-05,2.7030033370411564e-06,8.808894803750197e-07,0.0,0.0,0.0567,0.32858999999999994,0.28411822950082233,1.4470989591609722e-05,1.4470884887849952e-05,0.0567,0.05515084446484804
code_n32_k16_cw3_025_q03,code_n32_k16_cw3_025,q03,train,0.36,32,16,16,0.5,0.14,3,0.1875,6.0,7.0,2.0,10.0,3.0,0.0,3.0,3.0,0,0,2,0,2,32,1,0,11,0,242792,exact_all,3,0,2,12,73,41416,exact,4,0,0,7,0.1296,0.046655999999999996,0.016796159999999997,0.006046617599999999,0.0,0.09331199999999999,0.20155391999999997,0.44140308479999996,0.0,1.881290322580645e-05,5.6049477196885415e-06,2.191934911806769e-06,0.0,0.0,0.11757311999999998,0.7362690047999999,0.5517385609156394,2.6609785857301758e-05,2.660943182323057e-05,0.11757311999999998,0.11115947713235992
code_n32_k16_cw3_026_q00,code_n32_k16_cw3_026,q00,test,0.18,32,16,16,0.5,0.32000000000000006,3,0.1875,6.0,3.5,3.0,9.0,3.0,0.0,3.0,3.0,0,0,0,0,3,32,1,0,12,0,242792,exact_all,2,1,1,11,38,41416,exact,2,1,30,444,0.0324,0.0058319999999999995,0.0010497599999999998,0.00018895679999999997,0.0324,0.0058319999999999995,0.011547359999999998,0.007180358399999999,6.532258064516129e-05,1.1758064516129031e-06,3.2111679644048935e-07,3.565647544891149e-08,0.0324,0.17495999999999998,0.4660934399999999,0.05695971839999999,0.05539659679578967,6.685516036866359e-05,6.685292566203018e-05,0.6734534399999998,0.5148894193521204
code_n32_k16_cw3_026_q01,code_n32_k16_cw3_026,q01,test,0.24,32,16,16,0.5,0.26,3,0.1875,6.0,3.5,3.0,9.0,3.0,0.0,3.0,3.0,0,0,0,0,3,32,1,0,12,0,242792,exact_all,2,1,1,11,38,41416,exact,2,1,30,444,0.0576,0.013823999999999998,0.0033177599999999995,0.0007962623999999999,0.0576,0.013823999999999998,0.03649535999999999,0.030257971199999994,0.0001161290322580645,2.7870967741935478e-06,1.0148876529477194e-06,1.5025609407277926e-07,0.0576,0.4147199999999999,1.4730854399999997,0.13817733119999998,0.12942815062938953,0.00012008127277927854,0.00012007406360036154,1.9454054399999996,1.080246478256002
code_n32_k16_cw3_026_q02,code_n32_k16_cw3_026,q02,test,0.3,32,16,16,0.5,0.19999999999999996,3,0.1875,6.0,3.5,3.0,9.0,3.0,0.0,3.0,3.0,0,0,0,0,3,32,1,0,12,0,242792,exact_all,2,1,1,11,38,41416,exact,2,1,30,444,0.09,0.026999999999999996,0.0081,0.0024299999999999994,0.09,0.026999999999999996,0.0891,0.09233999999999998,0.0001814516129032258,5.4435483870967734e-06,2.4777530589543935e-06,4.5854520896233903e-07,0.09,0.8099999999999998,3.5963999999999996,0.29844,0.2611635438909721,0.0001898314595582393,0.0001898134438466501,4.4963999999999995,1.7040933324754821
code_n32_k16_cw3_026_q03,code_n32_k16_cw3_026,q03,test,0.36,32,16,16,0.5,0.14,3,0.1875,6.0,3.5,3.0,9.0,3.0,0.0,3.0,3.0,0,0,0,0,3,32,1,0,12,0,242792,exact_all,2,1,1,11,38,41416,exact,2,1,30,444,0.1296,0.046655999999999996,0.016796159999999997,0.006046617599999999,0.1296,0.046655999999999996,0.18475775999999997,0.22977146879999996,0.00026129032258064515,9.406451612903225e-06,5.13786874304783e-06,1.1410072143651676e-06,0.1296,1.3996799999999998,7.457495039999999,0.5907852288,0.46422774891729074,0.00027697565015096133,0.00027693729947687824,8.986775039999998,2.3012617217244316
code_n32_k16_cw3_027_q00,code_n32_k16_cw3_027,q00,validation,0.18,32,16,16,0.5,0.32000000000000006,3,0.1875,6.0,4.375,1.0,10.0,3.0,0.0,3.0,3.0,1,0,0,0,0,32,3,0,12,0,242792,exact_all,2,1,1,6,24,41416,exact,2,1,30,441,0.0324,0.0058319999999999995,0.0010497599999999998,0.00018895679999999997,0.0324,0.0058319999999999995,0.006298559999999999,0.0045349631999999996,6.532258064516129e-05,1.1758064516129031e-06,1.7515461624026692e-07,2.2519879230891464e-08,0.0324,0.17495999999999998,0.46294415999999994,0.049065523199999996,0.047899789999205494,6.669606159224534e-05,6.669383750882058e-05,0.6703041599999999,0.5130057415812195
code_n32_k16_cw3_027_q01,code_n32_k16_cw3_027,q01,validation,0.24,32,16,16,0.5,0.26,3,0.1875,6.0,4.375,1.0,10.0,3.0,0.0,3.0,3.0,1,0,0,0,0,32,3,0,12,0,242792,exact_all,2,1,1,6,24,41416,exact,2,1,30,441,0.0576,0.013823999999999998,0.0033177599999999995,0.0007962623999999999,0.0576,0.013823999999999998,0.019906559999999997,0.019110297599999996,0.0001161290322580645,2.7870967741935478e-06,5.535750834260288e-07,9.489858573017637e-08,0.0576,0.4147199999999999,1.4631321599999998,0.1104408576,0.10475710548251826,0.00011956460270141424,0.00011955745542400658,1.9354521599999996,1.0768614993359922
code_n32_k16_cw3_027_q02,code_n32_k16_cw3_027,q02,validation,0.3,32,16,16,0.5,0.19999999999999996,3,0.1875,6.0,4.375,1.0,10.0,3.0,0.0,3.0,3.0,1,0,0,0,0,32,3,0,12,0,242792,exact_all,2,1,1,6,24,41416,exact,2,1,30,441,0.09,0.026999999999999996,0.0081,0.0024299999999999994,0.09,0.026999999999999996,0.0486,0.05831999999999998,0.0001814516129032258,5.4435483870967734e-06,1.3515016685205782e-06,2.896075003972667e-07,0.09,0.8099999999999998,3.5721,0.22391999999999998,0.20205882247698645,0.0001885362704592404,0.00018851849973018395,4.472099999999999,1.6996624550070674
code_n32_k16_cw3_027_q03,code_n32_k16_cw3_027,q03,validation,0.36,32,16,16,0.5,0.14,3,0.1875,6.0,4.375,1.0,10.0,3.0,0.0,3.0,3.0,1,0,0,0,0,32,3,0,12,0,242792,exact_all,2,1,1,6,24,41416,exact,2,1,30,441,0.1296,0.046655999999999996,0.016796159999999997,0.006046617599999999,0.1296,0.046655999999999996,0.10077695999999998,0.14511882239999999,0.00026129032258064515,9.406451612903225e-06,2.8024738598442708e-06,7.206361353885268e-07,0.1296,1.3996799999999998,7.407106559999999,0.42215178239999995,0.35217106436280016,0.00027421988418878114,0.0002741822927883882,8.936386559999999,2.2962034294262916
code_n32_k16_cw3_028_q00,code_n32_k16_cw3_028,q00,train,0.18,32,16,16,0.5,0.32000000000000006,3,0.1875,6.0,7.25,2.0,12.0,3.0,0.0,3.0,3.0,0,0,3,0,1,32,0,0,12,0,242792,exact_all,2,1,3,10,58,41416,exact,2,1,30,442,0.0324,0.0058319999999999995,0.0010497599999999998,0.00018895679999999997,0.0324,0.017495999999999998,0.0104976,0.010959494399999999,6.532258064516129e-05,3.5274193548387096e-06,2.919243604004449e-07,5.442304147465437e-08,0.0324,0.17495999999999998,0.46399391999999995,0.07135309439999998,0.06892242377890326,6.919634740187508e-05,6.919395344506295e-05,0.6713539199999999,0.5136340285031012
code_n32_k16_cw3_028_q01,code_n32_k16_cw3_028,q01,train,0.24,32,16,16,0.5,0.26,3,0.1875,6.0,7.25,2.0,12.0,3.0,0.0,3.0,3.0,0,0,3,0,1,32,0,0,12,0,242792,exact_all,2,1,3,10,58,41416,exact,2,1,30,442,0.0576,0.013823999999999998,0.0033177599999999995,0.0007962623999999999,0.0576,0.041471999999999995,0.033177599999999995,0.04618321919999999,0.0001161290322580645,8.361290322580645e-06,9.226251390433814e-07,2.2933824884792623e-07,0.0576,0.4147199999999999,1.4664499199999999,0.17843281919999998,0.16418543642340372,0.00012564228596853648,0.00012563439363759153,1.9387699199999997,1.0779910992413424
code_n32_k16_cw3_028_q02,code_n32_k16_cw3_028,q02,train,0.3,32,16,16,0.5,0.19999999999999996,3,0.1875,6.0,7.25,2.0,12.0,3.0,0.0,3.0,3.0,0,0,3,0,1,32,0,0,12,0,242792,exact_all,2,1,3,10,58,41416,exact,2,1,30,442,0.09,0.026999999999999996,0.0081,0.0024299999999999994,0.09,0.08099999999999999,0.08099999999999999,0.14093999999999995,0.0001814516129032258,1.6330645161290322e-05,2.2525027808676306e-06,6.99884792626728e-07,0.09,0.8099999999999998,3.5801999999999996,0.39293999999999996,0.33141662136463756,0.00020073464563801047,0.00020071450113478547,4.480199999999999,1.7011415966443133
code_n32_k16_cw3_028_q03,code_n32_k16_cw3_028,q03,train,0.36,32,16,16,0.5,0.14,3,0.1875,6.0,7.25,2.0,12.0,3.0,0.0,3.0,3.0,0,0,3,0,1,32,0,0,12,0,242792,exact_all,2,1,3,10,58,41416,exact,2,1,30,442,0.1296,0.046655999999999996,0.016796159999999997,0.006046617599999999,0.1296,0.13996799999999998,0.1679616,0.35070382079999995,0.00026129032258064515,2.8219354838709677e-05,4.6707897664071185e-06,1.7415373271889398e-06,0.1296,1.3996799999999998,7.423902719999999,0.7882334207999999,0.5812282167764639,0.00029592200451295094,0.0002958782282326036,8.95318272,2.2978923713793495
code_n32_k16_cw3_029_q00,code_n32_k16_cw3_029,q00,train,0.18,32,16,16,0.5,0.32000000000000006,3,0.1875,6.0,3.0,3.0,9.0,3.0,0.0,3.0,3.0,0,0,0,0,1,32,4,0,11,0,242792,exact_all,2,1,1,6,20,41416,exact,2,1,30,440,0.0324,0.0058319999999999995,0.0010497599999999998,0.00018895679999999997,0.0324,0.0058319999999999995,0.006298559999999999,0.0037791359999999993,6.532258064516129e-05,1.1758064516129031e-06,1.7515461624026692e-07,1.8766566025742886e-08,0.0324,0.17495999999999998,0.4618943999999999,0.048309696,0.04717905369432358,6.66923082790402e-05,6.66900844459229e-05,0.6692543999999999,0.5123770596666999
code_n32_k16_cw3_029_q01,code_n32_k16_cw3_029,q01,train,0.24,32,16,16,0.5,0.26,3,0.1875,6.0,3.0,3.0,9.0,3.0,0.0,3.0,3.0,0,0,0,0,1,32,4,0,11,0,242792,exact_all,2,1,1,6,20,41416,exact,2,1,30,440,0.0576,0.013823999999999998,0.0033177599999999995,0.0007962623999999999,0.0576,0.013823999999999998,0.019906559999999997,0.015925247999999996,0.0001161290322580645,2.7870967741935478e-06,5.535750834260288e-07,7.908215477514698e-08,0.0576,0.4147199999999999,1.4598143999999997,0.10725580800000001,0.10188470923527514,0.00011954878627045921,0.0001195416408837857,1.9321343999999996,1.0757306219915646
code_n32_k16_cw3_029_q02,code_n32_k16_cw3_029,q02,train,0.3,32,16,16,0.5,0.19999999999999996,3,0.1875,6.0,3.0,3.0,9.0,3.0,0.0,3.0,3.0,0,0,0,0,1,32,4,0,11,0,242792,exact_all,2,1,1,6,20,41416,exact,2,1,30,440,0.09,0.026999999999999996,0.0081,0.0024299999999999994,0.09,0.026999999999999996,0.0486,0.04859999999999999,0.0001814516129032258,5.4435483870967734e-06,1.3515016685205782e-06,2.4133958366438897e-07,0.09,0.8099999999999998,3.5639999999999996,0.2142,0.19408542371419663,0.00018848800254250752,0.0001884702409108242,4.4639999999999995,1.6981811222684888
code_n32_k16_cw3_029_q03,code_n32_k16_cw3_029,q03,train,0.36,32,16,16,0.5,0.14,3,0.1875,6.0,3.0,3.0,9.0,3.0,0.0,3.0,3.0,0,0,0,0,1,32,4,0,11,0,242792,exact_all,2,1,1,6,20,41416,exact,2,1,30,440,0.1296,0.046655999999999996,0.016796159999999997,0.006046617599999999,0.1296,0.046655999999999996,0.10077695999999998,0.12093235199999998,0.00026129032258064515,9.406451612903225e-06,2.8024738598442708e-06,6.005301128237723e-07,0.1296,1.3996799999999998,7.390310399999999,0.39796531199999996,0.33501783091436765,0.0002740997781662164,0.00027406221968504516,8.919590399999999,2.2945116301217316
code_n32_k16_cw3_030_q00,code_n32_k16_cw3_030,q00,test,0.18,32,16,16,0.5,0.32000000000000006,3,0.1875,6.0,4.75,2.0,10.0,3.0,0.0,3.0,3.0,0,0,1,0,2,32,1,0,12,0,242792,exact_all,2,1,2,17,70,41416,exact,2,1,30,443,0.0324,0.0058319999999999995,0.0010497599999999998,0.00018895679999999997,0.0324,0.011663999999999999,0.017845919999999998,0.013226975999999998,6.532258064516129e-05,2.3516129032258062e-06,4.962714126807563e-07,6.56829810901001e-08,0.0324,0.17495999999999998,0.4650436799999999,0.075136896,0.07244799858820418,6.823614794215796e-05,6.823381996211596e-05,0.67240368,0.514261920928371
code_n32_k16_cw3_030_q01,code_n32_k16_cw3_030,q01,test,0.24,32,16,16,0.5,0.26,3,0.1875,6.0,4.75,2.0,10.0,3.0,0.0,3.0,3.0,0,0,1,0,2,32,1,0,12,0,242792,exact_all,2,1,2,17,70,41416,exact,2,1,30,443,0.0576,0.013823999999999998,0.0033177599999999995,0.0007962623999999999,0.0576,0.027647999999999995,0.056401919999999994,0.05573836799999999,0.0001161290322580645,5.5741935483870956e-06,1.5684627363737484e-06,2.7678754171301445e-07,0.0576,0.4147199999999999,1.4697676799999997,0.19738828799999997,0.1801427582686945,0.00012354847608453835,0.00012354084460013264,1.9420876799999995,1.07911942459035
code_n32_k16_cw3_030_q02,code_n32_k16_cw3_030,q02,test,0.3,32,16,16,0.5,0.19999999999999996,3,0.1875,6.0,4.75,2.0,10.0,3.0,0.0,3.0,3.0,0,0,1,0,2,32,1,0,12,0,242792,exact_all,2,1,2,17,70,41416,exact,2,1,30,443,0.09,0.026999999999999996,0.0081,0.0024299999999999994,0.09,0.05399999999999999,0.1377,0.17009999999999997,0.0001814516129032258,1.0887096774193547e-05,3.829254727474972e-06,8.446885428253614e-07,0.09,0.8099999999999998,3.5883,0.4517999999999999,0.37280416586860315,0.00019701265294771965,0.00019699324850358106,4.4883,1.7026185536525547
code_n32_k16_cw3_030_q03,code_n32_k16_cw3_030,q03,test,0.36,32,16,16,0.5,0.14,3,0.1875,6.0,4.75,2.0,10.0,3.0,0.0,3.0,3.0,0,0,1,0,2,32,1,0,12,0,242792,exact_all,2,1,2,17,70,41416,exact,2,1,30,443,0.1296,0.046655999999999996,0.016796159999999997,0.006046617599999999,0.1296,0.09331199999999999,0.28553471999999996,0.42326323199999993,0.00026129032258064515,1.881290322580645e-05,7.940342602892101e-06,2.1018553948832033e-06,0.1296,1.3996799999999998,7.4406988799999985,0.931709952,0.6584055961555461,0.00029014542380422685,0.0002901033397608812,8.969978879999998,2.2995784656164378
code_n32_k16_cw3_031_q00,code_n32_k16_cw3_031,q00,train,0.18,32,16,16,0.5,0.32000000000000006,3,0.1875,6.0,5.375,3.0,11.0,3.0,0.0,3.0,3.0,0,0,0,0,2,32,4,0,10,0,242792,exact_all,2,1,2,25,80,41416,exact,2,1,30,447,0.0324,0.0058319999999999995,0.0010497599999999998,0.00018895679999999997,0.0324,0.011663999999999999,0.026243999999999996,0.015116543999999997,6.532258064516129e-05,2.3516129032258062e-06,7.298109010011123e-07,7.506626410297154e-08,0.0324,0.17495999999999998,0.46924271999999995,0.08542454399999999,0.08197119525311833,6.847907071349118e-05,6.847672612896433e-05,0.67660272,0.5167695555512117
code_n32_k16_cw3_031_q01,code_n32_k16_cw3_031,q01,train,0.24,32,16,16,0.5,0.26,3,0.1875,6.0,5.375,3.0,11.0,3.0,0.0,3.0,3.0,0,0,0,0,2,32,4,0,10,0,242792,exact_all,2,1,2,25,80,41416,exact,2,1,30,447,0.0576,0.013823999999999998,0.0033177599999999995,0.0007962623999999999,0.0576,0.027647999999999995,0.08294399999999999,0.06370099199999998,0.0001161290322580645,5.5741935483870956e-06,2.3065628476084535e-06,3.163286191005879e-07,0.0576,0.4147199999999999,1.4830387199999997,0.23189299199999996,0.2085520041961708,0.00012432611727316065,0.00012431838942195174,1.9553587199999996,1.083620037737415
code_n32_k16_cw3_031_q02,code_n32_k16_cw3_031,q02,train,0.3,32,16,16,0.5,0.19999999999999996,3,0.1875,6.0,5.375,3.0,11.0,3.0,0.0,3.0,3.0,0,0,0,0,2,32,4,0,10,0,242792,exact_all,2,1,2,25,80,41416,exact,2,1,30,447,0.09,0.026999999999999996,0.0081,0.0024299999999999994,0.09,0.05399999999999999,0.20249999999999999,0.19439999999999996,0.0001814516129032258,1.0887096774193547e-05,5.6312569521690766e-06,9.653583346575559e-07,0.09,0.8099999999999998,3.6207,0.5408999999999999,0.4323666613056706,0.00019893532496424596,0.00019891553995640113,4.5207,1.7085046638432964
code_n32_k16_cw3_031_q03,code_n32_k16_cw3_031,q03,train,0.36,32,16,16,0.5,0.14,3,0.1875,6.0,5.375,3.0,11.0,3.0,0.0,3.0,3.0,0,0,0,0,2,32,4,0,10,0,242792,exact_all,2,1,2,25,80,41416,exact,2,1,30,447,0.1296,0.046655999999999996,0.016796159999999997,0.006046617599999999,0.1296,0.09331199999999999,0.41990399999999994,0.4837294079999999,0.00026129032258064515,1.881290322580645e-05,1.1676974416017797e-05,2.4021204512950894e-06,0.1296,1.3996799999999998,7.507883519999999,1.126545408,0.7544987888811723,0.00029418232067376444,0.00029413905753949076,9.037163519999998,2.306294556419588
code_n32_k16_cw3_032_q00,code_n32_k16_cw3_032,q00,validation,0.18,32,16,16,0.5,0.32000000000000006,3,0.1875,6.0,1.375,4.0,8.0,3.0,0.0,3.0,3.0,0,0,0,0,0,32,2,0,14,0,242792,exact_all,4,0,0,10,31,41416,exact,4,0,0,7,0.0324,0.0058319999999999995,0.0010497599999999998,0.00018895679999999997,0.0,0.0,0.0104976,0.005857660799999999,0.0,0.0,2.919243604004449e-07,2.9088177339901473e-08,0.0,0.0,0.0073483199999999985,0.0163552608,0.016222954179064168,3.2101253774034637e-07,3.210124862158327e-07,0.0073483199999999985,0.007321452636295071
code_n32_k16_cw3_032_q01,code_n32_k16_cw3_032,q01,validation,0.24,32,16,16,0.5,0.26,3,0.1875,6.0,1.375,4.0,8.0,3.0,0.0,3.0,3.0,0,0,0,0,0,32,2,0,14,0,242792,exact_all,4,0,0,10,31,41416,exact,4,0,0,7,0.0576,0.013823999999999998,0.0033177599999999995,0.0007962623999999999,0.0,0.0,0.033177599999999995,0.024684134399999995,0.0,0.0,9.226251390433814e-07,1.225773399014778e-07,0.0,0.0,0.023224319999999996,0.05786173439999999,0.05624963907366526,1.0452024789448592e-06,1.0452019327211287e-06,0.023224319999999996,0.0229587395692226
code_n32_k16_cw3_032_q02,code_n32_k16_cw3_032,q02,validation,0.3,32,16,16,0.5,0.19999999999999996,3,0.1875,6.0,1.375,4.0,8.0,3.0,0.0,3.0,3.0,0,0,0,0,0,32,2,0,14,0,242792,exact_all,4,0,0,10,31,41416,exact,4,0,0,7,0.09,0.026999999999999996,0.0081,0.0024299999999999994,0.0,0.0,0.08099999999999999,0.07532999999999998,0.0,0.0,2.2525027808676306e-06,3.740763546798029e-07,0.0,0.0,0.0567,0.15632999999999997,0.1452511966402255,2.6265791355474334e-06,2.626575686094496e-06,0.0567,0.05515084446484804
code_n32_k16_cw3_032_q03,code_n32_k16_cw3_032,q03,validation,0.36,32,16,16,0.5,0.14,3,0.1875,6.0,1.375,4.0,8.0,3.0,0.0,3.0,3.0,0,0,0,0,0,32,2,0,14,0,242792,exact_all,4,0,0,10,31,41416,exact,4,0,0,7,0.1296,0.046655999999999996,0.016796159999999997,0.006046617599999999,0.0,0.0,0.1679616,0.18744514559999997,0.0,0.0,4.6707897664071185e-06,9.308216748768471e-07,0.0,0.0,0.11757311999999998,0.35540674559999996,0.30410159054089825,5.6016114412839654e-06,5.601595752317185e-06,0.11757311999999998,0.11115947713235992
code_n32_k16_cw3_033_q00,code_n32_k16_cw3_033,q00,train,0.18,32,16,16,0.5,0.32000000000000006,3,0.1875,6.0,4.75,3.0,10.0,3.0,0.0,3.0,3.0,0,0,0,0,4,32,0,0,12,0,242792,exact_all,3,0,3,15,78,41416,exact,4,0,0,10,0.0324,0.0058319999999999995,0.0010497599999999998,0.00018895679999999997,0.0,0.017495999999999998,0.015746399999999997,0.014738630399999997,0.0,3.5274193548387096e-06,4.378865406006674e-07,7.318960750039726e-08,0.0,0.0,0.0104976,0.047981030399999985,0.04686548497167083,4.038495502939774e-06,4.038487348238766e-06,0.0104976,0.010442882796867616
code_n32_k16_cw3_033_q01,code_n32_k16_cw3_033,q01,train,0.24,32,16,16,0.5,0.26,3,0.1875,6.0,4.75,3.0,10.0,3.0,0.0,3.0,3.0,0,0,0,0,4,32,0,0,12,0,242792,exact_all,3,0,3,15,78,41416,exact,4,0,0,10,0.0576,0.013823999999999998,0.0033177599999999995,0.0007962623999999999,0.0,0.041471999999999995,0.04976639999999999,0.06210846719999999,0.0,8.361290322580645e-06,1.3839377085650722e-06,3.0842040362307324e-07,0.0,0.0,0.033177599999999995,0.15334686719999996,0.14266803489914767,1.0053648434768789e-05,1.0053597897184089e-05,0.033177599999999995,0.0326391017877269
code_n32_k16_cw3_033_q02,code_n32_k16_cw3_033,q02,train,0.3,32,16,16,0.5,0.19999999999999996,3,0.1875,6.0,4.75,3.0,10.0,3.0,0.0,3.0,3.0,0,0,0,0,4,32,0,0,12,0,242792,exact_all,3,0,3,15,78,41416,exact,4,0,0,10,0.09,0.026999999999999996,0.0081,0.0024299999999999994,0.0,0.08099999999999999,0.1215,0.18953999999999996,0.0,1.6330645161290322e-05,3.378754171301446e-06,9.41224376291117e-07,0.0,0.0,0.08099999999999999,0.39203999999999994,0.3307702971315514,2.0650623708882885e-05,2.0650410487688532e-05,0.08099999999999999,0.07788653865707122
code_n32_k16_cw3_033_q03,code_n32_k16_cw3_033,q03,train,0.36,32,16,16,0.5,0.14,3,0.1875,6.0,4.75,3.0,10.0,3.0,0.0,3.0,3.0,0,0,0,0,4,32,0,0,12,0,242792,exact_all,3,0,3,15,78,41416,exact,4,0,0,10,0.1296,0.046655999999999996,0.016796159999999997,0.006046617599999999,0.0,0.13996799999999998,0.25194239999999996,0.4716361727999999,0.0,2.8219354838709677e-05,7.006184649610678e-06,2.3420674400127123e-06,0.0,0.0,0.1679616,0.8635465727999998,0.6224814317364963,3.7567606928333066e-05,3.756690128346078e-05,0.1679616,0.15526000715325558
code_n32_k16_cw3_034_q00,code_n32_k16_cw3_034,q00,test,0.18,32,16,16,0.5,0.32000000000000006,3,0.1875,6.0,3.375,3.0,9.0,3.0,0.0,3.0,3.0,0,0,0,0,2,32,3,0,11,0,242792,exact_all,3,0,1,6,40,41416,exact,4,0,0,4,0.0324,0.0058319999999999995,0.0010497599999999998,0.00018895679999999997,0.0,0.0058319999999999995,0.006298559999999999,0.007558271999999999,0.0,1.1758064516129031e-06,1.7515461624026692e-07,3.753313205148577e-08,0.0,0.0,0.004199039999999999,0.019688831999999996,0.019497514087211575,1.388494199904656e-06,1.3884932359474767e-06,0.004199039999999999,0.004190248633147544
code_n32_k16_cw3_034_q01,code_n32_k16_cw3_034,q01,test,0.24,32,16,16,0.5,0.26,3,0.1875,6.0,3.375,3.0,9.0,3.0,0.0,3.0,3.0,0,0,0,0,2,32,3,0,11,0,242792,exact_all,3,0,1,6,40,41416,exact,4,0,0,4,0.0576,0.013823999999999998,0.0033177599999999995,0.0007962623999999999,0.0,0.013823999999999998,0.019906559999999997,0.03185049599999999,0.0,2.7870967741935478e-06,5.535750834260288e-07,1.5816430955029395e-07,0.0,0.0,0.013271039999999998,0.06558105599999998,0.06352024286818328,3.4988361671698706e-06,3.498830046256886e-06,0.013271039999999998,0.013183751176225745
code_n32_k16_cw3_034_q02,code_n32_k16_cw3_034,q02,test,0.3,32,16,16,0.5,0.19999999999999996,3,0.1875,6.0,3.375,3.0,9.0,3.0,0.0,3.0,3.0,0,0,0,0,2,32,3,0,11,0,242792,exact_all,3,0,1,6,40,41416,exact,4,0,0,4,0.09,0.026999999999999996,0.0081,0.0024299999999999994,0.0,0.026999999999999996,0.0486,0.09719999999999998,0.0,5.4435483870967734e-06,1.3515016685205782e-06,4.826791673287779e-07,0.0,0.0,0.0324,0.17279999999999998,0.15939405215025,7.27772922294613e-06,7.277702740403297e-06,0.0324,0.031886188862321745
code_n32_k16_cw3_034_q03,code_n32_k16_cw3_034,q03,test,0.36,32,16,16,0.5,0.14,3,0.1875,6.0,3.375,3.0,9.0,3.0,0.0,3.0,3.0,0,0,0,0,2,32,3,0,11,0,242792,exact_all,3,0,1,6,40,41416,exact,4,0,0,4,0.1296,0.046655999999999996,0.016796159999999997,0.006046617599999999,0.0,0.046655999999999996,0.10077695999999998,0.24186470399999996,0.0,9.406451612903225e-06,2.8024738598442708e-06,1.2010602256475447e-06,0.0,0.0,0.06718463999999999,0.38929766399999993,0.32879834174896627,1.340998569839504e-05,1.3409895785340644e-05,0.06718463999999999,0.06502400327204662
code_n32_k16_cw3_035_q00,code_n32_k16_cw3_035,q00,test,0.18,32,16,16,0.5,0.32000000000000006,3,0.1875,6.0,5.625,1.0,9.0,3.0,0.0,3.0,3.0,1,0,1,0,1,32,0,0,13,0,242792,exact_all,3,0,1,14,58,41416,exact,4,0,0,7,0.0324,0.0058319999999999995,0.0010497599999999998,0.00018895679999999997,0.0,0.0058319999999999995,0.014696639999999997,0.010959494399999999,0.0,1.1758064516129031e-06,4.0869410456062284e-07,5.442304147465437e-08,0.0,0.0,0.0073483199999999985,0.03148813439999999,0.031002550215309066,1.6389235976481801e-06,1.6389222546143682e-06,0.0073483199999999985,0.007321452636295071
code_n32_k16_cw3_035_q01,code_n32_k16_cw3_035,q01,test,0.24,32,16,16,0.5,0.26,3,0.1875,6.0,5.625,1.0,9.0,3.0,0.0,3.0,3.0,1,0,1,0,1,32,0,0,13,0,242792,exact_all,3,0,1,14,58,41416,exact,4,0,0,7,0.0576,0.013823999999999998,0.0033177599999999995,0.0007962623999999999,0.0,0.013823999999999998,0.04644863999999999,0.04618321919999999,0.0,2.7870967741935478e-06,1.2916751946607338e-06,2.2933824884792623e-07,0.0,0.0,0.023224319999999996,0.10645585919999997,0.10116198744031672,4.308110217702208e-06,4.308100937822036e-06,0.023224319999999996,0.0229587395692226
code_n32_k16_cw3_035_q02,code_n32_k16_cw3_035,q02,test,0.3,32,16,16,0.5,0.19999999999999996,3,0.1875,6.0,5.625,1.0,9.0,3.0,0.0,3.0,3.0,1,0,1,0,1,32,0,0,13,0,242792,exact_all,3,0,1,14,58,41416,exact,4,0,0,7,0.09,0.026999999999999996,0.0081,0.0024299999999999994,0.0,0.026999999999999996,0.1134,0.14093999999999995,0.0,5.4435483870967734e-06,3.1535038932146826e-06,6.99884792626728e-07,0.0,0.0,0.0567,0.2813399999999999,0.24790640534003283,9.296937072938184e-06,9.296893856686566e-06,0.0567,0.05515084446484804
code_n32_k16_cw3_035_q03,code_n32_k16_cw3_035,q03,test,0.36,32,16,16,0.5,0.14,3,0.1875,6.0,5.625,1.0,9.0,3.0,0.0,3.0,3.0,1,0,1,0,1,32,0,0,13,0,242792,exact_all,3,0,1,14,58,41416,exact,4,0,0,7,0.1296,0.046655999999999996,0.016796159999999997,0.006046617599999999,0.0,0.046655999999999996,0.23514623999999995,0.35070382079999995,0.0,9.406451612903225e-06,6.539105672969965e-06,1.7415373271889398e-06,0.0,0.0,0.11757311999999998,0.6325060607999999,0.49011629474961255,1.768709461306213e-05,1.768693819824855e-05,0.11757311999999998,0.11115947713235992
code_n32_k16_cw3_036_q00,code_n32_k16_cw3_036,q00,validation,0.18,32,16,16,0.5,0.32000000000000006,3,0.1875,6.0,2.625,4.0,9.0,3.0,0.0,3.0,3.0,0,0,0,0,0,32,4,0,12,0,242792,exact_all,2,1,2,5,24,41416,exact,2,1,30,439,0.0324,0.0058319999999999995,0.0010497599999999998,0.00018895679999999997,0.0324,0.011663999999999999,0.0052488,0.0045349631999999996,6.532258064516129e-05,2.3516129032258062e-06,1.4596218020022245e-07,2.2519879230891464e-08,0.0324,0.17495999999999998,0.4608446399999999,0.053847763199999996,0.05244800249546403,6.78426756078182e-05,6.784037439758097e-05,0.6682046399999999,0.5117479822625803
code_n32_k16_cw3_036_q01,code_n32_k16_cw3_036,q01,validation,0.24,32,16,16,0.5,0.26,3,0.1875,6.0,2.625,4.0,9.0,3.0,0.0,3.0,3.0,0,0,0,0,0,32,4,0,12,0,242792,exact_all,2,1,2,5,24,41416,exact,2,1,30,439,0.0576,0.013823999999999998,0.0033177599999999995,0.0007962623999999999,0.0576,0.027647999999999995,0.016588799999999997,0.019110297599999996,0.0001161290322580645,5.5741935483870956e-06,4.613125695216907e-07,9.489858573017637e-08,0.0576,0.4147199999999999,1.4564966399999997,0.12094709759999998,0.11417395082657211,0.00012225943696170347,0.00012225196388583687,1.9288166399999995,1.0745984643155342
code_n32_k16_cw3_036_q02,code_n32_k16_cw3_036,q02,validation,0.3,32,16,16,0.5,0.19999999999999996,3,0.1875,6.0,2.625,4.0,9.0,3.0,0.0,3.0,3.0,0,0,0,0,0,32,4,0,12,0,242792,exact_all,2,1,2,5,24,41416,exact,2,1,30,439,0.09,0.026999999999999996,0.0081,0.0024299999999999994,0.09,0.05399999999999999,0.040499999999999994,0.05831999999999998,0.0001814516129032258,1.0887096774193547e-05,1.1262513904338153e-06,2.896075003972667e-07,0.09,0.8099999999999998,3.5559,0.24281999999999998,0.21738299110118622,0.0001937545685682504,0.0001937358005760469,4.4559,1.6966975919274452
code_n32_k16_cw3_036_q03,code_n32_k16_cw3_036,q03,validation,0.36,32,16,16,0.5,0.14,3,0.1875,6.0,2.625,4.0,9.0,3.0,0.0,3.0,3.0,0,0,0,0,0,32,4,0,12,0,242792,exact_all,2,1,2,5,24,41416,exact,2,1,30,439,0.1296,0.046655999999999996,0.016796159999999997,0.006046617599999999,0.1296,0.09331199999999999,0.0839808,0.14511882239999999,0.00026129032258064515,1.881290322580645e-05,2.3353948832035593e-06,7.206361353885268e-07,0.1296,1.3996799999999998,7.373514239999999,0.4520116223999999,0.3729499207782827,0.00028315925682504366,0.00028311917480889823,8.902794239999999,2.2928169637811506
code_n32_k16_cw3_037_q00,code_n32_k16_cw3_037,q00,train,0.18,32,16,16,0.5,0.32000000000000006,3,0.1875,6.0,8.5,1.0,11.0,3.0,0.0,3.0,3.0,2,0,0,0,2,32,0,0,12,0,242792,exact_all,2,1,3,14,90,41416,exact,2,1,30,443,0.0324,0.0058319999999999995,0.0010497599999999998,0.00018895679999999997,0.0324,0.017495999999999998,0.014696639999999997,0.017006111999999997,6.532258064516129e-05,3.5274193548387096e-06,4.0869410456062284e-07,8.444954711584298e-08,0.0324,0.17495999999999998,0.4650436799999999,0.081598752,0.07844027245974307,6.934314365167647e-05,6.934073952702978e-05,0.67240368,0.514261920928371
code_n32_k16_cw3_037_q01,code_n32_k16_cw3_037,q01,train,0.24,32,16,16,0.5,0.26,3,0.1875,6.0,8.5,1.0,11.0,3.0,0.0,3.0,3.0,2,0,0,0,2,32,0,0,12,0,242792,exact_all,2,1,3,14,90,41416,exact,2,1,30,443,0.0576,0.013823999999999998,0.0033177599999999995,0.0007962623999999999,0.0576,0.041471999999999995,0.04644863999999999,0.07166361599999999,0.0001161290322580645,8.361290322580645e-06,1.2916751946607338e-06,3.5586969648816137e-07,0.0576,0.4147199999999999,1.4697676799999997,0.21718425599999996,0.19654020435301703,0.00012613786747179407,0.0001261299127599088,1.9420876799999995,1.07911942459035
code_n32_k16_cw3_037_q02,code_n32_k16_cw3_037,q02,train,0.3,32,16,16,0.5,0.19999999999999996,3,0.1875,6.0,8.5,1.0,11.0,3.0,0.0,3.0,3.0,2,0,0,0,2,32,0,0,12,0,242792,exact_all,2,1,3,14,90,41416,exact,2,1,30,443,0.09,0.026999999999999996,0.0081,0.0024299999999999994,0.09,0.08099999999999999,0.1134,0.21869999999999995,0.0001814516129032258,1.6330645161290322e-05,3.1535038932146826e-06,1.0860281264897502e-06,0.09,0.8099999999999998,3.5883,0.5030999999999999,0.40752964215704335,0.00020202179008422055,0.00020200138643032832,4.4883,1.7026185536525547
code_n32_k16_cw3_037_q03,code_n32_k16_cw3_037,q03,train,0.36,32,16,16,0.5,0.14,3,0.1875,6.0,8.5,1.0,11.0,3.0,0.0,3.0,3.0,2,0,0,0,2,32,0,0,12,0,242792,exact_all,2,1,3,14,90,41416,exact,2,1,30,443,0.1296,0.046655999999999996,0.016796159999999997,0.006046617599999999,0.1296,0.13996799999999998,0.23514623999999995,0.5441955839999999,0.00026129032258064515,2.8219354838709677e-05,6.539105672969965e-06,2.7023855077069754e-06,0.1296,1.3996799999999998,7.4406988799999985,1.0489098239999999,0.7173078585274457,0.00029875116860003176,0.0002987065513557432,8.969978879999998,2.2995784656164378
code_n32_k16_cw3_038_q00,code_n32_k16_cw3_038,q00,train,0.18,32,16,16,0.5,0.32000000000000006,3,0.1875,6.0,7.0,1.0,10.0,3.0,0.0,3.0,3.0,1,0,0,0,3,32,1,0,11,0,242792,exact_all,3,0,1,13,86,41416,exact,4,0,0,11,0.0324,0.0058319999999999995,0.0010497599999999998,0.00018895679999999997,0.0,0.0058319999999999995,0.013646879999999998,0.016250284799999997,0.0,1.1758064516129031e-06,3.7950166852057834e-07,8.069623391069442e-08,0.0,0.0,0.011547359999999998,0.03572916479999999,0.03510568572187301,1.6360043540441757e-06,1.636003015790512e-06,0.011547359999999998,0.011481198081718715
code_n32_k16_cw3_038_q01,code_n32_k16_cw3_038,q01,train,0.24,32,16,16,0.5,0.26,3,0.1875,6.0,7.0,1.0,10.0,3.0,0.0,3.0,3.0,1,0,0,0,3,32,1,0,11,0,242792,exact_all,3,0,1,13,86,41416,exact,4,0,0,11,0.0576,0.013823999999999998,0.0033177599999999995,0.0007962623999999999,0.0,0.013823999999999998,0.043130879999999996,0.06847856639999998,0.0,2.7870967741935478e-06,1.1994126807563957e-06,3.4005326553313203e-07,0.0,0.0,0.03649535999999999,0.12543344639999998,0.11816824714180038,4.326562720483076e-06,4.3265533609375854e-06,0.03649535999999999,0.03584517627972158
code_n32_k16_cw3_038_q02,code_n32_k16_cw3_038,q02,train,0.3,32,16,16,0.5,0.19999999999999996,3,0.1875,6.0,7.0,1.0,10.0,3.0,0.0,3.0,3.0,1,0,0,0,3,32,1,0,11,0,242792,exact_all,3,0,1,13,86,41416,exact,4,0,0,11,0.09,0.026999999999999996,0.0081,0.0024299999999999994,0.0,0.026999999999999996,0.10529999999999999,0.20897999999999994,0.0,5.4435483870967734e-06,2.9282536151279197e-06,1.0377602097568724e-06,0.0,0.0,0.0891,0.3412799999999999,0.29362438190741014,9.409562211981565e-06,9.40951794232876e-06,0.0891,0.0853516670995037
code_n32_k16_cw3_038_q03,code_n32_k16_cw3_038,q03,train,0.36,32,16,16,0.5,0.14,3,0.1875,6.0,7.0,1.0,10.0,3.0,0.0,3.0,3.0,1,0,0,0,3,32,1,0,11,0,242792,exact_all,3,0,1,13,86,41416,exact,4,0,0,11,0.1296,0.046655999999999996,0.016796159999999997,0.006046617599999999,0.0,0.046655999999999996,0.21835007999999997,0.5200091135999999,0.0,9.406451612903225e-06,6.0720266963292535e-06,2.5822794851422213e-06,0.0,0.0,0.18475775999999997,0.7850151935999998,0.5794269270161052,1.80607577943747e-05,1.8060594700852372e-05,0.18475775999999997,0.1695383317491533
code_n32_k16_cw3_039_q00,code_n32_k16_cw3_039,q00,train,0.18,32,16,16,0.5,0.32000000000000006,3,0.1875,6.0,3.25,2.0,9.0,3.0,0.0,3.0,3.0,0,0,1,0,0,32,3,0,12,0,242792,exact_all,2,1,1,4,31,41416,exact,2,1,30,438,0.0324,0.0058319999999999995,0.0010497599999999998,0.00018895679999999997,0.0324,0.0058319999999999995,0.004199039999999999,0.005857660799999999,6.532258064516129e-05,1.1758064516129031e-06,1.1676974416017796e-07,2.9088177339901473e-08,0.0324,0.17495999999999998,0.4597948799999999,0.048288700799999994,0.0471590258243865,6.664424501827426e-05,6.664202438923811e-05,0.6671548799999999,0.5111185088709606
code_n32_k16_cw3_039_q01,code_n32_k16_cw3_039,q01,train,0.24,32,16,16,0.5,0.26,3,0.1875,6.0,3.25,2.0,9.0,3.0,0.0,3.0,3.0,0,0,1,0,0,32,3,0,12,0,242792,exact_all,2,1,1,4,31,41416,exact,2,1,30,438,0.0576,0.013823999999999998,0.0033177599999999995,0.0007962623999999999,0.0576,0.013823999999999998,0.013271039999999998,0.024684134399999995,0.0001161290322580645,2.7870967741935478e-06,3.690500556173526e-07,1.225773399014778e-07,0.0576,0.4147199999999999,1.4531788799999998,0.1093791744,0.10380055651400072,0.00011940775642777688,0.00011940062788909222,1.9254988799999997,1.0734650234055403
code_n32_k16_cw3_039_q02,code_n32_k16_cw3_039,q02,train,0.3,32,16,16,0.5,0.19999999999999996,3,0.1875,6.0,3.25,2.0,9.0,3.0,0.0,3.0,3.0,0,0,1,0,0,32,3,0,12,0,242792,exact_all,2,1,1,4,31,41416,exact,2,1,30,438,0.09,0.026999999999999996,0.0081,0.0024299999999999994,0.09,0.026999999999999996,0.0324,0.07532999999999998,0.0001814516129032258,5.4435483870967734e-06,9.010011123470523e-07,3.740763546798029e-07,0.09,0.8099999999999998,3.5477999999999996,0.22472999999999996,0.20272041153997603,0.0001881702387573494,0.00018815253695857206,4.447799999999999,1.695211857453826
code_n32_k16_cw3_039_q03,code_n32_k16_cw3_039,q03,train,0.36,32,16,16,0.5,0.14,3,0.1875,6.0,3.25,2.0,9.0,3.0,0.0,3.0,3.0,0,0,1,0,0,32,3,0,12,0,242792,exact_all,2,1,1,4,31,41416,exact,2,1,30,438,0.1296,0.046655999999999996,0.016796159999999997,0.006046617599999999,0.1296,0.046655999999999996,0.06718463999999999,0.18744514559999997,0.00026129032258064515,9.406451612903225e-06,1.8683159065628473e-06,9.308216748768471e-07,0.1296,1.3996799999999998,7.3567180799999985,0.43088578559999996,0.3582936829934479,0.00027349591177498804,0.00027345851858587674,8.885998079999998,2.2911194206707086
