row_id,graph_id,q_id,split,q,n,m,edge_density,mean_degree,degree_variance,degree_s,degree_t,shortest_st_path_length,bridge_count,st_bridge_count,algebraic_connectivity,laplacian_spectral_radius,effective_resistance_st,betweenness_mean,betweenness_max,betweenness_std,kappa,N_kappa,N_kappa_plus_1,N_kappa_plus_2,cutset_subset_tests,cutset_count_status,q_power_kappa,q_power_kappa_plus_1,q_power_kappa_plus_2,N_kappa_q_kappa,N_kappa_plus_1_q,N_kappa_plus_2_q,H_cut_2,log1p_H_cut_2
g_n16_m24_k2_000_q00,g_n16_m24_k2_000,q00,train,0.2,16,24,0.2,3.0,0.625,2,4,4,0,0,0.23635969593903752,6.4902194894812615,1.8098082770816708,0.12797619047619047,0.31746031746031744,0.10361722061346444,2,3,5,9,12926,exact,0.04000000000000001,0.008000000000000002,0.0016000000000000003,0.12000000000000002,0.04000000000000001,0.014400000000000003,0.17440000000000003,0.16075737887811412
g_n16_m24_k2_000_q01,g_n16_m24_k2_000,q01,train,0.3,16,24,0.2,3.0,0.625,2,4,4,0,0,0.23635969593903752,6.4902194894812615,1.8098082770816708,0.12797619047619047,0.31746031746031744,0.10361722061346444,2,3,5,9,12926,exact,0.09,0.026999999999999996,0.0081,0.27,0.13499999999999998,0.07289999999999999,0.4779,0.3906221612383899
g_n16_m24_k2_000_q02,g_n16_m24_k2_000,q02,train,0.4,16,24,0.2,3.0,0.625,2,4,4,0,0,0.23635969593903752,6.4902194894812615,1.8098082770816708,0.12797619047619047,0.31746031746031744,0.10361722061346444,2,3,5,9,12926,exact,0.16000000000000003,0.06400000000000002,0.025600000000000005,0.4800000000000001,0.32000000000000006,0.23040000000000005,1.0304000000000002,0.7082328179779863
g_n16_m24_k2_000_q03,g_n16_m24_k2_000,q03,train,0.5,16,24,0.2,3.0,0.625,2,4,4,0,0,0.23635969593903752,6.4902194894812615,1.8098082770816708,0.12797619047619047,0.31746031746031744,0.10361722061346444,2,3,5,9,12926,exact,0.25,0.125,0.0625,0.75,0.625,0.5625,1.9375,1.0775588794702773
g_n16_m24_k2_001_q00,g_n16_m24_k2_001,q00,train,0.2,16,24,0.2,3.0,1.625,3,6,2,0,0,0.2944646326572701,7.4422566560976895,1.0447025695177747,0.10595238095238096,0.4680952380952381,0.13412279273999597,2,1,2,10,12926,exact,0.04000000000000001,0.008000000000000002,0.0016000000000000003,0.04000000000000001,0.016000000000000004,0.016000000000000004,0.07200000000000001,0.06952606264861025
g_n16_m24_k2_001_q01,g_n16_m24_k2_001,q01,train,0.3,16,24,0.2,3.0,1.625,3,6,2,0,0,0.2944646326572701,7.4422566560976895,1.0447025695177747,0.10595238095238096,0.4680952380952381,0.13412279273999597,2,1,2,10,12926,exact,0.09,0.026999999999999996,0.0081,0.09,0.05399999999999999,0.08099999999999999,0.22499999999999998,0.2029408439966903
g_n16_m24_k2_001_q02,g_n16_m24_k2_001,q02,train,0.4,16,24,0.2,3.0,1.625,3,6,2,0,0,0.2944646326572701,7.4422566560976895,1.0447025695177747,0.10595238095238096,0.4680952380952381,0.13412279273999597,2,1,2,10,12926,exact,0.16000000000000003,0.06400000000000002,0.025600000000000005,0.16000000000000003,0.12800000000000003,0.25600000000000006,0.544,0.4343764516025845
g_n16_m24_k2_001_q03,g_n16_m24_k2_001,q03,train,0.5,16,24,0.2,3.0,1.625,3,6,2,0,0,0.2944646326572701,7.4422566560976895,1.0447025695177747,0.10595238095238096,0.4680952380952381,0.13412279273999597,2,1,2,10,12926,exact,0.25,0.125,0.0625,0.25,0.25,0.625,1.125,0.7537718023763802
g_n16_m24_k2_002_q00,g_n16_m24_k2_002,q00,train,0.2,16,24,0.2,3.0,1.125,2,4,3,0,0,0.27541806208296044,6.943889883075936,1.5255094223992647,0.1142857142857143,0.3831746031746033,0.1271965980393504,2,3,2,7,12926,exact,0.04000000000000001,0.008000000000000002,0.0016000000000000003,0.12000000000000002,0.016000000000000004,0.011200000000000002,0.14720000000000005,0.1373241908632189
g_n16_m24_k2_002_q01,g_n16_m24_k2_002,q01,train,0.3,16,24,0.2,3.0,1.125,2,4,3,0,0,0.27541806208296044,6.943889883075936,1.5255094223992647,0.1142857142857143,0.3831746031746033,0.1271965980393504,2,3,2,7,12926,exact,0.09,0.026999999999999996,0.0081,0.27,0.05399999999999999,0.0567,0.38070000000000004,0.32259061693996965
g_n16_m24_k2_002_q02,g_n16_m24_k2_002,q02,train,0.4,16,24,0.2,3.0,1.125,2,4,3,0,0,0.27541806208296044,6.943889883075936,1.5255094223992647,0.1142857142857143,0.3831746031746033,0.1271965980393504,2,3,2,7,12926,exact,0.16000000000000003,0.06400000000000002,0.025600000000000005,0.4800000000000001,0.12800000000000003,0.17920000000000003,0.7872000000000001,0.5806501493327992
g_n16_m24_k2_002_q03,g_n16_m24_k2_002,q03,train,0.5,16,24,0.2,3.0,1.125,2,4,3,0,0,0.27541806208296044,6.943889883075936,1.5255094223992647,0.1142857142857143,0.3831746031746033,0.1271965980393504,2,3,2,7,12926,exact,0.25,0.125,0.0625,0.75,0.25,0.4375,1.4375,0.8909729238898652
g_n16_m24_k2_003_q00,g_n16_m24_k2_003,q00,test,0.2,16,24,0.2,3.0,0.875,2,2,3,0,0,0.32126128910923124,6.647555848945749,1.863738242210462,0.11130952380952382,0.2803174603174603,0.10391445278863912,2,4,4,11,12926,exact,0.04000000000000001,0.008000000000000002,0.0016000000000000003,0.16000000000000003,0.03200000000000001,0.017600000000000005,0.20960000000000004,0.19028972644313152
g_n16_m24_k2_003_q01,g_n16_m24_k2_003,q01,test,0.3,16,24,0.2,3.0,0.875,2,2,3,0,0,0.32126128910923124,6.647555848945749,1.863738242210462,0.11130952380952382,0.2803174603174603,0.10391445278863912,2,4,4,11,12926,exact,0.09,0.026999999999999996,0.0081,0.36,0.10799999999999998,0.0891,0.5570999999999999,0.4428251168652419
g_n16_m24_k2_003_q02,g_n16_m24_k2_003,q02,test,0.4,16,24,0.2,3.0,0.875,2,2,3,0,0,0.32126128910923124,6.647555848945749,1.863738242210462,0.11130952380952382,0.2803174603174603,0.10391445278863912,2,4,4,11,12926,exact,0.16000000000000003,0.06400000000000002,0.025600000000000005,0.6400000000000001,0.25600000000000006,0.2816000000000001,1.1776000000000002,0.7782233529150646
g_n16_m24_k2_003_q03,g_n16_m24_k2_003,q03,test,0.5,16,24,0.2,3.0,0.875,2,2,3,0,0,0.32126128910923124,6.647555848945749,1.863738242210462,0.11130952380952382,0.2803174603174603,0.10391445278863912,2,4,4,11,12926,exact,0.25,0.125,0.0625,1.0,0.5,0.6875,2.1875,1.1592369104845446
g_n16_m24_k2_004_q00,g_n16_m24_k2_004,q00,train,0.2,16,24,0.2,3.0,1.125,2,3,4,0,0,0.3048705120313172,7.006090455854233,1.7396691330448153,0.10357142857142859,0.433015873015873,0.12625602270919664,2,2,5,11,12926,exact,0.04000000000000001,0.008000000000000002,0.0016000000000000003,0.08000000000000002,0.04000000000000001,0.017600000000000005,0.13760000000000003,0.1289207800668394
g_n16_m24_k2_004_q01,g_n16_m24_k2_004,q01,train,0.3,16,24,0.2,3.0,1.125,2,3,4,0,0,0.3048705120313172,7.006090455854233,1.7396691330448153,0.10357142857142859,0.433015873015873,0.12625602270919664,2,2,5,11,12926,exact,0.09,0.026999999999999996,0.0081,0.18,0.13499999999999998,0.0891,0.40409999999999996,0.3393965281384595
g_n16_m24_k2_004_q02,g_n16_m24_k2_004,q02,train,0.4,16,24,0.2,3.0,1.125,2,3,4,0,0,0.3048705120313172,7.006090455854233,1.7396691330448153,0.10357142857142859,0.433015873015873,0.12625602270919664,2,2,5,11,12926,exact,0.16000000000000003,0.06400000000000002,0.025600000000000005,0.32000000000000006,0.32000000000000006,0.2816000000000001,0.9216000000000002,0.6531581723435822
g_n16_m24_k2_004_q03,g_n16_m24_k2_004,q03,train,0.5,16,24,0.2,3.0,1.125,2,3,4,0,0,0.3048705120313172,7.006090455854233,1.7396691330448153,0.10357142857142859,0.433015873015873,0.12625602270919664,2,2,5,11,12926,exact,0.25,0.125,0.0625,0.5,0.625,0.6875,1.8125,1.0340737675305385
g_n16_m24_k2_005_q00,g_n16_m24_k2_005,q00,test,0.2,16,24,0.2,3.0,0.875,4,2,3,0,0,0.27769280048724837,6.503401993196363,1.5659059474412138,0.11011904761904764,0.3103174603174603,0.10691278207268551,2,2,2,15,12926,exact,0.04000000000000001,0.008000000000000002,0.0016000000000000003,0.08000000000000002,0.016000000000000004,0.024000000000000004,0.12000000000000002,0.1133286853070032
g_n16_m24_k2_005_q01,g_n16_m24_k2_005,q01,test,0.3,16,24,0.2,3.0,0.875,4,2,3,0,0,0.27769280048724837,6.503401993196363,1.5659059474412138,0.11011904761904764,0.3103174603174603,0.10691278207268551,2,2,2,15,12926,exact,0.09,0.026999999999999996,0.0081,0.18,0.05399999999999999,0.1215,0.3555,0.30417038995658313
g_n16_m24_k2_005_q02,g_n16_m24_k2_005,q02,test,0.4,16,24,0.2,3.0,0.875,4,2,3,0,0,0.27769280048724837,6.503401993196363,1.5659059474412138,0.11011904761904764,0.3103174603174603,0.10691278207268551,2,2,2,15,12926,exact,0.16000000000000003,0.06400000000000002,0.025600000000000005,0.32000000000000006,0.12800000000000003,0.38400000000000006,0.8320000000000001,0.6054082662519386
g_n16_m24_k2_005_q03,g_n16_m24_k2_005,q03,test,0.5,16,24,0.2,3.0,0.875,4,2,3,0,0,0.27769280048724837,6.503401993196363,1.5659059474412138,0.11011904761904764,0.3103174603174603,0.10691278207268551,2,2,2,15,12926,exact,0.25,0.125,0.0625,0.5,0.25,0.9375,1.6875,0.9886113934537812
g_n16_m24_k2_006_q00,g_n16_m24_k2_006,q00,train,0.2,16,24,0.2,3.0,0.625,2,3,4,0,0,0.2993714533884685,6.052367785012404,1.9769303201506625,0.11785714285714285,0.3285714285714286,0.1037248756867454,2,3,8,15,12926,exact,0.04000000000000001,0.008000000000000002,0.0016000000000000003,0.12000000000000002,0.06400000000000002,0.024000000000000004,0.20800000000000005,0.18896609951262325
g_n16_m24_k2_006_q01,g_n16_m24_k2_006,q01,train,0.3,16,24,0.2,3.0,0.625,2,3,4,0,0,0.2993714533884685,6.052367785012404,1.9769303201506625,0.11785714285714285,0.3285714285714286,0.1037248756867454,2,3,8,15,12926,exact,0.09,0.026999999999999996,0.0081,0.27,0.21599999999999997,0.1215,0.6074999999999999,0.47468017712963734
g_n16_m24_k2_006_q02,g_n16_m24_k2_006,q02,train,0.4,16,24,0.2,3.0,0.625,2,3,4,0,0,0.2993714533884685,6.052367785012404,1.9769303201506625,0.11785714285714285,0.3285714285714286,0.1037248756867454,2,3,8,15,12926,exact,0.16000000000000003,0.06400000000000002,0.025600000000000005,0.4800000000000001,0.5120000000000001,0.38400000000000006,1.3760000000000003,0.8654184015003986
g_n16_m24_k2_006_q03,g_n16_m24_k2_006,q03,train,0.5,16,24,0.2,3.0,0.625,2,3,4,0,0,0.2993714533884685,6.052367785012404,1.9769303201506625,0.11785714285714285,0.3285714285714286,0.1037248756867454,2,3,8,15,12926,exact,0.25,0.125,0.0625,0.75,1.0,0.9375,2.6875,1.3049487216659381
g_n16_m24_k2_007_q00,g_n16_m24_k2_007,q00,validation,0.2,16,24,0.2,3.0,1.375,2,2,5,0,0,0.26559990577424175,7.323187265393023,2.1909802459932903,0.1130952380952381,0.38253968253968257,0.1248260316233112,2,3,6,15,12926,exact,0.04000000000000001,0.008000000000000002,0.0016000000000000003,0.12000000000000002,0.048000000000000015,0.024000000000000004,0.19200000000000003,0.17563256864315804
g_n16_m24_k2_007_q01,g_n16_m24_k2_007,q01,validation,0.3,16,24,0.2,3.0,1.375,2,2,5,0,0,0.26559990577424175,7.323187265393023,2.1909802459932903,0.1130952380952381,0.38253968253968257,0.1248260316233112,2,3,6,15,12926,exact,0.09,0.026999999999999996,0.0081,0.27,0.16199999999999998,0.1215,0.5535,0.44051044985096505
g_n16_m24_k2_007_q02,g_n16_m24_k2_007,q02,validation,0.4,16,24,0.2,3.0,1.375,2,2,5,0,0,0.26559990577424175,7.323187265393023,2.1909802459932903,0.1130952380952381,0.38253968253968257,0.1248260316233112,2,3,6,15,12926,exact,0.16000000000000003,0.06400000000000002,0.025600000000000005,0.4800000000000001,0.3840000000000001,0.38400000000000006,1.2480000000000002,0.8100409320314448
g_n16_m24_k2_007_q03,g_n16_m24_k2_007,q03,validation,0.5,16,24,0.2,3.0,1.375,2,2,5,0,0,0.26559990577424175,7.323187265393023,2.1909802459932903,0.1130952380952381,0.38253968253968257,0.1248260316233112,2,3,6,15,12926,exact,0.25,0.125,0.0625,0.75,0.75,0.9375,2.4375,1.2347444629926896
g_n16_m24_k2_008_q00,g_n16_m24_k2_008,q00,validation,0.2,16,24,0.2,3.0,1.25,3,2,4,0,0,0.2369412611109509,7.269273824201858,2.28218005952381,0.11785714285714285,0.4753968253968255,0.15710226748516265,2,2,12,9,12926,exact,0.04000000000000001,0.008000000000000002,0.0016000000000000003,0.08000000000000002,0.09600000000000003,0.014400000000000003,0.19040000000000004,0.1742893850966904
g_n16_m24_k2_008_q01,g_n16_m24_k2_008,q01,validation,0.3,16,24,0.2,3.0,1.25,3,2,4,0,0,0.2369412611109509,7.269273824201858,2.28218005952381,0.11785714285714285,0.4753968253968255,0.15710226748516265,2,2,12,9,12926,exact,0.09,0.026999999999999996,0.0081,0.18,0.32399999999999995,0.07289999999999999,0.5769,0.45546089442940413
g_n16_m24_k2_008_q02,g_n16_m24_k2_008,q02,validation,0.4,16,24,0.2,3.0,1.25,3,2,4,0,0,0.2369412611109509,7.269273824201858,2.28218005952381,0.11785714285714285,0.4753968253968255,0.15710226748516265,2,2,12,9,12926,exact,0.16000000000000003,0.06400000000000002,0.025600000000000005,0.32000000000000006,0.7680000000000002,0.23040000000000005,1.3184000000000005,0.8408772925842811
g_n16_m24_k2_008_q03,g_n16_m24_k2_008,q03,validation,0.5,16,24,0.2,3.0,1.25,3,2,4,0,0,0.2369412611109509,7.269273824201858,2.28218005952381,0.11785714285714285,0.4753968253968255,0.15710226748516265,2,2,12,9,12926,exact,0.25,0.125,0.0625,0.5,1.5,0.5625,2.5625,1.270462545594769
g_n16_m24_k2_009_q00,g_n16_m24_k2_009,q00,train,0.2,16,24,0.2,3.0,0.75,3,3,2,0,0,0.25344643910663495,6.64988761711184,0.8439623316247463,0.11726190476190476,0.35587301587301584,0.11681900080619385,2,1,2,4,12926,exact,0.04000000000000001,0.008000000000000002,0.0016000000000000003,0.04000000000000001,0.016000000000000004,0.006400000000000001,0.06240000000000001,0.06053049974003236
g_n16_m24_k2_009_q01,g_n16_m24_k2_009,q01,train,0.3,16,24,0.2,3.0,0.75,3,3,2,0,0,0.25344643910663495,6.64988761711184,0.8439623316247463,0.11726190476190476,0.35587301587301584,0.11681900080619385,2,1,2,4,12926,exact,0.09,0.026999999999999996,0.0081,0.09,0.05399999999999999,0.0324,0.1764,0.1624589276977029
g_n16_m24_k2_009_q02,g_n16_m24_k2_009,q02,train,0.4,16,24,0.2,3.0,0.75,3,3,2,0,0,0.25344643910663495,6.64988761711184,0.8439623316247463,0.11726190476190476,0.35587301587301584,0.11681900080619385,2,1,2,4,12926,exact,0.16000000000000003,0.06400000000000002,0.025600000000000005,0.16000000000000003,0.12800000000000003,0.10240000000000002,0.3904000000000001,0.3295914755289906
g_n16_m24_k2_009_q03,g_n16_m24_k2_009,q03,train,0.5,16,24,0.2,3.0,0.75,3,3,2,0,0,0.25344643910663495,6.64988761711184,0.8439623316247463,0.11726190476190476,0.35587301587301584,0.11681900080619385,2,1,2,4,12926,exact,0.25,0.125,0.0625,0.25,0.25,0.25,0.75,0.5596157879354227
g_n16_m24_k2_010_q00,g_n16_m24_k2_010,q00,train,0.2,16,24,0.2,3.0,0.625,4,2,3,0,0,0.2331084918903934,6.051747194253502,1.9766459245601935,0.12380952380952383,0.4357142857142858,0.13065773730808342,2,4,5,7,12926,exact,0.04000000000000001,0.008000000000000002,0.0016000000000000003,0.16000000000000003,0.04000000000000001,0.011200000000000002,0.21120000000000005,0.19161160370104732
g_n16_m24_k2_010_q01,g_n16_m24_k2_010,q01,train,0.3,16,24,0.2,3.0,0.625,4,2,3,0,0,0.2331084918903934,6.051747194253502,1.9766459245601935,0.12380952380952383,0.4357142857142858,0.13065773730808342,2,4,5,7,12926,exact,0.09,0.026999999999999996,0.0081,0.36,0.13499999999999998,0.0567,0.5517,0.43935110410730127
g_n16_m24_k2_010_q02,g_n16_m24_k2_010,q02,train,0.4,16,24,0.2,3.0,0.625,4,2,3,0,0,0.2331084918903934,6.051747194253502,1.9766459245601935,0.12380952380952383,0.4357142857142858,0.13065773730808342,2,4,5,7,12926,exact,0.16000000000000003,0.06400000000000002,0.025600000000000005,0.6400000000000001,0.32000000000000006,0.17920000000000003,1.1392000000000002,0.7604319273655418
g_n16_m24_k2_010_q03,g_n16_m24_k2_010,q03,train,0.5,16,24,0.2,3.0,0.625,4,2,3,0,0,0.2331084918903934,6.051747194253502,1.9766459245601935,0.12380952380952383,0.4357142857142858,0.13065773730808342,2,4,5,7,12926,exact,0.25,0.125,0.0625,1.0,0.625,0.4375,2.0625,1.1192315758708453
g_n16_m24_k2_011_q00,g_n16_m24_k2_011,q00,train,0.2,16,24,0.2,3.0,1.125,4,4,2,0,0,0.2450689952843159,6.499925359377888,1.0333508160306033,0.12023809523809526,0.4047619047619048,0.10948282532004948,2,1,1,11,12926,exact,0.04000000000000001,0.008000000000000002,0.0016000000000000003,0.04000000000000001,0.008000000000000002,0.017600000000000005,0.06560000000000002,0.06353802080398765
g_n16_m24_k2_011_q01,g_n16_m24_k2_011,q01,train,0.3,16,24,0.2,3.0,1.125,4,4,2,0,0,0.2450689952843159,6.499925359377888,1.0333508160306033,0.12023809523809526,0.4047619047619048,0.10948282532004948,2,1,1,11,12926,exact,0.09,0.026999999999999996,0.0081,0.09,0.026999999999999996,0.0891,0.2061,0.1873920136070602
g_n16_m24_k2_011_q02,g_n16_m24_k2_011,q02,train,0.4,16,24,0.2,3.0,1.125,4,4,2,0,0,0.2450689952843159,6.499925359377888,1.0333508160306033,0.12023809523809526,0.4047619047619048,0.10948282532004948,2,1,1,11,12926,exact,0.16000000000000003,0.06400000000000002,0.025600000000000005,0.16000000000000003,0.06400000000000002,0.2816000000000001,0.5056,0.4091914898489782
g_n16_m24_k2_011_q03,g_n16_m24_k2_011,q03,train,0.5,16,24,0.2,3.0,1.125,4,4,2,0,0,0.2450689952843159,6.499925359377888,1.0333508160306033,0.12023809523809526,0.4047619047619048,0.10948282532004948,2,1,1,11,12926,exact,0.25,0.125,0.0625,0.25,0.125,0.6875,1.0625,0.723918839226699
g_n16_m24_k2_012_q00,g_n16_m24_k2_012,q00,train,0.2,16,24,0.2,3.0,0.625,4,3,2,0,0,0.2895113271112431,6.423359674669921,1.087487463866438,0.11250000000000002,0.3432199546485261,0.1021455457453652,2,1,3,8,12926,exact,0.04000000000000001,0.008000000000000002,0.0016000000000000003,0.04000000000000001,0.024000000000000007,0.012800000000000002,0.07680000000000002,0.07399367990832632
g_n16_m24_k2_012_q01,g_n16_m24_k2_012,q01,train,0.3,16,24,0.2,3.0,0.625,4,3,2,0,0,0.2895113271112431,6.423359674669921,1.087487463866438,0.11250000000000002,0.3432199546485261,0.1021455457453652,2,1,3,8,12926,exact,0.09,0.026999999999999996,0.0081,0.09,0.08099999999999999,0.0648,0.23579999999999998,0.2117185336447421
g_n16_m24_k2_012_q02,g_n16_m24_k2_012,q02,train,0.4,16,24,0.2,3.0,0.625,4,3,2,0,0,0.2895113271112431,6.423359674669921,1.087487463866438,0.11250000000000002,0.3432199546485261,0.1021455457453652,2,1,3,8,12926,exact,0.16000000000000003,0.06400000000000002,0.025600000000000005,0.16000000000000003,0.19200000000000006,0.20480000000000004,0.5568000000000002,0.4426324324496037
g_n16_m24_k2_012_q03,g_n16_m24_k2_012,q03,train,0.5,16,24,0.2,3.0,0.625,4,3,2,0,0,0.2895113271112431,6.423359674669921,1.087487463866438,0.11250000000000002,0.3432199546485261,0.1021455457453652,2,1,3,8,12926,exact,0.25,0.125,0.0625,0.25,0.375,0.5,1.125,0.7537718023763802
g_n16_m24_k2_013_q00,g_n16_m24_k2_013,q00,test,0.2,16,24,0.2,3.0,1.0,3,2,4,0,0,0.27943906868275076,6.724873784372901,1.6026244952893676,0.1160714285714286,0.4484126984126985,0.13526144513938282,2,2,6,13,12926,exact,0.04000000000000001,0.008000000000000002,0.0016000000000000003,0.08000000000000002,0.048000000000000015,0.020800000000000003,0.14880000000000004,0.13871791931182273
g_n16_m24_k2_013_q01,g_n16_m24_k2_013,q01,test,0.3,16,24,0.2,3.0,1.0,3,2,4,0,0,0.27943906868275076,6.724873784372901,1.6026244952893676,0.1160714285714286,0.4484126984126985,0.13526144513938282,2,2,6,13,12926,exact,0.09,0.026999999999999996,0.0081,0.18,0.16199999999999998,0.10529999999999999,0.4473,0.3696997516614218
g_n16_m24_k2_013_q02,g_n16_m24_k2_013,q02,test,0.4,16,24,0.2,3.0,1.0,3,2,4,0,0,0.27943906868275076,6.724873784372901,1.6026244952893676,0.1160714285714286,0.4484126984126985,0.13526144513938282,2,2,6,13,12926,exact,0.16000000000000003,0.06400000000000002,0.025600000000000005,0.32000000000000006,0.3840000000000001,0.33280000000000004,1.0368000000000002,0.7113799488210051
g_n16_m24_k2_013_q03,g_n16_m24_k2_013,q03,test,0.5,16,24,0.2,3.0,1.0,3,2,4,0,0,0.27943906868275076,6.724873784372901,1.6026244952893676,0.1160714285714286,0.4484126984126985,0.13526144513938282,2,2,6,13,12926,exact,0.25,0.125,0.0625,0.5,0.75,0.8125,2.0625,1.1192315758708453
g_n16_m24_k2_014_q00,g_n16_m24_k2_014,q00,train,0.2,16,24,0.2,3.0,0.5,3,4,4,0,0,0.21516241644114165,6.342197455387098,1.8436596133353627,0.12916666666666668,0.3576190476190476,0.11974208157441245,2,3,8,11,12926,exact,0.04000000000000001,0.008000000000000002,0.0016000000000000003,0.12000000000000002,0.06400000000000002,0.017600000000000005,0.20160000000000006,0.1836540020277333
g_n16_m24_k2_014_q01,g_n16_m24_k2_014,q01,train,0.3,16,24,0.2,3.0,0.5,3,4,4,0,0,0.21516241644114165,6.342197455387098,1.8436596133353627,0.12916666666666668,0.3576190476190476,0.11974208157441245,2,3,8,11,12926,exact,0.09,0.026999999999999996,0.0081,0.27,0.21599999999999997,0.0891,0.5751,0.4543187623255527
g_n16_m24_k2_014_q02,g_n16_m24_k2_014,q02,train,0.4,16,24,0.2,3.0,0.5,3,4,4,0,0,0.21516241644114165,6.342197455387098,1.8436596133353627,0.12916666666666668,0.3576190476190476,0.11974208157441245,2,3,8,11,12926,exact,0.16000000000000003,0.06400000000000002,0.025600000000000005,0.4800000000000001,0.5120000000000001,0.2816000000000001,1.2736000000000003,0.8213644783606993
g_n16_m24_k2_014_q03,g_n16_m24_k2_014,q03,train,0.5,16,24,0.2,3.0,0.5,3,4,4,0,0,0.21516241644114165,6.342197455387098,1.8436596133353627,0.12916666666666668,0.3576190476190476,0.11974208157441245,2,3,8,11,12926,exact,0.25,0.125,0.0625,0.75,1.0,0.6875,2.4375,1.2347444629926896
g_n16_m24_k2_015_q00,g_n16_m24_k2_015,q00,train,0.2,16,24,0.2,3.0,1.0,2,3,5,0,0,0.25662896652735434,6.517372430622241,2.1576842982090794,0.11547619047619048,0.32063492063492066,0.11572274992449923,2,2,9,17,12926,exact,0.04000000000000001,0.008000000000000002,0.0016000000000000003,0.08000000000000002,0.07200000000000002,0.027200000000000005,0.17920000000000003,0.16483624245293513
g_n16_m24_k2_015_q01,g_n16_m24_k2_015,q01,train,0.3,16,24,0.2,3.0,1.0,2,3,5,0,0,0.25662896652735434,6.517372430622241,2.1576842982090794,0.11547619047619048,0.32063492063492066,0.11572274992449923,2,2,9,17,12926,exact,0.09,0.026999999999999996,0.0081,0.18,0.24299999999999997,0.1377,0.5607,0.44513443856637086
g_n16_m24_k2_015_q02,g_n16_m24_k2_015,q02,train,0.4,16,24,0.2,3.0,1.0,2,3,5,0,0,0.25662896652735434,6.517372430622241,2.1576842982090794,0.11547619047619048,0.32063492063492066,0.11572274992449923,2,2,9,17,12926,exact,0.16000000000000003,0.06400000000000002,0.025600000000000005,0.32000000000000006,0.5760000000000002,0.4352000000000001,1.3312000000000004,0.8463831564588035
g_n16_m24_k2_015_q03,g_n16_m24_k2_015,q03,train,0.5,16,24,0.2,3.0,1.0,2,3,5,0,0,0.25662896652735434,6.517372430622241,2.1576842982090794,0.11547619047619048,0.32063492063492066,0.11572274992449923,2,2,9,17,12926,exact,0.25,0.125,0.0625,0.5,1.125,1.0625,2.6875,1.3049487216659381
g_n16_m24_k2_016_q00,g_n16_m24_k2_016,q00,validation,0.2,16,24,0.2,3.0,0.75,3,4,3,0,0,0.2807272272135924,6.434856096500943,1.2008876430740483,0.11071428571428572,0.32777777777777783,0.11160498234240386,2,1,3,12,12926,exact,0.04000000000000001,0.008000000000000002,0.0016000000000000003,0.04000000000000001,0.024000000000000007,0.019200000000000002,0.08320000000000002,0.07991962317587352
g_n16_m24_k2_016_q01,g_n16_m24_k2_016,q01,validation,0.3,16,24,0.2,3.0,0.75,3,4,3,0,0,0.2807272272135924,6.434856096500943,1.2008876430740483,0.11071428571428572,0.32777777777777783,0.11160498234240386,2,1,3,12,12926,exact,0.09,0.026999999999999996,0.0081,0.09,0.08099999999999999,0.0972,0.2682,0.2375985722837942
g_n16_m24_k2_016_q02,g_n16_m24_k2_016,q02,validation,0.4,16,24,0.2,3.0,0.75,3,4,3,0,0,0.2807272272135924,6.434856096500943,1.2008876430740483,0.11071428571428572,0.32777777777777783,0.11160498234240386,2,1,3,12,12926,exact,0.16000000000000003,0.06400000000000002,0.025600000000000005,0.16000000000000003,0.19200000000000006,0.30720000000000003,0.6592000000000001,0.506335558493126
g_n16_m24_k2_016_q03,g_n16_m24_k2_016,q03,validation,0.5,16,24,0.2,3.0,0.75,3,4,3,0,0,0.2807272272135924,6.434856096500943,1.2008876430740483,0.11071428571428572,0.32777777777777783,0.11160498234240386,2,1,3,12,12926,exact,0.25,0.125,0.0625,0.25,0.375,0.75,1.375,0.8649974374866045
g_n16_m24_k2_017_q00,g_n16_m24_k2_017,q00,validation,0.2,16,24,0.2,3.0,1.125,4,3,3,0,0,0.2312565171118814,7.039386192514293,1.5433160132262649,0.12261904761904763,0.49012093726379447,0.15239346947448118,2,1,7,9,12926,exact,0.04000000000000001,0.008000000000000002,0.0016000000000000003,0.04000000000000001,0.056000000000000015,0.014400000000000003,0.11040000000000003,0.10472031077040303
g_n16_m24_k2_017_q01,g_n16_m24_k2_017,q01,validation,0.3,16,24,0.2,3.0,1.125,4,3,3,0,0,0.2312565171118814,7.039386192514293,1.5433160132262649,0.12261904761904763,0.49012093726379447,0.15239346947448118,2,1,7,9,12926,exact,0.09,0.026999999999999996,0.0081,0.09,0.18899999999999997,0.07289999999999999,0.3519,0.30151101038822264
g_n16_m24_k2_017_q02,g_n16_m24_k2_017,q02,validation,0.4,16,24,0.2,3.0,1.125,4,3,3,0,0,0.2312565171118814,7.039386192514293,1.5433160132262649,0.12261904761904763,0.49012093726379447,0.15239346947448118,2,1,7,9,12926,exact,0.16000000000000003,0.06400000000000002,0.025600000000000005,0.16000000000000003,0.4480000000000001,0.23040000000000005,0.8384000000000001,0.6088956281123543
g_n16_m24_k2_017_q03,g_n16_m24_k2_017,q03,validation,0.5,16,24,0.2,3.0,1.125,4,3,3,0,0,0.2312565171118814,7.039386192514293,1.5433160132262649,0.12261904761904763,0.49012093726379447,0.15239346947448118,2,1,7,9,12926,exact,0.25,0.125,0.0625,0.25,0.875,0.5625,1.6875,0.9886113934537812
g_n16_m24_k2_018_q00,g_n16_m24_k2_018,q00,test,0.2,16,24,0.2,3.0,1.5,5,5,2,0,0,0.34191328060414866,7.561618399862518,0.8941485864562788,0.09940476190476191,0.48253968253968255,0.14864686877758201,2,1,3,6,12926,exact,0.04000000000000001,0.008000000000000002,0.0016000000000000003,0.04000000000000001,0.024000000000000007,0.009600000000000001,0.07360000000000001,0.0710174872352803
g_n16_m24_k2_018_q01,g_n16_m24_k2_018,q01,test,0.3,16,24,0.2,3.0,1.5,5,5,2,0,0,0.34191328060414866,7.561618399862518,0.8941485864562788,0.09940476190476191,0.48253968253968255,0.14864686877758201,2,1,3,6,12926,exact,0.09,0.026999999999999996,0.0081,0.09,0.08099999999999999,0.0486,0.2196,0.19852293613196265
g_n16_m24_k2_018_q02,g_n16_m24_k2_018,q02,test,0.4,16,24,0.2,3.0,1.5,5,5,2,0,0,0.34191328060414866,7.561618399862518,0.8941485864562788,0.09940476190476191,0.48253968253968255,0.14864686877758201,2,1,3,6,12926,exact,0.16000000000000003,0.06400000000000002,0.025600000000000005,0.16000000000000003,0.19200000000000006,0.15360000000000001,0.5056,0.4091914898489782
g_n16_m24_k2_018_q03,g_n16_m24_k2_018,q03,test,0.5,16,24,0.2,3.0,1.5,5,5,2,0,0,0.34191328060414866,7.561618399862518,0.8941485864562788,0.09940476190476191,0.48253968253968255,0.14864686877758201,2,1,3,6,12926,exact,0.25,0.125,0.0625,0.25,0.375,0.375,1.0,0.6931471805599453
g_n16_m24_k2_019_q00,g_n16_m24_k2_019,q00,train,0.2,16,24,0.2,3.0,0.5,2,4,3,0,0,0.2792538893776094,6.537558473878995,1.5399451781709448,0.11607142857142858,0.3896598639455782,0.11663433755520763,2,3,2,11,12926,exact,0.04000000000000001,0.008000000000000002,0.0016000000000000003,0.12000000000000002,0.016000000000000004,0.017600000000000005,0.15360000000000004,0.1428874875485476
g_n16_m24_k2_019_q01,g_n16_m24_k2_019,q01,train,0.3,16,24,0.2,3.0,0.5,2,4,3,0,0,0.2792538893776094,6.537558473878995,1.5399451781709448,0.11607142857142858,0.3896598639455782,0.11663433755520763,2,3,2,11,12926,exact,0.09,0.026999999999999996,0.0081,0.27,0.05399999999999999,0.0891,0.4131,0.34578587260656346
g_n16_m24_k2_019_q02,g_n16_m24_k2_019,q02,train,0.4,16,24,0.2,3.0,0.5,2,4,3,0,0,0.2792538893776094,6.537558473878995,1.5399451781709448,0.11607142857142858,0.3896598639455782,0.11663433755520763,2,3,2,11,12926,exact,0.16000000000000003,0.06400000000000002,0.025600000000000005,0.4800000000000001,0.12800000000000003,0.2816000000000001,0.8896000000000002,0.6363651664609609
g_n16_m24_k2_019_q03,g_n16_m24_k2_019,q03,train,0.5,16,24,0.2,3.0,0.5,2,4,3,0,0,0.2792538893776094,6.537558473878995,1.5399451781709448,0.11607142857142858,0.3896598639455782,0.11663433755520763,2,3,2,11,12926,exact,0.25,0.125,0.0625,0.75,0.25,0.6875,1.6875,0.9886113934537812
g_n16_m24_k2_020_q00,g_n16_m24_k2_020,q00,test,0.2,16,24,0.2,3.0,0.5,4,2,3,0,0,0.25885928209914716,6.435169098725005,1.3372124916735242,0.12023809523809526,0.30317460317460315,0.10166555146037176,2,2,3,9,12926,exact,0.04000000000000001,0.008000000000000002,0.0016000000000000003,0.08000000000000002,0.024000000000000007,0.014400000000000003,0.11840000000000003,0.11189909249740879
g_n16_m24_k2_020_q01,g_n16_m24_k2_020,q01,test,0.3,16,24,0.2,3.0,0.5,4,2,3,0,0,0.25885928209914716,6.435169098725005,1.3372124916735242,0.12023809523809526,0.30317460317460315,0.10166555146037176,2,2,3,9,12926,exact,0.09,0.026999999999999996,0.0081,0.18,0.08099999999999999,0.07289999999999999,0.3339,0.2881069821648613
g_n16_m24_k2_020_q02,g_n16_m24_k2_020,q02,test,0.4,16,24,0.2,3.0,0.5,4,2,3,0,0,0.25885928209914716,6.435169098725005,1.3372124916735242,0.12023809523809526,0.30317460317460315,0.10166555146037176,2,2,3,9,12926,exact,0.16000000000000003,0.06400000000000002,0.025600000000000005,0.32000000000000006,0.19200000000000006,0.23040000000000005,0.7424000000000002,0.5552634731965591
g_n16_m24_k2_020_q03,g_n16_m24_k2_020,q03,test,0.5,16,24,0.2,3.0,0.5,4,2,3,0,0,0.25885928209914716,6.435169098725005,1.3372124916735242,0.12023809523809526,0.30317460317460315,0.10166555146037176,2,2,3,9,12926,exact,0.25,0.125,0.0625,0.5,0.375,0.5625,1.4375,0.8909729238898652
g_n16_m24_k2_021_q00,g_n16_m24_k2_021,q00,test,0.2,16,24,0.2,3.0,0.375,3,3,5,0,0,0.2867428863595881,6.268846056928265,1.8253927404556225,0.10952380952380954,0.3452380952380953,0.1000330633171541,2,1,7,17,12926,exact,0.04000000000000001,0.008000000000000002,0.0016000000000000003,0.04000000000000001,0.056000000000000015,0.027200000000000005,0.12320000000000003,0.11618175428940965
g_n16_m24_k2_021_q01,g_n16_m24_k2_021,q01,test,0.3,16,24,0.2,3.0,0.375,3,3,5,0,0,0.2867428863595881,6.268846056928265,1.8253927404556225,0.10952380952380954,0.3452380952380953,0.1000330633171541,2,1,7,17,12926,exact,0.09,0.026999999999999996,0.0081,0.09,0.18899999999999997,0.1377,0.41669999999999996,0.34833022340316816
g_n16_m24_k2_021_q02,g_n16_m24_k2_021,q02,test,0.4,16,24,0.2,3.0,0.375,3,3,5,0,0,0.2867428863595881,6.268846056928265,1.8253927404556225,0.10952380952380954,0.3452380952380953,0.1000330633171541,2,1,7,17,12926,exact,0.16000000000000003,0.06400000000000002,0.025600000000000005,0.16000000000000003,0.4480000000000001,0.4352000000000001,1.0432000000000001,0.7145172062961379
g_n16_m24_k2_021_q03,g_n16_m24_k2_021,q03,test,0.5,16,24,0.2,3.0,0.375,3,3,5,0,0,0.2867428863595881,6.268846056928265,1.8253927404556225,0.10952380952380954,0.3452380952380953,0.1000330633171541,2,1,7,17,12926,exact,0.25,0.125,0.0625,0.25,0.875,1.0625,2.1875,1.1592369104845446
g_n16_m24_k2_022_q00,g_n16_m24_k2_022,q00,train,0.2,16,24,0.2,3.0,1.0,3,4,4,0,0,0.2036846713971594,7.277828557969548,1.9126583484141355,0.13630952380952382,0.48322751322751323,0.13549722858229413,2,2,8,11,12926,exact,0.04000000000000001,0.008000000000000002,0.0016000000000000003,0.08000000000000002,0.06400000000000002,0.017600000000000005,0.16160000000000002,0.1497983650883946
g_n16_m24_k2_022_q01,g_n16_m24_k2_022,q01,train,0.3,16,24,0.2,3.0,1.0,3,4,4,0,0,0.2036846713971594,7.277828557969548,1.9126583484141355,0.13630952380952382,0.48322751322751323,0.13549722858229413,2,2,8,11,12926,exact,0.09,0.026999999999999996,0.0081,0.18,0.21599999999999997,0.0891,0.4851,0.3954821100547624
g_n16_m24_k2_022_q02,g_n16_m24_k2_022,q02,train,0.4,16,24,0.2,3.0,1.0,3,4,4,0,0,0.2036846713971594,7.277828557969548,1.9126583484141355,0.13630952380952382,0.48322751322751323,0.13549722858229413,2,2,8,11,12926,exact,0.16000000000000003,0.06400000000000002,0.025600000000000005,0.32000000000000006,0.5120000000000001,0.2816000000000001,1.1136000000000004,0.748392654785924
g_n16_m24_k2_022_q03,g_n16_m24_k2_022,q03,train,0.5,16,24,0.2,3.0,1.0,3,4,4,0,0,0.2036846713971594,7.277828557969548,1.9126583484141355,0.13630952380952382,0.48322751322751323,0.13549722858229413,2,2,8,11,12926,exact,0.25,0.125,0.0625,0.5,1.0,0.6875,2.1875,1.1592369104845446
g_n16_m24_k2_023_q00,g_n16_m24_k2_023,q00,train,0.2,16,24,0.2,3.0,0.75,2,2,4,0,0,0.2851448177512074,6.124801999232,2.219565917215906,0.1136904761904762,0.3096825396825397,0.1027448850350062,2,3,5,23,12926,exact,0.04000000000000001,0.008000000000000002,0.0016000000000000003,0.12000000000000002,0.04000000000000001,0.036800000000000006,0.19680000000000003,0.17965132823807578
g_n16_m24_k2_023_q01,g_n16_m24_k2_023,q01,train,0.3,16,24,0.2,3.0,0.75,2,2,4,0,0,0.2851448177512074,6.124801999232,2.219565917215906,0.1136904761904762,0.3096825396825397,0.1027448850350062,2,3,5,23,12926,exact,0.09,0.026999999999999996,0.0081,0.27,0.13499999999999998,0.1863,0.5913,0.46455129223400116
g_n16_m24_k2_023_q02,g_n16_m24_k2_023,q02,train,0.4,16,24,0.2,3.0,0.75,2,2,4,0,0,0.2851448177512074,6.124801999232,2.219565917215906,0.1136904761904762,0.3096825396825397,0.1027448850350062,2,3,5,23,12926,exact,0.16000000000000003,0.06400000000000002,0.025600000000000005,0.4800000000000001,0.32000000000000006,0.5888000000000001,1.3888000000000003,0.870791147802789
g_n16_m24_k2_023_q03,g_n16_m24_k2_023,q03,train,0.5,16,24,0.2,3.0,0.75,2,2,4,0,0,0.2851448177512074,6.124801999232,2.219565917215906,0.1136904761904762,0.3096825396825397,0.1027448850350062,2,3,5,23,12926,exact,0.25,0.125,0.0625,0.75,0.625,1.4375,2.8125,1.33828514193353
g_n16_m24_k2_024_q00,g_n16_m24_k2_024,q00,train,0.2,16,24,0.2,3.0,1.375,2,4,3,0,0,0.31392061823504425,6.674429470298379,1.7504198152812767,0.10595238095238096,0.34920634920634924,0.1349454342287978,2,3,4,7,12926,exact,0.04000000000000001,0.008000000000000002,0.0016000000000000003,0.12000000000000002,0.03200000000000001,0.011200000000000002,0.1632,0.15117482779711788
g_n16_m24_k2_024_q01,g_n16_m24_k2_024,q01,train,0.3,16,24,0.2,3.0,1.375,2,4,3,0,0,0.31392061823504425,6.674429470298379,1.7504198152812767,0.10595238095238096,0.34920634920634924,0.1349454342287978,2,3,4,7,12926,exact,0.09,0.026999999999999996,0.0081,0.27,0.10799999999999998,0.0567,0.4347,0.3609557681222072
g_n16_m24_k2_024_q02,g_n16_m24_k2_024,q02,train,0.4,16,24,0.2,3.0,1.375,2,4,3,0,0,0.31392061823504425,6.674429470298379,1.7504198152812767,0.10595238095238096,0.34920634920634924,0.1349454342287978,2,3,4,7,12926,exact,0.16000000000000003,0.06400000000000002,0.025600000000000005,0.4800000000000001,0.25600000000000006,0.17920000000000003,0.9152000000000002,0.6498220558215718
g_n16_m24_k2_024_q03,g_n16_m24_k2_024,q03,train,0.5,16,24,0.2,3.0,1.375,2,4,3,0,0,0.31392061823504425,6.674429470298379,1.7504198152812767,0.10595238095238096,0.34920634920634924,0.1349454342287978,2,3,4,7,12926,exact,0.25,0.125,0.0625,0.75,0.5,0.4375,1.6875,0.9886113934537812
g_n16_m24_k2_025_q00,g_n16_m24_k2_025,q00,train,0.2,16,24,0.2,3.0,1.125,2,3,5,0,0,0.27428642160305233,6.904542775359043,2.0993377483443756,0.1136904761904762,0.3619501133786849,0.12109842446823055,2,3,4,20,12926,exact,0.04000000000000001,0.008000000000000002,0.0016000000000000003,0.12000000000000002,0.03200000000000001,0.03200000000000001,0.18400000000000002,0.16889853646181396
g_n16_m24_k2_025_q01,g_n16_m24_k2_025,q01,train,0.3,16,24,0.2,3.0,1.125,2,3,5,0,0,0.27428642160305233,6.904542775359043,2.0993377483443756,0.1136904761904762,0.3619501133786849,0.12109842446823055,2,3,4,20,12926,exact,0.09,0.026999999999999996,0.0081,0.27,0.10799999999999998,0.16199999999999998,0.54,0.43178241642553783
g_n16_m24_k2_025_q02,g_n16_m24_k2_025,q02,train,0.4,16,24,0.2,3.0,1.125,2,3,5,0,0,0.27428642160305233,6.904542775359043,2.0993377483443756,0.1136904761904762,0.3619501133786849,0.12109842446823055,2,3,4,20,12926,exact,0.16000000000000003,0.06400000000000002,0.025600000000000005,0.4800000000000001,0.25600000000000006,0.5120000000000001,1.2480000000000002,0.8100409320314448
g_n16_m24_k2_025_q03,g_n16_m24_k2_025,q03,train,0.5,16,24,0.2,3.0,1.125,2,3,5,0,0,0.27428642160305233,6.904542775359043,2.0993377483443756,0.1136904761904762,0.3619501133786849,0.12109842446823055,2,3,4,20,12926,exact,0.25,0.125,0.0625,0.75,0.5,1.25,2.5,1.252762968495368
g_n16_m24_k2_026_q00,g_n16_m24_k2_026,q00,test,0.2,16,24,0.2,3.0,0.625,4,4,3,0,0,0.2445813640277295,6.392842255688889,1.1047687861271673,0.12261904761904763,0.3615873015873016,0.10866322815440028,2,1,4,11,12926,exact,0.04000000000000001,0.008000000000000002,0.0016000000000000003,0.04000000000000001,0.03200000000000001,0.017600000000000005,0.08960000000000001,0.08581065641311088
g_n16_m24_k2_026_q01,g_n16_m24_k2_026,q01,test,0.3,16,24,0.2,3.0,0.625,4,4,3,0,0,0.2445813640277295,6.392842255688889,1.1047687861271673,0.12261904761904763,0.3615873015873016,0.10866322815440028,2,1,4,11,12926,exact,0.09,0.026999999999999996,0.0081,0.09,0.10799999999999998,0.0891,0.28709999999999997,0.252391625673195
g_n16_m24_k2_026_q02,g_n16_m24_k2_026,q02,test,0.4,16,24,0.2,3.0,0.625,4,4,3,0,0,0.2445813640277295,6.392842255688889,1.1047687861271673,0.12261904761904763,0.3615873015873016,0.10866322815440028,2,1,4,11,12926,exact,0.16000000000000003,0.06400000000000002,0.025600000000000005,0.16000000000000003,0.25600000000000006,0.2816000000000001,0.6976000000000002,0.5292154888775817
g_n16_m24_k2_026_q03,g_n16_m24_k2_026,q03,test,0.5,16,24,0.2,3.0,0.625,4,4,3,0,0,0.2445813640277295,6.392842255688889,1.1047687861271673,0.12261904761904763,0.3615873015873016,0.10866322815440028,2,1,4,11,12926,exact,0.25,0.125,0.0625,0.25,0.5,0.6875,1.4375,0.8909729238898652
g_n16_m24_k2_027_q00,g_n16_m24_k2_027,q00,train,0.2,16,24,0.2,3.0,1.0,2,4,2,0,0,0.3193473027522638,7.027608101587101,1.3143616533773257,0.10654761904761906,0.4057142857142857,0.12613170614095698,2,2,3,9,12926,exact,0.04000000000000001,0.008000000000000002,0.0016000000000000003,0.08000000000000002,0.024000000000000007,0.014400000000000003,0.11840000000000003,0.11189909249740879
g_n16_m24_k2_027_q01,g_n16_m24_k2_027,q01,train,0.3,16,24,0.2,3.0,1.0,2,4,2,0,0,0.3193473027522638,7.027608101587101,1.3143616533773257,0.10654761904761906,0.4057142857142857,0.12613170614095698,2,2,3,9,12926,exact,0.09,0.026999999999999996,0.0081,0.18,0.08099999999999999,0.07289999999999999,0.3339,0.2881069821648613
g_n16_m24_k2_027_q02,g_n16_m24_k2_027,q02,train,0.4,16,24,0.2,3.0,1.0,2,4,2,0,0,0.3193473027522638,7.027608101587101,1.3143616533773257,0.10654761904761906,0.4057142857142857,0.12613170614095698,2,2,3,9,12926,exact,0.16000000000000003,0.06400000000000002,0.025600000000000005,0.32000000000000006,0.19200000000000006,0.23040000000000005,0.7424000000000002,0.5552634731965591
g_n16_m24_k2_027_q03,g_n16_m24_k2_027,q03,train,0.5,16,24,0.2,3.0,1.0,2,4,2,0,0,0.3193473027522638,7.027608101587101,1.3143616533773257,0.10654761904761906,0.4057142857142857,0.12613170614095698,2,2,3,9,12926,exact,0.25,0.125,0.0625,0.5,0.375,0.5625,1.4375,0.8909729238898652
g_n16_m24_k2_028_q00,g_n16_m24_k2_028,q00,train,0.2,16,24,0.2,3.0,0.5,3,4,3,0,0,0.23171905264354298,6.232053570558271,1.3534303534303531,0.12142857142857144,0.42539682539682544,0.12779071708122636,2,1,5,16,12926,exact,0.04000000000000001,0.008000000000000002,0.0016000000000000003,0.04000000000000001,0.04000000000000001,0.025600000000000005,0.10560000000000003,0.10038817403126843
g_n16_m24_k2_028_q01,g_n16_m24_k2_028,q01,train,0.3,16,24,0.2,3.0,0.5,3,4,3,0,0,0.23171905264354298,6.232053570558271,1.3534303534303531,0.12142857142857144,0.42539682539682544,0.12779071708122636,2,1,5,16,12926,exact,0.09,0.026999999999999996,0.0081,0.09,0.13499999999999998,0.1296,0.35459999999999997,0.3035062077986662
g_n16_m24_k2_028_q02,g_n16_m24_k2_028,q02,train,0.4,16,24,0.2,3.0,0.5,3,4,3,0,0,0.23171905264354298,6.232053570558271,1.3534303534303531,0.12142857142857144,0.42539682539682544,0.12779071708122636,2,1,5,16,12926,exact,0.16000000000000003,0.06400000000000002,0.025600000000000005,0.16000000000000003,0.32000000000000006,0.4096000000000001,0.8896000000000002,0.6363651664609609
g_n16_m24_k2_028_q03,g_n16_m24_k2_028,q03,train,0.5,16,24,0.2,3.0,0.5,3,4,3,0,0,0.23171905264354298,6.232053570558271,1.3534303534303531,0.12142857142857144,0.42539682539682544,0.12779071708122636,2,1,5,16,12926,exact,0.25,0.125,0.0625,0.25,0.625,1.0,1.875,1.0560526742493137
g_n16_m24_k2_029_q00,g_n16_m24_k2_029,q00,train,0.2,16,24,0.2,3.0,0.75,3,3,4,0,0,0.23448697999830148,6.720875069039241,1.8575865883754568,0.1267857142857143,0.42619047619047623,0.12571930229889738,2,1,8,20,12926,exact,0.04000000000000001,0.008000000000000002,0.0016000000000000003,0.04000000000000001,0.06400000000000002,0.03200000000000001,0.13600000000000004,0.12751332029895965
g_n16_m24_k2_029_q01,g_n16_m24_k2_029,q01,train,0.3,16,24,0.2,3.0,0.75,3,3,4,0,0,0.23448697999830148,6.720875069039241,1.8575865883754568,0.1267857142857143,0.42619047619047623,0.12571930229889738,2,1,8,20,12926,exact,0.09,0.026999999999999996,0.0081,0.09,0.21599999999999997,0.16199999999999998,0.4679999999999999,0.3839009301923238
g_n16_m24_k2_029_q02,g_n16_m24_k2_029,q02,train,0.4,16,24,0.2,3.0,0.75,3,3,4,0,0,0.23448697999830148,6.720875069039241,1.8575865883754568,0.1267857142857143,0.42619047619047623,0.12571930229889738,2,1,8,20,12926,exact,0.16000000000000003,0.06400000000000002,0.025600000000000005,0.16000000000000003,0.5120000000000001,0.5120000000000001,1.1840000000000002,0.7811580578826587
g_n16_m24_k2_029_q03,g_n16_m24_k2_029,q03,train,0.5,16,24,0.2,3.0,0.75,3,3,4,0,0,0.23448697999830148,6.720875069039241,1.8575865883754568,0.1267857142857143,0.42619047619047623,0.12571930229889738,2,1,8,20,12926,exact,0.25,0.125,0.0625,0.25,1.0,1.25,2.5,1.252762968495368
g_n16_m24_k2_030_q00,g_n16_m24_k2_030,q00,train,0.2,16,24,0.2,3.0,1.0,4,3,2,0,0,0.240599895362795,6.311366984574057,1.0788163716814159,0.11845238095238096,0.3682539682539683,0.1250275542822701,2,1,4,11,12926,exact,0.04000000000000001,0.008000000000000002,0.0016000000000000003,0.04000000000000001,0.03200000000000001,0.017600000000000005,0.08960000000000001,0.08581065641311088
g_n16_m24_k2_030_q01,g_n16_m24_k2_030,q01,train,0.3,16,24,0.2,3.0,1.0,4,3,2,0,0,0.240599895362795,6.311366984574057,1.0788163716814159,0.11845238095238096,0.3682539682539683,0.1250275542822701,2,1,4,11,12926,exact,0.09,0.026999999999999996,0.0081,0.09,0.10799999999999998,0.0891,0.28709999999999997,0.252391625673195
g_n16_m24_k2_030_q02,g_n16_m24_k2_030,q02,train,0.4,16,24,0.2,3.0,1.0,4,3,2,0,0,0.240599895362795,6.311366984574057,1.0788163716814159,0.11845238095238096,0.3682539682539683,0.1250275542822701,2,1,4,11,12926,exact,0.16000000000000003,0.06400000000000002,0.025600000000000005,0.16000000000000003,0.25600000000000006,0.2816000000000001,0.6976000000000002,0.5292154888775817
g_n16_m24_k2_030_q03,g_n16_m24_k2_030,q03,train,0.5,16,24,0.2,3.0,1.0,4,3,2,0,0,0.240599895362795,6.311366984574057,1.0788163716814159,0.11845238095238096,0.3682539682539683,0.1250275542822701,2,1,4,11,12926,exact,0.25,0.125,0.0625,0.25,0.5,0.6875,1.4375,0.8909729238898652
g_n16_m24_k2_031_q00,g_n16_m24_k2_031,q00,train,0.2,16,24,0.2,3.0,0.875,3,4,3,0,0,0.28121167557222576,6.741603143241582,1.3581801407776948,0.11607142857142859,0.38768707482993214,0.11172210459662174,2,1,4,11,12926,exact,0.04000000000000001,0.008000000000000002,0.0016000000000000003,0.04000000000000001,0.03200000000000001,0.017600000000000005,0.08960000000000001,0.08581065641311088
g_n16_m24_k2_031_q01,g_n16_m24_k2_031,q01,train,0.3,16,24,0.2,3.0,0.875,3,4,3,0,0,0.28121167557222576,6.741603143241582,1.3581801407776948,0.11607142857142859,0.38768707482993214,0.11172210459662174,2,1,4,11,12926,exact,0.09,0.026999999999999996,0.0081,0.09,0.10799999999999998,0.0891,0.28709999999999997,0.252391625673195
g_n16_m24_k2_031_q02,g_n16_m24_k2_031,q02,train,0.4,16,24,0.2,3.0,0.875,3,4,3,0,0,0.28121167557222576,6.741603143241582,1.3581801407776948,0.11607142857142859,0.38768707482993214,0.11172210459662174,2,1,4,11,12926,exact,0.16000000000000003,0.06400000000000002,0.025600000000000005,0.16000000000000003,0.25600000000000006,0.2816000000000001,0.6976000000000002,0.5292154888775817
g_n16_m24_k2_031_q03,g_n16_m24_k2_031,q03,train,0.5,16,24,0.2,3.0,0.875,3,4,3,0,0,0.28121167557222576,6.741603143241582,1.3581801407776948,0.11607142857142859,0.38768707482993214,0.11172210459662174,2,1,4,11,12926,exact,0.25,0.125,0.0625,0.25,0.5,0.6875,1.4375,0.8909729238898652
g_n16_m24_k2_032_q00,g_n16_m24_k2_032,q00,test,0.2,16,24,0.2,3.0,0.875,5,3,3,0,0,0.27793013091927793,6.562876685013332,1.3792301000434966,0.1142857142857143,0.38619047619047625,0.1195670019345852,2,1,7,12,12926,exact,0.04000000000000001,0.008000000000000002,0.0016000000000000003,0.04000000000000001,0.056000000000000015,0.019200000000000002,0.11520000000000002,0.1090337610241224
g_n16_m24_k2_032_q01,g_n16_m24_k2_032,q01,test,0.3,16,24,0.2,3.0,0.875,5,3,3,0,0,0.27793013091927793,6.562876685013332,1.3792301000434966,0.1142857142857143,0.38619047619047625,0.1195670019345852,2,1,7,12,12926,exact,0.09,0.026999999999999996,0.0081,0.09,0.18899999999999997,0.0972,0.3762,0.3193260777862424
g_n16_m24_k2_032_q02,g_n16_m24_k2_032,q02,test,0.4,16,24,0.2,3.0,0.875,5,3,3,0,0,0.27793013091927793,6.562876685013332,1.3792301000434966,0.1142857142857143,0.38619047619047625,0.1195670019345852,2,1,7,12,12926,exact,0.16000000000000003,0.06400000000000002,0.025600000000000005,0.16000000000000003,0.4480000000000001,0.30720000000000003,0.9152000000000001,0.6498220558215717
g_n16_m24_k2_032_q03,g_n16_m24_k2_032,q03,test,0.5,16,24,0.2,3.0,0.875,5,3,3,0,0,0.27793013091927793,6.562876685013332,1.3792301000434966,0.1142857142857143,0.38619047619047625,0.1195670019345852,2,1,7,12,12926,exact,0.25,0.125,0.0625,0.25,0.875,0.75,1.875,1.0560526742493137
g_n16_m24_k2_033_q00,g_n16_m24_k2_033,q00,validation,0.2,16,24,0.2,3.0,0.875,5,4,2,0,0,0.2949063249079252,6.797365649394252,0.9964912280701754,0.10833333333333335,0.307936507936508,0.10658068270056315,2,1,1,8,12926,exact,0.04000000000000001,0.008000000000000002,0.0016000000000000003,0.04000000000000001,0.008000000000000002,0.012800000000000002,0.06080000000000001,0.05902334044946102
g_n16_m24_k2_033_q01,g_n16_m24_k2_033,q01,validation,0.3,16,24,0.2,3.0,0.875,5,4,2,0,0,0.2949063249079252,6.797365649394252,0.9964912280701754,0.10833333333333335,0.307936507936508,0.10658068270056315,2,1,1,8,12926,exact,0.09,0.026999999999999996,0.0081,0.09,0.026999999999999996,0.0648,0.1818,0.16703869992943715
g_n16_m24_k2_033_q02,g_n16_m24_k2_033,q02,validation,0.4,16,24,0.2,3.0,0.875,5,4,2,0,0,0.2949063249079252,6.797365649394252,0.9964912280701754,0.10833333333333335,0.307936507936508,0.10658068270056315,2,1,1,8,12926,exact,0.16000000000000003,0.06400000000000002,0.025600000000000005,0.16000000000000003,0.06400000000000002,0.20480000000000004,0.42880000000000007,0.3568349311400976
g_n16_m24_k2_033_q03,g_n16_m24_k2_033,q03,validation,0.5,16,24,0.2,3.0,0.875,5,4,2,0,0,0.2949063249079252,6.797365649394252,0.9964912280701754,0.10833333333333335,0.307936507936508,0.10658068270056315,2,1,1,8,12926,exact,0.25,0.125,0.0625,0.25,0.125,0.5,0.875,0.6286086594223741
g_n16_m24_k2_034_q00,g_n16_m24_k2_034,q00,train,0.2,16,24,0.2,3.0,0.875,3,3,4,0,0,0.3119929818385437,6.70052685130845,1.7467621228172097,0.10654761904761906,0.3698412698412699,0.11306895406072347,2,1,7,17,12926,exact,0.04000000000000001,0.008000000000000002,0.0016000000000000003,0.04000000000000001,0.056000000000000015,0.027200000000000005,0.12320000000000003,0.11618175428940965
g_n16_m24_k2_034_q01,g_n16_m24_k2_034,q01,train,0.3,16,24,0.2,3.0,0.875,3,3,4,0,0,0.3119929818385437,6.70052685130845,1.7467621228172097,0.10654761904761906,0.3698412698412699,0.11306895406072347,2,1,7,17,12926,exact,0.09,0.026999999999999996,0.0081,0.09,0.18899999999999997,0.1377,0.41669999999999996,0.34833022340316816
g_n16_m24_k2_034_q02,g_n16_m24_k2_034,q02,train,0.4,16,24,0.2,3.0,0.875,3,3,4,0,0,0.3119929818385437,6.70052685130845,1.7467621228172097,0.10654761904761906,0.3698412698412699,0.11306895406072347,2,1,7,17,12926,exact,0.16000000000000003,0.06400000000000002,0.025600000000000005,0.16000000000000003,0.4480000000000001,0.4352000000000001,1.0432000000000001,0.7145172062961379
g_n16_m24_k2_034_q03,g_n16_m24_k2_034,q03,train,0.5,16,24,0.2,3.0,0.875,3,3,4,0,0,0.3119929818385437,6.70052685130845,1.7467621228172097,0.10654761904761906,0.3698412698412699,0.11306895406072347,2,1,7,17,12926,exact,0.25,0.125,0.0625,0.25,0.875,1.0625,2.1875,1.1592369104845446
g_n16_m24_k2_035_q00,g_n16_m24_k2_035,q00,validation,0.2,16,24,0.2,3.0,1.0,3,3,4,0,0,0.30413287148075424,6.796983878506793,1.6021466905187844,0.10833333333333334,0.3634920634920634,0.1172160695207473,2,1,8,10,12926,exact,0.04000000000000001,0.008000000000000002,0.0016000000000000003,0.04000000000000001,0.06400000000000002,0.016000000000000004,0.12000000000000002,0.1133286853070032
g_n16_m24_k2_035_q01,g_n16_m24_k2_035,q01,validation,0.3,16,24,0.2,3.0,1.0,3,3,4,0,0,0.30413287148075424,6.796983878506793,1.6021466905187844,0.10833333333333334,0.3634920634920634,0.1172160695207473,2,1,8,10,12926,exact,0.09,0.026999999999999996,0.0081,0.09,0.21599999999999997,0.08099999999999999,0.3869999999999999,0.32714314133269445
g_n16_m24_k2_035_q02,g_n16_m24_k2_035,q02,validation,0.4,16,24,0.2,3.0,1.0,3,3,4,0,0,0.30413287148075424,6.796983878506793,1.6021466905187844,0.10833333333333334,0.3634920634920634,0.1172160695207473,2,1,8,10,12926,exact,0.16000000000000003,0.06400000000000002,0.025600000000000005,0.16000000000000003,0.5120000000000001,0.25600000000000006,0.9280000000000002,0.6564831961883539
g_n16_m24_k2_035_q03,g_n16_m24_k2_035,q03,validation,0.5,16,24,0.2,3.0,1.0,3,3,4,0,0,0.30413287148075424,6.796983878506793,1.6021466905187844,0.10833333333333334,0.3634920634920634,0.1172160695207473,2,1,8,10,12926,exact,0.25,0.125,0.0625,0.25,1.0,0.625,1.875,1.0560526742493137
g_n16_m24_k2_036_q00,g_n16_m24_k2_036,q00,train,0.2,16,24,0.2,3.0,0.625,2,3,3,0,0,0.2860588885051106,6.58082677879966,1.8277455953417179,0.1142857142857143,0.4190476190476191,0.11086423821363155,2,3,5,13,12926,exact,0.04000000000000001,0.008000000000000002,0.0016000000000000003,0.12000000000000002,0.04000000000000001,0.020800000000000003,0.18080000000000004,0.16619217486407104
g_n16_m24_k2_036_q01,g_n16_m24_k2_036,q01,train,0.3,16,24,0.2,3.0,0.625,2,3,3,0,0,0.2860588885051106,6.58082677879966,1.8277455953417179,0.1142857142857143,0.4190476190476191,0.11086423821363155,2,3,5,13,12926,exact,0.09,0.026999999999999996,0.0081,0.27,0.13499999999999998,0.10529999999999999,0.5103,0.4123083065901588
g_n16_m24_k2_036_q02,g_n16_m24_k2_036,q02,train,0.4,16,24,0.2,3.0,0.625,2,3,3,0,0,0.2860588885051106,6.58082677879966,1.8277455953417179,0.1142857142857143,0.4190476190476191,0.11086423821363155,2,3,5,13,12926,exact,0.16000000000000003,0.06400000000000002,0.025600000000000005,0.4800000000000001,0.32000000000000006,0.33280000000000004,1.1328000000000003,0.7574356704423073
g_n16_m24_k2_036_q03,g_n16_m24_k2_036,q03,train,0.5,16,24,0.2,3.0,0.625,2,3,3,0,0,0.2860588885051106,6.58082677879966,1.8277455953417179,0.1142857142857143,0.4190476190476191,0.11086423821363155,2,3,5,13,12926,exact,0.25,0.125,0.0625,0.75,0.625,0.8125,2.1875,1.1592369104845446
g_n16_m24_k2_037_q00,g_n16_m24_k2_037,q00,validation,0.2,16,24,0.2,3.0,0.625,3,2,4,0,0,0.16231248218043165,6.113961958303484,2.0729713952130764,0.14285714285714285,0.4761904761904762,0.1437691348027979,2,4,5,4,12926,exact,0.04000000000000001,0.008000000000000002,0.0016000000000000003,0.16000000000000003,0.04000000000000001,0.006400000000000001,0.20640000000000003,0.1876407182715546
g_n16_m24_k2_037_q01,g_n16_m24_k2_037,q01,validation,0.3,16,24,0.2,3.0,0.625,3,2,4,0,0,0.16231248218043165,6.113961958303484,2.0729713952130764,0.14285714285714285,0.4761904761904762,0.1437691348027979,2,4,5,4,12926,exact,0.09,0.026999999999999996,0.0081,0.36,0.13499999999999998,0.0324,0.5274,0.4235669434721467
g_n16_m24_k2_037_q02,g_n16_m24_k2_037,q02,validation,0.4,16,24,0.2,3.0,0.625,3,2,4,0,0,0.16231248218043165,6.113961958303484,2.0729713952130764,0.14285714285714285,0.4761904761904762,0.1437691348027979,2,4,5,4,12926,exact,0.16000000000000003,0.06400000000000002,0.025600000000000005,0.6400000000000001,0.32000000000000006,0.10240000000000002,1.0624000000000002,0.723870353202786
g_n16_m24_k2_037_q03,g_n16_m24_k2_037,q03,validation,0.5,16,24,0.2,3.0,0.625,3,2,4,0,0,0.16231248218043165,6.113961958303484,2.0729713952130764,0.14285714285714285,0.4761904761904762,0.1437691348027979,2,4,5,4,12926,exact,0.25,0.125,0.0625,1.0,0.625,0.25,1.875,1.0560526742493137
g_n16_m24_k2_038_q00,g_n16_m24_k2_038,q00,validation,0.2,16,24,0.2,3.0,0.75,2,3,3,0,0,0.2838801606261852,6.508156595652474,1.5790786412284779,0.1136904761904762,0.3460317460317461,0.10653801204065243,2,3,3,16,12926,exact,0.04000000000000001,0.008000000000000002,0.0016000000000000003,0.12000000000000002,0.024000000000000007,0.025600000000000005,0.16960000000000003,0.15666181001337703
g_n16_m24_k2_038_q01,g_n16_m24_k2_038,q01,validation,0.3,16,24,0.2,3.0,0.75,2,3,3,0,0,0.2838801606261852,6.508156595652474,1.5790786412284779,0.1136904761904762,0.3460317460317461,0.10653801204065243,2,3,3,16,12926,exact,0.09,0.026999999999999996,0.0081,0.27,0.08099999999999999,0.1296,0.48059999999999997,0.3924474110268609
g_n16_m24_k2_038_q02,g_n16_m24_k2_038,q02,validation,0.4,16,24,0.2,3.0,0.75,2,3,3,0,0,0.2838801606261852,6.508156595652474,1.5790786412284779,0.1136904761904762,0.3460317460317461,0.10653801204065243,2,3,3,16,12926,exact,0.16000000000000003,0.06400000000000002,0.025600000000000005,0.4800000000000001,0.19200000000000006,0.4096000000000001,1.0816000000000003,0.733136828776104
g_n16_m24_k2_038_q03,g_n16_m24_k2_038,q03,validation,0.5,16,24,0.2,3.0,0.75,2,3,3,0,0,0.2838801606261852,6.508156595652474,1.5790786412284779,0.1136904761904762,0.3460317460317461,0.10653801204065243,2,3,3,16,12926,exact,0.25,0.125,0.0625,0.75,0.375,1.0,2.125,1.1394342831883648
g_n16_m24_k2_039_q00,g_n16_m24_k2_039,q00,train,0.2,16,24,0.2,3.0,1.0,2,3,5,0,0,0.2552159216841414,6.516441817422056,2.4637116415002476,0.1136904761904762,0.34761904761904766,0.12502566503970014,2,6,3,12,12926,exact,0.04000000000000001,0.008000000000000002,0.0016000000000000003,0.24000000000000005,0.024000000000000007,0.019200000000000002,0.28320000000000006,0.24935695813011305
g_n16_m24_k2_039_q01,g_n16_m24_k2_039,q01,train,0.3,16,24,0.2,3.0,1.0,2,3,5,0,0,0.2552159216841414,6.516441817422056,2.4637116415002476,0.1136904761904762,0.34761904761904766,0.12502566503970014,2,6,3,12,12926,exact,0.09,0.026999999999999996,0.0081,0.54,0.08099999999999999,0.0972,0.7182,0.541277231221819
g_n16_m24_k2_039_q02,g_n16_m24_k2_039,q02,train,0.4,16,24,0.2,3.0,1.0,2,3,5,0,0,0.2552159216841414,6.516441817422056,2.4637116415002476,0.1136904761904762,0.34761904761904766,0.12502566503970014,2,6,3,12,12926,exact,0.16000000000000003,0.06400000000000002,0.025600000000000005,0.9600000000000002,0.19200000000000006,0.30720000000000003,1.4592,0.8998360938021944
g_n16_m24_k2_039_q03,g_n16_m24_k2_039,q03,train,0.5,16,24,0.2,3.0,1.0,2,3,5,0,0,0.2552159216841414,6.516441817422056,2.4637116415002476,0.1136904761904762,0.34761904761904766,0.12502566503970014,2,6,3,12,12926,exact,0.25,0.125,0.0625,1.5,0.375,0.75,2.625,1.2878542883066382
g_n20_m30_k2_000_q00,g_n20_m30_k2_000,q00,test,0.2,20,30,0.15789473684210525,3.0,1.0,4,5,2,0,0,0.25115670875368007,6.858965822524258,1.0357166219663758,0.09678362573099415,0.3693957115009746,0.10718925851750549,2,1,1,10,31900,exact,0.04000000000000001,0.008000000000000002,0.0016000000000000003,0.04000000000000001,0.008000000000000002,0.016000000000000004,0.06400000000000002,0.062035390919452656
g_n20_m30_k2_000_q01,g_n20_m30_k2_000,q01,test,0.3,20,30,0.15789473684210525,3.0,1.0,4,5,2,0,0,0.25115670875368007,6.858965822524258,1.0357166219663758,0.09678362573099415,0.3693957115009746,0.10718925851750549,2,1,1,10,31900,exact,0.09,0.026999999999999996,0.0081,0.09,0.026999999999999996,0.08099999999999999,0.19799999999999998,0.18065349969325759
g_n20_m30_k2_000_q02,g_n20_m30_k2_000,q02,test,0.4,20,30,0.15789473684210525,3.0,1.0,4,5,2,0,0,0.25115670875368007,6.858965822524258,1.0357166219663758,0.09678362573099415,0.3693957115009746,0.10718925851750549,2,1,1,10,31900,exact,0.16000000000000003,0.06400000000000002,0.025600000000000005,0.16000000000000003,0.06400000000000002,0.25600000000000006,0.4800000000000001,0.3920420877760238
g_n20_m30_k2_000_q03,g_n20_m30_k2_000,q03,test,0.5,20,30,0.15789473684210525,3.0,1.0,4,5,2,0,0,0.25115670875368007,6.858965822524258,1.0357166219663758,0.09678362573099415,0.3693957115009746,0.10718925851750549,2,1,1,10,31900,exact,0.25,0.125,0.0625,0.25,0.125,0.625,1.0,0.6931471805599453
g_n20_m30_k2_001_q00,g_n20_m30_k2_001,q00,train,0.2,20,30,0.15789473684210525,3.0,1.2,3,2,4,0,0,0.20644548475013128,6.855941417348991,1.830751612319931,0.10584795321637426,0.3693957115009746,0.11685968812606373,2,2,5,10,31900,exact,0.04000000000000001,0.008000000000000002,0.0016000000000000003,0.08000000000000002,0.04000000000000001,0.016000000000000004,0.13600000000000004,0.12751332029895965
g_n20_m30_k2_001_q01,g_n20_m30_k2_001,q01,train,0.3,20,30,0.15789473684210525,3.0,1.2,3,2,4,0,0,0.20644548475013128,6.855941417348991,1.830751612319931,0.10584795321637426,0.3693957115009746,0.11685968812606373,2,2,5,10,31900,exact,0.09,0.026999999999999996,0.0081,0.18,0.13499999999999998,0.08099999999999999,0.3959999999999999,0.33361100434018065
g_n20_m30_k2_001_q02,g_n20_m30_k2_001,q02,train,0.4,20,30,0.15789473684210525,3.0,1.2,3,2,4,0,0,0.20644548475013128,6.855941417348991,1.830751612319931,0.10584795321637426,0.3693957115009746,0.11685968812606373,2,2,5,10,31900,exact,0.16000000000000003,0.06400000000000002,0.025600000000000005,0.32000000000000006,0.32000000000000006,0.25600000000000006,0.8960000000000001,0.6397464038328301
g_n20_m30_k2_001_q03,g_n20_m30_k2_001,q03,train,0.5,20,30,0.15789473684210525,3.0,1.2,3,2,4,0,0,0.20644548475013128,6.855941417348991,1.830751612319931,0.10584795321637426,0.3693957115009746,0.11685968812606373,2,2,5,10,31900,exact,0.25,0.125,0.0625,0.5,0.625,0.625,1.75,1.0116009116784799
g_n20_m30_k2_002_q00,g_n20_m30_k2_002,q00,validation,0.2,20,30,0.15789473684210525,3.0,1.5,2,4,2,0,0,0.23708925525154684,7.585687626966212,1.2795423956931367,0.0961988304093567,0.4619883040935672,0.12161270647738294,2,2,1,11,31900,exact,0.04000000000000001,0.008000000000000002,0.0016000000000000003,0.08000000000000002,0.008000000000000002,0.017600000000000005,0.10560000000000003,0.10038817403126843
g_n20_m30_k2_002_q01,g_n20_m30_k2_002,q01,validation,0.3,20,30,0.15789473684210525,3.0,1.5,2,4,2,0,0,0.23708925525154684,7.585687626966212,1.2795423956931367,0.0961988304093567,0.4619883040935672,0.12161270647738294,2,2,1,11,31900,exact,0.09,0.026999999999999996,0.0081,0.18,0.026999999999999996,0.0891,0.2961,0.2593597554471923
g_n20_m30_k2_002_q02,g_n20_m30_k2_002,q02,validation,0.4,20,30,0.15789473684210525,3.0,1.5,2,4,2,0,0,0.23708925525154684,7.585687626966212,1.2795423956931367,0.0961988304093567,0.4619883040935672,0.12161270647738294,2,2,1,11,31900,exact,0.16000000000000003,0.06400000000000002,0.025600000000000005,0.32000000000000006,0.06400000000000002,0.2816000000000001,0.6656000000000002,0.5101854188785675
g_n20_m30_k2_002_q03,g_n20_m30_k2_002,q03,validation,0.5,20,30,0.15789473684210525,3.0,1.5,2,4,2,0,0,0.23708925525154684,7.585687626966212,1.2795423956931367,0.0961988304093567,0.4619883040935672,0.12161270647738294,2,2,1,11,31900,exact,0.25,0.125,0.0625,0.5,0.125,0.6875,1.3125,0.8383291904044432
g_n20_m30_k2_003_q00,g_n20_m30_k2_003,q00,train,0.2,20,30,0.15789473684210525,3.0,1.0,3,2,5,0,0,0.23058514684606152,6.924806047065351,2.288196304569756,0.1005847953216374,0.33635477582845996,0.11161273604566742,2,3,9,18,31900,exact,0.04000000000000001,0.008000000000000002,0.0016000000000000003,0.12000000000000002,0.07200000000000002,0.028800000000000006,0.22080000000000005,0.19950638154805556
g_n20_m30_k2_003_q01,g_n20_m30_k2_003,q01,train,0.3,20,30,0.15789473684210525,3.0,1.0,3,2,5,0,0,0.23058514684606152,6.924806047065351,2.288196304569756,0.1005847953216374,0.33635477582845996,0.11161273604566742,2,3,9,18,31900,exact,0.09,0.026999999999999996,0.0081,0.27,0.24299999999999997,0.14579999999999999,0.6588,0.5060944493900892
g_n20_m30_k2_003_q02,g_n20_m30_k2_003,q02,train,0.4,20,30,0.15789473684210525,3.0,1.0,3,2,5,0,0,0.23058514684606152,6.924806047065351,2.288196304569756,0.1005847953216374,0.33635477582845996,0.11161273604566742,2,3,9,18,31900,exact,0.16000000000000003,0.06400000000000002,0.025600000000000005,0.4800000000000001,0.5760000000000002,0.4608000000000001,1.5168000000000004,0.9229882533218765
g_n20_m30_k2_003_q03,g_n20_m30_k2_003,q03,train,0.5,20,30,0.15789473684210525,3.0,1.0,3,2,5,0,0,0.23058514684606152,6.924806047065351,2.288196304569756,0.1005847953216374,0.33635477582845996,0.11161273604566742,2,3,9,18,31900,exact,0.25,0.125,0.0625,0.75,1.125,1.125,3.0,1.3862943611198906
g_n20_m30_k2_004_q00,g_n20_m30_k2_004,q00,train,0.2,20,30,0.15789473684210525,3.0,1.1,2,3,4,0,0,0.20763773889413006,6.818124307021821,1.757366802775268,0.10555555555555556,0.3428849902534113,0.11307666499672937,2,2,6,10,31900,exact,0.04000000000000001,0.008000000000000002,0.0016000000000000003,0.08000000000000002,0.048000000000000015,0.016000000000000004,0.14400000000000004,0.1345308929576062
g_n20_m30_k2_004_q01,g_n20_m30_k2_004,q01,train,0.3,20,30,0.15789473684210525,3.0,1.1,2,3,4,0,0,0.20763773889413006,6.818124307021821,1.757366802775268,0.10555555555555556,0.3428849902534113,0.11307666499672937,2,2,6,10,31900,exact,0.09,0.026999999999999996,0.0081,0.18,0.16199999999999998,0.08099999999999999,0.42299999999999993,0.35276731910771525
g_n20_m30_k2_004_q02,g_n20_m30_k2_004,q02,train,0.4,20,30,0.15789473684210525,3.0,1.1,2,3,4,0,0,0.20763773889413006,6.818124307021821,1.757366802775268,0.10555555555555556,0.3428849902534113,0.11307666499672937,2,2,6,10,31900,exact,0.16000000000000003,0.06400000000000002,0.025600000000000005,0.32000000000000006,0.3840000000000001,0.25600000000000006,0.9600000000000002,0.672944473242426
g_n20_m30_k2_004_q03,g_n20_m30_k2_004,q03,train,0.5,20,30,0.15789473684210525,3.0,1.1,2,3,4,0,0,0.20763773889413006,6.818124307021821,1.757366802775268,0.10555555555555556,0.3428849902534113,0.11307666499672937,2,2,6,10,31900,exact,0.25,0.125,0.0625,0.5,0.75,0.625,1.875,1.0560526742493137
g_n20_m30_k2_005_q00,g_n20_m30_k2_005,q00,test,0.2,20,30,0.15789473684210525,3.0,0.9,4,3,3,0,0,0.2077676173513234,6.659972050147737,1.7075928381962835,0.10204678362573098,0.3869395711500974,0.11347143315684691,2,1,9,13,31900,exact,0.04000000000000001,0.008000000000000002,0.0016000000000000003,0.04000000000000001,0.07200000000000002,0.020800000000000003,0.13280000000000003,0.1246924439573183
g_n20_m30_k2_005_q01,g_n20_m30_k2_005,q01,test,0.3,20,30,0.15789473684210525,3.0,0.9,4,3,3,0,0,0.2077676173513234,6.659972050147737,1.7075928381962835,0.10204678362573098,0.3869395711500974,0.11347143315684691,2,1,9,13,31900,exact,0.09,0.026999999999999996,0.0081,0.09,0.24299999999999997,0.10529999999999999,0.43829999999999997,0.36346186062770647
g_n20_m30_k2_005_q02,g_n20_m30_k2_005,q02,test,0.4,20,30,0.15789473684210525,3.0,0.9,4,3,3,0,0,0.2077676173513234,6.659972050147737,1.7075928381962835,0.10204678362573098,0.3869395711500974,0.11347143315684691,2,1,9,13,31900,exact,0.16000000000000003,0.06400000000000002,0.025600000000000005,0.16000000000000003,0.5760000000000002,0.33280000000000004,1.0688000000000002,0.7269687290354561
g_n20_m30_k2_005_q03,g_n20_m30_k2_005,q03,test,0.5,20,30,0.15789473684210525,3.0,0.9,4,3,3,0,0,0.2077676173513234,6.659972050147737,1.7075928381962835,0.10204678362573098,0.3869395711500974,0.11347143315684691,2,1,9,13,31900,exact,0.25,0.125,0.0625,0.25,1.125,0.8125,2.1875,1.1592369104845446
g_n20_m30_k2_006_q00,g_n20_m30_k2_006,q00,test,0.2,20,30,0.15789473684210525,3.0,1.0,6,3,4,0,0,0.21835442798416135,7.443292878215344,1.5127133806226178,0.10467836257309941,0.4760233918128654,0.1205388960037631,2,1,6,19,31900,exact,0.04000000000000001,0.008000000000000002,0.0016000000000000003,0.04000000000000001,0.048000000000000015,0.030400000000000007,0.11840000000000003,0.11189909249740879
g_n20_m30_k2_006_q01,g_n20_m30_k2_006,q01,test,0.3,20,30,0.15789473684210525,3.0,1.0,6,3,4,0,0,0.21835442798416135,7.443292878215344,1.5127133806226178,0.10467836257309941,0.4760233918128654,0.1205388960037631,2,1,6,19,31900,exact,0.09,0.026999999999999996,0.0081,0.09,0.16199999999999998,0.15389999999999998,0.4059,0.34067766710372466
g_n20_m30_k2_006_q02,g_n20_m30_k2_006,q02,test,0.4,20,30,0.15789473684210525,3.0,1.0,6,3,4,0,0,0.21835442798416135,7.443292878215344,1.5127133806226178,0.10467836257309941,0.4760233918128654,0.1205388960037631,2,1,6,19,31900,exact,0.16000000000000003,0.06400000000000002,0.025600000000000005,0.16000000000000003,0.3840000000000001,0.4864000000000001,1.0304000000000002,0.7082328179779863
g_n20_m30_k2_006_q03,g_n20_m30_k2_006,q03,test,0.5,20,30,0.15789473684210525,3.0,1.0,6,3,4,0,0,0.21835442798416135,7.443292878215344,1.5127133806226178,0.10467836257309941,0.4760233918128654,0.1205388960037631,2,1,6,19,31900,exact,0.25,0.125,0.0625,0.25,0.75,1.1875,2.1875,1.1592369104845446
g_n20_m30_k2_007_q00,g_n20_m30_k2_007,q00,validation,0.2,20,30,0.15789473684210525,3.0,1.0,3,2,3,0,0,0.2256433612564996,7.305004388038701,1.7371213955036446,0.10292397660818713,0.3996101364522416,0.10629889422285946,2,2,8,22,31900,exact,0.04000000000000001,0.008000000000000002,0.0016000000000000003,0.08000000000000002,0.06400000000000002,0.03520000000000001,0.17920000000000003,0.16483624245293513
g_n20_m30_k2_007_q01,g_n20_m30_k2_007,q01,validation,0.3,20,30,0.15789473684210525,3.0,1.0,3,2,3,0,0,0.2256433612564996,7.305004388038701,1.7371213955036446,0.10292397660818713,0.3996101364522416,0.10629889422285946,2,2,8,22,31900,exact,0.09,0.026999999999999996,0.0081,0.18,0.21599999999999997,0.1782,0.5741999999999999,0.45374720672621266
g_n20_m30_k2_007_q02,g_n20_m30_k2_007,q02,validation,0.4,20,30,0.15789473684210525,3.0,1.0,3,2,3,0,0,0.2256433612564996,7.305004388038701,1.7371213955036446,0.10292397660818713,0.3996101364522416,0.10629889422285946,2,2,8,22,31900,exact,0.16000000000000003,0.06400000000000002,0.025600000000000005,0.32000000000000006,0.5120000000000001,0.5632000000000001,1.3952000000000004,0.873466734683227
g_n20_m30_k2_007_q03,g_n20_m30_k2_007,q03,validation,0.5,20,30,0.15789473684210525,3.0,1.0,3,2,3,0,0,0.2256433612564996,7.305004388038701,1.7371213955036446,0.10292397660818713,0.3996101364522416,0.10629889422285946,2,2,8,22,31900,exact,0.25,0.125,0.0625,0.5,1.0,1.375,2.875,1.3545456628053103
g_n20_m30_k2_008_q00,g_n20_m30_k2_008,q00,train,0.2,20,30,0.15789473684210525,3.0,0.8,3,3,2,0,0,0.15980856362673046,6.382042599775068,1.0736188082489022,0.1201754385964912,0.29142300194931775,0.09999548758861018,2,1,4,7,31900,exact,0.04000000000000001,0.008000000000000002,0.0016000000000000003,0.04000000000000001,0.03200000000000001,0.011200000000000002,0.08320000000000001,0.0799196231758735
g_n20_m30_k2_008_q01,g_n20_m30_k2_008,q01,train,0.3,20,30,0.15789473684210525,3.0,0.8,3,3,2,0,0,0.15980856362673046,6.382042599775068,1.0736188082489022,0.1201754385964912,0.29142300194931775,0.09999548758861018,2,1,4,7,31900,exact,0.09,0.026999999999999996,0.0081,0.09,0.10799999999999998,0.0567,0.2547,0.22689650018351698
g_n20_m30_k2_008_q02,g_n20_m30_k2_008,q02,train,0.4,20,30,0.15789473684210525,3.0,0.8,3,3,2,0,0,0.15980856362673046,6.382042599775068,1.0736188082489022,0.1201754385964912,0.29142300194931775,0.09999548758861018,2,1,4,7,31900,exact,0.16000000000000003,0.06400000000000002,0.025600000000000005,0.16000000000000003,0.25600000000000006,0.17920000000000003,0.5952000000000002,0.46699912022543694
g_n20_m30_k2_008_q03,g_n20_m30_k2_008,q03,train,0.5,20,30,0.15789473684210525,3.0,0.8,3,3,2,0,0,0.15980856362673046,6.382042599775068,1.0736188082489022,0.1201754385964912,0.29142300194931775,0.09999548758861018,2,1,4,7,31900,exact,0.25,0.125,0.0625,0.25,0.5,0.4375,1.1875,0.7827593392496325
g_n20_m30_k2_009_q00,g_n20_m30_k2_009,q00,train,0.2,20,30,0.15789473684210525,3.0,0.6,2,2,6,0,0,0.1796890386400297,6.320435949134095,2.521495671677334,0.11315789473684212,0.4218184349763297,0.1116961514249994,2,3,8,23,31900,exact,0.04000000000000001,0.008000000000000002,0.0016000000000000003,0.12000000000000002,0.06400000000000002,0.036800000000000006,0.22080000000000005,0.19950638154805556
g_n20_m30_k2_009_q01,g_n20_m30_k2_009,q01,train,0.3,20,30,0.15789473684210525,3.0,0.6,2,2,6,0,0,0.1796890386400297,6.320435949134095,2.521495671677334,0.11315789473684212,0.4218184349763297,0.1116961514249994,2,3,8,23,31900,exact,0.09,0.026999999999999996,0.0081,0.27,0.21599999999999997,0.1863,0.6723,0.5141999244049401
g_n20_m30_k2_009_q02,g_n20_m30_k2_009,q02,train,0.4,20,30,0.15789473684210525,3.0,0.6,2,2,6,0,0,0.1796890386400297,6.320435949134095,2.521495671677334,0.11315789473684212,0.4218184349763297,0.1116961514249994,2,3,8,23,31900,exact,0.16000000000000003,0.06400000000000002,0.025600000000000005,0.4800000000000001,0.5120000000000001,0.5888000000000001,1.5808000000000004,0.9480994283888076
g_n20_m30_k2_009_q03,g_n20_m30_k2_009,q03,train,0.5,20,30,0.15789473684210525,3.0,0.6,2,2,6,0,0,0.1796890386400297,6.320435949134095,2.521495671677334,0.11315789473684212,0.4218184349763297,0.1116961514249994,2,3,8,23,31900,exact,0.25,0.125,0.0625,0.75,1.0,1.4375,3.1875,1.4321038971511848
g_n20_m30_k2_010_q00,g_n20_m30_k2_010,q00,validation,0.2,20,30,0.15789473684210525,3.0,0.8,3,4,3,0,0,0.20607005921717358,6.46563491328999,1.4769780449660297,0.10526315789473681,0.3323586744639375,0.1091505798682196,2,1,5,12,31900,exact,0.04000000000000001,0.008000000000000002,0.0016000000000000003,0.04000000000000001,0.04000000000000001,0.019200000000000002,0.09920000000000001,0.09458264248594785
g_n20_m30_k2_010_q01,g_n20_m30_k2_010,q01,validation,0.3,20,30,0.15789473684210525,3.0,0.8,3,4,3,0,0,0.20607005921717358,6.46563491328999,1.4769780449660297,0.10526315789473681,0.3323586744639375,0.1091505798682196,2,1,5,12,31900,exact,0.09,0.026999999999999996,0.0081,0.09,0.13499999999999998,0.0972,0.3222,0.2792970159173407
g_n20_m30_k2_010_q02,g_n20_m30_k2_010,q02,validation,0.4,20,30,0.15789473684210525,3.0,0.8,3,4,3,0,0,0.20607005921717358,6.46563491328999,1.4769780449660297,0.10526315789473681,0.3323586744639375,0.1091505798682196,2,1,5,12,31900,exact,0.16000000000000003,0.06400000000000002,0.025600000000000005,0.16000000000000003,0.32000000000000006,0.30720000000000003,0.7872000000000001,0.5806501493327992
g_n20_m30_k2_010_q03,g_n20_m30_k2_010,q03,validation,0.5,20,30,0.15789473684210525,3.0,0.8,3,4,3,0,0,0.20607005921717358,6.46563491328999,1.4769780449660297,0.10526315789473681,0.3323586744639375,0.1091505798682196,2,1,5,12,31900,exact,0.25,0.125,0.0625,0.25,0.625,0.75,1.625,0.965080896043587
g_n20_m30_k2_011_q00,g_n20_m30_k2_011,q00,test,0.2,20,30,0.15789473684210525,3.0,0.8,3,2,4,0,0,0.2401413294610199,6.626317931041255,1.9226170373541365,0.10116959064327484,0.29532163742690054,0.09892360201642823,2,2,6,18,31900,exact,0.04000000000000001,0.008000000000000002,0.0016000000000000003,0.08000000000000002,0.048000000000000015,0.028800000000000006,0.15680000000000005,0.14565757242236324
g_n20_m30_k2_011_q01,g_n20_m30_k2_011,q01,test,0.3,20,30,0.15789473684210525,3.0,0.8,3,2,4,0,0,0.2401413294610199,6.626317931041255,1.9226170373541365,0.10116959064327484,0.29532163742690054,0.09892360201642823,2,2,6,18,31900,exact,0.09,0.026999999999999996,0.0081,0.18,0.16199999999999998,0.14579999999999999,0.48779999999999996,0.3972985187751039
g_n20_m30_k2_011_q02,g_n20_m30_k2_011,q02,test,0.4,20,30,0.15789473684210525,3.0,0.8,3,2,4,0,0,0.2401413294610199,6.626317931041255,1.9226170373541365,0.10116959064327484,0.29532163742690054,0.09892360201642823,2,2,6,18,31900,exact,0.16000000000000003,0.06400000000000002,0.025600000000000005,0.32000000000000006,0.3840000000000001,0.4608000000000001,1.1648000000000003,0.7723279784343867
g_n20_m30_k2_011_q03,g_n20_m30_k2_011,q03,test,0.5,20,30,0.15789473684210525,3.0,0.8,3,2,4,0,0,0.2401413294610199,6.626317931041255,1.9226170373541365,0.10116959064327484,0.29532163742690054,0.09892360201642823,2,2,6,18,31900,exact,0.25,0.125,0.0625,0.5,0.75,1.125,2.375,1.2163953243244932
g_n20_m30_k2_012_q00,g_n20_m30_k2_012,q00,train,0.2,20,30,0.15789473684210525,3.0,0.7,4,2,4,0,0,0.2043541342510988,6.22230952810899,1.7996214557946915,0.11111111111111112,0.2777777777777778,0.08947400272592977,2,2,8,23,31900,exact,0.04000000000000001,0.008000000000000002,0.0016000000000000003,0.08000000000000002,0.06400000000000002,0.036800000000000006,0.18080000000000002,0.166192174864071
g_n20_m30_k2_012_q01,g_n20_m30_k2_012,q01,train,0.3,20,30,0.15789473684210525,3.0,0.7,4,2,4,0,0,0.2043541342510988,6.22230952810899,1.7996214557946915,0.11111111111111112,0.2777777777777778,0.08947400272592977,2,2,8,23,31900,exact,0.09,0.026999999999999996,0.0081,0.18,0.21599999999999997,0.1863,0.5822999999999999,0.45887948474280044
g_n20_m30_k2_012_q02,g_n20_m30_k2_012,q02,train,0.4,20,30,0.15789473684210525,3.0,0.7,4,2,4,0,0,0.2043541342510988,6.22230952810899,1.7996214557946915,0.11111111111111112,0.2777777777777778,0.08947400272592977,2,2,8,23,31900,exact,0.16000000000000003,0.06400000000000002,0.025600000000000005,0.32000000000000006,0.5120000000000001,0.5888000000000001,1.4208000000000003,0.8840980640519546
g_n20_m30_k2_012_q03,g_n20_m30_k2_012,q03,train,0.5,20,30,0.15789473684210525,3.0,0.7,4,2,4,0,0,0.2043541342510988,6.22230952810899,1.7996214557946915,0.11111111111111112,0.2777777777777778,0.08947400272592977,2,2,8,23,31900,exact,0.25,0.125,0.0625,0.5,1.0,1.4375,2.9375,1.3705460041517514
g_n20_m30_k2_013_q00,g_n20_m30_k2_013,q00,train,0.2,20,30,0.15789473684210525,3.0,0.9,2,3,4,0,0,0.17430988150479215,7.233469727594736,2.4536746499925886,0.11432748538011697,0.32869674185463665,0.11294984804479313,2,4,11,14,31900,exact,0.04000000000000001,0.008000000000000002,0.0016000000000000003,0.16000000000000003,0.08800000000000002,0.022400000000000003,0.2704000000000001,0.2393318115107343
g_n20_m30_k2_013_q01,g_n20_m30_k2_013,q01,train,0.3,20,30,0.15789473684210525,3.0,0.9,2,3,4,0,0,0.17430988150479215,7.233469727594736,2.4536746499925886,0.11432748538011697,0.32869674185463665,0.11294984804479313,2,4,11,14,31900,exact,0.09,0.026999999999999996,0.0081,0.36,0.29699999999999993,0.1134,0.7704,0.5712055097547029
g_n20_m30_k2_013_q02,g_n20_m30_k2_013,q02,train,0.4,20,30,0.15789473684210525,3.0,0.9,2,3,4,0,0,0.17430988150479215,7.233469727594736,2.4536746499925886,0.11432748538011697,0.32869674185463665,0.11294984804479313,2,4,11,14,31900,exact,0.16000000000000003,0.06400000000000002,0.025600000000000005,0.6400000000000001,0.7040000000000002,0.35840000000000005,1.7024000000000004,0.9941402670713987
g_n20_m30_k2_013_q03,g_n20_m30_k2_013,q03,train,0.5,20,30,0.15789473684210525,3.0,0.9,2,3,4,0,0,0.17430988150479215,7.233469727594736,2.4536746499925886,0.11432748538011697,0.32869674185463665,0.11294984804479313,2,4,11,14,31900,exact,0.25,0.125,0.0625,1.0,1.375,0.875,3.25,1.4469189829363254
g_n20_m30_k2_014_q00,g_n20_m30_k2_014,q00,train,0.2,20,30,0.15789473684210525,3.0,1.0,5,2,4,0,0,0.20603418467119008,7.023705159294832,1.5530165896458472,0.10701754385964912,0.431578947368421,0.1215659738838567,2,2,2,13,31900,exact,0.04000000000000001,0.008000000000000002,0.0016000000000000003,0.08000000000000002,0.016000000000000004,0.020800000000000003,0.11680000000000001,0.11046745302597098
g_n20_m30_k2_014_q01,g_n20_m30_k2_014,q01,train,0.3,20,30,0.15789473684210525,3.0,1.0,5,2,4,0,0,0.20603418467119008,7.023705159294832,1.5530165896458472,0.10701754385964912,0.431578947368421,0.1215659738838567,2,2,2,13,31900,exact,0.09,0.026999999999999996,0.0081,0.18,0.05399999999999999,0.10529999999999999,0.3393,0.29214708941093936
g_n20_m30_k2_014_q02,g_n20_m30_k2_014,q02,train,0.4,20,30,0.15789473684210525,3.0,1.0,5,2,4,0,0,0.20603418467119008,7.023705159294832,1.5530165896458472,0.10701754385964912,0.431578947368421,0.1215659738838567,2,2,2,13,31900,exact,0.16000000000000003,0.06400000000000002,0.025600000000000005,0.32000000000000006,0.12800000000000003,0.33280000000000004,0.7808000000000002,0.5770627015391434
g_n20_m30_k2_014_q03,g_n20_m30_k2_014,q03,train,0.5,20,30,0.15789473684210525,3.0,1.0,5,2,4,0,0,0.20603418467119008,7.023705159294832,1.5530165896458472,0.10701754385964912,0.431578947368421,0.1215659738838567,2,2,2,13,31900,exact,0.25,0.125,0.0625,0.5,0.25,0.8125,1.5625,0.9409833444645266
g_n20_m30_k2_015_q00,g_n20_m30_k2_015,q00,train,0.2,20,30,0.15789473684210525,3.0,1.2,3,2,4,0,0,0.2076234657856633,7.65923475659294,2.0462178172561427,0.1043859649122807,0.5332308042834358,0.13368056805373238,2,3,8,8,31900,exact,0.04000000000000001,0.008000000000000002,0.0016000000000000003,0.12000000000000002,0.06400000000000002,0.012800000000000002,0.19680000000000006,0.17965132823807578
g_n20_m30_k2_015_q01,g_n20_m30_k2_015,q01,train,0.3,20,30,0.15789473684210525,3.0,1.2,3,2,4,0,0,0.2076234657856633,7.65923475659294,2.0462178172561427,0.1043859649122807,0.5332308042834358,0.13368056805373238,2,3,8,8,31900,exact,0.09,0.026999999999999996,0.0081,0.27,0.21599999999999997,0.0648,0.5508,0.438770926814637
g_n20_m30_k2_015_q02,g_n20_m30_k2_015,q02,train,0.4,20,30,0.15789473684210525,3.0,1.2,3,2,4,0,0,0.2076234657856633,7.65923475659294,2.0462178172561427,0.1043859649122807,0.5332308042834358,0.13368056805373238,2,3,8,8,31900,exact,0.16000000000000003,0.06400000000000002,0.025600000000000005,0.4800000000000001,0.5120000000000001,0.20480000000000004,1.1968000000000003,0.7870017560315697
g_n20_m30_k2_015_q03,g_n20_m30_k2_015,q03,train,0.5,20,30,0.15789473684210525,3.0,1.2,3,2,4,0,0,0.2076234657856633,7.65923475659294,2.0462178172561427,0.1043859649122807,0.5332308042834358,0.13368056805373238,2,3,8,8,31900,exact,0.25,0.125,0.0625,0.75,1.0,0.5,2.25,1.1786549963416462
g_n20_m30_k2_016_q00,g_n20_m30_k2_016,q00,train,0.2,20,30,0.15789473684210525,3.0,1.0,2,3,4,0,0,0.21131119599924283,6.762118335591168,2.097189513056737,0.10380116959064327,0.3789334447229184,0.11041297370891151,2,3,9,10,31900,exact,0.04000000000000001,0.008000000000000002,0.0016000000000000003,0.12000000000000002,0.07200000000000002,0.016000000000000004,0.20800000000000007,0.18896609951262328
g_n20_m30_k2_016_q01,g_n20_m30_k2_016,q01,train,0.3,20,30,0.15789473684210525,3.0,1.0,2,3,4,0,0,0.21131119599924283,6.762118335591168,2.097189513056737,0.10380116959064327,0.3789334447229184,0.11041297370891151,2,3,9,10,31900,exact,0.09,0.026999999999999996,0.0081,0.27,0.24299999999999997,0.08099999999999999,0.594,0.4662465803680233
g_n20_m30_k2_016_q02,g_n20_m30_k2_016,q02,train,0.4,20,30,0.15789473684210525,3.0,1.0,2,3,4,0,0,0.21131119599924283,6.762118335591168,2.097189513056737,0.10380116959064327,0.3789334447229184,0.11041297370891151,2,3,9,10,31900,exact,0.16000000000000003,0.06400000000000002,0.025600000000000005,0.4800000000000001,0.5760000000000002,0.25600000000000006,1.3120000000000003,0.8381129508101312
g_n20_m30_k2_016_q03,g_n20_m30_k2_016,q03,train,0.5,20,30,0.15789473684210525,3.0,1.0,2,3,4,0,0,0.21131119599924283,6.762118335591168,2.097189513056737,0.10380116959064327,0.3789334447229184,0.11041297370891151,2,3,9,10,31900,exact,0.25,0.125,0.0625,0.75,1.125,0.625,2.5,1.252762968495368
g_n20_m30_k2_017_q00,g_n20_m30_k2_017,q00,train,0.2,20,30,0.15789473684210525,3.0,0.9,2,3,3,0,0,0.21656599589292305,7.005175647360737,1.6565614903416508,0.10321637426900584,0.347953216374269,0.10425930071664893,2,2,2,17,31900,exact,0.04000000000000001,0.008000000000000002,0.0016000000000000003,0.08000000000000002,0.016000000000000004,0.027200000000000005,0.12320000000000002,0.11618175428940963
g_n20_m30_k2_017_q01,g_n20_m30_k2_017,q01,train,0.3,20,30,0.15789473684210525,3.0,0.9,2,3,3,0,0,0.21656599589292305,7.005175647360737,1.6565614903416508,0.10321637426900584,0.347953216374269,0.10425930071664893,2,2,2,17,31900,exact,0.09,0.026999999999999996,0.0081,0.18,0.05399999999999999,0.1377,0.3717,0.31605084650222426
g_n20_m30_k2_017_q02,g_n20_m30_k2_017,q02,train,0.4,20,30,0.15789473684210525,3.0,0.9,2,3,3,0,0,0.21656599589292305,7.005175647360737,1.6565614903416508,0.10321637426900584,0.347953216374269,0.10425930071664893,2,2,2,17,31900,exact,0.16000000000000003,0.06400000000000002,0.025600000000000005,0.32000000000000006,0.12800000000000003,0.4352000000000001,0.8832000000000002,0.6329724575238753
g_n20_m30_k2_017_q03,g_n20_m30_k2_017,q03,train,0.5,20,30,0.15789473684210525,3.0,0.9,2,3,3,0,0,0.21656599589292305,7.005175647360737,1.6565614903416508,0.10321637426900584,0.347953216374269,0.10425930071664893,2,2,2,17,31900,exact,0.25,0.125,0.0625,0.5,0.25,1.0625,1.8125,1.0340737675305385
g_n20_m30_k2_018_q00,g_n20_m30_k2_018,q00,test,0.2,20,30,0.15789473684210525,3.0,1.1,4,3,3,0,0,0.26232939591771554,6.687211218022632,1.4525331783396291,0.09473684210526316,0.33138401559454184,0.10028339894879698,2,1,6,9,31900,exact,0.04000000000000001,0.008000000000000002,0.0016000000000000003,0.04000000000000001,0.048000000000000015,0.014400000000000003,0.10240000000000002,0.09748962127725709
g_n20_m30_k2_018_q01,g_n20_m30_k2_018,q01,test,0.3,20,30,0.15789473684210525,3.0,1.1,4,3,3,0,0,0.26232939591771554,6.687211218022632,1.4525331783396291,0.09473684210526316,0.33138401559454184,0.10028339894879698,2,1,6,9,31900,exact,0.09,0.026999999999999996,0.0081,0.09,0.16199999999999998,0.07289999999999999,0.32489999999999997,0.28133698489194037
g_n20_m30_k2_018_q02,g_n20_m30_k2_018,q02,test,0.4,20,30,0.15789473684210525,3.0,1.1,4,3,3,0,0,0.26232939591771554,6.687211218022632,1.4525331783396291,0.09473684210526316,0.33138401559454184,0.10028339894879698,2,1,6,9,31900,exact,0.16000000000000003,0.06400000000000002,0.025600000000000005,0.16000000000000003,0.3840000000000001,0.23040000000000005,0.7744000000000002,0.5734623376139657
g_n20_m30_k2_018_q03,g_n20_m30_k2_018,q03,test,0.5,20,30,0.15789473684210525,3.0,1.1,4,3,3,0,0,0.26232939591771554,6.687211218022632,1.4525331783396291,0.09473684210526316,0.33138401559454184,0.10028339894879698,2,1,6,9,31900,exact,0.25,0.125,0.0625,0.25,0.75,0.5625,1.5625,0.9409833444645266
g_n20_m30_k2_019_q00,g_n20_m30_k2_019,q00,train,0.2,20,30,0.15789473684210525,3.0,1.2,3,6,2,0,0,0.2480712610061998,7.491178985420211,1.145420107583908,0.09678362573099412,0.5038986354775828,0.1293299603832339,2,1,4,10,31900,exact,0.04000000000000001,0.008000000000000002,0.0016000000000000003,0.04000000000000001,0.03200000000000001,0.016000000000000004,0.08800000000000001,0.08434114843375089
g_n20_m30_k2_019_q01,g_n20_m30_k2_019,q01,train,0.3,20,30,0.15789473684210525,3.0,1.2,3,6,2,0,0,0.2480712610061998,7.491178985420211,1.145420107583908,0.09678362573099412,0.5038986354775828,0.1293299603832339,2,1,4,10,31900,exact,0.09,0.026999999999999996,0.0081,0.09,0.10799999999999998,0.08099999999999999,0.27899999999999997,0.24607852259670562
g_n20_m30_k2_019_q02,g_n20_m30_k2_019,q02,train,0.4,20,30,0.15789473684210525,3.0,1.2,3,6,2,0,0,0.2480712610061998,7.491178985420211,1.145420107583908,0.09678362573099412,0.5038986354775828,0.1293299603832339,2,1,4,10,31900,exact,0.16000000000000003,0.06400000000000002,0.025600000000000005,0.16000000000000003,0.25600000000000006,0.25600000000000006,0.6720000000000002,0.51402051466251
g_n20_m30_k2_019_q03,g_n20_m30_k2_019,q03,train,0.5,20,30,0.15789473684210525,3.0,1.2,3,6,2,0,0,0.2480712610061998,7.491178985420211,1.145420107583908,0.09678362573099412,0.5038986354775828,0.1293299603832339,2,1,4,10,31900,exact,0.25,0.125,0.0625,0.25,0.5,0.625,1.375,0.8649974374866045
g_n20_m30_k2_020_q00,g_n20_m30_k2_020,q00,train,0.2,20,30,0.15789473684210525,3.0,1.0,2,2,6,0,0,0.2150406322788432,6.824054748004925,2.4517249176303415,0.10730994152046783,0.33284600389863545,0.10060866903353399,2,3,8,31,31900,exact,0.04000000000000001,0.008000000000000002,0.0016000000000000003,0.12000000000000002,0.06400000000000002,0.04960000000000001,0.23360000000000006,0.20993672382692805
g_n20_m30_k2_020_q01,g_n20_m30_k2_020,q01,train,0.3,20,30,0.15789473684210525,3.0,1.0,2,2,6,0,0,0.2150406322788432,6.824054748004925,2.4517249176303415,0.10730994152046783,0.33284600389863545,0.10060866903353399,2,3,8,31,31900,exact,0.09,0.026999999999999996,0.0081,0.27,0.21599999999999997,0.2511,0.7371,0.5522170561257407
g_n20_m30_k2_020_q02,g_n20_m30_k2_020,q02,train,0.4,20,30,0.15789473684210525,3.0,1.0,2,2,6,0,0,0.2150406322788432,6.824054748004925,2.4517249176303415,0.10730994152046783,0.33284600389863545,0.10060866903353399,2,3,8,31,31900,exact,0.16000000000000003,0.06400000000000002,0.025600000000000005,0.4800000000000001,0.5120000000000001,0.7936000000000002,1.7856000000000005,1.0244632900317878
g_n20_m30_k2_020_q03,g_n20_m30_k2_020,q03,train,0.5,20,30,0.15789473684210525,3.0,1.0,2,2,6,0,0,0.2150406322788432,6.824054748004925,2.4517249176303415,0.10730994152046783,0.33284600389863545,0.10060866903353399,2,3,8,31,31900,exact,0.25,0.125,0.0625,0.75,1.0,1.9375,3.6875,1.5448993912965292
g_n20_m30_k2_021_q00,g_n20_m30_k2_021,q00,test,0.2,20,30,0.15789473684210525,3.0,0.8,2,2,6,0,0,0.19631823413682703,6.83325092194065,2.7071331624189408,0.10964912280701755,0.3644806460595934,0.11644541371563098,2,3,11,25,31900,exact,0.04000000000000001,0.008000000000000002,0.0016000000000000003,0.12000000000000002,0.08800000000000002,0.04000000000000001,0.24800000000000005,0.22154226994723597
g_n20_m30_k2_021_q01,g_n20_m30_k2_021,q01,test,0.3,20,30,0.15789473684210525,3.0,0.8,2,2,6,0,0,0.19631823413682703,6.83325092194065,2.7071331624189408,0.10964912280701755,0.3644806460595934,0.11644541371563098,2,3,11,25,31900,exact,0.09,0.026999999999999996,0.0081,0.27,0.29699999999999993,0.20249999999999999,0.7695,0.570697020803381
g_n20_m30_k2_021_q02,g_n20_m30_k2_021,q02,test,0.4,20,30,0.15789473684210525,3.0,0.8,2,2,6,0,0,0.19631823413682703,6.83325092194065,2.7071331624189408,0.10964912280701755,0.3644806460595934,0.11644541371563098,2,3,11,25,31900,exact,0.16000000000000003,0.06400000000000002,0.025600000000000005,0.4800000000000001,0.7040000000000002,0.6400000000000001,1.8240000000000003,1.0381543196309957
g_n20_m30_k2_021_q03,g_n20_m30_k2_021,q03,test,0.5,20,30,0.15789473684210525,3.0,0.8,2,2,6,0,0,0.19631823413682703,6.83325092194065,2.7071331624189408,0.10964912280701755,0.3644806460595934,0.11644541371563098,2,3,11,25,31900,exact,0.25,0.125,0.0625,0.75,1.375,1.5625,3.6875,1.5448993912965292
g_n20_m30_k2_022_q00,g_n20_m30_k2_022,q00,test,0.2,20,30,0.15789473684210525,3.0,1.4,5,2,3,0,0,0.20876210333386086,7.562864614172212,2.0359289617486356,0.09678362573099412,0.5116959064327484,0.14522273243919792,2,4,6,3,31900,exact,0.04000000000000001,0.008000000000000002,0.0016000000000000003,0.16000000000000003,0.048000000000000015,0.0048000000000000004,0.21280000000000004,0.1929317359059702
g_n20_m30_k2_022_q01,g_n20_m30_k2_022,q01,test,0.3,20,30,0.15789473684210525,3.0,1.4,5,2,3,0,0,0.20876210333386086,7.562864614172212,2.0359289617486356,0.09678362573099412,0.5116959064327484,0.14522273243919792,2,4,6,3,31900,exact,0.09,0.026999999999999996,0.0081,0.36,0.16199999999999998,0.0243,0.5463,0.43586498049924777
g_n20_m30_k2_022_q02,g_n20_m30_k2_022,q02,test,0.4,20,30,0.15789473684210525,3.0,1.4,5,2,3,0,0,0.20876210333386086,7.562864614172212,2.0359289617486356,0.09678362573099412,0.5116959064327484,0.14522273243919792,2,4,6,3,31900,exact,0.16000000000000003,0.06400000000000002,0.025600000000000005,0.6400000000000001,0.3840000000000001,0.07680000000000001,1.1008000000000002,0.7423182245663948
g_n20_m30_k2_022_q03,g_n20_m30_k2_022,q03,test,0.5,20,30,0.15789473684210525,3.0,1.4,5,2,3,0,0,0.20876210333386086,7.562864614172212,2.0359289617486356,0.09678362573099412,0.5116959064327484,0.14522273243919792,2,4,6,3,31900,exact,0.25,0.125,0.0625,1.0,0.75,0.1875,1.9375,1.0775588794702773
g_n20_m30_k2_023_q00,g_n20_m30_k2_023,q00,validation,0.2,20,30,0.15789473684210525,3.0,0.9,3,2,6,0,0,0.13008804920435932,6.995416424718362,2.9752121678047567,0.12046783625730995,0.5029239766081871,0.14098446441601103,2,6,8,14,31900,exact,0.04000000000000001,0.008000000000000002,0.0016000000000000003,0.24000000000000005,0.06400000000000002,0.022400000000000003,0.3264,0.2824685053988935
g_n20_m30_k2_023_q01,g_n20_m30_k2_023,q01,validation,0.3,20,30,0.15789473684210525,3.0,0.9,3,2,6,0,0,0.13008804920435932,6.995416424718362,2.9752121678047567,0.12046783625730995,0.5029239766081871,0.14098446441601103,2,6,8,14,31900,exact,0.09,0.026999999999999996,0.0081,0.54,0.21599999999999997,0.1134,0.8694,0.6256175237663459
g_n20_m30_k2_023_q02,g_n20_m30_k2_023,q02,validation,0.4,20,30,0.15789473684210525,3.0,0.9,3,2,6,0,0,0.13008804920435932,6.995416424718362,2.9752121678047567,0.12046783625730995,0.5029239766081871,0.14098446441601103,2,6,8,14,31900,exact,0.16000000000000003,0.06400000000000002,0.025600000000000005,0.9600000000000002,0.5120000000000001,0.35840000000000005,1.8304000000000005,1.040418044423384
g_n20_m30_k2_023_q03,g_n20_m30_k2_023,q03,validation,0.5,20,30,0.15789473684210525,3.0,0.9,3,2,6,0,0,0.13008804920435932,6.995416424718362,2.9752121678047567,0.12046783625730995,0.5029239766081871,0.14098446441601103,2,6,8,14,31900,exact,0.25,0.125,0.0625,1.5,1.0,0.875,3.375,1.4759065198095778
g_n20_m30_k2_024_q00,g_n20_m30_k2_024,q00,train,0.2,20,30,0.15789473684210525,3.0,1.5,2,6,5,0,0,0.22774866225544665,7.229214322180398,1.9519353117432203,0.10497076023391813,0.30730994152046787,0.10149864608283399,2,3,9,12,31900,exact,0.04000000000000001,0.008000000000000002,0.0016000000000000003,0.12000000000000002,0.07200000000000002,0.019200000000000002,0.21120000000000005,0.19161160370104732
g_n20_m30_k2_024_q01,g_n20_m30_k2_024,q01,train,0.3,20,30,0.15789473684210525,3.0,1.5,2,6,5,0,0,0.22774866225544665,7.229214322180398,1.9519353117432203,0.10497076023391813,0.30730994152046787,0.10149864608283399,2,3,9,12,31900,exact,0.09,0.026999999999999996,0.0081,0.27,0.24299999999999997,0.0972,0.6102,0.4763583948837433
g_n20_m30_k2_024_q02,g_n20_m30_k2_024,q02,train,0.4,20,30,0.15789473684210525,3.0,1.5,2,6,5,0,0,0.22774866225544665,7.229214322180398,1.9519353117432203,0.10497076023391813,0.30730994152046787,0.10149864608283399,2,3,9,12,31900,exact,0.16000000000000003,0.06400000000000002,0.025600000000000005,0.4800000000000001,0.5760000000000002,0.30720000000000003,1.3632000000000004,0.8600166327949785
g_n20_m30_k2_024_q03,g_n20_m30_k2_024,q03,train,0.5,20,30,0.15789473684210525,3.0,1.5,2,6,5,0,0,0.22774866225544665,7.229214322180398,1.9519353117432203,0.10497076023391813,0.30730994152046787,0.10149864608283399,2,3,9,12,31900,exact,0.25,0.125,0.0625,0.75,1.125,0.75,2.625,1.2878542883066382
g_n20_m30_k2_025_q00,g_n20_m30_k2_025,q00,validation,0.2,20,30,0.15789473684210525,3.0,1.0,3,3,3,0,0,0.19372571693666485,7.4351969812640855,1.6842063174730098,0.10584795321637426,0.4545808966861598,0.12355348800176556,2,1,7,14,31900,exact,0.04000000000000001,0.008000000000000002,0.0016000000000000003,0.04000000000000001,0.056000000000000015,0.022400000000000003,0.11840000000000003,0.11189909249740879
g_n20_m30_k2_025_q01,g_n20_m30_k2_025,q01,validation,0.3,20,30,0.15789473684210525,3.0,1.0,3,3,3,0,0,0.19372571693666485,7.4351969812640855,1.6842063174730098,0.10584795321637426,0.4545808966861598,0.12355348800176556,2,1,7,14,31900,exact,0.09,0.026999999999999996,0.0081,0.09,0.18899999999999997,0.1134,0.39239999999999997,0.33102887695514677
g_n20_m30_k2_025_q02,g_n20_m30_k2_025,q02,validation,0.4,20,30,0.15789473684210525,3.0,1.0,3,3,3,0,0,0.19372571693666485,7.4351969812640855,1.6842063174730098,0.10584795321637426,0.4545808966861598,0.12355348800176556,2,1,7,14,31900,exact,0.16000000000000003,0.06400000000000002,0.025600000000000005,0.16000000000000003,0.4480000000000001,0.35840000000000005,0.9664000000000001,0.6762044598296334
g_n20_m30_k2_025_q03,g_n20_m30_k2_025,q03,validation,0.5,20,30,0.15789473684210525,3.0,1.0,3,3,3,0,0,0.19372571693666485,7.4351969812640855,1.6842063174730098,0.10584795321637426,0.4545808966861598,0.12355348800176556,2,1,7,14,31900,exact,0.25,0.125,0.0625,0.25,0.875,0.875,2.0,1.0986122886681098
g_n20_m30_k2_026_q00,g_n20_m30_k2_026,q00,train,0.2,20,30,0.15789473684210525,3.0,1.0,3,3,3,0,0,0.2169068338865524,6.697277255330505,1.4126629119817815,0.10906432748538013,0.28703703703703703,0.09915945297550693,2,1,8,17,31900,exact,0.04000000000000001,0.008000000000000002,0.0016000000000000003,0.04000000000000001,0.06400000000000002,0.027200000000000005,0.13120000000000004,0.1232790161601713
g_n20_m30_k2_026_q01,g_n20_m30_k2_026,q01,train,0.3,20,30,0.15789473684210525,3.0,1.0,3,3,3,0,0,0.2169068338865524,6.697277255330505,1.4126629119817815,0.10906432748538013,0.28703703703703703,0.09915945297550693,2,1,8,17,31900,exact,0.09,0.026999999999999996,0.0081,0.09,0.21599999999999997,0.1377,0.44369999999999993,0.3672092626536318
g_n20_m30_k2_026_q02,g_n20_m30_k2_026,q02,train,0.4,20,30,0.15789473684210525,3.0,1.0,3,3,3,0,0,0.2169068338865524,6.697277255330505,1.4126629119817815,0.10906432748538013,0.28703703703703703,0.09915945297550693,2,1,8,17,31900,exact,0.16000000000000003,0.06400000000000002,0.025600000000000005,0.16000000000000003,0.5120000000000001,0.4352000000000001,1.1072000000000002,0.7453600520068796
g_n20_m30_k2_026_q03,g_n20_m30_k2_026,q03,train,0.5,20,30,0.15789473684210525,3.0,1.0,3,3,3,0,0,0.2169068338865524,6.697277255330505,1.4126629119817815,0.10906432748538013,0.28703703703703703,0.09915945297550693,2,1,8,17,31900,exact,0.25,0.125,0.0625,0.25,1.0,1.0625,2.3125,1.1977031913123406
g_n20_m30_k2_027_q00,g_n20_m30_k2_027,q00,train,0.2,20,30,0.15789473684210525,3.0,0.7,3,3,5,0,0,0.2212888020902846,6.689909729439164,1.9183883487985123,0.10906432748538011,0.3327903091060985,0.09035220464444996,2,1,13,16,31900,exact,0.04000000000000001,0.008000000000000002,0.0016000000000000003,0.04000000000000001,0.10400000000000002,0.025600000000000005,0.16960000000000003,0.15666181001337703
g_n20_m30_k2_027_q01,g_n20_m30_k2_027,q01,train,0.3,20,30,0.15789473684210525,3.0,0.7,3,3,5,0,0,0.2212888020902846,6.689909729439164,1.9183883487985123,0.10906432748538011,0.3327903091060985,0.09035220464444996,2,1,13,16,31900,exact,0.09,0.026999999999999996,0.0081,0.09,0.351,0.1296,0.5706,0.4514577119586372
g_n20_m30_k2_027_q02,g_n20_m30_k2_027,q02,train,0.4,20,30,0.15789473684210525,3.0,0.7,3,3,5,0,0,0.2212888020902846,6.689909729439164,1.9183883487985123,0.10906432748538011,0.3327903091060985,0.09035220464444996,2,1,13,16,31900,exact,0.16000000000000003,0.06400000000000002,0.025600000000000005,0.16000000000000003,0.8320000000000002,0.4096000000000001,1.4016000000000002,0.8761351818970605
g_n20_m30_k2_027_q03,g_n20_m30_k2_027,q03,train,0.5,20,30,0.15789473684210525,3.0,0.7,3,3,5,0,0,0.2212888020902846,6.689909729439164,1.9183883487985123,0.10906432748538011,0.3327903091060985,0.09035220464444996,2,1,13,16,31900,exact,0.25,0.125,0.0625,0.25,1.625,1.0,2.875,1.3545456628053103
g_n20_m30_k2_028_q00,g_n20_m30_k2_028,q00,train,0.2,20,30,0.15789473684210525,3.0,1.1,2,2,5,0,0,0.19297036411581694,6.679663451501934,2.3306408998263812,0.11169590643274854,0.2984405458089668,0.10549544797753713,2,5,3,19,31900,exact,0.04000000000000001,0.008000000000000002,0.0016000000000000003,0.20000000000000004,0.024000000000000007,0.030400000000000007,0.2544,0.22665737061400637
g_n20_m30_k2_028_q01,g_n20_m30_k2_028,q01,train,0.3,20,30,0.15789473684210525,3.0,1.1,2,2,5,0,0,0.19297036411581694,6.679663451501934,2.3306408998263812,0.11169590643274854,0.2984405458089668,0.10549544797753713,2,5,3,19,31900,exact,0.09,0.026999999999999996,0.0081,0.44999999999999996,0.08099999999999999,0.15389999999999998,0.6848999999999998,0.5217062148622025
g_n20_m30_k2_028_q02,g_n20_m30_k2_028,q02,train,0.4,20,30,0.15789473684210525,3.0,1.1,2,2,5,0,0,0.19297036411581694,6.679663451501934,2.3306408998263812,0.11169590643274854,0.2984405458089668,0.10549544797753713,2,5,3,19,31900,exact,0.16000000000000003,0.06400000000000002,0.025600000000000005,0.8000000000000002,0.19200000000000006,0.4864000000000001,1.4784000000000004,0.9076131906804673
g_n20_m30_k2_028_q03,g_n20_m30_k2_028,q03,train,0.5,20,30,0.15789473684210525,3.0,1.1,2,2,5,0,0,0.19297036411581694,6.679663451501934,2.3306408998263812,0.11169590643274854,0.2984405458089668,0.10549544797753713,2,5,3,19,31900,exact,0.25,0.125,0.0625,1.25,0.375,1.1875,2.8125,1.33828514193353
g_n20_m30_k2_029_q00,g_n20_m30_k2_029,q00,validation,0.2,20,30,0.15789473684210525,3.0,0.6,2,3,4,0,0,0.18197588535299986,6.535725529904324,2.185409807658983,0.11315789473684212,0.3504873294346978,0.10463208781117601,2,3,9,12,31900,exact,0.04000000000000001,0.008000000000000002,0.0016000000000000003,0.12000000000000002,0.07200000000000002,0.019200000000000002,0.21120000000000005,0.19161160370104732
g_n20_m30_k2_029_q01,g_n20_m30_k2_029,q01,validation,0.3,20,30,0.15789473684210525,3.0,0.6,2,3,4,0,0,0.18197588535299986,6.535725529904324,2.185409807658983,0.11315789473684212,0.3504873294346978,0.10463208781117601,2,3,9,12,31900,exact,0.09,0.026999999999999996,0.0081,0.27,0.24299999999999997,0.0972,0.6102,0.4763583948837433
g_n20_m30_k2_029_q02,g_n20_m30_k2_029,q02,validation,0.4,20,30,0.15789473684210525,3.0,0.6,2,3,4,0,0,0.18197588535299986,6.535725529904324,2.185409807658983,0.11315789473684212,0.3504873294346978,0.10463208781117601,2,3,9,12,31900,exact,0.16000000000000003,0.06400000000000002,0.025600000000000005,0.4800000000000001,0.5760000000000002,0.30720000000000003,1.3632000000000004,0.8600166327949785
g_n20_m30_k2_029_q03,g_n20_m30_k2_029,q03,validation,0.5,20,30,0.15789473684210525,3.0,0.6,2,3,4,0,0,0.18197588535299986,6.535725529904324,2.185409807658983,0.11315789473684212,0.3504873294346978,0.10463208781117601,2,3,9,12,31900,exact,0.25,0.125,0.0625,0.75,1.125,0.75,2.625,1.2878542883066382
g_n20_m30_k2_030_q00,g_n20_m30_k2_030,q00,validation,0.2,20,30,0.15789473684210525,3.0,1.0,2,3,4,0,0,0.2107525340202983,6.915224568356259,1.9063098006889048,0.1043859649122807,0.3162768031189083,0.09989892067824514,2,2,5,19,31900,exact,0.04000000000000001,0.008000000000000002,0.0016000000000000003,0.08000000000000002,0.04000000000000001,0.030400000000000007,0.15040000000000003,0.14010970798464523
g_n20_m30_k2_030_q01,g_n20_m30_k2_030,q01,validation,0.3,20,30,0.15789473684210525,3.0,1.0,2,3,4,0,0,0.2107525340202983,6.915224568356259,1.9063098006889048,0.1043859649122807,0.3162768031189083,0.09989892067824514,2,2,5,19,31900,exact,0.09,0.026999999999999996,0.0081,0.18,0.13499999999999998,0.15389999999999998,0.46889999999999993,0.3845138213552321
g_n20_m30_k2_030_q02,g_n20_m30_k2_030,q02,validation,0.4,20,30,0.15789473684210525,3.0,1.0,2,3,4,0,0,0.2107525340202983,6.915224568356259,1.9063098006889048,0.1043859649122807,0.3162768031189083,0.09989892067824514,2,2,5,19,31900,exact,0.16000000000000003,0.06400000000000002,0.025600000000000005,0.32000000000000006,0.32000000000000006,0.4864000000000001,1.1264000000000003,0.754430408976844
g_n20_m30_k2_030_q03,g_n20_m30_k2_030,q03,validation,0.5,20,30,0.15789473684210525,3.0,1.0,2,3,4,0,0,0.2107525340202983,6.915224568356259,1.9063098006889048,0.1043859649122807,0.3162768031189083,0.09989892067824514,2,2,5,19,31900,exact,0.25,0.125,0.0625,0.5,0.625,1.1875,2.3125,1.1977031913123406
g_n20_m30_k2_031_q00,g_n20_m30_k2_031,q00,train,0.2,20,30,0.15789473684210525,3.0,0.8,2,2,4,0,0,0.24596468473053484,7.036381188516872,2.1198875769401497,0.09941520467836255,0.2893762183235867,0.10517402008840411,2,3,4,20,31900,exact,0.04000000000000001,0.008000000000000002,0.0016000000000000003,0.12000000000000002,0.03200000000000001,0.03200000000000001,0.18400000000000002,0.16889853646181396
g_n20_m30_k2_031_q01,g_n20_m30_k2_031,q01,train,0.3,20,30,0.15789473684210525,3.0,0.8,2,2,4,0,0,0.24596468473053484,7.036381188516872,2.1198875769401497,0.09941520467836255,0.2893762183235867,0.10517402008840411,2,3,4,20,31900,exact,0.09,0.026999999999999996,0.0081,0.27,0.10799999999999998,0.16199999999999998,0.54,0.43178241642553783
g_n20_m30_k2_031_q02,g_n20_m30_k2_031,q02,train,0.4,20,30,0.15789473684210525,3.0,0.8,2,2,4,0,0,0.24596468473053484,7.036381188516872,2.1198875769401497,0.09941520467836255,0.2893762183235867,0.10517402008840411,2,3,4,20,31900,exact,0.16000000000000003,0.06400000000000002,0.025600000000000005,0.4800000000000001,0.25600000000000006,0.5120000000000001,1.2480000000000002,0.8100409320314448
g_n20_m30_k2_031_q03,g_n20_m30_k2_031,q03,train,0.5,20,30,0.15789473684210525,3.0,0.8,2,2,4,0,0,0.24596468473053484,7.036381188516872,2.1198875769401497,0.09941520467836255,0.2893762183235867,0.10517402008840411,2,3,4,20,31900,exact,0.25,0.125,0.0625,0.75,0.5,1.25,2.5,1.252762968495368
g_n20_m30_k2_032_q00,g_n20_m30_k2_032,q00,train,0.2,20,30,0.15789473684210525,3.0,0.8,4,3,5,0,0,0.2014099724642042,6.829867955538097,1.7918908713301231,0.10847953216374269,0.4080618212197159,0.11683649327208097,2,1,4,26,31900,exact,0.04000000000000001,0.008000000000000002,0.0016000000000000003,0.04000000000000001,0.03200000000000001,0.041600000000000005,0.1136,0.10759801059801816
g_n20_m30_k2_032_q01,g_n20_m30_k2_032,q01,train,0.3,20,30,0.15789473684210525,3.0,0.8,4,3,5,0,0,0.2014099724642042,6.829867955538097,1.7918908713301231,0.10847953216374269,0.4080618212197159,0.11683649327208097,2,1,4,26,31900,exact,0.09,0.026999999999999996,0.0081,0.09,0.10799999999999998,0.21059999999999998,0.40859999999999996,0.3425963033291729
g_n20_m30_k2_032_q02,g_n20_m30_k2_032,q02,train,0.4,20,30,0.15789473684210525,3.0,0.8,4,3,5,0,0,0.2014099724642042,6.829867955538097,1.7918908713301231,0.10847953216374269,0.4080618212197159,0.11683649327208097,2,1,4,26,31900,exact,0.16000000000000003,0.06400000000000002,0.025600000000000005,0.16000000000000003,0.25600000000000006,0.6656000000000001,1.0816000000000001,0.7331368287761039
g_n20_m30_k2_032_q03,g_n20_m30_k2_032,q03,train,0.5,20,30,0.15789473684210525,3.0,0.8,4,3,5,0,0,0.2014099724642042,6.829867955538097,1.7918908713301231,0.10847953216374269,0.4080618212197159,0.11683649327208097,2,1,4,26,31900,exact,0.25,0.125,0.0625,0.25,0.5,1.625,2.375,1.2163953243244932
g_n20_m30_k2_033_q00,g_n20_m30_k2_033,q00,train,0.2,20,30,0.15789473684210525,3.0,0.7,2,3,4,0,0,0.19572050248397385,6.280432871631902,1.8952140229329455,0.11198830409356726,0.30516569200779725,0.09986278865157573,2,3,8,22,31900,exact,0.04000000000000001,0.008000000000000002,0.0016000000000000003,0.12000000000000002,0.06400000000000002,0.03520000000000001,0.21920000000000006,0.19819490595024483
g_n20_m30_k2_033_q01,g_n20_m30_k2_033,q01,train,0.3,20,30,0.15789473684210525,3.0,0.7,2,3,4,0,0,0.19572050248397385,6.280432871631902,1.8952140229329455,0.11198830409356726,0.30516569200779725,0.09986278865157573,2,3,8,22,31900,exact,0.09,0.026999999999999996,0.0081,0.27,0.21599999999999997,0.1782,0.6642,0.5093445274841925
g_n20_m30_k2_033_q02,g_n20_m30_k2_033,q02,train,0.4,20,30,0.15789473684210525,3.0,0.7,2,3,4,0,0,0.19572050248397385,6.280432871631902,1.8952140229329455,0.11198830409356726,0.30516569200779725,0.09986278865157573,2,3,8,22,31900,exact,0.16000000000000003,0.06400000000000002,0.025600000000000005,0.4800000000000001,0.5120000000000001,0.5632000000000001,1.5552000000000004,0.9381304984786111
g_n20_m30_k2_033_q03,g_n20_m30_k2_033,q03,train,0.5,20,30,0.15789473684210525,3.0,0.7,2,3,4,0,0,0.19572050248397385,6.280432871631902,1.8952140229329455,0.11198830409356726,0.30516569200779725,0.09986278865157573,2,3,8,22,31900,exact,0.25,0.125,0.0625,0.75,1.0,1.375,3.125,1.4170660197866443
g_n20_m30_k2_034_q00,g_n20_m30_k2_034,q00,train,0.2,20,30,0.15789473684210525,3.0,1.0,2,3,4,0,0,0.1703590073440873,6.51564499334435,2.0436120135251596,0.11725146198830408,0.32290448343079925,0.1051382326709732,2,3,9,9,31900,exact,0.04000000000000001,0.008000000000000002,0.0016000000000000003,0.12000000000000002,0.07200000000000002,0.014400000000000003,0.20640000000000006,0.18764071827155462
g_n20_m30_k2_034_q01,g_n20_m30_k2_034,q01,train,0.3,20,30,0.15789473684210525,3.0,1.0,2,3,4,0,0,0.1703590073440873,6.51564499334435,2.0436120135251596,0.11725146198830408,0.32290448343079925,0.1051382326709732,2,3,9,9,31900,exact,0.09,0.026999999999999996,0.0081,0.27,0.24299999999999997,0.07289999999999999,0.5859,0.4611520695224181
g_n20_m30_k2_034_q02,g_n20_m30_k2_034,q02,train,0.4,20,30,0.15789473684210525,3.0,1.0,2,3,4,0,0,0.1703590073440873,6.51564499334435,2.0436120135251596,0.11725146198830408,0.32290448343079925,0.1051382326709732,2,3,9,9,31900,exact,0.16000000000000003,0.06400000000000002,0.025600000000000005,0.4800000000000001,0.5760000000000002,0.23040000000000005,1.2864000000000004,0.8269785281934661
g_n20_m30_k2_034_q03,g_n20_m30_k2_034,q03,train,0.5,20,30,0.15789473684210525,3.0,1.0,2,3,4,0,0,0.1703590073440873,6.51564499334435,2.0436120135251596,0.11725146198830408,0.32290448343079925,0.1051382326709732,2,3,9,9,31900,exact,0.25,0.125,0.0625,0.75,1.125,0.5625,2.4375,1.2347444629926896
g_n20_m30_k2_035_q00,g_n20_m30_k2_035,q00,test,0.2,20,30,0.15789473684210525,3.0,0.6,3,3,4,0,0,0.18982497457858968,6.569310748429662,1.600599115867849,0.11257309941520469,0.2620857699805068,0.09422774915989643,2,1,8,24,31900,exact,0.04000000000000001,0.008000000000000002,0.0016000000000000003,0.04000000000000001,0.06400000000000002,0.038400000000000004,0.14240000000000003,0.13313131260318292
g_n20_m30_k2_035_q01,g_n20_m30_k2_035,q01,test,0.3,20,30,0.15789473684210525,3.0,0.6,3,3,4,0,0,0.18982497457858968,6.569310748429662,1.600599115867849,0.11257309941520469,0.2620857699805068,0.09422774915989643,2,1,8,24,31900,exact,0.09,0.026999999999999996,0.0081,0.09,0.21599999999999997,0.1944,0.5004,0.4057317392255952
g_n20_m30_k2_035_q02,g_n20_m30_k2_035,q02,test,0.4,20,30,0.15789473684210525,3.0,0.6,3,3,4,0,0,0.18982497457858968,6.569310748429662,1.600599115867849,0.11257309941520469,0.2620857699805068,0.09422774915989643,2,1,8,24,31900,exact,0.16000000000000003,0.06400000000000002,0.025600000000000005,0.16000000000000003,0.5120000000000001,0.6144000000000001,1.2864000000000002,0.826978528193466
g_n20_m30_k2_035_q03,g_n20_m30_k2_035,q03,test,0.5,20,30,0.15789473684210525,3.0,0.6,3,3,4,0,0,0.18982497457858968,6.569310748429662,1.600599115867849,0.11257309941520469,0.2620857699805068,0.09422774915989643,2,1,8,24,31900,exact,0.25,0.125,0.0625,0.25,1.0,1.5,2.75,1.3217558399823195
g_n20_m30_k2_036_q00,g_n20_m30_k2_036,q00,validation,0.2,20,30,0.15789473684210525,3.0,1.1,2,2,4,0,0,0.24203254250949954,6.7769350316550785,2.0769351055512093,0.0961988304093567,0.36023391812865496,0.1155287378156326,2,3,1,27,31900,exact,0.04000000000000001,0.008000000000000002,0.0016000000000000003,0.12000000000000002,0.008000000000000002,0.04320000000000001,0.17120000000000005,0.1580288642249101
g_n20_m30_k2_036_q01,g_n20_m30_k2_036,q01,validation,0.3,20,30,0.15789473684210525,3.0,1.1,2,2,4,0,0,0.24203254250949954,6.7769350316550785,2.0769351055512093,0.0961988304093567,0.36023391812865496,0.1155287378156326,2,3,1,27,31900,exact,0.09,0.026999999999999996,0.0081,0.27,0.026999999999999996,0.21869999999999998,0.5157,0.4158773784554742
g_n20_m30_k2_036_q02,g_n20_m30_k2_036,q02,validation,0.4,20,30,0.15789473684210525,3.0,1.1,2,2,4,0,0,0.24203254250949954,6.7769350316550785,2.0769351055512093,0.0961988304093567,0.36023391812865496,0.1155287378156326,2,3,1,27,31900,exact,0.16000000000000003,0.06400000000000002,0.025600000000000005,0.4800000000000001,0.06400000000000002,0.6912000000000001,1.2352000000000003,0.8043307095205604
g_n20_m30_k2_036_q03,g_n20_m30_k2_036,q03,validation,0.5,20,30,0.15789473684210525,3.0,1.1,2,2,4,0,0,0.24203254250949954,6.7769350316550785,2.0769351055512093,0.0961988304093567,0.36023391812865496,0.1155287378156326,2,3,1,27,31900,exact,0.25,0.125,0.0625,0.75,0.125,1.6875,2.5625,1.270462545594769
g_n20_m30_k2_037_q00,g_n20_m30_k2_037,q00,train,0.2,20,30,0.15789473684210525,3.0,0.7,3,4,5,0,0,0.23019712415735194,7.056383717255959,1.8058788130626018,0.10380116959064326,0.3490253411306043,0.09549772062108096,2,1,7,21,31900,exact,0.04000000000000001,0.008000000000000002,0.0016000000000000003,0.04000000000000001,0.056000000000000015,0.033600000000000005,0.12960000000000005,0.12186358775684063
g_n20_m30_k2_037_q01,g_n20_m30_k2_037,q01,train,0.3,20,30,0.15789473684210525,3.0,0.7,3,4,5,0,0,0.23019712415735194,7.056383717255959,1.8058788130626018,0.10380116959064326,0.3490253411306043,0.09549772062108096,2,1,7,21,31900,exact,0.09,0.026999999999999996,0.0081,0.09,0.18899999999999997,0.1701,0.44909999999999994,0.37094267406974135
g_n20_m30_k2_037_q02,g_n20_m30_k2_037,q02,train,0.4,20,30,0.15789473684210525,3.0,0.7,3,4,5,0,0,0.23019712415735194,7.056383717255959,1.8058788130626018,0.10380116959064326,0.3490253411306043,0.09549772062108096,2,1,7,21,31900,exact,0.16000000000000003,0.06400000000000002,0.025600000000000005,0.16000000000000003,0.4480000000000001,0.5376000000000001,1.1456000000000002,0.7634192335452771
g_n20_m30_k2_037_q03,g_n20_m30_k2_037,q03,train,0.5,20,30,0.15789473684210525,3.0,0.7,3,4,5,0,0,0.23019712415735194,7.056383717255959,1.8058788130626018,0.10380116959064326,0.3490253411306043,0.09549772062108096,2,1,7,21,31900,exact,0.25,0.125,0.0625,0.25,0.875,1.3125,2.4375,1.2347444629926896
g_n20_m30_k2_038_q00,g_n20_m30_k2_038,q00,train,0.2,20,30,0.15789473684210525,3.0,1.0,2,4,3,0,0,0.21616227537343916,6.778237784173645,1.7552479897530795,0.10380116959064327,0.32972709551656915,0.10342383989242628,2,3,6,10,31900,exact,0.04000000000000001,0.008000000000000002,0.0016000000000000003,0.12000000000000002,0.048000000000000015,0.016000000000000004,0.18400000000000005,0.168898536461814
g_n20_m30_k2_038_q01,g_n20_m30_k2_038,q01,train,0.3,20,30,0.15789473684210525,3.0,1.0,2,4,3,0,0,0.21616227537343916,6.778237784173645,1.7552479897530795,0.10380116959064327,0.32972709551656915,0.10342383989242628,2,3,6,10,31900,exact,0.09,0.026999999999999996,0.0081,0.27,0.16199999999999998,0.08099999999999999,0.513,0.4140944348062189
g_n20_m30_k2_038_q02,g_n20_m30_k2_038,q02,train,0.4,20,30,0.15789473684210525,3.0,1.0,2,4,3,0,0,0.21616227537343916,6.778237784173645,1.7552479897530795,0.10380116959064327,0.32972709551656915,0.10342383989242628,2,3,6,10,31900,exact,0.16000000000000003,0.06400000000000002,0.025600000000000005,0.4800000000000001,0.3840000000000001,0.25600000000000006,1.1200000000000003,0.7514160886839213
g_n20_m30_k2_038_q03,g_n20_m30_k2_038,q03,train,0.5,20,30,0.15789473684210525,3.0,1.0,2,4,3,0,0,0.21616227537343916,6.778237784173645,1.7552479897530795,0.10380116959064327,0.32972709551656915,0.10342383989242628,2,3,6,10,31900,exact,0.25,0.125,0.0625,0.75,0.75,0.625,2.125,1.1394342831883648
g_n20_m30_k2_039_q00,g_n20_m30_k2_039,q00,train,0.2,20,30,0.15789473684210525,3.0,0.4,3,3,4,0,0,0.22940040180059268,6.070438291810384,1.7042344066973363,0.10116959064327484,0.2782651072124756,0.08851268346573463,2,1,6,19,31900,exact,0.04000000000000001,0.008000000000000002,0.0016000000000000003,0.04000000000000001,0.048000000000000015,0.030400000000000007,0.11840000000000003,0.11189909249740879
g_n20_m30_k2_039_q01,g_n20_m30_k2_039,q01,train,0.3,20,30,0.15789473684210525,3.0,0.4,3,3,4,0,0,0.22940040180059268,6.070438291810384,1.7042344066973363,0.10116959064327484,0.2782651072124756,0.08851268346573463,2,1,6,19,31900,exact,0.09,0.026999999999999996,0.0081,0.09,0.16199999999999998,0.15389999999999998,0.4059,0.34067766710372466
g_n20_m30_k2_039_q02,g_n20_m30_k2_039,q02,train,0.4,20,30,0.15789473684210525,3.0,0.4,3,3,4,0,0,0.22940040180059268,6.070438291810384,1.7042344066973363,0.10116959064327484,0.2782651072124756,0.08851268346573463,2,1,6,19,31900,exact,0.16000000000000003,0.06400000000000002,0.025600000000000005,0.16000000000000003,0.3840000000000001,0.4864000000000001,1.0304000000000002,0.7082328179779863
g_n20_m30_k2_039_q03,g_n20_m30_k2_039,q03,train,0.5,20,30,0.15789473684210525,3.0,0.4,3,3,4,0,0,0.22940040180059268,6.070438291810384,1.7042344066973363,0.10116959064327484,0.2782651072124756,0.08851268346573463,2,1,6,19,31900,exact,0.25,0.125,0.0625,0.25,0.75,1.1875,2.1875,1.1592369104845446
