graph_id,state_id,split,n,e0,et,kappa0,kappat,tau_stratum,prefix_len,prefix_seed,tau0,tau,log_tau0,log_tau,L_t,deleted_edge_count,deleted_edge_fraction,edge_density,mean_degree,degree_variance,min_degree,bridge_count,avg_shortest_path_length,diameter,algebraic_connectivity,laplacian_spectral_radius,adjacency_spectral_gap,kirchhoff_index,betweenness_mean,betweenness_max,betweenness_std
g_n24_e48_k2_low_00,g_n24_e48_k2_low_00_p0,train,24,48,48,2,2,low,0,3651173447,12927665736,12927665736,23.28263548257405,23.28263548257405,0.0,0,0.0,0.17391304347826086,4.0,3.1666666666666665,2,0,2.8333333333333335,6,0.18581665017548465,10.24558453003566,0.3196568080526516,312.38590965560843,0.08333333333333333,0.48734439404295865,0.11985585257250324
g_n24_e48_k2_low_00,g_n24_e48_k2_low_00_p3,train,24,48,45,2,1,low,3,4151174947,12927665736,1389505088,23.28263548257405,21.052213468888958,2.230422013685093,3,0.0625,0.16304347826086957,3.75,3.4375,1,1,2.902173913043478,6,0.17804051468227008,10.24451361977939,0.4197992525808676,346.2238270782061,0.08646245059288538,0.5291859874863827,0.12845874780946584
g_n24_e48_k2_low_00,g_n24_e48_k2_low_00_p5,train,24,48,43,2,2,low,5,356209151,12927665736,585434100,23.28263548257405,20.187864181294255,3.0947713012797955,5,0.10416666666666667,0.15579710144927536,3.5833333333333335,2.826388888888889,2,0,3.0652173913043477,6,0.1499095313833345,9.466333168984272,0.20806974570573722,372.51706362851047,0.09387351778656126,0.47700922266139656,0.1252774633246903
g_n24_e48_k2_low_01,g_n24_e48_k2_low_01_p0,test,24,48,48,2,2,low,0,2929793488,16027837407,16027837407,23.4975928853589,23.4975928853589,0.0,0,0.0,0.17391304347826086,4.0,2.8333333333333335,2,0,2.670289855072464,5,0.22022770592498978,9.489955609386378,0.504783738802657,293.659866167933,0.07592226613965743,0.4416337285902503,0.11628521626021696
g_n24_e48_k2_low_01,g_n24_e48_k2_low_01_p3,test,24,48,45,2,2,low,3,3429794988,16027837407,4451726668,23.4975928853589,22.216557873146996,1.2810350122119019,3,0.0625,0.16304347826086957,3.75,1.7708333333333333,2,0,2.760869565217391,5,0.21715817864863454,8.492238163463586,0.37095695566694165,307.45011554851556,0.0800395256916996,0.3830698287220026,0.10707528922269735
g_n24_e48_k2_low_01,g_n24_e48_k2_low_01_p5,test,24,48,43,2,1,low,5,3929796488,16027837407,260414560,23.4975928853589,19.377785380714055,4.119807504644843,5,0.10416666666666667,0.15579710144927536,3.5833333333333335,3.159722222222222,1,2,2.8115942028985508,5,0.2136076568449991,9.206401209572736,0.7091672644067057,366.0120964088939,0.0823451910408432,0.4389328063241106,0.11945533247674694
g_n24_e48_k2_low_02,g_n24_e48_k2_low_02_p0,validation,24,48,48,2,2,low,0,2208413529,18420474639,18420474639,23.63672863503117,23.63672863503117,0.0,0,0.0,0.17391304347826086,4.0,2.25,2,0,2.971014492753623,6,0.15081182290141187,9.022761636655733,0.1442933734628058,332.92756546868577,0.0895915678524374,0.38649170329012206,0.11810319581296337
g_n24_e48_k2_low_02,g_n24_e48_k2_low_02_p3,validation,24,48,45,2,2,low,3,2708415029,18420474639,4519579162,23.63672863503117,22.23168472070373,1.4050439143274396,3,0.0625,0.16304347826086957,3.75,1.7708333333333333,2,0,3.0543478260869565,6,0.14428866132797022,8.510375105215836,0.27783989540966303,350.17109450444065,0.09337944664031621,0.33850563139100687,0.11469137446467839
g_n24_e48_k2_low_03,g_n24_e48_k2_low_03_p0,train,24,48,48,2,2,low,0,1487033570,20784129888,20784129888,23.75745554627776,23.75745554627776,0.0,0,0.0,0.17391304347826086,4.0,2.0833333333333335,2,0,2.75,5,0.22414301079781995,8.848914676201703,0.35845557717439913,293.29350181897723,0.07954545454545453,0.26451471234079926,0.0887977439128216
g_n24_e48_k2_low_03,g_n24_e48_k2_low_03_p3,train,24,48,45,2,1,low,3,1987035070,20784129888,2225655296,23.75745554627776,21.52331722425975,2.234138322018012,3,0.0625,0.16304347826086957,3.75,2.1041666666666665,1,2,2.818840579710145,6,0.2197401267264091,8.759120206125317,0.42212209376198606,344.28699776337726,0.08267457180500658,0.31679841897233196,0.09446683575086436
g_n24_e48_k2_low_03,g_n24_e48_k2_low_03_p5,train,24,48,43,2,1,low,5,2487036570,20784129888,622695627,23.75745554627776,20.249568397174695,3.507887149103066,5,0.10416666666666667,0.15579710144927536,3.5833333333333335,1.8263888888888886,1,1,2.967391304347826,6,0.20295955148232447,8.003789780001116,0.6023299416275787,361.3911354736407,0.08942687747035571,0.2864514712340799,0.09370769344275191
g_n24_e48_k2_low_04,g_n24_e48_k2_low_04_p0,train,24,48,48,2,2,low,0,765653611,21086640069,21086640069,23.771905504805023,23.771905504805023,0.0,0,0.0,0.17391304347826086,4.0,2.9166666666666665,2,0,2.677536231884058,5,0.20729585286417,10.299515832268835,0.5218102811319705,290.92424262325477,0.0762516469038208,0.4606719367588932,0.11667917508772467
g_n24_e48_k2_low_04,g_n24_e48_k2_low_04_p3,train,24,48,45,2,1,low,3,1265655111,21086640069,1488047733,23.771905504805023,21.120730851471837,2.651174653333186,3,0.0625,0.16304347826086957,3.75,2.7708333333333335,1,2,2.8768115942028984,6,0.1180000211924241,9.35419516804832,0.31560915681358814,406.24795295125693,0.08530961791831355,0.6044137022397892,0.15323045445482358
g_n24_e48_k2_mid_05,g_n24_e48_k2_mid_05_p0,train,24,48,48,2,2,mid,0,44273652,31863261258,31863261258,24.18471949833656,24.18471949833656,0.0,0,0.0,0.17391304347826086,4.0,2.0,2,0,2.6920289855072466,6,0.21817707859456603,9.277427938468456,0.37420359023643535,283.2661415094438,0.07691040843214754,0.4093809352702633,0.09931969053719013
g_n24_e48_k2_mid_05,g_n24_e48_k2_mid_05_p3,train,24,48,45,2,1,mid,3,544275152,31863261258,3732048000,24.18471949833656,22.04022298158513,2.1444965167514276,3,0.0625,0.16304347826086957,3.75,2.1875,1,1,2.7717391304347827,6,0.20162640334144893,9.23047618490122,0.34100010213724996,316.6498396848075,0.08053359683794466,0.47967250141163187,0.11217373030271786
g_n24_e48_k2_mid_05,g_n24_e48_k2_mid_05_p5,train,24,48,43,2,2,mid,5,1044276652,31863261258,1477401766,24.18471949833656,21.113550818401368,3.071168679935191,5,0.10416666666666667,0.15579710144927536,3.5833333333333335,1.409722222222222,2,0,2.8731884057971016,6,0.19689014326247867,7.836676964893041,0.6098082552700093,333.65786324977313,0.08514492753623187,0.3426406926406926,0.08978912068982388
g_n24_e48_k2_mid_06,g_n24_e48_k2_mid_06_p0,validation,24,48,48,2,2,mid,0,3617860989,32435464375,32435464375,24.20251824060467,24.20251824060467,0.0,0,0.0,0.17391304347826086,4.0,1.6666666666666667,2,0,3.028985507246377,7,0.1647263244803971,8.427147860373342,0.17751615219869166,311.633455192733,0.09222661396574439,0.3394032186522305,0.0998111585102889
g_n24_e48_k2_mid_06,g_n24_e48_k2_mid_06_p3,validation,24,48,45,2,2,mid,3,4117862489,32435464375,6471686191,24.20251824060467,22.590702528351535,1.6118157122531365,3,0.0625,0.16304347826086957,3.75,1.3541666666666667,2,0,3.0579710144927534,7,0.16163452500747563,8.182052762059165,0.6797805254786664,328.78377516682633,0.0935441370223979,0.3592076895436579,0.09913210417632654
g_n24_e48_k2_mid_06,g_n24_e48_k2_mid_06_p5,validation,24,48,43,2,1,mid,5,322896693,32435464375,603013034,24.20251824060467,20.217449369714902,3.9850688708897692,5,0.10416666666666667,0.15579710144927536,3.5833333333333335,1.6597222222222223,1,2,3.3840579710144927,7,0.08440393695148675,7.964713590393051,0.26622117930889466,491.1696071962533,0.10836627140974965,0.5549407114624506,0.15278175522853524
g_n24_e48_k2_mid_07,g_n24_e48_k2_mid_07_p0,train,24,48,48,2,2,mid,0,2896481030,32573310408,32573310408,24.2067590908608,24.2067590908608,0.0,0,0.0,0.17391304347826086,4.0,2.25,2,0,2.6956521739130435,5,0.2031009647623498,9.437459575564848,0.3850123497729614,285.40323610328494,0.07707509881422923,0.47400087834870436,0.11692511877375807
g_n24_e48_k2_mid_07,g_n24_e48_k2_mid_07_p3,train,24,48,45,2,2,mid,3,3396482530,32573310408,4225118058,24.2067590908608,22.164313040087052,2.042446050773748,3,0.0625,0.16304347826086957,3.75,2.5208333333333335,2,0,2.721014492753623,5,0.20023487817936494,9.394493681100387,0.6007859597884089,309.43164216122955,0.07822793148880104,0.49347826086956514,0.12055121778985223
g_n24_e48_k2_mid_07,g_n24_e48_k2_mid_07_p5,train,24,48,43,2,2,mid,5,3896484030,32573310408,1712580513,24.2067590908608,21.261267141886,2.945491948974798,5,0.10416666666666667,0.15579710144927536,3.5833333333333335,1.909722222222222,2,0,2.7717391304347827,5,0.19877100720568447,9.32694018764486,0.45805811175477196,318.3195767999523,0.08053359683794466,0.5171277997364953,0.12545072977530572
g_n24_e48_k2_mid_08,g_n24_e48_k2_mid_08_p0,test,24,48,48,2,2,mid,0,2175101071,33291158290,33291158290,24.228557681860163,24.228557681860163,0.0,0,0.0,0.17391304347826086,4.0,2.0,2,0,2.630434782608696,5,0.23004000944001873,8.56567546272629,0.4067787178919362,274.79797457927305,0.0741106719367589,0.32299077733860343,0.09617189113544188
g_n24_e48_k2_mid_08,g_n24_e48_k2_mid_08_p3,test,24,48,45,2,1,mid,3,2675102571,33291158290,1462592300,24.228557681860163,21.103476246189974,3.1250814356701895,3,0.0625,0.16304347826086957,3.75,2.1875,1,3,3.0217391304347827,6,0.10712739847213741,8.214414975522462,0.17884274060972505,429.7966302051493,0.09189723320158101,0.5461133069828722,0.14973034431947943
g_n24_e48_k2_mid_08,g_n24_e48_k2_mid_08_p5,test,24,48,43,2,1,mid,5,3175104071,33291158290,912659140,24.228557681860163,20.631873028215008,3.5966846536451555,5,0.10416666666666667,0.15579710144927536,3.5833333333333335,2.076388888888889,1,1,2.7681159420289854,5,0.21963141960819832,8.016760671292543,0.5191003031384658,331.42418803366195,0.08036890645586296,0.3305006587615283,0.09975252621227926
g_n24_e48_k2_mid_09,g_n24_e48_k2_mid_09_p0,train,24,48,48,2,2,mid,0,1453721112,33331450624,33331450624,24.229767251391266,24.229767251391266,0.0,0,0.0,0.17391304347826086,4.0,2.0833333333333335,2,0,2.710144927536232,5,0.21708177016975994,8.556717490348802,0.38175021234163964,280.6144926529328,0.07773386034255599,0.29052638183072965,0.09380171428616228
g_n24_e48_k2_mid_09,g_n24_e48_k2_mid_09_p3,train,24,48,45,2,2,mid,3,1953722612,33331450624,4497308416,24.229767251391266,22.22674492499393,2.0030223263973355,3,0.0625,0.16304347826086957,3.75,2.1875,2,0,2.800724637681159,6,0.20299064134734962,8.481475490281934,0.4328079865686494,309.04404538129876,0.08185111989459815,0.36222900946221104,0.10057343455561374
g_n24_e48_k2_mid_09,g_n24_e48_k2_mid_09_p5,train,24,48,43,2,1,mid,5,2453724112,33331450624,852342032,24.229767251391266,20.56349845024509,3.6662688011461775,5,0.10416666666666667,0.15579710144927536,3.5833333333333335,2.576388888888889,1,1,2.8079710144927534,5,0.20551289305324466,8.443557166628425,0.4046898152348648,329.652174675343,0.08218050065876152,0.31040843214756253,0.10018030568712476
g_n24_e48_k2_high_10,g_n24_e48_k2_high_10_p0,train,24,48,48,2,2,high,0,732341153,58654444621,58654444621,24.794929191288812,24.794929191288812,0.0,0,0.0,0.17391304347826086,4.0,1.3333333333333333,2,0,2.75,6,0.20833229159047822,8.424361621052835,0.23198088598407995,274.7124521796427,0.07954545454545454,0.31768617855574377,0.09267865444825048
g_n24_e48_k2_high_10,g_n24_e48_k2_high_10_p3,train,24,48,45,2,2,high,3,1232342653,58654444621,8694103240,24.794929191288812,22.885910844298728,1.9090183469900843,3,0.0625,0.16304347826086957,3.75,1.5208333333333333,2,0,2.786231884057971,6,0.20733983494352076,8.416249090857066,0.2928120115049122,293.75289797938984,0.08119235836627141,0.31868710999145783,0.09505901017745115
g_n24_e48_k2_high_10,g_n24_e48_k2_high_10_p5,train,24,48,43,2,2,high,5,1732344153,58654444621,2065564526,24.794929191288812,21.448669404206626,3.346259787082186,5,0.10416666666666667,0.15579710144927536,3.5833333333333335,1.2430555555555556,2,0,3.003623188405797,6,0.18040220157155867,7.776211939490864,0.4494141058562624,330.44382634019036,0.09107378129117259,0.3689911537737624,0.09276342435659851
g_n24_e48_k2_high_11,g_n24_e48_k2_high_11_p0,train,24,48,48,2,2,high,0,10961194,60279734444,60279734444,24.822261805320085,24.822261805320085,0.0,0,0.0,0.17391304347826086,4.0,1.0,2,0,2.8840579710144927,6,0.1910251665937696,8.077265439773196,0.20456232129096907,284.1702583616332,0.08563899868247693,0.2906361754187841,0.09208001727594309
g_n24_e48_k2_high_11,g_n24_e48_k2_high_11_p3,train,24,48,45,2,1,high,3,510962694,60279734444,5018209050,24.822261805320085,22.3363389440468,2.485922861273284,3,0.0625,0.16304347826086957,3.75,1.1875,2,1,3.2028985507246377,7,0.09194669051683578,8.040450045192072,0.40244446485204577,435.2702087500742,0.10013175230566536,0.550395256916996,0.1495166961716283
g_n24_e48_k2_high_11,g_n24_e48_k2_high_11_p5,train,24,48,43,2,1,high,5,1010964194,60279734444,1272390993,24.822261805320085,20.964163639065386,3.858098166254699,5,0.10416666666666667,0.15579710144927536,3.5833333333333335,1.2430555555555556,1,1,3.1956521739130435,7,0.13635620809162086,7.638466246623043,0.5725457579118274,378.3145639777355,0.09980237154150196,0.29791078486730654,0.097065041039716
g_n24_e48_k2_high_12,g_n24_e48_k2_high_12_p0,test,24,48,48,2,2,high,0,3584548531,60908648384,60908648384,24.832641011169347,24.832641011169347,0.0,0,0.0,0.17391304347826086,4.0,1.25,3,0,2.713768115942029,6,0.22427740372329194,8.506836351477498,0.4405868443983483,268.40725276009425,0.07789855072463768,0.3785745655310873,0.09775776506473681
g_n24_e48_k2_high_12,g_n24_e48_k2_high_12_p3,test,24,48,45,2,2,high,3,4084550031,60908648384,9408600352,24.832641011169347,22.964890038991893,1.8677509721774541,3,0.0625,0.16304347826086957,3.75,1.0208333333333333,2,0,2.927536231884058,6,0.19675880604195517,7.819858564851342,0.6151579066119348,302.825526322454,0.0876152832674572,0.30303030303030304,0.08711417125562596
g_n24_e48_k2_high_12,g_n24_e48_k2_high_12_p5,test,24,48,43,2,2,high,5,289584235,60908648384,3124640368,24.832641011169347,21.862585031272307,2.9700559798970403,5,0.10416666666666667,0.15579710144927536,3.5833333333333335,0.9930555555555557,2,0,2.847826086956522,6,0.2106240432284746,7.67806540386155,0.4802248833630185,304.13051575092425,0.08399209486166008,0.363247380638685,0.0966064411516446
g_n24_e48_k2_high_13,g_n24_e48_k2_high_13_p0,train,24,48,48,2,2,high,0,2863168572,64165690288,64165690288,24.884734485599463,24.884734485599463,0.0,0,0.0,0.17391304347826086,4.0,1.3333333333333333,2,0,2.6956521739130435,5,0.22140207878172163,8.773034578646698,0.3333123621570655,267.84136009879575,0.07707509881422925,0.31433276868059473,0.09441051233710729
g_n24_e48_k2_high_13,g_n24_e48_k2_high_13_p3,train,24,48,45,2,1,high,3,3363170072,64165690288,4586374440,24.884734485599463,22.24635566654449,2.6383788190549744,3,0.0625,0.16304347826086957,3.75,1.6041666666666667,2,1,3.0,7,0.10786427087300286,8.718514345289105,0.3746245741618943,401.3334315128445,0.0909090909090909,0.5610013175230566,0.15142491608504216
g_n24_e48_k2_high_13,g_n24_e48_k2_high_13_p5,train,24,48,43,2,1,high,5,3863171572,64165690288,1406535200,24.884734485599463,21.06439521224295,3.820339273356513,5,0.10416666666666667,0.15579710144927536,3.5833333333333335,1.9097222222222223,1,2,2.818840579710145,6,0.20092922787042494,8.651336155012608,0.40339351364533194,325.3343825771302,0.08267457180500658,0.39949181253529076,0.10885353601532356
g_n24_e48_k2_high_14,g_n24_e48_k2_high_14_p0,validation,24,48,48,2,2,high,0,2141788613,65093785560,65093785560,24.899094921696513,24.899094921696513,0.0,0,0.0,0.17391304347826086,4.0,0.8333333333333334,2,0,2.858695652173913,6,0.19400109212253677,7.98288317397955,0.17621566670441347,281.8610198199707,0.08448616600790514,0.3190604520644046,0.09027216679046207
g_n24_e48_k2_high_14,g_n24_e48_k2_high_14_p3,validation,24,48,45,2,2,high,3,2641790113,65093785560,11619081612,24.899094921696513,23.175914550134863,1.72318037156165,3,0.0625,0.16304347826086957,3.75,0.9375,2,0,2.8768115942028984,6,0.19301563749547546,7.97811843263952,0.5610637507082599,296.998015400464,0.08530961791831355,0.3144123333846654,0.09098111685560514
g_n24_e48_k2_high_14,g_n24_e48_k2_high_14_p5,validation,24,48,43,2,1,high,5,3141791613,65093785560,1527368043,24.899094921696513,21.14681185771703,3.7522830639794833,5,0.10416666666666667,0.15579710144927536,3.5833333333333335,0.9930555555555557,2,1,3.318840579710145,7,0.09161101275738116,7.3782860319634995,0.32578578032849626,448.42728725208286,0.10540184453227931,0.5487483530961792,0.14784453471492764
g_n24_e48_k3_low_00,g_n24_e48_k3_low_00_p0,validation,24,48,48,3,3,low,0,1420408654,76043942923,76043942923,25.054577206496898,25.054577206496898,0.0,0,0.0,0.17391304347826086,4.0,1.0833333333333333,3,0,2.652173913043478,5,0.2922703871276675,8.52218275354356,0.4754738494919506,245.22556464135943,0.07509881422924901,0.26142480707698096,0.0798816881072479
g_n24_e48_k3_low_00,g_n24_e48_k3_low_00_p3,validation,24,48,45,3,2,low,3,1920410154,76043942923,13935806560,25.054577206496898,23.357727376363208,1.69684983013369,3,0.0625,0.16304347826086957,3.75,1.0208333333333333,2,0,2.713768115942029,5,0.28543962614968815,8.056636191896171,0.5065334135118849,261.900852963045,0.07789855072463768,0.24648033126293997,0.07821948216365754
g_n24_e48_k3_low_00,g_n24_e48_k3_low_00_p5,validation,24,48,43,3,1,low,5,2420411654,76043942923,2020948815,25.054577206496898,21.426832948476168,3.62774425802073,5,0.10416666666666667,0.15579710144927536,3.5833333333333335,1.493055555555556,1,1,2.789855072463768,6,0.25695310914053576,8.403938100163096,0.5730547595861619,298.23257246423606,0.08135704874835309,0.27575757575757576,0.08538046688918008
g_n24_e48_k3_low_01,g_n24_e48_k3_low_01_p0,train,24,48,48,3,3,low,0,699028695,76518634302,76518634302,25.06080013376379,25.06080013376379,0.0,0,0.0,0.17391304347826086,4.0,0.9166666666666666,3,0,2.753623188405797,6,0.2696420346979558,8.370858975984545,0.43097783057471295,251.72211094673844,0.07971014492753623,0.21304504674069888,0.072272436065632
g_n24_e48_k3_low_01,g_n24_e48_k3_low_01_p3,train,24,48,45,3,2,low,3,1199030195,76518634302,10856313844,25.06080013376379,23.10801266878844,1.9527874649753514,3,0.0625,0.16304347826086957,3.75,0.7708333333333334,2,0,3.0,7,0.21756178550038055,7.379187169613405,0.48256966863327655,292.40692589432064,0.0909090909090909,0.24275362318840582,0.07698070494602034
g_n24_e48_k3_low_01,g_n24_e48_k3_low_01_p5,train,24,48,43,3,2,low,5,1699031695,76518634302,2703618181,25.06080013376379,21.71785677990525,3.3429433538585407,5,0.10416666666666667,0.15579710144927536,3.5833333333333335,1.076388888888889,2,0,2.9456521739130435,7,0.21356798255887965,7.800996787622031,0.6321504087970986,306.48622125758686,0.0884387351778656,0.22826086956521732,0.07541787956401291
g_n24_e48_k3_low_02,g_n24_e48_k3_low_02_p0,test,24,48,48,3,3,low,0,4272616032,78381376788,78381376788,25.08485219511606,25.08485219511606,0.0,0,0.0,0.17391304347826086,4.0,1.0833333333333333,3,0,2.6159420289855073,6,0.30968658730069426,8.415009920734665,0.6257170646913934,241.5583716484511,0.07345191040843214,0.19004842325000423,0.06108753631978024
g_n24_e48_k3_low_02,g_n24_e48_k3_low_02_p3,test,24,48,45,3,3,low,3,477650236,78381376788,18181994744,25.08485219511606,23.623697641568928,1.4611545535471322,3,0.0625,0.16304347826086957,3.75,0.6875,3,0,2.6739130434782608,6,0.3024803371862502,7.471704404209611,0.5532875650115554,254.38644866434808,0.07608695652173912,0.2040352159917377,0.0647878072283134
g_n24_e48_k3_low_02,g_n24_e48_k3_low_02_p5,test,24,48,43,3,1,low,5,977651736,78381376788,1283249528,25.08485219511606,20.972661391588527,4.1121908035275325,5,0.10416666666666667,0.15579710144927536,3.5833333333333335,1.326388888888889,1,1,2.869565217391304,6,0.21029705902627305,7.503615516700497,0.30781381002028674,331.76205172155755,0.08498023715415019,0.3162055335968379,0.08804324824033223
g_n24_e48_k3_low_03,g_n24_e48_k3_low_03_p0,train,24,48,48,3,3,low,0,3551236073,78481573866,78481573866,25.086129706360232,25.086129706360232,0.0,0,0.0,0.17391304347826086,4.0,1.75,3,0,2.572463768115942,5,0.3181391610307286,10.118188209683577,0.6971736252106586,235.6623125523803,0.0714756258234519,0.2682476943346508,0.07774279022715776
g_n24_e48_k3_low_03,g_n24_e48_k3_low_03_p3,train,24,48,45,3,2,low,3,4051237573,78481573866,10512246546,25.086129706360232,23.075806752180753,2.010322954179479,3,0.0625,0.16304347826086957,3.75,1.6875,2,0,2.6630434782608696,5,0.3115333158137421,9.17652685168443,0.6590933506429475,260.27665644230103,0.07559288537549406,0.24664031620553356,0.07628279773206856
g_n24_e48_k3_low_03,g_n24_e48_k3_low_03_p5,train,24,48,43,3,1,low,5,256271777,78481573866,1525919744,25.086129706360232,21.14586317602722,3.9402665303330124,5,0.10416666666666667,0.15579710144927536,3.5833333333333335,2.159722222222222,1,1,2.7282608695652173,6,0.29065780931008195,9.148166603935376,0.6326476505693464,292.9469981876063,0.07855731225296442,0.2587615283267457,0.0797776552745513
g_n24_e48_k3_low_04,g_n24_e48_k3_low_04_p0,train,24,48,48,3,3,low,0,2829856114,78874326468,78874326468,25.091121618538367,25.091121618538367,0.0,0,0.0,0.17391304347826086,4.0,1.25,3,0,2.641304347826087,6,0.3064191092570734,8.9573552299047,0.648818114046819,241.03242338592918,0.07460474308300395,0.3448804818370036,0.0836446693686997
g_n24_e48_k3_low_04,g_n24_e48_k3_low_04_p3,train,24,48,45,3,2,low,3,3329857614,78874326468,11521529210,25.091121618538367,23.167483227328074,1.923638391210293,3,0.0625,0.16304347826086957,3.75,1.4375,2,0,2.6956521739130435,6,0.2820244208372675,8.852678909488686,0.5944786128335378,264.64768939278684,0.07707509881422925,0.39564041031432334,0.0920867129749372
g_n24_e48_k3_low_04,g_n24_e48_k3_low_04_p5,train,24,48,43,3,1,low,5,3829859114,78874326468,1916631782,25.091121618538367,21.373835202226275,3.717286416312092,5,0.10416666666666667,0.15579710144927536,3.5833333333333335,1.659722222222222,1,1,2.7971014492753623,7,0.28931871140148385,8.689542180331944,0.7040981902956704,292.33567043500057,0.08168642951251646,0.3271953014047876,0.0808155184151312
g_n24_e48_k3_mid_05,g_n24_e48_k3_mid_05_p0,train,24,48,48,3,3,mid,0,2108476155,100804994800,100804994800,25.33645374294334,25.33645374294334,0.0,0,0.0,0.17391304347826086,4.0,0.8333333333333334,3,0,2.5833333333333335,5,0.3297741270819256,8.141799375405283,0.475788600181561,233.76340539474896,0.07196969696969696,0.2037329819938516,0.06550626105672032
g_n24_e48_k3_mid_05,g_n24_e48_k3_mid_05_p3,train,24,48,45,3,2,mid,3,2608477655,100804994800,16006174400,25.33645374294334,23.49624038474594,1.8402133581974027,3,0.0625,0.16304347826086957,3.75,0.9375,2,0,2.630434782608696,5,0.3206600414644294,7.931160135479955,0.5358462751476409,252.42272626993395,0.07411067193675888,0.18249890206411945,0.0655738292854448
g_n24_e48_k3_mid_05,g_n24_e48_k3_mid_05_p5,train,24,48,43,3,2,mid,5,3108479155,100804994800,2687551642,25.33645374294334,21.711896445843482,3.6245572970998587,5,0.10416666666666667,0.15579710144927536,3.5833333333333335,0.9097222222222223,2,0,2.9239130434782608,6,0.212572683043678,7.997913453206386,0.8477113422001765,312.3602458389546,0.08745059288537549,0.33378191856452727,0.08824165302590051
g_n24_e48_k3_mid_06,g_n24_e48_k3_mid_06_p0,train,24,48,48,3,3,mid,0,1387096196,101332216577,101332216577,25.341670229002084,25.341670229002084,0.0,0,0.0,0.17391304347826086,4.0,0.6666666666666666,3,0,2.6739130434782608,5,0.29274746299817545,7.796854700618325,0.37115470211809054,240.29360285932785,0.07608695652173912,0.22368718238283453,0.06978454694040066
g_n24_e48_k3_mid_06,g_n24_e48_k3_mid_06_p3,train,24,48,45,3,2,mid,3,1887097696,101332216577,9272695785,25.341670229002084,22.95033998169125,2.391330247310833,3,0.0625,0.16304347826086957,3.75,0.8541666666666666,2,0,2.996376811594203,6,0.1752201143294295,7.636417417260679,0.15134390409544007,315.5491371863242,0.09074440052700923,0.2971704623878537,0.0973560776495234
g_n24_e48_k3_mid_06,g_n24_e48_k3_mid_06_p5,train,24,48,43,3,2,mid,5,2387099196,101332216577,3555567255,25.341670229002084,21.991780452873254,3.3498897761288298,5,0.10416666666666667,0.15579710144927536,3.5833333333333335,0.7430555555555557,2,0,2.800724637681159,5,0.27501663979242325,7.424489342714284,0.40046337304463364,285.8878690930569,0.08185111989459816,0.2655091285526068,0.08450719624201389
g_n24_e48_k3_mid_07,g_n24_e48_k3_mid_07_p0,test,24,48,48,3,3,mid,0,665716237,101384778710,101384778710,25.342188805494438,25.342188805494438,0.0,0,0.0,0.17391304347826086,4.0,0.9166666666666666,3,0,2.528985507246377,5,0.3481186145631328,7.766265087806267,0.5518925109162689,229.30285897699451,0.06949934123847167,0.22483530961791828,0.06563261326833618
g_n24_e48_k3_mid_07,g_n24_e48_k3_mid_07_p3,test,24,48,45,3,2,mid,3,1165717737,101384778710,12689370167,25.342188805494438,23.264030485210885,2.0781583202835527,3,0.0625,0.16304347826086957,3.75,1.1875,2,0,2.597826086956522,5,0.3300640891239169,7.5633174361393465,0.6246392965354857,254.1899827213868,0.0726284584980237,0.2633446263881046,0.07205375275654376
g_n24_e48_k3_mid_07,g_n24_e48_k3_mid_07_p5,test,24,48,43,3,2,mid,5,1665719237,101384778710,2474732316,25.342188805494438,21.62939807196636,3.7127907335280774,5,0.10416666666666667,0.15579710144927536,3.5833333333333335,0.9097222222222223,2,0,2.989130434782609,7,0.18620461720549566,7.484397475026516,0.4343251178709524,322.68607248631787,0.09041501976284583,0.3514492753623188,0.09088972977144412
g_n24_e48_k3_mid_08,g_n24_e48_k3_mid_08_p0,train,24,48,48,3,3,mid,0,4239303574,101427384091,101427384091,25.342608951712872,25.342608951712872,0.0,0,0.0,0.17391304347826086,4.0,1.0833333333333333,3,0,2.463768115942029,5,0.34614988993914925,8.720725572931546,0.6326890449510252,228.77254795476802,0.06653491436100131,0.3177489177489178,0.07889696315494672
g_n24_e48_k3_mid_08,g_n24_e48_k3_mid_08_p3,train,24,48,45,3,2,mid,3,444337778,101427384091,11509762713,25.342608951712872,23.16646144374224,2.176147507970633,3,0.0625,0.16304347826086957,3.75,1.1875,2,0,2.597826086956522,5,0.2871969072276766,8.18605521067916,0.7974252493369867,266.4348624360735,0.0726284584980237,0.34205721814417456,0.08805815310858636
g_n24_e48_k3_mid_08,g_n24_e48_k3_mid_08_p5,train,24,48,43,3,2,mid,5,944339278,101427384091,3460030112,25.342608951712872,21.964543128868346,3.378065822844526,5,0.10416666666666667,0.15579710144927536,3.5833333333333335,1.1597222222222223,2,0,2.6449275362318843,5,0.30319028504041723,8.518352675260076,0.5577906814524294,274.84659441484115,0.07476943346508563,0.3719367588932806,0.0880833962065534
g_n24_e48_k3_mid_09,g_n24_e48_k3_mid_09_p0,validation,24,48,48,3,3,mid,0,3517923615,102024443056,102024443056,25.34847825932605,25.34847825932605,0.0,0,0.0,0.17391304347826086,4.0,0.5833333333333334,3,0,2.6159420289855073,5,0.3355345479207076,7.6773552073588744,0.5244544234944208,235.45224970979405,0.07345191040843213,0.22539996235648407,0.0605582823743342
g_n24_e48_k3_mid_09,g_n24_e48_k3_mid_09_p3,validation,24,48,45,3,2,mid,3,4017925115,102024443056,14702666744,25.34847825932605,23.41129472543455,1.937183533891499,3,0.0625,0.16304347826086957,3.75,0.6041666666666666,2,0,2.6920289855072466,5,0.3293734275424473,7.615833440305705,0.5688508147831559,259.40028734776274,0.07691040843214755,0.2674195369847543,0.06664123905987561
g_n24_e48_k3_mid_09,g_n24_e48_k3_mid_09_p5,validation,24,48,43,3,2,mid,5,222959319,102024443056,4163530528,25.34847825932605,22.14962923590581,3.198849023420241,5,0.10416666666666667,0.15579710144927536,3.5833333333333335,0.826388888888889,2,0,2.710144927536232,5,0.3226429977939783,7.327697822870913,0.5093705731818989,269.6542145320375,0.07773386034255599,0.2033785055524186,0.058419296310788627
g_n24_e48_k3_high_10,g_n24_e48_k3_high_10_p0,validation,24,48,48,3,3,high,0,2796543656,137855924310,137855924310,25.649474949988946,25.649474949988946,0.0,0,0.0,0.17391304347826086,4.0,0.5,3,0,2.5942028985507246,5,0.330576368859854,7.530604673553649,0.42650268287494963,227.27413550355703,0.07246376811594202,0.19971296819122908,0.060667677680018184
g_n24_e48_k3_high_10,g_n24_e48_k3_high_10_p3,validation,24,48,45,3,2,high,3,3296545156,137855924310,19600219521,25.649474949988946,23.69880660317118,1.9506683468177641,3,0.0625,0.16304347826086957,3.75,0.6041666666666666,2,0,2.6594202898550723,5,0.3277895885443814,7.329120557388908,0.453675057641576,249.57918967646464,0.07542819499341237,0.21120365142104272,0.062460554824278994
g_n24_e48_k3_high_10,g_n24_e48_k3_high_10_p5,validation,24,48,43,3,2,high,5,3796546656,137855924310,5067763380,25.649474949988946,22.346165409286133,3.303309540702813,5,0.10416666666666667,0.15579710144927536,3.5833333333333335,0.6597222222222223,2,0,2.7717391304347827,6,0.27880693370502463,7.190840774902044,0.5982741818700141,273.03335886589923,0.08053359683794466,0.22555994729907766,0.0630451790633639
g_n24_e48_k3_high_11,g_n24_e48_k3_high_11_p0,train,24,48,48,3,3,high,0,2075163697,141439987280,141439987280,25.675141345903615,25.675141345903615,0.0,0,0.0,0.17391304347826086,4.0,0.5833333333333334,3,0,2.5615942028985508,5,0.33558231478456846,7.950923552159184,0.5357439534831623,225.14145407191194,0.07098155467720685,0.2170807453416149,0.06357827974270253
g_n24_e48_k3_high_11,g_n24_e48_k3_high_11_p3,train,24,48,45,3,2,high,3,2575165197,141439987280,19929621925,25.675141345903615,23.71547300084567,1.9596683450579455,3,0.0625,0.16304347826086957,3.75,0.6875,2,0,2.648550724637681,5,0.318372050683391,7.794934419509812,0.6021798410174677,248.45183874379973,0.07493412384716731,0.24267363071710893,0.06364738753249752
g_n24_e48_k3_high_11,g_n24_e48_k3_high_11_p5,train,24,48,43,3,2,high,5,3075166697,141439987280,4674574195,25.675141345903615,22.265403914255486,3.4097374316481286,5,0.10416666666666667,0.15579710144927536,3.5833333333333335,0.826388888888889,2,0,2.6594202898550723,5,0.3215334906946802,7.841688971878994,0.6929864311774478,267.92100037787515,0.07542819499341237,0.24254344689127294,0.07151385513462283
g_n24_e48_k3_high_12,g_n24_e48_k3_high_12_p0,train,24,48,48,3,3,high,0,1353783738,141913121672,141913121672,25.678480888098655,25.678480888098655,0.0,0,0.0,0.17391304347826086,4.0,0.75,3,0,2.503623188405797,5,0.34892916025131865,8.133819917266202,0.6101431647222038,221.7843522602456,0.06834650856389986,0.225583474496518,0.06611849238455451
g_n24_e48_k3_high_12,g_n24_e48_k3_high_12_p3,train,24,48,45,3,2,high,3,1853785238,141913121672,11729853664,25.678480888098655,23.18540302417166,2.4930778639269953,3,0.0625,0.16304347826086957,3.75,1.0208333333333333,2,0,2.7572463768115942,6,0.22170757217582207,8.109603801588838,0.6311805135530282,285.4067831235298,0.0798748353096179,0.3489374262101535,0.09643872946362879
g_n24_e48_k3_high_12,g_n24_e48_k3_high_12_p5,train,24,48,43,3,2,high,5,2353786738,141913121672,3851629694,25.678480888098655,22.071762192824,3.6067186952746546,5,0.10416666666666667,0.15579710144927536,3.5833333333333335,1.076388888888889,2,0,2.7427536231884058,6,0.2838884794003872,7.586099315317794,0.5104303722529875,274.934216845302,0.07921607378129117,0.2872498274672187,0.07833810694897253
g_n24_e48_k3_high_13,g_n24_e48_k3_high_13_p0,test,24,48,48,3,3,high,0,632403779,143230676437,143230676437,25.6877222894597,25.6877222894597,0.0,0,0.0,0.17391304347826086,4.0,0.5833333333333334,3,0,2.5760869565217392,5,0.3255632237011342,8.03752495172279,0.47621676556931325,226.59554866972576,0.0716403162055336,0.2333709768492377,0.06616593252419603
g_n24_e48_k3_high_13,g_n24_e48_k3_high_13_p3,test,24,48,45,3,2,high,3,1132405279,143230676437,17941760604,25.6877222894597,23.610396827223337,2.077325462236363,3,0.0625,0.16304347826086957,3.75,0.3541666666666667,3,0,2.931159420289855,6,0.19105819991484296,7.36788856862839,0.3355189903391613,292.4497239637782,0.08777997364953886,0.2957974392757001,0.08945589389144509
g_n24_e48_k3_high_13,g_n24_e48_k3_high_13_p5,test,24,48,43,3,2,high,5,1632406779,143230676437,5594504060,25.6877222894597,22.44505053492454,3.2426717545351593,5,0.10416666666666667,0.15579710144927536,3.5833333333333335,0.7430555555555557,2,0,2.7065217391304346,6,0.2996894938688447,7.380151353877394,0.45707594852238476,264.72800456310665,0.07756916996047429,0.236429512516469,0.06955455045444538
g_n24_e48_k3_high_14,g_n24_e48_k3_high_14_p0,train,24,48,48,3,3,high,0,4205991116,143563073400,143563073400,25.690040311466987,25.690040311466987,0.0,0,0.0,0.17391304347826086,4.0,0.5,3,0,2.6231884057971016,5,0.29934783921958236,7.5805564054283,0.34555884144066074,231.1968116460238,0.0737812911725955,0.23970449840015057,0.06601537556795725
g_n24_e48_k3_high_14,g_n24_e48_k3_high_14_p3,train,24,48,45,3,2,high,3,411025320,143563073400,18310133340,25.690040311466987,23.63072047796568,2.0593198335013057,3,0.0625,0.16304347826086957,3.75,0.7708333333333334,2,0,2.699275362318841,5,0.28755302543187694,7.336484345858879,0.2862109802401287,255.47124793947583,0.07723978919631093,0.21653491436100128,0.06776986610213981
g_n24_e48_k3_high_14,g_n24_e48_k3_high_14_p5,train,24,48,43,3,2,high,5,911026820,143563073400,4673644180,25.690040311466987,22.265204942651323,3.424835368815664,5,0.10416666666666667,0.15579710144927536,3.5833333333333335,0.7430555555555557,2,0,2.8043478260869565,6,0.2762506241186735,6.996061995032921,0.6867379000694331,276.84294232215154,0.08201581027667983,0.2546301524562394,0.06898094673421712
g_n24_e72_k2_low_00,g_n24_e72_k2_low_00_p0,train,24,72,72,2,2,low,0,3484611157,980395096754232,980395096754232,34.518976766299325,34.518976766299325,0.0,0,0.0,0.2608695652173913,6.0,4.25,3,0,2.300724637681159,5,0.2666795577175544,11.434994915013794,0.4786957476924725,190.52102770235817,0.05912384716732542,0.27435849174979604,0.09292425165064934
g_n24_e72_k2_low_00,g_n24_e72_k2_low_00_p4,train,24,72,68,2,2,low,4,3984612657,980395096754232,236597869783441,34.518976766299325,33.097383063981084,1.4215937023182406,4,0.05555555555555555,0.2463768115942029,5.666666666666667,4.055555555555556,3,0,2.3442028985507246,5,0.26265642397109695,11.398295089633162,0.5988788932614693,199.0844939792861,0.061100131752305664,0.29210790480813364,0.09396616198486979
g_n24_e72_k2_low_00,g_n24_e72_k2_low_00_p8,train,24,72,64,2,2,low,8,189646861,980395096754232,31109773153596,34.518976766299325,31.06854313505953,3.450433631239793,8,0.1111111111111111,0.2318840579710145,5.333333333333333,4.138888888888888,2,0,2.4057971014492754,5,0.2552189548322217,11.1152542847868,1.2819694220640283,219.11687253424748,0.06389986824769432,0.30476276029635707,0.09513249904511942
g_n24_e72_k2_low_01,g_n24_e72_k2_low_01_p0,validation,24,72,72,2,2,low,0,2763231198,992542087952674,992542087952674,34.53129053358844,34.53129053358844,0.0,0,0.0,0.2608695652173913,6.0,3.4166666666666665,3,0,2.420289855072464,5,0.22834735944292883,10.873954371731614,0.42070829692085976,204.7256431158158,0.06455862977602107,0.44307673003325176,0.11442649258674617
g_n24_e72_k2_low_01,g_n24_e72_k2_low_01_p4,validation,24,72,68,2,2,low,4,3263232698,992542087952674,210232761135024,34.53129053358844,32.97923641919663,1.552054114391808,4,0.05555555555555555,0.2463768115942029,5.666666666666667,3.638888888888889,3,0,2.4818840579710146,5,0.2224170782775855,10.67162880845404,0.3609719625418437,215.86277160912613,0.06735836627140974,0.4443329397874852,0.11380698263191304
g_n24_e72_k2_low_01,g_n24_e72_k2_low_01_p8,validation,24,72,64,2,1,low,8,3763234198,992542087952674,21756395659752,34.53129053358844,30.71092888355997,3.8203616500284703,8,0.1111111111111111,0.2318840579710145,5.333333333333333,4.055555555555555,1,1,2.630434782608696,5,0.19958824908943731,10.258430367358423,0.17097709909264136,249.4791515943381,0.07411067193675888,0.37313268348737455,0.10437753390684039
g_n24_e72_k2_low_02,g_n24_e72_k2_low_02_p0,train,24,72,72,2,2,low,0,2041851239,1008868096485371,1008868096485371,34.54760540076476,34.54760540076476,0.0,0,0.0,0.2608695652173913,6.0,3.25,2,0,2.38768115942029,5,0.2522871740482794,10.560667530224828,0.513094552532098,196.67888265699958,0.0630764163372859,0.2795078110295501,0.08988649394454971
g_n24_e72_k2_low_02,g_n24_e72_k2_low_02_p4,train,24,72,68,2,2,low,4,2541852739,1008868096485371,316272753994238,34.54760540076476,33.38762610277094,1.1599792979938215,4,0.05555555555555555,0.2463768115942029,5.666666666666667,2.3055555555555554,2,0,2.402173913043478,5,0.2519652472193705,9.717785891521011,0.37103106028924415,201.6769447276115,0.06373517786561264,0.27712215320910966,0.08899184483876789
g_n24_e72_k2_low_02,g_n24_e72_k2_low_02_p8,train,24,72,64,2,2,low,8,3041854239,1008868096485371,51396142542528,34.54760540076476,31.570584237762702,2.977021163002057,8,0.1111111111111111,0.2318840579710145,5.333333333333333,2.8055555555555554,2,0,2.5,5,0.24012535464752924,9.978887409214359,0.42485457166155083,217.9893202283685,0.06818181818181818,0.2689817428947864,0.09050386474830667
g_n24_e72_k2_low_03,g_n24_e72_k2_low_03_p0,train,24,72,72,2,2,low,0,1320471280,1011981657377304,1011981657377304,34.55068684049046,34.55068684049046,0.0,0,0.0,0.2608695652173913,6.0,3.5833333333333335,3,0,2.38768115942029,5,0.24187353915205928,10.949923557644734,0.3266492372034957,198.94028154336667,0.0630764163372859,0.3893485457424077,0.10398861575026545
g_n24_e72_k2_low_03,g_n24_e72_k2_low_03_p4,train,24,72,68,2,2,low,4,1820472780,1011981657377304,228442744149084,34.55068684049046,33.062306722212526,1.4883801182779308,4,0.05555555555555555,0.2463768115942029,5.666666666666667,3.388888888888889,3,0,2.4855072463768115,5,0.23576968492253259,10.53740882859681,0.8439994638884549,209.5217778316187,0.06752305665349144,0.3670901562205911,0.09884480981458976
g_n24_e72_k2_low_03,g_n24_e72_k2_low_03_p8,train,24,72,64,2,2,low,8,2320474280,1011981657377304,38325648825024,34.55068684049046,31.277140470093652,3.2735463703968044,8,0.1111111111111111,0.2318840579710145,5.333333333333333,3.388888888888889,3,0,2.532608695652174,5,0.20969845810070664,10.597900271686667,0.3289225655941026,233.43062385246378,0.06966403162055336,0.49429529627158086,0.12506815073211178
g_n24_e72_k2_low_04,g_n24_e72_k2_low_04_p0,test,24,72,72,2,2,low,0,599091321,1055264835025856,1055264835025856,34.59256815879687,34.59256815879687,0.0,0,0.0,0.2608695652173913,6.0,3.3333333333333335,3,0,2.4347826086956523,5,0.2435278927077013,10.651990168395075,0.34975623166462366,198.26673049135832,0.06521739130434781,0.30843685300207035,0.0905341518331935
g_n24_e72_k2_low_04,g_n24_e72_k2_low_04_p4,test,24,72,68,2,1,low,4,1099092821,1055264835025856,154670079134720,34.59256815879687,32.672315442614334,1.9202527161825387,4,0.05555555555555555,0.2463768115942029,5.666666666666667,3.0555555555555554,3,1,2.6340579710144927,6,0.12722778219709335,10.599543050608366,0.19105842176138133,293.9610185530838,0.07427536231884058,0.552536231884058,0.1434250221483302
g_n24_e72_k2_low_04,g_n24_e72_k2_low_04_p8,test,24,72,64,2,2,low,8,1599094321,1055264835025856,31720597205329,34.59256815879687,31.0879873399243,3.5045808188725722,8,0.1111111111111111,0.2318840579710145,5.333333333333333,3.388888888888889,2,0,2.597826086956522,6,0.22774549918759251,9.679664080889367,0.38123883159368255,229.80242148067634,0.07262845849802371,0.28020795629491274,0.0866581125980597
g_n24_e72_k2_mid_05,g_n24_e72_k2_mid_05_p0,test,24,72,72,2,2,mid,0,4172678658,1491189748892480,1491189748892480,34.93835068543474,34.93835068543474,0.0,0,0.0,0.2608695652173913,6.0,2.75,3,0,2.329710144927536,5,0.2599911567442924,10.504716275128382,0.34041183233751404,188.86446411077947,0.06044137022397892,0.28574846515441726,0.09115114702081388
g_n24_e72_k2_mid_05,g_n24_e72_k2_mid_05_p4,test,24,72,68,2,2,mid,4,377712862,1491189748892480,350106341428804,34.93835068543474,33.48925805691794,1.4490926285168015,4,0.05555555555555555,0.2463768115942029,5.666666666666667,2.5555555555555554,3,0,2.36231884057971,5,0.2585121151942573,10.16295912265195,0.34129457110962935,197.12299291570838,0.06192358366271409,0.2772964389972063,0.09084039303771292
g_n24_e72_k2_mid_05,g_n24_e72_k2_mid_05_p8,test,24,72,64,2,2,mid,8,877714362,1491189748892480,78294086771616,34.93835068543474,31.991493195915353,2.946857489519388,8,0.1111111111111111,0.2318840579710145,5.333333333333333,2.2222222222222223,3,0,2.4384057971014492,5,0.24914740769254595,9.83334521951504,0.46036152350799675,208.94684662289063,0.0653820816864295,0.3092728527511135,0.09275477915352445
g_n24_e72_k2_mid_06,g_n24_e72_k2_mid_06_p0,train,24,72,72,2,2,mid,0,3451298699,1493327058176800,1493327058176800,34.93978295054689,34.93978295054689,0.0,0,0.0,0.2608695652173913,6.0,2.75,3,0,2.449275362318841,5,0.243256244607479,10.657874657645651,0.28512414031496025,194.40483308953583,0.06587615283267456,0.3809479716594341,0.09800159226372938
g_n24_e72_k2_mid_06,g_n24_e72_k2_mid_06_p4,train,24,72,68,2,2,mid,4,3951300199,1493327058176800,414838570303730,34.93978295054689,33.658910573264166,1.2808723772827264,4,0.05555555555555555,0.2463768115942029,5.666666666666667,2.138888888888889,3,0,2.471014492753623,5,0.23525052210288386,10.506213800494903,0.42747538235266447,203.26834603855312,0.06686429512516469,0.41802530040516306,0.10465920838985972
g_n24_e72_k2_mid_06,g_n24_e72_k2_mid_06_p8,train,24,72,64,2,2,mid,8,156334403,1493327058176800,67684787918508,34.93978295054689,31.845882572201088,3.093900378345804,8,0.1111111111111111,0.2318840579710145,5.333333333333333,2.805555555555555,3,0,2.532608695652174,5,0.22908836758158257,10.436829685246991,0.31489001419288165,216.78635151216656,0.06966403162055336,0.4111401992824918,0.10286209553378299
g_n24_e72_k2_mid_07,g_n24_e72_k2_mid_07_p0,validation,24,72,72,2,2,mid,0,2729918740,1496392909865320,1496392909865320,34.94183388026335,34.94183388026335,0.0,0,0.0,0.2608695652173913,6.0,2.4166666666666665,2,0,2.329710144927536,5,0.26222678523185117,10.864349259663275,0.5585278898590023,189.38442307768506,0.06044137022397891,0.30252838948491123,0.09120706205547284
g_n24_e72_k2_mid_07,g_n24_e72_k2_mid_07_p4,validation,24,72,68,2,2,mid,4,3229920240,1496392909865320,394210110647672,34.94183388026335,33.607905158841014,1.333928721422339,4,0.05555555555555555,0.2463768115942029,5.666666666666667,2.138888888888889,2,0,2.3840579710144927,5,0.25862974190711796,10.509753022116664,0.43081658714907967,196.65537817253193,0.06291172595520421,0.2799924712968191,0.089033910708795
g_n24_e72_k2_mid_07,g_n24_e72_k2_mid_07_p8,validation,24,72,64,2,1,mid,8,3729921740,1496392909865320,28541686891185,34.94183388026335,30.982386832438838,3.959447047824515,8,0.1111111111111111,0.2318840579710145,5.333333333333333,2.5555555555555554,2,1,2.6557971014492754,5,0.12649087012428578,9.614029815419975,0.19280031000296383,307.7936251286152,0.07526350461133069,0.5428194993412385,0.14382831280665442
g_n24_e72_k2_mid_08,g_n24_e72_k2_mid_08_p0,train,24,72,72,2,2,mid,0,2008538781,1498289780189296,1498289780189296,34.94310070601685,34.94310070601685,0.0,0,0.0,0.2608695652173913,6.0,2.5,3,0,2.4130434782608696,5,0.2441417953843744,10.624305574610938,0.23230991084142794,194.3901456173904,0.06422924901185771,0.29220536819351045,0.08786096405350569
g_n24_e72_k2_mid_08,g_n24_e72_k2_mid_08_p4,train,24,72,68,2,2,mid,4,2508540281,1498289780189296,276371235722382,34.94310070601685,33.252766134832065,1.6903345711847848,4,0.05555555555555555,0.2463768115942029,5.666666666666667,2.722222222222222,2,0,2.4528985507246377,5,0.2420258663776517,10.30408115339919,0.2967413682099256,206.187396550888,0.06604084321475624,0.2920709066954125,0.08686045116458335
g_n24_e72_k2_mid_08,g_n24_e72_k2_mid_08_p8,train,24,72,64,2,1,mid,8,3008541781,1498289780189296,29930462416400,34.94310070601685,31.029897887603642,3.9132028184132075,8,0.1111111111111111,0.2318840579710145,5.333333333333333,2.388888888888889,2,1,2.829710144927536,6,0.11508156489861349,9.32989803617338,0.282266813033762,324.30997493362315,0.08316864295125162,0.5415490306794654,0.14225698405024548
g_n24_e72_k2_mid_09,g_n24_e72_k2_mid_09_p0,train,24,72,72,2,2,mid,0,1287158822,1514903988892467,1514903988892467,34.954128458195484,34.954128458195484,0.0,0,0.0,0.2608695652173913,6.0,2.5,3,0,2.4130434782608696,5,0.23897972779650606,10.677661548222538,0.37077746600667183,196.11094618440586,0.0642292490118577,0.3559784747531782,0.0992591544200437
g_n24_e72_k2_mid_09,g_n24_e72_k2_mid_09_p4,train,24,72,68,2,2,mid,4,1787160322,1514903988892467,407136213761532,34.954128458195484,33.64016892292587,1.3139595352696176,4,0.05555555555555555,0.2463768115942029,5.666666666666667,2.0555555555555554,3,0,2.4855072463768115,5,0.23084817507209326,10.268916670999038,0.35156178572436936,205.3411268064495,0.06752305665349143,0.3256343458912628,0.09445030087110431
g_n24_e72_k2_mid_09,g_n24_e72_k2_mid_09_p8,train,24,72,64,2,2,mid,8,2287161822,1514903988892467,86200161345306,34.954128458195484,32.08769316535174,2.8664352928437467,8,0.1111111111111111,0.2318840579710145,5.333333333333333,1.8055555555555554,3,0,2.5543478260869565,5,0.21592074089369784,9.850167612673339,0.3492238054015351,220.66206946244728,0.07065217391304347,0.4344905862692423,0.1132146918950479
g_n24_e72_k2_high_10,g_n24_e72_k2_high_10_p0,validation,24,72,72,2,2,high,0,565778863,2285019589310501,2285019589310501,35.36515099222251,35.36515099222251,0.0,0,0.0,0.2608695652173913,6.0,1.5,3,0,2.3442028985507246,5,0.2602245778953244,10.04723989035592,0.3939387264838601,184.8675755274844,0.06110013175230566,0.2608491749796097,0.08723876252734335
g_n24_e72_k2_high_10,g_n24_e72_k2_high_10_p4,validation,24,72,68,2,2,high,4,1065780363,2285019589310501,496196198743884,35.36515099222251,33.83799252642309,1.5271584657994168,4,0.05555555555555555,0.2463768115942029,5.666666666666667,1.8055555555555554,3,0,2.358695652173913,5,0.2598442745319595,10.015105719428043,0.5455055340686501,192.93389290943102,0.06175889328063241,0.26311920209269657,0.0881532953536571
g_n24_e72_k2_high_10,g_n24_e72_k2_high_10_p8,validation,24,72,64,2,2,high,8,1565781863,2285019589310501,78866107689392,35.36515099222251,31.99877269115567,3.3663783010668418,8,0.1111111111111111,0.2318840579710145,5.333333333333333,2.222222222222222,2,0,2.380434782608696,5,0.25832114676761136,9.95952782152897,1.01498134567582,206.18863376737977,0.06274703557312251,0.2712544701675136,0.08994558423586493
g_n24_e72_k2_high_11,g_n24_e72_k2_high_11_p0,train,24,72,72,2,2,high,0,4139366200,2354694821004966,2354694821004966,35.39518752629819,35.39518752629819,0.0,0,0.0,0.2608695652173913,6.0,1.5,3,0,2.3768115942028984,5,0.252624633214445,10.695142507324197,0.36857833196066014,186.9408128070325,0.06258234519104085,0.34776577177762946,0.09266878386157418
g_n24_e72_k2_high_11,g_n24_e72_k2_high_11_p4,train,24,72,68,2,2,high,4,344400404,2354694821004966,607898574756000,35.39518752629819,34.041029166143545,1.354158360154642,4,0.05555555555555555,0.2463768115942029,5.666666666666667,1.222222222222222,3,0,2.4565217391304346,5,0.24397678788964244,10.030455579606942,0.3725907702662319,196.17085296518277,0.06620553359683794,0.31190561743921424,0.08849778112987057
g_n24_e72_k2_high_11,g_n24_e72_k2_high_11_p8,train,24,72,64,2,1,high,8,844401904,2354694821004966,33242388209910,35.39518752629819,31.134846930805107,4.26034059549308,8,0.1111111111111111,0.2318840579710145,5.333333333333333,1.8055555555555556,1,2,2.753623188405797,6,0.12258927264223186,9.911720790001974,0.24727879935960928,317.872584531846,0.07971014492753624,0.5322793148880105,0.1404945261348323
g_n24_e72_k2_high_12,g_n24_e72_k2_high_12_p0,train,24,72,72,2,2,high,0,3417986241,2569893392985302,2569893392985302,35.48264081162876,35.48264081162876,0.0,0,0.0,0.2608695652173913,6.0,1.25,4,0,2.3550724637681157,5,0.25785633988824985,10.439065671905631,0.37385295064683,184.36364422266743,0.06159420289855072,0.26492039205924195,0.08539987664163436
g_n24_e72_k2_high_12,g_n24_e72_k2_high_12_p4,train,24,72,68,2,2,high,4,3917987741,2569893392985302,605027641734123,35.48264081162876,34.03629526173242,1.4463455498963427,4,0.05555555555555555,0.2463768115942029,5.666666666666667,1.1388888888888888,3,0,2.4456521739130435,5,0.2507451837064193,9.913427217233277,0.3141746759098547,194.14323088398146,0.06571146245059288,0.2592256676305022,0.08377640565603219
g_n24_e72_k2_high_12,g_n24_e72_k2_high_12_p8,train,24,72,64,2,2,high,8,123021945,2569893392985302,105398147999236,35.48264081162876,32.28876618071669,3.1938746309120702,8,0.1111111111111111,0.2318840579710145,5.333333333333333,1.6388888888888886,3,0,2.4927536231884058,5,0.24391089690551865,10.21727472851172,0.3143422895309236,206.9203339716809,0.0678524374176548,0.2863329835836229,0.08560272780690273
g_n24_e72_k2_high_13,g_n24_e72_k2_high_13_p0,train,24,72,72,2,2,high,0,2696606282,2574492316233198,2574492316233198,35.484428750843655,35.484428750843655,0.0,0,0.0,0.2608695652173913,6.0,1.0833333333333333,3,0,2.3260869565217392,4,0.25845565692031125,10.092230434021538,0.3246931568758953,184.49326471640137,0.06027667984189724,0.29246815985946417,0.08998899519657198
g_n24_e72_k2_high_13,g_n24_e72_k2_high_13_p4,train,24,72,68,2,2,high,4,3196607782,2574492316233198,505061935405331,35.484428750843655,33.85570218205069,1.6287265687929633,4,0.05555555555555555,0.2463768115942029,5.666666666666667,1.222222222222222,2,0,2.431159420289855,5,0.2465881223694759,9.724994793776487,0.39595651708896007,198.50321259992347,0.06505270092226613,0.29134199134199124,0.08731301091794784
g_n24_e72_k2_high_13,g_n24_e72_k2_high_13_p8,train,24,72,64,2,1,high,8,3696609282,2574492316233198,56316870260742,35.484428750843655,31.66201525557979,3.8224134952638664,8,0.1111111111111111,0.2318840579710145,5.333333333333333,1.222222222222222,3,1,2.829710144927536,6,0.11073750750043303,9.226975955594858,0.21916973552183006,324.03308365315024,0.08316864295125165,0.5364514712340799,0.14453272215696653
g_n24_e72_k2_high_14,g_n24_e72_k2_high_14_p0,test,24,72,72,2,2,high,0,1975226323,2675397025309590,2675397025309590,35.522874184921875,35.522874184921875,0.0,0,0.0,0.2608695652173913,6.0,1.1666666666666667,4,0,2.300724637681159,5,0.2648646109490935,10.501025895916989,0.4116518441597563,181.94596989675233,0.05912384716732542,0.30741577263316394,0.0914693366609259
g_n24_e72_k2_high_14,g_n24_e72_k2_high_14_p4,test,24,72,68,2,2,high,4,2475227823,2675397025309590,647501302599270,35.522874184921875,34.10414192123654,1.4187322636853352,4,0.05555555555555555,0.2463768115942029,5.666666666666667,1.1388888888888886,4,0,2.391304347826087,5,0.2552975953943618,9.955637559981078,0.3660354204213787,191.7317874114563,0.06324110671936758,0.2819075851684547,0.08821909582597877
g_n24_e72_k2_high_14,g_n24_e72_k2_high_14_p8,test,24,72,64,2,2,high,8,2975229323,2675397025309590,125231232045200,35.522874184921875,32.461183000715295,3.0616911842065804,8,0.1111111111111111,0.2318840579710145,5.333333333333333,1.5555555555555554,3,0,2.351449275362319,5,0.26259322154317266,10.05853197732983,0.46767751137061264,198.65561176849576,0.061429512516469026,0.2991675649778416,0.09291556998009609
g_n24_e72_k3_low_00,g_n24_e72_k3_low_00_p0,validation,24,72,72,3,3,low,0,1253846364,1358556154065787,1358556154065787,34.84519887928538,34.84519887928538,0.0,0,0.0,0.2608695652173913,6.0,3.75,3,0,2.2753623188405796,4,0.3754279207007139,10.771402649746687,0.47347717237417264,165.59269927066532,0.05797101449275361,0.2536343103536779,0.07232504966387747
g_n24_e72_k3_low_00,g_n24_e72_k3_low_00_p4,validation,24,72,68,3,3,low,4,1753847864,1358556154065787,286895604792890,34.84519887928538,33.29013951915017,1.5550593601352034,4,0.05555555555555555,0.2463768115942029,5.666666666666667,3.9722222222222228,3,0,2.3115942028985508,4,0.3645324790264231,10.75546064762835,0.5155683680066092,175.65702278456942,0.059617918313570474,0.24575098814229251,0.07387588788523171
g_n24_e72_k3_low_00,g_n24_e72_k3_low_00_p8,validation,24,72,64,3,2,low,8,2253849364,1358556154065787,46960260200684,34.84519887928538,31.480322832333464,3.3648760469519132,8,0.1111111111111111,0.2318840579710145,5.333333333333333,3.4722222222222228,2,0,2.4239130434782608,5,0.3500404310932875,10.355487136870995,0.7995127702970386,195.00325151971265,0.06472332015810277,0.2460718135619321,0.07350907869777211
g_n24_e72_k3_low_01,g_n24_e72_k3_low_01_p0,test,24,72,72,3,3,low,0,532466405,1433901925179840,1433901925179840,34.899175742266564,34.899175742266564,0.0,0,0.0,0.2608695652173913,6.0,3.9166666666666665,3,0,2.1884057971014492,4,0.39905249354246514,12.250743795360513,0.5332782041060913,161.49615385806968,0.054018445322793145,0.27113298427527677,0.0760469510121637
g_n24_e72_k3_low_01,g_n24_e72_k3_low_01_p4,test,24,72,68,3,3,low,4,1032467905,1433901925179840,309744175383840,34.899175742266564,33.366767832011895,1.532407910254669,4,0.05555555555555555,0.2463768115942029,5.666666666666667,3.722222222222222,3,0,2.210144927536232,4,0.3985882368035993,11.404858305979594,0.5624160305456654,170.82947884184404,0.055006587615283264,0.2600994416211807,0.07611352356928462
g_n24_e72_k3_low_01,g_n24_e72_k3_low_01_p8,test,24,72,64,3,1,low,8,1532469405,1433901925179840,31220623919776,34.899175742266564,31.07210001543421,3.827075726832355,8,0.1111111111111111,0.2318840579710145,5.333333333333333,2.8055555555555554,3,1,2.61231884057971,5,0.12864539086698862,9.935601588878493,0.35518815381959,302.09083547617445,0.07328722002635045,0.5406236275801493,0.14357984842291285
g_n24_e72_k3_low_02,g_n24_e72_k3_low_02_p0,train,24,72,72,3,3,low,0,4106053742,1440574470707528,1440574470707528,34.90381836693533,34.90381836693533,0.0,0,0.0,0.2608695652173913,6.0,4.083333333333333,3,0,2.2318840579710146,4,0.37700360124889165,11.582031328487949,0.6016802591498527,163.57202675334813,0.05599472990777338,0.30033444816053506,0.07901411738733367
g_n24_e72_k3_low_02,g_n24_e72_k3_low_02_p4,train,24,72,68,3,3,low,4,311087946,1440574470707528,334233425842560,34.90381836693533,33.44286074457065,1.4609576223646812,4,0.05555555555555555,0.2463768115942029,5.666666666666667,3.888888888888889,3,0,2.25,4,0.37433263962723967,11.539767406536406,0.7820368197593446,171.8808331545054,0.05681818181818182,0.3239732160680777,0.08254515453073945
g_n24_e72_k3_low_02,g_n24_e72_k3_low_02_p8,train,24,72,64,3,2,low,8,811089446,1440574470707528,44714529404400,34.90381836693533,31.431319607337194,3.472498759598139,8,0.1111111111111111,0.2318840579710145,5.333333333333333,3.5555555555555554,2,0,2.3768115942028984,5,0.23584621536768233,11.550514037726487,0.39957858696795423,219.51748385676655,0.06258234519104083,0.46390599957793627,0.11766230530833822
g_n24_e72_k3_low_03,g_n24_e72_k3_low_03_p0,train,24,72,72,3,3,low,0,3384673783,1537791563612295,1537791563612295,34.969123732500584,34.969123732500584,0.0,0,0.0,0.2608695652173913,6.0,4.0,3,0,2.260869565217391,5,0.3739721584113717,12.317297442539509,0.5338972828401864,163.4198343875503,0.05731225296442687,0.3532254021779713,0.08869609977252747
g_n24_e72_k3_low_03,g_n24_e72_k3_low_03_p4,train,24,72,68,3,3,low,4,3884675283,1537791563612295,307677860164436,34.969123732500584,33.36007444300106,1.6090492894995236,4,0.05555555555555555,0.2463768115942029,5.666666666666667,4.555555555555555,3,0,2.282608695652174,5,0.3679808344117976,12.302549773666328,0.6440766453221931,172.90618279819188,0.05830039525691699,0.37108033600128454,0.0923693653951608
g_n24_e72_k3_low_03,g_n24_e72_k3_low_03_p8,train,24,72,64,3,1,low,8,89709487,1537791563612295,30815938567400,34.969123732500584,31.05905315801294,3.9100705744876443,8,0.1111111111111111,0.2318840579710145,5.333333333333333,3.3888888888888893,3,1,2.4818840579710146,5,0.13369861572121,12.181247995208373,0.366533918844242,294.9518482784637,0.06735836627140973,0.5809147374364765,0.15065369693394715
g_n24_e72_k3_low_04,g_n24_e72_k3_low_04_p0,train,24,72,72,3,3,low,0,2663293824,1619087740403410,1619087740403410,35.02063926233378,35.02063926233378,0.0,0,0.0,0.2608695652173913,6.0,3.3333333333333335,3,0,2.2717391304347827,5,0.3644213458736207,11.224600953966577,0.5377165061217362,164.93155906013777,0.057806324110671936,0.32073295610845015,0.08306632951056404
g_n24_e72_k3_low_04,g_n24_e72_k3_low_04_p4,train,24,72,68,3,3,low,4,3163295324,1619087740403410,403442337795040,35.02063926233378,33.631054688333805,1.3895845739999757,4,0.05555555555555555,0.2463768115942029,5.666666666666667,3.0555555555555554,3,0,2.318840579710145,5,0.35802368541512186,10.876806018718385,0.4769562382523942,172.90515427340577,0.05994729907773386,0.31281005994444727,0.08199822462362819
g_n24_e72_k3_low_04,g_n24_e72_k3_low_04_p8,train,24,72,64,3,2,low,8,3663296824,1619087740403410,57136976960349,35.02063926233378,31.676472605492428,3.3441666568413524,8,0.1111111111111111,0.2318840579710145,5.333333333333333,3.222222222222222,2,0,2.398550724637681,5,0.34812985973796573,10.271614500257657,0.5698913776814978,190.25360169109976,0.06357048748353096,0.30757831321072426,0.07905777038756283
g_n24_e72_k3_mid_05,g_n24_e72_k3_mid_05_p0,train,24,72,72,3,3,mid,0,1941913865,2536094395032676,2536094395032676,35.46940165280898,35.46940165280898,0.0,0,0.0,0.2608695652173913,6.0,2.1666666666666665,3,0,2.2753623188405796,5,0.38045248140318727,10.44925229640189,0.5116651187093124,158.2990960964348,0.05797101449275361,0.2633525975773839,0.06989928388354198
g_n24_e72_k3_mid_05,g_n24_e72_k3_mid_05_p4,train,24,72,68,3,2,mid,4,2441915365,2536094395032676,437074933897636,35.46940165280898,33.71112576977421,1.75827588303477,4,0.05555555555555555,0.2463768115942029,5.666666666666667,2.388888888888889,2,0,2.3369565217391304,5,0.35871388562637024,10.17802095994032,0.5616698253203101,173.3586365459601,0.060770750988142296,0.2813067148047385,0.07367447244791163
g_n24_e72_k3_mid_05,g_n24_e72_k3_mid_05_p8,train,24,72,64,3,2,mid,8,2941916865,2536094395032676,118440942108106,35.46940165280898,32.405435573437174,3.0639660793718093,8,0.1111111111111111,0.2318840579710145,5.333333333333333,1.972222222222222,2,0,2.358695652173913,5,0.36361757853066146,9.75620089726548,0.524122453489742,178.34064503255388,0.06175889328063241,0.25799097696330897,0.06894432402981611
g_n24_e72_k3_mid_06,g_n24_e72_k3_mid_06_p0,train,24,72,72,3,3,mid,0,1220533906,2536322539912701,2536322539912701,35.46949160790656,35.46949160790656,0.0,0,0.0,0.2608695652173913,6.0,2.25,3,0,2.25,5,0.3869997107087448,10.343758731443794,0.5430051580844291,157.33644761841234,0.05681818181818182,0.1893892339544513,0.06314486449543055
g_n24_e72_k3_mid_06,g_n24_e72_k3_mid_06_p4,train,24,72,68,3,2,mid,4,1720535406,2536322539912701,424051495897120,35.46949160790656,33.68087601637328,1.7886155915332793,4,0.05555555555555555,0.2463768115942029,5.666666666666667,1.972222222222222,3,0,2.467391304347826,5,0.2434530801037206,9.771407583577918,0.2737337215571145,200.25730904640832,0.06669960474308301,0.3286770541711254,0.08902012170454957
g_n24_e72_k3_mid_06,g_n24_e72_k3_mid_06_p8,train,24,72,64,3,3,mid,8,2220536906,2536322539912701,127565287509958,35.46949160790656,32.47964940837124,2.9898421995353246,8,0.1111111111111111,0.2318840579710145,5.333333333333333,1.972222222222222,3,0,2.329710144927536,5,0.37337516346267546,9.79250657379974,0.7595159972877958,175.40135628474772,0.06044137022397892,0.22758856207472808,0.065105412318156
g_n24_e72_k3_mid_07,g_n24_e72_k3_mid_07_p0,train,24,72,72,3,3,mid,0,499153947,2545488829538100,2545488829538100,35.47309910094393,35.47309910094393,0.0,0,0.0,0.2608695652173913,6.0,2.25,3,0,2.300724637681159,5,0.3707996919869101,10.717560994320198,0.5142543130237982,159.3408251945252,0.05912384716732543,0.2088830142189826,0.06533832633342011
g_n24_e72_k3_mid_07,g_n24_e72_k3_mid_07_p4,train,24,72,68,3,2,mid,4,999155447,2545488829538100,513170526530168,35.47309910094393,33.87162931625342,1.601469784690508,4,0.05555555555555555,0.2463768115942029,5.666666666666667,2.222222222222222,2,0,2.347826086956522,5,0.3593835087547132,10.233438757443375,0.5421909713059385,171.17481552579395,0.06126482213438735,0.2526226828017109,0.0697216149678049
g_n24_e72_k3_mid_07,g_n24_e72_k3_mid_07_p8,train,24,72,64,3,2,mid,8,1499156947,2545488829538100,81104627823962,35.47309910094393,32.026761138602666,3.4463379623412607,8,0.1111111111111111,0.2318840579710145,5.333333333333333,2.222222222222222,3,0,2.532608695652174,5,0.22768037094557708,9.652112975868706,0.5946841703093995,215.6199188175376,0.06966403162055336,0.3270280444193488,0.09363183981872947
g_n24_e72_k3_mid_08,g_n24_e72_k3_mid_08_p0,test,24,72,72,3,3,mid,0,4072741284,2546367982296076,2546367982296076,35.47344441810393,35.47344441810393,0.0,0,0.0,0.2608695652173913,6.0,2.0833333333333335,4,0,2.260869565217391,4,0.3741204306467864,10.702298686677358,0.4151605033082415,159.18511731050813,0.05731225296442688,0.23603639443560395,0.07182571999122327
g_n24_e72_k3_mid_08,g_n24_e72_k3_mid_08_p4,test,24,72,68,3,2,mid,4,277775488,2546367982296076,485508864701916,35.47344441810393,33.816218662405525,1.6572257556984056,4,0.05555555555555555,0.2463768115942029,5.666666666666667,1.8888888888888886,2,0,2.318840579710145,5,0.34461833437517103,10.012974847825724,0.4268431785203619,175.36389379259455,0.05994729907773385,0.27432213992316296,0.07721467907001543
g_n24_e72_k3_mid_08,g_n24_e72_k3_mid_08_p8,test,24,72,64,3,3,mid,8,777776988,2546367982296076,103477365920730,35.47344441810393,32.270374017962304,3.203070400141627,8,0.1111111111111111,0.2318840579710145,5.333333333333333,2.5555555555555554,3,0,2.3840579710144927,5,0.3532048792880521,10.406301599569852,0.4255662799800337,180.28840065404296,0.06291172595520421,0.2502720796484632,0.07130760179705484
g_n24_e72_k3_mid_09,g_n24_e72_k3_mid_09_p0,validation,24,72,72,3,3,mid,0,3351361325,2570558998336725,2570558998336725,35.48289977924658,35.48289977924658,0.0,0,0.0,0.2608695652173913,6.0,2.3333333333333335,3,0,2.2427536231884058,4,0.38031619017189744,11.34482258866781,0.5802871625630779,157.76523081403388,0.05648880105401844,0.26010172304638707,0.07120625935775116
g_n24_e72_k3_mid_09,g_n24_e72_k3_mid_09_p4,validation,24,72,68,3,2,mid,4,3851362825,2570558998336725,405311772969888,35.48289977924658,33.63567769668569,1.84722208256089,4,0.05555555555555555,0.2463768115942029,5.666666666666667,2.388888888888889,3,0,2.3840579710144927,5,0.24505785005924036,11.338643742088031,0.7107585194803319,199.58378594059525,0.06291172595520421,0.3956568793525316,0.10024624602011206
g_n24_e72_k3_mid_09,g_n24_e72_k3_mid_09_p8,validation,24,72,64,3,2,mid,8,56397029,2570558998336725,77241083009487,35.48289977924658,31.97795259474591,3.5049471845006686,8,0.1111111111111111,0.2318840579710145,5.333333333333333,2.138888888888889,2,0,2.4746376811594204,5,0.24133174215989583,9.8289176452358,0.3412521454074593,211.93397386130545,0.06702898550724637,0.34505369465843766,0.0937273284191214
g_n24_e72_k3_high_10,g_n24_e72_k3_high_10_p0,train,24,72,72,3,3,high,0,2629981366,3510478511546403,3510478511546403,35.79452875117253,35.79452875117253,0.0,0,0.0,0.2608695652173913,6.0,1.5833333333333333,4,0,2.217391304347826,4,0.39696599607737987,10.889666320097321,0.45646113037908975,152.55847817591925,0.05533596837944663,0.20510215132977283,0.06481533747922807
g_n24_e72_k3_high_10,g_n24_e72_k3_high_10_p4,train,24,72,68,3,3,high,4,3129982866,3510478511546403,837141124664052,35.79452875117253,34.36101377992822,1.433514971244307,4,0.05555555555555555,0.2463768115942029,5.666666666666667,1.6388888888888886,4,0,2.2572463768115942,4,0.38793100995224217,10.729945251565676,0.4251114697192664,160.6096511034271,0.057147562582345185,0.19998274672187719,0.0651597764552406
g_n24_e72_k3_high_10,g_n24_e72_k3_high_10_p8,train,24,72,64,3,2,high,8,3629984366,3510478511546403,96431883213663,35.79452875117253,32.199858001593995,3.5946707495785333,8,0.1111111111111111,0.2318840579710145,5.333333333333333,2.138888888888889,3,0,2.420289855072464,5,0.2510051149852412,10.614852277768142,0.3388722383648233,204.88610944914086,0.06455862977602109,0.3018578891980427,0.08994892704268584
g_n24_e72_k3_high_11,g_n24_e72_k3_high_11_p0,train,24,72,72,3,3,high,0,1908601407,3534771777090288,3534771777090288,35.80142513123881,35.80142513123881,0.0,0,0.0,0.2608695652173913,6.0,1.25,4,0,2.2355072463768115,4,0.3904805943047333,10.015607757625352,0.4509154391728778,153.7647818264665,0.056159420289855065,0.18115000941087894,0.06138471274739187
g_n24_e72_k3_high_11,g_n24_e72_k3_high_11_p4,train,24,72,68,3,3,high,4,2408602907,3534771777090288,860192233741744,35.80142513123881,34.38817700780421,1.4132481234345988,4,0.05555555555555555,0.2463768115942029,5.666666666666667,1.3888888888888886,4,0,2.25,4,0.3900567796281713,9.927390987345323,0.5047412065733621,160.30978986318587,0.056818181818181816,0.18610070210860724,0.062467029869609066
g_n24_e72_k3_high_11,g_n24_e72_k3_high_11_p8,train,24,72,64,3,2,high,8,2908604407,3534771777090288,118431232994732,35.80142513123881,32.405353595776646,3.3960715354621627,8,0.1111111111111111,0.2318840579710145,5.333333333333333,1.8055555555555554,2,0,2.3442028985507246,5,0.3628574816286644,9.9377850321537,0.9555414879633215,179.3602418167105,0.061100131752305664,0.19813507748290352,0.06544787071239938
g_n24_e72_k3_high_12,g_n24_e72_k3_high_12_p0,test,24,72,72,3,3,high,0,1187221448,3549694676367504,3549694676367504,35.805637988042186,35.805637988042186,0.0,0,0.0,0.2608695652173913,6.0,1.4166666666666667,4,0,2.217391304347826,5,0.3963131911612844,10.68882411550349,0.5693239238669516,152.7994329839546,0.05533596837944663,0.2051983699216901,0.06742294186602414
g_n24_e72_k3_high_12,g_n24_e72_k3_high_12_p4,test,24,72,68,3,3,high,4,1687222948,3549694676367504,797278050439500,35.805637988042186,34.31222460519413,1.493413382848054,4,0.05555555555555555,0.2463768115942029,5.666666666666667,1.6388888888888886,4,0,2.246376811594203,5,0.3888620137819821,10.627514406240271,0.5580935630631068,161.17820049232137,0.05665349143610012,0.23681662508098217,0.0703128709114833
g_n24_e72_k3_high_12,g_n24_e72_k3_high_12_p8,test,24,72,64,3,2,high,8,2187224448,3549694676367504,131421708909400,35.805637988042186,32.5094324207333,3.2962055673088884,8,0.1111111111111111,0.2318840579710145,5.333333333333333,1.3055555555555554,3,0,2.4057971014492754,5,0.2586571854737446,9.65694167536006,0.35646887771619973,199.54439578688783,0.06389986824769434,0.2732505175983437,0.08696038681190417
g_n24_e72_k3_high_13,g_n24_e72_k3_high_13_p0,train,24,72,72,3,3,high,0,465841489,3583959994844412,3583959994844412,35.815244727808285,35.815244727808285,0.0,0,0.0,0.2608695652173913,6.0,1.3333333333333333,4,0,2.2065217391304346,4,0.4002704773152622,10.102732231847947,0.47125507130852373,152.3014914525589,0.05484189723320158,0.17583443126921391,0.061536224678425996
g_n24_e72_k3_high_13,g_n24_e72_k3_high_13_p4,train,24,72,68,3,3,high,4,965842989,3583959994844412,705329574619038,35.815244727808285,34.18968629123441,1.6255584365738756,4,0.05555555555555555,0.2463768115942029,5.666666666666667,1.8055555555555554,3,0,2.2355072463768115,4,0.3951015102737453,9.97281759029705,0.6015654308872023,161.95701883484776,0.056159420289855065,0.19479264696656,0.0639407671177376
g_n24_e72_k3_high_13,g_n24_e72_k3_high_13_p8,train,24,72,64,3,3,high,8,1465844489,3583959994844412,136411835327772,35.815244727808285,32.546699626838866,3.268545100969419,8,0.1111111111111111,0.2318840579710145,5.333333333333333,2.0555555555555554,3,0,2.2572463768115942,4,0.39638861773572576,9.953237221040748,0.7046685963542227,171.30563205313305,0.05714756258234519,0.19659326181065312,0.06474224210319494
g_n24_e72_k3_high_14,g_n24_e72_k3_high_14_p0,validation,24,72,72,3,3,high,0,4039428826,3780517762300256,3780517762300256,35.868637369315586,35.868637369315586,0.0,0,0.0,0.2608695652173913,6.0,1.3333333333333333,4,0,2.2246376811594204,4,0.3934174751606403,10.820771610882444,0.4886564801051989,152.43154009380285,0.05566534914361001,0.23003025740179886,0.06606583062558151
g_n24_e72_k3_high_14,g_n24_e72_k3_high_14_p4,validation,24,72,68,3,3,high,4,244463030,3780517762300256,782337009016256,35.868637369315586,34.29330672145951,1.5753306478560773,4,0.05555555555555555,0.2463768115942029,5.666666666666667,1.5555555555555556,3,0,2.253623188405797,4,0.38917772135019746,10.18861377290471,0.5061662329262422,161.67741175167853,0.0569828722002635,0.20835999749043227,0.06563265285268109
g_n24_e72_k3_high_14,g_n24_e72_k3_high_14_p8,validation,24,72,64,3,3,high,8,744464530,3780517762300256,130426425622250,35.868637369315586,32.50183039536764,3.366806973947945,8,0.1111111111111111,0.2318840579710145,5.333333333333333,1.972222222222222,3,0,2.3152173913043477,4,0.36361898755386796,10.590139919919789,0.6418519924748569,176.59029494686808,0.05978260869565216,0.30289227680532027,0.07453193412197517
g_n32_e64_k2_low_00,g_n32_e64_k2_low_00_p0,train,32,64,64,2,2,low,0,3318048867,70592389369440,70592389369440,31.887943455317266,31.887943455317266,0.0,0,0.0,0.12903225806451613,4.0,2.625,2,0,3.256048387096774,7,0.13254971827909398,8.971225945127992,0.1853332201424882,603.5999546864316,0.0752016129032258,0.40996485593259785,0.0999165423158741
g_n32_e64_k2_low_00,g_n32_e64_k2_low_00_p4,train,32,64,60,2,1,low,4,3818050367,70592389369440,1876828900944,31.887943455317266,28.260604713780765,3.6273387415365015,4,0.0625,0.12096774193548387,3.75,2.8125,1,2,3.4919354838709675,8,0.1186613184379668,8.891304673267598,0.16200611573533674,735.7023354030002,0.08306451612903226,0.37458781362007165,0.09884057422058344
g_n32_e64_k2_low_00,g_n32_e64_k2_low_00_p7,train,32,64,57,2,2,low,7,23084571,70592389369440,1741468955820,31.887943455317266,28.185750100478163,3.7021933548391033,7,0.109375,0.11491935483870967,3.5625,1.62109375,2,0,3.3951612903225805,7,0.11689541009957431,7.966792138691701,0.2840640473018108,684.8750459764715,0.07983870967741935,0.3550810718552655,0.09401401036340913
g_n32_e64_k2_low_01,g_n32_e64_k2_low_01_p0,train,32,64,64,2,2,low,0,2596668908,86212122853027,86212122853027,32.087831920055855,32.087831920055855,0.0,0,0.0,0.12903225806451613,4.0,2.4375,2,0,3.1350806451612905,7,0.1536418249659392,8.81377683936036,0.20189595549657824,562.9354241590094,0.07116935483870968,0.3882837455607853,0.09136353837357925
g_n32_e64_k2_low_01,g_n32_e64_k2_low_01_p4,train,32,64,60,2,1,low,4,3096670408,86212122853027,8151928284752,32.087831920055855,29.72927561455218,2.358556305503676,4,0.0625,0.12096774193548387,3.75,2.0,1,1,3.247983870967742,7,0.14656997731157512,8.307380684080638,0.35177678955967195,612.8180253015985,0.07493279569892472,0.34065747872199487,0.0852445162641424
g_n32_e64_k2_low_01,g_n32_e64_k2_low_01_p7,train,32,64,57,2,1,low,7,3596671908,86212122853027,818586060102,32.087831920055855,27.430844371910293,4.656987548145562,7,0.109375,0.11491935483870967,3.5625,2.24609375,1,1,3.2943548387096775,7,0.12800253077590099,8.335780879213198,0.2690308340948895,681.1809465697975,0.07647849462365591,0.43884606432993534,0.10165081589330123
g_n32_e64_k2_low_02,g_n32_e64_k2_low_02_p0,train,32,64,64,2,2,low,0,1875288949,88139735771600,88139735771600,32.10994457751171,32.10994457751171,0.0,0,0.0,0.12903225806451613,4.0,3.0,2,0,2.9193548387096775,6,0.17225254353260333,9.479462214850315,0.3348055217484509,538.0834511436237,0.06397849462365592,0.29590373783922164,0.08755546253914868
g_n32_e64_k2_low_02,g_n32_e64_k2_low_02_p4,train,32,64,60,2,2,low,4,2375290449,88139735771600,8913991188960,32.10994457751171,29.818643202002793,2.291301375508919,4,0.0625,0.12096774193548387,3.75,2.5,2,0,3.086693548387097,7,0.15889075335060782,8.693994813100902,0.28376874958837917,586.1590401550396,0.06955645161290322,0.28677419354838707,0.08479960215092622
g_n32_e64_k2_low_02,g_n32_e64_k2_low_02_p7,train,32,64,57,2,1,low,7,2875291949,88139735771600,532073270589,32.10994457751171,27.00004704347566,5.109897534036051,7,0.109375,0.11491935483870967,3.5625,2.80859375,1,3,3.058467741935484,7,0.16325622367566134,8.78373037320983,0.37183954095851535,646.6603881128158,0.06861559139784947,0.29364167493199755,0.09020982054909175
g_n32_e64_k2_low_03,g_n32_e64_k2_low_03_p0,validation,32,64,64,2,2,low,0,1153908990,92170563115776,92170563115776,32.15466192344975,32.15466192344975,0.0,0,0.0,0.12903225806451613,4.0,2.4375,2,0,3.155241935483871,7,0.15338054206577134,8.862351246558447,0.1629363142321658,562.7270539958619,0.07184139784946236,0.34126693199273844,0.08511505683698613
g_n32_e64_k2_low_03,g_n32_e64_k2_low_03_p4,validation,32,64,60,2,1,low,4,1653910490,92170563115776,3590276072118,32.15466192344975,28.90925021578348,3.245411707666271,4,0.0625,0.12096774193548387,3.75,2.375,1,3,3.314516129032258,8,0.14333936896538996,8.621011456094031,0.5276211199405623,668.5525142120206,0.0771505376344086,0.3432539682539682,0.08426238340149256
g_n32_e64_k2_low_03,g_n32_e64_k2_low_03_p7,validation,32,64,57,2,1,low,7,2153911990,92170563115776,637512463105,32.15466192344975,27.180839663756522,4.973822259693229,7,0.109375,0.11491935483870967,3.5625,2.37109375,1,2,3.3125,7,0.13057193555053923,8.826268083211616,0.23245408570636972,698.9777044761074,0.07708333333333334,0.4158525345622121,0.10091605903457401
g_n32_e64_k2_low_04,g_n32_e64_k2_low_04_p0,test,32,64,64,2,2,low,0,432529031,94553162375760,94553162375760,32.18018335707083,32.18018335707083,0.0,0,0.0,0.12903225806451613,4.0,2.625,2,0,3.2096774193548385,7,0.14424555397992608,9.305066812364778,0.23780993731965605,570.4487140683807,0.07365591397849464,0.40636607120478097,0.09801915033381907
g_n32_e64_k2_low_04,g_n32_e64_k2_low_04_p4,test,32,64,60,2,2,low,4,932530531,94553162375760,12079749144016,32.18018335707083,30.122551541995755,2.0576318150750765,4,0.0625,0.12096774193548387,3.75,2.0625,2,0,3.243951612903226,7,0.14195076039039387,8.764479081804527,0.24767021856628446,602.460880021913,0.0747983870967742,0.4318747751650977,0.10200077410031373
g_n32_e64_k2_low_04,g_n32_e64_k2_low_04_p7,test,32,64,57,2,1,low,7,1432532031,94553162375760,1031211222336,32.18018335707083,27.661755171305035,4.518428185765796,7,0.109375,0.11491935483870967,3.5625,2.18359375,1,1,3.350806451612903,8,0.1277988733906452,8.433213637811932,0.6760382158788989,680.6995254146221,0.07836021505376344,0.4799495430055701,0.10853634209126294
g_n32_e64_k2_mid_05,g_n32_e64_k2_mid_05_p0,test,32,64,64,2,2,mid,0,4006116368,175284043235440,175284043235440,32.79742887824455,32.79742887824455,0.0,0,0.0,0.12903225806451613,4.0,2.5625,2,0,3.024193548387097,6,0.14654070043081202,9.548024867157855,0.42962977325170115,544.410414201827,0.0674731182795699,0.313015873015873,0.08835922467063627
g_n32_e64_k2_mid_05,g_n32_e64_k2_mid_05_p4,test,32,64,60,2,2,mid,4,211150572,175284043235440,18399964043556,32.79742887824455,30.543369826387014,2.2540590518575385,4,0.0625,0.12096774193548387,3.75,2.3125,2,0,3.096774193548387,7,0.1437110197701185,9.29084658245275,0.5955773094007699,578.0294382034918,0.06989247311827956,0.30865847414234504,0.09029158377379323
g_n32_e64_k2_mid_05,g_n32_e64_k2_mid_05_p7,test,32,64,57,2,1,mid,7,711152072,175284043235440,393506103188,32.79742887824455,26.698362414691214,6.0990664635533385,7,0.109375,0.11491935483870967,3.5625,2.80859375,1,4,3.310483870967742,7,0.12289932089274679,9.378789062232212,0.45773001824102977,744.8507519415979,0.07701612903225805,0.42038317118962276,0.10367274875820394
g_n32_e64_k2_mid_06,g_n32_e64_k2_mid_06_p0,train,32,64,64,2,2,mid,0,3284736409,180084881233200,180084881233200,32.82444941807481,32.82444941807481,0.0,0,0.0,0.12903225806451613,4.0,2.25,2,0,3.024193548387097,6,0.16175143743117795,8.931876803481028,0.2530271491443683,532.5181690921734,0.0674731182795699,0.305005120327701,0.08666546569527332
g_n32_e64_k2_mid_06,g_n32_e64_k2_mid_06_p4,train,32,64,60,2,1,mid,4,3784737909,180084881233200,5089457638237,32.82444941807481,29.258192386439788,3.5662570316350255,4,0.0625,0.12096774193548387,3.75,2.75,1,2,3.086693548387097,6,0.1584270295568597,8.716257407923054,0.25069791854820433,610.7600353914655,0.06955645161290322,0.33380611025772317,0.0921767354021649
g_n32_e64_k2_mid_06,g_n32_e64_k2_mid_06_p7,train,32,64,57,2,2,mid,7,4284739409,180084881233200,1454362836306,32.82444941807481,28.00558900744827,4.818860410626545,7,0.109375,0.11491935483870967,3.5625,2.37109375,2,0,3.1733870967741935,7,0.15161465501729746,8.709432623481293,0.36744536969631625,624.5924679351986,0.07244623655913979,0.3282130056323605,0.09489707527505531
g_n32_e64_k2_mid_07,g_n32_e64_k2_mid_07_p0,train,32,64,64,2,2,mid,0,2563356450,184723479937222,184723479937222,32.84988111978186,32.84988111978186,0.0,0,0.0,0.12903225806451613,4.0,2.125,2,0,3.0221774193548385,6,0.16107262463566863,9.376289762873556,0.3411451591898098,532.1180776156247,0.06740591397849463,0.3063432684400426,0.08566845377838929
g_n32_e64_k2_mid_07,g_n32_e64_k2_mid_07_p4,train,32,64,60,2,2,mid,4,3063357950,184723479937222,16028430355848,32.84988111978186,30.405385158594544,2.444495961187318,4,0.0625,0.12096774193548387,3.75,1.9375,2,0,3.098790322580645,6,0.15466979425802455,8.775785188301692,0.35766826051952716,576.4341296719633,0.06995967741935483,0.28674350738866866,0.08723302343009183
g_n32_e64_k2_mid_07,g_n32_e64_k2_mid_07_p7,train,32,64,57,2,1,mid,7,3563359450,184723479937222,2183661454940,32.84988111978186,28.412024150321326,4.437856969460537,7,0.109375,0.11491935483870967,3.5625,1.62109375,2,1,3.439516129032258,7,0.07549080012322619,9.168149170882458,0.5076254734906258,802.0834077243542,0.08131720430107527,0.5316513056835637,0.13041577661671633
g_n32_e64_k2_mid_08,g_n32_e64_k2_mid_08_p0,train,32,64,64,2,2,mid,0,1841976491,185235424121208,185235424121208,32.85264869480243,32.85264869480243,0.0,0,0.0,0.12903225806451613,4.0,2.375,2,0,2.9838709677419355,6,0.1580513553603114,9.56057138101359,0.3392094904430376,529.6465667258905,0.06612903225806452,0.40275841243583177,0.09742680860983689
g_n32_e64_k2_mid_08,g_n32_e64_k2_mid_08_p4,train,32,64,60,2,2,mid,4,2341977991,185235424121208,15363165378378,32.85264869480243,30.362993901738133,2.4896547930643003,4,0.0625,0.12096774193548387,3.75,2.3125,2,0,3.094758064516129,6,0.15025880046082424,8.879175958425815,0.38338867797433984,572.9177611727083,0.0698252688172043,0.39076017172791366,0.09409812290575915
g_n32_e64_k2_mid_08,g_n32_e64_k2_mid_08_p7,train,32,64,57,2,1,mid,7,2841979491,185235424121208,967709385632,32.85264869480243,27.59819765769296,5.254451037109472,7,0.109375,0.11491935483870967,3.5625,2.37109375,1,1,3.2016129032258065,7,0.14645563451273383,8.965124999626408,0.45307853055119107,653.5305484145978,0.07338709677419354,0.48491807475678433,0.10921429498472254
g_n32_e64_k2_mid_09,g_n32_e64_k2_mid_09_p0,validation,32,64,64,2,2,mid,0,1120596532,186942618986723,186942618986723,32.861822835356556,32.861822835356556,0.0,0,0.0,0.12903225806451613,4.0,2.0625,2,0,3.1451612903225805,7,0.1381676895774056,8.924408018667927,0.3158122625490849,560.1600935097778,0.07150537634408602,0.32961085509472604,0.08933447744315823
g_n32_e64_k2_mid_09,g_n32_e64_k2_mid_09_p4,validation,32,64,60,2,2,mid,4,1620598032,186942618986723,18159607014133,32.861822835356556,30.530220848676628,2.331601986679928,4,0.0625,0.12096774193548387,3.75,2.0625,2,0,3.1693548387096775,7,0.1378818079770747,8.885830406654907,0.475408735222139,589.3445112955654,0.07231182795698926,0.33669226830517157,0.09064281775129036
g_n32_e64_k2_mid_09,g_n32_e64_k2_mid_09_p7,validation,32,64,57,2,1,mid,7,2120599532,186942618986723,1071538972323,32.861822835356556,27.700117022941956,5.161705812414599,7,0.109375,0.11491935483870967,3.5625,1.93359375,1,1,3.4818548387096775,8,0.10694497162287585,8.029799987987984,0.1477078860742278,729.4403922944567,0.08272849462365592,0.3628827444956478,0.10738842325415382
g_n32_e64_k2_high_10,g_n32_e64_k2_high_10_p0,train,32,64,64,2,2,high,0,399216573,317128264704510,317128264704510,33.39032742848798,33.39032742848798,0.0,0,0.0,0.12903225806451613,4.0,1.5,2,0,3.024193548387097,6,0.16549314350228653,8.365098162431096,0.37849798453208017,516.7442281067301,0.0674731182795699,0.2881140126301417,0.080824864458573
g_n32_e64_k2_high_10,g_n32_e64_k2_high_10_p4,train,32,64,60,2,2,high,4,899218073,317128264704510,24851126796408,33.39032742848798,30.84392421136302,2.5464032171249578,4,0.0625,0.12096774193548387,3.75,1.5,2,0,3.149193548387097,7,0.15658538140635753,8.247802277785299,0.5178896783450897,564.105995409372,0.07163978494623656,0.3349851641787126,0.08405105800762415
g_n32_e64_k2_high_10,g_n32_e64_k2_high_10_p7,train,32,64,57,2,1,high,7,1399219573,317128264704510,2006212573536,33.39032742848798,28.327269768715404,5.063057659772575,7,0.109375,0.11491935483870967,3.5625,1.30859375,2,1,3.5181451612903225,8,0.07682824329512274,8.23140826639407,0.4305711481533656,807.2110317280589,0.08393817204301077,0.5533282130056323,0.13173269694924292
g_n32_e64_k2_high_11,g_n32_e64_k2_high_11_p0,validation,32,64,64,2,2,high,0,3972803910,339490751654457,339490751654457,33.458467821479545,33.458467821479545,0.0,0,0.0,0.12903225806451613,4.0,1.6875,2,0,3.1391129032258065,6,0.13824247470021173,8.981961896714603,0.11978844755513585,542.3073852308245,0.07130376344086022,0.25202594299368486,0.08414158289093943
g_n32_e64_k2_high_11,g_n32_e64_k2_high_11_p4,validation,32,64,60,2,1,high,4,177838114,339490751654457,18370211128314,33.458467821479545,30.541751508193183,2.9167163132863614,4,0.0625,0.12096774193548387,3.75,1.625,1,1,3.2399193548387095,7,0.13632483670056936,8.475166215505467,0.3182270208095459,601.0544090331053,0.07466397849462367,0.2757911910283827,0.0828520103517408
g_n32_e64_k2_high_11,g_n32_e64_k2_high_11_p7,validation,32,64,57,2,1,high,7,677839614,339490751654457,3387592357227,33.458467821479545,28.85114056588876,4.607327255590786,7,0.109375,0.11491935483870967,3.5625,1.49609375,1,1,3.2983870967741935,7,0.13190845999363535,8.475866542668836,0.6358342411588147,627.7576912192849,0.07661290322580645,0.30212493599590373,0.0880250895262476
g_n32_e64_k2_high_12,g_n32_e64_k2_high_12_p0,test,32,64,64,2,2,high,0,3251423951,341994247827924,341994247827924,33.46581503363311,33.46581503363311,0.0,0,0.0,0.12903225806451613,4.0,1.4375,2,0,3.153225806451613,6,0.14617171099281362,9.309844164273638,0.25300980427979436,537.3226062052123,0.0717741935483871,0.2742652329749104,0.08273022400941628
g_n32_e64_k2_high_12,g_n32_e64_k2_high_12_p4,test,32,64,60,2,2,high,4,3751425451,341994247827924,28891667822700,33.46581503363311,30.994574358844215,2.4712406747888984,4,0.0625,0.12096774193548387,3.75,1.3125,2,0,3.3125,7,0.13057706350625464,8.309157076690687,0.1470916580187227,595.125969754497,0.07708333333333334,0.33956319665997087,0.09007411340364177
g_n32_e64_k2_high_12,g_n32_e64_k2_high_12_p7,test,32,64,57,2,2,high,7,4251426951,341994247827924,2866293285152,33.46581503363311,28.684040772671135,4.781774260961978,7,0.109375,0.11491935483870967,3.5625,1.74609375,2,0,3.316532258064516,6,0.13246946492545503,9.272482164118632,0.7873854336470454,633.8568027390498,0.07721774193548386,0.27104454685099844,0.08489232420907417
g_n32_e64_k2_high_13,g_n32_e64_k2_high_13_p0,train,32,64,64,2,2,high,0,2530043992,398588752138037,398588752138037,33.61895130488972,33.61895130488972,0.0,0,0.0,0.12903225806451613,4.0,1.3125,2,0,3.098790322580645,7,0.1448971584795624,8.659506648296778,0.18427416745363523,532.7740441514799,0.06995967741935484,0.3729646697388632,0.08777594520519053
g_n32_e64_k2_high_13,g_n32_e64_k2_high_13_p4,train,32,64,60,2,1,high,4,3030045492,398588752138037,16382413422464,33.61895130488972,30.427229523088826,3.1917217818008936,4,0.0625,0.12096774193548387,3.75,1.625,1,1,3.1754032258064515,7,0.14141455963844954,8.627412577412839,0.3121905298272396,598.8860560610032,0.07251344086021505,0.3682181259600614,0.09009128198434369
g_n32_e64_k2_high_14,g_n32_e64_k2_high_14_p0,train,32,64,64,2,2,high,0,1808664033,423675861199511,423675861199511,33.679989800494916,33.679989800494916,0.0,0,0.0,0.12903225806451613,4.0,1.3125,2,0,3.163306451612903,7,0.145691635890587,8.364799944012265,0.12901091403577158,529.5505428884577,0.07211021505376344,0.29812320892966054,0.07727531945845892
g_n32_e64_k2_high_14,g_n32_e64_k2_high_14_p4,train,32,64,60,2,1,high,4,2308665533,423675861199511,18850523292680,33.679989800494916,30.567561790322124,3.112428010172792,4,0.0625,0.12096774193548387,3.75,1.25,2,1,3.5443548387096775,7,0.07358284613849571,8.260408093854226,0.2690309158680302,778.8954775127401,0.08481182795698924,0.5334767025089605,0.12654187059703045
g_n32_e64_k2_high_14,g_n32_e64_k2_high_14_p7,train,32,64,57,2,2,high,7,2808667033,423675861199511,5502457724233,33.679989800494916,29.3362159673067,4.343773833188216,7,0.109375,0.11491935483870967,3.5625,0.99609375,2,0,3.381048387096774,7,0.1272049815094756,7.466668790510437,0.10579922538576181,624.3338328777696,0.07936827956989248,0.29048643113159245,0.07885985560692622
g_n32_e64_k3_low_00,g_n32_e64_k3_low_00_p0,train,32,64,64,3,3,low,0,1087284074,463720461315817,463720461315817,33.7703030325457,33.7703030325457,0.0,0,0.0,0.12903225806451613,4.0,1.625,3,0,2.9153225806451615,6,0.2239315117876819,10.30784886119725,0.46161323703521706,464.2531316299242,0.06384408602150538,0.33341904669229144,0.07629682178119837
g_n32_e64_k3_low_00,g_n32_e64_k3_low_00_p4,train,32,64,60,3,2,low,4,1587285574,463720461315817,29856733508512,33.7703030325457,31.027431508502836,2.7428715240428616,4,0.0625,0.12096774193548387,3.75,1.5625,2,0,3.036290322580645,6,0.22121471146779792,9.410630304041636,0.5928338072474553,514.5233037045804,0.0678763440860215,0.31238902674386543,0.07309297980999
g_n32_e64_k3_low_00,g_n32_e64_k3_low_00_p7,train,32,64,57,3,2,low,7,2087287074,463720461315817,2990470666593,33.7703030325457,28.72645190451918,5.0438511280265175,7,0.109375,0.11491935483870967,3.5625,1.74609375,2,0,3.1733870967741935,6,0.19470261637305755,9.314399243718489,0.24566713329729817,573.5617460517741,0.07244623655913979,0.3988707349997673,0.08596333927695138
g_n32_e64_k3_low_01,g_n32_e64_k3_low_01_p0,train,32,64,64,3,3,low,0,365904115,493314853211336,493314853211336,33.83216873361022,33.83216873361022,0.0,0,0.0,0.12903225806451613,4.0,1.6875,3,0,2.9213709677419355,6,0.22577614815600827,10.325807041875436,0.4544735690739885,461.7301214650594,0.06404569892473118,0.33808129146838833,0.08356335381038257
g_n32_e64_k3_low_01,g_n32_e64_k3_low_01_p4,train,32,64,60,3,2,low,4,865905615,493314853211336,37487491477568,33.83216873361022,31.255028432663018,2.5771403009471996,4,0.0625,0.12096774193548387,3.75,1.875,2,0,2.963709677419355,6,0.22484302523142152,10.282178081498653,0.6407392325418382,498.30083486220803,0.06545698924731183,0.34482753805334454,0.08352874343361105
g_n32_e64_k3_low_01,g_n32_e64_k3_low_01_p7,train,32,64,57,3,2,low,7,1365907115,493314853211336,5561380998270,33.83216873361022,29.3468675743334,4.4853011592768155,7,0.109375,0.11491935483870967,3.5625,1.30859375,2,0,3.1048387096774195,6,0.20770113981715696,8.594137268810993,0.3849617581313254,544.3807207210592,0.07016129032258064,0.34653192685450757,0.08181368558159915
g_n32_e64_k3_low_02,g_n32_e64_k3_low_02_p0,test,32,64,64,3,3,low,0,3939491452,500625842861305,500625842861305,33.84688011736784,33.84688011736784,0.0,0,0.0,0.12903225806451613,4.0,1.0,3,0,3.1129032258064515,6,0.1887568992245568,8.562972776903418,0.3541915236418891,491.02493699656947,0.07043010752688172,0.21403016338500214,0.07018270953610417
g_n32_e64_k3_low_02,g_n32_e64_k3_low_02_p4,test,32,64,60,3,3,low,4,144525656,500625842861305,44217981627165,33.84688011736784,31.4201526464257,2.42672747094214,4,0.0625,0.12096774193548387,3.75,0.875,3,0,3.223790322580645,7,0.17290919399811344,8.435754096506733,0.32537122441149613,542.0878278158578,0.0741263440860215,0.24714797747055803,0.07555631457776113
g_n32_e64_k3_low_02,g_n32_e64_k3_low_02_p7,test,32,64,57,3,2,low,7,644527156,500625842861305,5038136216640,33.84688011736784,29.248057331333865,4.598822786033974,7,0.109375,0.11491935483870967,3.5625,0.93359375,2,0,3.346774193548387,7,0.17172747779648556,7.674221110525322,0.26838026303201756,583.8254466239728,0.07822580645161291,0.28647977470558117,0.0791915439609888
g_n32_e64_k3_low_03,g_n32_e64_k3_low_03_p0,train,32,64,64,3,3,low,0,3218111493,526094243221184,526094243221184,33.89650148223932,33.89650148223932,0.0,0,0.0,0.12903225806451613,4.0,1.375,3,0,2.9778225806451615,6,0.21213892027276934,9.42395180756579,0.642498378936093,466.95973410171104,0.0659274193548387,0.279322177225403,0.07421832954062497
g_n32_e64_k3_low_03,g_n32_e64_k3_low_03_p4,train,32,64,60,3,1,low,4,3718112993,526094243221184,22722980270642,33.89650148223932,30.75439787506285,3.142103607176473,4,0.0625,0.12096774193548387,3.75,1.5,1,1,3.1129032258064515,7,0.19359389394777293,8.592915019550176,0.4804484914230134,541.8327990400267,0.07043010752688171,0.2630337285175995,0.07726557025545945
g_n32_e64_k3_low_03,g_n32_e64_k3_low_03_p7,train,32,64,57,3,1,low,7,4218114493,526094243221184,2202853076504,33.89650148223932,28.420774489061706,5.4757269931776165,7,0.109375,0.11491935483870967,3.5625,1.12109375,2,1,3.850806451612903,8,0.06340648760167206,8.328764185562,0.16439671840643477,887.0108461386476,0.09502688172043011,0.5400819252432156,0.14149489364649726
g_n32_e64_k3_low_04,g_n32_e64_k3_low_04_p0,validation,32,64,64,3,3,low,0,2496731534,526601915425224,526601915425224,33.8974660003279,33.8974660003279,0.0,0,0.0,0.12903225806451613,4.0,1.25,3,0,2.961693548387097,6,0.22257442188445328,8.600158431198937,0.35067605660286283,462.5067821545367,0.06538978494623655,0.2405479526447269,0.06647240266041025
g_n32_e64_k3_low_04,g_n32_e64_k3_low_04_p4,validation,32,64,60,3,2,low,4,2996733034,526601915425224,23816274920024,33.8974660003279,30.801390283076575,3.0960757172513276,4,0.0625,0.12096774193548387,3.75,1.5,2,0,3.185483870967742,7,0.1402513221815111,8.531720796080046,0.30463078310327685,587.2997601520659,0.07284946236559141,0.42714968424645844,0.09877915175229088
g_n32_e64_k3_low_04,g_n32_e64_k3_low_04_p7,validation,32,64,57,3,2,low,7,3496734534,526601915425224,5119671716936,33.8974660003279,29.264111435138393,4.63335456518951,7,0.109375,0.11491935483870967,3.5625,1.18359375,2,0,3.2096774193548385,7,0.18616371928316133,8.026731448957303,0.37728877094432356,560.6949006994067,0.07365591397849464,0.3041636798088411,0.07511017946521158
g_n32_e64_k3_mid_05,g_n32_e64_k3_mid_05_p0,validation,32,64,64,3,3,mid,0,1775351575,770148453706942,770148453706942,34.27760440921532,34.27760440921532,0.0,0,0.0,0.12903225806451613,4.0,1.0625,3,0,3.0846774193548385,7,0.19044691102453168,8.83337293209929,0.19138788148233754,470.9351363476309,0.06948924731182796,0.22232299501749214,0.06737620173428305
g_n32_e64_k3_mid_05,g_n32_e64_k3_mid_05_p4,validation,32,64,60,3,2,mid,4,2275353075,770148453706942,41784473103984,34.27760440921532,31.36354592960959,2.914058479605732,4,0.0625,0.12096774193548387,3.75,1.1875,2,0,3.161290322580645,7,0.146871061396746,8.236423676288842,0.40819198433573645,560.3632665185986,0.07204301075268817,0.2695883566851308,0.08184236796197485
g_n32_e64_k3_mid_05,g_n32_e64_k3_mid_05_p7,validation,32,64,57,3,1,mid,7,2775354575,770148453706942,2884629747213,34.27760440921532,28.69041767046482,5.5871867387505,7,0.109375,0.11491935483870967,3.5625,1.37109375,1,1,3.377016129032258,7,0.13034920915962767,8.19479932947303,0.15234226076343216,646.2798475779738,0.07923387096774194,0.28143625192012295,0.0851930199478573
g_n32_e64_k3_mid_06,g_n32_e64_k3_mid_06_p0,train,32,64,64,3,3,mid,0,1053971616,773775447778939,773775447778939,34.28230282827692,34.28230282827692,0.0,0,0.0,0.12903225806451613,4.0,0.875,3,0,3.028225806451613,6,0.20875129324086575,8.335228075784775,0.32622542876535254,461.66521456337756,0.06760752688172042,0.2599501931759996,0.06680734193371476
g_n32_e64_k3_mid_06,g_n32_e64_k3_mid_06_p4,train,32,64,60,3,1,mid,4,1553973116,773775447778939,31018511395404,34.28230282827692,31.06560528398271,3.2166975442942096,4,0.0625,0.12096774193548387,3.75,1.3125,1,1,3.122983870967742,6,0.18803032434697395,8.315941645706149,0.2752612113098807,535.6037633911517,0.07076612903225807,0.2545451442225636,0.07206584634747076
g_n32_e64_k3_mid_06,g_n32_e64_k3_mid_06_p7,train,32,64,57,3,2,mid,7,2053974616,773775447778939,5505027082728,34.28230282827692,29.336682805751035,4.945620022525883,7,0.109375,0.11491935483870967,3.5625,1.18359375,2,0,3.1713709677419355,7,0.19417694325142373,8.220833055958067,0.33202053008131527,554.1045343538015,0.07237903225806451,0.31294882536818025,0.07546011401412675
g_n32_e64_k3_mid_07,g_n32_e64_k3_mid_07_p0,train,32,64,64,3,3,mid,0,332591657,775123611617150,775123611617150,34.28404363142414,34.28404363142414,0.0,0,0.0,0.12903225806451613,4.0,1.125,3,0,2.8850806451612905,6,0.229609297904981,8.605340047403434,0.3408477332890172,446.45076577160364,0.06283602150537634,0.23945685736008315,0.06933072830697025
g_n32_e64_k3_mid_07,g_n32_e64_k3_mid_07_p4,train,32,64,60,3,1,mid,4,832593157,775123611617150,22693420796421,34.28404363142414,30.75309616564949,3.5309474657746485,4,0.0625,0.12096774193548387,3.75,1.75,1,1,2.9838709677419355,6,0.22215385557296152,8.58217460075733,0.31934112764030953,520.2548757808336,0.06612903225806452,0.26954646309485014,0.07545563384232622
g_n32_e64_k3_mid_07,g_n32_e64_k3_mid_07_p7,train,32,64,57,3,2,mid,7,1332594657,775123611617150,6143409775564,34.28404363142414,29.446401041984235,4.8376425894399055,7,0.109375,0.11491935483870967,3.5625,1.24609375,2,0,3.1169354838709675,7,0.20658723395073952,7.980865169717477,0.23352338568521347,535.4416058543302,0.07056451612903225,0.27752005461682894,0.07000664289550461
g_n32_e64_k3_mid_08,g_n32_e64_k3_mid_08_p0,train,32,64,64,3,3,mid,0,3906178994,786218469696303,786218469696303,34.29825582100402,34.29825582100402,0.0,0,0.0,0.12903225806451613,4.0,1.0625,3,0,2.9556451612903225,6,0.21902151396390168,8.427648793478395,0.44350270766485567,452.4794747774499,0.06518817204301075,0.2421328492296234,0.06359801135548511
g_n32_e64_k3_mid_08,g_n32_e64_k3_mid_08_p4,train,32,64,60,3,2,mid,4,111213198,786218469696303,83386154775220,34.29825582100402,32.05450340162263,2.243752419381387,4,0.0625,0.12096774193548387,3.75,0.75,2,0,3.056451612903226,6,0.2014271182908822,7.723481962988802,0.3469912437625635,492.2796376391735,0.06854838709677419,0.2723587642942482,0.06565003866286455
g_n32_e64_k3_mid_08,g_n32_e64_k3_mid_08_p7,train,32,64,57,3,1,mid,7,611214698,786218469696303,2793048640225,34.29825582100402,28.658154817786492,5.640101003217527,7,0.109375,0.11491935483870967,3.5625,1.55859375,1,1,3.2298387096774195,7,0.15462387688503226,8.12428946723511,0.24651612084522068,610.9068083573848,0.07432795698924731,0.27959549411162316,0.08527102418308523
g_n32_e64_k3_mid_09,g_n32_e64_k3_mid_09_p0,test,32,64,64,3,3,mid,0,3184799035,790583501612862,790583501612862,34.30379239838829,34.30379239838829,0.0,0,0.0,0.12903225806451613,4.0,1.0,3,0,2.9838709677419355,6,0.21840840939436404,8.424932925875012,0.29016408884147227,455.42811399839525,0.06612903225806452,0.32036773262579715,0.07080739640374067
g_n32_e64_k3_mid_09,g_n32_e64_k3_mid_09_p4,test,32,64,60,3,2,mid,4,3684800535,790583501612862,61148160422595,34.30379239838829,31.744320894577257,2.5594715038110323,4,0.0625,0.12096774193548387,3.75,1.0625,2,0,3.125,6,0.20493205691245892,8.152789810922718,0.316707811345744,501.092399704294,0.07083333333333333,0.3237241074337848,0.07028891323288416
g_n32_e64_k3_mid_09,g_n32_e64_k3_mid_09_p7,test,32,64,57,3,1,mid,7,4184802035,790583501612862,2071711091520,34.30379239838829,28.359395996009283,5.944396402379006,7,0.109375,0.11491935483870967,3.5625,1.30859375,2,1,3.5100806451612905,8,0.07442679773170897,7.945375611385374,0.15473488378913247,819.1105555571187,0.08366935483870969,0.5469226830517153,0.13136869085788272
g_n32_e64_k3_high_10,g_n32_e64_k3_high_10_p0,train,32,64,64,3,3,high,0,2463419076,1082666191341305,1082666191341305,34.61820308950986,34.61820308950986,0.0,0,0.0,0.12903225806451613,4.0,0.625,3,0,2.935483870967742,6,0.22276858506045633,8.084805354747878,0.4197396896352039,445.1275323336961,0.06451612903225806,0.27265232974910397,0.0685836076769897
g_n32_e64_k3_high_10,g_n32_e64_k3_high_10_p4,train,32,64,60,3,1,high,4,2963420576,1082666191341305,54848249349844,34.61820308950986,31.635591385091093,2.982611704418769,4,0.0625,0.12096774193548387,3.75,0.8125,1,1,3.086693548387097,7,0.1988712366787958,7.598712437987502,0.3222893768841253,516.6354035924336,0.06955645161290322,0.26285225527161005,0.07130314013300898
g_n32_e64_k3_high_10,g_n32_e64_k3_high_10_p7,train,32,64,57,3,2,high,7,3463422076,1082666191341305,6091102316178,34.61820308950986,29.437850185569573,5.180352903940289,7,0.109375,0.11491935483870967,3.5625,0.80859375,2,0,3.401209677419355,7,0.12144026356161916,7.309249065868903,0.32742562511584916,632.3350141902692,0.08004032258064515,0.3432172725721114,0.09047110499969548
g_n32_e64_k3_high_11,g_n32_e64_k3_high_11_p0,test,32,64,64,3,3,high,0,1742039117,1089789401501136,1089789401501136,34.62476086285237,34.62476086285237,0.0,0,0.0,0.12903225806451613,4.0,0.75,3,0,2.8951612903225805,6,0.23820640091457512,8.299059761047008,0.3938081474338233,435.242254983719,0.06317204301075269,0.2159378733572282,0.05716634609440154
g_n32_e64_k3_high_11,g_n32_e64_k3_high_11_p4,test,32,64,60,3,2,high,4,2242040617,1089789401501136,42850775495019,34.62476086285237,31.388744858708666,3.2360160041437034,4,0.0625,0.12096774193548387,3.75,0.9375,2,0,3.1451612903225805,6,0.15528208092716195,7.918649221548885,0.46410686658250544,556.9761710804888,0.07150537634408602,0.2729688590978913,0.07644519274789659
g_n32_e64_k3_high_11,g_n32_e64_k3_high_11_p7,test,32,64,57,3,2,high,7,2742042117,1089789401501136,9918968079816,34.62476086285237,29.92547000760234,4.69929085525003,7,0.109375,0.11491935483870967,3.5625,0.80859375,2,0,3.149193548387097,6,0.20361339308399595,7.728837299100482,0.36470075445773453,528.3917086789651,0.07163978494623656,0.2631592421915002,0.0668155070107475
g_n32_e64_k3_high_12,g_n32_e64_k3_high_12_p0,train,32,64,64,3,3,high,0,1020659158,1099251735921017,1099251735921017,34.633406103174956,34.633406103174956,0.0,0,0.0,0.12903225806451613,4.0,0.9375,3,0,2.8528225806451615,6,0.24636175332926763,8.786504737751304,0.3461243967660934,428.96687362058066,0.06176075268817204,0.26456221198156676,0.062340561316096874
g_n32_e64_k3_high_12,g_n32_e64_k3_high_12_p4,train,32,64,60,3,2,high,4,1520660658,1099251735921017,33377272496741,34.633406103174956,31.13889632012095,3.4945097830540064,4,0.0625,0.12096774193548387,3.75,1.375,2,0,3.068548387096774,6,0.15916065912951835,8.74755171444231,0.29989241126862254,553.5840609895848,0.06895161290322581,0.38738948626045394,0.09083926704503754
g_n32_e64_k3_high_12,g_n32_e64_k3_high_12_p7,train,32,64,57,3,1,high,7,2020662158,1099251735921017,6756702729219,34.633406103174956,29.541556125039012,5.091849978135944,7,0.109375,0.11491935483870967,3.5625,1.12109375,1,1,3.1471774193548385,7,0.19484978876739098,7.968560656900373,0.19918914138201593,542.7118696915343,0.07157258064516128,0.28436422597712924,0.06936357351742986
g_n32_e64_k3_high_13,g_n32_e64_k3_high_13_p0,train,32,64,64,3,3,high,0,299279199,1099616477462625,1099616477462625,34.63373785706792,34.63373785706792,0.0,0,0.0,0.12903225806451613,4.0,0.75,3,0,2.903225806451613,6,0.2278977954784103,7.896857278207013,0.3033306993875491,439.47910025200497,0.06344086021505377,0.26710189452124933,0.06495891110368414
g_n32_e64_k3_high_13,g_n32_e64_k3_high_13_p4,train,32,64,60,3,1,high,4,799280699,1099616477462625,52447497798627,34.63373785706792,31.590833743219655,3.042904113848266,4,0.0625,0.12096774193548387,3.75,1.0,1,1,3.0141129032258065,6,0.21435716796238927,7.671862474350607,0.5707365867612628,501.32449271993784,0.06713709677419355,0.266231438812084,0.0667035839297451
g_n32_e64_k3_high_13,g_n32_e64_k3_high_13_p7,train,32,64,57,3,2,high,7,1299282199,1099616477462625,9340075834413,34.63373785706792,29.865335487452505,4.768402369615416,7,0.109375,0.11491935483870967,3.5625,0.93359375,2,0,3.056451612903226,6,0.2191190164807967,7.491284672239171,0.3157844179026128,520.1262153474536,0.06854838709677419,0.27775729646697384,0.06940039813523703
g_n32_e64_k3_high_14,g_n32_e64_k3_high_14_p0,validation,32,64,64,3,3,high,0,3872866536,1138763036048752,1138763036048752,34.66871901211996,34.66871901211996,0.0,0,0.0,0.12903225806451613,4.0,0.8125,3,0,2.8870967741935485,6,0.22534503693911126,8.404389501434782,0.33294216215864836,438.8007074009718,0.06290322580645161,0.24659419433612978,0.06401185818006923
g_n32_e64_k3_high_14,g_n32_e64_k3_high_14_p4,validation,32,64,60,3,2,high,4,77900740,1138763036048752,98142466438368,34.66871901211996,32.217441278110336,2.451277734009622,4,0.0625,0.12096774193548387,3.75,0.75,2,0,3.0161290322580645,6,0.20616600339133187,7.689733124398552,0.24846790709109445,482.29546077373664,0.06720430107526881,0.2344700460829493,0.06345703324704814
g_n32_e64_k3_high_14,g_n32_e64_k3_high_14_p7,validation,32,64,57,3,1,high,7,577902240,1138763036048752,5237899054304,34.66871901211996,29.286941590026913,5.3817774220930445,7,0.109375,0.11491935483870967,3.5625,0.99609375,1,1,3.189516129032258,7,0.14748585928753438,7.8309490009604525,0.19868965075037526,603.2729093381635,0.07298387096774193,0.2851254480286738,0.08177221333193242
g_n32_e96_k2_low_00,g_n32_e96_k2_low_00_p0,validation,32,96,96,2,2,low,0,3151486577,168398767208032349236,168398767208032349236,46.57286645505687,46.57286645505687,0.0,0,0.0,0.1935483870967742,6.0,4.625,2,0,2.5423387096774195,5,0.19362519538261838,11.849397573956345,0.6125152547459809,367.54060441005043,0.05141129032258064,0.3421513253771319,0.08532575217312781
g_n32_e96_k2_low_00,g_n32_e96_k2_low_00_p5,validation,32,96,91,2,2,low,5,3651488077,168398767208032349236,15002190922470504369,46.57286645505687,44.154727925827125,2.4181385292297435,5,0.052083333333333336,0.18346774193548387,5.6875,5.02734375,2,0,2.5846774193548385,5,0.19231469477459426,11.724241799486315,0.9750583733896638,396.3599074734436,0.05282258064516129,0.33939960278669945,0.08575349908671476
g_n32_e96_k2_low_00,g_n32_e96_k2_low_00_p10,validation,32,96,86,2,1,low,10,4151489577,168398767208032349236,2385647219678307972,46.57286645505687,42.316002132353,4.256864322703869,10,0.10416666666666667,0.17338709677419356,5.375,3.921875,2,1,2.808467741935484,5,0.09760600629656922,11.568019540652111,0.44197484226293327,556.7401625943489,0.060282258064516134,0.5533384536610344,0.1276075445686076
g_n32_e96_k2_low_01,g_n32_e96_k2_low_01_p0,train,32,96,96,2,2,low,0,2430106618,168804646469816746200,168804646469816746200,46.57527378215579,46.57527378215579,0.0,0,0.0,0.1935483870967742,6.0,4.6875,2,0,2.5826612903225805,5,0.19459064549546393,12.295861135281742,0.3856396677390297,366.40129558636767,0.05275537634408602,0.28498076594850785,0.08145840729228593
g_n32_e96_k2_low_01,g_n32_e96_k2_low_01_p5,train,32,96,91,2,2,low,5,2930108118,168804646469816746200,32723632380351863404,46.57527378215579,44.934629193535194,1.6406445886205958,5,0.052083333333333336,0.18346774193548387,5.6875,4.02734375,2,0,2.6451612903225805,5,0.18940290208951557,12.2878712979623,0.432934254251073,382.0604185177354,0.05483870967741935,0.27831130040807467,0.08061359759844121
g_n32_e96_k2_low_01,g_n32_e96_k2_low_01_p10,train,32,96,86,2,1,low,10,3430109618,168804646469816746200,2468799610353700320,46.57527378215579,42.35026371869135,4.225010063464438,10,0.10416666666666667,0.17338709677419356,5.375,3.609375,2,1,2.8669354838709675,5,0.09517922132531596,11.36557620391857,0.29926077471546186,565.0543441990972,0.06223118279569892,0.5365079365079365,0.1247709242404
g_n32_e96_k2_low_02,g_n32_e96_k2_low_02_p0,train,32,96,96,2,2,low,0,1708726659,195642950506428266175,195642950506428266175,46.722822990754835,46.722822990754835,0.0,0,0.0,0.1935483870967742,6.0,3.875,2,0,2.5504032258064515,5,0.19833200046811805,11.747622901079993,0.3359884923352858,364.42866120596386,0.05168010752688171,0.3084605916958857,0.08220691161697732
g_n32_e96_k2_low_02,g_n32_e96_k2_low_02_p5,train,32,96,91,2,1,low,5,2208728159,195642950506428266175,18882762019480517000,46.722822990754835,44.38478111731503,2.3380418734398063,5,0.052083333333333336,0.18346774193548387,5.6875,3.33984375,2,1,2.9576612903225805,7,0.09258569606711417,10.675134136336924,0.17948382290483877,558.5079512055136,0.06525537634408601,0.5368250029540352,0.12459010473799544
g_n32_e96_k2_low_02,g_n32_e96_k2_low_02_p10,train,32,96,86,2,2,low,10,2708729659,195642950506428266175,2699508730277114684,46.722822990754835,42.43960147859866,4.2832215121561745,10,0.10416666666666667,0.17338709677419356,5.375,3.796875,2,0,2.620967741935484,5,0.19655365270949168,10.86736935968597,0.6388050867561432,408.92337568921016,0.05403225806451613,0.29750485011233124,0.08306847807135694
g_n32_e96_k2_low_03,g_n32_e96_k2_low_03_p0,test,32,96,96,2,2,low,0,987346700,201360920231554324204,201360920231554324204,46.75163059479066,46.75163059479066,0.0,0,0.0,0.1935483870967742,6.0,4.4375,2,0,2.5705645161290325,5,0.19184967909828157,12.583953527405164,0.2916107954449423,365.8860176431764,0.05235215053763441,0.3914918261246814,0.09220467839898544
g_n32_e96_k2_low_03,g_n32_e96_k2_low_03_p5,test,32,96,91,2,2,low,5,1487348200,201360920231554324204,29338255723449478992,46.75163059479066,44.82542399437857,1.926206600412094,5,0.052083333333333336,0.18346774193548387,5.6875,4.15234375,2,0,2.683467741935484,5,0.18011543443357433,12.37211926368172,0.3870759238505759,392.49001197772617,0.05611559139784947,0.34667514320389503,0.08812687396746269
g_n32_e96_k2_low_03,g_n32_e96_k2_low_03_p10,test,32,96,86,2,2,low,10,1987349700,201360920231554324204,5345968446704013837,46.75163059479066,43.12287438936692,3.628756205423741,10,0.10416666666666667,0.17338709677419356,5.375,3.546875,2,0,2.651209677419355,5,0.1861024085445377,11.22153198657995,0.810011127230708,397.6796750551742,0.055040322580645167,0.38800769720124567,0.09189780690363011
g_n32_e96_k2_low_04,g_n32_e96_k2_low_04_p0,train,32,96,96,2,2,low,0,265966741,203187056695679642666,203187056695679642666,46.76065869020461,46.76065869020461,0.0,0,0.0,0.1935483870967742,6.0,4.0,2,0,2.618951612903226,5,0.1901115490432718,11.60684191547178,0.4173752705507576,368.81818979930296,0.05396505376344086,0.3292507253797576,0.08412758187737542
g_n32_e96_k2_low_04,g_n32_e96_k2_low_04_p5,train,32,96,91,2,2,low,5,765968241,203187056695679642666,19668939415932125820,46.76065869020461,44.42557238597546,2.3350863042291508,5,0.052083333333333336,0.18346774193548387,5.6875,4.58984375,2,0,2.653225806451613,5,0.187142278183699,11.51804788312851,0.33269909409649046,393.8889640089432,0.05510752688172042,0.35413962978479097,0.08877438479367865
g_n32_e96_k2_low_04,g_n32_e96_k2_low_04_p10,train,32,96,86,2,2,low,10,1265969741,203187056695679642666,4149076133407929285,46.76065869020461,42.86941736489634,3.8912413253082647,10,0.10416666666666667,0.17338709677419356,5.375,4.046875,2,0,2.7036290322580645,6,0.18627360259612225,11.336998981169868,0.36226278009323565,402.72357229582434,0.05678763440860215,0.325660056789089,0.08408124742365757
g_n32_e96_k2_mid_05,g_n32_e96_k2_mid_05_p0,train,32,96,96,2,2,mid,0,3839554078,324532144465298099966,324532144465298099966,47.228916263575684,47.228916263575684,0.0,0,0.0,0.1935483870967742,6.0,3.4375,2,0,2.6431451612903225,5,0.18689920276216818,12.356344882606919,0.325934830763023,363.22574479467283,0.05477150537634408,0.3581604118700892,0.0884401539419255
g_n32_e96_k2_mid_05,g_n32_e96_k2_mid_05_p5,train,32,96,91,2,2,mid,5,44588282,324532144465298099966,47004954352303983230,47.228916263575684,45.2967846817986,1.9321315817770852,5,0.052083333333333336,0.18346774193548387,5.6875,3.58984375,2,0,2.6875,5,0.17977075347165314,12.302657751976422,0.3349881430232511,383.83063908692174,0.05625,0.4195399193022283,0.09677369591373641
g_n32_e96_k2_mid_05,g_n32_e96_k2_mid_05_p10,train,32,96,86,2,1,mid,10,544589782,324532144465298099966,3598057611153275214,47.228916263575684,42.726925821286656,4.501990442289028,10,0.10416666666666667,0.17338709677419356,5.375,3.921875,1,1,2.754032258064516,5,0.17428162711787218,11.493704941436317,0.29967942549025395,420.3562209746015,0.058467741935483875,0.36295381582566927,0.09087263195943372
g_n32_e96_k2_mid_06,g_n32_e96_k2_mid_06_p0,validation,32,96,96,2,2,mid,0,3118174119,333571212663695346110,333571212663695346110,47.25638804767943,47.25638804767943,0.0,0,0.0,0.1935483870967742,6.0,3.4375,3,0,2.6048387096774195,5,0.18942625228510837,12.490375241247275,0.2138546475575822,359.1593177702548,0.053494623655913974,0.285728697825472,0.07866319806647354
g_n32_e96_k2_mid_06,g_n32_e96_k2_mid_06_p5,validation,32,96,91,2,1,mid,5,3618175619,333571212663695346110,20926967304380277933,47.25638804767943,44.48757030278478,2.7688177448946476,5,0.052083333333333336,0.18346774193548387,5.6875,3.40234375,2,1,2.939516129032258,6,0.09005839215521363,11.627828367648714,0.12284953038447188,564.0306281626891,0.0646505376344086,0.5275499231950845,0.1261437157061335
g_n32_e96_k2_mid_06,g_n32_e96_k2_mid_06_p10,validation,32,96,86,2,2,mid,10,4118177119,333571212663695346110,6785015597669178432,47.25638804767943,43.361248266022876,3.895139781656553,10,0.10416666666666667,0.17338709677419356,5.375,3.046875,2,0,2.713709677419355,6,0.18344904555671393,11.07367182522646,0.3378169953139398,396.21910460264394,0.057123655913978486,0.31151298522266263,0.08020108474804119
g_n32_e96_k2_mid_07,g_n32_e96_k2_mid_07_p0,train,32,96,96,2,2,mid,0,2396794160,344406209576516951826,344406209576516951826,47.288353476413114,47.288353476413114,0.0,0,0.0,0.1935483870967742,6.0,3.375,2,0,2.625,6,0.1895513713561119,11.195330151646598,0.44236812507243073,359.8605956788792,0.05416666666666667,0.300037250155846,0.08048434197784864
g_n32_e96_k2_mid_07,g_n32_e96_k2_mid_07_p5,train,32,96,91,2,2,mid,5,2896795660,344406209576516951826,71322332819670627730,47.288353476413114,45.71374117554619,1.5746123008669244,5,0.052083333333333336,0.18346774193548387,5.6875,2.58984375,2,0,2.6995967741935485,6,0.18225456918033361,10.656789268028888,0.27657976139309426,375.97485186559214,0.05665322580645161,0.29438849397178557,0.07794298940098568
g_n32_e96_k2_mid_07,g_n32_e96_k2_mid_07_p10,train,32,96,86,2,1,mid,10,3396797160,344406209576516951826,1714179790147397798,47.288353476413114,41.9854663836358,5.302887092777311,10,0.10416666666666667,0.17338709677419356,5.375,4.234375,1,2,2.7641129032258065,7,0.17725293874465298,10.959107372843311,0.3205972121943539,442.99103993609054,0.05880376344086022,0.31888281968927135,0.08305939750081856
g_n32_e96_k2_mid_08,g_n32_e96_k2_mid_08_p0,test,32,96,96,2,2,mid,0,1675414201,347398366227216213336,347398366227216213336,47.297003824831016,47.297003824831016,0.0,0,0.0,0.1935483870967742,6.0,3.375,2,0,2.685483870967742,5,0.18005812377898686,11.894706693928718,0.2196276089194038,367.20513465007355,0.05618279569892473,0.2753978458817168,0.08097587637038743
g_n32_e96_k2_mid_08,g_n32_e96_k2_mid_08_p5,test,32,96,91,2,2,mid,5,2175415701,347398366227216213336,57667889353579446240,47.297003824831016,45.50123218216095,1.7957716426700685,5,0.052083333333333336,0.18346774193548387,5.6875,3.08984375,2,0,2.774193548387097,6,0.17104689265997047,11.75011846048959,0.3802825146612987,388.5332100994461,0.05913978494623655,0.3343723898562607,0.08409127943717948
g_n32_e96_k2_mid_08,g_n32_e96_k2_mid_08_p10,test,32,96,86,2,1,mid,10,2675417201,347398366227216213336,3364673427434905570,47.297003824831016,42.65986258248341,4.637141242347603,10,0.10416666666666667,0.17338709677419356,5.375,3.484375,2,1,2.9556451612903225,6,0.08873026470048612,11.284001616816223,0.11134458145046366,580.5365753726026,0.06518817204301075,0.5388760880696364,0.12816190521731058
g_n32_e96_k2_mid_09,g_n32_e96_k2_mid_09_p0,train,32,96,96,2,2,mid,0,954034242,364276727103737736816,364276727103737736816,47.34444549199003,47.34444549199003,0.0,0,0.0,0.1935483870967742,6.0,3.5,3,0,2.590725806451613,5,0.19029578593417595,11.527990663462454,0.33358098122138813,356.3188408890789,0.0530241935483871,0.32645755081238953,0.08313091566721449
g_n32_e96_k2_mid_09,g_n32_e96_k2_mid_09_p5,train,32,96,91,2,2,mid,5,1454035742,364276727103737736816,43762588979192390496,47.34444549199003,45.225310993400726,2.119134498589304,5,0.052083333333333336,0.18346774193548387,5.6875,3.65234375,2,0,2.6411290322580645,5,0.1882874790226175,11.410800375761148,0.3419806266539567,377.2952614630768,0.054704301075268816,0.3203360333073227,0.08347284202896404
g_n32_e96_k2_mid_09,g_n32_e96_k2_mid_09_p10,train,32,96,86,2,2,mid,10,1954037242,364276727103737736816,7010187102668892793,47.34444549199003,43.39389606540608,3.9505494265839474,10,0.10416666666666667,0.17338709677419356,5.375,3.296875,2,0,2.6794354838709675,5,0.18462660428589858,11.405182913470133,0.44321319851592733,393.51656660615953,0.05598118279569893,0.3414904808453195,0.08530664993150702
g_n32_e96_k2_high_10,g_n32_e96_k2_high_10_p0,train,32,96,96,2,2,high,0,232654283,679948259066336705976,679948259066336705976,47.968548379559685,47.968548379559685,0.0,0,0.0,0.1935483870967742,6.0,2.1875,3,0,2.653225806451613,5,0.18568986039898905,11.41661147910439,0.3724823681520055,352.10418324115557,0.05510752688172043,0.3103553197101584,0.0815347601321604
g_n32_e96_k2_high_10,g_n32_e96_k2_high_10_p5,train,32,96,91,2,2,high,5,732655783,679948259066336705976,81815172086237855984,47.968548379559685,45.850994378129506,2.117554001430179,5,0.052083333333333336,0.18346774193548387,5.6875,2.58984375,3,0,2.7278225806451615,5,0.17759660208880973,11.374611962012441,0.613963815392875,376.3686350499754,0.057594086021505383,0.32571550418798983,0.08408081511528243
g_n32_e96_k2_high_10,g_n32_e96_k2_high_10_p10,train,32,96,86,2,2,high,10,1232657283,679948259066336705976,9953133775270996762,47.968548379559685,43.74441912776481,4.224129251794878,10,0.10416666666666667,0.17338709677419356,5.375,1.984375,2,0,2.8669354838709675,6,0.16290255945728793,10.487182364774704,0.19645369142363833,413.98834739447966,0.06223118279569892,0.41155865699508953,0.09510362684968797
g_n32_e96_k2_high_11,g_n32_e96_k2_high_11_p0,train,32,96,96,2,2,high,0,3806241620,699941332800688666356,699941332800688666356,47.99752819513922,47.99752819513922,0.0,0,0.0,0.1935483870967742,6.0,2.125,4,0,2.683467741935484,6,0.176215640994898,12.404678078932859,0.21568449353056351,360.0282768512398,0.056115591397849454,0.3785444177387043,0.08697799267427767
g_n32_e96_k2_high_11,g_n32_e96_k2_high_11_p5,train,32,96,91,2,1,high,5,11275824,699941332800688666356,54852861404203514918,47.99752819513922,45.45118602706018,2.546342168079036,5,0.052083333333333336,0.18346774193548387,5.6875,1.90234375,3,1,3.036290322580645,7,0.08505237346833017,10.897911602488467,0.10354877127899975,567.9679184068955,0.0678763440860215,0.5256780495490173,0.12706012294921742
g_n32_e96_k2_high_11,g_n32_e96_k2_high_11_p10,train,32,96,86,2,2,high,10,511277324,699941332800688666356,16128281328847997424,47.99752819513922,44.2271060091346,3.770422186004616,10,0.10416666666666667,0.17338709677419356,5.375,1.671875,3,0,2.8225806451612905,6,0.16158531613640809,11.45136283533214,0.4281962656659495,403.66074800065365,0.06075268817204301,0.3781681311520023,0.08887604253539541
g_n32_e96_k2_high_12,g_n32_e96_k2_high_12_p0,validation,32,96,96,2,2,high,0,3084861661,706311761073580568081,706311761073580568081,48.00658840183773,48.00658840183773,0.0,0,0.0,0.1935483870967742,6.0,1.75,3,0,2.598790322580645,5,0.18996256524864505,10.603779292150747,0.37989306882977836,349.38534218144514,0.053293010752688164,0.25376856118791596,0.07659317240923183
g_n32_e96_k2_high_12,g_n32_e96_k2_high_12_p5,validation,32,96,91,2,2,high,5,3584863161,706311761073580568081,78223158228307398102,48.00658840183773,45.80609741862994,2.200490983207793,5,0.052083333333333336,0.18346774193548387,5.6875,2.27734375,2,0,2.622983870967742,5,0.18745092800007102,10.512574227404272,0.43742628870470135,370.3172645788821,0.05409946236559139,0.2715864481993513,0.07727714766910998
g_n32_e96_k2_high_12,g_n32_e96_k2_high_12_p10,validation,32,96,86,2,2,high,10,4084864661,706311761073580568081,11586804525062877622,48.00658840183773,43.89639858357151,4.110189818266221,10,0.10416666666666667,0.17338709677419356,5.375,1.921875,3,0,2.782258064516129,6,0.17298025186173913,10.174202649458032,0.8778972984857774,399.17199101179745,0.05940860215053763,0.29537246504988435,0.07837051791850842
g_n32_e96_k2_high_13,g_n32_e96_k2_high_13_p0,test,32,96,96,2,2,high,0,2363481702,714233413382646300883,714233413382646300883,48.017741492308645,48.017741492308645,0.0,0,0.0,0.1935483870967742,6.0,1.9375,4,0,2.6411290322580645,5,0.17860238279818025,10.934727785095832,0.20154523747530462,357.5790752367151,0.054704301075268816,0.3638635199925523,0.08708527589331834
g_n32_e96_k2_high_13,g_n32_e96_k2_high_13_p5,test,32,96,91,2,1,high,5,2863483202,714233413382646300883,50838952730540541567,48.017741492308645,45.375194520681305,2.6425469716273398,5,0.052083333333333336,0.18346774193548387,5.6875,1.83984375,3,1,3.032258064516129,6,0.08256195662700459,10.390180077052902,0.0760555316734397,580.542633817127,0.06774193548387096,0.5218996415770609,0.12550339586647324
g_n32_e96_k2_high_13,g_n32_e96_k2_high_13_p10,test,32,96,86,2,2,high,10,3363484702,714233413382646300883,9553339233503527512,48.017741492308645,43.70342242522785,4.314319067080795,10,0.10416666666666667,0.17338709677419356,5.375,2.109375,2,0,2.7318548387096775,5,0.1707249770891477,10.05051200497715,0.2600198214243381,406.7294165109835,0.05772849462365592,0.3758031693515564,0.08683851461810073
g_n32_e96_k2_high_14,g_n32_e96_k2_high_14_p0,train,32,96,96,2,2,high,0,1642101743,839189842626357949524,839189842626357949524,48.178968627262904,48.178968627262904,0.0,0,0.0,0.1935483870967742,6.0,1.75,4,0,2.592741935483871,5,0.19093645052805236,10.97393837136804,0.28391475390479215,344.97177792526855,0.05309139784946237,0.32255156306938987,0.08233883410069004
g_n32_e96_k2_high_14,g_n32_e96_k2_high_14_p5,train,32,96,91,2,2,high,5,2142103243,839189842626357949524,111890011247370786322,48.178968627262904,46.16404802023413,2.0149206070287775,5,0.052083333333333336,0.18346774193548387,5.6875,1.90234375,3,0,2.649193548387097,5,0.18644186341928454,10.347838602340513,0.3205717308561091,364.6418834868778,0.054973118279569896,0.3287441011167667,0.08235432924671064
g_n32_e96_k2_high_14,g_n32_e96_k2_high_14_p10,train,32,96,86,2,2,high,10,2642104743,839189842626357949524,18185366949428966364,48.178968627262904,44.34714893081551,3.831819696447397,10,0.10416666666666667,0.17338709677419356,5.375,1.546875,3,0,2.693548387096774,5,0.18119236881171555,10.793757166531577,0.5294697310422087,382.51964719106235,0.05645161290322581,0.3528776241679468,0.08467550662562068
g_n32_e96_k3_low_00,g_n32_e96_k3_low_00_p0,train,32,96,96,3,3,low,0,920721784,341523076404957834262,341523076404957834262,47.27994692428087,47.27994692428087,0.0,0,0.0,0.1935483870967742,6.0,4.625,3,0,2.4778225806451615,5,0.2887173918023945,12.608540174740089,0.49207478509199376,305.4980889160708,0.04926075268817204,0.26177665963244706,0.06558228498282143
g_n32_e96_k3_low_00,g_n32_e96_k3_low_00_p5,train,32,96,91,3,3,low,5,1420723284,341523076404957834262,56341525253456592094,47.27994692428087,45.47796350827593,1.8019834160049442,5,0.052083333333333336,0.18346774193548387,5.6875,4.21484375,3,0,2.526209677419355,5,0.2797825560925734,12.559499030687345,0.5941244884436978,322.2961398709115,0.050873655913978494,0.2994859441633636,0.07036233230496919
g_n32_e96_k3_low_00,g_n32_e96_k3_low_00_p10,train,32,96,86,3,2,low,10,1920724784,341523076404957834262,2803671980617305816,47.27994692428087,42.47746165356072,4.802485270720155,10,0.10416666666666667,0.17338709677419356,5.375,4.734375,2,0,2.5766129032258065,6,0.2793821820036388,11.787198363157303,0.5222907444547431,364.7771571232559,0.05255376344086021,0.23528604293310174,0.06548894892335896
g_n32_e96_k3_low_01,g_n32_e96_k3_low_01_p0,train,32,96,96,3,3,low,0,199341825,374096508626432932998,374096508626432932998,47.37104548247531,47.37104548247531,0.0,0,0.0,0.1935483870967742,6.0,4.3125,3,0,2.473790322580645,5,0.28098454814644136,12.759743990588897,0.5103732884151677,307.1564646598744,0.0491263440860215,0.32183563748079874,0.07762946331239255
g_n32_e96_k3_low_01,g_n32_e96_k3_low_01_p5,train,32,96,91,3,2,low,5,699343325,374096508626432932998,39254716355658266436,47.37104548247531,45.11660327282997,2.2544422096453403,5,0.052083333333333336,0.18346774193548387,5.6875,3.96484375,2,0,2.618951612903226,5,0.18681273372139295,12.207890041206594,0.43147733554628687,380.07786124436967,0.05396505376344085,0.4134247086808756,0.09690301152915545
g_n32_e96_k3_low_01,g_n32_e96_k3_low_01_p10,train,32,96,86,3,1,low,10,1199344825,374096508626432932998,2954070551405377724,47.37104548247531,42.52971574106324,4.841329741412068,10,0.10416666666666667,0.17338709677419356,5.375,4.609375,1,1,2.568548387096774,5,0.2766457307057201,11.835785388177264,0.5262458743064506,366.9707223927637,0.052284946236559146,0.3046820443594637,0.07623063971937047
g_n32_e96_k3_low_02,g_n32_e96_k3_low_02_p0,validation,32,96,96,3,3,low,0,3772929162,394539463055362557106,394539463055362557106,47.42425084226922,47.42425084226922,0.0,0,0.0,0.1935483870967742,6.0,3.6875,3,0,2.4213709677419355,5,0.29880097831316554,11.704002123118373,0.3820022909118217,303.7701199801626,0.047379032258064516,0.22726436645791484,0.06571134590063027
g_n32_e96_k3_low_02,g_n32_e96_k3_low_02_p5,validation,32,96,91,3,2,low,5,4272930662,394539463055362557106,33639780808632032892,47.42425084226922,44.96224099318062,2.462009849088595,5,0.052083333333333336,0.18346774193548387,5.6875,3.58984375,2,0,2.661290322580645,5,0.1845423339472613,10.652656978233365,0.36298324724154085,387.3996335402045,0.0553763440860215,0.3300069822650469,0.08320699947833873
g_n32_e96_k3_low_02,g_n32_e96_k3_low_02_p10,validation,32,96,86,3,2,low,10,477964866,394539463055362557106,6631486796229888446,47.42425084226922,43.33836070577471,4.0858901364945055,10,0.10416666666666667,0.17338709677419356,5.375,3.671875,2,0,2.5080645161290325,5,0.2918477972479859,11.494123295915125,0.4436241719428988,341.5016290519871,0.050268817204301076,0.23775260476398996,0.06659721236482415
g_n32_e96_k3_low_03,g_n32_e96_k3_low_03_p0,train,32,96,96,3,3,low,0,3051549203,418347133259557908336,418347133259557908336,47.482843224117964,47.482843224117964,0.0,0,0.0,0.1935483870967742,6.0,3.875,3,0,2.5161290322580645,5,0.27339825455660915,12.372789898658645,0.33332458972561163,308.50731093349265,0.05053763440860215,0.2854203980010432,0.06843615322797789
g_n32_e96_k3_low_03,g_n32_e96_k3_low_03_p5,train,32,96,91,3,2,low,5,3551550703,418347133259557908336,57398799454792233535,47.482843224117964,45.49655506157787,1.9862881625400917,5,0.052083333333333336,0.18346774193548387,5.6875,3.83984375,2,0,2.560483870967742,6,0.26991509145613213,12.365321278385302,0.4788179351015902,326.61692701285597,0.05201612903225806,0.28617934037288867,0.0680679553123224
g_n32_e96_k3_low_03,g_n32_e96_k3_low_03_p10,train,32,96,86,3,2,low,10,4051552203,418347133259557908336,5003097248423761164,47.482843224117964,43.05658884423191,4.426254379886053,10,0.10416666666666667,0.17338709677419356,5.375,3.796875,2,0,2.618951612903226,5,0.2670672344371433,10.773576157484689,0.3737051797448814,355.54564409934824,0.05396505376344085,0.22608337301885684,0.06340796356867705
g_n32_e96_k3_low_04,g_n32_e96_k3_low_04_p0,test,32,96,96,3,3,low,0,2330169244,436110900079116491512,436110900079116491512,47.524428242877974,47.524428242877974,0.0,0,0.0,0.1935483870967742,6.0,3.875,3,0,2.5161290322580645,5,0.2756790793870766,12.359297553627364,0.36671927929336245,306.5852780847972,0.05053763440860215,0.19372178001210258,0.059430522246636294
g_n32_e96_k3_low_04,g_n32_e96_k3_low_04_p5,test,32,96,91,3,2,low,5,2830170744,436110900079116491512,37250233808758621105,47.524428242877974,45.06418989544389,2.4602383474340854,5,0.052083333333333336,0.18346774193548387,5.6875,3.90234375,2,0,2.6673387096774195,5,0.23073456230585182,11.382483975899707,0.262139824610486,354.13670006130707,0.055577956989247314,0.25195088066055804,0.07262010596652164
g_n32_e96_k3_low_04,g_n32_e96_k3_low_04_p10,test,32,96,86,3,2,low,10,3330172244,436110900079116491512,7048458120874193808,47.524428242877974,43.39934056053832,4.125087682339654,10,0.10416666666666667,0.17338709677419356,5.375,3.484375,3,0,2.7721774193548385,5,0.16911302657388314,11.38770063374554,0.22090677493248734,405.7139701075325,0.05907258064516129,0.3379867444383573,0.08512308369167398
g_n32_e96_k3_mid_05,g_n32_e96_k3_mid_05_p0,train,32,96,96,3,3,mid,0,1608789285,679984381289051880372,679984381289051880372,47.96860150310662,47.96860150310662,0.0,0,0.0,0.1935483870967742,6.0,3.25,3,0,2.5161290322580645,5,0.2725821456479533,13.289824918516842,0.3385394850923511,301.10706606632033,0.05053763440860214,0.3036385806342254,0.0689370643792513
g_n32_e96_k3_mid_05,g_n32_e96_k3_mid_05_p5,train,32,96,91,3,2,mid,5,2108790785,679984381289051880372,85329817695522640984,47.96860150310662,45.89305562997498,2.075545873131638,5,0.052083333333333336,0.18346774193548387,5.6875,3.15234375,2,0,2.5544354838709675,5,0.269944297182718,12.349152033313128,0.35209431930572777,320.92405461701225,0.051814516129032255,0.28238725665794384,0.06698233524997693
g_n32_e96_k3_mid_05,g_n32_e96_k3_mid_05_p10,train,32,96,86,3,2,mid,10,2608792285,679984381289051880372,6110009565217360165,47.96860150310662,43.25646001257712,4.712141490529497,10,0.10416666666666667,0.17338709677419356,5.375,3.734375,2,0,2.721774193548387,6,0.17128384927589854,13.229294650035712,0.5623373900456627,408.22535623251827,0.05739247311827956,0.45285543608124235,0.10123608468154685
g_n32_e96_k3_mid_06,g_n32_e96_k3_mid_06_p0,train,32,96,96,3,3,mid,0,887409326,682579247703136856124,682579247703136856124,47.972410308061995,47.972410308061995,0.0,0,0.0,0.1935483870967742,6.0,2.4375,3,0,2.556451612903226,5,0.26181433055961606,11.171218091461782,0.24612009336792617,307.81047896898576,0.051881720430107525,0.29078791161132933,0.06838823813509477
g_n32_e96_k3_mid_06,g_n32_e96_k3_mid_06_p5,train,32,96,91,3,3,mid,5,1387410826,682579247703136856124,105080147713246221536,47.972410308061995,46.10125504443097,1.8711552636310245,5,0.052083333333333336,0.18346774193548387,5.6875,2.33984375,3,0,2.629032258064516,5,0.24840426424851358,10.630076131574105,0.2571466716317179,327.47191475067524,0.05430107526881721,0.26858603972455963,0.06623628665996531
g_n32_e96_k3_mid_06,g_n32_e96_k3_mid_06_p10,train,32,96,86,3,1,mid,10,1887412326,682579247703136856124,7741280743007558283,47.972410308061995,43.49309881847851,4.479311489583488,10,0.10416666666666667,0.17338709677419356,5.375,2.421875,1,1,2.6693548387096775,6,0.24733789123958103,10.253132709518512,0.3689191739749278,365.3630877494081,0.05564516129032258,0.28016897994127593,0.06745107747799745
g_n32_e96_k3_mid_07,g_n32_e96_k3_mid_07_p0,validation,32,96,96,3,3,mid,0,166029367,685427274752711182796,685427274752711182796,47.97657407646149,47.97657407646149,0.0,0,0.0,0.1935483870967742,6.0,2.875,3,0,2.5221774193548385,5,0.2741343661949931,11.536680340649488,0.4711185831668008,301.6299552883992,0.050739247311827954,0.24815249266862177,0.06387718461517805
g_n32_e96_k3_mid_07,g_n32_e96_k3_mid_07_p5,validation,32,96,91,3,3,mid,5,666030867,685427274752711182796,105685610372183584223,47.97657407646149,46.10700042100381,1.8695736554576783,5,0.052083333333333336,0.18346774193548387,5.6875,2.71484375,3,0,2.6068548387096775,5,0.26204851759747605,10.921422294586632,0.44323679651821024,320.081579935604,0.053561827956989244,0.22882885334498237,0.06280797880610367
g_n32_e96_k3_mid_07,g_n32_e96_k3_mid_07_p10,validation,32,96,86,3,1,mid,10,1166032367,685427274752711182796,6168218075684336960,47.97657407646149,43.26594166550879,4.710632410952698,10,0.10416666666666667,0.17338709677419356,5.375,2.609375,3,1,2.8528225806451615,6,0.09701042207372297,10.99648980525877,0.4927028635931219,541.4295938959443,0.061760752688172035,0.5347100032583904,0.12458702265453331
g_n32_e96_k3_mid_08,g_n32_e96_k3_mid_08_p0,train,32,96,96,3,3,mid,0,3739616704,687582039348842117498,687582039348842117498,47.97971282627625,47.97971282627625,0.0,0,0.0,0.1935483870967742,6.0,3.125,3,0,2.413306451612903,5,0.30121510400982815,11.802326833654082,0.39673544224166957,291.69569277006985,0.04711021505376344,0.17749920623808274,0.0601426218208792
g_n32_e96_k3_mid_08,g_n32_e96_k3_mid_08_p5,train,32,96,91,3,3,mid,5,4239618204,687582039348842117498,97889199353256830475,47.97971282627625,46.030367894087426,1.949344932188822,5,0.052083333333333336,0.18346774193548387,5.6875,3.21484375,3,0,2.4516129032258065,5,0.2971908025867946,11.763057394191266,0.39782292348009207,307.831311777545,0.04838709677419355,0.19040858730900806,0.060880200051258576
g_n32_e96_k3_mid_08,g_n32_e96_k3_mid_08_p10,train,32,96,86,3,3,mid,10,444652408,687582039348842117498,22788565688741248732,47.97971282627625,44.57279057917781,3.4069222470984357,10,0.10416666666666667,0.17338709677419356,5.375,2.296875,3,0,2.4899193548387095,5,0.29405901047879507,10.73563954742966,0.4205460417038367,316.0603394972698,0.04966397849462365,0.17637250349474456,0.05877317769270827
g_n32_e96_k3_mid_09,g_n32_e96_k3_mid_09_p0,test,32,96,96,3,3,mid,0,3018236745,690070151363307738315,690070151363307738315,47.983324934958695,47.983324934958695,0.0,0,0.0,0.1935483870967742,6.0,3.0625,3,0,2.524193548387097,5,0.27834097053021467,12.339788249132353,0.4984793754737389,299.694530451584,0.05080645161290322,0.20231544661086248,0.06077847021017306
g_n32_e96_k3_mid_09,g_n32_e96_k3_mid_09_p5,test,32,96,91,3,1,mid,5,3518238245,690070151363307738315,44391091128033500564,47.983324934958695,45.23957047292853,2.743754462030168,5,0.052083333333333336,0.18346774193548387,5.6875,3.77734375,1,1,2.5544354838709675,5,0.2757852826291094,12.284018599014448,0.3800306071817694,338.90481746129313,0.05181451612903226,0.2119599038953877,0.06287075556870586
g_n32_e96_k3_mid_09,g_n32_e96_k3_mid_09_p10,test,32,96,86,3,3,mid,10,4018239745,690070151363307738315,12455592922967133135,47.983324934958695,43.968701426690025,4.01462350826867,10,0.10416666666666667,0.17338709677419356,5.375,3.296875,3,0,2.6068548387096775,5,0.266041597546134,12.328768030793691,1.4933902893683504,336.09344642886094,0.053561827956989244,0.22341867704296545,0.063421392756801
g_n32_e96_k3_high_10,g_n32_e96_k3_high_10_p0,validation,32,96,96,3,3,high,0,2296856786,975106185762858459605,975106185762858459605,48.329078047435296,48.329078047435296,0.0,0,0.0,0.1935483870967742,6.0,2.125,3,0,2.524193548387097,5,0.2792022570500276,10.9991125285612,0.4886237560363238,294.7101702070548,0.05080645161290322,0.22230232005250572,0.06231602494446256
g_n32_e96_k3_high_10,g_n32_e96_k3_high_10_p5,validation,32,96,91,3,3,high,5,2796858286,975106185762858459605,159625758077579166790,48.329078047435296,46.519363737349856,1.8097143100854396,5,0.052083333333333336,0.18346774193548387,5.6875,1.96484375,3,0,2.5524193548387095,5,0.2764256895836711,10.302033670648248,0.7877604937435922,308.49777268299306,0.051747311827956985,0.20222517028968645,0.06025745597687794
g_n32_e96_k3_high_10,g_n32_e96_k3_high_10_p10,validation,32,96,86,3,2,high,10,3296859786,975106185762858459605,16857746446959124664,48.329078047435296,44.27134195483769,4.057736092597608,10,0.10416666666666667,0.17338709677419356,5.375,2.171875,2,0,2.627016129032258,5,0.2611568531481414,10.854132359346847,0.5422232470700692,335.13144349456746,0.05423387096774193,0.2747293984390759,0.06751382829219257
g_n32_e96_k3_high_11,g_n32_e96_k3_high_11_p0,train,32,96,96,3,3,high,0,1575476827,1005078190432506225902,1005078190432506225902,48.359352292785005,48.359352292785005,0.0,0,0.0,0.1935483870967742,6.0,2.0625,3,0,2.5443548387096775,5,0.2751807348224934,11.32109061104919,0.5564398718254644,296.51261362190473,0.05147849462365591,0.2273331606972873,0.06059359666441886
g_n32_e96_k3_high_11,g_n32_e96_k3_high_11_p5,train,32,96,91,3,1,high,5,2075478327,1005078190432506225902,52458855476291390288,48.359352292785005,45.406560831019426,2.952791461765578,5,0.052083333333333336,0.18346774193548387,5.6875,1.90234375,3,1,3.0423387096774195,6,0.08488037115230698,10.842670093189913,0.5540740202801082,570.2875417237191,0.06807795698924732,0.5222222222222221,0.12696772020860922
g_n32_e96_k3_high_11,g_n32_e96_k3_high_11_p10,train,32,96,86,3,2,high,10,2575479827,1005078190432506225902,15389473052653670292,48.359352292785005,44.18021538156377,4.179136911221235,10,0.10416666666666667,0.17338709677419356,5.375,1.734375,3,0,2.7721774193548385,6,0.17732862871779329,10.705148888784697,0.6660695139422366,389.5262541888548,0.0590725806451613,0.2839606063658934,0.08015403142354406
g_n32_e96_k3_high_12,g_n32_e96_k3_high_12_p0,train,32,96,96,3,3,high,0,854096868,1038929210498757039540,1038929210498757039540,48.39247753033095,48.39247753033095,0.0,0,0.0,0.1935483870967742,6.0,1.8125,3,0,2.5201612903225805,5,0.2739626909775654,11.106044762542258,0.23260300703354275,296.6362542355339,0.05067204301075268,0.21929881630071388,0.05786871574409448
g_n32_e96_k3_high_12,g_n32_e96_k3_high_12_p5,train,32,96,91,3,3,high,5,1354098368,1038929210498757039540,136556200059840182031,48.39247753033095,46.36326792583368,2.029209604497268,5,0.052083333333333336,0.18346774193548387,5.6875,2.02734375,3,0,2.5786290322580645,5,0.2655092559727034,10.258891904952314,0.3359319235968705,315.7729010674757,0.05262096774193548,0.21109194270484594,0.056719659664917495
g_n32_e96_k3_high_12,g_n32_e96_k3_high_12_p10,train,32,96,86,3,2,high,10,1854099868,1038929210498757039540,14061195534994164918,48.39247753033095,44.089950587598835,4.302526942732115,10,0.10416666666666667,0.17338709677419356,5.375,2.484375,2,0,2.5846774193548385,5,0.2670957926936316,10.731170527482004,0.2971280561433751,335.5323690375774,0.052822580645161286,0.23988350956092896,0.05984085389810725
g_n32_e96_k3_high_13,g_n32_e96_k3_high_13_p0,train,32,96,96,3,3,high,0,132716909,1069026499062407504061,1069026499062407504061,48.42103537325648,48.42103537325648,0.0,0,0.0,0.1935483870967742,6.0,1.9375,4,0,2.5483870967741935,5,0.26471033899336205,11.186345761126276,0.4756947013797248,299.2520764484194,0.051612903225806445,0.23955410683763817,0.06522359266570553
g_n32_e96_k3_high_13,g_n32_e96_k3_high_13_p5,train,32,96,91,3,1,high,5,632718409,1069026499062407504061,51394618787948660938,48.42103537325648,45.3860651480318,3.034970225224683,5,0.052083333333333336,0.18346774193548387,5.6875,2.21484375,3,1,2.846774193548387,6,0.09628832485456978,11.098250032684884,0.43784965880929505,527.4361088945506,0.06155913978494624,0.5351102422070165,0.12432204953718659
g_n32_e96_k3_high_13,g_n32_e96_k3_high_13_p10,train,32,96,86,3,3,high,10,1132719909,1069026499062407504061,23410062932404818809,48.42103537325648,44.5996976436622,3.8213377295942763,10,0.10416666666666667,0.17338709677419356,5.375,1.734375,3,0,2.6169354838709675,5,0.2575781597266592,10.560301177591482,0.752221960985004,330.9771972362621,0.05389784946236559,0.22707071303845497,0.06394503112411967
g_n32_e96_k3_high_14,g_n32_e96_k3_high_14_p0,test,32,96,96,3,3,high,0,3706304246,1138971018132658264516,1138971018132658264516,48.484412192005436,48.484412192005436,0.0,0,0.0,0.1935483870967742,6.0,1.75,4,0,2.5221774193548385,5,0.27716890013951423,10.64716153962979,0.3081057891098329,293.6704383500685,0.050739247311827954,0.21516442040635592,0.0581763819471266
g_n32_e96_k3_high_14,g_n32_e96_k3_high_14_p5,test,32,96,91,3,3,high,5,4206305746,1138971018132658264516,204559874765385721371,48.484412192005436,46.76739239266099,1.717019799344449,5,0.052083333333333336,0.18346774193548387,5.6875,1.46484375,4,0,2.568548387096774,5,0.27364009394369115,10.315035528400726,0.44648686997652476,306.3187813126709,0.05228494623655914,0.2028677081266215,0.05828559032638694
g_n32_e96_k3_high_14,g_n32_e96_k3_high_14_p10,test,32,96,86,3,2,high,10,411339950,1138971018132658264516,14676413812702096256,48.484412192005436,44.13277337654749,4.351638815457946,10,0.10416666666666667,0.17338709677419356,5.375,1.734375,3,0,2.7983870967741935,6,0.166106855735386,10.11825615230186,0.31325921013335467,400.2940605595944,0.05994623655913978,0.42528027176983546,0.09302827118562253
