graph_id,state_id,split,horizon_fraction,h_steps,K,z,collapse_fraction
g_n24_e48_k2_low_00,g_n24_e48_k2_low_00_p0,train,0.05,3,64,1,0.015625
g_n24_e48_k2_low_00,g_n24_e48_k2_low_00_p0,train,0.1,5,64,4,0.0625
g_n24_e48_k2_low_00,g_n24_e48_k2_low_00_p0,train,0.15,8,64,16,0.25
g_n24_e48_k2_low_00,g_n24_e48_k2_low_00_p3,train,0.05,3,64,4,0.0625
g_n24_e48_k2_low_00,g_n24_e48_k2_low_00_p3,train,0.1,5,64,10,0.15625
g_n24_e48_k2_low_00,g_n24_e48_k2_low_00_p3,train,0.15,7,64,16,0.25
g_n24_e48_k2_low_00,g_n24_e48_k2_low_00_p5,train,0.05,3,64,7,0.109375
g_n24_e48_k2_low_00,g_n24_e48_k2_low_00_p5,train,0.1,5,64,16,0.25
g_n24_e48_k2_low_00,g_n24_e48_k2_low_00_p5,train,0.15,7,64,23,0.359375
g_n24_e48_k2_low_01,g_n24_e48_k2_low_01_p0,train,0.05,3,64,4,0.0625
g_n24_e48_k2_low_01,g_n24_e48_k2_low_01_p0,train,0.1,5,64,6,0.09375
g_n24_e48_k2_low_01,g_n24_e48_k2_low_01_p0,train,0.15,8,64,13,0.203125
g_n24_e48_k2_low_01,g_n24_e48_k2_low_01_p3,train,0.05,3,64,5,0.078125
g_n24_e48_k2_low_01,g_n24_e48_k2_low_01_p3,train,0.1,5,64,11,0.171875
g_n24_e48_k2_low_01,g_n24_e48_k2_low_01_p3,train,0.15,7,64,18,0.28125
g_n24_e48_k2_low_01,g_n24_e48_k2_low_01_p5,train,0.05,3,64,5,0.078125
g_n24_e48_k2_low_01,g_n24_e48_k2_low_01_p5,train,0.1,5,64,11,0.171875
g_n24_e48_k2_low_01,g_n24_e48_k2_low_01_p5,train,0.15,7,64,19,0.296875
g_n24_e48_k2_low_02,g_n24_e48_k2_low_02_p0,train,0.05,3,64,0,0.0
g_n24_e48_k2_low_02,g_n24_e48_k2_low_02_p0,train,0.1,5,64,2,0.03125
g_n24_e48_k2_low_02,g_n24_e48_k2_low_02_p0,train,0.15,8,64,13,0.203125
g_n24_e48_k2_low_02,g_n24_e48_k2_low_02_p3,train,0.05,3,64,7,0.109375
g_n24_e48_k2_low_02,g_n24_e48_k2_low_02_p3,train,0.1,5,64,16,0.25
g_n24_e48_k2_low_02,g_n24_e48_k2_low_02_p3,train,0.15,7,64,25,0.390625
g_n24_e48_k2_low_02,g_n24_e48_k2_low_02_p5,train,0.05,3,64,2,0.03125
g_n24_e48_k2_low_02,g_n24_e48_k2_low_02_p5,train,0.1,5,64,14,0.21875
g_n24_e48_k2_low_02,g_n24_e48_k2_low_02_p5,train,0.15,7,64,22,0.34375
g_n24_e48_k2_low_03,g_n24_e48_k2_low_03_p0,validation,0.05,3,64,1,0.015625
g_n24_e48_k2_low_03,g_n24_e48_k2_low_03_p0,validation,0.1,5,64,4,0.0625
g_n24_e48_k2_low_03,g_n24_e48_k2_low_03_p0,validation,0.15,8,64,13,0.203125
g_n24_e48_k2_low_03,g_n24_e48_k2_low_03_p3,validation,0.05,3,64,2,0.03125
g_n24_e48_k2_low_03,g_n24_e48_k2_low_03_p3,validation,0.1,5,64,5,0.078125
g_n24_e48_k2_low_03,g_n24_e48_k2_low_03_p3,validation,0.15,7,64,7,0.109375
g_n24_e48_k2_low_03,g_n24_e48_k2_low_03_p5,validation,0.05,3,64,6,0.09375
g_n24_e48_k2_low_03,g_n24_e48_k2_low_03_p5,validation,0.1,5,64,9,0.140625
g_n24_e48_k2_low_03,g_n24_e48_k2_low_03_p5,validation,0.15,7,64,15,0.234375
g_n24_e48_k2_low_04,g_n24_e48_k2_low_04_p0,train,0.05,3,64,1,0.015625
g_n24_e48_k2_low_04,g_n24_e48_k2_low_04_p0,train,0.1,5,64,1,0.015625
g_n24_e48_k2_low_04,g_n24_e48_k2_low_04_p0,train,0.15,8,64,6,0.09375
g_n24_e48_k2_low_04,g_n24_e48_k2_low_04_p3,train,0.05,3,64,10,0.15625
g_n24_e48_k2_low_04,g_n24_e48_k2_low_04_p3,train,0.1,5,64,17,0.265625
g_n24_e48_k2_low_04,g_n24_e48_k2_low_04_p3,train,0.15,7,64,22,0.34375
g_n24_e48_k2_low_04,g_n24_e48_k2_low_04_p5,train,0.05,3,64,7,0.109375
g_n24_e48_k2_low_04,g_n24_e48_k2_low_04_p5,train,0.1,5,64,14,0.21875
g_n24_e48_k2_low_04,g_n24_e48_k2_low_04_p5,train,0.15,7,64,18,0.28125
g_n24_e48_k2_low_05,g_n24_e48_k2_low_05_p0,train,0.05,3,64,0,0.0
g_n24_e48_k2_low_05,g_n24_e48_k2_low_05_p0,train,0.1,5,64,2,0.03125
g_n24_e48_k2_low_05,g_n24_e48_k2_low_05_p0,train,0.15,8,64,12,0.1875
g_n24_e48_k2_low_05,g_n24_e48_k2_low_05_p3,train,0.05,3,64,14,0.21875
g_n24_e48_k2_low_05,g_n24_e48_k2_low_05_p3,train,0.1,5,64,21,0.328125
g_n24_e48_k2_low_05,g_n24_e48_k2_low_05_p3,train,0.15,7,64,32,0.5
g_n24_e48_k2_low_05,g_n24_e48_k2_low_05_p5,train,0.05,3,64,18,0.28125
g_n24_e48_k2_low_05,g_n24_e48_k2_low_05_p5,train,0.1,5,64,25,0.390625
g_n24_e48_k2_low_05,g_n24_e48_k2_low_05_p5,train,0.15,7,64,34,0.53125
g_n24_e48_k2_low_06,g_n24_e48_k2_low_06_p0,test,0.05,3,64,0,0.0
g_n24_e48_k2_low_06,g_n24_e48_k2_low_06_p0,test,0.1,5,64,3,0.046875
g_n24_e48_k2_low_06,g_n24_e48_k2_low_06_p0,test,0.15,8,64,9,0.140625
g_n24_e48_k2_low_06,g_n24_e48_k2_low_06_p3,test,0.05,3,64,8,0.125
g_n24_e48_k2_low_06,g_n24_e48_k2_low_06_p3,test,0.1,5,64,15,0.234375
g_n24_e48_k2_low_06,g_n24_e48_k2_low_06_p3,test,0.15,7,64,21,0.328125
g_n24_e48_k2_low_06,g_n24_e48_k2_low_06_p5,test,0.05,3,64,12,0.1875
g_n24_e48_k2_low_06,g_n24_e48_k2_low_06_p5,test,0.1,5,64,23,0.359375
g_n24_e48_k2_low_06,g_n24_e48_k2_low_06_p5,test,0.15,7,64,34,0.53125
g_n24_e48_k2_low_07,g_n24_e48_k2_low_07_p0,train,0.05,3,64,2,0.03125
g_n24_e48_k2_low_07,g_n24_e48_k2_low_07_p0,train,0.1,5,64,6,0.09375
g_n24_e48_k2_low_07,g_n24_e48_k2_low_07_p0,train,0.15,8,64,14,0.21875
g_n24_e48_k2_low_07,g_n24_e48_k2_low_07_p3,train,0.05,3,64,7,0.109375
g_n24_e48_k2_low_07,g_n24_e48_k2_low_07_p3,train,0.1,5,64,18,0.28125
g_n24_e48_k2_low_07,g_n24_e48_k2_low_07_p3,train,0.15,7,64,22,0.34375
g_n24_e48_k2_low_07,g_n24_e48_k2_low_07_p5,train,0.05,3,64,2,0.03125
g_n24_e48_k2_low_07,g_n24_e48_k2_low_07_p5,train,0.1,5,64,4,0.0625
g_n24_e48_k2_low_07,g_n24_e48_k2_low_07_p5,train,0.15,7,64,12,0.1875
g_n24_e48_k2_low_08,g_n24_e48_k2_low_08_p0,validation,0.05,3,64,0,0.0
g_n24_e48_k2_low_08,g_n24_e48_k2_low_08_p0,validation,0.1,5,64,2,0.03125
g_n24_e48_k2_low_08,g_n24_e48_k2_low_08_p0,validation,0.15,8,64,12,0.1875
g_n24_e48_k2_low_08,g_n24_e48_k2_low_08_p3,validation,0.05,3,64,9,0.140625
g_n24_e48_k2_low_08,g_n24_e48_k2_low_08_p3,validation,0.1,5,64,17,0.265625
g_n24_e48_k2_low_08,g_n24_e48_k2_low_08_p3,validation,0.15,7,64,24,0.375
g_n24_e48_k2_low_08,g_n24_e48_k2_low_08_p5,validation,0.05,3,64,17,0.265625
g_n24_e48_k2_low_08,g_n24_e48_k2_low_08_p5,validation,0.1,5,64,32,0.5
g_n24_e48_k2_low_08,g_n24_e48_k2_low_08_p5,validation,0.15,7,64,40,0.625
g_n24_e48_k2_low_09,g_n24_e48_k2_low_09_p0,validation,0.05,3,64,1,0.015625
g_n24_e48_k2_low_09,g_n24_e48_k2_low_09_p0,validation,0.1,5,64,4,0.0625
g_n24_e48_k2_low_09,g_n24_e48_k2_low_09_p0,validation,0.15,8,64,11,0.171875
g_n24_e48_k2_low_09,g_n24_e48_k2_low_09_p3,validation,0.05,3,64,2,0.03125
g_n24_e48_k2_low_09,g_n24_e48_k2_low_09_p3,validation,0.1,5,64,6,0.09375
g_n24_e48_k2_low_09,g_n24_e48_k2_low_09_p3,validation,0.15,7,64,10,0.15625
g_n24_e48_k2_low_09,g_n24_e48_k2_low_09_p5,validation,0.05,3,64,2,0.03125
g_n24_e48_k2_low_09,g_n24_e48_k2_low_09_p5,validation,0.1,5,64,8,0.125
g_n24_e48_k2_low_09,g_n24_e48_k2_low_09_p5,validation,0.15,7,64,16,0.25
g_n24_e48_k2_low_10,g_n24_e48_k2_low_10_p0,train,0.05,3,64,2,0.03125
g_n24_e48_k2_low_10,g_n24_e48_k2_low_10_p0,train,0.1,5,64,5,0.078125
g_n24_e48_k2_low_10,g_n24_e48_k2_low_10_p0,train,0.15,8,64,12,0.1875
g_n24_e48_k2_low_10,g_n24_e48_k2_low_10_p3,train,0.05,3,64,1,0.015625
g_n24_e48_k2_low_10,g_n24_e48_k2_low_10_p3,train,0.1,5,64,5,0.078125
g_n24_e48_k2_low_10,g_n24_e48_k2_low_10_p3,train,0.15,7,64,13,0.203125
g_n24_e48_k2_low_10,g_n24_e48_k2_low_10_p5,train,0.05,3,64,3,0.046875
g_n24_e48_k2_low_10,g_n24_e48_k2_low_10_p5,train,0.1,5,64,5,0.078125
g_n24_e48_k2_low_10,g_n24_e48_k2_low_10_p5,train,0.15,7,64,16,0.25
g_n24_e48_k2_low_11,g_n24_e48_k2_low_11_p0,train,0.05,3,64,0,0.0
g_n24_e48_k2_low_11,g_n24_e48_k2_low_11_p0,train,0.1,5,64,0,0.0
g_n24_e48_k2_low_11,g_n24_e48_k2_low_11_p0,train,0.15,8,64,6,0.09375
g_n24_e48_k2_low_11,g_n24_e48_k2_low_11_p3,train,0.05,3,64,2,0.03125
g_n24_e48_k2_low_11,g_n24_e48_k2_low_11_p3,train,0.1,5,64,10,0.15625
g_n24_e48_k2_low_11,g_n24_e48_k2_low_11_p3,train,0.15,7,64,17,0.265625
g_n24_e48_k2_low_11,g_n24_e48_k2_low_11_p5,train,0.05,3,64,2,0.03125
g_n24_e48_k2_low_11,g_n24_e48_k2_low_11_p5,train,0.1,5,64,5,0.078125
g_n24_e48_k2_low_11,g_n24_e48_k2_low_11_p5,train,0.15,7,64,12,0.1875
g_n24_e48_k2_low_12,g_n24_e48_k2_low_12_p0,train,0.05,3,64,3,0.046875
g_n24_e48_k2_low_12,g_n24_e48_k2_low_12_p0,train,0.1,5,64,5,0.078125
g_n24_e48_k2_low_12,g_n24_e48_k2_low_12_p0,train,0.15,8,64,16,0.25
g_n24_e48_k2_low_12,g_n24_e48_k2_low_12_p3,train,0.05,3,64,1,0.015625
g_n24_e48_k2_low_12,g_n24_e48_k2_low_12_p3,train,0.1,5,64,2,0.03125
g_n24_e48_k2_low_12,g_n24_e48_k2_low_12_p3,train,0.15,7,64,9,0.140625
g_n24_e48_k2_low_12,g_n24_e48_k2_low_12_p5,train,0.05,3,64,4,0.0625
g_n24_e48_k2_low_12,g_n24_e48_k2_low_12_p5,train,0.1,5,64,14,0.21875
g_n24_e48_k2_low_12,g_n24_e48_k2_low_12_p5,train,0.15,7,64,27,0.421875
g_n24_e48_k2_low_13,g_n24_e48_k2_low_13_p0,validation,0.05,3,64,1,0.015625
g_n24_e48_k2_low_13,g_n24_e48_k2_low_13_p0,validation,0.1,5,64,2,0.03125
g_n24_e48_k2_low_13,g_n24_e48_k2_low_13_p0,validation,0.15,8,64,11,0.171875
g_n24_e48_k2_low_13,g_n24_e48_k2_low_13_p3,validation,0.05,3,64,2,0.03125
g_n24_e48_k2_low_13,g_n24_e48_k2_low_13_p3,validation,0.1,5,64,6,0.09375
g_n24_e48_k2_low_13,g_n24_e48_k2_low_13_p3,validation,0.15,7,64,14,0.21875
g_n24_e48_k2_low_13,g_n24_e48_k2_low_13_p5,validation,0.05,3,64,4,0.0625
g_n24_e48_k2_low_13,g_n24_e48_k2_low_13_p5,validation,0.1,5,64,9,0.140625
g_n24_e48_k2_low_13,g_n24_e48_k2_low_13_p5,validation,0.15,7,64,17,0.265625
g_n24_e48_k2_low_14,g_n24_e48_k2_low_14_p0,test,0.05,3,64,0,0.0
g_n24_e48_k2_low_14,g_n24_e48_k2_low_14_p0,test,0.1,5,64,3,0.046875
g_n24_e48_k2_low_14,g_n24_e48_k2_low_14_p0,test,0.15,8,64,12,0.1875
g_n24_e48_k2_low_14,g_n24_e48_k2_low_14_p3,test,0.05,3,64,6,0.09375
g_n24_e48_k2_low_14,g_n24_e48_k2_low_14_p3,test,0.1,5,64,13,0.203125
g_n24_e48_k2_low_14,g_n24_e48_k2_low_14_p3,test,0.15,7,64,18,0.28125
g_n24_e48_k2_low_14,g_n24_e48_k2_low_14_p5,test,0.05,3,64,1,0.015625
g_n24_e48_k2_low_14,g_n24_e48_k2_low_14_p5,test,0.1,5,64,5,0.078125
g_n24_e48_k2_low_14,g_n24_e48_k2_low_14_p5,test,0.15,7,64,9,0.140625
g_n24_e48_k2_low_15,g_n24_e48_k2_low_15_p0,train,0.05,3,64,1,0.015625
g_n24_e48_k2_low_15,g_n24_e48_k2_low_15_p0,train,0.1,5,64,3,0.046875
g_n24_e48_k2_low_15,g_n24_e48_k2_low_15_p0,train,0.15,8,64,13,0.203125
g_n24_e48_k2_low_15,g_n24_e48_k2_low_15_p3,train,0.05,3,64,14,0.21875
g_n24_e48_k2_low_15,g_n24_e48_k2_low_15_p3,train,0.1,5,64,24,0.375
g_n24_e48_k2_low_15,g_n24_e48_k2_low_15_p3,train,0.15,7,64,31,0.484375
g_n24_e48_k2_low_15,g_n24_e48_k2_low_15_p5,train,0.05,3,64,13,0.203125
g_n24_e48_k2_low_15,g_n24_e48_k2_low_15_p5,train,0.1,5,64,24,0.375
g_n24_e48_k2_low_15,g_n24_e48_k2_low_15_p5,train,0.15,7,64,31,0.484375
g_n24_e48_k2_low_16,g_n24_e48_k2_low_16_p0,train,0.05,3,64,1,0.015625
g_n24_e48_k2_low_16,g_n24_e48_k2_low_16_p0,train,0.1,5,64,2,0.03125
g_n24_e48_k2_low_16,g_n24_e48_k2_low_16_p0,train,0.15,8,64,7,0.109375
g_n24_e48_k2_low_16,g_n24_e48_k2_low_16_p3,train,0.05,3,64,8,0.125
g_n24_e48_k2_low_16,g_n24_e48_k2_low_16_p3,train,0.1,5,64,13,0.203125
g_n24_e48_k2_low_16,g_n24_e48_k2_low_16_p3,train,0.15,7,64,18,0.28125
g_n24_e48_k2_low_17,g_n24_e48_k2_low_17_p0,train,0.05,3,64,0,0.0
g_n24_e48_k2_low_17,g_n24_e48_k2_low_17_p0,train,0.1,5,64,1,0.015625
g_n24_e48_k2_low_17,g_n24_e48_k2_low_17_p0,train,0.15,8,64,5,0.078125
g_n24_e48_k2_low_17,g_n24_e48_k2_low_17_p3,train,0.05,3,64,4,0.0625
g_n24_e48_k2_low_17,g_n24_e48_k2_low_17_p3,train,0.1,5,64,7,0.109375
g_n24_e48_k2_low_17,g_n24_e48_k2_low_17_p3,train,0.15,7,64,14,0.21875
g_n24_e48_k2_low_17,g_n24_e48_k2_low_17_p5,train,0.05,3,64,10,0.15625
g_n24_e48_k2_low_17,g_n24_e48_k2_low_17_p5,train,0.1,5,64,18,0.28125
g_n24_e48_k2_low_17,g_n24_e48_k2_low_17_p5,train,0.15,7,64,32,0.5
g_n24_e48_k2_low_18,g_n24_e48_k2_low_18_p0,test,0.05,3,64,2,0.03125
g_n24_e48_k2_low_18,g_n24_e48_k2_low_18_p0,test,0.1,5,64,3,0.046875
g_n24_e48_k2_low_18,g_n24_e48_k2_low_18_p0,test,0.15,8,64,12,0.1875
g_n24_e48_k2_low_18,g_n24_e48_k2_low_18_p3,test,0.05,3,64,5,0.078125
g_n24_e48_k2_low_18,g_n24_e48_k2_low_18_p3,test,0.1,5,64,11,0.171875
g_n24_e48_k2_low_18,g_n24_e48_k2_low_18_p3,test,0.15,7,64,15,0.234375
g_n24_e48_k2_low_18,g_n24_e48_k2_low_18_p5,test,0.05,3,64,16,0.25
g_n24_e48_k2_low_18,g_n24_e48_k2_low_18_p5,test,0.1,5,64,29,0.453125
g_n24_e48_k2_low_18,g_n24_e48_k2_low_18_p5,test,0.15,7,64,40,0.625
g_n24_e48_k2_low_19,g_n24_e48_k2_low_19_p0,test,0.05,3,64,4,0.0625
g_n24_e48_k2_low_19,g_n24_e48_k2_low_19_p0,test,0.1,5,64,9,0.140625
g_n24_e48_k2_low_19,g_n24_e48_k2_low_19_p0,test,0.15,8,64,18,0.28125
g_n24_e48_k2_low_19,g_n24_e48_k2_low_19_p5,test,0.05,3,64,7,0.109375
g_n24_e48_k2_low_19,g_n24_e48_k2_low_19_p5,test,0.1,5,64,14,0.21875
g_n24_e48_k2_low_19,g_n24_e48_k2_low_19_p5,test,0.15,7,64,21,0.328125
g_n24_e48_k2_low_20,g_n24_e48_k2_low_20_p0,train,0.05,3,64,0,0.0
g_n24_e48_k2_low_20,g_n24_e48_k2_low_20_p0,train,0.1,5,64,1,0.015625
g_n24_e48_k2_low_20,g_n24_e48_k2_low_20_p0,train,0.15,8,64,9,0.140625
g_n24_e48_k2_low_20,g_n24_e48_k2_low_20_p3,train,0.05,3,64,12,0.1875
g_n24_e48_k2_low_20,g_n24_e48_k2_low_20_p3,train,0.1,5,64,23,0.359375
g_n24_e48_k2_low_20,g_n24_e48_k2_low_20_p3,train,0.15,7,64,31,0.484375
g_n24_e48_k2_low_20,g_n24_e48_k2_low_20_p5,train,0.05,3,64,1,0.015625
g_n24_e48_k2_low_20,g_n24_e48_k2_low_20_p5,train,0.1,5,64,6,0.09375
g_n24_e48_k2_low_20,g_n24_e48_k2_low_20_p5,train,0.15,7,64,11,0.171875
g_n24_e48_k2_low_21,g_n24_e48_k2_low_21_p0,train,0.05,3,64,2,0.03125
g_n24_e48_k2_low_21,g_n24_e48_k2_low_21_p0,train,0.1,5,64,6,0.09375
g_n24_e48_k2_low_21,g_n24_e48_k2_low_21_p0,train,0.15,8,64,16,0.25
g_n24_e48_k2_low_21,g_n24_e48_k2_low_21_p3,train,0.05,3,64,7,0.109375
g_n24_e48_k2_low_21,g_n24_e48_k2_low_21_p3,train,0.1,5,64,10,0.15625
g_n24_e48_k2_low_21,g_n24_e48_k2_low_21_p3,train,0.15,7,64,21,0.328125
g_n24_e48_k2_low_21,g_n24_e48_k2_low_21_p5,train,0.05,3,64,7,0.109375
g_n24_e48_k2_low_21,g_n24_e48_k2_low_21_p5,train,0.1,5,64,20,0.3125
g_n24_e48_k2_low_21,g_n24_e48_k2_low_21_p5,train,0.15,7,64,28,0.4375
g_n24_e48_k2_low_22,g_n24_e48_k2_low_22_p0,validation,0.05,3,64,0,0.0
g_n24_e48_k2_low_22,g_n24_e48_k2_low_22_p0,validation,0.1,5,64,2,0.03125
g_n24_e48_k2_low_22,g_n24_e48_k2_low_22_p0,validation,0.15,8,64,13,0.203125
g_n24_e48_k2_low_22,g_n24_e48_k2_low_22_p3,validation,0.05,3,64,1,0.015625
g_n24_e48_k2_low_22,g_n24_e48_k2_low_22_p3,validation,0.1,5,64,8,0.125
g_n24_e48_k2_low_22,g_n24_e48_k2_low_22_p3,validation,0.15,7,64,14,0.21875
g_n24_e48_k2_low_22,g_n24_e48_k2_low_22_p5,validation,0.05,3,64,4,0.0625
g_n24_e48_k2_low_22,g_n24_e48_k2_low_22_p5,validation,0.1,5,64,11,0.171875
g_n24_e48_k2_low_22,g_n24_e48_k2_low_22_p5,validation,0.15,7,64,17,0.265625
g_n24_e48_k2_low_23,g_n24_e48_k2_low_23_p0,test,0.05,3,64,1,0.015625
g_n24_e48_k2_low_23,g_n24_e48_k2_low_23_p0,test,0.1,5,64,2,0.03125
g_n24_e48_k2_low_23,g_n24_e48_k2_low_23_p0,test,0.15,8,64,7,0.109375
g_n24_e48_k2_low_23,g_n24_e48_k2_low_23_p3,test,0.05,3,64,1,0.015625
g_n24_e48_k2_low_23,g_n24_e48_k2_low_23_p3,test,0.1,5,64,3,0.046875
g_n24_e48_k2_low_23,g_n24_e48_k2_low_23_p3,test,0.15,7,64,10,0.15625
g_n24_e48_k2_low_24,g_n24_e48_k2_low_24_p0,train,0.05,3,64,1,0.015625
g_n24_e48_k2_low_24,g_n24_e48_k2_low_24_p0,train,0.1,5,64,2,0.03125
g_n24_e48_k2_low_24,g_n24_e48_k2_low_24_p0,train,0.15,8,64,12,0.1875
g_n24_e48_k2_low_24,g_n24_e48_k2_low_24_p3,train,0.05,3,64,1,0.015625
g_n24_e48_k2_low_24,g_n24_e48_k2_low_24_p3,train,0.1,5,64,2,0.03125
g_n24_e48_k2_low_24,g_n24_e48_k2_low_24_p3,train,0.15,7,64,11,0.171875
g_n24_e48_k2_low_24,g_n24_e48_k2_low_24_p5,train,0.05,3,64,12,0.1875
g_n24_e48_k2_low_24,g_n24_e48_k2_low_24_p5,train,0.1,5,64,20,0.3125
g_n24_e48_k2_low_24,g_n24_e48_k2_low_24_p5,train,0.15,7,64,33,0.515625
g_n24_e48_k2_low_25,g_n24_e48_k2_low_25_p0,train,0.05,3,64,0,0.0
g_n24_e48_k2_low_25,g_n24_e48_k2_low_25_p0,train,0.1,5,64,8,0.125
g_n24_e48_k2_low_25,g_n24_e48_k2_low_25_p0,train,0.15,8,64,17,0.265625
g_n24_e48_k2_low_25,g_n24_e48_k2_low_25_p3,train,0.05,3,64,5,0.078125
g_n24_e48_k2_low_25,g_n24_e48_k2_low_25_p3,train,0.1,5,64,10,0.15625
g_n24_e48_k2_low_25,g_n24_e48_k2_low_25_p3,train,0.15,7,64,15,0.234375
g_n24_e48_k2_low_25,g_n24_e48_k2_low_25_p5,train,0.05,3,64,2,0.03125
g_n24_e48_k2_low_25,g_n24_e48_k2_low_25_p5,train,0.1,5,64,5,0.078125
g_n24_e48_k2_low_25,g_n24_e48_k2_low_25_p5,train,0.15,7,64,14,0.21875
g_n24_e48_k2_low_26,g_n24_e48_k2_low_26_p0,train,0.05,3,64,1,0.015625
g_n24_e48_k2_low_26,g_n24_e48_k2_low_26_p0,train,0.1,5,64,3,0.046875
g_n24_e48_k2_low_26,g_n24_e48_k2_low_26_p0,train,0.15,8,64,9,0.140625
g_n24_e48_k2_low_26,g_n24_e48_k2_low_26_p3,train,0.05,3,64,12,0.1875
g_n24_e48_k2_low_26,g_n24_e48_k2_low_26_p3,train,0.1,5,64,20,0.3125
g_n24_e48_k2_low_26,g_n24_e48_k2_low_26_p3,train,0.15,7,64,33,0.515625
g_n24_e48_k2_low_26,g_n24_e48_k2_low_26_p5,train,0.05,3,64,13,0.203125
g_n24_e48_k2_low_26,g_n24_e48_k2_low_26_p5,train,0.1,5,64,21,0.328125
g_n24_e48_k2_low_26,g_n24_e48_k2_low_26_p5,train,0.15,7,64,34,0.53125
g_n24_e48_k2_low_27,g_n24_e48_k2_low_27_p0,validation,0.05,3,64,0,0.0
g_n24_e48_k2_low_27,g_n24_e48_k2_low_27_p0,validation,0.1,5,64,1,0.015625
g_n24_e48_k2_low_27,g_n24_e48_k2_low_27_p0,validation,0.15,8,64,11,0.171875
g_n24_e48_k2_low_27,g_n24_e48_k2_low_27_p3,validation,0.05,3,64,7,0.109375
g_n24_e48_k2_low_27,g_n24_e48_k2_low_27_p3,validation,0.1,5,64,10,0.15625
g_n24_e48_k2_low_27,g_n24_e48_k2_low_27_p3,validation,0.15,7,64,16,0.25
g_n24_e48_k2_low_27,g_n24_e48_k2_low_27_p5,validation,0.05,3,64,2,0.03125
g_n24_e48_k2_low_27,g_n24_e48_k2_low_27_p5,validation,0.1,5,64,7,0.109375
g_n24_e48_k2_low_27,g_n24_e48_k2_low_27_p5,validation,0.15,7,64,15,0.234375
g_n24_e48_k2_low_28,g_n24_e48_k2_low_28_p0,test,0.05,3,64,2,0.03125
g_n24_e48_k2_low_28,g_n24_e48_k2_low_28_p0,test,0.1,5,64,2,0.03125
g_n24_e48_k2_low_28,g_n24_e48_k2_low_28_p0,test,0.15,8,64,5,0.078125
g_n24_e48_k2_low_28,g_n24_e48_k2_low_28_p3,test,0.05,3,64,9,0.140625
g_n24_e48_k2_low_28,g_n24_e48_k2_low_28_p3,test,0.1,5,64,16,0.25
g_n24_e48_k2_low_28,g_n24_e48_k2_low_28_p3,test,0.15,7,64,23,0.359375
g_n24_e48_k2_low_28,g_n24_e48_k2_low_28_p5,test,0.05,3,64,7,0.109375
g_n24_e48_k2_low_28,g_n24_e48_k2_low_28_p5,test,0.1,5,64,9,0.140625
g_n24_e48_k2_low_28,g_n24_e48_k2_low_28_p5,test,0.15,7,64,17,0.265625
g_n24_e48_k2_low_29,g_n24_e48_k2_low_29_p0,train,0.05,3,64,1,0.015625
g_n24_e48_k2_low_29,g_n24_e48_k2_low_29_p0,train,0.1,5,64,5,0.078125
g_n24_e48_k2_low_29,g_n24_e48_k2_low_29_p0,train,0.15,8,64,12,0.1875
g_n24_e48_k2_low_29,g_n24_e48_k2_low_29_p3,train,0.05,3,64,4,0.0625
g_n24_e48_k2_low_29,g_n24_e48_k2_low_29_p3,train,0.1,5,64,10,0.15625
g_n24_e48_k2_low_29,g_n24_e48_k2_low_29_p3,train,0.15,7,64,20,0.3125
g_n24_e48_k2_low_29,g_n24_e48_k2_low_29_p5,train,0.05,3,64,8,0.125
g_n24_e48_k2_low_29,g_n24_e48_k2_low_29_p5,train,0.1,5,64,19,0.296875
g_n24_e48_k2_low_29,g_n24_e48_k2_low_29_p5,train,0.15,7,64,29,0.453125
g_n24_e48_k2_mid_30,g_n24_e48_k2_mid_30_p0,train,0.05,3,64,1,0.015625
g_n24_e48_k2_mid_30,g_n24_e48_k2_mid_30_p0,train,0.1,5,64,1,0.015625
g_n24_e48_k2_mid_30,g_n24_e48_k2_mid_30_p0,train,0.15,8,64,10,0.15625
g_n24_e48_k2_mid_30,g_n24_e48_k2_mid_30_p3,train,0.05,3,64,0,0.0
g_n24_e48_k2_mid_30,g_n24_e48_k2_mid_30_p3,train,0.1,5,64,6,0.09375
g_n24_e48_k2_mid_30,g_n24_e48_k2_mid_30_p3,train,0.15,7,64,9,0.140625
g_n24_e48_k2_mid_30,g_n24_e48_k2_mid_30_p5,train,0.05,3,64,7,0.109375
g_n24_e48_k2_mid_30,g_n24_e48_k2_mid_30_p5,train,0.1,5,64,15,0.234375
g_n24_e48_k2_mid_30,g_n24_e48_k2_mid_30_p5,train,0.15,7,64,22,0.34375
g_n24_e48_k2_mid_31,g_n24_e48_k2_mid_31_p0,test,0.05,3,64,1,0.015625
g_n24_e48_k2_mid_31,g_n24_e48_k2_mid_31_p0,test,0.1,5,64,2,0.03125
g_n24_e48_k2_mid_31,g_n24_e48_k2_mid_31_p0,test,0.15,8,64,7,0.109375
g_n24_e48_k2_mid_31,g_n24_e48_k2_mid_31_p3,test,0.05,3,64,1,0.015625
g_n24_e48_k2_mid_31,g_n24_e48_k2_mid_31_p3,test,0.1,5,64,2,0.03125
g_n24_e48_k2_mid_31,g_n24_e48_k2_mid_31_p3,test,0.15,7,64,9,0.140625
g_n24_e48_k2_mid_31,g_n24_e48_k2_mid_31_p5,test,0.05,3,64,2,0.03125
g_n24_e48_k2_mid_31,g_n24_e48_k2_mid_31_p5,test,0.1,5,64,9,0.140625
g_n24_e48_k2_mid_31,g_n24_e48_k2_mid_31_p5,test,0.15,7,64,21,0.328125
g_n24_e48_k2_mid_32,g_n24_e48_k2_mid_32_p0,test,0.05,3,64,0,0.0
g_n24_e48_k2_mid_32,g_n24_e48_k2_mid_32_p0,test,0.1,5,64,1,0.015625
g_n24_e48_k2_mid_32,g_n24_e48_k2_mid_32_p0,test,0.15,8,64,8,0.125
g_n24_e48_k2_mid_32,g_n24_e48_k2_mid_32_p3,test,0.05,3,64,1,0.015625
g_n24_e48_k2_mid_32,g_n24_e48_k2_mid_32_p3,test,0.1,5,64,4,0.0625
g_n24_e48_k2_mid_32,g_n24_e48_k2_mid_32_p3,test,0.15,7,64,9,0.140625
g_n24_e48_k2_mid_32,g_n24_e48_k2_mid_32_p5,test,0.05,3,64,2,0.03125
g_n24_e48_k2_mid_32,g_n24_e48_k2_mid_32_p5,test,0.1,5,64,8,0.125
g_n24_e48_k2_mid_32,g_n24_e48_k2_mid_32_p5,test,0.15,7,64,13,0.203125
g_n24_e48_k2_mid_33,g_n24_e48_k2_mid_33_p0,train,0.05,3,64,0,0.0
g_n24_e48_k2_mid_33,g_n24_e48_k2_mid_33_p0,train,0.1,5,64,1,0.015625
g_n24_e48_k2_mid_33,g_n24_e48_k2_mid_33_p0,train,0.15,8,64,9,0.140625
g_n24_e48_k2_mid_33,g_n24_e48_k2_mid_33_p3,train,0.05,3,64,10,0.15625
g_n24_e48_k2_mid_33,g_n24_e48_k2_mid_33_p3,train,0.1,5,64,17,0.265625
g_n24_e48_k2_mid_33,g_n24_e48_k2_mid_33_p3,train,0.15,7,64,25,0.390625
g_n24_e48_k2_mid_33,g_n24_e48_k2_mid_33_p5,train,0.05,3,64,25,0.390625
g_n24_e48_k2_mid_33,g_n24_e48_k2_mid_33_p5,train,0.1,5,64,34,0.53125
g_n24_e48_k2_mid_33,g_n24_e48_k2_mid_33_p5,train,0.15,7,64,40,0.625
g_n24_e48_k2_mid_34,g_n24_e48_k2_mid_34_p0,train,0.05,3,64,1,0.015625
g_n24_e48_k2_mid_34,g_n24_e48_k2_mid_34_p0,train,0.1,5,64,1,0.015625
g_n24_e48_k2_mid_34,g_n24_e48_k2_mid_34_p0,train,0.15,8,64,6,0.09375
g_n24_e48_k2_mid_34,g_n24_e48_k2_mid_34_p3,train,0.05,3,64,6,0.09375
g_n24_e48_k2_mid_34,g_n24_e48_k2_mid_34_p3,train,0.1,5,64,11,0.171875
g_n24_e48_k2_mid_34,g_n24_e48_k2_mid_34_p3,train,0.15,7,64,18,0.28125
g_n24_e48_k2_mid_34,g_n24_e48_k2_mid_34_p5,train,0.05,3,64,5,0.078125
g_n24_e48_k2_mid_34,g_n24_e48_k2_mid_34_p5,train,0.1,5,64,13,0.203125
g_n24_e48_k2_mid_34,g_n24_e48_k2_mid_34_p5,train,0.15,7,64,20,0.3125
g_n24_e48_k2_mid_35,g_n24_e48_k2_mid_35_p0,train,0.05,3,64,1,0.015625
g_n24_e48_k2_mid_35,g_n24_e48_k2_mid_35_p0,train,0.1,5,64,2,0.03125
g_n24_e48_k2_mid_35,g_n24_e48_k2_mid_35_p0,train,0.15,8,64,9,0.140625
g_n24_e48_k2_mid_35,g_n24_e48_k2_mid_35_p3,train,0.05,3,64,0,0.0
g_n24_e48_k2_mid_35,g_n24_e48_k2_mid_35_p3,train,0.1,5,64,6,0.09375
g_n24_e48_k2_mid_35,g_n24_e48_k2_mid_35_p3,train,0.15,7,64,11,0.171875
g_n24_e48_k2_mid_35,g_n24_e48_k2_mid_35_p5,train,0.05,3,64,9,0.140625
g_n24_e48_k2_mid_35,g_n24_e48_k2_mid_35_p5,train,0.1,5,64,22,0.34375
g_n24_e48_k2_mid_35,g_n24_e48_k2_mid_35_p5,train,0.15,7,64,30,0.46875
g_n24_e48_k2_mid_36,g_n24_e48_k2_mid_36_p0,test,0.05,3,64,1,0.015625
g_n24_e48_k2_mid_36,g_n24_e48_k2_mid_36_p0,test,0.1,5,64,1,0.015625
g_n24_e48_k2_mid_36,g_n24_e48_k2_mid_36_p0,test,0.15,8,64,3,0.046875
g_n24_e48_k2_mid_36,g_n24_e48_k2_mid_36_p3,test,0.05,3,64,0,0.0
g_n24_e48_k2_mid_36,g_n24_e48_k2_mid_36_p3,test,0.1,5,64,0,0.0
g_n24_e48_k2_mid_36,g_n24_e48_k2_mid_36_p3,test,0.15,7,64,3,0.046875
g_n24_e48_k2_mid_36,g_n24_e48_k2_mid_36_p5,test,0.05,3,64,5,0.078125
g_n24_e48_k2_mid_36,g_n24_e48_k2_mid_36_p5,test,0.1,5,64,6,0.09375
g_n24_e48_k2_mid_36,g_n24_e48_k2_mid_36_p5,test,0.15,7,64,15,0.234375
g_n24_e48_k2_mid_37,g_n24_e48_k2_mid_37_p0,train,0.05,3,64,1,0.015625
g_n24_e48_k2_mid_37,g_n24_e48_k2_mid_37_p0,train,0.1,5,64,1,0.015625
g_n24_e48_k2_mid_37,g_n24_e48_k2_mid_37_p0,train,0.15,8,64,7,0.109375
g_n24_e48_k2_mid_37,g_n24_e48_k2_mid_37_p3,train,0.05,3,64,0,0.0
g_n24_e48_k2_mid_37,g_n24_e48_k2_mid_37_p3,train,0.1,5,64,3,0.046875
g_n24_e48_k2_mid_37,g_n24_e48_k2_mid_37_p3,train,0.15,7,64,7,0.109375
g_n24_e48_k2_mid_37,g_n24_e48_k2_mid_37_p5,train,0.05,3,64,9,0.140625
g_n24_e48_k2_mid_37,g_n24_e48_k2_mid_37_p5,train,0.1,5,64,18,0.28125
g_n24_e48_k2_mid_37,g_n24_e48_k2_mid_37_p5,train,0.15,7,64,26,0.40625
g_n24_e48_k2_mid_38,g_n24_e48_k2_mid_38_p0,validation,0.05,3,64,1,0.015625
g_n24_e48_k2_mid_38,g_n24_e48_k2_mid_38_p0,validation,0.1,5,64,5,0.078125
g_n24_e48_k2_mid_38,g_n24_e48_k2_mid_38_p0,validation,0.15,8,64,9,0.140625
g_n24_e48_k2_mid_38,g_n24_e48_k2_mid_38_p3,validation,0.05,3,64,0,0.0
g_n24_e48_k2_mid_38,g_n24_e48_k2_mid_38_p3,validation,0.1,5,64,3,0.046875
g_n24_e48_k2_mid_38,g_n24_e48_k2_mid_38_p3,validation,0.15,7,64,5,0.078125
g_n24_e48_k2_mid_38,g_n24_e48_k2_mid_38_p5,validation,0.05,3,64,8,0.125
g_n24_e48_k2_mid_38,g_n24_e48_k2_mid_38_p5,validation,0.1,5,64,13,0.203125
g_n24_e48_k2_mid_38,g_n24_e48_k2_mid_38_p5,validation,0.15,7,64,20,0.3125
g_n24_e48_k2_mid_39,g_n24_e48_k2_mid_39_p0,test,0.05,3,64,1,0.015625
g_n24_e48_k2_mid_39,g_n24_e48_k2_mid_39_p0,test,0.1,5,64,2,0.03125
g_n24_e48_k2_mid_39,g_n24_e48_k2_mid_39_p0,test,0.15,8,64,9,0.140625
g_n24_e48_k2_mid_39,g_n24_e48_k2_mid_39_p3,test,0.05,3,64,3,0.046875
g_n24_e48_k2_mid_39,g_n24_e48_k2_mid_39_p3,test,0.1,5,64,14,0.21875
g_n24_e48_k2_mid_39,g_n24_e48_k2_mid_39_p3,test,0.15,7,64,21,0.328125
g_n24_e48_k2_mid_39,g_n24_e48_k2_mid_39_p5,test,0.05,3,64,8,0.125
g_n24_e48_k2_mid_39,g_n24_e48_k2_mid_39_p5,test,0.1,5,64,16,0.25
g_n24_e48_k2_mid_39,g_n24_e48_k2_mid_39_p5,test,0.15,7,64,24,0.375
g_n24_e48_k2_mid_40,g_n24_e48_k2_mid_40_p0,train,0.05,3,64,0,0.0
g_n24_e48_k2_mid_40,g_n24_e48_k2_mid_40_p0,train,0.1,5,64,2,0.03125
g_n24_e48_k2_mid_40,g_n24_e48_k2_mid_40_p0,train,0.15,8,64,4,0.0625
g_n24_e48_k2_mid_40,g_n24_e48_k2_mid_40_p3,train,0.05,3,64,9,0.140625
g_n24_e48_k2_mid_40,g_n24_e48_k2_mid_40_p3,train,0.1,5,64,16,0.25
g_n24_e48_k2_mid_40,g_n24_e48_k2_mid_40_p3,train,0.15,7,64,20,0.3125
g_n24_e48_k2_mid_40,g_n24_e48_k2_mid_40_p5,train,0.05,3,64,6,0.09375
g_n24_e48_k2_mid_40,g_n24_e48_k2_mid_40_p5,train,0.1,5,64,14,0.21875
g_n24_e48_k2_mid_40,g_n24_e48_k2_mid_40_p5,train,0.15,7,64,23,0.359375
g_n24_e48_k2_mid_41,g_n24_e48_k2_mid_41_p0,train,0.05,3,64,1,0.015625
g_n24_e48_k2_mid_41,g_n24_e48_k2_mid_41_p0,train,0.1,5,64,2,0.03125
g_n24_e48_k2_mid_41,g_n24_e48_k2_mid_41_p0,train,0.15,8,64,7,0.109375
g_n24_e48_k2_mid_41,g_n24_e48_k2_mid_41_p3,train,0.05,3,64,2,0.03125
g_n24_e48_k2_mid_41,g_n24_e48_k2_mid_41_p3,train,0.1,5,64,3,0.046875
g_n24_e48_k2_mid_41,g_n24_e48_k2_mid_41_p3,train,0.15,7,64,7,0.109375
g_n24_e48_k2_mid_41,g_n24_e48_k2_mid_41_p5,train,0.05,3,64,4,0.0625
g_n24_e48_k2_mid_41,g_n24_e48_k2_mid_41_p5,train,0.1,5,64,11,0.171875
g_n24_e48_k2_mid_41,g_n24_e48_k2_mid_41_p5,train,0.15,7,64,18,0.28125
g_n24_e48_k2_mid_42,g_n24_e48_k2_mid_42_p0,validation,0.05,3,64,1,0.015625
g_n24_e48_k2_mid_42,g_n24_e48_k2_mid_42_p0,validation,0.1,5,64,2,0.03125
g_n24_e48_k2_mid_42,g_n24_e48_k2_mid_42_p0,validation,0.15,8,64,16,0.25
g_n24_e48_k2_mid_42,g_n24_e48_k2_mid_42_p3,validation,0.05,3,64,4,0.0625
g_n24_e48_k2_mid_42,g_n24_e48_k2_mid_42_p3,validation,0.1,5,64,9,0.140625
g_n24_e48_k2_mid_42,g_n24_e48_k2_mid_42_p3,validation,0.15,7,64,16,0.25
g_n24_e48_k2_mid_42,g_n24_e48_k2_mid_42_p5,validation,0.05,3,64,8,0.125
g_n24_e48_k2_mid_42,g_n24_e48_k2_mid_42_p5,validation,0.1,5,64,13,0.203125
g_n24_e48_k2_mid_42,g_n24_e48_k2_mid_42_p5,validation,0.15,7,64,18,0.28125
g_n24_e48_k2_mid_43,g_n24_e48_k2_mid_43_p0,validation,0.05,3,64,0,0.0
g_n24_e48_k2_mid_43,g_n24_e48_k2_mid_43_p0,validation,0.1,5,64,3,0.046875
g_n24_e48_k2_mid_43,g_n24_e48_k2_mid_43_p0,validation,0.15,8,64,11,0.171875
g_n24_e48_k2_mid_43,g_n24_e48_k2_mid_43_p3,validation,0.05,3,64,8,0.125
g_n24_e48_k2_mid_43,g_n24_e48_k2_mid_43_p3,validation,0.1,5,64,16,0.25
g_n24_e48_k2_mid_43,g_n24_e48_k2_mid_43_p3,validation,0.15,7,64,21,0.328125
g_n24_e48_k2_mid_43,g_n24_e48_k2_mid_43_p5,validation,0.05,3,64,1,0.015625
g_n24_e48_k2_mid_43,g_n24_e48_k2_mid_43_p5,validation,0.1,5,64,8,0.125
g_n24_e48_k2_mid_43,g_n24_e48_k2_mid_43_p5,validation,0.15,7,64,20,0.3125
g_n24_e48_k2_mid_44,g_n24_e48_k2_mid_44_p0,train,0.05,3,64,0,0.0
g_n24_e48_k2_mid_44,g_n24_e48_k2_mid_44_p0,train,0.1,5,64,2,0.03125
g_n24_e48_k2_mid_44,g_n24_e48_k2_mid_44_p0,train,0.15,8,64,7,0.109375
g_n24_e48_k2_mid_44,g_n24_e48_k2_mid_44_p3,train,0.05,3,64,1,0.015625
g_n24_e48_k2_mid_44,g_n24_e48_k2_mid_44_p3,train,0.1,5,64,3,0.046875
g_n24_e48_k2_mid_44,g_n24_e48_k2_mid_44_p3,train,0.15,7,64,10,0.15625
g_n24_e48_k2_mid_44,g_n24_e48_k2_mid_44_p5,train,0.05,3,64,6,0.09375
g_n24_e48_k2_mid_44,g_n24_e48_k2_mid_44_p5,train,0.1,5,64,14,0.21875
g_n24_e48_k2_mid_44,g_n24_e48_k2_mid_44_p5,train,0.15,7,64,21,0.328125
g_n24_e48_k2_mid_45,g_n24_e48_k2_mid_45_p0,test,0.05,3,64,0,0.0
g_n24_e48_k2_mid_45,g_n24_e48_k2_mid_45_p0,test,0.1,5,64,0,0.0
g_n24_e48_k2_mid_45,g_n24_e48_k2_mid_45_p0,test,0.15,8,64,8,0.125
g_n24_e48_k2_mid_45,g_n24_e48_k2_mid_45_p3,test,0.05,3,64,4,0.0625
g_n24_e48_k2_mid_45,g_n24_e48_k2_mid_45_p3,test,0.1,5,64,6,0.09375
g_n24_e48_k2_mid_45,g_n24_e48_k2_mid_45_p3,test,0.15,7,64,12,0.1875
g_n24_e48_k2_mid_45,g_n24_e48_k2_mid_45_p5,test,0.05,3,64,4,0.0625
g_n24_e48_k2_mid_45,g_n24_e48_k2_mid_45_p5,test,0.1,5,64,11,0.171875
g_n24_e48_k2_mid_45,g_n24_e48_k2_mid_45_p5,test,0.15,7,64,19,0.296875
g_n24_e48_k2_mid_46,g_n24_e48_k2_mid_46_p0,train,0.05,3,64,0,0.0
g_n24_e48_k2_mid_46,g_n24_e48_k2_mid_46_p0,train,0.1,5,64,4,0.0625
g_n24_e48_k2_mid_46,g_n24_e48_k2_mid_46_p0,train,0.15,8,64,7,0.109375
g_n24_e48_k2_mid_46,g_n24_e48_k2_mid_46_p3,train,0.05,3,64,3,0.046875
g_n24_e48_k2_mid_46,g_n24_e48_k2_mid_46_p3,train,0.1,5,64,6,0.09375
g_n24_e48_k2_mid_46,g_n24_e48_k2_mid_46_p3,train,0.15,7,64,12,0.1875
g_n24_e48_k2_mid_46,g_n24_e48_k2_mid_46_p5,train,0.05,3,64,11,0.171875
g_n24_e48_k2_mid_46,g_n24_e48_k2_mid_46_p5,train,0.1,5,64,15,0.234375
g_n24_e48_k2_mid_46,g_n24_e48_k2_mid_46_p5,train,0.15,7,64,25,0.390625
g_n24_e48_k2_mid_47,g_n24_e48_k2_mid_47_p0,train,0.05,3,64,1,0.015625
g_n24_e48_k2_mid_47,g_n24_e48_k2_mid_47_p0,train,0.1,5,64,1,0.015625
g_n24_e48_k2_mid_47,g_n24_e48_k2_mid_47_p0,train,0.15,8,64,3,0.046875
g_n24_e48_k2_mid_47,g_n24_e48_k2_mid_47_p3,train,0.05,3,64,7,0.109375
g_n24_e48_k2_mid_47,g_n24_e48_k2_mid_47_p3,train,0.1,5,64,10,0.15625
g_n24_e48_k2_mid_47,g_n24_e48_k2_mid_47_p3,train,0.15,7,64,18,0.28125
g_n24_e48_k2_mid_47,g_n24_e48_k2_mid_47_p5,train,0.05,3,64,2,0.03125
g_n24_e48_k2_mid_47,g_n24_e48_k2_mid_47_p5,train,0.1,5,64,8,0.125
g_n24_e48_k2_mid_47,g_n24_e48_k2_mid_47_p5,train,0.15,7,64,11,0.171875
g_n24_e48_k2_mid_48,g_n24_e48_k2_mid_48_p0,train,0.05,3,64,0,0.0
g_n24_e48_k2_mid_48,g_n24_e48_k2_mid_48_p0,train,0.1,5,64,0,0.0
g_n24_e48_k2_mid_48,g_n24_e48_k2_mid_48_p0,train,0.15,8,64,4,0.0625
g_n24_e48_k2_mid_48,g_n24_e48_k2_mid_48_p3,train,0.05,3,64,2,0.03125
g_n24_e48_k2_mid_48,g_n24_e48_k2_mid_48_p3,train,0.1,5,64,4,0.0625
g_n24_e48_k2_mid_48,g_n24_e48_k2_mid_48_p3,train,0.15,7,64,9,0.140625
g_n24_e48_k2_mid_48,g_n24_e48_k2_mid_48_p5,train,0.05,3,64,6,0.09375
g_n24_e48_k2_mid_48,g_n24_e48_k2_mid_48_p5,train,0.1,5,64,11,0.171875
g_n24_e48_k2_mid_48,g_n24_e48_k2_mid_48_p5,train,0.15,7,64,16,0.25
g_n24_e48_k2_mid_49,g_n24_e48_k2_mid_49_p0,train,0.05,3,64,0,0.0
g_n24_e48_k2_mid_49,g_n24_e48_k2_mid_49_p0,train,0.1,5,64,3,0.046875
g_n24_e48_k2_mid_49,g_n24_e48_k2_mid_49_p0,train,0.15,8,64,8,0.125
g_n24_e48_k2_mid_49,g_n24_e48_k2_mid_49_p3,train,0.05,3,64,2,0.03125
g_n24_e48_k2_mid_49,g_n24_e48_k2_mid_49_p3,train,0.1,5,64,4,0.0625
g_n24_e48_k2_mid_49,g_n24_e48_k2_mid_49_p3,train,0.15,7,64,11,0.171875
g_n24_e48_k2_mid_49,g_n24_e48_k2_mid_49_p5,train,0.05,3,64,7,0.109375
g_n24_e48_k2_mid_49,g_n24_e48_k2_mid_49_p5,train,0.1,5,64,11,0.171875
g_n24_e48_k2_mid_49,g_n24_e48_k2_mid_49_p5,train,0.15,7,64,19,0.296875
g_n24_e48_k2_mid_50,g_n24_e48_k2_mid_50_p0,validation,0.05,3,64,2,0.03125
g_n24_e48_k2_mid_50,g_n24_e48_k2_mid_50_p0,validation,0.1,5,64,3,0.046875
g_n24_e48_k2_mid_50,g_n24_e48_k2_mid_50_p0,validation,0.15,8,64,8,0.125
g_n24_e48_k2_mid_50,g_n24_e48_k2_mid_50_p3,validation,0.05,3,64,0,0.0
g_n24_e48_k2_mid_50,g_n24_e48_k2_mid_50_p3,validation,0.1,5,64,4,0.0625
g_n24_e48_k2_mid_50,g_n24_e48_k2_mid_50_p3,validation,0.15,7,64,9,0.140625
g_n24_e48_k2_mid_50,g_n24_e48_k2_mid_50_p5,validation,0.05,3,64,5,0.078125
g_n24_e48_k2_mid_50,g_n24_e48_k2_mid_50_p5,validation,0.1,5,64,10,0.15625
g_n24_e48_k2_mid_50,g_n24_e48_k2_mid_50_p5,validation,0.15,7,64,16,0.25
g_n24_e48_k2_mid_51,g_n24_e48_k2_mid_51_p0,train,0.05,3,64,0,0.0
g_n24_e48_k2_mid_51,g_n24_e48_k2_mid_51_p0,train,0.1,5,64,1,0.015625
g_n24_e48_k2_mid_51,g_n24_e48_k2_mid_51_p0,train,0.15,8,64,7,0.109375
g_n24_e48_k2_mid_51,g_n24_e48_k2_mid_51_p3,train,0.05,3,64,2,0.03125
g_n24_e48_k2_mid_51,g_n24_e48_k2_mid_51_p3,train,0.1,5,64,2,0.03125
g_n24_e48_k2_mid_51,g_n24_e48_k2_mid_51_p3,train,0.15,7,64,6,0.09375
g_n24_e48_k2_mid_51,g_n24_e48_k2_mid_51_p5,train,0.05,3,64,10,0.15625
g_n24_e48_k2_mid_51,g_n24_e48_k2_mid_51_p5,train,0.1,5,64,16,0.25
g_n24_e48_k2_mid_51,g_n24_e48_k2_mid_51_p5,train,0.15,7,64,23,0.359375
g_n24_e48_k2_mid_52,g_n24_e48_k2_mid_52_p0,train,0.05,3,64,1,0.015625
g_n24_e48_k2_mid_52,g_n24_e48_k2_mid_52_p0,train,0.1,5,64,3,0.046875
g_n24_e48_k2_mid_52,g_n24_e48_k2_mid_52_p0,train,0.15,8,64,8,0.125
g_n24_e48_k2_mid_52,g_n24_e48_k2_mid_52_p3,train,0.05,3,64,6,0.09375
g_n24_e48_k2_mid_52,g_n24_e48_k2_mid_52_p3,train,0.1,5,64,9,0.140625
g_n24_e48_k2_mid_52,g_n24_e48_k2_mid_52_p3,train,0.15,7,64,15,0.234375
g_n24_e48_k2_mid_52,g_n24_e48_k2_mid_52_p5,train,0.05,3,64,2,0.03125
g_n24_e48_k2_mid_52,g_n24_e48_k2_mid_52_p5,train,0.1,5,64,9,0.140625
g_n24_e48_k2_mid_52,g_n24_e48_k2_mid_52_p5,train,0.15,7,64,14,0.21875
g_n24_e48_k2_mid_53,g_n24_e48_k2_mid_53_p0,validation,0.05,3,64,0,0.0
g_n24_e48_k2_mid_53,g_n24_e48_k2_mid_53_p0,validation,0.1,5,64,1,0.015625
g_n24_e48_k2_mid_53,g_n24_e48_k2_mid_53_p0,validation,0.15,8,64,3,0.046875
g_n24_e48_k2_mid_53,g_n24_e48_k2_mid_53_p3,validation,0.05,3,64,11,0.171875
g_n24_e48_k2_mid_53,g_n24_e48_k2_mid_53_p3,validation,0.1,5,64,19,0.296875
g_n24_e48_k2_mid_53,g_n24_e48_k2_mid_53_p3,validation,0.15,7,64,34,0.53125
g_n24_e48_k2_mid_53,g_n24_e48_k2_mid_53_p5,validation,0.05,3,64,2,0.03125
g_n24_e48_k2_mid_53,g_n24_e48_k2_mid_53_p5,validation,0.1,5,64,5,0.078125
g_n24_e48_k2_mid_53,g_n24_e48_k2_mid_53_p5,validation,0.15,7,64,13,0.203125
g_n24_e48_k2_mid_54,g_n24_e48_k2_mid_54_p0,validation,0.05,3,64,0,0.0
g_n24_e48_k2_mid_54,g_n24_e48_k2_mid_54_p0,validation,0.1,5,64,2,0.03125
g_n24_e48_k2_mid_54,g_n24_e48_k2_mid_54_p0,validation,0.15,8,64,9,0.140625
g_n24_e48_k2_mid_54,g_n24_e48_k2_mid_54_p3,validation,0.05,3,64,0,0.0
g_n24_e48_k2_mid_54,g_n24_e48_k2_mid_54_p3,validation,0.1,5,64,1,0.015625
g_n24_e48_k2_mid_54,g_n24_e48_k2_mid_54_p3,validation,0.15,7,64,5,0.078125
g_n24_e48_k2_mid_54,g_n24_e48_k2_mid_54_p5,validation,0.05,3,64,1,0.015625
g_n24_e48_k2_mid_54,g_n24_e48_k2_mid_54_p5,validation,0.1,5,64,4,0.0625
g_n24_e48_k2_mid_54,g_n24_e48_k2_mid_54_p5,validation,0.15,7,64,10,0.15625
g_n24_e48_k2_mid_55,g_n24_e48_k2_mid_55_p0,train,0.05,3,64,1,0.015625
g_n24_e48_k2_mid_55,g_n24_e48_k2_mid_55_p0,train,0.1,5,64,4,0.0625
g_n24_e48_k2_mid_55,g_n24_e48_k2_mid_55_p0,train,0.15,8,64,11,0.171875
g_n24_e48_k2_mid_55,g_n24_e48_k2_mid_55_p3,train,0.05,3,64,2,0.03125
g_n24_e48_k2_mid_55,g_n24_e48_k2_mid_55_p3,train,0.1,5,64,7,0.109375
g_n24_e48_k2_mid_55,g_n24_e48_k2_mid_55_p3,train,0.15,7,64,10,0.15625
g_n24_e48_k2_mid_55,g_n24_e48_k2_mid_55_p5,train,0.05,3,64,10,0.15625
g_n24_e48_k2_mid_55,g_n24_e48_k2_mid_55_p5,train,0.1,5,64,19,0.296875
g_n24_e48_k2_mid_55,g_n24_e48_k2_mid_55_p5,train,0.15,7,64,25,0.390625
g_n24_e48_k2_mid_56,g_n24_e48_k2_mid_56_p0,test,0.05,3,64,1,0.015625
g_n24_e48_k2_mid_56,g_n24_e48_k2_mid_56_p0,test,0.1,5,64,2,0.03125
g_n24_e48_k2_mid_56,g_n24_e48_k2_mid_56_p0,test,0.15,8,64,9,0.140625
g_n24_e48_k2_mid_56,g_n24_e48_k2_mid_56_p3,test,0.05,3,64,3,0.046875
g_n24_e48_k2_mid_56,g_n24_e48_k2_mid_56_p3,test,0.1,5,64,7,0.109375
g_n24_e48_k2_mid_56,g_n24_e48_k2_mid_56_p3,test,0.15,7,64,10,0.15625
g_n24_e48_k2_mid_56,g_n24_e48_k2_mid_56_p5,test,0.05,3,64,4,0.0625
g_n24_e48_k2_mid_56,g_n24_e48_k2_mid_56_p5,test,0.1,5,64,10,0.15625
g_n24_e48_k2_mid_56,g_n24_e48_k2_mid_56_p5,test,0.15,7,64,18,0.28125
g_n24_e48_k2_mid_57,g_n24_e48_k2_mid_57_p0,train,0.05,3,64,1,0.015625
g_n24_e48_k2_mid_57,g_n24_e48_k2_mid_57_p0,train,0.1,5,64,3,0.046875
g_n24_e48_k2_mid_57,g_n24_e48_k2_mid_57_p0,train,0.15,8,64,9,0.140625
g_n24_e48_k2_mid_57,g_n24_e48_k2_mid_57_p3,train,0.05,3,64,1,0.015625
g_n24_e48_k2_mid_57,g_n24_e48_k2_mid_57_p3,train,0.1,5,64,4,0.0625
g_n24_e48_k2_mid_57,g_n24_e48_k2_mid_57_p3,train,0.15,7,64,9,0.140625
g_n24_e48_k2_mid_57,g_n24_e48_k2_mid_57_p5,train,0.05,3,64,4,0.0625
g_n24_e48_k2_mid_57,g_n24_e48_k2_mid_57_p5,train,0.1,5,64,7,0.109375
g_n24_e48_k2_mid_57,g_n24_e48_k2_mid_57_p5,train,0.15,7,64,17,0.265625
g_n24_e48_k2_mid_58,g_n24_e48_k2_mid_58_p0,train,0.05,3,64,0,0.0
g_n24_e48_k2_mid_58,g_n24_e48_k2_mid_58_p0,train,0.1,5,64,2,0.03125
g_n24_e48_k2_mid_58,g_n24_e48_k2_mid_58_p0,train,0.15,8,64,6,0.09375
g_n24_e48_k2_mid_58,g_n24_e48_k2_mid_58_p3,train,0.05,3,64,1,0.015625
g_n24_e48_k2_mid_58,g_n24_e48_k2_mid_58_p3,train,0.1,5,64,6,0.09375
g_n24_e48_k2_mid_58,g_n24_e48_k2_mid_58_p3,train,0.15,7,64,12,0.1875
g_n24_e48_k2_mid_58,g_n24_e48_k2_mid_58_p5,train,0.05,3,64,7,0.109375
g_n24_e48_k2_mid_58,g_n24_e48_k2_mid_58_p5,train,0.1,5,64,14,0.21875
g_n24_e48_k2_mid_58,g_n24_e48_k2_mid_58_p5,train,0.15,7,64,24,0.375
g_n24_e48_k2_mid_59,g_n24_e48_k2_mid_59_p0,train,0.05,3,64,0,0.0
g_n24_e48_k2_mid_59,g_n24_e48_k2_mid_59_p0,train,0.1,5,64,1,0.015625
g_n24_e48_k2_mid_59,g_n24_e48_k2_mid_59_p0,train,0.15,8,64,4,0.0625
g_n24_e48_k2_mid_59,g_n24_e48_k2_mid_59_p3,train,0.05,3,64,4,0.0625
g_n24_e48_k2_mid_59,g_n24_e48_k2_mid_59_p3,train,0.1,5,64,12,0.1875
g_n24_e48_k2_mid_59,g_n24_e48_k2_mid_59_p3,train,0.15,7,64,17,0.265625
g_n24_e48_k2_mid_59,g_n24_e48_k2_mid_59_p5,train,0.05,3,64,11,0.171875
g_n24_e48_k2_mid_59,g_n24_e48_k2_mid_59_p5,train,0.1,5,64,18,0.28125
g_n24_e48_k2_mid_59,g_n24_e48_k2_mid_59_p5,train,0.15,7,64,23,0.359375
g_n24_e48_k2_high_60,g_n24_e48_k2_high_60_p0,validation,0.05,3,64,2,0.03125
g_n24_e48_k2_high_60,g_n24_e48_k2_high_60_p0,validation,0.1,5,64,6,0.09375
g_n24_e48_k2_high_60,g_n24_e48_k2_high_60_p0,validation,0.15,8,64,10,0.15625
g_n24_e48_k2_high_60,g_n24_e48_k2_high_60_p3,validation,0.05,3,64,1,0.015625
g_n24_e48_k2_high_60,g_n24_e48_k2_high_60_p3,validation,0.1,5,64,3,0.046875
g_n24_e48_k2_high_60,g_n24_e48_k2_high_60_p3,validation,0.15,7,64,7,0.109375
g_n24_e48_k2_high_60,g_n24_e48_k2_high_60_p5,validation,0.05,3,64,10,0.15625
g_n24_e48_k2_high_60,g_n24_e48_k2_high_60_p5,validation,0.1,5,64,14,0.21875
g_n24_e48_k2_high_60,g_n24_e48_k2_high_60_p5,validation,0.15,7,64,26,0.40625
g_n24_e48_k2_high_61,g_n24_e48_k2_high_61_p0,train,0.05,3,64,1,0.015625
g_n24_e48_k2_high_61,g_n24_e48_k2_high_61_p0,train,0.1,5,64,2,0.03125
g_n24_e48_k2_high_61,g_n24_e48_k2_high_61_p0,train,0.15,8,64,7,0.109375
g_n24_e48_k2_high_61,g_n24_e48_k2_high_61_p3,train,0.05,3,64,0,0.0
g_n24_e48_k2_high_61,g_n24_e48_k2_high_61_p3,train,0.1,5,64,2,0.03125
g_n24_e48_k2_high_61,g_n24_e48_k2_high_61_p3,train,0.15,7,64,6,0.09375
g_n24_e48_k2_high_61,g_n24_e48_k2_high_61_p5,train,0.05,3,64,5,0.078125
g_n24_e48_k2_high_61,g_n24_e48_k2_high_61_p5,train,0.1,5,64,12,0.1875
g_n24_e48_k2_high_61,g_n24_e48_k2_high_61_p5,train,0.15,7,64,19,0.296875
g_n24_e48_k2_high_62,g_n24_e48_k2_high_62_p0,train,0.05,3,64,0,0.0
g_n24_e48_k2_high_62,g_n24_e48_k2_high_62_p0,train,0.1,5,64,1,0.015625
g_n24_e48_k2_high_62,g_n24_e48_k2_high_62_p0,train,0.15,8,64,4,0.0625
g_n24_e48_k2_high_62,g_n24_e48_k2_high_62_p3,train,0.05,3,64,3,0.046875
g_n24_e48_k2_high_62,g_n24_e48_k2_high_62_p3,train,0.1,5,64,6,0.09375
g_n24_e48_k2_high_62,g_n24_e48_k2_high_62_p3,train,0.15,7,64,8,0.125
g_n24_e48_k2_high_62,g_n24_e48_k2_high_62_p5,train,0.05,3,64,6,0.09375
g_n24_e48_k2_high_62,g_n24_e48_k2_high_62_p5,train,0.1,5,64,15,0.234375
g_n24_e48_k2_high_62,g_n24_e48_k2_high_62_p5,train,0.15,7,64,26,0.40625
g_n24_e48_k2_high_63,g_n24_e48_k2_high_63_p0,test,0.05,3,64,0,0.0
g_n24_e48_k2_high_63,g_n24_e48_k2_high_63_p0,test,0.1,5,64,2,0.03125
g_n24_e48_k2_high_63,g_n24_e48_k2_high_63_p0,test,0.15,8,64,6,0.09375
g_n24_e48_k2_high_63,g_n24_e48_k2_high_63_p3,test,0.05,3,64,1,0.015625
g_n24_e48_k2_high_63,g_n24_e48_k2_high_63_p3,test,0.1,5,64,2,0.03125
g_n24_e48_k2_high_63,g_n24_e48_k2_high_63_p3,test,0.15,7,64,7,0.109375
g_n24_e48_k2_high_63,g_n24_e48_k2_high_63_p5,test,0.05,3,64,7,0.109375
g_n24_e48_k2_high_63,g_n24_e48_k2_high_63_p5,test,0.1,5,64,15,0.234375
g_n24_e48_k2_high_63,g_n24_e48_k2_high_63_p5,test,0.15,7,64,24,0.375
g_n24_e48_k2_high_64,g_n24_e48_k2_high_64_p0,validation,0.05,3,64,0,0.0
g_n24_e48_k2_high_64,g_n24_e48_k2_high_64_p0,validation,0.1,5,64,1,0.015625
g_n24_e48_k2_high_64,g_n24_e48_k2_high_64_p0,validation,0.15,8,64,7,0.109375
g_n24_e48_k2_high_64,g_n24_e48_k2_high_64_p3,validation,0.05,3,64,2,0.03125
g_n24_e48_k2_high_64,g_n24_e48_k2_high_64_p3,validation,0.1,5,64,4,0.0625
g_n24_e48_k2_high_64,g_n24_e48_k2_high_64_p3,validation,0.15,7,64,9,0.140625
g_n24_e48_k2_high_64,g_n24_e48_k2_high_64_p5,validation,0.05,3,64,4,0.0625
g_n24_e48_k2_high_64,g_n24_e48_k2_high_64_p5,validation,0.1,5,64,7,0.109375
g_n24_e48_k2_high_64,g_n24_e48_k2_high_64_p5,validation,0.15,7,64,12,0.1875
g_n24_e48_k2_high_65,g_n24_e48_k2_high_65_p0,validation,0.05,3,64,1,0.015625
g_n24_e48_k2_high_65,g_n24_e48_k2_high_65_p0,validation,0.1,5,64,1,0.015625
g_n24_e48_k2_high_65,g_n24_e48_k2_high_65_p0,validation,0.15,8,64,10,0.15625
g_n24_e48_k2_high_65,g_n24_e48_k2_high_65_p3,validation,0.05,3,64,0,0.0
g_n24_e48_k2_high_65,g_n24_e48_k2_high_65_p3,validation,0.1,5,64,2,0.03125
g_n24_e48_k2_high_65,g_n24_e48_k2_high_65_p3,validation,0.15,7,64,6,0.09375
g_n24_e48_k2_high_65,g_n24_e48_k2_high_65_p5,validation,0.05,3,64,2,0.03125
g_n24_e48_k2_high_65,g_n24_e48_k2_high_65_p5,validation,0.1,5,64,4,0.0625
g_n24_e48_k2_high_65,g_n24_e48_k2_high_65_p5,validation,0.15,7,64,7,0.109375
g_n24_e48_k2_high_66,g_n24_e48_k2_high_66_p0,train,0.05,3,64,0,0.0
g_n24_e48_k2_high_66,g_n24_e48_k2_high_66_p0,train,0.1,5,64,1,0.015625
g_n24_e48_k2_high_66,g_n24_e48_k2_high_66_p0,train,0.15,8,64,6,0.09375
g_n24_e48_k2_high_66,g_n24_e48_k2_high_66_p3,train,0.05,3,64,0,0.0
g_n24_e48_k2_high_66,g_n24_e48_k2_high_66_p3,train,0.1,5,64,2,0.03125
g_n24_e48_k2_high_66,g_n24_e48_k2_high_66_p3,train,0.15,7,64,6,0.09375
g_n24_e48_k2_high_66,g_n24_e48_k2_high_66_p5,train,0.05,3,64,6,0.09375
g_n24_e48_k2_high_66,g_n24_e48_k2_high_66_p5,train,0.1,5,64,12,0.1875
g_n24_e48_k2_high_66,g_n24_e48_k2_high_66_p5,train,0.15,7,64,23,0.359375
g_n24_e48_k2_high_67,g_n24_e48_k2_high_67_p0,train,0.05,3,64,1,0.015625
g_n24_e48_k2_high_67,g_n24_e48_k2_high_67_p0,train,0.1,5,64,4,0.0625
g_n24_e48_k2_high_67,g_n24_e48_k2_high_67_p0,train,0.15,8,64,9,0.140625
g_n24_e48_k2_high_67,g_n24_e48_k2_high_67_p3,train,0.05,3,64,5,0.078125
g_n24_e48_k2_high_67,g_n24_e48_k2_high_67_p3,train,0.1,5,64,12,0.1875
g_n24_e48_k2_high_67,g_n24_e48_k2_high_67_p3,train,0.15,7,64,18,0.28125
g_n24_e48_k2_high_67,g_n24_e48_k2_high_67_p5,train,0.05,3,64,10,0.15625
g_n24_e48_k2_high_67,g_n24_e48_k2_high_67_p5,train,0.1,5,64,16,0.25
g_n24_e48_k2_high_67,g_n24_e48_k2_high_67_p5,train,0.15,7,64,27,0.421875
g_n24_e48_k2_high_68,g_n24_e48_k2_high_68_p0,train,0.05,3,64,1,0.015625
g_n24_e48_k2_high_68,g_n24_e48_k2_high_68_p0,train,0.1,5,64,2,0.03125
g_n24_e48_k2_high_68,g_n24_e48_k2_high_68_p0,train,0.15,8,64,7,0.109375
g_n24_e48_k2_high_68,g_n24_e48_k2_high_68_p3,train,0.05,3,64,2,0.03125
g_n24_e48_k2_high_68,g_n24_e48_k2_high_68_p3,train,0.1,5,64,4,0.0625
g_n24_e48_k2_high_68,g_n24_e48_k2_high_68_p3,train,0.15,7,64,7,0.109375
g_n24_e48_k2_high_68,g_n24_e48_k2_high_68_p5,train,0.05,3,64,5,0.078125
g_n24_e48_k2_high_68,g_n24_e48_k2_high_68_p5,train,0.1,5,64,13,0.203125
g_n24_e48_k2_high_68,g_n24_e48_k2_high_68_p5,train,0.15,7,64,18,0.28125
g_n24_e48_k2_high_69,g_n24_e48_k2_high_69_p0,test,0.05,3,64,2,0.03125
g_n24_e48_k2_high_69,g_n24_e48_k2_high_69_p0,test,0.1,5,64,3,0.046875
g_n24_e48_k2_high_69,g_n24_e48_k2_high_69_p0,test,0.15,8,64,6,0.09375
g_n24_e48_k2_high_69,g_n24_e48_k2_high_69_p3,test,0.05,3,64,11,0.171875
g_n24_e48_k2_high_69,g_n24_e48_k2_high_69_p3,test,0.1,5,64,20,0.3125
g_n24_e48_k2_high_69,g_n24_e48_k2_high_69_p3,test,0.15,7,64,26,0.40625
g_n24_e48_k2_high_69,g_n24_e48_k2_high_69_p5,test,0.05,3,64,4,0.0625
g_n24_e48_k2_high_69,g_n24_e48_k2_high_69_p5,test,0.1,5,64,12,0.1875
g_n24_e48_k2_high_69,g_n24_e48_k2_high_69_p5,test,0.15,7,64,25,0.390625
g_n24_e48_k2_high_70,g_n24_e48_k2_high_70_p0,test,0.05,3,64,0,0.0
g_n24_e48_k2_high_70,g_n24_e48_k2_high_70_p0,test,0.1,5,64,1,0.015625
g_n24_e48_k2_high_70,g_n24_e48_k2_high_70_p0,test,0.15,8,64,12,0.1875
g_n24_e48_k2_high_70,g_n24_e48_k2_high_70_p3,test,0.05,3,64,3,0.046875
g_n24_e48_k2_high_70,g_n24_e48_k2_high_70_p3,test,0.1,5,64,4,0.0625
g_n24_e48_k2_high_70,g_n24_e48_k2_high_70_p3,test,0.15,7,64,10,0.15625
g_n24_e48_k2_high_70,g_n24_e48_k2_high_70_p5,test,0.05,3,64,9,0.140625
g_n24_e48_k2_high_70,g_n24_e48_k2_high_70_p5,test,0.1,5,64,17,0.265625
g_n24_e48_k2_high_70,g_n24_e48_k2_high_70_p5,test,0.15,7,64,26,0.40625
g_n24_e48_k2_high_71,g_n24_e48_k2_high_71_p0,validation,0.05,3,64,2,0.03125
g_n24_e48_k2_high_71,g_n24_e48_k2_high_71_p0,validation,0.1,5,64,4,0.0625
g_n24_e48_k2_high_71,g_n24_e48_k2_high_71_p0,validation,0.15,8,64,9,0.140625
g_n24_e48_k2_high_71,g_n24_e48_k2_high_71_p3,validation,0.05,3,64,7,0.109375
g_n24_e48_k2_high_71,g_n24_e48_k2_high_71_p3,validation,0.1,5,64,10,0.15625
g_n24_e48_k2_high_71,g_n24_e48_k2_high_71_p3,validation,0.15,7,64,15,0.234375
g_n24_e48_k2_high_71,g_n24_e48_k2_high_71_p5,validation,0.05,3,64,4,0.0625
g_n24_e48_k2_high_71,g_n24_e48_k2_high_71_p5,validation,0.1,5,64,8,0.125
g_n24_e48_k2_high_71,g_n24_e48_k2_high_71_p5,validation,0.15,7,64,17,0.265625
g_n24_e48_k2_high_72,g_n24_e48_k2_high_72_p0,train,0.05,3,64,2,0.03125
g_n24_e48_k2_high_72,g_n24_e48_k2_high_72_p0,train,0.1,5,64,2,0.03125
g_n24_e48_k2_high_72,g_n24_e48_k2_high_72_p0,train,0.15,8,64,9,0.140625
g_n24_e48_k2_high_72,g_n24_e48_k2_high_72_p3,train,0.05,3,64,5,0.078125
g_n24_e48_k2_high_72,g_n24_e48_k2_high_72_p3,train,0.1,5,64,7,0.109375
g_n24_e48_k2_high_72,g_n24_e48_k2_high_72_p3,train,0.15,7,64,17,0.265625
g_n24_e48_k2_high_72,g_n24_e48_k2_high_72_p5,train,0.05,3,64,3,0.046875
g_n24_e48_k2_high_72,g_n24_e48_k2_high_72_p5,train,0.1,5,64,6,0.09375
g_n24_e48_k2_high_72,g_n24_e48_k2_high_72_p5,train,0.15,7,64,9,0.140625
g_n24_e48_k2_high_73,g_n24_e48_k2_high_73_p0,test,0.05,3,64,0,0.0
g_n24_e48_k2_high_73,g_n24_e48_k2_high_73_p0,test,0.1,5,64,1,0.015625
g_n24_e48_k2_high_73,g_n24_e48_k2_high_73_p0,test,0.15,8,64,6,0.09375
g_n24_e48_k2_high_73,g_n24_e48_k2_high_73_p3,test,0.05,3,64,1,0.015625
g_n24_e48_k2_high_73,g_n24_e48_k2_high_73_p3,test,0.1,5,64,1,0.015625
g_n24_e48_k2_high_73,g_n24_e48_k2_high_73_p3,test,0.15,7,64,10,0.15625
g_n24_e48_k2_high_73,g_n24_e48_k2_high_73_p5,test,0.05,3,64,8,0.125
g_n24_e48_k2_high_73,g_n24_e48_k2_high_73_p5,test,0.1,5,64,13,0.203125
g_n24_e48_k2_high_73,g_n24_e48_k2_high_73_p5,test,0.15,7,64,18,0.28125
g_n24_e48_k2_high_74,g_n24_e48_k2_high_74_p0,train,0.05,3,64,0,0.0
g_n24_e48_k2_high_74,g_n24_e48_k2_high_74_p0,train,0.1,5,64,1,0.015625
g_n24_e48_k2_high_74,g_n24_e48_k2_high_74_p0,train,0.15,8,64,5,0.078125
g_n24_e48_k2_high_74,g_n24_e48_k2_high_74_p3,train,0.05,3,64,2,0.03125
g_n24_e48_k2_high_74,g_n24_e48_k2_high_74_p3,train,0.1,5,64,4,0.0625
g_n24_e48_k2_high_74,g_n24_e48_k2_high_74_p3,train,0.15,7,64,11,0.171875
g_n24_e48_k2_high_74,g_n24_e48_k2_high_74_p5,train,0.05,3,64,2,0.03125
g_n24_e48_k2_high_74,g_n24_e48_k2_high_74_p5,train,0.1,5,64,3,0.046875
g_n24_e48_k2_high_74,g_n24_e48_k2_high_74_p5,train,0.15,7,64,9,0.140625
g_n24_e48_k2_high_75,g_n24_e48_k2_high_75_p0,train,0.05,3,64,0,0.0
g_n24_e48_k2_high_75,g_n24_e48_k2_high_75_p0,train,0.1,5,64,4,0.0625
g_n24_e48_k2_high_75,g_n24_e48_k2_high_75_p0,train,0.15,8,64,13,0.203125
g_n24_e48_k2_high_75,g_n24_e48_k2_high_75_p3,train,0.05,3,64,0,0.0
g_n24_e48_k2_high_75,g_n24_e48_k2_high_75_p3,train,0.1,5,64,2,0.03125
g_n24_e48_k2_high_75,g_n24_e48_k2_high_75_p3,train,0.15,7,64,6,0.09375
g_n24_e48_k2_high_75,g_n24_e48_k2_high_75_p5,train,0.05,3,64,8,0.125
g_n24_e48_k2_high_75,g_n24_e48_k2_high_75_p5,train,0.1,5,64,11,0.171875
g_n24_e48_k2_high_75,g_n24_e48_k2_high_75_p5,train,0.15,7,64,17,0.265625
g_n24_e48_k2_high_76,g_n24_e48_k2_high_76_p0,test,0.05,3,64,0,0.0
g_n24_e48_k2_high_76,g_n24_e48_k2_high_76_p0,test,0.1,5,64,4,0.0625
g_n24_e48_k2_high_76,g_n24_e48_k2_high_76_p0,test,0.15,8,64,7,0.109375
g_n24_e48_k2_high_76,g_n24_e48_k2_high_76_p3,test,0.05,3,64,1,0.015625
g_n24_e48_k2_high_76,g_n24_e48_k2_high_76_p3,test,0.1,5,64,1,0.015625
g_n24_e48_k2_high_76,g_n24_e48_k2_high_76_p3,test,0.15,7,64,7,0.109375
g_n24_e48_k2_high_76,g_n24_e48_k2_high_76_p5,test,0.05,3,64,4,0.0625
g_n24_e48_k2_high_76,g_n24_e48_k2_high_76_p5,test,0.1,5,64,7,0.109375
g_n24_e48_k2_high_76,g_n24_e48_k2_high_76_p5,test,0.15,7,64,18,0.28125
g_n24_e48_k2_high_77,g_n24_e48_k2_high_77_p0,train,0.05,3,64,0,0.0
g_n24_e48_k2_high_77,g_n24_e48_k2_high_77_p0,train,0.1,5,64,2,0.03125
g_n24_e48_k2_high_77,g_n24_e48_k2_high_77_p0,train,0.15,8,64,4,0.0625
g_n24_e48_k2_high_77,g_n24_e48_k2_high_77_p3,train,0.05,3,64,1,0.015625
g_n24_e48_k2_high_77,g_n24_e48_k2_high_77_p3,train,0.1,5,64,4,0.0625
g_n24_e48_k2_high_77,g_n24_e48_k2_high_77_p3,train,0.15,7,64,5,0.078125
g_n24_e48_k2_high_77,g_n24_e48_k2_high_77_p5,train,0.05,3,64,6,0.09375
g_n24_e48_k2_high_77,g_n24_e48_k2_high_77_p5,train,0.1,5,64,13,0.203125
g_n24_e48_k2_high_77,g_n24_e48_k2_high_77_p5,train,0.15,7,64,21,0.328125
g_n24_e48_k2_high_78,g_n24_e48_k2_high_78_p0,validation,0.05,3,64,0,0.0
g_n24_e48_k2_high_78,g_n24_e48_k2_high_78_p0,validation,0.1,5,64,1,0.015625
g_n24_e48_k2_high_78,g_n24_e48_k2_high_78_p0,validation,0.15,8,64,4,0.0625
g_n24_e48_k2_high_78,g_n24_e48_k2_high_78_p3,validation,0.05,3,64,8,0.125
g_n24_e48_k2_high_78,g_n24_e48_k2_high_78_p3,validation,0.1,5,64,12,0.1875
g_n24_e48_k2_high_78,g_n24_e48_k2_high_78_p3,validation,0.15,7,64,18,0.28125
g_n24_e48_k2_high_78,g_n24_e48_k2_high_78_p5,validation,0.05,3,64,0,0.0
g_n24_e48_k2_high_78,g_n24_e48_k2_high_78_p5,validation,0.1,5,64,1,0.015625
g_n24_e48_k2_high_78,g_n24_e48_k2_high_78_p5,validation,0.15,7,64,7,0.109375
g_n24_e48_k2_high_79,g_n24_e48_k2_high_79_p0,test,0.05,3,64,0,0.0
g_n24_e48_k2_high_79,g_n24_e48_k2_high_79_p0,test,0.1,5,64,5,0.078125
g_n24_e48_k2_high_79,g_n24_e48_k2_high_79_p0,test,0.15,8,64,6,0.09375
g_n24_e48_k2_high_79,g_n24_e48_k2_high_79_p3,test,0.05,3,64,1,0.015625
g_n24_e48_k2_high_79,g_n24_e48_k2_high_79_p3,test,0.1,5,64,3,0.046875
g_n24_e48_k2_high_79,g_n24_e48_k2_high_79_p3,test,0.15,7,64,5,0.078125
g_n24_e48_k2_high_79,g_n24_e48_k2_high_79_p5,test,0.05,3,64,12,0.1875
g_n24_e48_k2_high_79,g_n24_e48_k2_high_79_p5,test,0.1,5,64,16,0.25
g_n24_e48_k2_high_79,g_n24_e48_k2_high_79_p5,test,0.15,7,64,20,0.3125
g_n24_e48_k2_high_80,g_n24_e48_k2_high_80_p0,validation,0.05,3,64,2,0.03125
g_n24_e48_k2_high_80,g_n24_e48_k2_high_80_p0,validation,0.1,5,64,4,0.0625
g_n24_e48_k2_high_80,g_n24_e48_k2_high_80_p0,validation,0.15,8,64,6,0.09375
g_n24_e48_k2_high_80,g_n24_e48_k2_high_80_p3,validation,0.05,3,64,0,0.0
g_n24_e48_k2_high_80,g_n24_e48_k2_high_80_p3,validation,0.1,5,64,1,0.015625
g_n24_e48_k2_high_80,g_n24_e48_k2_high_80_p3,validation,0.15,7,64,5,0.078125
g_n24_e48_k2_high_80,g_n24_e48_k2_high_80_p5,validation,0.05,3,64,7,0.109375
g_n24_e48_k2_high_80,g_n24_e48_k2_high_80_p5,validation,0.1,5,64,10,0.15625
g_n24_e48_k2_high_80,g_n24_e48_k2_high_80_p5,validation,0.15,7,64,17,0.265625
g_n24_e48_k2_high_81,g_n24_e48_k2_high_81_p0,train,0.05,3,64,0,0.0
g_n24_e48_k2_high_81,g_n24_e48_k2_high_81_p0,train,0.1,5,64,3,0.046875
g_n24_e48_k2_high_81,g_n24_e48_k2_high_81_p0,train,0.15,8,64,9,0.140625
g_n24_e48_k2_high_81,g_n24_e48_k2_high_81_p3,train,0.05,3,64,0,0.0
g_n24_e48_k2_high_81,g_n24_e48_k2_high_81_p3,train,0.1,5,64,2,0.03125
g_n24_e48_k2_high_81,g_n24_e48_k2_high_81_p3,train,0.15,7,64,4,0.0625
g_n24_e48_k2_high_81,g_n24_e48_k2_high_81_p5,train,0.05,3,64,1,0.015625
g_n24_e48_k2_high_81,g_n24_e48_k2_high_81_p5,train,0.1,5,64,5,0.078125
g_n24_e48_k2_high_81,g_n24_e48_k2_high_81_p5,train,0.15,7,64,14,0.21875
g_n24_e48_k2_high_82,g_n24_e48_k2_high_82_p0,train,0.05,3,64,0,0.0
g_n24_e48_k2_high_82,g_n24_e48_k2_high_82_p0,train,0.1,5,64,1,0.015625
g_n24_e48_k2_high_82,g_n24_e48_k2_high_82_p0,train,0.15,8,64,6,0.09375
g_n24_e48_k2_high_82,g_n24_e48_k2_high_82_p3,train,0.05,3,64,4,0.0625
g_n24_e48_k2_high_82,g_n24_e48_k2_high_82_p3,train,0.1,5,64,9,0.140625
g_n24_e48_k2_high_82,g_n24_e48_k2_high_82_p3,train,0.15,7,64,16,0.25
g_n24_e48_k2_high_82,g_n24_e48_k2_high_82_p5,train,0.05,3,64,2,0.03125
g_n24_e48_k2_high_82,g_n24_e48_k2_high_82_p5,train,0.1,5,64,5,0.078125
g_n24_e48_k2_high_82,g_n24_e48_k2_high_82_p5,train,0.15,7,64,10,0.15625
g_n24_e48_k2_high_83,g_n24_e48_k2_high_83_p0,train,0.05,3,64,1,0.015625
g_n24_e48_k2_high_83,g_n24_e48_k2_high_83_p0,train,0.1,5,64,5,0.078125
g_n24_e48_k2_high_83,g_n24_e48_k2_high_83_p0,train,0.15,8,64,9,0.140625
g_n24_e48_k2_high_83,g_n24_e48_k2_high_83_p3,train,0.05,3,64,0,0.0
g_n24_e48_k2_high_83,g_n24_e48_k2_high_83_p3,train,0.1,5,64,0,0.0
g_n24_e48_k2_high_83,g_n24_e48_k2_high_83_p3,train,0.15,7,64,3,0.046875
g_n24_e48_k2_high_83,g_n24_e48_k2_high_83_p5,train,0.05,3,64,7,0.109375
g_n24_e48_k2_high_83,g_n24_e48_k2_high_83_p5,train,0.1,5,64,7,0.109375
g_n24_e48_k2_high_83,g_n24_e48_k2_high_83_p5,train,0.15,7,64,11,0.171875
g_n24_e48_k2_high_84,g_n24_e48_k2_high_84_p0,train,0.05,3,64,2,0.03125
g_n24_e48_k2_high_84,g_n24_e48_k2_high_84_p0,train,0.1,5,64,3,0.046875
g_n24_e48_k2_high_84,g_n24_e48_k2_high_84_p0,train,0.15,8,64,8,0.125
g_n24_e48_k2_high_84,g_n24_e48_k2_high_84_p3,train,0.05,3,64,0,0.0
g_n24_e48_k2_high_84,g_n24_e48_k2_high_84_p3,train,0.1,5,64,5,0.078125
g_n24_e48_k2_high_84,g_n24_e48_k2_high_84_p3,train,0.15,7,64,9,0.140625
g_n24_e48_k2_high_84,g_n24_e48_k2_high_84_p5,train,0.05,3,64,6,0.09375
g_n24_e48_k2_high_84,g_n24_e48_k2_high_84_p5,train,0.1,5,64,10,0.15625
g_n24_e48_k2_high_84,g_n24_e48_k2_high_84_p5,train,0.15,7,64,15,0.234375
g_n24_e48_k2_high_85,g_n24_e48_k2_high_85_p0,train,0.05,3,64,0,0.0
g_n24_e48_k2_high_85,g_n24_e48_k2_high_85_p0,train,0.1,5,64,0,0.0
g_n24_e48_k2_high_85,g_n24_e48_k2_high_85_p0,train,0.15,8,64,3,0.046875
g_n24_e48_k2_high_85,g_n24_e48_k2_high_85_p3,train,0.05,3,64,8,0.125
g_n24_e48_k2_high_85,g_n24_e48_k2_high_85_p3,train,0.1,5,64,10,0.15625
g_n24_e48_k2_high_85,g_n24_e48_k2_high_85_p3,train,0.15,7,64,16,0.25
g_n24_e48_k2_high_85,g_n24_e48_k2_high_85_p5,train,0.05,3,64,3,0.046875
g_n24_e48_k2_high_85,g_n24_e48_k2_high_85_p5,train,0.1,5,64,7,0.109375
g_n24_e48_k2_high_85,g_n24_e48_k2_high_85_p5,train,0.15,7,64,14,0.21875
g_n24_e48_k2_high_86,g_n24_e48_k2_high_86_p0,train,0.05,3,64,0,0.0
g_n24_e48_k2_high_86,g_n24_e48_k2_high_86_p0,train,0.1,5,64,0,0.0
g_n24_e48_k2_high_86,g_n24_e48_k2_high_86_p0,train,0.15,8,64,6,0.09375
g_n24_e48_k2_high_86,g_n24_e48_k2_high_86_p3,train,0.05,3,64,0,0.0
g_n24_e48_k2_high_86,g_n24_e48_k2_high_86_p3,train,0.1,5,64,0,0.0
g_n24_e48_k2_high_86,g_n24_e48_k2_high_86_p3,train,0.15,7,64,2,0.03125
g_n24_e48_k2_high_86,g_n24_e48_k2_high_86_p5,train,0.05,3,64,7,0.109375
g_n24_e48_k2_high_86,g_n24_e48_k2_high_86_p5,train,0.1,5,64,10,0.15625
g_n24_e48_k2_high_86,g_n24_e48_k2_high_86_p5,train,0.15,7,64,14,0.21875
g_n24_e48_k2_high_87,g_n24_e48_k2_high_87_p0,train,0.05,3,64,1,0.015625
g_n24_e48_k2_high_87,g_n24_e48_k2_high_87_p0,train,0.1,5,64,3,0.046875
g_n24_e48_k2_high_87,g_n24_e48_k2_high_87_p0,train,0.15,8,64,5,0.078125
g_n24_e48_k2_high_87,g_n24_e48_k2_high_87_p3,train,0.05,3,64,6,0.09375
g_n24_e48_k2_high_87,g_n24_e48_k2_high_87_p3,train,0.1,5,64,12,0.1875
g_n24_e48_k2_high_87,g_n24_e48_k2_high_87_p3,train,0.15,7,64,16,0.25
g_n24_e48_k2_high_87,g_n24_e48_k2_high_87_p5,train,0.05,3,64,13,0.203125
g_n24_e48_k2_high_87,g_n24_e48_k2_high_87_p5,train,0.1,5,64,19,0.296875
g_n24_e48_k2_high_87,g_n24_e48_k2_high_87_p5,train,0.15,7,64,23,0.359375
g_n24_e48_k2_high_88,g_n24_e48_k2_high_88_p0,train,0.05,3,64,0,0.0
g_n24_e48_k2_high_88,g_n24_e48_k2_high_88_p0,train,0.1,5,64,1,0.015625
g_n24_e48_k2_high_88,g_n24_e48_k2_high_88_p0,train,0.15,8,64,3,0.046875
g_n24_e48_k2_high_88,g_n24_e48_k2_high_88_p3,train,0.05,3,64,1,0.015625
g_n24_e48_k2_high_88,g_n24_e48_k2_high_88_p3,train,0.1,5,64,4,0.0625
g_n24_e48_k2_high_88,g_n24_e48_k2_high_88_p3,train,0.15,7,64,6,0.09375
g_n24_e48_k2_high_88,g_n24_e48_k2_high_88_p5,train,0.05,3,64,6,0.09375
g_n24_e48_k2_high_88,g_n24_e48_k2_high_88_p5,train,0.1,5,64,13,0.203125
g_n24_e48_k2_high_88,g_n24_e48_k2_high_88_p5,train,0.15,7,64,19,0.296875
g_n24_e48_k2_high_89,g_n24_e48_k2_high_89_p0,train,0.05,3,64,1,0.015625
g_n24_e48_k2_high_89,g_n24_e48_k2_high_89_p0,train,0.1,5,64,2,0.03125
g_n24_e48_k2_high_89,g_n24_e48_k2_high_89_p0,train,0.15,8,64,4,0.0625
g_n24_e48_k2_high_89,g_n24_e48_k2_high_89_p3,train,0.05,3,64,3,0.046875
g_n24_e48_k2_high_89,g_n24_e48_k2_high_89_p3,train,0.1,5,64,5,0.078125
g_n24_e48_k2_high_89,g_n24_e48_k2_high_89_p3,train,0.15,7,64,11,0.171875
g_n24_e48_k2_high_89,g_n24_e48_k2_high_89_p5,train,0.05,3,64,8,0.125
g_n24_e48_k2_high_89,g_n24_e48_k2_high_89_p5,train,0.1,5,64,10,0.15625
g_n24_e48_k2_high_89,g_n24_e48_k2_high_89_p5,train,0.15,7,64,14,0.21875
g_n24_e48_k3_low_00,g_n24_e48_k3_low_00_p0,train,0.05,3,64,0,0.0
g_n24_e48_k3_low_00,g_n24_e48_k3_low_00_p0,train,0.1,5,64,2,0.03125
g_n24_e48_k3_low_00,g_n24_e48_k3_low_00_p0,train,0.15,8,64,5,0.078125
g_n24_e48_k3_low_00,g_n24_e48_k3_low_00_p3,train,0.05,3,64,0,0.0
g_n24_e48_k3_low_00,g_n24_e48_k3_low_00_p3,train,0.1,5,64,2,0.03125
g_n24_e48_k3_low_00,g_n24_e48_k3_low_00_p3,train,0.15,7,64,4,0.0625
g_n24_e48_k3_low_00,g_n24_e48_k3_low_00_p5,train,0.05,3,64,6,0.09375
g_n24_e48_k3_low_00,g_n24_e48_k3_low_00_p5,train,0.1,5,64,11,0.171875
g_n24_e48_k3_low_00,g_n24_e48_k3_low_00_p5,train,0.15,7,64,20,0.3125
g_n24_e48_k3_low_01,g_n24_e48_k3_low_01_p0,train,0.05,3,64,0,0.0
g_n24_e48_k3_low_01,g_n24_e48_k3_low_01_p0,train,0.1,5,64,1,0.015625
g_n24_e48_k3_low_01,g_n24_e48_k3_low_01_p0,train,0.15,8,64,2,0.03125
g_n24_e48_k3_low_01,g_n24_e48_k3_low_01_p3,train,0.05,3,64,0,0.0
g_n24_e48_k3_low_01,g_n24_e48_k3_low_01_p3,train,0.1,5,64,2,0.03125
g_n24_e48_k3_low_01,g_n24_e48_k3_low_01_p3,train,0.15,7,64,4,0.0625
g_n24_e48_k3_low_01,g_n24_e48_k3_low_01_p5,train,0.05,3,64,1,0.015625
g_n24_e48_k3_low_01,g_n24_e48_k3_low_01_p5,train,0.1,5,64,6,0.09375
g_n24_e48_k3_low_01,g_n24_e48_k3_low_01_p5,train,0.15,7,64,13,0.203125
g_n24_e48_k3_low_02,g_n24_e48_k3_low_02_p0,train,0.05,3,64,0,0.0
g_n24_e48_k3_low_02,g_n24_e48_k3_low_02_p0,train,0.1,5,64,1,0.015625
g_n24_e48_k3_low_02,g_n24_e48_k3_low_02_p0,train,0.15,8,64,4,0.0625
g_n24_e48_k3_low_02,g_n24_e48_k3_low_02_p3,train,0.05,3,64,3,0.046875
g_n24_e48_k3_low_02,g_n24_e48_k3_low_02_p3,train,0.1,5,64,4,0.0625
g_n24_e48_k3_low_02,g_n24_e48_k3_low_02_p3,train,0.15,7,64,7,0.109375
g_n24_e48_k3_low_02,g_n24_e48_k3_low_02_p5,train,0.05,3,64,7,0.109375
g_n24_e48_k3_low_02,g_n24_e48_k3_low_02_p5,train,0.1,5,64,17,0.265625
g_n24_e48_k3_low_02,g_n24_e48_k3_low_02_p5,train,0.15,7,64,24,0.375
g_n24_e48_k3_low_03,g_n24_e48_k3_low_03_p0,validation,0.05,3,64,0,0.0
g_n24_e48_k3_low_03,g_n24_e48_k3_low_03_p0,validation,0.1,5,64,0,0.0
g_n24_e48_k3_low_03,g_n24_e48_k3_low_03_p0,validation,0.15,8,64,1,0.015625
g_n24_e48_k3_low_03,g_n24_e48_k3_low_03_p3,validation,0.05,3,64,0,0.0
g_n24_e48_k3_low_03,g_n24_e48_k3_low_03_p3,validation,0.1,5,64,1,0.015625
g_n24_e48_k3_low_03,g_n24_e48_k3_low_03_p3,validation,0.15,7,64,3,0.046875
g_n24_e48_k3_low_03,g_n24_e48_k3_low_03_p5,validation,0.05,3,64,9,0.140625
g_n24_e48_k3_low_03,g_n24_e48_k3_low_03_p5,validation,0.1,5,64,18,0.28125
g_n24_e48_k3_low_03,g_n24_e48_k3_low_03_p5,validation,0.15,7,64,26,0.40625
g_n24_e48_k3_low_04,g_n24_e48_k3_low_04_p0,train,0.05,3,64,0,0.0
g_n24_e48_k3_low_04,g_n24_e48_k3_low_04_p0,train,0.1,5,64,0,0.0
g_n24_e48_k3_low_04,g_n24_e48_k3_low_04_p0,train,0.15,8,64,4,0.0625
g_n24_e48_k3_low_04,g_n24_e48_k3_low_04_p3,train,0.05,3,64,0,0.0
g_n24_e48_k3_low_04,g_n24_e48_k3_low_04_p3,train,0.1,5,64,2,0.03125
g_n24_e48_k3_low_04,g_n24_e48_k3_low_04_p3,train,0.15,7,64,6,0.09375
g_n24_e48_k3_low_04,g_n24_e48_k3_low_04_p5,train,0.05,3,64,1,0.015625
g_n24_e48_k3_low_04,g_n24_e48_k3_low_04_p5,train,0.1,5,64,1,0.015625
g_n24_e48_k3_low_04,g_n24_e48_k3_low_04_p5,train,0.15,7,64,5,0.078125
g_n24_e48_k3_low_05,g_n24_e48_k3_low_05_p0,train,0.05,3,64,0,0.0
g_n24_e48_k3_low_05,g_n24_e48_k3_low_05_p0,train,0.1,5,64,0,0.0
g_n24_e48_k3_low_05,g_n24_e48_k3_low_05_p0,train,0.15,8,64,1,0.015625
g_n24_e48_k3_low_05,g_n24_e48_k3_low_05_p3,train,0.05,3,64,0,0.0
g_n24_e48_k3_low_05,g_n24_e48_k3_low_05_p3,train,0.1,5,64,3,0.046875
g_n24_e48_k3_low_05,g_n24_e48_k3_low_05_p3,train,0.15,7,64,6,0.09375
g_n24_e48_k3_low_05,g_n24_e48_k3_low_05_p5,train,0.05,3,64,1,0.015625
g_n24_e48_k3_low_05,g_n24_e48_k3_low_05_p5,train,0.1,5,64,4,0.0625
g_n24_e48_k3_low_05,g_n24_e48_k3_low_05_p5,train,0.15,7,64,8,0.125
g_n24_e48_k3_low_06,g_n24_e48_k3_low_06_p0,train,0.05,3,64,0,0.0
g_n24_e48_k3_low_06,g_n24_e48_k3_low_06_p0,train,0.1,5,64,0,0.0
g_n24_e48_k3_low_06,g_n24_e48_k3_low_06_p0,train,0.15,8,64,1,0.015625
g_n24_e48_k3_low_06,g_n24_e48_k3_low_06_p3,train,0.05,3,64,1,0.015625
g_n24_e48_k3_low_06,g_n24_e48_k3_low_06_p3,train,0.1,5,64,2,0.03125
g_n24_e48_k3_low_06,g_n24_e48_k3_low_06_p3,train,0.15,7,64,8,0.125
g_n24_e48_k3_low_06,g_n24_e48_k3_low_06_p5,train,0.05,3,64,5,0.078125
g_n24_e48_k3_low_06,g_n24_e48_k3_low_06_p5,train,0.1,5,64,10,0.15625
g_n24_e48_k3_low_06,g_n24_e48_k3_low_06_p5,train,0.15,7,64,14,0.21875
g_n24_e48_k3_low_07,g_n24_e48_k3_low_07_p0,train,0.05,3,64,0,0.0
g_n24_e48_k3_low_07,g_n24_e48_k3_low_07_p0,train,0.1,5,64,0,0.0
g_n24_e48_k3_low_07,g_n24_e48_k3_low_07_p0,train,0.15,8,64,1,0.015625
g_n24_e48_k3_low_07,g_n24_e48_k3_low_07_p3,train,0.05,3,64,0,0.0
g_n24_e48_k3_low_07,g_n24_e48_k3_low_07_p3,train,0.1,5,64,0,0.0
g_n24_e48_k3_low_07,g_n24_e48_k3_low_07_p3,train,0.15,7,64,5,0.078125
g_n24_e48_k3_low_07,g_n24_e48_k3_low_07_p5,train,0.05,3,64,1,0.015625
g_n24_e48_k3_low_07,g_n24_e48_k3_low_07_p5,train,0.1,5,64,7,0.109375
g_n24_e48_k3_low_07,g_n24_e48_k3_low_07_p5,train,0.15,7,64,10,0.15625
g_n24_e48_k3_low_08,g_n24_e48_k3_low_08_p0,train,0.05,3,64,0,0.0
g_n24_e48_k3_low_08,g_n24_e48_k3_low_08_p0,train,0.1,5,64,0,0.0
g_n24_e48_k3_low_08,g_n24_e48_k3_low_08_p0,train,0.15,8,64,3,0.046875
g_n24_e48_k3_low_08,g_n24_e48_k3_low_08_p3,train,0.05,3,64,0,0.0
g_n24_e48_k3_low_08,g_n24_e48_k3_low_08_p3,train,0.1,5,64,3,0.046875
g_n24_e48_k3_low_08,g_n24_e48_k3_low_08_p3,train,0.15,7,64,7,0.109375
g_n24_e48_k3_low_08,g_n24_e48_k3_low_08_p5,train,0.05,3,64,1,0.015625
g_n24_e48_k3_low_08,g_n24_e48_k3_low_08_p5,train,0.1,5,64,2,0.03125
g_n24_e48_k3_low_08,g_n24_e48_k3_low_08_p5,train,0.15,7,64,7,0.109375
g_n24_e48_k3_low_09,g_n24_e48_k3_low_09_p0,validation,0.05,3,64,0,0.0
g_n24_e48_k3_low_09,g_n24_e48_k3_low_09_p0,validation,0.1,5,64,0,0.0
g_n24_e48_k3_low_09,g_n24_e48_k3_low_09_p0,validation,0.15,8,64,4,0.0625
g_n24_e48_k3_low_09,g_n24_e48_k3_low_09_p3,validation,0.05,3,64,1,0.015625
g_n24_e48_k3_low_09,g_n24_e48_k3_low_09_p3,validation,0.1,5,64,2,0.03125
g_n24_e48_k3_low_09,g_n24_e48_k3_low_09_p3,validation,0.15,7,64,10,0.15625
g_n24_e48_k3_low_09,g_n24_e48_k3_low_09_p5,validation,0.05,3,64,0,0.0
g_n24_e48_k3_low_09,g_n24_e48_k3_low_09_p5,validation,0.1,5,64,2,0.03125
g_n24_e48_k3_low_09,g_n24_e48_k3_low_09_p5,validation,0.15,7,64,5,0.078125
g_n24_e48_k3_low_10,g_n24_e48_k3_low_10_p0,test,0.05,3,64,0,0.0
g_n24_e48_k3_low_10,g_n24_e48_k3_low_10_p0,test,0.1,5,64,0,0.0
g_n24_e48_k3_low_10,g_n24_e48_k3_low_10_p0,test,0.15,8,64,1,0.015625
g_n24_e48_k3_low_10,g_n24_e48_k3_low_10_p3,test,0.05,3,64,0,0.0
g_n24_e48_k3_low_10,g_n24_e48_k3_low_10_p3,test,0.1,5,64,1,0.015625
g_n24_e48_k3_low_10,g_n24_e48_k3_low_10_p3,test,0.15,7,64,1,0.015625
g_n24_e48_k3_low_10,g_n24_e48_k3_low_10_p5,test,0.05,3,64,8,0.125
g_n24_e48_k3_low_10,g_n24_e48_k3_low_10_p5,test,0.1,5,64,13,0.203125
g_n24_e48_k3_low_10,g_n24_e48_k3_low_10_p5,test,0.15,7,64,16,0.25
g_n24_e48_k3_low_11,g_n24_e48_k3_low_11_p0,validation,0.05,3,64,0,0.0
g_n24_e48_k3_low_11,g_n24_e48_k3_low_11_p0,validation,0.1,5,64,0,0.0
g_n24_e48_k3_low_11,g_n24_e48_k3_low_11_p0,validation,0.15,8,64,1,0.015625
g_n24_e48_k3_low_11,g_n24_e48_k3_low_11_p3,validation,0.05,3,64,1,0.015625
g_n24_e48_k3_low_11,g_n24_e48_k3_low_11_p3,validation,0.1,5,64,1,0.015625
g_n24_e48_k3_low_11,g_n24_e48_k3_low_11_p3,validation,0.15,7,64,5,0.078125
g_n24_e48_k3_low_11,g_n24_e48_k3_low_11_p5,validation,0.05,3,64,4,0.0625
g_n24_e48_k3_low_11,g_n24_e48_k3_low_11_p5,validation,0.1,5,64,8,0.125
g_n24_e48_k3_low_11,g_n24_e48_k3_low_11_p5,validation,0.15,7,64,13,0.203125
g_n24_e48_k3_low_12,g_n24_e48_k3_low_12_p0,test,0.05,3,64,0,0.0
g_n24_e48_k3_low_12,g_n24_e48_k3_low_12_p0,test,0.1,5,64,0,0.0
g_n24_e48_k3_low_12,g_n24_e48_k3_low_12_p0,test,0.15,8,64,3,0.046875
g_n24_e48_k3_low_12,g_n24_e48_k3_low_12_p3,test,0.05,3,64,3,0.046875
g_n24_e48_k3_low_12,g_n24_e48_k3_low_12_p3,test,0.1,5,64,9,0.140625
g_n24_e48_k3_low_12,g_n24_e48_k3_low_12_p3,test,0.15,7,64,17,0.265625
g_n24_e48_k3_low_12,g_n24_e48_k3_low_12_p5,test,0.05,3,64,0,0.0
g_n24_e48_k3_low_12,g_n24_e48_k3_low_12_p5,test,0.1,5,64,4,0.0625
g_n24_e48_k3_low_12,g_n24_e48_k3_low_12_p5,test,0.15,7,64,8,0.125
g_n24_e48_k3_low_13,g_n24_e48_k3_low_13_p0,train,0.05,3,64,0,0.0
g_n24_e48_k3_low_13,g_n24_e48_k3_low_13_p0,train,0.1,5,64,0,0.0
g_n24_e48_k3_low_13,g_n24_e48_k3_low_13_p0,train,0.15,8,64,3,0.046875
g_n24_e48_k3_low_13,g_n24_e48_k3_low_13_p3,train,0.05,3,64,3,0.046875
g_n24_e48_k3_low_13,g_n24_e48_k3_low_13_p3,train,0.1,5,64,5,0.078125
g_n24_e48_k3_low_13,g_n24_e48_k3_low_13_p3,train,0.15,7,64,10,0.15625
g_n24_e48_k3_low_13,g_n24_e48_k3_low_13_p5,train,0.05,3,64,0,0.0
g_n24_e48_k3_low_13,g_n24_e48_k3_low_13_p5,train,0.1,5,64,1,0.015625
g_n24_e48_k3_low_13,g_n24_e48_k3_low_13_p5,train,0.15,7,64,10,0.15625
g_n24_e48_k3_low_14,g_n24_e48_k3_low_14_p0,validation,0.05,3,64,0,0.0
g_n24_e48_k3_low_14,g_n24_e48_k3_low_14_p0,validation,0.1,5,64,0,0.0
g_n24_e48_k3_low_14,g_n24_e48_k3_low_14_p0,validation,0.15,8,64,4,0.0625
g_n24_e48_k3_low_14,g_n24_e48_k3_low_14_p3,validation,0.05,3,64,0,0.0
g_n24_e48_k3_low_14,g_n24_e48_k3_low_14_p3,validation,0.1,5,64,2,0.03125
g_n24_e48_k3_low_14,g_n24_e48_k3_low_14_p3,validation,0.15,7,64,5,0.078125
g_n24_e48_k3_low_14,g_n24_e48_k3_low_14_p5,validation,0.05,3,64,0,0.0
g_n24_e48_k3_low_14,g_n24_e48_k3_low_14_p5,validation,0.1,5,64,6,0.09375
g_n24_e48_k3_low_14,g_n24_e48_k3_low_14_p5,validation,0.15,7,64,18,0.28125
g_n24_e48_k3_low_15,g_n24_e48_k3_low_15_p0,train,0.05,3,64,0,0.0
g_n24_e48_k3_low_15,g_n24_e48_k3_low_15_p0,train,0.1,5,64,0,0.0
g_n24_e48_k3_low_15,g_n24_e48_k3_low_15_p0,train,0.15,8,64,1,0.015625
g_n24_e48_k3_low_15,g_n24_e48_k3_low_15_p3,train,0.05,3,64,1,0.015625
g_n24_e48_k3_low_15,g_n24_e48_k3_low_15_p3,train,0.1,5,64,2,0.03125
g_n24_e48_k3_low_15,g_n24_e48_k3_low_15_p3,train,0.15,7,64,4,0.0625
g_n24_e48_k3_low_15,g_n24_e48_k3_low_15_p5,train,0.05,3,64,1,0.015625
g_n24_e48_k3_low_15,g_n24_e48_k3_low_15_p5,train,0.1,5,64,5,0.078125
g_n24_e48_k3_low_15,g_n24_e48_k3_low_15_p5,train,0.15,7,64,10,0.15625
g_n24_e48_k3_low_16,g_n24_e48_k3_low_16_p0,test,0.05,3,64,0,0.0
g_n24_e48_k3_low_16,g_n24_e48_k3_low_16_p0,test,0.1,5,64,0,0.0
g_n24_e48_k3_low_16,g_n24_e48_k3_low_16_p0,test,0.15,8,64,2,0.03125
g_n24_e48_k3_low_16,g_n24_e48_k3_low_16_p3,test,0.05,3,64,0,0.0
g_n24_e48_k3_low_16,g_n24_e48_k3_low_16_p3,test,0.1,5,64,0,0.0
g_n24_e48_k3_low_16,g_n24_e48_k3_low_16_p3,test,0.15,7,64,4,0.0625
g_n24_e48_k3_low_16,g_n24_e48_k3_low_16_p5,test,0.05,3,64,4,0.0625
g_n24_e48_k3_low_16,g_n24_e48_k3_low_16_p5,test,0.1,5,64,6,0.09375
g_n24_e48_k3_low_16,g_n24_e48_k3_low_16_p5,test,0.15,7,64,14,0.21875
g_n24_e48_k3_low_17,g_n24_e48_k3_low_17_p0,train,0.05,3,64,0,0.0
g_n24_e48_k3_low_17,g_n24_e48_k3_low_17_p0,train,0.1,5,64,0,0.0
g_n24_e48_k3_low_17,g_n24_e48_k3_low_17_p0,train,0.15,8,64,2,0.03125
g_n24_e48_k3_low_17,g_n24_e48_k3_low_17_p3,train,0.05,3,64,1,0.015625
g_n24_e48_k3_low_17,g_n24_e48_k3_low_17_p3,train,0.1,5,64,3,0.046875
g_n24_e48_k3_low_17,g_n24_e48_k3_low_17_p3,train,0.15,7,64,4,0.0625
g_n24_e48_k3_low_17,g_n24_e48_k3_low_17_p5,train,0.05,3,64,2,0.03125
g_n24_e48_k3_low_17,g_n24_e48_k3_low_17_p5,train,0.1,5,64,7,0.109375
g_n24_e48_k3_low_17,g_n24_e48_k3_low_17_p5,train,0.15,7,64,12,0.1875
g_n24_e48_k3_low_18,g_n24_e48_k3_low_18_p0,train,0.05,3,64,0,0.0
g_n24_e48_k3_low_18,g_n24_e48_k3_low_18_p0,train,0.1,5,64,0,0.0
g_n24_e48_k3_low_18,g_n24_e48_k3_low_18_p0,train,0.15,8,64,3,0.046875
g_n24_e48_k3_low_18,g_n24_e48_k3_low_18_p3,train,0.05,3,64,1,0.015625
g_n24_e48_k3_low_18,g_n24_e48_k3_low_18_p3,train,0.1,5,64,3,0.046875
g_n24_e48_k3_low_18,g_n24_e48_k3_low_18_p3,train,0.15,7,64,6,0.09375
g_n24_e48_k3_low_18,g_n24_e48_k3_low_18_p5,train,0.05,3,64,4,0.0625
g_n24_e48_k3_low_18,g_n24_e48_k3_low_18_p5,train,0.1,5,64,8,0.125
g_n24_e48_k3_low_18,g_n24_e48_k3_low_18_p5,train,0.15,7,64,15,0.234375
g_n24_e48_k3_low_19,g_n24_e48_k3_low_19_p0,train,0.05,3,64,0,0.0
g_n24_e48_k3_low_19,g_n24_e48_k3_low_19_p0,train,0.1,5,64,0,0.0
g_n24_e48_k3_low_19,g_n24_e48_k3_low_19_p0,train,0.15,8,64,2,0.03125
g_n24_e48_k3_low_19,g_n24_e48_k3_low_19_p3,train,0.05,3,64,6,0.09375
g_n24_e48_k3_low_19,g_n24_e48_k3_low_19_p3,train,0.1,5,64,8,0.125
g_n24_e48_k3_low_19,g_n24_e48_k3_low_19_p3,train,0.15,7,64,10,0.15625
g_n24_e48_k3_low_19,g_n24_e48_k3_low_19_p5,train,0.05,3,64,2,0.03125
g_n24_e48_k3_low_19,g_n24_e48_k3_low_19_p5,train,0.1,5,64,3,0.046875
g_n24_e48_k3_low_19,g_n24_e48_k3_low_19_p5,train,0.15,7,64,9,0.140625
g_n24_e48_k3_low_20,g_n24_e48_k3_low_20_p0,test,0.05,3,64,1,0.015625
g_n24_e48_k3_low_20,g_n24_e48_k3_low_20_p0,test,0.1,5,64,1,0.015625
g_n24_e48_k3_low_20,g_n24_e48_k3_low_20_p0,test,0.15,8,64,2,0.03125
g_n24_e48_k3_low_20,g_n24_e48_k3_low_20_p3,test,0.05,3,64,0,0.0
g_n24_e48_k3_low_20,g_n24_e48_k3_low_20_p3,test,0.1,5,64,3,0.046875
g_n24_e48_k3_low_20,g_n24_e48_k3_low_20_p3,test,0.15,7,64,7,0.109375
g_n24_e48_k3_low_20,g_n24_e48_k3_low_20_p5,test,0.05,3,64,0,0.0
g_n24_e48_k3_low_20,g_n24_e48_k3_low_20_p5,test,0.1,5,64,4,0.0625
g_n24_e48_k3_low_20,g_n24_e48_k3_low_20_p5,test,0.15,7,64,7,0.109375
g_n24_e48_k3_low_21,g_n24_e48_k3_low_21_p0,train,0.05,3,64,0,0.0
g_n24_e48_k3_low_21,g_n24_e48_k3_low_21_p0,train,0.1,5,64,0,0.0
g_n24_e48_k3_low_21,g_n24_e48_k3_low_21_p0,train,0.15,8,64,5,0.078125
g_n24_e48_k3_low_21,g_n24_e48_k3_low_21_p3,train,0.05,3,64,0,0.0
g_n24_e48_k3_low_21,g_n24_e48_k3_low_21_p3,train,0.1,5,64,1,0.015625
g_n24_e48_k3_low_21,g_n24_e48_k3_low_21_p3,train,0.15,7,64,5,0.078125
g_n24_e48_k3_low_21,g_n24_e48_k3_low_21_p5,train,0.05,3,64,2,0.03125
g_n24_e48_k3_low_21,g_n24_e48_k3_low_21_p5,train,0.1,5,64,6,0.09375
g_n24_e48_k3_low_21,g_n24_e48_k3_low_21_p5,train,0.15,7,64,14,0.21875
g_n24_e48_k3_low_22,g_n24_e48_k3_low_22_p0,test,0.05,3,64,0,0.0
g_n24_e48_k3_low_22,g_n24_e48_k3_low_22_p0,test,0.1,5,64,0,0.0
g_n24_e48_k3_low_22,g_n24_e48_k3_low_22_p0,test,0.15,8,64,2,0.03125
g_n24_e48_k3_low_22,g_n24_e48_k3_low_22_p3,test,0.05,3,64,0,0.0
g_n24_e48_k3_low_22,g_n24_e48_k3_low_22_p3,test,0.1,5,64,2,0.03125
g_n24_e48_k3_low_22,g_n24_e48_k3_low_22_p3,test,0.15,7,64,6,0.09375
g_n24_e48_k3_low_22,g_n24_e48_k3_low_22_p5,test,0.05,3,64,0,0.0
g_n24_e48_k3_low_22,g_n24_e48_k3_low_22_p5,test,0.1,5,64,1,0.015625
g_n24_e48_k3_low_22,g_n24_e48_k3_low_22_p5,test,0.15,7,64,4,0.0625
g_n24_e48_k3_low_23,g_n24_e48_k3_low_23_p0,validation,0.05,3,64,0,0.0
g_n24_e48_k3_low_23,g_n24_e48_k3_low_23_p0,validation,0.1,5,64,1,0.015625
g_n24_e48_k3_low_23,g_n24_e48_k3_low_23_p0,validation,0.15,8,64,5,0.078125
g_n24_e48_k3_low_23,g_n24_e48_k3_low_23_p3,validation,0.05,3,64,0,0.0
g_n24_e48_k3_low_23,g_n24_e48_k3_low_23_p3,validation,0.1,5,64,1,0.015625
g_n24_e48_k3_low_23,g_n24_e48_k3_low_23_p3,validation,0.15,7,64,5,0.078125
g_n24_e48_k3_low_23,g_n24_e48_k3_low_23_p5,validation,0.05,3,64,2,0.03125
g_n24_e48_k3_low_23,g_n24_e48_k3_low_23_p5,validation,0.1,5,64,3,0.046875
g_n24_e48_k3_low_23,g_n24_e48_k3_low_23_p5,validation,0.15,7,64,6,0.09375
g_n24_e48_k3_low_24,g_n24_e48_k3_low_24_p0,train,0.05,3,64,0,0.0
g_n24_e48_k3_low_24,g_n24_e48_k3_low_24_p0,train,0.1,5,64,0,0.0
g_n24_e48_k3_low_24,g_n24_e48_k3_low_24_p0,train,0.15,8,64,3,0.046875
g_n24_e48_k3_low_24,g_n24_e48_k3_low_24_p3,train,0.05,3,64,0,0.0
g_n24_e48_k3_low_24,g_n24_e48_k3_low_24_p3,train,0.1,5,64,0,0.0
g_n24_e48_k3_low_24,g_n24_e48_k3_low_24_p3,train,0.15,7,64,4,0.0625
g_n24_e48_k3_low_24,g_n24_e48_k3_low_24_p5,train,0.05,3,64,5,0.078125
g_n24_e48_k3_low_24,g_n24_e48_k3_low_24_p5,train,0.1,5,64,9,0.140625
g_n24_e48_k3_low_24,g_n24_e48_k3_low_24_p5,train,0.15,7,64,15,0.234375
g_n24_e48_k3_low_25,g_n24_e48_k3_low_25_p0,validation,0.05,3,64,0,0.0
g_n24_e48_k3_low_25,g_n24_e48_k3_low_25_p0,validation,0.1,5,64,1,0.015625
g_n24_e48_k3_low_25,g_n24_e48_k3_low_25_p0,validation,0.15,8,64,7,0.109375
g_n24_e48_k3_low_25,g_n24_e48_k3_low_25_p3,validation,0.05,3,64,0,0.0
g_n24_e48_k3_low_25,g_n24_e48_k3_low_25_p3,validation,0.1,5,64,5,0.078125
g_n24_e48_k3_low_25,g_n24_e48_k3_low_25_p3,validation,0.15,7,64,8,0.125
g_n24_e48_k3_low_25,g_n24_e48_k3_low_25_p5,validation,0.05,3,64,0,0.0
g_n24_e48_k3_low_25,g_n24_e48_k3_low_25_p5,validation,0.1,5,64,3,0.046875
g_n24_e48_k3_low_25,g_n24_e48_k3_low_25_p5,validation,0.15,7,64,4,0.0625
g_n24_e48_k3_low_26,g_n24_e48_k3_low_26_p0,train,0.05,3,64,0,0.0
g_n24_e48_k3_low_26,g_n24_e48_k3_low_26_p0,train,0.1,5,64,0,0.0
g_n24_e48_k3_low_26,g_n24_e48_k3_low_26_p0,train,0.15,8,64,3,0.046875
g_n24_e48_k3_low_26,g_n24_e48_k3_low_26_p3,train,0.05,3,64,1,0.015625
g_n24_e48_k3_low_26,g_n24_e48_k3_low_26_p3,train,0.1,5,64,1,0.015625
g_n24_e48_k3_low_26,g_n24_e48_k3_low_26_p3,train,0.15,7,64,3,0.046875
g_n24_e48_k3_low_26,g_n24_e48_k3_low_26_p5,train,0.05,3,64,7,0.109375
g_n24_e48_k3_low_26,g_n24_e48_k3_low_26_p5,train,0.1,5,64,13,0.203125
g_n24_e48_k3_low_26,g_n24_e48_k3_low_26_p5,train,0.15,7,64,23,0.359375
g_n24_e48_k3_low_27,g_n24_e48_k3_low_27_p0,train,0.05,3,64,0,0.0
g_n24_e48_k3_low_27,g_n24_e48_k3_low_27_p0,train,0.1,5,64,0,0.0
g_n24_e48_k3_low_27,g_n24_e48_k3_low_27_p0,train,0.15,8,64,3,0.046875
g_n24_e48_k3_low_27,g_n24_e48_k3_low_27_p3,train,0.05,3,64,0,0.0
g_n24_e48_k3_low_27,g_n24_e48_k3_low_27_p3,train,0.1,5,64,5,0.078125
g_n24_e48_k3_low_27,g_n24_e48_k3_low_27_p3,train,0.15,7,64,6,0.09375
g_n24_e48_k3_low_27,g_n24_e48_k3_low_27_p5,train,0.05,3,64,2,0.03125
g_n24_e48_k3_low_27,g_n24_e48_k3_low_27_p5,train,0.1,5,64,6,0.09375
g_n24_e48_k3_low_27,g_n24_e48_k3_low_27_p5,train,0.15,7,64,11,0.171875
g_n24_e48_k3_low_28,g_n24_e48_k3_low_28_p0,test,0.05,3,64,0,0.0
g_n24_e48_k3_low_28,g_n24_e48_k3_low_28_p0,test,0.1,5,64,0,0.0
g_n24_e48_k3_low_28,g_n24_e48_k3_low_28_p0,test,0.15,8,64,0,0.0
g_n24_e48_k3_low_28,g_n24_e48_k3_low_28_p3,test,0.05,3,64,0,0.0
g_n24_e48_k3_low_28,g_n24_e48_k3_low_28_p3,test,0.1,5,64,2,0.03125
g_n24_e48_k3_low_28,g_n24_e48_k3_low_28_p3,test,0.15,7,64,4,0.0625
g_n24_e48_k3_low_28,g_n24_e48_k3_low_28_p5,test,0.05,3,64,0,0.0
g_n24_e48_k3_low_28,g_n24_e48_k3_low_28_p5,test,0.1,5,64,2,0.03125
g_n24_e48_k3_low_28,g_n24_e48_k3_low_28_p5,test,0.15,7,64,7,0.109375
g_n24_e48_k3_low_29,g_n24_e48_k3_low_29_p0,train,0.05,3,64,0,0.0
g_n24_e48_k3_low_29,g_n24_e48_k3_low_29_p0,train,0.1,5,64,0,0.0
g_n24_e48_k3_low_29,g_n24_e48_k3_low_29_p0,train,0.15,8,64,2,0.03125
g_n24_e48_k3_low_29,g_n24_e48_k3_low_29_p3,train,0.05,3,64,0,0.0
g_n24_e48_k3_low_29,g_n24_e48_k3_low_29_p3,train,0.1,5,64,3,0.046875
g_n24_e48_k3_low_29,g_n24_e48_k3_low_29_p3,train,0.15,7,64,7,0.109375
g_n24_e48_k3_low_29,g_n24_e48_k3_low_29_p5,train,0.05,3,64,8,0.125
g_n24_e48_k3_low_29,g_n24_e48_k3_low_29_p5,train,0.1,5,64,15,0.234375
g_n24_e48_k3_low_29,g_n24_e48_k3_low_29_p5,train,0.15,7,64,22,0.34375
g_n24_e48_k3_mid_30,g_n24_e48_k3_mid_30_p0,validation,0.05,3,64,0,0.0
g_n24_e48_k3_mid_30,g_n24_e48_k3_mid_30_p0,validation,0.1,5,64,0,0.0
g_n24_e48_k3_mid_30,g_n24_e48_k3_mid_30_p0,validation,0.15,8,64,1,0.015625
g_n24_e48_k3_mid_30,g_n24_e48_k3_mid_30_p3,validation,0.05,3,64,1,0.015625
g_n24_e48_k3_mid_30,g_n24_e48_k3_mid_30_p3,validation,0.1,5,64,3,0.046875
g_n24_e48_k3_mid_30,g_n24_e48_k3_mid_30_p3,validation,0.15,7,64,5,0.078125
g_n24_e48_k3_mid_30,g_n24_e48_k3_mid_30_p5,validation,0.05,3,64,2,0.03125
g_n24_e48_k3_mid_30,g_n24_e48_k3_mid_30_p5,validation,0.1,5,64,4,0.0625
g_n24_e48_k3_mid_30,g_n24_e48_k3_mid_30_p5,validation,0.15,7,64,7,0.109375
g_n24_e48_k3_mid_31,g_n24_e48_k3_mid_31_p0,train,0.05,3,64,0,0.0
g_n24_e48_k3_mid_31,g_n24_e48_k3_mid_31_p0,train,0.1,5,64,0,0.0
g_n24_e48_k3_mid_31,g_n24_e48_k3_mid_31_p0,train,0.15,8,64,3,0.046875
g_n24_e48_k3_mid_31,g_n24_e48_k3_mid_31_p3,train,0.05,3,64,0,0.0
g_n24_e48_k3_mid_31,g_n24_e48_k3_mid_31_p3,train,0.1,5,64,3,0.046875
g_n24_e48_k3_mid_31,g_n24_e48_k3_mid_31_p3,train,0.15,7,64,6,0.09375
g_n24_e48_k3_mid_31,g_n24_e48_k3_mid_31_p5,train,0.05,3,64,3,0.046875
g_n24_e48_k3_mid_31,g_n24_e48_k3_mid_31_p5,train,0.1,5,64,5,0.078125
g_n24_e48_k3_mid_31,g_n24_e48_k3_mid_31_p5,train,0.15,7,64,17,0.265625
g_n24_e48_k3_mid_32,g_n24_e48_k3_mid_32_p0,validation,0.05,3,64,0,0.0
g_n24_e48_k3_mid_32,g_n24_e48_k3_mid_32_p0,validation,0.1,5,64,0,0.0
g_n24_e48_k3_mid_32,g_n24_e48_k3_mid_32_p0,validation,0.15,8,64,0,0.0
g_n24_e48_k3_mid_32,g_n24_e48_k3_mid_32_p3,validation,0.05,3,64,2,0.03125
g_n24_e48_k3_mid_32,g_n24_e48_k3_mid_32_p3,validation,0.1,5,64,8,0.125
g_n24_e48_k3_mid_32,g_n24_e48_k3_mid_32_p3,validation,0.15,7,64,11,0.171875
g_n24_e48_k3_mid_32,g_n24_e48_k3_mid_32_p5,validation,0.05,3,64,2,0.03125
g_n24_e48_k3_mid_32,g_n24_e48_k3_mid_32_p5,validation,0.1,5,64,5,0.078125
g_n24_e48_k3_mid_32,g_n24_e48_k3_mid_32_p5,validation,0.15,7,64,8,0.125
g_n24_e48_k3_mid_33,g_n24_e48_k3_mid_33_p0,train,0.05,3,64,0,0.0
g_n24_e48_k3_mid_33,g_n24_e48_k3_mid_33_p0,train,0.1,5,64,1,0.015625
g_n24_e48_k3_mid_33,g_n24_e48_k3_mid_33_p0,train,0.15,8,64,3,0.046875
g_n24_e48_k3_mid_33,g_n24_e48_k3_mid_33_p3,train,0.05,3,64,1,0.015625
g_n24_e48_k3_mid_33,g_n24_e48_k3_mid_33_p3,train,0.1,5,64,5,0.078125
g_n24_e48_k3_mid_33,g_n24_e48_k3_mid_33_p3,train,0.15,7,64,7,0.109375
g_n24_e48_k3_mid_33,g_n24_e48_k3_mid_33_p5,train,0.05,3,64,7,0.109375
g_n24_e48_k3_mid_33,g_n24_e48_k3_mid_33_p5,train,0.1,5,64,12,0.1875
g_n24_e48_k3_mid_33,g_n24_e48_k3_mid_33_p5,train,0.15,7,64,16,0.25
g_n24_e48_k3_mid_34,g_n24_e48_k3_mid_34_p0,train,0.05,3,64,0,0.0
g_n24_e48_k3_mid_34,g_n24_e48_k3_mid_34_p0,train,0.1,5,64,0,0.0
g_n24_e48_k3_mid_34,g_n24_e48_k3_mid_34_p0,train,0.15,8,64,2,0.03125
g_n24_e48_k3_mid_34,g_n24_e48_k3_mid_34_p3,train,0.05,3,64,0,0.0
g_n24_e48_k3_mid_34,g_n24_e48_k3_mid_34_p3,train,0.1,5,64,0,0.0
g_n24_e48_k3_mid_34,g_n24_e48_k3_mid_34_p3,train,0.15,7,64,2,0.03125
g_n24_e48_k3_mid_34,g_n24_e48_k3_mid_34_p5,train,0.05,3,64,1,0.015625
g_n24_e48_k3_mid_34,g_n24_e48_k3_mid_34_p5,train,0.1,5,64,2,0.03125
g_n24_e48_k3_mid_34,g_n24_e48_k3_mid_34_p5,train,0.15,7,64,5,0.078125
g_n24_e48_k3_mid_35,g_n24_e48_k3_mid_35_p0,validation,0.05,3,64,0,0.0
g_n24_e48_k3_mid_35,g_n24_e48_k3_mid_35_p0,validation,0.1,5,64,0,0.0
g_n24_e48_k3_mid_35,g_n24_e48_k3_mid_35_p0,validation,0.15,8,64,0,0.0
g_n24_e48_k3_mid_35,g_n24_e48_k3_mid_35_p3,validation,0.05,3,64,1,0.015625
g_n24_e48_k3_mid_35,g_n24_e48_k3_mid_35_p3,validation,0.1,5,64,1,0.015625
g_n24_e48_k3_mid_35,g_n24_e48_k3_mid_35_p3,validation,0.15,7,64,4,0.0625
g_n24_e48_k3_mid_35,g_n24_e48_k3_mid_35_p5,validation,0.05,3,64,11,0.171875
g_n24_e48_k3_mid_35,g_n24_e48_k3_mid_35_p5,validation,0.1,5,64,19,0.296875
g_n24_e48_k3_mid_35,g_n24_e48_k3_mid_35_p5,validation,0.15,7,64,24,0.375
g_n24_e48_k3_mid_36,g_n24_e48_k3_mid_36_p0,validation,0.05,3,64,0,0.0
g_n24_e48_k3_mid_36,g_n24_e48_k3_mid_36_p0,validation,0.1,5,64,1,0.015625
g_n24_e48_k3_mid_36,g_n24_e48_k3_mid_36_p0,validation,0.15,8,64,4,0.0625
g_n24_e48_k3_mid_36,g_n24_e48_k3_mid_36_p3,validation,0.05,3,64,1,0.015625
g_n24_e48_k3_mid_36,g_n24_e48_k3_mid_36_p3,validation,0.1,5,64,3,0.046875
g_n24_e48_k3_mid_36,g_n24_e48_k3_mid_36_p3,validation,0.15,7,64,5,0.078125
g_n24_e48_k3_mid_36,g_n24_e48_k3_mid_36_p5,validation,0.05,3,64,1,0.015625
g_n24_e48_k3_mid_36,g_n24_e48_k3_mid_36_p5,validation,0.1,5,64,3,0.046875
g_n24_e48_k3_mid_36,g_n24_e48_k3_mid_36_p5,validation,0.15,7,64,7,0.109375
g_n24_e48_k3_mid_37,g_n24_e48_k3_mid_37_p0,train,0.05,3,64,0,0.0
g_n24_e48_k3_mid_37,g_n24_e48_k3_mid_37_p0,train,0.1,5,64,0,0.0
g_n24_e48_k3_mid_37,g_n24_e48_k3_mid_37_p0,train,0.15,8,64,0,0.0
g_n24_e48_k3_mid_37,g_n24_e48_k3_mid_37_p3,train,0.05,3,64,1,0.015625
g_n24_e48_k3_mid_37,g_n24_e48_k3_mid_37_p3,train,0.1,5,64,2,0.03125
g_n24_e48_k3_mid_37,g_n24_e48_k3_mid_37_p3,train,0.15,7,64,3,0.046875
g_n24_e48_k3_mid_37,g_n24_e48_k3_mid_37_p5,train,0.05,3,64,7,0.109375
g_n24_e48_k3_mid_37,g_n24_e48_k3_mid_37_p5,train,0.1,5,64,18,0.28125
g_n24_e48_k3_mid_37,g_n24_e48_k3_mid_37_p5,train,0.15,7,64,23,0.359375
g_n24_e48_k3_mid_38,g_n24_e48_k3_mid_38_p0,train,0.05,3,64,0,0.0
g_n24_e48_k3_mid_38,g_n24_e48_k3_mid_38_p0,train,0.1,5,64,0,0.0
g_n24_e48_k3_mid_38,g_n24_e48_k3_mid_38_p0,train,0.15,8,64,1,0.015625
g_n24_e48_k3_mid_38,g_n24_e48_k3_mid_38_p3,train,0.05,3,64,0,0.0
g_n24_e48_k3_mid_38,g_n24_e48_k3_mid_38_p3,train,0.1,5,64,1,0.015625
g_n24_e48_k3_mid_38,g_n24_e48_k3_mid_38_p3,train,0.15,7,64,6,0.09375
g_n24_e48_k3_mid_38,g_n24_e48_k3_mid_38_p5,train,0.05,3,64,2,0.03125
g_n24_e48_k3_mid_38,g_n24_e48_k3_mid_38_p5,train,0.1,5,64,6,0.09375
g_n24_e48_k3_mid_38,g_n24_e48_k3_mid_38_p5,train,0.15,7,64,11,0.171875
g_n24_e48_k3_mid_39,g_n24_e48_k3_mid_39_p0,train,0.05,3,64,0,0.0
g_n24_e48_k3_mid_39,g_n24_e48_k3_mid_39_p0,train,0.1,5,64,2,0.03125
g_n24_e48_k3_mid_39,g_n24_e48_k3_mid_39_p0,train,0.15,8,64,4,0.0625
g_n24_e48_k3_mid_39,g_n24_e48_k3_mid_39_p3,train,0.05,3,64,0,0.0
g_n24_e48_k3_mid_39,g_n24_e48_k3_mid_39_p3,train,0.1,5,64,4,0.0625
g_n24_e48_k3_mid_39,g_n24_e48_k3_mid_39_p3,train,0.15,7,64,10,0.15625
g_n24_e48_k3_mid_39,g_n24_e48_k3_mid_39_p5,train,0.05,3,64,3,0.046875
g_n24_e48_k3_mid_39,g_n24_e48_k3_mid_39_p5,train,0.1,5,64,6,0.09375
g_n24_e48_k3_mid_39,g_n24_e48_k3_mid_39_p5,train,0.15,7,64,7,0.109375
g_n24_e48_k3_mid_40,g_n24_e48_k3_mid_40_p0,train,0.05,3,64,0,0.0
g_n24_e48_k3_mid_40,g_n24_e48_k3_mid_40_p0,train,0.1,5,64,0,0.0
g_n24_e48_k3_mid_40,g_n24_e48_k3_mid_40_p0,train,0.15,8,64,4,0.0625
g_n24_e48_k3_mid_40,g_n24_e48_k3_mid_40_p3,train,0.05,3,64,0,0.0
g_n24_e48_k3_mid_40,g_n24_e48_k3_mid_40_p3,train,0.1,5,64,2,0.03125
g_n24_e48_k3_mid_40,g_n24_e48_k3_mid_40_p3,train,0.15,7,64,6,0.09375
g_n24_e48_k3_mid_40,g_n24_e48_k3_mid_40_p5,train,0.05,3,64,1,0.015625
g_n24_e48_k3_mid_40,g_n24_e48_k3_mid_40_p5,train,0.1,5,64,6,0.09375
g_n24_e48_k3_mid_40,g_n24_e48_k3_mid_40_p5,train,0.15,7,64,12,0.1875
g_n24_e48_k3_mid_41,g_n24_e48_k3_mid_41_p0,train,0.05,3,64,0,0.0
g_n24_e48_k3_mid_41,g_n24_e48_k3_mid_41_p0,train,0.1,5,64,1,0.015625
g_n24_e48_k3_mid_41,g_n24_e48_k3_mid_41_p0,train,0.15,8,64,2,0.03125
g_n24_e48_k3_mid_41,g_n24_e48_k3_mid_41_p3,train,0.05,3,64,0,0.0
g_n24_e48_k3_mid_41,g_n24_e48_k3_mid_41_p3,train,0.1,5,64,1,0.015625
g_n24_e48_k3_mid_41,g_n24_e48_k3_mid_41_p3,train,0.15,7,64,3,0.046875
g_n24_e48_k3_mid_41,g_n24_e48_k3_mid_41_p5,train,0.05,3,64,1,0.015625
g_n24_e48_k3_mid_41,g_n24_e48_k3_mid_41_p5,train,0.1,5,64,4,0.0625
g_n24_e48_k3_mid_41,g_n24_e48_k3_mid_41_p5,train,0.15,7,64,5,0.078125
g_n24_e48_k3_mid_42,g_n24_e48_k3_mid_42_p0,validation,0.05,3,64,0,0.0
g_n24_e48_k3_mid_42,g_n24_e48_k3_mid_42_p0,validation,0.1,5,64,1,0.015625
g_n24_e48_k3_mid_42,g_n24_e48_k3_mid_42_p0,validation,0.15,8,64,4,0.0625
g_n24_e48_k3_mid_42,g_n24_e48_k3_mid_42_p3,validation,0.05,3,64,0,0.0
g_n24_e48_k3_mid_42,g_n24_e48_k3_mid_42_p3,validation,0.1,5,64,0,0.0
g_n24_e48_k3_mid_42,g_n24_e48_k3_mid_42_p3,validation,0.15,7,64,1,0.015625
g_n24_e48_k3_mid_42,g_n24_e48_k3_mid_42_p5,validation,0.05,3,64,2,0.03125
g_n24_e48_k3_mid_42,g_n24_e48_k3_mid_42_p5,validation,0.1,5,64,5,0.078125
g_n24_e48_k3_mid_42,g_n24_e48_k3_mid_42_p5,validation,0.15,7,64,9,0.140625
g_n24_e48_k3_mid_43,g_n24_e48_k3_mid_43_p0,train,0.05,3,64,0,0.0
g_n24_e48_k3_mid_43,g_n24_e48_k3_mid_43_p0,train,0.1,5,64,0,0.0
g_n24_e48_k3_mid_43,g_n24_e48_k3_mid_43_p0,train,0.15,8,64,4,0.0625
g_n24_e48_k3_mid_43,g_n24_e48_k3_mid_43_p3,train,0.05,3,64,1,0.015625
g_n24_e48_k3_mid_43,g_n24_e48_k3_mid_43_p3,train,0.1,5,64,2,0.03125
g_n24_e48_k3_mid_43,g_n24_e48_k3_mid_43_p3,train,0.15,7,64,5,0.078125
g_n24_e48_k3_mid_43,g_n24_e48_k3_mid_43_p5,train,0.05,3,64,4,0.0625
g_n24_e48_k3_mid_43,g_n24_e48_k3_mid_43_p5,train,0.1,5,64,9,0.140625
g_n24_e48_k3_mid_43,g_n24_e48_k3_mid_43_p5,train,0.15,7,64,19,0.296875
g_n24_e48_k3_mid_44,g_n24_e48_k3_mid_44_p0,train,0.05,3,64,0,0.0
g_n24_e48_k3_mid_44,g_n24_e48_k3_mid_44_p0,train,0.1,5,64,1,0.015625
g_n24_e48_k3_mid_44,g_n24_e48_k3_mid_44_p0,train,0.15,8,64,2,0.03125
g_n24_e48_k3_mid_44,g_n24_e48_k3_mid_44_p3,train,0.05,3,64,1,0.015625
g_n24_e48_k3_mid_44,g_n24_e48_k3_mid_44_p3,train,0.1,5,64,3,0.046875
g_n24_e48_k3_mid_44,g_n24_e48_k3_mid_44_p3,train,0.15,7,64,5,0.078125
g_n24_e48_k3_mid_44,g_n24_e48_k3_mid_44_p5,train,0.05,3,64,0,0.0
g_n24_e48_k3_mid_44,g_n24_e48_k3_mid_44_p5,train,0.1,5,64,0,0.0
g_n24_e48_k3_mid_44,g_n24_e48_k3_mid_44_p5,train,0.15,7,64,3,0.046875
g_n24_e48_k3_mid_45,g_n24_e48_k3_mid_45_p0,train,0.05,3,64,0,0.0
g_n24_e48_k3_mid_45,g_n24_e48_k3_mid_45_p0,train,0.1,5,64,0,0.0
g_n24_e48_k3_mid_45,g_n24_e48_k3_mid_45_p0,train,0.15,8,64,2,0.03125
g_n24_e48_k3_mid_45,g_n24_e48_k3_mid_45_p3,train,0.05,3,64,0,0.0
g_n24_e48_k3_mid_45,g_n24_e48_k3_mid_45_p3,train,0.1,5,64,2,0.03125
g_n24_e48_k3_mid_45,g_n24_e48_k3_mid_45_p3,train,0.15,7,64,2,0.03125
g_n24_e48_k3_mid_45,g_n24_e48_k3_mid_45_p5,train,0.05,3,64,1,0.015625
g_n24_e48_k3_mid_45,g_n24_e48_k3_mid_45_p5,train,0.1,5,64,5,0.078125
g_n24_e48_k3_mid_45,g_n24_e48_k3_mid_45_p5,train,0.15,7,64,8,0.125
g_n24_e48_k3_mid_46,g_n24_e48_k3_mid_46_p0,test,0.05,3,64,0,0.0
g_n24_e48_k3_mid_46,g_n24_e48_k3_mid_46_p0,test,0.1,5,64,0,0.0
g_n24_e48_k3_mid_46,g_n24_e48_k3_mid_46_p0,test,0.15,8,64,0,0.0
g_n24_e48_k3_mid_46,g_n24_e48_k3_mid_46_p3,test,0.05,3,64,0,0.0
g_n24_e48_k3_mid_46,g_n24_e48_k3_mid_46_p3,test,0.1,5,64,1,0.015625
g_n24_e48_k3_mid_46,g_n24_e48_k3_mid_46_p3,test,0.15,7,64,4,0.0625
g_n24_e48_k3_mid_46,g_n24_e48_k3_mid_46_p5,test,0.05,3,64,0,0.0
g_n24_e48_k3_mid_46,g_n24_e48_k3_mid_46_p5,test,0.1,5,64,3,0.046875
g_n24_e48_k3_mid_46,g_n24_e48_k3_mid_46_p5,test,0.15,7,64,6,0.09375
g_n24_e48_k3_mid_47,g_n24_e48_k3_mid_47_p0,validation,0.05,3,64,0,0.0
g_n24_e48_k3_mid_47,g_n24_e48_k3_mid_47_p0,validation,0.1,5,64,0,0.0
g_n24_e48_k3_mid_47,g_n24_e48_k3_mid_47_p0,validation,0.15,8,64,4,0.0625
g_n24_e48_k3_mid_47,g_n24_e48_k3_mid_47_p3,validation,0.05,3,64,0,0.0
g_n24_e48_k3_mid_47,g_n24_e48_k3_mid_47_p3,validation,0.1,5,64,0,0.0
g_n24_e48_k3_mid_47,g_n24_e48_k3_mid_47_p3,validation,0.15,7,64,2,0.03125
g_n24_e48_k3_mid_47,g_n24_e48_k3_mid_47_p5,validation,0.05,3,64,0,0.0
g_n24_e48_k3_mid_47,g_n24_e48_k3_mid_47_p5,validation,0.1,5,64,1,0.015625
g_n24_e48_k3_mid_47,g_n24_e48_k3_mid_47_p5,validation,0.15,7,64,5,0.078125
g_n24_e48_k3_mid_48,g_n24_e48_k3_mid_48_p0,train,0.05,3,64,0,0.0
g_n24_e48_k3_mid_48,g_n24_e48_k3_mid_48_p0,train,0.1,5,64,0,0.0
g_n24_e48_k3_mid_48,g_n24_e48_k3_mid_48_p0,train,0.15,8,64,1,0.015625
g_n24_e48_k3_mid_48,g_n24_e48_k3_mid_48_p3,train,0.05,3,64,1,0.015625
g_n24_e48_k3_mid_48,g_n24_e48_k3_mid_48_p3,train,0.1,5,64,1,0.015625
g_n24_e48_k3_mid_48,g_n24_e48_k3_mid_48_p3,train,0.15,7,64,2,0.03125
g_n24_e48_k3_mid_48,g_n24_e48_k3_mid_48_p5,train,0.05,3,64,2,0.03125
g_n24_e48_k3_mid_48,g_n24_e48_k3_mid_48_p5,train,0.1,5,64,2,0.03125
g_n24_e48_k3_mid_48,g_n24_e48_k3_mid_48_p5,train,0.15,7,64,7,0.109375
g_n24_e48_k3_mid_49,g_n24_e48_k3_mid_49_p0,test,0.05,3,64,0,0.0
g_n24_e48_k3_mid_49,g_n24_e48_k3_mid_49_p0,test,0.1,5,64,0,0.0
g_n24_e48_k3_mid_49,g_n24_e48_k3_mid_49_p0,test,0.15,8,64,2,0.03125
g_n24_e48_k3_mid_49,g_n24_e48_k3_mid_49_p3,test,0.05,3,64,6,0.09375
g_n24_e48_k3_mid_49,g_n24_e48_k3_mid_49_p3,test,0.1,5,64,10,0.15625
g_n24_e48_k3_mid_49,g_n24_e48_k3_mid_49_p3,test,0.15,7,64,14,0.21875
g_n24_e48_k3_mid_49,g_n24_e48_k3_mid_49_p5,test,0.05,3,64,2,0.03125
g_n24_e48_k3_mid_49,g_n24_e48_k3_mid_49_p5,test,0.1,5,64,2,0.03125
g_n24_e48_k3_mid_49,g_n24_e48_k3_mid_49_p5,test,0.15,7,64,4,0.0625
g_n24_e48_k3_mid_50,g_n24_e48_k3_mid_50_p0,test,0.05,3,64,0,0.0
g_n24_e48_k3_mid_50,g_n24_e48_k3_mid_50_p0,test,0.1,5,64,0,0.0
g_n24_e48_k3_mid_50,g_n24_e48_k3_mid_50_p0,test,0.15,8,64,1,0.015625
g_n24_e48_k3_mid_50,g_n24_e48_k3_mid_50_p3,test,0.05,3,64,0,0.0
g_n24_e48_k3_mid_50,g_n24_e48_k3_mid_50_p3,test,0.1,5,64,2,0.03125
g_n24_e48_k3_mid_50,g_n24_e48_k3_mid_50_p3,test,0.15,7,64,9,0.140625
g_n24_e48_k3_mid_50,g_n24_e48_k3_mid_50_p5,test,0.05,3,64,0,0.0
g_n24_e48_k3_mid_50,g_n24_e48_k3_mid_50_p5,test,0.1,5,64,1,0.015625
g_n24_e48_k3_mid_50,g_n24_e48_k3_mid_50_p5,test,0.15,7,64,4,0.0625
g_n24_e48_k3_mid_51,g_n24_e48_k3_mid_51_p0,train,0.05,3,64,0,0.0
g_n24_e48_k3_mid_51,g_n24_e48_k3_mid_51_p0,train,0.1,5,64,0,0.0
g_n24_e48_k3_mid_51,g_n24_e48_k3_mid_51_p0,train,0.15,8,64,2,0.03125
g_n24_e48_k3_mid_51,g_n24_e48_k3_mid_51_p3,train,0.05,3,64,2,0.03125
g_n24_e48_k3_mid_51,g_n24_e48_k3_mid_51_p3,train,0.1,5,64,2,0.03125
g_n24_e48_k3_mid_51,g_n24_e48_k3_mid_51_p3,train,0.15,7,64,4,0.0625
g_n24_e48_k3_mid_51,g_n24_e48_k3_mid_51_p5,train,0.05,3,64,8,0.125
g_n24_e48_k3_mid_51,g_n24_e48_k3_mid_51_p5,train,0.1,5,64,12,0.1875
g_n24_e48_k3_mid_51,g_n24_e48_k3_mid_51_p5,train,0.15,7,64,17,0.265625
g_n24_e48_k3_mid_52,g_n24_e48_k3_mid_52_p0,train,0.05,3,64,0,0.0
g_n24_e48_k3_mid_52,g_n24_e48_k3_mid_52_p0,train,0.1,5,64,0,0.0
g_n24_e48_k3_mid_52,g_n24_e48_k3_mid_52_p0,train,0.15,8,64,2,0.03125
g_n24_e48_k3_mid_52,g_n24_e48_k3_mid_52_p3,train,0.05,3,64,0,0.0
g_n24_e48_k3_mid_52,g_n24_e48_k3_mid_52_p3,train,0.1,5,64,3,0.046875
g_n24_e48_k3_mid_52,g_n24_e48_k3_mid_52_p3,train,0.15,7,64,3,0.046875
g_n24_e48_k3_mid_52,g_n24_e48_k3_mid_52_p5,train,0.05,3,64,3,0.046875
g_n24_e48_k3_mid_52,g_n24_e48_k3_mid_52_p5,train,0.1,5,64,3,0.046875
g_n24_e48_k3_mid_52,g_n24_e48_k3_mid_52_p5,train,0.15,7,64,8,0.125
g_n24_e48_k3_mid_53,g_n24_e48_k3_mid_53_p0,train,0.05,3,64,0,0.0
g_n24_e48_k3_mid_53,g_n24_e48_k3_mid_53_p0,train,0.1,5,64,0,0.0
g_n24_e48_k3_mid_53,g_n24_e48_k3_mid_53_p0,train,0.15,8,64,1,0.015625
g_n24_e48_k3_mid_53,g_n24_e48_k3_mid_53_p3,train,0.05,3,64,0,0.0
g_n24_e48_k3_mid_53,g_n24_e48_k3_mid_53_p3,train,0.1,5,64,2,0.03125
g_n24_e48_k3_mid_53,g_n24_e48_k3_mid_53_p3,train,0.15,7,64,3,0.046875
g_n24_e48_k3_mid_53,g_n24_e48_k3_mid_53_p5,train,0.05,3,64,0,0.0
g_n24_e48_k3_mid_53,g_n24_e48_k3_mid_53_p5,train,0.1,5,64,2,0.03125
g_n24_e48_k3_mid_53,g_n24_e48_k3_mid_53_p5,train,0.15,7,64,6,0.09375
g_n24_e48_k3_mid_54,g_n24_e48_k3_mid_54_p0,test,0.05,3,64,0,0.0
g_n24_e48_k3_mid_54,g_n24_e48_k3_mid_54_p0,test,0.1,5,64,1,0.015625
g_n24_e48_k3_mid_54,g_n24_e48_k3_mid_54_p0,test,0.15,8,64,3,0.046875
g_n24_e48_k3_mid_54,g_n24_e48_k3_mid_54_p3,test,0.05,3,64,0,0.0
g_n24_e48_k3_mid_54,g_n24_e48_k3_mid_54_p3,test,0.1,5,64,0,0.0
g_n24_e48_k3_mid_54,g_n24_e48_k3_mid_54_p3,test,0.15,7,64,2,0.03125
g_n24_e48_k3_mid_54,g_n24_e48_k3_mid_54_p5,test,0.05,3,64,2,0.03125
g_n24_e48_k3_mid_54,g_n24_e48_k3_mid_54_p5,test,0.1,5,64,4,0.0625
g_n24_e48_k3_mid_54,g_n24_e48_k3_mid_54_p5,test,0.15,7,64,8,0.125
g_n24_e48_k3_mid_55,g_n24_e48_k3_mid_55_p0,test,0.05,3,64,0,0.0
g_n24_e48_k3_mid_55,g_n24_e48_k3_mid_55_p0,test,0.1,5,64,0,0.0
g_n24_e48_k3_mid_55,g_n24_e48_k3_mid_55_p0,test,0.15,8,64,1,0.015625
g_n24_e48_k3_mid_55,g_n24_e48_k3_mid_55_p3,test,0.05,3,64,0,0.0
g_n24_e48_k3_mid_55,g_n24_e48_k3_mid_55_p3,test,0.1,5,64,2,0.03125
g_n24_e48_k3_mid_55,g_n24_e48_k3_mid_55_p3,test,0.15,7,64,7,0.109375
g_n24_e48_k3_mid_55,g_n24_e48_k3_mid_55_p5,test,0.05,3,64,3,0.046875
g_n24_e48_k3_mid_55,g_n24_e48_k3_mid_55_p5,test,0.1,5,64,6,0.09375
g_n24_e48_k3_mid_55,g_n24_e48_k3_mid_55_p5,test,0.15,7,64,11,0.171875
g_n24_e48_k3_mid_56,g_n24_e48_k3_mid_56_p0,test,0.05,3,64,0,0.0
g_n24_e48_k3_mid_56,g_n24_e48_k3_mid_56_p0,test,0.1,5,64,1,0.015625
g_n24_e48_k3_mid_56,g_n24_e48_k3_mid_56_p0,test,0.15,8,64,1,0.015625
g_n24_e48_k3_mid_56,g_n24_e48_k3_mid_56_p3,test,0.05,3,64,0,0.0
g_n24_e48_k3_mid_56,g_n24_e48_k3_mid_56_p3,test,0.1,5,64,2,0.03125
g_n24_e48_k3_mid_56,g_n24_e48_k3_mid_56_p3,test,0.15,7,64,7,0.109375
g_n24_e48_k3_mid_56,g_n24_e48_k3_mid_56_p5,test,0.05,3,64,0,0.0
g_n24_e48_k3_mid_56,g_n24_e48_k3_mid_56_p5,test,0.1,5,64,2,0.03125
g_n24_e48_k3_mid_56,g_n24_e48_k3_mid_56_p5,test,0.15,7,64,4,0.0625
g_n24_e48_k3_mid_57,g_n24_e48_k3_mid_57_p0,train,0.05,3,64,0,0.0
g_n24_e48_k3_mid_57,g_n24_e48_k3_mid_57_p0,train,0.1,5,64,0,0.0
g_n24_e48_k3_mid_57,g_n24_e48_k3_mid_57_p0,train,0.15,8,64,2,0.03125
g_n24_e48_k3_mid_57,g_n24_e48_k3_mid_57_p3,train,0.05,3,64,0,0.0
g_n24_e48_k3_mid_57,g_n24_e48_k3_mid_57_p3,train,0.1,5,64,2,0.03125
g_n24_e48_k3_mid_57,g_n24_e48_k3_mid_57_p3,train,0.15,7,64,5,0.078125
g_n24_e48_k3_mid_57,g_n24_e48_k3_mid_57_p5,train,0.05,3,64,4,0.0625
g_n24_e48_k3_mid_57,g_n24_e48_k3_mid_57_p5,train,0.1,5,64,12,0.1875
g_n24_e48_k3_mid_57,g_n24_e48_k3_mid_57_p5,train,0.15,7,64,14,0.21875
g_n24_e48_k3_mid_58,g_n24_e48_k3_mid_58_p0,train,0.05,3,64,0,0.0
g_n24_e48_k3_mid_58,g_n24_e48_k3_mid_58_p0,train,0.1,5,64,0,0.0
g_n24_e48_k3_mid_58,g_n24_e48_k3_mid_58_p0,train,0.15,8,64,1,0.015625
g_n24_e48_k3_mid_58,g_n24_e48_k3_mid_58_p3,train,0.05,3,64,1,0.015625
g_n24_e48_k3_mid_58,g_n24_e48_k3_mid_58_p3,train,0.1,5,64,3,0.046875
g_n24_e48_k3_mid_58,g_n24_e48_k3_mid_58_p3,train,0.15,7,64,7,0.109375
g_n24_e48_k3_mid_58,g_n24_e48_k3_mid_58_p5,train,0.05,3,64,2,0.03125
g_n24_e48_k3_mid_58,g_n24_e48_k3_mid_58_p5,train,0.1,5,64,5,0.078125
g_n24_e48_k3_mid_58,g_n24_e48_k3_mid_58_p5,train,0.15,7,64,8,0.125
g_n24_e48_k3_mid_59,g_n24_e48_k3_mid_59_p0,train,0.05,3,64,0,0.0
g_n24_e48_k3_mid_59,g_n24_e48_k3_mid_59_p0,train,0.1,5,64,0,0.0
g_n24_e48_k3_mid_59,g_n24_e48_k3_mid_59_p0,train,0.15,8,64,1,0.015625
g_n24_e48_k3_mid_59,g_n24_e48_k3_mid_59_p3,train,0.05,3,64,0,0.0
g_n24_e48_k3_mid_59,g_n24_e48_k3_mid_59_p3,train,0.1,5,64,3,0.046875
g_n24_e48_k3_mid_59,g_n24_e48_k3_mid_59_p3,train,0.15,7,64,6,0.09375
g_n24_e48_k3_mid_59,g_n24_e48_k3_mid_59_p5,train,0.05,3,64,8,0.125
g_n24_e48_k3_mid_59,g_n24_e48_k3_mid_59_p5,train,0.1,5,64,16,0.25
g_n24_e48_k3_mid_59,g_n24_e48_k3_mid_59_p5,train,0.15,7,64,25,0.390625
g_n24_e48_k3_high_60,g_n24_e48_k3_high_60_p0,train,0.05,3,64,0,0.0
g_n24_e48_k3_high_60,g_n24_e48_k3_high_60_p0,train,0.1,5,64,0,0.0
g_n24_e48_k3_high_60,g_n24_e48_k3_high_60_p0,train,0.15,8,64,3,0.046875
g_n24_e48_k3_high_60,g_n24_e48_k3_high_60_p3,train,0.05,3,64,1,0.015625
g_n24_e48_k3_high_60,g_n24_e48_k3_high_60_p3,train,0.1,5,64,2,0.03125
g_n24_e48_k3_high_60,g_n24_e48_k3_high_60_p3,train,0.15,7,64,7,0.109375
g_n24_e48_k3_high_60,g_n24_e48_k3_high_60_p5,train,0.05,3,64,1,0.015625
g_n24_e48_k3_high_60,g_n24_e48_k3_high_60_p5,train,0.1,5,64,6,0.09375
g_n24_e48_k3_high_60,g_n24_e48_k3_high_60_p5,train,0.15,7,64,11,0.171875
g_n24_e48_k3_high_61,g_n24_e48_k3_high_61_p0,train,0.05,3,64,0,0.0
g_n24_e48_k3_high_61,g_n24_e48_k3_high_61_p0,train,0.1,5,64,2,0.03125
g_n24_e48_k3_high_61,g_n24_e48_k3_high_61_p0,train,0.15,8,64,2,0.03125
g_n24_e48_k3_high_61,g_n24_e48_k3_high_61_p3,train,0.05,3,64,0,0.0
g_n24_e48_k3_high_61,g_n24_e48_k3_high_61_p3,train,0.1,5,64,1,0.015625
g_n24_e48_k3_high_61,g_n24_e48_k3_high_61_p3,train,0.15,7,64,6,0.09375
g_n24_e48_k3_high_61,g_n24_e48_k3_high_61_p5,train,0.05,3,64,0,0.0
g_n24_e48_k3_high_61,g_n24_e48_k3_high_61_p5,train,0.1,5,64,3,0.046875
g_n24_e48_k3_high_61,g_n24_e48_k3_high_61_p5,train,0.15,7,64,8,0.125
g_n24_e48_k3_high_62,g_n24_e48_k3_high_62_p0,train,0.05,3,64,0,0.0
g_n24_e48_k3_high_62,g_n24_e48_k3_high_62_p0,train,0.1,5,64,0,0.0
g_n24_e48_k3_high_62,g_n24_e48_k3_high_62_p0,train,0.15,8,64,1,0.015625
g_n24_e48_k3_high_62,g_n24_e48_k3_high_62_p3,train,0.05,3,64,0,0.0
g_n24_e48_k3_high_62,g_n24_e48_k3_high_62_p3,train,0.1,5,64,0,0.0
g_n24_e48_k3_high_62,g_n24_e48_k3_high_62_p3,train,0.15,7,64,2,0.03125
g_n24_e48_k3_high_62,g_n24_e48_k3_high_62_p5,train,0.05,3,64,6,0.09375
g_n24_e48_k3_high_62,g_n24_e48_k3_high_62_p5,train,0.1,5,64,12,0.1875
g_n24_e48_k3_high_62,g_n24_e48_k3_high_62_p5,train,0.15,7,64,27,0.421875
g_n24_e48_k3_high_63,g_n24_e48_k3_high_63_p0,train,0.05,3,64,0,0.0
g_n24_e48_k3_high_63,g_n24_e48_k3_high_63_p0,train,0.1,5,64,0,0.0
g_n24_e48_k3_high_63,g_n24_e48_k3_high_63_p0,train,0.15,8,64,3,0.046875
g_n24_e48_k3_high_63,g_n24_e48_k3_high_63_p3,train,0.05,3,64,1,0.015625
g_n24_e48_k3_high_63,g_n24_e48_k3_high_63_p3,train,0.1,5,64,2,0.03125
g_n24_e48_k3_high_63,g_n24_e48_k3_high_63_p3,train,0.15,7,64,4,0.0625
g_n24_e48_k3_high_63,g_n24_e48_k3_high_63_p5,train,0.05,3,64,0,0.0
g_n24_e48_k3_high_63,g_n24_e48_k3_high_63_p5,train,0.1,5,64,0,0.0
g_n24_e48_k3_high_63,g_n24_e48_k3_high_63_p5,train,0.15,7,64,3,0.046875
g_n24_e48_k3_high_64,g_n24_e48_k3_high_64_p0,validation,0.05,3,64,0,0.0
g_n24_e48_k3_high_64,g_n24_e48_k3_high_64_p0,validation,0.1,5,64,1,0.015625
g_n24_e48_k3_high_64,g_n24_e48_k3_high_64_p0,validation,0.15,8,64,1,0.015625
g_n24_e48_k3_high_64,g_n24_e48_k3_high_64_p3,validation,0.05,3,64,0,0.0
g_n24_e48_k3_high_64,g_n24_e48_k3_high_64_p3,validation,0.1,5,64,1,0.015625
g_n24_e48_k3_high_64,g_n24_e48_k3_high_64_p3,validation,0.15,7,64,6,0.09375
g_n24_e48_k3_high_64,g_n24_e48_k3_high_64_p5,validation,0.05,3,64,0,0.0
g_n24_e48_k3_high_64,g_n24_e48_k3_high_64_p5,validation,0.1,5,64,2,0.03125
g_n24_e48_k3_high_64,g_n24_e48_k3_high_64_p5,validation,0.15,7,64,3,0.046875
g_n24_e48_k3_high_65,g_n24_e48_k3_high_65_p0,validation,0.05,3,64,0,0.0
g_n24_e48_k3_high_65,g_n24_e48_k3_high_65_p0,validation,0.1,5,64,0,0.0
g_n24_e48_k3_high_65,g_n24_e48_k3_high_65_p0,validation,0.15,8,64,1,0.015625
g_n24_e48_k3_high_65,g_n24_e48_k3_high_65_p3,validation,0.05,3,64,0,0.0
g_n24_e48_k3_high_65,g_n24_e48_k3_high_65_p3,validation,0.1,5,64,0,0.0
g_n24_e48_k3_high_65,g_n24_e48_k3_high_65_p3,validation,0.15,7,64,2,0.03125
g_n24_e48_k3_high_65,g_n24_e48_k3_high_65_p5,validation,0.05,3,64,1,0.015625
g_n24_e48_k3_high_65,g_n24_e48_k3_high_65_p5,validation,0.1,5,64,5,0.078125
g_n24_e48_k3_high_65,g_n24_e48_k3_high_65_p5,validation,0.15,7,64,10,0.15625
g_n24_e48_k3_high_66,g_n24_e48_k3_high_66_p0,train,0.05,3,64,0,0.0
g_n24_e48_k3_high_66,g_n24_e48_k3_high_66_p0,train,0.1,5,64,0,0.0
g_n24_e48_k3_high_66,g_n24_e48_k3_high_66_p0,train,0.15,8,64,2,0.03125
g_n24_e48_k3_high_66,g_n24_e48_k3_high_66_p3,train,0.05,3,64,3,0.046875
g_n24_e48_k3_high_66,g_n24_e48_k3_high_66_p3,train,0.1,5,64,9,0.140625
g_n24_e48_k3_high_66,g_n24_e48_k3_high_66_p3,train,0.15,7,64,16,0.25
g_n24_e48_k3_high_66,g_n24_e48_k3_high_66_p5,train,0.05,3,64,0,0.0
g_n24_e48_k3_high_66,g_n24_e48_k3_high_66_p5,train,0.1,5,64,3,0.046875
g_n24_e48_k3_high_66,g_n24_e48_k3_high_66_p5,train,0.15,7,64,10,0.15625
g_n24_e48_k3_high_67,g_n24_e48_k3_high_67_p0,test,0.05,3,64,0,0.0
g_n24_e48_k3_high_67,g_n24_e48_k3_high_67_p0,test,0.1,5,64,0,0.0
g_n24_e48_k3_high_67,g_n24_e48_k3_high_67_p0,test,0.15,8,64,1,0.015625
g_n24_e48_k3_high_67,g_n24_e48_k3_high_67_p3,test,0.05,3,64,0,0.0
g_n24_e48_k3_high_67,g_n24_e48_k3_high_67_p3,test,0.1,5,64,0,0.0
g_n24_e48_k3_high_67,g_n24_e48_k3_high_67_p3,test,0.15,7,64,2,0.03125
g_n24_e48_k3_high_67,g_n24_e48_k3_high_67_p5,test,0.05,3,64,0,0.0
g_n24_e48_k3_high_67,g_n24_e48_k3_high_67_p5,test,0.1,5,64,1,0.015625
g_n24_e48_k3_high_67,g_n24_e48_k3_high_67_p5,test,0.15,7,64,5,0.078125
g_n24_e48_k3_high_68,g_n24_e48_k3_high_68_p0,validation,0.05,3,64,0,0.0
g_n24_e48_k3_high_68,g_n24_e48_k3_high_68_p0,validation,0.1,5,64,1,0.015625
g_n24_e48_k3_high_68,g_n24_e48_k3_high_68_p0,validation,0.15,8,64,3,0.046875
g_n24_e48_k3_high_68,g_n24_e48_k3_high_68_p3,validation,0.05,3,64,0,0.0
g_n24_e48_k3_high_68,g_n24_e48_k3_high_68_p3,validation,0.1,5,64,2,0.03125
g_n24_e48_k3_high_68,g_n24_e48_k3_high_68_p3,validation,0.15,7,64,6,0.09375
g_n24_e48_k3_high_68,g_n24_e48_k3_high_68_p5,validation,0.05,3,64,1,0.015625
g_n24_e48_k3_high_68,g_n24_e48_k3_high_68_p5,validation,0.1,5,64,3,0.046875
g_n24_e48_k3_high_68,g_n24_e48_k3_high_68_p5,validation,0.15,7,64,9,0.140625
g_n24_e48_k3_high_69,g_n24_e48_k3_high_69_p0,train,0.05,3,64,0,0.0
g_n24_e48_k3_high_69,g_n24_e48_k3_high_69_p0,train,0.1,5,64,0,0.0
g_n24_e48_k3_high_69,g_n24_e48_k3_high_69_p0,train,0.15,8,64,3,0.046875
g_n24_e48_k3_high_69,g_n24_e48_k3_high_69_p3,train,0.05,3,64,4,0.0625
g_n24_e48_k3_high_69,g_n24_e48_k3_high_69_p3,train,0.1,5,64,10,0.15625
g_n24_e48_k3_high_69,g_n24_e48_k3_high_69_p3,train,0.15,7,64,13,0.203125
g_n24_e48_k3_high_69,g_n24_e48_k3_high_69_p5,train,0.05,3,64,0,0.0
g_n24_e48_k3_high_69,g_n24_e48_k3_high_69_p5,train,0.1,5,64,3,0.046875
g_n24_e48_k3_high_69,g_n24_e48_k3_high_69_p5,train,0.15,7,64,9,0.140625
g_n24_e48_k3_high_70,g_n24_e48_k3_high_70_p0,train,0.05,3,64,0,0.0
g_n24_e48_k3_high_70,g_n24_e48_k3_high_70_p0,train,0.1,5,64,0,0.0
g_n24_e48_k3_high_70,g_n24_e48_k3_high_70_p0,train,0.15,8,64,5,0.078125
g_n24_e48_k3_high_70,g_n24_e48_k3_high_70_p3,train,0.05,3,64,0,0.0
g_n24_e48_k3_high_70,g_n24_e48_k3_high_70_p3,train,0.1,5,64,1,0.015625
g_n24_e48_k3_high_70,g_n24_e48_k3_high_70_p3,train,0.15,7,64,4,0.0625
g_n24_e48_k3_high_70,g_n24_e48_k3_high_70_p5,train,0.05,3,64,2,0.03125
g_n24_e48_k3_high_70,g_n24_e48_k3_high_70_p5,train,0.1,5,64,3,0.046875
g_n24_e48_k3_high_70,g_n24_e48_k3_high_70_p5,train,0.15,7,64,8,0.125
g_n24_e48_k3_high_71,g_n24_e48_k3_high_71_p0,test,0.05,3,64,0,0.0
g_n24_e48_k3_high_71,g_n24_e48_k3_high_71_p0,test,0.1,5,64,0,0.0
g_n24_e48_k3_high_71,g_n24_e48_k3_high_71_p0,test,0.15,8,64,1,0.015625
g_n24_e48_k3_high_71,g_n24_e48_k3_high_71_p3,test,0.05,3,64,0,0.0
g_n24_e48_k3_high_71,g_n24_e48_k3_high_71_p3,test,0.1,5,64,0,0.0
g_n24_e48_k3_high_71,g_n24_e48_k3_high_71_p3,test,0.15,7,64,5,0.078125
g_n24_e48_k3_high_71,g_n24_e48_k3_high_71_p5,test,0.05,3,64,0,0.0
g_n24_e48_k3_high_71,g_n24_e48_k3_high_71_p5,test,0.1,5,64,3,0.046875
g_n24_e48_k3_high_71,g_n24_e48_k3_high_71_p5,test,0.15,7,64,4,0.0625
g_n24_e48_k3_high_72,g_n24_e48_k3_high_72_p0,train,0.05,3,64,0,0.0
g_n24_e48_k3_high_72,g_n24_e48_k3_high_72_p0,train,0.1,5,64,0,0.0
g_n24_e48_k3_high_72,g_n24_e48_k3_high_72_p0,train,0.15,8,64,2,0.03125
g_n24_e48_k3_high_72,g_n24_e48_k3_high_72_p3,train,0.05,3,64,0,0.0
g_n24_e48_k3_high_72,g_n24_e48_k3_high_72_p3,train,0.1,5,64,0,0.0
g_n24_e48_k3_high_72,g_n24_e48_k3_high_72_p3,train,0.15,7,64,4,0.0625
g_n24_e48_k3_high_72,g_n24_e48_k3_high_72_p5,train,0.05,3,64,4,0.0625
g_n24_e48_k3_high_72,g_n24_e48_k3_high_72_p5,train,0.1,5,64,9,0.140625
g_n24_e48_k3_high_72,g_n24_e48_k3_high_72_p5,train,0.15,7,64,21,0.328125
g_n24_e48_k3_high_73,g_n24_e48_k3_high_73_p0,validation,0.05,3,64,0,0.0
g_n24_e48_k3_high_73,g_n24_e48_k3_high_73_p0,validation,0.1,5,64,0,0.0
g_n24_e48_k3_high_73,g_n24_e48_k3_high_73_p0,validation,0.15,8,64,1,0.015625
g_n24_e48_k3_high_73,g_n24_e48_k3_high_73_p3,validation,0.05,3,64,0,0.0
g_n24_e48_k3_high_73,g_n24_e48_k3_high_73_p3,validation,0.1,5,64,0,0.0
g_n24_e48_k3_high_73,g_n24_e48_k3_high_73_p3,validation,0.15,7,64,0,0.0
g_n24_e48_k3_high_73,g_n24_e48_k3_high_73_p5,validation,0.05,3,64,2,0.03125
g_n24_e48_k3_high_73,g_n24_e48_k3_high_73_p5,validation,0.1,5,64,5,0.078125
g_n24_e48_k3_high_73,g_n24_e48_k3_high_73_p5,validation,0.15,7,64,12,0.1875
g_n24_e48_k3_high_74,g_n24_e48_k3_high_74_p0,train,0.05,3,64,0,0.0
g_n24_e48_k3_high_74,g_n24_e48_k3_high_74_p0,train,0.1,5,64,1,0.015625
g_n24_e48_k3_high_74,g_n24_e48_k3_high_74_p0,train,0.15,8,64,4,0.0625
g_n24_e48_k3_high_74,g_n24_e48_k3_high_74_p3,train,0.05,3,64,0,0.0
g_n24_e48_k3_high_74,g_n24_e48_k3_high_74_p3,train,0.1,5,64,0,0.0
g_n24_e48_k3_high_74,g_n24_e48_k3_high_74_p3,train,0.15,7,64,1,0.015625
g_n24_e48_k3_high_74,g_n24_e48_k3_high_74_p5,train,0.05,3,64,1,0.015625
g_n24_e48_k3_high_74,g_n24_e48_k3_high_74_p5,train,0.1,5,64,3,0.046875
g_n24_e48_k3_high_74,g_n24_e48_k3_high_74_p5,train,0.15,7,64,7,0.109375
g_n24_e48_k3_high_75,g_n24_e48_k3_high_75_p0,train,0.05,3,64,0,0.0
g_n24_e48_k3_high_75,g_n24_e48_k3_high_75_p0,train,0.1,5,64,0,0.0
g_n24_e48_k3_high_75,g_n24_e48_k3_high_75_p0,train,0.15,8,64,3,0.046875
g_n24_e48_k3_high_75,g_n24_e48_k3_high_75_p3,train,0.05,3,64,0,0.0
g_n24_e48_k3_high_75,g_n24_e48_k3_high_75_p3,train,0.1,5,64,1,0.015625
g_n24_e48_k3_high_75,g_n24_e48_k3_high_75_p3,train,0.15,7,64,4,0.0625
g_n24_e48_k3_high_75,g_n24_e48_k3_high_75_p5,train,0.05,3,64,0,0.0
g_n24_e48_k3_high_75,g_n24_e48_k3_high_75_p5,train,0.1,5,64,0,0.0
g_n24_e48_k3_high_75,g_n24_e48_k3_high_75_p5,train,0.15,7,64,3,0.046875
g_n24_e48_k3_high_76,g_n24_e48_k3_high_76_p0,test,0.05,3,64,0,0.0
g_n24_e48_k3_high_76,g_n24_e48_k3_high_76_p0,test,0.1,5,64,0,0.0
g_n24_e48_k3_high_76,g_n24_e48_k3_high_76_p0,test,0.15,8,64,1,0.015625
g_n24_e48_k3_high_76,g_n24_e48_k3_high_76_p3,test,0.05,3,64,0,0.0
g_n24_e48_k3_high_76,g_n24_e48_k3_high_76_p3,test,0.1,5,64,2,0.03125
g_n24_e48_k3_high_76,g_n24_e48_k3_high_76_p3,test,0.15,7,64,3,0.046875
g_n24_e48_k3_high_76,g_n24_e48_k3_high_76_p5,test,0.05,3,64,2,0.03125
g_n24_e48_k3_high_76,g_n24_e48_k3_high_76_p5,test,0.1,5,64,5,0.078125
g_n24_e48_k3_high_76,g_n24_e48_k3_high_76_p5,test,0.15,7,64,8,0.125
g_n24_e48_k3_high_77,g_n24_e48_k3_high_77_p0,validation,0.05,3,64,0,0.0
g_n24_e48_k3_high_77,g_n24_e48_k3_high_77_p0,validation,0.1,5,64,0,0.0
g_n24_e48_k3_high_77,g_n24_e48_k3_high_77_p0,validation,0.15,8,64,2,0.03125
g_n24_e48_k3_high_77,g_n24_e48_k3_high_77_p3,validation,0.05,3,64,0,0.0
g_n24_e48_k3_high_77,g_n24_e48_k3_high_77_p3,validation,0.1,5,64,2,0.03125
g_n24_e48_k3_high_77,g_n24_e48_k3_high_77_p3,validation,0.15,7,64,5,0.078125
g_n24_e48_k3_high_77,g_n24_e48_k3_high_77_p5,validation,0.05,3,64,2,0.03125
g_n24_e48_k3_high_77,g_n24_e48_k3_high_77_p5,validation,0.1,5,64,6,0.09375
g_n24_e48_k3_high_77,g_n24_e48_k3_high_77_p5,validation,0.15,7,64,15,0.234375
g_n24_e48_k3_high_78,g_n24_e48_k3_high_78_p0,train,0.05,3,64,0,0.0
g_n24_e48_k3_high_78,g_n24_e48_k3_high_78_p0,train,0.1,5,64,0,0.0
g_n24_e48_k3_high_78,g_n24_e48_k3_high_78_p0,train,0.15,8,64,2,0.03125
g_n24_e48_k3_high_78,g_n24_e48_k3_high_78_p3,train,0.05,3,64,7,0.109375
g_n24_e48_k3_high_78,g_n24_e48_k3_high_78_p3,train,0.1,5,64,10,0.15625
g_n24_e48_k3_high_78,g_n24_e48_k3_high_78_p3,train,0.15,7,64,14,0.21875
g_n24_e48_k3_high_78,g_n24_e48_k3_high_78_p5,train,0.05,3,64,1,0.015625
g_n24_e48_k3_high_78,g_n24_e48_k3_high_78_p5,train,0.1,5,64,5,0.078125
g_n24_e48_k3_high_78,g_n24_e48_k3_high_78_p5,train,0.15,7,64,9,0.140625
g_n24_e48_k3_high_79,g_n24_e48_k3_high_79_p0,train,0.05,3,64,0,0.0
g_n24_e48_k3_high_79,g_n24_e48_k3_high_79_p0,train,0.1,5,64,1,0.015625
g_n24_e48_k3_high_79,g_n24_e48_k3_high_79_p0,train,0.15,8,64,4,0.0625
g_n24_e48_k3_high_79,g_n24_e48_k3_high_79_p3,train,0.05,3,64,1,0.015625
g_n24_e48_k3_high_79,g_n24_e48_k3_high_79_p3,train,0.1,5,64,1,0.015625
g_n24_e48_k3_high_79,g_n24_e48_k3_high_79_p3,train,0.15,7,64,4,0.0625
g_n24_e48_k3_high_79,g_n24_e48_k3_high_79_p5,train,0.05,3,64,1,0.015625
g_n24_e48_k3_high_79,g_n24_e48_k3_high_79_p5,train,0.1,5,64,1,0.015625
g_n24_e48_k3_high_79,g_n24_e48_k3_high_79_p5,train,0.15,7,64,3,0.046875
g_n24_e48_k3_high_80,g_n24_e48_k3_high_80_p0,validation,0.05,3,64,0,0.0
g_n24_e48_k3_high_80,g_n24_e48_k3_high_80_p0,validation,0.1,5,64,0,0.0
g_n24_e48_k3_high_80,g_n24_e48_k3_high_80_p0,validation,0.15,8,64,5,0.078125
g_n24_e48_k3_high_80,g_n24_e48_k3_high_80_p3,validation,0.05,3,64,0,0.0
g_n24_e48_k3_high_80,g_n24_e48_k3_high_80_p3,validation,0.1,5,64,1,0.015625
g_n24_e48_k3_high_80,g_n24_e48_k3_high_80_p3,validation,0.15,7,64,3,0.046875
g_n24_e48_k3_high_80,g_n24_e48_k3_high_80_p5,validation,0.05,3,64,5,0.078125
g_n24_e48_k3_high_80,g_n24_e48_k3_high_80_p5,validation,0.1,5,64,11,0.171875
g_n24_e48_k3_high_80,g_n24_e48_k3_high_80_p5,validation,0.15,7,64,16,0.25
g_n24_e48_k3_high_81,g_n24_e48_k3_high_81_p0,train,0.05,3,64,0,0.0
g_n24_e48_k3_high_81,g_n24_e48_k3_high_81_p0,train,0.1,5,64,1,0.015625
g_n24_e48_k3_high_81,g_n24_e48_k3_high_81_p0,train,0.15,8,64,1,0.015625
g_n24_e48_k3_high_81,g_n24_e48_k3_high_81_p3,train,0.05,3,64,0,0.0
g_n24_e48_k3_high_81,g_n24_e48_k3_high_81_p3,train,0.1,5,64,1,0.015625
g_n24_e48_k3_high_81,g_n24_e48_k3_high_81_p3,train,0.15,7,64,1,0.015625
g_n24_e48_k3_high_81,g_n24_e48_k3_high_81_p5,train,0.05,3,64,0,0.0
g_n24_e48_k3_high_81,g_n24_e48_k3_high_81_p5,train,0.1,5,64,1,0.015625
g_n24_e48_k3_high_81,g_n24_e48_k3_high_81_p5,train,0.15,7,64,6,0.09375
g_n24_e48_k3_high_82,g_n24_e48_k3_high_82_p0,train,0.05,3,64,0,0.0
g_n24_e48_k3_high_82,g_n24_e48_k3_high_82_p0,train,0.1,5,64,0,0.0
g_n24_e48_k3_high_82,g_n24_e48_k3_high_82_p0,train,0.15,8,64,2,0.03125
g_n24_e48_k3_high_82,g_n24_e48_k3_high_82_p3,train,0.05,3,64,1,0.015625
g_n24_e48_k3_high_82,g_n24_e48_k3_high_82_p3,train,0.1,5,64,3,0.046875
g_n24_e48_k3_high_82,g_n24_e48_k3_high_82_p3,train,0.15,7,64,5,0.078125
g_n24_e48_k3_high_82,g_n24_e48_k3_high_82_p5,train,0.05,3,64,1,0.015625
g_n24_e48_k3_high_82,g_n24_e48_k3_high_82_p5,train,0.1,5,64,6,0.09375
g_n24_e48_k3_high_82,g_n24_e48_k3_high_82_p5,train,0.15,7,64,12,0.1875
g_n24_e48_k3_high_83,g_n24_e48_k3_high_83_p0,train,0.05,3,64,0,0.0
g_n24_e48_k3_high_83,g_n24_e48_k3_high_83_p0,train,0.1,5,64,0,0.0
g_n24_e48_k3_high_83,g_n24_e48_k3_high_83_p0,train,0.15,8,64,2,0.03125
g_n24_e48_k3_high_83,g_n24_e48_k3_high_83_p3,train,0.05,3,64,10,0.15625
g_n24_e48_k3_high_83,g_n24_e48_k3_high_83_p3,train,0.1,5,64,14,0.21875
g_n24_e48_k3_high_83,g_n24_e48_k3_high_83_p3,train,0.15,7,64,21,0.328125
g_n24_e48_k3_high_83,g_n24_e48_k3_high_83_p5,train,0.05,3,64,0,0.0
g_n24_e48_k3_high_83,g_n24_e48_k3_high_83_p5,train,0.1,5,64,2,0.03125
g_n24_e48_k3_high_83,g_n24_e48_k3_high_83_p5,train,0.15,7,64,3,0.046875
g_n24_e48_k3_high_84,g_n24_e48_k3_high_84_p0,train,0.05,3,64,0,0.0
g_n24_e48_k3_high_84,g_n24_e48_k3_high_84_p0,train,0.1,5,64,0,0.0
g_n24_e48_k3_high_84,g_n24_e48_k3_high_84_p0,train,0.15,8,64,0,0.0
g_n24_e48_k3_high_84,g_n24_e48_k3_high_84_p3,train,0.05,3,64,0,0.0
g_n24_e48_k3_high_84,g_n24_e48_k3_high_84_p3,train,0.1,5,64,0,0.0
g_n24_e48_k3_high_84,g_n24_e48_k3_high_84_p3,train,0.15,7,64,1,0.015625
g_n24_e48_k3_high_84,g_n24_e48_k3_high_84_p5,train,0.05,3,64,0,0.0
g_n24_e48_k3_high_84,g_n24_e48_k3_high_84_p5,train,0.1,5,64,0,0.0
g_n24_e48_k3_high_84,g_n24_e48_k3_high_84_p5,train,0.15,7,64,4,0.0625
g_n24_e48_k3_high_85,g_n24_e48_k3_high_85_p0,train,0.05,3,64,0,0.0
g_n24_e48_k3_high_85,g_n24_e48_k3_high_85_p0,train,0.1,5,64,1,0.015625
g_n24_e48_k3_high_85,g_n24_e48_k3_high_85_p0,train,0.15,8,64,4,0.0625
g_n24_e48_k3_high_85,g_n24_e48_k3_high_85_p3,train,0.05,3,64,0,0.0
g_n24_e48_k3_high_85,g_n24_e48_k3_high_85_p3,train,0.1,5,64,0,0.0
g_n24_e48_k3_high_85,g_n24_e48_k3_high_85_p3,train,0.15,7,64,3,0.046875
g_n24_e48_k3_high_85,g_n24_e48_k3_high_85_p5,train,0.05,3,64,9,0.140625
g_n24_e48_k3_high_85,g_n24_e48_k3_high_85_p5,train,0.1,5,64,10,0.15625
g_n24_e48_k3_high_85,g_n24_e48_k3_high_85_p5,train,0.15,7,64,16,0.25
g_n24_e48_k3_high_86,g_n24_e48_k3_high_86_p0,test,0.05,3,64,0,0.0
g_n24_e48_k3_high_86,g_n24_e48_k3_high_86_p0,test,0.1,5,64,0,0.0
g_n24_e48_k3_high_86,g_n24_e48_k3_high_86_p0,test,0.15,8,64,2,0.03125
g_n24_e48_k3_high_86,g_n24_e48_k3_high_86_p3,test,0.05,3,64,2,0.03125
g_n24_e48_k3_high_86,g_n24_e48_k3_high_86_p3,test,0.1,5,64,3,0.046875
g_n24_e48_k3_high_86,g_n24_e48_k3_high_86_p3,test,0.15,7,64,8,0.125
g_n24_e48_k3_high_86,g_n24_e48_k3_high_86_p5,test,0.05,3,64,2,0.03125
g_n24_e48_k3_high_86,g_n24_e48_k3_high_86_p5,test,0.1,5,64,2,0.03125
g_n24_e48_k3_high_86,g_n24_e48_k3_high_86_p5,test,0.15,7,64,6,0.09375
g_n24_e48_k3_high_87,g_n24_e48_k3_high_87_p0,test,0.05,3,64,0,0.0
g_n24_e48_k3_high_87,g_n24_e48_k3_high_87_p0,test,0.1,5,64,1,0.015625
g_n24_e48_k3_high_87,g_n24_e48_k3_high_87_p0,test,0.15,8,64,3,0.046875
g_n24_e48_k3_high_87,g_n24_e48_k3_high_87_p3,test,0.05,3,64,0,0.0
g_n24_e48_k3_high_87,g_n24_e48_k3_high_87_p3,test,0.1,5,64,0,0.0
g_n24_e48_k3_high_87,g_n24_e48_k3_high_87_p3,test,0.15,7,64,4,0.0625
g_n24_e48_k3_high_87,g_n24_e48_k3_high_87_p5,test,0.05,3,64,0,0.0
g_n24_e48_k3_high_87,g_n24_e48_k3_high_87_p5,test,0.1,5,64,2,0.03125
g_n24_e48_k3_high_87,g_n24_e48_k3_high_87_p5,test,0.15,7,64,4,0.0625
g_n24_e48_k3_high_88,g_n24_e48_k3_high_88_p0,train,0.05,3,64,0,0.0
g_n24_e48_k3_high_88,g_n24_e48_k3_high_88_p0,train,0.1,5,64,0,0.0
g_n24_e48_k3_high_88,g_n24_e48_k3_high_88_p0,train,0.15,8,64,2,0.03125
g_n24_e48_k3_high_88,g_n24_e48_k3_high_88_p3,train,0.05,3,64,0,0.0
g_n24_e48_k3_high_88,g_n24_e48_k3_high_88_p3,train,0.1,5,64,0,0.0
g_n24_e48_k3_high_88,g_n24_e48_k3_high_88_p3,train,0.15,7,64,3,0.046875
g_n24_e48_k3_high_88,g_n24_e48_k3_high_88_p5,train,0.05,3,64,4,0.0625
g_n24_e48_k3_high_88,g_n24_e48_k3_high_88_p5,train,0.1,5,64,7,0.109375
g_n24_e48_k3_high_88,g_n24_e48_k3_high_88_p5,train,0.15,7,64,14,0.21875
g_n24_e48_k3_high_89,g_n24_e48_k3_high_89_p0,test,0.05,3,64,0,0.0
g_n24_e48_k3_high_89,g_n24_e48_k3_high_89_p0,test,0.1,5,64,0,0.0
g_n24_e48_k3_high_89,g_n24_e48_k3_high_89_p0,test,0.15,8,64,1,0.015625
g_n24_e48_k3_high_89,g_n24_e48_k3_high_89_p3,test,0.05,3,64,0,0.0
g_n24_e48_k3_high_89,g_n24_e48_k3_high_89_p3,test,0.1,5,64,0,0.0
g_n24_e48_k3_high_89,g_n24_e48_k3_high_89_p3,test,0.15,7,64,2,0.03125
g_n24_e48_k3_high_89,g_n24_e48_k3_high_89_p5,test,0.05,3,64,1,0.015625
g_n24_e48_k3_high_89,g_n24_e48_k3_high_89_p5,test,0.1,5,64,6,0.09375
g_n24_e48_k3_high_89,g_n24_e48_k3_high_89_p5,test,0.15,7,64,11,0.171875
g_n24_e72_k2_low_00,g_n24_e72_k2_low_00_p0,train,0.05,4,64,1,0.015625
g_n24_e72_k2_low_00,g_n24_e72_k2_low_00_p0,train,0.1,8,64,2,0.03125
g_n24_e72_k2_low_00,g_n24_e72_k2_low_00_p0,train,0.15,11,64,5,0.078125
g_n24_e72_k2_low_00,g_n24_e72_k2_low_00_p4,train,0.05,4,64,0,0.0
g_n24_e72_k2_low_00,g_n24_e72_k2_low_00_p4,train,0.1,7,64,0,0.0
g_n24_e72_k2_low_00,g_n24_e72_k2_low_00_p4,train,0.15,11,64,2,0.03125
g_n24_e72_k2_low_00,g_n24_e72_k2_low_00_p8,train,0.05,4,64,0,0.0
g_n24_e72_k2_low_00,g_n24_e72_k2_low_00_p8,train,0.1,7,64,2,0.03125
g_n24_e72_k2_low_00,g_n24_e72_k2_low_00_p8,train,0.15,10,64,5,0.078125
g_n24_e72_k2_low_01,g_n24_e72_k2_low_01_p0,train,0.05,4,64,1,0.015625
g_n24_e72_k2_low_01,g_n24_e72_k2_low_01_p0,train,0.1,8,64,1,0.015625
g_n24_e72_k2_low_01,g_n24_e72_k2_low_01_p0,train,0.15,11,64,3,0.046875
g_n24_e72_k2_low_01,g_n24_e72_k2_low_01_p4,train,0.05,4,64,0,0.0
g_n24_e72_k2_low_01,g_n24_e72_k2_low_01_p4,train,0.1,7,64,3,0.046875
g_n24_e72_k2_low_01,g_n24_e72_k2_low_01_p4,train,0.15,11,64,7,0.109375
g_n24_e72_k2_low_01,g_n24_e72_k2_low_01_p8,train,0.05,4,64,4,0.0625
g_n24_e72_k2_low_01,g_n24_e72_k2_low_01_p8,train,0.1,7,64,8,0.125
g_n24_e72_k2_low_01,g_n24_e72_k2_low_01_p8,train,0.15,10,64,12,0.1875
g_n24_e72_k2_low_02,g_n24_e72_k2_low_02_p0,train,0.05,4,64,1,0.015625
g_n24_e72_k2_low_02,g_n24_e72_k2_low_02_p0,train,0.1,8,64,4,0.0625
g_n24_e72_k2_low_02,g_n24_e72_k2_low_02_p0,train,0.15,11,64,6,0.09375
g_n24_e72_k2_low_02,g_n24_e72_k2_low_02_p4,train,0.05,4,64,0,0.0
g_n24_e72_k2_low_02,g_n24_e72_k2_low_02_p4,train,0.1,7,64,0,0.0
g_n24_e72_k2_low_02,g_n24_e72_k2_low_02_p4,train,0.15,11,64,2,0.03125
g_n24_e72_k2_low_02,g_n24_e72_k2_low_02_p8,train,0.05,4,64,1,0.015625
g_n24_e72_k2_low_02,g_n24_e72_k2_low_02_p8,train,0.1,7,64,1,0.015625
g_n24_e72_k2_low_02,g_n24_e72_k2_low_02_p8,train,0.15,10,64,4,0.0625
g_n24_e72_k2_low_03,g_n24_e72_k2_low_03_p0,test,0.05,4,64,0,0.0
g_n24_e72_k2_low_03,g_n24_e72_k2_low_03_p0,test,0.1,8,64,1,0.015625
g_n24_e72_k2_low_03,g_n24_e72_k2_low_03_p0,test,0.15,11,64,3,0.046875
g_n24_e72_k2_low_03,g_n24_e72_k2_low_03_p4,test,0.05,4,64,5,0.078125
g_n24_e72_k2_low_03,g_n24_e72_k2_low_03_p4,test,0.1,7,64,9,0.140625
g_n24_e72_k2_low_03,g_n24_e72_k2_low_03_p4,test,0.15,11,64,13,0.203125
g_n24_e72_k2_low_03,g_n24_e72_k2_low_03_p8,test,0.05,4,64,9,0.140625
g_n24_e72_k2_low_03,g_n24_e72_k2_low_03_p8,test,0.1,7,64,16,0.25
g_n24_e72_k2_low_03,g_n24_e72_k2_low_03_p8,test,0.15,10,64,23,0.359375
g_n24_e72_k2_low_04,g_n24_e72_k2_low_04_p0,test,0.05,4,64,0,0.0
g_n24_e72_k2_low_04,g_n24_e72_k2_low_04_p0,test,0.1,8,64,2,0.03125
g_n24_e72_k2_low_04,g_n24_e72_k2_low_04_p0,test,0.15,11,64,3,0.046875
g_n24_e72_k2_low_04,g_n24_e72_k2_low_04_p4,test,0.05,4,64,0,0.0
g_n24_e72_k2_low_04,g_n24_e72_k2_low_04_p4,test,0.1,7,64,1,0.015625
g_n24_e72_k2_low_04,g_n24_e72_k2_low_04_p4,test,0.15,11,64,4,0.0625
g_n24_e72_k2_low_04,g_n24_e72_k2_low_04_p8,test,0.05,4,64,7,0.109375
g_n24_e72_k2_low_04,g_n24_e72_k2_low_04_p8,test,0.1,7,64,12,0.1875
g_n24_e72_k2_low_04,g_n24_e72_k2_low_04_p8,test,0.15,10,64,15,0.234375
g_n24_e72_k2_low_05,g_n24_e72_k2_low_05_p0,train,0.05,4,64,1,0.015625
g_n24_e72_k2_low_05,g_n24_e72_k2_low_05_p0,train,0.1,8,64,2,0.03125
g_n24_e72_k2_low_05,g_n24_e72_k2_low_05_p0,train,0.15,11,64,3,0.046875
g_n24_e72_k2_low_05,g_n24_e72_k2_low_05_p4,train,0.05,4,64,3,0.046875
g_n24_e72_k2_low_05,g_n24_e72_k2_low_05_p4,train,0.1,7,64,7,0.109375
g_n24_e72_k2_low_05,g_n24_e72_k2_low_05_p4,train,0.15,11,64,14,0.21875
g_n24_e72_k2_low_05,g_n24_e72_k2_low_05_p8,train,0.05,4,64,7,0.109375
g_n24_e72_k2_low_05,g_n24_e72_k2_low_05_p8,train,0.1,7,64,14,0.21875
g_n24_e72_k2_low_05,g_n24_e72_k2_low_05_p8,train,0.15,10,64,15,0.234375
g_n24_e72_k2_low_06,g_n24_e72_k2_low_06_p0,train,0.05,4,64,0,0.0
g_n24_e72_k2_low_06,g_n24_e72_k2_low_06_p0,train,0.1,8,64,1,0.015625
g_n24_e72_k2_low_06,g_n24_e72_k2_low_06_p0,train,0.15,11,64,1,0.015625
g_n24_e72_k2_low_06,g_n24_e72_k2_low_06_p4,train,0.05,4,64,0,0.0
g_n24_e72_k2_low_06,g_n24_e72_k2_low_06_p4,train,0.1,7,64,0,0.0
g_n24_e72_k2_low_06,g_n24_e72_k2_low_06_p4,train,0.15,11,64,2,0.03125
g_n24_e72_k2_low_06,g_n24_e72_k2_low_06_p8,train,0.05,4,64,2,0.03125
g_n24_e72_k2_low_06,g_n24_e72_k2_low_06_p8,train,0.1,7,64,4,0.0625
g_n24_e72_k2_low_06,g_n24_e72_k2_low_06_p8,train,0.15,10,64,7,0.109375
g_n24_e72_k2_low_07,g_n24_e72_k2_low_07_p0,train,0.05,4,64,3,0.046875
g_n24_e72_k2_low_07,g_n24_e72_k2_low_07_p0,train,0.1,8,64,5,0.078125
g_n24_e72_k2_low_07,g_n24_e72_k2_low_07_p0,train,0.15,11,64,7,0.109375
g_n24_e72_k2_low_07,g_n24_e72_k2_low_07_p4,train,0.05,4,64,1,0.015625
g_n24_e72_k2_low_07,g_n24_e72_k2_low_07_p4,train,0.1,7,64,1,0.015625
g_n24_e72_k2_low_07,g_n24_e72_k2_low_07_p4,train,0.15,11,64,2,0.03125
g_n24_e72_k2_low_07,g_n24_e72_k2_low_07_p8,train,0.05,4,64,0,0.0
g_n24_e72_k2_low_07,g_n24_e72_k2_low_07_p8,train,0.1,7,64,1,0.015625
g_n24_e72_k2_low_07,g_n24_e72_k2_low_07_p8,train,0.15,10,64,2,0.03125
g_n24_e72_k2_low_08,g_n24_e72_k2_low_08_p0,test,0.05,4,64,2,0.03125
g_n24_e72_k2_low_08,g_n24_e72_k2_low_08_p0,test,0.1,8,64,6,0.09375
g_n24_e72_k2_low_08,g_n24_e72_k2_low_08_p0,test,0.15,11,64,7,0.109375
g_n24_e72_k2_low_08,g_n24_e72_k2_low_08_p4,test,0.05,4,64,0,0.0
g_n24_e72_k2_low_08,g_n24_e72_k2_low_08_p4,test,0.1,7,64,1,0.015625
g_n24_e72_k2_low_08,g_n24_e72_k2_low_08_p4,test,0.15,11,64,2,0.03125
g_n24_e72_k2_low_08,g_n24_e72_k2_low_08_p8,test,0.05,4,64,1,0.015625
g_n24_e72_k2_low_08,g_n24_e72_k2_low_08_p8,test,0.1,7,64,2,0.03125
g_n24_e72_k2_low_08,g_n24_e72_k2_low_08_p8,test,0.15,10,64,3,0.046875
g_n24_e72_k2_low_09,g_n24_e72_k2_low_09_p0,train,0.05,4,64,1,0.015625
g_n24_e72_k2_low_09,g_n24_e72_k2_low_09_p0,train,0.1,8,64,2,0.03125
g_n24_e72_k2_low_09,g_n24_e72_k2_low_09_p0,train,0.15,11,64,6,0.09375
g_n24_e72_k2_low_09,g_n24_e72_k2_low_09_p4,train,0.05,4,64,1,0.015625
g_n24_e72_k2_low_09,g_n24_e72_k2_low_09_p4,train,0.1,7,64,3,0.046875
g_n24_e72_k2_low_09,g_n24_e72_k2_low_09_p4,train,0.15,11,64,8,0.125
g_n24_e72_k2_low_09,g_n24_e72_k2_low_09_p8,train,0.05,4,64,6,0.09375
g_n24_e72_k2_low_09,g_n24_e72_k2_low_09_p8,train,0.1,7,64,8,0.125
g_n24_e72_k2_low_09,g_n24_e72_k2_low_09_p8,train,0.15,10,64,15,0.234375
g_n24_e72_k2_low_10,g_n24_e72_k2_low_10_p0,validation,0.05,4,64,2,0.03125
g_n24_e72_k2_low_10,g_n24_e72_k2_low_10_p0,validation,0.1,8,64,4,0.0625
g_n24_e72_k2_low_10,g_n24_e72_k2_low_10_p0,validation,0.15,11,64,5,0.078125
g_n24_e72_k2_low_10,g_n24_e72_k2_low_10_p4,validation,0.05,4,64,1,0.015625
g_n24_e72_k2_low_10,g_n24_e72_k2_low_10_p4,validation,0.1,7,64,2,0.03125
g_n24_e72_k2_low_10,g_n24_e72_k2_low_10_p4,validation,0.15,11,64,4,0.0625
g_n24_e72_k2_low_10,g_n24_e72_k2_low_10_p8,validation,0.05,4,64,1,0.015625
g_n24_e72_k2_low_10,g_n24_e72_k2_low_10_p8,validation,0.1,7,64,3,0.046875
g_n24_e72_k2_low_10,g_n24_e72_k2_low_10_p8,validation,0.15,10,64,4,0.0625
g_n24_e72_k2_low_11,g_n24_e72_k2_low_11_p0,train,0.05,4,64,0,0.0
g_n24_e72_k2_low_11,g_n24_e72_k2_low_11_p0,train,0.1,8,64,0,0.0
g_n24_e72_k2_low_11,g_n24_e72_k2_low_11_p0,train,0.15,11,64,1,0.015625
g_n24_e72_k2_low_11,g_n24_e72_k2_low_11_p4,train,0.05,4,64,1,0.015625
g_n24_e72_k2_low_11,g_n24_e72_k2_low_11_p4,train,0.1,7,64,2,0.03125
g_n24_e72_k2_low_11,g_n24_e72_k2_low_11_p4,train,0.15,11,64,4,0.0625
g_n24_e72_k2_low_11,g_n24_e72_k2_low_11_p8,train,0.05,4,64,9,0.140625
g_n24_e72_k2_low_11,g_n24_e72_k2_low_11_p8,train,0.1,7,64,15,0.234375
g_n24_e72_k2_low_11,g_n24_e72_k2_low_11_p8,train,0.15,10,64,16,0.25
g_n24_e72_k2_low_12,g_n24_e72_k2_low_12_p0,test,0.05,4,64,0,0.0
g_n24_e72_k2_low_12,g_n24_e72_k2_low_12_p0,test,0.1,8,64,0,0.0
g_n24_e72_k2_low_12,g_n24_e72_k2_low_12_p0,test,0.15,11,64,0,0.0
g_n24_e72_k2_low_12,g_n24_e72_k2_low_12_p4,test,0.05,4,64,0,0.0
g_n24_e72_k2_low_12,g_n24_e72_k2_low_12_p4,test,0.1,7,64,0,0.0
g_n24_e72_k2_low_12,g_n24_e72_k2_low_12_p4,test,0.15,11,64,4,0.0625
g_n24_e72_k2_low_12,g_n24_e72_k2_low_12_p8,test,0.05,4,64,8,0.125
g_n24_e72_k2_low_12,g_n24_e72_k2_low_12_p8,test,0.1,7,64,13,0.203125
g_n24_e72_k2_low_12,g_n24_e72_k2_low_12_p8,test,0.15,10,64,19,0.296875
g_n24_e72_k2_low_13,g_n24_e72_k2_low_13_p0,validation,0.05,4,64,0,0.0
g_n24_e72_k2_low_13,g_n24_e72_k2_low_13_p0,validation,0.1,8,64,2,0.03125
g_n24_e72_k2_low_13,g_n24_e72_k2_low_13_p0,validation,0.15,11,64,2,0.03125
g_n24_e72_k2_low_13,g_n24_e72_k2_low_13_p4,validation,0.05,4,64,10,0.15625
g_n24_e72_k2_low_13,g_n24_e72_k2_low_13_p4,validation,0.1,7,64,15,0.234375
g_n24_e72_k2_low_13,g_n24_e72_k2_low_13_p4,validation,0.15,11,64,21,0.328125
g_n24_e72_k2_low_13,g_n24_e72_k2_low_13_p8,validation,0.05,4,64,0,0.0
g_n24_e72_k2_low_13,g_n24_e72_k2_low_13_p8,validation,0.1,7,64,1,0.015625
g_n24_e72_k2_low_13,g_n24_e72_k2_low_13_p8,validation,0.15,10,64,4,0.0625
g_n24_e72_k2_low_14,g_n24_e72_k2_low_14_p0,train,0.05,4,64,0,0.0
g_n24_e72_k2_low_14,g_n24_e72_k2_low_14_p0,train,0.1,8,64,2,0.03125
g_n24_e72_k2_low_14,g_n24_e72_k2_low_14_p0,train,0.15,11,64,2,0.03125
g_n24_e72_k2_low_14,g_n24_e72_k2_low_14_p4,train,0.05,4,64,1,0.015625
g_n24_e72_k2_low_14,g_n24_e72_k2_low_14_p4,train,0.1,7,64,1,0.015625
g_n24_e72_k2_low_14,g_n24_e72_k2_low_14_p4,train,0.15,11,64,1,0.015625
g_n24_e72_k2_low_14,g_n24_e72_k2_low_14_p8,train,0.05,4,64,0,0.0
g_n24_e72_k2_low_14,g_n24_e72_k2_low_14_p8,train,0.1,7,64,1,0.015625
g_n24_e72_k2_low_14,g_n24_e72_k2_low_14_p8,train,0.15,10,64,3,0.046875
g_n24_e72_k2_low_15,g_n24_e72_k2_low_15_p0,train,0.05,4,64,0,0.0
g_n24_e72_k2_low_15,g_n24_e72_k2_low_15_p0,train,0.1,8,64,0,0.0
g_n24_e72_k2_low_15,g_n24_e72_k2_low_15_p0,train,0.15,11,64,0,0.0
g_n24_e72_k2_low_15,g_n24_e72_k2_low_15_p4,train,0.05,4,64,0,0.0
g_n24_e72_k2_low_15,g_n24_e72_k2_low_15_p4,train,0.1,7,64,0,0.0
g_n24_e72_k2_low_15,g_n24_e72_k2_low_15_p4,train,0.15,11,64,4,0.0625
g_n24_e72_k2_low_15,g_n24_e72_k2_low_15_p8,train,0.05,4,64,0,0.0
g_n24_e72_k2_low_15,g_n24_e72_k2_low_15_p8,train,0.1,7,64,2,0.03125
g_n24_e72_k2_low_15,g_n24_e72_k2_low_15_p8,train,0.15,10,64,3,0.046875
g_n24_e72_k2_low_16,g_n24_e72_k2_low_16_p0,test,0.05,4,64,1,0.015625
g_n24_e72_k2_low_16,g_n24_e72_k2_low_16_p0,test,0.1,8,64,2,0.03125
g_n24_e72_k2_low_16,g_n24_e72_k2_low_16_p0,test,0.15,11,64,2,0.03125
g_n24_e72_k2_low_16,g_n24_e72_k2_low_16_p4,test,0.05,4,64,0,0.0
g_n24_e72_k2_low_16,g_n24_e72_k2_low_16_p4,test,0.1,7,64,1,0.015625
g_n24_e72_k2_low_16,g_n24_e72_k2_low_16_p4,test,0.15,11,64,2,0.03125
g_n24_e72_k2_low_16,g_n24_e72_k2_low_16_p8,test,0.05,4,64,0,0.0
g_n24_e72_k2_low_16,g_n24_e72_k2_low_16_p8,test,0.1,7,64,0,0.0
g_n24_e72_k2_low_16,g_n24_e72_k2_low_16_p8,test,0.15,10,64,2,0.03125
g_n24_e72_k2_low_17,g_n24_e72_k2_low_17_p0,train,0.05,4,64,0,0.0
g_n24_e72_k2_low_17,g_n24_e72_k2_low_17_p0,train,0.1,8,64,1,0.015625
g_n24_e72_k2_low_17,g_n24_e72_k2_low_17_p0,train,0.15,11,64,1,0.015625
g_n24_e72_k2_low_17,g_n24_e72_k2_low_17_p4,train,0.05,4,64,0,0.0
g_n24_e72_k2_low_17,g_n24_e72_k2_low_17_p4,train,0.1,7,64,0,0.0
g_n24_e72_k2_low_17,g_n24_e72_k2_low_17_p4,train,0.15,11,64,3,0.046875
g_n24_e72_k2_low_17,g_n24_e72_k2_low_17_p8,train,0.05,4,64,0,0.0
g_n24_e72_k2_low_17,g_n24_e72_k2_low_17_p8,train,0.1,7,64,2,0.03125
g_n24_e72_k2_low_17,g_n24_e72_k2_low_17_p8,train,0.15,10,64,5,0.078125
g_n24_e72_k2_low_18,g_n24_e72_k2_low_18_p0,train,0.05,4,64,0,0.0
g_n24_e72_k2_low_18,g_n24_e72_k2_low_18_p0,train,0.1,8,64,0,0.0
g_n24_e72_k2_low_18,g_n24_e72_k2_low_18_p0,train,0.15,11,64,2,0.03125
g_n24_e72_k2_low_18,g_n24_e72_k2_low_18_p4,train,0.05,4,64,0,0.0
g_n24_e72_k2_low_18,g_n24_e72_k2_low_18_p4,train,0.1,7,64,1,0.015625
g_n24_e72_k2_low_18,g_n24_e72_k2_low_18_p4,train,0.15,11,64,6,0.09375
g_n24_e72_k2_low_18,g_n24_e72_k2_low_18_p8,train,0.05,4,64,0,0.0
g_n24_e72_k2_low_18,g_n24_e72_k2_low_18_p8,train,0.1,7,64,1,0.015625
g_n24_e72_k2_low_18,g_n24_e72_k2_low_18_p8,train,0.15,10,64,3,0.046875
g_n24_e72_k2_low_19,g_n24_e72_k2_low_19_p0,train,0.05,4,64,1,0.015625
g_n24_e72_k2_low_19,g_n24_e72_k2_low_19_p0,train,0.1,8,64,2,0.03125
g_n24_e72_k2_low_19,g_n24_e72_k2_low_19_p0,train,0.15,11,64,2,0.03125
g_n24_e72_k2_low_19,g_n24_e72_k2_low_19_p4,train,0.05,4,64,0,0.0
g_n24_e72_k2_low_19,g_n24_e72_k2_low_19_p4,train,0.1,7,64,2,0.03125
g_n24_e72_k2_low_19,g_n24_e72_k2_low_19_p4,train,0.15,11,64,5,0.078125
g_n24_e72_k2_low_19,g_n24_e72_k2_low_19_p8,train,0.05,4,64,0,0.0
g_n24_e72_k2_low_19,g_n24_e72_k2_low_19_p8,train,0.1,7,64,2,0.03125
g_n24_e72_k2_low_19,g_n24_e72_k2_low_19_p8,train,0.15,10,64,3,0.046875
g_n24_e72_k2_low_20,g_n24_e72_k2_low_20_p0,train,0.05,4,64,0,0.0
g_n24_e72_k2_low_20,g_n24_e72_k2_low_20_p0,train,0.1,8,64,1,0.015625
g_n24_e72_k2_low_20,g_n24_e72_k2_low_20_p0,train,0.15,11,64,3,0.046875
g_n24_e72_k2_low_20,g_n24_e72_k2_low_20_p4,train,0.05,4,64,1,0.015625
g_n24_e72_k2_low_20,g_n24_e72_k2_low_20_p4,train,0.1,7,64,2,0.03125
g_n24_e72_k2_low_20,g_n24_e72_k2_low_20_p4,train,0.15,11,64,4,0.0625
g_n24_e72_k2_low_20,g_n24_e72_k2_low_20_p8,train,0.05,4,64,1,0.015625
g_n24_e72_k2_low_20,g_n24_e72_k2_low_20_p8,train,0.1,7,64,2,0.03125
g_n24_e72_k2_low_20,g_n24_e72_k2_low_20_p8,train,0.15,10,64,3,0.046875
g_n24_e72_k2_low_21,g_n24_e72_k2_low_21_p0,test,0.05,4,64,0,0.0
g_n24_e72_k2_low_21,g_n24_e72_k2_low_21_p0,test,0.1,8,64,0,0.0
g_n24_e72_k2_low_21,g_n24_e72_k2_low_21_p0,test,0.15,11,64,0,0.0
g_n24_e72_k2_low_21,g_n24_e72_k2_low_21_p4,test,0.05,4,64,0,0.0
g_n24_e72_k2_low_21,g_n24_e72_k2_low_21_p4,test,0.1,7,64,1,0.015625
g_n24_e72_k2_low_21,g_n24_e72_k2_low_21_p4,test,0.15,11,64,4,0.0625
g_n24_e72_k2_low_21,g_n24_e72_k2_low_21_p8,test,0.05,4,64,0,0.0
g_n24_e72_k2_low_21,g_n24_e72_k2_low_21_p8,test,0.1,7,64,2,0.03125
g_n24_e72_k2_low_21,g_n24_e72_k2_low_21_p8,test,0.15,10,64,3,0.046875
g_n24_e72_k2_low_22,g_n24_e72_k2_low_22_p0,train,0.05,4,64,0,0.0
g_n24_e72_k2_low_22,g_n24_e72_k2_low_22_p0,train,0.1,8,64,0,0.0
g_n24_e72_k2_low_22,g_n24_e72_k2_low_22_p0,train,0.15,11,64,2,0.03125
g_n24_e72_k2_low_22,g_n24_e72_k2_low_22_p4,train,0.05,4,64,0,0.0
g_n24_e72_k2_low_22,g_n24_e72_k2_low_22_p4,train,0.1,7,64,3,0.046875
g_n24_e72_k2_low_22,g_n24_e72_k2_low_22_p4,train,0.15,11,64,6,0.09375
g_n24_e72_k2_low_22,g_n24_e72_k2_low_22_p8,train,0.05,4,64,5,0.078125
g_n24_e72_k2_low_22,g_n24_e72_k2_low_22_p8,train,0.1,7,64,5,0.078125
g_n24_e72_k2_low_22,g_n24_e72_k2_low_22_p8,train,0.15,10,64,7,0.109375
g_n24_e72_k2_low_23,g_n24_e72_k2_low_23_p0,train,0.05,4,64,0,0.0
g_n24_e72_k2_low_23,g_n24_e72_k2_low_23_p0,train,0.1,8,64,1,0.015625
g_n24_e72_k2_low_23,g_n24_e72_k2_low_23_p0,train,0.15,11,64,1,0.015625
g_n24_e72_k2_low_23,g_n24_e72_k2_low_23_p4,train,0.05,4,64,0,0.0
g_n24_e72_k2_low_23,g_n24_e72_k2_low_23_p4,train,0.1,7,64,1,0.015625
g_n24_e72_k2_low_23,g_n24_e72_k2_low_23_p4,train,0.15,11,64,5,0.078125
g_n24_e72_k2_low_23,g_n24_e72_k2_low_23_p8,train,0.05,4,64,3,0.046875
g_n24_e72_k2_low_23,g_n24_e72_k2_low_23_p8,train,0.1,7,64,8,0.125
g_n24_e72_k2_low_23,g_n24_e72_k2_low_23_p8,train,0.15,10,64,13,0.203125
g_n24_e72_k2_low_24,g_n24_e72_k2_low_24_p0,validation,0.05,4,64,2,0.03125
g_n24_e72_k2_low_24,g_n24_e72_k2_low_24_p0,validation,0.1,8,64,2,0.03125
g_n24_e72_k2_low_24,g_n24_e72_k2_low_24_p0,validation,0.15,11,64,3,0.046875
g_n24_e72_k2_low_24,g_n24_e72_k2_low_24_p4,validation,0.05,4,64,3,0.046875
g_n24_e72_k2_low_24,g_n24_e72_k2_low_24_p4,validation,0.1,7,64,5,0.078125
g_n24_e72_k2_low_24,g_n24_e72_k2_low_24_p4,validation,0.15,11,64,6,0.09375
g_n24_e72_k2_low_24,g_n24_e72_k2_low_24_p8,validation,0.05,4,64,0,0.0
g_n24_e72_k2_low_24,g_n24_e72_k2_low_24_p8,validation,0.1,7,64,3,0.046875
g_n24_e72_k2_low_24,g_n24_e72_k2_low_24_p8,validation,0.15,10,64,5,0.078125
g_n24_e72_k2_low_25,g_n24_e72_k2_low_25_p0,train,0.05,4,64,0,0.0
g_n24_e72_k2_low_25,g_n24_e72_k2_low_25_p0,train,0.1,8,64,0,0.0
g_n24_e72_k2_low_25,g_n24_e72_k2_low_25_p0,train,0.15,11,64,0,0.0
g_n24_e72_k2_low_25,g_n24_e72_k2_low_25_p4,train,0.05,4,64,1,0.015625
g_n24_e72_k2_low_25,g_n24_e72_k2_low_25_p4,train,0.1,7,64,1,0.015625
g_n24_e72_k2_low_25,g_n24_e72_k2_low_25_p4,train,0.15,11,64,2,0.03125
g_n24_e72_k2_low_25,g_n24_e72_k2_low_25_p8,train,0.05,4,64,6,0.09375
g_n24_e72_k2_low_25,g_n24_e72_k2_low_25_p8,train,0.1,7,64,16,0.25
g_n24_e72_k2_low_25,g_n24_e72_k2_low_25_p8,train,0.15,10,64,21,0.328125
g_n24_e72_k2_low_26,g_n24_e72_k2_low_26_p0,validation,0.05,4,64,0,0.0
g_n24_e72_k2_low_26,g_n24_e72_k2_low_26_p0,validation,0.1,8,64,1,0.015625
g_n24_e72_k2_low_26,g_n24_e72_k2_low_26_p0,validation,0.15,11,64,1,0.015625
g_n24_e72_k2_low_26,g_n24_e72_k2_low_26_p4,validation,0.05,4,64,1,0.015625
g_n24_e72_k2_low_26,g_n24_e72_k2_low_26_p4,validation,0.1,7,64,1,0.015625
g_n24_e72_k2_low_26,g_n24_e72_k2_low_26_p4,validation,0.15,11,64,3,0.046875
g_n24_e72_k2_low_26,g_n24_e72_k2_low_26_p8,validation,0.05,4,64,3,0.046875
g_n24_e72_k2_low_26,g_n24_e72_k2_low_26_p8,validation,0.1,7,64,9,0.140625
g_n24_e72_k2_low_26,g_n24_e72_k2_low_26_p8,validation,0.15,10,64,13,0.203125
g_n24_e72_k2_low_27,g_n24_e72_k2_low_27_p0,train,0.05,4,64,0,0.0
g_n24_e72_k2_low_27,g_n24_e72_k2_low_27_p0,train,0.1,8,64,0,0.0
g_n24_e72_k2_low_27,g_n24_e72_k2_low_27_p0,train,0.15,11,64,1,0.015625
g_n24_e72_k2_low_27,g_n24_e72_k2_low_27_p4,train,0.05,4,64,1,0.015625
g_n24_e72_k2_low_27,g_n24_e72_k2_low_27_p4,train,0.1,7,64,2,0.03125
g_n24_e72_k2_low_27,g_n24_e72_k2_low_27_p4,train,0.15,11,64,3,0.046875
g_n24_e72_k2_low_27,g_n24_e72_k2_low_27_p8,train,0.05,4,64,1,0.015625
g_n24_e72_k2_low_27,g_n24_e72_k2_low_27_p8,train,0.1,7,64,1,0.015625
g_n24_e72_k2_low_27,g_n24_e72_k2_low_27_p8,train,0.15,10,64,2,0.03125
g_n24_e72_k2_low_28,g_n24_e72_k2_low_28_p0,validation,0.05,4,64,0,0.0
g_n24_e72_k2_low_28,g_n24_e72_k2_low_28_p0,validation,0.1,8,64,0,0.0
g_n24_e72_k2_low_28,g_n24_e72_k2_low_28_p0,validation,0.15,11,64,3,0.046875
g_n24_e72_k2_low_28,g_n24_e72_k2_low_28_p4,validation,0.05,4,64,0,0.0
g_n24_e72_k2_low_28,g_n24_e72_k2_low_28_p4,validation,0.1,7,64,2,0.03125
g_n24_e72_k2_low_28,g_n24_e72_k2_low_28_p4,validation,0.15,11,64,7,0.109375
g_n24_e72_k2_low_28,g_n24_e72_k2_low_28_p8,validation,0.05,4,64,3,0.046875
g_n24_e72_k2_low_28,g_n24_e72_k2_low_28_p8,validation,0.1,7,64,7,0.109375
g_n24_e72_k2_low_28,g_n24_e72_k2_low_28_p8,validation,0.15,10,64,13,0.203125
g_n24_e72_k2_low_29,g_n24_e72_k2_low_29_p0,validation,0.05,4,64,0,0.0
g_n24_e72_k2_low_29,g_n24_e72_k2_low_29_p0,validation,0.1,8,64,1,0.015625
g_n24_e72_k2_low_29,g_n24_e72_k2_low_29_p0,validation,0.15,11,64,1,0.015625
g_n24_e72_k2_low_29,g_n24_e72_k2_low_29_p4,validation,0.05,4,64,0,0.0
g_n24_e72_k2_low_29,g_n24_e72_k2_low_29_p4,validation,0.1,7,64,0,0.0
g_n24_e72_k2_low_29,g_n24_e72_k2_low_29_p4,validation,0.15,11,64,3,0.046875
g_n24_e72_k2_low_29,g_n24_e72_k2_low_29_p8,validation,0.05,4,64,10,0.15625
g_n24_e72_k2_low_29,g_n24_e72_k2_low_29_p8,validation,0.1,7,64,17,0.265625
g_n24_e72_k2_low_29,g_n24_e72_k2_low_29_p8,validation,0.15,10,64,20,0.3125
g_n24_e72_k2_mid_30,g_n24_e72_k2_mid_30_p0,validation,0.05,4,64,0,0.0
g_n24_e72_k2_mid_30,g_n24_e72_k2_mid_30_p0,validation,0.1,8,64,0,0.0
g_n24_e72_k2_mid_30,g_n24_e72_k2_mid_30_p0,validation,0.15,11,64,0,0.0
g_n24_e72_k2_mid_30,g_n24_e72_k2_mid_30_p4,validation,0.05,4,64,1,0.015625
g_n24_e72_k2_mid_30,g_n24_e72_k2_mid_30_p4,validation,0.1,7,64,1,0.015625
g_n24_e72_k2_mid_30,g_n24_e72_k2_mid_30_p4,validation,0.15,11,64,2,0.03125
g_n24_e72_k2_mid_30,g_n24_e72_k2_mid_30_p8,validation,0.05,4,64,3,0.046875
g_n24_e72_k2_mid_30,g_n24_e72_k2_mid_30_p8,validation,0.1,7,64,7,0.109375
g_n24_e72_k2_mid_30,g_n24_e72_k2_mid_30_p8,validation,0.15,10,64,12,0.1875
g_n24_e72_k2_mid_31,g_n24_e72_k2_mid_31_p0,train,0.05,4,64,0,0.0
g_n24_e72_k2_mid_31,g_n24_e72_k2_mid_31_p0,train,0.1,8,64,4,0.0625
g_n24_e72_k2_mid_31,g_n24_e72_k2_mid_31_p0,train,0.15,11,64,4,0.0625
g_n24_e72_k2_mid_31,g_n24_e72_k2_mid_31_p4,train,0.05,4,64,0,0.0
g_n24_e72_k2_mid_31,g_n24_e72_k2_mid_31_p4,train,0.1,7,64,0,0.0
g_n24_e72_k2_mid_31,g_n24_e72_k2_mid_31_p4,train,0.15,11,64,2,0.03125
g_n24_e72_k2_mid_31,g_n24_e72_k2_mid_31_p8,train,0.05,4,64,6,0.09375
g_n24_e72_k2_mid_31,g_n24_e72_k2_mid_31_p8,train,0.1,7,64,11,0.171875
g_n24_e72_k2_mid_31,g_n24_e72_k2_mid_31_p8,train,0.15,10,64,14,0.21875
g_n24_e72_k2_mid_32,g_n24_e72_k2_mid_32_p0,train,0.05,4,64,0,0.0
g_n24_e72_k2_mid_32,g_n24_e72_k2_mid_32_p0,train,0.1,8,64,0,0.0
g_n24_e72_k2_mid_32,g_n24_e72_k2_mid_32_p0,train,0.15,11,64,0,0.0
g_n24_e72_k2_mid_32,g_n24_e72_k2_mid_32_p4,train,0.05,4,64,1,0.015625
g_n24_e72_k2_mid_32,g_n24_e72_k2_mid_32_p4,train,0.1,7,64,2,0.03125
g_n24_e72_k2_mid_32,g_n24_e72_k2_mid_32_p4,train,0.15,11,64,3,0.046875
g_n24_e72_k2_mid_32,g_n24_e72_k2_mid_32_p8,train,0.05,4,64,0,0.0
g_n24_e72_k2_mid_32,g_n24_e72_k2_mid_32_p8,train,0.1,7,64,0,0.0
g_n24_e72_k2_mid_32,g_n24_e72_k2_mid_32_p8,train,0.15,10,64,2,0.03125
g_n24_e72_k2_mid_33,g_n24_e72_k2_mid_33_p0,train,0.05,4,64,0,0.0
g_n24_e72_k2_mid_33,g_n24_e72_k2_mid_33_p0,train,0.1,8,64,1,0.015625
g_n24_e72_k2_mid_33,g_n24_e72_k2_mid_33_p0,train,0.15,11,64,3,0.046875
g_n24_e72_k2_mid_33,g_n24_e72_k2_mid_33_p4,train,0.05,4,64,0,0.0
g_n24_e72_k2_mid_33,g_n24_e72_k2_mid_33_p4,train,0.1,7,64,0,0.0
g_n24_e72_k2_mid_33,g_n24_e72_k2_mid_33_p4,train,0.15,11,64,3,0.046875
g_n24_e72_k2_mid_33,g_n24_e72_k2_mid_33_p8,train,0.05,4,64,0,0.0
g_n24_e72_k2_mid_33,g_n24_e72_k2_mid_33_p8,train,0.1,7,64,2,0.03125
g_n24_e72_k2_mid_33,g_n24_e72_k2_mid_33_p8,train,0.15,10,64,5,0.078125
g_n24_e72_k2_mid_34,g_n24_e72_k2_mid_34_p0,validation,0.05,4,64,0,0.0
g_n24_e72_k2_mid_34,g_n24_e72_k2_mid_34_p0,validation,0.1,8,64,0,0.0
g_n24_e72_k2_mid_34,g_n24_e72_k2_mid_34_p0,validation,0.15,11,64,0,0.0
g_n24_e72_k2_mid_34,g_n24_e72_k2_mid_34_p4,validation,0.05,4,64,0,0.0
g_n24_e72_k2_mid_34,g_n24_e72_k2_mid_34_p4,validation,0.1,7,64,0,0.0
g_n24_e72_k2_mid_34,g_n24_e72_k2_mid_34_p4,validation,0.15,11,64,3,0.046875
g_n24_e72_k2_mid_34,g_n24_e72_k2_mid_34_p8,validation,0.05,4,64,2,0.03125
g_n24_e72_k2_mid_34,g_n24_e72_k2_mid_34_p8,validation,0.1,7,64,6,0.09375
g_n24_e72_k2_mid_34,g_n24_e72_k2_mid_34_p8,validation,0.15,10,64,11,0.171875
g_n24_e72_k2_mid_35,g_n24_e72_k2_mid_35_p0,train,0.05,4,64,0,0.0
g_n24_e72_k2_mid_35,g_n24_e72_k2_mid_35_p0,train,0.1,8,64,3,0.046875
g_n24_e72_k2_mid_35,g_n24_e72_k2_mid_35_p0,train,0.15,11,64,4,0.0625
g_n24_e72_k2_mid_35,g_n24_e72_k2_mid_35_p4,train,0.05,4,64,3,0.046875
g_n24_e72_k2_mid_35,g_n24_e72_k2_mid_35_p4,train,0.1,7,64,4,0.0625
g_n24_e72_k2_mid_35,g_n24_e72_k2_mid_35_p4,train,0.15,11,64,10,0.15625
g_n24_e72_k2_mid_35,g_n24_e72_k2_mid_35_p8,train,0.05,4,64,1,0.015625
g_n24_e72_k2_mid_35,g_n24_e72_k2_mid_35_p8,train,0.1,7,64,2,0.03125
g_n24_e72_k2_mid_35,g_n24_e72_k2_mid_35_p8,train,0.15,10,64,3,0.046875
g_n24_e72_k2_mid_36,g_n24_e72_k2_mid_36_p0,train,0.05,4,64,0,0.0
g_n24_e72_k2_mid_36,g_n24_e72_k2_mid_36_p0,train,0.1,8,64,0,0.0
g_n24_e72_k2_mid_36,g_n24_e72_k2_mid_36_p0,train,0.15,11,64,1,0.015625
g_n24_e72_k2_mid_36,g_n24_e72_k2_mid_36_p4,train,0.05,4,64,1,0.015625
g_n24_e72_k2_mid_36,g_n24_e72_k2_mid_36_p4,train,0.1,7,64,1,0.015625
g_n24_e72_k2_mid_36,g_n24_e72_k2_mid_36_p4,train,0.15,11,64,2,0.03125
g_n24_e72_k2_mid_36,g_n24_e72_k2_mid_36_p8,train,0.05,4,64,1,0.015625
g_n24_e72_k2_mid_36,g_n24_e72_k2_mid_36_p8,train,0.1,7,64,3,0.046875
g_n24_e72_k2_mid_36,g_n24_e72_k2_mid_36_p8,train,0.15,10,64,3,0.046875
g_n24_e72_k2_mid_37,g_n24_e72_k2_mid_37_p0,train,0.05,4,64,1,0.015625
g_n24_e72_k2_mid_37,g_n24_e72_k2_mid_37_p0,train,0.1,8,64,1,0.015625
g_n24_e72_k2_mid_37,g_n24_e72_k2_mid_37_p0,train,0.15,11,64,2,0.03125
g_n24_e72_k2_mid_37,g_n24_e72_k2_mid_37_p4,train,0.05,4,64,0,0.0
g_n24_e72_k2_mid_37,g_n24_e72_k2_mid_37_p4,train,0.1,7,64,0,0.0
g_n24_e72_k2_mid_37,g_n24_e72_k2_mid_37_p4,train,0.15,11,64,1,0.015625
g_n24_e72_k2_mid_37,g_n24_e72_k2_mid_37_p8,train,0.05,4,64,0,0.0
g_n24_e72_k2_mid_37,g_n24_e72_k2_mid_37_p8,train,0.1,7,64,0,0.0
g_n24_e72_k2_mid_37,g_n24_e72_k2_mid_37_p8,train,0.15,10,64,2,0.03125
g_n24_e72_k2_mid_38,g_n24_e72_k2_mid_38_p0,test,0.05,4,64,0,0.0
g_n24_e72_k2_mid_38,g_n24_e72_k2_mid_38_p0,test,0.1,8,64,0,0.0
g_n24_e72_k2_mid_38,g_n24_e72_k2_mid_38_p0,test,0.15,11,64,0,0.0
g_n24_e72_k2_mid_38,g_n24_e72_k2_mid_38_p4,test,0.05,4,64,0,0.0
g_n24_e72_k2_mid_38,g_n24_e72_k2_mid_38_p4,test,0.1,7,64,2,0.03125
g_n24_e72_k2_mid_38,g_n24_e72_k2_mid_38_p4,test,0.15,11,64,4,0.0625
g_n24_e72_k2_mid_38,g_n24_e72_k2_mid_38_p8,test,0.05,4,64,1,0.015625
g_n24_e72_k2_mid_38,g_n24_e72_k2_mid_38_p8,test,0.1,7,64,1,0.015625
g_n24_e72_k2_mid_38,g_n24_e72_k2_mid_38_p8,test,0.15,10,64,1,0.015625
g_n24_e72_k2_mid_39,g_n24_e72_k2_mid_39_p0,test,0.05,4,64,0,0.0
g_n24_e72_k2_mid_39,g_n24_e72_k2_mid_39_p0,test,0.1,8,64,0,0.0
g_n24_e72_k2_mid_39,g_n24_e72_k2_mid_39_p0,test,0.15,11,64,0,0.0
g_n24_e72_k2_mid_39,g_n24_e72_k2_mid_39_p4,test,0.05,4,64,0,0.0
g_n24_e72_k2_mid_39,g_n24_e72_k2_mid_39_p4,test,0.1,7,64,0,0.0
g_n24_e72_k2_mid_39,g_n24_e72_k2_mid_39_p4,test,0.15,11,64,0,0.0
g_n24_e72_k2_mid_39,g_n24_e72_k2_mid_39_p8,test,0.05,4,64,0,0.0
g_n24_e72_k2_mid_39,g_n24_e72_k2_mid_39_p8,test,0.1,7,64,0,0.0
g_n24_e72_k2_mid_39,g_n24_e72_k2_mid_39_p8,test,0.15,10,64,3,0.046875
g_n24_e72_k2_mid_40,g_n24_e72_k2_mid_40_p0,train,0.05,4,64,1,0.015625
g_n24_e72_k2_mid_40,g_n24_e72_k2_mid_40_p0,train,0.1,8,64,2,0.03125
g_n24_e72_k2_mid_40,g_n24_e72_k2_mid_40_p0,train,0.15,11,64,2,0.03125
g_n24_e72_k2_mid_40,g_n24_e72_k2_mid_40_p4,train,0.05,4,64,1,0.015625
g_n24_e72_k2_mid_40,g_n24_e72_k2_mid_40_p4,train,0.1,7,64,4,0.0625
g_n24_e72_k2_mid_40,g_n24_e72_k2_mid_40_p4,train,0.15,11,64,4,0.0625
g_n24_e72_k2_mid_40,g_n24_e72_k2_mid_40_p8,train,0.05,4,64,0,0.0
g_n24_e72_k2_mid_40,g_n24_e72_k2_mid_40_p8,train,0.1,7,64,0,0.0
g_n24_e72_k2_mid_40,g_n24_e72_k2_mid_40_p8,train,0.15,10,64,4,0.0625
g_n24_e72_k2_mid_41,g_n24_e72_k2_mid_41_p0,train,0.05,4,64,1,0.015625
g_n24_e72_k2_mid_41,g_n24_e72_k2_mid_41_p0,train,0.1,8,64,4,0.0625
g_n24_e72_k2_mid_41,g_n24_e72_k2_mid_41_p0,train,0.15,11,64,6,0.09375
g_n24_e72_k2_mid_41,g_n24_e72_k2_mid_41_p4,train,0.05,4,64,0,0.0
g_n24_e72_k2_mid_41,g_n24_e72_k2_mid_41_p4,train,0.1,7,64,0,0.0
g_n24_e72_k2_mid_41,g_n24_e72_k2_mid_41_p4,train,0.15,11,64,1,0.015625
g_n24_e72_k2_mid_41,g_n24_e72_k2_mid_41_p8,train,0.05,4,64,1,0.015625
g_n24_e72_k2_mid_41,g_n24_e72_k2_mid_41_p8,train,0.1,7,64,3,0.046875
g_n24_e72_k2_mid_41,g_n24_e72_k2_mid_41_p8,train,0.15,10,64,7,0.109375
g_n24_e72_k2_mid_42,g_n24_e72_k2_mid_42_p0,test,0.05,4,64,0,0.0
g_n24_e72_k2_mid_42,g_n24_e72_k2_mid_42_p0,test,0.1,8,64,0,0.0
g_n24_e72_k2_mid_42,g_n24_e72_k2_mid_42_p0,test,0.15,11,64,1,0.015625
g_n24_e72_k2_mid_42,g_n24_e72_k2_mid_42_p4,test,0.05,4,64,1,0.015625
g_n24_e72_k2_mid_42,g_n24_e72_k2_mid_42_p4,test,0.1,7,64,1,0.015625
g_n24_e72_k2_mid_42,g_n24_e72_k2_mid_42_p4,test,0.15,11,64,2,0.03125
g_n24_e72_k2_mid_42,g_n24_e72_k2_mid_42_p8,test,0.05,4,64,0,0.0
g_n24_e72_k2_mid_42,g_n24_e72_k2_mid_42_p8,test,0.1,7,64,1,0.015625
g_n24_e72_k2_mid_42,g_n24_e72_k2_mid_42_p8,test,0.15,10,64,1,0.015625
g_n24_e72_k2_mid_43,g_n24_e72_k2_mid_43_p0,test,0.05,4,64,0,0.0
g_n24_e72_k2_mid_43,g_n24_e72_k2_mid_43_p0,test,0.1,8,64,2,0.03125
g_n24_e72_k2_mid_43,g_n24_e72_k2_mid_43_p0,test,0.15,11,64,3,0.046875
g_n24_e72_k2_mid_43,g_n24_e72_k2_mid_43_p4,test,0.05,4,64,9,0.140625
g_n24_e72_k2_mid_43,g_n24_e72_k2_mid_43_p4,test,0.1,7,64,12,0.1875
g_n24_e72_k2_mid_43,g_n24_e72_k2_mid_43_p4,test,0.15,11,64,15,0.234375
g_n24_e72_k2_mid_43,g_n24_e72_k2_mid_43_p8,test,0.05,4,64,0,0.0
g_n24_e72_k2_mid_43,g_n24_e72_k2_mid_43_p8,test,0.1,7,64,1,0.015625
g_n24_e72_k2_mid_43,g_n24_e72_k2_mid_43_p8,test,0.15,10,64,1,0.015625
g_n24_e72_k2_mid_44,g_n24_e72_k2_mid_44_p0,train,0.05,4,64,0,0.0
g_n24_e72_k2_mid_44,g_n24_e72_k2_mid_44_p0,train,0.1,8,64,0,0.0
g_n24_e72_k2_mid_44,g_n24_e72_k2_mid_44_p0,train,0.15,11,64,0,0.0
g_n24_e72_k2_mid_44,g_n24_e72_k2_mid_44_p4,train,0.05,4,64,0,0.0
g_n24_e72_k2_mid_44,g_n24_e72_k2_mid_44_p4,train,0.1,7,64,0,0.0
g_n24_e72_k2_mid_44,g_n24_e72_k2_mid_44_p4,train,0.15,11,64,1,0.015625
g_n24_e72_k2_mid_44,g_n24_e72_k2_mid_44_p8,train,0.05,4,64,0,0.0
g_n24_e72_k2_mid_44,g_n24_e72_k2_mid_44_p8,train,0.1,7,64,1,0.015625
g_n24_e72_k2_mid_44,g_n24_e72_k2_mid_44_p8,train,0.15,10,64,2,0.03125
g_n24_e72_k2_mid_45,g_n24_e72_k2_mid_45_p0,train,0.05,4,64,0,0.0
g_n24_e72_k2_mid_45,g_n24_e72_k2_mid_45_p0,train,0.1,8,64,0,0.0
g_n24_e72_k2_mid_45,g_n24_e72_k2_mid_45_p0,train,0.15,11,64,1,0.015625
g_n24_e72_k2_mid_45,g_n24_e72_k2_mid_45_p4,train,0.05,4,64,1,0.015625
g_n24_e72_k2_mid_45,g_n24_e72_k2_mid_45_p4,train,0.1,7,64,2,0.03125
g_n24_e72_k2_mid_45,g_n24_e72_k2_mid_45_p4,train,0.15,11,64,3,0.046875
g_n24_e72_k2_mid_45,g_n24_e72_k2_mid_45_p8,train,0.05,4,64,1,0.015625
g_n24_e72_k2_mid_45,g_n24_e72_k2_mid_45_p8,train,0.1,7,64,1,0.015625
g_n24_e72_k2_mid_45,g_n24_e72_k2_mid_45_p8,train,0.15,10,64,5,0.078125
g_n24_e72_k2_mid_46,g_n24_e72_k2_mid_46_p0,validation,0.05,4,64,0,0.0
g_n24_e72_k2_mid_46,g_n24_e72_k2_mid_46_p0,validation,0.1,8,64,1,0.015625
g_n24_e72_k2_mid_46,g_n24_e72_k2_mid_46_p0,validation,0.15,11,64,1,0.015625
g_n24_e72_k2_mid_46,g_n24_e72_k2_mid_46_p4,validation,0.05,4,64,7,0.109375
g_n24_e72_k2_mid_46,g_n24_e72_k2_mid_46_p4,validation,0.1,7,64,8,0.125
g_n24_e72_k2_mid_46,g_n24_e72_k2_mid_46_p4,validation,0.15,11,64,13,0.203125
g_n24_e72_k2_mid_46,g_n24_e72_k2_mid_46_p8,validation,0.05,4,64,0,0.0
g_n24_e72_k2_mid_46,g_n24_e72_k2_mid_46_p8,validation,0.1,7,64,1,0.015625
g_n24_e72_k2_mid_46,g_n24_e72_k2_mid_46_p8,validation,0.15,10,64,2,0.03125
g_n24_e72_k2_mid_47,g_n24_e72_k2_mid_47_p0,train,0.05,4,64,0,0.0
g_n24_e72_k2_mid_47,g_n24_e72_k2_mid_47_p0,train,0.1,8,64,0,0.0
g_n24_e72_k2_mid_47,g_n24_e72_k2_mid_47_p0,train,0.15,11,64,0,0.0
g_n24_e72_k2_mid_47,g_n24_e72_k2_mid_47_p4,train,0.05,4,64,0,0.0
g_n24_e72_k2_mid_47,g_n24_e72_k2_mid_47_p4,train,0.1,7,64,0,0.0
g_n24_e72_k2_mid_47,g_n24_e72_k2_mid_47_p4,train,0.15,11,64,0,0.0
g_n24_e72_k2_mid_47,g_n24_e72_k2_mid_47_p8,train,0.05,4,64,0,0.0
g_n24_e72_k2_mid_47,g_n24_e72_k2_mid_47_p8,train,0.1,7,64,1,0.015625
g_n24_e72_k2_mid_47,g_n24_e72_k2_mid_47_p8,train,0.15,10,64,1,0.015625
g_n24_e72_k2_mid_48,g_n24_e72_k2_mid_48_p0,train,0.05,4,64,1,0.015625
g_n24_e72_k2_mid_48,g_n24_e72_k2_mid_48_p0,train,0.1,8,64,1,0.015625
g_n24_e72_k2_mid_48,g_n24_e72_k2_mid_48_p0,train,0.15,11,64,3,0.046875
g_n24_e72_k2_mid_48,g_n24_e72_k2_mid_48_p4,train,0.05,4,64,0,0.0
g_n24_e72_k2_mid_48,g_n24_e72_k2_mid_48_p4,train,0.1,7,64,0,0.0
g_n24_e72_k2_mid_48,g_n24_e72_k2_mid_48_p4,train,0.15,11,64,0,0.0
g_n24_e72_k2_mid_48,g_n24_e72_k2_mid_48_p8,train,0.05,4,64,3,0.046875
g_n24_e72_k2_mid_48,g_n24_e72_k2_mid_48_p8,train,0.1,7,64,6,0.09375
g_n24_e72_k2_mid_48,g_n24_e72_k2_mid_48_p8,train,0.15,10,64,10,0.15625
g_n24_e72_k2_mid_49,g_n24_e72_k2_mid_49_p0,test,0.05,4,64,1,0.015625
g_n24_e72_k2_mid_49,g_n24_e72_k2_mid_49_p0,test,0.1,8,64,1,0.015625
g_n24_e72_k2_mid_49,g_n24_e72_k2_mid_49_p0,test,0.15,11,64,1,0.015625
g_n24_e72_k2_mid_49,g_n24_e72_k2_mid_49_p4,test,0.05,4,64,0,0.0
g_n24_e72_k2_mid_49,g_n24_e72_k2_mid_49_p4,test,0.1,7,64,0,0.0
g_n24_e72_k2_mid_49,g_n24_e72_k2_mid_49_p4,test,0.15,11,64,2,0.03125
g_n24_e72_k2_mid_49,g_n24_e72_k2_mid_49_p8,test,0.05,4,64,0,0.0
g_n24_e72_k2_mid_49,g_n24_e72_k2_mid_49_p8,test,0.1,7,64,0,0.0
g_n24_e72_k2_mid_49,g_n24_e72_k2_mid_49_p8,test,0.15,10,64,0,0.0
g_n24_e72_k2_mid_50,g_n24_e72_k2_mid_50_p0,train,0.05,4,64,1,0.015625
g_n24_e72_k2_mid_50,g_n24_e72_k2_mid_50_p0,train,0.1,8,64,4,0.0625
g_n24_e72_k2_mid_50,g_n24_e72_k2_mid_50_p0,train,0.15,11,64,4,0.0625
g_n24_e72_k2_mid_50,g_n24_e72_k2_mid_50_p4,train,0.05,4,64,3,0.046875
g_n24_e72_k2_mid_50,g_n24_e72_k2_mid_50_p4,train,0.1,7,64,6,0.09375
g_n24_e72_k2_mid_50,g_n24_e72_k2_mid_50_p4,train,0.15,11,64,13,0.203125
g_n24_e72_k2_mid_50,g_n24_e72_k2_mid_50_p8,train,0.05,4,64,0,0.0
g_n24_e72_k2_mid_50,g_n24_e72_k2_mid_50_p8,train,0.1,7,64,1,0.015625
g_n24_e72_k2_mid_50,g_n24_e72_k2_mid_50_p8,train,0.15,10,64,3,0.046875
g_n24_e72_k2_mid_51,g_n24_e72_k2_mid_51_p0,validation,0.05,4,64,0,0.0
g_n24_e72_k2_mid_51,g_n24_e72_k2_mid_51_p0,validation,0.1,8,64,0,0.0
g_n24_e72_k2_mid_51,g_n24_e72_k2_mid_51_p0,validation,0.15,11,64,2,0.03125
g_n24_e72_k2_mid_51,g_n24_e72_k2_mid_51_p4,validation,0.05,4,64,0,0.0
g_n24_e72_k2_mid_51,g_n24_e72_k2_mid_51_p4,validation,0.1,7,64,2,0.03125
g_n24_e72_k2_mid_51,g_n24_e72_k2_mid_51_p4,validation,0.15,11,64,3,0.046875
g_n24_e72_k2_mid_51,g_n24_e72_k2_mid_51_p8,validation,0.05,4,64,0,0.0
g_n24_e72_k2_mid_51,g_n24_e72_k2_mid_51_p8,validation,0.1,7,64,3,0.046875
g_n24_e72_k2_mid_51,g_n24_e72_k2_mid_51_p8,validation,0.15,10,64,4,0.0625
g_n24_e72_k2_mid_52,g_n24_e72_k2_mid_52_p0,train,0.05,4,64,1,0.015625
g_n24_e72_k2_mid_52,g_n24_e72_k2_mid_52_p0,train,0.1,8,64,2,0.03125
g_n24_e72_k2_mid_52,g_n24_e72_k2_mid_52_p0,train,0.15,11,64,3,0.046875
g_n24_e72_k2_mid_52,g_n24_e72_k2_mid_52_p4,train,0.05,4,64,4,0.0625
g_n24_e72_k2_mid_52,g_n24_e72_k2_mid_52_p4,train,0.1,7,64,8,0.125
g_n24_e72_k2_mid_52,g_n24_e72_k2_mid_52_p4,train,0.15,11,64,13,0.203125
g_n24_e72_k2_mid_52,g_n24_e72_k2_mid_52_p8,train,0.05,4,64,1,0.015625
g_n24_e72_k2_mid_52,g_n24_e72_k2_mid_52_p8,train,0.1,7,64,2,0.03125
g_n24_e72_k2_mid_52,g_n24_e72_k2_mid_52_p8,train,0.15,10,64,5,0.078125
g_n24_e72_k2_mid_53,g_n24_e72_k2_mid_53_p0,train,0.05,4,64,0,0.0
g_n24_e72_k2_mid_53,g_n24_e72_k2_mid_53_p0,train,0.1,8,64,1,0.015625
g_n24_e72_k2_mid_53,g_n24_e72_k2_mid_53_p0,train,0.15,11,64,2,0.03125
g_n24_e72_k2_mid_53,g_n24_e72_k2_mid_53_p4,train,0.05,4,64,0,0.0
g_n24_e72_k2_mid_53,g_n24_e72_k2_mid_53_p4,train,0.1,7,64,1,0.015625
g_n24_e72_k2_mid_53,g_n24_e72_k2_mid_53_p4,train,0.15,11,64,2,0.03125
g_n24_e72_k2_mid_53,g_n24_e72_k2_mid_53_p8,train,0.05,4,64,0,0.0
g_n24_e72_k2_mid_53,g_n24_e72_k2_mid_53_p8,train,0.1,7,64,1,0.015625
g_n24_e72_k2_mid_53,g_n24_e72_k2_mid_53_p8,train,0.15,10,64,3,0.046875
g_n24_e72_k2_mid_54,g_n24_e72_k2_mid_54_p0,train,0.05,4,64,0,0.0
g_n24_e72_k2_mid_54,g_n24_e72_k2_mid_54_p0,train,0.1,8,64,0,0.0
g_n24_e72_k2_mid_54,g_n24_e72_k2_mid_54_p0,train,0.15,11,64,2,0.03125
g_n24_e72_k2_mid_54,g_n24_e72_k2_mid_54_p4,train,0.05,4,64,0,0.0
g_n24_e72_k2_mid_54,g_n24_e72_k2_mid_54_p4,train,0.1,7,64,0,0.0
g_n24_e72_k2_mid_54,g_n24_e72_k2_mid_54_p4,train,0.15,11,64,1,0.015625
g_n24_e72_k2_mid_54,g_n24_e72_k2_mid_54_p8,train,0.05,4,64,10,0.15625
g_n24_e72_k2_mid_54,g_n24_e72_k2_mid_54_p8,train,0.1,7,64,18,0.28125
g_n24_e72_k2_mid_54,g_n24_e72_k2_mid_54_p8,train,0.15,10,64,23,0.359375
g_n24_e72_k2_mid_55,g_n24_e72_k2_mid_55_p0,train,0.05,4,64,0,0.0
g_n24_e72_k2_mid_55,g_n24_e72_k2_mid_55_p0,train,0.1,8,64,0,0.0
g_n24_e72_k2_mid_55,g_n24_e72_k2_mid_55_p0,train,0.15,11,64,0,0.0
g_n24_e72_k2_mid_55,g_n24_e72_k2_mid_55_p4,train,0.05,4,64,0,0.0
g_n24_e72_k2_mid_55,g_n24_e72_k2_mid_55_p4,train,0.1,7,64,0,0.0
g_n24_e72_k2_mid_55,g_n24_e72_k2_mid_55_p4,train,0.15,11,64,5,0.078125
g_n24_e72_k2_mid_55,g_n24_e72_k2_mid_55_p8,train,0.05,4,64,0,0.0
g_n24_e72_k2_mid_55,g_n24_e72_k2_mid_55_p8,train,0.1,7,64,0,0.0
g_n24_e72_k2_mid_55,g_n24_e72_k2_mid_55_p8,train,0.15,10,64,2,0.03125
g_n24_e72_k2_mid_56,g_n24_e72_k2_mid_56_p0,validation,0.05,4,64,0,0.0
g_n24_e72_k2_mid_56,g_n24_e72_k2_mid_56_p0,validation,0.1,8,64,0,0.0
g_n24_e72_k2_mid_56,g_n24_e72_k2_mid_56_p0,validation,0.15,11,64,0,0.0
g_n24_e72_k2_mid_56,g_n24_e72_k2_mid_56_p4,validation,0.05,4,64,0,0.0
g_n24_e72_k2_mid_56,g_n24_e72_k2_mid_56_p4,validation,0.1,7,64,0,0.0
g_n24_e72_k2_mid_56,g_n24_e72_k2_mid_56_p4,validation,0.15,11,64,0,0.0
g_n24_e72_k2_mid_56,g_n24_e72_k2_mid_56_p8,validation,0.05,4,64,0,0.0
g_n24_e72_k2_mid_56,g_n24_e72_k2_mid_56_p8,validation,0.1,7,64,1,0.015625
g_n24_e72_k2_mid_56,g_n24_e72_k2_mid_56_p8,validation,0.15,10,64,2,0.03125
g_n24_e72_k2_mid_57,g_n24_e72_k2_mid_57_p0,validation,0.05,4,64,0,0.0
g_n24_e72_k2_mid_57,g_n24_e72_k2_mid_57_p0,validation,0.1,8,64,1,0.015625
g_n24_e72_k2_mid_57,g_n24_e72_k2_mid_57_p0,validation,0.15,11,64,3,0.046875
g_n24_e72_k2_mid_57,g_n24_e72_k2_mid_57_p4,validation,0.05,4,64,0,0.0
g_n24_e72_k2_mid_57,g_n24_e72_k2_mid_57_p4,validation,0.1,7,64,1,0.015625
g_n24_e72_k2_mid_57,g_n24_e72_k2_mid_57_p4,validation,0.15,11,64,1,0.015625
g_n24_e72_k2_mid_57,g_n24_e72_k2_mid_57_p8,validation,0.05,4,64,0,0.0
g_n24_e72_k2_mid_57,g_n24_e72_k2_mid_57_p8,validation,0.1,7,64,1,0.015625
g_n24_e72_k2_mid_57,g_n24_e72_k2_mid_57_p8,validation,0.15,10,64,3,0.046875
g_n24_e72_k2_mid_58,g_n24_e72_k2_mid_58_p0,test,0.05,4,64,1,0.015625
g_n24_e72_k2_mid_58,g_n24_e72_k2_mid_58_p0,test,0.1,8,64,2,0.03125
g_n24_e72_k2_mid_58,g_n24_e72_k2_mid_58_p0,test,0.15,11,64,3,0.046875
g_n24_e72_k2_mid_58,g_n24_e72_k2_mid_58_p4,test,0.05,4,64,0,0.0
g_n24_e72_k2_mid_58,g_n24_e72_k2_mid_58_p4,test,0.1,7,64,0,0.0
g_n24_e72_k2_mid_58,g_n24_e72_k2_mid_58_p4,test,0.15,11,64,3,0.046875
g_n24_e72_k2_mid_58,g_n24_e72_k2_mid_58_p8,test,0.05,4,64,0,0.0
g_n24_e72_k2_mid_58,g_n24_e72_k2_mid_58_p8,test,0.1,7,64,0,0.0
g_n24_e72_k2_mid_58,g_n24_e72_k2_mid_58_p8,test,0.15,10,64,1,0.015625
g_n24_e72_k2_mid_59,g_n24_e72_k2_mid_59_p0,train,0.05,4,64,1,0.015625
g_n24_e72_k2_mid_59,g_n24_e72_k2_mid_59_p0,train,0.1,8,64,1,0.015625
g_n24_e72_k2_mid_59,g_n24_e72_k2_mid_59_p0,train,0.15,11,64,2,0.03125
g_n24_e72_k2_mid_59,g_n24_e72_k2_mid_59_p4,train,0.05,4,64,0,0.0
g_n24_e72_k2_mid_59,g_n24_e72_k2_mid_59_p4,train,0.1,7,64,1,0.015625
g_n24_e72_k2_mid_59,g_n24_e72_k2_mid_59_p4,train,0.15,11,64,1,0.015625
g_n24_e72_k2_mid_59,g_n24_e72_k2_mid_59_p8,train,0.05,4,64,5,0.078125
g_n24_e72_k2_mid_59,g_n24_e72_k2_mid_59_p8,train,0.1,7,64,7,0.109375
g_n24_e72_k2_mid_59,g_n24_e72_k2_mid_59_p8,train,0.15,10,64,12,0.1875
g_n24_e72_k2_high_60,g_n24_e72_k2_high_60_p0,train,0.05,4,64,0,0.0
g_n24_e72_k2_high_60,g_n24_e72_k2_high_60_p0,train,0.1,8,64,1,0.015625
g_n24_e72_k2_high_60,g_n24_e72_k2_high_60_p0,train,0.15,11,64,1,0.015625
g_n24_e72_k2_high_60,g_n24_e72_k2_high_60_p4,train,0.05,4,64,1,0.015625
g_n24_e72_k2_high_60,g_n24_e72_k2_high_60_p4,train,0.1,7,64,1,0.015625
g_n24_e72_k2_high_60,g_n24_e72_k2_high_60_p4,train,0.15,11,64,3,0.046875
g_n24_e72_k2_high_60,g_n24_e72_k2_high_60_p8,train,0.05,4,64,3,0.046875
g_n24_e72_k2_high_60,g_n24_e72_k2_high_60_p8,train,0.1,7,64,8,0.125
g_n24_e72_k2_high_60,g_n24_e72_k2_high_60_p8,train,0.15,10,64,8,0.125
g_n24_e72_k2_high_61,g_n24_e72_k2_high_61_p0,test,0.05,4,64,1,0.015625
g_n24_e72_k2_high_61,g_n24_e72_k2_high_61_p0,test,0.1,8,64,1,0.015625
g_n24_e72_k2_high_61,g_n24_e72_k2_high_61_p0,test,0.15,11,64,1,0.015625
g_n24_e72_k2_high_61,g_n24_e72_k2_high_61_p4,test,0.05,4,64,0,0.0
g_n24_e72_k2_high_61,g_n24_e72_k2_high_61_p4,test,0.1,7,64,2,0.03125
g_n24_e72_k2_high_61,g_n24_e72_k2_high_61_p4,test,0.15,11,64,5,0.078125
g_n24_e72_k2_high_61,g_n24_e72_k2_high_61_p8,test,0.05,4,64,0,0.0
g_n24_e72_k2_high_61,g_n24_e72_k2_high_61_p8,test,0.1,7,64,1,0.015625
g_n24_e72_k2_high_61,g_n24_e72_k2_high_61_p8,test,0.15,10,64,1,0.015625
g_n24_e72_k2_high_62,g_n24_e72_k2_high_62_p0,train,0.05,4,64,0,0.0
g_n24_e72_k2_high_62,g_n24_e72_k2_high_62_p0,train,0.1,8,64,0,0.0
g_n24_e72_k2_high_62,g_n24_e72_k2_high_62_p0,train,0.15,11,64,1,0.015625
g_n24_e72_k2_high_62,g_n24_e72_k2_high_62_p4,train,0.05,4,64,0,0.0
g_n24_e72_k2_high_62,g_n24_e72_k2_high_62_p4,train,0.1,7,64,1,0.015625
g_n24_e72_k2_high_62,g_n24_e72_k2_high_62_p4,train,0.15,11,64,2,0.03125
g_n24_e72_k2_high_62,g_n24_e72_k2_high_62_p8,train,0.05,4,64,5,0.078125
g_n24_e72_k2_high_62,g_n24_e72_k2_high_62_p8,train,0.1,7,64,7,0.109375
g_n24_e72_k2_high_62,g_n24_e72_k2_high_62_p8,train,0.15,10,64,12,0.1875
g_n24_e72_k2_high_63,g_n24_e72_k2_high_63_p0,train,0.05,4,64,0,0.0
g_n24_e72_k2_high_63,g_n24_e72_k2_high_63_p0,train,0.1,8,64,0,0.0
g_n24_e72_k2_high_63,g_n24_e72_k2_high_63_p0,train,0.15,11,64,1,0.015625
g_n24_e72_k2_high_63,g_n24_e72_k2_high_63_p4,train,0.05,4,64,0,0.0
g_n24_e72_k2_high_63,g_n24_e72_k2_high_63_p4,train,0.1,7,64,0,0.0
g_n24_e72_k2_high_63,g_n24_e72_k2_high_63_p4,train,0.15,11,64,0,0.0
g_n24_e72_k2_high_63,g_n24_e72_k2_high_63_p8,train,0.05,4,64,0,0.0
g_n24_e72_k2_high_63,g_n24_e72_k2_high_63_p8,train,0.1,7,64,0,0.0
g_n24_e72_k2_high_63,g_n24_e72_k2_high_63_p8,train,0.15,10,64,2,0.03125
g_n24_e72_k2_high_64,g_n24_e72_k2_high_64_p0,train,0.05,4,64,1,0.015625
g_n24_e72_k2_high_64,g_n24_e72_k2_high_64_p0,train,0.1,8,64,1,0.015625
g_n24_e72_k2_high_64,g_n24_e72_k2_high_64_p0,train,0.15,11,64,1,0.015625
g_n24_e72_k2_high_64,g_n24_e72_k2_high_64_p4,train,0.05,4,64,0,0.0
g_n24_e72_k2_high_64,g_n24_e72_k2_high_64_p4,train,0.1,7,64,0,0.0
g_n24_e72_k2_high_64,g_n24_e72_k2_high_64_p4,train,0.15,11,64,1,0.015625
g_n24_e72_k2_high_64,g_n24_e72_k2_high_64_p8,train,0.05,4,64,0,0.0
g_n24_e72_k2_high_64,g_n24_e72_k2_high_64_p8,train,0.1,7,64,1,0.015625
g_n24_e72_k2_high_64,g_n24_e72_k2_high_64_p8,train,0.15,10,64,2,0.03125
g_n24_e72_k2_high_65,g_n24_e72_k2_high_65_p0,test,0.05,4,64,0,0.0
g_n24_e72_k2_high_65,g_n24_e72_k2_high_65_p0,test,0.1,8,64,1,0.015625
g_n24_e72_k2_high_65,g_n24_e72_k2_high_65_p0,test,0.15,11,64,1,0.015625
g_n24_e72_k2_high_65,g_n24_e72_k2_high_65_p4,test,0.05,4,64,0,0.0
g_n24_e72_k2_high_65,g_n24_e72_k2_high_65_p4,test,0.1,7,64,2,0.03125
g_n24_e72_k2_high_65,g_n24_e72_k2_high_65_p4,test,0.15,11,64,4,0.0625
g_n24_e72_k2_high_65,g_n24_e72_k2_high_65_p8,test,0.05,4,64,3,0.046875
g_n24_e72_k2_high_65,g_n24_e72_k2_high_65_p8,test,0.1,7,64,7,0.109375
g_n24_e72_k2_high_65,g_n24_e72_k2_high_65_p8,test,0.15,10,64,10,0.15625
g_n24_e72_k2_high_66,g_n24_e72_k2_high_66_p0,test,0.05,4,64,0,0.0
g_n24_e72_k2_high_66,g_n24_e72_k2_high_66_p0,test,0.1,8,64,1,0.015625
g_n24_e72_k2_high_66,g_n24_e72_k2_high_66_p0,test,0.15,11,64,2,0.03125
g_n24_e72_k2_high_66,g_n24_e72_k2_high_66_p4,test,0.05,4,64,0,0.0
g_n24_e72_k2_high_66,g_n24_e72_k2_high_66_p4,test,0.1,7,64,1,0.015625
g_n24_e72_k2_high_66,g_n24_e72_k2_high_66_p4,test,0.15,11,64,4,0.0625
g_n24_e72_k2_high_66,g_n24_e72_k2_high_66_p8,test,0.05,4,64,0,0.0
g_n24_e72_k2_high_66,g_n24_e72_k2_high_66_p8,test,0.1,7,64,1,0.015625
g_n24_e72_k2_high_66,g_n24_e72_k2_high_66_p8,test,0.15,10,64,2,0.03125
g_n24_e72_k2_high_67,g_n24_e72_k2_high_67_p0,validation,0.05,4,64,0,0.0
g_n24_e72_k2_high_67,g_n24_e72_k2_high_67_p0,validation,0.1,8,64,1,0.015625
g_n24_e72_k2_high_67,g_n24_e72_k2_high_67_p0,validation,0.15,11,64,1,0.015625
g_n24_e72_k2_high_67,g_n24_e72_k2_high_67_p4,validation,0.05,4,64,2,0.03125
g_n24_e72_k2_high_67,g_n24_e72_k2_high_67_p4,validation,0.1,7,64,2,0.03125
g_n24_e72_k2_high_67,g_n24_e72_k2_high_67_p4,validation,0.15,11,64,4,0.0625
g_n24_e72_k2_high_67,g_n24_e72_k2_high_67_p8,validation,0.05,4,64,0,0.0
g_n24_e72_k2_high_67,g_n24_e72_k2_high_67_p8,validation,0.1,7,64,0,0.0
g_n24_e72_k2_high_67,g_n24_e72_k2_high_67_p8,validation,0.15,10,64,0,0.0
g_n24_e72_k2_high_68,g_n24_e72_k2_high_68_p0,train,0.05,4,64,0,0.0
g_n24_e72_k2_high_68,g_n24_e72_k2_high_68_p0,train,0.1,8,64,1,0.015625
g_n24_e72_k2_high_68,g_n24_e72_k2_high_68_p0,train,0.15,11,64,2,0.03125
g_n24_e72_k2_high_68,g_n24_e72_k2_high_68_p4,train,0.05,4,64,0,0.0
g_n24_e72_k2_high_68,g_n24_e72_k2_high_68_p4,train,0.1,7,64,0,0.0
g_n24_e72_k2_high_68,g_n24_e72_k2_high_68_p4,train,0.15,11,64,0,0.0
g_n24_e72_k2_high_68,g_n24_e72_k2_high_68_p8,train,0.05,4,64,0,0.0
g_n24_e72_k2_high_68,g_n24_e72_k2_high_68_p8,train,0.1,7,64,0,0.0
g_n24_e72_k2_high_68,g_n24_e72_k2_high_68_p8,train,0.15,10,64,0,0.0
g_n24_e72_k2_high_69,g_n24_e72_k2_high_69_p0,train,0.05,4,64,0,0.0
g_n24_e72_k2_high_69,g_n24_e72_k2_high_69_p0,train,0.1,8,64,0,0.0
g_n24_e72_k2_high_69,g_n24_e72_k2_high_69_p0,train,0.15,11,64,1,0.015625
g_n24_e72_k2_high_69,g_n24_e72_k2_high_69_p4,train,0.05,4,64,3,0.046875
g_n24_e72_k2_high_69,g_n24_e72_k2_high_69_p4,train,0.1,7,64,9,0.140625
g_n24_e72_k2_high_69,g_n24_e72_k2_high_69_p4,train,0.15,11,64,11,0.171875
g_n24_e72_k2_high_69,g_n24_e72_k2_high_69_p8,train,0.05,4,64,2,0.03125
g_n24_e72_k2_high_69,g_n24_e72_k2_high_69_p8,train,0.1,7,64,5,0.078125
g_n24_e72_k2_high_69,g_n24_e72_k2_high_69_p8,train,0.15,10,64,6,0.09375
g_n24_e72_k2_high_70,g_n24_e72_k2_high_70_p0,train,0.05,4,64,0,0.0
g_n24_e72_k2_high_70,g_n24_e72_k2_high_70_p0,train,0.1,8,64,2,0.03125
g_n24_e72_k2_high_70,g_n24_e72_k2_high_70_p0,train,0.15,11,64,3,0.046875
g_n24_e72_k2_high_70,g_n24_e72_k2_high_70_p4,train,0.05,4,64,7,0.109375
g_n24_e72_k2_high_70,g_n24_e72_k2_high_70_p4,train,0.1,7,64,8,0.125
g_n24_e72_k2_high_70,g_n24_e72_k2_high_70_p4,train,0.15,11,64,15,0.234375
g_n24_e72_k2_high_70,g_n24_e72_k2_high_70_p8,train,0.05,4,64,1,0.015625
g_n24_e72_k2_high_70,g_n24_e72_k2_high_70_p8,train,0.1,7,64,1,0.015625
g_n24_e72_k2_high_70,g_n24_e72_k2_high_70_p8,train,0.15,10,64,1,0.015625
g_n24_e72_k2_high_71,g_n24_e72_k2_high_71_p0,train,0.05,4,64,0,0.0
g_n24_e72_k2_high_71,g_n24_e72_k2_high_71_p0,train,0.1,8,64,1,0.015625
g_n24_e72_k2_high_71,g_n24_e72_k2_high_71_p0,train,0.15,11,64,1,0.015625
g_n24_e72_k2_high_71,g_n24_e72_k2_high_71_p4,train,0.05,4,64,2,0.03125
g_n24_e72_k2_high_71,g_n24_e72_k2_high_71_p4,train,0.1,7,64,2,0.03125
g_n24_e72_k2_high_71,g_n24_e72_k2_high_71_p4,train,0.15,11,64,4,0.0625
g_n24_e72_k2_high_71,g_n24_e72_k2_high_71_p8,train,0.05,4,64,3,0.046875
g_n24_e72_k2_high_71,g_n24_e72_k2_high_71_p8,train,0.1,7,64,4,0.0625
g_n24_e72_k2_high_71,g_n24_e72_k2_high_71_p8,train,0.15,10,64,9,0.140625
g_n24_e72_k2_high_72,g_n24_e72_k2_high_72_p0,validation,0.05,4,64,0,0.0
g_n24_e72_k2_high_72,g_n24_e72_k2_high_72_p0,validation,0.1,8,64,0,0.0
g_n24_e72_k2_high_72,g_n24_e72_k2_high_72_p0,validation,0.15,11,64,1,0.015625
g_n24_e72_k2_high_72,g_n24_e72_k2_high_72_p4,validation,0.05,4,64,0,0.0
g_n24_e72_k2_high_72,g_n24_e72_k2_high_72_p4,validation,0.1,7,64,0,0.0
g_n24_e72_k2_high_72,g_n24_e72_k2_high_72_p4,validation,0.15,11,64,1,0.015625
g_n24_e72_k2_high_72,g_n24_e72_k2_high_72_p8,validation,0.05,4,64,0,0.0
g_n24_e72_k2_high_72,g_n24_e72_k2_high_72_p8,validation,0.1,7,64,1,0.015625
g_n24_e72_k2_high_72,g_n24_e72_k2_high_72_p8,validation,0.15,10,64,1,0.015625
g_n24_e72_k2_high_73,g_n24_e72_k2_high_73_p0,train,0.05,4,64,0,0.0
g_n24_e72_k2_high_73,g_n24_e72_k2_high_73_p0,train,0.1,8,64,1,0.015625
g_n24_e72_k2_high_73,g_n24_e72_k2_high_73_p0,train,0.15,11,64,4,0.0625
g_n24_e72_k2_high_73,g_n24_e72_k2_high_73_p4,train,0.05,4,64,0,0.0
g_n24_e72_k2_high_73,g_n24_e72_k2_high_73_p4,train,0.1,7,64,0,0.0
g_n24_e72_k2_high_73,g_n24_e72_k2_high_73_p4,train,0.15,11,64,0,0.0
g_n24_e72_k2_high_73,g_n24_e72_k2_high_73_p8,train,0.05,4,64,1,0.015625
g_n24_e72_k2_high_73,g_n24_e72_k2_high_73_p8,train,0.1,7,64,1,0.015625
g_n24_e72_k2_high_73,g_n24_e72_k2_high_73_p8,train,0.15,10,64,2,0.03125
g_n24_e72_k2_high_74,g_n24_e72_k2_high_74_p0,train,0.05,4,64,1,0.015625
g_n24_e72_k2_high_74,g_n24_e72_k2_high_74_p0,train,0.1,8,64,1,0.015625
g_n24_e72_k2_high_74,g_n24_e72_k2_high_74_p0,train,0.15,11,64,2,0.03125
g_n24_e72_k2_high_74,g_n24_e72_k2_high_74_p4,train,0.05,4,64,0,0.0
g_n24_e72_k2_high_74,g_n24_e72_k2_high_74_p4,train,0.1,7,64,0,0.0
g_n24_e72_k2_high_74,g_n24_e72_k2_high_74_p4,train,0.15,11,64,0,0.0
g_n24_e72_k2_high_74,g_n24_e72_k2_high_74_p8,train,0.05,4,64,0,0.0
g_n24_e72_k2_high_74,g_n24_e72_k2_high_74_p8,train,0.1,7,64,0,0.0
g_n24_e72_k2_high_74,g_n24_e72_k2_high_74_p8,train,0.15,10,64,0,0.0
g_n24_e72_k2_high_75,g_n24_e72_k2_high_75_p0,validation,0.05,4,64,0,0.0
g_n24_e72_k2_high_75,g_n24_e72_k2_high_75_p0,validation,0.1,8,64,1,0.015625
g_n24_e72_k2_high_75,g_n24_e72_k2_high_75_p0,validation,0.15,11,64,1,0.015625
g_n24_e72_k2_high_75,g_n24_e72_k2_high_75_p4,validation,0.05,4,64,0,0.0
g_n24_e72_k2_high_75,g_n24_e72_k2_high_75_p4,validation,0.1,7,64,0,0.0
g_n24_e72_k2_high_75,g_n24_e72_k2_high_75_p4,validation,0.15,11,64,0,0.0
g_n24_e72_k2_high_75,g_n24_e72_k2_high_75_p8,validation,0.05,4,64,0,0.0
g_n24_e72_k2_high_75,g_n24_e72_k2_high_75_p8,validation,0.1,7,64,1,0.015625
g_n24_e72_k2_high_75,g_n24_e72_k2_high_75_p8,validation,0.15,10,64,6,0.09375
g_n24_e72_k2_high_76,g_n24_e72_k2_high_76_p0,train,0.05,4,64,0,0.0
g_n24_e72_k2_high_76,g_n24_e72_k2_high_76_p0,train,0.1,8,64,0,0.0
g_n24_e72_k2_high_76,g_n24_e72_k2_high_76_p0,train,0.15,11,64,0,0.0
g_n24_e72_k2_high_76,g_n24_e72_k2_high_76_p4,train,0.05,4,64,1,0.015625
g_n24_e72_k2_high_76,g_n24_e72_k2_high_76_p4,train,0.1,7,64,2,0.03125
g_n24_e72_k2_high_76,g_n24_e72_k2_high_76_p4,train,0.15,11,64,3,0.046875
g_n24_e72_k2_high_76,g_n24_e72_k2_high_76_p8,train,0.05,4,64,0,0.0
g_n24_e72_k2_high_76,g_n24_e72_k2_high_76_p8,train,0.1,7,64,1,0.015625
g_n24_e72_k2_high_76,g_n24_e72_k2_high_76_p8,train,0.15,10,64,1,0.015625
g_n24_e72_k2_high_77,g_n24_e72_k2_high_77_p0,test,0.05,4,64,0,0.0
g_n24_e72_k2_high_77,g_n24_e72_k2_high_77_p0,test,0.1,8,64,0,0.0
g_n24_e72_k2_high_77,g_n24_e72_k2_high_77_p0,test,0.15,11,64,0,0.0
g_n24_e72_k2_high_77,g_n24_e72_k2_high_77_p4,test,0.05,4,64,0,0.0
g_n24_e72_k2_high_77,g_n24_e72_k2_high_77_p4,test,0.1,7,64,0,0.0
g_n24_e72_k2_high_77,g_n24_e72_k2_high_77_p4,test,0.15,11,64,1,0.015625
g_n24_e72_k2_high_77,g_n24_e72_k2_high_77_p8,test,0.05,4,64,0,0.0
g_n24_e72_k2_high_77,g_n24_e72_k2_high_77_p8,test,0.1,7,64,0,0.0
g_n24_e72_k2_high_77,g_n24_e72_k2_high_77_p8,test,0.15,10,64,1,0.015625
g_n24_e72_k2_high_78,g_n24_e72_k2_high_78_p0,test,0.05,4,64,0,0.0
g_n24_e72_k2_high_78,g_n24_e72_k2_high_78_p0,test,0.1,8,64,0,0.0
g_n24_e72_k2_high_78,g_n24_e72_k2_high_78_p0,test,0.15,11,64,0,0.0
g_n24_e72_k2_high_78,g_n24_e72_k2_high_78_p4,test,0.05,4,64,2,0.03125
g_n24_e72_k2_high_78,g_n24_e72_k2_high_78_p4,test,0.1,7,64,3,0.046875
g_n24_e72_k2_high_78,g_n24_e72_k2_high_78_p4,test,0.15,11,64,4,0.0625
g_n24_e72_k2_high_78,g_n24_e72_k2_high_78_p8,test,0.05,4,64,1,0.015625
g_n24_e72_k2_high_78,g_n24_e72_k2_high_78_p8,test,0.1,7,64,1,0.015625
g_n24_e72_k2_high_78,g_n24_e72_k2_high_78_p8,test,0.15,10,64,2,0.03125
g_n24_e72_k2_high_79,g_n24_e72_k2_high_79_p0,train,0.05,4,64,0,0.0
g_n24_e72_k2_high_79,g_n24_e72_k2_high_79_p0,train,0.1,8,64,2,0.03125
g_n24_e72_k2_high_79,g_n24_e72_k2_high_79_p0,train,0.15,11,64,4,0.0625
g_n24_e72_k2_high_79,g_n24_e72_k2_high_79_p4,train,0.05,4,64,0,0.0
g_n24_e72_k2_high_79,g_n24_e72_k2_high_79_p4,train,0.1,7,64,0,0.0
g_n24_e72_k2_high_79,g_n24_e72_k2_high_79_p4,train,0.15,11,64,1,0.015625
g_n24_e72_k2_high_79,g_n24_e72_k2_high_79_p8,train,0.05,4,64,0,0.0
g_n24_e72_k2_high_79,g_n24_e72_k2_high_79_p8,train,0.1,7,64,0,0.0
g_n24_e72_k2_high_79,g_n24_e72_k2_high_79_p8,train,0.15,10,64,0,0.0
g_n24_e72_k2_high_80,g_n24_e72_k2_high_80_p0,train,0.05,4,64,0,0.0
g_n24_e72_k2_high_80,g_n24_e72_k2_high_80_p0,train,0.1,8,64,0,0.0
g_n24_e72_k2_high_80,g_n24_e72_k2_high_80_p0,train,0.15,11,64,1,0.015625
g_n24_e72_k2_high_80,g_n24_e72_k2_high_80_p4,train,0.05,4,64,0,0.0
g_n24_e72_k2_high_80,g_n24_e72_k2_high_80_p4,train,0.1,7,64,3,0.046875
g_n24_e72_k2_high_80,g_n24_e72_k2_high_80_p4,train,0.15,11,64,6,0.09375
g_n24_e72_k2_high_80,g_n24_e72_k2_high_80_p8,train,0.05,4,64,0,0.0
g_n24_e72_k2_high_80,g_n24_e72_k2_high_80_p8,train,0.1,7,64,0,0.0
g_n24_e72_k2_high_80,g_n24_e72_k2_high_80_p8,train,0.15,10,64,1,0.015625
g_n24_e72_k2_high_81,g_n24_e72_k2_high_81_p0,validation,0.05,4,64,0,0.0
g_n24_e72_k2_high_81,g_n24_e72_k2_high_81_p0,validation,0.1,8,64,2,0.03125
g_n24_e72_k2_high_81,g_n24_e72_k2_high_81_p0,validation,0.15,11,64,3,0.046875
g_n24_e72_k2_high_81,g_n24_e72_k2_high_81_p4,validation,0.05,4,64,5,0.078125
g_n24_e72_k2_high_81,g_n24_e72_k2_high_81_p4,validation,0.1,7,64,5,0.078125
g_n24_e72_k2_high_81,g_n24_e72_k2_high_81_p4,validation,0.15,11,64,9,0.140625
g_n24_e72_k2_high_81,g_n24_e72_k2_high_81_p8,validation,0.05,4,64,1,0.015625
g_n24_e72_k2_high_81,g_n24_e72_k2_high_81_p8,validation,0.1,7,64,1,0.015625
g_n24_e72_k2_high_81,g_n24_e72_k2_high_81_p8,validation,0.15,10,64,5,0.078125
g_n24_e72_k2_high_82,g_n24_e72_k2_high_82_p0,train,0.05,4,64,0,0.0
g_n24_e72_k2_high_82,g_n24_e72_k2_high_82_p0,train,0.1,8,64,0,0.0
g_n24_e72_k2_high_82,g_n24_e72_k2_high_82_p0,train,0.15,11,64,2,0.03125
g_n24_e72_k2_high_82,g_n24_e72_k2_high_82_p4,train,0.05,4,64,0,0.0
g_n24_e72_k2_high_82,g_n24_e72_k2_high_82_p4,train,0.1,7,64,1,0.015625
g_n24_e72_k2_high_82,g_n24_e72_k2_high_82_p4,train,0.15,11,64,3,0.046875
g_n24_e72_k2_high_82,g_n24_e72_k2_high_82_p8,train,0.05,4,64,0,0.0
g_n24_e72_k2_high_82,g_n24_e72_k2_high_82_p8,train,0.1,7,64,1,0.015625
g_n24_e72_k2_high_82,g_n24_e72_k2_high_82_p8,train,0.15,10,64,2,0.03125
g_n24_e72_k2_high_83,g_n24_e72_k2_high_83_p0,train,0.05,4,64,1,0.015625
g_n24_e72_k2_high_83,g_n24_e72_k2_high_83_p0,train,0.1,8,64,1,0.015625
g_n24_e72_k2_high_83,g_n24_e72_k2_high_83_p0,train,0.15,11,64,4,0.0625
g_n24_e72_k2_high_83,g_n24_e72_k2_high_83_p4,train,0.05,4,64,0,0.0
g_n24_e72_k2_high_83,g_n24_e72_k2_high_83_p4,train,0.1,7,64,0,0.0
g_n24_e72_k2_high_83,g_n24_e72_k2_high_83_p4,train,0.15,11,64,3,0.046875
g_n24_e72_k2_high_83,g_n24_e72_k2_high_83_p8,train,0.05,4,64,0,0.0
g_n24_e72_k2_high_83,g_n24_e72_k2_high_83_p8,train,0.1,7,64,0,0.0
g_n24_e72_k2_high_83,g_n24_e72_k2_high_83_p8,train,0.15,10,64,2,0.03125
g_n24_e72_k2_high_84,g_n24_e72_k2_high_84_p0,train,0.05,4,64,0,0.0
g_n24_e72_k2_high_84,g_n24_e72_k2_high_84_p0,train,0.1,8,64,1,0.015625
g_n24_e72_k2_high_84,g_n24_e72_k2_high_84_p0,train,0.15,11,64,1,0.015625
g_n24_e72_k2_high_84,g_n24_e72_k2_high_84_p4,train,0.05,4,64,3,0.046875
g_n24_e72_k2_high_84,g_n24_e72_k2_high_84_p4,train,0.1,7,64,7,0.109375
g_n24_e72_k2_high_84,g_n24_e72_k2_high_84_p4,train,0.15,11,64,10,0.15625
g_n24_e72_k2_high_84,g_n24_e72_k2_high_84_p8,train,0.05,4,64,2,0.03125
g_n24_e72_k2_high_84,g_n24_e72_k2_high_84_p8,train,0.1,7,64,6,0.09375
g_n24_e72_k2_high_84,g_n24_e72_k2_high_84_p8,train,0.15,10,64,11,0.171875
g_n24_e72_k2_high_85,g_n24_e72_k2_high_85_p0,train,0.05,4,64,0,0.0
g_n24_e72_k2_high_85,g_n24_e72_k2_high_85_p0,train,0.1,8,64,0,0.0
g_n24_e72_k2_high_85,g_n24_e72_k2_high_85_p0,train,0.15,11,64,0,0.0
g_n24_e72_k2_high_85,g_n24_e72_k2_high_85_p4,train,0.05,4,64,0,0.0
g_n24_e72_k2_high_85,g_n24_e72_k2_high_85_p4,train,0.1,7,64,0,0.0
g_n24_e72_k2_high_85,g_n24_e72_k2_high_85_p4,train,0.15,11,64,3,0.046875
g_n24_e72_k2_high_85,g_n24_e72_k2_high_85_p8,train,0.05,4,64,0,0.0
g_n24_e72_k2_high_85,g_n24_e72_k2_high_85_p8,train,0.1,7,64,1,0.015625
g_n24_e72_k2_high_85,g_n24_e72_k2_high_85_p8,train,0.15,10,64,2,0.03125
g_n24_e72_k2_high_86,g_n24_e72_k2_high_86_p0,validation,0.05,4,64,1,0.015625
g_n24_e72_k2_high_86,g_n24_e72_k2_high_86_p0,validation,0.1,8,64,1,0.015625
g_n24_e72_k2_high_86,g_n24_e72_k2_high_86_p0,validation,0.15,11,64,2,0.03125
g_n24_e72_k2_high_86,g_n24_e72_k2_high_86_p4,validation,0.05,4,64,1,0.015625
g_n24_e72_k2_high_86,g_n24_e72_k2_high_86_p4,validation,0.1,7,64,1,0.015625
g_n24_e72_k2_high_86,g_n24_e72_k2_high_86_p4,validation,0.15,11,64,4,0.0625
g_n24_e72_k2_high_86,g_n24_e72_k2_high_86_p8,validation,0.05,4,64,1,0.015625
g_n24_e72_k2_high_86,g_n24_e72_k2_high_86_p8,validation,0.1,7,64,3,0.046875
g_n24_e72_k2_high_86,g_n24_e72_k2_high_86_p8,validation,0.15,10,64,3,0.046875
g_n24_e72_k2_high_87,g_n24_e72_k2_high_87_p0,validation,0.05,4,64,0,0.0
g_n24_e72_k2_high_87,g_n24_e72_k2_high_87_p0,validation,0.1,8,64,1,0.015625
g_n24_e72_k2_high_87,g_n24_e72_k2_high_87_p0,validation,0.15,11,64,1,0.015625
g_n24_e72_k2_high_87,g_n24_e72_k2_high_87_p4,validation,0.05,4,64,0,0.0
g_n24_e72_k2_high_87,g_n24_e72_k2_high_87_p4,validation,0.1,7,64,0,0.0
g_n24_e72_k2_high_87,g_n24_e72_k2_high_87_p4,validation,0.15,11,64,1,0.015625
g_n24_e72_k2_high_87,g_n24_e72_k2_high_87_p8,validation,0.05,4,64,0,0.0
g_n24_e72_k2_high_87,g_n24_e72_k2_high_87_p8,validation,0.1,7,64,0,0.0
g_n24_e72_k2_high_87,g_n24_e72_k2_high_87_p8,validation,0.15,10,64,2,0.03125
g_n24_e72_k2_high_88,g_n24_e72_k2_high_88_p0,test,0.05,4,64,0,0.0
g_n24_e72_k2_high_88,g_n24_e72_k2_high_88_p0,test,0.1,8,64,1,0.015625
g_n24_e72_k2_high_88,g_n24_e72_k2_high_88_p0,test,0.15,11,64,1,0.015625
g_n24_e72_k2_high_88,g_n24_e72_k2_high_88_p4,test,0.05,4,64,0,0.0
g_n24_e72_k2_high_88,g_n24_e72_k2_high_88_p4,test,0.1,7,64,0,0.0
g_n24_e72_k2_high_88,g_n24_e72_k2_high_88_p4,test,0.15,11,64,3,0.046875
g_n24_e72_k2_high_88,g_n24_e72_k2_high_88_p8,test,0.05,4,64,0,0.0
g_n24_e72_k2_high_88,g_n24_e72_k2_high_88_p8,test,0.1,7,64,0,0.0
g_n24_e72_k2_high_88,g_n24_e72_k2_high_88_p8,test,0.15,10,64,1,0.015625
g_n24_e72_k2_high_89,g_n24_e72_k2_high_89_p0,train,0.05,4,64,0,0.0
g_n24_e72_k2_high_89,g_n24_e72_k2_high_89_p0,train,0.1,8,64,1,0.015625
g_n24_e72_k2_high_89,g_n24_e72_k2_high_89_p0,train,0.15,11,64,1,0.015625
g_n24_e72_k2_high_89,g_n24_e72_k2_high_89_p4,train,0.05,4,64,1,0.015625
g_n24_e72_k2_high_89,g_n24_e72_k2_high_89_p4,train,0.1,7,64,1,0.015625
g_n24_e72_k2_high_89,g_n24_e72_k2_high_89_p4,train,0.15,11,64,2,0.03125
g_n24_e72_k2_high_89,g_n24_e72_k2_high_89_p8,train,0.05,4,64,0,0.0
g_n24_e72_k2_high_89,g_n24_e72_k2_high_89_p8,train,0.1,7,64,0,0.0
g_n24_e72_k2_high_89,g_n24_e72_k2_high_89_p8,train,0.15,10,64,3,0.046875
g_n24_e72_k3_low_00,g_n24_e72_k3_low_00_p0,test,0.05,4,64,0,0.0
g_n24_e72_k3_low_00,g_n24_e72_k3_low_00_p0,test,0.1,8,64,0,0.0
g_n24_e72_k3_low_00,g_n24_e72_k3_low_00_p0,test,0.15,11,64,0,0.0
g_n24_e72_k3_low_00,g_n24_e72_k3_low_00_p4,test,0.05,4,64,0,0.0
g_n24_e72_k3_low_00,g_n24_e72_k3_low_00_p4,test,0.1,7,64,0,0.0
g_n24_e72_k3_low_00,g_n24_e72_k3_low_00_p4,test,0.15,11,64,0,0.0
g_n24_e72_k3_low_00,g_n24_e72_k3_low_00_p8,test,0.05,4,64,0,0.0
g_n24_e72_k3_low_00,g_n24_e72_k3_low_00_p8,test,0.1,7,64,2,0.03125
g_n24_e72_k3_low_00,g_n24_e72_k3_low_00_p8,test,0.15,10,64,2,0.03125
g_n24_e72_k3_low_01,g_n24_e72_k3_low_01_p0,train,0.05,4,64,0,0.0
g_n24_e72_k3_low_01,g_n24_e72_k3_low_01_p0,train,0.1,8,64,0,0.0
g_n24_e72_k3_low_01,g_n24_e72_k3_low_01_p0,train,0.15,11,64,0,0.0
g_n24_e72_k3_low_01,g_n24_e72_k3_low_01_p4,train,0.05,4,64,0,0.0
g_n24_e72_k3_low_01,g_n24_e72_k3_low_01_p4,train,0.1,7,64,1,0.015625
g_n24_e72_k3_low_01,g_n24_e72_k3_low_01_p4,train,0.15,11,64,2,0.03125
g_n24_e72_k3_low_01,g_n24_e72_k3_low_01_p8,train,0.05,4,64,0,0.0
g_n24_e72_k3_low_01,g_n24_e72_k3_low_01_p8,train,0.1,7,64,1,0.015625
g_n24_e72_k3_low_01,g_n24_e72_k3_low_01_p8,train,0.15,10,64,2,0.03125
g_n24_e72_k3_low_02,g_n24_e72_k3_low_02_p0,validation,0.05,4,64,0,0.0
g_n24_e72_k3_low_02,g_n24_e72_k3_low_02_p0,validation,0.1,8,64,0,0.0
g_n24_e72_k3_low_02,g_n24_e72_k3_low_02_p0,validation,0.15,11,64,0,0.0
g_n24_e72_k3_low_02,g_n24_e72_k3_low_02_p4,validation,0.05,4,64,0,0.0
g_n24_e72_k3_low_02,g_n24_e72_k3_low_02_p4,validation,0.1,7,64,0,0.0
g_n24_e72_k3_low_02,g_n24_e72_k3_low_02_p4,validation,0.15,11,64,0,0.0
g_n24_e72_k3_low_02,g_n24_e72_k3_low_02_p8,validation,0.05,4,64,0,0.0
g_n24_e72_k3_low_02,g_n24_e72_k3_low_02_p8,validation,0.1,7,64,0,0.0
g_n24_e72_k3_low_02,g_n24_e72_k3_low_02_p8,validation,0.15,10,64,1,0.015625
g_n24_e72_k3_low_03,g_n24_e72_k3_low_03_p0,train,0.05,4,64,0,0.0
g_n24_e72_k3_low_03,g_n24_e72_k3_low_03_p0,train,0.1,8,64,0,0.0
g_n24_e72_k3_low_03,g_n24_e72_k3_low_03_p0,train,0.15,11,64,0,0.0
g_n24_e72_k3_low_03,g_n24_e72_k3_low_03_p4,train,0.05,4,64,1,0.015625
g_n24_e72_k3_low_03,g_n24_e72_k3_low_03_p4,train,0.1,7,64,2,0.03125
g_n24_e72_k3_low_03,g_n24_e72_k3_low_03_p4,train,0.15,11,64,3,0.046875
g_n24_e72_k3_low_03,g_n24_e72_k3_low_03_p8,train,0.05,4,64,1,0.015625
g_n24_e72_k3_low_03,g_n24_e72_k3_low_03_p8,train,0.1,7,64,1,0.015625
g_n24_e72_k3_low_03,g_n24_e72_k3_low_03_p8,train,0.15,10,64,2,0.03125
g_n24_e72_k3_low_04,g_n24_e72_k3_low_04_p0,train,0.05,4,64,0,0.0
g_n24_e72_k3_low_04,g_n24_e72_k3_low_04_p0,train,0.1,8,64,1,0.015625
g_n24_e72_k3_low_04,g_n24_e72_k3_low_04_p0,train,0.15,11,64,1,0.015625
g_n24_e72_k3_low_04,g_n24_e72_k3_low_04_p4,train,0.05,4,64,1,0.015625
g_n24_e72_k3_low_04,g_n24_e72_k3_low_04_p4,train,0.1,7,64,1,0.015625
g_n24_e72_k3_low_04,g_n24_e72_k3_low_04_p4,train,0.15,11,64,5,0.078125
g_n24_e72_k3_low_04,g_n24_e72_k3_low_04_p8,train,0.05,4,64,0,0.0
g_n24_e72_k3_low_04,g_n24_e72_k3_low_04_p8,train,0.1,7,64,2,0.03125
g_n24_e72_k3_low_04,g_n24_e72_k3_low_04_p8,train,0.15,10,64,7,0.109375
g_n24_e72_k3_low_05,g_n24_e72_k3_low_05_p0,train,0.05,4,64,0,0.0
g_n24_e72_k3_low_05,g_n24_e72_k3_low_05_p0,train,0.1,8,64,0,0.0
g_n24_e72_k3_low_05,g_n24_e72_k3_low_05_p0,train,0.15,11,64,0,0.0
g_n24_e72_k3_low_05,g_n24_e72_k3_low_05_p4,train,0.05,4,64,0,0.0
g_n24_e72_k3_low_05,g_n24_e72_k3_low_05_p4,train,0.1,7,64,0,0.0
g_n24_e72_k3_low_05,g_n24_e72_k3_low_05_p4,train,0.15,11,64,1,0.015625
g_n24_e72_k3_low_05,g_n24_e72_k3_low_05_p8,train,0.05,4,64,5,0.078125
g_n24_e72_k3_low_05,g_n24_e72_k3_low_05_p8,train,0.1,7,64,6,0.09375
g_n24_e72_k3_low_05,g_n24_e72_k3_low_05_p8,train,0.15,10,64,8,0.125
g_n24_e72_k3_low_06,g_n24_e72_k3_low_06_p0,test,0.05,4,64,0,0.0
g_n24_e72_k3_low_06,g_n24_e72_k3_low_06_p0,test,0.1,8,64,0,0.0
g_n24_e72_k3_low_06,g_n24_e72_k3_low_06_p0,test,0.15,11,64,1,0.015625
g_n24_e72_k3_low_06,g_n24_e72_k3_low_06_p4,test,0.05,4,64,0,0.0
g_n24_e72_k3_low_06,g_n24_e72_k3_low_06_p4,test,0.1,7,64,0,0.0
g_n24_e72_k3_low_06,g_n24_e72_k3_low_06_p4,test,0.15,11,64,0,0.0
g_n24_e72_k3_low_06,g_n24_e72_k3_low_06_p8,test,0.05,4,64,0,0.0
g_n24_e72_k3_low_06,g_n24_e72_k3_low_06_p8,test,0.1,7,64,0,0.0
g_n24_e72_k3_low_06,g_n24_e72_k3_low_06_p8,test,0.15,10,64,2,0.03125
g_n24_e72_k3_low_07,g_n24_e72_k3_low_07_p0,train,0.05,4,64,0,0.0
g_n24_e72_k3_low_07,g_n24_e72_k3_low_07_p0,train,0.1,8,64,0,0.0
g_n24_e72_k3_low_07,g_n24_e72_k3_low_07_p0,train,0.15,11,64,0,0.0
g_n24_e72_k3_low_07,g_n24_e72_k3_low_07_p4,train,0.05,4,64,1,0.015625
g_n24_e72_k3_low_07,g_n24_e72_k3_low_07_p4,train,0.1,7,64,1,0.015625
g_n24_e72_k3_low_07,g_n24_e72_k3_low_07_p4,train,0.15,11,64,3,0.046875
g_n24_e72_k3_low_07,g_n24_e72_k3_low_07_p8,train,0.05,4,64,0,0.0
g_n24_e72_k3_low_07,g_n24_e72_k3_low_07_p8,train,0.1,7,64,1,0.015625
g_n24_e72_k3_low_07,g_n24_e72_k3_low_07_p8,train,0.15,10,64,4,0.0625
g_n24_e72_k3_low_08,g_n24_e72_k3_low_08_p0,train,0.05,4,64,0,0.0
g_n24_e72_k3_low_08,g_n24_e72_k3_low_08_p0,train,0.1,8,64,0,0.0
g_n24_e72_k3_low_08,g_n24_e72_k3_low_08_p0,train,0.15,11,64,1,0.015625
g_n24_e72_k3_low_08,g_n24_e72_k3_low_08_p4,train,0.05,4,64,0,0.0
g_n24_e72_k3_low_08,g_n24_e72_k3_low_08_p4,train,0.1,7,64,0,0.0
g_n24_e72_k3_low_08,g_n24_e72_k3_low_08_p4,train,0.15,11,64,1,0.015625
g_n24_e72_k3_low_08,g_n24_e72_k3_low_08_p8,train,0.05,4,64,0,0.0
g_n24_e72_k3_low_08,g_n24_e72_k3_low_08_p8,train,0.1,7,64,1,0.015625
g_n24_e72_k3_low_08,g_n24_e72_k3_low_08_p8,train,0.15,10,64,4,0.0625
g_n24_e72_k3_low_09,g_n24_e72_k3_low_09_p0,train,0.05,4,64,0,0.0
g_n24_e72_k3_low_09,g_n24_e72_k3_low_09_p0,train,0.1,8,64,1,0.015625
g_n24_e72_k3_low_09,g_n24_e72_k3_low_09_p0,train,0.15,11,64,1,0.015625
g_n24_e72_k3_low_09,g_n24_e72_k3_low_09_p4,train,0.05,4,64,0,0.0
g_n24_e72_k3_low_09,g_n24_e72_k3_low_09_p4,train,0.1,7,64,0,0.0
g_n24_e72_k3_low_09,g_n24_e72_k3_low_09_p4,train,0.15,11,64,0,0.0
g_n24_e72_k3_low_09,g_n24_e72_k3_low_09_p8,train,0.05,4,64,4,0.0625
g_n24_e72_k3_low_09,g_n24_e72_k3_low_09_p8,train,0.1,7,64,6,0.09375
g_n24_e72_k3_low_09,g_n24_e72_k3_low_09_p8,train,0.15,10,64,12,0.1875
g_n24_e72_k3_low_10,g_n24_e72_k3_low_10_p0,train,0.05,4,64,0,0.0
g_n24_e72_k3_low_10,g_n24_e72_k3_low_10_p0,train,0.1,8,64,0,0.0
g_n24_e72_k3_low_10,g_n24_e72_k3_low_10_p0,train,0.15,11,64,0,0.0
g_n24_e72_k3_low_10,g_n24_e72_k3_low_10_p4,train,0.05,4,64,0,0.0
g_n24_e72_k3_low_10,g_n24_e72_k3_low_10_p4,train,0.1,7,64,0,0.0
g_n24_e72_k3_low_10,g_n24_e72_k3_low_10_p4,train,0.15,11,64,1,0.015625
g_n24_e72_k3_low_10,g_n24_e72_k3_low_10_p8,train,0.05,4,64,0,0.0
g_n24_e72_k3_low_10,g_n24_e72_k3_low_10_p8,train,0.1,7,64,0,0.0
g_n24_e72_k3_low_10,g_n24_e72_k3_low_10_p8,train,0.15,10,64,1,0.015625
g_n24_e72_k3_low_11,g_n24_e72_k3_low_11_p0,validation,0.05,4,64,0,0.0
g_n24_e72_k3_low_11,g_n24_e72_k3_low_11_p0,validation,0.1,8,64,0,0.0
g_n24_e72_k3_low_11,g_n24_e72_k3_low_11_p0,validation,0.15,11,64,0,0.0
g_n24_e72_k3_low_11,g_n24_e72_k3_low_11_p4,validation,0.05,4,64,0,0.0
g_n24_e72_k3_low_11,g_n24_e72_k3_low_11_p4,validation,0.1,7,64,0,0.0
g_n24_e72_k3_low_11,g_n24_e72_k3_low_11_p4,validation,0.15,11,64,2,0.03125
g_n24_e72_k3_low_11,g_n24_e72_k3_low_11_p8,validation,0.05,4,64,0,0.0
g_n24_e72_k3_low_11,g_n24_e72_k3_low_11_p8,validation,0.1,7,64,1,0.015625
g_n24_e72_k3_low_11,g_n24_e72_k3_low_11_p8,validation,0.15,10,64,2,0.03125
g_n24_e72_k3_low_12,g_n24_e72_k3_low_12_p0,train,0.05,4,64,0,0.0
g_n24_e72_k3_low_12,g_n24_e72_k3_low_12_p0,train,0.1,8,64,0,0.0
g_n24_e72_k3_low_12,g_n24_e72_k3_low_12_p0,train,0.15,11,64,0,0.0
g_n24_e72_k3_low_12,g_n24_e72_k3_low_12_p4,train,0.05,4,64,0,0.0
g_n24_e72_k3_low_12,g_n24_e72_k3_low_12_p4,train,0.1,7,64,0,0.0
g_n24_e72_k3_low_12,g_n24_e72_k3_low_12_p4,train,0.15,11,64,0,0.0
g_n24_e72_k3_low_12,g_n24_e72_k3_low_12_p8,train,0.05,4,64,1,0.015625
g_n24_e72_k3_low_12,g_n24_e72_k3_low_12_p8,train,0.1,7,64,1,0.015625
g_n24_e72_k3_low_12,g_n24_e72_k3_low_12_p8,train,0.15,10,64,2,0.03125
g_n24_e72_k3_low_13,g_n24_e72_k3_low_13_p0,test,0.05,4,64,0,0.0
g_n24_e72_k3_low_13,g_n24_e72_k3_low_13_p0,test,0.1,8,64,0,0.0
g_n24_e72_k3_low_13,g_n24_e72_k3_low_13_p0,test,0.15,11,64,0,0.0
g_n24_e72_k3_low_13,g_n24_e72_k3_low_13_p4,test,0.05,4,64,0,0.0
g_n24_e72_k3_low_13,g_n24_e72_k3_low_13_p4,test,0.1,7,64,0,0.0
g_n24_e72_k3_low_13,g_n24_e72_k3_low_13_p4,test,0.15,11,64,0,0.0
g_n24_e72_k3_low_13,g_n24_e72_k3_low_13_p8,test,0.05,4,64,0,0.0
g_n24_e72_k3_low_13,g_n24_e72_k3_low_13_p8,test,0.1,7,64,0,0.0
g_n24_e72_k3_low_13,g_n24_e72_k3_low_13_p8,test,0.15,10,64,1,0.015625
g_n24_e72_k3_low_14,g_n24_e72_k3_low_14_p0,test,0.05,4,64,0,0.0
g_n24_e72_k3_low_14,g_n24_e72_k3_low_14_p0,test,0.1,8,64,0,0.0
g_n24_e72_k3_low_14,g_n24_e72_k3_low_14_p0,test,0.15,11,64,0,0.0
g_n24_e72_k3_low_14,g_n24_e72_k3_low_14_p4,test,0.05,4,64,0,0.0
g_n24_e72_k3_low_14,g_n24_e72_k3_low_14_p4,test,0.1,7,64,0,0.0
g_n24_e72_k3_low_14,g_n24_e72_k3_low_14_p4,test,0.15,11,64,0,0.0
g_n24_e72_k3_low_14,g_n24_e72_k3_low_14_p8,test,0.05,4,64,0,0.0
g_n24_e72_k3_low_14,g_n24_e72_k3_low_14_p8,test,0.1,7,64,0,0.0
g_n24_e72_k3_low_14,g_n24_e72_k3_low_14_p8,test,0.15,10,64,0,0.0
g_n24_e72_k3_low_15,g_n24_e72_k3_low_15_p0,train,0.05,4,64,0,0.0
g_n24_e72_k3_low_15,g_n24_e72_k3_low_15_p0,train,0.1,8,64,0,0.0
g_n24_e72_k3_low_15,g_n24_e72_k3_low_15_p0,train,0.15,11,64,2,0.03125
g_n24_e72_k3_low_15,g_n24_e72_k3_low_15_p4,train,0.05,4,64,0,0.0
g_n24_e72_k3_low_15,g_n24_e72_k3_low_15_p4,train,0.1,7,64,1,0.015625
g_n24_e72_k3_low_15,g_n24_e72_k3_low_15_p4,train,0.15,11,64,2,0.03125
g_n24_e72_k3_low_15,g_n24_e72_k3_low_15_p8,train,0.05,4,64,0,0.0
g_n24_e72_k3_low_15,g_n24_e72_k3_low_15_p8,train,0.1,7,64,0,0.0
g_n24_e72_k3_low_15,g_n24_e72_k3_low_15_p8,train,0.15,10,64,1,0.015625
g_n24_e72_k3_low_16,g_n24_e72_k3_low_16_p0,test,0.05,4,64,0,0.0
g_n24_e72_k3_low_16,g_n24_e72_k3_low_16_p0,test,0.1,8,64,0,0.0
g_n24_e72_k3_low_16,g_n24_e72_k3_low_16_p0,test,0.15,11,64,0,0.0
g_n24_e72_k3_low_16,g_n24_e72_k3_low_16_p4,test,0.05,4,64,0,0.0
g_n24_e72_k3_low_16,g_n24_e72_k3_low_16_p4,test,0.1,7,64,0,0.0
g_n24_e72_k3_low_16,g_n24_e72_k3_low_16_p4,test,0.15,11,64,1,0.015625
g_n24_e72_k3_low_16,g_n24_e72_k3_low_16_p8,test,0.05,4,64,8,0.125
g_n24_e72_k3_low_16,g_n24_e72_k3_low_16_p8,test,0.1,7,64,10,0.15625
g_n24_e72_k3_low_16,g_n24_e72_k3_low_16_p8,test,0.15,10,64,13,0.203125
g_n24_e72_k3_low_17,g_n24_e72_k3_low_17_p0,validation,0.05,4,64,0,0.0
g_n24_e72_k3_low_17,g_n24_e72_k3_low_17_p0,validation,0.1,8,64,0,0.0
g_n24_e72_k3_low_17,g_n24_e72_k3_low_17_p0,validation,0.15,11,64,0,0.0
g_n24_e72_k3_low_17,g_n24_e72_k3_low_17_p4,validation,0.05,4,64,0,0.0
g_n24_e72_k3_low_17,g_n24_e72_k3_low_17_p4,validation,0.1,7,64,0,0.0
g_n24_e72_k3_low_17,g_n24_e72_k3_low_17_p4,validation,0.15,11,64,5,0.078125
g_n24_e72_k3_low_17,g_n24_e72_k3_low_17_p8,validation,0.05,4,64,0,0.0
g_n24_e72_k3_low_17,g_n24_e72_k3_low_17_p8,validation,0.1,7,64,4,0.0625
g_n24_e72_k3_low_17,g_n24_e72_k3_low_17_p8,validation,0.15,10,64,7,0.109375
g_n24_e72_k3_low_18,g_n24_e72_k3_low_18_p0,validation,0.05,4,64,0,0.0
g_n24_e72_k3_low_18,g_n24_e72_k3_low_18_p0,validation,0.1,8,64,0,0.0
g_n24_e72_k3_low_18,g_n24_e72_k3_low_18_p0,validation,0.15,11,64,0,0.0
g_n24_e72_k3_low_18,g_n24_e72_k3_low_18_p4,validation,0.05,4,64,1,0.015625
g_n24_e72_k3_low_18,g_n24_e72_k3_low_18_p4,validation,0.1,7,64,1,0.015625
g_n24_e72_k3_low_18,g_n24_e72_k3_low_18_p4,validation,0.15,11,64,2,0.03125
g_n24_e72_k3_low_18,g_n24_e72_k3_low_18_p8,validation,0.05,4,64,0,0.0
g_n24_e72_k3_low_18,g_n24_e72_k3_low_18_p8,validation,0.1,7,64,1,0.015625
g_n24_e72_k3_low_18,g_n24_e72_k3_low_18_p8,validation,0.15,10,64,2,0.03125
g_n24_e72_k3_low_19,g_n24_e72_k3_low_19_p0,test,0.05,4,64,0,0.0
g_n24_e72_k3_low_19,g_n24_e72_k3_low_19_p0,test,0.1,8,64,0,0.0
g_n24_e72_k3_low_19,g_n24_e72_k3_low_19_p0,test,0.15,11,64,0,0.0
g_n24_e72_k3_low_19,g_n24_e72_k3_low_19_p4,test,0.05,4,64,0,0.0
g_n24_e72_k3_low_19,g_n24_e72_k3_low_19_p4,test,0.1,7,64,0,0.0
g_n24_e72_k3_low_19,g_n24_e72_k3_low_19_p4,test,0.15,11,64,1,0.015625
g_n24_e72_k3_low_19,g_n24_e72_k3_low_19_p8,test,0.05,4,64,0,0.0
g_n24_e72_k3_low_19,g_n24_e72_k3_low_19_p8,test,0.1,7,64,0,0.0
g_n24_e72_k3_low_19,g_n24_e72_k3_low_19_p8,test,0.15,10,64,2,0.03125
g_n24_e72_k3_low_20,g_n24_e72_k3_low_20_p0,train,0.05,4,64,0,0.0
g_n24_e72_k3_low_20,g_n24_e72_k3_low_20_p0,train,0.1,8,64,0,0.0
g_n24_e72_k3_low_20,g_n24_e72_k3_low_20_p0,train,0.15,11,64,2,0.03125
g_n24_e72_k3_low_20,g_n24_e72_k3_low_20_p4,train,0.05,4,64,0,0.0
g_n24_e72_k3_low_20,g_n24_e72_k3_low_20_p4,train,0.1,7,64,1,0.015625
g_n24_e72_k3_low_20,g_n24_e72_k3_low_20_p4,train,0.15,11,64,1,0.015625
g_n24_e72_k3_low_20,g_n24_e72_k3_low_20_p8,train,0.05,4,64,0,0.0
g_n24_e72_k3_low_20,g_n24_e72_k3_low_20_p8,train,0.1,7,64,0,0.0
g_n24_e72_k3_low_20,g_n24_e72_k3_low_20_p8,train,0.15,10,64,1,0.015625
g_n24_e72_k3_low_21,g_n24_e72_k3_low_21_p0,train,0.05,4,64,0,0.0
g_n24_e72_k3_low_21,g_n24_e72_k3_low_21_p0,train,0.1,8,64,1,0.015625
g_n24_e72_k3_low_21,g_n24_e72_k3_low_21_p0,train,0.15,11,64,2,0.03125
g_n24_e72_k3_low_21,g_n24_e72_k3_low_21_p4,train,0.05,4,64,1,0.015625
g_n24_e72_k3_low_21,g_n24_e72_k3_low_21_p4,train,0.1,7,64,2,0.03125
g_n24_e72_k3_low_21,g_n24_e72_k3_low_21_p4,train,0.15,11,64,4,0.0625
g_n24_e72_k3_low_21,g_n24_e72_k3_low_21_p8,train,0.05,4,64,4,0.0625
g_n24_e72_k3_low_21,g_n24_e72_k3_low_21_p8,train,0.1,7,64,8,0.125
g_n24_e72_k3_low_21,g_n24_e72_k3_low_21_p8,train,0.15,10,64,15,0.234375
g_n24_e72_k3_low_22,g_n24_e72_k3_low_22_p0,train,0.05,4,64,0,0.0
g_n24_e72_k3_low_22,g_n24_e72_k3_low_22_p0,train,0.1,8,64,0,0.0
g_n24_e72_k3_low_22,g_n24_e72_k3_low_22_p0,train,0.15,11,64,1,0.015625
g_n24_e72_k3_low_22,g_n24_e72_k3_low_22_p4,train,0.05,4,64,0,0.0
g_n24_e72_k3_low_22,g_n24_e72_k3_low_22_p4,train,0.1,7,64,0,0.0
g_n24_e72_k3_low_22,g_n24_e72_k3_low_22_p4,train,0.15,11,64,1,0.015625
g_n24_e72_k3_low_22,g_n24_e72_k3_low_22_p8,train,0.05,4,64,1,0.015625
g_n24_e72_k3_low_22,g_n24_e72_k3_low_22_p8,train,0.1,7,64,2,0.03125
g_n24_e72_k3_low_22,g_n24_e72_k3_low_22_p8,train,0.15,10,64,6,0.09375
g_n24_e72_k3_low_23,g_n24_e72_k3_low_23_p0,train,0.05,4,64,0,0.0
g_n24_e72_k3_low_23,g_n24_e72_k3_low_23_p0,train,0.1,8,64,0,0.0
g_n24_e72_k3_low_23,g_n24_e72_k3_low_23_p0,train,0.15,11,64,1,0.015625
g_n24_e72_k3_low_23,g_n24_e72_k3_low_23_p4,train,0.05,4,64,0,0.0
g_n24_e72_k3_low_23,g_n24_e72_k3_low_23_p4,train,0.1,7,64,0,0.0
g_n24_e72_k3_low_23,g_n24_e72_k3_low_23_p4,train,0.15,11,64,1,0.015625
g_n24_e72_k3_low_23,g_n24_e72_k3_low_23_p8,train,0.05,4,64,0,0.0
g_n24_e72_k3_low_23,g_n24_e72_k3_low_23_p8,train,0.1,7,64,2,0.03125
g_n24_e72_k3_low_23,g_n24_e72_k3_low_23_p8,train,0.15,10,64,4,0.0625
g_n24_e72_k3_low_24,g_n24_e72_k3_low_24_p0,train,0.05,4,64,0,0.0
g_n24_e72_k3_low_24,g_n24_e72_k3_low_24_p0,train,0.1,8,64,1,0.015625
g_n24_e72_k3_low_24,g_n24_e72_k3_low_24_p0,train,0.15,11,64,1,0.015625
g_n24_e72_k3_low_24,g_n24_e72_k3_low_24_p4,train,0.05,4,64,0,0.0
g_n24_e72_k3_low_24,g_n24_e72_k3_low_24_p4,train,0.1,7,64,0,0.0
g_n24_e72_k3_low_24,g_n24_e72_k3_low_24_p4,train,0.15,11,64,1,0.015625
g_n24_e72_k3_low_24,g_n24_e72_k3_low_24_p8,train,0.05,4,64,0,0.0
g_n24_e72_k3_low_24,g_n24_e72_k3_low_24_p8,train,0.1,7,64,0,0.0
g_n24_e72_k3_low_24,g_n24_e72_k3_low_24_p8,train,0.15,10,64,2,0.03125
g_n24_e72_k3_low_25,g_n24_e72_k3_low_25_p0,validation,0.05,4,64,0,0.0
g_n24_e72_k3_low_25,g_n24_e72_k3_low_25_p0,validation,0.1,8,64,0,0.0
g_n24_e72_k3_low_25,g_n24_e72_k3_low_25_p0,validation,0.15,11,64,0,0.0
g_n24_e72_k3_low_25,g_n24_e72_k3_low_25_p4,validation,0.05,4,64,0,0.0
g_n24_e72_k3_low_25,g_n24_e72_k3_low_25_p4,validation,0.1,7,64,0,0.0
g_n24_e72_k3_low_25,g_n24_e72_k3_low_25_p4,validation,0.15,11,64,1,0.015625
g_n24_e72_k3_low_25,g_n24_e72_k3_low_25_p8,validation,0.05,4,64,0,0.0
g_n24_e72_k3_low_25,g_n24_e72_k3_low_25_p8,validation,0.1,7,64,0,0.0
g_n24_e72_k3_low_25,g_n24_e72_k3_low_25_p8,validation,0.15,10,64,1,0.015625
g_n24_e72_k3_low_26,g_n24_e72_k3_low_26_p0,train,0.05,4,64,0,0.0
g_n24_e72_k3_low_26,g_n24_e72_k3_low_26_p0,train,0.1,8,64,1,0.015625
g_n24_e72_k3_low_26,g_n24_e72_k3_low_26_p0,train,0.15,11,64,1,0.015625
g_n24_e72_k3_low_26,g_n24_e72_k3_low_26_p4,train,0.05,4,64,0,0.0
g_n24_e72_k3_low_26,g_n24_e72_k3_low_26_p4,train,0.1,7,64,0,0.0
g_n24_e72_k3_low_26,g_n24_e72_k3_low_26_p4,train,0.15,11,64,2,0.03125
g_n24_e72_k3_low_26,g_n24_e72_k3_low_26_p8,train,0.05,4,64,0,0.0
g_n24_e72_k3_low_26,g_n24_e72_k3_low_26_p8,train,0.1,7,64,0,0.0
g_n24_e72_k3_low_26,g_n24_e72_k3_low_26_p8,train,0.15,10,64,0,0.0
g_n24_e72_k3_low_27,g_n24_e72_k3_low_27_p0,train,0.05,4,64,0,0.0
g_n24_e72_k3_low_27,g_n24_e72_k3_low_27_p0,train,0.1,8,64,0,0.0
g_n24_e72_k3_low_27,g_n24_e72_k3_low_27_p0,train,0.15,11,64,1,0.015625
g_n24_e72_k3_low_27,g_n24_e72_k3_low_27_p4,train,0.05,4,64,1,0.015625
g_n24_e72_k3_low_27,g_n24_e72_k3_low_27_p4,train,0.1,7,64,1,0.015625
g_n24_e72_k3_low_27,g_n24_e72_k3_low_27_p4,train,0.15,11,64,3,0.046875
g_n24_e72_k3_low_27,g_n24_e72_k3_low_27_p8,train,0.05,4,64,3,0.046875
g_n24_e72_k3_low_27,g_n24_e72_k3_low_27_p8,train,0.1,7,64,5,0.078125
g_n24_e72_k3_low_27,g_n24_e72_k3_low_27_p8,train,0.15,10,64,8,0.125
g_n24_e72_k3_low_28,g_n24_e72_k3_low_28_p0,validation,0.05,4,64,0,0.0
g_n24_e72_k3_low_28,g_n24_e72_k3_low_28_p0,validation,0.1,8,64,0,0.0
g_n24_e72_k3_low_28,g_n24_e72_k3_low_28_p0,validation,0.15,11,64,0,0.0
g_n24_e72_k3_low_28,g_n24_e72_k3_low_28_p4,validation,0.05,4,64,0,0.0
g_n24_e72_k3_low_28,g_n24_e72_k3_low_28_p4,validation,0.1,7,64,1,0.015625
g_n24_e72_k3_low_28,g_n24_e72_k3_low_28_p4,validation,0.15,11,64,1,0.015625
g_n24_e72_k3_low_28,g_n24_e72_k3_low_28_p8,validation,0.05,4,64,0,0.0
g_n24_e72_k3_low_28,g_n24_e72_k3_low_28_p8,validation,0.1,7,64,0,0.0
g_n24_e72_k3_low_28,g_n24_e72_k3_low_28_p8,validation,0.15,10,64,1,0.015625
g_n24_e72_k3_low_29,g_n24_e72_k3_low_29_p0,train,0.05,4,64,0,0.0
g_n24_e72_k3_low_29,g_n24_e72_k3_low_29_p0,train,0.1,8,64,1,0.015625
g_n24_e72_k3_low_29,g_n24_e72_k3_low_29_p0,train,0.15,11,64,1,0.015625
g_n24_e72_k3_low_29,g_n24_e72_k3_low_29_p4,train,0.05,4,64,0,0.0
g_n24_e72_k3_low_29,g_n24_e72_k3_low_29_p4,train,0.1,7,64,0,0.0
g_n24_e72_k3_low_29,g_n24_e72_k3_low_29_p4,train,0.15,11,64,0,0.0
g_n24_e72_k3_low_29,g_n24_e72_k3_low_29_p8,train,0.05,4,64,1,0.015625
g_n24_e72_k3_low_29,g_n24_e72_k3_low_29_p8,train,0.1,7,64,1,0.015625
g_n24_e72_k3_low_29,g_n24_e72_k3_low_29_p8,train,0.15,10,64,2,0.03125
g_n24_e72_k3_mid_30,g_n24_e72_k3_mid_30_p0,test,0.05,4,64,0,0.0
g_n24_e72_k3_mid_30,g_n24_e72_k3_mid_30_p0,test,0.1,8,64,0,0.0
g_n24_e72_k3_mid_30,g_n24_e72_k3_mid_30_p0,test,0.15,11,64,0,0.0
g_n24_e72_k3_mid_30,g_n24_e72_k3_mid_30_p4,test,0.05,4,64,0,0.0
g_n24_e72_k3_mid_30,g_n24_e72_k3_mid_30_p4,test,0.1,7,64,0,0.0
g_n24_e72_k3_mid_30,g_n24_e72_k3_mid_30_p4,test,0.15,11,64,3,0.046875
g_n24_e72_k3_mid_30,g_n24_e72_k3_mid_30_p8,test,0.05,4,64,0,0.0
g_n24_e72_k3_mid_30,g_n24_e72_k3_mid_30_p8,test,0.1,7,64,0,0.0
g_n24_e72_k3_mid_30,g_n24_e72_k3_mid_30_p8,test,0.15,10,64,1,0.015625
g_n24_e72_k3_mid_31,g_n24_e72_k3_mid_31_p0,test,0.05,4,64,0,0.0
g_n24_e72_k3_mid_31,g_n24_e72_k3_mid_31_p0,test,0.1,8,64,0,0.0
g_n24_e72_k3_mid_31,g_n24_e72_k3_mid_31_p0,test,0.15,11,64,0,0.0
g_n24_e72_k3_mid_31,g_n24_e72_k3_mid_31_p4,test,0.05,4,64,0,0.0
g_n24_e72_k3_mid_31,g_n24_e72_k3_mid_31_p4,test,0.1,7,64,1,0.015625
g_n24_e72_k3_mid_31,g_n24_e72_k3_mid_31_p4,test,0.15,11,64,1,0.015625
g_n24_e72_k3_mid_31,g_n24_e72_k3_mid_31_p8,test,0.05,4,64,0,0.0
g_n24_e72_k3_mid_31,g_n24_e72_k3_mid_31_p8,test,0.1,7,64,0,0.0
g_n24_e72_k3_mid_31,g_n24_e72_k3_mid_31_p8,test,0.15,10,64,1,0.015625
g_n24_e72_k3_mid_32,g_n24_e72_k3_mid_32_p0,train,0.05,4,64,0,0.0
g_n24_e72_k3_mid_32,g_n24_e72_k3_mid_32_p0,train,0.1,8,64,0,0.0
g_n24_e72_k3_mid_32,g_n24_e72_k3_mid_32_p0,train,0.15,11,64,1,0.015625
g_n24_e72_k3_mid_32,g_n24_e72_k3_mid_32_p4,train,0.05,4,64,0,0.0
g_n24_e72_k3_mid_32,g_n24_e72_k3_mid_32_p4,train,0.1,7,64,0,0.0
g_n24_e72_k3_mid_32,g_n24_e72_k3_mid_32_p4,train,0.15,11,64,1,0.015625
g_n24_e72_k3_mid_32,g_n24_e72_k3_mid_32_p8,train,0.05,4,64,1,0.015625
g_n24_e72_k3_mid_32,g_n24_e72_k3_mid_32_p8,train,0.1,7,64,2,0.03125
g_n24_e72_k3_mid_32,g_n24_e72_k3_mid_32_p8,train,0.15,10,64,2,0.03125
g_n24_e72_k3_mid_33,g_n24_e72_k3_mid_33_p0,train,0.05,4,64,0,0.0
g_n24_e72_k3_mid_33,g_n24_e72_k3_mid_33_p0,train,0.1,8,64,1,0.015625
g_n24_e72_k3_mid_33,g_n24_e72_k3_mid_33_p0,train,0.15,11,64,1,0.015625
g_n24_e72_k3_mid_33,g_n24_e72_k3_mid_33_p4,train,0.05,4,64,0,0.0
g_n24_e72_k3_mid_33,g_n24_e72_k3_mid_33_p4,train,0.1,7,64,0,0.0
g_n24_e72_k3_mid_33,g_n24_e72_k3_mid_33_p4,train,0.15,11,64,0,0.0
g_n24_e72_k3_mid_33,g_n24_e72_k3_mid_33_p8,train,0.05,4,64,0,0.0
g_n24_e72_k3_mid_33,g_n24_e72_k3_mid_33_p8,train,0.1,7,64,1,0.015625
g_n24_e72_k3_mid_33,g_n24_e72_k3_mid_33_p8,train,0.15,10,64,3,0.046875
g_n24_e72_k3_mid_34,g_n24_e72_k3_mid_34_p0,train,0.05,4,64,0,0.0
g_n24_e72_k3_mid_34,g_n24_e72_k3_mid_34_p0,train,0.1,8,64,0,0.0
g_n24_e72_k3_mid_34,g_n24_e72_k3_mid_34_p0,train,0.15,11,64,2,0.03125
g_n24_e72_k3_mid_34,g_n24_e72_k3_mid_34_p4,train,0.05,4,64,0,0.0
g_n24_e72_k3_mid_34,g_n24_e72_k3_mid_34_p4,train,0.1,7,64,0,0.0
g_n24_e72_k3_mid_34,g_n24_e72_k3_mid_34_p4,train,0.15,11,64,1,0.015625
g_n24_e72_k3_mid_34,g_n24_e72_k3_mid_34_p8,train,0.05,4,64,0,0.0
g_n24_e72_k3_mid_34,g_n24_e72_k3_mid_34_p8,train,0.1,7,64,0,0.0
g_n24_e72_k3_mid_34,g_n24_e72_k3_mid_34_p8,train,0.15,10,64,1,0.015625
g_n24_e72_k3_mid_35,g_n24_e72_k3_mid_35_p0,train,0.05,4,64,0,0.0
g_n24_e72_k3_mid_35,g_n24_e72_k3_mid_35_p0,train,0.1,8,64,0,0.0
g_n24_e72_k3_mid_35,g_n24_e72_k3_mid_35_p0,train,0.15,11,64,1,0.015625
g_n24_e72_k3_mid_35,g_n24_e72_k3_mid_35_p4,train,0.05,4,64,0,0.0
g_n24_e72_k3_mid_35,g_n24_e72_k3_mid_35_p4,train,0.1,7,64,0,0.0
g_n24_e72_k3_mid_35,g_n24_e72_k3_mid_35_p4,train,0.15,11,64,0,0.0
g_n24_e72_k3_mid_35,g_n24_e72_k3_mid_35_p8,train,0.05,4,64,4,0.0625
g_n24_e72_k3_mid_35,g_n24_e72_k3_mid_35_p8,train,0.1,7,64,11,0.171875
g_n24_e72_k3_mid_35,g_n24_e72_k3_mid_35_p8,train,0.15,10,64,14,0.21875
g_n24_e72_k3_mid_36,g_n24_e72_k3_mid_36_p0,train,0.05,4,64,0,0.0
g_n24_e72_k3_mid_36,g_n24_e72_k3_mid_36_p0,train,0.1,8,64,0,0.0
g_n24_e72_k3_mid_36,g_n24_e72_k3_mid_36_p0,train,0.15,11,64,0,0.0
g_n24_e72_k3_mid_36,g_n24_e72_k3_mid_36_p4,train,0.05,4,64,0,0.0
g_n24_e72_k3_mid_36,g_n24_e72_k3_mid_36_p4,train,0.1,7,64,0,0.0
g_n24_e72_k3_mid_36,g_n24_e72_k3_mid_36_p4,train,0.15,11,64,1,0.015625
g_n24_e72_k3_mid_36,g_n24_e72_k3_mid_36_p8,train,0.05,4,64,0,0.0
g_n24_e72_k3_mid_36,g_n24_e72_k3_mid_36_p8,train,0.1,7,64,1,0.015625
g_n24_e72_k3_mid_36,g_n24_e72_k3_mid_36_p8,train,0.15,10,64,2,0.03125
g_n24_e72_k3_mid_37,g_n24_e72_k3_mid_37_p0,train,0.05,4,64,0,0.0
g_n24_e72_k3_mid_37,g_n24_e72_k3_mid_37_p0,train,0.1,8,64,0,0.0
g_n24_e72_k3_mid_37,g_n24_e72_k3_mid_37_p0,train,0.15,11,64,1,0.015625
g_n24_e72_k3_mid_37,g_n24_e72_k3_mid_37_p4,train,0.05,4,64,0,0.0
g_n24_e72_k3_mid_37,g_n24_e72_k3_mid_37_p4,train,0.1,7,64,0,0.0
g_n24_e72_k3_mid_37,g_n24_e72_k3_mid_37_p4,train,0.15,11,64,1,0.015625
g_n24_e72_k3_mid_37,g_n24_e72_k3_mid_37_p8,train,0.05,4,64,0,0.0
g_n24_e72_k3_mid_37,g_n24_e72_k3_mid_37_p8,train,0.1,7,64,1,0.015625
g_n24_e72_k3_mid_37,g_n24_e72_k3_mid_37_p8,train,0.15,10,64,1,0.015625
g_n24_e72_k3_mid_38,g_n24_e72_k3_mid_38_p0,train,0.05,4,64,0,0.0
g_n24_e72_k3_mid_38,g_n24_e72_k3_mid_38_p0,train,0.1,8,64,0,0.0
g_n24_e72_k3_mid_38,g_n24_e72_k3_mid_38_p0,train,0.15,11,64,0,0.0
g_n24_e72_k3_mid_38,g_n24_e72_k3_mid_38_p4,train,0.05,4,64,0,0.0
g_n24_e72_k3_mid_38,g_n24_e72_k3_mid_38_p4,train,0.1,7,64,0,0.0
g_n24_e72_k3_mid_38,g_n24_e72_k3_mid_38_p4,train,0.15,11,64,2,0.03125
g_n24_e72_k3_mid_38,g_n24_e72_k3_mid_38_p8,train,0.05,4,64,0,0.0
g_n24_e72_k3_mid_38,g_n24_e72_k3_mid_38_p8,train,0.1,7,64,1,0.015625
g_n24_e72_k3_mid_38,g_n24_e72_k3_mid_38_p8,train,0.15,10,64,1,0.015625
g_n24_e72_k3_mid_39,g_n24_e72_k3_mid_39_p0,train,0.05,4,64,0,0.0
g_n24_e72_k3_mid_39,g_n24_e72_k3_mid_39_p0,train,0.1,8,64,0,0.0
g_n24_e72_k3_mid_39,g_n24_e72_k3_mid_39_p0,train,0.15,11,64,0,0.0
g_n24_e72_k3_mid_39,g_n24_e72_k3_mid_39_p4,train,0.05,4,64,0,0.0
g_n24_e72_k3_mid_39,g_n24_e72_k3_mid_39_p4,train,0.1,7,64,1,0.015625
g_n24_e72_k3_mid_39,g_n24_e72_k3_mid_39_p4,train,0.15,11,64,2,0.03125
g_n24_e72_k3_mid_39,g_n24_e72_k3_mid_39_p8,train,0.05,4,64,0,0.0
g_n24_e72_k3_mid_39,g_n24_e72_k3_mid_39_p8,train,0.1,7,64,1,0.015625
g_n24_e72_k3_mid_39,g_n24_e72_k3_mid_39_p8,train,0.15,10,64,2,0.03125
g_n24_e72_k3_mid_40,g_n24_e72_k3_mid_40_p0,test,0.05,4,64,0,0.0
g_n24_e72_k3_mid_40,g_n24_e72_k3_mid_40_p0,test,0.1,8,64,0,0.0
g_n24_e72_k3_mid_40,g_n24_e72_k3_mid_40_p0,test,0.15,11,64,1,0.015625
g_n24_e72_k3_mid_40,g_n24_e72_k3_mid_40_p4,test,0.05,4,64,0,0.0
g_n24_e72_k3_mid_40,g_n24_e72_k3_mid_40_p4,test,0.1,7,64,0,0.0
g_n24_e72_k3_mid_40,g_n24_e72_k3_mid_40_p4,test,0.15,11,64,1,0.015625
g_n24_e72_k3_mid_40,g_n24_e72_k3_mid_40_p8,test,0.05,4,64,0,0.0
g_n24_e72_k3_mid_40,g_n24_e72_k3_mid_40_p8,test,0.1,7,64,0,0.0
g_n24_e72_k3_mid_40,g_n24_e72_k3_mid_40_p8,test,0.15,10,64,0,0.0
g_n24_e72_k3_mid_41,g_n24_e72_k3_mid_41_p0,train,0.05,4,64,0,0.0
g_n24_e72_k3_mid_41,g_n24_e72_k3_mid_41_p0,train,0.1,8,64,1,0.015625
g_n24_e72_k3_mid_41,g_n24_e72_k3_mid_41_p0,train,0.15,11,64,1,0.015625
g_n24_e72_k3_mid_41,g_n24_e72_k3_mid_41_p4,train,0.05,4,64,1,0.015625
g_n24_e72_k3_mid_41,g_n24_e72_k3_mid_41_p4,train,0.1,7,64,1,0.015625
g_n24_e72_k3_mid_41,g_n24_e72_k3_mid_41_p4,train,0.15,11,64,1,0.015625
g_n24_e72_k3_mid_41,g_n24_e72_k3_mid_41_p8,train,0.05,4,64,0,0.0
g_n24_e72_k3_mid_41,g_n24_e72_k3_mid_41_p8,train,0.1,7,64,0,0.0
g_n24_e72_k3_mid_41,g_n24_e72_k3_mid_41_p8,train,0.15,10,64,0,0.0
g_n24_e72_k3_mid_42,g_n24_e72_k3_mid_42_p0,train,0.05,4,64,0,0.0
g_n24_e72_k3_mid_42,g_n24_e72_k3_mid_42_p0,train,0.1,8,64,0,0.0
g_n24_e72_k3_mid_42,g_n24_e72_k3_mid_42_p0,train,0.15,11,64,0,0.0
g_n24_e72_k3_mid_42,g_n24_e72_k3_mid_42_p4,train,0.05,4,64,0,0.0
g_n24_e72_k3_mid_42,g_n24_e72_k3_mid_42_p4,train,0.1,7,64,0,0.0
g_n24_e72_k3_mid_42,g_n24_e72_k3_mid_42_p4,train,0.15,11,64,1,0.015625
g_n24_e72_k3_mid_42,g_n24_e72_k3_mid_42_p8,train,0.05,4,64,1,0.015625
g_n24_e72_k3_mid_42,g_n24_e72_k3_mid_42_p8,train,0.1,7,64,3,0.046875
g_n24_e72_k3_mid_42,g_n24_e72_k3_mid_42_p8,train,0.15,10,64,7,0.109375
g_n24_e72_k3_mid_43,g_n24_e72_k3_mid_43_p0,train,0.05,4,64,0,0.0
g_n24_e72_k3_mid_43,g_n24_e72_k3_mid_43_p0,train,0.1,8,64,0,0.0
g_n24_e72_k3_mid_43,g_n24_e72_k3_mid_43_p0,train,0.15,11,64,1,0.015625
g_n24_e72_k3_mid_43,g_n24_e72_k3_mid_43_p4,train,0.05,4,64,0,0.0
g_n24_e72_k3_mid_43,g_n24_e72_k3_mid_43_p4,train,0.1,7,64,0,0.0
g_n24_e72_k3_mid_43,g_n24_e72_k3_mid_43_p4,train,0.15,11,64,1,0.015625
g_n24_e72_k3_mid_43,g_n24_e72_k3_mid_43_p8,train,0.05,4,64,0,0.0
g_n24_e72_k3_mid_43,g_n24_e72_k3_mid_43_p8,train,0.1,7,64,1,0.015625
g_n24_e72_k3_mid_43,g_n24_e72_k3_mid_43_p8,train,0.15,10,64,1,0.015625
g_n24_e72_k3_mid_44,g_n24_e72_k3_mid_44_p0,train,0.05,4,64,0,0.0
g_n24_e72_k3_mid_44,g_n24_e72_k3_mid_44_p0,train,0.1,8,64,1,0.015625
g_n24_e72_k3_mid_44,g_n24_e72_k3_mid_44_p0,train,0.15,11,64,1,0.015625
g_n24_e72_k3_mid_44,g_n24_e72_k3_mid_44_p4,train,0.05,4,64,0,0.0
g_n24_e72_k3_mid_44,g_n24_e72_k3_mid_44_p4,train,0.1,7,64,0,0.0
g_n24_e72_k3_mid_44,g_n24_e72_k3_mid_44_p4,train,0.15,11,64,1,0.015625
g_n24_e72_k3_mid_44,g_n24_e72_k3_mid_44_p8,train,0.05,4,64,0,0.0
g_n24_e72_k3_mid_44,g_n24_e72_k3_mid_44_p8,train,0.1,7,64,2,0.03125
g_n24_e72_k3_mid_44,g_n24_e72_k3_mid_44_p8,train,0.15,10,64,5,0.078125
g_n24_e72_k3_mid_45,g_n24_e72_k3_mid_45_p0,validation,0.05,4,64,0,0.0
g_n24_e72_k3_mid_45,g_n24_e72_k3_mid_45_p0,validation,0.1,8,64,0,0.0
g_n24_e72_k3_mid_45,g_n24_e72_k3_mid_45_p0,validation,0.15,11,64,1,0.015625
g_n24_e72_k3_mid_45,g_n24_e72_k3_mid_45_p4,validation,0.05,4,64,0,0.0
g_n24_e72_k3_mid_45,g_n24_e72_k3_mid_45_p4,validation,0.1,7,64,0,0.0
g_n24_e72_k3_mid_45,g_n24_e72_k3_mid_45_p4,validation,0.15,11,64,1,0.015625
g_n24_e72_k3_mid_45,g_n24_e72_k3_mid_45_p8,validation,0.05,4,64,1,0.015625
g_n24_e72_k3_mid_45,g_n24_e72_k3_mid_45_p8,validation,0.1,7,64,1,0.015625
g_n24_e72_k3_mid_45,g_n24_e72_k3_mid_45_p8,validation,0.15,10,64,2,0.03125
g_n24_e72_k3_mid_46,g_n24_e72_k3_mid_46_p0,validation,0.05,4,64,0,0.0
g_n24_e72_k3_mid_46,g_n24_e72_k3_mid_46_p0,validation,0.1,8,64,0,0.0
g_n24_e72_k3_mid_46,g_n24_e72_k3_mid_46_p0,validation,0.15,11,64,1,0.015625
g_n24_e72_k3_mid_46,g_n24_e72_k3_mid_46_p4,validation,0.05,4,64,0,0.0
g_n24_e72_k3_mid_46,g_n24_e72_k3_mid_46_p4,validation,0.1,7,64,3,0.046875
g_n24_e72_k3_mid_46,g_n24_e72_k3_mid_46_p4,validation,0.15,11,64,4,0.0625
g_n24_e72_k3_mid_46,g_n24_e72_k3_mid_46_p8,validation,0.05,4,64,0,0.0
g_n24_e72_k3_mid_46,g_n24_e72_k3_mid_46_p8,validation,0.1,7,64,1,0.015625
g_n24_e72_k3_mid_46,g_n24_e72_k3_mid_46_p8,validation,0.15,10,64,2,0.03125
g_n24_e72_k3_mid_47,g_n24_e72_k3_mid_47_p0,train,0.05,4,64,0,0.0
g_n24_e72_k3_mid_47,g_n24_e72_k3_mid_47_p0,train,0.1,8,64,0,0.0
g_n24_e72_k3_mid_47,g_n24_e72_k3_mid_47_p0,train,0.15,11,64,1,0.015625
g_n24_e72_k3_mid_47,g_n24_e72_k3_mid_47_p4,train,0.05,4,64,0,0.0
g_n24_e72_k3_mid_47,g_n24_e72_k3_mid_47_p4,train,0.1,7,64,0,0.0
g_n24_e72_k3_mid_47,g_n24_e72_k3_mid_47_p4,train,0.15,11,64,1,0.015625
g_n24_e72_k3_mid_47,g_n24_e72_k3_mid_47_p8,train,0.05,4,64,0,0.0
g_n24_e72_k3_mid_47,g_n24_e72_k3_mid_47_p8,train,0.1,7,64,0,0.0
g_n24_e72_k3_mid_47,g_n24_e72_k3_mid_47_p8,train,0.15,10,64,1,0.015625
g_n24_e72_k3_mid_48,g_n24_e72_k3_mid_48_p0,test,0.05,4,64,0,0.0
g_n24_e72_k3_mid_48,g_n24_e72_k3_mid_48_p0,test,0.1,8,64,0,0.0
g_n24_e72_k3_mid_48,g_n24_e72_k3_mid_48_p0,test,0.15,11,64,0,0.0
g_n24_e72_k3_mid_48,g_n24_e72_k3_mid_48_p4,test,0.05,4,64,0,0.0
g_n24_e72_k3_mid_48,g_n24_e72_k3_mid_48_p4,test,0.1,7,64,0,0.0
g_n24_e72_k3_mid_48,g_n24_e72_k3_mid_48_p4,test,0.15,11,64,0,0.0
g_n24_e72_k3_mid_48,g_n24_e72_k3_mid_48_p8,test,0.05,4,64,0,0.0
g_n24_e72_k3_mid_48,g_n24_e72_k3_mid_48_p8,test,0.1,7,64,1,0.015625
g_n24_e72_k3_mid_48,g_n24_e72_k3_mid_48_p8,test,0.15,10,64,2,0.03125
g_n24_e72_k3_mid_49,g_n24_e72_k3_mid_49_p0,train,0.05,4,64,0,0.0
g_n24_e72_k3_mid_49,g_n24_e72_k3_mid_49_p0,train,0.1,8,64,0,0.0
g_n24_e72_k3_mid_49,g_n24_e72_k3_mid_49_p0,train,0.15,11,64,0,0.0
g_n24_e72_k3_mid_49,g_n24_e72_k3_mid_49_p4,train,0.05,4,64,1,0.015625
g_n24_e72_k3_mid_49,g_n24_e72_k3_mid_49_p4,train,0.1,7,64,2,0.03125
g_n24_e72_k3_mid_49,g_n24_e72_k3_mid_49_p4,train,0.15,11,64,3,0.046875
g_n24_e72_k3_mid_49,g_n24_e72_k3_mid_49_p8,train,0.05,4,64,0,0.0
g_n24_e72_k3_mid_49,g_n24_e72_k3_mid_49_p8,train,0.1,7,64,0,0.0
g_n24_e72_k3_mid_49,g_n24_e72_k3_mid_49_p8,train,0.15,10,64,1,0.015625
g_n24_e72_k3_mid_50,g_n24_e72_k3_mid_50_p0,train,0.05,4,64,0,0.0
g_n24_e72_k3_mid_50,g_n24_e72_k3_mid_50_p0,train,0.1,8,64,0,0.0
g_n24_e72_k3_mid_50,g_n24_e72_k3_mid_50_p0,train,0.15,11,64,0,0.0
g_n24_e72_k3_mid_50,g_n24_e72_k3_mid_50_p4,train,0.05,4,64,0,0.0
g_n24_e72_k3_mid_50,g_n24_e72_k3_mid_50_p4,train,0.1,7,64,0,0.0
g_n24_e72_k3_mid_50,g_n24_e72_k3_mid_50_p4,train,0.15,11,64,0,0.0
g_n24_e72_k3_mid_50,g_n24_e72_k3_mid_50_p8,train,0.05,4,64,0,0.0
g_n24_e72_k3_mid_50,g_n24_e72_k3_mid_50_p8,train,0.1,7,64,0,0.0
g_n24_e72_k3_mid_50,g_n24_e72_k3_mid_50_p8,train,0.15,10,64,1,0.015625
g_n24_e72_k3_mid_51,g_n24_e72_k3_mid_51_p0,validation,0.05,4,64,0,0.0
g_n24_e72_k3_mid_51,g_n24_e72_k3_mid_51_p0,validation,0.1,8,64,0,0.0
g_n24_e72_k3_mid_51,g_n24_e72_k3_mid_51_p0,validation,0.15,11,64,0,0.0
g_n24_e72_k3_mid_51,g_n24_e72_k3_mid_51_p4,validation,0.05,4,64,0,0.0
g_n24_e72_k3_mid_51,g_n24_e72_k3_mid_51_p4,validation,0.1,7,64,0,0.0
g_n24_e72_k3_mid_51,g_n24_e72_k3_mid_51_p4,validation,0.15,11,64,1,0.015625
g_n24_e72_k3_mid_51,g_n24_e72_k3_mid_51_p8,validation,0.05,4,64,0,0.0
g_n24_e72_k3_mid_51,g_n24_e72_k3_mid_51_p8,validation,0.1,7,64,0,0.0
g_n24_e72_k3_mid_51,g_n24_e72_k3_mid_51_p8,validation,0.15,10,64,2,0.03125
g_n24_e72_k3_mid_52,g_n24_e72_k3_mid_52_p0,train,0.05,4,64,0,0.0
g_n24_e72_k3_mid_52,g_n24_e72_k3_mid_52_p0,train,0.1,8,64,0,0.0
g_n24_e72_k3_mid_52,g_n24_e72_k3_mid_52_p0,train,0.15,11,64,0,0.0
g_n24_e72_k3_mid_52,g_n24_e72_k3_mid_52_p4,train,0.05,4,64,0,0.0
g_n24_e72_k3_mid_52,g_n24_e72_k3_mid_52_p4,train,0.1,7,64,0,0.0
g_n24_e72_k3_mid_52,g_n24_e72_k3_mid_52_p4,train,0.15,11,64,1,0.015625
g_n24_e72_k3_mid_52,g_n24_e72_k3_mid_52_p8,train,0.05,4,64,0,0.0
g_n24_e72_k3_mid_52,g_n24_e72_k3_mid_52_p8,train,0.1,7,64,0,0.0
g_n24_e72_k3_mid_52,g_n24_e72_k3_mid_52_p8,train,0.15,10,64,0,0.0
g_n24_e72_k3_mid_53,g_n24_e72_k3_mid_53_p0,test,0.05,4,64,0,0.0
g_n24_e72_k3_mid_53,g_n24_e72_k3_mid_53_p0,test,0.1,8,64,0,0.0
g_n24_e72_k3_mid_53,g_n24_e72_k3_mid_53_p0,test,0.15,11,64,0,0.0
g_n24_e72_k3_mid_53,g_n24_e72_k3_mid_53_p4,test,0.05,4,64,0,0.0
g_n24_e72_k3_mid_53,g_n24_e72_k3_mid_53_p4,test,0.1,7,64,2,0.03125
g_n24_e72_k3_mid_53,g_n24_e72_k3_mid_53_p4,test,0.15,11,64,5,0.078125
g_n24_e72_k3_mid_53,g_n24_e72_k3_mid_53_p8,test,0.05,4,64,0,0.0
g_n24_e72_k3_mid_53,g_n24_e72_k3_mid_53_p8,test,0.1,7,64,0,0.0
g_n24_e72_k3_mid_53,g_n24_e72_k3_mid_53_p8,test,0.15,10,64,0,0.0
g_n24_e72_k3_mid_54,g_n24_e72_k3_mid_54_p0,train,0.05,4,64,0,0.0
g_n24_e72_k3_mid_54,g_n24_e72_k3_mid_54_p0,train,0.1,8,64,1,0.015625
g_n24_e72_k3_mid_54,g_n24_e72_k3_mid_54_p0,train,0.15,11,64,1,0.015625
g_n24_e72_k3_mid_54,g_n24_e72_k3_mid_54_p4,train,0.05,4,64,0,0.0
g_n24_e72_k3_mid_54,g_n24_e72_k3_mid_54_p4,train,0.1,7,64,0,0.0
g_n24_e72_k3_mid_54,g_n24_e72_k3_mid_54_p4,train,0.15,11,64,0,0.0
g_n24_e72_k3_mid_54,g_n24_e72_k3_mid_54_p8,train,0.05,4,64,0,0.0
g_n24_e72_k3_mid_54,g_n24_e72_k3_mid_54_p8,train,0.1,7,64,0,0.0
g_n24_e72_k3_mid_54,g_n24_e72_k3_mid_54_p8,train,0.15,10,64,1,0.015625
g_n24_e72_k3_mid_55,g_n24_e72_k3_mid_55_p0,validation,0.05,4,64,0,0.0
g_n24_e72_k3_mid_55,g_n24_e72_k3_mid_55_p0,validation,0.1,8,64,0,0.0
g_n24_e72_k3_mid_55,g_n24_e72_k3_mid_55_p0,validation,0.15,11,64,0,0.0
g_n24_e72_k3_mid_55,g_n24_e72_k3_mid_55_p4,validation,0.05,4,64,0,0.0
g_n24_e72_k3_mid_55,g_n24_e72_k3_mid_55_p4,validation,0.1,7,64,0,0.0
g_n24_e72_k3_mid_55,g_n24_e72_k3_mid_55_p4,validation,0.15,11,64,1,0.015625
g_n24_e72_k3_mid_55,g_n24_e72_k3_mid_55_p8,validation,0.05,4,64,1,0.015625
g_n24_e72_k3_mid_55,g_n24_e72_k3_mid_55_p8,validation,0.1,7,64,1,0.015625
g_n24_e72_k3_mid_55,g_n24_e72_k3_mid_55_p8,validation,0.15,10,64,2,0.03125
g_n24_e72_k3_mid_56,g_n24_e72_k3_mid_56_p0,validation,0.05,4,64,0,0.0
g_n24_e72_k3_mid_56,g_n24_e72_k3_mid_56_p0,validation,0.1,8,64,0,0.0
g_n24_e72_k3_mid_56,g_n24_e72_k3_mid_56_p0,validation,0.15,11,64,1,0.015625
g_n24_e72_k3_mid_56,g_n24_e72_k3_mid_56_p4,validation,0.05,4,64,0,0.0
g_n24_e72_k3_mid_56,g_n24_e72_k3_mid_56_p4,validation,0.1,7,64,0,0.0
g_n24_e72_k3_mid_56,g_n24_e72_k3_mid_56_p4,validation,0.15,11,64,0,0.0
g_n24_e72_k3_mid_56,g_n24_e72_k3_mid_56_p8,validation,0.05,4,64,0,0.0
g_n24_e72_k3_mid_56,g_n24_e72_k3_mid_56_p8,validation,0.1,7,64,1,0.015625
g_n24_e72_k3_mid_56,g_n24_e72_k3_mid_56_p8,validation,0.15,10,64,2,0.03125
g_n24_e72_k3_mid_57,g_n24_e72_k3_mid_57_p0,test,0.05,4,64,0,0.0
g_n24_e72_k3_mid_57,g_n24_e72_k3_mid_57_p0,test,0.1,8,64,0,0.0
g_n24_e72_k3_mid_57,g_n24_e72_k3_mid_57_p0,test,0.15,11,64,1,0.015625
g_n24_e72_k3_mid_57,g_n24_e72_k3_mid_57_p4,test,0.05,4,64,0,0.0
g_n24_e72_k3_mid_57,g_n24_e72_k3_mid_57_p4,test,0.1,7,64,1,0.015625
g_n24_e72_k3_mid_57,g_n24_e72_k3_mid_57_p4,test,0.15,11,64,1,0.015625
g_n24_e72_k3_mid_57,g_n24_e72_k3_mid_57_p8,test,0.05,4,64,0,0.0
g_n24_e72_k3_mid_57,g_n24_e72_k3_mid_57_p8,test,0.1,7,64,1,0.015625
g_n24_e72_k3_mid_57,g_n24_e72_k3_mid_57_p8,test,0.15,10,64,1,0.015625
g_n24_e72_k3_mid_58,g_n24_e72_k3_mid_58_p0,train,0.05,4,64,0,0.0
g_n24_e72_k3_mid_58,g_n24_e72_k3_mid_58_p0,train,0.1,8,64,0,0.0
g_n24_e72_k3_mid_58,g_n24_e72_k3_mid_58_p0,train,0.15,11,64,0,0.0
g_n24_e72_k3_mid_58,g_n24_e72_k3_mid_58_p4,train,0.05,4,64,0,0.0
g_n24_e72_k3_mid_58,g_n24_e72_k3_mid_58_p4,train,0.1,7,64,1,0.015625
g_n24_e72_k3_mid_58,g_n24_e72_k3_mid_58_p4,train,0.15,11,64,1,0.015625
g_n24_e72_k3_mid_58,g_n24_e72_k3_mid_58_p8,train,0.05,4,64,0,0.0
g_n24_e72_k3_mid_58,g_n24_e72_k3_mid_58_p8,train,0.1,7,64,1,0.015625
g_n24_e72_k3_mid_58,g_n24_e72_k3_mid_58_p8,train,0.15,10,64,3,0.046875
g_n24_e72_k3_mid_59,g_n24_e72_k3_mid_59_p0,validation,0.05,4,64,0,0.0
g_n24_e72_k3_mid_59,g_n24_e72_k3_mid_59_p0,validation,0.1,8,64,0,0.0
g_n24_e72_k3_mid_59,g_n24_e72_k3_mid_59_p0,validation,0.15,11,64,0,0.0
g_n24_e72_k3_mid_59,g_n24_e72_k3_mid_59_p4,validation,0.05,4,64,0,0.0
g_n24_e72_k3_mid_59,g_n24_e72_k3_mid_59_p4,validation,0.1,7,64,1,0.015625
g_n24_e72_k3_mid_59,g_n24_e72_k3_mid_59_p4,validation,0.15,11,64,1,0.015625
g_n24_e72_k3_mid_59,g_n24_e72_k3_mid_59_p8,validation,0.05,4,64,0,0.0
g_n24_e72_k3_mid_59,g_n24_e72_k3_mid_59_p8,validation,0.1,7,64,1,0.015625
g_n24_e72_k3_mid_59,g_n24_e72_k3_mid_59_p8,validation,0.15,10,64,1,0.015625
g_n24_e72_k3_high_60,g_n24_e72_k3_high_60_p0,train,0.05,4,64,0,0.0
g_n24_e72_k3_high_60,g_n24_e72_k3_high_60_p0,train,0.1,8,64,0,0.0
g_n24_e72_k3_high_60,g_n24_e72_k3_high_60_p0,train,0.15,11,64,0,0.0
g_n24_e72_k3_high_60,g_n24_e72_k3_high_60_p4,train,0.05,4,64,0,0.0
g_n24_e72_k3_high_60,g_n24_e72_k3_high_60_p4,train,0.1,7,64,0,0.0
g_n24_e72_k3_high_60,g_n24_e72_k3_high_60_p4,train,0.15,11,64,1,0.015625
g_n24_e72_k3_high_60,g_n24_e72_k3_high_60_p8,train,0.05,4,64,0,0.0
g_n24_e72_k3_high_60,g_n24_e72_k3_high_60_p8,train,0.1,7,64,0,0.0
g_n24_e72_k3_high_60,g_n24_e72_k3_high_60_p8,train,0.15,10,64,1,0.015625
g_n24_e72_k3_high_61,g_n24_e72_k3_high_61_p0,train,0.05,4,64,0,0.0
g_n24_e72_k3_high_61,g_n24_e72_k3_high_61_p0,train,0.1,8,64,0,0.0
g_n24_e72_k3_high_61,g_n24_e72_k3_high_61_p0,train,0.15,11,64,2,0.03125
g_n24_e72_k3_high_61,g_n24_e72_k3_high_61_p4,train,0.05,4,64,1,0.015625
g_n24_e72_k3_high_61,g_n24_e72_k3_high_61_p4,train,0.1,7,64,2,0.03125
g_n24_e72_k3_high_61,g_n24_e72_k3_high_61_p4,train,0.15,11,64,6,0.09375
g_n24_e72_k3_high_61,g_n24_e72_k3_high_61_p8,train,0.05,4,64,0,0.0
g_n24_e72_k3_high_61,g_n24_e72_k3_high_61_p8,train,0.1,7,64,1,0.015625
g_n24_e72_k3_high_61,g_n24_e72_k3_high_61_p8,train,0.15,10,64,2,0.03125
g_n24_e72_k3_high_62,g_n24_e72_k3_high_62_p0,train,0.05,4,64,0,0.0
g_n24_e72_k3_high_62,g_n24_e72_k3_high_62_p0,train,0.1,8,64,0,0.0
g_n24_e72_k3_high_62,g_n24_e72_k3_high_62_p0,train,0.15,11,64,0,0.0
g_n24_e72_k3_high_62,g_n24_e72_k3_high_62_p4,train,0.05,4,64,0,0.0
g_n24_e72_k3_high_62,g_n24_e72_k3_high_62_p4,train,0.1,7,64,0,0.0
g_n24_e72_k3_high_62,g_n24_e72_k3_high_62_p4,train,0.15,11,64,0,0.0
g_n24_e72_k3_high_62,g_n24_e72_k3_high_62_p8,train,0.05,4,64,0,0.0
g_n24_e72_k3_high_62,g_n24_e72_k3_high_62_p8,train,0.1,7,64,0,0.0
g_n24_e72_k3_high_62,g_n24_e72_k3_high_62_p8,train,0.15,10,64,1,0.015625
g_n24_e72_k3_high_63,g_n24_e72_k3_high_63_p0,train,0.05,4,64,0,0.0
g_n24_e72_k3_high_63,g_n24_e72_k3_high_63_p0,train,0.1,8,64,0,0.0
g_n24_e72_k3_high_63,g_n24_e72_k3_high_63_p0,train,0.15,11,64,0,0.0
g_n24_e72_k3_high_63,g_n24_e72_k3_high_63_p4,train,0.05,4,64,0,0.0
g_n24_e72_k3_high_63,g_n24_e72_k3_high_63_p4,train,0.1,7,64,0,0.0
g_n24_e72_k3_high_63,g_n24_e72_k3_high_63_p4,train,0.15,11,64,0,0.0
g_n24_e72_k3_high_63,g_n24_e72_k3_high_63_p8,train,0.05,4,64,0,0.0
g_n24_e72_k3_high_63,g_n24_e72_k3_high_63_p8,train,0.1,7,64,0,0.0
g_n24_e72_k3_high_63,g_n24_e72_k3_high_63_p8,train,0.15,10,64,0,0.0
g_n24_e72_k3_high_64,g_n24_e72_k3_high_64_p0,train,0.05,4,64,0,0.0
g_n24_e72_k3_high_64,g_n24_e72_k3_high_64_p0,train,0.1,8,64,0,0.0
g_n24_e72_k3_high_64,g_n24_e72_k3_high_64_p0,train,0.15,11,64,0,0.0
g_n24_e72_k3_high_64,g_n24_e72_k3_high_64_p4,train,0.05,4,64,0,0.0
g_n24_e72_k3_high_64,g_n24_e72_k3_high_64_p4,train,0.1,7,64,0,0.0
g_n24_e72_k3_high_64,g_n24_e72_k3_high_64_p4,train,0.15,11,64,0,0.0
g_n24_e72_k3_high_64,g_n24_e72_k3_high_64_p8,train,0.05,4,64,1,0.015625
g_n24_e72_k3_high_64,g_n24_e72_k3_high_64_p8,train,0.1,7,64,1,0.015625
g_n24_e72_k3_high_64,g_n24_e72_k3_high_64_p8,train,0.15,10,64,1,0.015625
g_n24_e72_k3_high_65,g_n24_e72_k3_high_65_p0,train,0.05,4,64,0,0.0
g_n24_e72_k3_high_65,g_n24_e72_k3_high_65_p0,train,0.1,8,64,0,0.0
g_n24_e72_k3_high_65,g_n24_e72_k3_high_65_p0,train,0.15,11,64,0,0.0
g_n24_e72_k3_high_65,g_n24_e72_k3_high_65_p4,train,0.05,4,64,0,0.0
g_n24_e72_k3_high_65,g_n24_e72_k3_high_65_p4,train,0.1,7,64,0,0.0
g_n24_e72_k3_high_65,g_n24_e72_k3_high_65_p4,train,0.15,11,64,0,0.0
g_n24_e72_k3_high_65,g_n24_e72_k3_high_65_p8,train,0.05,4,64,0,0.0
g_n24_e72_k3_high_65,g_n24_e72_k3_high_65_p8,train,0.1,7,64,0,0.0
g_n24_e72_k3_high_65,g_n24_e72_k3_high_65_p8,train,0.15,10,64,1,0.015625
g_n24_e72_k3_high_66,g_n24_e72_k3_high_66_p0,test,0.05,4,64,0,0.0
g_n24_e72_k3_high_66,g_n24_e72_k3_high_66_p0,test,0.1,8,64,0,0.0
g_n24_e72_k3_high_66,g_n24_e72_k3_high_66_p0,test,0.15,11,64,0,0.0
g_n24_e72_k3_high_66,g_n24_e72_k3_high_66_p4,test,0.05,4,64,1,0.015625
g_n24_e72_k3_high_66,g_n24_e72_k3_high_66_p4,test,0.1,7,64,3,0.046875
g_n24_e72_k3_high_66,g_n24_e72_k3_high_66_p4,test,0.15,11,64,3,0.046875
g_n24_e72_k3_high_66,g_n24_e72_k3_high_66_p8,test,0.05,4,64,0,0.0
g_n24_e72_k3_high_66,g_n24_e72_k3_high_66_p8,test,0.1,7,64,0,0.0
g_n24_e72_k3_high_66,g_n24_e72_k3_high_66_p8,test,0.15,10,64,1,0.015625
g_n24_e72_k3_high_67,g_n24_e72_k3_high_67_p0,train,0.05,4,64,0,0.0
g_n24_e72_k3_high_67,g_n24_e72_k3_high_67_p0,train,0.1,8,64,0,0.0
g_n24_e72_k3_high_67,g_n24_e72_k3_high_67_p0,train,0.15,11,64,0,0.0
g_n24_e72_k3_high_67,g_n24_e72_k3_high_67_p4,train,0.05,4,64,0,0.0
g_n24_e72_k3_high_67,g_n24_e72_k3_high_67_p4,train,0.1,7,64,0,0.0
g_n24_e72_k3_high_67,g_n24_e72_k3_high_67_p4,train,0.15,11,64,0,0.0
g_n24_e72_k3_high_67,g_n24_e72_k3_high_67_p8,train,0.05,4,64,0,0.0
g_n24_e72_k3_high_67,g_n24_e72_k3_high_67_p8,train,0.1,7,64,0,0.0
g_n24_e72_k3_high_67,g_n24_e72_k3_high_67_p8,train,0.15,10,64,1,0.015625
g_n24_e72_k3_high_68,g_n24_e72_k3_high_68_p0,train,0.05,4,64,0,0.0
g_n24_e72_k3_high_68,g_n24_e72_k3_high_68_p0,train,0.1,8,64,0,0.0
g_n24_e72_k3_high_68,g_n24_e72_k3_high_68_p0,train,0.15,11,64,0,0.0
g_n24_e72_k3_high_68,g_n24_e72_k3_high_68_p4,train,0.05,4,64,0,0.0
g_n24_e72_k3_high_68,g_n24_e72_k3_high_68_p4,train,0.1,7,64,0,0.0
g_n24_e72_k3_high_68,g_n24_e72_k3_high_68_p4,train,0.15,11,64,1,0.015625
g_n24_e72_k3_high_68,g_n24_e72_k3_high_68_p8,train,0.05,4,64,0,0.0
g_n24_e72_k3_high_68,g_n24_e72_k3_high_68_p8,train,0.1,7,64,1,0.015625
g_n24_e72_k3_high_68,g_n24_e72_k3_high_68_p8,train,0.15,10,64,2,0.03125
g_n24_e72_k3_high_69,g_n24_e72_k3_high_69_p0,train,0.05,4,64,0,0.0
g_n24_e72_k3_high_69,g_n24_e72_k3_high_69_p0,train,0.1,8,64,0,0.0
g_n24_e72_k3_high_69,g_n24_e72_k3_high_69_p0,train,0.15,11,64,0,0.0
g_n24_e72_k3_high_69,g_n24_e72_k3_high_69_p4,train,0.05,4,64,0,0.0
g_n24_e72_k3_high_69,g_n24_e72_k3_high_69_p4,train,0.1,7,64,0,0.0
g_n24_e72_k3_high_69,g_n24_e72_k3_high_69_p4,train,0.15,11,64,0,0.0
g_n24_e72_k3_high_69,g_n24_e72_k3_high_69_p8,train,0.05,4,64,0,0.0
g_n24_e72_k3_high_69,g_n24_e72_k3_high_69_p8,train,0.1,7,64,0,0.0
g_n24_e72_k3_high_69,g_n24_e72_k3_high_69_p8,train,0.15,10,64,0,0.0
g_n24_e72_k3_high_70,g_n24_e72_k3_high_70_p0,train,0.05,4,64,0,0.0
g_n24_e72_k3_high_70,g_n24_e72_k3_high_70_p0,train,0.1,8,64,0,0.0
g_n24_e72_k3_high_70,g_n24_e72_k3_high_70_p0,train,0.15,11,64,0,0.0
g_n24_e72_k3_high_70,g_n24_e72_k3_high_70_p4,train,0.05,4,64,0,0.0
g_n24_e72_k3_high_70,g_n24_e72_k3_high_70_p4,train,0.1,7,64,0,0.0
g_n24_e72_k3_high_70,g_n24_e72_k3_high_70_p4,train,0.15,11,64,0,0.0
g_n24_e72_k3_high_70,g_n24_e72_k3_high_70_p8,train,0.05,4,64,0,0.0
g_n24_e72_k3_high_70,g_n24_e72_k3_high_70_p8,train,0.1,7,64,0,0.0
g_n24_e72_k3_high_70,g_n24_e72_k3_high_70_p8,train,0.15,10,64,0,0.0
g_n24_e72_k3_high_71,g_n24_e72_k3_high_71_p0,train,0.05,4,64,0,0.0
g_n24_e72_k3_high_71,g_n24_e72_k3_high_71_p0,train,0.1,8,64,0,0.0
g_n24_e72_k3_high_71,g_n24_e72_k3_high_71_p0,train,0.15,11,64,1,0.015625
g_n24_e72_k3_high_71,g_n24_e72_k3_high_71_p4,train,0.05,4,64,1,0.015625
g_n24_e72_k3_high_71,g_n24_e72_k3_high_71_p4,train,0.1,7,64,1,0.015625
g_n24_e72_k3_high_71,g_n24_e72_k3_high_71_p4,train,0.15,11,64,2,0.03125
g_n24_e72_k3_high_71,g_n24_e72_k3_high_71_p8,train,0.05,4,64,0,0.0
g_n24_e72_k3_high_71,g_n24_e72_k3_high_71_p8,train,0.1,7,64,0,0.0
g_n24_e72_k3_high_71,g_n24_e72_k3_high_71_p8,train,0.15,10,64,1,0.015625
g_n24_e72_k3_high_72,g_n24_e72_k3_high_72_p0,test,0.05,4,64,0,0.0
g_n24_e72_k3_high_72,g_n24_e72_k3_high_72_p0,test,0.1,8,64,0,0.0
g_n24_e72_k3_high_72,g_n24_e72_k3_high_72_p0,test,0.15,11,64,0,0.0
g_n24_e72_k3_high_72,g_n24_e72_k3_high_72_p4,test,0.05,4,64,0,0.0
g_n24_e72_k3_high_72,g_n24_e72_k3_high_72_p4,test,0.1,7,64,0,0.0
g_n24_e72_k3_high_72,g_n24_e72_k3_high_72_p4,test,0.15,11,64,0,0.0
g_n24_e72_k3_high_72,g_n24_e72_k3_high_72_p8,test,0.05,4,64,0,0.0
g_n24_e72_k3_high_72,g_n24_e72_k3_high_72_p8,test,0.1,7,64,0,0.0
g_n24_e72_k3_high_72,g_n24_e72_k3_high_72_p8,test,0.15,10,64,0,0.0
g_n24_e72_k3_high_73,g_n24_e72_k3_high_73_p0,validation,0.05,4,64,0,0.0
g_n24_e72_k3_high_73,g_n24_e72_k3_high_73_p0,validation,0.1,8,64,0,0.0
g_n24_e72_k3_high_73,g_n24_e72_k3_high_73_p0,validation,0.15,11,64,0,0.0
g_n24_e72_k3_high_73,g_n24_e72_k3_high_73_p4,validation,0.05,4,64,0,0.0
g_n24_e72_k3_high_73,g_n24_e72_k3_high_73_p4,validation,0.1,7,64,0,0.0
g_n24_e72_k3_high_73,g_n24_e72_k3_high_73_p4,validation,0.15,11,64,0,0.0
g_n24_e72_k3_high_73,g_n24_e72_k3_high_73_p8,validation,0.05,4,64,0,0.0
g_n24_e72_k3_high_73,g_n24_e72_k3_high_73_p8,validation,0.1,7,64,1,0.015625
g_n24_e72_k3_high_73,g_n24_e72_k3_high_73_p8,validation,0.15,10,64,1,0.015625
g_n24_e72_k3_high_74,g_n24_e72_k3_high_74_p0,test,0.05,4,64,0,0.0
g_n24_e72_k3_high_74,g_n24_e72_k3_high_74_p0,test,0.1,8,64,0,0.0
g_n24_e72_k3_high_74,g_n24_e72_k3_high_74_p0,test,0.15,11,64,1,0.015625
g_n24_e72_k3_high_74,g_n24_e72_k3_high_74_p4,test,0.05,4,64,0,0.0
g_n24_e72_k3_high_74,g_n24_e72_k3_high_74_p4,test,0.1,7,64,0,0.0
g_n24_e72_k3_high_74,g_n24_e72_k3_high_74_p4,test,0.15,11,64,0,0.0
g_n24_e72_k3_high_74,g_n24_e72_k3_high_74_p8,test,0.05,4,64,0,0.0
g_n24_e72_k3_high_74,g_n24_e72_k3_high_74_p8,test,0.1,7,64,0,0.0
g_n24_e72_k3_high_74,g_n24_e72_k3_high_74_p8,test,0.15,10,64,0,0.0
g_n24_e72_k3_high_75,g_n24_e72_k3_high_75_p0,train,0.05,4,64,0,0.0
g_n24_e72_k3_high_75,g_n24_e72_k3_high_75_p0,train,0.1,8,64,0,0.0
g_n24_e72_k3_high_75,g_n24_e72_k3_high_75_p0,train,0.15,11,64,0,0.0
g_n24_e72_k3_high_75,g_n24_e72_k3_high_75_p4,train,0.05,4,64,1,0.015625
g_n24_e72_k3_high_75,g_n24_e72_k3_high_75_p4,train,0.1,7,64,1,0.015625
g_n24_e72_k3_high_75,g_n24_e72_k3_high_75_p4,train,0.15,11,64,2,0.03125
g_n24_e72_k3_high_75,g_n24_e72_k3_high_75_p8,train,0.05,4,64,0,0.0
g_n24_e72_k3_high_75,g_n24_e72_k3_high_75_p8,train,0.1,7,64,0,0.0
g_n24_e72_k3_high_75,g_n24_e72_k3_high_75_p8,train,0.15,10,64,0,0.0
g_n24_e72_k3_high_76,g_n24_e72_k3_high_76_p0,test,0.05,4,64,0,0.0
g_n24_e72_k3_high_76,g_n24_e72_k3_high_76_p0,test,0.1,8,64,0,0.0
g_n24_e72_k3_high_76,g_n24_e72_k3_high_76_p0,test,0.15,11,64,0,0.0
g_n24_e72_k3_high_76,g_n24_e72_k3_high_76_p4,test,0.05,4,64,0,0.0
g_n24_e72_k3_high_76,g_n24_e72_k3_high_76_p4,test,0.1,7,64,0,0.0
g_n24_e72_k3_high_76,g_n24_e72_k3_high_76_p4,test,0.15,11,64,0,0.0
g_n24_e72_k3_high_76,g_n24_e72_k3_high_76_p8,test,0.05,4,64,0,0.0
g_n24_e72_k3_high_76,g_n24_e72_k3_high_76_p8,test,0.1,7,64,1,0.015625
g_n24_e72_k3_high_76,g_n24_e72_k3_high_76_p8,test,0.15,10,64,2,0.03125
g_n24_e72_k3_high_77,g_n24_e72_k3_high_77_p0,test,0.05,4,64,0,0.0
g_n24_e72_k3_high_77,g_n24_e72_k3_high_77_p0,test,0.1,8,64,0,0.0
g_n24_e72_k3_high_77,g_n24_e72_k3_high_77_p0,test,0.15,11,64,0,0.0
g_n24_e72_k3_high_77,g_n24_e72_k3_high_77_p4,test,0.05,4,64,0,0.0
g_n24_e72_k3_high_77,g_n24_e72_k3_high_77_p4,test,0.1,7,64,0,0.0
g_n24_e72_k3_high_77,g_n24_e72_k3_high_77_p4,test,0.15,11,64,0,0.0
g_n24_e72_k3_high_77,g_n24_e72_k3_high_77_p8,test,0.05,4,64,1,0.015625
g_n24_e72_k3_high_77,g_n24_e72_k3_high_77_p8,test,0.1,7,64,2,0.03125
g_n24_e72_k3_high_77,g_n24_e72_k3_high_77_p8,test,0.15,10,64,3,0.046875
g_n24_e72_k3_high_78,g_n24_e72_k3_high_78_p0,train,0.05,4,64,0,0.0
g_n24_e72_k3_high_78,g_n24_e72_k3_high_78_p0,train,0.1,8,64,0,0.0
g_n24_e72_k3_high_78,g_n24_e72_k3_high_78_p0,train,0.15,11,64,0,0.0
g_n24_e72_k3_high_78,g_n24_e72_k3_high_78_p4,train,0.05,4,64,0,0.0
g_n24_e72_k3_high_78,g_n24_e72_k3_high_78_p4,train,0.1,7,64,0,0.0
g_n24_e72_k3_high_78,g_n24_e72_k3_high_78_p4,train,0.15,11,64,1,0.015625
g_n24_e72_k3_high_78,g_n24_e72_k3_high_78_p8,train,0.05,4,64,0,0.0
g_n24_e72_k3_high_78,g_n24_e72_k3_high_78_p8,train,0.1,7,64,0,0.0
g_n24_e72_k3_high_78,g_n24_e72_k3_high_78_p8,train,0.15,10,64,0,0.0
g_n24_e72_k3_high_79,g_n24_e72_k3_high_79_p0,test,0.05,4,64,0,0.0
g_n24_e72_k3_high_79,g_n24_e72_k3_high_79_p0,test,0.1,8,64,0,0.0
g_n24_e72_k3_high_79,g_n24_e72_k3_high_79_p0,test,0.15,11,64,0,0.0
g_n24_e72_k3_high_79,g_n24_e72_k3_high_79_p4,test,0.05,4,64,0,0.0
g_n24_e72_k3_high_79,g_n24_e72_k3_high_79_p4,test,0.1,7,64,0,0.0
g_n24_e72_k3_high_79,g_n24_e72_k3_high_79_p4,test,0.15,11,64,0,0.0
g_n24_e72_k3_high_79,g_n24_e72_k3_high_79_p8,test,0.05,4,64,0,0.0
g_n24_e72_k3_high_79,g_n24_e72_k3_high_79_p8,test,0.1,7,64,0,0.0
g_n24_e72_k3_high_79,g_n24_e72_k3_high_79_p8,test,0.15,10,64,0,0.0
g_n24_e72_k3_high_80,g_n24_e72_k3_high_80_p0,train,0.05,4,64,0,0.0
g_n24_e72_k3_high_80,g_n24_e72_k3_high_80_p0,train,0.1,8,64,0,0.0
g_n24_e72_k3_high_80,g_n24_e72_k3_high_80_p0,train,0.15,11,64,0,0.0
g_n24_e72_k3_high_80,g_n24_e72_k3_high_80_p4,train,0.05,4,64,0,0.0
g_n24_e72_k3_high_80,g_n24_e72_k3_high_80_p4,train,0.1,7,64,0,0.0
g_n24_e72_k3_high_80,g_n24_e72_k3_high_80_p4,train,0.15,11,64,1,0.015625
g_n24_e72_k3_high_80,g_n24_e72_k3_high_80_p8,train,0.05,4,64,0,0.0
g_n24_e72_k3_high_80,g_n24_e72_k3_high_80_p8,train,0.1,7,64,1,0.015625
g_n24_e72_k3_high_80,g_n24_e72_k3_high_80_p8,train,0.15,10,64,1,0.015625
g_n24_e72_k3_high_81,g_n24_e72_k3_high_81_p0,train,0.05,4,64,0,0.0
g_n24_e72_k3_high_81,g_n24_e72_k3_high_81_p0,train,0.1,8,64,0,0.0
g_n24_e72_k3_high_81,g_n24_e72_k3_high_81_p0,train,0.15,11,64,0,0.0
g_n24_e72_k3_high_81,g_n24_e72_k3_high_81_p4,train,0.05,4,64,0,0.0
g_n24_e72_k3_high_81,g_n24_e72_k3_high_81_p4,train,0.1,7,64,0,0.0
g_n24_e72_k3_high_81,g_n24_e72_k3_high_81_p4,train,0.15,11,64,1,0.015625
g_n24_e72_k3_high_81,g_n24_e72_k3_high_81_p8,train,0.05,4,64,0,0.0
g_n24_e72_k3_high_81,g_n24_e72_k3_high_81_p8,train,0.1,7,64,0,0.0
g_n24_e72_k3_high_81,g_n24_e72_k3_high_81_p8,train,0.15,10,64,0,0.0
g_n24_e72_k3_high_82,g_n24_e72_k3_high_82_p0,train,0.05,4,64,0,0.0
g_n24_e72_k3_high_82,g_n24_e72_k3_high_82_p0,train,0.1,8,64,0,0.0
g_n24_e72_k3_high_82,g_n24_e72_k3_high_82_p0,train,0.15,11,64,0,0.0
g_n24_e72_k3_high_82,g_n24_e72_k3_high_82_p4,train,0.05,4,64,1,0.015625
g_n24_e72_k3_high_82,g_n24_e72_k3_high_82_p4,train,0.1,7,64,2,0.03125
g_n24_e72_k3_high_82,g_n24_e72_k3_high_82_p4,train,0.15,11,64,2,0.03125
g_n24_e72_k3_high_82,g_n24_e72_k3_high_82_p8,train,0.05,4,64,0,0.0
g_n24_e72_k3_high_82,g_n24_e72_k3_high_82_p8,train,0.1,7,64,1,0.015625
g_n24_e72_k3_high_82,g_n24_e72_k3_high_82_p8,train,0.15,10,64,3,0.046875
g_n24_e72_k3_high_83,g_n24_e72_k3_high_83_p0,validation,0.05,4,64,0,0.0
g_n24_e72_k3_high_83,g_n24_e72_k3_high_83_p0,validation,0.1,8,64,0,0.0
g_n24_e72_k3_high_83,g_n24_e72_k3_high_83_p0,validation,0.15,11,64,0,0.0
g_n24_e72_k3_high_83,g_n24_e72_k3_high_83_p4,validation,0.05,4,64,0,0.0
g_n24_e72_k3_high_83,g_n24_e72_k3_high_83_p4,validation,0.1,7,64,0,0.0
g_n24_e72_k3_high_83,g_n24_e72_k3_high_83_p4,validation,0.15,11,64,0,0.0
g_n24_e72_k3_high_83,g_n24_e72_k3_high_83_p8,validation,0.05,4,64,0,0.0
g_n24_e72_k3_high_83,g_n24_e72_k3_high_83_p8,validation,0.1,7,64,0,0.0
g_n24_e72_k3_high_83,g_n24_e72_k3_high_83_p8,validation,0.15,10,64,1,0.015625
g_n24_e72_k3_high_84,g_n24_e72_k3_high_84_p0,train,0.05,4,64,0,0.0
g_n24_e72_k3_high_84,g_n24_e72_k3_high_84_p0,train,0.1,8,64,0,0.0
g_n24_e72_k3_high_84,g_n24_e72_k3_high_84_p0,train,0.15,11,64,0,0.0
g_n24_e72_k3_high_84,g_n24_e72_k3_high_84_p4,train,0.05,4,64,0,0.0
g_n24_e72_k3_high_84,g_n24_e72_k3_high_84_p4,train,0.1,7,64,0,0.0
g_n24_e72_k3_high_84,g_n24_e72_k3_high_84_p4,train,0.15,11,64,0,0.0
g_n24_e72_k3_high_84,g_n24_e72_k3_high_84_p8,train,0.05,4,64,0,0.0
g_n24_e72_k3_high_84,g_n24_e72_k3_high_84_p8,train,0.1,7,64,0,0.0
g_n24_e72_k3_high_84,g_n24_e72_k3_high_84_p8,train,0.15,10,64,0,0.0
g_n24_e72_k3_high_85,g_n24_e72_k3_high_85_p0,validation,0.05,4,64,0,0.0
g_n24_e72_k3_high_85,g_n24_e72_k3_high_85_p0,validation,0.1,8,64,1,0.015625
g_n24_e72_k3_high_85,g_n24_e72_k3_high_85_p0,validation,0.15,11,64,1,0.015625
g_n24_e72_k3_high_85,g_n24_e72_k3_high_85_p4,validation,0.05,4,64,0,0.0
g_n24_e72_k3_high_85,g_n24_e72_k3_high_85_p4,validation,0.1,7,64,0,0.0
g_n24_e72_k3_high_85,g_n24_e72_k3_high_85_p4,validation,0.15,11,64,1,0.015625
g_n24_e72_k3_high_85,g_n24_e72_k3_high_85_p8,validation,0.05,4,64,0,0.0
g_n24_e72_k3_high_85,g_n24_e72_k3_high_85_p8,validation,0.1,7,64,1,0.015625
g_n24_e72_k3_high_85,g_n24_e72_k3_high_85_p8,validation,0.15,10,64,3,0.046875
g_n24_e72_k3_high_86,g_n24_e72_k3_high_86_p0,validation,0.05,4,64,0,0.0
g_n24_e72_k3_high_86,g_n24_e72_k3_high_86_p0,validation,0.1,8,64,0,0.0
g_n24_e72_k3_high_86,g_n24_e72_k3_high_86_p0,validation,0.15,11,64,0,0.0
g_n24_e72_k3_high_86,g_n24_e72_k3_high_86_p4,validation,0.05,4,64,0,0.0
g_n24_e72_k3_high_86,g_n24_e72_k3_high_86_p4,validation,0.1,7,64,0,0.0
g_n24_e72_k3_high_86,g_n24_e72_k3_high_86_p4,validation,0.15,11,64,0,0.0
g_n24_e72_k3_high_86,g_n24_e72_k3_high_86_p8,validation,0.05,4,64,0,0.0
g_n24_e72_k3_high_86,g_n24_e72_k3_high_86_p8,validation,0.1,7,64,1,0.015625
g_n24_e72_k3_high_86,g_n24_e72_k3_high_86_p8,validation,0.15,10,64,2,0.03125
g_n24_e72_k3_high_87,g_n24_e72_k3_high_87_p0,validation,0.05,4,64,0,0.0
g_n24_e72_k3_high_87,g_n24_e72_k3_high_87_p0,validation,0.1,8,64,0,0.0
g_n24_e72_k3_high_87,g_n24_e72_k3_high_87_p0,validation,0.15,11,64,0,0.0
g_n24_e72_k3_high_87,g_n24_e72_k3_high_87_p4,validation,0.05,4,64,0,0.0
g_n24_e72_k3_high_87,g_n24_e72_k3_high_87_p4,validation,0.1,7,64,0,0.0
g_n24_e72_k3_high_87,g_n24_e72_k3_high_87_p4,validation,0.15,11,64,0,0.0
g_n24_e72_k3_high_87,g_n24_e72_k3_high_87_p8,validation,0.05,4,64,0,0.0
g_n24_e72_k3_high_87,g_n24_e72_k3_high_87_p8,validation,0.1,7,64,0,0.0
g_n24_e72_k3_high_87,g_n24_e72_k3_high_87_p8,validation,0.15,10,64,0,0.0
g_n24_e72_k3_high_88,g_n24_e72_k3_high_88_p0,train,0.05,4,64,0,0.0
g_n24_e72_k3_high_88,g_n24_e72_k3_high_88_p0,train,0.1,8,64,0,0.0
g_n24_e72_k3_high_88,g_n24_e72_k3_high_88_p0,train,0.15,11,64,1,0.015625
g_n24_e72_k3_high_88,g_n24_e72_k3_high_88_p4,train,0.05,4,64,0,0.0
g_n24_e72_k3_high_88,g_n24_e72_k3_high_88_p4,train,0.1,7,64,0,0.0
g_n24_e72_k3_high_88,g_n24_e72_k3_high_88_p4,train,0.15,11,64,0,0.0
g_n24_e72_k3_high_88,g_n24_e72_k3_high_88_p8,train,0.05,4,64,0,0.0
g_n24_e72_k3_high_88,g_n24_e72_k3_high_88_p8,train,0.1,7,64,1,0.015625
g_n24_e72_k3_high_88,g_n24_e72_k3_high_88_p8,train,0.15,10,64,2,0.03125
g_n24_e72_k3_high_89,g_n24_e72_k3_high_89_p0,validation,0.05,4,64,0,0.0
g_n24_e72_k3_high_89,g_n24_e72_k3_high_89_p0,validation,0.1,8,64,0,0.0
g_n24_e72_k3_high_89,g_n24_e72_k3_high_89_p0,validation,0.15,11,64,0,0.0
g_n24_e72_k3_high_89,g_n24_e72_k3_high_89_p4,validation,0.05,4,64,0,0.0
g_n24_e72_k3_high_89,g_n24_e72_k3_high_89_p4,validation,0.1,7,64,0,0.0
g_n24_e72_k3_high_89,g_n24_e72_k3_high_89_p4,validation,0.15,11,64,0,0.0
g_n24_e72_k3_high_89,g_n24_e72_k3_high_89_p8,validation,0.05,4,64,0,0.0
g_n24_e72_k3_high_89,g_n24_e72_k3_high_89_p8,validation,0.1,7,64,0,0.0
g_n24_e72_k3_high_89,g_n24_e72_k3_high_89_p8,validation,0.15,10,64,3,0.046875
g_n32_e64_k2_low_00,g_n32_e64_k2_low_00_p0,train,0.05,4,64,5,0.078125
g_n32_e64_k2_low_00,g_n32_e64_k2_low_00_p0,train,0.1,7,64,9,0.140625
g_n32_e64_k2_low_00,g_n32_e64_k2_low_00_p0,train,0.15,10,64,22,0.34375
g_n32_e64_k2_low_00,g_n32_e64_k2_low_00_p4,train,0.05,3,64,3,0.046875
g_n32_e64_k2_low_00,g_n32_e64_k2_low_00_p4,train,0.1,6,64,11,0.171875
g_n32_e64_k2_low_00,g_n32_e64_k2_low_00_p4,train,0.15,9,64,18,0.28125
g_n32_e64_k2_low_01,g_n32_e64_k2_low_01_p0,train,0.05,4,64,1,0.015625
g_n32_e64_k2_low_01,g_n32_e64_k2_low_01_p0,train,0.1,7,64,11,0.171875
g_n32_e64_k2_low_01,g_n32_e64_k2_low_01_p0,train,0.15,10,64,20,0.3125
g_n32_e64_k2_low_01,g_n32_e64_k2_low_01_p4,train,0.05,3,64,3,0.046875
g_n32_e64_k2_low_01,g_n32_e64_k2_low_01_p4,train,0.1,6,64,9,0.140625
g_n32_e64_k2_low_01,g_n32_e64_k2_low_01_p4,train,0.15,9,64,15,0.234375
g_n32_e64_k2_low_01,g_n32_e64_k2_low_01_p7,train,0.05,3,64,11,0.171875
g_n32_e64_k2_low_01,g_n32_e64_k2_low_01_p7,train,0.1,6,64,25,0.390625
g_n32_e64_k2_low_01,g_n32_e64_k2_low_01_p7,train,0.15,9,64,38,0.59375
g_n32_e64_k2_low_02,g_n32_e64_k2_low_02_p0,train,0.05,4,64,3,0.046875
g_n32_e64_k2_low_02,g_n32_e64_k2_low_02_p0,train,0.1,7,64,10,0.15625
g_n32_e64_k2_low_02,g_n32_e64_k2_low_02_p0,train,0.15,10,64,22,0.34375
g_n32_e64_k2_low_02,g_n32_e64_k2_low_02_p4,train,0.05,3,64,5,0.078125
g_n32_e64_k2_low_02,g_n32_e64_k2_low_02_p4,train,0.1,6,64,14,0.21875
g_n32_e64_k2_low_02,g_n32_e64_k2_low_02_p4,train,0.15,9,64,26,0.40625
g_n32_e64_k2_low_02,g_n32_e64_k2_low_02_p7,train,0.05,3,64,16,0.25
g_n32_e64_k2_low_02,g_n32_e64_k2_low_02_p7,train,0.1,6,64,34,0.53125
g_n32_e64_k2_low_02,g_n32_e64_k2_low_02_p7,train,0.15,9,64,43,0.671875
g_n32_e64_k2_low_03,g_n32_e64_k2_low_03_p0,test,0.05,4,64,0,0.0
g_n32_e64_k2_low_03,g_n32_e64_k2_low_03_p0,test,0.1,7,64,9,0.140625
g_n32_e64_k2_low_03,g_n32_e64_k2_low_03_p0,test,0.15,10,64,16,0.25
g_n32_e64_k2_low_03,g_n32_e64_k2_low_03_p4,test,0.05,3,64,4,0.0625
g_n32_e64_k2_low_03,g_n32_e64_k2_low_03_p4,test,0.1,6,64,11,0.171875
g_n32_e64_k2_low_03,g_n32_e64_k2_low_03_p4,test,0.15,9,64,25,0.390625
g_n32_e64_k2_low_04,g_n32_e64_k2_low_04_p0,train,0.05,4,64,2,0.03125
g_n32_e64_k2_low_04,g_n32_e64_k2_low_04_p0,train,0.1,7,64,4,0.0625
g_n32_e64_k2_low_04,g_n32_e64_k2_low_04_p0,train,0.15,10,64,7,0.109375
g_n32_e64_k2_low_04,g_n32_e64_k2_low_04_p4,train,0.05,3,64,6,0.09375
g_n32_e64_k2_low_04,g_n32_e64_k2_low_04_p4,train,0.1,6,64,13,0.203125
g_n32_e64_k2_low_04,g_n32_e64_k2_low_04_p4,train,0.15,9,64,21,0.328125
g_n32_e64_k2_low_04,g_n32_e64_k2_low_04_p7,train,0.05,3,64,2,0.03125
g_n32_e64_k2_low_04,g_n32_e64_k2_low_04_p7,train,0.1,6,64,15,0.234375
g_n32_e64_k2_low_04,g_n32_e64_k2_low_04_p7,train,0.15,9,64,29,0.453125
g_n32_e64_k2_low_05,g_n32_e64_k2_low_05_p0,train,0.05,4,64,3,0.046875
g_n32_e64_k2_low_05,g_n32_e64_k2_low_05_p0,train,0.1,7,64,11,0.171875
g_n32_e64_k2_low_05,g_n32_e64_k2_low_05_p0,train,0.15,10,64,21,0.328125
g_n32_e64_k2_low_05,g_n32_e64_k2_low_05_p4,train,0.05,3,64,2,0.03125
g_n32_e64_k2_low_05,g_n32_e64_k2_low_05_p4,train,0.1,6,64,8,0.125
g_n32_e64_k2_low_05,g_n32_e64_k2_low_05_p4,train,0.15,9,64,17,0.265625
g_n32_e64_k2_low_05,g_n32_e64_k2_low_05_p7,train,0.05,3,64,13,0.203125
g_n32_e64_k2_low_05,g_n32_e64_k2_low_05_p7,train,0.1,6,64,30,0.46875
g_n32_e64_k2_low_05,g_n32_e64_k2_low_05_p7,train,0.15,9,64,42,0.65625
g_n32_e64_k2_low_06,g_n32_e64_k2_low_06_p0,train,0.05,4,64,1,0.015625
g_n32_e64_k2_low_06,g_n32_e64_k2_low_06_p0,train,0.1,7,64,9,0.140625
g_n32_e64_k2_low_06,g_n32_e64_k2_low_06_p0,train,0.15,10,64,14,0.21875
g_n32_e64_k2_low_06,g_n32_e64_k2_low_06_p4,train,0.05,3,64,5,0.078125
g_n32_e64_k2_low_06,g_n32_e64_k2_low_06_p4,train,0.1,6,64,10,0.15625
g_n32_e64_k2_low_06,g_n32_e64_k2_low_06_p4,train,0.15,9,64,25,0.390625
g_n32_e64_k2_low_06,g_n32_e64_k2_low_06_p7,train,0.05,3,64,13,0.203125
g_n32_e64_k2_low_06,g_n32_e64_k2_low_06_p7,train,0.1,6,64,28,0.4375
g_n32_e64_k2_low_06,g_n32_e64_k2_low_06_p7,train,0.15,9,64,44,0.6875
g_n32_e64_k2_low_07,g_n32_e64_k2_low_07_p0,train,0.05,4,64,1,0.015625
g_n32_e64_k2_low_07,g_n32_e64_k2_low_07_p0,train,0.1,7,64,9,0.140625
g_n32_e64_k2_low_07,g_n32_e64_k2_low_07_p0,train,0.15,10,64,21,0.328125
g_n32_e64_k2_low_07,g_n32_e64_k2_low_07_p4,train,0.05,3,64,3,0.046875
g_n32_e64_k2_low_07,g_n32_e64_k2_low_07_p4,train,0.1,6,64,11,0.171875
g_n32_e64_k2_low_07,g_n32_e64_k2_low_07_p4,train,0.15,9,64,25,0.390625
g_n32_e64_k2_low_07,g_n32_e64_k2_low_07_p7,train,0.05,3,64,11,0.171875
g_n32_e64_k2_low_07,g_n32_e64_k2_low_07_p7,train,0.1,6,64,24,0.375
g_n32_e64_k2_low_07,g_n32_e64_k2_low_07_p7,train,0.15,9,64,38,0.59375
g_n32_e64_k2_low_08,g_n32_e64_k2_low_08_p0,validation,0.05,4,64,3,0.046875
g_n32_e64_k2_low_08,g_n32_e64_k2_low_08_p0,validation,0.1,7,64,6,0.09375
g_n32_e64_k2_low_08,g_n32_e64_k2_low_08_p0,validation,0.15,10,64,9,0.140625
g_n32_e64_k2_low_08,g_n32_e64_k2_low_08_p4,validation,0.05,3,64,4,0.0625
g_n32_e64_k2_low_08,g_n32_e64_k2_low_08_p4,validation,0.1,6,64,21,0.328125
g_n32_e64_k2_low_08,g_n32_e64_k2_low_08_p4,validation,0.15,9,64,33,0.515625
g_n32_e64_k2_low_08,g_n32_e64_k2_low_08_p7,validation,0.05,3,64,0,0.0
g_n32_e64_k2_low_08,g_n32_e64_k2_low_08_p7,validation,0.1,6,64,10,0.15625
g_n32_e64_k2_low_08,g_n32_e64_k2_low_08_p7,validation,0.15,9,64,19,0.296875
g_n32_e64_k2_low_09,g_n32_e64_k2_low_09_p0,test,0.05,4,64,0,0.0
g_n32_e64_k2_low_09,g_n32_e64_k2_low_09_p0,test,0.1,7,64,3,0.046875
g_n32_e64_k2_low_09,g_n32_e64_k2_low_09_p0,test,0.15,10,64,8,0.125
g_n32_e64_k2_low_09,g_n32_e64_k2_low_09_p4,test,0.05,3,64,6,0.09375
g_n32_e64_k2_low_09,g_n32_e64_k2_low_09_p4,test,0.1,6,64,10,0.15625
g_n32_e64_k2_low_09,g_n32_e64_k2_low_09_p4,test,0.15,9,64,18,0.28125
g_n32_e64_k2_low_09,g_n32_e64_k2_low_09_p7,test,0.05,3,64,5,0.078125
g_n32_e64_k2_low_09,g_n32_e64_k2_low_09_p7,test,0.1,6,64,17,0.265625
g_n32_e64_k2_low_09,g_n32_e64_k2_low_09_p7,test,0.15,9,64,34,0.53125
g_n32_e64_k2_low_10,g_n32_e64_k2_low_10_p0,train,0.05,4,64,0,0.0
g_n32_e64_k2_low_10,g_n32_e64_k2_low_10_p0,train,0.1,7,64,3,0.046875
g_n32_e64_k2_low_10,g_n32_e64_k2_low_10_p0,train,0.15,10,64,11,0.171875
g_n32_e64_k2_low_10,g_n32_e64_k2_low_10_p4,train,0.05,3,64,5,0.078125
g_n32_e64_k2_low_10,g_n32_e64_k2_low_10_p4,train,0.1,6,64,13,0.203125
g_n32_e64_k2_low_10,g_n32_e64_k2_low_10_p4,train,0.15,9,64,24,0.375
g_n32_e64_k2_low_10,g_n32_e64_k2_low_10_p7,train,0.05,3,64,11,0.171875
g_n32_e64_k2_low_10,g_n32_e64_k2_low_10_p7,train,0.1,6,64,32,0.5
g_n32_e64_k2_low_10,g_n32_e64_k2_low_10_p7,train,0.15,9,64,43,0.671875
g_n32_e64_k2_low_11,g_n32_e64_k2_low_11_p0,validation,0.05,4,64,3,0.046875
g_n32_e64_k2_low_11,g_n32_e64_k2_low_11_p0,validation,0.1,7,64,5,0.078125
g_n32_e64_k2_low_11,g_n32_e64_k2_low_11_p0,validation,0.15,10,64,13,0.203125
g_n32_e64_k2_low_11,g_n32_e64_k2_low_11_p4,validation,0.05,3,64,0,0.0
g_n32_e64_k2_low_11,g_n32_e64_k2_low_11_p4,validation,0.1,6,64,8,0.125
g_n32_e64_k2_low_11,g_n32_e64_k2_low_11_p4,validation,0.15,9,64,17,0.265625
g_n32_e64_k2_low_11,g_n32_e64_k2_low_11_p7,validation,0.05,3,64,4,0.0625
g_n32_e64_k2_low_11,g_n32_e64_k2_low_11_p7,validation,0.1,6,64,16,0.25
g_n32_e64_k2_low_11,g_n32_e64_k2_low_11_p7,validation,0.15,9,64,30,0.46875
g_n32_e64_k2_low_12,g_n32_e64_k2_low_12_p0,test,0.05,4,64,1,0.015625
g_n32_e64_k2_low_12,g_n32_e64_k2_low_12_p0,test,0.1,7,64,4,0.0625
g_n32_e64_k2_low_12,g_n32_e64_k2_low_12_p0,test,0.15,10,64,10,0.15625
g_n32_e64_k2_low_12,g_n32_e64_k2_low_12_p4,test,0.05,3,64,8,0.125
g_n32_e64_k2_low_12,g_n32_e64_k2_low_12_p4,test,0.1,6,64,17,0.265625
g_n32_e64_k2_low_12,g_n32_e64_k2_low_12_p4,test,0.15,9,64,25,0.390625
g_n32_e64_k2_low_12,g_n32_e64_k2_low_12_p7,test,0.05,3,64,8,0.125
g_n32_e64_k2_low_12,g_n32_e64_k2_low_12_p7,test,0.1,6,64,21,0.328125
g_n32_e64_k2_low_12,g_n32_e64_k2_low_12_p7,test,0.15,9,64,28,0.4375
g_n32_e64_k2_low_13,g_n32_e64_k2_low_13_p0,train,0.05,4,64,6,0.09375
g_n32_e64_k2_low_13,g_n32_e64_k2_low_13_p0,train,0.1,7,64,10,0.15625
g_n32_e64_k2_low_13,g_n32_e64_k2_low_13_p0,train,0.15,10,64,20,0.3125
g_n32_e64_k2_low_13,g_n32_e64_k2_low_13_p4,train,0.05,3,64,15,0.234375
g_n32_e64_k2_low_13,g_n32_e64_k2_low_13_p4,train,0.1,6,64,24,0.375
g_n32_e64_k2_low_13,g_n32_e64_k2_low_13_p4,train,0.15,9,64,30,0.46875
g_n32_e64_k2_low_13,g_n32_e64_k2_low_13_p7,train,0.05,3,64,4,0.0625
g_n32_e64_k2_low_13,g_n32_e64_k2_low_13_p7,train,0.1,6,64,17,0.265625
g_n32_e64_k2_low_13,g_n32_e64_k2_low_13_p7,train,0.15,9,64,29,0.453125
g_n32_e64_k2_low_14,g_n32_e64_k2_low_14_p0,validation,0.05,4,64,2,0.03125
g_n32_e64_k2_low_14,g_n32_e64_k2_low_14_p0,validation,0.1,7,64,12,0.1875
g_n32_e64_k2_low_14,g_n32_e64_k2_low_14_p0,validation,0.15,10,64,22,0.34375
g_n32_e64_k2_low_14,g_n32_e64_k2_low_14_p4,validation,0.05,3,64,1,0.015625
g_n32_e64_k2_low_14,g_n32_e64_k2_low_14_p4,validation,0.1,6,64,4,0.0625
g_n32_e64_k2_low_14,g_n32_e64_k2_low_14_p4,validation,0.15,9,64,16,0.25
g_n32_e64_k2_low_14,g_n32_e64_k2_low_14_p7,validation,0.05,3,64,13,0.203125
g_n32_e64_k2_low_14,g_n32_e64_k2_low_14_p7,validation,0.1,6,64,24,0.375
g_n32_e64_k2_low_14,g_n32_e64_k2_low_14_p7,validation,0.15,9,64,39,0.609375
g_n32_e64_k2_low_15,g_n32_e64_k2_low_15_p0,validation,0.05,4,64,0,0.0
g_n32_e64_k2_low_15,g_n32_e64_k2_low_15_p0,validation,0.1,7,64,3,0.046875
g_n32_e64_k2_low_15,g_n32_e64_k2_low_15_p0,validation,0.15,10,64,13,0.203125
g_n32_e64_k2_low_15,g_n32_e64_k2_low_15_p4,validation,0.05,3,64,6,0.09375
g_n32_e64_k2_low_15,g_n32_e64_k2_low_15_p4,validation,0.1,6,64,17,0.265625
g_n32_e64_k2_low_15,g_n32_e64_k2_low_15_p4,validation,0.15,9,64,24,0.375
g_n32_e64_k2_low_15,g_n32_e64_k2_low_15_p7,validation,0.05,3,64,4,0.0625
g_n32_e64_k2_low_15,g_n32_e64_k2_low_15_p7,validation,0.1,6,64,17,0.265625
g_n32_e64_k2_low_15,g_n32_e64_k2_low_15_p7,validation,0.15,9,64,31,0.484375
g_n32_e64_k2_low_16,g_n32_e64_k2_low_16_p0,train,0.05,4,64,2,0.03125
g_n32_e64_k2_low_16,g_n32_e64_k2_low_16_p0,train,0.1,7,64,3,0.046875
g_n32_e64_k2_low_16,g_n32_e64_k2_low_16_p0,train,0.15,10,64,8,0.125
g_n32_e64_k2_low_16,g_n32_e64_k2_low_16_p4,train,0.05,3,64,2,0.03125
g_n32_e64_k2_low_16,g_n32_e64_k2_low_16_p4,train,0.1,6,64,7,0.109375
g_n32_e64_k2_low_16,g_n32_e64_k2_low_16_p4,train,0.15,9,64,23,0.359375
g_n32_e64_k2_low_16,g_n32_e64_k2_low_16_p7,train,0.05,3,64,8,0.125
g_n32_e64_k2_low_16,g_n32_e64_k2_low_16_p7,train,0.1,6,64,16,0.25
g_n32_e64_k2_low_16,g_n32_e64_k2_low_16_p7,train,0.15,9,64,28,0.4375
g_n32_e64_k2_low_17,g_n32_e64_k2_low_17_p0,train,0.05,4,64,2,0.03125
g_n32_e64_k2_low_17,g_n32_e64_k2_low_17_p0,train,0.1,7,64,4,0.0625
g_n32_e64_k2_low_17,g_n32_e64_k2_low_17_p0,train,0.15,10,64,13,0.203125
g_n32_e64_k2_low_17,g_n32_e64_k2_low_17_p4,train,0.05,3,64,5,0.078125
g_n32_e64_k2_low_17,g_n32_e64_k2_low_17_p4,train,0.1,6,64,11,0.171875
g_n32_e64_k2_low_17,g_n32_e64_k2_low_17_p4,train,0.15,9,64,25,0.390625
g_n32_e64_k2_low_17,g_n32_e64_k2_low_17_p7,train,0.05,3,64,8,0.125
g_n32_e64_k2_low_17,g_n32_e64_k2_low_17_p7,train,0.1,6,64,18,0.28125
g_n32_e64_k2_low_17,g_n32_e64_k2_low_17_p7,train,0.15,9,64,31,0.484375
g_n32_e64_k2_low_18,g_n32_e64_k2_low_18_p0,train,0.05,4,64,2,0.03125
g_n32_e64_k2_low_18,g_n32_e64_k2_low_18_p0,train,0.1,7,64,5,0.078125
g_n32_e64_k2_low_18,g_n32_e64_k2_low_18_p0,train,0.15,10,64,7,0.109375
g_n32_e64_k2_low_18,g_n32_e64_k2_low_18_p4,train,0.05,3,64,3,0.046875
g_n32_e64_k2_low_18,g_n32_e64_k2_low_18_p4,train,0.1,6,64,12,0.1875
g_n32_e64_k2_low_18,g_n32_e64_k2_low_18_p4,train,0.15,9,64,26,0.40625
g_n32_e64_k2_low_18,g_n32_e64_k2_low_18_p7,train,0.05,3,64,10,0.15625
g_n32_e64_k2_low_18,g_n32_e64_k2_low_18_p7,train,0.1,6,64,20,0.3125
g_n32_e64_k2_low_18,g_n32_e64_k2_low_18_p7,train,0.15,9,64,35,0.546875
g_n32_e64_k2_low_19,g_n32_e64_k2_low_19_p0,train,0.05,4,64,0,0.0
g_n32_e64_k2_low_19,g_n32_e64_k2_low_19_p0,train,0.1,7,64,2,0.03125
g_n32_e64_k2_low_19,g_n32_e64_k2_low_19_p0,train,0.15,10,64,7,0.109375
g_n32_e64_k2_low_19,g_n32_e64_k2_low_19_p4,train,0.05,3,64,1,0.015625
g_n32_e64_k2_low_19,g_n32_e64_k2_low_19_p4,train,0.1,6,64,4,0.0625
g_n32_e64_k2_low_19,g_n32_e64_k2_low_19_p4,train,0.15,9,64,11,0.171875
g_n32_e64_k2_low_19,g_n32_e64_k2_low_19_p7,train,0.05,3,64,4,0.0625
g_n32_e64_k2_low_19,g_n32_e64_k2_low_19_p7,train,0.1,6,64,15,0.234375
g_n32_e64_k2_low_19,g_n32_e64_k2_low_19_p7,train,0.15,9,64,20,0.3125
g_n32_e64_k2_low_20,g_n32_e64_k2_low_20_p0,train,0.05,4,64,0,0.0
g_n32_e64_k2_low_20,g_n32_e64_k2_low_20_p0,train,0.1,7,64,2,0.03125
g_n32_e64_k2_low_20,g_n32_e64_k2_low_20_p0,train,0.15,10,64,10,0.15625
g_n32_e64_k2_low_20,g_n32_e64_k2_low_20_p4,train,0.05,3,64,1,0.015625
g_n32_e64_k2_low_20,g_n32_e64_k2_low_20_p4,train,0.1,6,64,10,0.15625
g_n32_e64_k2_low_20,g_n32_e64_k2_low_20_p4,train,0.15,9,64,19,0.296875
g_n32_e64_k2_low_20,g_n32_e64_k2_low_20_p7,train,0.05,3,64,8,0.125
g_n32_e64_k2_low_20,g_n32_e64_k2_low_20_p7,train,0.1,6,64,18,0.28125
g_n32_e64_k2_low_20,g_n32_e64_k2_low_20_p7,train,0.15,9,64,30,0.46875
g_n32_e64_k2_low_21,g_n32_e64_k2_low_21_p0,test,0.05,4,64,0,0.0
g_n32_e64_k2_low_21,g_n32_e64_k2_low_21_p0,test,0.1,7,64,0,0.0
g_n32_e64_k2_low_21,g_n32_e64_k2_low_21_p0,test,0.15,10,64,7,0.109375
g_n32_e64_k2_low_21,g_n32_e64_k2_low_21_p4,test,0.05,3,64,3,0.046875
g_n32_e64_k2_low_21,g_n32_e64_k2_low_21_p4,test,0.1,6,64,17,0.265625
g_n32_e64_k2_low_21,g_n32_e64_k2_low_21_p4,test,0.15,9,64,25,0.390625
g_n32_e64_k2_low_22,g_n32_e64_k2_low_22_p0,train,0.05,4,64,1,0.015625
g_n32_e64_k2_low_22,g_n32_e64_k2_low_22_p0,train,0.1,7,64,3,0.046875
g_n32_e64_k2_low_22,g_n32_e64_k2_low_22_p0,train,0.15,10,64,16,0.25
g_n32_e64_k2_low_22,g_n32_e64_k2_low_22_p4,train,0.05,3,64,4,0.0625
g_n32_e64_k2_low_22,g_n32_e64_k2_low_22_p4,train,0.1,6,64,15,0.234375
g_n32_e64_k2_low_22,g_n32_e64_k2_low_22_p4,train,0.15,9,64,27,0.421875
g_n32_e64_k2_low_22,g_n32_e64_k2_low_22_p7,train,0.05,3,64,10,0.15625
g_n32_e64_k2_low_22,g_n32_e64_k2_low_22_p7,train,0.1,6,64,17,0.265625
g_n32_e64_k2_low_22,g_n32_e64_k2_low_22_p7,train,0.15,9,64,25,0.390625
g_n32_e64_k2_low_23,g_n32_e64_k2_low_23_p0,validation,0.05,4,64,3,0.046875
g_n32_e64_k2_low_23,g_n32_e64_k2_low_23_p0,validation,0.1,7,64,6,0.09375
g_n32_e64_k2_low_23,g_n32_e64_k2_low_23_p0,validation,0.15,10,64,11,0.171875
g_n32_e64_k2_low_23,g_n32_e64_k2_low_23_p4,validation,0.05,3,64,9,0.140625
g_n32_e64_k2_low_23,g_n32_e64_k2_low_23_p4,validation,0.1,6,64,17,0.265625
g_n32_e64_k2_low_23,g_n32_e64_k2_low_23_p4,validation,0.15,9,64,29,0.453125
g_n32_e64_k2_low_23,g_n32_e64_k2_low_23_p7,validation,0.05,3,64,7,0.109375
g_n32_e64_k2_low_23,g_n32_e64_k2_low_23_p7,validation,0.1,6,64,20,0.3125
g_n32_e64_k2_low_23,g_n32_e64_k2_low_23_p7,validation,0.15,9,64,28,0.4375
g_n32_e64_k2_low_24,g_n32_e64_k2_low_24_p0,train,0.05,4,64,0,0.0
g_n32_e64_k2_low_24,g_n32_e64_k2_low_24_p0,train,0.1,7,64,11,0.171875
g_n32_e64_k2_low_24,g_n32_e64_k2_low_24_p0,train,0.15,10,64,19,0.296875
g_n32_e64_k2_low_24,g_n32_e64_k2_low_24_p4,train,0.05,3,64,3,0.046875
g_n32_e64_k2_low_24,g_n32_e64_k2_low_24_p4,train,0.1,6,64,11,0.171875
g_n32_e64_k2_low_24,g_n32_e64_k2_low_24_p4,train,0.15,9,64,20,0.3125
g_n32_e64_k2_low_25,g_n32_e64_k2_low_25_p0,train,0.05,4,64,1,0.015625
g_n32_e64_k2_low_25,g_n32_e64_k2_low_25_p0,train,0.1,7,64,2,0.03125
g_n32_e64_k2_low_25,g_n32_e64_k2_low_25_p0,train,0.15,10,64,7,0.109375
g_n32_e64_k2_low_25,g_n32_e64_k2_low_25_p4,train,0.05,3,64,2,0.03125
g_n32_e64_k2_low_25,g_n32_e64_k2_low_25_p4,train,0.1,6,64,8,0.125
g_n32_e64_k2_low_25,g_n32_e64_k2_low_25_p4,train,0.15,9,64,17,0.265625
g_n32_e64_k2_low_25,g_n32_e64_k2_low_25_p7,train,0.05,3,64,7,0.109375
g_n32_e64_k2_low_25,g_n32_e64_k2_low_25_p7,train,0.1,6,64,14,0.21875
g_n32_e64_k2_low_25,g_n32_e64_k2_low_25_p7,train,0.15,9,64,30,0.46875
g_n32_e64_k2_low_26,g_n32_e64_k2_low_26_p0,test,0.05,4,64,3,0.046875
g_n32_e64_k2_low_26,g_n32_e64_k2_low_26_p0,test,0.1,7,64,9,0.140625
g_n32_e64_k2_low_26,g_n32_e64_k2_low_26_p0,test,0.15,10,64,13,0.203125
g_n32_e64_k2_low_26,g_n32_e64_k2_low_26_p4,test,0.05,3,64,1,0.015625
g_n32_e64_k2_low_26,g_n32_e64_k2_low_26_p4,test,0.1,6,64,9,0.140625
g_n32_e64_k2_low_26,g_n32_e64_k2_low_26_p4,test,0.15,9,64,13,0.203125
g_n32_e64_k2_low_26,g_n32_e64_k2_low_26_p7,test,0.05,3,64,14,0.21875
g_n32_e64_k2_low_26,g_n32_e64_k2_low_26_p7,test,0.1,6,64,22,0.34375
g_n32_e64_k2_low_26,g_n32_e64_k2_low_26_p7,test,0.15,9,64,35,0.546875
g_n32_e64_k2_low_27,g_n32_e64_k2_low_27_p0,validation,0.05,4,64,2,0.03125
g_n32_e64_k2_low_27,g_n32_e64_k2_low_27_p0,validation,0.1,7,64,5,0.078125
g_n32_e64_k2_low_27,g_n32_e64_k2_low_27_p0,validation,0.15,10,64,16,0.25
g_n32_e64_k2_low_27,g_n32_e64_k2_low_27_p4,validation,0.05,3,64,1,0.015625
g_n32_e64_k2_low_27,g_n32_e64_k2_low_27_p4,validation,0.1,6,64,6,0.09375
g_n32_e64_k2_low_27,g_n32_e64_k2_low_27_p4,validation,0.15,9,64,15,0.234375
g_n32_e64_k2_low_27,g_n32_e64_k2_low_27_p7,validation,0.05,3,64,5,0.078125
g_n32_e64_k2_low_27,g_n32_e64_k2_low_27_p7,validation,0.1,6,64,12,0.1875
g_n32_e64_k2_low_27,g_n32_e64_k2_low_27_p7,validation,0.15,9,64,30,0.46875
g_n32_e64_k2_low_28,g_n32_e64_k2_low_28_p0,train,0.05,4,64,2,0.03125
g_n32_e64_k2_low_28,g_n32_e64_k2_low_28_p0,train,0.1,7,64,4,0.0625
g_n32_e64_k2_low_28,g_n32_e64_k2_low_28_p0,train,0.15,10,64,10,0.15625
g_n32_e64_k2_low_28,g_n32_e64_k2_low_28_p4,train,0.05,3,64,3,0.046875
g_n32_e64_k2_low_28,g_n32_e64_k2_low_28_p4,train,0.1,6,64,4,0.0625
g_n32_e64_k2_low_28,g_n32_e64_k2_low_28_p4,train,0.15,9,64,13,0.203125
g_n32_e64_k2_low_28,g_n32_e64_k2_low_28_p7,train,0.05,3,64,7,0.109375
g_n32_e64_k2_low_28,g_n32_e64_k2_low_28_p7,train,0.1,6,64,18,0.28125
g_n32_e64_k2_low_28,g_n32_e64_k2_low_28_p7,train,0.15,9,64,32,0.5
g_n32_e64_k2_low_29,g_n32_e64_k2_low_29_p0,test,0.05,4,64,2,0.03125
g_n32_e64_k2_low_29,g_n32_e64_k2_low_29_p0,test,0.1,7,64,7,0.109375
g_n32_e64_k2_low_29,g_n32_e64_k2_low_29_p0,test,0.15,10,64,14,0.21875
g_n32_e64_k2_low_29,g_n32_e64_k2_low_29_p4,test,0.05,3,64,5,0.078125
g_n32_e64_k2_low_29,g_n32_e64_k2_low_29_p4,test,0.1,6,64,18,0.28125
g_n32_e64_k2_low_29,g_n32_e64_k2_low_29_p4,test,0.15,9,64,24,0.375
g_n32_e64_k2_low_29,g_n32_e64_k2_low_29_p7,test,0.05,3,64,7,0.109375
g_n32_e64_k2_low_29,g_n32_e64_k2_low_29_p7,test,0.1,6,64,23,0.359375
g_n32_e64_k2_low_29,g_n32_e64_k2_low_29_p7,test,0.15,9,64,34,0.53125
g_n32_e64_k2_mid_30,g_n32_e64_k2_mid_30_p0,train,0.05,4,64,1,0.015625
g_n32_e64_k2_mid_30,g_n32_e64_k2_mid_30_p0,train,0.1,7,64,4,0.0625
g_n32_e64_k2_mid_30,g_n32_e64_k2_mid_30_p0,train,0.15,10,64,7,0.109375
g_n32_e64_k2_mid_30,g_n32_e64_k2_mid_30_p4,train,0.05,3,64,6,0.09375
g_n32_e64_k2_mid_30,g_n32_e64_k2_mid_30_p4,train,0.1,6,64,11,0.171875
g_n32_e64_k2_mid_30,g_n32_e64_k2_mid_30_p4,train,0.15,9,64,22,0.34375
g_n32_e64_k2_mid_30,g_n32_e64_k2_mid_30_p7,train,0.05,3,64,4,0.0625
g_n32_e64_k2_mid_30,g_n32_e64_k2_mid_30_p7,train,0.1,6,64,11,0.171875
g_n32_e64_k2_mid_30,g_n32_e64_k2_mid_30_p7,train,0.15,9,64,22,0.34375
g_n32_e64_k2_mid_31,g_n32_e64_k2_mid_31_p0,train,0.05,4,64,3,0.046875
g_n32_e64_k2_mid_31,g_n32_e64_k2_mid_31_p0,train,0.1,7,64,7,0.109375
g_n32_e64_k2_mid_31,g_n32_e64_k2_mid_31_p0,train,0.15,10,64,12,0.1875
g_n32_e64_k2_mid_31,g_n32_e64_k2_mid_31_p4,train,0.05,3,64,5,0.078125
g_n32_e64_k2_mid_31,g_n32_e64_k2_mid_31_p4,train,0.1,6,64,14,0.21875
g_n32_e64_k2_mid_31,g_n32_e64_k2_mid_31_p4,train,0.15,9,64,25,0.390625
g_n32_e64_k2_mid_31,g_n32_e64_k2_mid_31_p7,train,0.05,3,64,5,0.078125
g_n32_e64_k2_mid_31,g_n32_e64_k2_mid_31_p7,train,0.1,6,64,16,0.25
g_n32_e64_k2_mid_31,g_n32_e64_k2_mid_31_p7,train,0.15,9,64,26,0.40625
g_n32_e64_k2_mid_32,g_n32_e64_k2_mid_32_p0,validation,0.05,4,64,1,0.015625
g_n32_e64_k2_mid_32,g_n32_e64_k2_mid_32_p0,validation,0.1,7,64,2,0.03125
g_n32_e64_k2_mid_32,g_n32_e64_k2_mid_32_p0,validation,0.15,10,64,8,0.125
g_n32_e64_k2_mid_32,g_n32_e64_k2_mid_32_p4,validation,0.05,3,64,5,0.078125
g_n32_e64_k2_mid_32,g_n32_e64_k2_mid_32_p4,validation,0.1,6,64,8,0.125
g_n32_e64_k2_mid_32,g_n32_e64_k2_mid_32_p4,validation,0.15,9,64,20,0.3125
g_n32_e64_k2_mid_32,g_n32_e64_k2_mid_32_p7,validation,0.05,3,64,4,0.0625
g_n32_e64_k2_mid_32,g_n32_e64_k2_mid_32_p7,validation,0.1,6,64,14,0.21875
g_n32_e64_k2_mid_32,g_n32_e64_k2_mid_32_p7,validation,0.15,9,64,25,0.390625
g_n32_e64_k2_mid_33,g_n32_e64_k2_mid_33_p0,test,0.05,4,64,2,0.03125
g_n32_e64_k2_mid_33,g_n32_e64_k2_mid_33_p0,test,0.1,7,64,3,0.046875
g_n32_e64_k2_mid_33,g_n32_e64_k2_mid_33_p0,test,0.15,10,64,9,0.140625
g_n32_e64_k2_mid_33,g_n32_e64_k2_mid_33_p4,test,0.05,3,64,3,0.046875
g_n32_e64_k2_mid_33,g_n32_e64_k2_mid_33_p4,test,0.1,6,64,9,0.140625
g_n32_e64_k2_mid_33,g_n32_e64_k2_mid_33_p4,test,0.15,9,64,18,0.28125
g_n32_e64_k2_mid_33,g_n32_e64_k2_mid_33_p7,test,0.05,3,64,3,0.046875
g_n32_e64_k2_mid_33,g_n32_e64_k2_mid_33_p7,test,0.1,6,64,13,0.203125
g_n32_e64_k2_mid_33,g_n32_e64_k2_mid_33_p7,test,0.15,9,64,27,0.421875
g_n32_e64_k2_mid_34,g_n32_e64_k2_mid_34_p0,train,0.05,4,64,3,0.046875
g_n32_e64_k2_mid_34,g_n32_e64_k2_mid_34_p0,train,0.1,7,64,6,0.09375
g_n32_e64_k2_mid_34,g_n32_e64_k2_mid_34_p0,train,0.15,10,64,18,0.28125
g_n32_e64_k2_mid_34,g_n32_e64_k2_mid_34_p7,train,0.05,3,64,8,0.125
g_n32_e64_k2_mid_34,g_n32_e64_k2_mid_34_p7,train,0.1,6,64,17,0.265625
g_n32_e64_k2_mid_34,g_n32_e64_k2_mid_34_p7,train,0.15,9,64,32,0.5
g_n32_e64_k2_mid_35,g_n32_e64_k2_mid_35_p0,test,0.05,4,64,2,0.03125
g_n32_e64_k2_mid_35,g_n32_e64_k2_mid_35_p0,test,0.1,7,64,7,0.109375
g_n32_e64_k2_mid_35,g_n32_e64_k2_mid_35_p0,test,0.15,10,64,15,0.234375
g_n32_e64_k2_mid_35,g_n32_e64_k2_mid_35_p4,test,0.05,3,64,2,0.03125
g_n32_e64_k2_mid_35,g_n32_e64_k2_mid_35_p4,test,0.1,6,64,10,0.15625
g_n32_e64_k2_mid_35,g_n32_e64_k2_mid_35_p4,test,0.15,9,64,15,0.234375
g_n32_e64_k2_mid_35,g_n32_e64_k2_mid_35_p7,test,0.05,3,64,4,0.0625
g_n32_e64_k2_mid_35,g_n32_e64_k2_mid_35_p7,test,0.1,6,64,14,0.21875
g_n32_e64_k2_mid_35,g_n32_e64_k2_mid_35_p7,test,0.15,9,64,30,0.46875
g_n32_e64_k2_mid_36,g_n32_e64_k2_mid_36_p0,train,0.05,4,64,2,0.03125
g_n32_e64_k2_mid_36,g_n32_e64_k2_mid_36_p0,train,0.1,7,64,2,0.03125
g_n32_e64_k2_mid_36,g_n32_e64_k2_mid_36_p0,train,0.15,10,64,8,0.125
g_n32_e64_k2_mid_36,g_n32_e64_k2_mid_36_p4,train,0.05,3,64,1,0.015625
g_n32_e64_k2_mid_36,g_n32_e64_k2_mid_36_p4,train,0.1,6,64,5,0.078125
g_n32_e64_k2_mid_36,g_n32_e64_k2_mid_36_p4,train,0.15,9,64,14,0.21875
g_n32_e64_k2_mid_36,g_n32_e64_k2_mid_36_p7,train,0.05,3,64,6,0.09375
g_n32_e64_k2_mid_36,g_n32_e64_k2_mid_36_p7,train,0.1,6,64,14,0.21875
g_n32_e64_k2_mid_36,g_n32_e64_k2_mid_36_p7,train,0.15,9,64,25,0.390625
g_n32_e64_k2_mid_37,g_n32_e64_k2_mid_37_p0,validation,0.05,4,64,3,0.046875
g_n32_e64_k2_mid_37,g_n32_e64_k2_mid_37_p0,validation,0.1,7,64,5,0.078125
g_n32_e64_k2_mid_37,g_n32_e64_k2_mid_37_p0,validation,0.15,10,64,11,0.171875
g_n32_e64_k2_mid_37,g_n32_e64_k2_mid_37_p4,validation,0.05,3,64,0,0.0
g_n32_e64_k2_mid_37,g_n32_e64_k2_mid_37_p4,validation,0.1,6,64,1,0.015625
g_n32_e64_k2_mid_37,g_n32_e64_k2_mid_37_p4,validation,0.15,9,64,12,0.1875
g_n32_e64_k2_mid_37,g_n32_e64_k2_mid_37_p7,validation,0.05,3,64,4,0.0625
g_n32_e64_k2_mid_37,g_n32_e64_k2_mid_37_p7,validation,0.1,6,64,7,0.109375
g_n32_e64_k2_mid_37,g_n32_e64_k2_mid_37_p7,validation,0.15,9,64,21,0.328125
g_n32_e64_k2_mid_38,g_n32_e64_k2_mid_38_p0,test,0.05,4,64,0,0.0
g_n32_e64_k2_mid_38,g_n32_e64_k2_mid_38_p0,test,0.1,7,64,1,0.015625
g_n32_e64_k2_mid_38,g_n32_e64_k2_mid_38_p0,test,0.15,10,64,9,0.140625
g_n32_e64_k2_mid_38,g_n32_e64_k2_mid_38_p4,test,0.05,3,64,5,0.078125
g_n32_e64_k2_mid_38,g_n32_e64_k2_mid_38_p4,test,0.1,6,64,11,0.171875
g_n32_e64_k2_mid_38,g_n32_e64_k2_mid_38_p4,test,0.15,9,64,20,0.3125
g_n32_e64_k2_mid_38,g_n32_e64_k2_mid_38_p7,test,0.05,3,64,4,0.0625
g_n32_e64_k2_mid_38,g_n32_e64_k2_mid_38_p7,test,0.1,6,64,9,0.140625
g_n32_e64_k2_mid_38,g_n32_e64_k2_mid_38_p7,test,0.15,9,64,17,0.265625
g_n32_e64_k2_mid_39,g_n32_e64_k2_mid_39_p0,validation,0.05,4,64,2,0.03125
g_n32_e64_k2_mid_39,g_n32_e64_k2_mid_39_p0,validation,0.1,7,64,7,0.109375
g_n32_e64_k2_mid_39,g_n32_e64_k2_mid_39_p0,validation,0.15,10,64,10,0.15625
g_n32_e64_k2_mid_39,g_n32_e64_k2_mid_39_p4,validation,0.05,3,64,4,0.0625
g_n32_e64_k2_mid_39,g_n32_e64_k2_mid_39_p4,validation,0.1,6,64,10,0.15625
g_n32_e64_k2_mid_39,g_n32_e64_k2_mid_39_p4,validation,0.15,9,64,14,0.21875
g_n32_e64_k2_mid_40,g_n32_e64_k2_mid_40_p0,test,0.05,4,64,1,0.015625
g_n32_e64_k2_mid_40,g_n32_e64_k2_mid_40_p0,test,0.1,7,64,3,0.046875
g_n32_e64_k2_mid_40,g_n32_e64_k2_mid_40_p0,test,0.15,10,64,9,0.140625
g_n32_e64_k2_mid_40,g_n32_e64_k2_mid_40_p4,test,0.05,3,64,8,0.125
g_n32_e64_k2_mid_40,g_n32_e64_k2_mid_40_p4,test,0.1,6,64,16,0.25
g_n32_e64_k2_mid_40,g_n32_e64_k2_mid_40_p4,test,0.15,9,64,23,0.359375
g_n32_e64_k2_mid_40,g_n32_e64_k2_mid_40_p7,test,0.05,3,64,5,0.078125
g_n32_e64_k2_mid_40,g_n32_e64_k2_mid_40_p7,test,0.1,6,64,11,0.171875
g_n32_e64_k2_mid_40,g_n32_e64_k2_mid_40_p7,test,0.15,9,64,24,0.375
g_n32_e64_k2_mid_41,g_n32_e64_k2_mid_41_p0,train,0.05,4,64,1,0.015625
g_n32_e64_k2_mid_41,g_n32_e64_k2_mid_41_p0,train,0.1,7,64,1,0.015625
g_n32_e64_k2_mid_41,g_n32_e64_k2_mid_41_p0,train,0.15,10,64,4,0.0625
g_n32_e64_k2_mid_41,g_n32_e64_k2_mid_41_p4,train,0.05,3,64,13,0.203125
g_n32_e64_k2_mid_41,g_n32_e64_k2_mid_41_p4,train,0.1,6,64,25,0.390625
g_n32_e64_k2_mid_41,g_n32_e64_k2_mid_41_p4,train,0.15,9,64,39,0.609375
g_n32_e64_k2_mid_41,g_n32_e64_k2_mid_41_p7,train,0.05,3,64,2,0.03125
g_n32_e64_k2_mid_41,g_n32_e64_k2_mid_41_p7,train,0.1,6,64,5,0.078125
g_n32_e64_k2_mid_41,g_n32_e64_k2_mid_41_p7,train,0.15,9,64,14,0.21875
g_n32_e64_k2_mid_42,g_n32_e64_k2_mid_42_p0,test,0.05,4,64,2,0.03125
g_n32_e64_k2_mid_42,g_n32_e64_k2_mid_42_p0,test,0.1,7,64,4,0.0625
g_n32_e64_k2_mid_42,g_n32_e64_k2_mid_42_p0,test,0.15,10,64,12,0.1875
g_n32_e64_k2_mid_42,g_n32_e64_k2_mid_42_p4,test,0.05,3,64,0,0.0
g_n32_e64_k2_mid_42,g_n32_e64_k2_mid_42_p4,test,0.1,6,64,4,0.0625
g_n32_e64_k2_mid_42,g_n32_e64_k2_mid_42_p4,test,0.15,9,64,13,0.203125
g_n32_e64_k2_mid_42,g_n32_e64_k2_mid_42_p7,test,0.05,3,64,3,0.046875
g_n32_e64_k2_mid_42,g_n32_e64_k2_mid_42_p7,test,0.1,6,64,8,0.125
g_n32_e64_k2_mid_42,g_n32_e64_k2_mid_42_p7,test,0.15,9,64,20,0.3125
g_n32_e64_k2_mid_43,g_n32_e64_k2_mid_43_p0,train,0.05,4,64,0,0.0
g_n32_e64_k2_mid_43,g_n32_e64_k2_mid_43_p0,train,0.1,7,64,2,0.03125
g_n32_e64_k2_mid_43,g_n32_e64_k2_mid_43_p0,train,0.15,10,64,4,0.0625
g_n32_e64_k2_mid_43,g_n32_e64_k2_mid_43_p4,train,0.05,3,64,0,0.0
g_n32_e64_k2_mid_43,g_n32_e64_k2_mid_43_p4,train,0.1,6,64,1,0.015625
g_n32_e64_k2_mid_43,g_n32_e64_k2_mid_43_p4,train,0.15,9,64,5,0.078125
g_n32_e64_k2_mid_43,g_n32_e64_k2_mid_43_p7,train,0.05,3,64,6,0.09375
g_n32_e64_k2_mid_43,g_n32_e64_k2_mid_43_p7,train,0.1,6,64,15,0.234375
g_n32_e64_k2_mid_43,g_n32_e64_k2_mid_43_p7,train,0.15,9,64,27,0.421875
g_n32_e64_k2_mid_44,g_n32_e64_k2_mid_44_p0,train,0.05,4,64,0,0.0
g_n32_e64_k2_mid_44,g_n32_e64_k2_mid_44_p0,train,0.1,7,64,3,0.046875
g_n32_e64_k2_mid_44,g_n32_e64_k2_mid_44_p0,train,0.15,10,64,9,0.140625
g_n32_e64_k2_mid_44,g_n32_e64_k2_mid_44_p4,train,0.05,3,64,0,0.0
g_n32_e64_k2_mid_44,g_n32_e64_k2_mid_44_p4,train,0.1,6,64,2,0.03125
g_n32_e64_k2_mid_44,g_n32_e64_k2_mid_44_p4,train,0.15,9,64,10,0.15625
g_n32_e64_k2_mid_44,g_n32_e64_k2_mid_44_p7,train,0.05,3,64,3,0.046875
g_n32_e64_k2_mid_44,g_n32_e64_k2_mid_44_p7,train,0.1,6,64,10,0.15625
g_n32_e64_k2_mid_44,g_n32_e64_k2_mid_44_p7,train,0.15,9,64,21,0.328125
g_n32_e64_k2_mid_45,g_n32_e64_k2_mid_45_p0,train,0.05,4,64,1,0.015625
g_n32_e64_k2_mid_45,g_n32_e64_k2_mid_45_p0,train,0.1,7,64,3,0.046875
g_n32_e64_k2_mid_45,g_n32_e64_k2_mid_45_p0,train,0.15,10,64,11,0.171875
g_n32_e64_k2_mid_45,g_n32_e64_k2_mid_45_p4,train,0.05,3,64,0,0.0
g_n32_e64_k2_mid_45,g_n32_e64_k2_mid_45_p4,train,0.1,6,64,3,0.046875
g_n32_e64_k2_mid_45,g_n32_e64_k2_mid_45_p4,train,0.15,9,64,13,0.203125
g_n32_e64_k2_mid_45,g_n32_e64_k2_mid_45_p7,train,0.05,3,64,7,0.109375
g_n32_e64_k2_mid_45,g_n32_e64_k2_mid_45_p7,train,0.1,6,64,18,0.28125
g_n32_e64_k2_mid_45,g_n32_e64_k2_mid_45_p7,train,0.15,9,64,31,0.484375
g_n32_e64_k2_mid_46,g_n32_e64_k2_mid_46_p0,test,0.05,4,64,0,0.0
g_n32_e64_k2_mid_46,g_n32_e64_k2_mid_46_p0,test,0.1,7,64,5,0.078125
g_n32_e64_k2_mid_46,g_n32_e64_k2_mid_46_p0,test,0.15,10,64,12,0.1875
g_n32_e64_k2_mid_46,g_n32_e64_k2_mid_46_p4,test,0.05,3,64,1,0.015625
g_n32_e64_k2_mid_46,g_n32_e64_k2_mid_46_p4,test,0.1,6,64,3,0.046875
g_n32_e64_k2_mid_46,g_n32_e64_k2_mid_46_p4,test,0.15,9,64,10,0.15625
g_n32_e64_k2_mid_46,g_n32_e64_k2_mid_46_p7,test,0.05,3,64,10,0.15625
g_n32_e64_k2_mid_46,g_n32_e64_k2_mid_46_p7,test,0.1,6,64,24,0.375
g_n32_e64_k2_mid_46,g_n32_e64_k2_mid_46_p7,test,0.15,9,64,29,0.453125
g_n32_e64_k2_mid_47,g_n32_e64_k2_mid_47_p0,train,0.05,4,64,1,0.015625
g_n32_e64_k2_mid_47,g_n32_e64_k2_mid_47_p0,train,0.1,7,64,5,0.078125
g_n32_e64_k2_mid_47,g_n32_e64_k2_mid_47_p0,train,0.15,10,64,13,0.203125
g_n32_e64_k2_mid_47,g_n32_e64_k2_mid_47_p4,train,0.05,3,64,0,0.0
g_n32_e64_k2_mid_47,g_n32_e64_k2_mid_47_p4,train,0.1,6,64,5,0.078125
g_n32_e64_k2_mid_47,g_n32_e64_k2_mid_47_p4,train,0.15,9,64,12,0.1875
g_n32_e64_k2_mid_47,g_n32_e64_k2_mid_47_p7,train,0.05,3,64,13,0.203125
g_n32_e64_k2_mid_47,g_n32_e64_k2_mid_47_p7,train,0.1,6,64,28,0.4375
g_n32_e64_k2_mid_47,g_n32_e64_k2_mid_47_p7,train,0.15,9,64,39,0.609375
g_n32_e64_k2_mid_48,g_n32_e64_k2_mid_48_p0,validation,0.05,4,64,0,0.0
g_n32_e64_k2_mid_48,g_n32_e64_k2_mid_48_p0,validation,0.1,7,64,5,0.078125
g_n32_e64_k2_mid_48,g_n32_e64_k2_mid_48_p0,validation,0.15,10,64,12,0.1875
g_n32_e64_k2_mid_48,g_n32_e64_k2_mid_48_p4,validation,0.05,3,64,0,0.0
g_n32_e64_k2_mid_48,g_n32_e64_k2_mid_48_p4,validation,0.1,6,64,4,0.0625
g_n32_e64_k2_mid_48,g_n32_e64_k2_mid_48_p4,validation,0.15,9,64,14,0.21875
g_n32_e64_k2_mid_48,g_n32_e64_k2_mid_48_p7,validation,0.05,3,64,10,0.15625
g_n32_e64_k2_mid_48,g_n32_e64_k2_mid_48_p7,validation,0.1,6,64,16,0.25
g_n32_e64_k2_mid_48,g_n32_e64_k2_mid_48_p7,validation,0.15,9,64,29,0.453125
g_n32_e64_k2_mid_49,g_n32_e64_k2_mid_49_p0,train,0.05,4,64,0,0.0
g_n32_e64_k2_mid_49,g_n32_e64_k2_mid_49_p0,train,0.1,7,64,3,0.046875
g_n32_e64_k2_mid_49,g_n32_e64_k2_mid_49_p0,train,0.15,10,64,13,0.203125
g_n32_e64_k2_mid_49,g_n32_e64_k2_mid_49_p4,train,0.05,3,64,1,0.015625
g_n32_e64_k2_mid_49,g_n32_e64_k2_mid_49_p4,train,0.1,6,64,2,0.03125
g_n32_e64_k2_mid_49,g_n32_e64_k2_mid_49_p4,train,0.15,9,64,13,0.203125
g_n32_e64_k2_mid_49,g_n32_e64_k2_mid_49_p7,train,0.05,3,64,4,0.0625
g_n32_e64_k2_mid_49,g_n32_e64_k2_mid_49_p7,train,0.1,6,64,10,0.15625
g_n32_e64_k2_mid_49,g_n32_e64_k2_mid_49_p7,train,0.15,9,64,26,0.40625
g_n32_e64_k2_mid_50,g_n32_e64_k2_mid_50_p0,train,0.05,4,64,3,0.046875
g_n32_e64_k2_mid_50,g_n32_e64_k2_mid_50_p0,train,0.1,7,64,8,0.125
g_n32_e64_k2_mid_50,g_n32_e64_k2_mid_50_p0,train,0.15,10,64,13,0.203125
g_n32_e64_k2_mid_50,g_n32_e64_k2_mid_50_p4,train,0.05,3,64,5,0.078125
g_n32_e64_k2_mid_50,g_n32_e64_k2_mid_50_p4,train,0.1,6,64,11,0.171875
g_n32_e64_k2_mid_50,g_n32_e64_k2_mid_50_p4,train,0.15,9,64,22,0.34375
g_n32_e64_k2_mid_50,g_n32_e64_k2_mid_50_p7,train,0.05,3,64,5,0.078125
g_n32_e64_k2_mid_50,g_n32_e64_k2_mid_50_p7,train,0.1,6,64,11,0.171875
g_n32_e64_k2_mid_50,g_n32_e64_k2_mid_50_p7,train,0.15,9,64,30,0.46875
g_n32_e64_k2_mid_51,g_n32_e64_k2_mid_51_p0,train,0.05,4,64,3,0.046875
g_n32_e64_k2_mid_51,g_n32_e64_k2_mid_51_p0,train,0.1,7,64,9,0.140625
g_n32_e64_k2_mid_51,g_n32_e64_k2_mid_51_p0,train,0.15,10,64,16,0.25
g_n32_e64_k2_mid_51,g_n32_e64_k2_mid_51_p4,train,0.05,3,64,5,0.078125
g_n32_e64_k2_mid_51,g_n32_e64_k2_mid_51_p4,train,0.1,6,64,10,0.15625
g_n32_e64_k2_mid_51,g_n32_e64_k2_mid_51_p4,train,0.15,9,64,17,0.265625
g_n32_e64_k2_mid_51,g_n32_e64_k2_mid_51_p7,train,0.05,3,64,3,0.046875
g_n32_e64_k2_mid_51,g_n32_e64_k2_mid_51_p7,train,0.1,6,64,9,0.140625
g_n32_e64_k2_mid_51,g_n32_e64_k2_mid_51_p7,train,0.15,9,64,16,0.25
g_n32_e64_k2_mid_52,g_n32_e64_k2_mid_52_p0,train,0.05,4,64,1,0.015625
g_n32_e64_k2_mid_52,g_n32_e64_k2_mid_52_p0,train,0.1,7,64,6,0.09375
g_n32_e64_k2_mid_52,g_n32_e64_k2_mid_52_p0,train,0.15,10,64,15,0.234375
g_n32_e64_k2_mid_52,g_n32_e64_k2_mid_52_p4,train,0.05,3,64,0,0.0
g_n32_e64_k2_mid_52,g_n32_e64_k2_mid_52_p4,train,0.1,6,64,8,0.125
g_n32_e64_k2_mid_52,g_n32_e64_k2_mid_52_p4,train,0.15,9,64,18,0.28125
g_n32_e64_k2_mid_52,g_n32_e64_k2_mid_52_p7,train,0.05,3,64,3,0.046875
g_n32_e64_k2_mid_52,g_n32_e64_k2_mid_52_p7,train,0.1,6,64,6,0.09375
g_n32_e64_k2_mid_52,g_n32_e64_k2_mid_52_p7,train,0.15,9,64,15,0.234375
g_n32_e64_k2_mid_53,g_n32_e64_k2_mid_53_p0,train,0.05,4,64,4,0.0625
g_n32_e64_k2_mid_53,g_n32_e64_k2_mid_53_p0,train,0.1,7,64,6,0.09375
g_n32_e64_k2_mid_53,g_n32_e64_k2_mid_53_p0,train,0.15,10,64,14,0.21875
g_n32_e64_k2_mid_53,g_n32_e64_k2_mid_53_p4,train,0.05,3,64,2,0.03125
g_n32_e64_k2_mid_53,g_n32_e64_k2_mid_53_p4,train,0.1,6,64,8,0.125
g_n32_e64_k2_mid_53,g_n32_e64_k2_mid_53_p4,train,0.15,9,64,15,0.234375
g_n32_e64_k2_mid_53,g_n32_e64_k2_mid_53_p7,train,0.05,3,64,8,0.125
g_n32_e64_k2_mid_53,g_n32_e64_k2_mid_53_p7,train,0.1,6,64,13,0.203125
g_n32_e64_k2_mid_53,g_n32_e64_k2_mid_53_p7,train,0.15,9,64,21,0.328125
g_n32_e64_k2_mid_54,g_n32_e64_k2_mid_54_p0,train,0.05,4,64,3,0.046875
g_n32_e64_k2_mid_54,g_n32_e64_k2_mid_54_p0,train,0.1,7,64,5,0.078125
g_n32_e64_k2_mid_54,g_n32_e64_k2_mid_54_p0,train,0.15,10,64,11,0.171875
g_n32_e64_k2_mid_54,g_n32_e64_k2_mid_54_p4,train,0.05,3,64,1,0.015625
g_n32_e64_k2_mid_54,g_n32_e64_k2_mid_54_p4,train,0.1,6,64,3,0.046875
g_n32_e64_k2_mid_54,g_n32_e64_k2_mid_54_p4,train,0.15,9,64,8,0.125
g_n32_e64_k2_mid_54,g_n32_e64_k2_mid_54_p7,train,0.05,3,64,1,0.015625
g_n32_e64_k2_mid_54,g_n32_e64_k2_mid_54_p7,train,0.1,6,64,6,0.09375
g_n32_e64_k2_mid_54,g_n32_e64_k2_mid_54_p7,train,0.15,9,64,13,0.203125
g_n32_e64_k2_mid_55,g_n32_e64_k2_mid_55_p0,train,0.05,4,64,0,0.0
g_n32_e64_k2_mid_55,g_n32_e64_k2_mid_55_p0,train,0.1,7,64,3,0.046875
g_n32_e64_k2_mid_55,g_n32_e64_k2_mid_55_p0,train,0.15,10,64,8,0.125
g_n32_e64_k2_mid_55,g_n32_e64_k2_mid_55_p4,train,0.05,3,64,7,0.109375
g_n32_e64_k2_mid_55,g_n32_e64_k2_mid_55_p4,train,0.1,6,64,20,0.3125
g_n32_e64_k2_mid_55,g_n32_e64_k2_mid_55_p4,train,0.15,9,64,32,0.5
g_n32_e64_k2_mid_55,g_n32_e64_k2_mid_55_p7,train,0.05,3,64,9,0.140625
g_n32_e64_k2_mid_55,g_n32_e64_k2_mid_55_p7,train,0.1,6,64,22,0.34375
g_n32_e64_k2_mid_55,g_n32_e64_k2_mid_55_p7,train,0.15,9,64,31,0.484375
g_n32_e64_k2_mid_56,g_n32_e64_k2_mid_56_p0,train,0.05,4,64,0,0.0
g_n32_e64_k2_mid_56,g_n32_e64_k2_mid_56_p0,train,0.1,7,64,2,0.03125
g_n32_e64_k2_mid_56,g_n32_e64_k2_mid_56_p0,train,0.15,10,64,5,0.078125
g_n32_e64_k2_mid_56,g_n32_e64_k2_mid_56_p4,train,0.05,3,64,9,0.140625
g_n32_e64_k2_mid_56,g_n32_e64_k2_mid_56_p4,train,0.1,6,64,16,0.25
g_n32_e64_k2_mid_56,g_n32_e64_k2_mid_56_p4,train,0.15,9,64,24,0.375
g_n32_e64_k2_mid_56,g_n32_e64_k2_mid_56_p7,train,0.05,3,64,2,0.03125
g_n32_e64_k2_mid_56,g_n32_e64_k2_mid_56_p7,train,0.1,6,64,8,0.125
g_n32_e64_k2_mid_56,g_n32_e64_k2_mid_56_p7,train,0.15,9,64,21,0.328125
g_n32_e64_k2_mid_57,g_n32_e64_k2_mid_57_p0,validation,0.05,4,64,1,0.015625
g_n32_e64_k2_mid_57,g_n32_e64_k2_mid_57_p0,validation,0.1,7,64,6,0.09375
g_n32_e64_k2_mid_57,g_n32_e64_k2_mid_57_p0,validation,0.15,10,64,8,0.125
g_n32_e64_k2_mid_57,g_n32_e64_k2_mid_57_p4,validation,0.05,3,64,0,0.0
g_n32_e64_k2_mid_57,g_n32_e64_k2_mid_57_p4,validation,0.1,6,64,9,0.140625
g_n32_e64_k2_mid_57,g_n32_e64_k2_mid_57_p4,validation,0.15,9,64,16,0.25
g_n32_e64_k2_mid_58,g_n32_e64_k2_mid_58_p0,train,0.05,4,64,2,0.03125
g_n32_e64_k2_mid_58,g_n32_e64_k2_mid_58_p0,train,0.1,7,64,6,0.09375
g_n32_e64_k2_mid_58,g_n32_e64_k2_mid_58_p0,train,0.15,10,64,12,0.1875
g_n32_e64_k2_mid_58,g_n32_e64_k2_mid_58_p4,train,0.05,3,64,0,0.0
g_n32_e64_k2_mid_58,g_n32_e64_k2_mid_58_p4,train,0.1,6,64,5,0.078125
g_n32_e64_k2_mid_58,g_n32_e64_k2_mid_58_p4,train,0.15,9,64,10,0.15625
g_n32_e64_k2_mid_58,g_n32_e64_k2_mid_58_p7,train,0.05,3,64,4,0.0625
g_n32_e64_k2_mid_58,g_n32_e64_k2_mid_58_p7,train,0.1,6,64,14,0.21875
g_n32_e64_k2_mid_58,g_n32_e64_k2_mid_58_p7,train,0.15,9,64,32,0.5
g_n32_e64_k2_mid_59,g_n32_e64_k2_mid_59_p0,validation,0.05,4,64,0,0.0
g_n32_e64_k2_mid_59,g_n32_e64_k2_mid_59_p0,validation,0.1,7,64,4,0.0625
g_n32_e64_k2_mid_59,g_n32_e64_k2_mid_59_p0,validation,0.15,10,64,9,0.140625
g_n32_e64_k2_mid_59,g_n32_e64_k2_mid_59_p4,validation,0.05,3,64,9,0.140625
g_n32_e64_k2_mid_59,g_n32_e64_k2_mid_59_p4,validation,0.1,6,64,17,0.265625
g_n32_e64_k2_mid_59,g_n32_e64_k2_mid_59_p4,validation,0.15,9,64,26,0.40625
g_n32_e64_k2_mid_59,g_n32_e64_k2_mid_59_p7,validation,0.05,3,64,0,0.0
g_n32_e64_k2_mid_59,g_n32_e64_k2_mid_59_p7,validation,0.1,6,64,4,0.0625
g_n32_e64_k2_mid_59,g_n32_e64_k2_mid_59_p7,validation,0.15,9,64,19,0.296875
g_n32_e64_k2_high_60,g_n32_e64_k2_high_60_p0,train,0.05,4,64,1,0.015625
g_n32_e64_k2_high_60,g_n32_e64_k2_high_60_p0,train,0.1,7,64,3,0.046875
g_n32_e64_k2_high_60,g_n32_e64_k2_high_60_p0,train,0.15,10,64,9,0.140625
g_n32_e64_k2_high_60,g_n32_e64_k2_high_60_p4,train,0.05,3,64,1,0.015625
g_n32_e64_k2_high_60,g_n32_e64_k2_high_60_p4,train,0.1,6,64,3,0.046875
g_n32_e64_k2_high_60,g_n32_e64_k2_high_60_p4,train,0.15,9,64,11,0.171875
g_n32_e64_k2_high_60,g_n32_e64_k2_high_60_p7,train,0.05,3,64,0,0.0
g_n32_e64_k2_high_60,g_n32_e64_k2_high_60_p7,train,0.1,6,64,4,0.0625
g_n32_e64_k2_high_60,g_n32_e64_k2_high_60_p7,train,0.15,9,64,9,0.140625
g_n32_e64_k2_high_61,g_n32_e64_k2_high_61_p0,train,0.05,4,64,1,0.015625
g_n32_e64_k2_high_61,g_n32_e64_k2_high_61_p0,train,0.1,7,64,4,0.0625
g_n32_e64_k2_high_61,g_n32_e64_k2_high_61_p0,train,0.15,10,64,9,0.140625
g_n32_e64_k2_high_61,g_n32_e64_k2_high_61_p4,train,0.05,3,64,5,0.078125
g_n32_e64_k2_high_61,g_n32_e64_k2_high_61_p4,train,0.1,6,64,14,0.21875
g_n32_e64_k2_high_61,g_n32_e64_k2_high_61_p4,train,0.15,9,64,21,0.328125
g_n32_e64_k2_high_61,g_n32_e64_k2_high_61_p7,train,0.05,3,64,7,0.109375
g_n32_e64_k2_high_61,g_n32_e64_k2_high_61_p7,train,0.1,6,64,17,0.265625
g_n32_e64_k2_high_61,g_n32_e64_k2_high_61_p7,train,0.15,9,64,31,0.484375
g_n32_e64_k2_high_62,g_n32_e64_k2_high_62_p0,train,0.05,4,64,0,0.0
g_n32_e64_k2_high_62,g_n32_e64_k2_high_62_p0,train,0.1,7,64,1,0.015625
g_n32_e64_k2_high_62,g_n32_e64_k2_high_62_p0,train,0.15,10,64,8,0.125
g_n32_e64_k2_high_62,g_n32_e64_k2_high_62_p4,train,0.05,3,64,3,0.046875
g_n32_e64_k2_high_62,g_n32_e64_k2_high_62_p4,train,0.1,6,64,5,0.078125
g_n32_e64_k2_high_62,g_n32_e64_k2_high_62_p4,train,0.15,9,64,19,0.296875
g_n32_e64_k2_high_62,g_n32_e64_k2_high_62_p7,train,0.05,3,64,2,0.03125
g_n32_e64_k2_high_62,g_n32_e64_k2_high_62_p7,train,0.1,6,64,8,0.125
g_n32_e64_k2_high_62,g_n32_e64_k2_high_62_p7,train,0.15,9,64,17,0.265625
g_n32_e64_k2_high_63,g_n32_e64_k2_high_63_p0,train,0.05,4,64,0,0.0
g_n32_e64_k2_high_63,g_n32_e64_k2_high_63_p0,train,0.1,7,64,6,0.09375
g_n32_e64_k2_high_63,g_n32_e64_k2_high_63_p0,train,0.15,10,64,14,0.21875
g_n32_e64_k2_high_63,g_n32_e64_k2_high_63_p4,train,0.05,3,64,2,0.03125
g_n32_e64_k2_high_63,g_n32_e64_k2_high_63_p4,train,0.1,6,64,5,0.078125
g_n32_e64_k2_high_63,g_n32_e64_k2_high_63_p4,train,0.15,9,64,13,0.203125
g_n32_e64_k2_high_63,g_n32_e64_k2_high_63_p7,train,0.05,3,64,7,0.109375
g_n32_e64_k2_high_63,g_n32_e64_k2_high_63_p7,train,0.1,6,64,15,0.234375
g_n32_e64_k2_high_63,g_n32_e64_k2_high_63_p7,train,0.15,9,64,24,0.375
g_n32_e64_k2_high_64,g_n32_e64_k2_high_64_p0,train,0.05,4,64,1,0.015625
g_n32_e64_k2_high_64,g_n32_e64_k2_high_64_p0,train,0.1,7,64,3,0.046875
g_n32_e64_k2_high_64,g_n32_e64_k2_high_64_p0,train,0.15,10,64,9,0.140625
g_n32_e64_k2_high_64,g_n32_e64_k2_high_64_p4,train,0.05,3,64,0,0.0
g_n32_e64_k2_high_64,g_n32_e64_k2_high_64_p4,train,0.1,6,64,3,0.046875
g_n32_e64_k2_high_64,g_n32_e64_k2_high_64_p4,train,0.15,9,64,8,0.125
g_n32_e64_k2_high_64,g_n32_e64_k2_high_64_p7,train,0.05,3,64,10,0.15625
g_n32_e64_k2_high_64,g_n32_e64_k2_high_64_p7,train,0.1,6,64,15,0.234375
g_n32_e64_k2_high_64,g_n32_e64_k2_high_64_p7,train,0.15,9,64,28,0.4375
g_n32_e64_k2_high_65,g_n32_e64_k2_high_65_p0,train,0.05,4,64,0,0.0
g_n32_e64_k2_high_65,g_n32_e64_k2_high_65_p0,train,0.1,7,64,3,0.046875
g_n32_e64_k2_high_65,g_n32_e64_k2_high_65_p0,train,0.15,10,64,6,0.09375
g_n32_e64_k2_high_65,g_n32_e64_k2_high_65_p4,train,0.05,3,64,5,0.078125
g_n32_e64_k2_high_65,g_n32_e64_k2_high_65_p4,train,0.1,6,64,13,0.203125
g_n32_e64_k2_high_65,g_n32_e64_k2_high_65_p4,train,0.15,9,64,24,0.375
g_n32_e64_k2_high_65,g_n32_e64_k2_high_65_p7,train,0.05,3,64,8,0.125
g_n32_e64_k2_high_65,g_n32_e64_k2_high_65_p7,train,0.1,6,64,23,0.359375
g_n32_e64_k2_high_65,g_n32_e64_k2_high_65_p7,train,0.15,9,64,34,0.53125
g_n32_e64_k2_high_66,g_n32_e64_k2_high_66_p0,test,0.05,4,64,4,0.0625
g_n32_e64_k2_high_66,g_n32_e64_k2_high_66_p0,test,0.1,7,64,5,0.078125
g_n32_e64_k2_high_66,g_n32_e64_k2_high_66_p0,test,0.15,10,64,8,0.125
g_n32_e64_k2_high_66,g_n32_e64_k2_high_66_p4,test,0.05,3,64,0,0.0
g_n32_e64_k2_high_66,g_n32_e64_k2_high_66_p4,test,0.1,6,64,5,0.078125
g_n32_e64_k2_high_66,g_n32_e64_k2_high_66_p4,test,0.15,9,64,11,0.171875
g_n32_e64_k2_high_66,g_n32_e64_k2_high_66_p7,test,0.05,3,64,8,0.125
g_n32_e64_k2_high_66,g_n32_e64_k2_high_66_p7,test,0.1,6,64,14,0.21875
g_n32_e64_k2_high_66,g_n32_e64_k2_high_66_p7,test,0.15,9,64,23,0.359375
g_n32_e64_k2_high_67,g_n32_e64_k2_high_67_p0,validation,0.05,4,64,1,0.015625
g_n32_e64_k2_high_67,g_n32_e64_k2_high_67_p0,validation,0.1,7,64,1,0.015625
g_n32_e64_k2_high_67,g_n32_e64_k2_high_67_p0,validation,0.15,10,64,8,0.125
g_n32_e64_k2_high_67,g_n32_e64_k2_high_67_p4,validation,0.05,3,64,0,0.0
g_n32_e64_k2_high_67,g_n32_e64_k2_high_67_p4,validation,0.1,6,64,4,0.0625
g_n32_e64_k2_high_67,g_n32_e64_k2_high_67_p4,validation,0.15,9,64,9,0.140625
g_n32_e64_k2_high_67,g_n32_e64_k2_high_67_p7,validation,0.05,3,64,2,0.03125
g_n32_e64_k2_high_67,g_n32_e64_k2_high_67_p7,validation,0.1,6,64,10,0.15625
g_n32_e64_k2_high_67,g_n32_e64_k2_high_67_p7,validation,0.15,9,64,17,0.265625
g_n32_e64_k2_high_68,g_n32_e64_k2_high_68_p0,train,0.05,4,64,0,0.0
g_n32_e64_k2_high_68,g_n32_e64_k2_high_68_p0,train,0.1,7,64,2,0.03125
g_n32_e64_k2_high_68,g_n32_e64_k2_high_68_p0,train,0.15,10,64,6,0.09375
g_n32_e64_k2_high_68,g_n32_e64_k2_high_68_p4,train,0.05,3,64,1,0.015625
g_n32_e64_k2_high_68,g_n32_e64_k2_high_68_p4,train,0.1,6,64,3,0.046875
g_n32_e64_k2_high_68,g_n32_e64_k2_high_68_p4,train,0.15,9,64,7,0.109375
g_n32_e64_k2_high_68,g_n32_e64_k2_high_68_p7,train,0.05,3,64,6,0.09375
g_n32_e64_k2_high_68,g_n32_e64_k2_high_68_p7,train,0.1,6,64,14,0.21875
g_n32_e64_k2_high_68,g_n32_e64_k2_high_68_p7,train,0.15,9,64,26,0.40625
g_n32_e64_k2_high_69,g_n32_e64_k2_high_69_p0,test,0.05,4,64,0,0.0
g_n32_e64_k2_high_69,g_n32_e64_k2_high_69_p0,test,0.1,7,64,2,0.03125
g_n32_e64_k2_high_69,g_n32_e64_k2_high_69_p0,test,0.15,10,64,4,0.0625
g_n32_e64_k2_high_69,g_n32_e64_k2_high_69_p4,test,0.05,3,64,0,0.0
g_n32_e64_k2_high_69,g_n32_e64_k2_high_69_p4,test,0.1,6,64,4,0.0625
g_n32_e64_k2_high_69,g_n32_e64_k2_high_69_p4,test,0.15,9,64,10,0.15625
g_n32_e64_k2_high_69,g_n32_e64_k2_high_69_p7,test,0.05,3,64,7,0.109375
g_n32_e64_k2_high_69,g_n32_e64_k2_high_69_p7,test,0.1,6,64,14,0.21875
g_n32_e64_k2_high_69,g_n32_e64_k2_high_69_p7,test,0.15,9,64,25,0.390625
g_n32_e64_k2_high_70,g_n32_e64_k2_high_70_p0,train,0.05,4,64,2,0.03125
g_n32_e64_k2_high_70,g_n32_e64_k2_high_70_p0,train,0.1,7,64,6,0.09375
g_n32_e64_k2_high_70,g_n32_e64_k2_high_70_p0,train,0.15,10,64,13,0.203125
g_n32_e64_k2_high_70,g_n32_e64_k2_high_70_p4,train,0.05,3,64,0,0.0
g_n32_e64_k2_high_70,g_n32_e64_k2_high_70_p4,train,0.1,6,64,5,0.078125
g_n32_e64_k2_high_70,g_n32_e64_k2_high_70_p4,train,0.15,9,64,14,0.21875
g_n32_e64_k2_high_70,g_n32_e64_k2_high_70_p7,train,0.05,3,64,6,0.09375
g_n32_e64_k2_high_70,g_n32_e64_k2_high_70_p7,train,0.1,6,64,13,0.203125
g_n32_e64_k2_high_70,g_n32_e64_k2_high_70_p7,train,0.15,9,64,28,0.4375
g_n32_e64_k2_high_71,g_n32_e64_k2_high_71_p0,train,0.05,4,64,0,0.0
g_n32_e64_k2_high_71,g_n32_e64_k2_high_71_p0,train,0.1,7,64,1,0.015625
g_n32_e64_k2_high_71,g_n32_e64_k2_high_71_p0,train,0.15,10,64,9,0.140625
g_n32_e64_k2_high_71,g_n32_e64_k2_high_71_p4,train,0.05,3,64,7,0.109375
g_n32_e64_k2_high_71,g_n32_e64_k2_high_71_p4,train,0.1,6,64,15,0.234375
g_n32_e64_k2_high_71,g_n32_e64_k2_high_71_p4,train,0.15,9,64,22,0.34375
g_n32_e64_k2_high_71,g_n32_e64_k2_high_71_p7,train,0.05,3,64,4,0.0625
g_n32_e64_k2_high_71,g_n32_e64_k2_high_71_p7,train,0.1,6,64,8,0.125
g_n32_e64_k2_high_71,g_n32_e64_k2_high_71_p7,train,0.15,9,64,18,0.28125
g_n32_e64_k2_high_72,g_n32_e64_k2_high_72_p0,train,0.05,4,64,0,0.0
g_n32_e64_k2_high_72,g_n32_e64_k2_high_72_p0,train,0.1,7,64,1,0.015625
g_n32_e64_k2_high_72,g_n32_e64_k2_high_72_p0,train,0.15,10,64,2,0.03125
g_n32_e64_k2_high_72,g_n32_e64_k2_high_72_p4,train,0.05,3,64,1,0.015625
g_n32_e64_k2_high_72,g_n32_e64_k2_high_72_p4,train,0.1,6,64,1,0.015625
g_n32_e64_k2_high_72,g_n32_e64_k2_high_72_p4,train,0.15,9,64,6,0.09375
g_n32_e64_k2_high_72,g_n32_e64_k2_high_72_p7,train,0.05,3,64,0,0.0
g_n32_e64_k2_high_72,g_n32_e64_k2_high_72_p7,train,0.1,6,64,7,0.109375
g_n32_e64_k2_high_72,g_n32_e64_k2_high_72_p7,train,0.15,9,64,16,0.25
g_n32_e64_k2_high_73,g_n32_e64_k2_high_73_p0,test,0.05,4,64,0,0.0
g_n32_e64_k2_high_73,g_n32_e64_k2_high_73_p0,test,0.1,7,64,3,0.046875
g_n32_e64_k2_high_73,g_n32_e64_k2_high_73_p0,test,0.15,10,64,8,0.125
g_n32_e64_k2_high_73,g_n32_e64_k2_high_73_p4,test,0.05,3,64,8,0.125
g_n32_e64_k2_high_73,g_n32_e64_k2_high_73_p4,test,0.1,6,64,16,0.25
g_n32_e64_k2_high_73,g_n32_e64_k2_high_73_p4,test,0.15,9,64,23,0.359375
g_n32_e64_k2_high_73,g_n32_e64_k2_high_73_p7,test,0.05,3,64,5,0.078125
g_n32_e64_k2_high_73,g_n32_e64_k2_high_73_p7,test,0.1,6,64,13,0.203125
g_n32_e64_k2_high_73,g_n32_e64_k2_high_73_p7,test,0.15,9,64,24,0.375
g_n32_e64_k2_high_74,g_n32_e64_k2_high_74_p0,train,0.05,4,64,2,0.03125
g_n32_e64_k2_high_74,g_n32_e64_k2_high_74_p0,train,0.1,7,64,5,0.078125
g_n32_e64_k2_high_74,g_n32_e64_k2_high_74_p0,train,0.15,10,64,12,0.1875
g_n32_e64_k2_high_74,g_n32_e64_k2_high_74_p4,train,0.05,3,64,3,0.046875
g_n32_e64_k2_high_74,g_n32_e64_k2_high_74_p4,train,0.1,6,64,11,0.171875
g_n32_e64_k2_high_74,g_n32_e64_k2_high_74_p4,train,0.15,9,64,18,0.28125
g_n32_e64_k2_high_74,g_n32_e64_k2_high_74_p7,train,0.05,3,64,4,0.0625
g_n32_e64_k2_high_74,g_n32_e64_k2_high_74_p7,train,0.1,6,64,10,0.15625
g_n32_e64_k2_high_74,g_n32_e64_k2_high_74_p7,train,0.15,9,64,21,0.328125
g_n32_e64_k2_high_75,g_n32_e64_k2_high_75_p0,train,0.05,4,64,1,0.015625
g_n32_e64_k2_high_75,g_n32_e64_k2_high_75_p0,train,0.1,7,64,2,0.03125
g_n32_e64_k2_high_75,g_n32_e64_k2_high_75_p0,train,0.15,10,64,7,0.109375
g_n32_e64_k2_high_75,g_n32_e64_k2_high_75_p4,train,0.05,3,64,5,0.078125
g_n32_e64_k2_high_75,g_n32_e64_k2_high_75_p4,train,0.1,6,64,9,0.140625
g_n32_e64_k2_high_75,g_n32_e64_k2_high_75_p4,train,0.15,9,64,14,0.21875
g_n32_e64_k2_high_76,g_n32_e64_k2_high_76_p0,validation,0.05,4,64,0,0.0
g_n32_e64_k2_high_76,g_n32_e64_k2_high_76_p0,validation,0.1,7,64,3,0.046875
g_n32_e64_k2_high_76,g_n32_e64_k2_high_76_p0,validation,0.15,10,64,9,0.140625
g_n32_e64_k2_high_76,g_n32_e64_k2_high_76_p4,validation,0.05,3,64,0,0.0
g_n32_e64_k2_high_76,g_n32_e64_k2_high_76_p4,validation,0.1,6,64,3,0.046875
g_n32_e64_k2_high_76,g_n32_e64_k2_high_76_p4,validation,0.15,9,64,6,0.09375
g_n32_e64_k2_high_76,g_n32_e64_k2_high_76_p7,validation,0.05,3,64,11,0.171875
g_n32_e64_k2_high_76,g_n32_e64_k2_high_76_p7,validation,0.1,6,64,26,0.40625
g_n32_e64_k2_high_76,g_n32_e64_k2_high_76_p7,validation,0.15,9,64,31,0.484375
g_n32_e64_k2_high_77,g_n32_e64_k2_high_77_p0,train,0.05,4,64,1,0.015625
g_n32_e64_k2_high_77,g_n32_e64_k2_high_77_p0,train,0.1,7,64,4,0.0625
g_n32_e64_k2_high_77,g_n32_e64_k2_high_77_p0,train,0.15,10,64,12,0.1875
g_n32_e64_k2_high_77,g_n32_e64_k2_high_77_p4,train,0.05,3,64,3,0.046875
g_n32_e64_k2_high_77,g_n32_e64_k2_high_77_p4,train,0.1,6,64,8,0.125
g_n32_e64_k2_high_77,g_n32_e64_k2_high_77_p4,train,0.15,9,64,14,0.21875
g_n32_e64_k2_high_77,g_n32_e64_k2_high_77_p7,train,0.05,3,64,1,0.015625
g_n32_e64_k2_high_77,g_n32_e64_k2_high_77_p7,train,0.1,6,64,9,0.140625
g_n32_e64_k2_high_77,g_n32_e64_k2_high_77_p7,train,0.15,9,64,19,0.296875
g_n32_e64_k2_high_78,g_n32_e64_k2_high_78_p0,validation,0.05,4,64,1,0.015625
g_n32_e64_k2_high_78,g_n32_e64_k2_high_78_p0,validation,0.1,7,64,3,0.046875
g_n32_e64_k2_high_78,g_n32_e64_k2_high_78_p0,validation,0.15,10,64,10,0.15625
g_n32_e64_k2_high_78,g_n32_e64_k2_high_78_p4,validation,0.05,3,64,2,0.03125
g_n32_e64_k2_high_78,g_n32_e64_k2_high_78_p4,validation,0.1,6,64,6,0.09375
g_n32_e64_k2_high_78,g_n32_e64_k2_high_78_p4,validation,0.15,9,64,14,0.21875
g_n32_e64_k2_high_78,g_n32_e64_k2_high_78_p7,validation,0.05,3,64,10,0.15625
g_n32_e64_k2_high_78,g_n32_e64_k2_high_78_p7,validation,0.1,6,64,27,0.421875
g_n32_e64_k2_high_78,g_n32_e64_k2_high_78_p7,validation,0.15,9,64,42,0.65625
g_n32_e64_k2_high_79,g_n32_e64_k2_high_79_p0,train,0.05,4,64,1,0.015625
g_n32_e64_k2_high_79,g_n32_e64_k2_high_79_p0,train,0.1,7,64,3,0.046875
g_n32_e64_k2_high_79,g_n32_e64_k2_high_79_p0,train,0.15,10,64,5,0.078125
g_n32_e64_k2_high_79,g_n32_e64_k2_high_79_p4,train,0.05,3,64,4,0.0625
g_n32_e64_k2_high_79,g_n32_e64_k2_high_79_p4,train,0.1,6,64,11,0.171875
g_n32_e64_k2_high_79,g_n32_e64_k2_high_79_p4,train,0.15,9,64,22,0.34375
g_n32_e64_k2_high_79,g_n32_e64_k2_high_79_p7,train,0.05,3,64,5,0.078125
g_n32_e64_k2_high_79,g_n32_e64_k2_high_79_p7,train,0.1,6,64,11,0.171875
g_n32_e64_k2_high_79,g_n32_e64_k2_high_79_p7,train,0.15,9,64,23,0.359375
g_n32_e64_k2_high_80,g_n32_e64_k2_high_80_p0,train,0.05,4,64,1,0.015625
g_n32_e64_k2_high_80,g_n32_e64_k2_high_80_p0,train,0.1,7,64,2,0.03125
g_n32_e64_k2_high_80,g_n32_e64_k2_high_80_p0,train,0.15,10,64,6,0.09375
g_n32_e64_k2_high_80,g_n32_e64_k2_high_80_p4,train,0.05,3,64,3,0.046875
g_n32_e64_k2_high_80,g_n32_e64_k2_high_80_p4,train,0.1,6,64,8,0.125
g_n32_e64_k2_high_80,g_n32_e64_k2_high_80_p4,train,0.15,9,64,17,0.265625
g_n32_e64_k2_high_80,g_n32_e64_k2_high_80_p7,train,0.05,3,64,6,0.09375
g_n32_e64_k2_high_80,g_n32_e64_k2_high_80_p7,train,0.1,6,64,14,0.21875
g_n32_e64_k2_high_80,g_n32_e64_k2_high_80_p7,train,0.15,9,64,25,0.390625
g_n32_e64_k2_high_81,g_n32_e64_k2_high_81_p0,test,0.05,4,64,0,0.0
g_n32_e64_k2_high_81,g_n32_e64_k2_high_81_p0,test,0.1,7,64,2,0.03125
g_n32_e64_k2_high_81,g_n32_e64_k2_high_81_p0,test,0.15,10,64,5,0.078125
g_n32_e64_k2_high_81,g_n32_e64_k2_high_81_p4,test,0.05,3,64,4,0.0625
g_n32_e64_k2_high_81,g_n32_e64_k2_high_81_p4,test,0.1,6,64,9,0.140625
g_n32_e64_k2_high_81,g_n32_e64_k2_high_81_p4,test,0.15,9,64,15,0.234375
g_n32_e64_k2_high_81,g_n32_e64_k2_high_81_p7,test,0.05,3,64,2,0.03125
g_n32_e64_k2_high_81,g_n32_e64_k2_high_81_p7,test,0.1,6,64,8,0.125
g_n32_e64_k2_high_81,g_n32_e64_k2_high_81_p7,test,0.15,9,64,22,0.34375
g_n32_e64_k2_high_82,g_n32_e64_k2_high_82_p0,validation,0.05,4,64,1,0.015625
g_n32_e64_k2_high_82,g_n32_e64_k2_high_82_p0,validation,0.1,7,64,3,0.046875
g_n32_e64_k2_high_82,g_n32_e64_k2_high_82_p0,validation,0.15,10,64,6,0.09375
g_n32_e64_k2_high_82,g_n32_e64_k2_high_82_p4,validation,0.05,3,64,5,0.078125
g_n32_e64_k2_high_82,g_n32_e64_k2_high_82_p4,validation,0.1,6,64,8,0.125
g_n32_e64_k2_high_82,g_n32_e64_k2_high_82_p4,validation,0.15,9,64,23,0.359375
g_n32_e64_k2_high_82,g_n32_e64_k2_high_82_p7,validation,0.05,3,64,12,0.1875
g_n32_e64_k2_high_82,g_n32_e64_k2_high_82_p7,validation,0.1,6,64,15,0.234375
g_n32_e64_k2_high_82,g_n32_e64_k2_high_82_p7,validation,0.15,9,64,27,0.421875
g_n32_e64_k2_high_83,g_n32_e64_k2_high_83_p0,test,0.05,4,64,0,0.0
g_n32_e64_k2_high_83,g_n32_e64_k2_high_83_p0,test,0.1,7,64,2,0.03125
g_n32_e64_k2_high_83,g_n32_e64_k2_high_83_p0,test,0.15,10,64,8,0.125
g_n32_e64_k2_high_83,g_n32_e64_k2_high_83_p4,test,0.05,3,64,1,0.015625
g_n32_e64_k2_high_83,g_n32_e64_k2_high_83_p4,test,0.1,6,64,2,0.03125
g_n32_e64_k2_high_83,g_n32_e64_k2_high_83_p4,test,0.15,9,64,10,0.15625
g_n32_e64_k2_high_83,g_n32_e64_k2_high_83_p7,test,0.05,3,64,7,0.109375
g_n32_e64_k2_high_83,g_n32_e64_k2_high_83_p7,test,0.1,6,64,11,0.171875
g_n32_e64_k2_high_83,g_n32_e64_k2_high_83_p7,test,0.15,9,64,21,0.328125
g_n32_e64_k2_high_84,g_n32_e64_k2_high_84_p0,train,0.05,4,64,1,0.015625
g_n32_e64_k2_high_84,g_n32_e64_k2_high_84_p0,train,0.1,7,64,3,0.046875
g_n32_e64_k2_high_84,g_n32_e64_k2_high_84_p0,train,0.15,10,64,7,0.109375
g_n32_e64_k2_high_84,g_n32_e64_k2_high_84_p4,train,0.05,3,64,5,0.078125
g_n32_e64_k2_high_84,g_n32_e64_k2_high_84_p4,train,0.1,6,64,8,0.125
g_n32_e64_k2_high_84,g_n32_e64_k2_high_84_p4,train,0.15,9,64,15,0.234375
g_n32_e64_k2_high_84,g_n32_e64_k2_high_84_p7,train,0.05,3,64,0,0.0
g_n32_e64_k2_high_84,g_n32_e64_k2_high_84_p7,train,0.1,6,64,3,0.046875
g_n32_e64_k2_high_84,g_n32_e64_k2_high_84_p7,train,0.15,9,64,12,0.1875
g_n32_e64_k2_high_85,g_n32_e64_k2_high_85_p0,test,0.05,4,64,2,0.03125
g_n32_e64_k2_high_85,g_n32_e64_k2_high_85_p0,test,0.1,7,64,3,0.046875
g_n32_e64_k2_high_85,g_n32_e64_k2_high_85_p0,test,0.15,10,64,3,0.046875
g_n32_e64_k2_high_85,g_n32_e64_k2_high_85_p4,test,0.05,3,64,4,0.0625
g_n32_e64_k2_high_85,g_n32_e64_k2_high_85_p4,test,0.1,6,64,7,0.109375
g_n32_e64_k2_high_85,g_n32_e64_k2_high_85_p4,test,0.15,9,64,18,0.28125
g_n32_e64_k2_high_85,g_n32_e64_k2_high_85_p7,test,0.05,3,64,4,0.0625
g_n32_e64_k2_high_85,g_n32_e64_k2_high_85_p7,test,0.1,6,64,10,0.15625
g_n32_e64_k2_high_85,g_n32_e64_k2_high_85_p7,test,0.15,9,64,22,0.34375
g_n32_e64_k2_high_86,g_n32_e64_k2_high_86_p0,train,0.05,4,64,0,0.0
g_n32_e64_k2_high_86,g_n32_e64_k2_high_86_p0,train,0.1,7,64,3,0.046875
g_n32_e64_k2_high_86,g_n32_e64_k2_high_86_p0,train,0.15,10,64,15,0.234375
g_n32_e64_k2_high_86,g_n32_e64_k2_high_86_p4,train,0.05,3,64,0,0.0
g_n32_e64_k2_high_86,g_n32_e64_k2_high_86_p4,train,0.1,6,64,2,0.03125
g_n32_e64_k2_high_86,g_n32_e64_k2_high_86_p4,train,0.15,9,64,8,0.125
g_n32_e64_k2_high_86,g_n32_e64_k2_high_86_p7,train,0.05,3,64,4,0.0625
g_n32_e64_k2_high_86,g_n32_e64_k2_high_86_p7,train,0.1,6,64,8,0.125
g_n32_e64_k2_high_86,g_n32_e64_k2_high_86_p7,train,0.15,9,64,14,0.21875
g_n32_e64_k2_high_87,g_n32_e64_k2_high_87_p0,validation,0.05,4,64,0,0.0
g_n32_e64_k2_high_87,g_n32_e64_k2_high_87_p0,validation,0.1,7,64,3,0.046875
g_n32_e64_k2_high_87,g_n32_e64_k2_high_87_p0,validation,0.15,10,64,9,0.140625
g_n32_e64_k2_high_87,g_n32_e64_k2_high_87_p4,validation,0.05,3,64,5,0.078125
g_n32_e64_k2_high_87,g_n32_e64_k2_high_87_p4,validation,0.1,6,64,10,0.15625
g_n32_e64_k2_high_87,g_n32_e64_k2_high_87_p4,validation,0.15,9,64,20,0.3125
g_n32_e64_k2_high_87,g_n32_e64_k2_high_87_p7,validation,0.05,3,64,4,0.0625
g_n32_e64_k2_high_87,g_n32_e64_k2_high_87_p7,validation,0.1,6,64,9,0.140625
g_n32_e64_k2_high_87,g_n32_e64_k2_high_87_p7,validation,0.15,9,64,19,0.296875
g_n32_e64_k2_high_88,g_n32_e64_k2_high_88_p0,validation,0.05,4,64,1,0.015625
g_n32_e64_k2_high_88,g_n32_e64_k2_high_88_p0,validation,0.1,7,64,2,0.03125
g_n32_e64_k2_high_88,g_n32_e64_k2_high_88_p0,validation,0.15,10,64,6,0.09375
g_n32_e64_k2_high_88,g_n32_e64_k2_high_88_p4,validation,0.05,3,64,0,0.0
g_n32_e64_k2_high_88,g_n32_e64_k2_high_88_p4,validation,0.1,6,64,5,0.078125
g_n32_e64_k2_high_88,g_n32_e64_k2_high_88_p4,validation,0.15,9,64,9,0.140625
g_n32_e64_k2_high_88,g_n32_e64_k2_high_88_p7,validation,0.05,3,64,1,0.015625
g_n32_e64_k2_high_88,g_n32_e64_k2_high_88_p7,validation,0.1,6,64,5,0.078125
g_n32_e64_k2_high_88,g_n32_e64_k2_high_88_p7,validation,0.15,9,64,11,0.171875
g_n32_e64_k2_high_89,g_n32_e64_k2_high_89_p0,train,0.05,4,64,1,0.015625
g_n32_e64_k2_high_89,g_n32_e64_k2_high_89_p0,train,0.1,7,64,6,0.09375
g_n32_e64_k2_high_89,g_n32_e64_k2_high_89_p0,train,0.15,10,64,8,0.125
g_n32_e64_k2_high_89,g_n32_e64_k2_high_89_p4,train,0.05,3,64,0,0.0
g_n32_e64_k2_high_89,g_n32_e64_k2_high_89_p4,train,0.1,6,64,4,0.0625
g_n32_e64_k2_high_89,g_n32_e64_k2_high_89_p4,train,0.15,9,64,7,0.109375
g_n32_e64_k2_high_89,g_n32_e64_k2_high_89_p7,train,0.05,3,64,11,0.171875
g_n32_e64_k2_high_89,g_n32_e64_k2_high_89_p7,train,0.1,6,64,20,0.3125
g_n32_e64_k2_high_89,g_n32_e64_k2_high_89_p7,train,0.15,9,64,28,0.4375
g_n32_e64_k3_low_00,g_n32_e64_k3_low_00_p0,train,0.05,4,64,0,0.0
g_n32_e64_k3_low_00,g_n32_e64_k3_low_00_p0,train,0.1,7,64,3,0.046875
g_n32_e64_k3_low_00,g_n32_e64_k3_low_00_p0,train,0.15,10,64,5,0.078125
g_n32_e64_k3_low_00,g_n32_e64_k3_low_00_p4,train,0.05,3,64,0,0.0
g_n32_e64_k3_low_00,g_n32_e64_k3_low_00_p4,train,0.1,6,64,2,0.03125
g_n32_e64_k3_low_00,g_n32_e64_k3_low_00_p4,train,0.15,9,64,8,0.125
g_n32_e64_k3_low_00,g_n32_e64_k3_low_00_p7,train,0.05,3,64,1,0.015625
g_n32_e64_k3_low_00,g_n32_e64_k3_low_00_p7,train,0.1,6,64,7,0.109375
g_n32_e64_k3_low_00,g_n32_e64_k3_low_00_p7,train,0.15,9,64,16,0.25
g_n32_e64_k3_low_01,g_n32_e64_k3_low_01_p0,train,0.05,4,64,0,0.0
g_n32_e64_k3_low_01,g_n32_e64_k3_low_01_p0,train,0.1,7,64,0,0.0
g_n32_e64_k3_low_01,g_n32_e64_k3_low_01_p0,train,0.15,10,64,4,0.0625
g_n32_e64_k3_low_01,g_n32_e64_k3_low_01_p4,train,0.05,3,64,0,0.0
g_n32_e64_k3_low_01,g_n32_e64_k3_low_01_p4,train,0.1,6,64,3,0.046875
g_n32_e64_k3_low_01,g_n32_e64_k3_low_01_p4,train,0.15,9,64,7,0.109375
g_n32_e64_k3_low_01,g_n32_e64_k3_low_01_p7,train,0.05,3,64,1,0.015625
g_n32_e64_k3_low_01,g_n32_e64_k3_low_01_p7,train,0.1,6,64,6,0.09375
g_n32_e64_k3_low_01,g_n32_e64_k3_low_01_p7,train,0.15,9,64,14,0.21875
g_n32_e64_k3_low_02,g_n32_e64_k3_low_02_p0,train,0.05,4,64,0,0.0
g_n32_e64_k3_low_02,g_n32_e64_k3_low_02_p0,train,0.1,7,64,1,0.015625
g_n32_e64_k3_low_02,g_n32_e64_k3_low_02_p0,train,0.15,10,64,3,0.046875
g_n32_e64_k3_low_02,g_n32_e64_k3_low_02_p4,train,0.05,3,64,2,0.03125
g_n32_e64_k3_low_02,g_n32_e64_k3_low_02_p4,train,0.1,6,64,7,0.109375
g_n32_e64_k3_low_02,g_n32_e64_k3_low_02_p4,train,0.15,9,64,10,0.15625
g_n32_e64_k3_low_02,g_n32_e64_k3_low_02_p7,train,0.05,3,64,0,0.0
g_n32_e64_k3_low_02,g_n32_e64_k3_low_02_p7,train,0.1,6,64,3,0.046875
g_n32_e64_k3_low_02,g_n32_e64_k3_low_02_p7,train,0.15,9,64,11,0.171875
g_n32_e64_k3_low_03,g_n32_e64_k3_low_03_p0,validation,0.05,4,64,0,0.0
g_n32_e64_k3_low_03,g_n32_e64_k3_low_03_p0,validation,0.1,7,64,0,0.0
g_n32_e64_k3_low_03,g_n32_e64_k3_low_03_p0,validation,0.15,10,64,3,0.046875
g_n32_e64_k3_low_03,g_n32_e64_k3_low_03_p4,validation,0.05,3,64,0,0.0
g_n32_e64_k3_low_03,g_n32_e64_k3_low_03_p4,validation,0.1,6,64,1,0.015625
g_n32_e64_k3_low_03,g_n32_e64_k3_low_03_p4,validation,0.15,9,64,5,0.078125
g_n32_e64_k3_low_03,g_n32_e64_k3_low_03_p7,validation,0.05,3,64,1,0.015625
g_n32_e64_k3_low_03,g_n32_e64_k3_low_03_p7,validation,0.1,6,64,2,0.03125
g_n32_e64_k3_low_03,g_n32_e64_k3_low_03_p7,validation,0.15,9,64,16,0.25
g_n32_e64_k3_low_04,g_n32_e64_k3_low_04_p0,train,0.05,4,64,1,0.015625
g_n32_e64_k3_low_04,g_n32_e64_k3_low_04_p0,train,0.1,7,64,1,0.015625
g_n32_e64_k3_low_04,g_n32_e64_k3_low_04_p0,train,0.15,10,64,2,0.03125
g_n32_e64_k3_low_04,g_n32_e64_k3_low_04_p4,train,0.05,3,64,2,0.03125
g_n32_e64_k3_low_04,g_n32_e64_k3_low_04_p4,train,0.1,6,64,7,0.109375
g_n32_e64_k3_low_04,g_n32_e64_k3_low_04_p4,train,0.15,9,64,14,0.21875
g_n32_e64_k3_low_04,g_n32_e64_k3_low_04_p7,train,0.05,3,64,2,0.03125
g_n32_e64_k3_low_04,g_n32_e64_k3_low_04_p7,train,0.1,6,64,5,0.078125
g_n32_e64_k3_low_04,g_n32_e64_k3_low_04_p7,train,0.15,9,64,13,0.203125
g_n32_e64_k3_low_05,g_n32_e64_k3_low_05_p0,validation,0.05,4,64,0,0.0
g_n32_e64_k3_low_05,g_n32_e64_k3_low_05_p0,validation,0.1,7,64,2,0.03125
g_n32_e64_k3_low_05,g_n32_e64_k3_low_05_p0,validation,0.15,10,64,3,0.046875
g_n32_e64_k3_low_05,g_n32_e64_k3_low_05_p4,validation,0.05,3,64,0,0.0
g_n32_e64_k3_low_05,g_n32_e64_k3_low_05_p4,validation,0.1,6,64,5,0.078125
g_n32_e64_k3_low_05,g_n32_e64_k3_low_05_p4,validation,0.15,9,64,9,0.140625
g_n32_e64_k3_low_05,g_n32_e64_k3_low_05_p7,validation,0.05,3,64,9,0.140625
g_n32_e64_k3_low_05,g_n32_e64_k3_low_05_p7,validation,0.1,6,64,17,0.265625
g_n32_e64_k3_low_05,g_n32_e64_k3_low_05_p7,validation,0.15,9,64,25,0.390625
g_n32_e64_k3_low_06,g_n32_e64_k3_low_06_p0,train,0.05,4,64,0,0.0
g_n32_e64_k3_low_06,g_n32_e64_k3_low_06_p0,train,0.1,7,64,0,0.0
g_n32_e64_k3_low_06,g_n32_e64_k3_low_06_p0,train,0.15,10,64,1,0.015625
g_n32_e64_k3_low_06,g_n32_e64_k3_low_06_p4,train,0.05,3,64,3,0.046875
g_n32_e64_k3_low_06,g_n32_e64_k3_low_06_p4,train,0.1,6,64,11,0.171875
g_n32_e64_k3_low_06,g_n32_e64_k3_low_06_p4,train,0.15,9,64,19,0.296875
g_n32_e64_k3_low_06,g_n32_e64_k3_low_06_p7,train,0.05,3,64,0,0.0
g_n32_e64_k3_low_06,g_n32_e64_k3_low_06_p7,train,0.1,6,64,1,0.015625
g_n32_e64_k3_low_06,g_n32_e64_k3_low_06_p7,train,0.15,9,64,7,0.109375
g_n32_e64_k3_low_07,g_n32_e64_k3_low_07_p0,validation,0.05,4,64,0,0.0
g_n32_e64_k3_low_07,g_n32_e64_k3_low_07_p0,validation,0.1,7,64,0,0.0
g_n32_e64_k3_low_07,g_n32_e64_k3_low_07_p0,validation,0.15,10,64,2,0.03125
g_n32_e64_k3_low_07,g_n32_e64_k3_low_07_p4,validation,0.05,3,64,0,0.0
g_n32_e64_k3_low_07,g_n32_e64_k3_low_07_p4,validation,0.1,6,64,1,0.015625
g_n32_e64_k3_low_07,g_n32_e64_k3_low_07_p4,validation,0.15,9,64,7,0.109375
g_n32_e64_k3_low_07,g_n32_e64_k3_low_07_p7,validation,0.05,3,64,0,0.0
g_n32_e64_k3_low_07,g_n32_e64_k3_low_07_p7,validation,0.1,6,64,3,0.046875
g_n32_e64_k3_low_07,g_n32_e64_k3_low_07_p7,validation,0.15,9,64,14,0.21875
g_n32_e64_k3_low_08,g_n32_e64_k3_low_08_p0,validation,0.05,4,64,0,0.0
g_n32_e64_k3_low_08,g_n32_e64_k3_low_08_p0,validation,0.1,7,64,1,0.015625
g_n32_e64_k3_low_08,g_n32_e64_k3_low_08_p0,validation,0.15,10,64,3,0.046875
g_n32_e64_k3_low_08,g_n32_e64_k3_low_08_p4,validation,0.05,3,64,0,0.0
g_n32_e64_k3_low_08,g_n32_e64_k3_low_08_p4,validation,0.1,6,64,3,0.046875
g_n32_e64_k3_low_08,g_n32_e64_k3_low_08_p4,validation,0.15,9,64,6,0.09375
g_n32_e64_k3_low_08,g_n32_e64_k3_low_08_p7,validation,0.05,3,64,0,0.0
g_n32_e64_k3_low_08,g_n32_e64_k3_low_08_p7,validation,0.1,6,64,1,0.015625
g_n32_e64_k3_low_08,g_n32_e64_k3_low_08_p7,validation,0.15,9,64,10,0.15625
g_n32_e64_k3_low_09,g_n32_e64_k3_low_09_p0,validation,0.05,4,64,0,0.0
g_n32_e64_k3_low_09,g_n32_e64_k3_low_09_p0,validation,0.1,7,64,1,0.015625
g_n32_e64_k3_low_09,g_n32_e64_k3_low_09_p0,validation,0.15,10,64,5,0.078125
g_n32_e64_k3_low_09,g_n32_e64_k3_low_09_p4,validation,0.05,3,64,2,0.03125
g_n32_e64_k3_low_09,g_n32_e64_k3_low_09_p4,validation,0.1,6,64,4,0.0625
g_n32_e64_k3_low_09,g_n32_e64_k3_low_09_p4,validation,0.15,9,64,9,0.140625
g_n32_e64_k3_low_09,g_n32_e64_k3_low_09_p7,validation,0.05,3,64,3,0.046875
g_n32_e64_k3_low_09,g_n32_e64_k3_low_09_p7,validation,0.1,6,64,7,0.109375
g_n32_e64_k3_low_09,g_n32_e64_k3_low_09_p7,validation,0.15,9,64,14,0.21875
g_n32_e64_k3_low_10,g_n32_e64_k3_low_10_p0,train,0.05,4,64,0,0.0
g_n32_e64_k3_low_10,g_n32_e64_k3_low_10_p0,train,0.1,7,64,1,0.015625
g_n32_e64_k3_low_10,g_n32_e64_k3_low_10_p0,train,0.15,10,64,4,0.0625
g_n32_e64_k3_low_10,g_n32_e64_k3_low_10_p4,train,0.05,3,64,0,0.0
g_n32_e64_k3_low_10,g_n32_e64_k3_low_10_p4,train,0.1,6,64,2,0.03125
g_n32_e64_k3_low_10,g_n32_e64_k3_low_10_p4,train,0.15,9,64,4,0.0625
g_n32_e64_k3_low_10,g_n32_e64_k3_low_10_p7,train,0.05,3,64,7,0.109375
g_n32_e64_k3_low_10,g_n32_e64_k3_low_10_p7,train,0.1,6,64,12,0.1875
g_n32_e64_k3_low_10,g_n32_e64_k3_low_10_p7,train,0.15,9,64,15,0.234375
g_n32_e64_k3_low_11,g_n32_e64_k3_low_11_p0,validation,0.05,4,64,0,0.0
g_n32_e64_k3_low_11,g_n32_e64_k3_low_11_p0,validation,0.1,7,64,0,0.0
g_n32_e64_k3_low_11,g_n32_e64_k3_low_11_p0,validation,0.15,10,64,0,0.0
g_n32_e64_k3_low_11,g_n32_e64_k3_low_11_p4,validation,0.05,3,64,0,0.0
g_n32_e64_k3_low_11,g_n32_e64_k3_low_11_p4,validation,0.1,6,64,1,0.015625
g_n32_e64_k3_low_11,g_n32_e64_k3_low_11_p4,validation,0.15,9,64,7,0.109375
g_n32_e64_k3_low_11,g_n32_e64_k3_low_11_p7,validation,0.05,3,64,5,0.078125
g_n32_e64_k3_low_11,g_n32_e64_k3_low_11_p7,validation,0.1,6,64,14,0.21875
g_n32_e64_k3_low_11,g_n32_e64_k3_low_11_p7,validation,0.15,9,64,25,0.390625
g_n32_e64_k3_low_12,g_n32_e64_k3_low_12_p0,train,0.05,4,64,0,0.0
g_n32_e64_k3_low_12,g_n32_e64_k3_low_12_p0,train,0.1,7,64,1,0.015625
g_n32_e64_k3_low_12,g_n32_e64_k3_low_12_p0,train,0.15,10,64,1,0.015625
g_n32_e64_k3_low_12,g_n32_e64_k3_low_12_p4,train,0.05,3,64,1,0.015625
g_n32_e64_k3_low_12,g_n32_e64_k3_low_12_p4,train,0.1,6,64,2,0.03125
g_n32_e64_k3_low_12,g_n32_e64_k3_low_12_p4,train,0.15,9,64,4,0.0625
g_n32_e64_k3_low_12,g_n32_e64_k3_low_12_p7,train,0.05,3,64,0,0.0
g_n32_e64_k3_low_12,g_n32_e64_k3_low_12_p7,train,0.1,6,64,1,0.015625
g_n32_e64_k3_low_12,g_n32_e64_k3_low_12_p7,train,0.15,9,64,7,0.109375
g_n32_e64_k3_low_13,g_n32_e64_k3_low_13_p0,test,0.05,4,64,0,0.0
g_n32_e64_k3_low_13,g_n32_e64_k3_low_13_p0,test,0.1,7,64,1,0.015625
g_n32_e64_k3_low_13,g_n32_e64_k3_low_13_p0,test,0.15,10,64,3,0.046875
g_n32_e64_k3_low_13,g_n32_e64_k3_low_13_p4,test,0.05,3,64,0,0.0
g_n32_e64_k3_low_13,g_n32_e64_k3_low_13_p4,test,0.1,6,64,3,0.046875
g_n32_e64_k3_low_13,g_n32_e64_k3_low_13_p4,test,0.15,9,64,11,0.171875
g_n32_e64_k3_low_13,g_n32_e64_k3_low_13_p7,test,0.05,3,64,1,0.015625
g_n32_e64_k3_low_13,g_n32_e64_k3_low_13_p7,test,0.1,6,64,4,0.0625
g_n32_e64_k3_low_13,g_n32_e64_k3_low_13_p7,test,0.15,9,64,11,0.171875
g_n32_e64_k3_low_14,g_n32_e64_k3_low_14_p0,train,0.05,4,64,0,0.0
g_n32_e64_k3_low_14,g_n32_e64_k3_low_14_p0,train,0.1,7,64,0,0.0
g_n32_e64_k3_low_14,g_n32_e64_k3_low_14_p0,train,0.15,10,64,3,0.046875
g_n32_e64_k3_low_14,g_n32_e64_k3_low_14_p4,train,0.05,3,64,0,0.0
g_n32_e64_k3_low_14,g_n32_e64_k3_low_14_p4,train,0.1,6,64,0,0.0
g_n32_e64_k3_low_14,g_n32_e64_k3_low_14_p4,train,0.15,9,64,3,0.046875
g_n32_e64_k3_low_14,g_n32_e64_k3_low_14_p7,train,0.05,3,64,7,0.109375
g_n32_e64_k3_low_14,g_n32_e64_k3_low_14_p7,train,0.1,6,64,10,0.15625
g_n32_e64_k3_low_14,g_n32_e64_k3_low_14_p7,train,0.15,9,64,22,0.34375
g_n32_e64_k3_low_15,g_n32_e64_k3_low_15_p0,train,0.05,4,64,0,0.0
g_n32_e64_k3_low_15,g_n32_e64_k3_low_15_p0,train,0.1,7,64,1,0.015625
g_n32_e64_k3_low_15,g_n32_e64_k3_low_15_p0,train,0.15,10,64,2,0.03125
g_n32_e64_k3_low_15,g_n32_e64_k3_low_15_p4,train,0.05,3,64,4,0.0625
g_n32_e64_k3_low_15,g_n32_e64_k3_low_15_p4,train,0.1,6,64,7,0.109375
g_n32_e64_k3_low_15,g_n32_e64_k3_low_15_p4,train,0.15,9,64,16,0.25
g_n32_e64_k3_low_15,g_n32_e64_k3_low_15_p7,train,0.05,3,64,1,0.015625
g_n32_e64_k3_low_15,g_n32_e64_k3_low_15_p7,train,0.1,6,64,6,0.09375
g_n32_e64_k3_low_15,g_n32_e64_k3_low_15_p7,train,0.15,9,64,13,0.203125
g_n32_e64_k3_low_16,g_n32_e64_k3_low_16_p0,train,0.05,4,64,1,0.015625
g_n32_e64_k3_low_16,g_n32_e64_k3_low_16_p0,train,0.1,7,64,1,0.015625
g_n32_e64_k3_low_16,g_n32_e64_k3_low_16_p0,train,0.15,10,64,3,0.046875
g_n32_e64_k3_low_16,g_n32_e64_k3_low_16_p4,train,0.05,3,64,1,0.015625
g_n32_e64_k3_low_16,g_n32_e64_k3_low_16_p4,train,0.1,6,64,4,0.0625
g_n32_e64_k3_low_16,g_n32_e64_k3_low_16_p4,train,0.15,9,64,9,0.140625
g_n32_e64_k3_low_16,g_n32_e64_k3_low_16_p7,train,0.05,3,64,4,0.0625
g_n32_e64_k3_low_16,g_n32_e64_k3_low_16_p7,train,0.1,6,64,12,0.1875
g_n32_e64_k3_low_16,g_n32_e64_k3_low_16_p7,train,0.15,9,64,18,0.28125
g_n32_e64_k3_low_17,g_n32_e64_k3_low_17_p0,test,0.05,4,64,0,0.0
g_n32_e64_k3_low_17,g_n32_e64_k3_low_17_p0,test,0.1,7,64,0,0.0
g_n32_e64_k3_low_17,g_n32_e64_k3_low_17_p0,test,0.15,10,64,6,0.09375
g_n32_e64_k3_low_17,g_n32_e64_k3_low_17_p4,test,0.05,3,64,1,0.015625
g_n32_e64_k3_low_17,g_n32_e64_k3_low_17_p4,test,0.1,6,64,3,0.046875
g_n32_e64_k3_low_17,g_n32_e64_k3_low_17_p4,test,0.15,9,64,10,0.15625
g_n32_e64_k3_low_17,g_n32_e64_k3_low_17_p7,test,0.05,3,64,3,0.046875
g_n32_e64_k3_low_17,g_n32_e64_k3_low_17_p7,test,0.1,6,64,11,0.171875
g_n32_e64_k3_low_17,g_n32_e64_k3_low_17_p7,test,0.15,9,64,22,0.34375
g_n32_e64_k3_low_18,g_n32_e64_k3_low_18_p0,train,0.05,4,64,0,0.0
g_n32_e64_k3_low_18,g_n32_e64_k3_low_18_p0,train,0.1,7,64,0,0.0
g_n32_e64_k3_low_18,g_n32_e64_k3_low_18_p0,train,0.15,10,64,4,0.0625
g_n32_e64_k3_low_18,g_n32_e64_k3_low_18_p4,train,0.05,3,64,4,0.0625
g_n32_e64_k3_low_18,g_n32_e64_k3_low_18_p4,train,0.1,6,64,10,0.15625
g_n32_e64_k3_low_18,g_n32_e64_k3_low_18_p4,train,0.15,9,64,19,0.296875
g_n32_e64_k3_low_18,g_n32_e64_k3_low_18_p7,train,0.05,3,64,6,0.09375
g_n32_e64_k3_low_18,g_n32_e64_k3_low_18_p7,train,0.1,6,64,11,0.171875
g_n32_e64_k3_low_18,g_n32_e64_k3_low_18_p7,train,0.15,9,64,19,0.296875
g_n32_e64_k3_low_19,g_n32_e64_k3_low_19_p0,train,0.05,4,64,0,0.0
g_n32_e64_k3_low_19,g_n32_e64_k3_low_19_p0,train,0.1,7,64,1,0.015625
g_n32_e64_k3_low_19,g_n32_e64_k3_low_19_p0,train,0.15,10,64,3,0.046875
g_n32_e64_k3_low_19,g_n32_e64_k3_low_19_p4,train,0.05,3,64,5,0.078125
g_n32_e64_k3_low_19,g_n32_e64_k3_low_19_p4,train,0.1,6,64,7,0.109375
g_n32_e64_k3_low_19,g_n32_e64_k3_low_19_p4,train,0.15,9,64,13,0.203125
g_n32_e64_k3_low_19,g_n32_e64_k3_low_19_p7,train,0.05,3,64,4,0.0625
g_n32_e64_k3_low_19,g_n32_e64_k3_low_19_p7,train,0.1,6,64,14,0.21875
g_n32_e64_k3_low_19,g_n32_e64_k3_low_19_p7,train,0.15,9,64,20,0.3125
g_n32_e64_k3_low_20,g_n32_e64_k3_low_20_p0,train,0.05,4,64,0,0.0
g_n32_e64_k3_low_20,g_n32_e64_k3_low_20_p0,train,0.1,7,64,0,0.0
g_n32_e64_k3_low_20,g_n32_e64_k3_low_20_p0,train,0.15,10,64,1,0.015625
g_n32_e64_k3_low_20,g_n32_e64_k3_low_20_p4,train,0.05,3,64,1,0.015625
g_n32_e64_k3_low_20,g_n32_e64_k3_low_20_p4,train,0.1,6,64,4,0.0625
g_n32_e64_k3_low_20,g_n32_e64_k3_low_20_p4,train,0.15,9,64,9,0.140625
g_n32_e64_k3_low_20,g_n32_e64_k3_low_20_p7,train,0.05,3,64,0,0.0
g_n32_e64_k3_low_20,g_n32_e64_k3_low_20_p7,train,0.1,6,64,5,0.078125
g_n32_e64_k3_low_20,g_n32_e64_k3_low_20_p7,train,0.15,9,64,19,0.296875
g_n32_e64_k3_low_21,g_n32_e64_k3_low_21_p0,test,0.05,4,64,1,0.015625
g_n32_e64_k3_low_21,g_n32_e64_k3_low_21_p0,test,0.1,7,64,1,0.015625
g_n32_e64_k3_low_21,g_n32_e64_k3_low_21_p0,test,0.15,10,64,3,0.046875
g_n32_e64_k3_low_21,g_n32_e64_k3_low_21_p4,test,0.05,3,64,0,0.0
g_n32_e64_k3_low_21,g_n32_e64_k3_low_21_p4,test,0.1,6,64,1,0.015625
g_n32_e64_k3_low_21,g_n32_e64_k3_low_21_p4,test,0.15,9,64,9,0.140625
g_n32_e64_k3_low_21,g_n32_e64_k3_low_21_p7,test,0.05,3,64,3,0.046875
g_n32_e64_k3_low_21,g_n32_e64_k3_low_21_p7,test,0.1,6,64,9,0.140625
g_n32_e64_k3_low_21,g_n32_e64_k3_low_21_p7,test,0.15,9,64,20,0.3125
g_n32_e64_k3_low_22,g_n32_e64_k3_low_22_p0,train,0.05,4,64,0,0.0
g_n32_e64_k3_low_22,g_n32_e64_k3_low_22_p0,train,0.1,7,64,2,0.03125
g_n32_e64_k3_low_22,g_n32_e64_k3_low_22_p0,train,0.15,10,64,4,0.0625
g_n32_e64_k3_low_22,g_n32_e64_k3_low_22_p4,train,0.05,3,64,0,0.0
g_n32_e64_k3_low_22,g_n32_e64_k3_low_22_p4,train,0.1,6,64,2,0.03125
g_n32_e64_k3_low_22,g_n32_e64_k3_low_22_p4,train,0.15,9,64,6,0.09375
g_n32_e64_k3_low_22,g_n32_e64_k3_low_22_p7,train,0.05,3,64,3,0.046875
g_n32_e64_k3_low_22,g_n32_e64_k3_low_22_p7,train,0.1,6,64,11,0.171875
g_n32_e64_k3_low_22,g_n32_e64_k3_low_22_p7,train,0.15,9,64,17,0.265625
g_n32_e64_k3_low_23,g_n32_e64_k3_low_23_p0,train,0.05,4,64,0,0.0
g_n32_e64_k3_low_23,g_n32_e64_k3_low_23_p0,train,0.1,7,64,0,0.0
g_n32_e64_k3_low_23,g_n32_e64_k3_low_23_p0,train,0.15,10,64,0,0.0
g_n32_e64_k3_low_23,g_n32_e64_k3_low_23_p4,train,0.05,3,64,2,0.03125
g_n32_e64_k3_low_23,g_n32_e64_k3_low_23_p4,train,0.1,6,64,5,0.078125
g_n32_e64_k3_low_23,g_n32_e64_k3_low_23_p4,train,0.15,9,64,11,0.171875
g_n32_e64_k3_low_23,g_n32_e64_k3_low_23_p7,train,0.05,3,64,3,0.046875
g_n32_e64_k3_low_23,g_n32_e64_k3_low_23_p7,train,0.1,6,64,10,0.15625
g_n32_e64_k3_low_23,g_n32_e64_k3_low_23_p7,train,0.15,9,64,18,0.28125
g_n32_e64_k3_low_24,g_n32_e64_k3_low_24_p0,test,0.05,4,64,0,0.0
g_n32_e64_k3_low_24,g_n32_e64_k3_low_24_p0,test,0.1,7,64,2,0.03125
g_n32_e64_k3_low_24,g_n32_e64_k3_low_24_p0,test,0.15,10,64,3,0.046875
g_n32_e64_k3_low_24,g_n32_e64_k3_low_24_p4,test,0.05,3,64,0,0.0
g_n32_e64_k3_low_24,g_n32_e64_k3_low_24_p4,test,0.1,6,64,0,0.0
g_n32_e64_k3_low_24,g_n32_e64_k3_low_24_p4,test,0.15,9,64,5,0.078125
g_n32_e64_k3_low_24,g_n32_e64_k3_low_24_p7,test,0.05,3,64,13,0.203125
g_n32_e64_k3_low_24,g_n32_e64_k3_low_24_p7,test,0.1,6,64,22,0.34375
g_n32_e64_k3_low_24,g_n32_e64_k3_low_24_p7,test,0.15,9,64,31,0.484375
g_n32_e64_k3_low_25,g_n32_e64_k3_low_25_p0,test,0.05,4,64,1,0.015625
g_n32_e64_k3_low_25,g_n32_e64_k3_low_25_p0,test,0.1,7,64,3,0.046875
g_n32_e64_k3_low_25,g_n32_e64_k3_low_25_p0,test,0.15,10,64,5,0.078125
g_n32_e64_k3_low_25,g_n32_e64_k3_low_25_p4,test,0.05,3,64,0,0.0
g_n32_e64_k3_low_25,g_n32_e64_k3_low_25_p4,test,0.1,6,64,2,0.03125
g_n32_e64_k3_low_25,g_n32_e64_k3_low_25_p4,test,0.15,9,64,8,0.125
g_n32_e64_k3_low_25,g_n32_e64_k3_low_25_p7,test,0.05,3,64,1,0.015625
g_n32_e64_k3_low_25,g_n32_e64_k3_low_25_p7,test,0.1,6,64,5,0.078125
g_n32_e64_k3_low_25,g_n32_e64_k3_low_25_p7,test,0.15,9,64,13,0.203125
g_n32_e64_k3_low_26,g_n32_e64_k3_low_26_p0,test,0.05,4,64,0,0.0
g_n32_e64_k3_low_26,g_n32_e64_k3_low_26_p0,test,0.1,7,64,0,0.0
g_n32_e64_k3_low_26,g_n32_e64_k3_low_26_p0,test,0.15,10,64,1,0.015625
g_n32_e64_k3_low_26,g_n32_e64_k3_low_26_p4,test,0.05,3,64,2,0.03125
g_n32_e64_k3_low_26,g_n32_e64_k3_low_26_p4,test,0.1,6,64,5,0.078125
g_n32_e64_k3_low_26,g_n32_e64_k3_low_26_p4,test,0.15,9,64,10,0.15625
g_n32_e64_k3_low_26,g_n32_e64_k3_low_26_p7,test,0.05,3,64,2,0.03125
g_n32_e64_k3_low_26,g_n32_e64_k3_low_26_p7,test,0.1,6,64,8,0.125
g_n32_e64_k3_low_26,g_n32_e64_k3_low_26_p7,test,0.15,9,64,18,0.28125
g_n32_e64_k3_low_27,g_n32_e64_k3_low_27_p0,train,0.05,4,64,0,0.0
g_n32_e64_k3_low_27,g_n32_e64_k3_low_27_p0,train,0.1,7,64,3,0.046875
g_n32_e64_k3_low_27,g_n32_e64_k3_low_27_p0,train,0.15,10,64,4,0.0625
g_n32_e64_k3_low_27,g_n32_e64_k3_low_27_p4,train,0.05,3,64,2,0.03125
g_n32_e64_k3_low_27,g_n32_e64_k3_low_27_p4,train,0.1,6,64,3,0.046875
g_n32_e64_k3_low_27,g_n32_e64_k3_low_27_p4,train,0.15,9,64,4,0.0625
g_n32_e64_k3_low_27,g_n32_e64_k3_low_27_p7,train,0.05,3,64,6,0.09375
g_n32_e64_k3_low_27,g_n32_e64_k3_low_27_p7,train,0.1,6,64,15,0.234375
g_n32_e64_k3_low_27,g_n32_e64_k3_low_27_p7,train,0.15,9,64,19,0.296875
g_n32_e64_k3_low_28,g_n32_e64_k3_low_28_p0,train,0.05,4,64,0,0.0
g_n32_e64_k3_low_28,g_n32_e64_k3_low_28_p0,train,0.1,7,64,1,0.015625
g_n32_e64_k3_low_28,g_n32_e64_k3_low_28_p0,train,0.15,10,64,2,0.03125
g_n32_e64_k3_low_28,g_n32_e64_k3_low_28_p4,train,0.05,3,64,1,0.015625
g_n32_e64_k3_low_28,g_n32_e64_k3_low_28_p4,train,0.1,6,64,3,0.046875
g_n32_e64_k3_low_28,g_n32_e64_k3_low_28_p4,train,0.15,9,64,12,0.1875
g_n32_e64_k3_low_28,g_n32_e64_k3_low_28_p7,train,0.05,3,64,1,0.015625
g_n32_e64_k3_low_28,g_n32_e64_k3_low_28_p7,train,0.1,6,64,3,0.046875
g_n32_e64_k3_low_28,g_n32_e64_k3_low_28_p7,train,0.15,9,64,8,0.125
g_n32_e64_k3_low_29,g_n32_e64_k3_low_29_p0,train,0.05,4,64,0,0.0
g_n32_e64_k3_low_29,g_n32_e64_k3_low_29_p0,train,0.1,7,64,0,0.0
g_n32_e64_k3_low_29,g_n32_e64_k3_low_29_p0,train,0.15,10,64,3,0.046875
g_n32_e64_k3_low_29,g_n32_e64_k3_low_29_p4,train,0.05,3,64,1,0.015625
g_n32_e64_k3_low_29,g_n32_e64_k3_low_29_p4,train,0.1,6,64,2,0.03125
g_n32_e64_k3_low_29,g_n32_e64_k3_low_29_p4,train,0.15,9,64,7,0.109375
g_n32_e64_k3_low_29,g_n32_e64_k3_low_29_p7,train,0.05,3,64,0,0.0
g_n32_e64_k3_low_29,g_n32_e64_k3_low_29_p7,train,0.1,6,64,1,0.015625
g_n32_e64_k3_low_29,g_n32_e64_k3_low_29_p7,train,0.15,9,64,5,0.078125
g_n32_e64_k3_mid_30,g_n32_e64_k3_mid_30_p0,train,0.05,4,64,0,0.0
g_n32_e64_k3_mid_30,g_n32_e64_k3_mid_30_p0,train,0.1,7,64,0,0.0
g_n32_e64_k3_mid_30,g_n32_e64_k3_mid_30_p0,train,0.15,10,64,7,0.109375
g_n32_e64_k3_mid_30,g_n32_e64_k3_mid_30_p4,train,0.05,3,64,0,0.0
g_n32_e64_k3_mid_30,g_n32_e64_k3_mid_30_p4,train,0.1,6,64,4,0.0625
g_n32_e64_k3_mid_30,g_n32_e64_k3_mid_30_p4,train,0.15,9,64,8,0.125
g_n32_e64_k3_mid_30,g_n32_e64_k3_mid_30_p7,train,0.05,3,64,0,0.0
g_n32_e64_k3_mid_30,g_n32_e64_k3_mid_30_p7,train,0.1,6,64,2,0.03125
g_n32_e64_k3_mid_30,g_n32_e64_k3_mid_30_p7,train,0.15,9,64,13,0.203125
g_n32_e64_k3_mid_31,g_n32_e64_k3_mid_31_p0,train,0.05,4,64,0,0.0
g_n32_e64_k3_mid_31,g_n32_e64_k3_mid_31_p0,train,0.1,7,64,1,0.015625
g_n32_e64_k3_mid_31,g_n32_e64_k3_mid_31_p0,train,0.15,10,64,2,0.03125
g_n32_e64_k3_mid_31,g_n32_e64_k3_mid_31_p4,train,0.05,3,64,0,0.0
g_n32_e64_k3_mid_31,g_n32_e64_k3_mid_31_p4,train,0.1,6,64,0,0.0
g_n32_e64_k3_mid_31,g_n32_e64_k3_mid_31_p4,train,0.15,9,64,4,0.0625
g_n32_e64_k3_mid_31,g_n32_e64_k3_mid_31_p7,train,0.05,3,64,0,0.0
g_n32_e64_k3_mid_31,g_n32_e64_k3_mid_31_p7,train,0.1,6,64,2,0.03125
g_n32_e64_k3_mid_31,g_n32_e64_k3_mid_31_p7,train,0.15,9,64,10,0.15625
g_n32_e64_k3_mid_32,g_n32_e64_k3_mid_32_p0,validation,0.05,4,64,0,0.0
g_n32_e64_k3_mid_32,g_n32_e64_k3_mid_32_p0,validation,0.1,7,64,0,0.0
g_n32_e64_k3_mid_32,g_n32_e64_k3_mid_32_p0,validation,0.15,10,64,2,0.03125
g_n32_e64_k3_mid_32,g_n32_e64_k3_mid_32_p4,validation,0.05,3,64,0,0.0
g_n32_e64_k3_mid_32,g_n32_e64_k3_mid_32_p4,validation,0.1,6,64,1,0.015625
g_n32_e64_k3_mid_32,g_n32_e64_k3_mid_32_p4,validation,0.15,9,64,9,0.140625
g_n32_e64_k3_mid_32,g_n32_e64_k3_mid_32_p7,validation,0.05,3,64,0,0.0
g_n32_e64_k3_mid_32,g_n32_e64_k3_mid_32_p7,validation,0.1,6,64,3,0.046875
g_n32_e64_k3_mid_32,g_n32_e64_k3_mid_32_p7,validation,0.15,9,64,10,0.15625
g_n32_e64_k3_mid_33,g_n32_e64_k3_mid_33_p0,train,0.05,4,64,0,0.0
g_n32_e64_k3_mid_33,g_n32_e64_k3_mid_33_p0,train,0.1,7,64,1,0.015625
g_n32_e64_k3_mid_33,g_n32_e64_k3_mid_33_p0,train,0.15,10,64,5,0.078125
g_n32_e64_k3_mid_33,g_n32_e64_k3_mid_33_p4,train,0.05,3,64,0,0.0
g_n32_e64_k3_mid_33,g_n32_e64_k3_mid_33_p4,train,0.1,6,64,2,0.03125
g_n32_e64_k3_mid_33,g_n32_e64_k3_mid_33_p4,train,0.15,9,64,5,0.078125
g_n32_e64_k3_mid_33,g_n32_e64_k3_mid_33_p7,train,0.05,3,64,0,0.0
g_n32_e64_k3_mid_33,g_n32_e64_k3_mid_33_p7,train,0.1,6,64,3,0.046875
g_n32_e64_k3_mid_33,g_n32_e64_k3_mid_33_p7,train,0.15,9,64,13,0.203125
g_n32_e64_k3_mid_34,g_n32_e64_k3_mid_34_p0,validation,0.05,4,64,0,0.0
g_n32_e64_k3_mid_34,g_n32_e64_k3_mid_34_p0,validation,0.1,7,64,0,0.0
g_n32_e64_k3_mid_34,g_n32_e64_k3_mid_34_p0,validation,0.15,10,64,1,0.015625
g_n32_e64_k3_mid_34,g_n32_e64_k3_mid_34_p4,validation,0.05,3,64,0,0.0
g_n32_e64_k3_mid_34,g_n32_e64_k3_mid_34_p4,validation,0.1,6,64,0,0.0
g_n32_e64_k3_mid_34,g_n32_e64_k3_mid_34_p4,validation,0.15,9,64,3,0.046875
g_n32_e64_k3_mid_34,g_n32_e64_k3_mid_34_p7,validation,0.05,3,64,5,0.078125
g_n32_e64_k3_mid_34,g_n32_e64_k3_mid_34_p7,validation,0.1,6,64,12,0.1875
g_n32_e64_k3_mid_34,g_n32_e64_k3_mid_34_p7,validation,0.15,9,64,19,0.296875
g_n32_e64_k3_mid_35,g_n32_e64_k3_mid_35_p0,train,0.05,4,64,0,0.0
g_n32_e64_k3_mid_35,g_n32_e64_k3_mid_35_p0,train,0.1,7,64,1,0.015625
g_n32_e64_k3_mid_35,g_n32_e64_k3_mid_35_p0,train,0.15,10,64,2,0.03125
g_n32_e64_k3_mid_35,g_n32_e64_k3_mid_35_p4,train,0.05,3,64,0,0.0
g_n32_e64_k3_mid_35,g_n32_e64_k3_mid_35_p4,train,0.1,6,64,1,0.015625
g_n32_e64_k3_mid_35,g_n32_e64_k3_mid_35_p4,train,0.15,9,64,2,0.03125
g_n32_e64_k3_mid_35,g_n32_e64_k3_mid_35_p7,train,0.05,3,64,3,0.046875
g_n32_e64_k3_mid_35,g_n32_e64_k3_mid_35_p7,train,0.1,6,64,6,0.09375
g_n32_e64_k3_mid_35,g_n32_e64_k3_mid_35_p7,train,0.15,9,64,10,0.15625
g_n32_e64_k3_mid_36,g_n32_e64_k3_mid_36_p0,train,0.05,4,64,0,0.0
g_n32_e64_k3_mid_36,g_n32_e64_k3_mid_36_p0,train,0.1,7,64,0,0.0
g_n32_e64_k3_mid_36,g_n32_e64_k3_mid_36_p0,train,0.15,10,64,2,0.03125
g_n32_e64_k3_mid_36,g_n32_e64_k3_mid_36_p4,train,0.05,3,64,1,0.015625
g_n32_e64_k3_mid_36,g_n32_e64_k3_mid_36_p4,train,0.1,6,64,4,0.0625
g_n32_e64_k3_mid_36,g_n32_e64_k3_mid_36_p4,train,0.15,9,64,8,0.125
g_n32_e64_k3_mid_36,g_n32_e64_k3_mid_36_p7,train,0.05,3,64,3,0.046875
g_n32_e64_k3_mid_36,g_n32_e64_k3_mid_36_p7,train,0.1,6,64,10,0.15625
g_n32_e64_k3_mid_36,g_n32_e64_k3_mid_36_p7,train,0.15,9,64,21,0.328125
g_n32_e64_k3_mid_37,g_n32_e64_k3_mid_37_p0,train,0.05,4,64,0,0.0
g_n32_e64_k3_mid_37,g_n32_e64_k3_mid_37_p0,train,0.1,7,64,0,0.0
g_n32_e64_k3_mid_37,g_n32_e64_k3_mid_37_p0,train,0.15,10,64,1,0.015625
g_n32_e64_k3_mid_37,g_n32_e64_k3_mid_37_p4,train,0.05,3,64,5,0.078125
g_n32_e64_k3_mid_37,g_n32_e64_k3_mid_37_p4,train,0.1,6,64,10,0.15625
g_n32_e64_k3_mid_37,g_n32_e64_k3_mid_37_p4,train,0.15,9,64,14,0.21875
g_n32_e64_k3_mid_37,g_n32_e64_k3_mid_37_p7,train,0.05,3,64,0,0.0
g_n32_e64_k3_mid_37,g_n32_e64_k3_mid_37_p7,train,0.1,6,64,1,0.015625
g_n32_e64_k3_mid_37,g_n32_e64_k3_mid_37_p7,train,0.15,9,64,9,0.140625
g_n32_e64_k3_mid_38,g_n32_e64_k3_mid_38_p0,test,0.05,4,64,0,0.0
g_n32_e64_k3_mid_38,g_n32_e64_k3_mid_38_p0,test,0.1,7,64,0,0.0
g_n32_e64_k3_mid_38,g_n32_e64_k3_mid_38_p0,test,0.15,10,64,3,0.046875
g_n32_e64_k3_mid_38,g_n32_e64_k3_mid_38_p4,test,0.05,3,64,1,0.015625
g_n32_e64_k3_mid_38,g_n32_e64_k3_mid_38_p4,test,0.1,6,64,2,0.03125
g_n32_e64_k3_mid_38,g_n32_e64_k3_mid_38_p4,test,0.15,9,64,5,0.078125
g_n32_e64_k3_mid_38,g_n32_e64_k3_mid_38_p7,test,0.05,3,64,2,0.03125
g_n32_e64_k3_mid_38,g_n32_e64_k3_mid_38_p7,test,0.1,6,64,10,0.15625
g_n32_e64_k3_mid_38,g_n32_e64_k3_mid_38_p7,test,0.15,9,64,19,0.296875
g_n32_e64_k3_mid_39,g_n32_e64_k3_mid_39_p0,train,0.05,4,64,0,0.0
g_n32_e64_k3_mid_39,g_n32_e64_k3_mid_39_p0,train,0.1,7,64,0,0.0
g_n32_e64_k3_mid_39,g_n32_e64_k3_mid_39_p0,train,0.15,10,64,2,0.03125
g_n32_e64_k3_mid_39,g_n32_e64_k3_mid_39_p4,train,0.05,3,64,2,0.03125
g_n32_e64_k3_mid_39,g_n32_e64_k3_mid_39_p4,train,0.1,6,64,7,0.109375
g_n32_e64_k3_mid_39,g_n32_e64_k3_mid_39_p4,train,0.15,9,64,15,0.234375
g_n32_e64_k3_mid_39,g_n32_e64_k3_mid_39_p7,train,0.05,3,64,1,0.015625
g_n32_e64_k3_mid_39,g_n32_e64_k3_mid_39_p7,train,0.1,6,64,7,0.109375
g_n32_e64_k3_mid_39,g_n32_e64_k3_mid_39_p7,train,0.15,9,64,18,0.28125
g_n32_e64_k3_mid_40,g_n32_e64_k3_mid_40_p0,test,0.05,4,64,0,0.0
g_n32_e64_k3_mid_40,g_n32_e64_k3_mid_40_p0,test,0.1,7,64,2,0.03125
g_n32_e64_k3_mid_40,g_n32_e64_k3_mid_40_p0,test,0.15,10,64,4,0.0625
g_n32_e64_k3_mid_40,g_n32_e64_k3_mid_40_p4,test,0.05,3,64,0,0.0
g_n32_e64_k3_mid_40,g_n32_e64_k3_mid_40_p4,test,0.1,6,64,1,0.015625
g_n32_e64_k3_mid_40,g_n32_e64_k3_mid_40_p4,test,0.15,9,64,5,0.078125
g_n32_e64_k3_mid_40,g_n32_e64_k3_mid_40_p7,test,0.05,3,64,7,0.109375
g_n32_e64_k3_mid_40,g_n32_e64_k3_mid_40_p7,test,0.1,6,64,13,0.203125
g_n32_e64_k3_mid_40,g_n32_e64_k3_mid_40_p7,test,0.15,9,64,20,0.3125
g_n32_e64_k3_mid_41,g_n32_e64_k3_mid_41_p0,train,0.05,4,64,0,0.0
g_n32_e64_k3_mid_41,g_n32_e64_k3_mid_41_p0,train,0.1,7,64,1,0.015625
g_n32_e64_k3_mid_41,g_n32_e64_k3_mid_41_p0,train,0.15,10,64,2,0.03125
g_n32_e64_k3_mid_41,g_n32_e64_k3_mid_41_p4,train,0.05,3,64,0,0.0
g_n32_e64_k3_mid_41,g_n32_e64_k3_mid_41_p4,train,0.1,6,64,5,0.078125
g_n32_e64_k3_mid_41,g_n32_e64_k3_mid_41_p4,train,0.15,9,64,9,0.140625
g_n32_e64_k3_mid_41,g_n32_e64_k3_mid_41_p7,train,0.05,3,64,0,0.0
g_n32_e64_k3_mid_41,g_n32_e64_k3_mid_41_p7,train,0.1,6,64,5,0.078125
g_n32_e64_k3_mid_41,g_n32_e64_k3_mid_41_p7,train,0.15,9,64,8,0.125
g_n32_e64_k3_mid_42,g_n32_e64_k3_mid_42_p0,train,0.05,4,64,0,0.0
g_n32_e64_k3_mid_42,g_n32_e64_k3_mid_42_p0,train,0.1,7,64,0,0.0
g_n32_e64_k3_mid_42,g_n32_e64_k3_mid_42_p0,train,0.15,10,64,3,0.046875
g_n32_e64_k3_mid_42,g_n32_e64_k3_mid_42_p4,train,0.05,3,64,0,0.0
g_n32_e64_k3_mid_42,g_n32_e64_k3_mid_42_p4,train,0.1,6,64,1,0.015625
g_n32_e64_k3_mid_42,g_n32_e64_k3_mid_42_p4,train,0.15,9,64,5,0.078125
g_n32_e64_k3_mid_42,g_n32_e64_k3_mid_42_p7,train,0.05,3,64,0,0.0
g_n32_e64_k3_mid_42,g_n32_e64_k3_mid_42_p7,train,0.1,6,64,2,0.03125
g_n32_e64_k3_mid_42,g_n32_e64_k3_mid_42_p7,train,0.15,9,64,10,0.15625
g_n32_e64_k3_mid_43,g_n32_e64_k3_mid_43_p0,test,0.05,4,64,0,0.0
g_n32_e64_k3_mid_43,g_n32_e64_k3_mid_43_p0,test,0.1,7,64,2,0.03125
g_n32_e64_k3_mid_43,g_n32_e64_k3_mid_43_p0,test,0.15,10,64,5,0.078125
g_n32_e64_k3_mid_43,g_n32_e64_k3_mid_43_p4,test,0.05,3,64,0,0.0
g_n32_e64_k3_mid_43,g_n32_e64_k3_mid_43_p4,test,0.1,6,64,2,0.03125
g_n32_e64_k3_mid_43,g_n32_e64_k3_mid_43_p4,test,0.15,9,64,5,0.078125
g_n32_e64_k3_mid_43,g_n32_e64_k3_mid_43_p7,test,0.05,3,64,0,0.0
g_n32_e64_k3_mid_43,g_n32_e64_k3_mid_43_p7,test,0.1,6,64,3,0.046875
g_n32_e64_k3_mid_43,g_n32_e64_k3_mid_43_p7,test,0.15,9,64,6,0.09375
g_n32_e64_k3_mid_44,g_n32_e64_k3_mid_44_p0,train,0.05,4,64,0,0.0
g_n32_e64_k3_mid_44,g_n32_e64_k3_mid_44_p0,train,0.1,7,64,1,0.015625
g_n32_e64_k3_mid_44,g_n32_e64_k3_mid_44_p0,train,0.15,10,64,2,0.03125
g_n32_e64_k3_mid_44,g_n32_e64_k3_mid_44_p4,train,0.05,3,64,1,0.015625
g_n32_e64_k3_mid_44,g_n32_e64_k3_mid_44_p4,train,0.1,6,64,3,0.046875
g_n32_e64_k3_mid_44,g_n32_e64_k3_mid_44_p4,train,0.15,9,64,7,0.109375
g_n32_e64_k3_mid_44,g_n32_e64_k3_mid_44_p7,train,0.05,3,64,0,0.0
g_n32_e64_k3_mid_44,g_n32_e64_k3_mid_44_p7,train,0.1,6,64,4,0.0625
g_n32_e64_k3_mid_44,g_n32_e64_k3_mid_44_p7,train,0.15,9,64,7,0.109375
g_n32_e64_k3_mid_45,g_n32_e64_k3_mid_45_p0,validation,0.05,4,64,0,0.0
g_n32_e64_k3_mid_45,g_n32_e64_k3_mid_45_p0,validation,0.1,7,64,2,0.03125
g_n32_e64_k3_mid_45,g_n32_e64_k3_mid_45_p0,validation,0.15,10,64,4,0.0625
g_n32_e64_k3_mid_45,g_n32_e64_k3_mid_45_p4,validation,0.05,3,64,0,0.0
g_n32_e64_k3_mid_45,g_n32_e64_k3_mid_45_p4,validation,0.1,6,64,0,0.0
g_n32_e64_k3_mid_45,g_n32_e64_k3_mid_45_p4,validation,0.15,9,64,4,0.0625
g_n32_e64_k3_mid_46,g_n32_e64_k3_mid_46_p0,train,0.05,4,64,0,0.0
g_n32_e64_k3_mid_46,g_n32_e64_k3_mid_46_p0,train,0.1,7,64,1,0.015625
g_n32_e64_k3_mid_46,g_n32_e64_k3_mid_46_p0,train,0.15,10,64,1,0.015625
g_n32_e64_k3_mid_46,g_n32_e64_k3_mid_46_p4,train,0.05,3,64,0,0.0
g_n32_e64_k3_mid_46,g_n32_e64_k3_mid_46_p4,train,0.1,6,64,5,0.078125
g_n32_e64_k3_mid_46,g_n32_e64_k3_mid_46_p4,train,0.15,9,64,11,0.171875
g_n32_e64_k3_mid_46,g_n32_e64_k3_mid_46_p7,train,0.05,3,64,1,0.015625
g_n32_e64_k3_mid_46,g_n32_e64_k3_mid_46_p7,train,0.1,6,64,6,0.09375
g_n32_e64_k3_mid_46,g_n32_e64_k3_mid_46_p7,train,0.15,9,64,7,0.109375
g_n32_e64_k3_mid_47,g_n32_e64_k3_mid_47_p0,test,0.05,4,64,0,0.0
g_n32_e64_k3_mid_47,g_n32_e64_k3_mid_47_p0,test,0.1,7,64,1,0.015625
g_n32_e64_k3_mid_47,g_n32_e64_k3_mid_47_p0,test,0.15,10,64,2,0.03125
g_n32_e64_k3_mid_47,g_n32_e64_k3_mid_47_p4,test,0.05,3,64,0,0.0
g_n32_e64_k3_mid_47,g_n32_e64_k3_mid_47_p4,test,0.1,6,64,0,0.0
g_n32_e64_k3_mid_47,g_n32_e64_k3_mid_47_p4,test,0.15,9,64,1,0.015625
g_n32_e64_k3_mid_47,g_n32_e64_k3_mid_47_p7,test,0.05,3,64,1,0.015625
g_n32_e64_k3_mid_47,g_n32_e64_k3_mid_47_p7,test,0.1,6,64,4,0.0625
g_n32_e64_k3_mid_47,g_n32_e64_k3_mid_47_p7,test,0.15,9,64,14,0.21875
g_n32_e64_k3_mid_48,g_n32_e64_k3_mid_48_p0,train,0.05,4,64,0,0.0
g_n32_e64_k3_mid_48,g_n32_e64_k3_mid_48_p0,train,0.1,7,64,0,0.0
g_n32_e64_k3_mid_48,g_n32_e64_k3_mid_48_p0,train,0.15,10,64,0,0.0
g_n32_e64_k3_mid_48,g_n32_e64_k3_mid_48_p4,train,0.05,3,64,0,0.0
g_n32_e64_k3_mid_48,g_n32_e64_k3_mid_48_p4,train,0.1,6,64,2,0.03125
g_n32_e64_k3_mid_48,g_n32_e64_k3_mid_48_p4,train,0.15,9,64,5,0.078125
g_n32_e64_k3_mid_48,g_n32_e64_k3_mid_48_p7,train,0.05,3,64,7,0.109375
g_n32_e64_k3_mid_48,g_n32_e64_k3_mid_48_p7,train,0.1,6,64,11,0.171875
g_n32_e64_k3_mid_48,g_n32_e64_k3_mid_48_p7,train,0.15,9,64,16,0.25
g_n32_e64_k3_mid_49,g_n32_e64_k3_mid_49_p0,test,0.05,4,64,0,0.0
g_n32_e64_k3_mid_49,g_n32_e64_k3_mid_49_p0,test,0.1,7,64,1,0.015625
g_n32_e64_k3_mid_49,g_n32_e64_k3_mid_49_p0,test,0.15,10,64,1,0.015625
g_n32_e64_k3_mid_49,g_n32_e64_k3_mid_49_p4,test,0.05,3,64,0,0.0
g_n32_e64_k3_mid_49,g_n32_e64_k3_mid_49_p4,test,0.1,6,64,2,0.03125
g_n32_e64_k3_mid_49,g_n32_e64_k3_mid_49_p4,test,0.15,9,64,5,0.078125
g_n32_e64_k3_mid_49,g_n32_e64_k3_mid_49_p7,test,0.05,3,64,0,0.0
g_n32_e64_k3_mid_49,g_n32_e64_k3_mid_49_p7,test,0.1,6,64,2,0.03125
g_n32_e64_k3_mid_49,g_n32_e64_k3_mid_49_p7,test,0.15,9,64,10,0.15625
g_n32_e64_k3_mid_50,g_n32_e64_k3_mid_50_p0,validation,0.05,4,64,0,0.0
g_n32_e64_k3_mid_50,g_n32_e64_k3_mid_50_p0,validation,0.1,7,64,0,0.0
g_n32_e64_k3_mid_50,g_n32_e64_k3_mid_50_p0,validation,0.15,10,64,3,0.046875
g_n32_e64_k3_mid_50,g_n32_e64_k3_mid_50_p4,validation,0.05,3,64,6,0.09375
g_n32_e64_k3_mid_50,g_n32_e64_k3_mid_50_p4,validation,0.1,6,64,10,0.15625
g_n32_e64_k3_mid_50,g_n32_e64_k3_mid_50_p4,validation,0.15,9,64,17,0.265625
g_n32_e64_k3_mid_50,g_n32_e64_k3_mid_50_p7,validation,0.05,3,64,4,0.0625
g_n32_e64_k3_mid_50,g_n32_e64_k3_mid_50_p7,validation,0.1,6,64,9,0.140625
g_n32_e64_k3_mid_50,g_n32_e64_k3_mid_50_p7,validation,0.15,9,64,17,0.265625
g_n32_e64_k3_mid_51,g_n32_e64_k3_mid_51_p0,train,0.05,4,64,0,0.0
g_n32_e64_k3_mid_51,g_n32_e64_k3_mid_51_p0,train,0.1,7,64,0,0.0
g_n32_e64_k3_mid_51,g_n32_e64_k3_mid_51_p0,train,0.15,10,64,1,0.015625
g_n32_e64_k3_mid_51,g_n32_e64_k3_mid_51_p4,train,0.05,3,64,0,0.0
g_n32_e64_k3_mid_51,g_n32_e64_k3_mid_51_p4,train,0.1,6,64,3,0.046875
g_n32_e64_k3_mid_51,g_n32_e64_k3_mid_51_p4,train,0.15,9,64,7,0.109375
g_n32_e64_k3_mid_51,g_n32_e64_k3_mid_51_p7,train,0.05,3,64,4,0.0625
g_n32_e64_k3_mid_51,g_n32_e64_k3_mid_51_p7,train,0.1,6,64,8,0.125
g_n32_e64_k3_mid_51,g_n32_e64_k3_mid_51_p7,train,0.15,9,64,16,0.25
g_n32_e64_k3_mid_52,g_n32_e64_k3_mid_52_p0,train,0.05,4,64,0,0.0
g_n32_e64_k3_mid_52,g_n32_e64_k3_mid_52_p0,train,0.1,7,64,0,0.0
g_n32_e64_k3_mid_52,g_n32_e64_k3_mid_52_p0,train,0.15,10,64,2,0.03125
g_n32_e64_k3_mid_52,g_n32_e64_k3_mid_52_p4,train,0.05,3,64,3,0.046875
g_n32_e64_k3_mid_52,g_n32_e64_k3_mid_52_p4,train,0.1,6,64,9,0.140625
g_n32_e64_k3_mid_52,g_n32_e64_k3_mid_52_p4,train,0.15,9,64,18,0.28125
g_n32_e64_k3_mid_52,g_n32_e64_k3_mid_52_p7,train,0.05,3,64,5,0.078125
g_n32_e64_k3_mid_52,g_n32_e64_k3_mid_52_p7,train,0.1,6,64,11,0.171875
g_n32_e64_k3_mid_52,g_n32_e64_k3_mid_52_p7,train,0.15,9,64,20,0.3125
g_n32_e64_k3_mid_53,g_n32_e64_k3_mid_53_p0,train,0.05,4,64,0,0.0
g_n32_e64_k3_mid_53,g_n32_e64_k3_mid_53_p0,train,0.1,7,64,0,0.0
g_n32_e64_k3_mid_53,g_n32_e64_k3_mid_53_p0,train,0.15,10,64,3,0.046875
g_n32_e64_k3_mid_53,g_n32_e64_k3_mid_53_p4,train,0.05,3,64,0,0.0
g_n32_e64_k3_mid_53,g_n32_e64_k3_mid_53_p4,train,0.1,6,64,1,0.015625
g_n32_e64_k3_mid_53,g_n32_e64_k3_mid_53_p4,train,0.15,9,64,4,0.0625
g_n32_e64_k3_mid_53,g_n32_e64_k3_mid_53_p7,train,0.05,3,64,0,0.0
g_n32_e64_k3_mid_53,g_n32_e64_k3_mid_53_p7,train,0.1,6,64,0,0.0
g_n32_e64_k3_mid_53,g_n32_e64_k3_mid_53_p7,train,0.15,9,64,7,0.109375
g_n32_e64_k3_mid_54,g_n32_e64_k3_mid_54_p0,train,0.05,4,64,0,0.0
g_n32_e64_k3_mid_54,g_n32_e64_k3_mid_54_p0,train,0.1,7,64,3,0.046875
g_n32_e64_k3_mid_54,g_n32_e64_k3_mid_54_p0,train,0.15,10,64,5,0.078125
g_n32_e64_k3_mid_54,g_n32_e64_k3_mid_54_p4,train,0.05,3,64,1,0.015625
g_n32_e64_k3_mid_54,g_n32_e64_k3_mid_54_p4,train,0.1,6,64,8,0.125
g_n32_e64_k3_mid_54,g_n32_e64_k3_mid_54_p4,train,0.15,9,64,14,0.21875
g_n32_e64_k3_mid_54,g_n32_e64_k3_mid_54_p7,train,0.05,3,64,16,0.25
g_n32_e64_k3_mid_54,g_n32_e64_k3_mid_54_p7,train,0.1,6,64,23,0.359375
g_n32_e64_k3_mid_54,g_n32_e64_k3_mid_54_p7,train,0.15,9,64,30,0.46875
g_n32_e64_k3_mid_55,g_n32_e64_k3_mid_55_p0,train,0.05,4,64,0,0.0
g_n32_e64_k3_mid_55,g_n32_e64_k3_mid_55_p0,train,0.1,7,64,0,0.0
g_n32_e64_k3_mid_55,g_n32_e64_k3_mid_55_p0,train,0.15,10,64,2,0.03125
g_n32_e64_k3_mid_55,g_n32_e64_k3_mid_55_p4,train,0.05,3,64,2,0.03125
g_n32_e64_k3_mid_55,g_n32_e64_k3_mid_55_p4,train,0.1,6,64,9,0.140625
g_n32_e64_k3_mid_55,g_n32_e64_k3_mid_55_p4,train,0.15,9,64,14,0.21875
g_n32_e64_k3_mid_55,g_n32_e64_k3_mid_55_p7,train,0.05,3,64,3,0.046875
g_n32_e64_k3_mid_55,g_n32_e64_k3_mid_55_p7,train,0.1,6,64,4,0.0625
g_n32_e64_k3_mid_55,g_n32_e64_k3_mid_55_p7,train,0.15,9,64,12,0.1875
g_n32_e64_k3_mid_56,g_n32_e64_k3_mid_56_p0,test,0.05,4,64,0,0.0
g_n32_e64_k3_mid_56,g_n32_e64_k3_mid_56_p0,test,0.1,7,64,2,0.03125
g_n32_e64_k3_mid_56,g_n32_e64_k3_mid_56_p0,test,0.15,10,64,4,0.0625
g_n32_e64_k3_mid_56,g_n32_e64_k3_mid_56_p4,test,0.05,3,64,0,0.0
g_n32_e64_k3_mid_56,g_n32_e64_k3_mid_56_p4,test,0.1,6,64,1,0.015625
g_n32_e64_k3_mid_56,g_n32_e64_k3_mid_56_p4,test,0.15,9,64,5,0.078125
g_n32_e64_k3_mid_56,g_n32_e64_k3_mid_56_p7,test,0.05,3,64,1,0.015625
g_n32_e64_k3_mid_56,g_n32_e64_k3_mid_56_p7,test,0.1,6,64,2,0.03125
g_n32_e64_k3_mid_56,g_n32_e64_k3_mid_56_p7,test,0.15,9,64,4,0.0625
g_n32_e64_k3_mid_57,g_n32_e64_k3_mid_57_p0,validation,0.05,4,64,0,0.0
g_n32_e64_k3_mid_57,g_n32_e64_k3_mid_57_p0,validation,0.1,7,64,1,0.015625
g_n32_e64_k3_mid_57,g_n32_e64_k3_mid_57_p0,validation,0.15,10,64,6,0.09375
g_n32_e64_k3_mid_57,g_n32_e64_k3_mid_57_p4,validation,0.05,3,64,1,0.015625
g_n32_e64_k3_mid_57,g_n32_e64_k3_mid_57_p4,validation,0.1,6,64,2,0.03125
g_n32_e64_k3_mid_57,g_n32_e64_k3_mid_57_p4,validation,0.15,9,64,4,0.0625
g_n32_e64_k3_mid_57,g_n32_e64_k3_mid_57_p7,validation,0.05,3,64,6,0.09375
g_n32_e64_k3_mid_57,g_n32_e64_k3_mid_57_p7,validation,0.1,6,64,12,0.1875
g_n32_e64_k3_mid_57,g_n32_e64_k3_mid_57_p7,validation,0.15,9,64,18,0.28125
g_n32_e64_k3_mid_58,g_n32_e64_k3_mid_58_p0,validation,0.05,4,64,0,0.0
g_n32_e64_k3_mid_58,g_n32_e64_k3_mid_58_p0,validation,0.1,7,64,0,0.0
g_n32_e64_k3_mid_58,g_n32_e64_k3_mid_58_p0,validation,0.15,10,64,3,0.046875
g_n32_e64_k3_mid_58,g_n32_e64_k3_mid_58_p4,validation,0.05,3,64,4,0.0625
g_n32_e64_k3_mid_58,g_n32_e64_k3_mid_58_p4,validation,0.1,6,64,9,0.140625
g_n32_e64_k3_mid_58,g_n32_e64_k3_mid_58_p4,validation,0.15,9,64,13,0.203125
g_n32_e64_k3_mid_58,g_n32_e64_k3_mid_58_p7,validation,0.05,3,64,2,0.03125
g_n32_e64_k3_mid_58,g_n32_e64_k3_mid_58_p7,validation,0.1,6,64,6,0.09375
g_n32_e64_k3_mid_58,g_n32_e64_k3_mid_58_p7,validation,0.15,9,64,11,0.171875
g_n32_e64_k3_mid_59,g_n32_e64_k3_mid_59_p0,train,0.05,4,64,0,0.0
g_n32_e64_k3_mid_59,g_n32_e64_k3_mid_59_p0,train,0.1,7,64,1,0.015625
g_n32_e64_k3_mid_59,g_n32_e64_k3_mid_59_p0,train,0.15,10,64,4,0.0625
g_n32_e64_k3_mid_59,g_n32_e64_k3_mid_59_p4,train,0.05,3,64,1,0.015625
g_n32_e64_k3_mid_59,g_n32_e64_k3_mid_59_p4,train,0.1,6,64,7,0.109375
g_n32_e64_k3_mid_59,g_n32_e64_k3_mid_59_p4,train,0.15,9,64,13,0.203125
g_n32_e64_k3_mid_59,g_n32_e64_k3_mid_59_p7,train,0.05,3,64,0,0.0
g_n32_e64_k3_mid_59,g_n32_e64_k3_mid_59_p7,train,0.1,6,64,3,0.046875
g_n32_e64_k3_mid_59,g_n32_e64_k3_mid_59_p7,train,0.15,9,64,11,0.171875
g_n32_e64_k3_high_60,g_n32_e64_k3_high_60_p0,train,0.05,4,64,0,0.0
g_n32_e64_k3_high_60,g_n32_e64_k3_high_60_p0,train,0.1,7,64,0,0.0
g_n32_e64_k3_high_60,g_n32_e64_k3_high_60_p0,train,0.15,10,64,3,0.046875
g_n32_e64_k3_high_60,g_n32_e64_k3_high_60_p4,train,0.05,3,64,0,0.0
g_n32_e64_k3_high_60,g_n32_e64_k3_high_60_p4,train,0.1,6,64,3,0.046875
g_n32_e64_k3_high_60,g_n32_e64_k3_high_60_p4,train,0.15,9,64,8,0.125
g_n32_e64_k3_high_60,g_n32_e64_k3_high_60_p7,train,0.05,3,64,1,0.015625
g_n32_e64_k3_high_60,g_n32_e64_k3_high_60_p7,train,0.1,6,64,5,0.078125
g_n32_e64_k3_high_60,g_n32_e64_k3_high_60_p7,train,0.15,9,64,10,0.15625
g_n32_e64_k3_high_61,g_n32_e64_k3_high_61_p0,train,0.05,4,64,0,0.0
g_n32_e64_k3_high_61,g_n32_e64_k3_high_61_p0,train,0.1,7,64,0,0.0
g_n32_e64_k3_high_61,g_n32_e64_k3_high_61_p0,train,0.15,10,64,1,0.015625
g_n32_e64_k3_high_61,g_n32_e64_k3_high_61_p4,train,0.05,3,64,3,0.046875
g_n32_e64_k3_high_61,g_n32_e64_k3_high_61_p4,train,0.1,6,64,3,0.046875
g_n32_e64_k3_high_61,g_n32_e64_k3_high_61_p4,train,0.15,9,64,6,0.09375
g_n32_e64_k3_high_61,g_n32_e64_k3_high_61_p7,train,0.05,3,64,6,0.09375
g_n32_e64_k3_high_61,g_n32_e64_k3_high_61_p7,train,0.1,6,64,10,0.15625
g_n32_e64_k3_high_61,g_n32_e64_k3_high_61_p7,train,0.15,9,64,21,0.328125
g_n32_e64_k3_high_62,g_n32_e64_k3_high_62_p0,test,0.05,4,64,0,0.0
g_n32_e64_k3_high_62,g_n32_e64_k3_high_62_p0,test,0.1,7,64,0,0.0
g_n32_e64_k3_high_62,g_n32_e64_k3_high_62_p0,test,0.15,10,64,3,0.046875
g_n32_e64_k3_high_62,g_n32_e64_k3_high_62_p4,test,0.05,3,64,0,0.0
g_n32_e64_k3_high_62,g_n32_e64_k3_high_62_p4,test,0.1,6,64,1,0.015625
g_n32_e64_k3_high_62,g_n32_e64_k3_high_62_p4,test,0.15,9,64,5,0.078125
g_n32_e64_k3_high_62,g_n32_e64_k3_high_62_p7,test,0.05,3,64,9,0.140625
g_n32_e64_k3_high_62,g_n32_e64_k3_high_62_p7,test,0.1,6,64,19,0.296875
g_n32_e64_k3_high_62,g_n32_e64_k3_high_62_p7,test,0.15,9,64,31,0.484375
g_n32_e64_k3_high_63,g_n32_e64_k3_high_63_p0,test,0.05,4,64,0,0.0
g_n32_e64_k3_high_63,g_n32_e64_k3_high_63_p0,test,0.1,7,64,0,0.0
g_n32_e64_k3_high_63,g_n32_e64_k3_high_63_p0,test,0.15,10,64,2,0.03125
g_n32_e64_k3_high_63,g_n32_e64_k3_high_63_p4,test,0.05,3,64,6,0.09375
g_n32_e64_k3_high_63,g_n32_e64_k3_high_63_p4,test,0.1,6,64,16,0.25
g_n32_e64_k3_high_63,g_n32_e64_k3_high_63_p4,test,0.15,9,64,27,0.421875
g_n32_e64_k3_high_63,g_n32_e64_k3_high_63_p7,test,0.05,3,64,1,0.015625
g_n32_e64_k3_high_63,g_n32_e64_k3_high_63_p7,test,0.1,6,64,1,0.015625
g_n32_e64_k3_high_63,g_n32_e64_k3_high_63_p7,test,0.15,9,64,7,0.109375
g_n32_e64_k3_high_64,g_n32_e64_k3_high_64_p0,train,0.05,4,64,0,0.0
g_n32_e64_k3_high_64,g_n32_e64_k3_high_64_p0,train,0.1,7,64,0,0.0
g_n32_e64_k3_high_64,g_n32_e64_k3_high_64_p0,train,0.15,10,64,3,0.046875
g_n32_e64_k3_high_64,g_n32_e64_k3_high_64_p4,train,0.05,3,64,0,0.0
g_n32_e64_k3_high_64,g_n32_e64_k3_high_64_p4,train,0.1,6,64,1,0.015625
g_n32_e64_k3_high_64,g_n32_e64_k3_high_64_p4,train,0.15,9,64,5,0.078125
g_n32_e64_k3_high_64,g_n32_e64_k3_high_64_p7,train,0.05,3,64,4,0.0625
g_n32_e64_k3_high_64,g_n32_e64_k3_high_64_p7,train,0.1,6,64,11,0.171875
g_n32_e64_k3_high_64,g_n32_e64_k3_high_64_p7,train,0.15,9,64,24,0.375
g_n32_e64_k3_high_65,g_n32_e64_k3_high_65_p0,validation,0.05,4,64,1,0.015625
g_n32_e64_k3_high_65,g_n32_e64_k3_high_65_p0,validation,0.1,7,64,1,0.015625
g_n32_e64_k3_high_65,g_n32_e64_k3_high_65_p0,validation,0.15,10,64,2,0.03125
g_n32_e64_k3_high_65,g_n32_e64_k3_high_65_p4,validation,0.05,3,64,0,0.0
g_n32_e64_k3_high_65,g_n32_e64_k3_high_65_p4,validation,0.1,6,64,2,0.03125
g_n32_e64_k3_high_65,g_n32_e64_k3_high_65_p4,validation,0.15,9,64,6,0.09375
g_n32_e64_k3_high_65,g_n32_e64_k3_high_65_p7,validation,0.05,3,64,0,0.0
g_n32_e64_k3_high_65,g_n32_e64_k3_high_65_p7,validation,0.1,6,64,1,0.015625
g_n32_e64_k3_high_65,g_n32_e64_k3_high_65_p7,validation,0.15,9,64,5,0.078125
g_n32_e64_k3_high_66,g_n32_e64_k3_high_66_p0,test,0.05,4,64,0,0.0
g_n32_e64_k3_high_66,g_n32_e64_k3_high_66_p0,test,0.1,7,64,1,0.015625
g_n32_e64_k3_high_66,g_n32_e64_k3_high_66_p0,test,0.15,10,64,4,0.0625
g_n32_e64_k3_high_66,g_n32_e64_k3_high_66_p4,test,0.05,3,64,0,0.0
g_n32_e64_k3_high_66,g_n32_e64_k3_high_66_p4,test,0.1,6,64,1,0.015625
g_n32_e64_k3_high_66,g_n32_e64_k3_high_66_p4,test,0.15,9,64,2,0.03125
g_n32_e64_k3_high_66,g_n32_e64_k3_high_66_p7,test,0.05,3,64,2,0.03125
g_n32_e64_k3_high_66,g_n32_e64_k3_high_66_p7,test,0.1,6,64,3,0.046875
g_n32_e64_k3_high_66,g_n32_e64_k3_high_66_p7,test,0.15,9,64,6,0.09375
g_n32_e64_k3_high_67,g_n32_e64_k3_high_67_p0,test,0.05,4,64,0,0.0
g_n32_e64_k3_high_67,g_n32_e64_k3_high_67_p0,test,0.1,7,64,0,0.0
g_n32_e64_k3_high_67,g_n32_e64_k3_high_67_p0,test,0.15,10,64,3,0.046875
g_n32_e64_k3_high_67,g_n32_e64_k3_high_67_p4,test,0.05,3,64,1,0.015625
g_n32_e64_k3_high_67,g_n32_e64_k3_high_67_p4,test,0.1,6,64,1,0.015625
g_n32_e64_k3_high_67,g_n32_e64_k3_high_67_p4,test,0.15,9,64,3,0.046875
g_n32_e64_k3_high_67,g_n32_e64_k3_high_67_p7,test,0.05,3,64,3,0.046875
g_n32_e64_k3_high_67,g_n32_e64_k3_high_67_p7,test,0.1,6,64,5,0.078125
g_n32_e64_k3_high_67,g_n32_e64_k3_high_67_p7,test,0.15,9,64,18,0.28125
g_n32_e64_k3_high_68,g_n32_e64_k3_high_68_p0,train,0.05,4,64,0,0.0
g_n32_e64_k3_high_68,g_n32_e64_k3_high_68_p0,train,0.1,7,64,0,0.0
g_n32_e64_k3_high_68,g_n32_e64_k3_high_68_p0,train,0.15,10,64,2,0.03125
g_n32_e64_k3_high_68,g_n32_e64_k3_high_68_p4,train,0.05,3,64,0,0.0
g_n32_e64_k3_high_68,g_n32_e64_k3_high_68_p4,train,0.1,6,64,1,0.015625
g_n32_e64_k3_high_68,g_n32_e64_k3_high_68_p4,train,0.15,9,64,5,0.078125
g_n32_e64_k3_high_68,g_n32_e64_k3_high_68_p7,train,0.05,3,64,7,0.109375
g_n32_e64_k3_high_68,g_n32_e64_k3_high_68_p7,train,0.1,6,64,16,0.25
g_n32_e64_k3_high_68,g_n32_e64_k3_high_68_p7,train,0.15,9,64,23,0.359375
g_n32_e64_k3_high_69,g_n32_e64_k3_high_69_p0,train,0.05,4,64,0,0.0
g_n32_e64_k3_high_69,g_n32_e64_k3_high_69_p0,train,0.1,7,64,0,0.0
g_n32_e64_k3_high_69,g_n32_e64_k3_high_69_p0,train,0.15,10,64,0,0.0
g_n32_e64_k3_high_69,g_n32_e64_k3_high_69_p4,train,0.05,3,64,0,0.0
g_n32_e64_k3_high_69,g_n32_e64_k3_high_69_p4,train,0.1,6,64,1,0.015625
g_n32_e64_k3_high_69,g_n32_e64_k3_high_69_p4,train,0.15,9,64,5,0.078125
g_n32_e64_k3_high_69,g_n32_e64_k3_high_69_p7,train,0.05,3,64,0,0.0
g_n32_e64_k3_high_69,g_n32_e64_k3_high_69_p7,train,0.1,6,64,4,0.0625
g_n32_e64_k3_high_69,g_n32_e64_k3_high_69_p7,train,0.15,9,64,11,0.171875
g_n32_e64_k3_high_70,g_n32_e64_k3_high_70_p0,validation,0.05,4,64,2,0.03125
g_n32_e64_k3_high_70,g_n32_e64_k3_high_70_p0,validation,0.1,7,64,4,0.0625
g_n32_e64_k3_high_70,g_n32_e64_k3_high_70_p0,validation,0.15,10,64,7,0.109375
g_n32_e64_k3_high_70,g_n32_e64_k3_high_70_p4,validation,0.05,3,64,0,0.0
g_n32_e64_k3_high_70,g_n32_e64_k3_high_70_p4,validation,0.1,6,64,0,0.0
g_n32_e64_k3_high_70,g_n32_e64_k3_high_70_p4,validation,0.15,9,64,2,0.03125
g_n32_e64_k3_high_70,g_n32_e64_k3_high_70_p7,validation,0.05,3,64,3,0.046875
g_n32_e64_k3_high_70,g_n32_e64_k3_high_70_p7,validation,0.1,6,64,7,0.109375
g_n32_e64_k3_high_70,g_n32_e64_k3_high_70_p7,validation,0.15,9,64,14,0.21875
g_n32_e64_k3_high_71,g_n32_e64_k3_high_71_p0,train,0.05,4,64,0,0.0
g_n32_e64_k3_high_71,g_n32_e64_k3_high_71_p0,train,0.1,7,64,0,0.0
g_n32_e64_k3_high_71,g_n32_e64_k3_high_71_p0,train,0.15,10,64,1,0.015625
g_n32_e64_k3_high_71,g_n32_e64_k3_high_71_p4,train,0.05,3,64,7,0.109375
g_n32_e64_k3_high_71,g_n32_e64_k3_high_71_p4,train,0.1,6,64,11,0.171875
g_n32_e64_k3_high_71,g_n32_e64_k3_high_71_p4,train,0.15,9,64,17,0.265625
g_n32_e64_k3_high_71,g_n32_e64_k3_high_71_p7,train,0.05,3,64,0,0.0
g_n32_e64_k3_high_71,g_n32_e64_k3_high_71_p7,train,0.1,6,64,2,0.03125
g_n32_e64_k3_high_71,g_n32_e64_k3_high_71_p7,train,0.15,9,64,10,0.15625
g_n32_e64_k3_high_72,g_n32_e64_k3_high_72_p0,train,0.05,4,64,0,0.0
g_n32_e64_k3_high_72,g_n32_e64_k3_high_72_p0,train,0.1,7,64,0,0.0
g_n32_e64_k3_high_72,g_n32_e64_k3_high_72_p0,train,0.15,10,64,1,0.015625
g_n32_e64_k3_high_72,g_n32_e64_k3_high_72_p4,train,0.05,3,64,3,0.046875
g_n32_e64_k3_high_72,g_n32_e64_k3_high_72_p4,train,0.1,6,64,7,0.109375
g_n32_e64_k3_high_72,g_n32_e64_k3_high_72_p4,train,0.15,9,64,11,0.171875
g_n32_e64_k3_high_72,g_n32_e64_k3_high_72_p7,train,0.05,3,64,0,0.0
g_n32_e64_k3_high_72,g_n32_e64_k3_high_72_p7,train,0.1,6,64,2,0.03125
g_n32_e64_k3_high_72,g_n32_e64_k3_high_72_p7,train,0.15,9,64,6,0.09375
g_n32_e64_k3_high_73,g_n32_e64_k3_high_73_p0,train,0.05,4,64,0,0.0
g_n32_e64_k3_high_73,g_n32_e64_k3_high_73_p0,train,0.1,7,64,0,0.0
g_n32_e64_k3_high_73,g_n32_e64_k3_high_73_p0,train,0.15,10,64,2,0.03125
g_n32_e64_k3_high_73,g_n32_e64_k3_high_73_p4,train,0.05,3,64,0,0.0
g_n32_e64_k3_high_73,g_n32_e64_k3_high_73_p4,train,0.1,6,64,2,0.03125
g_n32_e64_k3_high_73,g_n32_e64_k3_high_73_p4,train,0.15,9,64,6,0.09375
g_n32_e64_k3_high_73,g_n32_e64_k3_high_73_p7,train,0.05,3,64,0,0.0
g_n32_e64_k3_high_73,g_n32_e64_k3_high_73_p7,train,0.1,6,64,4,0.0625
g_n32_e64_k3_high_73,g_n32_e64_k3_high_73_p7,train,0.15,9,64,10,0.15625
g_n32_e64_k3_high_74,g_n32_e64_k3_high_74_p0,validation,0.05,4,64,0,0.0
g_n32_e64_k3_high_74,g_n32_e64_k3_high_74_p0,validation,0.1,7,64,1,0.015625
g_n32_e64_k3_high_74,g_n32_e64_k3_high_74_p0,validation,0.15,10,64,2,0.03125
g_n32_e64_k3_high_74,g_n32_e64_k3_high_74_p4,validation,0.05,3,64,2,0.03125
g_n32_e64_k3_high_74,g_n32_e64_k3_high_74_p4,validation,0.1,6,64,4,0.0625
g_n32_e64_k3_high_74,g_n32_e64_k3_high_74_p4,validation,0.15,9,64,8,0.125
g_n32_e64_k3_high_74,g_n32_e64_k3_high_74_p7,validation,0.05,3,64,0,0.0
g_n32_e64_k3_high_74,g_n32_e64_k3_high_74_p7,validation,0.1,6,64,3,0.046875
g_n32_e64_k3_high_74,g_n32_e64_k3_high_74_p7,validation,0.15,9,64,9,0.140625
g_n32_e64_k3_high_75,g_n32_e64_k3_high_75_p0,train,0.05,4,64,0,0.0
g_n32_e64_k3_high_75,g_n32_e64_k3_high_75_p0,train,0.1,7,64,0,0.0
g_n32_e64_k3_high_75,g_n32_e64_k3_high_75_p0,train,0.15,10,64,1,0.015625
g_n32_e64_k3_high_75,g_n32_e64_k3_high_75_p4,train,0.05,3,64,2,0.03125
g_n32_e64_k3_high_75,g_n32_e64_k3_high_75_p4,train,0.1,6,64,6,0.09375
g_n32_e64_k3_high_75,g_n32_e64_k3_high_75_p4,train,0.15,9,64,10,0.15625
g_n32_e64_k3_high_75,g_n32_e64_k3_high_75_p7,train,0.05,3,64,1,0.015625
g_n32_e64_k3_high_75,g_n32_e64_k3_high_75_p7,train,0.1,6,64,1,0.015625
g_n32_e64_k3_high_75,g_n32_e64_k3_high_75_p7,train,0.15,9,64,7,0.109375
g_n32_e64_k3_high_76,g_n32_e64_k3_high_76_p0,train,0.05,4,64,0,0.0
g_n32_e64_k3_high_76,g_n32_e64_k3_high_76_p0,train,0.1,7,64,0,0.0
g_n32_e64_k3_high_76,g_n32_e64_k3_high_76_p0,train,0.15,10,64,0,0.0
g_n32_e64_k3_high_76,g_n32_e64_k3_high_76_p4,train,0.05,3,64,0,0.0
g_n32_e64_k3_high_76,g_n32_e64_k3_high_76_p4,train,0.1,6,64,2,0.03125
g_n32_e64_k3_high_76,g_n32_e64_k3_high_76_p4,train,0.15,9,64,3,0.046875
g_n32_e64_k3_high_76,g_n32_e64_k3_high_76_p7,train,0.05,3,64,7,0.109375
g_n32_e64_k3_high_76,g_n32_e64_k3_high_76_p7,train,0.1,6,64,9,0.140625
g_n32_e64_k3_high_76,g_n32_e64_k3_high_76_p7,train,0.15,9,64,15,0.234375
g_n32_e64_k3_high_77,g_n32_e64_k3_high_77_p0,train,0.05,4,64,0,0.0
g_n32_e64_k3_high_77,g_n32_e64_k3_high_77_p0,train,0.1,7,64,1,0.015625
g_n32_e64_k3_high_77,g_n32_e64_k3_high_77_p0,train,0.15,10,64,3,0.046875
g_n32_e64_k3_high_77,g_n32_e64_k3_high_77_p4,train,0.05,3,64,0,0.0
g_n32_e64_k3_high_77,g_n32_e64_k3_high_77_p4,train,0.1,6,64,1,0.015625
g_n32_e64_k3_high_77,g_n32_e64_k3_high_77_p4,train,0.15,9,64,6,0.09375
g_n32_e64_k3_high_77,g_n32_e64_k3_high_77_p7,train,0.05,3,64,3,0.046875
g_n32_e64_k3_high_77,g_n32_e64_k3_high_77_p7,train,0.1,6,64,8,0.125
g_n32_e64_k3_high_77,g_n32_e64_k3_high_77_p7,train,0.15,9,64,15,0.234375
g_n32_e64_k3_high_78,g_n32_e64_k3_high_78_p0,train,0.05,4,64,0,0.0
g_n32_e64_k3_high_78,g_n32_e64_k3_high_78_p0,train,0.1,7,64,0,0.0
g_n32_e64_k3_high_78,g_n32_e64_k3_high_78_p0,train,0.15,10,64,1,0.015625
g_n32_e64_k3_high_78,g_n32_e64_k3_high_78_p4,train,0.05,3,64,2,0.03125
g_n32_e64_k3_high_78,g_n32_e64_k3_high_78_p4,train,0.1,6,64,4,0.0625
g_n32_e64_k3_high_78,g_n32_e64_k3_high_78_p4,train,0.15,9,64,7,0.109375
g_n32_e64_k3_high_78,g_n32_e64_k3_high_78_p7,train,0.05,3,64,2,0.03125
g_n32_e64_k3_high_78,g_n32_e64_k3_high_78_p7,train,0.1,6,64,14,0.21875
g_n32_e64_k3_high_78,g_n32_e64_k3_high_78_p7,train,0.15,9,64,22,0.34375
g_n32_e64_k3_high_79,g_n32_e64_k3_high_79_p0,train,0.05,4,64,0,0.0
g_n32_e64_k3_high_79,g_n32_e64_k3_high_79_p0,train,0.1,7,64,0,0.0
g_n32_e64_k3_high_79,g_n32_e64_k3_high_79_p0,train,0.15,10,64,2,0.03125
g_n32_e64_k3_high_79,g_n32_e64_k3_high_79_p4,train,0.05,3,64,1,0.015625
g_n32_e64_k3_high_79,g_n32_e64_k3_high_79_p4,train,0.1,6,64,3,0.046875
g_n32_e64_k3_high_79,g_n32_e64_k3_high_79_p4,train,0.15,9,64,8,0.125
g_n32_e64_k3_high_79,g_n32_e64_k3_high_79_p7,train,0.05,3,64,4,0.0625
g_n32_e64_k3_high_79,g_n32_e64_k3_high_79_p7,train,0.1,6,64,10,0.15625
g_n32_e64_k3_high_79,g_n32_e64_k3_high_79_p7,train,0.15,9,64,22,0.34375
g_n32_e64_k3_high_80,g_n32_e64_k3_high_80_p0,test,0.05,4,64,1,0.015625
g_n32_e64_k3_high_80,g_n32_e64_k3_high_80_p0,test,0.1,7,64,3,0.046875
g_n32_e64_k3_high_80,g_n32_e64_k3_high_80_p0,test,0.15,10,64,6,0.09375
g_n32_e64_k3_high_80,g_n32_e64_k3_high_80_p4,test,0.05,3,64,0,0.0
g_n32_e64_k3_high_80,g_n32_e64_k3_high_80_p4,test,0.1,6,64,1,0.015625
g_n32_e64_k3_high_80,g_n32_e64_k3_high_80_p4,test,0.15,9,64,4,0.0625
g_n32_e64_k3_high_80,g_n32_e64_k3_high_80_p7,test,0.05,3,64,1,0.015625
g_n32_e64_k3_high_80,g_n32_e64_k3_high_80_p7,test,0.1,6,64,3,0.046875
g_n32_e64_k3_high_80,g_n32_e64_k3_high_80_p7,test,0.15,9,64,6,0.09375
g_n32_e64_k3_high_81,g_n32_e64_k3_high_81_p0,train,0.05,4,64,0,0.0
g_n32_e64_k3_high_81,g_n32_e64_k3_high_81_p0,train,0.1,7,64,0,0.0
g_n32_e64_k3_high_81,g_n32_e64_k3_high_81_p0,train,0.15,10,64,2,0.03125
g_n32_e64_k3_high_81,g_n32_e64_k3_high_81_p4,train,0.05,3,64,0,0.0
g_n32_e64_k3_high_81,g_n32_e64_k3_high_81_p4,train,0.1,6,64,0,0.0
g_n32_e64_k3_high_81,g_n32_e64_k3_high_81_p4,train,0.15,9,64,3,0.046875
g_n32_e64_k3_high_81,g_n32_e64_k3_high_81_p7,train,0.05,3,64,3,0.046875
g_n32_e64_k3_high_81,g_n32_e64_k3_high_81_p7,train,0.1,6,64,5,0.078125
g_n32_e64_k3_high_81,g_n32_e64_k3_high_81_p7,train,0.15,9,64,10,0.15625
g_n32_e64_k3_high_82,g_n32_e64_k3_high_82_p0,train,0.05,4,64,0,0.0
g_n32_e64_k3_high_82,g_n32_e64_k3_high_82_p0,train,0.1,7,64,1,0.015625
g_n32_e64_k3_high_82,g_n32_e64_k3_high_82_p0,train,0.15,10,64,3,0.046875
g_n32_e64_k3_high_82,g_n32_e64_k3_high_82_p4,train,0.05,3,64,1,0.015625
g_n32_e64_k3_high_82,g_n32_e64_k3_high_82_p4,train,0.1,6,64,3,0.046875
g_n32_e64_k3_high_82,g_n32_e64_k3_high_82_p4,train,0.15,9,64,5,0.078125
g_n32_e64_k3_high_82,g_n32_e64_k3_high_82_p7,train,0.05,3,64,0,0.0
g_n32_e64_k3_high_82,g_n32_e64_k3_high_82_p7,train,0.1,6,64,2,0.03125
g_n32_e64_k3_high_82,g_n32_e64_k3_high_82_p7,train,0.15,9,64,9,0.140625
g_n32_e64_k3_high_83,g_n32_e64_k3_high_83_p0,validation,0.05,4,64,0,0.0
g_n32_e64_k3_high_83,g_n32_e64_k3_high_83_p0,validation,0.1,7,64,2,0.03125
g_n32_e64_k3_high_83,g_n32_e64_k3_high_83_p0,validation,0.15,10,64,5,0.078125
g_n32_e64_k3_high_83,g_n32_e64_k3_high_83_p4,validation,0.05,3,64,0,0.0
g_n32_e64_k3_high_83,g_n32_e64_k3_high_83_p4,validation,0.1,6,64,0,0.0
g_n32_e64_k3_high_83,g_n32_e64_k3_high_83_p4,validation,0.15,9,64,9,0.140625
g_n32_e64_k3_high_83,g_n32_e64_k3_high_83_p7,validation,0.05,3,64,1,0.015625
g_n32_e64_k3_high_83,g_n32_e64_k3_high_83_p7,validation,0.1,6,64,3,0.046875
g_n32_e64_k3_high_83,g_n32_e64_k3_high_83_p7,validation,0.15,9,64,13,0.203125
g_n32_e64_k3_high_84,g_n32_e64_k3_high_84_p0,validation,0.05,4,64,0,0.0
g_n32_e64_k3_high_84,g_n32_e64_k3_high_84_p0,validation,0.1,7,64,0,0.0
g_n32_e64_k3_high_84,g_n32_e64_k3_high_84_p0,validation,0.15,10,64,1,0.015625
g_n32_e64_k3_high_84,g_n32_e64_k3_high_84_p4,validation,0.05,3,64,1,0.015625
g_n32_e64_k3_high_84,g_n32_e64_k3_high_84_p4,validation,0.1,6,64,3,0.046875
g_n32_e64_k3_high_84,g_n32_e64_k3_high_84_p4,validation,0.15,9,64,7,0.109375
g_n32_e64_k3_high_84,g_n32_e64_k3_high_84_p7,validation,0.05,3,64,0,0.0
g_n32_e64_k3_high_84,g_n32_e64_k3_high_84_p7,validation,0.1,6,64,1,0.015625
g_n32_e64_k3_high_84,g_n32_e64_k3_high_84_p7,validation,0.15,9,64,5,0.078125
g_n32_e64_k3_high_85,g_n32_e64_k3_high_85_p0,validation,0.05,4,64,0,0.0
g_n32_e64_k3_high_85,g_n32_e64_k3_high_85_p0,validation,0.1,7,64,0,0.0
g_n32_e64_k3_high_85,g_n32_e64_k3_high_85_p0,validation,0.15,10,64,2,0.03125
g_n32_e64_k3_high_85,g_n32_e64_k3_high_85_p4,validation,0.05,3,64,4,0.0625
g_n32_e64_k3_high_85,g_n32_e64_k3_high_85_p4,validation,0.1,6,64,9,0.140625
g_n32_e64_k3_high_85,g_n32_e64_k3_high_85_p4,validation,0.15,9,64,16,0.25
g_n32_e64_k3_high_85,g_n32_e64_k3_high_85_p7,validation,0.05,3,64,5,0.078125
g_n32_e64_k3_high_85,g_n32_e64_k3_high_85_p7,validation,0.1,6,64,14,0.21875
g_n32_e64_k3_high_85,g_n32_e64_k3_high_85_p7,validation,0.15,9,64,21,0.328125
g_n32_e64_k3_high_86,g_n32_e64_k3_high_86_p0,train,0.05,4,64,0,0.0
g_n32_e64_k3_high_86,g_n32_e64_k3_high_86_p0,train,0.1,7,64,0,0.0
g_n32_e64_k3_high_86,g_n32_e64_k3_high_86_p0,train,0.15,10,64,1,0.015625
g_n32_e64_k3_high_86,g_n32_e64_k3_high_86_p4,train,0.05,3,64,1,0.015625
g_n32_e64_k3_high_86,g_n32_e64_k3_high_86_p4,train,0.1,6,64,1,0.015625
g_n32_e64_k3_high_86,g_n32_e64_k3_high_86_p4,train,0.15,9,64,3,0.046875
g_n32_e64_k3_high_86,g_n32_e64_k3_high_86_p7,train,0.05,3,64,0,0.0
g_n32_e64_k3_high_86,g_n32_e64_k3_high_86_p7,train,0.1,6,64,2,0.03125
g_n32_e64_k3_high_86,g_n32_e64_k3_high_86_p7,train,0.15,9,64,4,0.0625
g_n32_e64_k3_high_87,g_n32_e64_k3_high_87_p0,train,0.05,4,64,0,0.0
g_n32_e64_k3_high_87,g_n32_e64_k3_high_87_p0,train,0.1,7,64,0,0.0
g_n32_e64_k3_high_87,g_n32_e64_k3_high_87_p0,train,0.15,10,64,2,0.03125
g_n32_e64_k3_high_87,g_n32_e64_k3_high_87_p4,train,0.05,3,64,0,0.0
g_n32_e64_k3_high_87,g_n32_e64_k3_high_87_p4,train,0.1,6,64,2,0.03125
g_n32_e64_k3_high_87,g_n32_e64_k3_high_87_p4,train,0.15,9,64,6,0.09375
g_n32_e64_k3_high_87,g_n32_e64_k3_high_87_p7,train,0.05,3,64,1,0.015625
g_n32_e64_k3_high_87,g_n32_e64_k3_high_87_p7,train,0.1,6,64,7,0.109375
g_n32_e64_k3_high_87,g_n32_e64_k3_high_87_p7,train,0.15,9,64,17,0.265625
g_n32_e64_k3_high_88,g_n32_e64_k3_high_88_p0,test,0.05,4,64,0,0.0
g_n32_e64_k3_high_88,g_n32_e64_k3_high_88_p0,test,0.1,7,64,0,0.0
g_n32_e64_k3_high_88,g_n32_e64_k3_high_88_p0,test,0.15,10,64,2,0.03125
g_n32_e64_k3_high_88,g_n32_e64_k3_high_88_p4,test,0.05,3,64,4,0.0625
g_n32_e64_k3_high_88,g_n32_e64_k3_high_88_p4,test,0.1,6,64,6,0.09375
g_n32_e64_k3_high_88,g_n32_e64_k3_high_88_p4,test,0.15,9,64,11,0.171875
g_n32_e64_k3_high_88,g_n32_e64_k3_high_88_p7,test,0.05,3,64,1,0.015625
g_n32_e64_k3_high_88,g_n32_e64_k3_high_88_p7,test,0.1,6,64,7,0.109375
g_n32_e64_k3_high_88,g_n32_e64_k3_high_88_p7,test,0.15,9,64,10,0.15625
g_n32_e64_k3_high_89,g_n32_e64_k3_high_89_p0,train,0.05,4,64,0,0.0
g_n32_e64_k3_high_89,g_n32_e64_k3_high_89_p0,train,0.1,7,64,2,0.03125
g_n32_e64_k3_high_89,g_n32_e64_k3_high_89_p0,train,0.15,10,64,5,0.078125
g_n32_e64_k3_high_89,g_n32_e64_k3_high_89_p4,train,0.05,3,64,1,0.015625
g_n32_e64_k3_high_89,g_n32_e64_k3_high_89_p4,train,0.1,6,64,5,0.078125
g_n32_e64_k3_high_89,g_n32_e64_k3_high_89_p4,train,0.15,9,64,10,0.15625
g_n32_e64_k3_high_89,g_n32_e64_k3_high_89_p7,train,0.05,3,64,1,0.015625
g_n32_e64_k3_high_89,g_n32_e64_k3_high_89_p7,train,0.1,6,64,1,0.015625
g_n32_e64_k3_high_89,g_n32_e64_k3_high_89_p7,train,0.15,9,64,10,0.15625
g_n32_e96_k2_low_00,g_n32_e96_k2_low_00_p0,train,0.05,5,64,1,0.015625
g_n32_e96_k2_low_00,g_n32_e96_k2_low_00_p0,train,0.1,10,64,2,0.03125
g_n32_e96_k2_low_00,g_n32_e96_k2_low_00_p0,train,0.15,15,64,6,0.09375
g_n32_e96_k2_low_00,g_n32_e96_k2_low_00_p5,train,0.05,5,64,1,0.015625
g_n32_e96_k2_low_00,g_n32_e96_k2_low_00_p5,train,0.1,10,64,4,0.0625
g_n32_e96_k2_low_00,g_n32_e96_k2_low_00_p5,train,0.15,14,64,5,0.078125
g_n32_e96_k2_low_00,g_n32_e96_k2_low_00_p10,train,0.05,5,64,2,0.03125
g_n32_e96_k2_low_00,g_n32_e96_k2_low_00_p10,train,0.1,9,64,3,0.046875
g_n32_e96_k2_low_00,g_n32_e96_k2_low_00_p10,train,0.15,13,64,9,0.140625
g_n32_e96_k2_low_01,g_n32_e96_k2_low_01_p0,train,0.05,5,64,0,0.0
g_n32_e96_k2_low_01,g_n32_e96_k2_low_01_p0,train,0.1,10,64,3,0.046875
g_n32_e96_k2_low_01,g_n32_e96_k2_low_01_p0,train,0.15,15,64,8,0.125
g_n32_e96_k2_low_01,g_n32_e96_k2_low_01_p5,train,0.05,5,64,1,0.015625
g_n32_e96_k2_low_01,g_n32_e96_k2_low_01_p5,train,0.1,10,64,3,0.046875
g_n32_e96_k2_low_01,g_n32_e96_k2_low_01_p5,train,0.15,14,64,7,0.109375
g_n32_e96_k2_low_01,g_n32_e96_k2_low_01_p10,train,0.05,5,64,2,0.03125
g_n32_e96_k2_low_01,g_n32_e96_k2_low_01_p10,train,0.1,9,64,8,0.125
g_n32_e96_k2_low_01,g_n32_e96_k2_low_01_p10,train,0.15,13,64,11,0.171875
g_n32_e96_k2_low_02,g_n32_e96_k2_low_02_p0,test,0.05,5,64,0,0.0
g_n32_e96_k2_low_02,g_n32_e96_k2_low_02_p0,test,0.1,10,64,1,0.015625
g_n32_e96_k2_low_02,g_n32_e96_k2_low_02_p0,test,0.15,15,64,3,0.046875
g_n32_e96_k2_low_02,g_n32_e96_k2_low_02_p5,test,0.05,5,64,0,0.0
g_n32_e96_k2_low_02,g_n32_e96_k2_low_02_p5,test,0.1,10,64,2,0.03125
g_n32_e96_k2_low_02,g_n32_e96_k2_low_02_p5,test,0.15,14,64,7,0.109375
g_n32_e96_k2_low_02,g_n32_e96_k2_low_02_p10,test,0.05,5,64,5,0.078125
g_n32_e96_k2_low_02,g_n32_e96_k2_low_02_p10,test,0.1,9,64,8,0.125
g_n32_e96_k2_low_02,g_n32_e96_k2_low_02_p10,test,0.15,13,64,13,0.203125
g_n32_e96_k2_low_03,g_n32_e96_k2_low_03_p0,train,0.05,5,64,1,0.015625
g_n32_e96_k2_low_03,g_n32_e96_k2_low_03_p0,train,0.1,10,64,4,0.0625
g_n32_e96_k2_low_03,g_n32_e96_k2_low_03_p0,train,0.15,15,64,4,0.0625
g_n32_e96_k2_low_03,g_n32_e96_k2_low_03_p5,train,0.05,5,64,3,0.046875
g_n32_e96_k2_low_03,g_n32_e96_k2_low_03_p5,train,0.1,10,64,5,0.078125
g_n32_e96_k2_low_03,g_n32_e96_k2_low_03_p5,train,0.15,14,64,7,0.109375
g_n32_e96_k2_low_03,g_n32_e96_k2_low_03_p10,train,0.05,5,64,1,0.015625
g_n32_e96_k2_low_03,g_n32_e96_k2_low_03_p10,train,0.1,9,64,3,0.046875
g_n32_e96_k2_low_03,g_n32_e96_k2_low_03_p10,train,0.15,13,64,5,0.078125
g_n32_e96_k2_low_04,g_n32_e96_k2_low_04_p0,train,0.05,5,64,1,0.015625
g_n32_e96_k2_low_04,g_n32_e96_k2_low_04_p0,train,0.1,10,64,3,0.046875
g_n32_e96_k2_low_04,g_n32_e96_k2_low_04_p0,train,0.15,15,64,7,0.109375
g_n32_e96_k2_low_04,g_n32_e96_k2_low_04_p5,train,0.05,5,64,0,0.0
g_n32_e96_k2_low_04,g_n32_e96_k2_low_04_p5,train,0.1,10,64,1,0.015625
g_n32_e96_k2_low_04,g_n32_e96_k2_low_04_p5,train,0.15,14,64,2,0.03125
g_n32_e96_k2_low_04,g_n32_e96_k2_low_04_p10,train,0.05,5,64,1,0.015625
g_n32_e96_k2_low_04,g_n32_e96_k2_low_04_p10,train,0.1,9,64,1,0.015625
g_n32_e96_k2_low_04,g_n32_e96_k2_low_04_p10,train,0.15,13,64,4,0.0625
g_n32_e96_k2_low_05,g_n32_e96_k2_low_05_p0,validation,0.05,5,64,0,0.0
g_n32_e96_k2_low_05,g_n32_e96_k2_low_05_p0,validation,0.1,10,64,3,0.046875
g_n32_e96_k2_low_05,g_n32_e96_k2_low_05_p0,validation,0.15,15,64,7,0.109375
g_n32_e96_k2_low_05,g_n32_e96_k2_low_05_p5,validation,0.05,5,64,0,0.0
g_n32_e96_k2_low_05,g_n32_e96_k2_low_05_p5,validation,0.1,10,64,3,0.046875
g_n32_e96_k2_low_05,g_n32_e96_k2_low_05_p5,validation,0.15,14,64,5,0.078125
g_n32_e96_k2_low_06,g_n32_e96_k2_low_06_p0,test,0.05,5,64,0,0.0
g_n32_e96_k2_low_06,g_n32_e96_k2_low_06_p0,test,0.1,10,64,2,0.03125
g_n32_e96_k2_low_06,g_n32_e96_k2_low_06_p0,test,0.15,15,64,3,0.046875
g_n32_e96_k2_low_06,g_n32_e96_k2_low_06_p5,test,0.05,5,64,0,0.0
g_n32_e96_k2_low_06,g_n32_e96_k2_low_06_p5,test,0.1,10,64,2,0.03125
g_n32_e96_k2_low_06,g_n32_e96_k2_low_06_p5,test,0.15,14,64,4,0.0625
g_n32_e96_k2_low_06,g_n32_e96_k2_low_06_p10,test,0.05,5,64,0,0.0
g_n32_e96_k2_low_06,g_n32_e96_k2_low_06_p10,test,0.1,9,64,2,0.03125
g_n32_e96_k2_low_06,g_n32_e96_k2_low_06_p10,test,0.15,13,64,3,0.046875
g_n32_e96_k2_low_07,g_n32_e96_k2_low_07_p0,train,0.05,5,64,0,0.0
g_n32_e96_k2_low_07,g_n32_e96_k2_low_07_p0,train,0.1,10,64,1,0.015625
g_n32_e96_k2_low_07,g_n32_e96_k2_low_07_p0,train,0.15,15,64,4,0.0625
g_n32_e96_k2_low_07,g_n32_e96_k2_low_07_p5,train,0.05,5,64,0,0.0
g_n32_e96_k2_low_07,g_n32_e96_k2_low_07_p5,train,0.1,10,64,0,0.0
g_n32_e96_k2_low_07,g_n32_e96_k2_low_07_p5,train,0.15,14,64,2,0.03125
g_n32_e96_k2_low_07,g_n32_e96_k2_low_07_p10,train,0.05,5,64,0,0.0
g_n32_e96_k2_low_07,g_n32_e96_k2_low_07_p10,train,0.1,9,64,0,0.0
g_n32_e96_k2_low_07,g_n32_e96_k2_low_07_p10,train,0.15,13,64,3,0.046875
g_n32_e96_k2_low_08,g_n32_e96_k2_low_08_p0,validation,0.05,5,64,2,0.03125
g_n32_e96_k2_low_08,g_n32_e96_k2_low_08_p0,validation,0.1,10,64,3,0.046875
g_n32_e96_k2_low_08,g_n32_e96_k2_low_08_p0,validation,0.15,15,64,4,0.0625
g_n32_e96_k2_low_08,g_n32_e96_k2_low_08_p5,validation,0.05,5,64,3,0.046875
g_n32_e96_k2_low_08,g_n32_e96_k2_low_08_p5,validation,0.1,10,64,5,0.078125
g_n32_e96_k2_low_08,g_n32_e96_k2_low_08_p5,validation,0.15,14,64,12,0.1875
g_n32_e96_k2_low_08,g_n32_e96_k2_low_08_p10,validation,0.05,5,64,1,0.015625
g_n32_e96_k2_low_08,g_n32_e96_k2_low_08_p10,validation,0.1,9,64,8,0.125
g_n32_e96_k2_low_08,g_n32_e96_k2_low_08_p10,validation,0.15,13,64,14,0.21875
g_n32_e96_k2_low_09,g_n32_e96_k2_low_09_p0,test,0.05,5,64,0,0.0
g_n32_e96_k2_low_09,g_n32_e96_k2_low_09_p0,test,0.1,10,64,1,0.015625
g_n32_e96_k2_low_09,g_n32_e96_k2_low_09_p0,test,0.15,15,64,1,0.015625
g_n32_e96_k2_low_09,g_n32_e96_k2_low_09_p5,test,0.05,5,64,1,0.015625
g_n32_e96_k2_low_09,g_n32_e96_k2_low_09_p5,test,0.1,10,64,3,0.046875
g_n32_e96_k2_low_09,g_n32_e96_k2_low_09_p5,test,0.15,14,64,5,0.078125
g_n32_e96_k2_low_09,g_n32_e96_k2_low_09_p10,test,0.05,5,64,4,0.0625
g_n32_e96_k2_low_09,g_n32_e96_k2_low_09_p10,test,0.1,9,64,9,0.140625
g_n32_e96_k2_low_09,g_n32_e96_k2_low_09_p10,test,0.15,13,64,18,0.28125
g_n32_e96_k2_low_10,g_n32_e96_k2_low_10_p0,validation,0.05,5,64,1,0.015625
g_n32_e96_k2_low_10,g_n32_e96_k2_low_10_p0,validation,0.1,10,64,2,0.03125
g_n32_e96_k2_low_10,g_n32_e96_k2_low_10_p0,validation,0.15,15,64,8,0.125
g_n32_e96_k2_low_10,g_n32_e96_k2_low_10_p5,validation,0.05,5,64,0,0.0
g_n32_e96_k2_low_10,g_n32_e96_k2_low_10_p5,validation,0.1,10,64,1,0.015625
g_n32_e96_k2_low_10,g_n32_e96_k2_low_10_p5,validation,0.15,14,64,2,0.03125
g_n32_e96_k2_low_10,g_n32_e96_k2_low_10_p10,validation,0.05,5,64,3,0.046875
g_n32_e96_k2_low_10,g_n32_e96_k2_low_10_p10,validation,0.1,9,64,3,0.046875
g_n32_e96_k2_low_10,g_n32_e96_k2_low_10_p10,validation,0.15,13,64,7,0.109375
g_n32_e96_k2_low_11,g_n32_e96_k2_low_11_p0,test,0.05,5,64,0,0.0
g_n32_e96_k2_low_11,g_n32_e96_k2_low_11_p0,test,0.1,10,64,1,0.015625
g_n32_e96_k2_low_11,g_n32_e96_k2_low_11_p0,test,0.15,15,64,6,0.09375
g_n32_e96_k2_low_11,g_n32_e96_k2_low_11_p5,test,0.05,5,64,2,0.03125
g_n32_e96_k2_low_11,g_n32_e96_k2_low_11_p5,test,0.1,10,64,5,0.078125
g_n32_e96_k2_low_11,g_n32_e96_k2_low_11_p5,test,0.15,14,64,10,0.15625
g_n32_e96_k2_low_11,g_n32_e96_k2_low_11_p10,test,0.05,5,64,0,0.0
g_n32_e96_k2_low_11,g_n32_e96_k2_low_11_p10,test,0.1,9,64,2,0.03125
g_n32_e96_k2_low_11,g_n32_e96_k2_low_11_p10,test,0.15,13,64,5,0.078125
g_n32_e96_k2_low_12,g_n32_e96_k2_low_12_p0,train,0.05,5,64,0,0.0
g_n32_e96_k2_low_12,g_n32_e96_k2_low_12_p0,train,0.1,10,64,0,0.0
g_n32_e96_k2_low_12,g_n32_e96_k2_low_12_p0,train,0.15,15,64,2,0.03125
g_n32_e96_k2_low_12,g_n32_e96_k2_low_12_p5,train,0.05,5,64,0,0.0
g_n32_e96_k2_low_12,g_n32_e96_k2_low_12_p5,train,0.1,10,64,1,0.015625
g_n32_e96_k2_low_12,g_n32_e96_k2_low_12_p5,train,0.15,14,64,3,0.046875
g_n32_e96_k2_low_12,g_n32_e96_k2_low_12_p10,train,0.05,5,64,8,0.125
g_n32_e96_k2_low_12,g_n32_e96_k2_low_12_p10,train,0.1,9,64,12,0.1875
g_n32_e96_k2_low_12,g_n32_e96_k2_low_12_p10,train,0.15,13,64,19,0.296875
g_n32_e96_k2_low_13,g_n32_e96_k2_low_13_p0,train,0.05,5,64,0,0.0
g_n32_e96_k2_low_13,g_n32_e96_k2_low_13_p0,train,0.1,10,64,0,0.0
g_n32_e96_k2_low_13,g_n32_e96_k2_low_13_p0,train,0.15,15,64,2,0.03125
g_n32_e96_k2_low_13,g_n32_e96_k2_low_13_p5,train,0.05,5,64,0,0.0
g_n32_e96_k2_low_13,g_n32_e96_k2_low_13_p5,train,0.1,10,64,2,0.03125
g_n32_e96_k2_low_13,g_n32_e96_k2_low_13_p5,train,0.15,14,64,4,0.0625
g_n32_e96_k2_low_13,g_n32_e96_k2_low_13_p10,train,0.05,5,64,5,0.078125
g_n32_e96_k2_low_13,g_n32_e96_k2_low_13_p10,train,0.1,9,64,10,0.15625
g_n32_e96_k2_low_13,g_n32_e96_k2_low_13_p10,train,0.15,13,64,12,0.1875
g_n32_e96_k2_low_14,g_n32_e96_k2_low_14_p0,train,0.05,5,64,0,0.0
g_n32_e96_k2_low_14,g_n32_e96_k2_low_14_p0,train,0.1,10,64,1,0.015625
g_n32_e96_k2_low_14,g_n32_e96_k2_low_14_p0,train,0.15,15,64,5,0.078125
g_n32_e96_k2_low_14,g_n32_e96_k2_low_14_p5,train,0.05,5,64,6,0.09375
g_n32_e96_k2_low_14,g_n32_e96_k2_low_14_p5,train,0.1,10,64,12,0.1875
g_n32_e96_k2_low_14,g_n32_e96_k2_low_14_p5,train,0.15,14,64,18,0.28125
g_n32_e96_k2_low_14,g_n32_e96_k2_low_14_p10,train,0.05,5,64,4,0.0625
g_n32_e96_k2_low_14,g_n32_e96_k2_low_14_p10,train,0.1,9,64,9,0.140625
g_n32_e96_k2_low_14,g_n32_e96_k2_low_14_p10,train,0.15,13,64,12,0.1875
g_n32_e96_k2_low_15,g_n32_e96_k2_low_15_p0,train,0.05,5,64,0,0.0
g_n32_e96_k2_low_15,g_n32_e96_k2_low_15_p0,train,0.1,10,64,1,0.015625
g_n32_e96_k2_low_15,g_n32_e96_k2_low_15_p0,train,0.15,15,64,2,0.03125
g_n32_e96_k2_low_15,g_n32_e96_k2_low_15_p5,train,0.05,5,64,0,0.0
g_n32_e96_k2_low_15,g_n32_e96_k2_low_15_p5,train,0.1,10,64,0,0.0
g_n32_e96_k2_low_15,g_n32_e96_k2_low_15_p5,train,0.15,14,64,3,0.046875
g_n32_e96_k2_low_15,g_n32_e96_k2_low_15_p10,train,0.05,5,64,6,0.09375
g_n32_e96_k2_low_15,g_n32_e96_k2_low_15_p10,train,0.1,9,64,12,0.1875
g_n32_e96_k2_low_15,g_n32_e96_k2_low_15_p10,train,0.15,13,64,14,0.21875
g_n32_e96_k2_low_16,g_n32_e96_k2_low_16_p0,train,0.05,5,64,1,0.015625
g_n32_e96_k2_low_16,g_n32_e96_k2_low_16_p0,train,0.1,10,64,3,0.046875
g_n32_e96_k2_low_16,g_n32_e96_k2_low_16_p0,train,0.15,15,64,5,0.078125
g_n32_e96_k2_low_16,g_n32_e96_k2_low_16_p5,train,0.05,5,64,0,0.0
g_n32_e96_k2_low_16,g_n32_e96_k2_low_16_p5,train,0.1,10,64,1,0.015625
g_n32_e96_k2_low_16,g_n32_e96_k2_low_16_p5,train,0.15,14,64,2,0.03125
g_n32_e96_k2_low_16,g_n32_e96_k2_low_16_p10,train,0.05,5,64,0,0.0
g_n32_e96_k2_low_16,g_n32_e96_k2_low_16_p10,train,0.1,9,64,1,0.015625
g_n32_e96_k2_low_16,g_n32_e96_k2_low_16_p10,train,0.15,13,64,6,0.09375
g_n32_e96_k2_low_17,g_n32_e96_k2_low_17_p0,train,0.05,5,64,1,0.015625
g_n32_e96_k2_low_17,g_n32_e96_k2_low_17_p0,train,0.1,10,64,2,0.03125
g_n32_e96_k2_low_17,g_n32_e96_k2_low_17_p0,train,0.15,15,64,4,0.0625
g_n32_e96_k2_low_17,g_n32_e96_k2_low_17_p5,train,0.05,5,64,0,0.0
g_n32_e96_k2_low_17,g_n32_e96_k2_low_17_p5,train,0.1,10,64,1,0.015625
g_n32_e96_k2_low_17,g_n32_e96_k2_low_17_p5,train,0.15,14,64,5,0.078125
g_n32_e96_k2_low_17,g_n32_e96_k2_low_17_p10,train,0.05,5,64,1,0.015625
g_n32_e96_k2_low_17,g_n32_e96_k2_low_17_p10,train,0.1,9,64,1,0.015625
g_n32_e96_k2_low_17,g_n32_e96_k2_low_17_p10,train,0.15,13,64,3,0.046875
g_n32_e96_k2_low_18,g_n32_e96_k2_low_18_p0,train,0.05,5,64,0,0.0
g_n32_e96_k2_low_18,g_n32_e96_k2_low_18_p0,train,0.1,10,64,0,0.0
g_n32_e96_k2_low_18,g_n32_e96_k2_low_18_p0,train,0.15,15,64,3,0.046875
g_n32_e96_k2_low_18,g_n32_e96_k2_low_18_p5,train,0.05,5,64,5,0.078125
g_n32_e96_k2_low_18,g_n32_e96_k2_low_18_p5,train,0.1,10,64,13,0.203125
g_n32_e96_k2_low_18,g_n32_e96_k2_low_18_p5,train,0.15,14,64,16,0.25
g_n32_e96_k2_low_18,g_n32_e96_k2_low_18_p10,train,0.05,5,64,4,0.0625
g_n32_e96_k2_low_18,g_n32_e96_k2_low_18_p10,train,0.1,9,64,10,0.15625
g_n32_e96_k2_low_18,g_n32_e96_k2_low_18_p10,train,0.15,13,64,14,0.21875
g_n32_e96_k2_low_19,g_n32_e96_k2_low_19_p0,train,0.05,5,64,0,0.0
g_n32_e96_k2_low_19,g_n32_e96_k2_low_19_p0,train,0.1,10,64,0,0.0
g_n32_e96_k2_low_19,g_n32_e96_k2_low_19_p0,train,0.15,15,64,0,0.0
g_n32_e96_k2_low_19,g_n32_e96_k2_low_19_p5,train,0.05,5,64,0,0.0
g_n32_e96_k2_low_19,g_n32_e96_k2_low_19_p5,train,0.1,10,64,3,0.046875
g_n32_e96_k2_low_19,g_n32_e96_k2_low_19_p5,train,0.15,14,64,6,0.09375
g_n32_e96_k2_low_19,g_n32_e96_k2_low_19_p10,train,0.05,5,64,10,0.15625
g_n32_e96_k2_low_19,g_n32_e96_k2_low_19_p10,train,0.1,9,64,20,0.3125
g_n32_e96_k2_low_19,g_n32_e96_k2_low_19_p10,train,0.15,13,64,28,0.4375
g_n32_e96_k2_low_20,g_n32_e96_k2_low_20_p0,train,0.05,5,64,2,0.03125
g_n32_e96_k2_low_20,g_n32_e96_k2_low_20_p0,train,0.1,10,64,4,0.0625
g_n32_e96_k2_low_20,g_n32_e96_k2_low_20_p0,train,0.15,15,64,7,0.109375
g_n32_e96_k2_low_20,g_n32_e96_k2_low_20_p5,train,0.05,5,64,0,0.0
g_n32_e96_k2_low_20,g_n32_e96_k2_low_20_p5,train,0.1,10,64,5,0.078125
g_n32_e96_k2_low_20,g_n32_e96_k2_low_20_p5,train,0.15,14,64,6,0.09375
g_n32_e96_k2_low_20,g_n32_e96_k2_low_20_p10,train,0.05,5,64,7,0.109375
g_n32_e96_k2_low_20,g_n32_e96_k2_low_20_p10,train,0.1,9,64,10,0.15625
g_n32_e96_k2_low_20,g_n32_e96_k2_low_20_p10,train,0.15,13,64,12,0.1875
g_n32_e96_k2_low_21,g_n32_e96_k2_low_21_p0,train,0.05,5,64,1,0.015625
g_n32_e96_k2_low_21,g_n32_e96_k2_low_21_p0,train,0.1,10,64,1,0.015625
g_n32_e96_k2_low_21,g_n32_e96_k2_low_21_p0,train,0.15,15,64,4,0.0625
g_n32_e96_k2_low_21,g_n32_e96_k2_low_21_p5,train,0.05,5,64,6,0.09375
g_n32_e96_k2_low_21,g_n32_e96_k2_low_21_p5,train,0.1,10,64,13,0.203125
g_n32_e96_k2_low_21,g_n32_e96_k2_low_21_p5,train,0.15,14,64,14,0.21875
g_n32_e96_k2_low_21,g_n32_e96_k2_low_21_p10,train,0.05,5,64,12,0.1875
g_n32_e96_k2_low_21,g_n32_e96_k2_low_21_p10,train,0.1,9,64,19,0.296875
g_n32_e96_k2_low_21,g_n32_e96_k2_low_21_p10,train,0.15,13,64,25,0.390625
g_n32_e96_k2_low_22,g_n32_e96_k2_low_22_p0,train,0.05,5,64,0,0.0
g_n32_e96_k2_low_22,g_n32_e96_k2_low_22_p0,train,0.1,10,64,0,0.0
g_n32_e96_k2_low_22,g_n32_e96_k2_low_22_p0,train,0.15,15,64,6,0.09375
g_n32_e96_k2_low_22,g_n32_e96_k2_low_22_p5,train,0.05,5,64,4,0.0625
g_n32_e96_k2_low_22,g_n32_e96_k2_low_22_p5,train,0.1,10,64,7,0.109375
g_n32_e96_k2_low_22,g_n32_e96_k2_low_22_p5,train,0.15,14,64,10,0.15625
g_n32_e96_k2_low_22,g_n32_e96_k2_low_22_p10,train,0.05,5,64,8,0.125
g_n32_e96_k2_low_22,g_n32_e96_k2_low_22_p10,train,0.1,9,64,15,0.234375
g_n32_e96_k2_low_22,g_n32_e96_k2_low_22_p10,train,0.15,13,64,20,0.3125
g_n32_e96_k2_low_23,g_n32_e96_k2_low_23_p0,validation,0.05,5,64,0,0.0
g_n32_e96_k2_low_23,g_n32_e96_k2_low_23_p0,validation,0.1,10,64,1,0.015625
g_n32_e96_k2_low_23,g_n32_e96_k2_low_23_p0,validation,0.15,15,64,2,0.03125
g_n32_e96_k2_low_23,g_n32_e96_k2_low_23_p5,validation,0.05,5,64,0,0.0
g_n32_e96_k2_low_23,g_n32_e96_k2_low_23_p5,validation,0.1,10,64,2,0.03125
g_n32_e96_k2_low_23,g_n32_e96_k2_low_23_p5,validation,0.15,14,64,4,0.0625
g_n32_e96_k2_low_23,g_n32_e96_k2_low_23_p10,validation,0.05,5,64,0,0.0
g_n32_e96_k2_low_23,g_n32_e96_k2_low_23_p10,validation,0.1,9,64,3,0.046875
g_n32_e96_k2_low_23,g_n32_e96_k2_low_23_p10,validation,0.15,13,64,9,0.140625
g_n32_e96_k2_low_24,g_n32_e96_k2_low_24_p0,test,0.05,5,64,0,0.0
g_n32_e96_k2_low_24,g_n32_e96_k2_low_24_p0,test,0.1,10,64,1,0.015625
g_n32_e96_k2_low_24,g_n32_e96_k2_low_24_p0,test,0.15,15,64,2,0.03125
g_n32_e96_k2_low_24,g_n32_e96_k2_low_24_p5,test,0.05,5,64,1,0.015625
g_n32_e96_k2_low_24,g_n32_e96_k2_low_24_p5,test,0.1,10,64,2,0.03125
g_n32_e96_k2_low_24,g_n32_e96_k2_low_24_p5,test,0.15,14,64,4,0.0625
g_n32_e96_k2_low_24,g_n32_e96_k2_low_24_p10,test,0.05,5,64,7,0.109375
g_n32_e96_k2_low_24,g_n32_e96_k2_low_24_p10,test,0.1,9,64,11,0.171875
g_n32_e96_k2_low_24,g_n32_e96_k2_low_24_p10,test,0.15,13,64,20,0.3125
g_n32_e96_k2_low_25,g_n32_e96_k2_low_25_p0,test,0.05,5,64,1,0.015625
g_n32_e96_k2_low_25,g_n32_e96_k2_low_25_p0,test,0.1,10,64,1,0.015625
g_n32_e96_k2_low_25,g_n32_e96_k2_low_25_p0,test,0.15,15,64,3,0.046875
g_n32_e96_k2_low_25,g_n32_e96_k2_low_25_p5,test,0.05,5,64,1,0.015625
g_n32_e96_k2_low_25,g_n32_e96_k2_low_25_p5,test,0.1,10,64,1,0.015625
g_n32_e96_k2_low_25,g_n32_e96_k2_low_25_p5,test,0.15,14,64,3,0.046875
g_n32_e96_k2_low_25,g_n32_e96_k2_low_25_p10,test,0.05,5,64,2,0.03125
g_n32_e96_k2_low_25,g_n32_e96_k2_low_25_p10,test,0.1,9,64,2,0.03125
g_n32_e96_k2_low_25,g_n32_e96_k2_low_25_p10,test,0.15,13,64,3,0.046875
g_n32_e96_k2_low_26,g_n32_e96_k2_low_26_p0,train,0.05,5,64,0,0.0
g_n32_e96_k2_low_26,g_n32_e96_k2_low_26_p0,train,0.1,10,64,2,0.03125
g_n32_e96_k2_low_26,g_n32_e96_k2_low_26_p0,train,0.15,15,64,3,0.046875
g_n32_e96_k2_low_26,g_n32_e96_k2_low_26_p5,train,0.05,5,64,8,0.125
g_n32_e96_k2_low_26,g_n32_e96_k2_low_26_p5,train,0.1,10,64,13,0.203125
g_n32_e96_k2_low_26,g_n32_e96_k2_low_26_p5,train,0.15,14,64,17,0.265625
g_n32_e96_k2_low_26,g_n32_e96_k2_low_26_p10,train,0.05,5,64,0,0.0
g_n32_e96_k2_low_26,g_n32_e96_k2_low_26_p10,train,0.1,9,64,2,0.03125
g_n32_e96_k2_low_26,g_n32_e96_k2_low_26_p10,train,0.15,13,64,4,0.0625
g_n32_e96_k2_low_27,g_n32_e96_k2_low_27_p0,validation,0.05,5,64,1,0.015625
g_n32_e96_k2_low_27,g_n32_e96_k2_low_27_p0,validation,0.1,10,64,2,0.03125
g_n32_e96_k2_low_27,g_n32_e96_k2_low_27_p0,validation,0.15,15,64,3,0.046875
g_n32_e96_k2_low_27,g_n32_e96_k2_low_27_p5,validation,0.05,5,64,1,0.015625
g_n32_e96_k2_low_27,g_n32_e96_k2_low_27_p5,validation,0.1,10,64,1,0.015625
g_n32_e96_k2_low_27,g_n32_e96_k2_low_27_p5,validation,0.15,14,64,2,0.03125
g_n32_e96_k2_low_27,g_n32_e96_k2_low_27_p10,validation,0.05,5,64,2,0.03125
g_n32_e96_k2_low_27,g_n32_e96_k2_low_27_p10,validation,0.1,9,64,6,0.09375
g_n32_e96_k2_low_27,g_n32_e96_k2_low_27_p10,validation,0.15,13,64,10,0.15625
g_n32_e96_k2_low_28,g_n32_e96_k2_low_28_p0,train,0.05,5,64,2,0.03125
g_n32_e96_k2_low_28,g_n32_e96_k2_low_28_p0,train,0.1,10,64,2,0.03125
g_n32_e96_k2_low_28,g_n32_e96_k2_low_28_p0,train,0.15,15,64,3,0.046875
g_n32_e96_k2_low_28,g_n32_e96_k2_low_28_p5,train,0.05,5,64,0,0.0
g_n32_e96_k2_low_28,g_n32_e96_k2_low_28_p5,train,0.1,10,64,3,0.046875
g_n32_e96_k2_low_28,g_n32_e96_k2_low_28_p5,train,0.15,14,64,6,0.09375
g_n32_e96_k2_low_28,g_n32_e96_k2_low_28_p10,train,0.05,5,64,5,0.078125
g_n32_e96_k2_low_28,g_n32_e96_k2_low_28_p10,train,0.1,9,64,9,0.140625
g_n32_e96_k2_low_28,g_n32_e96_k2_low_28_p10,train,0.15,13,64,19,0.296875
g_n32_e96_k2_low_29,g_n32_e96_k2_low_29_p0,validation,0.05,5,64,0,0.0
g_n32_e96_k2_low_29,g_n32_e96_k2_low_29_p0,validation,0.1,10,64,1,0.015625
g_n32_e96_k2_low_29,g_n32_e96_k2_low_29_p0,validation,0.15,15,64,3,0.046875
g_n32_e96_k2_low_29,g_n32_e96_k2_low_29_p5,validation,0.05,5,64,0,0.0
g_n32_e96_k2_low_29,g_n32_e96_k2_low_29_p5,validation,0.1,10,64,3,0.046875
g_n32_e96_k2_low_29,g_n32_e96_k2_low_29_p5,validation,0.15,14,64,7,0.109375
g_n32_e96_k2_low_29,g_n32_e96_k2_low_29_p10,validation,0.05,5,64,2,0.03125
g_n32_e96_k2_low_29,g_n32_e96_k2_low_29_p10,validation,0.1,9,64,3,0.046875
g_n32_e96_k2_low_29,g_n32_e96_k2_low_29_p10,validation,0.15,13,64,8,0.125
g_n32_e96_k2_mid_30,g_n32_e96_k2_mid_30_p0,train,0.05,5,64,1,0.015625
g_n32_e96_k2_mid_30,g_n32_e96_k2_mid_30_p0,train,0.1,10,64,2,0.03125
g_n32_e96_k2_mid_30,g_n32_e96_k2_mid_30_p0,train,0.15,15,64,5,0.078125
g_n32_e96_k2_mid_30,g_n32_e96_k2_mid_30_p5,train,0.05,5,64,0,0.0
g_n32_e96_k2_mid_30,g_n32_e96_k2_mid_30_p5,train,0.1,10,64,1,0.015625
g_n32_e96_k2_mid_30,g_n32_e96_k2_mid_30_p5,train,0.15,14,64,3,0.046875
g_n32_e96_k2_mid_30,g_n32_e96_k2_mid_30_p10,train,0.05,5,64,0,0.0
g_n32_e96_k2_mid_30,g_n32_e96_k2_mid_30_p10,train,0.1,9,64,2,0.03125
g_n32_e96_k2_mid_30,g_n32_e96_k2_mid_30_p10,train,0.15,13,64,6,0.09375
g_n32_e96_k2_mid_31,g_n32_e96_k2_mid_31_p0,train,0.05,5,64,0,0.0
g_n32_e96_k2_mid_31,g_n32_e96_k2_mid_31_p0,train,0.1,10,64,0,0.0
g_n32_e96_k2_mid_31,g_n32_e96_k2_mid_31_p0,train,0.15,15,64,2,0.03125
g_n32_e96_k2_mid_31,g_n32_e96_k2_mid_31_p5,train,0.05,5,64,1,0.015625
g_n32_e96_k2_mid_31,g_n32_e96_k2_mid_31_p5,train,0.1,10,64,3,0.046875
g_n32_e96_k2_mid_31,g_n32_e96_k2_mid_31_p5,train,0.15,14,64,6,0.09375
g_n32_e96_k2_mid_31,g_n32_e96_k2_mid_31_p10,train,0.05,5,64,3,0.046875
g_n32_e96_k2_mid_31,g_n32_e96_k2_mid_31_p10,train,0.1,9,64,5,0.078125
g_n32_e96_k2_mid_31,g_n32_e96_k2_mid_31_p10,train,0.15,13,64,9,0.140625
g_n32_e96_k2_mid_32,g_n32_e96_k2_mid_32_p0,test,0.05,5,64,0,0.0
g_n32_e96_k2_mid_32,g_n32_e96_k2_mid_32_p0,test,0.1,10,64,3,0.046875
g_n32_e96_k2_mid_32,g_n32_e96_k2_mid_32_p0,test,0.15,15,64,7,0.109375
g_n32_e96_k2_mid_32,g_n32_e96_k2_mid_32_p5,test,0.05,5,64,1,0.015625
g_n32_e96_k2_mid_32,g_n32_e96_k2_mid_32_p5,test,0.1,10,64,7,0.109375
g_n32_e96_k2_mid_32,g_n32_e96_k2_mid_32_p5,test,0.15,14,64,13,0.203125
g_n32_e96_k2_mid_32,g_n32_e96_k2_mid_32_p10,test,0.05,5,64,1,0.015625
g_n32_e96_k2_mid_32,g_n32_e96_k2_mid_32_p10,test,0.1,9,64,2,0.03125
g_n32_e96_k2_mid_32,g_n32_e96_k2_mid_32_p10,test,0.15,13,64,4,0.0625
g_n32_e96_k2_mid_33,g_n32_e96_k2_mid_33_p0,test,0.05,5,64,0,0.0
g_n32_e96_k2_mid_33,g_n32_e96_k2_mid_33_p0,test,0.1,10,64,1,0.015625
g_n32_e96_k2_mid_33,g_n32_e96_k2_mid_33_p0,test,0.15,15,64,2,0.03125
g_n32_e96_k2_mid_33,g_n32_e96_k2_mid_33_p5,test,0.05,5,64,0,0.0
g_n32_e96_k2_mid_33,g_n32_e96_k2_mid_33_p5,test,0.1,10,64,2,0.03125
g_n32_e96_k2_mid_33,g_n32_e96_k2_mid_33_p5,test,0.15,14,64,3,0.046875
g_n32_e96_k2_mid_33,g_n32_e96_k2_mid_33_p10,test,0.05,5,64,0,0.0
g_n32_e96_k2_mid_33,g_n32_e96_k2_mid_33_p10,test,0.1,9,64,2,0.03125
g_n32_e96_k2_mid_33,g_n32_e96_k2_mid_33_p10,test,0.15,13,64,3,0.046875
g_n32_e96_k2_mid_34,g_n32_e96_k2_mid_34_p0,test,0.05,5,64,1,0.015625
g_n32_e96_k2_mid_34,g_n32_e96_k2_mid_34_p0,test,0.1,10,64,1,0.015625
g_n32_e96_k2_mid_34,g_n32_e96_k2_mid_34_p0,test,0.15,15,64,1,0.015625
g_n32_e96_k2_mid_34,g_n32_e96_k2_mid_34_p5,test,0.05,5,64,1,0.015625
g_n32_e96_k2_mid_34,g_n32_e96_k2_mid_34_p5,test,0.1,10,64,2,0.03125
g_n32_e96_k2_mid_34,g_n32_e96_k2_mid_34_p5,test,0.15,14,64,3,0.046875
g_n32_e96_k2_mid_34,g_n32_e96_k2_mid_34_p10,test,0.05,5,64,0,0.0
g_n32_e96_k2_mid_34,g_n32_e96_k2_mid_34_p10,test,0.1,9,64,1,0.015625
g_n32_e96_k2_mid_34,g_n32_e96_k2_mid_34_p10,test,0.15,13,64,3,0.046875
g_n32_e96_k2_mid_35,g_n32_e96_k2_mid_35_p0,train,0.05,5,64,0,0.0
g_n32_e96_k2_mid_35,g_n32_e96_k2_mid_35_p0,train,0.1,10,64,2,0.03125
g_n32_e96_k2_mid_35,g_n32_e96_k2_mid_35_p0,train,0.15,15,64,3,0.046875
g_n32_e96_k2_mid_35,g_n32_e96_k2_mid_35_p5,train,0.05,5,64,1,0.015625
g_n32_e96_k2_mid_35,g_n32_e96_k2_mid_35_p5,train,0.1,10,64,4,0.0625
g_n32_e96_k2_mid_35,g_n32_e96_k2_mid_35_p5,train,0.15,14,64,4,0.0625
g_n32_e96_k2_mid_35,g_n32_e96_k2_mid_35_p10,train,0.05,5,64,0,0.0
g_n32_e96_k2_mid_35,g_n32_e96_k2_mid_35_p10,train,0.1,9,64,1,0.015625
g_n32_e96_k2_mid_35,g_n32_e96_k2_mid_35_p10,train,0.15,13,64,4,0.0625
g_n32_e96_k2_mid_36,g_n32_e96_k2_mid_36_p0,train,0.05,5,64,2,0.03125
g_n32_e96_k2_mid_36,g_n32_e96_k2_mid_36_p0,train,0.1,10,64,3,0.046875
g_n32_e96_k2_mid_36,g_n32_e96_k2_mid_36_p0,train,0.15,15,64,3,0.046875
g_n32_e96_k2_mid_36,g_n32_e96_k2_mid_36_p5,train,0.05,5,64,1,0.015625
g_n32_e96_k2_mid_36,g_n32_e96_k2_mid_36_p5,train,0.1,10,64,2,0.03125
g_n32_e96_k2_mid_36,g_n32_e96_k2_mid_36_p5,train,0.15,14,64,3,0.046875
g_n32_e96_k2_mid_36,g_n32_e96_k2_mid_36_p10,train,0.05,5,64,0,0.0
g_n32_e96_k2_mid_36,g_n32_e96_k2_mid_36_p10,train,0.1,9,64,1,0.015625
g_n32_e96_k2_mid_36,g_n32_e96_k2_mid_36_p10,train,0.15,13,64,5,0.078125
g_n32_e96_k2_mid_37,g_n32_e96_k2_mid_37_p0,validation,0.05,5,64,0,0.0
g_n32_e96_k2_mid_37,g_n32_e96_k2_mid_37_p0,validation,0.1,10,64,1,0.015625
g_n32_e96_k2_mid_37,g_n32_e96_k2_mid_37_p0,validation,0.15,15,64,4,0.0625
g_n32_e96_k2_mid_37,g_n32_e96_k2_mid_37_p5,validation,0.05,5,64,0,0.0
g_n32_e96_k2_mid_37,g_n32_e96_k2_mid_37_p5,validation,0.1,10,64,1,0.015625
g_n32_e96_k2_mid_37,g_n32_e96_k2_mid_37_p5,validation,0.15,14,64,2,0.03125
g_n32_e96_k2_mid_37,g_n32_e96_k2_mid_37_p10,validation,0.05,5,64,3,0.046875
g_n32_e96_k2_mid_37,g_n32_e96_k2_mid_37_p10,validation,0.1,9,64,8,0.125
g_n32_e96_k2_mid_37,g_n32_e96_k2_mid_37_p10,validation,0.15,13,64,11,0.171875
g_n32_e96_k2_mid_38,g_n32_e96_k2_mid_38_p0,train,0.05,5,64,0,0.0
g_n32_e96_k2_mid_38,g_n32_e96_k2_mid_38_p0,train,0.1,10,64,0,0.0
g_n32_e96_k2_mid_38,g_n32_e96_k2_mid_38_p0,train,0.15,15,64,0,0.0
g_n32_e96_k2_mid_38,g_n32_e96_k2_mid_38_p5,train,0.05,5,64,1,0.015625
g_n32_e96_k2_mid_38,g_n32_e96_k2_mid_38_p5,train,0.1,10,64,1,0.015625
g_n32_e96_k2_mid_38,g_n32_e96_k2_mid_38_p5,train,0.15,14,64,1,0.015625
g_n32_e96_k2_mid_38,g_n32_e96_k2_mid_38_p10,train,0.05,5,64,0,0.0
g_n32_e96_k2_mid_38,g_n32_e96_k2_mid_38_p10,train,0.1,9,64,0,0.0
g_n32_e96_k2_mid_38,g_n32_e96_k2_mid_38_p10,train,0.15,13,64,1,0.015625
g_n32_e96_k2_mid_39,g_n32_e96_k2_mid_39_p0,validation,0.05,5,64,0,0.0
g_n32_e96_k2_mid_39,g_n32_e96_k2_mid_39_p0,validation,0.1,10,64,0,0.0
g_n32_e96_k2_mid_39,g_n32_e96_k2_mid_39_p0,validation,0.15,15,64,1,0.015625
g_n32_e96_k2_mid_39,g_n32_e96_k2_mid_39_p5,validation,0.05,5,64,1,0.015625
g_n32_e96_k2_mid_39,g_n32_e96_k2_mid_39_p5,validation,0.1,10,64,2,0.03125
g_n32_e96_k2_mid_39,g_n32_e96_k2_mid_39_p5,validation,0.15,14,64,4,0.0625
g_n32_e96_k2_mid_39,g_n32_e96_k2_mid_39_p10,validation,0.05,5,64,1,0.015625
g_n32_e96_k2_mid_39,g_n32_e96_k2_mid_39_p10,validation,0.1,9,64,1,0.015625
g_n32_e96_k2_mid_39,g_n32_e96_k2_mid_39_p10,validation,0.15,13,64,5,0.078125
g_n32_e96_k2_mid_40,g_n32_e96_k2_mid_40_p0,train,0.05,5,64,0,0.0
g_n32_e96_k2_mid_40,g_n32_e96_k2_mid_40_p0,train,0.1,10,64,0,0.0
g_n32_e96_k2_mid_40,g_n32_e96_k2_mid_40_p0,train,0.15,15,64,2,0.03125
g_n32_e96_k2_mid_40,g_n32_e96_k2_mid_40_p5,train,0.05,5,64,0,0.0
g_n32_e96_k2_mid_40,g_n32_e96_k2_mid_40_p5,train,0.1,10,64,0,0.0
g_n32_e96_k2_mid_40,g_n32_e96_k2_mid_40_p5,train,0.15,14,64,6,0.09375
g_n32_e96_k2_mid_40,g_n32_e96_k2_mid_40_p10,train,0.05,5,64,8,0.125
g_n32_e96_k2_mid_40,g_n32_e96_k2_mid_40_p10,train,0.1,9,64,10,0.15625
g_n32_e96_k2_mid_40,g_n32_e96_k2_mid_40_p10,train,0.15,13,64,10,0.15625
g_n32_e96_k2_mid_41,g_n32_e96_k2_mid_41_p0,test,0.05,5,64,1,0.015625
g_n32_e96_k2_mid_41,g_n32_e96_k2_mid_41_p0,test,0.1,10,64,1,0.015625
g_n32_e96_k2_mid_41,g_n32_e96_k2_mid_41_p0,test,0.15,15,64,1,0.015625
g_n32_e96_k2_mid_41,g_n32_e96_k2_mid_41_p5,test,0.05,5,64,4,0.0625
g_n32_e96_k2_mid_41,g_n32_e96_k2_mid_41_p5,test,0.1,10,64,8,0.125
g_n32_e96_k2_mid_41,g_n32_e96_k2_mid_41_p5,test,0.15,14,64,11,0.171875
g_n32_e96_k2_mid_41,g_n32_e96_k2_mid_41_p10,test,0.05,5,64,6,0.09375
g_n32_e96_k2_mid_41,g_n32_e96_k2_mid_41_p10,test,0.1,9,64,9,0.140625
g_n32_e96_k2_mid_41,g_n32_e96_k2_mid_41_p10,test,0.15,13,64,12,0.1875
g_n32_e96_k2_mid_42,g_n32_e96_k2_mid_42_p0,train,0.05,5,64,1,0.015625
g_n32_e96_k2_mid_42,g_n32_e96_k2_mid_42_p0,train,0.1,10,64,1,0.015625
g_n32_e96_k2_mid_42,g_n32_e96_k2_mid_42_p0,train,0.15,15,64,3,0.046875
g_n32_e96_k2_mid_42,g_n32_e96_k2_mid_42_p5,train,0.05,5,64,0,0.0
g_n32_e96_k2_mid_42,g_n32_e96_k2_mid_42_p5,train,0.1,10,64,1,0.015625
g_n32_e96_k2_mid_42,g_n32_e96_k2_mid_42_p5,train,0.15,14,64,2,0.03125
g_n32_e96_k2_mid_42,g_n32_e96_k2_mid_42_p10,train,0.05,5,64,0,0.0
g_n32_e96_k2_mid_42,g_n32_e96_k2_mid_42_p10,train,0.1,9,64,1,0.015625
g_n32_e96_k2_mid_42,g_n32_e96_k2_mid_42_p10,train,0.15,13,64,3,0.046875
g_n32_e96_k2_mid_43,g_n32_e96_k2_mid_43_p0,train,0.05,5,64,1,0.015625
g_n32_e96_k2_mid_43,g_n32_e96_k2_mid_43_p0,train,0.1,10,64,1,0.015625
g_n32_e96_k2_mid_43,g_n32_e96_k2_mid_43_p0,train,0.15,15,64,5,0.078125
g_n32_e96_k2_mid_43,g_n32_e96_k2_mid_43_p5,train,0.05,5,64,0,0.0
g_n32_e96_k2_mid_43,g_n32_e96_k2_mid_43_p5,train,0.1,10,64,0,0.0
g_n32_e96_k2_mid_43,g_n32_e96_k2_mid_43_p5,train,0.15,14,64,5,0.078125
g_n32_e96_k2_mid_43,g_n32_e96_k2_mid_43_p10,train,0.05,5,64,0,0.0
g_n32_e96_k2_mid_43,g_n32_e96_k2_mid_43_p10,train,0.1,9,64,2,0.03125
g_n32_e96_k2_mid_43,g_n32_e96_k2_mid_43_p10,train,0.15,13,64,2,0.03125
g_n32_e96_k2_mid_44,g_n32_e96_k2_mid_44_p0,validation,0.05,5,64,0,0.0
g_n32_e96_k2_mid_44,g_n32_e96_k2_mid_44_p0,validation,0.1,10,64,0,0.0
g_n32_e96_k2_mid_44,g_n32_e96_k2_mid_44_p0,validation,0.15,15,64,2,0.03125
g_n32_e96_k2_mid_44,g_n32_e96_k2_mid_44_p5,validation,0.05,5,64,0,0.0
g_n32_e96_k2_mid_44,g_n32_e96_k2_mid_44_p5,validation,0.1,10,64,3,0.046875
g_n32_e96_k2_mid_44,g_n32_e96_k2_mid_44_p5,validation,0.15,14,64,7,0.109375
g_n32_e96_k2_mid_44,g_n32_e96_k2_mid_44_p10,validation,0.05,5,64,0,0.0
g_n32_e96_k2_mid_44,g_n32_e96_k2_mid_44_p10,validation,0.1,9,64,1,0.015625
g_n32_e96_k2_mid_44,g_n32_e96_k2_mid_44_p10,validation,0.15,13,64,4,0.0625
g_n32_e96_k2_mid_45,g_n32_e96_k2_mid_45_p0,train,0.05,5,64,0,0.0
g_n32_e96_k2_mid_45,g_n32_e96_k2_mid_45_p0,train,0.1,10,64,1,0.015625
g_n32_e96_k2_mid_45,g_n32_e96_k2_mid_45_p0,train,0.15,15,64,2,0.03125
g_n32_e96_k2_mid_45,g_n32_e96_k2_mid_45_p5,train,0.05,5,64,0,0.0
g_n32_e96_k2_mid_45,g_n32_e96_k2_mid_45_p5,train,0.1,10,64,1,0.015625
g_n32_e96_k2_mid_45,g_n32_e96_k2_mid_45_p5,train,0.15,14,64,2,0.03125
g_n32_e96_k2_mid_45,g_n32_e96_k2_mid_45_p10,train,0.05,5,64,4,0.0625
g_n32_e96_k2_mid_45,g_n32_e96_k2_mid_45_p10,train,0.1,9,64,7,0.109375
g_n32_e96_k2_mid_45,g_n32_e96_k2_mid_45_p10,train,0.15,13,64,13,0.203125
g_n32_e96_k2_mid_46,g_n32_e96_k2_mid_46_p0,train,0.05,5,64,1,0.015625
g_n32_e96_k2_mid_46,g_n32_e96_k2_mid_46_p0,train,0.1,10,64,1,0.015625
g_n32_e96_k2_mid_46,g_n32_e96_k2_mid_46_p0,train,0.15,15,64,4,0.0625
g_n32_e96_k2_mid_46,g_n32_e96_k2_mid_46_p5,train,0.05,5,64,0,0.0
g_n32_e96_k2_mid_46,g_n32_e96_k2_mid_46_p5,train,0.1,10,64,2,0.03125
g_n32_e96_k2_mid_46,g_n32_e96_k2_mid_46_p5,train,0.15,14,64,3,0.046875
g_n32_e96_k2_mid_46,g_n32_e96_k2_mid_46_p10,train,0.05,5,64,0,0.0
g_n32_e96_k2_mid_46,g_n32_e96_k2_mid_46_p10,train,0.1,9,64,1,0.015625
g_n32_e96_k2_mid_46,g_n32_e96_k2_mid_46_p10,train,0.15,13,64,3,0.046875
g_n32_e96_k2_mid_47,g_n32_e96_k2_mid_47_p0,train,0.05,5,64,0,0.0
g_n32_e96_k2_mid_47,g_n32_e96_k2_mid_47_p0,train,0.1,10,64,0,0.0
g_n32_e96_k2_mid_47,g_n32_e96_k2_mid_47_p0,train,0.15,15,64,1,0.015625
g_n32_e96_k2_mid_47,g_n32_e96_k2_mid_47_p5,train,0.05,5,64,0,0.0
g_n32_e96_k2_mid_47,g_n32_e96_k2_mid_47_p5,train,0.1,10,64,1,0.015625
g_n32_e96_k2_mid_47,g_n32_e96_k2_mid_47_p5,train,0.15,14,64,3,0.046875
g_n32_e96_k2_mid_47,g_n32_e96_k2_mid_47_p10,train,0.05,5,64,3,0.046875
g_n32_e96_k2_mid_47,g_n32_e96_k2_mid_47_p10,train,0.1,9,64,7,0.109375
g_n32_e96_k2_mid_47,g_n32_e96_k2_mid_47_p10,train,0.15,13,64,13,0.203125
g_n32_e96_k2_mid_48,g_n32_e96_k2_mid_48_p0,test,0.05,5,64,0,0.0
g_n32_e96_k2_mid_48,g_n32_e96_k2_mid_48_p0,test,0.1,10,64,1,0.015625
g_n32_e96_k2_mid_48,g_n32_e96_k2_mid_48_p0,test,0.15,15,64,7,0.109375
g_n32_e96_k2_mid_48,g_n32_e96_k2_mid_48_p5,test,0.05,5,64,1,0.015625
g_n32_e96_k2_mid_48,g_n32_e96_k2_mid_48_p5,test,0.1,10,64,7,0.109375
g_n32_e96_k2_mid_48,g_n32_e96_k2_mid_48_p5,test,0.15,14,64,11,0.171875
g_n32_e96_k2_mid_48,g_n32_e96_k2_mid_48_p10,test,0.05,5,64,3,0.046875
g_n32_e96_k2_mid_48,g_n32_e96_k2_mid_48_p10,test,0.1,9,64,6,0.09375
g_n32_e96_k2_mid_48,g_n32_e96_k2_mid_48_p10,test,0.15,13,64,10,0.15625
g_n32_e96_k2_mid_49,g_n32_e96_k2_mid_49_p0,train,0.05,5,64,3,0.046875
g_n32_e96_k2_mid_49,g_n32_e96_k2_mid_49_p0,train,0.1,10,64,3,0.046875
g_n32_e96_k2_mid_49,g_n32_e96_k2_mid_49_p0,train,0.15,15,64,4,0.0625
g_n32_e96_k2_mid_49,g_n32_e96_k2_mid_49_p5,train,0.05,5,64,0,0.0
g_n32_e96_k2_mid_49,g_n32_e96_k2_mid_49_p5,train,0.1,10,64,3,0.046875
g_n32_e96_k2_mid_49,g_n32_e96_k2_mid_49_p5,train,0.15,14,64,8,0.125
g_n32_e96_k2_mid_49,g_n32_e96_k2_mid_49_p10,train,0.05,5,64,0,0.0
g_n32_e96_k2_mid_49,g_n32_e96_k2_mid_49_p10,train,0.1,9,64,2,0.03125
g_n32_e96_k2_mid_49,g_n32_e96_k2_mid_49_p10,train,0.15,13,64,5,0.078125
g_n32_e96_k2_mid_50,g_n32_e96_k2_mid_50_p0,train,0.05,5,64,0,0.0
g_n32_e96_k2_mid_50,g_n32_e96_k2_mid_50_p0,train,0.1,10,64,1,0.015625
g_n32_e96_k2_mid_50,g_n32_e96_k2_mid_50_p0,train,0.15,15,64,3,0.046875
g_n32_e96_k2_mid_50,g_n32_e96_k2_mid_50_p5,train,0.05,5,64,0,0.0
g_n32_e96_k2_mid_50,g_n32_e96_k2_mid_50_p5,train,0.1,10,64,0,0.0
g_n32_e96_k2_mid_50,g_n32_e96_k2_mid_50_p5,train,0.15,14,64,0,0.0
g_n32_e96_k2_mid_50,g_n32_e96_k2_mid_50_p10,train,0.05,5,64,0,0.0
g_n32_e96_k2_mid_50,g_n32_e96_k2_mid_50_p10,train,0.1,9,64,1,0.015625
g_n32_e96_k2_mid_50,g_n32_e96_k2_mid_50_p10,train,0.15,13,64,2,0.03125
g_n32_e96_k2_mid_51,g_n32_e96_k2_mid_51_p0,train,0.05,5,64,0,0.0
g_n32_e96_k2_mid_51,g_n32_e96_k2_mid_51_p0,train,0.1,10,64,0,0.0
g_n32_e96_k2_mid_51,g_n32_e96_k2_mid_51_p0,train,0.15,15,64,1,0.015625
g_n32_e96_k2_mid_51,g_n32_e96_k2_mid_51_p5,train,0.05,5,64,4,0.0625
g_n32_e96_k2_mid_51,g_n32_e96_k2_mid_51_p5,train,0.1,10,64,7,0.109375
g_n32_e96_k2_mid_51,g_n32_e96_k2_mid_51_p5,train,0.15,14,64,13,0.203125
g_n32_e96_k2_mid_51,g_n32_e96_k2_mid_51_p10,train,0.05,5,64,3,0.046875
g_n32_e96_k2_mid_51,g_n32_e96_k2_mid_51_p10,train,0.1,9,64,10,0.15625
g_n32_e96_k2_mid_51,g_n32_e96_k2_mid_51_p10,train,0.15,13,64,16,0.25
g_n32_e96_k2_mid_52,g_n32_e96_k2_mid_52_p0,train,0.05,5,64,0,0.0
g_n32_e96_k2_mid_52,g_n32_e96_k2_mid_52_p0,train,0.1,10,64,2,0.03125
g_n32_e96_k2_mid_52,g_n32_e96_k2_mid_52_p0,train,0.15,15,64,3,0.046875
g_n32_e96_k2_mid_52,g_n32_e96_k2_mid_52_p5,train,0.05,5,64,5,0.078125
g_n32_e96_k2_mid_52,g_n32_e96_k2_mid_52_p5,train,0.1,10,64,8,0.125
g_n32_e96_k2_mid_52,g_n32_e96_k2_mid_52_p5,train,0.15,14,64,9,0.140625
g_n32_e96_k2_mid_52,g_n32_e96_k2_mid_52_p10,train,0.05,5,64,3,0.046875
g_n32_e96_k2_mid_52,g_n32_e96_k2_mid_52_p10,train,0.1,9,64,6,0.09375
g_n32_e96_k2_mid_52,g_n32_e96_k2_mid_52_p10,train,0.15,13,64,9,0.140625
g_n32_e96_k2_mid_53,g_n32_e96_k2_mid_53_p0,validation,0.05,5,64,0,0.0
g_n32_e96_k2_mid_53,g_n32_e96_k2_mid_53_p0,validation,0.1,10,64,2,0.03125
g_n32_e96_k2_mid_53,g_n32_e96_k2_mid_53_p0,validation,0.15,15,64,4,0.0625
g_n32_e96_k2_mid_53,g_n32_e96_k2_mid_53_p5,validation,0.05,5,64,0,0.0
g_n32_e96_k2_mid_53,g_n32_e96_k2_mid_53_p5,validation,0.1,10,64,1,0.015625
g_n32_e96_k2_mid_53,g_n32_e96_k2_mid_53_p5,validation,0.15,14,64,2,0.03125
g_n32_e96_k2_mid_54,g_n32_e96_k2_mid_54_p0,train,0.05,5,64,0,0.0
g_n32_e96_k2_mid_54,g_n32_e96_k2_mid_54_p0,train,0.1,10,64,1,0.015625
g_n32_e96_k2_mid_54,g_n32_e96_k2_mid_54_p0,train,0.15,15,64,1,0.015625
g_n32_e96_k2_mid_54,g_n32_e96_k2_mid_54_p5,train,0.05,5,64,0,0.0
g_n32_e96_k2_mid_54,g_n32_e96_k2_mid_54_p5,train,0.1,10,64,1,0.015625
g_n32_e96_k2_mid_54,g_n32_e96_k2_mid_54_p5,train,0.15,14,64,3,0.046875
g_n32_e96_k2_mid_54,g_n32_e96_k2_mid_54_p10,train,0.05,5,64,6,0.09375
g_n32_e96_k2_mid_54,g_n32_e96_k2_mid_54_p10,train,0.1,9,64,8,0.125
g_n32_e96_k2_mid_54,g_n32_e96_k2_mid_54_p10,train,0.15,13,64,11,0.171875
g_n32_e96_k2_mid_55,g_n32_e96_k2_mid_55_p0,train,0.05,5,64,0,0.0
g_n32_e96_k2_mid_55,g_n32_e96_k2_mid_55_p0,train,0.1,10,64,3,0.046875
g_n32_e96_k2_mid_55,g_n32_e96_k2_mid_55_p0,train,0.15,15,64,6,0.09375
g_n32_e96_k2_mid_55,g_n32_e96_k2_mid_55_p5,train,0.05,5,64,1,0.015625
g_n32_e96_k2_mid_55,g_n32_e96_k2_mid_55_p5,train,0.1,10,64,2,0.03125
g_n32_e96_k2_mid_55,g_n32_e96_k2_mid_55_p5,train,0.15,14,64,2,0.03125
g_n32_e96_k2_mid_55,g_n32_e96_k2_mid_55_p10,train,0.05,5,64,2,0.03125
g_n32_e96_k2_mid_55,g_n32_e96_k2_mid_55_p10,train,0.1,9,64,4,0.0625
g_n32_e96_k2_mid_55,g_n32_e96_k2_mid_55_p10,train,0.15,13,64,6,0.09375
g_n32_e96_k2_mid_56,g_n32_e96_k2_mid_56_p0,train,0.05,5,64,0,0.0
g_n32_e96_k2_mid_56,g_n32_e96_k2_mid_56_p0,train,0.1,10,64,0,0.0
g_n32_e96_k2_mid_56,g_n32_e96_k2_mid_56_p0,train,0.15,15,64,3,0.046875
g_n32_e96_k2_mid_56,g_n32_e96_k2_mid_56_p5,train,0.05,5,64,0,0.0
g_n32_e96_k2_mid_56,g_n32_e96_k2_mid_56_p5,train,0.1,10,64,1,0.015625
g_n32_e96_k2_mid_56,g_n32_e96_k2_mid_56_p5,train,0.15,14,64,5,0.078125
g_n32_e96_k2_mid_56,g_n32_e96_k2_mid_56_p10,train,0.05,5,64,5,0.078125
g_n32_e96_k2_mid_56,g_n32_e96_k2_mid_56_p10,train,0.1,9,64,10,0.15625
g_n32_e96_k2_mid_56,g_n32_e96_k2_mid_56_p10,train,0.15,13,64,14,0.21875
g_n32_e96_k2_mid_57,g_n32_e96_k2_mid_57_p0,validation,0.05,5,64,0,0.0
g_n32_e96_k2_mid_57,g_n32_e96_k2_mid_57_p0,validation,0.1,10,64,0,0.0
g_n32_e96_k2_mid_57,g_n32_e96_k2_mid_57_p0,validation,0.15,15,64,0,0.0
g_n32_e96_k2_mid_57,g_n32_e96_k2_mid_57_p5,validation,0.05,5,64,1,0.015625
g_n32_e96_k2_mid_57,g_n32_e96_k2_mid_57_p5,validation,0.1,10,64,2,0.03125
g_n32_e96_k2_mid_57,g_n32_e96_k2_mid_57_p5,validation,0.15,14,64,4,0.0625
g_n32_e96_k2_mid_57,g_n32_e96_k2_mid_57_p10,validation,0.05,5,64,2,0.03125
g_n32_e96_k2_mid_57,g_n32_e96_k2_mid_57_p10,validation,0.1,9,64,10,0.15625
g_n32_e96_k2_mid_57,g_n32_e96_k2_mid_57_p10,validation,0.15,13,64,12,0.1875
g_n32_e96_k2_mid_58,g_n32_e96_k2_mid_58_p0,validation,0.05,5,64,1,0.015625
g_n32_e96_k2_mid_58,g_n32_e96_k2_mid_58_p0,validation,0.1,10,64,1,0.015625
g_n32_e96_k2_mid_58,g_n32_e96_k2_mid_58_p0,validation,0.15,15,64,4,0.0625
g_n32_e96_k2_mid_58,g_n32_e96_k2_mid_58_p5,validation,0.05,5,64,1,0.015625
g_n32_e96_k2_mid_58,g_n32_e96_k2_mid_58_p5,validation,0.1,10,64,2,0.03125
g_n32_e96_k2_mid_58,g_n32_e96_k2_mid_58_p5,validation,0.15,14,64,6,0.09375
g_n32_e96_k2_mid_58,g_n32_e96_k2_mid_58_p10,validation,0.05,5,64,0,0.0
g_n32_e96_k2_mid_58,g_n32_e96_k2_mid_58_p10,validation,0.1,9,64,1,0.015625
g_n32_e96_k2_mid_58,g_n32_e96_k2_mid_58_p10,validation,0.15,13,64,4,0.0625
g_n32_e96_k2_mid_59,g_n32_e96_k2_mid_59_p0,test,0.05,5,64,1,0.015625
g_n32_e96_k2_mid_59,g_n32_e96_k2_mid_59_p0,test,0.1,10,64,3,0.046875
g_n32_e96_k2_mid_59,g_n32_e96_k2_mid_59_p0,test,0.15,15,64,4,0.0625
g_n32_e96_k2_mid_59,g_n32_e96_k2_mid_59_p5,test,0.05,5,64,0,0.0
g_n32_e96_k2_mid_59,g_n32_e96_k2_mid_59_p5,test,0.1,10,64,0,0.0
g_n32_e96_k2_mid_59,g_n32_e96_k2_mid_59_p5,test,0.15,14,64,5,0.078125
g_n32_e96_k2_mid_59,g_n32_e96_k2_mid_59_p10,test,0.05,5,64,0,0.0
g_n32_e96_k2_mid_59,g_n32_e96_k2_mid_59_p10,test,0.1,9,64,1,0.015625
g_n32_e96_k2_mid_59,g_n32_e96_k2_mid_59_p10,test,0.15,13,64,2,0.03125
g_n32_e96_k2_high_60,g_n32_e96_k2_high_60_p0,test,0.05,5,64,0,0.0
g_n32_e96_k2_high_60,g_n32_e96_k2_high_60_p0,test,0.1,10,64,0,0.0
g_n32_e96_k2_high_60,g_n32_e96_k2_high_60_p0,test,0.15,15,64,1,0.015625
g_n32_e96_k2_high_60,g_n32_e96_k2_high_60_p5,test,0.05,5,64,2,0.03125
g_n32_e96_k2_high_60,g_n32_e96_k2_high_60_p5,test,0.1,10,64,2,0.03125
g_n32_e96_k2_high_60,g_n32_e96_k2_high_60_p5,test,0.15,14,64,4,0.0625
g_n32_e96_k2_high_60,g_n32_e96_k2_high_60_p10,test,0.05,5,64,5,0.078125
g_n32_e96_k2_high_60,g_n32_e96_k2_high_60_p10,test,0.1,9,64,9,0.140625
g_n32_e96_k2_high_60,g_n32_e96_k2_high_60_p10,test,0.15,13,64,12,0.1875
g_n32_e96_k2_high_61,g_n32_e96_k2_high_61_p0,train,0.05,5,64,2,0.03125
g_n32_e96_k2_high_61,g_n32_e96_k2_high_61_p0,train,0.1,10,64,2,0.03125
g_n32_e96_k2_high_61,g_n32_e96_k2_high_61_p0,train,0.15,15,64,2,0.03125
g_n32_e96_k2_high_61,g_n32_e96_k2_high_61_p5,train,0.05,5,64,0,0.0
g_n32_e96_k2_high_61,g_n32_e96_k2_high_61_p5,train,0.1,10,64,2,0.03125
g_n32_e96_k2_high_61,g_n32_e96_k2_high_61_p5,train,0.15,14,64,4,0.0625
g_n32_e96_k2_high_61,g_n32_e96_k2_high_61_p10,train,0.05,5,64,0,0.0
g_n32_e96_k2_high_61,g_n32_e96_k2_high_61_p10,train,0.1,9,64,0,0.0
g_n32_e96_k2_high_61,g_n32_e96_k2_high_61_p10,train,0.15,13,64,2,0.03125
g_n32_e96_k2_high_62,g_n32_e96_k2_high_62_p0,train,0.05,5,64,0,0.0
g_n32_e96_k2_high_62,g_n32_e96_k2_high_62_p0,train,0.1,10,64,0,0.0
g_n32_e96_k2_high_62,g_n32_e96_k2_high_62_p0,train,0.15,15,64,1,0.015625
g_n32_e96_k2_high_62,g_n32_e96_k2_high_62_p5,train,0.05,5,64,0,0.0
g_n32_e96_k2_high_62,g_n32_e96_k2_high_62_p5,train,0.1,10,64,1,0.015625
g_n32_e96_k2_high_62,g_n32_e96_k2_high_62_p5,train,0.15,14,64,2,0.03125
g_n32_e96_k2_high_62,g_n32_e96_k2_high_62_p10,train,0.05,5,64,1,0.015625
g_n32_e96_k2_high_62,g_n32_e96_k2_high_62_p10,train,0.1,9,64,4,0.0625
g_n32_e96_k2_high_62,g_n32_e96_k2_high_62_p10,train,0.15,13,64,6,0.09375
g_n32_e96_k2_high_63,g_n32_e96_k2_high_63_p0,test,0.05,5,64,0,0.0
g_n32_e96_k2_high_63,g_n32_e96_k2_high_63_p0,test,0.1,10,64,1,0.015625
g_n32_e96_k2_high_63,g_n32_e96_k2_high_63_p0,test,0.15,15,64,2,0.03125
g_n32_e96_k2_high_63,g_n32_e96_k2_high_63_p5,test,0.05,5,64,0,0.0
g_n32_e96_k2_high_63,g_n32_e96_k2_high_63_p5,test,0.1,10,64,0,0.0
g_n32_e96_k2_high_63,g_n32_e96_k2_high_63_p5,test,0.15,14,64,0,0.0
g_n32_e96_k2_high_63,g_n32_e96_k2_high_63_p10,test,0.05,5,64,4,0.0625
g_n32_e96_k2_high_63,g_n32_e96_k2_high_63_p10,test,0.1,9,64,8,0.125
g_n32_e96_k2_high_63,g_n32_e96_k2_high_63_p10,test,0.15,13,64,11,0.171875
g_n32_e96_k2_high_64,g_n32_e96_k2_high_64_p0,train,0.05,5,64,0,0.0
g_n32_e96_k2_high_64,g_n32_e96_k2_high_64_p0,train,0.1,10,64,0,0.0
g_n32_e96_k2_high_64,g_n32_e96_k2_high_64_p0,train,0.15,15,64,1,0.015625
g_n32_e96_k2_high_64,g_n32_e96_k2_high_64_p5,train,0.05,5,64,0,0.0
g_n32_e96_k2_high_64,g_n32_e96_k2_high_64_p5,train,0.1,10,64,0,0.0
g_n32_e96_k2_high_64,g_n32_e96_k2_high_64_p5,train,0.15,14,64,1,0.015625
g_n32_e96_k2_high_64,g_n32_e96_k2_high_64_p10,train,0.05,5,64,0,0.0
g_n32_e96_k2_high_64,g_n32_e96_k2_high_64_p10,train,0.1,9,64,0,0.0
g_n32_e96_k2_high_64,g_n32_e96_k2_high_64_p10,train,0.15,13,64,0,0.0
g_n32_e96_k2_high_65,g_n32_e96_k2_high_65_p0,train,0.05,5,64,0,0.0
g_n32_e96_k2_high_65,g_n32_e96_k2_high_65_p0,train,0.1,10,64,0,0.0
g_n32_e96_k2_high_65,g_n32_e96_k2_high_65_p0,train,0.15,15,64,1,0.015625
g_n32_e96_k2_high_65,g_n32_e96_k2_high_65_p5,train,0.05,5,64,0,0.0
g_n32_e96_k2_high_65,g_n32_e96_k2_high_65_p5,train,0.1,10,64,0,0.0
g_n32_e96_k2_high_65,g_n32_e96_k2_high_65_p5,train,0.15,14,64,3,0.046875
g_n32_e96_k2_high_65,g_n32_e96_k2_high_65_p10,train,0.05,5,64,2,0.03125
g_n32_e96_k2_high_65,g_n32_e96_k2_high_65_p10,train,0.1,9,64,4,0.0625
g_n32_e96_k2_high_65,g_n32_e96_k2_high_65_p10,train,0.15,13,64,4,0.0625
g_n32_e96_k2_high_66,g_n32_e96_k2_high_66_p0,train,0.05,5,64,1,0.015625
g_n32_e96_k2_high_66,g_n32_e96_k2_high_66_p0,train,0.1,10,64,2,0.03125
g_n32_e96_k2_high_66,g_n32_e96_k2_high_66_p0,train,0.15,15,64,2,0.03125
g_n32_e96_k2_high_66,g_n32_e96_k2_high_66_p5,train,0.05,5,64,0,0.0
g_n32_e96_k2_high_66,g_n32_e96_k2_high_66_p5,train,0.1,10,64,0,0.0
g_n32_e96_k2_high_66,g_n32_e96_k2_high_66_p5,train,0.15,14,64,0,0.0
g_n32_e96_k2_high_66,g_n32_e96_k2_high_66_p10,train,0.05,5,64,0,0.0
g_n32_e96_k2_high_66,g_n32_e96_k2_high_66_p10,train,0.1,9,64,0,0.0
g_n32_e96_k2_high_66,g_n32_e96_k2_high_66_p10,train,0.15,13,64,4,0.0625
g_n32_e96_k2_high_67,g_n32_e96_k2_high_67_p0,train,0.05,5,64,1,0.015625
g_n32_e96_k2_high_67,g_n32_e96_k2_high_67_p0,train,0.1,10,64,2,0.03125
g_n32_e96_k2_high_67,g_n32_e96_k2_high_67_p0,train,0.15,15,64,2,0.03125
g_n32_e96_k2_high_67,g_n32_e96_k2_high_67_p5,train,0.05,5,64,0,0.0
g_n32_e96_k2_high_67,g_n32_e96_k2_high_67_p5,train,0.1,10,64,0,0.0
g_n32_e96_k2_high_67,g_n32_e96_k2_high_67_p5,train,0.15,14,64,2,0.03125
g_n32_e96_k2_high_67,g_n32_e96_k2_high_67_p10,train,0.05,5,64,0,0.0
g_n32_e96_k2_high_67,g_n32_e96_k2_high_67_p10,train,0.1,9,64,2,0.03125
g_n32_e96_k2_high_67,g_n32_e96_k2_high_67_p10,train,0.15,13,64,3,0.046875
g_n32_e96_k2_high_68,g_n32_e96_k2_high_68_p0,test,0.05,5,64,1,0.015625
g_n32_e96_k2_high_68,g_n32_e96_k2_high_68_p0,test,0.1,10,64,2,0.03125
g_n32_e96_k2_high_68,g_n32_e96_k2_high_68_p0,test,0.15,15,64,3,0.046875
g_n32_e96_k2_high_68,g_n32_e96_k2_high_68_p5,test,0.05,5,64,0,0.0
g_n32_e96_k2_high_68,g_n32_e96_k2_high_68_p5,test,0.1,10,64,0,0.0
g_n32_e96_k2_high_68,g_n32_e96_k2_high_68_p5,test,0.15,14,64,0,0.0
g_n32_e96_k2_high_68,g_n32_e96_k2_high_68_p10,test,0.05,5,64,0,0.0
g_n32_e96_k2_high_68,g_n32_e96_k2_high_68_p10,test,0.1,9,64,0,0.0
g_n32_e96_k2_high_68,g_n32_e96_k2_high_68_p10,test,0.15,13,64,1,0.015625
g_n32_e96_k2_high_69,g_n32_e96_k2_high_69_p0,train,0.05,5,64,0,0.0
g_n32_e96_k2_high_69,g_n32_e96_k2_high_69_p0,train,0.1,10,64,0,0.0
g_n32_e96_k2_high_69,g_n32_e96_k2_high_69_p0,train,0.15,15,64,0,0.0
g_n32_e96_k2_high_69,g_n32_e96_k2_high_69_p5,train,0.05,5,64,0,0.0
g_n32_e96_k2_high_69,g_n32_e96_k2_high_69_p5,train,0.1,10,64,3,0.046875
g_n32_e96_k2_high_69,g_n32_e96_k2_high_69_p5,train,0.15,14,64,4,0.0625
g_n32_e96_k2_high_69,g_n32_e96_k2_high_69_p10,train,0.05,5,64,0,0.0
g_n32_e96_k2_high_69,g_n32_e96_k2_high_69_p10,train,0.1,9,64,1,0.015625
g_n32_e96_k2_high_69,g_n32_e96_k2_high_69_p10,train,0.15,13,64,1,0.015625
g_n32_e96_k2_high_70,g_n32_e96_k2_high_70_p0,train,0.05,5,64,0,0.0
g_n32_e96_k2_high_70,g_n32_e96_k2_high_70_p0,train,0.1,10,64,2,0.03125
g_n32_e96_k2_high_70,g_n32_e96_k2_high_70_p0,train,0.15,15,64,3,0.046875
g_n32_e96_k2_high_70,g_n32_e96_k2_high_70_p5,train,0.05,5,64,1,0.015625
g_n32_e96_k2_high_70,g_n32_e96_k2_high_70_p5,train,0.1,10,64,2,0.03125
g_n32_e96_k2_high_70,g_n32_e96_k2_high_70_p5,train,0.15,14,64,4,0.0625
g_n32_e96_k2_high_70,g_n32_e96_k2_high_70_p10,train,0.05,5,64,0,0.0
g_n32_e96_k2_high_70,g_n32_e96_k2_high_70_p10,train,0.1,9,64,1,0.015625
g_n32_e96_k2_high_70,g_n32_e96_k2_high_70_p10,train,0.15,13,64,1,0.015625
g_n32_e96_k2_high_71,g_n32_e96_k2_high_71_p0,train,0.05,5,64,0,0.0
g_n32_e96_k2_high_71,g_n32_e96_k2_high_71_p0,train,0.1,10,64,0,0.0
g_n32_e96_k2_high_71,g_n32_e96_k2_high_71_p0,train,0.15,15,64,1,0.015625
g_n32_e96_k2_high_71,g_n32_e96_k2_high_71_p5,train,0.05,5,64,1,0.015625
g_n32_e96_k2_high_71,g_n32_e96_k2_high_71_p5,train,0.1,10,64,1,0.015625
g_n32_e96_k2_high_71,g_n32_e96_k2_high_71_p5,train,0.15,14,64,3,0.046875
g_n32_e96_k2_high_71,g_n32_e96_k2_high_71_p10,train,0.05,5,64,1,0.015625
g_n32_e96_k2_high_71,g_n32_e96_k2_high_71_p10,train,0.1,9,64,1,0.015625
g_n32_e96_k2_high_71,g_n32_e96_k2_high_71_p10,train,0.15,13,64,1,0.015625
g_n32_e96_k2_high_72,g_n32_e96_k2_high_72_p0,train,0.05,5,64,0,0.0
g_n32_e96_k2_high_72,g_n32_e96_k2_high_72_p0,train,0.1,10,64,1,0.015625
g_n32_e96_k2_high_72,g_n32_e96_k2_high_72_p0,train,0.15,15,64,2,0.03125
g_n32_e96_k2_high_72,g_n32_e96_k2_high_72_p5,train,0.05,5,64,0,0.0
g_n32_e96_k2_high_72,g_n32_e96_k2_high_72_p5,train,0.1,10,64,1,0.015625
g_n32_e96_k2_high_72,g_n32_e96_k2_high_72_p5,train,0.15,14,64,1,0.015625
g_n32_e96_k2_high_72,g_n32_e96_k2_high_72_p10,train,0.05,5,64,0,0.0
g_n32_e96_k2_high_72,g_n32_e96_k2_high_72_p10,train,0.1,9,64,0,0.0
g_n32_e96_k2_high_72,g_n32_e96_k2_high_72_p10,train,0.15,13,64,1,0.015625
g_n32_e96_k2_high_73,g_n32_e96_k2_high_73_p0,test,0.05,5,64,0,0.0
g_n32_e96_k2_high_73,g_n32_e96_k2_high_73_p0,test,0.1,10,64,0,0.0
g_n32_e96_k2_high_73,g_n32_e96_k2_high_73_p0,test,0.15,15,64,2,0.03125
g_n32_e96_k2_high_73,g_n32_e96_k2_high_73_p5,test,0.05,5,64,0,0.0
g_n32_e96_k2_high_73,g_n32_e96_k2_high_73_p5,test,0.1,10,64,1,0.015625
g_n32_e96_k2_high_73,g_n32_e96_k2_high_73_p5,test,0.15,14,64,3,0.046875
g_n32_e96_k2_high_73,g_n32_e96_k2_high_73_p10,test,0.05,5,64,0,0.0
g_n32_e96_k2_high_73,g_n32_e96_k2_high_73_p10,test,0.1,9,64,1,0.015625
g_n32_e96_k2_high_73,g_n32_e96_k2_high_73_p10,test,0.15,13,64,4,0.0625
g_n32_e96_k2_high_74,g_n32_e96_k2_high_74_p0,train,0.05,5,64,1,0.015625
g_n32_e96_k2_high_74,g_n32_e96_k2_high_74_p0,train,0.1,10,64,3,0.046875
g_n32_e96_k2_high_74,g_n32_e96_k2_high_74_p0,train,0.15,15,64,3,0.046875
g_n32_e96_k2_high_74,g_n32_e96_k2_high_74_p5,train,0.05,5,64,1,0.015625
g_n32_e96_k2_high_74,g_n32_e96_k2_high_74_p5,train,0.1,10,64,6,0.09375
g_n32_e96_k2_high_74,g_n32_e96_k2_high_74_p5,train,0.15,14,64,10,0.15625
g_n32_e96_k2_high_74,g_n32_e96_k2_high_74_p10,train,0.05,5,64,0,0.0
g_n32_e96_k2_high_74,g_n32_e96_k2_high_74_p10,train,0.1,9,64,0,0.0
g_n32_e96_k2_high_74,g_n32_e96_k2_high_74_p10,train,0.15,13,64,1,0.015625
g_n32_e96_k2_high_75,g_n32_e96_k2_high_75_p0,validation,0.05,5,64,0,0.0
g_n32_e96_k2_high_75,g_n32_e96_k2_high_75_p0,validation,0.1,10,64,2,0.03125
g_n32_e96_k2_high_75,g_n32_e96_k2_high_75_p0,validation,0.15,15,64,4,0.0625
g_n32_e96_k2_high_75,g_n32_e96_k2_high_75_p5,validation,0.05,5,64,1,0.015625
g_n32_e96_k2_high_75,g_n32_e96_k2_high_75_p5,validation,0.1,10,64,1,0.015625
g_n32_e96_k2_high_75,g_n32_e96_k2_high_75_p5,validation,0.15,14,64,2,0.03125
g_n32_e96_k2_high_75,g_n32_e96_k2_high_75_p10,validation,0.05,5,64,0,0.0
g_n32_e96_k2_high_75,g_n32_e96_k2_high_75_p10,validation,0.1,9,64,2,0.03125
g_n32_e96_k2_high_75,g_n32_e96_k2_high_75_p10,validation,0.15,13,64,4,0.0625
g_n32_e96_k2_high_76,g_n32_e96_k2_high_76_p0,train,0.05,5,64,0,0.0
g_n32_e96_k2_high_76,g_n32_e96_k2_high_76_p0,train,0.1,10,64,0,0.0
g_n32_e96_k2_high_76,g_n32_e96_k2_high_76_p0,train,0.15,15,64,2,0.03125
g_n32_e96_k2_high_76,g_n32_e96_k2_high_76_p5,train,0.05,5,64,0,0.0
g_n32_e96_k2_high_76,g_n32_e96_k2_high_76_p5,train,0.1,10,64,0,0.0
g_n32_e96_k2_high_76,g_n32_e96_k2_high_76_p5,train,0.15,14,64,1,0.015625
g_n32_e96_k2_high_76,g_n32_e96_k2_high_76_p10,train,0.05,5,64,0,0.0
g_n32_e96_k2_high_76,g_n32_e96_k2_high_76_p10,train,0.1,9,64,0,0.0
g_n32_e96_k2_high_76,g_n32_e96_k2_high_76_p10,train,0.15,13,64,2,0.03125
g_n32_e96_k2_high_77,g_n32_e96_k2_high_77_p0,train,0.05,5,64,0,0.0
g_n32_e96_k2_high_77,g_n32_e96_k2_high_77_p0,train,0.1,10,64,1,0.015625
g_n32_e96_k2_high_77,g_n32_e96_k2_high_77_p0,train,0.15,15,64,1,0.015625
g_n32_e96_k2_high_77,g_n32_e96_k2_high_77_p5,train,0.05,5,64,0,0.0
g_n32_e96_k2_high_77,g_n32_e96_k2_high_77_p5,train,0.1,10,64,0,0.0
g_n32_e96_k2_high_77,g_n32_e96_k2_high_77_p5,train,0.15,14,64,2,0.03125
g_n32_e96_k2_high_77,g_n32_e96_k2_high_77_p10,train,0.05,5,64,3,0.046875
g_n32_e96_k2_high_77,g_n32_e96_k2_high_77_p10,train,0.1,9,64,4,0.0625
g_n32_e96_k2_high_77,g_n32_e96_k2_high_77_p10,train,0.15,13,64,7,0.109375
g_n32_e96_k2_high_78,g_n32_e96_k2_high_78_p0,test,0.05,5,64,0,0.0
g_n32_e96_k2_high_78,g_n32_e96_k2_high_78_p0,test,0.1,10,64,0,0.0
g_n32_e96_k2_high_78,g_n32_e96_k2_high_78_p0,test,0.15,15,64,0,0.0
g_n32_e96_k2_high_78,g_n32_e96_k2_high_78_p5,test,0.05,5,64,0,0.0
g_n32_e96_k2_high_78,g_n32_e96_k2_high_78_p5,test,0.1,10,64,0,0.0
g_n32_e96_k2_high_78,g_n32_e96_k2_high_78_p5,test,0.15,14,64,0,0.0
g_n32_e96_k2_high_78,g_n32_e96_k2_high_78_p10,test,0.05,5,64,5,0.078125
g_n32_e96_k2_high_78,g_n32_e96_k2_high_78_p10,test,0.1,9,64,7,0.109375
g_n32_e96_k2_high_78,g_n32_e96_k2_high_78_p10,test,0.15,13,64,10,0.15625
g_n32_e96_k2_high_79,g_n32_e96_k2_high_79_p0,validation,0.05,5,64,0,0.0
g_n32_e96_k2_high_79,g_n32_e96_k2_high_79_p0,validation,0.1,10,64,0,0.0
g_n32_e96_k2_high_79,g_n32_e96_k2_high_79_p0,validation,0.15,15,64,0,0.0
g_n32_e96_k2_high_79,g_n32_e96_k2_high_79_p5,validation,0.05,5,64,0,0.0
g_n32_e96_k2_high_79,g_n32_e96_k2_high_79_p5,validation,0.1,10,64,0,0.0
g_n32_e96_k2_high_79,g_n32_e96_k2_high_79_p5,validation,0.15,14,64,1,0.015625
g_n32_e96_k2_high_79,g_n32_e96_k2_high_79_p10,validation,0.05,5,64,0,0.0
g_n32_e96_k2_high_79,g_n32_e96_k2_high_79_p10,validation,0.1,9,64,2,0.03125
g_n32_e96_k2_high_79,g_n32_e96_k2_high_79_p10,validation,0.15,13,64,3,0.046875
g_n32_e96_k2_high_80,g_n32_e96_k2_high_80_p0,train,0.05,5,64,0,0.0
g_n32_e96_k2_high_80,g_n32_e96_k2_high_80_p0,train,0.1,10,64,0,0.0
g_n32_e96_k2_high_80,g_n32_e96_k2_high_80_p0,train,0.15,15,64,0,0.0
g_n32_e96_k2_high_80,g_n32_e96_k2_high_80_p5,train,0.05,5,64,0,0.0
g_n32_e96_k2_high_80,g_n32_e96_k2_high_80_p5,train,0.1,10,64,0,0.0
g_n32_e96_k2_high_80,g_n32_e96_k2_high_80_p5,train,0.15,14,64,1,0.015625
g_n32_e96_k2_high_80,g_n32_e96_k2_high_80_p10,train,0.05,5,64,0,0.0
g_n32_e96_k2_high_80,g_n32_e96_k2_high_80_p10,train,0.1,9,64,0,0.0
g_n32_e96_k2_high_80,g_n32_e96_k2_high_80_p10,train,0.15,13,64,1,0.015625
g_n32_e96_k2_high_81,g_n32_e96_k2_high_81_p0,train,0.05,5,64,0,0.0
g_n32_e96_k2_high_81,g_n32_e96_k2_high_81_p0,train,0.1,10,64,0,0.0
g_n32_e96_k2_high_81,g_n32_e96_k2_high_81_p0,train,0.15,15,64,1,0.015625
g_n32_e96_k2_high_81,g_n32_e96_k2_high_81_p5,train,0.05,5,64,1,0.015625
g_n32_e96_k2_high_81,g_n32_e96_k2_high_81_p5,train,0.1,10,64,4,0.0625
g_n32_e96_k2_high_81,g_n32_e96_k2_high_81_p5,train,0.15,14,64,9,0.140625
g_n32_e96_k2_high_81,g_n32_e96_k2_high_81_p10,train,0.05,5,64,0,0.0
g_n32_e96_k2_high_81,g_n32_e96_k2_high_81_p10,train,0.1,9,64,1,0.015625
g_n32_e96_k2_high_81,g_n32_e96_k2_high_81_p10,train,0.15,13,64,5,0.078125
g_n32_e96_k2_high_82,g_n32_e96_k2_high_82_p0,train,0.05,5,64,0,0.0
g_n32_e96_k2_high_82,g_n32_e96_k2_high_82_p0,train,0.1,10,64,1,0.015625
g_n32_e96_k2_high_82,g_n32_e96_k2_high_82_p0,train,0.15,15,64,1,0.015625
g_n32_e96_k2_high_82,g_n32_e96_k2_high_82_p5,train,0.05,5,64,0,0.0
g_n32_e96_k2_high_82,g_n32_e96_k2_high_82_p5,train,0.1,10,64,1,0.015625
g_n32_e96_k2_high_82,g_n32_e96_k2_high_82_p5,train,0.15,14,64,3,0.046875
g_n32_e96_k2_high_82,g_n32_e96_k2_high_82_p10,train,0.05,5,64,4,0.0625
g_n32_e96_k2_high_82,g_n32_e96_k2_high_82_p10,train,0.1,9,64,7,0.109375
g_n32_e96_k2_high_82,g_n32_e96_k2_high_82_p10,train,0.15,13,64,13,0.203125
g_n32_e96_k2_high_83,g_n32_e96_k2_high_83_p0,test,0.05,5,64,0,0.0
g_n32_e96_k2_high_83,g_n32_e96_k2_high_83_p0,test,0.1,10,64,0,0.0
g_n32_e96_k2_high_83,g_n32_e96_k2_high_83_p0,test,0.15,15,64,1,0.015625
g_n32_e96_k2_high_83,g_n32_e96_k2_high_83_p5,test,0.05,5,64,1,0.015625
g_n32_e96_k2_high_83,g_n32_e96_k2_high_83_p5,test,0.1,10,64,2,0.03125
g_n32_e96_k2_high_83,g_n32_e96_k2_high_83_p5,test,0.15,14,64,3,0.046875
g_n32_e96_k2_high_83,g_n32_e96_k2_high_83_p10,test,0.05,5,64,0,0.0
g_n32_e96_k2_high_83,g_n32_e96_k2_high_83_p10,test,0.1,9,64,1,0.015625
g_n32_e96_k2_high_83,g_n32_e96_k2_high_83_p10,test,0.15,13,64,4,0.0625
g_n32_e96_k2_high_84,g_n32_e96_k2_high_84_p0,validation,0.05,5,64,0,0.0
g_n32_e96_k2_high_84,g_n32_e96_k2_high_84_p0,validation,0.1,10,64,0,0.0
g_n32_e96_k2_high_84,g_n32_e96_k2_high_84_p0,validation,0.15,15,64,2,0.03125
g_n32_e96_k2_high_84,g_n32_e96_k2_high_84_p5,validation,0.05,5,64,0,0.0
g_n32_e96_k2_high_84,g_n32_e96_k2_high_84_p5,validation,0.1,10,64,2,0.03125
g_n32_e96_k2_high_84,g_n32_e96_k2_high_84_p5,validation,0.15,14,64,2,0.03125
g_n32_e96_k2_high_84,g_n32_e96_k2_high_84_p10,validation,0.05,5,64,0,0.0
g_n32_e96_k2_high_84,g_n32_e96_k2_high_84_p10,validation,0.1,9,64,1,0.015625
g_n32_e96_k2_high_84,g_n32_e96_k2_high_84_p10,validation,0.15,13,64,4,0.0625
g_n32_e96_k2_high_85,g_n32_e96_k2_high_85_p0,train,0.05,5,64,0,0.0
g_n32_e96_k2_high_85,g_n32_e96_k2_high_85_p0,train,0.1,10,64,0,0.0
g_n32_e96_k2_high_85,g_n32_e96_k2_high_85_p0,train,0.15,15,64,2,0.03125
g_n32_e96_k2_high_85,g_n32_e96_k2_high_85_p5,train,0.05,5,64,4,0.0625
g_n32_e96_k2_high_85,g_n32_e96_k2_high_85_p5,train,0.1,10,64,6,0.09375
g_n32_e96_k2_high_85,g_n32_e96_k2_high_85_p5,train,0.15,14,64,11,0.171875
g_n32_e96_k2_high_85,g_n32_e96_k2_high_85_p10,train,0.05,5,64,0,0.0
g_n32_e96_k2_high_85,g_n32_e96_k2_high_85_p10,train,0.1,9,64,2,0.03125
g_n32_e96_k2_high_85,g_n32_e96_k2_high_85_p10,train,0.15,13,64,5,0.078125
g_n32_e96_k2_high_86,g_n32_e96_k2_high_86_p0,validation,0.05,5,64,1,0.015625
g_n32_e96_k2_high_86,g_n32_e96_k2_high_86_p0,validation,0.1,10,64,1,0.015625
g_n32_e96_k2_high_86,g_n32_e96_k2_high_86_p0,validation,0.15,15,64,2,0.03125
g_n32_e96_k2_high_86,g_n32_e96_k2_high_86_p5,validation,0.05,5,64,4,0.0625
g_n32_e96_k2_high_86,g_n32_e96_k2_high_86_p5,validation,0.1,10,64,8,0.125
g_n32_e96_k2_high_86,g_n32_e96_k2_high_86_p5,validation,0.15,14,64,10,0.15625
g_n32_e96_k2_high_86,g_n32_e96_k2_high_86_p10,validation,0.05,5,64,0,0.0
g_n32_e96_k2_high_86,g_n32_e96_k2_high_86_p10,validation,0.1,9,64,0,0.0
g_n32_e96_k2_high_86,g_n32_e96_k2_high_86_p10,validation,0.15,13,64,4,0.0625
g_n32_e96_k2_high_87,g_n32_e96_k2_high_87_p0,validation,0.05,5,64,2,0.03125
g_n32_e96_k2_high_87,g_n32_e96_k2_high_87_p0,validation,0.1,10,64,4,0.0625
g_n32_e96_k2_high_87,g_n32_e96_k2_high_87_p0,validation,0.15,15,64,6,0.09375
g_n32_e96_k2_high_87,g_n32_e96_k2_high_87_p5,validation,0.05,5,64,0,0.0
g_n32_e96_k2_high_87,g_n32_e96_k2_high_87_p5,validation,0.1,10,64,3,0.046875
g_n32_e96_k2_high_87,g_n32_e96_k2_high_87_p5,validation,0.15,14,64,7,0.109375
g_n32_e96_k2_high_87,g_n32_e96_k2_high_87_p10,validation,0.05,5,64,0,0.0
g_n32_e96_k2_high_87,g_n32_e96_k2_high_87_p10,validation,0.1,9,64,1,0.015625
g_n32_e96_k2_high_87,g_n32_e96_k2_high_87_p10,validation,0.15,13,64,2,0.03125
g_n32_e96_k2_high_88,g_n32_e96_k2_high_88_p0,train,0.05,5,64,0,0.0
g_n32_e96_k2_high_88,g_n32_e96_k2_high_88_p0,train,0.1,10,64,1,0.015625
g_n32_e96_k2_high_88,g_n32_e96_k2_high_88_p0,train,0.15,15,64,2,0.03125
g_n32_e96_k2_high_88,g_n32_e96_k2_high_88_p5,train,0.05,5,64,0,0.0
g_n32_e96_k2_high_88,g_n32_e96_k2_high_88_p5,train,0.1,10,64,0,0.0
g_n32_e96_k2_high_88,g_n32_e96_k2_high_88_p5,train,0.15,14,64,1,0.015625
g_n32_e96_k2_high_88,g_n32_e96_k2_high_88_p10,train,0.05,5,64,0,0.0
g_n32_e96_k2_high_88,g_n32_e96_k2_high_88_p10,train,0.1,9,64,0,0.0
g_n32_e96_k2_high_88,g_n32_e96_k2_high_88_p10,train,0.15,13,64,0,0.0
g_n32_e96_k2_high_89,g_n32_e96_k2_high_89_p0,validation,0.05,5,64,1,0.015625
g_n32_e96_k2_high_89,g_n32_e96_k2_high_89_p0,validation,0.1,10,64,1,0.015625
g_n32_e96_k2_high_89,g_n32_e96_k2_high_89_p0,validation,0.15,15,64,3,0.046875
g_n32_e96_k2_high_89,g_n32_e96_k2_high_89_p5,validation,0.05,5,64,0,0.0
g_n32_e96_k2_high_89,g_n32_e96_k2_high_89_p5,validation,0.1,10,64,0,0.0
g_n32_e96_k2_high_89,g_n32_e96_k2_high_89_p5,validation,0.15,14,64,3,0.046875
g_n32_e96_k2_high_89,g_n32_e96_k2_high_89_p10,validation,0.05,5,64,1,0.015625
g_n32_e96_k2_high_89,g_n32_e96_k2_high_89_p10,validation,0.1,9,64,2,0.03125
g_n32_e96_k2_high_89,g_n32_e96_k2_high_89_p10,validation,0.15,13,64,5,0.078125
g_n32_e96_k3_low_00,g_n32_e96_k3_low_00_p0,train,0.05,5,64,0,0.0
g_n32_e96_k3_low_00,g_n32_e96_k3_low_00_p0,train,0.1,10,64,0,0.0
g_n32_e96_k3_low_00,g_n32_e96_k3_low_00_p0,train,0.15,15,64,1,0.015625
g_n32_e96_k3_low_00,g_n32_e96_k3_low_00_p5,train,0.05,5,64,0,0.0
g_n32_e96_k3_low_00,g_n32_e96_k3_low_00_p5,train,0.1,10,64,1,0.015625
g_n32_e96_k3_low_00,g_n32_e96_k3_low_00_p5,train,0.15,14,64,4,0.0625
g_n32_e96_k3_low_00,g_n32_e96_k3_low_00_p10,train,0.05,5,64,0,0.0
g_n32_e96_k3_low_00,g_n32_e96_k3_low_00_p10,train,0.1,9,64,0,0.0
g_n32_e96_k3_low_00,g_n32_e96_k3_low_00_p10,train,0.15,13,64,0,0.0
g_n32_e96_k3_low_01,g_n32_e96_k3_low_01_p0,validation,0.05,5,64,0,0.0
g_n32_e96_k3_low_01,g_n32_e96_k3_low_01_p0,validation,0.1,10,64,0,0.0
g_n32_e96_k3_low_01,g_n32_e96_k3_low_01_p0,validation,0.15,15,64,0,0.0
g_n32_e96_k3_low_01,g_n32_e96_k3_low_01_p5,validation,0.05,5,64,0,0.0
g_n32_e96_k3_low_01,g_n32_e96_k3_low_01_p5,validation,0.1,10,64,1,0.015625
g_n32_e96_k3_low_01,g_n32_e96_k3_low_01_p5,validation,0.15,14,64,1,0.015625
g_n32_e96_k3_low_01,g_n32_e96_k3_low_01_p10,validation,0.05,5,64,5,0.078125
g_n32_e96_k3_low_01,g_n32_e96_k3_low_01_p10,validation,0.1,9,64,8,0.125
g_n32_e96_k3_low_01,g_n32_e96_k3_low_01_p10,validation,0.15,13,64,17,0.265625
g_n32_e96_k3_low_02,g_n32_e96_k3_low_02_p0,train,0.05,5,64,0,0.0
g_n32_e96_k3_low_02,g_n32_e96_k3_low_02_p0,train,0.1,10,64,1,0.015625
g_n32_e96_k3_low_02,g_n32_e96_k3_low_02_p0,train,0.15,15,64,2,0.03125
g_n32_e96_k3_low_02,g_n32_e96_k3_low_02_p5,train,0.05,5,64,0,0.0
g_n32_e96_k3_low_02,g_n32_e96_k3_low_02_p5,train,0.1,10,64,2,0.03125
g_n32_e96_k3_low_02,g_n32_e96_k3_low_02_p5,train,0.15,14,64,2,0.03125
g_n32_e96_k3_low_02,g_n32_e96_k3_low_02_p10,train,0.05,5,64,0,0.0
g_n32_e96_k3_low_02,g_n32_e96_k3_low_02_p10,train,0.1,9,64,1,0.015625
g_n32_e96_k3_low_02,g_n32_e96_k3_low_02_p10,train,0.15,13,64,2,0.03125
g_n32_e96_k3_low_03,g_n32_e96_k3_low_03_p0,test,0.05,5,64,0,0.0
g_n32_e96_k3_low_03,g_n32_e96_k3_low_03_p0,test,0.1,10,64,0,0.0
g_n32_e96_k3_low_03,g_n32_e96_k3_low_03_p0,test,0.15,15,64,0,0.0
g_n32_e96_k3_low_03,g_n32_e96_k3_low_03_p5,test,0.05,5,64,0,0.0
g_n32_e96_k3_low_03,g_n32_e96_k3_low_03_p5,test,0.1,10,64,2,0.03125
g_n32_e96_k3_low_03,g_n32_e96_k3_low_03_p5,test,0.15,14,64,5,0.078125
g_n32_e96_k3_low_03,g_n32_e96_k3_low_03_p10,test,0.05,5,64,0,0.0
g_n32_e96_k3_low_03,g_n32_e96_k3_low_03_p10,test,0.1,9,64,3,0.046875
g_n32_e96_k3_low_03,g_n32_e96_k3_low_03_p10,test,0.15,13,64,6,0.09375
g_n32_e96_k3_low_04,g_n32_e96_k3_low_04_p0,train,0.05,5,64,0,0.0
g_n32_e96_k3_low_04,g_n32_e96_k3_low_04_p0,train,0.1,10,64,0,0.0
g_n32_e96_k3_low_04,g_n32_e96_k3_low_04_p0,train,0.15,15,64,1,0.015625
g_n32_e96_k3_low_04,g_n32_e96_k3_low_04_p5,train,0.05,5,64,0,0.0
g_n32_e96_k3_low_04,g_n32_e96_k3_low_04_p5,train,0.1,10,64,1,0.015625
g_n32_e96_k3_low_04,g_n32_e96_k3_low_04_p5,train,0.15,14,64,1,0.015625
g_n32_e96_k3_low_04,g_n32_e96_k3_low_04_p10,train,0.05,5,64,0,0.0
g_n32_e96_k3_low_04,g_n32_e96_k3_low_04_p10,train,0.1,9,64,0,0.0
g_n32_e96_k3_low_04,g_n32_e96_k3_low_04_p10,train,0.15,13,64,2,0.03125
g_n32_e96_k3_low_05,g_n32_e96_k3_low_05_p0,test,0.05,5,64,0,0.0
g_n32_e96_k3_low_05,g_n32_e96_k3_low_05_p0,test,0.1,10,64,0,0.0
g_n32_e96_k3_low_05,g_n32_e96_k3_low_05_p0,test,0.15,15,64,1,0.015625
g_n32_e96_k3_low_05,g_n32_e96_k3_low_05_p5,test,0.05,5,64,0,0.0
g_n32_e96_k3_low_05,g_n32_e96_k3_low_05_p5,test,0.1,10,64,0,0.0
g_n32_e96_k3_low_05,g_n32_e96_k3_low_05_p5,test,0.15,14,64,1,0.015625
g_n32_e96_k3_low_05,g_n32_e96_k3_low_05_p10,test,0.05,5,64,1,0.015625
g_n32_e96_k3_low_05,g_n32_e96_k3_low_05_p10,test,0.1,9,64,2,0.03125
g_n32_e96_k3_low_05,g_n32_e96_k3_low_05_p10,test,0.15,13,64,7,0.109375
g_n32_e96_k3_low_06,g_n32_e96_k3_low_06_p0,train,0.05,5,64,0,0.0
g_n32_e96_k3_low_06,g_n32_e96_k3_low_06_p0,train,0.1,10,64,0,0.0
g_n32_e96_k3_low_06,g_n32_e96_k3_low_06_p0,train,0.15,15,64,1,0.015625
g_n32_e96_k3_low_06,g_n32_e96_k3_low_06_p5,train,0.05,5,64,0,0.0
g_n32_e96_k3_low_06,g_n32_e96_k3_low_06_p5,train,0.1,10,64,0,0.0
g_n32_e96_k3_low_06,g_n32_e96_k3_low_06_p5,train,0.15,14,64,2,0.03125
g_n32_e96_k3_low_06,g_n32_e96_k3_low_06_p10,train,0.05,5,64,1,0.015625
g_n32_e96_k3_low_06,g_n32_e96_k3_low_06_p10,train,0.1,9,64,2,0.03125
g_n32_e96_k3_low_06,g_n32_e96_k3_low_06_p10,train,0.15,13,64,3,0.046875
g_n32_e96_k3_low_07,g_n32_e96_k3_low_07_p0,train,0.05,5,64,0,0.0
g_n32_e96_k3_low_07,g_n32_e96_k3_low_07_p0,train,0.1,10,64,0,0.0
g_n32_e96_k3_low_07,g_n32_e96_k3_low_07_p0,train,0.15,15,64,0,0.0
g_n32_e96_k3_low_07,g_n32_e96_k3_low_07_p5,train,0.05,5,64,1,0.015625
g_n32_e96_k3_low_07,g_n32_e96_k3_low_07_p5,train,0.1,10,64,2,0.03125
g_n32_e96_k3_low_07,g_n32_e96_k3_low_07_p5,train,0.15,14,64,3,0.046875
g_n32_e96_k3_low_07,g_n32_e96_k3_low_07_p10,train,0.05,5,64,3,0.046875
g_n32_e96_k3_low_07,g_n32_e96_k3_low_07_p10,train,0.1,9,64,9,0.140625
g_n32_e96_k3_low_07,g_n32_e96_k3_low_07_p10,train,0.15,13,64,13,0.203125
g_n32_e96_k3_low_08,g_n32_e96_k3_low_08_p0,test,0.05,5,64,0,0.0
g_n32_e96_k3_low_08,g_n32_e96_k3_low_08_p0,test,0.1,10,64,0,0.0
g_n32_e96_k3_low_08,g_n32_e96_k3_low_08_p0,test,0.15,15,64,1,0.015625
g_n32_e96_k3_low_08,g_n32_e96_k3_low_08_p5,test,0.05,5,64,0,0.0
g_n32_e96_k3_low_08,g_n32_e96_k3_low_08_p5,test,0.1,10,64,0,0.0
g_n32_e96_k3_low_08,g_n32_e96_k3_low_08_p5,test,0.15,14,64,0,0.0
g_n32_e96_k3_low_08,g_n32_e96_k3_low_08_p10,test,0.05,5,64,4,0.0625
g_n32_e96_k3_low_08,g_n32_e96_k3_low_08_p10,test,0.1,9,64,8,0.125
g_n32_e96_k3_low_08,g_n32_e96_k3_low_08_p10,test,0.15,13,64,14,0.21875
g_n32_e96_k3_low_09,g_n32_e96_k3_low_09_p0,test,0.05,5,64,0,0.0
g_n32_e96_k3_low_09,g_n32_e96_k3_low_09_p0,test,0.1,10,64,0,0.0
g_n32_e96_k3_low_09,g_n32_e96_k3_low_09_p0,test,0.15,15,64,1,0.015625
g_n32_e96_k3_low_09,g_n32_e96_k3_low_09_p5,test,0.05,5,64,0,0.0
g_n32_e96_k3_low_09,g_n32_e96_k3_low_09_p5,test,0.1,10,64,0,0.0
g_n32_e96_k3_low_09,g_n32_e96_k3_low_09_p5,test,0.15,14,64,1,0.015625
g_n32_e96_k3_low_09,g_n32_e96_k3_low_09_p10,test,0.05,5,64,1,0.015625
g_n32_e96_k3_low_09,g_n32_e96_k3_low_09_p10,test,0.1,9,64,1,0.015625
g_n32_e96_k3_low_09,g_n32_e96_k3_low_09_p10,test,0.15,13,64,1,0.015625
g_n32_e96_k3_low_10,g_n32_e96_k3_low_10_p0,train,0.05,5,64,0,0.0
g_n32_e96_k3_low_10,g_n32_e96_k3_low_10_p0,train,0.1,10,64,0,0.0
g_n32_e96_k3_low_10,g_n32_e96_k3_low_10_p0,train,0.15,15,64,0,0.0
g_n32_e96_k3_low_10,g_n32_e96_k3_low_10_p5,train,0.05,5,64,0,0.0
g_n32_e96_k3_low_10,g_n32_e96_k3_low_10_p5,train,0.1,10,64,0,0.0
g_n32_e96_k3_low_10,g_n32_e96_k3_low_10_p5,train,0.15,14,64,2,0.03125
g_n32_e96_k3_low_10,g_n32_e96_k3_low_10_p10,train,0.05,5,64,0,0.0
g_n32_e96_k3_low_10,g_n32_e96_k3_low_10_p10,train,0.1,9,64,0,0.0
g_n32_e96_k3_low_10,g_n32_e96_k3_low_10_p10,train,0.15,13,64,0,0.0
g_n32_e96_k3_low_11,g_n32_e96_k3_low_11_p0,train,0.05,5,64,0,0.0
g_n32_e96_k3_low_11,g_n32_e96_k3_low_11_p0,train,0.1,10,64,0,0.0
g_n32_e96_k3_low_11,g_n32_e96_k3_low_11_p0,train,0.15,15,64,2,0.03125
g_n32_e96_k3_low_11,g_n32_e96_k3_low_11_p5,train,0.05,5,64,0,0.0
g_n32_e96_k3_low_11,g_n32_e96_k3_low_11_p5,train,0.1,10,64,2,0.03125
g_n32_e96_k3_low_11,g_n32_e96_k3_low_11_p5,train,0.15,14,64,3,0.046875
g_n32_e96_k3_low_11,g_n32_e96_k3_low_11_p10,train,0.05,5,64,0,0.0
g_n32_e96_k3_low_11,g_n32_e96_k3_low_11_p10,train,0.1,9,64,1,0.015625
g_n32_e96_k3_low_11,g_n32_e96_k3_low_11_p10,train,0.15,13,64,3,0.046875
g_n32_e96_k3_low_12,g_n32_e96_k3_low_12_p0,validation,0.05,5,64,0,0.0
g_n32_e96_k3_low_12,g_n32_e96_k3_low_12_p0,validation,0.1,10,64,0,0.0
g_n32_e96_k3_low_12,g_n32_e96_k3_low_12_p0,validation,0.15,15,64,1,0.015625
g_n32_e96_k3_low_12,g_n32_e96_k3_low_12_p5,validation,0.05,5,64,4,0.0625
g_n32_e96_k3_low_12,g_n32_e96_k3_low_12_p5,validation,0.1,10,64,8,0.125
g_n32_e96_k3_low_12,g_n32_e96_k3_low_12_p5,validation,0.15,14,64,12,0.1875
g_n32_e96_k3_low_12,g_n32_e96_k3_low_12_p10,validation,0.05,5,64,0,0.0
g_n32_e96_k3_low_12,g_n32_e96_k3_low_12_p10,validation,0.1,9,64,0,0.0
g_n32_e96_k3_low_12,g_n32_e96_k3_low_12_p10,validation,0.15,13,64,2,0.03125
g_n32_e96_k3_low_13,g_n32_e96_k3_low_13_p0,validation,0.05,5,64,0,0.0
g_n32_e96_k3_low_13,g_n32_e96_k3_low_13_p0,validation,0.1,10,64,1,0.015625
g_n32_e96_k3_low_13,g_n32_e96_k3_low_13_p0,validation,0.15,15,64,1,0.015625
g_n32_e96_k3_low_13,g_n32_e96_k3_low_13_p5,validation,0.05,5,64,0,0.0
g_n32_e96_k3_low_13,g_n32_e96_k3_low_13_p5,validation,0.1,10,64,1,0.015625
g_n32_e96_k3_low_13,g_n32_e96_k3_low_13_p5,validation,0.15,14,64,3,0.046875
g_n32_e96_k3_low_13,g_n32_e96_k3_low_13_p10,validation,0.05,5,64,0,0.0
g_n32_e96_k3_low_13,g_n32_e96_k3_low_13_p10,validation,0.1,9,64,1,0.015625
g_n32_e96_k3_low_13,g_n32_e96_k3_low_13_p10,validation,0.15,13,64,3,0.046875
g_n32_e96_k3_low_14,g_n32_e96_k3_low_14_p0,train,0.05,5,64,0,0.0
g_n32_e96_k3_low_14,g_n32_e96_k3_low_14_p0,train,0.1,10,64,1,0.015625
g_n32_e96_k3_low_14,g_n32_e96_k3_low_14_p0,train,0.15,15,64,2,0.03125
g_n32_e96_k3_low_14,g_n32_e96_k3_low_14_p5,train,0.05,5,64,0,0.0
g_n32_e96_k3_low_14,g_n32_e96_k3_low_14_p5,train,0.1,10,64,2,0.03125
g_n32_e96_k3_low_14,g_n32_e96_k3_low_14_p5,train,0.15,14,64,5,0.078125
g_n32_e96_k3_low_14,g_n32_e96_k3_low_14_p10,train,0.05,5,64,0,0.0
g_n32_e96_k3_low_14,g_n32_e96_k3_low_14_p10,train,0.1,9,64,1,0.015625
g_n32_e96_k3_low_14,g_n32_e96_k3_low_14_p10,train,0.15,13,64,3,0.046875
g_n32_e96_k3_low_15,g_n32_e96_k3_low_15_p0,train,0.05,5,64,0,0.0
g_n32_e96_k3_low_15,g_n32_e96_k3_low_15_p0,train,0.1,10,64,0,0.0
g_n32_e96_k3_low_15,g_n32_e96_k3_low_15_p0,train,0.15,15,64,2,0.03125
g_n32_e96_k3_low_15,g_n32_e96_k3_low_15_p5,train,0.05,5,64,0,0.0
g_n32_e96_k3_low_15,g_n32_e96_k3_low_15_p5,train,0.1,10,64,0,0.0
g_n32_e96_k3_low_15,g_n32_e96_k3_low_15_p5,train,0.15,14,64,0,0.0
g_n32_e96_k3_low_15,g_n32_e96_k3_low_15_p10,train,0.05,5,64,1,0.015625
g_n32_e96_k3_low_15,g_n32_e96_k3_low_15_p10,train,0.1,9,64,1,0.015625
g_n32_e96_k3_low_15,g_n32_e96_k3_low_15_p10,train,0.15,13,64,3,0.046875
g_n32_e96_k3_low_16,g_n32_e96_k3_low_16_p0,train,0.05,5,64,0,0.0
g_n32_e96_k3_low_16,g_n32_e96_k3_low_16_p0,train,0.1,10,64,0,0.0
g_n32_e96_k3_low_16,g_n32_e96_k3_low_16_p0,train,0.15,15,64,0,0.0
g_n32_e96_k3_low_16,g_n32_e96_k3_low_16_p5,train,0.05,5,64,0,0.0
g_n32_e96_k3_low_16,g_n32_e96_k3_low_16_p5,train,0.1,10,64,1,0.015625
g_n32_e96_k3_low_16,g_n32_e96_k3_low_16_p5,train,0.15,14,64,3,0.046875
g_n32_e96_k3_low_16,g_n32_e96_k3_low_16_p10,train,0.05,5,64,1,0.015625
g_n32_e96_k3_low_16,g_n32_e96_k3_low_16_p10,train,0.1,9,64,1,0.015625
g_n32_e96_k3_low_16,g_n32_e96_k3_low_16_p10,train,0.15,13,64,3,0.046875
g_n32_e96_k3_low_17,g_n32_e96_k3_low_17_p0,test,0.05,5,64,0,0.0
g_n32_e96_k3_low_17,g_n32_e96_k3_low_17_p0,test,0.1,10,64,0,0.0
g_n32_e96_k3_low_17,g_n32_e96_k3_low_17_p0,test,0.15,15,64,3,0.046875
g_n32_e96_k3_low_17,g_n32_e96_k3_low_17_p5,test,0.05,5,64,0,0.0
g_n32_e96_k3_low_17,g_n32_e96_k3_low_17_p5,test,0.1,10,64,2,0.03125
g_n32_e96_k3_low_17,g_n32_e96_k3_low_17_p5,test,0.15,14,64,2,0.03125
g_n32_e96_k3_low_17,g_n32_e96_k3_low_17_p10,test,0.05,5,64,1,0.015625
g_n32_e96_k3_low_17,g_n32_e96_k3_low_17_p10,test,0.1,9,64,4,0.0625
g_n32_e96_k3_low_17,g_n32_e96_k3_low_17_p10,test,0.15,13,64,5,0.078125
g_n32_e96_k3_low_18,g_n32_e96_k3_low_18_p0,validation,0.05,5,64,0,0.0
g_n32_e96_k3_low_18,g_n32_e96_k3_low_18_p0,validation,0.1,10,64,1,0.015625
g_n32_e96_k3_low_18,g_n32_e96_k3_low_18_p0,validation,0.15,15,64,3,0.046875
g_n32_e96_k3_low_18,g_n32_e96_k3_low_18_p5,validation,0.05,5,64,0,0.0
g_n32_e96_k3_low_18,g_n32_e96_k3_low_18_p5,validation,0.1,10,64,2,0.03125
g_n32_e96_k3_low_18,g_n32_e96_k3_low_18_p5,validation,0.15,14,64,3,0.046875
g_n32_e96_k3_low_18,g_n32_e96_k3_low_18_p10,validation,0.05,5,64,0,0.0
g_n32_e96_k3_low_18,g_n32_e96_k3_low_18_p10,validation,0.1,9,64,1,0.015625
g_n32_e96_k3_low_18,g_n32_e96_k3_low_18_p10,validation,0.15,13,64,3,0.046875
g_n32_e96_k3_low_19,g_n32_e96_k3_low_19_p0,train,0.05,5,64,0,0.0
g_n32_e96_k3_low_19,g_n32_e96_k3_low_19_p0,train,0.1,10,64,0,0.0
g_n32_e96_k3_low_19,g_n32_e96_k3_low_19_p0,train,0.15,15,64,0,0.0
g_n32_e96_k3_low_19,g_n32_e96_k3_low_19_p5,train,0.05,5,64,0,0.0
g_n32_e96_k3_low_19,g_n32_e96_k3_low_19_p5,train,0.1,10,64,1,0.015625
g_n32_e96_k3_low_19,g_n32_e96_k3_low_19_p5,train,0.15,14,64,1,0.015625
g_n32_e96_k3_low_19,g_n32_e96_k3_low_19_p10,train,0.05,5,64,1,0.015625
g_n32_e96_k3_low_19,g_n32_e96_k3_low_19_p10,train,0.1,9,64,1,0.015625
g_n32_e96_k3_low_19,g_n32_e96_k3_low_19_p10,train,0.15,13,64,4,0.0625
g_n32_e96_k3_low_20,g_n32_e96_k3_low_20_p0,validation,0.05,5,64,0,0.0
g_n32_e96_k3_low_20,g_n32_e96_k3_low_20_p0,validation,0.1,10,64,0,0.0
g_n32_e96_k3_low_20,g_n32_e96_k3_low_20_p0,validation,0.15,15,64,0,0.0
g_n32_e96_k3_low_20,g_n32_e96_k3_low_20_p5,validation,0.05,5,64,1,0.015625
g_n32_e96_k3_low_20,g_n32_e96_k3_low_20_p5,validation,0.1,10,64,1,0.015625
g_n32_e96_k3_low_20,g_n32_e96_k3_low_20_p5,validation,0.15,14,64,1,0.015625
g_n32_e96_k3_low_20,g_n32_e96_k3_low_20_p10,validation,0.05,5,64,0,0.0
g_n32_e96_k3_low_20,g_n32_e96_k3_low_20_p10,validation,0.1,9,64,0,0.0
g_n32_e96_k3_low_20,g_n32_e96_k3_low_20_p10,validation,0.15,13,64,2,0.03125
g_n32_e96_k3_low_21,g_n32_e96_k3_low_21_p0,train,0.05,5,64,0,0.0
g_n32_e96_k3_low_21,g_n32_e96_k3_low_21_p0,train,0.1,10,64,1,0.015625
g_n32_e96_k3_low_21,g_n32_e96_k3_low_21_p0,train,0.15,15,64,2,0.03125
g_n32_e96_k3_low_21,g_n32_e96_k3_low_21_p5,train,0.05,5,64,0,0.0
g_n32_e96_k3_low_21,g_n32_e96_k3_low_21_p5,train,0.1,10,64,0,0.0
g_n32_e96_k3_low_21,g_n32_e96_k3_low_21_p5,train,0.15,14,64,2,0.03125
g_n32_e96_k3_low_21,g_n32_e96_k3_low_21_p10,train,0.05,5,64,0,0.0
g_n32_e96_k3_low_21,g_n32_e96_k3_low_21_p10,train,0.1,9,64,0,0.0
g_n32_e96_k3_low_21,g_n32_e96_k3_low_21_p10,train,0.15,13,64,0,0.0
g_n32_e96_k3_low_22,g_n32_e96_k3_low_22_p0,train,0.05,5,64,1,0.015625
g_n32_e96_k3_low_22,g_n32_e96_k3_low_22_p0,train,0.1,10,64,1,0.015625
g_n32_e96_k3_low_22,g_n32_e96_k3_low_22_p0,train,0.15,15,64,2,0.03125
g_n32_e96_k3_low_22,g_n32_e96_k3_low_22_p5,train,0.05,5,64,0,0.0
g_n32_e96_k3_low_22,g_n32_e96_k3_low_22_p5,train,0.1,10,64,0,0.0
g_n32_e96_k3_low_22,g_n32_e96_k3_low_22_p5,train,0.15,14,64,0,0.0
g_n32_e96_k3_low_22,g_n32_e96_k3_low_22_p10,train,0.05,5,64,0,0.0
g_n32_e96_k3_low_22,g_n32_e96_k3_low_22_p10,train,0.1,9,64,1,0.015625
g_n32_e96_k3_low_22,g_n32_e96_k3_low_22_p10,train,0.15,13,64,5,0.078125
g_n32_e96_k3_low_23,g_n32_e96_k3_low_23_p0,test,0.05,5,64,0,0.0
g_n32_e96_k3_low_23,g_n32_e96_k3_low_23_p0,test,0.1,10,64,0,0.0
g_n32_e96_k3_low_23,g_n32_e96_k3_low_23_p0,test,0.15,15,64,1,0.015625
g_n32_e96_k3_low_23,g_n32_e96_k3_low_23_p5,test,0.05,5,64,0,0.0
g_n32_e96_k3_low_23,g_n32_e96_k3_low_23_p5,test,0.1,10,64,1,0.015625
g_n32_e96_k3_low_23,g_n32_e96_k3_low_23_p5,test,0.15,14,64,2,0.03125
g_n32_e96_k3_low_23,g_n32_e96_k3_low_23_p10,test,0.05,5,64,0,0.0
g_n32_e96_k3_low_23,g_n32_e96_k3_low_23_p10,test,0.1,9,64,1,0.015625
g_n32_e96_k3_low_23,g_n32_e96_k3_low_23_p10,test,0.15,13,64,3,0.046875
g_n32_e96_k3_low_24,g_n32_e96_k3_low_24_p0,train,0.05,5,64,0,0.0
g_n32_e96_k3_low_24,g_n32_e96_k3_low_24_p0,train,0.1,10,64,0,0.0
g_n32_e96_k3_low_24,g_n32_e96_k3_low_24_p0,train,0.15,15,64,1,0.015625
g_n32_e96_k3_low_24,g_n32_e96_k3_low_24_p5,train,0.05,5,64,0,0.0
g_n32_e96_k3_low_24,g_n32_e96_k3_low_24_p5,train,0.1,10,64,1,0.015625
g_n32_e96_k3_low_24,g_n32_e96_k3_low_24_p5,train,0.15,14,64,1,0.015625
g_n32_e96_k3_low_24,g_n32_e96_k3_low_24_p10,train,0.05,5,64,1,0.015625
g_n32_e96_k3_low_24,g_n32_e96_k3_low_24_p10,train,0.1,9,64,2,0.03125
g_n32_e96_k3_low_24,g_n32_e96_k3_low_24_p10,train,0.15,13,64,4,0.0625
g_n32_e96_k3_low_25,g_n32_e96_k3_low_25_p0,train,0.05,5,64,0,0.0
g_n32_e96_k3_low_25,g_n32_e96_k3_low_25_p0,train,0.1,10,64,0,0.0
g_n32_e96_k3_low_25,g_n32_e96_k3_low_25_p0,train,0.15,15,64,2,0.03125
g_n32_e96_k3_low_25,g_n32_e96_k3_low_25_p5,train,0.05,5,64,0,0.0
g_n32_e96_k3_low_25,g_n32_e96_k3_low_25_p5,train,0.1,10,64,1,0.015625
g_n32_e96_k3_low_25,g_n32_e96_k3_low_25_p5,train,0.15,14,64,3,0.046875
g_n32_e96_k3_low_25,g_n32_e96_k3_low_25_p10,train,0.05,5,64,1,0.015625
g_n32_e96_k3_low_25,g_n32_e96_k3_low_25_p10,train,0.1,9,64,3,0.046875
g_n32_e96_k3_low_25,g_n32_e96_k3_low_25_p10,train,0.15,13,64,6,0.09375
g_n32_e96_k3_low_26,g_n32_e96_k3_low_26_p0,train,0.05,5,64,0,0.0
g_n32_e96_k3_low_26,g_n32_e96_k3_low_26_p0,train,0.1,10,64,3,0.046875
g_n32_e96_k3_low_26,g_n32_e96_k3_low_26_p0,train,0.15,15,64,4,0.0625
g_n32_e96_k3_low_26,g_n32_e96_k3_low_26_p5,train,0.05,5,64,0,0.0
g_n32_e96_k3_low_26,g_n32_e96_k3_low_26_p5,train,0.1,10,64,1,0.015625
g_n32_e96_k3_low_26,g_n32_e96_k3_low_26_p5,train,0.15,14,64,3,0.046875
g_n32_e96_k3_low_26,g_n32_e96_k3_low_26_p10,train,0.05,5,64,1,0.015625
g_n32_e96_k3_low_26,g_n32_e96_k3_low_26_p10,train,0.1,9,64,2,0.03125
g_n32_e96_k3_low_26,g_n32_e96_k3_low_26_p10,train,0.15,13,64,3,0.046875
g_n32_e96_k3_low_27,g_n32_e96_k3_low_27_p0,validation,0.05,5,64,0,0.0
g_n32_e96_k3_low_27,g_n32_e96_k3_low_27_p0,validation,0.1,10,64,0,0.0
g_n32_e96_k3_low_27,g_n32_e96_k3_low_27_p0,validation,0.15,15,64,0,0.0
g_n32_e96_k3_low_27,g_n32_e96_k3_low_27_p5,validation,0.05,5,64,0,0.0
g_n32_e96_k3_low_27,g_n32_e96_k3_low_27_p5,validation,0.1,10,64,0,0.0
g_n32_e96_k3_low_27,g_n32_e96_k3_low_27_p5,validation,0.15,14,64,0,0.0
g_n32_e96_k3_low_27,g_n32_e96_k3_low_27_p10,validation,0.05,5,64,1,0.015625
g_n32_e96_k3_low_27,g_n32_e96_k3_low_27_p10,validation,0.1,9,64,1,0.015625
g_n32_e96_k3_low_27,g_n32_e96_k3_low_27_p10,validation,0.15,13,64,1,0.015625
g_n32_e96_k3_low_28,g_n32_e96_k3_low_28_p0,train,0.05,5,64,0,0.0
g_n32_e96_k3_low_28,g_n32_e96_k3_low_28_p0,train,0.1,10,64,0,0.0
g_n32_e96_k3_low_28,g_n32_e96_k3_low_28_p0,train,0.15,15,64,0,0.0
g_n32_e96_k3_low_28,g_n32_e96_k3_low_28_p5,train,0.05,5,64,0,0.0
g_n32_e96_k3_low_28,g_n32_e96_k3_low_28_p5,train,0.1,10,64,2,0.03125
g_n32_e96_k3_low_28,g_n32_e96_k3_low_28_p5,train,0.15,14,64,4,0.0625
g_n32_e96_k3_low_28,g_n32_e96_k3_low_28_p10,train,0.05,5,64,0,0.0
g_n32_e96_k3_low_28,g_n32_e96_k3_low_28_p10,train,0.1,9,64,1,0.015625
g_n32_e96_k3_low_28,g_n32_e96_k3_low_28_p10,train,0.15,13,64,3,0.046875
g_n32_e96_k3_low_29,g_n32_e96_k3_low_29_p0,train,0.05,5,64,0,0.0
g_n32_e96_k3_low_29,g_n32_e96_k3_low_29_p0,train,0.1,10,64,0,0.0
g_n32_e96_k3_low_29,g_n32_e96_k3_low_29_p0,train,0.15,15,64,1,0.015625
g_n32_e96_k3_low_29,g_n32_e96_k3_low_29_p5,train,0.05,5,64,0,0.0
g_n32_e96_k3_low_29,g_n32_e96_k3_low_29_p5,train,0.1,10,64,3,0.046875
g_n32_e96_k3_low_29,g_n32_e96_k3_low_29_p5,train,0.15,14,64,3,0.046875
g_n32_e96_k3_low_29,g_n32_e96_k3_low_29_p10,train,0.05,5,64,1,0.015625
g_n32_e96_k3_low_29,g_n32_e96_k3_low_29_p10,train,0.1,9,64,2,0.03125
g_n32_e96_k3_low_29,g_n32_e96_k3_low_29_p10,train,0.15,13,64,5,0.078125
g_n32_e96_k3_mid_30,g_n32_e96_k3_mid_30_p0,train,0.05,5,64,0,0.0
g_n32_e96_k3_mid_30,g_n32_e96_k3_mid_30_p0,train,0.1,10,64,0,0.0
g_n32_e96_k3_mid_30,g_n32_e96_k3_mid_30_p0,train,0.15,15,64,0,0.0
g_n32_e96_k3_mid_30,g_n32_e96_k3_mid_30_p5,train,0.05,5,64,0,0.0
g_n32_e96_k3_mid_30,g_n32_e96_k3_mid_30_p5,train,0.1,10,64,0,0.0
g_n32_e96_k3_mid_30,g_n32_e96_k3_mid_30_p5,train,0.15,14,64,1,0.015625
g_n32_e96_k3_mid_30,g_n32_e96_k3_mid_30_p10,train,0.05,5,64,0,0.0
g_n32_e96_k3_mid_30,g_n32_e96_k3_mid_30_p10,train,0.1,9,64,1,0.015625
g_n32_e96_k3_mid_30,g_n32_e96_k3_mid_30_p10,train,0.15,13,64,1,0.015625
g_n32_e96_k3_mid_31,g_n32_e96_k3_mid_31_p0,validation,0.05,5,64,0,0.0
g_n32_e96_k3_mid_31,g_n32_e96_k3_mid_31_p0,validation,0.1,10,64,0,0.0
g_n32_e96_k3_mid_31,g_n32_e96_k3_mid_31_p0,validation,0.15,15,64,2,0.03125
g_n32_e96_k3_mid_31,g_n32_e96_k3_mid_31_p5,validation,0.05,5,64,0,0.0
g_n32_e96_k3_mid_31,g_n32_e96_k3_mid_31_p5,validation,0.1,10,64,0,0.0
g_n32_e96_k3_mid_31,g_n32_e96_k3_mid_31_p5,validation,0.15,14,64,0,0.0
g_n32_e96_k3_mid_31,g_n32_e96_k3_mid_31_p10,validation,0.05,5,64,0,0.0
g_n32_e96_k3_mid_31,g_n32_e96_k3_mid_31_p10,validation,0.1,9,64,3,0.046875
g_n32_e96_k3_mid_31,g_n32_e96_k3_mid_31_p10,validation,0.15,13,64,5,0.078125
g_n32_e96_k3_mid_32,g_n32_e96_k3_mid_32_p0,test,0.05,5,64,0,0.0
g_n32_e96_k3_mid_32,g_n32_e96_k3_mid_32_p0,test,0.1,10,64,0,0.0
g_n32_e96_k3_mid_32,g_n32_e96_k3_mid_32_p0,test,0.15,15,64,1,0.015625
g_n32_e96_k3_mid_32,g_n32_e96_k3_mid_32_p5,test,0.05,5,64,0,0.0
g_n32_e96_k3_mid_32,g_n32_e96_k3_mid_32_p5,test,0.1,10,64,1,0.015625
g_n32_e96_k3_mid_32,g_n32_e96_k3_mid_32_p5,test,0.15,14,64,3,0.046875
g_n32_e96_k3_mid_32,g_n32_e96_k3_mid_32_p10,test,0.05,5,64,2,0.03125
g_n32_e96_k3_mid_32,g_n32_e96_k3_mid_32_p10,test,0.1,9,64,2,0.03125
g_n32_e96_k3_mid_32,g_n32_e96_k3_mid_32_p10,test,0.15,13,64,2,0.03125
g_n32_e96_k3_mid_33,g_n32_e96_k3_mid_33_p0,validation,0.05,5,64,0,0.0
g_n32_e96_k3_mid_33,g_n32_e96_k3_mid_33_p0,validation,0.1,10,64,0,0.0
g_n32_e96_k3_mid_33,g_n32_e96_k3_mid_33_p0,validation,0.15,15,64,0,0.0
g_n32_e96_k3_mid_33,g_n32_e96_k3_mid_33_p5,validation,0.05,5,64,0,0.0
g_n32_e96_k3_mid_33,g_n32_e96_k3_mid_33_p5,validation,0.1,10,64,1,0.015625
g_n32_e96_k3_mid_33,g_n32_e96_k3_mid_33_p5,validation,0.15,14,64,1,0.015625
g_n32_e96_k3_mid_33,g_n32_e96_k3_mid_33_p10,validation,0.05,5,64,0,0.0
g_n32_e96_k3_mid_33,g_n32_e96_k3_mid_33_p10,validation,0.1,9,64,1,0.015625
g_n32_e96_k3_mid_33,g_n32_e96_k3_mid_33_p10,validation,0.15,13,64,4,0.0625
g_n32_e96_k3_mid_34,g_n32_e96_k3_mid_34_p0,train,0.05,5,64,0,0.0
g_n32_e96_k3_mid_34,g_n32_e96_k3_mid_34_p0,train,0.1,10,64,1,0.015625
g_n32_e96_k3_mid_34,g_n32_e96_k3_mid_34_p0,train,0.15,15,64,2,0.03125
g_n32_e96_k3_mid_34,g_n32_e96_k3_mid_34_p5,train,0.05,5,64,0,0.0
g_n32_e96_k3_mid_34,g_n32_e96_k3_mid_34_p5,train,0.1,10,64,0,0.0
g_n32_e96_k3_mid_34,g_n32_e96_k3_mid_34_p5,train,0.15,14,64,1,0.015625
g_n32_e96_k3_mid_34,g_n32_e96_k3_mid_34_p10,train,0.05,5,64,4,0.0625
g_n32_e96_k3_mid_34,g_n32_e96_k3_mid_34_p10,train,0.1,9,64,6,0.09375
g_n32_e96_k3_mid_34,g_n32_e96_k3_mid_34_p10,train,0.15,13,64,13,0.203125
g_n32_e96_k3_mid_35,g_n32_e96_k3_mid_35_p0,validation,0.05,5,64,0,0.0
g_n32_e96_k3_mid_35,g_n32_e96_k3_mid_35_p0,validation,0.1,10,64,0,0.0
g_n32_e96_k3_mid_35,g_n32_e96_k3_mid_35_p0,validation,0.15,15,64,0,0.0
g_n32_e96_k3_mid_35,g_n32_e96_k3_mid_35_p5,validation,0.05,5,64,1,0.015625
g_n32_e96_k3_mid_35,g_n32_e96_k3_mid_35_p5,validation,0.1,10,64,3,0.046875
g_n32_e96_k3_mid_35,g_n32_e96_k3_mid_35_p5,validation,0.15,14,64,4,0.0625
g_n32_e96_k3_mid_35,g_n32_e96_k3_mid_35_p10,validation,0.05,5,64,0,0.0
g_n32_e96_k3_mid_35,g_n32_e96_k3_mid_35_p10,validation,0.1,9,64,1,0.015625
g_n32_e96_k3_mid_35,g_n32_e96_k3_mid_35_p10,validation,0.15,13,64,1,0.015625
g_n32_e96_k3_mid_36,g_n32_e96_k3_mid_36_p0,validation,0.05,5,64,0,0.0
g_n32_e96_k3_mid_36,g_n32_e96_k3_mid_36_p0,validation,0.1,10,64,0,0.0
g_n32_e96_k3_mid_36,g_n32_e96_k3_mid_36_p0,validation,0.15,15,64,0,0.0
g_n32_e96_k3_mid_36,g_n32_e96_k3_mid_36_p5,validation,0.05,5,64,0,0.0
g_n32_e96_k3_mid_36,g_n32_e96_k3_mid_36_p5,validation,0.1,10,64,2,0.03125
g_n32_e96_k3_mid_36,g_n32_e96_k3_mid_36_p5,validation,0.15,14,64,3,0.046875
g_n32_e96_k3_mid_36,g_n32_e96_k3_mid_36_p10,validation,0.05,5,64,0,0.0
g_n32_e96_k3_mid_36,g_n32_e96_k3_mid_36_p10,validation,0.1,9,64,0,0.0
g_n32_e96_k3_mid_36,g_n32_e96_k3_mid_36_p10,validation,0.15,13,64,1,0.015625
g_n32_e96_k3_mid_37,g_n32_e96_k3_mid_37_p0,train,0.05,5,64,0,0.0
g_n32_e96_k3_mid_37,g_n32_e96_k3_mid_37_p0,train,0.1,10,64,1,0.015625
g_n32_e96_k3_mid_37,g_n32_e96_k3_mid_37_p0,train,0.15,15,64,1,0.015625
g_n32_e96_k3_mid_37,g_n32_e96_k3_mid_37_p5,train,0.05,5,64,1,0.015625
g_n32_e96_k3_mid_37,g_n32_e96_k3_mid_37_p5,train,0.1,10,64,1,0.015625
g_n32_e96_k3_mid_37,g_n32_e96_k3_mid_37_p5,train,0.15,14,64,4,0.0625
g_n32_e96_k3_mid_37,g_n32_e96_k3_mid_37_p10,train,0.05,5,64,0,0.0
g_n32_e96_k3_mid_37,g_n32_e96_k3_mid_37_p10,train,0.1,9,64,1,0.015625
g_n32_e96_k3_mid_37,g_n32_e96_k3_mid_37_p10,train,0.15,13,64,3,0.046875
g_n32_e96_k3_mid_38,g_n32_e96_k3_mid_38_p0,test,0.05,5,64,0,0.0
g_n32_e96_k3_mid_38,g_n32_e96_k3_mid_38_p0,test,0.1,10,64,1,0.015625
g_n32_e96_k3_mid_38,g_n32_e96_k3_mid_38_p0,test,0.15,15,64,2,0.03125
g_n32_e96_k3_mid_38,g_n32_e96_k3_mid_38_p5,test,0.05,5,64,0,0.0
g_n32_e96_k3_mid_38,g_n32_e96_k3_mid_38_p5,test,0.1,10,64,3,0.046875
g_n32_e96_k3_mid_38,g_n32_e96_k3_mid_38_p5,test,0.15,14,64,5,0.078125
g_n32_e96_k3_mid_38,g_n32_e96_k3_mid_38_p10,test,0.05,5,64,0,0.0
g_n32_e96_k3_mid_38,g_n32_e96_k3_mid_38_p10,test,0.1,9,64,1,0.015625
g_n32_e96_k3_mid_38,g_n32_e96_k3_mid_38_p10,test,0.15,13,64,3,0.046875
g_n32_e96_k3_mid_39,g_n32_e96_k3_mid_39_p0,train,0.05,5,64,0,0.0
g_n32_e96_k3_mid_39,g_n32_e96_k3_mid_39_p0,train,0.1,10,64,0,0.0
g_n32_e96_k3_mid_39,g_n32_e96_k3_mid_39_p0,train,0.15,15,64,0,0.0
g_n32_e96_k3_mid_39,g_n32_e96_k3_mid_39_p5,train,0.05,5,64,0,0.0
g_n32_e96_k3_mid_39,g_n32_e96_k3_mid_39_p5,train,0.1,10,64,0,0.0
g_n32_e96_k3_mid_39,g_n32_e96_k3_mid_39_p5,train,0.15,14,64,0,0.0
g_n32_e96_k3_mid_39,g_n32_e96_k3_mid_39_p10,train,0.05,5,64,0,0.0
g_n32_e96_k3_mid_39,g_n32_e96_k3_mid_39_p10,train,0.1,9,64,0,0.0
g_n32_e96_k3_mid_39,g_n32_e96_k3_mid_39_p10,train,0.15,13,64,0,0.0
g_n32_e96_k3_mid_40,g_n32_e96_k3_mid_40_p0,train,0.05,5,64,0,0.0
g_n32_e96_k3_mid_40,g_n32_e96_k3_mid_40_p0,train,0.1,10,64,0,0.0
g_n32_e96_k3_mid_40,g_n32_e96_k3_mid_40_p0,train,0.15,15,64,0,0.0
g_n32_e96_k3_mid_40,g_n32_e96_k3_mid_40_p5,train,0.05,5,64,0,0.0
g_n32_e96_k3_mid_40,g_n32_e96_k3_mid_40_p5,train,0.1,10,64,1,0.015625
g_n32_e96_k3_mid_40,g_n32_e96_k3_mid_40_p5,train,0.15,14,64,1,0.015625
g_n32_e96_k3_mid_40,g_n32_e96_k3_mid_40_p10,train,0.05,5,64,1,0.015625
g_n32_e96_k3_mid_40,g_n32_e96_k3_mid_40_p10,train,0.1,9,64,3,0.046875
g_n32_e96_k3_mid_40,g_n32_e96_k3_mid_40_p10,train,0.15,13,64,7,0.109375
g_n32_e96_k3_mid_41,g_n32_e96_k3_mid_41_p0,train,0.05,5,64,0,0.0
g_n32_e96_k3_mid_41,g_n32_e96_k3_mid_41_p0,train,0.1,10,64,0,0.0
g_n32_e96_k3_mid_41,g_n32_e96_k3_mid_41_p0,train,0.15,15,64,0,0.0
g_n32_e96_k3_mid_41,g_n32_e96_k3_mid_41_p5,train,0.05,5,64,0,0.0
g_n32_e96_k3_mid_41,g_n32_e96_k3_mid_41_p5,train,0.1,10,64,2,0.03125
g_n32_e96_k3_mid_41,g_n32_e96_k3_mid_41_p5,train,0.15,14,64,3,0.046875
g_n32_e96_k3_mid_41,g_n32_e96_k3_mid_41_p10,train,0.05,5,64,0,0.0
g_n32_e96_k3_mid_41,g_n32_e96_k3_mid_41_p10,train,0.1,9,64,0,0.0
g_n32_e96_k3_mid_41,g_n32_e96_k3_mid_41_p10,train,0.15,13,64,2,0.03125
g_n32_e96_k3_mid_42,g_n32_e96_k3_mid_42_p0,test,0.05,5,64,0,0.0
g_n32_e96_k3_mid_42,g_n32_e96_k3_mid_42_p0,test,0.1,10,64,0,0.0
g_n32_e96_k3_mid_42,g_n32_e96_k3_mid_42_p0,test,0.15,15,64,2,0.03125
g_n32_e96_k3_mid_42,g_n32_e96_k3_mid_42_p5,test,0.05,5,64,0,0.0
g_n32_e96_k3_mid_42,g_n32_e96_k3_mid_42_p5,test,0.1,10,64,0,0.0
g_n32_e96_k3_mid_42,g_n32_e96_k3_mid_42_p5,test,0.15,14,64,0,0.0
g_n32_e96_k3_mid_42,g_n32_e96_k3_mid_42_p10,test,0.05,5,64,0,0.0
g_n32_e96_k3_mid_42,g_n32_e96_k3_mid_42_p10,test,0.1,9,64,1,0.015625
g_n32_e96_k3_mid_42,g_n32_e96_k3_mid_42_p10,test,0.15,13,64,3,0.046875
g_n32_e96_k3_mid_43,g_n32_e96_k3_mid_43_p0,train,0.05,5,64,0,0.0
g_n32_e96_k3_mid_43,g_n32_e96_k3_mid_43_p0,train,0.1,10,64,0,0.0
g_n32_e96_k3_mid_43,g_n32_e96_k3_mid_43_p0,train,0.15,15,64,1,0.015625
g_n32_e96_k3_mid_43,g_n32_e96_k3_mid_43_p5,train,0.05,5,64,0,0.0
g_n32_e96_k3_mid_43,g_n32_e96_k3_mid_43_p5,train,0.1,10,64,0,0.0
g_n32_e96_k3_mid_43,g_n32_e96_k3_mid_43_p5,train,0.15,14,64,1,0.015625
g_n32_e96_k3_mid_43,g_n32_e96_k3_mid_43_p10,train,0.05,5,64,2,0.03125
g_n32_e96_k3_mid_43,g_n32_e96_k3_mid_43_p10,train,0.1,9,64,5,0.078125
g_n32_e96_k3_mid_43,g_n32_e96_k3_mid_43_p10,train,0.15,13,64,9,0.140625
g_n32_e96_k3_mid_44,g_n32_e96_k3_mid_44_p0,train,0.05,5,64,0,0.0
g_n32_e96_k3_mid_44,g_n32_e96_k3_mid_44_p0,train,0.1,10,64,0,0.0
g_n32_e96_k3_mid_44,g_n32_e96_k3_mid_44_p0,train,0.15,15,64,1,0.015625
g_n32_e96_k3_mid_44,g_n32_e96_k3_mid_44_p5,train,0.05,5,64,0,0.0
g_n32_e96_k3_mid_44,g_n32_e96_k3_mid_44_p5,train,0.1,10,64,0,0.0
g_n32_e96_k3_mid_44,g_n32_e96_k3_mid_44_p5,train,0.15,14,64,0,0.0
g_n32_e96_k3_mid_44,g_n32_e96_k3_mid_44_p10,train,0.05,5,64,0,0.0
g_n32_e96_k3_mid_44,g_n32_e96_k3_mid_44_p10,train,0.1,9,64,2,0.03125
g_n32_e96_k3_mid_44,g_n32_e96_k3_mid_44_p10,train,0.15,13,64,5,0.078125
g_n32_e96_k3_mid_45,g_n32_e96_k3_mid_45_p0,train,0.05,5,64,0,0.0
g_n32_e96_k3_mid_45,g_n32_e96_k3_mid_45_p0,train,0.1,10,64,0,0.0
g_n32_e96_k3_mid_45,g_n32_e96_k3_mid_45_p0,train,0.15,15,64,0,0.0
g_n32_e96_k3_mid_45,g_n32_e96_k3_mid_45_p5,train,0.05,5,64,0,0.0
g_n32_e96_k3_mid_45,g_n32_e96_k3_mid_45_p5,train,0.1,10,64,0,0.0
g_n32_e96_k3_mid_45,g_n32_e96_k3_mid_45_p5,train,0.15,14,64,2,0.03125
g_n32_e96_k3_mid_45,g_n32_e96_k3_mid_45_p10,train,0.05,5,64,0,0.0
g_n32_e96_k3_mid_45,g_n32_e96_k3_mid_45_p10,train,0.1,9,64,2,0.03125
g_n32_e96_k3_mid_45,g_n32_e96_k3_mid_45_p10,train,0.15,13,64,3,0.046875
g_n32_e96_k3_mid_46,g_n32_e96_k3_mid_46_p0,train,0.05,5,64,0,0.0
g_n32_e96_k3_mid_46,g_n32_e96_k3_mid_46_p0,train,0.1,10,64,0,0.0
g_n32_e96_k3_mid_46,g_n32_e96_k3_mid_46_p0,train,0.15,15,64,0,0.0
g_n32_e96_k3_mid_46,g_n32_e96_k3_mid_46_p5,train,0.05,5,64,0,0.0
g_n32_e96_k3_mid_46,g_n32_e96_k3_mid_46_p5,train,0.1,10,64,0,0.0
g_n32_e96_k3_mid_46,g_n32_e96_k3_mid_46_p5,train,0.15,14,64,0,0.0
g_n32_e96_k3_mid_46,g_n32_e96_k3_mid_46_p10,train,0.05,5,64,0,0.0
g_n32_e96_k3_mid_46,g_n32_e96_k3_mid_46_p10,train,0.1,9,64,0,0.0
g_n32_e96_k3_mid_46,g_n32_e96_k3_mid_46_p10,train,0.15,13,64,0,0.0
g_n32_e96_k3_mid_47,g_n32_e96_k3_mid_47_p0,train,0.05,5,64,0,0.0
g_n32_e96_k3_mid_47,g_n32_e96_k3_mid_47_p0,train,0.1,10,64,0,0.0
g_n32_e96_k3_mid_47,g_n32_e96_k3_mid_47_p0,train,0.15,15,64,1,0.015625
g_n32_e96_k3_mid_47,g_n32_e96_k3_mid_47_p5,train,0.05,5,64,0,0.0
g_n32_e96_k3_mid_47,g_n32_e96_k3_mid_47_p5,train,0.1,10,64,0,0.0
g_n32_e96_k3_mid_47,g_n32_e96_k3_mid_47_p5,train,0.15,14,64,1,0.015625
g_n32_e96_k3_mid_47,g_n32_e96_k3_mid_47_p10,train,0.05,5,64,0,0.0
g_n32_e96_k3_mid_47,g_n32_e96_k3_mid_47_p10,train,0.1,9,64,1,0.015625
g_n32_e96_k3_mid_47,g_n32_e96_k3_mid_47_p10,train,0.15,13,64,1,0.015625
g_n32_e96_k3_mid_48,g_n32_e96_k3_mid_48_p0,train,0.05,5,64,0,0.0
g_n32_e96_k3_mid_48,g_n32_e96_k3_mid_48_p0,train,0.1,10,64,0,0.0
g_n32_e96_k3_mid_48,g_n32_e96_k3_mid_48_p0,train,0.15,15,64,1,0.015625
g_n32_e96_k3_mid_48,g_n32_e96_k3_mid_48_p5,train,0.05,5,64,2,0.03125
g_n32_e96_k3_mid_48,g_n32_e96_k3_mid_48_p5,train,0.1,10,64,2,0.03125
g_n32_e96_k3_mid_48,g_n32_e96_k3_mid_48_p5,train,0.15,14,64,3,0.046875
g_n32_e96_k3_mid_48,g_n32_e96_k3_mid_48_p10,train,0.05,5,64,4,0.0625
g_n32_e96_k3_mid_48,g_n32_e96_k3_mid_48_p10,train,0.1,9,64,4,0.0625
g_n32_e96_k3_mid_48,g_n32_e96_k3_mid_48_p10,train,0.15,13,64,7,0.109375
g_n32_e96_k3_mid_49,g_n32_e96_k3_mid_49_p0,train,0.05,5,64,0,0.0
g_n32_e96_k3_mid_49,g_n32_e96_k3_mid_49_p0,train,0.1,10,64,0,0.0
g_n32_e96_k3_mid_49,g_n32_e96_k3_mid_49_p0,train,0.15,15,64,2,0.03125
g_n32_e96_k3_mid_49,g_n32_e96_k3_mid_49_p5,train,0.05,5,64,0,0.0
g_n32_e96_k3_mid_49,g_n32_e96_k3_mid_49_p5,train,0.1,10,64,0,0.0
g_n32_e96_k3_mid_49,g_n32_e96_k3_mid_49_p5,train,0.15,14,64,0,0.0
g_n32_e96_k3_mid_49,g_n32_e96_k3_mid_49_p10,train,0.05,5,64,0,0.0
g_n32_e96_k3_mid_49,g_n32_e96_k3_mid_49_p10,train,0.1,9,64,4,0.0625
g_n32_e96_k3_mid_49,g_n32_e96_k3_mid_49_p10,train,0.15,13,64,5,0.078125
g_n32_e96_k3_mid_50,g_n32_e96_k3_mid_50_p0,train,0.05,5,64,0,0.0
g_n32_e96_k3_mid_50,g_n32_e96_k3_mid_50_p0,train,0.1,10,64,0,0.0
g_n32_e96_k3_mid_50,g_n32_e96_k3_mid_50_p0,train,0.15,15,64,0,0.0
g_n32_e96_k3_mid_50,g_n32_e96_k3_mid_50_p5,train,0.05,5,64,0,0.0
g_n32_e96_k3_mid_50,g_n32_e96_k3_mid_50_p5,train,0.1,10,64,0,0.0
g_n32_e96_k3_mid_50,g_n32_e96_k3_mid_50_p5,train,0.15,14,64,0,0.0
g_n32_e96_k3_mid_50,g_n32_e96_k3_mid_50_p10,train,0.05,5,64,1,0.015625
g_n32_e96_k3_mid_50,g_n32_e96_k3_mid_50_p10,train,0.1,9,64,1,0.015625
g_n32_e96_k3_mid_50,g_n32_e96_k3_mid_50_p10,train,0.15,13,64,2,0.03125
g_n32_e96_k3_mid_51,g_n32_e96_k3_mid_51_p0,test,0.05,5,64,0,0.0
g_n32_e96_k3_mid_51,g_n32_e96_k3_mid_51_p0,test,0.1,10,64,0,0.0
g_n32_e96_k3_mid_51,g_n32_e96_k3_mid_51_p0,test,0.15,15,64,0,0.0
g_n32_e96_k3_mid_51,g_n32_e96_k3_mid_51_p5,test,0.05,5,64,0,0.0
g_n32_e96_k3_mid_51,g_n32_e96_k3_mid_51_p5,test,0.1,10,64,0,0.0
g_n32_e96_k3_mid_51,g_n32_e96_k3_mid_51_p5,test,0.15,14,64,1,0.015625
g_n32_e96_k3_mid_51,g_n32_e96_k3_mid_51_p10,test,0.05,5,64,0,0.0
g_n32_e96_k3_mid_51,g_n32_e96_k3_mid_51_p10,test,0.1,9,64,0,0.0
g_n32_e96_k3_mid_51,g_n32_e96_k3_mid_51_p10,test,0.15,13,64,0,0.0
g_n32_e96_k3_mid_52,g_n32_e96_k3_mid_52_p0,train,0.05,5,64,0,0.0
g_n32_e96_k3_mid_52,g_n32_e96_k3_mid_52_p0,train,0.1,10,64,0,0.0
g_n32_e96_k3_mid_52,g_n32_e96_k3_mid_52_p0,train,0.15,15,64,0,0.0
g_n32_e96_k3_mid_52,g_n32_e96_k3_mid_52_p5,train,0.05,5,64,0,0.0
g_n32_e96_k3_mid_52,g_n32_e96_k3_mid_52_p5,train,0.1,10,64,1,0.015625
g_n32_e96_k3_mid_52,g_n32_e96_k3_mid_52_p5,train,0.15,14,64,2,0.03125
g_n32_e96_k3_mid_52,g_n32_e96_k3_mid_52_p10,train,0.05,5,64,0,0.0
g_n32_e96_k3_mid_52,g_n32_e96_k3_mid_52_p10,train,0.1,9,64,1,0.015625
g_n32_e96_k3_mid_52,g_n32_e96_k3_mid_52_p10,train,0.15,13,64,3,0.046875
g_n32_e96_k3_mid_53,g_n32_e96_k3_mid_53_p0,validation,0.05,5,64,0,0.0
g_n32_e96_k3_mid_53,g_n32_e96_k3_mid_53_p0,validation,0.1,10,64,0,0.0
g_n32_e96_k3_mid_53,g_n32_e96_k3_mid_53_p0,validation,0.15,15,64,0,0.0
g_n32_e96_k3_mid_53,g_n32_e96_k3_mid_53_p5,validation,0.05,5,64,0,0.0
g_n32_e96_k3_mid_53,g_n32_e96_k3_mid_53_p5,validation,0.1,10,64,1,0.015625
g_n32_e96_k3_mid_53,g_n32_e96_k3_mid_53_p5,validation,0.15,14,64,3,0.046875
g_n32_e96_k3_mid_53,g_n32_e96_k3_mid_53_p10,validation,0.05,5,64,0,0.0
g_n32_e96_k3_mid_53,g_n32_e96_k3_mid_53_p10,validation,0.1,9,64,1,0.015625
g_n32_e96_k3_mid_53,g_n32_e96_k3_mid_53_p10,validation,0.15,13,64,1,0.015625
g_n32_e96_k3_mid_54,g_n32_e96_k3_mid_54_p0,validation,0.05,5,64,1,0.015625
g_n32_e96_k3_mid_54,g_n32_e96_k3_mid_54_p0,validation,0.1,10,64,2,0.03125
g_n32_e96_k3_mid_54,g_n32_e96_k3_mid_54_p0,validation,0.15,15,64,2,0.03125
g_n32_e96_k3_mid_54,g_n32_e96_k3_mid_54_p5,validation,0.05,5,64,0,0.0
g_n32_e96_k3_mid_54,g_n32_e96_k3_mid_54_p5,validation,0.1,10,64,1,0.015625
g_n32_e96_k3_mid_54,g_n32_e96_k3_mid_54_p5,validation,0.15,14,64,4,0.0625
g_n32_e96_k3_mid_54,g_n32_e96_k3_mid_54_p10,validation,0.05,5,64,0,0.0
g_n32_e96_k3_mid_54,g_n32_e96_k3_mid_54_p10,validation,0.1,9,64,1,0.015625
g_n32_e96_k3_mid_54,g_n32_e96_k3_mid_54_p10,validation,0.15,13,64,2,0.03125
g_n32_e96_k3_mid_55,g_n32_e96_k3_mid_55_p0,test,0.05,5,64,0,0.0
g_n32_e96_k3_mid_55,g_n32_e96_k3_mid_55_p0,test,0.1,10,64,1,0.015625
g_n32_e96_k3_mid_55,g_n32_e96_k3_mid_55_p0,test,0.15,15,64,3,0.046875
g_n32_e96_k3_mid_55,g_n32_e96_k3_mid_55_p5,test,0.05,5,64,0,0.0
g_n32_e96_k3_mid_55,g_n32_e96_k3_mid_55_p5,test,0.1,10,64,2,0.03125
g_n32_e96_k3_mid_55,g_n32_e96_k3_mid_55_p5,test,0.15,14,64,2,0.03125
g_n32_e96_k3_mid_55,g_n32_e96_k3_mid_55_p10,test,0.05,5,64,0,0.0
g_n32_e96_k3_mid_55,g_n32_e96_k3_mid_55_p10,test,0.1,9,64,0,0.0
g_n32_e96_k3_mid_55,g_n32_e96_k3_mid_55_p10,test,0.15,13,64,0,0.0
g_n32_e96_k3_mid_56,g_n32_e96_k3_mid_56_p0,train,0.05,5,64,0,0.0
g_n32_e96_k3_mid_56,g_n32_e96_k3_mid_56_p0,train,0.1,10,64,0,0.0
g_n32_e96_k3_mid_56,g_n32_e96_k3_mid_56_p0,train,0.15,15,64,0,0.0
g_n32_e96_k3_mid_56,g_n32_e96_k3_mid_56_p5,train,0.05,5,64,0,0.0
g_n32_e96_k3_mid_56,g_n32_e96_k3_mid_56_p5,train,0.1,10,64,0,0.0
g_n32_e96_k3_mid_56,g_n32_e96_k3_mid_56_p5,train,0.15,14,64,0,0.0
g_n32_e96_k3_mid_56,g_n32_e96_k3_mid_56_p10,train,0.05,5,64,0,0.0
g_n32_e96_k3_mid_56,g_n32_e96_k3_mid_56_p10,train,0.1,9,64,1,0.015625
g_n32_e96_k3_mid_56,g_n32_e96_k3_mid_56_p10,train,0.15,13,64,1,0.015625
g_n32_e96_k3_mid_57,g_n32_e96_k3_mid_57_p0,train,0.05,5,64,0,0.0
g_n32_e96_k3_mid_57,g_n32_e96_k3_mid_57_p0,train,0.1,10,64,1,0.015625
g_n32_e96_k3_mid_57,g_n32_e96_k3_mid_57_p0,train,0.15,15,64,2,0.03125
g_n32_e96_k3_mid_57,g_n32_e96_k3_mid_57_p5,train,0.05,5,64,0,0.0
g_n32_e96_k3_mid_57,g_n32_e96_k3_mid_57_p5,train,0.1,10,64,0,0.0
g_n32_e96_k3_mid_57,g_n32_e96_k3_mid_57_p5,train,0.15,14,64,0,0.0
g_n32_e96_k3_mid_57,g_n32_e96_k3_mid_57_p10,train,0.05,5,64,0,0.0
g_n32_e96_k3_mid_57,g_n32_e96_k3_mid_57_p10,train,0.1,9,64,1,0.015625
g_n32_e96_k3_mid_57,g_n32_e96_k3_mid_57_p10,train,0.15,13,64,4,0.0625
g_n32_e96_k3_mid_58,g_n32_e96_k3_mid_58_p0,test,0.05,5,64,0,0.0
g_n32_e96_k3_mid_58,g_n32_e96_k3_mid_58_p0,test,0.1,10,64,1,0.015625
g_n32_e96_k3_mid_58,g_n32_e96_k3_mid_58_p0,test,0.15,15,64,1,0.015625
g_n32_e96_k3_mid_58,g_n32_e96_k3_mid_58_p5,test,0.05,5,64,0,0.0
g_n32_e96_k3_mid_58,g_n32_e96_k3_mid_58_p5,test,0.1,10,64,0,0.0
g_n32_e96_k3_mid_58,g_n32_e96_k3_mid_58_p5,test,0.15,14,64,0,0.0
g_n32_e96_k3_mid_58,g_n32_e96_k3_mid_58_p10,test,0.05,5,64,0,0.0
g_n32_e96_k3_mid_58,g_n32_e96_k3_mid_58_p10,test,0.1,9,64,0,0.0
g_n32_e96_k3_mid_58,g_n32_e96_k3_mid_58_p10,test,0.15,13,64,2,0.03125
g_n32_e96_k3_mid_59,g_n32_e96_k3_mid_59_p0,train,0.05,5,64,0,0.0
g_n32_e96_k3_mid_59,g_n32_e96_k3_mid_59_p0,train,0.1,10,64,0,0.0
g_n32_e96_k3_mid_59,g_n32_e96_k3_mid_59_p0,train,0.15,15,64,0,0.0
g_n32_e96_k3_mid_59,g_n32_e96_k3_mid_59_p5,train,0.05,5,64,1,0.015625
g_n32_e96_k3_mid_59,g_n32_e96_k3_mid_59_p5,train,0.1,10,64,1,0.015625
g_n32_e96_k3_mid_59,g_n32_e96_k3_mid_59_p5,train,0.15,14,64,4,0.0625
g_n32_e96_k3_mid_59,g_n32_e96_k3_mid_59_p10,train,0.05,5,64,2,0.03125
g_n32_e96_k3_mid_59,g_n32_e96_k3_mid_59_p10,train,0.1,9,64,3,0.046875
g_n32_e96_k3_mid_59,g_n32_e96_k3_mid_59_p10,train,0.15,13,64,7,0.109375
g_n32_e96_k3_high_60,g_n32_e96_k3_high_60_p0,test,0.05,5,64,0,0.0
g_n32_e96_k3_high_60,g_n32_e96_k3_high_60_p0,test,0.1,10,64,0,0.0
g_n32_e96_k3_high_60,g_n32_e96_k3_high_60_p0,test,0.15,15,64,0,0.0
g_n32_e96_k3_high_60,g_n32_e96_k3_high_60_p5,test,0.05,5,64,0,0.0
g_n32_e96_k3_high_60,g_n32_e96_k3_high_60_p5,test,0.1,10,64,0,0.0
g_n32_e96_k3_high_60,g_n32_e96_k3_high_60_p5,test,0.15,14,64,0,0.0
g_n32_e96_k3_high_60,g_n32_e96_k3_high_60_p10,test,0.05,5,64,0,0.0
g_n32_e96_k3_high_60,g_n32_e96_k3_high_60_p10,test,0.1,9,64,0,0.0
g_n32_e96_k3_high_60,g_n32_e96_k3_high_60_p10,test,0.15,13,64,0,0.0
g_n32_e96_k3_high_61,g_n32_e96_k3_high_61_p0,validation,0.05,5,64,0,0.0
g_n32_e96_k3_high_61,g_n32_e96_k3_high_61_p0,validation,0.1,10,64,0,0.0
g_n32_e96_k3_high_61,g_n32_e96_k3_high_61_p0,validation,0.15,15,64,2,0.03125
g_n32_e96_k3_high_61,g_n32_e96_k3_high_61_p5,validation,0.05,5,64,0,0.0
g_n32_e96_k3_high_61,g_n32_e96_k3_high_61_p5,validation,0.1,10,64,0,0.0
g_n32_e96_k3_high_61,g_n32_e96_k3_high_61_p5,validation,0.15,14,64,0,0.0
g_n32_e96_k3_high_61,g_n32_e96_k3_high_61_p10,validation,0.05,5,64,0,0.0
g_n32_e96_k3_high_61,g_n32_e96_k3_high_61_p10,validation,0.1,9,64,0,0.0
g_n32_e96_k3_high_61,g_n32_e96_k3_high_61_p10,validation,0.15,13,64,3,0.046875
g_n32_e96_k3_high_62,g_n32_e96_k3_high_62_p0,validation,0.05,5,64,0,0.0
g_n32_e96_k3_high_62,g_n32_e96_k3_high_62_p0,validation,0.1,10,64,0,0.0
g_n32_e96_k3_high_62,g_n32_e96_k3_high_62_p0,validation,0.15,15,64,0,0.0
g_n32_e96_k3_high_62,g_n32_e96_k3_high_62_p5,validation,0.05,5,64,0,0.0
g_n32_e96_k3_high_62,g_n32_e96_k3_high_62_p5,validation,0.1,10,64,0,0.0
g_n32_e96_k3_high_62,g_n32_e96_k3_high_62_p5,validation,0.15,14,64,0,0.0
g_n32_e96_k3_high_62,g_n32_e96_k3_high_62_p10,validation,0.05,5,64,0,0.0
g_n32_e96_k3_high_62,g_n32_e96_k3_high_62_p10,validation,0.1,9,64,0,0.0
g_n32_e96_k3_high_62,g_n32_e96_k3_high_62_p10,validation,0.15,13,64,2,0.03125
g_n32_e96_k3_high_63,g_n32_e96_k3_high_63_p0,train,0.05,5,64,0,0.0
g_n32_e96_k3_high_63,g_n32_e96_k3_high_63_p0,train,0.1,10,64,0,0.0
g_n32_e96_k3_high_63,g_n32_e96_k3_high_63_p0,train,0.15,15,64,0,0.0
g_n32_e96_k3_high_63,g_n32_e96_k3_high_63_p5,train,0.05,5,64,0,0.0
g_n32_e96_k3_high_63,g_n32_e96_k3_high_63_p5,train,0.1,10,64,1,0.015625
g_n32_e96_k3_high_63,g_n32_e96_k3_high_63_p5,train,0.15,14,64,2,0.03125
g_n32_e96_k3_high_63,g_n32_e96_k3_high_63_p10,train,0.05,5,64,2,0.03125
g_n32_e96_k3_high_63,g_n32_e96_k3_high_63_p10,train,0.1,9,64,11,0.171875
g_n32_e96_k3_high_63,g_n32_e96_k3_high_63_p10,train,0.15,13,64,14,0.21875
g_n32_e96_k3_high_64,g_n32_e96_k3_high_64_p0,test,0.05,5,64,0,0.0
g_n32_e96_k3_high_64,g_n32_e96_k3_high_64_p0,test,0.1,10,64,0,0.0
g_n32_e96_k3_high_64,g_n32_e96_k3_high_64_p0,test,0.15,15,64,0,0.0
g_n32_e96_k3_high_64,g_n32_e96_k3_high_64_p5,test,0.05,5,64,0,0.0
g_n32_e96_k3_high_64,g_n32_e96_k3_high_64_p5,test,0.1,10,64,0,0.0
g_n32_e96_k3_high_64,g_n32_e96_k3_high_64_p5,test,0.15,14,64,1,0.015625
g_n32_e96_k3_high_64,g_n32_e96_k3_high_64_p10,test,0.05,5,64,0,0.0
g_n32_e96_k3_high_64,g_n32_e96_k3_high_64_p10,test,0.1,9,64,0,0.0
g_n32_e96_k3_high_64,g_n32_e96_k3_high_64_p10,test,0.15,13,64,0,0.0
g_n32_e96_k3_high_65,g_n32_e96_k3_high_65_p0,train,0.05,5,64,0,0.0
g_n32_e96_k3_high_65,g_n32_e96_k3_high_65_p0,train,0.1,10,64,0,0.0
g_n32_e96_k3_high_65,g_n32_e96_k3_high_65_p0,train,0.15,15,64,1,0.015625
g_n32_e96_k3_high_65,g_n32_e96_k3_high_65_p5,train,0.05,5,64,0,0.0
g_n32_e96_k3_high_65,g_n32_e96_k3_high_65_p5,train,0.1,10,64,0,0.0
g_n32_e96_k3_high_65,g_n32_e96_k3_high_65_p5,train,0.15,14,64,0,0.0
g_n32_e96_k3_high_65,g_n32_e96_k3_high_65_p10,train,0.05,5,64,0,0.0
g_n32_e96_k3_high_65,g_n32_e96_k3_high_65_p10,train,0.1,9,64,0,0.0
g_n32_e96_k3_high_65,g_n32_e96_k3_high_65_p10,train,0.15,13,64,1,0.015625
g_n32_e96_k3_high_66,g_n32_e96_k3_high_66_p0,validation,0.05,5,64,0,0.0
g_n32_e96_k3_high_66,g_n32_e96_k3_high_66_p0,validation,0.1,10,64,0,0.0
g_n32_e96_k3_high_66,g_n32_e96_k3_high_66_p0,validation,0.15,15,64,0,0.0
g_n32_e96_k3_high_66,g_n32_e96_k3_high_66_p5,validation,0.05,5,64,0,0.0
g_n32_e96_k3_high_66,g_n32_e96_k3_high_66_p5,validation,0.1,10,64,0,0.0
g_n32_e96_k3_high_66,g_n32_e96_k3_high_66_p5,validation,0.15,14,64,0,0.0
g_n32_e96_k3_high_66,g_n32_e96_k3_high_66_p10,validation,0.05,5,64,0,0.0
g_n32_e96_k3_high_66,g_n32_e96_k3_high_66_p10,validation,0.1,9,64,0,0.0
g_n32_e96_k3_high_66,g_n32_e96_k3_high_66_p10,validation,0.15,13,64,1,0.015625
g_n32_e96_k3_high_67,g_n32_e96_k3_high_67_p0,test,0.05,5,64,0,0.0
g_n32_e96_k3_high_67,g_n32_e96_k3_high_67_p0,test,0.1,10,64,0,0.0
g_n32_e96_k3_high_67,g_n32_e96_k3_high_67_p0,test,0.15,15,64,0,0.0
g_n32_e96_k3_high_67,g_n32_e96_k3_high_67_p5,test,0.05,5,64,0,0.0
g_n32_e96_k3_high_67,g_n32_e96_k3_high_67_p5,test,0.1,10,64,1,0.015625
g_n32_e96_k3_high_67,g_n32_e96_k3_high_67_p5,test,0.15,14,64,2,0.03125
g_n32_e96_k3_high_67,g_n32_e96_k3_high_67_p10,test,0.05,5,64,0,0.0
g_n32_e96_k3_high_67,g_n32_e96_k3_high_67_p10,test,0.1,9,64,0,0.0
g_n32_e96_k3_high_67,g_n32_e96_k3_high_67_p10,test,0.15,13,64,0,0.0
g_n32_e96_k3_high_68,g_n32_e96_k3_high_68_p0,train,0.05,5,64,0,0.0
g_n32_e96_k3_high_68,g_n32_e96_k3_high_68_p0,train,0.1,10,64,0,0.0
g_n32_e96_k3_high_68,g_n32_e96_k3_high_68_p0,train,0.15,15,64,0,0.0
g_n32_e96_k3_high_68,g_n32_e96_k3_high_68_p5,train,0.05,5,64,0,0.0
g_n32_e96_k3_high_68,g_n32_e96_k3_high_68_p5,train,0.1,10,64,0,0.0
g_n32_e96_k3_high_68,g_n32_e96_k3_high_68_p5,train,0.15,14,64,0,0.0
g_n32_e96_k3_high_68,g_n32_e96_k3_high_68_p10,train,0.05,5,64,0,0.0
g_n32_e96_k3_high_68,g_n32_e96_k3_high_68_p10,train,0.1,9,64,1,0.015625
g_n32_e96_k3_high_68,g_n32_e96_k3_high_68_p10,train,0.15,13,64,3,0.046875
g_n32_e96_k3_high_69,g_n32_e96_k3_high_69_p0,validation,0.05,5,64,0,0.0
g_n32_e96_k3_high_69,g_n32_e96_k3_high_69_p0,validation,0.1,10,64,1,0.015625
g_n32_e96_k3_high_69,g_n32_e96_k3_high_69_p0,validation,0.15,15,64,1,0.015625
g_n32_e96_k3_high_69,g_n32_e96_k3_high_69_p5,validation,0.05,5,64,0,0.0
g_n32_e96_k3_high_69,g_n32_e96_k3_high_69_p5,validation,0.1,10,64,0,0.0
g_n32_e96_k3_high_69,g_n32_e96_k3_high_69_p5,validation,0.15,14,64,3,0.046875
g_n32_e96_k3_high_69,g_n32_e96_k3_high_69_p10,validation,0.05,5,64,5,0.078125
g_n32_e96_k3_high_69,g_n32_e96_k3_high_69_p10,validation,0.1,9,64,5,0.078125
g_n32_e96_k3_high_69,g_n32_e96_k3_high_69_p10,validation,0.15,13,64,10,0.15625
g_n32_e96_k3_high_70,g_n32_e96_k3_high_70_p0,train,0.05,5,64,0,0.0
g_n32_e96_k3_high_70,g_n32_e96_k3_high_70_p0,train,0.1,10,64,1,0.015625
g_n32_e96_k3_high_70,g_n32_e96_k3_high_70_p0,train,0.15,15,64,2,0.03125
g_n32_e96_k3_high_70,g_n32_e96_k3_high_70_p5,train,0.05,5,64,0,0.0
g_n32_e96_k3_high_70,g_n32_e96_k3_high_70_p5,train,0.1,10,64,0,0.0
g_n32_e96_k3_high_70,g_n32_e96_k3_high_70_p5,train,0.15,14,64,0,0.0
g_n32_e96_k3_high_70,g_n32_e96_k3_high_70_p10,train,0.05,5,64,4,0.0625
g_n32_e96_k3_high_70,g_n32_e96_k3_high_70_p10,train,0.1,9,64,9,0.140625
g_n32_e96_k3_high_70,g_n32_e96_k3_high_70_p10,train,0.15,13,64,11,0.171875
g_n32_e96_k3_high_71,g_n32_e96_k3_high_71_p0,validation,0.05,5,64,0,0.0
g_n32_e96_k3_high_71,g_n32_e96_k3_high_71_p0,validation,0.1,10,64,0,0.0
g_n32_e96_k3_high_71,g_n32_e96_k3_high_71_p0,validation,0.15,15,64,0,0.0
g_n32_e96_k3_high_71,g_n32_e96_k3_high_71_p5,validation,0.05,5,64,3,0.046875
g_n32_e96_k3_high_71,g_n32_e96_k3_high_71_p5,validation,0.1,10,64,9,0.140625
g_n32_e96_k3_high_71,g_n32_e96_k3_high_71_p5,validation,0.15,14,64,13,0.203125
g_n32_e96_k3_high_71,g_n32_e96_k3_high_71_p10,validation,0.05,5,64,0,0.0
g_n32_e96_k3_high_71,g_n32_e96_k3_high_71_p10,validation,0.1,9,64,0,0.0
g_n32_e96_k3_high_71,g_n32_e96_k3_high_71_p10,validation,0.15,13,64,0,0.0
g_n32_e96_k3_high_72,g_n32_e96_k3_high_72_p0,train,0.05,5,64,0,0.0
g_n32_e96_k3_high_72,g_n32_e96_k3_high_72_p0,train,0.1,10,64,0,0.0
g_n32_e96_k3_high_72,g_n32_e96_k3_high_72_p0,train,0.15,15,64,0,0.0
g_n32_e96_k3_high_72,g_n32_e96_k3_high_72_p5,train,0.05,5,64,0,0.0
g_n32_e96_k3_high_72,g_n32_e96_k3_high_72_p5,train,0.1,10,64,0,0.0
g_n32_e96_k3_high_72,g_n32_e96_k3_high_72_p5,train,0.15,14,64,0,0.0
g_n32_e96_k3_high_72,g_n32_e96_k3_high_72_p10,train,0.05,5,64,1,0.015625
g_n32_e96_k3_high_72,g_n32_e96_k3_high_72_p10,train,0.1,9,64,1,0.015625
g_n32_e96_k3_high_72,g_n32_e96_k3_high_72_p10,train,0.15,13,64,3,0.046875
g_n32_e96_k3_high_73,g_n32_e96_k3_high_73_p0,train,0.05,5,64,0,0.0
g_n32_e96_k3_high_73,g_n32_e96_k3_high_73_p0,train,0.1,10,64,0,0.0
g_n32_e96_k3_high_73,g_n32_e96_k3_high_73_p0,train,0.15,15,64,0,0.0
g_n32_e96_k3_high_73,g_n32_e96_k3_high_73_p5,train,0.05,5,64,0,0.0
g_n32_e96_k3_high_73,g_n32_e96_k3_high_73_p5,train,0.1,10,64,1,0.015625
g_n32_e96_k3_high_73,g_n32_e96_k3_high_73_p5,train,0.15,14,64,1,0.015625
g_n32_e96_k3_high_73,g_n32_e96_k3_high_73_p10,train,0.05,5,64,5,0.078125
g_n32_e96_k3_high_73,g_n32_e96_k3_high_73_p10,train,0.1,9,64,11,0.171875
g_n32_e96_k3_high_73,g_n32_e96_k3_high_73_p10,train,0.15,13,64,13,0.203125
g_n32_e96_k3_high_74,g_n32_e96_k3_high_74_p0,train,0.05,5,64,0,0.0
g_n32_e96_k3_high_74,g_n32_e96_k3_high_74_p0,train,0.1,10,64,0,0.0
g_n32_e96_k3_high_74,g_n32_e96_k3_high_74_p0,train,0.15,15,64,1,0.015625
g_n32_e96_k3_high_74,g_n32_e96_k3_high_74_p5,train,0.05,5,64,0,0.0
g_n32_e96_k3_high_74,g_n32_e96_k3_high_74_p5,train,0.1,10,64,0,0.0
g_n32_e96_k3_high_74,g_n32_e96_k3_high_74_p5,train,0.15,14,64,2,0.03125
g_n32_e96_k3_high_74,g_n32_e96_k3_high_74_p10,train,0.05,5,64,0,0.0
g_n32_e96_k3_high_74,g_n32_e96_k3_high_74_p10,train,0.1,9,64,0,0.0
g_n32_e96_k3_high_74,g_n32_e96_k3_high_74_p10,train,0.15,13,64,1,0.015625
g_n32_e96_k3_high_75,g_n32_e96_k3_high_75_p0,train,0.05,5,64,0,0.0
g_n32_e96_k3_high_75,g_n32_e96_k3_high_75_p0,train,0.1,10,64,1,0.015625
g_n32_e96_k3_high_75,g_n32_e96_k3_high_75_p0,train,0.15,15,64,1,0.015625
g_n32_e96_k3_high_75,g_n32_e96_k3_high_75_p5,train,0.05,5,64,0,0.0
g_n32_e96_k3_high_75,g_n32_e96_k3_high_75_p5,train,0.1,10,64,2,0.03125
g_n32_e96_k3_high_75,g_n32_e96_k3_high_75_p5,train,0.15,14,64,3,0.046875
g_n32_e96_k3_high_75,g_n32_e96_k3_high_75_p10,train,0.05,5,64,0,0.0
g_n32_e96_k3_high_75,g_n32_e96_k3_high_75_p10,train,0.1,9,64,1,0.015625
g_n32_e96_k3_high_75,g_n32_e96_k3_high_75_p10,train,0.15,13,64,2,0.03125
g_n32_e96_k3_high_76,g_n32_e96_k3_high_76_p0,train,0.05,5,64,0,0.0
g_n32_e96_k3_high_76,g_n32_e96_k3_high_76_p0,train,0.1,10,64,0,0.0
g_n32_e96_k3_high_76,g_n32_e96_k3_high_76_p0,train,0.15,15,64,0,0.0
g_n32_e96_k3_high_76,g_n32_e96_k3_high_76_p5,train,0.05,5,64,0,0.0
g_n32_e96_k3_high_76,g_n32_e96_k3_high_76_p5,train,0.1,10,64,0,0.0
g_n32_e96_k3_high_76,g_n32_e96_k3_high_76_p5,train,0.15,14,64,1,0.015625
g_n32_e96_k3_high_76,g_n32_e96_k3_high_76_p10,train,0.05,5,64,0,0.0
g_n32_e96_k3_high_76,g_n32_e96_k3_high_76_p10,train,0.1,9,64,0,0.0
g_n32_e96_k3_high_76,g_n32_e96_k3_high_76_p10,train,0.15,13,64,0,0.0
g_n32_e96_k3_high_77,g_n32_e96_k3_high_77_p0,train,0.05,5,64,0,0.0
g_n32_e96_k3_high_77,g_n32_e96_k3_high_77_p0,train,0.1,10,64,0,0.0
g_n32_e96_k3_high_77,g_n32_e96_k3_high_77_p0,train,0.15,15,64,1,0.015625
g_n32_e96_k3_high_77,g_n32_e96_k3_high_77_p5,train,0.05,5,64,0,0.0
g_n32_e96_k3_high_77,g_n32_e96_k3_high_77_p5,train,0.1,10,64,1,0.015625
g_n32_e96_k3_high_77,g_n32_e96_k3_high_77_p5,train,0.15,14,64,1,0.015625
g_n32_e96_k3_high_77,g_n32_e96_k3_high_77_p10,train,0.05,5,64,0,0.0
g_n32_e96_k3_high_77,g_n32_e96_k3_high_77_p10,train,0.1,9,64,0,0.0
g_n32_e96_k3_high_77,g_n32_e96_k3_high_77_p10,train,0.15,13,64,1,0.015625
g_n32_e96_k3_high_78,g_n32_e96_k3_high_78_p0,train,0.05,5,64,0,0.0
g_n32_e96_k3_high_78,g_n32_e96_k3_high_78_p0,train,0.1,10,64,0,0.0
g_n32_e96_k3_high_78,g_n32_e96_k3_high_78_p0,train,0.15,15,64,1,0.015625
g_n32_e96_k3_high_78,g_n32_e96_k3_high_78_p5,train,0.05,5,64,0,0.0
g_n32_e96_k3_high_78,g_n32_e96_k3_high_78_p5,train,0.1,10,64,1,0.015625
g_n32_e96_k3_high_78,g_n32_e96_k3_high_78_p5,train,0.15,14,64,2,0.03125
g_n32_e96_k3_high_78,g_n32_e96_k3_high_78_p10,train,0.05,5,64,0,0.0
g_n32_e96_k3_high_78,g_n32_e96_k3_high_78_p10,train,0.1,9,64,0,0.0
g_n32_e96_k3_high_78,g_n32_e96_k3_high_78_p10,train,0.15,13,64,2,0.03125
g_n32_e96_k3_high_79,g_n32_e96_k3_high_79_p0,test,0.05,5,64,0,0.0
g_n32_e96_k3_high_79,g_n32_e96_k3_high_79_p0,test,0.1,10,64,0,0.0
g_n32_e96_k3_high_79,g_n32_e96_k3_high_79_p0,test,0.15,15,64,2,0.03125
g_n32_e96_k3_high_79,g_n32_e96_k3_high_79_p5,test,0.05,5,64,0,0.0
g_n32_e96_k3_high_79,g_n32_e96_k3_high_79_p5,test,0.1,10,64,1,0.015625
g_n32_e96_k3_high_79,g_n32_e96_k3_high_79_p5,test,0.15,14,64,1,0.015625
g_n32_e96_k3_high_79,g_n32_e96_k3_high_79_p10,test,0.05,5,64,1,0.015625
g_n32_e96_k3_high_79,g_n32_e96_k3_high_79_p10,test,0.1,9,64,2,0.03125
g_n32_e96_k3_high_79,g_n32_e96_k3_high_79_p10,test,0.15,13,64,3,0.046875
g_n32_e96_k3_high_80,g_n32_e96_k3_high_80_p0,train,0.05,5,64,0,0.0
g_n32_e96_k3_high_80,g_n32_e96_k3_high_80_p0,train,0.1,10,64,0,0.0
g_n32_e96_k3_high_80,g_n32_e96_k3_high_80_p0,train,0.15,15,64,0,0.0
g_n32_e96_k3_high_80,g_n32_e96_k3_high_80_p5,train,0.05,5,64,0,0.0
g_n32_e96_k3_high_80,g_n32_e96_k3_high_80_p5,train,0.1,10,64,1,0.015625
g_n32_e96_k3_high_80,g_n32_e96_k3_high_80_p5,train,0.15,14,64,2,0.03125
g_n32_e96_k3_high_80,g_n32_e96_k3_high_80_p10,train,0.05,5,64,2,0.03125
g_n32_e96_k3_high_80,g_n32_e96_k3_high_80_p10,train,0.1,9,64,7,0.109375
g_n32_e96_k3_high_80,g_n32_e96_k3_high_80_p10,train,0.15,13,64,11,0.171875
g_n32_e96_k3_high_81,g_n32_e96_k3_high_81_p0,train,0.05,5,64,0,0.0
g_n32_e96_k3_high_81,g_n32_e96_k3_high_81_p0,train,0.1,10,64,0,0.0
g_n32_e96_k3_high_81,g_n32_e96_k3_high_81_p0,train,0.15,15,64,0,0.0
g_n32_e96_k3_high_81,g_n32_e96_k3_high_81_p5,train,0.05,5,64,0,0.0
g_n32_e96_k3_high_81,g_n32_e96_k3_high_81_p5,train,0.1,10,64,0,0.0
g_n32_e96_k3_high_81,g_n32_e96_k3_high_81_p5,train,0.15,14,64,0,0.0
g_n32_e96_k3_high_81,g_n32_e96_k3_high_81_p10,train,0.05,5,64,0,0.0
g_n32_e96_k3_high_81,g_n32_e96_k3_high_81_p10,train,0.1,9,64,2,0.03125
g_n32_e96_k3_high_81,g_n32_e96_k3_high_81_p10,train,0.15,13,64,3,0.046875
g_n32_e96_k3_high_82,g_n32_e96_k3_high_82_p0,train,0.05,5,64,0,0.0
g_n32_e96_k3_high_82,g_n32_e96_k3_high_82_p0,train,0.1,10,64,1,0.015625
g_n32_e96_k3_high_82,g_n32_e96_k3_high_82_p0,train,0.15,15,64,1,0.015625
g_n32_e96_k3_high_82,g_n32_e96_k3_high_82_p5,train,0.05,5,64,1,0.015625
g_n32_e96_k3_high_82,g_n32_e96_k3_high_82_p5,train,0.1,10,64,1,0.015625
g_n32_e96_k3_high_82,g_n32_e96_k3_high_82_p5,train,0.15,14,64,1,0.015625
g_n32_e96_k3_high_82,g_n32_e96_k3_high_82_p10,train,0.05,5,64,0,0.0
g_n32_e96_k3_high_82,g_n32_e96_k3_high_82_p10,train,0.1,9,64,0,0.0
g_n32_e96_k3_high_82,g_n32_e96_k3_high_82_p10,train,0.15,13,64,0,0.0
g_n32_e96_k3_high_83,g_n32_e96_k3_high_83_p0,train,0.05,5,64,0,0.0
g_n32_e96_k3_high_83,g_n32_e96_k3_high_83_p0,train,0.1,10,64,0,0.0
g_n32_e96_k3_high_83,g_n32_e96_k3_high_83_p0,train,0.15,15,64,0,0.0
g_n32_e96_k3_high_83,g_n32_e96_k3_high_83_p5,train,0.05,5,64,0,0.0
g_n32_e96_k3_high_83,g_n32_e96_k3_high_83_p5,train,0.1,10,64,0,0.0
g_n32_e96_k3_high_83,g_n32_e96_k3_high_83_p5,train,0.15,14,64,2,0.03125
g_n32_e96_k3_high_83,g_n32_e96_k3_high_83_p10,train,0.05,5,64,0,0.0
g_n32_e96_k3_high_83,g_n32_e96_k3_high_83_p10,train,0.1,9,64,0,0.0
g_n32_e96_k3_high_83,g_n32_e96_k3_high_83_p10,train,0.15,13,64,0,0.0
g_n32_e96_k3_high_84,g_n32_e96_k3_high_84_p0,validation,0.05,5,64,0,0.0
g_n32_e96_k3_high_84,g_n32_e96_k3_high_84_p0,validation,0.1,10,64,0,0.0
g_n32_e96_k3_high_84,g_n32_e96_k3_high_84_p0,validation,0.15,15,64,0,0.0
g_n32_e96_k3_high_84,g_n32_e96_k3_high_84_p5,validation,0.05,5,64,0,0.0
g_n32_e96_k3_high_84,g_n32_e96_k3_high_84_p5,validation,0.1,10,64,0,0.0
g_n32_e96_k3_high_84,g_n32_e96_k3_high_84_p5,validation,0.15,14,64,1,0.015625
g_n32_e96_k3_high_84,g_n32_e96_k3_high_84_p10,validation,0.05,5,64,0,0.0
g_n32_e96_k3_high_84,g_n32_e96_k3_high_84_p10,validation,0.1,9,64,0,0.0
g_n32_e96_k3_high_84,g_n32_e96_k3_high_84_p10,validation,0.15,13,64,1,0.015625
g_n32_e96_k3_high_85,g_n32_e96_k3_high_85_p0,test,0.05,5,64,0,0.0
g_n32_e96_k3_high_85,g_n32_e96_k3_high_85_p0,test,0.1,10,64,0,0.0
g_n32_e96_k3_high_85,g_n32_e96_k3_high_85_p0,test,0.15,15,64,0,0.0
g_n32_e96_k3_high_85,g_n32_e96_k3_high_85_p5,test,0.05,5,64,0,0.0
g_n32_e96_k3_high_85,g_n32_e96_k3_high_85_p5,test,0.1,10,64,0,0.0
g_n32_e96_k3_high_85,g_n32_e96_k3_high_85_p5,test,0.15,14,64,0,0.0
g_n32_e96_k3_high_85,g_n32_e96_k3_high_85_p10,test,0.05,5,64,0,0.0
g_n32_e96_k3_high_85,g_n32_e96_k3_high_85_p10,test,0.1,9,64,1,0.015625
g_n32_e96_k3_high_85,g_n32_e96_k3_high_85_p10,test,0.15,13,64,5,0.078125
g_n32_e96_k3_high_86,g_n32_e96_k3_high_86_p0,test,0.05,5,64,0,0.0
g_n32_e96_k3_high_86,g_n32_e96_k3_high_86_p0,test,0.1,10,64,0,0.0
g_n32_e96_k3_high_86,g_n32_e96_k3_high_86_p0,test,0.15,15,64,0,0.0
g_n32_e96_k3_high_86,g_n32_e96_k3_high_86_p5,test,0.05,5,64,0,0.0
g_n32_e96_k3_high_86,g_n32_e96_k3_high_86_p5,test,0.1,10,64,0,0.0
g_n32_e96_k3_high_86,g_n32_e96_k3_high_86_p5,test,0.15,14,64,0,0.0
g_n32_e96_k3_high_86,g_n32_e96_k3_high_86_p10,test,0.05,5,64,0,0.0
g_n32_e96_k3_high_86,g_n32_e96_k3_high_86_p10,test,0.1,9,64,0,0.0
g_n32_e96_k3_high_86,g_n32_e96_k3_high_86_p10,test,0.15,13,64,0,0.0
g_n32_e96_k3_high_87,g_n32_e96_k3_high_87_p0,train,0.05,5,64,0,0.0
g_n32_e96_k3_high_87,g_n32_e96_k3_high_87_p0,train,0.1,10,64,0,0.0
g_n32_e96_k3_high_87,g_n32_e96_k3_high_87_p0,train,0.15,15,64,0,0.0
g_n32_e96_k3_high_87,g_n32_e96_k3_high_87_p5,train,0.05,5,64,0,0.0
g_n32_e96_k3_high_87,g_n32_e96_k3_high_87_p5,train,0.1,10,64,0,0.0
g_n32_e96_k3_high_87,g_n32_e96_k3_high_87_p5,train,0.15,14,64,1,0.015625
g_n32_e96_k3_high_87,g_n32_e96_k3_high_87_p10,train,0.05,5,64,3,0.046875
g_n32_e96_k3_high_87,g_n32_e96_k3_high_87_p10,train,0.1,9,64,6,0.09375
g_n32_e96_k3_high_87,g_n32_e96_k3_high_87_p10,train,0.15,13,64,9,0.140625
g_n32_e96_k3_high_88,g_n32_e96_k3_high_88_p0,train,0.05,5,64,0,0.0
g_n32_e96_k3_high_88,g_n32_e96_k3_high_88_p0,train,0.1,10,64,0,0.0
g_n32_e96_k3_high_88,g_n32_e96_k3_high_88_p0,train,0.15,15,64,0,0.0
g_n32_e96_k3_high_88,g_n32_e96_k3_high_88_p5,train,0.05,5,64,0,0.0
g_n32_e96_k3_high_88,g_n32_e96_k3_high_88_p5,train,0.1,10,64,0,0.0
g_n32_e96_k3_high_88,g_n32_e96_k3_high_88_p5,train,0.15,14,64,0,0.0
g_n32_e96_k3_high_88,g_n32_e96_k3_high_88_p10,train,0.05,5,64,0,0.0
g_n32_e96_k3_high_88,g_n32_e96_k3_high_88_p10,train,0.1,9,64,1,0.015625
g_n32_e96_k3_high_88,g_n32_e96_k3_high_88_p10,train,0.15,13,64,2,0.03125
g_n32_e96_k3_high_89,g_n32_e96_k3_high_89_p0,train,0.05,5,64,0,0.0
g_n32_e96_k3_high_89,g_n32_e96_k3_high_89_p0,train,0.1,10,64,0,0.0
g_n32_e96_k3_high_89,g_n32_e96_k3_high_89_p0,train,0.15,15,64,0,0.0
g_n32_e96_k3_high_89,g_n32_e96_k3_high_89_p5,train,0.05,5,64,0,0.0
g_n32_e96_k3_high_89,g_n32_e96_k3_high_89_p5,train,0.1,10,64,0,0.0
g_n32_e96_k3_high_89,g_n32_e96_k3_high_89_p5,train,0.15,14,64,0,0.0
g_n32_e96_k3_high_89,g_n32_e96_k3_high_89_p10,train,0.05,5,64,0,0.0
g_n32_e96_k3_high_89,g_n32_e96_k3_high_89_p10,train,0.1,9,64,0,0.0
g_n32_e96_k3_high_89,g_n32_e96_k3_high_89_p10,train,0.15,13,64,2,0.03125
g_n40_e80_k2_low_00,g_n40_e80_k2_low_00_p0,validation,0.05,4,64,3,0.046875
g_n40_e80_k2_low_00,g_n40_e80_k2_low_00_p0,validation,0.1,8,64,7,0.109375
g_n40_e80_k2_low_00,g_n40_e80_k2_low_00_p0,validation,0.15,12,64,22,0.34375
g_n40_e80_k2_low_00,g_n40_e80_k2_low_00_p4,validation,0.05,4,64,12,0.1875
g_n40_e80_k2_low_00,g_n40_e80_k2_low_00_p4,validation,0.1,8,64,26,0.40625
g_n40_e80_k2_low_00,g_n40_e80_k2_low_00_p4,validation,0.15,12,64,31,0.484375
g_n40_e80_k2_low_00,g_n40_e80_k2_low_00_p8,validation,0.05,4,64,5,0.078125
g_n40_e80_k2_low_00,g_n40_e80_k2_low_00_p8,validation,0.1,8,64,24,0.375
g_n40_e80_k2_low_00,g_n40_e80_k2_low_00_p8,validation,0.15,11,64,35,0.546875
g_n40_e80_k2_low_01,g_n40_e80_k2_low_01_p0,train,0.05,4,64,2,0.03125
g_n40_e80_k2_low_01,g_n40_e80_k2_low_01_p0,train,0.1,8,64,6,0.09375
g_n40_e80_k2_low_01,g_n40_e80_k2_low_01_p0,train,0.15,12,64,21,0.328125
g_n40_e80_k2_low_01,g_n40_e80_k2_low_01_p4,train,0.05,4,64,5,0.078125
g_n40_e80_k2_low_01,g_n40_e80_k2_low_01_p4,train,0.1,8,64,12,0.1875
g_n40_e80_k2_low_01,g_n40_e80_k2_low_01_p4,train,0.15,12,64,22,0.34375
g_n40_e80_k2_low_01,g_n40_e80_k2_low_01_p8,train,0.05,4,64,8,0.125
g_n40_e80_k2_low_01,g_n40_e80_k2_low_01_p8,train,0.1,8,64,21,0.328125
g_n40_e80_k2_low_01,g_n40_e80_k2_low_01_p8,train,0.15,11,64,31,0.484375
g_n40_e80_k2_low_02,g_n40_e80_k2_low_02_p0,train,0.05,4,64,0,0.0
g_n40_e80_k2_low_02,g_n40_e80_k2_low_02_p0,train,0.1,8,64,6,0.09375
g_n40_e80_k2_low_02,g_n40_e80_k2_low_02_p0,train,0.15,12,64,16,0.25
g_n40_e80_k2_low_02,g_n40_e80_k2_low_02_p4,train,0.05,4,64,9,0.140625
g_n40_e80_k2_low_02,g_n40_e80_k2_low_02_p4,train,0.1,8,64,21,0.328125
g_n40_e80_k2_low_02,g_n40_e80_k2_low_02_p4,train,0.15,12,64,31,0.484375
g_n40_e80_k2_low_02,g_n40_e80_k2_low_02_p8,train,0.05,4,64,8,0.125
g_n40_e80_k2_low_02,g_n40_e80_k2_low_02_p8,train,0.1,8,64,22,0.34375
g_n40_e80_k2_low_02,g_n40_e80_k2_low_02_p8,train,0.15,11,64,34,0.53125
g_n40_e80_k2_low_03,g_n40_e80_k2_low_03_p0,train,0.05,4,64,1,0.015625
g_n40_e80_k2_low_03,g_n40_e80_k2_low_03_p0,train,0.1,8,64,7,0.109375
g_n40_e80_k2_low_03,g_n40_e80_k2_low_03_p0,train,0.15,12,64,16,0.25
g_n40_e80_k2_low_03,g_n40_e80_k2_low_03_p4,train,0.05,4,64,1,0.015625
g_n40_e80_k2_low_03,g_n40_e80_k2_low_03_p4,train,0.1,8,64,7,0.109375
g_n40_e80_k2_low_03,g_n40_e80_k2_low_03_p4,train,0.15,12,64,23,0.359375
g_n40_e80_k2_low_03,g_n40_e80_k2_low_03_p8,train,0.05,4,64,4,0.0625
g_n40_e80_k2_low_03,g_n40_e80_k2_low_03_p8,train,0.1,8,64,22,0.34375
g_n40_e80_k2_low_03,g_n40_e80_k2_low_03_p8,train,0.15,11,64,31,0.484375
g_n40_e80_k2_low_04,g_n40_e80_k2_low_04_p0,train,0.05,4,64,1,0.015625
g_n40_e80_k2_low_04,g_n40_e80_k2_low_04_p0,train,0.1,8,64,6,0.09375
g_n40_e80_k2_low_04,g_n40_e80_k2_low_04_p0,train,0.15,12,64,12,0.1875
g_n40_e80_k2_low_04,g_n40_e80_k2_low_04_p4,train,0.05,4,64,9,0.140625
g_n40_e80_k2_low_04,g_n40_e80_k2_low_04_p4,train,0.1,8,64,21,0.328125
g_n40_e80_k2_low_04,g_n40_e80_k2_low_04_p4,train,0.15,12,64,29,0.453125
g_n40_e80_k2_low_04,g_n40_e80_k2_low_04_p8,train,0.05,4,64,10,0.15625
g_n40_e80_k2_low_04,g_n40_e80_k2_low_04_p8,train,0.1,8,64,26,0.40625
g_n40_e80_k2_low_04,g_n40_e80_k2_low_04_p8,train,0.15,11,64,36,0.5625
g_n40_e80_k2_low_05,g_n40_e80_k2_low_05_p0,validation,0.05,4,64,0,0.0
g_n40_e80_k2_low_05,g_n40_e80_k2_low_05_p0,validation,0.1,8,64,4,0.0625
g_n40_e80_k2_low_05,g_n40_e80_k2_low_05_p0,validation,0.15,12,64,13,0.203125
g_n40_e80_k2_low_05,g_n40_e80_k2_low_05_p4,validation,0.05,4,64,0,0.0
g_n40_e80_k2_low_05,g_n40_e80_k2_low_05_p4,validation,0.1,8,64,5,0.078125
g_n40_e80_k2_low_05,g_n40_e80_k2_low_05_p4,validation,0.15,12,64,21,0.328125
g_n40_e80_k2_low_05,g_n40_e80_k2_low_05_p8,validation,0.05,4,64,16,0.25
g_n40_e80_k2_low_05,g_n40_e80_k2_low_05_p8,validation,0.1,8,64,29,0.453125
g_n40_e80_k2_low_05,g_n40_e80_k2_low_05_p8,validation,0.15,11,64,34,0.53125
g_n40_e80_k2_low_06,g_n40_e80_k2_low_06_p0,validation,0.05,4,64,0,0.0
g_n40_e80_k2_low_06,g_n40_e80_k2_low_06_p0,validation,0.1,8,64,4,0.0625
g_n40_e80_k2_low_06,g_n40_e80_k2_low_06_p0,validation,0.15,12,64,15,0.234375
g_n40_e80_k2_low_06,g_n40_e80_k2_low_06_p4,validation,0.05,4,64,6,0.09375
g_n40_e80_k2_low_06,g_n40_e80_k2_low_06_p4,validation,0.1,8,64,15,0.234375
g_n40_e80_k2_low_06,g_n40_e80_k2_low_06_p4,validation,0.15,12,64,33,0.515625
g_n40_e80_k2_low_06,g_n40_e80_k2_low_06_p8,validation,0.05,4,64,26,0.40625
g_n40_e80_k2_low_06,g_n40_e80_k2_low_06_p8,validation,0.1,8,64,45,0.703125
g_n40_e80_k2_low_06,g_n40_e80_k2_low_06_p8,validation,0.15,11,64,52,0.8125
g_n40_e80_k2_low_07,g_n40_e80_k2_low_07_p0,train,0.05,4,64,1,0.015625
g_n40_e80_k2_low_07,g_n40_e80_k2_low_07_p0,train,0.1,8,64,8,0.125
g_n40_e80_k2_low_07,g_n40_e80_k2_low_07_p0,train,0.15,12,64,13,0.203125
g_n40_e80_k2_low_07,g_n40_e80_k2_low_07_p4,train,0.05,4,64,0,0.0
g_n40_e80_k2_low_07,g_n40_e80_k2_low_07_p4,train,0.1,8,64,8,0.125
g_n40_e80_k2_low_07,g_n40_e80_k2_low_07_p4,train,0.15,12,64,20,0.3125
g_n40_e80_k2_low_07,g_n40_e80_k2_low_07_p8,train,0.05,4,64,3,0.046875
g_n40_e80_k2_low_07,g_n40_e80_k2_low_07_p8,train,0.1,8,64,12,0.1875
g_n40_e80_k2_low_07,g_n40_e80_k2_low_07_p8,train,0.15,11,64,19,0.296875
g_n40_e80_k2_low_08,g_n40_e80_k2_low_08_p0,train,0.05,4,64,0,0.0
g_n40_e80_k2_low_08,g_n40_e80_k2_low_08_p0,train,0.1,8,64,5,0.078125
g_n40_e80_k2_low_08,g_n40_e80_k2_low_08_p0,train,0.15,12,64,15,0.234375
g_n40_e80_k2_low_08,g_n40_e80_k2_low_08_p4,train,0.05,4,64,1,0.015625
g_n40_e80_k2_low_08,g_n40_e80_k2_low_08_p4,train,0.1,8,64,11,0.171875
g_n40_e80_k2_low_08,g_n40_e80_k2_low_08_p4,train,0.15,12,64,21,0.328125
g_n40_e80_k2_low_08,g_n40_e80_k2_low_08_p8,train,0.05,4,64,4,0.0625
g_n40_e80_k2_low_08,g_n40_e80_k2_low_08_p8,train,0.1,8,64,15,0.234375
g_n40_e80_k2_low_08,g_n40_e80_k2_low_08_p8,train,0.15,11,64,19,0.296875
g_n40_e80_k2_low_09,g_n40_e80_k2_low_09_p0,train,0.05,4,64,2,0.03125
g_n40_e80_k2_low_09,g_n40_e80_k2_low_09_p0,train,0.1,8,64,5,0.078125
g_n40_e80_k2_low_09,g_n40_e80_k2_low_09_p0,train,0.15,12,64,10,0.15625
g_n40_e80_k2_low_09,g_n40_e80_k2_low_09_p4,train,0.05,4,64,0,0.0
g_n40_e80_k2_low_09,g_n40_e80_k2_low_09_p4,train,0.1,8,64,10,0.15625
g_n40_e80_k2_low_09,g_n40_e80_k2_low_09_p4,train,0.15,12,64,20,0.3125
g_n40_e80_k2_low_09,g_n40_e80_k2_low_09_p8,train,0.05,4,64,7,0.109375
g_n40_e80_k2_low_09,g_n40_e80_k2_low_09_p8,train,0.1,8,64,24,0.375
g_n40_e80_k2_low_09,g_n40_e80_k2_low_09_p8,train,0.15,11,64,32,0.5
g_n40_e80_k2_low_10,g_n40_e80_k2_low_10_p0,validation,0.05,4,64,0,0.0
g_n40_e80_k2_low_10,g_n40_e80_k2_low_10_p0,validation,0.1,8,64,4,0.0625
g_n40_e80_k2_low_10,g_n40_e80_k2_low_10_p0,validation,0.15,12,64,14,0.21875
g_n40_e80_k2_low_10,g_n40_e80_k2_low_10_p4,validation,0.05,4,64,3,0.046875
g_n40_e80_k2_low_10,g_n40_e80_k2_low_10_p4,validation,0.1,8,64,11,0.171875
g_n40_e80_k2_low_10,g_n40_e80_k2_low_10_p4,validation,0.15,12,64,22,0.34375
g_n40_e80_k2_low_10,g_n40_e80_k2_low_10_p8,validation,0.05,4,64,2,0.03125
g_n40_e80_k2_low_10,g_n40_e80_k2_low_10_p8,validation,0.1,8,64,21,0.328125
g_n40_e80_k2_low_10,g_n40_e80_k2_low_10_p8,validation,0.15,11,64,29,0.453125
g_n40_e80_k2_low_11,g_n40_e80_k2_low_11_p0,train,0.05,4,64,1,0.015625
g_n40_e80_k2_low_11,g_n40_e80_k2_low_11_p0,train,0.1,8,64,5,0.078125
g_n40_e80_k2_low_11,g_n40_e80_k2_low_11_p0,train,0.15,12,64,12,0.1875
g_n40_e80_k2_low_11,g_n40_e80_k2_low_11_p4,train,0.05,4,64,2,0.03125
g_n40_e80_k2_low_11,g_n40_e80_k2_low_11_p4,train,0.1,8,64,8,0.125
g_n40_e80_k2_low_11,g_n40_e80_k2_low_11_p4,train,0.15,12,64,16,0.25
g_n40_e80_k2_low_11,g_n40_e80_k2_low_11_p8,train,0.05,4,64,16,0.25
g_n40_e80_k2_low_11,g_n40_e80_k2_low_11_p8,train,0.1,8,64,35,0.546875
g_n40_e80_k2_low_11,g_n40_e80_k2_low_11_p8,train,0.15,11,64,46,0.71875
g_n40_e80_k2_low_12,g_n40_e80_k2_low_12_p0,test,0.05,4,64,1,0.015625
g_n40_e80_k2_low_12,g_n40_e80_k2_low_12_p0,test,0.1,8,64,3,0.046875
g_n40_e80_k2_low_12,g_n40_e80_k2_low_12_p0,test,0.15,12,64,12,0.1875
g_n40_e80_k2_low_12,g_n40_e80_k2_low_12_p4,test,0.05,4,64,3,0.046875
g_n40_e80_k2_low_12,g_n40_e80_k2_low_12_p4,test,0.1,8,64,8,0.125
g_n40_e80_k2_low_12,g_n40_e80_k2_low_12_p4,test,0.15,12,64,15,0.234375
g_n40_e80_k2_low_12,g_n40_e80_k2_low_12_p8,test,0.05,4,64,11,0.171875
g_n40_e80_k2_low_12,g_n40_e80_k2_low_12_p8,test,0.1,8,64,29,0.453125
g_n40_e80_k2_low_12,g_n40_e80_k2_low_12_p8,test,0.15,11,64,41,0.640625
g_n40_e80_k2_low_13,g_n40_e80_k2_low_13_p0,train,0.05,4,64,1,0.015625
g_n40_e80_k2_low_13,g_n40_e80_k2_low_13_p0,train,0.1,8,64,3,0.046875
g_n40_e80_k2_low_13,g_n40_e80_k2_low_13_p0,train,0.15,12,64,9,0.140625
g_n40_e80_k2_low_13,g_n40_e80_k2_low_13_p4,train,0.05,4,64,0,0.0
g_n40_e80_k2_low_13,g_n40_e80_k2_low_13_p4,train,0.1,8,64,6,0.09375
g_n40_e80_k2_low_13,g_n40_e80_k2_low_13_p4,train,0.15,12,64,22,0.34375
g_n40_e80_k2_low_13,g_n40_e80_k2_low_13_p8,train,0.05,4,64,4,0.0625
g_n40_e80_k2_low_13,g_n40_e80_k2_low_13_p8,train,0.1,8,64,23,0.359375
g_n40_e80_k2_low_13,g_n40_e80_k2_low_13_p8,train,0.15,11,64,33,0.515625
g_n40_e80_k2_low_14,g_n40_e80_k2_low_14_p0,validation,0.05,4,64,1,0.015625
g_n40_e80_k2_low_14,g_n40_e80_k2_low_14_p0,validation,0.1,8,64,5,0.078125
g_n40_e80_k2_low_14,g_n40_e80_k2_low_14_p0,validation,0.15,12,64,15,0.234375
g_n40_e80_k2_low_14,g_n40_e80_k2_low_14_p4,validation,0.05,4,64,6,0.09375
g_n40_e80_k2_low_14,g_n40_e80_k2_low_14_p4,validation,0.1,8,64,12,0.1875
g_n40_e80_k2_low_14,g_n40_e80_k2_low_14_p4,validation,0.15,12,64,19,0.296875
g_n40_e80_k2_low_14,g_n40_e80_k2_low_14_p8,validation,0.05,4,64,8,0.125
g_n40_e80_k2_low_14,g_n40_e80_k2_low_14_p8,validation,0.1,8,64,20,0.3125
g_n40_e80_k2_low_14,g_n40_e80_k2_low_14_p8,validation,0.15,11,64,39,0.609375
g_n40_e80_k2_low_15,g_n40_e80_k2_low_15_p0,train,0.05,4,64,0,0.0
g_n40_e80_k2_low_15,g_n40_e80_k2_low_15_p0,train,0.1,8,64,4,0.0625
g_n40_e80_k2_low_15,g_n40_e80_k2_low_15_p0,train,0.15,12,64,15,0.234375
g_n40_e80_k2_low_15,g_n40_e80_k2_low_15_p4,train,0.05,4,64,4,0.0625
g_n40_e80_k2_low_15,g_n40_e80_k2_low_15_p4,train,0.1,8,64,10,0.15625
g_n40_e80_k2_low_15,g_n40_e80_k2_low_15_p4,train,0.15,12,64,22,0.34375
g_n40_e80_k2_low_15,g_n40_e80_k2_low_15_p8,train,0.05,4,64,0,0.0
g_n40_e80_k2_low_15,g_n40_e80_k2_low_15_p8,train,0.1,8,64,7,0.109375
g_n40_e80_k2_low_15,g_n40_e80_k2_low_15_p8,train,0.15,11,64,14,0.21875
g_n40_e80_k2_low_16,g_n40_e80_k2_low_16_p0,train,0.05,4,64,2,0.03125
g_n40_e80_k2_low_16,g_n40_e80_k2_low_16_p0,train,0.1,8,64,9,0.140625
g_n40_e80_k2_low_16,g_n40_e80_k2_low_16_p0,train,0.15,12,64,14,0.21875
g_n40_e80_k2_low_16,g_n40_e80_k2_low_16_p8,train,0.05,4,64,7,0.109375
g_n40_e80_k2_low_16,g_n40_e80_k2_low_16_p8,train,0.1,8,64,23,0.359375
g_n40_e80_k2_low_16,g_n40_e80_k2_low_16_p8,train,0.15,11,64,33,0.515625
g_n40_e80_k2_low_17,g_n40_e80_k2_low_17_p0,train,0.05,4,64,3,0.046875
g_n40_e80_k2_low_17,g_n40_e80_k2_low_17_p0,train,0.1,8,64,7,0.109375
g_n40_e80_k2_low_17,g_n40_e80_k2_low_17_p0,train,0.15,12,64,17,0.265625
g_n40_e80_k2_low_17,g_n40_e80_k2_low_17_p4,train,0.05,4,64,6,0.09375
g_n40_e80_k2_low_17,g_n40_e80_k2_low_17_p4,train,0.1,8,64,14,0.21875
g_n40_e80_k2_low_17,g_n40_e80_k2_low_17_p4,train,0.15,12,64,30,0.46875
g_n40_e80_k2_low_17,g_n40_e80_k2_low_17_p8,train,0.05,4,64,10,0.15625
g_n40_e80_k2_low_17,g_n40_e80_k2_low_17_p8,train,0.1,8,64,23,0.359375
g_n40_e80_k2_low_17,g_n40_e80_k2_low_17_p8,train,0.15,11,64,32,0.5
g_n40_e80_k2_low_18,g_n40_e80_k2_low_18_p0,test,0.05,4,64,2,0.03125
g_n40_e80_k2_low_18,g_n40_e80_k2_low_18_p0,test,0.1,8,64,6,0.09375
g_n40_e80_k2_low_18,g_n40_e80_k2_low_18_p0,test,0.15,12,64,12,0.1875
g_n40_e80_k2_low_18,g_n40_e80_k2_low_18_p4,test,0.05,4,64,7,0.109375
g_n40_e80_k2_low_18,g_n40_e80_k2_low_18_p4,test,0.1,8,64,20,0.3125
g_n40_e80_k2_low_18,g_n40_e80_k2_low_18_p4,test,0.15,12,64,33,0.515625
g_n40_e80_k2_low_18,g_n40_e80_k2_low_18_p8,test,0.05,4,64,0,0.0
g_n40_e80_k2_low_18,g_n40_e80_k2_low_18_p8,test,0.1,8,64,10,0.15625
g_n40_e80_k2_low_18,g_n40_e80_k2_low_18_p8,test,0.15,11,64,20,0.3125
g_n40_e80_k2_low_19,g_n40_e80_k2_low_19_p0,test,0.05,4,64,1,0.015625
g_n40_e80_k2_low_19,g_n40_e80_k2_low_19_p0,test,0.1,8,64,2,0.03125
g_n40_e80_k2_low_19,g_n40_e80_k2_low_19_p0,test,0.15,12,64,16,0.25
g_n40_e80_k2_low_19,g_n40_e80_k2_low_19_p4,test,0.05,4,64,4,0.0625
g_n40_e80_k2_low_19,g_n40_e80_k2_low_19_p4,test,0.1,8,64,19,0.296875
g_n40_e80_k2_low_19,g_n40_e80_k2_low_19_p4,test,0.15,12,64,29,0.453125
g_n40_e80_k2_low_19,g_n40_e80_k2_low_19_p8,test,0.05,4,64,4,0.0625
g_n40_e80_k2_low_19,g_n40_e80_k2_low_19_p8,test,0.1,8,64,14,0.21875
g_n40_e80_k2_low_19,g_n40_e80_k2_low_19_p8,test,0.15,11,64,26,0.40625
g_n40_e80_k2_low_20,g_n40_e80_k2_low_20_p0,train,0.05,4,64,3,0.046875
g_n40_e80_k2_low_20,g_n40_e80_k2_low_20_p0,train,0.1,8,64,4,0.0625
g_n40_e80_k2_low_20,g_n40_e80_k2_low_20_p0,train,0.15,12,64,7,0.109375
g_n40_e80_k2_low_20,g_n40_e80_k2_low_20_p4,train,0.05,4,64,8,0.125
g_n40_e80_k2_low_20,g_n40_e80_k2_low_20_p4,train,0.1,8,64,17,0.265625
g_n40_e80_k2_low_20,g_n40_e80_k2_low_20_p4,train,0.15,12,64,31,0.484375
g_n40_e80_k2_low_20,g_n40_e80_k2_low_20_p8,train,0.05,4,64,15,0.234375
g_n40_e80_k2_low_20,g_n40_e80_k2_low_20_p8,train,0.1,8,64,30,0.46875
g_n40_e80_k2_low_20,g_n40_e80_k2_low_20_p8,train,0.15,11,64,39,0.609375
g_n40_e80_k2_low_21,g_n40_e80_k2_low_21_p0,test,0.05,4,64,1,0.015625
g_n40_e80_k2_low_21,g_n40_e80_k2_low_21_p0,test,0.1,8,64,7,0.109375
g_n40_e80_k2_low_21,g_n40_e80_k2_low_21_p0,test,0.15,12,64,16,0.25
g_n40_e80_k2_low_21,g_n40_e80_k2_low_21_p4,test,0.05,4,64,6,0.09375
g_n40_e80_k2_low_21,g_n40_e80_k2_low_21_p4,test,0.1,8,64,18,0.28125
g_n40_e80_k2_low_21,g_n40_e80_k2_low_21_p4,test,0.15,12,64,35,0.546875
g_n40_e80_k2_low_21,g_n40_e80_k2_low_21_p8,test,0.05,4,64,1,0.015625
g_n40_e80_k2_low_21,g_n40_e80_k2_low_21_p8,test,0.1,8,64,10,0.15625
g_n40_e80_k2_low_21,g_n40_e80_k2_low_21_p8,test,0.15,11,64,23,0.359375
g_n40_e80_k2_low_22,g_n40_e80_k2_low_22_p0,train,0.05,4,64,0,0.0
g_n40_e80_k2_low_22,g_n40_e80_k2_low_22_p0,train,0.1,8,64,5,0.078125
g_n40_e80_k2_low_22,g_n40_e80_k2_low_22_p0,train,0.15,12,64,17,0.265625
g_n40_e80_k2_low_22,g_n40_e80_k2_low_22_p4,train,0.05,4,64,7,0.109375
g_n40_e80_k2_low_22,g_n40_e80_k2_low_22_p4,train,0.1,8,64,16,0.25
g_n40_e80_k2_low_22,g_n40_e80_k2_low_22_p4,train,0.15,12,64,25,0.390625
g_n40_e80_k2_low_23,g_n40_e80_k2_low_23_p0,train,0.05,4,64,0,0.0
g_n40_e80_k2_low_23,g_n40_e80_k2_low_23_p0,train,0.1,8,64,7,0.109375
g_n40_e80_k2_low_23,g_n40_e80_k2_low_23_p0,train,0.15,12,64,20,0.3125
g_n40_e80_k2_low_23,g_n40_e80_k2_low_23_p4,train,0.05,4,64,1,0.015625
g_n40_e80_k2_low_23,g_n40_e80_k2_low_23_p4,train,0.1,8,64,6,0.09375
g_n40_e80_k2_low_23,g_n40_e80_k2_low_23_p4,train,0.15,12,64,16,0.25
g_n40_e80_k2_low_23,g_n40_e80_k2_low_23_p8,train,0.05,4,64,7,0.109375
g_n40_e80_k2_low_23,g_n40_e80_k2_low_23_p8,train,0.1,8,64,17,0.265625
g_n40_e80_k2_low_23,g_n40_e80_k2_low_23_p8,train,0.15,11,64,22,0.34375
g_n40_e80_k2_low_24,g_n40_e80_k2_low_24_p0,validation,0.05,4,64,1,0.015625
g_n40_e80_k2_low_24,g_n40_e80_k2_low_24_p0,validation,0.1,8,64,2,0.03125
g_n40_e80_k2_low_24,g_n40_e80_k2_low_24_p0,validation,0.15,12,64,10,0.15625
g_n40_e80_k2_low_24,g_n40_e80_k2_low_24_p4,validation,0.05,4,64,5,0.078125
g_n40_e80_k2_low_24,g_n40_e80_k2_low_24_p4,validation,0.1,8,64,10,0.15625
g_n40_e80_k2_low_24,g_n40_e80_k2_low_24_p4,validation,0.15,12,64,25,0.390625
g_n40_e80_k2_low_24,g_n40_e80_k2_low_24_p8,validation,0.05,4,64,19,0.296875
g_n40_e80_k2_low_24,g_n40_e80_k2_low_24_p8,validation,0.1,8,64,31,0.484375
g_n40_e80_k2_low_24,g_n40_e80_k2_low_24_p8,validation,0.15,11,64,43,0.671875
g_n40_e80_k2_low_25,g_n40_e80_k2_low_25_p0,test,0.05,4,64,3,0.046875
g_n40_e80_k2_low_25,g_n40_e80_k2_low_25_p0,test,0.1,8,64,10,0.15625
g_n40_e80_k2_low_25,g_n40_e80_k2_low_25_p0,test,0.15,12,64,19,0.296875
g_n40_e80_k2_low_25,g_n40_e80_k2_low_25_p4,test,0.05,4,64,4,0.0625
g_n40_e80_k2_low_25,g_n40_e80_k2_low_25_p4,test,0.1,8,64,12,0.1875
g_n40_e80_k2_low_25,g_n40_e80_k2_low_25_p4,test,0.15,12,64,26,0.40625
g_n40_e80_k2_low_25,g_n40_e80_k2_low_25_p8,test,0.05,4,64,4,0.0625
g_n40_e80_k2_low_25,g_n40_e80_k2_low_25_p8,test,0.1,8,64,15,0.234375
g_n40_e80_k2_low_25,g_n40_e80_k2_low_25_p8,test,0.15,11,64,25,0.390625
g_n40_e80_k2_low_26,g_n40_e80_k2_low_26_p0,train,0.05,4,64,0,0.0
g_n40_e80_k2_low_26,g_n40_e80_k2_low_26_p0,train,0.1,8,64,11,0.171875
g_n40_e80_k2_low_26,g_n40_e80_k2_low_26_p0,train,0.15,12,64,18,0.28125
g_n40_e80_k2_low_26,g_n40_e80_k2_low_26_p4,train,0.05,4,64,2,0.03125
g_n40_e80_k2_low_26,g_n40_e80_k2_low_26_p4,train,0.1,8,64,7,0.109375
g_n40_e80_k2_low_26,g_n40_e80_k2_low_26_p4,train,0.15,12,64,17,0.265625
g_n40_e80_k2_low_27,g_n40_e80_k2_low_27_p0,train,0.05,4,64,0,0.0
g_n40_e80_k2_low_27,g_n40_e80_k2_low_27_p0,train,0.1,8,64,2,0.03125
g_n40_e80_k2_low_27,g_n40_e80_k2_low_27_p0,train,0.15,12,64,13,0.203125
g_n40_e80_k2_low_27,g_n40_e80_k2_low_27_p4,train,0.05,4,64,2,0.03125
g_n40_e80_k2_low_27,g_n40_e80_k2_low_27_p4,train,0.1,8,64,8,0.125
g_n40_e80_k2_low_27,g_n40_e80_k2_low_27_p4,train,0.15,12,64,18,0.28125
g_n40_e80_k2_low_27,g_n40_e80_k2_low_27_p8,train,0.05,4,64,15,0.234375
g_n40_e80_k2_low_27,g_n40_e80_k2_low_27_p8,train,0.1,8,64,34,0.53125
g_n40_e80_k2_low_27,g_n40_e80_k2_low_27_p8,train,0.15,11,64,42,0.65625
g_n40_e80_k2_low_28,g_n40_e80_k2_low_28_p0,train,0.05,4,64,3,0.046875
g_n40_e80_k2_low_28,g_n40_e80_k2_low_28_p0,train,0.1,8,64,13,0.203125
g_n40_e80_k2_low_28,g_n40_e80_k2_low_28_p0,train,0.15,12,64,21,0.328125
g_n40_e80_k2_low_28,g_n40_e80_k2_low_28_p4,train,0.05,4,64,10,0.15625
g_n40_e80_k2_low_28,g_n40_e80_k2_low_28_p4,train,0.1,8,64,25,0.390625
g_n40_e80_k2_low_28,g_n40_e80_k2_low_28_p4,train,0.15,12,64,38,0.59375
g_n40_e80_k2_low_28,g_n40_e80_k2_low_28_p8,train,0.05,4,64,7,0.109375
g_n40_e80_k2_low_28,g_n40_e80_k2_low_28_p8,train,0.1,8,64,18,0.28125
g_n40_e80_k2_low_28,g_n40_e80_k2_low_28_p8,train,0.15,11,64,32,0.5
g_n40_e80_k2_low_29,g_n40_e80_k2_low_29_p0,test,0.05,4,64,2,0.03125
g_n40_e80_k2_low_29,g_n40_e80_k2_low_29_p0,test,0.1,8,64,7,0.109375
g_n40_e80_k2_low_29,g_n40_e80_k2_low_29_p0,test,0.15,12,64,17,0.265625
g_n40_e80_k2_low_29,g_n40_e80_k2_low_29_p4,test,0.05,4,64,6,0.09375
g_n40_e80_k2_low_29,g_n40_e80_k2_low_29_p4,test,0.1,8,64,14,0.21875
g_n40_e80_k2_low_29,g_n40_e80_k2_low_29_p4,test,0.15,12,64,30,0.46875
g_n40_e80_k2_low_29,g_n40_e80_k2_low_29_p8,test,0.05,4,64,5,0.078125
g_n40_e80_k2_low_29,g_n40_e80_k2_low_29_p8,test,0.1,8,64,15,0.234375
g_n40_e80_k2_low_29,g_n40_e80_k2_low_29_p8,test,0.15,11,64,26,0.40625
g_n40_e80_k2_mid_30,g_n40_e80_k2_mid_30_p0,test,0.05,4,64,1,0.015625
g_n40_e80_k2_mid_30,g_n40_e80_k2_mid_30_p0,test,0.1,8,64,3,0.046875
g_n40_e80_k2_mid_30,g_n40_e80_k2_mid_30_p0,test,0.15,12,64,10,0.15625
g_n40_e80_k2_mid_30,g_n40_e80_k2_mid_30_p4,test,0.05,4,64,6,0.09375
g_n40_e80_k2_mid_30,g_n40_e80_k2_mid_30_p4,test,0.1,8,64,13,0.203125
g_n40_e80_k2_mid_30,g_n40_e80_k2_mid_30_p4,test,0.15,12,64,20,0.3125
g_n40_e80_k2_mid_30,g_n40_e80_k2_mid_30_p8,test,0.05,4,64,10,0.15625
g_n40_e80_k2_mid_30,g_n40_e80_k2_mid_30_p8,test,0.1,8,64,27,0.421875
g_n40_e80_k2_mid_30,g_n40_e80_k2_mid_30_p8,test,0.15,11,64,35,0.546875
g_n40_e80_k2_mid_31,g_n40_e80_k2_mid_31_p0,train,0.05,4,64,0,0.0
g_n40_e80_k2_mid_31,g_n40_e80_k2_mid_31_p0,train,0.1,8,64,3,0.046875
g_n40_e80_k2_mid_31,g_n40_e80_k2_mid_31_p0,train,0.15,12,64,9,0.140625
g_n40_e80_k2_mid_31,g_n40_e80_k2_mid_31_p4,train,0.05,4,64,3,0.046875
g_n40_e80_k2_mid_31,g_n40_e80_k2_mid_31_p4,train,0.1,8,64,14,0.21875
g_n40_e80_k2_mid_31,g_n40_e80_k2_mid_31_p4,train,0.15,12,64,25,0.390625
g_n40_e80_k2_mid_31,g_n40_e80_k2_mid_31_p8,train,0.05,4,64,6,0.09375
g_n40_e80_k2_mid_31,g_n40_e80_k2_mid_31_p8,train,0.1,8,64,23,0.359375
g_n40_e80_k2_mid_31,g_n40_e80_k2_mid_31_p8,train,0.15,11,64,33,0.515625
g_n40_e80_k2_mid_32,g_n40_e80_k2_mid_32_p0,train,0.05,4,64,0,0.0
g_n40_e80_k2_mid_32,g_n40_e80_k2_mid_32_p0,train,0.1,8,64,4,0.0625
g_n40_e80_k2_mid_32,g_n40_e80_k2_mid_32_p0,train,0.15,12,64,14,0.21875
g_n40_e80_k2_mid_32,g_n40_e80_k2_mid_32_p4,train,0.05,4,64,1,0.015625
g_n40_e80_k2_mid_32,g_n40_e80_k2_mid_32_p4,train,0.1,8,64,5,0.078125
g_n40_e80_k2_mid_32,g_n40_e80_k2_mid_32_p4,train,0.15,12,64,14,0.21875
g_n40_e80_k2_mid_32,g_n40_e80_k2_mid_32_p8,train,0.05,4,64,4,0.0625
g_n40_e80_k2_mid_32,g_n40_e80_k2_mid_32_p8,train,0.1,8,64,16,0.25
g_n40_e80_k2_mid_32,g_n40_e80_k2_mid_32_p8,train,0.15,11,64,32,0.5
g_n40_e80_k2_mid_33,g_n40_e80_k2_mid_33_p0,train,0.05,4,64,0,0.0
g_n40_e80_k2_mid_33,g_n40_e80_k2_mid_33_p0,train,0.1,8,64,5,0.078125
g_n40_e80_k2_mid_33,g_n40_e80_k2_mid_33_p0,train,0.15,12,64,11,0.171875
g_n40_e80_k2_mid_33,g_n40_e80_k2_mid_33_p4,train,0.05,4,64,1,0.015625
g_n40_e80_k2_mid_33,g_n40_e80_k2_mid_33_p4,train,0.1,8,64,2,0.03125
g_n40_e80_k2_mid_33,g_n40_e80_k2_mid_33_p4,train,0.15,12,64,15,0.234375
g_n40_e80_k2_mid_33,g_n40_e80_k2_mid_33_p8,train,0.05,4,64,3,0.046875
g_n40_e80_k2_mid_33,g_n40_e80_k2_mid_33_p8,train,0.1,8,64,12,0.1875
g_n40_e80_k2_mid_33,g_n40_e80_k2_mid_33_p8,train,0.15,11,64,21,0.328125
g_n40_e80_k2_mid_34,g_n40_e80_k2_mid_34_p0,test,0.05,4,64,1,0.015625
g_n40_e80_k2_mid_34,g_n40_e80_k2_mid_34_p0,test,0.1,8,64,6,0.09375
g_n40_e80_k2_mid_34,g_n40_e80_k2_mid_34_p0,test,0.15,12,64,9,0.140625
g_n40_e80_k2_mid_34,g_n40_e80_k2_mid_34_p4,test,0.05,4,64,6,0.09375
g_n40_e80_k2_mid_34,g_n40_e80_k2_mid_34_p4,test,0.1,8,64,18,0.28125
g_n40_e80_k2_mid_34,g_n40_e80_k2_mid_34_p4,test,0.15,12,64,30,0.46875
g_n40_e80_k2_mid_34,g_n40_e80_k2_mid_34_p8,test,0.05,4,64,17,0.265625
g_n40_e80_k2_mid_34,g_n40_e80_k2_mid_34_p8,test,0.1,8,64,35,0.546875
g_n40_e80_k2_mid_34,g_n40_e80_k2_mid_34_p8,test,0.15,11,64,49,0.765625
g_n40_e80_k2_mid_35,g_n40_e80_k2_mid_35_p0,train,0.05,4,64,2,0.03125
g_n40_e80_k2_mid_35,g_n40_e80_k2_mid_35_p0,train,0.1,8,64,4,0.0625
g_n40_e80_k2_mid_35,g_n40_e80_k2_mid_35_p0,train,0.15,12,64,9,0.140625
g_n40_e80_k2_mid_35,g_n40_e80_k2_mid_35_p4,train,0.05,4,64,2,0.03125
g_n40_e80_k2_mid_35,g_n40_e80_k2_mid_35_p4,train,0.1,8,64,11,0.171875
g_n40_e80_k2_mid_35,g_n40_e80_k2_mid_35_p4,train,0.15,12,64,24,0.375
g_n40_e80_k2_mid_35,g_n40_e80_k2_mid_35_p8,train,0.05,4,64,4,0.0625
g_n40_e80_k2_mid_35,g_n40_e80_k2_mid_35_p8,train,0.1,8,64,13,0.203125
g_n40_e80_k2_mid_35,g_n40_e80_k2_mid_35_p8,train,0.15,11,64,26,0.40625
g_n40_e80_k2_mid_36,g_n40_e80_k2_mid_36_p0,test,0.05,4,64,3,0.046875
g_n40_e80_k2_mid_36,g_n40_e80_k2_mid_36_p0,test,0.1,8,64,7,0.109375
g_n40_e80_k2_mid_36,g_n40_e80_k2_mid_36_p0,test,0.15,12,64,16,0.25
g_n40_e80_k2_mid_36,g_n40_e80_k2_mid_36_p4,test,0.05,4,64,6,0.09375
g_n40_e80_k2_mid_36,g_n40_e80_k2_mid_36_p4,test,0.1,8,64,13,0.203125
g_n40_e80_k2_mid_36,g_n40_e80_k2_mid_36_p4,test,0.15,12,64,24,0.375
g_n40_e80_k2_mid_36,g_n40_e80_k2_mid_36_p8,test,0.05,4,64,7,0.109375
g_n40_e80_k2_mid_36,g_n40_e80_k2_mid_36_p8,test,0.1,8,64,18,0.28125
g_n40_e80_k2_mid_36,g_n40_e80_k2_mid_36_p8,test,0.15,11,64,30,0.46875
g_n40_e80_k2_mid_37,g_n40_e80_k2_mid_37_p0,train,0.05,4,64,0,0.0
g_n40_e80_k2_mid_37,g_n40_e80_k2_mid_37_p0,train,0.1,8,64,2,0.03125
g_n40_e80_k2_mid_37,g_n40_e80_k2_mid_37_p0,train,0.15,12,64,9,0.140625
g_n40_e80_k2_mid_37,g_n40_e80_k2_mid_37_p4,train,0.05,4,64,2,0.03125
g_n40_e80_k2_mid_37,g_n40_e80_k2_mid_37_p4,train,0.1,8,64,10,0.15625
g_n40_e80_k2_mid_37,g_n40_e80_k2_mid_37_p4,train,0.15,12,64,17,0.265625
g_n40_e80_k2_mid_37,g_n40_e80_k2_mid_37_p8,train,0.05,4,64,4,0.0625
g_n40_e80_k2_mid_37,g_n40_e80_k2_mid_37_p8,train,0.1,8,64,10,0.15625
g_n40_e80_k2_mid_37,g_n40_e80_k2_mid_37_p8,train,0.15,11,64,17,0.265625
g_n40_e80_k2_mid_38,g_n40_e80_k2_mid_38_p0,train,0.05,4,64,1,0.015625
g_n40_e80_k2_mid_38,g_n40_e80_k2_mid_38_p0,train,0.1,8,64,6,0.09375
g_n40_e80_k2_mid_38,g_n40_e80_k2_mid_38_p0,train,0.15,12,64,12,0.1875
g_n40_e80_k2_mid_38,g_n40_e80_k2_mid_38_p4,train,0.05,4,64,0,0.0
g_n40_e80_k2_mid_38,g_n40_e80_k2_mid_38_p4,train,0.1,8,64,9,0.140625
g_n40_e80_k2_mid_38,g_n40_e80_k2_mid_38_p4,train,0.15,12,64,19,0.296875
g_n40_e80_k2_mid_38,g_n40_e80_k2_mid_38_p8,train,0.05,4,64,17,0.265625
g_n40_e80_k2_mid_38,g_n40_e80_k2_mid_38_p8,train,0.1,8,64,28,0.4375
g_n40_e80_k2_mid_38,g_n40_e80_k2_mid_38_p8,train,0.15,11,64,41,0.640625
g_n40_e80_k2_mid_39,g_n40_e80_k2_mid_39_p0,train,0.05,4,64,1,0.015625
g_n40_e80_k2_mid_39,g_n40_e80_k2_mid_39_p0,train,0.1,8,64,4,0.0625
g_n40_e80_k2_mid_39,g_n40_e80_k2_mid_39_p0,train,0.15,12,64,15,0.234375
g_n40_e80_k2_mid_39,g_n40_e80_k2_mid_39_p4,train,0.05,4,64,7,0.109375
g_n40_e80_k2_mid_39,g_n40_e80_k2_mid_39_p4,train,0.1,8,64,13,0.203125
g_n40_e80_k2_mid_39,g_n40_e80_k2_mid_39_p4,train,0.15,12,64,21,0.328125
g_n40_e80_k2_mid_39,g_n40_e80_k2_mid_39_p8,train,0.05,4,64,5,0.078125
g_n40_e80_k2_mid_39,g_n40_e80_k2_mid_39_p8,train,0.1,8,64,14,0.21875
g_n40_e80_k2_mid_39,g_n40_e80_k2_mid_39_p8,train,0.15,11,64,22,0.34375
g_n40_e80_k2_mid_40,g_n40_e80_k2_mid_40_p0,test,0.05,4,64,1,0.015625
g_n40_e80_k2_mid_40,g_n40_e80_k2_mid_40_p0,test,0.1,8,64,8,0.125
g_n40_e80_k2_mid_40,g_n40_e80_k2_mid_40_p0,test,0.15,12,64,21,0.328125
g_n40_e80_k2_mid_40,g_n40_e80_k2_mid_40_p4,test,0.05,4,64,6,0.09375
g_n40_e80_k2_mid_40,g_n40_e80_k2_mid_40_p4,test,0.1,8,64,12,0.1875
g_n40_e80_k2_mid_40,g_n40_e80_k2_mid_40_p4,test,0.15,12,64,19,0.296875
g_n40_e80_k2_mid_40,g_n40_e80_k2_mid_40_p8,test,0.05,4,64,14,0.21875
g_n40_e80_k2_mid_40,g_n40_e80_k2_mid_40_p8,test,0.1,8,64,27,0.421875
g_n40_e80_k2_mid_40,g_n40_e80_k2_mid_40_p8,test,0.15,11,64,36,0.5625
g_n40_e80_k2_mid_41,g_n40_e80_k2_mid_41_p0,train,0.05,4,64,0,0.0
g_n40_e80_k2_mid_41,g_n40_e80_k2_mid_41_p0,train,0.1,8,64,4,0.0625
g_n40_e80_k2_mid_41,g_n40_e80_k2_mid_41_p0,train,0.15,12,64,6,0.09375
g_n40_e80_k2_mid_41,g_n40_e80_k2_mid_41_p4,train,0.05,4,64,2,0.03125
g_n40_e80_k2_mid_41,g_n40_e80_k2_mid_41_p4,train,0.1,8,64,14,0.21875
g_n40_e80_k2_mid_41,g_n40_e80_k2_mid_41_p4,train,0.15,12,64,21,0.328125
g_n40_e80_k2_mid_41,g_n40_e80_k2_mid_41_p8,train,0.05,4,64,13,0.203125
g_n40_e80_k2_mid_41,g_n40_e80_k2_mid_41_p8,train,0.1,8,64,23,0.359375
g_n40_e80_k2_mid_41,g_n40_e80_k2_mid_41_p8,train,0.15,11,64,34,0.53125
g_n40_e80_k2_mid_42,g_n40_e80_k2_mid_42_p0,validation,0.05,4,64,0,0.0
g_n40_e80_k2_mid_42,g_n40_e80_k2_mid_42_p0,validation,0.1,8,64,3,0.046875
g_n40_e80_k2_mid_42,g_n40_e80_k2_mid_42_p0,validation,0.15,12,64,11,0.171875
g_n40_e80_k2_mid_42,g_n40_e80_k2_mid_42_p4,validation,0.05,4,64,2,0.03125
g_n40_e80_k2_mid_42,g_n40_e80_k2_mid_42_p4,validation,0.1,8,64,11,0.171875
g_n40_e80_k2_mid_42,g_n40_e80_k2_mid_42_p4,validation,0.15,12,64,20,0.3125
g_n40_e80_k2_mid_42,g_n40_e80_k2_mid_42_p8,validation,0.05,4,64,15,0.234375
g_n40_e80_k2_mid_42,g_n40_e80_k2_mid_42_p8,validation,0.1,8,64,30,0.46875
g_n40_e80_k2_mid_42,g_n40_e80_k2_mid_42_p8,validation,0.15,11,64,43,0.671875
g_n40_e80_k2_mid_43,g_n40_e80_k2_mid_43_p0,train,0.05,4,64,2,0.03125
g_n40_e80_k2_mid_43,g_n40_e80_k2_mid_43_p0,train,0.1,8,64,5,0.078125
g_n40_e80_k2_mid_43,g_n40_e80_k2_mid_43_p0,train,0.15,12,64,12,0.1875
g_n40_e80_k2_mid_43,g_n40_e80_k2_mid_43_p4,train,0.05,4,64,3,0.046875
g_n40_e80_k2_mid_43,g_n40_e80_k2_mid_43_p4,train,0.1,8,64,12,0.1875
g_n40_e80_k2_mid_43,g_n40_e80_k2_mid_43_p4,train,0.15,12,64,21,0.328125
g_n40_e80_k2_mid_43,g_n40_e80_k2_mid_43_p8,train,0.05,4,64,8,0.125
g_n40_e80_k2_mid_43,g_n40_e80_k2_mid_43_p8,train,0.1,8,64,22,0.34375
g_n40_e80_k2_mid_43,g_n40_e80_k2_mid_43_p8,train,0.15,11,64,29,0.453125
g_n40_e80_k2_mid_44,g_n40_e80_k2_mid_44_p0,validation,0.05,4,64,1,0.015625
g_n40_e80_k2_mid_44,g_n40_e80_k2_mid_44_p0,validation,0.1,8,64,6,0.09375
g_n40_e80_k2_mid_44,g_n40_e80_k2_mid_44_p0,validation,0.15,12,64,16,0.25
g_n40_e80_k2_mid_44,g_n40_e80_k2_mid_44_p4,validation,0.05,4,64,1,0.015625
g_n40_e80_k2_mid_44,g_n40_e80_k2_mid_44_p4,validation,0.1,8,64,6,0.09375
g_n40_e80_k2_mid_44,g_n40_e80_k2_mid_44_p4,validation,0.15,12,64,17,0.265625
g_n40_e80_k2_mid_44,g_n40_e80_k2_mid_44_p8,validation,0.05,4,64,3,0.046875
g_n40_e80_k2_mid_44,g_n40_e80_k2_mid_44_p8,validation,0.1,8,64,9,0.140625
g_n40_e80_k2_mid_44,g_n40_e80_k2_mid_44_p8,validation,0.15,11,64,21,0.328125
g_n40_e80_k2_mid_45,g_n40_e80_k2_mid_45_p0,test,0.05,4,64,0,0.0
g_n40_e80_k2_mid_45,g_n40_e80_k2_mid_45_p0,test,0.1,8,64,8,0.125
g_n40_e80_k2_mid_45,g_n40_e80_k2_mid_45_p0,test,0.15,12,64,14,0.21875
g_n40_e80_k2_mid_45,g_n40_e80_k2_mid_45_p4,test,0.05,4,64,6,0.09375
g_n40_e80_k2_mid_45,g_n40_e80_k2_mid_45_p4,test,0.1,8,64,12,0.1875
g_n40_e80_k2_mid_45,g_n40_e80_k2_mid_45_p4,test,0.15,12,64,23,0.359375
g_n40_e80_k2_mid_45,g_n40_e80_k2_mid_45_p8,test,0.05,4,64,8,0.125
g_n40_e80_k2_mid_45,g_n40_e80_k2_mid_45_p8,test,0.1,8,64,12,0.1875
g_n40_e80_k2_mid_45,g_n40_e80_k2_mid_45_p8,test,0.15,11,64,26,0.40625
g_n40_e80_k2_mid_46,g_n40_e80_k2_mid_46_p0,train,0.05,4,64,0,0.0
g_n40_e80_k2_mid_46,g_n40_e80_k2_mid_46_p0,train,0.1,8,64,3,0.046875
g_n40_e80_k2_mid_46,g_n40_e80_k2_mid_46_p0,train,0.15,12,64,9,0.140625
g_n40_e80_k2_mid_46,g_n40_e80_k2_mid_46_p4,train,0.05,4,64,2,0.03125
g_n40_e80_k2_mid_46,g_n40_e80_k2_mid_46_p4,train,0.1,8,64,11,0.171875
g_n40_e80_k2_mid_46,g_n40_e80_k2_mid_46_p4,train,0.15,12,64,19,0.296875
g_n40_e80_k2_mid_46,g_n40_e80_k2_mid_46_p8,train,0.05,4,64,11,0.171875
g_n40_e80_k2_mid_46,g_n40_e80_k2_mid_46_p8,train,0.1,8,64,16,0.25
g_n40_e80_k2_mid_46,g_n40_e80_k2_mid_46_p8,train,0.15,11,64,34,0.53125
g_n40_e80_k2_mid_47,g_n40_e80_k2_mid_47_p0,train,0.05,4,64,2,0.03125
g_n40_e80_k2_mid_47,g_n40_e80_k2_mid_47_p0,train,0.1,8,64,7,0.109375
g_n40_e80_k2_mid_47,g_n40_e80_k2_mid_47_p0,train,0.15,12,64,12,0.1875
g_n40_e80_k2_mid_47,g_n40_e80_k2_mid_47_p4,train,0.05,4,64,0,0.0
g_n40_e80_k2_mid_47,g_n40_e80_k2_mid_47_p4,train,0.1,8,64,3,0.046875
g_n40_e80_k2_mid_47,g_n40_e80_k2_mid_47_p4,train,0.15,12,64,18,0.28125
g_n40_e80_k2_mid_47,g_n40_e80_k2_mid_47_p8,train,0.05,4,64,11,0.171875
g_n40_e80_k2_mid_47,g_n40_e80_k2_mid_47_p8,train,0.1,8,64,26,0.40625
g_n40_e80_k2_mid_47,g_n40_e80_k2_mid_47_p8,train,0.15,11,64,30,0.46875
g_n40_e80_k2_mid_48,g_n40_e80_k2_mid_48_p0,test,0.05,4,64,1,0.015625
g_n40_e80_k2_mid_48,g_n40_e80_k2_mid_48_p0,test,0.1,8,64,7,0.109375
g_n40_e80_k2_mid_48,g_n40_e80_k2_mid_48_p0,test,0.15,12,64,15,0.234375
g_n40_e80_k2_mid_48,g_n40_e80_k2_mid_48_p4,test,0.05,4,64,1,0.015625
g_n40_e80_k2_mid_48,g_n40_e80_k2_mid_48_p4,test,0.1,8,64,8,0.125
g_n40_e80_k2_mid_48,g_n40_e80_k2_mid_48_p4,test,0.15,12,64,20,0.3125
g_n40_e80_k2_mid_48,g_n40_e80_k2_mid_48_p8,test,0.05,4,64,11,0.171875
g_n40_e80_k2_mid_48,g_n40_e80_k2_mid_48_p8,test,0.1,8,64,25,0.390625
g_n40_e80_k2_mid_48,g_n40_e80_k2_mid_48_p8,test,0.15,11,64,32,0.5
g_n40_e80_k2_mid_49,g_n40_e80_k2_mid_49_p0,train,0.05,4,64,1,0.015625
g_n40_e80_k2_mid_49,g_n40_e80_k2_mid_49_p0,train,0.1,8,64,5,0.078125
g_n40_e80_k2_mid_49,g_n40_e80_k2_mid_49_p0,train,0.15,12,64,16,0.25
g_n40_e80_k2_mid_49,g_n40_e80_k2_mid_49_p4,train,0.05,4,64,2,0.03125
g_n40_e80_k2_mid_49,g_n40_e80_k2_mid_49_p4,train,0.1,8,64,8,0.125
g_n40_e80_k2_mid_49,g_n40_e80_k2_mid_49_p4,train,0.15,12,64,21,0.328125
g_n40_e80_k2_mid_49,g_n40_e80_k2_mid_49_p8,train,0.05,4,64,1,0.015625
g_n40_e80_k2_mid_49,g_n40_e80_k2_mid_49_p8,train,0.1,8,64,8,0.125
g_n40_e80_k2_mid_49,g_n40_e80_k2_mid_49_p8,train,0.15,11,64,20,0.3125
g_n40_e80_k2_mid_50,g_n40_e80_k2_mid_50_p0,train,0.05,4,64,0,0.0
g_n40_e80_k2_mid_50,g_n40_e80_k2_mid_50_p0,train,0.1,8,64,6,0.09375
g_n40_e80_k2_mid_50,g_n40_e80_k2_mid_50_p0,train,0.15,12,64,13,0.203125
g_n40_e80_k2_mid_50,g_n40_e80_k2_mid_50_p4,train,0.05,4,64,1,0.015625
g_n40_e80_k2_mid_50,g_n40_e80_k2_mid_50_p4,train,0.1,8,64,7,0.109375
g_n40_e80_k2_mid_50,g_n40_e80_k2_mid_50_p4,train,0.15,12,64,16,0.25
g_n40_e80_k2_mid_50,g_n40_e80_k2_mid_50_p8,train,0.05,4,64,12,0.1875
g_n40_e80_k2_mid_50,g_n40_e80_k2_mid_50_p8,train,0.1,8,64,21,0.328125
g_n40_e80_k2_mid_50,g_n40_e80_k2_mid_50_p8,train,0.15,11,64,30,0.46875
g_n40_e80_k2_mid_51,g_n40_e80_k2_mid_51_p0,validation,0.05,4,64,3,0.046875
g_n40_e80_k2_mid_51,g_n40_e80_k2_mid_51_p0,validation,0.1,8,64,8,0.125
g_n40_e80_k2_mid_51,g_n40_e80_k2_mid_51_p0,validation,0.15,12,64,14,0.21875
g_n40_e80_k2_mid_51,g_n40_e80_k2_mid_51_p4,validation,0.05,4,64,8,0.125
g_n40_e80_k2_mid_51,g_n40_e80_k2_mid_51_p4,validation,0.1,8,64,15,0.234375
g_n40_e80_k2_mid_51,g_n40_e80_k2_mid_51_p4,validation,0.15,12,64,29,0.453125
g_n40_e80_k2_mid_51,g_n40_e80_k2_mid_51_p8,validation,0.05,4,64,5,0.078125
g_n40_e80_k2_mid_51,g_n40_e80_k2_mid_51_p8,validation,0.1,8,64,17,0.265625
g_n40_e80_k2_mid_51,g_n40_e80_k2_mid_51_p8,validation,0.15,11,64,25,0.390625
g_n40_e80_k2_mid_52,g_n40_e80_k2_mid_52_p0,train,0.05,4,64,0,0.0
g_n40_e80_k2_mid_52,g_n40_e80_k2_mid_52_p0,train,0.1,8,64,3,0.046875
g_n40_e80_k2_mid_52,g_n40_e80_k2_mid_52_p0,train,0.15,12,64,12,0.1875
g_n40_e80_k2_mid_52,g_n40_e80_k2_mid_52_p4,train,0.05,4,64,0,0.0
g_n40_e80_k2_mid_52,g_n40_e80_k2_mid_52_p4,train,0.1,8,64,5,0.078125
g_n40_e80_k2_mid_52,g_n40_e80_k2_mid_52_p4,train,0.15,12,64,14,0.21875
g_n40_e80_k2_mid_52,g_n40_e80_k2_mid_52_p8,train,0.05,4,64,9,0.140625
g_n40_e80_k2_mid_52,g_n40_e80_k2_mid_52_p8,train,0.1,8,64,22,0.34375
g_n40_e80_k2_mid_52,g_n40_e80_k2_mid_52_p8,train,0.15,11,64,36,0.5625
g_n40_e80_k2_mid_53,g_n40_e80_k2_mid_53_p0,train,0.05,4,64,1,0.015625
g_n40_e80_k2_mid_53,g_n40_e80_k2_mid_53_p0,train,0.1,8,64,2,0.03125
g_n40_e80_k2_mid_53,g_n40_e80_k2_mid_53_p0,train,0.15,12,64,14,0.21875
g_n40_e80_k2_mid_53,g_n40_e80_k2_mid_53_p4,train,0.05,4,64,4,0.0625
g_n40_e80_k2_mid_53,g_n40_e80_k2_mid_53_p4,train,0.1,8,64,13,0.203125
g_n40_e80_k2_mid_53,g_n40_e80_k2_mid_53_p4,train,0.15,12,64,23,0.359375
g_n40_e80_k2_mid_53,g_n40_e80_k2_mid_53_p8,train,0.05,4,64,6,0.09375
g_n40_e80_k2_mid_53,g_n40_e80_k2_mid_53_p8,train,0.1,8,64,12,0.1875
g_n40_e80_k2_mid_53,g_n40_e80_k2_mid_53_p8,train,0.15,11,64,21,0.328125
g_n40_e80_k2_mid_54,g_n40_e80_k2_mid_54_p0,validation,0.05,4,64,0,0.0
g_n40_e80_k2_mid_54,g_n40_e80_k2_mid_54_p0,validation,0.1,8,64,2,0.03125
g_n40_e80_k2_mid_54,g_n40_e80_k2_mid_54_p0,validation,0.15,12,64,5,0.078125
g_n40_e80_k2_mid_54,g_n40_e80_k2_mid_54_p4,validation,0.05,4,64,5,0.078125
g_n40_e80_k2_mid_54,g_n40_e80_k2_mid_54_p4,validation,0.1,8,64,7,0.109375
g_n40_e80_k2_mid_54,g_n40_e80_k2_mid_54_p4,validation,0.15,12,64,19,0.296875
g_n40_e80_k2_mid_55,g_n40_e80_k2_mid_55_p0,validation,0.05,4,64,0,0.0
g_n40_e80_k2_mid_55,g_n40_e80_k2_mid_55_p0,validation,0.1,8,64,4,0.0625
g_n40_e80_k2_mid_55,g_n40_e80_k2_mid_55_p0,validation,0.15,12,64,10,0.15625
g_n40_e80_k2_mid_55,g_n40_e80_k2_mid_55_p4,validation,0.05,4,64,4,0.0625
g_n40_e80_k2_mid_55,g_n40_e80_k2_mid_55_p4,validation,0.1,8,64,9,0.140625
g_n40_e80_k2_mid_55,g_n40_e80_k2_mid_55_p4,validation,0.15,12,64,17,0.265625
g_n40_e80_k2_mid_55,g_n40_e80_k2_mid_55_p8,validation,0.05,4,64,9,0.140625
g_n40_e80_k2_mid_55,g_n40_e80_k2_mid_55_p8,validation,0.1,8,64,21,0.328125
g_n40_e80_k2_mid_55,g_n40_e80_k2_mid_55_p8,validation,0.15,11,64,35,0.546875
g_n40_e80_k2_mid_56,g_n40_e80_k2_mid_56_p0,train,0.05,4,64,3,0.046875
g_n40_e80_k2_mid_56,g_n40_e80_k2_mid_56_p0,train,0.1,8,64,13,0.203125
g_n40_e80_k2_mid_56,g_n40_e80_k2_mid_56_p0,train,0.15,12,64,17,0.265625
g_n40_e80_k2_mid_56,g_n40_e80_k2_mid_56_p4,train,0.05,4,64,4,0.0625
g_n40_e80_k2_mid_56,g_n40_e80_k2_mid_56_p4,train,0.1,8,64,15,0.234375
g_n40_e80_k2_mid_56,g_n40_e80_k2_mid_56_p4,train,0.15,12,64,26,0.40625
g_n40_e80_k2_mid_56,g_n40_e80_k2_mid_56_p8,train,0.05,4,64,6,0.09375
g_n40_e80_k2_mid_56,g_n40_e80_k2_mid_56_p8,train,0.1,8,64,15,0.234375
g_n40_e80_k2_mid_56,g_n40_e80_k2_mid_56_p8,train,0.15,11,64,27,0.421875
g_n40_e80_k2_mid_57,g_n40_e80_k2_mid_57_p0,train,0.05,4,64,1,0.015625
g_n40_e80_k2_mid_57,g_n40_e80_k2_mid_57_p0,train,0.1,8,64,5,0.078125
g_n40_e80_k2_mid_57,g_n40_e80_k2_mid_57_p0,train,0.15,12,64,10,0.15625
g_n40_e80_k2_mid_57,g_n40_e80_k2_mid_57_p4,train,0.05,4,64,7,0.109375
g_n40_e80_k2_mid_57,g_n40_e80_k2_mid_57_p4,train,0.1,8,64,20,0.3125
g_n40_e80_k2_mid_57,g_n40_e80_k2_mid_57_p4,train,0.15,12,64,31,0.484375
g_n40_e80_k2_mid_57,g_n40_e80_k2_mid_57_p8,train,0.05,4,64,1,0.015625
g_n40_e80_k2_mid_57,g_n40_e80_k2_mid_57_p8,train,0.1,8,64,9,0.140625
g_n40_e80_k2_mid_57,g_n40_e80_k2_mid_57_p8,train,0.15,11,64,19,0.296875
g_n40_e80_k2_mid_58,g_n40_e80_k2_mid_58_p0,train,0.05,4,64,2,0.03125
g_n40_e80_k2_mid_58,g_n40_e80_k2_mid_58_p0,train,0.1,8,64,5,0.078125
g_n40_e80_k2_mid_58,g_n40_e80_k2_mid_58_p0,train,0.15,12,64,14,0.21875
g_n40_e80_k2_mid_58,g_n40_e80_k2_mid_58_p4,train,0.05,4,64,11,0.171875
g_n40_e80_k2_mid_58,g_n40_e80_k2_mid_58_p4,train,0.1,8,64,19,0.296875
g_n40_e80_k2_mid_58,g_n40_e80_k2_mid_58_p4,train,0.15,12,64,33,0.515625
g_n40_e80_k2_mid_58,g_n40_e80_k2_mid_58_p8,train,0.05,4,64,0,0.0
g_n40_e80_k2_mid_58,g_n40_e80_k2_mid_58_p8,train,0.1,8,64,5,0.078125
g_n40_e80_k2_mid_58,g_n40_e80_k2_mid_58_p8,train,0.15,11,64,13,0.203125
g_n40_e80_k2_mid_59,g_n40_e80_k2_mid_59_p0,validation,0.05,4,64,1,0.015625
g_n40_e80_k2_mid_59,g_n40_e80_k2_mid_59_p0,validation,0.1,8,64,3,0.046875
g_n40_e80_k2_mid_59,g_n40_e80_k2_mid_59_p0,validation,0.15,12,64,13,0.203125
g_n40_e80_k2_mid_59,g_n40_e80_k2_mid_59_p4,validation,0.05,4,64,2,0.03125
g_n40_e80_k2_mid_59,g_n40_e80_k2_mid_59_p4,validation,0.1,8,64,11,0.171875
g_n40_e80_k2_mid_59,g_n40_e80_k2_mid_59_p4,validation,0.15,12,64,18,0.28125
g_n40_e80_k2_mid_59,g_n40_e80_k2_mid_59_p8,validation,0.05,4,64,12,0.1875
g_n40_e80_k2_mid_59,g_n40_e80_k2_mid_59_p8,validation,0.1,8,64,25,0.390625
g_n40_e80_k2_mid_59,g_n40_e80_k2_mid_59_p8,validation,0.15,11,64,38,0.59375
g_n40_e80_k2_high_60,g_n40_e80_k2_high_60_p0,test,0.05,4,64,0,0.0
g_n40_e80_k2_high_60,g_n40_e80_k2_high_60_p0,test,0.1,8,64,2,0.03125
g_n40_e80_k2_high_60,g_n40_e80_k2_high_60_p0,test,0.15,12,64,10,0.15625
g_n40_e80_k2_high_60,g_n40_e80_k2_high_60_p4,test,0.05,4,64,2,0.03125
g_n40_e80_k2_high_60,g_n40_e80_k2_high_60_p4,test,0.1,8,64,5,0.078125
g_n40_e80_k2_high_60,g_n40_e80_k2_high_60_p4,test,0.15,12,64,18,0.28125
g_n40_e80_k2_high_60,g_n40_e80_k2_high_60_p8,test,0.05,4,64,6,0.09375
g_n40_e80_k2_high_60,g_n40_e80_k2_high_60_p8,test,0.1,8,64,16,0.25
g_n40_e80_k2_high_60,g_n40_e80_k2_high_60_p8,test,0.15,11,64,26,0.40625
g_n40_e80_k2_high_61,g_n40_e80_k2_high_61_p0,train,0.05,4,64,0,0.0
g_n40_e80_k2_high_61,g_n40_e80_k2_high_61_p0,train,0.1,8,64,2,0.03125
g_n40_e80_k2_high_61,g_n40_e80_k2_high_61_p0,train,0.15,12,64,9,0.140625
g_n40_e80_k2_high_61,g_n40_e80_k2_high_61_p4,train,0.05,4,64,3,0.046875
g_n40_e80_k2_high_61,g_n40_e80_k2_high_61_p4,train,0.1,8,64,8,0.125
g_n40_e80_k2_high_61,g_n40_e80_k2_high_61_p4,train,0.15,12,64,21,0.328125
g_n40_e80_k2_high_61,g_n40_e80_k2_high_61_p8,train,0.05,4,64,8,0.125
g_n40_e80_k2_high_61,g_n40_e80_k2_high_61_p8,train,0.1,8,64,20,0.3125
g_n40_e80_k2_high_61,g_n40_e80_k2_high_61_p8,train,0.15,11,64,30,0.46875
g_n40_e80_k2_high_62,g_n40_e80_k2_high_62_p0,train,0.05,4,64,1,0.015625
g_n40_e80_k2_high_62,g_n40_e80_k2_high_62_p0,train,0.1,8,64,3,0.046875
g_n40_e80_k2_high_62,g_n40_e80_k2_high_62_p0,train,0.15,12,64,9,0.140625
g_n40_e80_k2_high_62,g_n40_e80_k2_high_62_p4,train,0.05,4,64,0,0.0
g_n40_e80_k2_high_62,g_n40_e80_k2_high_62_p4,train,0.1,8,64,4,0.0625
g_n40_e80_k2_high_62,g_n40_e80_k2_high_62_p4,train,0.15,12,64,14,0.21875
g_n40_e80_k2_high_62,g_n40_e80_k2_high_62_p8,train,0.05,4,64,3,0.046875
g_n40_e80_k2_high_62,g_n40_e80_k2_high_62_p8,train,0.1,8,64,6,0.09375
g_n40_e80_k2_high_62,g_n40_e80_k2_high_62_p8,train,0.15,11,64,15,0.234375
g_n40_e80_k2_high_63,g_n40_e80_k2_high_63_p0,train,0.05,4,64,0,0.0
g_n40_e80_k2_high_63,g_n40_e80_k2_high_63_p0,train,0.1,8,64,2,0.03125
g_n40_e80_k2_high_63,g_n40_e80_k2_high_63_p0,train,0.15,12,64,9,0.140625
g_n40_e80_k2_high_63,g_n40_e80_k2_high_63_p4,train,0.05,4,64,3,0.046875
g_n40_e80_k2_high_63,g_n40_e80_k2_high_63_p4,train,0.1,8,64,8,0.125
g_n40_e80_k2_high_63,g_n40_e80_k2_high_63_p4,train,0.15,12,64,17,0.265625
g_n40_e80_k2_high_63,g_n40_e80_k2_high_63_p8,train,0.05,4,64,5,0.078125
g_n40_e80_k2_high_63,g_n40_e80_k2_high_63_p8,train,0.1,8,64,15,0.234375
g_n40_e80_k2_high_63,g_n40_e80_k2_high_63_p8,train,0.15,11,64,26,0.40625
g_n40_e80_k2_high_64,g_n40_e80_k2_high_64_p0,test,0.05,4,64,1,0.015625
g_n40_e80_k2_high_64,g_n40_e80_k2_high_64_p0,test,0.1,8,64,4,0.0625
g_n40_e80_k2_high_64,g_n40_e80_k2_high_64_p0,test,0.15,12,64,14,0.21875
g_n40_e80_k2_high_64,g_n40_e80_k2_high_64_p4,test,0.05,4,64,1,0.015625
g_n40_e80_k2_high_64,g_n40_e80_k2_high_64_p4,test,0.1,8,64,7,0.109375
g_n40_e80_k2_high_64,g_n40_e80_k2_high_64_p4,test,0.15,12,64,18,0.28125
g_n40_e80_k2_high_64,g_n40_e80_k2_high_64_p8,test,0.05,4,64,9,0.140625
g_n40_e80_k2_high_64,g_n40_e80_k2_high_64_p8,test,0.1,8,64,19,0.296875
g_n40_e80_k2_high_64,g_n40_e80_k2_high_64_p8,test,0.15,11,64,26,0.40625
g_n40_e80_k2_high_65,g_n40_e80_k2_high_65_p0,train,0.05,4,64,0,0.0
g_n40_e80_k2_high_65,g_n40_e80_k2_high_65_p0,train,0.1,8,64,1,0.015625
g_n40_e80_k2_high_65,g_n40_e80_k2_high_65_p0,train,0.15,12,64,8,0.125
g_n40_e80_k2_high_65,g_n40_e80_k2_high_65_p4,train,0.05,4,64,5,0.078125
g_n40_e80_k2_high_65,g_n40_e80_k2_high_65_p4,train,0.1,8,64,11,0.171875
g_n40_e80_k2_high_65,g_n40_e80_k2_high_65_p4,train,0.15,12,64,23,0.359375
g_n40_e80_k2_high_65,g_n40_e80_k2_high_65_p8,train,0.05,4,64,0,0.0
g_n40_e80_k2_high_65,g_n40_e80_k2_high_65_p8,train,0.1,8,64,8,0.125
g_n40_e80_k2_high_65,g_n40_e80_k2_high_65_p8,train,0.15,11,64,22,0.34375
g_n40_e80_k2_high_66,g_n40_e80_k2_high_66_p0,train,0.05,4,64,0,0.0
g_n40_e80_k2_high_66,g_n40_e80_k2_high_66_p0,train,0.1,8,64,3,0.046875
g_n40_e80_k2_high_66,g_n40_e80_k2_high_66_p0,train,0.15,12,64,15,0.234375
g_n40_e80_k2_high_66,g_n40_e80_k2_high_66_p4,train,0.05,4,64,5,0.078125
g_n40_e80_k2_high_66,g_n40_e80_k2_high_66_p4,train,0.1,8,64,9,0.140625
g_n40_e80_k2_high_66,g_n40_e80_k2_high_66_p4,train,0.15,12,64,22,0.34375
g_n40_e80_k2_high_66,g_n40_e80_k2_high_66_p8,train,0.05,4,64,6,0.09375
g_n40_e80_k2_high_66,g_n40_e80_k2_high_66_p8,train,0.1,8,64,19,0.296875
g_n40_e80_k2_high_66,g_n40_e80_k2_high_66_p8,train,0.15,11,64,27,0.421875
g_n40_e80_k2_high_67,g_n40_e80_k2_high_67_p0,train,0.05,4,64,0,0.0
g_n40_e80_k2_high_67,g_n40_e80_k2_high_67_p0,train,0.1,8,64,5,0.078125
g_n40_e80_k2_high_67,g_n40_e80_k2_high_67_p0,train,0.15,12,64,15,0.234375
g_n40_e80_k2_high_67,g_n40_e80_k2_high_67_p4,train,0.05,4,64,6,0.09375
g_n40_e80_k2_high_67,g_n40_e80_k2_high_67_p4,train,0.1,8,64,11,0.171875
g_n40_e80_k2_high_67,g_n40_e80_k2_high_67_p4,train,0.15,12,64,19,0.296875
g_n40_e80_k2_high_67,g_n40_e80_k2_high_67_p8,train,0.05,4,64,6,0.09375
g_n40_e80_k2_high_67,g_n40_e80_k2_high_67_p8,train,0.1,8,64,22,0.34375
g_n40_e80_k2_high_67,g_n40_e80_k2_high_67_p8,train,0.15,11,64,32,0.5
g_n40_e80_k2_high_68,g_n40_e80_k2_high_68_p0,train,0.05,4,64,0,0.0
g_n40_e80_k2_high_68,g_n40_e80_k2_high_68_p0,train,0.1,8,64,2,0.03125
g_n40_e80_k2_high_68,g_n40_e80_k2_high_68_p0,train,0.15,12,64,5,0.078125
g_n40_e80_k2_high_68,g_n40_e80_k2_high_68_p4,train,0.05,4,64,3,0.046875
g_n40_e80_k2_high_68,g_n40_e80_k2_high_68_p4,train,0.1,8,64,11,0.171875
g_n40_e80_k2_high_68,g_n40_e80_k2_high_68_p4,train,0.15,12,64,21,0.328125
g_n40_e80_k2_high_68,g_n40_e80_k2_high_68_p8,train,0.05,4,64,1,0.015625
g_n40_e80_k2_high_68,g_n40_e80_k2_high_68_p8,train,0.1,8,64,8,0.125
g_n40_e80_k2_high_68,g_n40_e80_k2_high_68_p8,train,0.15,11,64,13,0.203125
g_n40_e80_k2_high_69,g_n40_e80_k2_high_69_p0,test,0.05,4,64,1,0.015625
g_n40_e80_k2_high_69,g_n40_e80_k2_high_69_p0,test,0.1,8,64,3,0.046875
g_n40_e80_k2_high_69,g_n40_e80_k2_high_69_p0,test,0.15,12,64,9,0.140625
g_n40_e80_k2_high_69,g_n40_e80_k2_high_69_p4,test,0.05,4,64,0,0.0
g_n40_e80_k2_high_69,g_n40_e80_k2_high_69_p4,test,0.1,8,64,4,0.0625
g_n40_e80_k2_high_69,g_n40_e80_k2_high_69_p4,test,0.15,12,64,10,0.15625
g_n40_e80_k2_high_69,g_n40_e80_k2_high_69_p8,test,0.05,4,64,11,0.171875
g_n40_e80_k2_high_69,g_n40_e80_k2_high_69_p8,test,0.1,8,64,23,0.359375
g_n40_e80_k2_high_69,g_n40_e80_k2_high_69_p8,test,0.15,11,64,28,0.4375
g_n40_e80_k2_high_70,g_n40_e80_k2_high_70_p0,validation,0.05,4,64,0,0.0
g_n40_e80_k2_high_70,g_n40_e80_k2_high_70_p0,validation,0.1,8,64,1,0.015625
g_n40_e80_k2_high_70,g_n40_e80_k2_high_70_p0,validation,0.15,12,64,11,0.171875
g_n40_e80_k2_high_70,g_n40_e80_k2_high_70_p4,validation,0.05,4,64,3,0.046875
g_n40_e80_k2_high_70,g_n40_e80_k2_high_70_p4,validation,0.1,8,64,12,0.1875
g_n40_e80_k2_high_70,g_n40_e80_k2_high_70_p4,validation,0.15,12,64,22,0.34375
g_n40_e80_k2_high_70,g_n40_e80_k2_high_70_p8,validation,0.05,4,64,4,0.0625
g_n40_e80_k2_high_70,g_n40_e80_k2_high_70_p8,validation,0.1,8,64,8,0.125
g_n40_e80_k2_high_70,g_n40_e80_k2_high_70_p8,validation,0.15,11,64,13,0.203125
g_n40_e80_k2_high_71,g_n40_e80_k2_high_71_p0,train,0.05,4,64,0,0.0
g_n40_e80_k2_high_71,g_n40_e80_k2_high_71_p0,train,0.1,8,64,1,0.015625
g_n40_e80_k2_high_71,g_n40_e80_k2_high_71_p0,train,0.15,12,64,5,0.078125
g_n40_e80_k2_high_71,g_n40_e80_k2_high_71_p4,train,0.05,4,64,2,0.03125
g_n40_e80_k2_high_71,g_n40_e80_k2_high_71_p4,train,0.1,8,64,6,0.09375
g_n40_e80_k2_high_71,g_n40_e80_k2_high_71_p4,train,0.15,12,64,14,0.21875
g_n40_e80_k2_high_72,g_n40_e80_k2_high_72_p0,train,0.05,4,64,0,0.0
g_n40_e80_k2_high_72,g_n40_e80_k2_high_72_p0,train,0.1,8,64,3,0.046875
g_n40_e80_k2_high_72,g_n40_e80_k2_high_72_p0,train,0.15,12,64,9,0.140625
g_n40_e80_k2_high_72,g_n40_e80_k2_high_72_p4,train,0.05,4,64,0,0.0
g_n40_e80_k2_high_72,g_n40_e80_k2_high_72_p4,train,0.1,8,64,7,0.109375
g_n40_e80_k2_high_72,g_n40_e80_k2_high_72_p4,train,0.15,12,64,14,0.21875
g_n40_e80_k2_high_72,g_n40_e80_k2_high_72_p8,train,0.05,4,64,5,0.078125
g_n40_e80_k2_high_72,g_n40_e80_k2_high_72_p8,train,0.1,8,64,13,0.203125
g_n40_e80_k2_high_72,g_n40_e80_k2_high_72_p8,train,0.15,11,64,25,0.390625
g_n40_e80_k2_high_73,g_n40_e80_k2_high_73_p0,train,0.05,4,64,1,0.015625
g_n40_e80_k2_high_73,g_n40_e80_k2_high_73_p0,train,0.1,8,64,5,0.078125
g_n40_e80_k2_high_73,g_n40_e80_k2_high_73_p0,train,0.15,12,64,12,0.1875
g_n40_e80_k2_high_73,g_n40_e80_k2_high_73_p4,train,0.05,4,64,2,0.03125
g_n40_e80_k2_high_73,g_n40_e80_k2_high_73_p4,train,0.1,8,64,6,0.09375
g_n40_e80_k2_high_73,g_n40_e80_k2_high_73_p4,train,0.15,12,64,14,0.21875
g_n40_e80_k2_high_74,g_n40_e80_k2_high_74_p0,validation,0.05,4,64,0,0.0
g_n40_e80_k2_high_74,g_n40_e80_k2_high_74_p0,validation,0.1,8,64,3,0.046875
g_n40_e80_k2_high_74,g_n40_e80_k2_high_74_p0,validation,0.15,12,64,9,0.140625
g_n40_e80_k2_high_74,g_n40_e80_k2_high_74_p4,validation,0.05,4,64,1,0.015625
g_n40_e80_k2_high_74,g_n40_e80_k2_high_74_p4,validation,0.1,8,64,3,0.046875
g_n40_e80_k2_high_74,g_n40_e80_k2_high_74_p4,validation,0.15,12,64,12,0.1875
g_n40_e80_k2_high_74,g_n40_e80_k2_high_74_p8,validation,0.05,4,64,5,0.078125
g_n40_e80_k2_high_74,g_n40_e80_k2_high_74_p8,validation,0.1,8,64,13,0.203125
g_n40_e80_k2_high_74,g_n40_e80_k2_high_74_p8,validation,0.15,11,64,22,0.34375
g_n40_e80_k2_high_75,g_n40_e80_k2_high_75_p0,test,0.05,4,64,0,0.0
g_n40_e80_k2_high_75,g_n40_e80_k2_high_75_p0,test,0.1,8,64,4,0.0625
g_n40_e80_k2_high_75,g_n40_e80_k2_high_75_p0,test,0.15,12,64,7,0.109375
g_n40_e80_k2_high_75,g_n40_e80_k2_high_75_p4,test,0.05,4,64,1,0.015625
g_n40_e80_k2_high_75,g_n40_e80_k2_high_75_p4,test,0.1,8,64,7,0.109375
g_n40_e80_k2_high_75,g_n40_e80_k2_high_75_p4,test,0.15,12,64,21,0.328125
g_n40_e80_k2_high_75,g_n40_e80_k2_high_75_p8,test,0.05,4,64,5,0.078125
g_n40_e80_k2_high_75,g_n40_e80_k2_high_75_p8,test,0.1,8,64,19,0.296875
g_n40_e80_k2_high_75,g_n40_e80_k2_high_75_p8,test,0.15,11,64,26,0.40625
g_n40_e80_k2_high_76,g_n40_e80_k2_high_76_p0,train,0.05,4,64,1,0.015625
g_n40_e80_k2_high_76,g_n40_e80_k2_high_76_p0,train,0.1,8,64,6,0.09375
g_n40_e80_k2_high_76,g_n40_e80_k2_high_76_p0,train,0.15,12,64,10,0.15625
g_n40_e80_k2_high_76,g_n40_e80_k2_high_76_p4,train,0.05,4,64,4,0.0625
g_n40_e80_k2_high_76,g_n40_e80_k2_high_76_p4,train,0.1,8,64,11,0.171875
g_n40_e80_k2_high_76,g_n40_e80_k2_high_76_p4,train,0.15,12,64,19,0.296875
g_n40_e80_k2_high_76,g_n40_e80_k2_high_76_p8,train,0.05,4,64,5,0.078125
g_n40_e80_k2_high_76,g_n40_e80_k2_high_76_p8,train,0.1,8,64,17,0.265625
g_n40_e80_k2_high_76,g_n40_e80_k2_high_76_p8,train,0.15,11,64,23,0.359375
g_n40_e80_k2_high_77,g_n40_e80_k2_high_77_p0,validation,0.05,4,64,0,0.0
g_n40_e80_k2_high_77,g_n40_e80_k2_high_77_p0,validation,0.1,8,64,4,0.0625
g_n40_e80_k2_high_77,g_n40_e80_k2_high_77_p0,validation,0.15,12,64,7,0.109375
g_n40_e80_k2_high_77,g_n40_e80_k2_high_77_p4,validation,0.05,4,64,1,0.015625
g_n40_e80_k2_high_77,g_n40_e80_k2_high_77_p4,validation,0.1,8,64,9,0.140625
g_n40_e80_k2_high_77,g_n40_e80_k2_high_77_p4,validation,0.15,12,64,18,0.28125
g_n40_e80_k2_high_77,g_n40_e80_k2_high_77_p8,validation,0.05,4,64,4,0.0625
g_n40_e80_k2_high_77,g_n40_e80_k2_high_77_p8,validation,0.1,8,64,16,0.25
g_n40_e80_k2_high_77,g_n40_e80_k2_high_77_p8,validation,0.15,11,64,26,0.40625
g_n40_e80_k2_high_78,g_n40_e80_k2_high_78_p0,test,0.05,4,64,1,0.015625
g_n40_e80_k2_high_78,g_n40_e80_k2_high_78_p0,test,0.1,8,64,2,0.03125
g_n40_e80_k2_high_78,g_n40_e80_k2_high_78_p0,test,0.15,12,64,3,0.046875
g_n40_e80_k2_high_78,g_n40_e80_k2_high_78_p4,test,0.05,4,64,6,0.09375
g_n40_e80_k2_high_78,g_n40_e80_k2_high_78_p4,test,0.1,8,64,10,0.15625
g_n40_e80_k2_high_78,g_n40_e80_k2_high_78_p4,test,0.15,12,64,22,0.34375
g_n40_e80_k2_high_78,g_n40_e80_k2_high_78_p8,test,0.05,4,64,9,0.140625
g_n40_e80_k2_high_78,g_n40_e80_k2_high_78_p8,test,0.1,8,64,25,0.390625
g_n40_e80_k2_high_78,g_n40_e80_k2_high_78_p8,test,0.15,11,64,34,0.53125
g_n40_e80_k2_high_79,g_n40_e80_k2_high_79_p0,test,0.05,4,64,0,0.0
g_n40_e80_k2_high_79,g_n40_e80_k2_high_79_p0,test,0.1,8,64,2,0.03125
g_n40_e80_k2_high_79,g_n40_e80_k2_high_79_p0,test,0.15,12,64,8,0.125
g_n40_e80_k2_high_79,g_n40_e80_k2_high_79_p4,test,0.05,4,64,3,0.046875
g_n40_e80_k2_high_79,g_n40_e80_k2_high_79_p4,test,0.1,8,64,11,0.171875
g_n40_e80_k2_high_79,g_n40_e80_k2_high_79_p4,test,0.15,12,64,17,0.265625
g_n40_e80_k2_high_79,g_n40_e80_k2_high_79_p8,test,0.05,4,64,5,0.078125
g_n40_e80_k2_high_79,g_n40_e80_k2_high_79_p8,test,0.1,8,64,15,0.234375
g_n40_e80_k2_high_79,g_n40_e80_k2_high_79_p8,test,0.15,11,64,22,0.34375
g_n40_e80_k2_high_80,g_n40_e80_k2_high_80_p0,validation,0.05,4,64,1,0.015625
g_n40_e80_k2_high_80,g_n40_e80_k2_high_80_p0,validation,0.1,8,64,7,0.109375
g_n40_e80_k2_high_80,g_n40_e80_k2_high_80_p0,validation,0.15,12,64,12,0.1875
g_n40_e80_k2_high_80,g_n40_e80_k2_high_80_p4,validation,0.05,4,64,8,0.125
g_n40_e80_k2_high_80,g_n40_e80_k2_high_80_p4,validation,0.1,8,64,16,0.25
g_n40_e80_k2_high_80,g_n40_e80_k2_high_80_p4,validation,0.15,12,64,21,0.328125
g_n40_e80_k2_high_80,g_n40_e80_k2_high_80_p8,validation,0.05,4,64,3,0.046875
g_n40_e80_k2_high_80,g_n40_e80_k2_high_80_p8,validation,0.1,8,64,9,0.140625
g_n40_e80_k2_high_80,g_n40_e80_k2_high_80_p8,validation,0.15,11,64,18,0.28125
g_n40_e80_k2_high_81,g_n40_e80_k2_high_81_p0,train,0.05,4,64,0,0.0
g_n40_e80_k2_high_81,g_n40_e80_k2_high_81_p0,train,0.1,8,64,4,0.0625
g_n40_e80_k2_high_81,g_n40_e80_k2_high_81_p0,train,0.15,12,64,8,0.125
g_n40_e80_k2_high_81,g_n40_e80_k2_high_81_p4,train,0.05,4,64,4,0.0625
g_n40_e80_k2_high_81,g_n40_e80_k2_high_81_p4,train,0.1,8,64,9,0.140625
g_n40_e80_k2_high_81,g_n40_e80_k2_high_81_p4,train,0.15,12,64,23,0.359375
g_n40_e80_k2_high_81,g_n40_e80_k2_high_81_p8,train,0.05,4,64,5,0.078125
g_n40_e80_k2_high_81,g_n40_e80_k2_high_81_p8,train,0.1,8,64,13,0.203125
g_n40_e80_k2_high_81,g_n40_e80_k2_high_81_p8,train,0.15,11,64,20,0.3125
g_n40_e80_k2_high_82,g_n40_e80_k2_high_82_p0,train,0.05,4,64,0,0.0
g_n40_e80_k2_high_82,g_n40_e80_k2_high_82_p0,train,0.1,8,64,4,0.0625
g_n40_e80_k2_high_82,g_n40_e80_k2_high_82_p0,train,0.15,12,64,8,0.125
g_n40_e80_k2_high_82,g_n40_e80_k2_high_82_p4,train,0.05,4,64,1,0.015625
g_n40_e80_k2_high_82,g_n40_e80_k2_high_82_p4,train,0.1,8,64,7,0.109375
g_n40_e80_k2_high_82,g_n40_e80_k2_high_82_p4,train,0.15,12,64,14,0.21875
g_n40_e80_k2_high_82,g_n40_e80_k2_high_82_p8,train,0.05,4,64,3,0.046875
g_n40_e80_k2_high_82,g_n40_e80_k2_high_82_p8,train,0.1,8,64,12,0.1875
g_n40_e80_k2_high_82,g_n40_e80_k2_high_82_p8,train,0.15,11,64,24,0.375
g_n40_e80_k2_high_83,g_n40_e80_k2_high_83_p0,train,0.05,4,64,1,0.015625
g_n40_e80_k2_high_83,g_n40_e80_k2_high_83_p0,train,0.1,8,64,4,0.0625
g_n40_e80_k2_high_83,g_n40_e80_k2_high_83_p0,train,0.15,12,64,11,0.171875
g_n40_e80_k2_high_83,g_n40_e80_k2_high_83_p4,train,0.05,4,64,5,0.078125
g_n40_e80_k2_high_83,g_n40_e80_k2_high_83_p4,train,0.1,8,64,10,0.15625
g_n40_e80_k2_high_83,g_n40_e80_k2_high_83_p4,train,0.15,12,64,22,0.34375
g_n40_e80_k2_high_83,g_n40_e80_k2_high_83_p8,train,0.05,4,64,0,0.0
g_n40_e80_k2_high_83,g_n40_e80_k2_high_83_p8,train,0.1,8,64,5,0.078125
g_n40_e80_k2_high_83,g_n40_e80_k2_high_83_p8,train,0.15,11,64,15,0.234375
g_n40_e80_k2_high_84,g_n40_e80_k2_high_84_p0,validation,0.05,4,64,2,0.03125
g_n40_e80_k2_high_84,g_n40_e80_k2_high_84_p0,validation,0.1,8,64,5,0.078125
g_n40_e80_k2_high_84,g_n40_e80_k2_high_84_p0,validation,0.15,12,64,8,0.125
g_n40_e80_k2_high_84,g_n40_e80_k2_high_84_p4,validation,0.05,4,64,2,0.03125
g_n40_e80_k2_high_84,g_n40_e80_k2_high_84_p4,validation,0.1,8,64,5,0.078125
g_n40_e80_k2_high_84,g_n40_e80_k2_high_84_p4,validation,0.15,12,64,15,0.234375
g_n40_e80_k2_high_84,g_n40_e80_k2_high_84_p8,validation,0.05,4,64,7,0.109375
g_n40_e80_k2_high_84,g_n40_e80_k2_high_84_p8,validation,0.1,8,64,16,0.25
g_n40_e80_k2_high_84,g_n40_e80_k2_high_84_p8,validation,0.15,11,64,28,0.4375
g_n40_e80_k2_high_85,g_n40_e80_k2_high_85_p0,train,0.05,4,64,3,0.046875
g_n40_e80_k2_high_85,g_n40_e80_k2_high_85_p0,train,0.1,8,64,5,0.078125
g_n40_e80_k2_high_85,g_n40_e80_k2_high_85_p0,train,0.15,12,64,10,0.15625
g_n40_e80_k2_high_85,g_n40_e80_k2_high_85_p4,train,0.05,4,64,5,0.078125
g_n40_e80_k2_high_85,g_n40_e80_k2_high_85_p4,train,0.1,8,64,11,0.171875
g_n40_e80_k2_high_85,g_n40_e80_k2_high_85_p4,train,0.15,12,64,21,0.328125
g_n40_e80_k2_high_85,g_n40_e80_k2_high_85_p8,train,0.05,4,64,9,0.140625
g_n40_e80_k2_high_85,g_n40_e80_k2_high_85_p8,train,0.1,8,64,21,0.328125
g_n40_e80_k2_high_85,g_n40_e80_k2_high_85_p8,train,0.15,11,64,26,0.40625
g_n40_e80_k2_high_86,g_n40_e80_k2_high_86_p0,train,0.05,4,64,0,0.0
g_n40_e80_k2_high_86,g_n40_e80_k2_high_86_p0,train,0.1,8,64,1,0.015625
g_n40_e80_k2_high_86,g_n40_e80_k2_high_86_p0,train,0.15,12,64,7,0.109375
g_n40_e80_k2_high_86,g_n40_e80_k2_high_86_p4,train,0.05,4,64,0,0.0
g_n40_e80_k2_high_86,g_n40_e80_k2_high_86_p4,train,0.1,8,64,4,0.0625
g_n40_e80_k2_high_86,g_n40_e80_k2_high_86_p4,train,0.15,12,64,13,0.203125
g_n40_e80_k2_high_86,g_n40_e80_k2_high_86_p8,train,0.05,4,64,1,0.015625
g_n40_e80_k2_high_86,g_n40_e80_k2_high_86_p8,train,0.1,8,64,6,0.09375
g_n40_e80_k2_high_86,g_n40_e80_k2_high_86_p8,train,0.15,11,64,14,0.21875
g_n40_e80_k2_high_87,g_n40_e80_k2_high_87_p0,train,0.05,4,64,0,0.0
g_n40_e80_k2_high_87,g_n40_e80_k2_high_87_p0,train,0.1,8,64,1,0.015625
g_n40_e80_k2_high_87,g_n40_e80_k2_high_87_p0,train,0.15,12,64,7,0.109375
g_n40_e80_k2_high_87,g_n40_e80_k2_high_87_p4,train,0.05,4,64,0,0.0
g_n40_e80_k2_high_87,g_n40_e80_k2_high_87_p4,train,0.1,8,64,3,0.046875
g_n40_e80_k2_high_87,g_n40_e80_k2_high_87_p4,train,0.15,12,64,10,0.15625
g_n40_e80_k2_high_87,g_n40_e80_k2_high_87_p8,train,0.05,4,64,2,0.03125
g_n40_e80_k2_high_87,g_n40_e80_k2_high_87_p8,train,0.1,8,64,7,0.109375
g_n40_e80_k2_high_87,g_n40_e80_k2_high_87_p8,train,0.15,11,64,9,0.140625
g_n40_e80_k2_high_88,g_n40_e80_k2_high_88_p0,validation,0.05,4,64,0,0.0
g_n40_e80_k2_high_88,g_n40_e80_k2_high_88_p0,validation,0.1,8,64,3,0.046875
g_n40_e80_k2_high_88,g_n40_e80_k2_high_88_p0,validation,0.15,12,64,7,0.109375
g_n40_e80_k2_high_88,g_n40_e80_k2_high_88_p4,validation,0.05,4,64,5,0.078125
g_n40_e80_k2_high_88,g_n40_e80_k2_high_88_p4,validation,0.1,8,64,13,0.203125
g_n40_e80_k2_high_88,g_n40_e80_k2_high_88_p4,validation,0.15,12,64,25,0.390625
g_n40_e80_k2_high_89,g_n40_e80_k2_high_89_p0,train,0.05,4,64,0,0.0
g_n40_e80_k2_high_89,g_n40_e80_k2_high_89_p0,train,0.1,8,64,1,0.015625
g_n40_e80_k2_high_89,g_n40_e80_k2_high_89_p0,train,0.15,12,64,4,0.0625
g_n40_e80_k2_high_89,g_n40_e80_k2_high_89_p4,train,0.05,4,64,3,0.046875
g_n40_e80_k2_high_89,g_n40_e80_k2_high_89_p4,train,0.1,8,64,9,0.140625
g_n40_e80_k2_high_89,g_n40_e80_k2_high_89_p4,train,0.15,12,64,13,0.203125
g_n40_e80_k2_high_89,g_n40_e80_k2_high_89_p8,train,0.05,4,64,2,0.03125
g_n40_e80_k2_high_89,g_n40_e80_k2_high_89_p8,train,0.1,8,64,8,0.125
g_n40_e80_k2_high_89,g_n40_e80_k2_high_89_p8,train,0.15,11,64,16,0.25
g_n40_e80_k3_low_00,g_n40_e80_k3_low_00_p0,test,0.05,4,64,0,0.0
g_n40_e80_k3_low_00,g_n40_e80_k3_low_00_p0,test,0.1,8,64,0,0.0
g_n40_e80_k3_low_00,g_n40_e80_k3_low_00_p0,test,0.15,12,64,1,0.015625
g_n40_e80_k3_low_00,g_n40_e80_k3_low_00_p4,test,0.05,4,64,0,0.0
g_n40_e80_k3_low_00,g_n40_e80_k3_low_00_p4,test,0.1,8,64,6,0.09375
g_n40_e80_k3_low_00,g_n40_e80_k3_low_00_p4,test,0.15,12,64,11,0.171875
g_n40_e80_k3_low_00,g_n40_e80_k3_low_00_p8,test,0.05,4,64,2,0.03125
g_n40_e80_k3_low_00,g_n40_e80_k3_low_00_p8,test,0.1,8,64,6,0.09375
g_n40_e80_k3_low_00,g_n40_e80_k3_low_00_p8,test,0.15,11,64,18,0.28125
g_n40_e80_k3_low_01,g_n40_e80_k3_low_01_p0,train,0.05,4,64,0,0.0
g_n40_e80_k3_low_01,g_n40_e80_k3_low_01_p0,train,0.1,8,64,3,0.046875
g_n40_e80_k3_low_01,g_n40_e80_k3_low_01_p0,train,0.15,12,64,6,0.09375
g_n40_e80_k3_low_01,g_n40_e80_k3_low_01_p4,train,0.05,4,64,0,0.0
g_n40_e80_k3_low_01,g_n40_e80_k3_low_01_p4,train,0.1,8,64,4,0.0625
g_n40_e80_k3_low_01,g_n40_e80_k3_low_01_p4,train,0.15,12,64,11,0.171875
g_n40_e80_k3_low_01,g_n40_e80_k3_low_01_p8,train,0.05,4,64,3,0.046875
g_n40_e80_k3_low_01,g_n40_e80_k3_low_01_p8,train,0.1,8,64,12,0.1875
g_n40_e80_k3_low_01,g_n40_e80_k3_low_01_p8,train,0.15,11,64,21,0.328125
g_n40_e80_k3_low_02,g_n40_e80_k3_low_02_p0,train,0.05,4,64,0,0.0
g_n40_e80_k3_low_02,g_n40_e80_k3_low_02_p0,train,0.1,8,64,1,0.015625
g_n40_e80_k3_low_02,g_n40_e80_k3_low_02_p0,train,0.15,12,64,4,0.0625
g_n40_e80_k3_low_02,g_n40_e80_k3_low_02_p4,train,0.05,4,64,0,0.0
g_n40_e80_k3_low_02,g_n40_e80_k3_low_02_p4,train,0.1,8,64,0,0.0
g_n40_e80_k3_low_02,g_n40_e80_k3_low_02_p4,train,0.15,12,64,6,0.09375
g_n40_e80_k3_low_02,g_n40_e80_k3_low_02_p8,train,0.05,4,64,4,0.0625
g_n40_e80_k3_low_02,g_n40_e80_k3_low_02_p8,train,0.1,8,64,14,0.21875
g_n40_e80_k3_low_02,g_n40_e80_k3_low_02_p8,train,0.15,11,64,26,0.40625
g_n40_e80_k3_low_03,g_n40_e80_k3_low_03_p0,test,0.05,4,64,0,0.0
g_n40_e80_k3_low_03,g_n40_e80_k3_low_03_p0,test,0.1,8,64,0,0.0
g_n40_e80_k3_low_03,g_n40_e80_k3_low_03_p0,test,0.15,12,64,2,0.03125
g_n40_e80_k3_low_03,g_n40_e80_k3_low_03_p4,test,0.05,4,64,0,0.0
g_n40_e80_k3_low_03,g_n40_e80_k3_low_03_p4,test,0.1,8,64,3,0.046875
g_n40_e80_k3_low_03,g_n40_e80_k3_low_03_p4,test,0.15,12,64,5,0.078125
g_n40_e80_k3_low_03,g_n40_e80_k3_low_03_p8,test,0.05,4,64,4,0.0625
g_n40_e80_k3_low_03,g_n40_e80_k3_low_03_p8,test,0.1,8,64,15,0.234375
g_n40_e80_k3_low_03,g_n40_e80_k3_low_03_p8,test,0.15,11,64,23,0.359375
g_n40_e80_k3_low_04,g_n40_e80_k3_low_04_p0,train,0.05,4,64,0,0.0
g_n40_e80_k3_low_04,g_n40_e80_k3_low_04_p0,train,0.1,8,64,2,0.03125
g_n40_e80_k3_low_04,g_n40_e80_k3_low_04_p0,train,0.15,12,64,3,0.046875
g_n40_e80_k3_low_04,g_n40_e80_k3_low_04_p4,train,0.05,4,64,2,0.03125
g_n40_e80_k3_low_04,g_n40_e80_k3_low_04_p4,train,0.1,8,64,5,0.078125
g_n40_e80_k3_low_04,g_n40_e80_k3_low_04_p4,train,0.15,12,64,12,0.1875
g_n40_e80_k3_low_04,g_n40_e80_k3_low_04_p8,train,0.05,4,64,6,0.09375
g_n40_e80_k3_low_04,g_n40_e80_k3_low_04_p8,train,0.1,8,64,11,0.171875
g_n40_e80_k3_low_04,g_n40_e80_k3_low_04_p8,train,0.15,11,64,19,0.296875
g_n40_e80_k3_low_05,g_n40_e80_k3_low_05_p0,train,0.05,4,64,1,0.015625
g_n40_e80_k3_low_05,g_n40_e80_k3_low_05_p0,train,0.1,8,64,4,0.0625
g_n40_e80_k3_low_05,g_n40_e80_k3_low_05_p0,train,0.15,12,64,8,0.125
g_n40_e80_k3_low_05,g_n40_e80_k3_low_05_p4,train,0.05,4,64,1,0.015625
g_n40_e80_k3_low_05,g_n40_e80_k3_low_05_p4,train,0.1,8,64,6,0.09375
g_n40_e80_k3_low_05,g_n40_e80_k3_low_05_p4,train,0.15,12,64,9,0.140625
g_n40_e80_k3_low_05,g_n40_e80_k3_low_05_p8,train,0.05,4,64,1,0.015625
g_n40_e80_k3_low_05,g_n40_e80_k3_low_05_p8,train,0.1,8,64,10,0.15625
g_n40_e80_k3_low_05,g_n40_e80_k3_low_05_p8,train,0.15,11,64,16,0.25
g_n40_e80_k3_low_06,g_n40_e80_k3_low_06_p0,train,0.05,4,64,0,0.0
g_n40_e80_k3_low_06,g_n40_e80_k3_low_06_p0,train,0.1,8,64,0,0.0
g_n40_e80_k3_low_06,g_n40_e80_k3_low_06_p0,train,0.15,12,64,1,0.015625
g_n40_e80_k3_low_06,g_n40_e80_k3_low_06_p4,train,0.05,4,64,0,0.0
g_n40_e80_k3_low_06,g_n40_e80_k3_low_06_p4,train,0.1,8,64,5,0.078125
g_n40_e80_k3_low_06,g_n40_e80_k3_low_06_p4,train,0.15,12,64,10,0.15625
g_n40_e80_k3_low_06,g_n40_e80_k3_low_06_p8,train,0.05,4,64,2,0.03125
g_n40_e80_k3_low_06,g_n40_e80_k3_low_06_p8,train,0.1,8,64,8,0.125
g_n40_e80_k3_low_06,g_n40_e80_k3_low_06_p8,train,0.15,11,64,18,0.28125
g_n40_e80_k3_low_07,g_n40_e80_k3_low_07_p0,test,0.05,4,64,0,0.0
g_n40_e80_k3_low_07,g_n40_e80_k3_low_07_p0,test,0.1,8,64,0,0.0
g_n40_e80_k3_low_07,g_n40_e80_k3_low_07_p0,test,0.15,12,64,0,0.0
g_n40_e80_k3_low_07,g_n40_e80_k3_low_07_p4,test,0.05,4,64,2,0.03125
g_n40_e80_k3_low_07,g_n40_e80_k3_low_07_p4,test,0.1,8,64,6,0.09375
g_n40_e80_k3_low_07,g_n40_e80_k3_low_07_p4,test,0.15,12,64,12,0.1875
g_n40_e80_k3_low_07,g_n40_e80_k3_low_07_p8,test,0.05,4,64,2,0.03125
g_n40_e80_k3_low_07,g_n40_e80_k3_low_07_p8,test,0.1,8,64,5,0.078125
g_n40_e80_k3_low_07,g_n40_e80_k3_low_07_p8,test,0.15,11,64,7,0.109375
g_n40_e80_k3_low_08,g_n40_e80_k3_low_08_p0,validation,0.05,4,64,0,0.0
g_n40_e80_k3_low_08,g_n40_e80_k3_low_08_p0,validation,0.1,8,64,0,0.0
g_n40_e80_k3_low_08,g_n40_e80_k3_low_08_p0,validation,0.15,12,64,0,0.0
g_n40_e80_k3_low_08,g_n40_e80_k3_low_08_p4,validation,0.05,4,64,0,0.0
g_n40_e80_k3_low_08,g_n40_e80_k3_low_08_p4,validation,0.1,8,64,3,0.046875
g_n40_e80_k3_low_08,g_n40_e80_k3_low_08_p4,validation,0.15,12,64,8,0.125
g_n40_e80_k3_low_08,g_n40_e80_k3_low_08_p8,validation,0.05,4,64,8,0.125
g_n40_e80_k3_low_08,g_n40_e80_k3_low_08_p8,validation,0.1,8,64,15,0.234375
g_n40_e80_k3_low_08,g_n40_e80_k3_low_08_p8,validation,0.15,11,64,22,0.34375
g_n40_e80_k3_low_09,g_n40_e80_k3_low_09_p0,train,0.05,4,64,0,0.0
g_n40_e80_k3_low_09,g_n40_e80_k3_low_09_p0,train,0.1,8,64,0,0.0
g_n40_e80_k3_low_09,g_n40_e80_k3_low_09_p0,train,0.15,12,64,2,0.03125
g_n40_e80_k3_low_09,g_n40_e80_k3_low_09_p4,train,0.05,4,64,2,0.03125
g_n40_e80_k3_low_09,g_n40_e80_k3_low_09_p4,train,0.1,8,64,6,0.09375
g_n40_e80_k3_low_09,g_n40_e80_k3_low_09_p4,train,0.15,12,64,18,0.28125
g_n40_e80_k3_low_09,g_n40_e80_k3_low_09_p8,train,0.05,4,64,9,0.140625
g_n40_e80_k3_low_09,g_n40_e80_k3_low_09_p8,train,0.1,8,64,19,0.296875
g_n40_e80_k3_low_09,g_n40_e80_k3_low_09_p8,train,0.15,11,64,24,0.375
g_n40_e80_k3_low_10,g_n40_e80_k3_low_10_p0,validation,0.05,4,64,1,0.015625
g_n40_e80_k3_low_10,g_n40_e80_k3_low_10_p0,validation,0.1,8,64,3,0.046875
g_n40_e80_k3_low_10,g_n40_e80_k3_low_10_p0,validation,0.15,12,64,7,0.109375
g_n40_e80_k3_low_10,g_n40_e80_k3_low_10_p4,validation,0.05,4,64,0,0.0
g_n40_e80_k3_low_10,g_n40_e80_k3_low_10_p4,validation,0.1,8,64,2,0.03125
g_n40_e80_k3_low_10,g_n40_e80_k3_low_10_p4,validation,0.15,12,64,6,0.09375
g_n40_e80_k3_low_10,g_n40_e80_k3_low_10_p8,validation,0.05,4,64,2,0.03125
g_n40_e80_k3_low_10,g_n40_e80_k3_low_10_p8,validation,0.1,8,64,4,0.0625
g_n40_e80_k3_low_10,g_n40_e80_k3_low_10_p8,validation,0.15,11,64,12,0.1875
g_n40_e80_k3_low_11,g_n40_e80_k3_low_11_p0,test,0.05,4,64,0,0.0
g_n40_e80_k3_low_11,g_n40_e80_k3_low_11_p0,test,0.1,8,64,0,0.0
g_n40_e80_k3_low_11,g_n40_e80_k3_low_11_p0,test,0.15,12,64,2,0.03125
g_n40_e80_k3_low_11,g_n40_e80_k3_low_11_p4,test,0.05,4,64,0,0.0
g_n40_e80_k3_low_11,g_n40_e80_k3_low_11_p4,test,0.1,8,64,1,0.015625
g_n40_e80_k3_low_11,g_n40_e80_k3_low_11_p4,test,0.15,12,64,8,0.125
g_n40_e80_k3_low_11,g_n40_e80_k3_low_11_p8,test,0.05,4,64,5,0.078125
g_n40_e80_k3_low_11,g_n40_e80_k3_low_11_p8,test,0.1,8,64,12,0.1875
g_n40_e80_k3_low_11,g_n40_e80_k3_low_11_p8,test,0.15,11,64,22,0.34375
g_n40_e80_k3_low_12,g_n40_e80_k3_low_12_p0,train,0.05,4,64,0,0.0
g_n40_e80_k3_low_12,g_n40_e80_k3_low_12_p0,train,0.1,8,64,2,0.03125
g_n40_e80_k3_low_12,g_n40_e80_k3_low_12_p0,train,0.15,12,64,4,0.0625
g_n40_e80_k3_low_12,g_n40_e80_k3_low_12_p4,train,0.05,4,64,0,0.0
g_n40_e80_k3_low_12,g_n40_e80_k3_low_12_p4,train,0.1,8,64,5,0.078125
g_n40_e80_k3_low_12,g_n40_e80_k3_low_12_p4,train,0.15,12,64,11,0.171875
g_n40_e80_k3_low_12,g_n40_e80_k3_low_12_p8,train,0.05,4,64,7,0.109375
g_n40_e80_k3_low_12,g_n40_e80_k3_low_12_p8,train,0.1,8,64,15,0.234375
g_n40_e80_k3_low_12,g_n40_e80_k3_low_12_p8,train,0.15,11,64,19,0.296875
g_n40_e80_k3_low_13,g_n40_e80_k3_low_13_p0,train,0.05,4,64,1,0.015625
g_n40_e80_k3_low_13,g_n40_e80_k3_low_13_p0,train,0.1,8,64,1,0.015625
g_n40_e80_k3_low_13,g_n40_e80_k3_low_13_p0,train,0.15,12,64,5,0.078125
g_n40_e80_k3_low_13,g_n40_e80_k3_low_13_p4,train,0.05,4,64,0,0.0
g_n40_e80_k3_low_13,g_n40_e80_k3_low_13_p4,train,0.1,8,64,2,0.03125
g_n40_e80_k3_low_13,g_n40_e80_k3_low_13_p4,train,0.15,12,64,10,0.15625
g_n40_e80_k3_low_13,g_n40_e80_k3_low_13_p8,train,0.05,4,64,0,0.0
g_n40_e80_k3_low_13,g_n40_e80_k3_low_13_p8,train,0.1,8,64,8,0.125
g_n40_e80_k3_low_13,g_n40_e80_k3_low_13_p8,train,0.15,11,64,13,0.203125
g_n40_e80_k3_low_14,g_n40_e80_k3_low_14_p0,train,0.05,4,64,0,0.0
g_n40_e80_k3_low_14,g_n40_e80_k3_low_14_p0,train,0.1,8,64,1,0.015625
g_n40_e80_k3_low_14,g_n40_e80_k3_low_14_p0,train,0.15,12,64,1,0.015625
g_n40_e80_k3_low_14,g_n40_e80_k3_low_14_p4,train,0.05,4,64,2,0.03125
g_n40_e80_k3_low_14,g_n40_e80_k3_low_14_p4,train,0.1,8,64,2,0.03125
g_n40_e80_k3_low_14,g_n40_e80_k3_low_14_p4,train,0.15,12,64,7,0.109375
g_n40_e80_k3_low_14,g_n40_e80_k3_low_14_p8,train,0.05,4,64,1,0.015625
g_n40_e80_k3_low_14,g_n40_e80_k3_low_14_p8,train,0.1,8,64,6,0.09375
g_n40_e80_k3_low_14,g_n40_e80_k3_low_14_p8,train,0.15,11,64,14,0.21875
g_n40_e80_k3_low_15,g_n40_e80_k3_low_15_p0,train,0.05,4,64,0,0.0
g_n40_e80_k3_low_15,g_n40_e80_k3_low_15_p0,train,0.1,8,64,0,0.0
g_n40_e80_k3_low_15,g_n40_e80_k3_low_15_p0,train,0.15,12,64,3,0.046875
g_n40_e80_k3_low_15,g_n40_e80_k3_low_15_p4,train,0.05,4,64,4,0.0625
g_n40_e80_k3_low_15,g_n40_e80_k3_low_15_p4,train,0.1,8,64,8,0.125
g_n40_e80_k3_low_15,g_n40_e80_k3_low_15_p4,train,0.15,12,64,11,0.171875
g_n40_e80_k3_low_15,g_n40_e80_k3_low_15_p8,train,0.05,4,64,3,0.046875
g_n40_e80_k3_low_15,g_n40_e80_k3_low_15_p8,train,0.1,8,64,5,0.078125
g_n40_e80_k3_low_15,g_n40_e80_k3_low_15_p8,train,0.15,11,64,10,0.15625
g_n40_e80_k3_low_16,g_n40_e80_k3_low_16_p0,test,0.05,4,64,1,0.015625
g_n40_e80_k3_low_16,g_n40_e80_k3_low_16_p0,test,0.1,8,64,3,0.046875
g_n40_e80_k3_low_16,g_n40_e80_k3_low_16_p0,test,0.15,12,64,7,0.109375
g_n40_e80_k3_low_16,g_n40_e80_k3_low_16_p4,test,0.05,4,64,1,0.015625
g_n40_e80_k3_low_16,g_n40_e80_k3_low_16_p4,test,0.1,8,64,3,0.046875
g_n40_e80_k3_low_16,g_n40_e80_k3_low_16_p4,test,0.15,12,64,12,0.1875
g_n40_e80_k3_low_16,g_n40_e80_k3_low_16_p8,test,0.05,4,64,0,0.0
g_n40_e80_k3_low_16,g_n40_e80_k3_low_16_p8,test,0.1,8,64,5,0.078125
g_n40_e80_k3_low_16,g_n40_e80_k3_low_16_p8,test,0.15,11,64,14,0.21875
g_n40_e80_k3_low_17,g_n40_e80_k3_low_17_p0,train,0.05,4,64,1,0.015625
g_n40_e80_k3_low_17,g_n40_e80_k3_low_17_p0,train,0.1,8,64,1,0.015625
g_n40_e80_k3_low_17,g_n40_e80_k3_low_17_p0,train,0.15,12,64,4,0.0625
g_n40_e80_k3_low_17,g_n40_e80_k3_low_17_p4,train,0.05,4,64,0,0.0
g_n40_e80_k3_low_17,g_n40_e80_k3_low_17_p4,train,0.1,8,64,1,0.015625
g_n40_e80_k3_low_17,g_n40_e80_k3_low_17_p4,train,0.15,12,64,6,0.09375
g_n40_e80_k3_low_17,g_n40_e80_k3_low_17_p8,train,0.05,4,64,8,0.125
g_n40_e80_k3_low_17,g_n40_e80_k3_low_17_p8,train,0.1,8,64,18,0.28125
g_n40_e80_k3_low_17,g_n40_e80_k3_low_17_p8,train,0.15,11,64,29,0.453125
g_n40_e80_k3_low_18,g_n40_e80_k3_low_18_p0,validation,0.05,4,64,0,0.0
g_n40_e80_k3_low_18,g_n40_e80_k3_low_18_p0,validation,0.1,8,64,2,0.03125
g_n40_e80_k3_low_18,g_n40_e80_k3_low_18_p0,validation,0.15,12,64,3,0.046875
g_n40_e80_k3_low_18,g_n40_e80_k3_low_18_p4,validation,0.05,4,64,0,0.0
g_n40_e80_k3_low_18,g_n40_e80_k3_low_18_p4,validation,0.1,8,64,2,0.03125
g_n40_e80_k3_low_18,g_n40_e80_k3_low_18_p4,validation,0.15,12,64,5,0.078125
g_n40_e80_k3_low_18,g_n40_e80_k3_low_18_p8,validation,0.05,4,64,2,0.03125
g_n40_e80_k3_low_18,g_n40_e80_k3_low_18_p8,validation,0.1,8,64,5,0.078125
g_n40_e80_k3_low_18,g_n40_e80_k3_low_18_p8,validation,0.15,11,64,9,0.140625
g_n40_e80_k3_low_19,g_n40_e80_k3_low_19_p0,train,0.05,4,64,0,0.0
g_n40_e80_k3_low_19,g_n40_e80_k3_low_19_p0,train,0.1,8,64,2,0.03125
g_n40_e80_k3_low_19,g_n40_e80_k3_low_19_p0,train,0.15,12,64,2,0.03125
g_n40_e80_k3_low_19,g_n40_e80_k3_low_19_p4,train,0.05,4,64,0,0.0
g_n40_e80_k3_low_19,g_n40_e80_k3_low_19_p4,train,0.1,8,64,1,0.015625
g_n40_e80_k3_low_19,g_n40_e80_k3_low_19_p4,train,0.15,12,64,5,0.078125
g_n40_e80_k3_low_19,g_n40_e80_k3_low_19_p8,train,0.05,4,64,0,0.0
g_n40_e80_k3_low_19,g_n40_e80_k3_low_19_p8,train,0.1,8,64,3,0.046875
g_n40_e80_k3_low_19,g_n40_e80_k3_low_19_p8,train,0.15,11,64,8,0.125
g_n40_e80_k3_low_20,g_n40_e80_k3_low_20_p0,validation,0.05,4,64,0,0.0
g_n40_e80_k3_low_20,g_n40_e80_k3_low_20_p0,validation,0.1,8,64,1,0.015625
g_n40_e80_k3_low_20,g_n40_e80_k3_low_20_p0,validation,0.15,12,64,2,0.03125
g_n40_e80_k3_low_20,g_n40_e80_k3_low_20_p4,validation,0.05,4,64,0,0.0
g_n40_e80_k3_low_20,g_n40_e80_k3_low_20_p4,validation,0.1,8,64,1,0.015625
g_n40_e80_k3_low_20,g_n40_e80_k3_low_20_p4,validation,0.15,12,64,5,0.078125
g_n40_e80_k3_low_20,g_n40_e80_k3_low_20_p8,validation,0.05,4,64,0,0.0
g_n40_e80_k3_low_20,g_n40_e80_k3_low_20_p8,validation,0.1,8,64,7,0.109375
g_n40_e80_k3_low_20,g_n40_e80_k3_low_20_p8,validation,0.15,11,64,14,0.21875
g_n40_e80_k3_low_21,g_n40_e80_k3_low_21_p0,train,0.05,4,64,0,0.0
g_n40_e80_k3_low_21,g_n40_e80_k3_low_21_p0,train,0.1,8,64,1,0.015625
g_n40_e80_k3_low_21,g_n40_e80_k3_low_21_p0,train,0.15,12,64,2,0.03125
g_n40_e80_k3_low_21,g_n40_e80_k3_low_21_p4,train,0.05,4,64,0,0.0
g_n40_e80_k3_low_21,g_n40_e80_k3_low_21_p4,train,0.1,8,64,3,0.046875
g_n40_e80_k3_low_21,g_n40_e80_k3_low_21_p4,train,0.15,12,64,7,0.109375
g_n40_e80_k3_low_21,g_n40_e80_k3_low_21_p8,train,0.05,4,64,0,0.0
g_n40_e80_k3_low_21,g_n40_e80_k3_low_21_p8,train,0.1,8,64,2,0.03125
g_n40_e80_k3_low_21,g_n40_e80_k3_low_21_p8,train,0.15,11,64,6,0.09375
g_n40_e80_k3_low_22,g_n40_e80_k3_low_22_p0,validation,0.05,4,64,0,0.0
g_n40_e80_k3_low_22,g_n40_e80_k3_low_22_p0,validation,0.1,8,64,2,0.03125
g_n40_e80_k3_low_22,g_n40_e80_k3_low_22_p0,validation,0.15,12,64,4,0.0625
g_n40_e80_k3_low_22,g_n40_e80_k3_low_22_p4,validation,0.05,4,64,1,0.015625
g_n40_e80_k3_low_22,g_n40_e80_k3_low_22_p4,validation,0.1,8,64,6,0.09375
g_n40_e80_k3_low_22,g_n40_e80_k3_low_22_p4,validation,0.15,12,64,11,0.171875
g_n40_e80_k3_low_22,g_n40_e80_k3_low_22_p8,validation,0.05,4,64,1,0.015625
g_n40_e80_k3_low_22,g_n40_e80_k3_low_22_p8,validation,0.1,8,64,7,0.109375
g_n40_e80_k3_low_22,g_n40_e80_k3_low_22_p8,validation,0.15,11,64,13,0.203125
g_n40_e80_k3_low_23,g_n40_e80_k3_low_23_p0,test,0.05,4,64,1,0.015625
g_n40_e80_k3_low_23,g_n40_e80_k3_low_23_p0,test,0.1,8,64,2,0.03125
g_n40_e80_k3_low_23,g_n40_e80_k3_low_23_p0,test,0.15,12,64,3,0.046875
g_n40_e80_k3_low_23,g_n40_e80_k3_low_23_p4,test,0.05,4,64,7,0.109375
g_n40_e80_k3_low_23,g_n40_e80_k3_low_23_p4,test,0.1,8,64,16,0.25
g_n40_e80_k3_low_23,g_n40_e80_k3_low_23_p4,test,0.15,12,64,27,0.421875
g_n40_e80_k3_low_23,g_n40_e80_k3_low_23_p8,test,0.05,4,64,1,0.015625
g_n40_e80_k3_low_23,g_n40_e80_k3_low_23_p8,test,0.1,8,64,5,0.078125
g_n40_e80_k3_low_23,g_n40_e80_k3_low_23_p8,test,0.15,11,64,12,0.1875
g_n40_e80_k3_low_24,g_n40_e80_k3_low_24_p0,train,0.05,4,64,0,0.0
g_n40_e80_k3_low_24,g_n40_e80_k3_low_24_p0,train,0.1,8,64,2,0.03125
g_n40_e80_k3_low_24,g_n40_e80_k3_low_24_p0,train,0.15,12,64,7,0.109375
g_n40_e80_k3_low_24,g_n40_e80_k3_low_24_p4,train,0.05,4,64,1,0.015625
g_n40_e80_k3_low_24,g_n40_e80_k3_low_24_p4,train,0.1,8,64,2,0.03125
g_n40_e80_k3_low_24,g_n40_e80_k3_low_24_p4,train,0.15,12,64,8,0.125
g_n40_e80_k3_low_24,g_n40_e80_k3_low_24_p8,train,0.05,4,64,1,0.015625
g_n40_e80_k3_low_24,g_n40_e80_k3_low_24_p8,train,0.1,8,64,8,0.125
g_n40_e80_k3_low_24,g_n40_e80_k3_low_24_p8,train,0.15,11,64,15,0.234375
g_n40_e80_k3_low_25,g_n40_e80_k3_low_25_p0,train,0.05,4,64,0,0.0
g_n40_e80_k3_low_25,g_n40_e80_k3_low_25_p0,train,0.1,8,64,2,0.03125
g_n40_e80_k3_low_25,g_n40_e80_k3_low_25_p0,train,0.15,12,64,5,0.078125
g_n40_e80_k3_low_25,g_n40_e80_k3_low_25_p4,train,0.05,4,64,0,0.0
g_n40_e80_k3_low_25,g_n40_e80_k3_low_25_p4,train,0.1,8,64,3,0.046875
g_n40_e80_k3_low_25,g_n40_e80_k3_low_25_p4,train,0.15,12,64,6,0.09375
g_n40_e80_k3_low_25,g_n40_e80_k3_low_25_p8,train,0.05,4,64,2,0.03125
g_n40_e80_k3_low_25,g_n40_e80_k3_low_25_p8,train,0.1,8,64,7,0.109375
g_n40_e80_k3_low_25,g_n40_e80_k3_low_25_p8,train,0.15,11,64,13,0.203125
g_n40_e80_k3_low_26,g_n40_e80_k3_low_26_p0,train,0.05,4,64,0,0.0
g_n40_e80_k3_low_26,g_n40_e80_k3_low_26_p0,train,0.1,8,64,1,0.015625
g_n40_e80_k3_low_26,g_n40_e80_k3_low_26_p0,train,0.15,12,64,2,0.03125
g_n40_e80_k3_low_26,g_n40_e80_k3_low_26_p4,train,0.05,4,64,1,0.015625
g_n40_e80_k3_low_26,g_n40_e80_k3_low_26_p4,train,0.1,8,64,4,0.0625
g_n40_e80_k3_low_26,g_n40_e80_k3_low_26_p4,train,0.15,12,64,7,0.109375
g_n40_e80_k3_low_26,g_n40_e80_k3_low_26_p8,train,0.05,4,64,3,0.046875
g_n40_e80_k3_low_26,g_n40_e80_k3_low_26_p8,train,0.1,8,64,11,0.171875
g_n40_e80_k3_low_26,g_n40_e80_k3_low_26_p8,train,0.15,11,64,17,0.265625
g_n40_e80_k3_low_27,g_n40_e80_k3_low_27_p0,train,0.05,4,64,0,0.0
g_n40_e80_k3_low_27,g_n40_e80_k3_low_27_p0,train,0.1,8,64,2,0.03125
g_n40_e80_k3_low_27,g_n40_e80_k3_low_27_p0,train,0.15,12,64,6,0.09375
g_n40_e80_k3_low_27,g_n40_e80_k3_low_27_p4,train,0.05,4,64,1,0.015625
g_n40_e80_k3_low_27,g_n40_e80_k3_low_27_p4,train,0.1,8,64,3,0.046875
g_n40_e80_k3_low_27,g_n40_e80_k3_low_27_p4,train,0.15,12,64,11,0.171875
g_n40_e80_k3_low_27,g_n40_e80_k3_low_27_p8,train,0.05,4,64,6,0.09375
g_n40_e80_k3_low_27,g_n40_e80_k3_low_27_p8,train,0.1,8,64,15,0.234375
g_n40_e80_k3_low_27,g_n40_e80_k3_low_27_p8,train,0.15,11,64,24,0.375
g_n40_e80_k3_low_28,g_n40_e80_k3_low_28_p0,validation,0.05,4,64,0,0.0
g_n40_e80_k3_low_28,g_n40_e80_k3_low_28_p0,validation,0.1,8,64,1,0.015625
g_n40_e80_k3_low_28,g_n40_e80_k3_low_28_p0,validation,0.15,12,64,5,0.078125
g_n40_e80_k3_low_28,g_n40_e80_k3_low_28_p4,validation,0.05,4,64,2,0.03125
g_n40_e80_k3_low_28,g_n40_e80_k3_low_28_p4,validation,0.1,8,64,3,0.046875
g_n40_e80_k3_low_28,g_n40_e80_k3_low_28_p4,validation,0.15,12,64,9,0.140625
g_n40_e80_k3_low_28,g_n40_e80_k3_low_28_p8,validation,0.05,4,64,8,0.125
g_n40_e80_k3_low_28,g_n40_e80_k3_low_28_p8,validation,0.1,8,64,13,0.203125
g_n40_e80_k3_low_28,g_n40_e80_k3_low_28_p8,validation,0.15,11,64,25,0.390625
g_n40_e80_k3_low_29,g_n40_e80_k3_low_29_p0,train,0.05,4,64,0,0.0
g_n40_e80_k3_low_29,g_n40_e80_k3_low_29_p0,train,0.1,8,64,1,0.015625
g_n40_e80_k3_low_29,g_n40_e80_k3_low_29_p0,train,0.15,12,64,5,0.078125
g_n40_e80_k3_low_29,g_n40_e80_k3_low_29_p4,train,0.05,4,64,1,0.015625
g_n40_e80_k3_low_29,g_n40_e80_k3_low_29_p4,train,0.1,8,64,3,0.046875
g_n40_e80_k3_low_29,g_n40_e80_k3_low_29_p4,train,0.15,12,64,15,0.234375
g_n40_e80_k3_low_29,g_n40_e80_k3_low_29_p8,train,0.05,4,64,1,0.015625
g_n40_e80_k3_low_29,g_n40_e80_k3_low_29_p8,train,0.1,8,64,5,0.078125
g_n40_e80_k3_low_29,g_n40_e80_k3_low_29_p8,train,0.15,11,64,15,0.234375
g_n40_e80_k3_mid_30,g_n40_e80_k3_mid_30_p0,validation,0.05,4,64,0,0.0
g_n40_e80_k3_mid_30,g_n40_e80_k3_mid_30_p0,validation,0.1,8,64,1,0.015625
g_n40_e80_k3_mid_30,g_n40_e80_k3_mid_30_p0,validation,0.15,12,64,2,0.03125
g_n40_e80_k3_mid_30,g_n40_e80_k3_mid_30_p4,validation,0.05,4,64,1,0.015625
g_n40_e80_k3_mid_30,g_n40_e80_k3_mid_30_p4,validation,0.1,8,64,2,0.03125
g_n40_e80_k3_mid_30,g_n40_e80_k3_mid_30_p4,validation,0.15,12,64,5,0.078125
g_n40_e80_k3_mid_30,g_n40_e80_k3_mid_30_p8,validation,0.05,4,64,0,0.0
g_n40_e80_k3_mid_30,g_n40_e80_k3_mid_30_p8,validation,0.1,8,64,5,0.078125
g_n40_e80_k3_mid_30,g_n40_e80_k3_mid_30_p8,validation,0.15,11,64,10,0.15625
g_n40_e80_k3_mid_31,g_n40_e80_k3_mid_31_p0,validation,0.05,4,64,0,0.0
g_n40_e80_k3_mid_31,g_n40_e80_k3_mid_31_p0,validation,0.1,8,64,0,0.0
g_n40_e80_k3_mid_31,g_n40_e80_k3_mid_31_p0,validation,0.15,12,64,1,0.015625
g_n40_e80_k3_mid_31,g_n40_e80_k3_mid_31_p4,validation,0.05,4,64,0,0.0
g_n40_e80_k3_mid_31,g_n40_e80_k3_mid_31_p4,validation,0.1,8,64,2,0.03125
g_n40_e80_k3_mid_31,g_n40_e80_k3_mid_31_p4,validation,0.15,12,64,4,0.0625
g_n40_e80_k3_mid_31,g_n40_e80_k3_mid_31_p8,validation,0.05,4,64,3,0.046875
g_n40_e80_k3_mid_31,g_n40_e80_k3_mid_31_p8,validation,0.1,8,64,6,0.09375
g_n40_e80_k3_mid_31,g_n40_e80_k3_mid_31_p8,validation,0.15,11,64,15,0.234375
g_n40_e80_k3_mid_32,g_n40_e80_k3_mid_32_p0,train,0.05,4,64,0,0.0
g_n40_e80_k3_mid_32,g_n40_e80_k3_mid_32_p0,train,0.1,8,64,0,0.0
g_n40_e80_k3_mid_32,g_n40_e80_k3_mid_32_p0,train,0.15,12,64,3,0.046875
g_n40_e80_k3_mid_32,g_n40_e80_k3_mid_32_p4,train,0.05,4,64,1,0.015625
g_n40_e80_k3_mid_32,g_n40_e80_k3_mid_32_p4,train,0.1,8,64,3,0.046875
g_n40_e80_k3_mid_32,g_n40_e80_k3_mid_32_p4,train,0.15,12,64,6,0.09375
g_n40_e80_k3_mid_32,g_n40_e80_k3_mid_32_p8,train,0.05,4,64,5,0.078125
g_n40_e80_k3_mid_32,g_n40_e80_k3_mid_32_p8,train,0.1,8,64,7,0.109375
g_n40_e80_k3_mid_32,g_n40_e80_k3_mid_32_p8,train,0.15,11,64,12,0.1875
g_n40_e80_k3_mid_33,g_n40_e80_k3_mid_33_p0,train,0.05,4,64,0,0.0
g_n40_e80_k3_mid_33,g_n40_e80_k3_mid_33_p0,train,0.1,8,64,0,0.0
g_n40_e80_k3_mid_33,g_n40_e80_k3_mid_33_p0,train,0.15,12,64,2,0.03125
g_n40_e80_k3_mid_33,g_n40_e80_k3_mid_33_p4,train,0.05,4,64,0,0.0
g_n40_e80_k3_mid_33,g_n40_e80_k3_mid_33_p4,train,0.1,8,64,3,0.046875
g_n40_e80_k3_mid_33,g_n40_e80_k3_mid_33_p4,train,0.15,12,64,6,0.09375
g_n40_e80_k3_mid_33,g_n40_e80_k3_mid_33_p8,train,0.05,4,64,6,0.09375
g_n40_e80_k3_mid_33,g_n40_e80_k3_mid_33_p8,train,0.1,8,64,18,0.28125
g_n40_e80_k3_mid_33,g_n40_e80_k3_mid_33_p8,train,0.15,11,64,25,0.390625
g_n40_e80_k3_mid_34,g_n40_e80_k3_mid_34_p0,test,0.05,4,64,0,0.0
g_n40_e80_k3_mid_34,g_n40_e80_k3_mid_34_p0,test,0.1,8,64,1,0.015625
g_n40_e80_k3_mid_34,g_n40_e80_k3_mid_34_p0,test,0.15,12,64,5,0.078125
g_n40_e80_k3_mid_34,g_n40_e80_k3_mid_34_p4,test,0.05,4,64,0,0.0
g_n40_e80_k3_mid_34,g_n40_e80_k3_mid_34_p4,test,0.1,8,64,3,0.046875
g_n40_e80_k3_mid_34,g_n40_e80_k3_mid_34_p4,test,0.15,12,64,9,0.140625
g_n40_e80_k3_mid_34,g_n40_e80_k3_mid_34_p8,test,0.05,4,64,4,0.0625
g_n40_e80_k3_mid_34,g_n40_e80_k3_mid_34_p8,test,0.1,8,64,10,0.15625
g_n40_e80_k3_mid_34,g_n40_e80_k3_mid_34_p8,test,0.15,11,64,13,0.203125
g_n40_e80_k3_mid_35,g_n40_e80_k3_mid_35_p0,train,0.05,4,64,0,0.0
g_n40_e80_k3_mid_35,g_n40_e80_k3_mid_35_p0,train,0.1,8,64,2,0.03125
g_n40_e80_k3_mid_35,g_n40_e80_k3_mid_35_p0,train,0.15,12,64,3,0.046875
g_n40_e80_k3_mid_35,g_n40_e80_k3_mid_35_p4,train,0.05,4,64,0,0.0
g_n40_e80_k3_mid_35,g_n40_e80_k3_mid_35_p4,train,0.1,8,64,1,0.015625
g_n40_e80_k3_mid_35,g_n40_e80_k3_mid_35_p4,train,0.15,12,64,10,0.15625
g_n40_e80_k3_mid_35,g_n40_e80_k3_mid_35_p8,train,0.05,4,64,9,0.140625
g_n40_e80_k3_mid_35,g_n40_e80_k3_mid_35_p8,train,0.1,8,64,16,0.25
g_n40_e80_k3_mid_35,g_n40_e80_k3_mid_35_p8,train,0.15,11,64,22,0.34375
g_n40_e80_k3_mid_36,g_n40_e80_k3_mid_36_p0,validation,0.05,4,64,0,0.0
g_n40_e80_k3_mid_36,g_n40_e80_k3_mid_36_p0,validation,0.1,8,64,2,0.03125
g_n40_e80_k3_mid_36,g_n40_e80_k3_mid_36_p0,validation,0.15,12,64,8,0.125
g_n40_e80_k3_mid_36,g_n40_e80_k3_mid_36_p4,validation,0.05,4,64,0,0.0
g_n40_e80_k3_mid_36,g_n40_e80_k3_mid_36_p4,validation,0.1,8,64,2,0.03125
g_n40_e80_k3_mid_36,g_n40_e80_k3_mid_36_p4,validation,0.15,12,64,11,0.171875
g_n40_e80_k3_mid_36,g_n40_e80_k3_mid_36_p8,validation,0.05,4,64,0,0.0
g_n40_e80_k3_mid_36,g_n40_e80_k3_mid_36_p8,validation,0.1,8,64,3,0.046875
g_n40_e80_k3_mid_36,g_n40_e80_k3_mid_36_p8,validation,0.15,11,64,8,0.125
g_n40_e80_k3_mid_37,g_n40_e80_k3_mid_37_p0,train,0.05,4,64,1,0.015625
g_n40_e80_k3_mid_37,g_n40_e80_k3_mid_37_p0,train,0.1,8,64,3,0.046875
g_n40_e80_k3_mid_37,g_n40_e80_k3_mid_37_p0,train,0.15,12,64,6,0.09375
g_n40_e80_k3_mid_37,g_n40_e80_k3_mid_37_p4,train,0.05,4,64,2,0.03125
g_n40_e80_k3_mid_37,g_n40_e80_k3_mid_37_p4,train,0.1,8,64,6,0.09375
g_n40_e80_k3_mid_37,g_n40_e80_k3_mid_37_p4,train,0.15,12,64,17,0.265625
g_n40_e80_k3_mid_37,g_n40_e80_k3_mid_37_p8,train,0.05,4,64,0,0.0
g_n40_e80_k3_mid_37,g_n40_e80_k3_mid_37_p8,train,0.1,8,64,6,0.09375
g_n40_e80_k3_mid_37,g_n40_e80_k3_mid_37_p8,train,0.15,11,64,16,0.25
g_n40_e80_k3_mid_38,g_n40_e80_k3_mid_38_p0,test,0.05,4,64,0,0.0
g_n40_e80_k3_mid_38,g_n40_e80_k3_mid_38_p0,test,0.1,8,64,1,0.015625
g_n40_e80_k3_mid_38,g_n40_e80_k3_mid_38_p0,test,0.15,12,64,5,0.078125
g_n40_e80_k3_mid_38,g_n40_e80_k3_mid_38_p4,test,0.05,4,64,0,0.0
g_n40_e80_k3_mid_38,g_n40_e80_k3_mid_38_p4,test,0.1,8,64,2,0.03125
g_n40_e80_k3_mid_38,g_n40_e80_k3_mid_38_p4,test,0.15,12,64,9,0.140625
g_n40_e80_k3_mid_38,g_n40_e80_k3_mid_38_p8,test,0.05,4,64,0,0.0
g_n40_e80_k3_mid_38,g_n40_e80_k3_mid_38_p8,test,0.1,8,64,9,0.140625
g_n40_e80_k3_mid_38,g_n40_e80_k3_mid_38_p8,test,0.15,11,64,16,0.25
g_n40_e80_k3_mid_39,g_n40_e80_k3_mid_39_p0,test,0.05,4,64,0,0.0
g_n40_e80_k3_mid_39,g_n40_e80_k3_mid_39_p0,test,0.1,8,64,1,0.015625
g_n40_e80_k3_mid_39,g_n40_e80_k3_mid_39_p0,test,0.15,12,64,3,0.046875
g_n40_e80_k3_mid_39,g_n40_e80_k3_mid_39_p4,test,0.05,4,64,0,0.0
g_n40_e80_k3_mid_39,g_n40_e80_k3_mid_39_p4,test,0.1,8,64,5,0.078125
g_n40_e80_k3_mid_39,g_n40_e80_k3_mid_39_p4,test,0.15,12,64,13,0.203125
g_n40_e80_k3_mid_39,g_n40_e80_k3_mid_39_p8,test,0.05,4,64,0,0.0
g_n40_e80_k3_mid_39,g_n40_e80_k3_mid_39_p8,test,0.1,8,64,5,0.078125
g_n40_e80_k3_mid_39,g_n40_e80_k3_mid_39_p8,test,0.15,11,64,12,0.1875
g_n40_e80_k3_mid_40,g_n40_e80_k3_mid_40_p0,train,0.05,4,64,0,0.0
g_n40_e80_k3_mid_40,g_n40_e80_k3_mid_40_p0,train,0.1,8,64,2,0.03125
g_n40_e80_k3_mid_40,g_n40_e80_k3_mid_40_p0,train,0.15,12,64,7,0.109375
g_n40_e80_k3_mid_40,g_n40_e80_k3_mid_40_p4,train,0.05,4,64,1,0.015625
g_n40_e80_k3_mid_40,g_n40_e80_k3_mid_40_p4,train,0.1,8,64,7,0.109375
g_n40_e80_k3_mid_40,g_n40_e80_k3_mid_40_p4,train,0.15,12,64,10,0.15625
g_n40_e80_k3_mid_40,g_n40_e80_k3_mid_40_p8,train,0.05,4,64,0,0.0
g_n40_e80_k3_mid_40,g_n40_e80_k3_mid_40_p8,train,0.1,8,64,3,0.046875
g_n40_e80_k3_mid_40,g_n40_e80_k3_mid_40_p8,train,0.15,11,64,16,0.25
g_n40_e80_k3_mid_41,g_n40_e80_k3_mid_41_p0,test,0.05,4,64,0,0.0
g_n40_e80_k3_mid_41,g_n40_e80_k3_mid_41_p0,test,0.1,8,64,1,0.015625
g_n40_e80_k3_mid_41,g_n40_e80_k3_mid_41_p0,test,0.15,12,64,4,0.0625
g_n40_e80_k3_mid_41,g_n40_e80_k3_mid_41_p4,test,0.05,4,64,2,0.03125
g_n40_e80_k3_mid_41,g_n40_e80_k3_mid_41_p4,test,0.1,8,64,5,0.078125
g_n40_e80_k3_mid_41,g_n40_e80_k3_mid_41_p4,test,0.15,12,64,16,0.25
g_n40_e80_k3_mid_41,g_n40_e80_k3_mid_41_p8,test,0.05,4,64,1,0.015625
g_n40_e80_k3_mid_41,g_n40_e80_k3_mid_41_p8,test,0.1,8,64,3,0.046875
g_n40_e80_k3_mid_41,g_n40_e80_k3_mid_41_p8,test,0.15,11,64,9,0.140625
g_n40_e80_k3_mid_42,g_n40_e80_k3_mid_42_p0,validation,0.05,4,64,0,0.0
g_n40_e80_k3_mid_42,g_n40_e80_k3_mid_42_p0,validation,0.1,8,64,0,0.0
g_n40_e80_k3_mid_42,g_n40_e80_k3_mid_42_p0,validation,0.15,12,64,1,0.015625
g_n40_e80_k3_mid_42,g_n40_e80_k3_mid_42_p4,validation,0.05,4,64,0,0.0
g_n40_e80_k3_mid_42,g_n40_e80_k3_mid_42_p4,validation,0.1,8,64,1,0.015625
g_n40_e80_k3_mid_42,g_n40_e80_k3_mid_42_p4,validation,0.15,12,64,4,0.0625
g_n40_e80_k3_mid_42,g_n40_e80_k3_mid_42_p8,validation,0.05,4,64,0,0.0
g_n40_e80_k3_mid_42,g_n40_e80_k3_mid_42_p8,validation,0.1,8,64,3,0.046875
g_n40_e80_k3_mid_42,g_n40_e80_k3_mid_42_p8,validation,0.15,11,64,5,0.078125
g_n40_e80_k3_mid_43,g_n40_e80_k3_mid_43_p0,train,0.05,4,64,0,0.0
g_n40_e80_k3_mid_43,g_n40_e80_k3_mid_43_p0,train,0.1,8,64,0,0.0
g_n40_e80_k3_mid_43,g_n40_e80_k3_mid_43_p0,train,0.15,12,64,0,0.0
g_n40_e80_k3_mid_43,g_n40_e80_k3_mid_43_p4,train,0.05,4,64,0,0.0
g_n40_e80_k3_mid_43,g_n40_e80_k3_mid_43_p4,train,0.1,8,64,3,0.046875
g_n40_e80_k3_mid_43,g_n40_e80_k3_mid_43_p4,train,0.15,12,64,8,0.125
g_n40_e80_k3_mid_43,g_n40_e80_k3_mid_43_p8,train,0.05,4,64,3,0.046875
g_n40_e80_k3_mid_43,g_n40_e80_k3_mid_43_p8,train,0.1,8,64,5,0.078125
g_n40_e80_k3_mid_43,g_n40_e80_k3_mid_43_p8,train,0.15,11,64,13,0.203125
g_n40_e80_k3_mid_44,g_n40_e80_k3_mid_44_p0,train,0.05,4,64,0,0.0
g_n40_e80_k3_mid_44,g_n40_e80_k3_mid_44_p0,train,0.1,8,64,1,0.015625
g_n40_e80_k3_mid_44,g_n40_e80_k3_mid_44_p0,train,0.15,12,64,3,0.046875
g_n40_e80_k3_mid_44,g_n40_e80_k3_mid_44_p4,train,0.05,4,64,1,0.015625
g_n40_e80_k3_mid_44,g_n40_e80_k3_mid_44_p4,train,0.1,8,64,1,0.015625
g_n40_e80_k3_mid_44,g_n40_e80_k3_mid_44_p4,train,0.15,12,64,7,0.109375
g_n40_e80_k3_mid_44,g_n40_e80_k3_mid_44_p8,train,0.05,4,64,0,0.0
g_n40_e80_k3_mid_44,g_n40_e80_k3_mid_44_p8,train,0.1,8,64,2,0.03125
g_n40_e80_k3_mid_44,g_n40_e80_k3_mid_44_p8,train,0.15,11,64,9,0.140625
g_n40_e80_k3_mid_45,g_n40_e80_k3_mid_45_p0,train,0.05,4,64,0,0.0
g_n40_e80_k3_mid_45,g_n40_e80_k3_mid_45_p0,train,0.1,8,64,0,0.0
g_n40_e80_k3_mid_45,g_n40_e80_k3_mid_45_p0,train,0.15,12,64,2,0.03125
g_n40_e80_k3_mid_45,g_n40_e80_k3_mid_45_p4,train,0.05,4,64,0,0.0
g_n40_e80_k3_mid_45,g_n40_e80_k3_mid_45_p4,train,0.1,8,64,2,0.03125
g_n40_e80_k3_mid_45,g_n40_e80_k3_mid_45_p4,train,0.15,12,64,4,0.0625
g_n40_e80_k3_mid_45,g_n40_e80_k3_mid_45_p8,train,0.05,4,64,0,0.0
g_n40_e80_k3_mid_45,g_n40_e80_k3_mid_45_p8,train,0.1,8,64,2,0.03125
g_n40_e80_k3_mid_45,g_n40_e80_k3_mid_45_p8,train,0.15,11,64,14,0.21875
g_n40_e80_k3_mid_46,g_n40_e80_k3_mid_46_p0,train,0.05,4,64,0,0.0
g_n40_e80_k3_mid_46,g_n40_e80_k3_mid_46_p0,train,0.1,8,64,0,0.0
g_n40_e80_k3_mid_46,g_n40_e80_k3_mid_46_p0,train,0.15,12,64,2,0.03125
g_n40_e80_k3_mid_46,g_n40_e80_k3_mid_46_p4,train,0.05,4,64,0,0.0
g_n40_e80_k3_mid_46,g_n40_e80_k3_mid_46_p4,train,0.1,8,64,2,0.03125
g_n40_e80_k3_mid_46,g_n40_e80_k3_mid_46_p4,train,0.15,12,64,6,0.09375
g_n40_e80_k3_mid_46,g_n40_e80_k3_mid_46_p8,train,0.05,4,64,0,0.0
g_n40_e80_k3_mid_46,g_n40_e80_k3_mid_46_p8,train,0.1,8,64,6,0.09375
g_n40_e80_k3_mid_46,g_n40_e80_k3_mid_46_p8,train,0.15,11,64,16,0.25
g_n40_e80_k3_mid_47,g_n40_e80_k3_mid_47_p0,train,0.05,4,64,0,0.0
g_n40_e80_k3_mid_47,g_n40_e80_k3_mid_47_p0,train,0.1,8,64,0,0.0
g_n40_e80_k3_mid_47,g_n40_e80_k3_mid_47_p0,train,0.15,12,64,2,0.03125
g_n40_e80_k3_mid_47,g_n40_e80_k3_mid_47_p4,train,0.05,4,64,0,0.0
g_n40_e80_k3_mid_47,g_n40_e80_k3_mid_47_p4,train,0.1,8,64,4,0.0625
g_n40_e80_k3_mid_47,g_n40_e80_k3_mid_47_p4,train,0.15,12,64,5,0.078125
g_n40_e80_k3_mid_47,g_n40_e80_k3_mid_47_p8,train,0.05,4,64,0,0.0
g_n40_e80_k3_mid_47,g_n40_e80_k3_mid_47_p8,train,0.1,8,64,2,0.03125
g_n40_e80_k3_mid_47,g_n40_e80_k3_mid_47_p8,train,0.15,11,64,8,0.125
g_n40_e80_k3_mid_48,g_n40_e80_k3_mid_48_p0,train,0.05,4,64,0,0.0
g_n40_e80_k3_mid_48,g_n40_e80_k3_mid_48_p0,train,0.1,8,64,3,0.046875
g_n40_e80_k3_mid_48,g_n40_e80_k3_mid_48_p0,train,0.15,12,64,6,0.09375
g_n40_e80_k3_mid_48,g_n40_e80_k3_mid_48_p4,train,0.05,4,64,1,0.015625
g_n40_e80_k3_mid_48,g_n40_e80_k3_mid_48_p4,train,0.1,8,64,3,0.046875
g_n40_e80_k3_mid_48,g_n40_e80_k3_mid_48_p4,train,0.15,12,64,6,0.09375
g_n40_e80_k3_mid_48,g_n40_e80_k3_mid_48_p8,train,0.05,4,64,0,0.0
g_n40_e80_k3_mid_48,g_n40_e80_k3_mid_48_p8,train,0.1,8,64,3,0.046875
g_n40_e80_k3_mid_48,g_n40_e80_k3_mid_48_p8,train,0.15,11,64,7,0.109375
g_n40_e80_k3_mid_49,g_n40_e80_k3_mid_49_p0,train,0.05,4,64,0,0.0
g_n40_e80_k3_mid_49,g_n40_e80_k3_mid_49_p0,train,0.1,8,64,1,0.015625
g_n40_e80_k3_mid_49,g_n40_e80_k3_mid_49_p0,train,0.15,12,64,4,0.0625
g_n40_e80_k3_mid_49,g_n40_e80_k3_mid_49_p4,train,0.05,4,64,2,0.03125
g_n40_e80_k3_mid_49,g_n40_e80_k3_mid_49_p4,train,0.1,8,64,11,0.171875
g_n40_e80_k3_mid_49,g_n40_e80_k3_mid_49_p4,train,0.15,12,64,23,0.359375
g_n40_e80_k3_mid_50,g_n40_e80_k3_mid_50_p0,train,0.05,4,64,0,0.0
g_n40_e80_k3_mid_50,g_n40_e80_k3_mid_50_p0,train,0.1,8,64,2,0.03125
g_n40_e80_k3_mid_50,g_n40_e80_k3_mid_50_p0,train,0.15,12,64,3,0.046875
g_n40_e80_k3_mid_50,g_n40_e80_k3_mid_50_p4,train,0.05,4,64,6,0.09375
g_n40_e80_k3_mid_50,g_n40_e80_k3_mid_50_p4,train,0.1,8,64,11,0.171875
g_n40_e80_k3_mid_50,g_n40_e80_k3_mid_50_p4,train,0.15,12,64,17,0.265625
g_n40_e80_k3_mid_50,g_n40_e80_k3_mid_50_p8,train,0.05,4,64,0,0.0
g_n40_e80_k3_mid_50,g_n40_e80_k3_mid_50_p8,train,0.1,8,64,5,0.078125
g_n40_e80_k3_mid_50,g_n40_e80_k3_mid_50_p8,train,0.15,11,64,13,0.203125
g_n40_e80_k3_mid_51,g_n40_e80_k3_mid_51_p0,train,0.05,4,64,0,0.0
g_n40_e80_k3_mid_51,g_n40_e80_k3_mid_51_p0,train,0.1,8,64,1,0.015625
g_n40_e80_k3_mid_51,g_n40_e80_k3_mid_51_p0,train,0.15,12,64,6,0.09375
g_n40_e80_k3_mid_51,g_n40_e80_k3_mid_51_p4,train,0.05,4,64,1,0.015625
g_n40_e80_k3_mid_51,g_n40_e80_k3_mid_51_p4,train,0.1,8,64,5,0.078125
g_n40_e80_k3_mid_51,g_n40_e80_k3_mid_51_p4,train,0.15,12,64,9,0.140625
g_n40_e80_k3_mid_51,g_n40_e80_k3_mid_51_p8,train,0.05,4,64,0,0.0
g_n40_e80_k3_mid_51,g_n40_e80_k3_mid_51_p8,train,0.1,8,64,3,0.046875
g_n40_e80_k3_mid_51,g_n40_e80_k3_mid_51_p8,train,0.15,11,64,5,0.078125
g_n40_e80_k3_mid_52,g_n40_e80_k3_mid_52_p0,test,0.05,4,64,0,0.0
g_n40_e80_k3_mid_52,g_n40_e80_k3_mid_52_p0,test,0.1,8,64,0,0.0
g_n40_e80_k3_mid_52,g_n40_e80_k3_mid_52_p0,test,0.15,12,64,3,0.046875
g_n40_e80_k3_mid_52,g_n40_e80_k3_mid_52_p4,test,0.05,4,64,3,0.046875
g_n40_e80_k3_mid_52,g_n40_e80_k3_mid_52_p4,test,0.1,8,64,7,0.109375
g_n40_e80_k3_mid_52,g_n40_e80_k3_mid_52_p4,test,0.15,12,64,12,0.1875
g_n40_e80_k3_mid_52,g_n40_e80_k3_mid_52_p8,test,0.05,4,64,1,0.015625
g_n40_e80_k3_mid_52,g_n40_e80_k3_mid_52_p8,test,0.1,8,64,3,0.046875
g_n40_e80_k3_mid_52,g_n40_e80_k3_mid_52_p8,test,0.15,11,64,6,0.09375
g_n40_e80_k3_mid_53,g_n40_e80_k3_mid_53_p0,test,0.05,4,64,0,0.0
g_n40_e80_k3_mid_53,g_n40_e80_k3_mid_53_p0,test,0.1,8,64,4,0.0625
g_n40_e80_k3_mid_53,g_n40_e80_k3_mid_53_p0,test,0.15,12,64,7,0.109375
g_n40_e80_k3_mid_53,g_n40_e80_k3_mid_53_p4,test,0.05,4,64,3,0.046875
g_n40_e80_k3_mid_53,g_n40_e80_k3_mid_53_p4,test,0.1,8,64,8,0.125
g_n40_e80_k3_mid_53,g_n40_e80_k3_mid_53_p4,test,0.15,12,64,13,0.203125
g_n40_e80_k3_mid_53,g_n40_e80_k3_mid_53_p8,test,0.05,4,64,2,0.03125
g_n40_e80_k3_mid_53,g_n40_e80_k3_mid_53_p8,test,0.1,8,64,2,0.03125
g_n40_e80_k3_mid_53,g_n40_e80_k3_mid_53_p8,test,0.15,11,64,9,0.140625
g_n40_e80_k3_mid_54,g_n40_e80_k3_mid_54_p0,train,0.05,4,64,0,0.0
g_n40_e80_k3_mid_54,g_n40_e80_k3_mid_54_p0,train,0.1,8,64,0,0.0
g_n40_e80_k3_mid_54,g_n40_e80_k3_mid_54_p0,train,0.15,12,64,5,0.078125
g_n40_e80_k3_mid_54,g_n40_e80_k3_mid_54_p4,train,0.05,4,64,0,0.0
g_n40_e80_k3_mid_54,g_n40_e80_k3_mid_54_p4,train,0.1,8,64,3,0.046875
g_n40_e80_k3_mid_54,g_n40_e80_k3_mid_54_p4,train,0.15,12,64,9,0.140625
g_n40_e80_k3_mid_54,g_n40_e80_k3_mid_54_p8,train,0.05,4,64,1,0.015625
g_n40_e80_k3_mid_54,g_n40_e80_k3_mid_54_p8,train,0.1,8,64,5,0.078125
g_n40_e80_k3_mid_54,g_n40_e80_k3_mid_54_p8,train,0.15,11,64,13,0.203125
g_n40_e80_k3_mid_55,g_n40_e80_k3_mid_55_p0,train,0.05,4,64,0,0.0
g_n40_e80_k3_mid_55,g_n40_e80_k3_mid_55_p0,train,0.1,8,64,1,0.015625
g_n40_e80_k3_mid_55,g_n40_e80_k3_mid_55_p0,train,0.15,12,64,3,0.046875
g_n40_e80_k3_mid_55,g_n40_e80_k3_mid_55_p4,train,0.05,4,64,0,0.0
g_n40_e80_k3_mid_55,g_n40_e80_k3_mid_55_p4,train,0.1,8,64,2,0.03125
g_n40_e80_k3_mid_55,g_n40_e80_k3_mid_55_p4,train,0.15,12,64,5,0.078125
g_n40_e80_k3_mid_55,g_n40_e80_k3_mid_55_p8,train,0.05,4,64,1,0.015625
g_n40_e80_k3_mid_55,g_n40_e80_k3_mid_55_p8,train,0.1,8,64,8,0.125
g_n40_e80_k3_mid_55,g_n40_e80_k3_mid_55_p8,train,0.15,11,64,17,0.265625
g_n40_e80_k3_mid_56,g_n40_e80_k3_mid_56_p0,train,0.05,4,64,0,0.0
g_n40_e80_k3_mid_56,g_n40_e80_k3_mid_56_p0,train,0.1,8,64,0,0.0
g_n40_e80_k3_mid_56,g_n40_e80_k3_mid_56_p0,train,0.15,12,64,2,0.03125
g_n40_e80_k3_mid_56,g_n40_e80_k3_mid_56_p4,train,0.05,4,64,0,0.0
g_n40_e80_k3_mid_56,g_n40_e80_k3_mid_56_p4,train,0.1,8,64,3,0.046875
g_n40_e80_k3_mid_56,g_n40_e80_k3_mid_56_p4,train,0.15,12,64,14,0.21875
g_n40_e80_k3_mid_56,g_n40_e80_k3_mid_56_p8,train,0.05,4,64,0,0.0
g_n40_e80_k3_mid_56,g_n40_e80_k3_mid_56_p8,train,0.1,8,64,1,0.015625
g_n40_e80_k3_mid_56,g_n40_e80_k3_mid_56_p8,train,0.15,11,64,4,0.0625
g_n40_e80_k3_mid_57,g_n40_e80_k3_mid_57_p0,validation,0.05,4,64,0,0.0
g_n40_e80_k3_mid_57,g_n40_e80_k3_mid_57_p0,validation,0.1,8,64,1,0.015625
g_n40_e80_k3_mid_57,g_n40_e80_k3_mid_57_p0,validation,0.15,12,64,4,0.0625
g_n40_e80_k3_mid_57,g_n40_e80_k3_mid_57_p4,validation,0.05,4,64,1,0.015625
g_n40_e80_k3_mid_57,g_n40_e80_k3_mid_57_p4,validation,0.1,8,64,2,0.03125
g_n40_e80_k3_mid_57,g_n40_e80_k3_mid_57_p4,validation,0.15,12,64,8,0.125
g_n40_e80_k3_mid_57,g_n40_e80_k3_mid_57_p8,validation,0.05,4,64,3,0.046875
g_n40_e80_k3_mid_57,g_n40_e80_k3_mid_57_p8,validation,0.1,8,64,6,0.09375
g_n40_e80_k3_mid_57,g_n40_e80_k3_mid_57_p8,validation,0.15,11,64,18,0.28125
g_n40_e80_k3_mid_58,g_n40_e80_k3_mid_58_p0,train,0.05,4,64,0,0.0
g_n40_e80_k3_mid_58,g_n40_e80_k3_mid_58_p0,train,0.1,8,64,0,0.0
g_n40_e80_k3_mid_58,g_n40_e80_k3_mid_58_p0,train,0.15,12,64,2,0.03125
g_n40_e80_k3_mid_58,g_n40_e80_k3_mid_58_p4,train,0.05,4,64,2,0.03125
g_n40_e80_k3_mid_58,g_n40_e80_k3_mid_58_p4,train,0.1,8,64,5,0.078125
g_n40_e80_k3_mid_58,g_n40_e80_k3_mid_58_p4,train,0.15,12,64,8,0.125
g_n40_e80_k3_mid_58,g_n40_e80_k3_mid_58_p8,train,0.05,4,64,1,0.015625
g_n40_e80_k3_mid_58,g_n40_e80_k3_mid_58_p8,train,0.1,8,64,6,0.09375
g_n40_e80_k3_mid_58,g_n40_e80_k3_mid_58_p8,train,0.15,11,64,12,0.1875
g_n40_e80_k3_mid_59,g_n40_e80_k3_mid_59_p0,validation,0.05,4,64,0,0.0
g_n40_e80_k3_mid_59,g_n40_e80_k3_mid_59_p0,validation,0.1,8,64,2,0.03125
g_n40_e80_k3_mid_59,g_n40_e80_k3_mid_59_p0,validation,0.15,12,64,5,0.078125
g_n40_e80_k3_mid_59,g_n40_e80_k3_mid_59_p4,validation,0.05,4,64,1,0.015625
g_n40_e80_k3_mid_59,g_n40_e80_k3_mid_59_p4,validation,0.1,8,64,5,0.078125
g_n40_e80_k3_mid_59,g_n40_e80_k3_mid_59_p4,validation,0.15,12,64,10,0.15625
g_n40_e80_k3_mid_59,g_n40_e80_k3_mid_59_p8,validation,0.05,4,64,4,0.0625
g_n40_e80_k3_mid_59,g_n40_e80_k3_mid_59_p8,validation,0.1,8,64,12,0.1875
g_n40_e80_k3_mid_59,g_n40_e80_k3_mid_59_p8,validation,0.15,11,64,19,0.296875
g_n40_e80_k3_high_60,g_n40_e80_k3_high_60_p0,train,0.05,4,64,0,0.0
g_n40_e80_k3_high_60,g_n40_e80_k3_high_60_p0,train,0.1,8,64,2,0.03125
g_n40_e80_k3_high_60,g_n40_e80_k3_high_60_p0,train,0.15,12,64,4,0.0625
g_n40_e80_k3_high_60,g_n40_e80_k3_high_60_p4,train,0.05,4,64,1,0.015625
g_n40_e80_k3_high_60,g_n40_e80_k3_high_60_p4,train,0.1,8,64,3,0.046875
g_n40_e80_k3_high_60,g_n40_e80_k3_high_60_p4,train,0.15,12,64,7,0.109375
g_n40_e80_k3_high_60,g_n40_e80_k3_high_60_p8,train,0.05,4,64,13,0.203125
g_n40_e80_k3_high_60,g_n40_e80_k3_high_60_p8,train,0.1,8,64,18,0.28125
g_n40_e80_k3_high_60,g_n40_e80_k3_high_60_p8,train,0.15,11,64,29,0.453125
g_n40_e80_k3_high_61,g_n40_e80_k3_high_61_p0,validation,0.05,4,64,0,0.0
g_n40_e80_k3_high_61,g_n40_e80_k3_high_61_p0,validation,0.1,8,64,0,0.0
g_n40_e80_k3_high_61,g_n40_e80_k3_high_61_p0,validation,0.15,12,64,1,0.015625
g_n40_e80_k3_high_61,g_n40_e80_k3_high_61_p4,validation,0.05,4,64,0,0.0
g_n40_e80_k3_high_61,g_n40_e80_k3_high_61_p4,validation,0.1,8,64,4,0.0625
g_n40_e80_k3_high_61,g_n40_e80_k3_high_61_p4,validation,0.15,12,64,8,0.125
g_n40_e80_k3_high_61,g_n40_e80_k3_high_61_p8,validation,0.05,4,64,0,0.0
g_n40_e80_k3_high_61,g_n40_e80_k3_high_61_p8,validation,0.1,8,64,2,0.03125
g_n40_e80_k3_high_61,g_n40_e80_k3_high_61_p8,validation,0.15,11,64,7,0.109375
g_n40_e80_k3_high_62,g_n40_e80_k3_high_62_p0,train,0.05,4,64,0,0.0
g_n40_e80_k3_high_62,g_n40_e80_k3_high_62_p0,train,0.1,8,64,0,0.0
g_n40_e80_k3_high_62,g_n40_e80_k3_high_62_p0,train,0.15,12,64,3,0.046875
g_n40_e80_k3_high_62,g_n40_e80_k3_high_62_p4,train,0.05,4,64,0,0.0
g_n40_e80_k3_high_62,g_n40_e80_k3_high_62_p4,train,0.1,8,64,1,0.015625
g_n40_e80_k3_high_62,g_n40_e80_k3_high_62_p4,train,0.15,12,64,3,0.046875
g_n40_e80_k3_high_62,g_n40_e80_k3_high_62_p8,train,0.05,4,64,11,0.171875
g_n40_e80_k3_high_62,g_n40_e80_k3_high_62_p8,train,0.1,8,64,20,0.3125
g_n40_e80_k3_high_62,g_n40_e80_k3_high_62_p8,train,0.15,11,64,30,0.46875
g_n40_e80_k3_high_63,g_n40_e80_k3_high_63_p0,train,0.05,4,64,0,0.0
g_n40_e80_k3_high_63,g_n40_e80_k3_high_63_p0,train,0.1,8,64,1,0.015625
g_n40_e80_k3_high_63,g_n40_e80_k3_high_63_p0,train,0.15,12,64,3,0.046875
g_n40_e80_k3_high_63,g_n40_e80_k3_high_63_p4,train,0.05,4,64,2,0.03125
g_n40_e80_k3_high_63,g_n40_e80_k3_high_63_p4,train,0.1,8,64,7,0.109375
g_n40_e80_k3_high_63,g_n40_e80_k3_high_63_p4,train,0.15,12,64,15,0.234375
g_n40_e80_k3_high_63,g_n40_e80_k3_high_63_p8,train,0.05,4,64,2,0.03125
g_n40_e80_k3_high_63,g_n40_e80_k3_high_63_p8,train,0.1,8,64,10,0.15625
g_n40_e80_k3_high_63,g_n40_e80_k3_high_63_p8,train,0.15,11,64,16,0.25
g_n40_e80_k3_high_64,g_n40_e80_k3_high_64_p0,test,0.05,4,64,0,0.0
g_n40_e80_k3_high_64,g_n40_e80_k3_high_64_p0,test,0.1,8,64,0,0.0
g_n40_e80_k3_high_64,g_n40_e80_k3_high_64_p0,test,0.15,12,64,1,0.015625
g_n40_e80_k3_high_64,g_n40_e80_k3_high_64_p4,test,0.05,4,64,1,0.015625
g_n40_e80_k3_high_64,g_n40_e80_k3_high_64_p4,test,0.1,8,64,1,0.015625
g_n40_e80_k3_high_64,g_n40_e80_k3_high_64_p4,test,0.15,12,64,6,0.09375
g_n40_e80_k3_high_64,g_n40_e80_k3_high_64_p8,test,0.05,4,64,8,0.125
g_n40_e80_k3_high_64,g_n40_e80_k3_high_64_p8,test,0.1,8,64,17,0.265625
g_n40_e80_k3_high_64,g_n40_e80_k3_high_64_p8,test,0.15,11,64,22,0.34375
g_n40_e80_k3_high_65,g_n40_e80_k3_high_65_p0,validation,0.05,4,64,0,0.0
g_n40_e80_k3_high_65,g_n40_e80_k3_high_65_p0,validation,0.1,8,64,0,0.0
g_n40_e80_k3_high_65,g_n40_e80_k3_high_65_p0,validation,0.15,12,64,1,0.015625
g_n40_e80_k3_high_65,g_n40_e80_k3_high_65_p4,validation,0.05,4,64,1,0.015625
g_n40_e80_k3_high_65,g_n40_e80_k3_high_65_p4,validation,0.1,8,64,3,0.046875
g_n40_e80_k3_high_65,g_n40_e80_k3_high_65_p4,validation,0.15,12,64,12,0.1875
g_n40_e80_k3_high_65,g_n40_e80_k3_high_65_p8,validation,0.05,4,64,1,0.015625
g_n40_e80_k3_high_65,g_n40_e80_k3_high_65_p8,validation,0.1,8,64,7,0.109375
g_n40_e80_k3_high_65,g_n40_e80_k3_high_65_p8,validation,0.15,11,64,17,0.265625
g_n40_e80_k3_high_66,g_n40_e80_k3_high_66_p0,train,0.05,4,64,0,0.0
g_n40_e80_k3_high_66,g_n40_e80_k3_high_66_p0,train,0.1,8,64,0,0.0
g_n40_e80_k3_high_66,g_n40_e80_k3_high_66_p0,train,0.15,12,64,3,0.046875
g_n40_e80_k3_high_66,g_n40_e80_k3_high_66_p4,train,0.05,4,64,0,0.0
g_n40_e80_k3_high_66,g_n40_e80_k3_high_66_p4,train,0.1,8,64,4,0.0625
g_n40_e80_k3_high_66,g_n40_e80_k3_high_66_p4,train,0.15,12,64,9,0.140625
g_n40_e80_k3_high_66,g_n40_e80_k3_high_66_p8,train,0.05,4,64,1,0.015625
g_n40_e80_k3_high_66,g_n40_e80_k3_high_66_p8,train,0.1,8,64,6,0.09375
g_n40_e80_k3_high_66,g_n40_e80_k3_high_66_p8,train,0.15,11,64,19,0.296875
g_n40_e80_k3_high_67,g_n40_e80_k3_high_67_p0,train,0.05,4,64,0,0.0
g_n40_e80_k3_high_67,g_n40_e80_k3_high_67_p0,train,0.1,8,64,0,0.0
g_n40_e80_k3_high_67,g_n40_e80_k3_high_67_p0,train,0.15,12,64,3,0.046875
g_n40_e80_k3_high_67,g_n40_e80_k3_high_67_p4,train,0.05,4,64,0,0.0
g_n40_e80_k3_high_67,g_n40_e80_k3_high_67_p4,train,0.1,8,64,1,0.015625
g_n40_e80_k3_high_67,g_n40_e80_k3_high_67_p4,train,0.15,12,64,4,0.0625
g_n40_e80_k3_high_67,g_n40_e80_k3_high_67_p8,train,0.05,4,64,6,0.09375
g_n40_e80_k3_high_67,g_n40_e80_k3_high_67_p8,train,0.1,8,64,16,0.25
g_n40_e80_k3_high_67,g_n40_e80_k3_high_67_p8,train,0.15,11,64,23,0.359375
g_n40_e80_k3_high_68,g_n40_e80_k3_high_68_p0,test,0.05,4,64,0,0.0
g_n40_e80_k3_high_68,g_n40_e80_k3_high_68_p0,test,0.1,8,64,1,0.015625
g_n40_e80_k3_high_68,g_n40_e80_k3_high_68_p0,test,0.15,12,64,4,0.0625
g_n40_e80_k3_high_68,g_n40_e80_k3_high_68_p4,test,0.05,4,64,1,0.015625
g_n40_e80_k3_high_68,g_n40_e80_k3_high_68_p4,test,0.1,8,64,2,0.03125
g_n40_e80_k3_high_68,g_n40_e80_k3_high_68_p4,test,0.15,12,64,5,0.078125
g_n40_e80_k3_high_68,g_n40_e80_k3_high_68_p8,test,0.05,4,64,0,0.0
g_n40_e80_k3_high_68,g_n40_e80_k3_high_68_p8,test,0.1,8,64,2,0.03125
g_n40_e80_k3_high_68,g_n40_e80_k3_high_68_p8,test,0.15,11,64,7,0.109375
g_n40_e80_k3_high_69,g_n40_e80_k3_high_69_p0,train,0.05,4,64,0,0.0
g_n40_e80_k3_high_69,g_n40_e80_k3_high_69_p0,train,0.1,8,64,0,0.0
g_n40_e80_k3_high_69,g_n40_e80_k3_high_69_p0,train,0.15,12,64,0,0.0
g_n40_e80_k3_high_69,g_n40_e80_k3_high_69_p4,train,0.05,4,64,0,0.0
g_n40_e80_k3_high_69,g_n40_e80_k3_high_69_p4,train,0.1,8,64,2,0.03125
g_n40_e80_k3_high_69,g_n40_e80_k3_high_69_p4,train,0.15,12,64,6,0.09375
g_n40_e80_k3_high_69,g_n40_e80_k3_high_69_p8,train,0.05,4,64,7,0.109375
g_n40_e80_k3_high_69,g_n40_e80_k3_high_69_p8,train,0.1,8,64,16,0.25
g_n40_e80_k3_high_69,g_n40_e80_k3_high_69_p8,train,0.15,11,64,20,0.3125
g_n40_e80_k3_high_70,g_n40_e80_k3_high_70_p0,train,0.05,4,64,1,0.015625
g_n40_e80_k3_high_70,g_n40_e80_k3_high_70_p0,train,0.1,8,64,2,0.03125
g_n40_e80_k3_high_70,g_n40_e80_k3_high_70_p0,train,0.15,12,64,5,0.078125
g_n40_e80_k3_high_70,g_n40_e80_k3_high_70_p4,train,0.05,4,64,1,0.015625
g_n40_e80_k3_high_70,g_n40_e80_k3_high_70_p4,train,0.1,8,64,1,0.015625
g_n40_e80_k3_high_70,g_n40_e80_k3_high_70_p4,train,0.15,12,64,6,0.09375
g_n40_e80_k3_high_70,g_n40_e80_k3_high_70_p8,train,0.05,4,64,0,0.0
g_n40_e80_k3_high_70,g_n40_e80_k3_high_70_p8,train,0.1,8,64,1,0.015625
g_n40_e80_k3_high_70,g_n40_e80_k3_high_70_p8,train,0.15,11,64,3,0.046875
g_n40_e80_k3_high_71,g_n40_e80_k3_high_71_p0,train,0.05,4,64,0,0.0
g_n40_e80_k3_high_71,g_n40_e80_k3_high_71_p0,train,0.1,8,64,0,0.0
g_n40_e80_k3_high_71,g_n40_e80_k3_high_71_p0,train,0.15,12,64,2,0.03125
g_n40_e80_k3_high_71,g_n40_e80_k3_high_71_p4,train,0.05,4,64,1,0.015625
g_n40_e80_k3_high_71,g_n40_e80_k3_high_71_p4,train,0.1,8,64,2,0.03125
g_n40_e80_k3_high_71,g_n40_e80_k3_high_71_p4,train,0.15,12,64,3,0.046875
g_n40_e80_k3_high_71,g_n40_e80_k3_high_71_p8,train,0.05,4,64,8,0.125
g_n40_e80_k3_high_71,g_n40_e80_k3_high_71_p8,train,0.1,8,64,12,0.1875
g_n40_e80_k3_high_71,g_n40_e80_k3_high_71_p8,train,0.15,11,64,19,0.296875
g_n40_e80_k3_high_72,g_n40_e80_k3_high_72_p0,validation,0.05,4,64,0,0.0
g_n40_e80_k3_high_72,g_n40_e80_k3_high_72_p0,validation,0.1,8,64,0,0.0
g_n40_e80_k3_high_72,g_n40_e80_k3_high_72_p0,validation,0.15,12,64,4,0.0625
g_n40_e80_k3_high_72,g_n40_e80_k3_high_72_p4,validation,0.05,4,64,1,0.015625
g_n40_e80_k3_high_72,g_n40_e80_k3_high_72_p4,validation,0.1,8,64,4,0.0625
g_n40_e80_k3_high_72,g_n40_e80_k3_high_72_p4,validation,0.15,12,64,7,0.109375
g_n40_e80_k3_high_72,g_n40_e80_k3_high_72_p8,validation,0.05,4,64,1,0.015625
g_n40_e80_k3_high_72,g_n40_e80_k3_high_72_p8,validation,0.1,8,64,4,0.0625
g_n40_e80_k3_high_72,g_n40_e80_k3_high_72_p8,validation,0.15,11,64,10,0.15625
g_n40_e80_k3_high_73,g_n40_e80_k3_high_73_p0,test,0.05,4,64,0,0.0
g_n40_e80_k3_high_73,g_n40_e80_k3_high_73_p0,test,0.1,8,64,2,0.03125
g_n40_e80_k3_high_73,g_n40_e80_k3_high_73_p0,test,0.15,12,64,4,0.0625
g_n40_e80_k3_high_73,g_n40_e80_k3_high_73_p4,test,0.05,4,64,0,0.0
g_n40_e80_k3_high_73,g_n40_e80_k3_high_73_p4,test,0.1,8,64,1,0.015625
g_n40_e80_k3_high_73,g_n40_e80_k3_high_73_p4,test,0.15,12,64,7,0.109375
g_n40_e80_k3_high_73,g_n40_e80_k3_high_73_p8,test,0.05,4,64,4,0.0625
g_n40_e80_k3_high_73,g_n40_e80_k3_high_73_p8,test,0.1,8,64,11,0.171875
g_n40_e80_k3_high_73,g_n40_e80_k3_high_73_p8,test,0.15,11,64,19,0.296875
g_n40_e80_k3_high_74,g_n40_e80_k3_high_74_p0,test,0.05,4,64,0,0.0
g_n40_e80_k3_high_74,g_n40_e80_k3_high_74_p0,test,0.1,8,64,0,0.0
g_n40_e80_k3_high_74,g_n40_e80_k3_high_74_p0,test,0.15,12,64,2,0.03125
g_n40_e80_k3_high_74,g_n40_e80_k3_high_74_p4,test,0.05,4,64,0,0.0
g_n40_e80_k3_high_74,g_n40_e80_k3_high_74_p4,test,0.1,8,64,1,0.015625
g_n40_e80_k3_high_74,g_n40_e80_k3_high_74_p4,test,0.15,12,64,10,0.15625
g_n40_e80_k3_high_74,g_n40_e80_k3_high_74_p8,test,0.05,4,64,0,0.0
g_n40_e80_k3_high_74,g_n40_e80_k3_high_74_p8,test,0.1,8,64,5,0.078125
g_n40_e80_k3_high_74,g_n40_e80_k3_high_74_p8,test,0.15,11,64,7,0.109375
g_n40_e80_k3_high_75,g_n40_e80_k3_high_75_p0,validation,0.05,4,64,0,0.0
g_n40_e80_k3_high_75,g_n40_e80_k3_high_75_p0,validation,0.1,8,64,1,0.015625
g_n40_e80_k3_high_75,g_n40_e80_k3_high_75_p0,validation,0.15,12,64,3,0.046875
g_n40_e80_k3_high_75,g_n40_e80_k3_high_75_p4,validation,0.05,4,64,4,0.0625
g_n40_e80_k3_high_75,g_n40_e80_k3_high_75_p4,validation,0.1,8,64,10,0.15625
g_n40_e80_k3_high_75,g_n40_e80_k3_high_75_p4,validation,0.15,12,64,15,0.234375
g_n40_e80_k3_high_75,g_n40_e80_k3_high_75_p8,validation,0.05,4,64,4,0.0625
g_n40_e80_k3_high_75,g_n40_e80_k3_high_75_p8,validation,0.1,8,64,7,0.109375
g_n40_e80_k3_high_75,g_n40_e80_k3_high_75_p8,validation,0.15,11,64,9,0.140625
g_n40_e80_k3_high_76,g_n40_e80_k3_high_76_p0,train,0.05,4,64,0,0.0
g_n40_e80_k3_high_76,g_n40_e80_k3_high_76_p0,train,0.1,8,64,0,0.0
g_n40_e80_k3_high_76,g_n40_e80_k3_high_76_p0,train,0.15,12,64,6,0.09375
g_n40_e80_k3_high_76,g_n40_e80_k3_high_76_p4,train,0.05,4,64,0,0.0
g_n40_e80_k3_high_76,g_n40_e80_k3_high_76_p4,train,0.1,8,64,1,0.015625
g_n40_e80_k3_high_76,g_n40_e80_k3_high_76_p4,train,0.15,12,64,4,0.0625
g_n40_e80_k3_high_76,g_n40_e80_k3_high_76_p8,train,0.05,4,64,1,0.015625
g_n40_e80_k3_high_76,g_n40_e80_k3_high_76_p8,train,0.1,8,64,12,0.1875
g_n40_e80_k3_high_76,g_n40_e80_k3_high_76_p8,train,0.15,11,64,22,0.34375
g_n40_e80_k3_high_77,g_n40_e80_k3_high_77_p0,train,0.05,4,64,0,0.0
g_n40_e80_k3_high_77,g_n40_e80_k3_high_77_p0,train,0.1,8,64,0,0.0
g_n40_e80_k3_high_77,g_n40_e80_k3_high_77_p0,train,0.15,12,64,0,0.0
g_n40_e80_k3_high_77,g_n40_e80_k3_high_77_p4,train,0.05,4,64,1,0.015625
g_n40_e80_k3_high_77,g_n40_e80_k3_high_77_p4,train,0.1,8,64,6,0.09375
g_n40_e80_k3_high_77,g_n40_e80_k3_high_77_p4,train,0.15,12,64,12,0.1875
g_n40_e80_k3_high_77,g_n40_e80_k3_high_77_p8,train,0.05,4,64,3,0.046875
g_n40_e80_k3_high_77,g_n40_e80_k3_high_77_p8,train,0.1,8,64,8,0.125
g_n40_e80_k3_high_77,g_n40_e80_k3_high_77_p8,train,0.15,11,64,14,0.21875
g_n40_e80_k3_high_78,g_n40_e80_k3_high_78_p0,train,0.05,4,64,0,0.0
g_n40_e80_k3_high_78,g_n40_e80_k3_high_78_p0,train,0.1,8,64,1,0.015625
g_n40_e80_k3_high_78,g_n40_e80_k3_high_78_p0,train,0.15,12,64,5,0.078125
g_n40_e80_k3_high_78,g_n40_e80_k3_high_78_p4,train,0.05,4,64,1,0.015625
g_n40_e80_k3_high_78,g_n40_e80_k3_high_78_p4,train,0.1,8,64,5,0.078125
g_n40_e80_k3_high_78,g_n40_e80_k3_high_78_p4,train,0.15,12,64,6,0.09375
g_n40_e80_k3_high_78,g_n40_e80_k3_high_78_p8,train,0.05,4,64,0,0.0
g_n40_e80_k3_high_78,g_n40_e80_k3_high_78_p8,train,0.1,8,64,4,0.0625
g_n40_e80_k3_high_78,g_n40_e80_k3_high_78_p8,train,0.15,11,64,13,0.203125
g_n40_e80_k3_high_79,g_n40_e80_k3_high_79_p0,test,0.05,4,64,0,0.0
g_n40_e80_k3_high_79,g_n40_e80_k3_high_79_p0,test,0.1,8,64,1,0.015625
g_n40_e80_k3_high_79,g_n40_e80_k3_high_79_p0,test,0.15,12,64,3,0.046875
g_n40_e80_k3_high_79,g_n40_e80_k3_high_79_p4,test,0.05,4,64,1,0.015625
g_n40_e80_k3_high_79,g_n40_e80_k3_high_79_p4,test,0.1,8,64,3,0.046875
g_n40_e80_k3_high_79,g_n40_e80_k3_high_79_p4,test,0.15,12,64,5,0.078125
g_n40_e80_k3_high_79,g_n40_e80_k3_high_79_p8,test,0.05,4,64,1,0.015625
g_n40_e80_k3_high_79,g_n40_e80_k3_high_79_p8,test,0.1,8,64,6,0.09375
g_n40_e80_k3_high_79,g_n40_e80_k3_high_79_p8,test,0.15,11,64,14,0.21875
g_n40_e80_k3_high_80,g_n40_e80_k3_high_80_p0,train,0.05,4,64,0,0.0
g_n40_e80_k3_high_80,g_n40_e80_k3_high_80_p0,train,0.1,8,64,0,0.0
g_n40_e80_k3_high_80,g_n40_e80_k3_high_80_p0,train,0.15,12,64,3,0.046875
g_n40_e80_k3_high_80,g_n40_e80_k3_high_80_p4,train,0.05,4,64,0,0.0
g_n40_e80_k3_high_80,g_n40_e80_k3_high_80_p4,train,0.1,8,64,0,0.0
g_n40_e80_k3_high_80,g_n40_e80_k3_high_80_p4,train,0.15,12,64,4,0.0625
g_n40_e80_k3_high_80,g_n40_e80_k3_high_80_p8,train,0.05,4,64,1,0.015625
g_n40_e80_k3_high_80,g_n40_e80_k3_high_80_p8,train,0.1,8,64,2,0.03125
g_n40_e80_k3_high_80,g_n40_e80_k3_high_80_p8,train,0.15,11,64,10,0.15625
g_n40_e80_k3_high_81,g_n40_e80_k3_high_81_p0,validation,0.05,4,64,0,0.0
g_n40_e80_k3_high_81,g_n40_e80_k3_high_81_p0,validation,0.1,8,64,0,0.0
g_n40_e80_k3_high_81,g_n40_e80_k3_high_81_p0,validation,0.15,12,64,2,0.03125
g_n40_e80_k3_high_81,g_n40_e80_k3_high_81_p4,validation,0.05,4,64,0,0.0
g_n40_e80_k3_high_81,g_n40_e80_k3_high_81_p4,validation,0.1,8,64,2,0.03125
g_n40_e80_k3_high_81,g_n40_e80_k3_high_81_p4,validation,0.15,12,64,9,0.140625
g_n40_e80_k3_high_81,g_n40_e80_k3_high_81_p8,validation,0.05,4,64,0,0.0
g_n40_e80_k3_high_81,g_n40_e80_k3_high_81_p8,validation,0.1,8,64,3,0.046875
g_n40_e80_k3_high_81,g_n40_e80_k3_high_81_p8,validation,0.15,11,64,7,0.109375
g_n40_e80_k3_high_82,g_n40_e80_k3_high_82_p0,train,0.05,4,64,0,0.0
g_n40_e80_k3_high_82,g_n40_e80_k3_high_82_p0,train,0.1,8,64,0,0.0
g_n40_e80_k3_high_82,g_n40_e80_k3_high_82_p0,train,0.15,12,64,1,0.015625
g_n40_e80_k3_high_82,g_n40_e80_k3_high_82_p4,train,0.05,4,64,0,0.0
g_n40_e80_k3_high_82,g_n40_e80_k3_high_82_p4,train,0.1,8,64,6,0.09375
g_n40_e80_k3_high_82,g_n40_e80_k3_high_82_p4,train,0.15,12,64,7,0.109375
g_n40_e80_k3_high_82,g_n40_e80_k3_high_82_p8,train,0.05,4,64,0,0.0
g_n40_e80_k3_high_82,g_n40_e80_k3_high_82_p8,train,0.1,8,64,2,0.03125
g_n40_e80_k3_high_82,g_n40_e80_k3_high_82_p8,train,0.15,11,64,8,0.125
g_n40_e80_k3_high_83,g_n40_e80_k3_high_83_p0,train,0.05,4,64,0,0.0
g_n40_e80_k3_high_83,g_n40_e80_k3_high_83_p0,train,0.1,8,64,1,0.015625
g_n40_e80_k3_high_83,g_n40_e80_k3_high_83_p0,train,0.15,12,64,3,0.046875
g_n40_e80_k3_high_83,g_n40_e80_k3_high_83_p4,train,0.05,4,64,0,0.0
g_n40_e80_k3_high_83,g_n40_e80_k3_high_83_p4,train,0.1,8,64,2,0.03125
g_n40_e80_k3_high_83,g_n40_e80_k3_high_83_p4,train,0.15,12,64,7,0.109375
g_n40_e80_k3_high_83,g_n40_e80_k3_high_83_p8,train,0.05,4,64,3,0.046875
g_n40_e80_k3_high_83,g_n40_e80_k3_high_83_p8,train,0.1,8,64,7,0.109375
g_n40_e80_k3_high_83,g_n40_e80_k3_high_83_p8,train,0.15,11,64,13,0.203125
g_n40_e80_k3_high_84,g_n40_e80_k3_high_84_p0,train,0.05,4,64,0,0.0
g_n40_e80_k3_high_84,g_n40_e80_k3_high_84_p0,train,0.1,8,64,0,0.0
g_n40_e80_k3_high_84,g_n40_e80_k3_high_84_p0,train,0.15,12,64,1,0.015625
g_n40_e80_k3_high_84,g_n40_e80_k3_high_84_p4,train,0.05,4,64,0,0.0
g_n40_e80_k3_high_84,g_n40_e80_k3_high_84_p4,train,0.1,8,64,2,0.03125
g_n40_e80_k3_high_84,g_n40_e80_k3_high_84_p4,train,0.15,12,64,5,0.078125
g_n40_e80_k3_high_84,g_n40_e80_k3_high_84_p8,train,0.05,4,64,3,0.046875
g_n40_e80_k3_high_84,g_n40_e80_k3_high_84_p8,train,0.1,8,64,7,0.109375
g_n40_e80_k3_high_84,g_n40_e80_k3_high_84_p8,train,0.15,11,64,12,0.1875
g_n40_e80_k3_high_85,g_n40_e80_k3_high_85_p0,train,0.05,4,64,0,0.0
g_n40_e80_k3_high_85,g_n40_e80_k3_high_85_p0,train,0.1,8,64,0,0.0
g_n40_e80_k3_high_85,g_n40_e80_k3_high_85_p0,train,0.15,12,64,3,0.046875
g_n40_e80_k3_high_85,g_n40_e80_k3_high_85_p4,train,0.05,4,64,0,0.0
g_n40_e80_k3_high_85,g_n40_e80_k3_high_85_p4,train,0.1,8,64,4,0.0625
g_n40_e80_k3_high_85,g_n40_e80_k3_high_85_p4,train,0.15,12,64,7,0.109375
g_n40_e80_k3_high_85,g_n40_e80_k3_high_85_p8,train,0.05,4,64,0,0.0
g_n40_e80_k3_high_85,g_n40_e80_k3_high_85_p8,train,0.1,8,64,6,0.09375
g_n40_e80_k3_high_85,g_n40_e80_k3_high_85_p8,train,0.15,11,64,14,0.21875
g_n40_e80_k3_high_86,g_n40_e80_k3_high_86_p0,validation,0.05,4,64,0,0.0
g_n40_e80_k3_high_86,g_n40_e80_k3_high_86_p0,validation,0.1,8,64,0,0.0
g_n40_e80_k3_high_86,g_n40_e80_k3_high_86_p0,validation,0.15,12,64,4,0.0625
g_n40_e80_k3_high_86,g_n40_e80_k3_high_86_p4,validation,0.05,4,64,0,0.0
g_n40_e80_k3_high_86,g_n40_e80_k3_high_86_p4,validation,0.1,8,64,0,0.0
g_n40_e80_k3_high_86,g_n40_e80_k3_high_86_p4,validation,0.15,12,64,0,0.0
g_n40_e80_k3_high_86,g_n40_e80_k3_high_86_p8,validation,0.05,4,64,0,0.0
g_n40_e80_k3_high_86,g_n40_e80_k3_high_86_p8,validation,0.1,8,64,1,0.015625
g_n40_e80_k3_high_86,g_n40_e80_k3_high_86_p8,validation,0.15,11,64,10,0.15625
g_n40_e80_k3_high_87,g_n40_e80_k3_high_87_p0,train,0.05,4,64,0,0.0
g_n40_e80_k3_high_87,g_n40_e80_k3_high_87_p0,train,0.1,8,64,1,0.015625
g_n40_e80_k3_high_87,g_n40_e80_k3_high_87_p0,train,0.15,12,64,4,0.0625
g_n40_e80_k3_high_87,g_n40_e80_k3_high_87_p4,train,0.05,4,64,3,0.046875
g_n40_e80_k3_high_87,g_n40_e80_k3_high_87_p4,train,0.1,8,64,4,0.0625
g_n40_e80_k3_high_87,g_n40_e80_k3_high_87_p4,train,0.15,12,64,6,0.09375
g_n40_e80_k3_high_87,g_n40_e80_k3_high_87_p8,train,0.05,4,64,0,0.0
g_n40_e80_k3_high_87,g_n40_e80_k3_high_87_p8,train,0.1,8,64,8,0.125
g_n40_e80_k3_high_87,g_n40_e80_k3_high_87_p8,train,0.15,11,64,16,0.25
g_n40_e80_k3_high_88,g_n40_e80_k3_high_88_p0,test,0.05,4,64,0,0.0
g_n40_e80_k3_high_88,g_n40_e80_k3_high_88_p0,test,0.1,8,64,1,0.015625
g_n40_e80_k3_high_88,g_n40_e80_k3_high_88_p0,test,0.15,12,64,2,0.03125
g_n40_e80_k3_high_88,g_n40_e80_k3_high_88_p4,test,0.05,4,64,0,0.0
g_n40_e80_k3_high_88,g_n40_e80_k3_high_88_p4,test,0.1,8,64,3,0.046875
g_n40_e80_k3_high_88,g_n40_e80_k3_high_88_p4,test,0.15,12,64,9,0.140625
g_n40_e80_k3_high_88,g_n40_e80_k3_high_88_p8,test,0.05,4,64,0,0.0
g_n40_e80_k3_high_88,g_n40_e80_k3_high_88_p8,test,0.1,8,64,0,0.0
g_n40_e80_k3_high_88,g_n40_e80_k3_high_88_p8,test,0.15,11,64,5,0.078125
g_n40_e80_k3_high_89,g_n40_e80_k3_high_89_p0,train,0.05,4,64,0,0.0
g_n40_e80_k3_high_89,g_n40_e80_k3_high_89_p0,train,0.1,8,64,0,0.0
g_n40_e80_k3_high_89,g_n40_e80_k3_high_89_p0,train,0.15,12,64,3,0.046875
g_n40_e80_k3_high_89,g_n40_e80_k3_high_89_p4,train,0.05,4,64,0,0.0
g_n40_e80_k3_high_89,g_n40_e80_k3_high_89_p4,train,0.1,8,64,0,0.0
g_n40_e80_k3_high_89,g_n40_e80_k3_high_89_p4,train,0.15,12,64,5,0.078125
g_n40_e80_k3_high_89,g_n40_e80_k3_high_89_p8,train,0.05,4,64,2,0.03125
g_n40_e80_k3_high_89,g_n40_e80_k3_high_89_p8,train,0.1,8,64,9,0.140625
g_n40_e80_k3_high_89,g_n40_e80_k3_high_89_p8,train,0.15,11,64,14,0.21875
g_n40_e120_k2_low_00,g_n40_e120_k2_low_00_p0,validation,0.05,6,64,1,0.015625
g_n40_e120_k2_low_00,g_n40_e120_k2_low_00_p0,validation,0.1,12,64,3,0.046875
g_n40_e120_k2_low_00,g_n40_e120_k2_low_00_p0,validation,0.15,18,64,9,0.140625
g_n40_e120_k2_low_00,g_n40_e120_k2_low_00_p6,validation,0.05,6,64,1,0.015625
g_n40_e120_k2_low_00,g_n40_e120_k2_low_00_p6,validation,0.1,12,64,1,0.015625
g_n40_e120_k2_low_00,g_n40_e120_k2_low_00_p6,validation,0.15,18,64,6,0.09375
g_n40_e120_k2_low_00,g_n40_e120_k2_low_00_p12,validation,0.05,6,64,4,0.0625
g_n40_e120_k2_low_00,g_n40_e120_k2_low_00_p12,validation,0.1,11,64,13,0.203125
g_n40_e120_k2_low_00,g_n40_e120_k2_low_00_p12,validation,0.15,17,64,24,0.375
g_n40_e120_k2_low_01,g_n40_e120_k2_low_01_p0,train,0.05,6,64,0,0.0
g_n40_e120_k2_low_01,g_n40_e120_k2_low_01_p0,train,0.1,12,64,1,0.015625
g_n40_e120_k2_low_01,g_n40_e120_k2_low_01_p0,train,0.15,18,64,2,0.03125
g_n40_e120_k2_low_01,g_n40_e120_k2_low_01_p6,train,0.05,6,64,0,0.0
g_n40_e120_k2_low_01,g_n40_e120_k2_low_01_p6,train,0.1,12,64,4,0.0625
g_n40_e120_k2_low_01,g_n40_e120_k2_low_01_p6,train,0.15,18,64,8,0.125
g_n40_e120_k2_low_01,g_n40_e120_k2_low_01_p12,train,0.05,6,64,8,0.125
g_n40_e120_k2_low_01,g_n40_e120_k2_low_01_p12,train,0.1,11,64,11,0.171875
g_n40_e120_k2_low_01,g_n40_e120_k2_low_01_p12,train,0.15,17,64,21,0.328125
g_n40_e120_k2_low_02,g_n40_e120_k2_low_02_p0,train,0.05,6,64,0,0.0
g_n40_e120_k2_low_02,g_n40_e120_k2_low_02_p0,train,0.1,12,64,3,0.046875
g_n40_e120_k2_low_02,g_n40_e120_k2_low_02_p0,train,0.15,18,64,7,0.109375
g_n40_e120_k2_low_02,g_n40_e120_k2_low_02_p6,train,0.05,6,64,10,0.15625
g_n40_e120_k2_low_02,g_n40_e120_k2_low_02_p6,train,0.1,12,64,23,0.359375
g_n40_e120_k2_low_02,g_n40_e120_k2_low_02_p6,train,0.15,18,64,27,0.421875
g_n40_e120_k2_low_02,g_n40_e120_k2_low_02_p12,train,0.05,6,64,5,0.078125
g_n40_e120_k2_low_02,g_n40_e120_k2_low_02_p12,train,0.1,11,64,7,0.109375
g_n40_e120_k2_low_02,g_n40_e120_k2_low_02_p12,train,0.15,17,64,11,0.171875
g_n40_e120_k2_low_03,g_n40_e120_k2_low_03_p0,train,0.05,6,64,0,0.0
g_n40_e120_k2_low_03,g_n40_e120_k2_low_03_p0,train,0.1,12,64,1,0.015625
g_n40_e120_k2_low_03,g_n40_e120_k2_low_03_p0,train,0.15,18,64,3,0.046875
g_n40_e120_k2_low_03,g_n40_e120_k2_low_03_p6,train,0.05,6,64,1,0.015625
g_n40_e120_k2_low_03,g_n40_e120_k2_low_03_p6,train,0.1,12,64,4,0.0625
g_n40_e120_k2_low_03,g_n40_e120_k2_low_03_p6,train,0.15,18,64,10,0.15625
g_n40_e120_k2_low_03,g_n40_e120_k2_low_03_p12,train,0.05,6,64,8,0.125
g_n40_e120_k2_low_03,g_n40_e120_k2_low_03_p12,train,0.1,11,64,18,0.28125
g_n40_e120_k2_low_03,g_n40_e120_k2_low_03_p12,train,0.15,17,64,25,0.390625
g_n40_e120_k2_low_04,g_n40_e120_k2_low_04_p0,test,0.05,6,64,0,0.0
g_n40_e120_k2_low_04,g_n40_e120_k2_low_04_p0,test,0.1,12,64,0,0.0
g_n40_e120_k2_low_04,g_n40_e120_k2_low_04_p0,test,0.15,18,64,3,0.046875
g_n40_e120_k2_low_04,g_n40_e120_k2_low_04_p6,test,0.05,6,64,0,0.0
g_n40_e120_k2_low_04,g_n40_e120_k2_low_04_p6,test,0.1,12,64,4,0.0625
g_n40_e120_k2_low_04,g_n40_e120_k2_low_04_p6,test,0.15,18,64,7,0.109375
g_n40_e120_k2_low_04,g_n40_e120_k2_low_04_p12,test,0.05,6,64,0,0.0
g_n40_e120_k2_low_04,g_n40_e120_k2_low_04_p12,test,0.1,11,64,1,0.015625
g_n40_e120_k2_low_04,g_n40_e120_k2_low_04_p12,test,0.15,17,64,9,0.140625
g_n40_e120_k2_low_05,g_n40_e120_k2_low_05_p0,train,0.05,6,64,0,0.0
g_n40_e120_k2_low_05,g_n40_e120_k2_low_05_p0,train,0.1,12,64,2,0.03125
g_n40_e120_k2_low_05,g_n40_e120_k2_low_05_p0,train,0.15,18,64,5,0.078125
g_n40_e120_k2_low_05,g_n40_e120_k2_low_05_p6,train,0.05,6,64,1,0.015625
g_n40_e120_k2_low_05,g_n40_e120_k2_low_05_p6,train,0.1,12,64,5,0.078125
g_n40_e120_k2_low_05,g_n40_e120_k2_low_05_p6,train,0.15,18,64,9,0.140625
g_n40_e120_k2_low_05,g_n40_e120_k2_low_05_p12,train,0.05,6,64,1,0.015625
g_n40_e120_k2_low_05,g_n40_e120_k2_low_05_p12,train,0.1,11,64,4,0.0625
g_n40_e120_k2_low_05,g_n40_e120_k2_low_05_p12,train,0.15,17,64,9,0.140625
g_n40_e120_k2_low_06,g_n40_e120_k2_low_06_p0,validation,0.05,6,64,0,0.0
g_n40_e120_k2_low_06,g_n40_e120_k2_low_06_p0,validation,0.1,12,64,1,0.015625
g_n40_e120_k2_low_06,g_n40_e120_k2_low_06_p0,validation,0.15,18,64,5,0.078125
g_n40_e120_k2_low_06,g_n40_e120_k2_low_06_p6,validation,0.05,6,64,4,0.0625
g_n40_e120_k2_low_06,g_n40_e120_k2_low_06_p6,validation,0.1,12,64,8,0.125
g_n40_e120_k2_low_06,g_n40_e120_k2_low_06_p6,validation,0.15,18,64,19,0.296875
g_n40_e120_k2_low_06,g_n40_e120_k2_low_06_p12,validation,0.05,6,64,1,0.015625
g_n40_e120_k2_low_06,g_n40_e120_k2_low_06_p12,validation,0.1,11,64,2,0.03125
g_n40_e120_k2_low_06,g_n40_e120_k2_low_06_p12,validation,0.15,17,64,5,0.078125
g_n40_e120_k2_low_07,g_n40_e120_k2_low_07_p0,validation,0.05,6,64,0,0.0
g_n40_e120_k2_low_07,g_n40_e120_k2_low_07_p0,validation,0.1,12,64,1,0.015625
g_n40_e120_k2_low_07,g_n40_e120_k2_low_07_p0,validation,0.15,18,64,4,0.0625
g_n40_e120_k2_low_07,g_n40_e120_k2_low_07_p6,validation,0.05,6,64,7,0.109375
g_n40_e120_k2_low_07,g_n40_e120_k2_low_07_p6,validation,0.1,12,64,12,0.1875
g_n40_e120_k2_low_07,g_n40_e120_k2_low_07_p6,validation,0.15,18,64,19,0.296875
g_n40_e120_k2_low_07,g_n40_e120_k2_low_07_p12,validation,0.05,6,64,0,0.0
g_n40_e120_k2_low_07,g_n40_e120_k2_low_07_p12,validation,0.1,11,64,2,0.03125
g_n40_e120_k2_low_07,g_n40_e120_k2_low_07_p12,validation,0.15,17,64,7,0.109375
g_n40_e120_k2_low_08,g_n40_e120_k2_low_08_p0,train,0.05,6,64,2,0.03125
g_n40_e120_k2_low_08,g_n40_e120_k2_low_08_p0,train,0.1,12,64,2,0.03125
g_n40_e120_k2_low_08,g_n40_e120_k2_low_08_p0,train,0.15,18,64,6,0.09375
g_n40_e120_k2_low_08,g_n40_e120_k2_low_08_p6,train,0.05,6,64,0,0.0
g_n40_e120_k2_low_08,g_n40_e120_k2_low_08_p6,train,0.1,12,64,3,0.046875
g_n40_e120_k2_low_08,g_n40_e120_k2_low_08_p6,train,0.15,18,64,7,0.109375
g_n40_e120_k2_low_08,g_n40_e120_k2_low_08_p12,train,0.05,6,64,1,0.015625
g_n40_e120_k2_low_08,g_n40_e120_k2_low_08_p12,train,0.1,11,64,7,0.109375
g_n40_e120_k2_low_08,g_n40_e120_k2_low_08_p12,train,0.15,17,64,17,0.265625
g_n40_e120_k2_low_09,g_n40_e120_k2_low_09_p0,validation,0.05,6,64,1,0.015625
g_n40_e120_k2_low_09,g_n40_e120_k2_low_09_p0,validation,0.1,12,64,2,0.03125
g_n40_e120_k2_low_09,g_n40_e120_k2_low_09_p0,validation,0.15,18,64,4,0.0625
g_n40_e120_k2_low_09,g_n40_e120_k2_low_09_p6,validation,0.05,6,64,5,0.078125
g_n40_e120_k2_low_09,g_n40_e120_k2_low_09_p6,validation,0.1,12,64,11,0.171875
g_n40_e120_k2_low_09,g_n40_e120_k2_low_09_p6,validation,0.15,18,64,16,0.25
g_n40_e120_k2_low_09,g_n40_e120_k2_low_09_p12,validation,0.05,6,64,2,0.03125
g_n40_e120_k2_low_09,g_n40_e120_k2_low_09_p12,validation,0.1,11,64,5,0.078125
g_n40_e120_k2_low_09,g_n40_e120_k2_low_09_p12,validation,0.15,17,64,13,0.203125
g_n40_e120_k2_low_10,g_n40_e120_k2_low_10_p0,train,0.05,6,64,1,0.015625
g_n40_e120_k2_low_10,g_n40_e120_k2_low_10_p0,train,0.1,12,64,1,0.015625
g_n40_e120_k2_low_10,g_n40_e120_k2_low_10_p0,train,0.15,18,64,4,0.0625
g_n40_e120_k2_low_10,g_n40_e120_k2_low_10_p6,train,0.05,6,64,0,0.0
g_n40_e120_k2_low_10,g_n40_e120_k2_low_10_p6,train,0.1,12,64,4,0.0625
g_n40_e120_k2_low_10,g_n40_e120_k2_low_10_p6,train,0.15,18,64,7,0.109375
g_n40_e120_k2_low_10,g_n40_e120_k2_low_10_p12,train,0.05,6,64,1,0.015625
g_n40_e120_k2_low_10,g_n40_e120_k2_low_10_p12,train,0.1,11,64,5,0.078125
g_n40_e120_k2_low_10,g_n40_e120_k2_low_10_p12,train,0.15,17,64,12,0.1875
g_n40_e120_k2_low_11,g_n40_e120_k2_low_11_p0,train,0.05,6,64,1,0.015625
g_n40_e120_k2_low_11,g_n40_e120_k2_low_11_p0,train,0.1,12,64,2,0.03125
g_n40_e120_k2_low_11,g_n40_e120_k2_low_11_p0,train,0.15,18,64,6,0.09375
g_n40_e120_k2_low_11,g_n40_e120_k2_low_11_p6,train,0.05,6,64,0,0.0
g_n40_e120_k2_low_11,g_n40_e120_k2_low_11_p6,train,0.1,12,64,2,0.03125
g_n40_e120_k2_low_11,g_n40_e120_k2_low_11_p6,train,0.15,18,64,7,0.109375
g_n40_e120_k2_low_11,g_n40_e120_k2_low_11_p12,train,0.05,6,64,1,0.015625
g_n40_e120_k2_low_11,g_n40_e120_k2_low_11_p12,train,0.1,11,64,4,0.0625
g_n40_e120_k2_low_11,g_n40_e120_k2_low_11_p12,train,0.15,17,64,12,0.1875
g_n40_e120_k2_low_12,g_n40_e120_k2_low_12_p0,train,0.05,6,64,0,0.0
g_n40_e120_k2_low_12,g_n40_e120_k2_low_12_p0,train,0.1,12,64,3,0.046875
g_n40_e120_k2_low_12,g_n40_e120_k2_low_12_p0,train,0.15,18,64,6,0.09375
g_n40_e120_k2_low_12,g_n40_e120_k2_low_12_p6,train,0.05,6,64,3,0.046875
g_n40_e120_k2_low_12,g_n40_e120_k2_low_12_p6,train,0.1,12,64,7,0.109375
g_n40_e120_k2_low_12,g_n40_e120_k2_low_12_p6,train,0.15,18,64,17,0.265625
g_n40_e120_k2_low_12,g_n40_e120_k2_low_12_p12,train,0.05,6,64,1,0.015625
g_n40_e120_k2_low_12,g_n40_e120_k2_low_12_p12,train,0.1,11,64,1,0.015625
g_n40_e120_k2_low_12,g_n40_e120_k2_low_12_p12,train,0.15,17,64,5,0.078125
g_n40_e120_k2_low_13,g_n40_e120_k2_low_13_p0,test,0.05,6,64,2,0.03125
g_n40_e120_k2_low_13,g_n40_e120_k2_low_13_p0,test,0.1,12,64,4,0.0625
g_n40_e120_k2_low_13,g_n40_e120_k2_low_13_p0,test,0.15,18,64,6,0.09375
g_n40_e120_k2_low_13,g_n40_e120_k2_low_13_p6,test,0.05,6,64,8,0.125
g_n40_e120_k2_low_13,g_n40_e120_k2_low_13_p6,test,0.1,12,64,13,0.203125
g_n40_e120_k2_low_13,g_n40_e120_k2_low_13_p6,test,0.15,18,64,18,0.28125
g_n40_e120_k2_low_13,g_n40_e120_k2_low_13_p12,test,0.05,6,64,0,0.0
g_n40_e120_k2_low_13,g_n40_e120_k2_low_13_p12,test,0.1,11,64,2,0.03125
g_n40_e120_k2_low_13,g_n40_e120_k2_low_13_p12,test,0.15,17,64,7,0.109375
g_n40_e120_k2_low_14,g_n40_e120_k2_low_14_p0,test,0.05,6,64,0,0.0
g_n40_e120_k2_low_14,g_n40_e120_k2_low_14_p0,test,0.1,12,64,1,0.015625
g_n40_e120_k2_low_14,g_n40_e120_k2_low_14_p0,test,0.15,18,64,2,0.03125
g_n40_e120_k2_low_14,g_n40_e120_k2_low_14_p6,test,0.05,6,64,4,0.0625
g_n40_e120_k2_low_14,g_n40_e120_k2_low_14_p6,test,0.1,12,64,8,0.125
g_n40_e120_k2_low_14,g_n40_e120_k2_low_14_p6,test,0.15,18,64,15,0.234375
g_n40_e120_k2_low_14,g_n40_e120_k2_low_14_p12,test,0.05,6,64,3,0.046875
g_n40_e120_k2_low_14,g_n40_e120_k2_low_14_p12,test,0.1,11,64,8,0.125
g_n40_e120_k2_low_14,g_n40_e120_k2_low_14_p12,test,0.15,17,64,13,0.203125
g_n40_e120_k2_low_15,g_n40_e120_k2_low_15_p0,test,0.05,6,64,1,0.015625
g_n40_e120_k2_low_15,g_n40_e120_k2_low_15_p0,test,0.1,12,64,4,0.0625
g_n40_e120_k2_low_15,g_n40_e120_k2_low_15_p0,test,0.15,18,64,10,0.15625
g_n40_e120_k2_low_15,g_n40_e120_k2_low_15_p12,test,0.05,6,64,7,0.109375
g_n40_e120_k2_low_15,g_n40_e120_k2_low_15_p12,test,0.1,11,64,17,0.265625
g_n40_e120_k2_low_15,g_n40_e120_k2_low_15_p12,test,0.15,17,64,29,0.453125
g_n40_e120_k2_low_16,g_n40_e120_k2_low_16_p0,train,0.05,6,64,0,0.0
g_n40_e120_k2_low_16,g_n40_e120_k2_low_16_p0,train,0.1,12,64,2,0.03125
g_n40_e120_k2_low_16,g_n40_e120_k2_low_16_p0,train,0.15,18,64,4,0.0625
g_n40_e120_k2_low_16,g_n40_e120_k2_low_16_p6,train,0.05,6,64,0,0.0
g_n40_e120_k2_low_16,g_n40_e120_k2_low_16_p6,train,0.1,12,64,1,0.015625
g_n40_e120_k2_low_16,g_n40_e120_k2_low_16_p6,train,0.15,18,64,4,0.0625
g_n40_e120_k2_low_16,g_n40_e120_k2_low_16_p12,train,0.05,6,64,10,0.15625
g_n40_e120_k2_low_16,g_n40_e120_k2_low_16_p12,train,0.1,11,64,14,0.21875
g_n40_e120_k2_low_16,g_n40_e120_k2_low_16_p12,train,0.15,17,64,22,0.34375
g_n40_e120_k2_low_17,g_n40_e120_k2_low_17_p0,test,0.05,6,64,0,0.0
g_n40_e120_k2_low_17,g_n40_e120_k2_low_17_p0,test,0.1,12,64,2,0.03125
g_n40_e120_k2_low_17,g_n40_e120_k2_low_17_p0,test,0.15,18,64,4,0.0625
g_n40_e120_k2_low_17,g_n40_e120_k2_low_17_p6,test,0.05,6,64,2,0.03125
g_n40_e120_k2_low_17,g_n40_e120_k2_low_17_p6,test,0.1,12,64,14,0.21875
g_n40_e120_k2_low_17,g_n40_e120_k2_low_17_p6,test,0.15,18,64,21,0.328125
g_n40_e120_k2_low_17,g_n40_e120_k2_low_17_p12,test,0.05,6,64,1,0.015625
g_n40_e120_k2_low_17,g_n40_e120_k2_low_17_p12,test,0.1,11,64,9,0.140625
g_n40_e120_k2_low_17,g_n40_e120_k2_low_17_p12,test,0.15,17,64,16,0.25
g_n40_e120_k2_low_18,g_n40_e120_k2_low_18_p0,train,0.05,6,64,0,0.0
g_n40_e120_k2_low_18,g_n40_e120_k2_low_18_p0,train,0.1,12,64,2,0.03125
g_n40_e120_k2_low_18,g_n40_e120_k2_low_18_p0,train,0.15,18,64,4,0.0625
g_n40_e120_k2_low_18,g_n40_e120_k2_low_18_p6,train,0.05,6,64,3,0.046875
g_n40_e120_k2_low_18,g_n40_e120_k2_low_18_p6,train,0.1,12,64,4,0.0625
g_n40_e120_k2_low_18,g_n40_e120_k2_low_18_p6,train,0.15,18,64,7,0.109375
g_n40_e120_k2_low_18,g_n40_e120_k2_low_18_p12,train,0.05,6,64,7,0.109375
g_n40_e120_k2_low_18,g_n40_e120_k2_low_18_p12,train,0.1,11,64,11,0.171875
g_n40_e120_k2_low_18,g_n40_e120_k2_low_18_p12,train,0.15,17,64,17,0.265625
g_n40_e120_k2_low_19,g_n40_e120_k2_low_19_p0,train,0.05,6,64,1,0.015625
g_n40_e120_k2_low_19,g_n40_e120_k2_low_19_p0,train,0.1,12,64,2,0.03125
g_n40_e120_k2_low_19,g_n40_e120_k2_low_19_p0,train,0.15,18,64,4,0.0625
g_n40_e120_k2_low_19,g_n40_e120_k2_low_19_p6,train,0.05,6,64,0,0.0
g_n40_e120_k2_low_19,g_n40_e120_k2_low_19_p6,train,0.1,12,64,4,0.0625
g_n40_e120_k2_low_19,g_n40_e120_k2_low_19_p6,train,0.15,18,64,13,0.203125
g_n40_e120_k2_low_19,g_n40_e120_k2_low_19_p12,train,0.05,6,64,8,0.125
g_n40_e120_k2_low_19,g_n40_e120_k2_low_19_p12,train,0.1,11,64,13,0.203125
g_n40_e120_k2_low_19,g_n40_e120_k2_low_19_p12,train,0.15,17,64,23,0.359375
g_n40_e120_k2_low_20,g_n40_e120_k2_low_20_p0,train,0.05,6,64,0,0.0
g_n40_e120_k2_low_20,g_n40_e120_k2_low_20_p0,train,0.1,12,64,1,0.015625
g_n40_e120_k2_low_20,g_n40_e120_k2_low_20_p0,train,0.15,18,64,4,0.0625
g_n40_e120_k2_low_20,g_n40_e120_k2_low_20_p6,train,0.05,6,64,1,0.015625
g_n40_e120_k2_low_20,g_n40_e120_k2_low_20_p6,train,0.1,12,64,1,0.015625
g_n40_e120_k2_low_20,g_n40_e120_k2_low_20_p6,train,0.15,18,64,2,0.03125
g_n40_e120_k2_low_20,g_n40_e120_k2_low_20_p12,train,0.05,6,64,3,0.046875
g_n40_e120_k2_low_20,g_n40_e120_k2_low_20_p12,train,0.1,11,64,6,0.09375
g_n40_e120_k2_low_20,g_n40_e120_k2_low_20_p12,train,0.15,17,64,13,0.203125
g_n40_e120_k2_low_21,g_n40_e120_k2_low_21_p0,train,0.05,6,64,0,0.0
g_n40_e120_k2_low_21,g_n40_e120_k2_low_21_p0,train,0.1,12,64,1,0.015625
g_n40_e120_k2_low_21,g_n40_e120_k2_low_21_p0,train,0.15,18,64,5,0.078125
g_n40_e120_k2_low_21,g_n40_e120_k2_low_21_p6,train,0.05,6,64,1,0.015625
g_n40_e120_k2_low_21,g_n40_e120_k2_low_21_p6,train,0.1,12,64,1,0.015625
g_n40_e120_k2_low_21,g_n40_e120_k2_low_21_p6,train,0.15,18,64,4,0.0625
g_n40_e120_k2_low_21,g_n40_e120_k2_low_21_p12,train,0.05,6,64,11,0.171875
g_n40_e120_k2_low_21,g_n40_e120_k2_low_21_p12,train,0.1,11,64,18,0.28125
g_n40_e120_k2_low_21,g_n40_e120_k2_low_21_p12,train,0.15,17,64,22,0.34375
g_n40_e120_k2_low_22,g_n40_e120_k2_low_22_p0,train,0.05,6,64,1,0.015625
g_n40_e120_k2_low_22,g_n40_e120_k2_low_22_p0,train,0.1,12,64,3,0.046875
g_n40_e120_k2_low_22,g_n40_e120_k2_low_22_p0,train,0.15,18,64,5,0.078125
g_n40_e120_k2_low_22,g_n40_e120_k2_low_22_p6,train,0.05,6,64,0,0.0
g_n40_e120_k2_low_22,g_n40_e120_k2_low_22_p6,train,0.1,12,64,1,0.015625
g_n40_e120_k2_low_22,g_n40_e120_k2_low_22_p6,train,0.15,18,64,5,0.078125
g_n40_e120_k2_low_22,g_n40_e120_k2_low_22_p12,train,0.05,6,64,4,0.0625
g_n40_e120_k2_low_22,g_n40_e120_k2_low_22_p12,train,0.1,11,64,5,0.078125
g_n40_e120_k2_low_22,g_n40_e120_k2_low_22_p12,train,0.15,17,64,12,0.1875
g_n40_e120_k2_low_23,g_n40_e120_k2_low_23_p0,validation,0.05,6,64,0,0.0
g_n40_e120_k2_low_23,g_n40_e120_k2_low_23_p0,validation,0.1,12,64,4,0.0625
g_n40_e120_k2_low_23,g_n40_e120_k2_low_23_p0,validation,0.15,18,64,10,0.15625
g_n40_e120_k2_low_23,g_n40_e120_k2_low_23_p6,validation,0.05,6,64,2,0.03125
g_n40_e120_k2_low_23,g_n40_e120_k2_low_23_p6,validation,0.1,12,64,3,0.046875
g_n40_e120_k2_low_23,g_n40_e120_k2_low_23_p6,validation,0.15,18,64,6,0.09375
g_n40_e120_k2_low_23,g_n40_e120_k2_low_23_p12,validation,0.05,6,64,1,0.015625
g_n40_e120_k2_low_23,g_n40_e120_k2_low_23_p12,validation,0.1,11,64,1,0.015625
g_n40_e120_k2_low_23,g_n40_e120_k2_low_23_p12,validation,0.15,17,64,1,0.015625
g_n40_e120_k2_low_24,g_n40_e120_k2_low_24_p0,test,0.05,6,64,0,0.0
g_n40_e120_k2_low_24,g_n40_e120_k2_low_24_p0,test,0.1,12,64,1,0.015625
g_n40_e120_k2_low_24,g_n40_e120_k2_low_24_p0,test,0.15,18,64,3,0.046875
g_n40_e120_k2_low_24,g_n40_e120_k2_low_24_p6,test,0.05,6,64,2,0.03125
g_n40_e120_k2_low_24,g_n40_e120_k2_low_24_p6,test,0.1,12,64,6,0.09375
g_n40_e120_k2_low_24,g_n40_e120_k2_low_24_p6,test,0.15,18,64,15,0.234375
g_n40_e120_k2_low_24,g_n40_e120_k2_low_24_p12,test,0.05,6,64,0,0.0
g_n40_e120_k2_low_24,g_n40_e120_k2_low_24_p12,test,0.1,11,64,2,0.03125
g_n40_e120_k2_low_24,g_n40_e120_k2_low_24_p12,test,0.15,17,64,5,0.078125
g_n40_e120_k2_low_25,g_n40_e120_k2_low_25_p0,validation,0.05,6,64,0,0.0
g_n40_e120_k2_low_25,g_n40_e120_k2_low_25_p0,validation,0.1,12,64,0,0.0
g_n40_e120_k2_low_25,g_n40_e120_k2_low_25_p0,validation,0.15,18,64,3,0.046875
g_n40_e120_k2_low_25,g_n40_e120_k2_low_25_p6,validation,0.05,6,64,0,0.0
g_n40_e120_k2_low_25,g_n40_e120_k2_low_25_p6,validation,0.1,12,64,0,0.0
g_n40_e120_k2_low_25,g_n40_e120_k2_low_25_p6,validation,0.15,18,64,3,0.046875
g_n40_e120_k2_low_25,g_n40_e120_k2_low_25_p12,validation,0.05,6,64,3,0.046875
g_n40_e120_k2_low_25,g_n40_e120_k2_low_25_p12,validation,0.1,11,64,8,0.125
g_n40_e120_k2_low_25,g_n40_e120_k2_low_25_p12,validation,0.15,17,64,11,0.171875
g_n40_e120_k2_low_26,g_n40_e120_k2_low_26_p0,train,0.05,6,64,1,0.015625
g_n40_e120_k2_low_26,g_n40_e120_k2_low_26_p0,train,0.1,12,64,3,0.046875
g_n40_e120_k2_low_26,g_n40_e120_k2_low_26_p0,train,0.15,18,64,8,0.125
g_n40_e120_k2_low_26,g_n40_e120_k2_low_26_p6,train,0.05,6,64,2,0.03125
g_n40_e120_k2_low_26,g_n40_e120_k2_low_26_p6,train,0.1,12,64,7,0.109375
g_n40_e120_k2_low_26,g_n40_e120_k2_low_26_p6,train,0.15,18,64,11,0.171875
g_n40_e120_k2_low_26,g_n40_e120_k2_low_26_p12,train,0.05,6,64,1,0.015625
g_n40_e120_k2_low_26,g_n40_e120_k2_low_26_p12,train,0.1,11,64,1,0.015625
g_n40_e120_k2_low_26,g_n40_e120_k2_low_26_p12,train,0.15,17,64,7,0.109375
g_n40_e120_k2_low_27,g_n40_e120_k2_low_27_p0,train,0.05,6,64,2,0.03125
g_n40_e120_k2_low_27,g_n40_e120_k2_low_27_p0,train,0.1,12,64,6,0.09375
g_n40_e120_k2_low_27,g_n40_e120_k2_low_27_p0,train,0.15,18,64,6,0.09375
g_n40_e120_k2_low_27,g_n40_e120_k2_low_27_p6,train,0.05,6,64,0,0.0
g_n40_e120_k2_low_27,g_n40_e120_k2_low_27_p6,train,0.1,12,64,4,0.0625
g_n40_e120_k2_low_27,g_n40_e120_k2_low_27_p6,train,0.15,18,64,8,0.125
g_n40_e120_k2_low_27,g_n40_e120_k2_low_27_p12,train,0.05,6,64,0,0.0
g_n40_e120_k2_low_27,g_n40_e120_k2_low_27_p12,train,0.1,11,64,2,0.03125
g_n40_e120_k2_low_27,g_n40_e120_k2_low_27_p12,train,0.15,17,64,4,0.0625
g_n40_e120_k2_low_28,g_n40_e120_k2_low_28_p0,train,0.05,6,64,0,0.0
g_n40_e120_k2_low_28,g_n40_e120_k2_low_28_p0,train,0.1,12,64,0,0.0
g_n40_e120_k2_low_28,g_n40_e120_k2_low_28_p0,train,0.15,18,64,2,0.03125
g_n40_e120_k2_low_28,g_n40_e120_k2_low_28_p6,train,0.05,6,64,0,0.0
g_n40_e120_k2_low_28,g_n40_e120_k2_low_28_p6,train,0.1,12,64,3,0.046875
g_n40_e120_k2_low_28,g_n40_e120_k2_low_28_p6,train,0.15,18,64,7,0.109375
g_n40_e120_k2_low_28,g_n40_e120_k2_low_28_p12,train,0.05,6,64,1,0.015625
g_n40_e120_k2_low_28,g_n40_e120_k2_low_28_p12,train,0.1,11,64,6,0.09375
g_n40_e120_k2_low_28,g_n40_e120_k2_low_28_p12,train,0.15,17,64,13,0.203125
g_n40_e120_k2_low_29,g_n40_e120_k2_low_29_p0,train,0.05,6,64,0,0.0
g_n40_e120_k2_low_29,g_n40_e120_k2_low_29_p0,train,0.1,12,64,1,0.015625
g_n40_e120_k2_low_29,g_n40_e120_k2_low_29_p0,train,0.15,18,64,2,0.03125
g_n40_e120_k2_low_29,g_n40_e120_k2_low_29_p6,train,0.05,6,64,5,0.078125
g_n40_e120_k2_low_29,g_n40_e120_k2_low_29_p6,train,0.1,12,64,12,0.1875
g_n40_e120_k2_low_29,g_n40_e120_k2_low_29_p6,train,0.15,18,64,16,0.25
g_n40_e120_k2_low_29,g_n40_e120_k2_low_29_p12,train,0.05,6,64,11,0.171875
g_n40_e120_k2_low_29,g_n40_e120_k2_low_29_p12,train,0.1,11,64,21,0.328125
g_n40_e120_k2_low_29,g_n40_e120_k2_low_29_p12,train,0.15,17,64,28,0.4375
g_n40_e120_k2_mid_30,g_n40_e120_k2_mid_30_p0,train,0.05,6,64,2,0.03125
g_n40_e120_k2_mid_30,g_n40_e120_k2_mid_30_p0,train,0.1,12,64,3,0.046875
g_n40_e120_k2_mid_30,g_n40_e120_k2_mid_30_p0,train,0.15,18,64,3,0.046875
g_n40_e120_k2_mid_30,g_n40_e120_k2_mid_30_p6,train,0.05,6,64,4,0.0625
g_n40_e120_k2_mid_30,g_n40_e120_k2_mid_30_p6,train,0.1,12,64,6,0.09375
g_n40_e120_k2_mid_30,g_n40_e120_k2_mid_30_p6,train,0.15,18,64,10,0.15625
g_n40_e120_k2_mid_30,g_n40_e120_k2_mid_30_p12,train,0.05,6,64,6,0.09375
g_n40_e120_k2_mid_30,g_n40_e120_k2_mid_30_p12,train,0.1,11,64,11,0.171875
g_n40_e120_k2_mid_30,g_n40_e120_k2_mid_30_p12,train,0.15,17,64,14,0.21875
g_n40_e120_k2_mid_31,g_n40_e120_k2_mid_31_p0,test,0.05,6,64,0,0.0
g_n40_e120_k2_mid_31,g_n40_e120_k2_mid_31_p0,test,0.1,12,64,0,0.0
g_n40_e120_k2_mid_31,g_n40_e120_k2_mid_31_p0,test,0.15,18,64,6,0.09375
g_n40_e120_k2_mid_31,g_n40_e120_k2_mid_31_p6,test,0.05,6,64,0,0.0
g_n40_e120_k2_mid_31,g_n40_e120_k2_mid_31_p6,test,0.1,12,64,1,0.015625
g_n40_e120_k2_mid_31,g_n40_e120_k2_mid_31_p6,test,0.15,18,64,4,0.0625
g_n40_e120_k2_mid_31,g_n40_e120_k2_mid_31_p12,test,0.05,6,64,1,0.015625
g_n40_e120_k2_mid_31,g_n40_e120_k2_mid_31_p12,test,0.1,11,64,4,0.0625
g_n40_e120_k2_mid_31,g_n40_e120_k2_mid_31_p12,test,0.15,17,64,6,0.09375
g_n40_e120_k2_mid_32,g_n40_e120_k2_mid_32_p0,train,0.05,6,64,0,0.0
g_n40_e120_k2_mid_32,g_n40_e120_k2_mid_32_p0,train,0.1,12,64,0,0.0
g_n40_e120_k2_mid_32,g_n40_e120_k2_mid_32_p0,train,0.15,18,64,2,0.03125
g_n40_e120_k2_mid_32,g_n40_e120_k2_mid_32_p6,train,0.05,6,64,0,0.0
g_n40_e120_k2_mid_32,g_n40_e120_k2_mid_32_p6,train,0.1,12,64,2,0.03125
g_n40_e120_k2_mid_32,g_n40_e120_k2_mid_32_p6,train,0.15,18,64,5,0.078125
g_n40_e120_k2_mid_32,g_n40_e120_k2_mid_32_p12,train,0.05,6,64,0,0.0
g_n40_e120_k2_mid_32,g_n40_e120_k2_mid_32_p12,train,0.1,11,64,1,0.015625
g_n40_e120_k2_mid_32,g_n40_e120_k2_mid_32_p12,train,0.15,17,64,3,0.046875
g_n40_e120_k2_mid_33,g_n40_e120_k2_mid_33_p0,train,0.05,6,64,0,0.0
g_n40_e120_k2_mid_33,g_n40_e120_k2_mid_33_p0,train,0.1,12,64,0,0.0
g_n40_e120_k2_mid_33,g_n40_e120_k2_mid_33_p0,train,0.15,18,64,1,0.015625
g_n40_e120_k2_mid_33,g_n40_e120_k2_mid_33_p6,train,0.05,6,64,1,0.015625
g_n40_e120_k2_mid_33,g_n40_e120_k2_mid_33_p6,train,0.1,12,64,3,0.046875
g_n40_e120_k2_mid_33,g_n40_e120_k2_mid_33_p6,train,0.15,18,64,7,0.109375
g_n40_e120_k2_mid_33,g_n40_e120_k2_mid_33_p12,train,0.05,6,64,0,0.0
g_n40_e120_k2_mid_33,g_n40_e120_k2_mid_33_p12,train,0.1,11,64,4,0.0625
g_n40_e120_k2_mid_33,g_n40_e120_k2_mid_33_p12,train,0.15,17,64,7,0.109375
g_n40_e120_k2_mid_34,g_n40_e120_k2_mid_34_p0,validation,0.05,6,64,1,0.015625
g_n40_e120_k2_mid_34,g_n40_e120_k2_mid_34_p0,validation,0.1,12,64,3,0.046875
g_n40_e120_k2_mid_34,g_n40_e120_k2_mid_34_p0,validation,0.15,18,64,5,0.078125
g_n40_e120_k2_mid_34,g_n40_e120_k2_mid_34_p6,validation,0.05,6,64,1,0.015625
g_n40_e120_k2_mid_34,g_n40_e120_k2_mid_34_p6,validation,0.1,12,64,2,0.03125
g_n40_e120_k2_mid_34,g_n40_e120_k2_mid_34_p6,validation,0.15,18,64,3,0.046875
g_n40_e120_k2_mid_34,g_n40_e120_k2_mid_34_p12,validation,0.05,6,64,0,0.0
g_n40_e120_k2_mid_34,g_n40_e120_k2_mid_34_p12,validation,0.1,11,64,0,0.0
g_n40_e120_k2_mid_34,g_n40_e120_k2_mid_34_p12,validation,0.15,17,64,5,0.078125
g_n40_e120_k2_mid_35,g_n40_e120_k2_mid_35_p0,test,0.05,6,64,0,0.0
g_n40_e120_k2_mid_35,g_n40_e120_k2_mid_35_p0,test,0.1,12,64,0,0.0
g_n40_e120_k2_mid_35,g_n40_e120_k2_mid_35_p0,test,0.15,18,64,0,0.0
g_n40_e120_k2_mid_35,g_n40_e120_k2_mid_35_p6,test,0.05,6,64,0,0.0
g_n40_e120_k2_mid_35,g_n40_e120_k2_mid_35_p6,test,0.1,12,64,3,0.046875
g_n40_e120_k2_mid_35,g_n40_e120_k2_mid_35_p6,test,0.15,18,64,5,0.078125
g_n40_e120_k2_mid_35,g_n40_e120_k2_mid_35_p12,test,0.05,6,64,0,0.0
g_n40_e120_k2_mid_35,g_n40_e120_k2_mid_35_p12,test,0.1,11,64,2,0.03125
g_n40_e120_k2_mid_35,g_n40_e120_k2_mid_35_p12,test,0.15,17,64,4,0.0625
g_n40_e120_k2_mid_36,g_n40_e120_k2_mid_36_p0,test,0.05,6,64,0,0.0
g_n40_e120_k2_mid_36,g_n40_e120_k2_mid_36_p0,test,0.1,12,64,1,0.015625
g_n40_e120_k2_mid_36,g_n40_e120_k2_mid_36_p0,test,0.15,18,64,6,0.09375
g_n40_e120_k2_mid_36,g_n40_e120_k2_mid_36_p6,test,0.05,6,64,0,0.0
g_n40_e120_k2_mid_36,g_n40_e120_k2_mid_36_p6,test,0.1,12,64,0,0.0
g_n40_e120_k2_mid_36,g_n40_e120_k2_mid_36_p6,test,0.15,18,64,2,0.03125
g_n40_e120_k2_mid_36,g_n40_e120_k2_mid_36_p12,test,0.05,6,64,0,0.0
g_n40_e120_k2_mid_36,g_n40_e120_k2_mid_36_p12,test,0.1,11,64,1,0.015625
g_n40_e120_k2_mid_36,g_n40_e120_k2_mid_36_p12,test,0.15,17,64,3,0.046875
g_n40_e120_k2_mid_37,g_n40_e120_k2_mid_37_p0,train,0.05,6,64,0,0.0
g_n40_e120_k2_mid_37,g_n40_e120_k2_mid_37_p0,train,0.1,12,64,0,0.0
g_n40_e120_k2_mid_37,g_n40_e120_k2_mid_37_p0,train,0.15,18,64,2,0.03125
g_n40_e120_k2_mid_37,g_n40_e120_k2_mid_37_p6,train,0.05,6,64,4,0.0625
g_n40_e120_k2_mid_37,g_n40_e120_k2_mid_37_p6,train,0.1,12,64,10,0.15625
g_n40_e120_k2_mid_37,g_n40_e120_k2_mid_37_p6,train,0.15,18,64,18,0.28125
g_n40_e120_k2_mid_37,g_n40_e120_k2_mid_37_p12,train,0.05,6,64,1,0.015625
g_n40_e120_k2_mid_37,g_n40_e120_k2_mid_37_p12,train,0.1,11,64,4,0.0625
g_n40_e120_k2_mid_37,g_n40_e120_k2_mid_37_p12,train,0.15,17,64,8,0.125
g_n40_e120_k2_mid_38,g_n40_e120_k2_mid_38_p0,train,0.05,6,64,1,0.015625
g_n40_e120_k2_mid_38,g_n40_e120_k2_mid_38_p0,train,0.1,12,64,5,0.078125
g_n40_e120_k2_mid_38,g_n40_e120_k2_mid_38_p0,train,0.15,18,64,10,0.15625
g_n40_e120_k2_mid_38,g_n40_e120_k2_mid_38_p6,train,0.05,6,64,0,0.0
g_n40_e120_k2_mid_38,g_n40_e120_k2_mid_38_p6,train,0.1,12,64,3,0.046875
g_n40_e120_k2_mid_38,g_n40_e120_k2_mid_38_p6,train,0.15,18,64,6,0.09375
g_n40_e120_k2_mid_38,g_n40_e120_k2_mid_38_p12,train,0.05,6,64,2,0.03125
g_n40_e120_k2_mid_38,g_n40_e120_k2_mid_38_p12,train,0.1,11,64,9,0.140625
g_n40_e120_k2_mid_38,g_n40_e120_k2_mid_38_p12,train,0.15,17,64,10,0.15625
g_n40_e120_k2_mid_39,g_n40_e120_k2_mid_39_p0,train,0.05,6,64,0,0.0
g_n40_e120_k2_mid_39,g_n40_e120_k2_mid_39_p0,train,0.1,12,64,0,0.0
g_n40_e120_k2_mid_39,g_n40_e120_k2_mid_39_p0,train,0.15,18,64,4,0.0625
g_n40_e120_k2_mid_39,g_n40_e120_k2_mid_39_p6,train,0.05,6,64,0,0.0
g_n40_e120_k2_mid_39,g_n40_e120_k2_mid_39_p6,train,0.1,12,64,0,0.0
g_n40_e120_k2_mid_39,g_n40_e120_k2_mid_39_p6,train,0.15,18,64,4,0.0625
g_n40_e120_k2_mid_39,g_n40_e120_k2_mid_39_p12,train,0.05,6,64,0,0.0
g_n40_e120_k2_mid_39,g_n40_e120_k2_mid_39_p12,train,0.1,11,64,3,0.046875
g_n40_e120_k2_mid_39,g_n40_e120_k2_mid_39_p12,train,0.15,17,64,6,0.09375
g_n40_e120_k2_mid_40,g_n40_e120_k2_mid_40_p0,train,0.05,6,64,1,0.015625
g_n40_e120_k2_mid_40,g_n40_e120_k2_mid_40_p0,train,0.1,12,64,1,0.015625
g_n40_e120_k2_mid_40,g_n40_e120_k2_mid_40_p0,train,0.15,18,64,5,0.078125
g_n40_e120_k2_mid_40,g_n40_e120_k2_mid_40_p6,train,0.05,6,64,0,0.0
g_n40_e120_k2_mid_40,g_n40_e120_k2_mid_40_p6,train,0.1,12,64,2,0.03125
g_n40_e120_k2_mid_40,g_n40_e120_k2_mid_40_p6,train,0.15,18,64,6,0.09375
g_n40_e120_k2_mid_40,g_n40_e120_k2_mid_40_p12,train,0.05,6,64,13,0.203125
g_n40_e120_k2_mid_40,g_n40_e120_k2_mid_40_p12,train,0.1,11,64,22,0.34375
g_n40_e120_k2_mid_40,g_n40_e120_k2_mid_40_p12,train,0.15,17,64,34,0.53125
g_n40_e120_k2_mid_41,g_n40_e120_k2_mid_41_p0,train,0.05,6,64,0,0.0
g_n40_e120_k2_mid_41,g_n40_e120_k2_mid_41_p0,train,0.1,12,64,1,0.015625
g_n40_e120_k2_mid_41,g_n40_e120_k2_mid_41_p0,train,0.15,18,64,2,0.03125
g_n40_e120_k2_mid_41,g_n40_e120_k2_mid_41_p6,train,0.05,6,64,0,0.0
g_n40_e120_k2_mid_41,g_n40_e120_k2_mid_41_p6,train,0.1,12,64,3,0.046875
g_n40_e120_k2_mid_41,g_n40_e120_k2_mid_41_p6,train,0.15,18,64,5,0.078125
g_n40_e120_k2_mid_41,g_n40_e120_k2_mid_41_p12,train,0.05,6,64,0,0.0
g_n40_e120_k2_mid_41,g_n40_e120_k2_mid_41_p12,train,0.1,11,64,1,0.015625
g_n40_e120_k2_mid_41,g_n40_e120_k2_mid_41_p12,train,0.15,17,64,5,0.078125
g_n40_e120_k2_mid_42,g_n40_e120_k2_mid_42_p0,train,0.05,6,64,0,0.0
g_n40_e120_k2_mid_42,g_n40_e120_k2_mid_42_p0,train,0.1,12,64,2,0.03125
g_n40_e120_k2_mid_42,g_n40_e120_k2_mid_42_p0,train,0.15,18,64,4,0.0625
g_n40_e120_k2_mid_42,g_n40_e120_k2_mid_42_p6,train,0.05,6,64,0,0.0
g_n40_e120_k2_mid_42,g_n40_e120_k2_mid_42_p6,train,0.1,12,64,1,0.015625
g_n40_e120_k2_mid_42,g_n40_e120_k2_mid_42_p6,train,0.15,18,64,2,0.03125
g_n40_e120_k2_mid_42,g_n40_e120_k2_mid_42_p12,train,0.05,6,64,0,0.0
g_n40_e120_k2_mid_42,g_n40_e120_k2_mid_42_p12,train,0.1,11,64,0,0.0
g_n40_e120_k2_mid_42,g_n40_e120_k2_mid_42_p12,train,0.15,17,64,4,0.0625
g_n40_e120_k2_mid_43,g_n40_e120_k2_mid_43_p0,train,0.05,6,64,0,0.0
g_n40_e120_k2_mid_43,g_n40_e120_k2_mid_43_p0,train,0.1,12,64,2,0.03125
g_n40_e120_k2_mid_43,g_n40_e120_k2_mid_43_p0,train,0.15,18,64,4,0.0625
g_n40_e120_k2_mid_43,g_n40_e120_k2_mid_43_p6,train,0.05,6,64,4,0.0625
g_n40_e120_k2_mid_43,g_n40_e120_k2_mid_43_p6,train,0.1,12,64,10,0.15625
g_n40_e120_k2_mid_43,g_n40_e120_k2_mid_43_p6,train,0.15,18,64,14,0.21875
g_n40_e120_k2_mid_43,g_n40_e120_k2_mid_43_p12,train,0.05,6,64,1,0.015625
g_n40_e120_k2_mid_43,g_n40_e120_k2_mid_43_p12,train,0.1,11,64,2,0.03125
g_n40_e120_k2_mid_43,g_n40_e120_k2_mid_43_p12,train,0.15,17,64,6,0.09375
g_n40_e120_k2_mid_44,g_n40_e120_k2_mid_44_p0,train,0.05,6,64,0,0.0
g_n40_e120_k2_mid_44,g_n40_e120_k2_mid_44_p0,train,0.1,12,64,0,0.0
g_n40_e120_k2_mid_44,g_n40_e120_k2_mid_44_p0,train,0.15,18,64,1,0.015625
g_n40_e120_k2_mid_44,g_n40_e120_k2_mid_44_p6,train,0.05,6,64,0,0.0
g_n40_e120_k2_mid_44,g_n40_e120_k2_mid_44_p6,train,0.1,12,64,0,0.0
g_n40_e120_k2_mid_44,g_n40_e120_k2_mid_44_p6,train,0.15,18,64,1,0.015625
g_n40_e120_k2_mid_44,g_n40_e120_k2_mid_44_p12,train,0.05,6,64,3,0.046875
g_n40_e120_k2_mid_44,g_n40_e120_k2_mid_44_p12,train,0.1,11,64,9,0.140625
g_n40_e120_k2_mid_44,g_n40_e120_k2_mid_44_p12,train,0.15,17,64,17,0.265625
g_n40_e120_k2_mid_45,g_n40_e120_k2_mid_45_p0,train,0.05,6,64,0,0.0
g_n40_e120_k2_mid_45,g_n40_e120_k2_mid_45_p0,train,0.1,12,64,1,0.015625
g_n40_e120_k2_mid_45,g_n40_e120_k2_mid_45_p0,train,0.15,18,64,2,0.03125
g_n40_e120_k2_mid_45,g_n40_e120_k2_mid_45_p6,train,0.05,6,64,0,0.0
g_n40_e120_k2_mid_45,g_n40_e120_k2_mid_45_p6,train,0.1,12,64,0,0.0
g_n40_e120_k2_mid_45,g_n40_e120_k2_mid_45_p6,train,0.15,18,64,2,0.03125
g_n40_e120_k2_mid_45,g_n40_e120_k2_mid_45_p12,train,0.05,6,64,5,0.078125
g_n40_e120_k2_mid_45,g_n40_e120_k2_mid_45_p12,train,0.1,11,64,6,0.09375
g_n40_e120_k2_mid_45,g_n40_e120_k2_mid_45_p12,train,0.15,17,64,16,0.25
g_n40_e120_k2_mid_46,g_n40_e120_k2_mid_46_p0,validation,0.05,6,64,0,0.0
g_n40_e120_k2_mid_46,g_n40_e120_k2_mid_46_p0,validation,0.1,12,64,0,0.0
g_n40_e120_k2_mid_46,g_n40_e120_k2_mid_46_p0,validation,0.15,18,64,1,0.015625
g_n40_e120_k2_mid_46,g_n40_e120_k2_mid_46_p6,validation,0.05,6,64,1,0.015625
g_n40_e120_k2_mid_46,g_n40_e120_k2_mid_46_p6,validation,0.1,12,64,2,0.03125
g_n40_e120_k2_mid_46,g_n40_e120_k2_mid_46_p6,validation,0.15,18,64,3,0.046875
g_n40_e120_k2_mid_46,g_n40_e120_k2_mid_46_p12,validation,0.05,6,64,1,0.015625
g_n40_e120_k2_mid_46,g_n40_e120_k2_mid_46_p12,validation,0.1,11,64,3,0.046875
g_n40_e120_k2_mid_46,g_n40_e120_k2_mid_46_p12,validation,0.15,17,64,5,0.078125
g_n40_e120_k2_mid_47,g_n40_e120_k2_mid_47_p0,train,0.05,6,64,0,0.0
g_n40_e120_k2_mid_47,g_n40_e120_k2_mid_47_p0,train,0.1,12,64,0,0.0
g_n40_e120_k2_mid_47,g_n40_e120_k2_mid_47_p0,train,0.15,18,64,5,0.078125
g_n40_e120_k2_mid_47,g_n40_e120_k2_mid_47_p6,train,0.05,6,64,1,0.015625
g_n40_e120_k2_mid_47,g_n40_e120_k2_mid_47_p6,train,0.1,12,64,3,0.046875
g_n40_e120_k2_mid_47,g_n40_e120_k2_mid_47_p6,train,0.15,18,64,4,0.0625
g_n40_e120_k2_mid_47,g_n40_e120_k2_mid_47_p12,train,0.05,6,64,4,0.0625
g_n40_e120_k2_mid_47,g_n40_e120_k2_mid_47_p12,train,0.1,11,64,8,0.125
g_n40_e120_k2_mid_47,g_n40_e120_k2_mid_47_p12,train,0.15,17,64,13,0.203125
g_n40_e120_k2_mid_48,g_n40_e120_k2_mid_48_p0,test,0.05,6,64,0,0.0
g_n40_e120_k2_mid_48,g_n40_e120_k2_mid_48_p0,test,0.1,12,64,1,0.015625
g_n40_e120_k2_mid_48,g_n40_e120_k2_mid_48_p0,test,0.15,18,64,1,0.015625
g_n40_e120_k2_mid_48,g_n40_e120_k2_mid_48_p6,test,0.05,6,64,4,0.0625
g_n40_e120_k2_mid_48,g_n40_e120_k2_mid_48_p6,test,0.1,12,64,10,0.15625
g_n40_e120_k2_mid_48,g_n40_e120_k2_mid_48_p6,test,0.15,18,64,15,0.234375
g_n40_e120_k2_mid_48,g_n40_e120_k2_mid_48_p12,test,0.05,6,64,3,0.046875
g_n40_e120_k2_mid_48,g_n40_e120_k2_mid_48_p12,test,0.1,11,64,9,0.140625
g_n40_e120_k2_mid_48,g_n40_e120_k2_mid_48_p12,test,0.15,17,64,15,0.234375
g_n40_e120_k2_mid_49,g_n40_e120_k2_mid_49_p0,validation,0.05,6,64,0,0.0
g_n40_e120_k2_mid_49,g_n40_e120_k2_mid_49_p0,validation,0.1,12,64,1,0.015625
g_n40_e120_k2_mid_49,g_n40_e120_k2_mid_49_p0,validation,0.15,18,64,4,0.0625
g_n40_e120_k2_mid_49,g_n40_e120_k2_mid_49_p6,validation,0.05,6,64,0,0.0
g_n40_e120_k2_mid_49,g_n40_e120_k2_mid_49_p6,validation,0.1,12,64,0,0.0
g_n40_e120_k2_mid_49,g_n40_e120_k2_mid_49_p6,validation,0.15,18,64,6,0.09375
g_n40_e120_k2_mid_49,g_n40_e120_k2_mid_49_p12,validation,0.05,6,64,1,0.015625
g_n40_e120_k2_mid_49,g_n40_e120_k2_mid_49_p12,validation,0.1,11,64,3,0.046875
g_n40_e120_k2_mid_49,g_n40_e120_k2_mid_49_p12,validation,0.15,17,64,11,0.171875
g_n40_e120_k2_mid_50,g_n40_e120_k2_mid_50_p0,train,0.05,6,64,0,0.0
g_n40_e120_k2_mid_50,g_n40_e120_k2_mid_50_p0,train,0.1,12,64,2,0.03125
g_n40_e120_k2_mid_50,g_n40_e120_k2_mid_50_p0,train,0.15,18,64,4,0.0625
g_n40_e120_k2_mid_50,g_n40_e120_k2_mid_50_p6,train,0.05,6,64,0,0.0
g_n40_e120_k2_mid_50,g_n40_e120_k2_mid_50_p6,train,0.1,12,64,1,0.015625
g_n40_e120_k2_mid_50,g_n40_e120_k2_mid_50_p6,train,0.15,18,64,3,0.046875
g_n40_e120_k2_mid_50,g_n40_e120_k2_mid_50_p12,train,0.05,6,64,0,0.0
g_n40_e120_k2_mid_50,g_n40_e120_k2_mid_50_p12,train,0.1,11,64,1,0.015625
g_n40_e120_k2_mid_50,g_n40_e120_k2_mid_50_p12,train,0.15,17,64,2,0.03125
g_n40_e120_k2_mid_51,g_n40_e120_k2_mid_51_p0,test,0.05,6,64,0,0.0
g_n40_e120_k2_mid_51,g_n40_e120_k2_mid_51_p0,test,0.1,12,64,2,0.03125
g_n40_e120_k2_mid_51,g_n40_e120_k2_mid_51_p0,test,0.15,18,64,3,0.046875
g_n40_e120_k2_mid_51,g_n40_e120_k2_mid_51_p6,test,0.05,6,64,0,0.0
g_n40_e120_k2_mid_51,g_n40_e120_k2_mid_51_p6,test,0.1,12,64,1,0.015625
g_n40_e120_k2_mid_51,g_n40_e120_k2_mid_51_p6,test,0.15,18,64,3,0.046875
g_n40_e120_k2_mid_51,g_n40_e120_k2_mid_51_p12,test,0.05,6,64,0,0.0
g_n40_e120_k2_mid_51,g_n40_e120_k2_mid_51_p12,test,0.1,11,64,0,0.0
g_n40_e120_k2_mid_51,g_n40_e120_k2_mid_51_p12,test,0.15,17,64,6,0.09375
g_n40_e120_k2_mid_52,g_n40_e120_k2_mid_52_p0,train,0.05,6,64,0,0.0
g_n40_e120_k2_mid_52,g_n40_e120_k2_mid_52_p0,train,0.1,12,64,1,0.015625
g_n40_e120_k2_mid_52,g_n40_e120_k2_mid_52_p0,train,0.15,18,64,3,0.046875
g_n40_e120_k2_mid_52,g_n40_e120_k2_mid_52_p6,train,0.05,6,64,0,0.0
g_n40_e120_k2_mid_52,g_n40_e120_k2_mid_52_p6,train,0.1,12,64,0,0.0
g_n40_e120_k2_mid_52,g_n40_e120_k2_mid_52_p6,train,0.15,18,64,1,0.015625
g_n40_e120_k2_mid_52,g_n40_e120_k2_mid_52_p12,train,0.05,6,64,0,0.0
g_n40_e120_k2_mid_52,g_n40_e120_k2_mid_52_p12,train,0.1,11,64,1,0.015625
g_n40_e120_k2_mid_52,g_n40_e120_k2_mid_52_p12,train,0.15,17,64,4,0.0625
g_n40_e120_k2_mid_53,g_n40_e120_k2_mid_53_p0,validation,0.05,6,64,0,0.0
g_n40_e120_k2_mid_53,g_n40_e120_k2_mid_53_p0,validation,0.1,12,64,1,0.015625
g_n40_e120_k2_mid_53,g_n40_e120_k2_mid_53_p0,validation,0.15,18,64,5,0.078125
g_n40_e120_k2_mid_53,g_n40_e120_k2_mid_53_p6,validation,0.05,6,64,0,0.0
g_n40_e120_k2_mid_53,g_n40_e120_k2_mid_53_p6,validation,0.1,12,64,1,0.015625
g_n40_e120_k2_mid_53,g_n40_e120_k2_mid_53_p6,validation,0.15,18,64,2,0.03125
g_n40_e120_k2_mid_53,g_n40_e120_k2_mid_53_p12,validation,0.05,6,64,0,0.0
g_n40_e120_k2_mid_53,g_n40_e120_k2_mid_53_p12,validation,0.1,11,64,1,0.015625
g_n40_e120_k2_mid_53,g_n40_e120_k2_mid_53_p12,validation,0.15,17,64,2,0.03125
g_n40_e120_k2_mid_54,g_n40_e120_k2_mid_54_p0,validation,0.05,6,64,0,0.0
g_n40_e120_k2_mid_54,g_n40_e120_k2_mid_54_p0,validation,0.1,12,64,0,0.0
g_n40_e120_k2_mid_54,g_n40_e120_k2_mid_54_p0,validation,0.15,18,64,2,0.03125
g_n40_e120_k2_mid_54,g_n40_e120_k2_mid_54_p6,validation,0.05,6,64,0,0.0
g_n40_e120_k2_mid_54,g_n40_e120_k2_mid_54_p6,validation,0.1,12,64,2,0.03125
g_n40_e120_k2_mid_54,g_n40_e120_k2_mid_54_p6,validation,0.15,18,64,5,0.078125
g_n40_e120_k2_mid_54,g_n40_e120_k2_mid_54_p12,validation,0.05,6,64,2,0.03125
g_n40_e120_k2_mid_54,g_n40_e120_k2_mid_54_p12,validation,0.1,11,64,5,0.078125
g_n40_e120_k2_mid_54,g_n40_e120_k2_mid_54_p12,validation,0.15,17,64,9,0.140625
g_n40_e120_k2_mid_55,g_n40_e120_k2_mid_55_p0,train,0.05,6,64,0,0.0
g_n40_e120_k2_mid_55,g_n40_e120_k2_mid_55_p0,train,0.1,12,64,1,0.015625
g_n40_e120_k2_mid_55,g_n40_e120_k2_mid_55_p0,train,0.15,18,64,4,0.0625
g_n40_e120_k2_mid_55,g_n40_e120_k2_mid_55_p6,train,0.05,6,64,5,0.078125
g_n40_e120_k2_mid_55,g_n40_e120_k2_mid_55_p6,train,0.1,12,64,10,0.15625
g_n40_e120_k2_mid_55,g_n40_e120_k2_mid_55_p6,train,0.15,18,64,18,0.28125
g_n40_e120_k2_mid_55,g_n40_e120_k2_mid_55_p12,train,0.05,6,64,2,0.03125
g_n40_e120_k2_mid_55,g_n40_e120_k2_mid_55_p12,train,0.1,11,64,4,0.0625
g_n40_e120_k2_mid_55,g_n40_e120_k2_mid_55_p12,train,0.15,17,64,7,0.109375
g_n40_e120_k2_mid_56,g_n40_e120_k2_mid_56_p0,validation,0.05,6,64,0,0.0
g_n40_e120_k2_mid_56,g_n40_e120_k2_mid_56_p0,validation,0.1,12,64,0,0.0
g_n40_e120_k2_mid_56,g_n40_e120_k2_mid_56_p0,validation,0.15,18,64,2,0.03125
g_n40_e120_k2_mid_56,g_n40_e120_k2_mid_56_p6,validation,0.05,6,64,0,0.0
g_n40_e120_k2_mid_56,g_n40_e120_k2_mid_56_p6,validation,0.1,12,64,3,0.046875
g_n40_e120_k2_mid_56,g_n40_e120_k2_mid_56_p6,validation,0.15,18,64,7,0.109375
g_n40_e120_k2_mid_56,g_n40_e120_k2_mid_56_p12,validation,0.05,6,64,0,0.0
g_n40_e120_k2_mid_56,g_n40_e120_k2_mid_56_p12,validation,0.1,11,64,2,0.03125
g_n40_e120_k2_mid_56,g_n40_e120_k2_mid_56_p12,validation,0.15,17,64,8,0.125
g_n40_e120_k2_mid_57,g_n40_e120_k2_mid_57_p0,train,0.05,6,64,1,0.015625
g_n40_e120_k2_mid_57,g_n40_e120_k2_mid_57_p0,train,0.1,12,64,1,0.015625
g_n40_e120_k2_mid_57,g_n40_e120_k2_mid_57_p0,train,0.15,18,64,2,0.03125
g_n40_e120_k2_mid_57,g_n40_e120_k2_mid_57_p6,train,0.05,6,64,0,0.0
g_n40_e120_k2_mid_57,g_n40_e120_k2_mid_57_p6,train,0.1,12,64,1,0.015625
g_n40_e120_k2_mid_57,g_n40_e120_k2_mid_57_p6,train,0.15,18,64,2,0.03125
g_n40_e120_k2_mid_57,g_n40_e120_k2_mid_57_p12,train,0.05,6,64,0,0.0
g_n40_e120_k2_mid_57,g_n40_e120_k2_mid_57_p12,train,0.1,11,64,2,0.03125
g_n40_e120_k2_mid_57,g_n40_e120_k2_mid_57_p12,train,0.15,17,64,2,0.03125
g_n40_e120_k2_mid_58,g_n40_e120_k2_mid_58_p0,test,0.05,6,64,0,0.0
g_n40_e120_k2_mid_58,g_n40_e120_k2_mid_58_p0,test,0.1,12,64,1,0.015625
g_n40_e120_k2_mid_58,g_n40_e120_k2_mid_58_p0,test,0.15,18,64,2,0.03125
g_n40_e120_k2_mid_58,g_n40_e120_k2_mid_58_p6,test,0.05,6,64,5,0.078125
g_n40_e120_k2_mid_58,g_n40_e120_k2_mid_58_p6,test,0.1,12,64,9,0.140625
g_n40_e120_k2_mid_58,g_n40_e120_k2_mid_58_p6,test,0.15,18,64,14,0.21875
g_n40_e120_k2_mid_58,g_n40_e120_k2_mid_58_p12,test,0.05,6,64,1,0.015625
g_n40_e120_k2_mid_58,g_n40_e120_k2_mid_58_p12,test,0.1,11,64,1,0.015625
g_n40_e120_k2_mid_58,g_n40_e120_k2_mid_58_p12,test,0.15,17,64,1,0.015625
g_n40_e120_k2_mid_59,g_n40_e120_k2_mid_59_p0,train,0.05,6,64,1,0.015625
g_n40_e120_k2_mid_59,g_n40_e120_k2_mid_59_p0,train,0.1,12,64,1,0.015625
g_n40_e120_k2_mid_59,g_n40_e120_k2_mid_59_p0,train,0.15,18,64,4,0.0625
g_n40_e120_k2_mid_59,g_n40_e120_k2_mid_59_p6,train,0.05,6,64,0,0.0
g_n40_e120_k2_mid_59,g_n40_e120_k2_mid_59_p6,train,0.1,12,64,1,0.015625
g_n40_e120_k2_mid_59,g_n40_e120_k2_mid_59_p6,train,0.15,18,64,1,0.015625
g_n40_e120_k2_mid_59,g_n40_e120_k2_mid_59_p12,train,0.05,6,64,4,0.0625
g_n40_e120_k2_mid_59,g_n40_e120_k2_mid_59_p12,train,0.1,11,64,8,0.125
g_n40_e120_k2_mid_59,g_n40_e120_k2_mid_59_p12,train,0.15,17,64,11,0.171875
g_n40_e120_k2_high_60,g_n40_e120_k2_high_60_p0,train,0.05,6,64,0,0.0
g_n40_e120_k2_high_60,g_n40_e120_k2_high_60_p0,train,0.1,12,64,1,0.015625
g_n40_e120_k2_high_60,g_n40_e120_k2_high_60_p0,train,0.15,18,64,3,0.046875
g_n40_e120_k2_high_60,g_n40_e120_k2_high_60_p6,train,0.05,6,64,0,0.0
g_n40_e120_k2_high_60,g_n40_e120_k2_high_60_p6,train,0.1,12,64,0,0.0
g_n40_e120_k2_high_60,g_n40_e120_k2_high_60_p6,train,0.15,18,64,4,0.0625
g_n40_e120_k2_high_60,g_n40_e120_k2_high_60_p12,train,0.05,6,64,1,0.015625
g_n40_e120_k2_high_60,g_n40_e120_k2_high_60_p12,train,0.1,11,64,2,0.03125
g_n40_e120_k2_high_60,g_n40_e120_k2_high_60_p12,train,0.15,17,64,2,0.03125
g_n40_e120_k2_high_61,g_n40_e120_k2_high_61_p0,train,0.05,6,64,0,0.0
g_n40_e120_k2_high_61,g_n40_e120_k2_high_61_p0,train,0.1,12,64,1,0.015625
g_n40_e120_k2_high_61,g_n40_e120_k2_high_61_p0,train,0.15,18,64,7,0.109375
g_n40_e120_k2_high_61,g_n40_e120_k2_high_61_p6,train,0.05,6,64,0,0.0
g_n40_e120_k2_high_61,g_n40_e120_k2_high_61_p6,train,0.1,12,64,1,0.015625
g_n40_e120_k2_high_61,g_n40_e120_k2_high_61_p6,train,0.15,18,64,3,0.046875
g_n40_e120_k2_high_62,g_n40_e120_k2_high_62_p0,validation,0.05,6,64,0,0.0
g_n40_e120_k2_high_62,g_n40_e120_k2_high_62_p0,validation,0.1,12,64,1,0.015625
g_n40_e120_k2_high_62,g_n40_e120_k2_high_62_p0,validation,0.15,18,64,2,0.03125
g_n40_e120_k2_high_62,g_n40_e120_k2_high_62_p6,validation,0.05,6,64,0,0.0
g_n40_e120_k2_high_62,g_n40_e120_k2_high_62_p6,validation,0.1,12,64,1,0.015625
g_n40_e120_k2_high_62,g_n40_e120_k2_high_62_p6,validation,0.15,18,64,1,0.015625
g_n40_e120_k2_high_62,g_n40_e120_k2_high_62_p12,validation,0.05,6,64,1,0.015625
g_n40_e120_k2_high_62,g_n40_e120_k2_high_62_p12,validation,0.1,11,64,2,0.03125
g_n40_e120_k2_high_62,g_n40_e120_k2_high_62_p12,validation,0.15,17,64,5,0.078125
g_n40_e120_k2_high_63,g_n40_e120_k2_high_63_p0,train,0.05,6,64,1,0.015625
g_n40_e120_k2_high_63,g_n40_e120_k2_high_63_p0,train,0.1,12,64,2,0.03125
g_n40_e120_k2_high_63,g_n40_e120_k2_high_63_p0,train,0.15,18,64,2,0.03125
g_n40_e120_k2_high_63,g_n40_e120_k2_high_63_p6,train,0.05,6,64,0,0.0
g_n40_e120_k2_high_63,g_n40_e120_k2_high_63_p6,train,0.1,12,64,1,0.015625
g_n40_e120_k2_high_63,g_n40_e120_k2_high_63_p6,train,0.15,18,64,6,0.09375
g_n40_e120_k2_high_64,g_n40_e120_k2_high_64_p0,train,0.05,6,64,0,0.0
g_n40_e120_k2_high_64,g_n40_e120_k2_high_64_p0,train,0.1,12,64,0,0.0
g_n40_e120_k2_high_64,g_n40_e120_k2_high_64_p0,train,0.15,18,64,0,0.0
g_n40_e120_k2_high_64,g_n40_e120_k2_high_64_p6,train,0.05,6,64,0,0.0
g_n40_e120_k2_high_64,g_n40_e120_k2_high_64_p6,train,0.1,12,64,0,0.0
g_n40_e120_k2_high_64,g_n40_e120_k2_high_64_p6,train,0.15,18,64,2,0.03125
g_n40_e120_k2_high_64,g_n40_e120_k2_high_64_p12,train,0.05,6,64,4,0.0625
g_n40_e120_k2_high_64,g_n40_e120_k2_high_64_p12,train,0.1,11,64,6,0.09375
g_n40_e120_k2_high_64,g_n40_e120_k2_high_64_p12,train,0.15,17,64,12,0.1875
g_n40_e120_k2_high_65,g_n40_e120_k2_high_65_p0,train,0.05,6,64,0,0.0
g_n40_e120_k2_high_65,g_n40_e120_k2_high_65_p0,train,0.1,12,64,3,0.046875
g_n40_e120_k2_high_65,g_n40_e120_k2_high_65_p0,train,0.15,18,64,8,0.125
g_n40_e120_k2_high_65,g_n40_e120_k2_high_65_p6,train,0.05,6,64,1,0.015625
g_n40_e120_k2_high_65,g_n40_e120_k2_high_65_p6,train,0.1,12,64,3,0.046875
g_n40_e120_k2_high_65,g_n40_e120_k2_high_65_p6,train,0.15,18,64,5,0.078125
g_n40_e120_k2_high_65,g_n40_e120_k2_high_65_p12,train,0.05,6,64,2,0.03125
g_n40_e120_k2_high_65,g_n40_e120_k2_high_65_p12,train,0.1,11,64,10,0.15625
g_n40_e120_k2_high_65,g_n40_e120_k2_high_65_p12,train,0.15,17,64,15,0.234375
g_n40_e120_k2_high_66,g_n40_e120_k2_high_66_p0,train,0.05,6,64,0,0.0
g_n40_e120_k2_high_66,g_n40_e120_k2_high_66_p0,train,0.1,12,64,0,0.0
g_n40_e120_k2_high_66,g_n40_e120_k2_high_66_p0,train,0.15,18,64,1,0.015625
g_n40_e120_k2_high_66,g_n40_e120_k2_high_66_p6,train,0.05,6,64,2,0.03125
g_n40_e120_k2_high_66,g_n40_e120_k2_high_66_p6,train,0.1,12,64,4,0.0625
g_n40_e120_k2_high_66,g_n40_e120_k2_high_66_p6,train,0.15,18,64,7,0.109375
g_n40_e120_k2_high_66,g_n40_e120_k2_high_66_p12,train,0.05,6,64,0,0.0
g_n40_e120_k2_high_66,g_n40_e120_k2_high_66_p12,train,0.1,11,64,1,0.015625
g_n40_e120_k2_high_66,g_n40_e120_k2_high_66_p12,train,0.15,17,64,6,0.09375
g_n40_e120_k2_high_67,g_n40_e120_k2_high_67_p0,train,0.05,6,64,0,0.0
g_n40_e120_k2_high_67,g_n40_e120_k2_high_67_p0,train,0.1,12,64,0,0.0
g_n40_e120_k2_high_67,g_n40_e120_k2_high_67_p0,train,0.15,18,64,1,0.015625
g_n40_e120_k2_high_67,g_n40_e120_k2_high_67_p6,train,0.05,6,64,1,0.015625
g_n40_e120_k2_high_67,g_n40_e120_k2_high_67_p6,train,0.1,12,64,3,0.046875
g_n40_e120_k2_high_67,g_n40_e120_k2_high_67_p6,train,0.15,18,64,5,0.078125
g_n40_e120_k2_high_67,g_n40_e120_k2_high_67_p12,train,0.05,6,64,7,0.109375
g_n40_e120_k2_high_67,g_n40_e120_k2_high_67_p12,train,0.1,11,64,11,0.171875
g_n40_e120_k2_high_67,g_n40_e120_k2_high_67_p12,train,0.15,17,64,14,0.21875
g_n40_e120_k2_high_68,g_n40_e120_k2_high_68_p0,train,0.05,6,64,0,0.0
g_n40_e120_k2_high_68,g_n40_e120_k2_high_68_p0,train,0.1,12,64,0,0.0
g_n40_e120_k2_high_68,g_n40_e120_k2_high_68_p0,train,0.15,18,64,3,0.046875
g_n40_e120_k2_high_68,g_n40_e120_k2_high_68_p6,train,0.05,6,64,0,0.0
g_n40_e120_k2_high_68,g_n40_e120_k2_high_68_p6,train,0.1,12,64,0,0.0
g_n40_e120_k2_high_68,g_n40_e120_k2_high_68_p6,train,0.15,18,64,2,0.03125
g_n40_e120_k2_high_68,g_n40_e120_k2_high_68_p12,train,0.05,6,64,0,0.0
g_n40_e120_k2_high_68,g_n40_e120_k2_high_68_p12,train,0.1,11,64,1,0.015625
g_n40_e120_k2_high_68,g_n40_e120_k2_high_68_p12,train,0.15,17,64,4,0.0625
g_n40_e120_k2_high_69,g_n40_e120_k2_high_69_p0,train,0.05,6,64,0,0.0
g_n40_e120_k2_high_69,g_n40_e120_k2_high_69_p0,train,0.1,12,64,1,0.015625
g_n40_e120_k2_high_69,g_n40_e120_k2_high_69_p0,train,0.15,18,64,6,0.09375
g_n40_e120_k2_high_69,g_n40_e120_k2_high_69_p6,train,0.05,6,64,0,0.0
g_n40_e120_k2_high_69,g_n40_e120_k2_high_69_p6,train,0.1,12,64,3,0.046875
g_n40_e120_k2_high_69,g_n40_e120_k2_high_69_p6,train,0.15,18,64,6,0.09375
g_n40_e120_k2_high_69,g_n40_e120_k2_high_69_p12,train,0.05,6,64,0,0.0
g_n40_e120_k2_high_69,g_n40_e120_k2_high_69_p12,train,0.1,11,64,0,0.0
g_n40_e120_k2_high_69,g_n40_e120_k2_high_69_p12,train,0.15,17,64,4,0.0625
g_n40_e120_k2_high_70,g_n40_e120_k2_high_70_p0,train,0.05,6,64,0,0.0
g_n40_e120_k2_high_70,g_n40_e120_k2_high_70_p0,train,0.1,12,64,1,0.015625
g_n40_e120_k2_high_70,g_n40_e120_k2_high_70_p0,train,0.15,18,64,3,0.046875
g_n40_e120_k2_high_70,g_n40_e120_k2_high_70_p6,train,0.05,6,64,4,0.0625
g_n40_e120_k2_high_70,g_n40_e120_k2_high_70_p6,train,0.1,12,64,8,0.125
g_n40_e120_k2_high_70,g_n40_e120_k2_high_70_p6,train,0.15,18,64,12,0.1875
g_n40_e120_k2_high_70,g_n40_e120_k2_high_70_p12,train,0.05,6,64,0,0.0
g_n40_e120_k2_high_70,g_n40_e120_k2_high_70_p12,train,0.1,11,64,1,0.015625
g_n40_e120_k2_high_70,g_n40_e120_k2_high_70_p12,train,0.15,17,64,1,0.015625
g_n40_e120_k2_high_71,g_n40_e120_k2_high_71_p0,test,0.05,6,64,0,0.0
g_n40_e120_k2_high_71,g_n40_e120_k2_high_71_p0,test,0.1,12,64,0,0.0
g_n40_e120_k2_high_71,g_n40_e120_k2_high_71_p0,test,0.15,18,64,2,0.03125
g_n40_e120_k2_high_71,g_n40_e120_k2_high_71_p6,test,0.05,6,64,6,0.09375
g_n40_e120_k2_high_71,g_n40_e120_k2_high_71_p6,test,0.1,12,64,10,0.15625
g_n40_e120_k2_high_71,g_n40_e120_k2_high_71_p6,test,0.15,18,64,16,0.25
g_n40_e120_k2_high_71,g_n40_e120_k2_high_71_p12,test,0.05,6,64,4,0.0625
g_n40_e120_k2_high_71,g_n40_e120_k2_high_71_p12,test,0.1,11,64,8,0.125
g_n40_e120_k2_high_71,g_n40_e120_k2_high_71_p12,test,0.15,17,64,12,0.1875
g_n40_e120_k2_high_72,g_n40_e120_k2_high_72_p0,train,0.05,6,64,0,0.0
g_n40_e120_k2_high_72,g_n40_e120_k2_high_72_p0,train,0.1,12,64,2,0.03125
g_n40_e120_k2_high_72,g_n40_e120_k2_high_72_p0,train,0.15,18,64,3,0.046875
g_n40_e120_k2_high_72,g_n40_e120_k2_high_72_p6,train,0.05,6,64,0,0.0
g_n40_e120_k2_high_72,g_n40_e120_k2_high_72_p6,train,0.1,12,64,1,0.015625
g_n40_e120_k2_high_72,g_n40_e120_k2_high_72_p6,train,0.15,18,64,2,0.03125
g_n40_e120_k2_high_72,g_n40_e120_k2_high_72_p12,train,0.05,6,64,0,0.0
g_n40_e120_k2_high_72,g_n40_e120_k2_high_72_p12,train,0.1,11,64,0,0.0
g_n40_e120_k2_high_72,g_n40_e120_k2_high_72_p12,train,0.15,17,64,1,0.015625
g_n40_e120_k2_high_73,g_n40_e120_k2_high_73_p0,train,0.05,6,64,0,0.0
g_n40_e120_k2_high_73,g_n40_e120_k2_high_73_p0,train,0.1,12,64,0,0.0
g_n40_e120_k2_high_73,g_n40_e120_k2_high_73_p0,train,0.15,18,64,0,0.0
g_n40_e120_k2_high_73,g_n40_e120_k2_high_73_p6,train,0.05,6,64,0,0.0
g_n40_e120_k2_high_73,g_n40_e120_k2_high_73_p6,train,0.1,12,64,1,0.015625
g_n40_e120_k2_high_73,g_n40_e120_k2_high_73_p6,train,0.15,18,64,1,0.015625
g_n40_e120_k2_high_73,g_n40_e120_k2_high_73_p12,train,0.05,6,64,0,0.0
g_n40_e120_k2_high_73,g_n40_e120_k2_high_73_p12,train,0.1,11,64,2,0.03125
g_n40_e120_k2_high_73,g_n40_e120_k2_high_73_p12,train,0.15,17,64,6,0.09375
g_n40_e120_k2_high_74,g_n40_e120_k2_high_74_p0,train,0.05,6,64,1,0.015625
g_n40_e120_k2_high_74,g_n40_e120_k2_high_74_p0,train,0.1,12,64,2,0.03125
g_n40_e120_k2_high_74,g_n40_e120_k2_high_74_p0,train,0.15,18,64,4,0.0625
g_n40_e120_k2_high_74,g_n40_e120_k2_high_74_p6,train,0.05,6,64,0,0.0
g_n40_e120_k2_high_74,g_n40_e120_k2_high_74_p6,train,0.1,12,64,1,0.015625
g_n40_e120_k2_high_74,g_n40_e120_k2_high_74_p6,train,0.15,18,64,1,0.015625
g_n40_e120_k2_high_74,g_n40_e120_k2_high_74_p12,train,0.05,6,64,0,0.0
g_n40_e120_k2_high_74,g_n40_e120_k2_high_74_p12,train,0.1,11,64,1,0.015625
g_n40_e120_k2_high_74,g_n40_e120_k2_high_74_p12,train,0.15,17,64,4,0.0625
g_n40_e120_k2_high_75,g_n40_e120_k2_high_75_p0,test,0.05,6,64,1,0.015625
g_n40_e120_k2_high_75,g_n40_e120_k2_high_75_p0,test,0.1,12,64,1,0.015625
g_n40_e120_k2_high_75,g_n40_e120_k2_high_75_p0,test,0.15,18,64,3,0.046875
g_n40_e120_k2_high_75,g_n40_e120_k2_high_75_p6,test,0.05,6,64,4,0.0625
g_n40_e120_k2_high_75,g_n40_e120_k2_high_75_p6,test,0.1,12,64,4,0.0625
g_n40_e120_k2_high_75,g_n40_e120_k2_high_75_p6,test,0.15,18,64,7,0.109375
g_n40_e120_k2_high_75,g_n40_e120_k2_high_75_p12,test,0.05,6,64,0,0.0
g_n40_e120_k2_high_75,g_n40_e120_k2_high_75_p12,test,0.1,11,64,0,0.0
g_n40_e120_k2_high_75,g_n40_e120_k2_high_75_p12,test,0.15,17,64,1,0.015625
g_n40_e120_k2_high_76,g_n40_e120_k2_high_76_p0,validation,0.05,6,64,0,0.0
g_n40_e120_k2_high_76,g_n40_e120_k2_high_76_p0,validation,0.1,12,64,0,0.0
g_n40_e120_k2_high_76,g_n40_e120_k2_high_76_p0,validation,0.15,18,64,1,0.015625
g_n40_e120_k2_high_76,g_n40_e120_k2_high_76_p6,validation,0.05,6,64,1,0.015625
g_n40_e120_k2_high_76,g_n40_e120_k2_high_76_p6,validation,0.1,12,64,1,0.015625
g_n40_e120_k2_high_76,g_n40_e120_k2_high_76_p6,validation,0.15,18,64,4,0.0625
g_n40_e120_k2_high_76,g_n40_e120_k2_high_76_p12,validation,0.05,6,64,4,0.0625
g_n40_e120_k2_high_76,g_n40_e120_k2_high_76_p12,validation,0.1,11,64,5,0.078125
g_n40_e120_k2_high_76,g_n40_e120_k2_high_76_p12,validation,0.15,17,64,12,0.1875
g_n40_e120_k2_high_77,g_n40_e120_k2_high_77_p0,test,0.05,6,64,0,0.0
g_n40_e120_k2_high_77,g_n40_e120_k2_high_77_p0,test,0.1,12,64,0,0.0
g_n40_e120_k2_high_77,g_n40_e120_k2_high_77_p0,test,0.15,18,64,3,0.046875
g_n40_e120_k2_high_77,g_n40_e120_k2_high_77_p6,test,0.05,6,64,1,0.015625
g_n40_e120_k2_high_77,g_n40_e120_k2_high_77_p6,test,0.1,12,64,1,0.015625
g_n40_e120_k2_high_77,g_n40_e120_k2_high_77_p6,test,0.15,18,64,4,0.0625
g_n40_e120_k2_high_77,g_n40_e120_k2_high_77_p12,test,0.05,6,64,1,0.015625
g_n40_e120_k2_high_77,g_n40_e120_k2_high_77_p12,test,0.1,11,64,3,0.046875
g_n40_e120_k2_high_77,g_n40_e120_k2_high_77_p12,test,0.15,17,64,5,0.078125
g_n40_e120_k2_high_78,g_n40_e120_k2_high_78_p0,test,0.05,6,64,0,0.0
g_n40_e120_k2_high_78,g_n40_e120_k2_high_78_p0,test,0.1,12,64,0,0.0
g_n40_e120_k2_high_78,g_n40_e120_k2_high_78_p0,test,0.15,18,64,1,0.015625
g_n40_e120_k2_high_78,g_n40_e120_k2_high_78_p6,test,0.05,6,64,0,0.0
g_n40_e120_k2_high_78,g_n40_e120_k2_high_78_p6,test,0.1,12,64,0,0.0
g_n40_e120_k2_high_78,g_n40_e120_k2_high_78_p6,test,0.15,18,64,5,0.078125
g_n40_e120_k2_high_78,g_n40_e120_k2_high_78_p12,test,0.05,6,64,7,0.109375
g_n40_e120_k2_high_78,g_n40_e120_k2_high_78_p12,test,0.1,11,64,10,0.15625
g_n40_e120_k2_high_78,g_n40_e120_k2_high_78_p12,test,0.15,17,64,13,0.203125
g_n40_e120_k2_high_79,g_n40_e120_k2_high_79_p0,train,0.05,6,64,0,0.0
g_n40_e120_k2_high_79,g_n40_e120_k2_high_79_p0,train,0.1,12,64,0,0.0
g_n40_e120_k2_high_79,g_n40_e120_k2_high_79_p0,train,0.15,18,64,2,0.03125
g_n40_e120_k2_high_79,g_n40_e120_k2_high_79_p6,train,0.05,6,64,1,0.015625
g_n40_e120_k2_high_79,g_n40_e120_k2_high_79_p6,train,0.1,12,64,1,0.015625
g_n40_e120_k2_high_79,g_n40_e120_k2_high_79_p6,train,0.15,18,64,4,0.0625
g_n40_e120_k2_high_79,g_n40_e120_k2_high_79_p12,train,0.05,6,64,1,0.015625
g_n40_e120_k2_high_79,g_n40_e120_k2_high_79_p12,train,0.1,11,64,3,0.046875
g_n40_e120_k2_high_79,g_n40_e120_k2_high_79_p12,train,0.15,17,64,3,0.046875
g_n40_e120_k2_high_80,g_n40_e120_k2_high_80_p0,train,0.05,6,64,0,0.0
g_n40_e120_k2_high_80,g_n40_e120_k2_high_80_p0,train,0.1,12,64,1,0.015625
g_n40_e120_k2_high_80,g_n40_e120_k2_high_80_p0,train,0.15,18,64,3,0.046875
g_n40_e120_k2_high_80,g_n40_e120_k2_high_80_p6,train,0.05,6,64,0,0.0
g_n40_e120_k2_high_80,g_n40_e120_k2_high_80_p6,train,0.1,12,64,2,0.03125
g_n40_e120_k2_high_80,g_n40_e120_k2_high_80_p6,train,0.15,18,64,3,0.046875
g_n40_e120_k2_high_80,g_n40_e120_k2_high_80_p12,train,0.05,6,64,0,0.0
g_n40_e120_k2_high_80,g_n40_e120_k2_high_80_p12,train,0.1,11,64,0,0.0
g_n40_e120_k2_high_80,g_n40_e120_k2_high_80_p12,train,0.15,17,64,2,0.03125
g_n40_e120_k2_high_81,g_n40_e120_k2_high_81_p0,validation,0.05,6,64,0,0.0
g_n40_e120_k2_high_81,g_n40_e120_k2_high_81_p0,validation,0.1,12,64,0,0.0
g_n40_e120_k2_high_81,g_n40_e120_k2_high_81_p0,validation,0.15,18,64,0,0.0
g_n40_e120_k2_high_81,g_n40_e120_k2_high_81_p6,validation,0.05,6,64,0,0.0
g_n40_e120_k2_high_81,g_n40_e120_k2_high_81_p6,validation,0.1,12,64,0,0.0
g_n40_e120_k2_high_81,g_n40_e120_k2_high_81_p6,validation,0.15,18,64,1,0.015625
g_n40_e120_k2_high_81,g_n40_e120_k2_high_81_p12,validation,0.05,6,64,0,0.0
g_n40_e120_k2_high_81,g_n40_e120_k2_high_81_p12,validation,0.1,11,64,1,0.015625
g_n40_e120_k2_high_81,g_n40_e120_k2_high_81_p12,validation,0.15,17,64,3,0.046875
g_n40_e120_k2_high_82,g_n40_e120_k2_high_82_p0,validation,0.05,6,64,0,0.0
g_n40_e120_k2_high_82,g_n40_e120_k2_high_82_p0,validation,0.1,12,64,1,0.015625
g_n40_e120_k2_high_82,g_n40_e120_k2_high_82_p0,validation,0.15,18,64,2,0.03125
g_n40_e120_k2_high_82,g_n40_e120_k2_high_82_p6,validation,0.05,6,64,0,0.0
g_n40_e120_k2_high_82,g_n40_e120_k2_high_82_p6,validation,0.1,12,64,3,0.046875
g_n40_e120_k2_high_82,g_n40_e120_k2_high_82_p6,validation,0.15,18,64,5,0.078125
g_n40_e120_k2_high_82,g_n40_e120_k2_high_82_p12,validation,0.05,6,64,0,0.0
g_n40_e120_k2_high_82,g_n40_e120_k2_high_82_p12,validation,0.1,11,64,0,0.0
g_n40_e120_k2_high_82,g_n40_e120_k2_high_82_p12,validation,0.15,17,64,2,0.03125
g_n40_e120_k2_high_83,g_n40_e120_k2_high_83_p0,test,0.05,6,64,0,0.0
g_n40_e120_k2_high_83,g_n40_e120_k2_high_83_p0,test,0.1,12,64,2,0.03125
g_n40_e120_k2_high_83,g_n40_e120_k2_high_83_p0,test,0.15,18,64,4,0.0625
g_n40_e120_k2_high_83,g_n40_e120_k2_high_83_p6,test,0.05,6,64,1,0.015625
g_n40_e120_k2_high_83,g_n40_e120_k2_high_83_p6,test,0.1,12,64,2,0.03125
g_n40_e120_k2_high_83,g_n40_e120_k2_high_83_p6,test,0.15,18,64,5,0.078125
g_n40_e120_k2_high_83,g_n40_e120_k2_high_83_p12,test,0.05,6,64,1,0.015625
g_n40_e120_k2_high_83,g_n40_e120_k2_high_83_p12,test,0.1,11,64,3,0.046875
g_n40_e120_k2_high_83,g_n40_e120_k2_high_83_p12,test,0.15,17,64,6,0.09375
g_n40_e120_k2_high_84,g_n40_e120_k2_high_84_p0,train,0.05,6,64,1,0.015625
g_n40_e120_k2_high_84,g_n40_e120_k2_high_84_p0,train,0.1,12,64,1,0.015625
g_n40_e120_k2_high_84,g_n40_e120_k2_high_84_p0,train,0.15,18,64,1,0.015625
g_n40_e120_k2_high_84,g_n40_e120_k2_high_84_p6,train,0.05,6,64,0,0.0
g_n40_e120_k2_high_84,g_n40_e120_k2_high_84_p6,train,0.1,12,64,0,0.0
g_n40_e120_k2_high_84,g_n40_e120_k2_high_84_p6,train,0.15,18,64,3,0.046875
g_n40_e120_k2_high_84,g_n40_e120_k2_high_84_p12,train,0.05,6,64,2,0.03125
g_n40_e120_k2_high_84,g_n40_e120_k2_high_84_p12,train,0.1,11,64,8,0.125
g_n40_e120_k2_high_84,g_n40_e120_k2_high_84_p12,train,0.15,17,64,12,0.1875
g_n40_e120_k2_high_85,g_n40_e120_k2_high_85_p0,validation,0.05,6,64,0,0.0
g_n40_e120_k2_high_85,g_n40_e120_k2_high_85_p0,validation,0.1,12,64,0,0.0
g_n40_e120_k2_high_85,g_n40_e120_k2_high_85_p0,validation,0.15,18,64,0,0.0
g_n40_e120_k2_high_85,g_n40_e120_k2_high_85_p6,validation,0.05,6,64,0,0.0
g_n40_e120_k2_high_85,g_n40_e120_k2_high_85_p6,validation,0.1,12,64,1,0.015625
g_n40_e120_k2_high_85,g_n40_e120_k2_high_85_p6,validation,0.15,18,64,2,0.03125
g_n40_e120_k2_high_85,g_n40_e120_k2_high_85_p12,validation,0.05,6,64,0,0.0
g_n40_e120_k2_high_85,g_n40_e120_k2_high_85_p12,validation,0.1,11,64,1,0.015625
g_n40_e120_k2_high_85,g_n40_e120_k2_high_85_p12,validation,0.15,17,64,3,0.046875
g_n40_e120_k2_high_86,g_n40_e120_k2_high_86_p0,test,0.05,6,64,0,0.0
g_n40_e120_k2_high_86,g_n40_e120_k2_high_86_p0,test,0.1,12,64,1,0.015625
g_n40_e120_k2_high_86,g_n40_e120_k2_high_86_p0,test,0.15,18,64,2,0.03125
g_n40_e120_k2_high_86,g_n40_e120_k2_high_86_p6,test,0.05,6,64,0,0.0
g_n40_e120_k2_high_86,g_n40_e120_k2_high_86_p6,test,0.1,12,64,1,0.015625
g_n40_e120_k2_high_86,g_n40_e120_k2_high_86_p6,test,0.15,18,64,2,0.03125
g_n40_e120_k2_high_86,g_n40_e120_k2_high_86_p12,test,0.05,6,64,0,0.0
g_n40_e120_k2_high_86,g_n40_e120_k2_high_86_p12,test,0.1,11,64,1,0.015625
g_n40_e120_k2_high_86,g_n40_e120_k2_high_86_p12,test,0.15,17,64,4,0.0625
g_n40_e120_k2_high_87,g_n40_e120_k2_high_87_p0,train,0.05,6,64,0,0.0
g_n40_e120_k2_high_87,g_n40_e120_k2_high_87_p0,train,0.1,12,64,0,0.0
g_n40_e120_k2_high_87,g_n40_e120_k2_high_87_p0,train,0.15,18,64,0,0.0
g_n40_e120_k2_high_87,g_n40_e120_k2_high_87_p6,train,0.05,6,64,0,0.0
g_n40_e120_k2_high_87,g_n40_e120_k2_high_87_p6,train,0.1,12,64,1,0.015625
g_n40_e120_k2_high_87,g_n40_e120_k2_high_87_p6,train,0.15,18,64,1,0.015625
g_n40_e120_k2_high_87,g_n40_e120_k2_high_87_p12,train,0.05,6,64,0,0.0
g_n40_e120_k2_high_87,g_n40_e120_k2_high_87_p12,train,0.1,11,64,0,0.0
g_n40_e120_k2_high_87,g_n40_e120_k2_high_87_p12,train,0.15,17,64,1,0.015625
g_n40_e120_k2_high_88,g_n40_e120_k2_high_88_p0,validation,0.05,6,64,1,0.015625
g_n40_e120_k2_high_88,g_n40_e120_k2_high_88_p0,validation,0.1,12,64,2,0.03125
g_n40_e120_k2_high_88,g_n40_e120_k2_high_88_p0,validation,0.15,18,64,6,0.09375
g_n40_e120_k2_high_88,g_n40_e120_k2_high_88_p6,validation,0.05,6,64,0,0.0
g_n40_e120_k2_high_88,g_n40_e120_k2_high_88_p6,validation,0.1,12,64,0,0.0
g_n40_e120_k2_high_88,g_n40_e120_k2_high_88_p6,validation,0.15,18,64,2,0.03125
g_n40_e120_k2_high_88,g_n40_e120_k2_high_88_p12,validation,0.05,6,64,5,0.078125
g_n40_e120_k2_high_88,g_n40_e120_k2_high_88_p12,validation,0.1,11,64,10,0.15625
g_n40_e120_k2_high_88,g_n40_e120_k2_high_88_p12,validation,0.15,17,64,17,0.265625
g_n40_e120_k2_high_89,g_n40_e120_k2_high_89_p0,train,0.05,6,64,0,0.0
g_n40_e120_k2_high_89,g_n40_e120_k2_high_89_p0,train,0.1,12,64,0,0.0
g_n40_e120_k2_high_89,g_n40_e120_k2_high_89_p0,train,0.15,18,64,0,0.0
g_n40_e120_k2_high_89,g_n40_e120_k2_high_89_p6,train,0.05,6,64,0,0.0
g_n40_e120_k2_high_89,g_n40_e120_k2_high_89_p6,train,0.1,12,64,0,0.0
g_n40_e120_k2_high_89,g_n40_e120_k2_high_89_p6,train,0.15,18,64,1,0.015625
g_n40_e120_k2_high_89,g_n40_e120_k2_high_89_p12,train,0.05,6,64,0,0.0
g_n40_e120_k2_high_89,g_n40_e120_k2_high_89_p12,train,0.1,11,64,0,0.0
g_n40_e120_k2_high_89,g_n40_e120_k2_high_89_p12,train,0.15,17,64,3,0.046875
g_n40_e120_k3_low_00,g_n40_e120_k3_low_00_p0,test,0.05,6,64,0,0.0
g_n40_e120_k3_low_00,g_n40_e120_k3_low_00_p0,test,0.1,12,64,0,0.0
g_n40_e120_k3_low_00,g_n40_e120_k3_low_00_p0,test,0.15,18,64,2,0.03125
g_n40_e120_k3_low_00,g_n40_e120_k3_low_00_p6,test,0.05,6,64,0,0.0
g_n40_e120_k3_low_00,g_n40_e120_k3_low_00_p6,test,0.1,12,64,0,0.0
g_n40_e120_k3_low_00,g_n40_e120_k3_low_00_p6,test,0.15,18,64,0,0.0
g_n40_e120_k3_low_00,g_n40_e120_k3_low_00_p12,test,0.05,6,64,0,0.0
g_n40_e120_k3_low_00,g_n40_e120_k3_low_00_p12,test,0.1,11,64,1,0.015625
g_n40_e120_k3_low_00,g_n40_e120_k3_low_00_p12,test,0.15,17,64,5,0.078125
g_n40_e120_k3_low_01,g_n40_e120_k3_low_01_p0,train,0.05,6,64,0,0.0
g_n40_e120_k3_low_01,g_n40_e120_k3_low_01_p0,train,0.1,12,64,0,0.0
g_n40_e120_k3_low_01,g_n40_e120_k3_low_01_p0,train,0.15,18,64,0,0.0
g_n40_e120_k3_low_01,g_n40_e120_k3_low_01_p6,train,0.05,6,64,0,0.0
g_n40_e120_k3_low_01,g_n40_e120_k3_low_01_p6,train,0.1,12,64,0,0.0
g_n40_e120_k3_low_01,g_n40_e120_k3_low_01_p6,train,0.15,18,64,2,0.03125
g_n40_e120_k3_low_01,g_n40_e120_k3_low_01_p12,train,0.05,6,64,0,0.0
g_n40_e120_k3_low_01,g_n40_e120_k3_low_01_p12,train,0.1,11,64,0,0.0
g_n40_e120_k3_low_01,g_n40_e120_k3_low_01_p12,train,0.15,17,64,1,0.015625
g_n40_e120_k3_low_02,g_n40_e120_k3_low_02_p0,train,0.05,6,64,0,0.0
g_n40_e120_k3_low_02,g_n40_e120_k3_low_02_p0,train,0.1,12,64,0,0.0
g_n40_e120_k3_low_02,g_n40_e120_k3_low_02_p0,train,0.15,18,64,0,0.0
g_n40_e120_k3_low_02,g_n40_e120_k3_low_02_p6,train,0.05,6,64,0,0.0
g_n40_e120_k3_low_02,g_n40_e120_k3_low_02_p6,train,0.1,12,64,1,0.015625
g_n40_e120_k3_low_02,g_n40_e120_k3_low_02_p6,train,0.15,18,64,4,0.0625
g_n40_e120_k3_low_02,g_n40_e120_k3_low_02_p12,train,0.05,6,64,1,0.015625
g_n40_e120_k3_low_02,g_n40_e120_k3_low_02_p12,train,0.1,11,64,1,0.015625
g_n40_e120_k3_low_02,g_n40_e120_k3_low_02_p12,train,0.15,17,64,8,0.125
g_n40_e120_k3_low_03,g_n40_e120_k3_low_03_p0,train,0.05,6,64,0,0.0
g_n40_e120_k3_low_03,g_n40_e120_k3_low_03_p0,train,0.1,12,64,1,0.015625
g_n40_e120_k3_low_03,g_n40_e120_k3_low_03_p0,train,0.15,18,64,1,0.015625
g_n40_e120_k3_low_03,g_n40_e120_k3_low_03_p6,train,0.05,6,64,0,0.0
g_n40_e120_k3_low_03,g_n40_e120_k3_low_03_p6,train,0.1,12,64,0,0.0
g_n40_e120_k3_low_03,g_n40_e120_k3_low_03_p6,train,0.15,18,64,0,0.0
g_n40_e120_k3_low_03,g_n40_e120_k3_low_03_p12,train,0.05,6,64,0,0.0
g_n40_e120_k3_low_03,g_n40_e120_k3_low_03_p12,train,0.1,11,64,1,0.015625
g_n40_e120_k3_low_03,g_n40_e120_k3_low_03_p12,train,0.15,17,64,8,0.125
g_n40_e120_k3_low_04,g_n40_e120_k3_low_04_p0,train,0.05,6,64,0,0.0
g_n40_e120_k3_low_04,g_n40_e120_k3_low_04_p0,train,0.1,12,64,0,0.0
g_n40_e120_k3_low_04,g_n40_e120_k3_low_04_p0,train,0.15,18,64,1,0.015625
g_n40_e120_k3_low_04,g_n40_e120_k3_low_04_p6,train,0.05,6,64,0,0.0
g_n40_e120_k3_low_04,g_n40_e120_k3_low_04_p6,train,0.1,12,64,0,0.0
g_n40_e120_k3_low_04,g_n40_e120_k3_low_04_p6,train,0.15,18,64,3,0.046875
g_n40_e120_k3_low_04,g_n40_e120_k3_low_04_p12,train,0.05,6,64,0,0.0
g_n40_e120_k3_low_04,g_n40_e120_k3_low_04_p12,train,0.1,11,64,2,0.03125
g_n40_e120_k3_low_04,g_n40_e120_k3_low_04_p12,train,0.15,17,64,3,0.046875
g_n40_e120_k3_low_05,g_n40_e120_k3_low_05_p0,validation,0.05,6,64,0,0.0
g_n40_e120_k3_low_05,g_n40_e120_k3_low_05_p0,validation,0.1,12,64,1,0.015625
g_n40_e120_k3_low_05,g_n40_e120_k3_low_05_p0,validation,0.15,18,64,1,0.015625
g_n40_e120_k3_low_05,g_n40_e120_k3_low_05_p6,validation,0.05,6,64,0,0.0
g_n40_e120_k3_low_05,g_n40_e120_k3_low_05_p6,validation,0.1,12,64,0,0.0
g_n40_e120_k3_low_05,g_n40_e120_k3_low_05_p6,validation,0.15,18,64,2,0.03125
g_n40_e120_k3_low_05,g_n40_e120_k3_low_05_p12,validation,0.05,6,64,0,0.0
g_n40_e120_k3_low_05,g_n40_e120_k3_low_05_p12,validation,0.1,11,64,0,0.0
g_n40_e120_k3_low_05,g_n40_e120_k3_low_05_p12,validation,0.15,17,64,3,0.046875
g_n40_e120_k3_low_06,g_n40_e120_k3_low_06_p0,train,0.05,6,64,0,0.0
g_n40_e120_k3_low_06,g_n40_e120_k3_low_06_p0,train,0.1,12,64,1,0.015625
g_n40_e120_k3_low_06,g_n40_e120_k3_low_06_p0,train,0.15,18,64,4,0.0625
g_n40_e120_k3_low_06,g_n40_e120_k3_low_06_p6,train,0.05,6,64,0,0.0
g_n40_e120_k3_low_06,g_n40_e120_k3_low_06_p6,train,0.1,12,64,0,0.0
g_n40_e120_k3_low_06,g_n40_e120_k3_low_06_p6,train,0.15,18,64,1,0.015625
g_n40_e120_k3_low_06,g_n40_e120_k3_low_06_p12,train,0.05,6,64,0,0.0
g_n40_e120_k3_low_06,g_n40_e120_k3_low_06_p12,train,0.1,11,64,1,0.015625
g_n40_e120_k3_low_06,g_n40_e120_k3_low_06_p12,train,0.15,17,64,1,0.015625
g_n40_e120_k3_low_07,g_n40_e120_k3_low_07_p0,validation,0.05,6,64,0,0.0
g_n40_e120_k3_low_07,g_n40_e120_k3_low_07_p0,validation,0.1,12,64,0,0.0
g_n40_e120_k3_low_07,g_n40_e120_k3_low_07_p0,validation,0.15,18,64,3,0.046875
g_n40_e120_k3_low_07,g_n40_e120_k3_low_07_p6,validation,0.05,6,64,0,0.0
g_n40_e120_k3_low_07,g_n40_e120_k3_low_07_p6,validation,0.1,12,64,3,0.046875
g_n40_e120_k3_low_07,g_n40_e120_k3_low_07_p6,validation,0.15,18,64,7,0.109375
g_n40_e120_k3_low_07,g_n40_e120_k3_low_07_p12,validation,0.05,6,64,1,0.015625
g_n40_e120_k3_low_07,g_n40_e120_k3_low_07_p12,validation,0.1,11,64,2,0.03125
g_n40_e120_k3_low_07,g_n40_e120_k3_low_07_p12,validation,0.15,17,64,3,0.046875
g_n40_e120_k3_low_08,g_n40_e120_k3_low_08_p0,validation,0.05,6,64,0,0.0
g_n40_e120_k3_low_08,g_n40_e120_k3_low_08_p0,validation,0.1,12,64,0,0.0
g_n40_e120_k3_low_08,g_n40_e120_k3_low_08_p0,validation,0.15,18,64,0,0.0
g_n40_e120_k3_low_08,g_n40_e120_k3_low_08_p6,validation,0.05,6,64,0,0.0
g_n40_e120_k3_low_08,g_n40_e120_k3_low_08_p6,validation,0.1,12,64,1,0.015625
g_n40_e120_k3_low_08,g_n40_e120_k3_low_08_p6,validation,0.15,18,64,3,0.046875
g_n40_e120_k3_low_08,g_n40_e120_k3_low_08_p12,validation,0.05,6,64,7,0.109375
g_n40_e120_k3_low_08,g_n40_e120_k3_low_08_p12,validation,0.1,11,64,11,0.171875
g_n40_e120_k3_low_08,g_n40_e120_k3_low_08_p12,validation,0.15,17,64,16,0.25
g_n40_e120_k3_low_09,g_n40_e120_k3_low_09_p0,validation,0.05,6,64,0,0.0
g_n40_e120_k3_low_09,g_n40_e120_k3_low_09_p0,validation,0.1,12,64,0,0.0
g_n40_e120_k3_low_09,g_n40_e120_k3_low_09_p0,validation,0.15,18,64,1,0.015625
g_n40_e120_k3_low_09,g_n40_e120_k3_low_09_p6,validation,0.05,6,64,0,0.0
g_n40_e120_k3_low_09,g_n40_e120_k3_low_09_p6,validation,0.1,12,64,0,0.0
g_n40_e120_k3_low_09,g_n40_e120_k3_low_09_p6,validation,0.15,18,64,2,0.03125
g_n40_e120_k3_low_09,g_n40_e120_k3_low_09_p12,validation,0.05,6,64,0,0.0
g_n40_e120_k3_low_09,g_n40_e120_k3_low_09_p12,validation,0.1,11,64,1,0.015625
g_n40_e120_k3_low_09,g_n40_e120_k3_low_09_p12,validation,0.15,17,64,5,0.078125
g_n40_e120_k3_low_10,g_n40_e120_k3_low_10_p0,test,0.05,6,64,0,0.0
g_n40_e120_k3_low_10,g_n40_e120_k3_low_10_p0,test,0.1,12,64,1,0.015625
g_n40_e120_k3_low_10,g_n40_e120_k3_low_10_p0,test,0.15,18,64,2,0.03125
g_n40_e120_k3_low_10,g_n40_e120_k3_low_10_p6,test,0.05,6,64,0,0.0
g_n40_e120_k3_low_10,g_n40_e120_k3_low_10_p6,test,0.1,12,64,0,0.0
g_n40_e120_k3_low_10,g_n40_e120_k3_low_10_p6,test,0.15,18,64,5,0.078125
g_n40_e120_k3_low_10,g_n40_e120_k3_low_10_p12,test,0.05,6,64,0,0.0
g_n40_e120_k3_low_10,g_n40_e120_k3_low_10_p12,test,0.1,11,64,1,0.015625
g_n40_e120_k3_low_10,g_n40_e120_k3_low_10_p12,test,0.15,17,64,3,0.046875
g_n40_e120_k3_low_11,g_n40_e120_k3_low_11_p0,train,0.05,6,64,0,0.0
g_n40_e120_k3_low_11,g_n40_e120_k3_low_11_p0,train,0.1,12,64,0,0.0
g_n40_e120_k3_low_11,g_n40_e120_k3_low_11_p0,train,0.15,18,64,1,0.015625
g_n40_e120_k3_low_11,g_n40_e120_k3_low_11_p6,train,0.05,6,64,0,0.0
g_n40_e120_k3_low_11,g_n40_e120_k3_low_11_p6,train,0.1,12,64,1,0.015625
g_n40_e120_k3_low_11,g_n40_e120_k3_low_11_p6,train,0.15,18,64,2,0.03125
g_n40_e120_k3_low_11,g_n40_e120_k3_low_11_p12,train,0.05,6,64,1,0.015625
g_n40_e120_k3_low_11,g_n40_e120_k3_low_11_p12,train,0.1,11,64,1,0.015625
g_n40_e120_k3_low_11,g_n40_e120_k3_low_11_p12,train,0.15,17,64,7,0.109375
g_n40_e120_k3_low_12,g_n40_e120_k3_low_12_p0,train,0.05,6,64,0,0.0
g_n40_e120_k3_low_12,g_n40_e120_k3_low_12_p0,train,0.1,12,64,0,0.0
g_n40_e120_k3_low_12,g_n40_e120_k3_low_12_p0,train,0.15,18,64,1,0.015625
g_n40_e120_k3_low_12,g_n40_e120_k3_low_12_p6,train,0.05,6,64,0,0.0
g_n40_e120_k3_low_12,g_n40_e120_k3_low_12_p6,train,0.1,12,64,1,0.015625
g_n40_e120_k3_low_12,g_n40_e120_k3_low_12_p6,train,0.15,18,64,5,0.078125
g_n40_e120_k3_low_12,g_n40_e120_k3_low_12_p12,train,0.05,6,64,0,0.0
g_n40_e120_k3_low_12,g_n40_e120_k3_low_12_p12,train,0.1,11,64,0,0.0
g_n40_e120_k3_low_12,g_n40_e120_k3_low_12_p12,train,0.15,17,64,3,0.046875
g_n40_e120_k3_low_13,g_n40_e120_k3_low_13_p0,train,0.05,6,64,0,0.0
g_n40_e120_k3_low_13,g_n40_e120_k3_low_13_p0,train,0.1,12,64,2,0.03125
g_n40_e120_k3_low_13,g_n40_e120_k3_low_13_p0,train,0.15,18,64,3,0.046875
g_n40_e120_k3_low_13,g_n40_e120_k3_low_13_p6,train,0.05,6,64,0,0.0
g_n40_e120_k3_low_13,g_n40_e120_k3_low_13_p6,train,0.1,12,64,1,0.015625
g_n40_e120_k3_low_13,g_n40_e120_k3_low_13_p6,train,0.15,18,64,4,0.0625
g_n40_e120_k3_low_13,g_n40_e120_k3_low_13_p12,train,0.05,6,64,0,0.0
g_n40_e120_k3_low_13,g_n40_e120_k3_low_13_p12,train,0.1,11,64,0,0.0
g_n40_e120_k3_low_13,g_n40_e120_k3_low_13_p12,train,0.15,17,64,5,0.078125
g_n40_e120_k3_low_14,g_n40_e120_k3_low_14_p0,train,0.05,6,64,0,0.0
g_n40_e120_k3_low_14,g_n40_e120_k3_low_14_p0,train,0.1,12,64,0,0.0
g_n40_e120_k3_low_14,g_n40_e120_k3_low_14_p0,train,0.15,18,64,1,0.015625
g_n40_e120_k3_low_14,g_n40_e120_k3_low_14_p6,train,0.05,6,64,0,0.0
g_n40_e120_k3_low_14,g_n40_e120_k3_low_14_p6,train,0.1,12,64,0,0.0
g_n40_e120_k3_low_14,g_n40_e120_k3_low_14_p6,train,0.15,18,64,2,0.03125
g_n40_e120_k3_low_14,g_n40_e120_k3_low_14_p12,train,0.05,6,64,0,0.0
g_n40_e120_k3_low_14,g_n40_e120_k3_low_14_p12,train,0.1,11,64,1,0.015625
g_n40_e120_k3_low_14,g_n40_e120_k3_low_14_p12,train,0.15,17,64,1,0.015625
g_n40_e120_k3_low_15,g_n40_e120_k3_low_15_p0,validation,0.05,6,64,0,0.0
g_n40_e120_k3_low_15,g_n40_e120_k3_low_15_p0,validation,0.1,12,64,0,0.0
g_n40_e120_k3_low_15,g_n40_e120_k3_low_15_p0,validation,0.15,18,64,3,0.046875
g_n40_e120_k3_low_15,g_n40_e120_k3_low_15_p6,validation,0.05,6,64,0,0.0
g_n40_e120_k3_low_15,g_n40_e120_k3_low_15_p6,validation,0.1,12,64,0,0.0
g_n40_e120_k3_low_15,g_n40_e120_k3_low_15_p6,validation,0.15,18,64,1,0.015625
g_n40_e120_k3_low_15,g_n40_e120_k3_low_15_p12,validation,0.05,6,64,0,0.0
g_n40_e120_k3_low_15,g_n40_e120_k3_low_15_p12,validation,0.1,11,64,3,0.046875
g_n40_e120_k3_low_15,g_n40_e120_k3_low_15_p12,validation,0.15,17,64,4,0.0625
g_n40_e120_k3_low_16,g_n40_e120_k3_low_16_p0,test,0.05,6,64,0,0.0
g_n40_e120_k3_low_16,g_n40_e120_k3_low_16_p0,test,0.1,12,64,0,0.0
g_n40_e120_k3_low_16,g_n40_e120_k3_low_16_p0,test,0.15,18,64,1,0.015625
g_n40_e120_k3_low_16,g_n40_e120_k3_low_16_p6,test,0.05,6,64,0,0.0
g_n40_e120_k3_low_16,g_n40_e120_k3_low_16_p6,test,0.1,12,64,1,0.015625
g_n40_e120_k3_low_16,g_n40_e120_k3_low_16_p6,test,0.15,18,64,3,0.046875
g_n40_e120_k3_low_16,g_n40_e120_k3_low_16_p12,test,0.05,6,64,4,0.0625
g_n40_e120_k3_low_16,g_n40_e120_k3_low_16_p12,test,0.1,11,64,6,0.09375
g_n40_e120_k3_low_16,g_n40_e120_k3_low_16_p12,test,0.15,17,64,13,0.203125
g_n40_e120_k3_low_17,g_n40_e120_k3_low_17_p0,train,0.05,6,64,0,0.0
g_n40_e120_k3_low_17,g_n40_e120_k3_low_17_p0,train,0.1,12,64,1,0.015625
g_n40_e120_k3_low_17,g_n40_e120_k3_low_17_p0,train,0.15,18,64,1,0.015625
g_n40_e120_k3_low_17,g_n40_e120_k3_low_17_p6,train,0.05,6,64,0,0.0
g_n40_e120_k3_low_17,g_n40_e120_k3_low_17_p6,train,0.1,12,64,0,0.0
g_n40_e120_k3_low_17,g_n40_e120_k3_low_17_p6,train,0.15,18,64,0,0.0
g_n40_e120_k3_low_17,g_n40_e120_k3_low_17_p12,train,0.05,6,64,3,0.046875
g_n40_e120_k3_low_17,g_n40_e120_k3_low_17_p12,train,0.1,11,64,7,0.109375
g_n40_e120_k3_low_17,g_n40_e120_k3_low_17_p12,train,0.15,17,64,11,0.171875
g_n40_e120_k3_low_18,g_n40_e120_k3_low_18_p0,train,0.05,6,64,0,0.0
g_n40_e120_k3_low_18,g_n40_e120_k3_low_18_p0,train,0.1,12,64,0,0.0
g_n40_e120_k3_low_18,g_n40_e120_k3_low_18_p0,train,0.15,18,64,1,0.015625
g_n40_e120_k3_low_18,g_n40_e120_k3_low_18_p6,train,0.05,6,64,0,0.0
g_n40_e120_k3_low_18,g_n40_e120_k3_low_18_p6,train,0.1,12,64,1,0.015625
g_n40_e120_k3_low_18,g_n40_e120_k3_low_18_p6,train,0.15,18,64,2,0.03125
g_n40_e120_k3_low_18,g_n40_e120_k3_low_18_p12,train,0.05,6,64,1,0.015625
g_n40_e120_k3_low_18,g_n40_e120_k3_low_18_p12,train,0.1,11,64,3,0.046875
g_n40_e120_k3_low_18,g_n40_e120_k3_low_18_p12,train,0.15,17,64,6,0.09375
g_n40_e120_k3_low_19,g_n40_e120_k3_low_19_p0,test,0.05,6,64,0,0.0
g_n40_e120_k3_low_19,g_n40_e120_k3_low_19_p0,test,0.1,12,64,1,0.015625
g_n40_e120_k3_low_19,g_n40_e120_k3_low_19_p0,test,0.15,18,64,2,0.03125
g_n40_e120_k3_low_19,g_n40_e120_k3_low_19_p6,test,0.05,6,64,0,0.0
g_n40_e120_k3_low_19,g_n40_e120_k3_low_19_p6,test,0.1,12,64,1,0.015625
g_n40_e120_k3_low_19,g_n40_e120_k3_low_19_p6,test,0.15,18,64,2,0.03125
g_n40_e120_k3_low_19,g_n40_e120_k3_low_19_p12,test,0.05,6,64,0,0.0
g_n40_e120_k3_low_19,g_n40_e120_k3_low_19_p12,test,0.1,11,64,1,0.015625
g_n40_e120_k3_low_19,g_n40_e120_k3_low_19_p12,test,0.15,17,64,5,0.078125
g_n40_e120_k3_low_20,g_n40_e120_k3_low_20_p0,train,0.05,6,64,0,0.0
g_n40_e120_k3_low_20,g_n40_e120_k3_low_20_p0,train,0.1,12,64,0,0.0
g_n40_e120_k3_low_20,g_n40_e120_k3_low_20_p0,train,0.15,18,64,1,0.015625
g_n40_e120_k3_low_20,g_n40_e120_k3_low_20_p6,train,0.05,6,64,0,0.0
g_n40_e120_k3_low_20,g_n40_e120_k3_low_20_p6,train,0.1,12,64,0,0.0
g_n40_e120_k3_low_20,g_n40_e120_k3_low_20_p6,train,0.15,18,64,1,0.015625
g_n40_e120_k3_low_20,g_n40_e120_k3_low_20_p12,train,0.05,6,64,0,0.0
g_n40_e120_k3_low_20,g_n40_e120_k3_low_20_p12,train,0.1,11,64,0,0.0
g_n40_e120_k3_low_20,g_n40_e120_k3_low_20_p12,train,0.15,17,64,1,0.015625
g_n40_e120_k3_low_21,g_n40_e120_k3_low_21_p0,train,0.05,6,64,0,0.0
g_n40_e120_k3_low_21,g_n40_e120_k3_low_21_p0,train,0.1,12,64,0,0.0
g_n40_e120_k3_low_21,g_n40_e120_k3_low_21_p0,train,0.15,18,64,0,0.0
g_n40_e120_k3_low_21,g_n40_e120_k3_low_21_p6,train,0.05,6,64,0,0.0
g_n40_e120_k3_low_21,g_n40_e120_k3_low_21_p6,train,0.1,12,64,0,0.0
g_n40_e120_k3_low_21,g_n40_e120_k3_low_21_p6,train,0.15,18,64,1,0.015625
g_n40_e120_k3_low_21,g_n40_e120_k3_low_21_p12,train,0.05,6,64,0,0.0
g_n40_e120_k3_low_21,g_n40_e120_k3_low_21_p12,train,0.1,11,64,1,0.015625
g_n40_e120_k3_low_21,g_n40_e120_k3_low_21_p12,train,0.15,17,64,4,0.0625
g_n40_e120_k3_low_22,g_n40_e120_k3_low_22_p0,test,0.05,6,64,0,0.0
g_n40_e120_k3_low_22,g_n40_e120_k3_low_22_p0,test,0.1,12,64,0,0.0
g_n40_e120_k3_low_22,g_n40_e120_k3_low_22_p0,test,0.15,18,64,2,0.03125
g_n40_e120_k3_low_22,g_n40_e120_k3_low_22_p6,test,0.05,6,64,0,0.0
g_n40_e120_k3_low_22,g_n40_e120_k3_low_22_p6,test,0.1,12,64,4,0.0625
g_n40_e120_k3_low_22,g_n40_e120_k3_low_22_p6,test,0.15,18,64,5,0.078125
g_n40_e120_k3_low_22,g_n40_e120_k3_low_22_p12,test,0.05,6,64,0,0.0
g_n40_e120_k3_low_22,g_n40_e120_k3_low_22_p12,test,0.1,11,64,2,0.03125
g_n40_e120_k3_low_22,g_n40_e120_k3_low_22_p12,test,0.15,17,64,7,0.109375
g_n40_e120_k3_low_23,g_n40_e120_k3_low_23_p0,train,0.05,6,64,0,0.0
g_n40_e120_k3_low_23,g_n40_e120_k3_low_23_p0,train,0.1,12,64,0,0.0
g_n40_e120_k3_low_23,g_n40_e120_k3_low_23_p0,train,0.15,18,64,0,0.0
g_n40_e120_k3_low_23,g_n40_e120_k3_low_23_p6,train,0.05,6,64,0,0.0
g_n40_e120_k3_low_23,g_n40_e120_k3_low_23_p6,train,0.1,12,64,0,0.0
g_n40_e120_k3_low_23,g_n40_e120_k3_low_23_p6,train,0.15,18,64,2,0.03125
g_n40_e120_k3_low_23,g_n40_e120_k3_low_23_p12,train,0.05,6,64,0,0.0
g_n40_e120_k3_low_23,g_n40_e120_k3_low_23_p12,train,0.1,11,64,0,0.0
g_n40_e120_k3_low_23,g_n40_e120_k3_low_23_p12,train,0.15,17,64,2,0.03125
g_n40_e120_k3_low_24,g_n40_e120_k3_low_24_p0,train,0.05,6,64,0,0.0
g_n40_e120_k3_low_24,g_n40_e120_k3_low_24_p0,train,0.1,12,64,0,0.0
g_n40_e120_k3_low_24,g_n40_e120_k3_low_24_p0,train,0.15,18,64,1,0.015625
g_n40_e120_k3_low_24,g_n40_e120_k3_low_24_p6,train,0.05,6,64,0,0.0
g_n40_e120_k3_low_24,g_n40_e120_k3_low_24_p6,train,0.1,12,64,0,0.0
g_n40_e120_k3_low_24,g_n40_e120_k3_low_24_p6,train,0.15,18,64,2,0.03125
g_n40_e120_k3_low_24,g_n40_e120_k3_low_24_p12,train,0.05,6,64,1,0.015625
g_n40_e120_k3_low_24,g_n40_e120_k3_low_24_p12,train,0.1,11,64,1,0.015625
g_n40_e120_k3_low_24,g_n40_e120_k3_low_24_p12,train,0.15,17,64,6,0.09375
g_n40_e120_k3_low_25,g_n40_e120_k3_low_25_p0,train,0.05,6,64,0,0.0
g_n40_e120_k3_low_25,g_n40_e120_k3_low_25_p0,train,0.1,12,64,0,0.0
g_n40_e120_k3_low_25,g_n40_e120_k3_low_25_p0,train,0.15,18,64,0,0.0
g_n40_e120_k3_low_25,g_n40_e120_k3_low_25_p6,train,0.05,6,64,0,0.0
g_n40_e120_k3_low_25,g_n40_e120_k3_low_25_p6,train,0.1,12,64,0,0.0
g_n40_e120_k3_low_25,g_n40_e120_k3_low_25_p6,train,0.15,18,64,3,0.046875
g_n40_e120_k3_low_25,g_n40_e120_k3_low_25_p12,train,0.05,6,64,3,0.046875
g_n40_e120_k3_low_25,g_n40_e120_k3_low_25_p12,train,0.1,11,64,7,0.109375
g_n40_e120_k3_low_25,g_n40_e120_k3_low_25_p12,train,0.15,17,64,15,0.234375
g_n40_e120_k3_low_26,g_n40_e120_k3_low_26_p0,train,0.05,6,64,0,0.0
g_n40_e120_k3_low_26,g_n40_e120_k3_low_26_p0,train,0.1,12,64,0,0.0
g_n40_e120_k3_low_26,g_n40_e120_k3_low_26_p0,train,0.15,18,64,0,0.0
g_n40_e120_k3_low_26,g_n40_e120_k3_low_26_p6,train,0.05,6,64,0,0.0
g_n40_e120_k3_low_26,g_n40_e120_k3_low_26_p6,train,0.1,12,64,0,0.0
g_n40_e120_k3_low_26,g_n40_e120_k3_low_26_p6,train,0.15,18,64,3,0.046875
g_n40_e120_k3_low_26,g_n40_e120_k3_low_26_p12,train,0.05,6,64,3,0.046875
g_n40_e120_k3_low_26,g_n40_e120_k3_low_26_p12,train,0.1,11,64,5,0.078125
g_n40_e120_k3_low_26,g_n40_e120_k3_low_26_p12,train,0.15,17,64,13,0.203125
g_n40_e120_k3_low_27,g_n40_e120_k3_low_27_p0,validation,0.05,6,64,0,0.0
g_n40_e120_k3_low_27,g_n40_e120_k3_low_27_p0,validation,0.1,12,64,0,0.0
g_n40_e120_k3_low_27,g_n40_e120_k3_low_27_p0,validation,0.15,18,64,1,0.015625
g_n40_e120_k3_low_27,g_n40_e120_k3_low_27_p6,validation,0.05,6,64,0,0.0
g_n40_e120_k3_low_27,g_n40_e120_k3_low_27_p6,validation,0.1,12,64,2,0.03125
g_n40_e120_k3_low_27,g_n40_e120_k3_low_27_p6,validation,0.15,18,64,8,0.125
g_n40_e120_k3_low_27,g_n40_e120_k3_low_27_p12,validation,0.05,6,64,3,0.046875
g_n40_e120_k3_low_27,g_n40_e120_k3_low_27_p12,validation,0.1,11,64,4,0.0625
g_n40_e120_k3_low_27,g_n40_e120_k3_low_27_p12,validation,0.15,17,64,9,0.140625
g_n40_e120_k3_low_28,g_n40_e120_k3_low_28_p0,test,0.05,6,64,0,0.0
g_n40_e120_k3_low_28,g_n40_e120_k3_low_28_p0,test,0.1,12,64,0,0.0
g_n40_e120_k3_low_28,g_n40_e120_k3_low_28_p0,test,0.15,18,64,1,0.015625
g_n40_e120_k3_low_28,g_n40_e120_k3_low_28_p6,test,0.05,6,64,0,0.0
g_n40_e120_k3_low_28,g_n40_e120_k3_low_28_p6,test,0.1,12,64,0,0.0
g_n40_e120_k3_low_28,g_n40_e120_k3_low_28_p6,test,0.15,18,64,0,0.0
g_n40_e120_k3_low_28,g_n40_e120_k3_low_28_p12,test,0.05,6,64,0,0.0
g_n40_e120_k3_low_28,g_n40_e120_k3_low_28_p12,test,0.1,11,64,0,0.0
g_n40_e120_k3_low_28,g_n40_e120_k3_low_28_p12,test,0.15,17,64,2,0.03125
g_n40_e120_k3_low_29,g_n40_e120_k3_low_29_p0,train,0.05,6,64,0,0.0
g_n40_e120_k3_low_29,g_n40_e120_k3_low_29_p0,train,0.1,12,64,0,0.0
g_n40_e120_k3_low_29,g_n40_e120_k3_low_29_p0,train,0.15,18,64,1,0.015625
g_n40_e120_k3_low_29,g_n40_e120_k3_low_29_p6,train,0.05,6,64,0,0.0
g_n40_e120_k3_low_29,g_n40_e120_k3_low_29_p6,train,0.1,12,64,1,0.015625
g_n40_e120_k3_low_29,g_n40_e120_k3_low_29_p6,train,0.15,18,64,3,0.046875
g_n40_e120_k3_low_29,g_n40_e120_k3_low_29_p12,train,0.05,6,64,1,0.015625
g_n40_e120_k3_low_29,g_n40_e120_k3_low_29_p12,train,0.1,11,64,2,0.03125
g_n40_e120_k3_low_29,g_n40_e120_k3_low_29_p12,train,0.15,17,64,6,0.09375
g_n40_e120_k3_mid_30,g_n40_e120_k3_mid_30_p0,train,0.05,6,64,0,0.0
g_n40_e120_k3_mid_30,g_n40_e120_k3_mid_30_p0,train,0.1,12,64,0,0.0
g_n40_e120_k3_mid_30,g_n40_e120_k3_mid_30_p0,train,0.15,18,64,0,0.0
g_n40_e120_k3_mid_30,g_n40_e120_k3_mid_30_p6,train,0.05,6,64,0,0.0
g_n40_e120_k3_mid_30,g_n40_e120_k3_mid_30_p6,train,0.1,12,64,3,0.046875
g_n40_e120_k3_mid_30,g_n40_e120_k3_mid_30_p6,train,0.15,18,64,5,0.078125
g_n40_e120_k3_mid_30,g_n40_e120_k3_mid_30_p12,train,0.05,6,64,1,0.015625
g_n40_e120_k3_mid_30,g_n40_e120_k3_mid_30_p12,train,0.1,11,64,2,0.03125
g_n40_e120_k3_mid_30,g_n40_e120_k3_mid_30_p12,train,0.15,17,64,4,0.0625
g_n40_e120_k3_mid_31,g_n40_e120_k3_mid_31_p0,train,0.05,6,64,0,0.0
g_n40_e120_k3_mid_31,g_n40_e120_k3_mid_31_p0,train,0.1,12,64,1,0.015625
g_n40_e120_k3_mid_31,g_n40_e120_k3_mid_31_p0,train,0.15,18,64,1,0.015625
g_n40_e120_k3_mid_31,g_n40_e120_k3_mid_31_p6,train,0.05,6,64,0,0.0
g_n40_e120_k3_mid_31,g_n40_e120_k3_mid_31_p6,train,0.1,12,64,0,0.0
g_n40_e120_k3_mid_31,g_n40_e120_k3_mid_31_p6,train,0.15,18,64,2,0.03125
g_n40_e120_k3_mid_31,g_n40_e120_k3_mid_31_p12,train,0.05,6,64,0,0.0
g_n40_e120_k3_mid_31,g_n40_e120_k3_mid_31_p12,train,0.1,11,64,1,0.015625
g_n40_e120_k3_mid_31,g_n40_e120_k3_mid_31_p12,train,0.15,17,64,5,0.078125
g_n40_e120_k3_mid_32,g_n40_e120_k3_mid_32_p0,test,0.05,6,64,0,0.0
g_n40_e120_k3_mid_32,g_n40_e120_k3_mid_32_p0,test,0.1,12,64,0,0.0
g_n40_e120_k3_mid_32,g_n40_e120_k3_mid_32_p0,test,0.15,18,64,2,0.03125
g_n40_e120_k3_mid_32,g_n40_e120_k3_mid_32_p6,test,0.05,6,64,0,0.0
g_n40_e120_k3_mid_32,g_n40_e120_k3_mid_32_p6,test,0.1,12,64,1,0.015625
g_n40_e120_k3_mid_32,g_n40_e120_k3_mid_32_p6,test,0.15,18,64,5,0.078125
g_n40_e120_k3_mid_32,g_n40_e120_k3_mid_32_p12,test,0.05,6,64,4,0.0625
g_n40_e120_k3_mid_32,g_n40_e120_k3_mid_32_p12,test,0.1,11,64,8,0.125
g_n40_e120_k3_mid_32,g_n40_e120_k3_mid_32_p12,test,0.15,17,64,14,0.21875
g_n40_e120_k3_mid_33,g_n40_e120_k3_mid_33_p0,validation,0.05,6,64,0,0.0
g_n40_e120_k3_mid_33,g_n40_e120_k3_mid_33_p0,validation,0.1,12,64,1,0.015625
g_n40_e120_k3_mid_33,g_n40_e120_k3_mid_33_p0,validation,0.15,18,64,1,0.015625
g_n40_e120_k3_mid_33,g_n40_e120_k3_mid_33_p6,validation,0.05,6,64,0,0.0
g_n40_e120_k3_mid_33,g_n40_e120_k3_mid_33_p6,validation,0.1,12,64,0,0.0
g_n40_e120_k3_mid_33,g_n40_e120_k3_mid_33_p6,validation,0.15,18,64,1,0.015625
g_n40_e120_k3_mid_33,g_n40_e120_k3_mid_33_p12,validation,0.05,6,64,0,0.0
g_n40_e120_k3_mid_33,g_n40_e120_k3_mid_33_p12,validation,0.1,11,64,0,0.0
g_n40_e120_k3_mid_33,g_n40_e120_k3_mid_33_p12,validation,0.15,17,64,2,0.03125
g_n40_e120_k3_mid_34,g_n40_e120_k3_mid_34_p0,train,0.05,6,64,0,0.0
g_n40_e120_k3_mid_34,g_n40_e120_k3_mid_34_p0,train,0.1,12,64,0,0.0
g_n40_e120_k3_mid_34,g_n40_e120_k3_mid_34_p0,train,0.15,18,64,0,0.0
g_n40_e120_k3_mid_34,g_n40_e120_k3_mid_34_p6,train,0.05,6,64,0,0.0
g_n40_e120_k3_mid_34,g_n40_e120_k3_mid_34_p6,train,0.1,12,64,1,0.015625
g_n40_e120_k3_mid_34,g_n40_e120_k3_mid_34_p6,train,0.15,18,64,2,0.03125
g_n40_e120_k3_mid_34,g_n40_e120_k3_mid_34_p12,train,0.05,6,64,1,0.015625
g_n40_e120_k3_mid_34,g_n40_e120_k3_mid_34_p12,train,0.1,11,64,2,0.03125
g_n40_e120_k3_mid_34,g_n40_e120_k3_mid_34_p12,train,0.15,17,64,5,0.078125
g_n40_e120_k3_mid_35,g_n40_e120_k3_mid_35_p0,train,0.05,6,64,0,0.0
g_n40_e120_k3_mid_35,g_n40_e120_k3_mid_35_p0,train,0.1,12,64,0,0.0
g_n40_e120_k3_mid_35,g_n40_e120_k3_mid_35_p0,train,0.15,18,64,1,0.015625
g_n40_e120_k3_mid_35,g_n40_e120_k3_mid_35_p6,train,0.05,6,64,0,0.0
g_n40_e120_k3_mid_35,g_n40_e120_k3_mid_35_p6,train,0.1,12,64,3,0.046875
g_n40_e120_k3_mid_35,g_n40_e120_k3_mid_35_p6,train,0.15,18,64,5,0.078125
g_n40_e120_k3_mid_35,g_n40_e120_k3_mid_35_p12,train,0.05,6,64,1,0.015625
g_n40_e120_k3_mid_35,g_n40_e120_k3_mid_35_p12,train,0.1,11,64,3,0.046875
g_n40_e120_k3_mid_35,g_n40_e120_k3_mid_35_p12,train,0.15,17,64,3,0.046875
g_n40_e120_k3_mid_36,g_n40_e120_k3_mid_36_p0,train,0.05,6,64,0,0.0
g_n40_e120_k3_mid_36,g_n40_e120_k3_mid_36_p0,train,0.1,12,64,0,0.0
g_n40_e120_k3_mid_36,g_n40_e120_k3_mid_36_p0,train,0.15,18,64,0,0.0
g_n40_e120_k3_mid_36,g_n40_e120_k3_mid_36_p6,train,0.05,6,64,0,0.0
g_n40_e120_k3_mid_36,g_n40_e120_k3_mid_36_p6,train,0.1,12,64,2,0.03125
g_n40_e120_k3_mid_36,g_n40_e120_k3_mid_36_p6,train,0.15,18,64,3,0.046875
g_n40_e120_k3_mid_36,g_n40_e120_k3_mid_36_p12,train,0.05,6,64,0,0.0
g_n40_e120_k3_mid_36,g_n40_e120_k3_mid_36_p12,train,0.1,11,64,1,0.015625
g_n40_e120_k3_mid_36,g_n40_e120_k3_mid_36_p12,train,0.15,17,64,6,0.09375
g_n40_e120_k3_mid_37,g_n40_e120_k3_mid_37_p0,test,0.05,6,64,0,0.0
g_n40_e120_k3_mid_37,g_n40_e120_k3_mid_37_p0,test,0.1,12,64,0,0.0
g_n40_e120_k3_mid_37,g_n40_e120_k3_mid_37_p0,test,0.15,18,64,0,0.0
g_n40_e120_k3_mid_37,g_n40_e120_k3_mid_37_p6,test,0.05,6,64,0,0.0
g_n40_e120_k3_mid_37,g_n40_e120_k3_mid_37_p6,test,0.1,12,64,0,0.0
g_n40_e120_k3_mid_37,g_n40_e120_k3_mid_37_p6,test,0.15,18,64,1,0.015625
g_n40_e120_k3_mid_37,g_n40_e120_k3_mid_37_p12,test,0.05,6,64,0,0.0
g_n40_e120_k3_mid_37,g_n40_e120_k3_mid_37_p12,test,0.1,11,64,0,0.0
g_n40_e120_k3_mid_37,g_n40_e120_k3_mid_37_p12,test,0.15,17,64,3,0.046875
g_n40_e120_k3_mid_38,g_n40_e120_k3_mid_38_p0,test,0.05,6,64,0,0.0
g_n40_e120_k3_mid_38,g_n40_e120_k3_mid_38_p0,test,0.1,12,64,1,0.015625
g_n40_e120_k3_mid_38,g_n40_e120_k3_mid_38_p0,test,0.15,18,64,2,0.03125
g_n40_e120_k3_mid_38,g_n40_e120_k3_mid_38_p6,test,0.05,6,64,0,0.0
g_n40_e120_k3_mid_38,g_n40_e120_k3_mid_38_p6,test,0.1,12,64,0,0.0
g_n40_e120_k3_mid_38,g_n40_e120_k3_mid_38_p6,test,0.15,18,64,3,0.046875
g_n40_e120_k3_mid_38,g_n40_e120_k3_mid_38_p12,test,0.05,6,64,0,0.0
g_n40_e120_k3_mid_38,g_n40_e120_k3_mid_38_p12,test,0.1,11,64,0,0.0
g_n40_e120_k3_mid_38,g_n40_e120_k3_mid_38_p12,test,0.15,17,64,2,0.03125
g_n40_e120_k3_mid_39,g_n40_e120_k3_mid_39_p0,train,0.05,6,64,0,0.0
g_n40_e120_k3_mid_39,g_n40_e120_k3_mid_39_p0,train,0.1,12,64,0,0.0
g_n40_e120_k3_mid_39,g_n40_e120_k3_mid_39_p0,train,0.15,18,64,0,0.0
g_n40_e120_k3_mid_39,g_n40_e120_k3_mid_39_p6,train,0.05,6,64,0,0.0
g_n40_e120_k3_mid_39,g_n40_e120_k3_mid_39_p6,train,0.1,12,64,0,0.0
g_n40_e120_k3_mid_39,g_n40_e120_k3_mid_39_p6,train,0.15,18,64,0,0.0
g_n40_e120_k3_mid_39,g_n40_e120_k3_mid_39_p12,train,0.05,6,64,0,0.0
g_n40_e120_k3_mid_39,g_n40_e120_k3_mid_39_p12,train,0.1,11,64,1,0.015625
g_n40_e120_k3_mid_39,g_n40_e120_k3_mid_39_p12,train,0.15,17,64,2,0.03125
g_n40_e120_k3_mid_40,g_n40_e120_k3_mid_40_p0,validation,0.05,6,64,0,0.0
g_n40_e120_k3_mid_40,g_n40_e120_k3_mid_40_p0,validation,0.1,12,64,0,0.0
g_n40_e120_k3_mid_40,g_n40_e120_k3_mid_40_p0,validation,0.15,18,64,0,0.0
g_n40_e120_k3_mid_40,g_n40_e120_k3_mid_40_p6,validation,0.05,6,64,0,0.0
g_n40_e120_k3_mid_40,g_n40_e120_k3_mid_40_p6,validation,0.1,12,64,2,0.03125
g_n40_e120_k3_mid_40,g_n40_e120_k3_mid_40_p6,validation,0.15,18,64,5,0.078125
g_n40_e120_k3_mid_40,g_n40_e120_k3_mid_40_p12,validation,0.05,6,64,0,0.0
g_n40_e120_k3_mid_40,g_n40_e120_k3_mid_40_p12,validation,0.1,11,64,2,0.03125
g_n40_e120_k3_mid_40,g_n40_e120_k3_mid_40_p12,validation,0.15,17,64,3,0.046875
g_n40_e120_k3_mid_41,g_n40_e120_k3_mid_41_p0,train,0.05,6,64,0,0.0
g_n40_e120_k3_mid_41,g_n40_e120_k3_mid_41_p0,train,0.1,12,64,0,0.0
g_n40_e120_k3_mid_41,g_n40_e120_k3_mid_41_p0,train,0.15,18,64,1,0.015625
g_n40_e120_k3_mid_41,g_n40_e120_k3_mid_41_p6,train,0.05,6,64,0,0.0
g_n40_e120_k3_mid_41,g_n40_e120_k3_mid_41_p6,train,0.1,12,64,5,0.078125
g_n40_e120_k3_mid_41,g_n40_e120_k3_mid_41_p6,train,0.15,18,64,15,0.234375
g_n40_e120_k3_mid_41,g_n40_e120_k3_mid_41_p12,train,0.05,6,64,1,0.015625
g_n40_e120_k3_mid_41,g_n40_e120_k3_mid_41_p12,train,0.1,11,64,1,0.015625
g_n40_e120_k3_mid_41,g_n40_e120_k3_mid_41_p12,train,0.15,17,64,4,0.0625
g_n40_e120_k3_mid_42,g_n40_e120_k3_mid_42_p0,train,0.05,6,64,0,0.0
g_n40_e120_k3_mid_42,g_n40_e120_k3_mid_42_p0,train,0.1,12,64,0,0.0
g_n40_e120_k3_mid_42,g_n40_e120_k3_mid_42_p0,train,0.15,18,64,1,0.015625
g_n40_e120_k3_mid_42,g_n40_e120_k3_mid_42_p6,train,0.05,6,64,0,0.0
g_n40_e120_k3_mid_42,g_n40_e120_k3_mid_42_p6,train,0.1,12,64,0,0.0
g_n40_e120_k3_mid_42,g_n40_e120_k3_mid_42_p6,train,0.15,18,64,1,0.015625
g_n40_e120_k3_mid_42,g_n40_e120_k3_mid_42_p12,train,0.05,6,64,4,0.0625
g_n40_e120_k3_mid_42,g_n40_e120_k3_mid_42_p12,train,0.1,11,64,11,0.171875
g_n40_e120_k3_mid_42,g_n40_e120_k3_mid_42_p12,train,0.15,17,64,17,0.265625
g_n40_e120_k3_mid_43,g_n40_e120_k3_mid_43_p0,train,0.05,6,64,0,0.0
g_n40_e120_k3_mid_43,g_n40_e120_k3_mid_43_p0,train,0.1,12,64,0,0.0
g_n40_e120_k3_mid_43,g_n40_e120_k3_mid_43_p0,train,0.15,18,64,0,0.0
g_n40_e120_k3_mid_43,g_n40_e120_k3_mid_43_p6,train,0.05,6,64,0,0.0
g_n40_e120_k3_mid_43,g_n40_e120_k3_mid_43_p6,train,0.1,12,64,0,0.0
g_n40_e120_k3_mid_43,g_n40_e120_k3_mid_43_p6,train,0.15,18,64,1,0.015625
g_n40_e120_k3_mid_43,g_n40_e120_k3_mid_43_p12,train,0.05,6,64,0,0.0
g_n40_e120_k3_mid_43,g_n40_e120_k3_mid_43_p12,train,0.1,11,64,3,0.046875
g_n40_e120_k3_mid_43,g_n40_e120_k3_mid_43_p12,train,0.15,17,64,7,0.109375
g_n40_e120_k3_mid_44,g_n40_e120_k3_mid_44_p0,train,0.05,6,64,0,0.0
g_n40_e120_k3_mid_44,g_n40_e120_k3_mid_44_p0,train,0.1,12,64,0,0.0
g_n40_e120_k3_mid_44,g_n40_e120_k3_mid_44_p0,train,0.15,18,64,0,0.0
g_n40_e120_k3_mid_44,g_n40_e120_k3_mid_44_p6,train,0.05,6,64,0,0.0
g_n40_e120_k3_mid_44,g_n40_e120_k3_mid_44_p6,train,0.1,12,64,1,0.015625
g_n40_e120_k3_mid_44,g_n40_e120_k3_mid_44_p6,train,0.15,18,64,1,0.015625
g_n40_e120_k3_mid_44,g_n40_e120_k3_mid_44_p12,train,0.05,6,64,3,0.046875
g_n40_e120_k3_mid_44,g_n40_e120_k3_mid_44_p12,train,0.1,11,64,5,0.078125
g_n40_e120_k3_mid_44,g_n40_e120_k3_mid_44_p12,train,0.15,17,64,15,0.234375
g_n40_e120_k3_mid_45,g_n40_e120_k3_mid_45_p0,test,0.05,6,64,0,0.0
g_n40_e120_k3_mid_45,g_n40_e120_k3_mid_45_p0,test,0.1,12,64,0,0.0
g_n40_e120_k3_mid_45,g_n40_e120_k3_mid_45_p0,test,0.15,18,64,0,0.0
g_n40_e120_k3_mid_45,g_n40_e120_k3_mid_45_p6,test,0.05,6,64,0,0.0
g_n40_e120_k3_mid_45,g_n40_e120_k3_mid_45_p6,test,0.1,12,64,1,0.015625
g_n40_e120_k3_mid_45,g_n40_e120_k3_mid_45_p6,test,0.15,18,64,2,0.03125
g_n40_e120_k3_mid_45,g_n40_e120_k3_mid_45_p12,test,0.05,6,64,0,0.0
g_n40_e120_k3_mid_45,g_n40_e120_k3_mid_45_p12,test,0.1,11,64,1,0.015625
g_n40_e120_k3_mid_45,g_n40_e120_k3_mid_45_p12,test,0.15,17,64,2,0.03125
g_n40_e120_k3_mid_46,g_n40_e120_k3_mid_46_p0,train,0.05,6,64,0,0.0
g_n40_e120_k3_mid_46,g_n40_e120_k3_mid_46_p0,train,0.1,12,64,0,0.0
g_n40_e120_k3_mid_46,g_n40_e120_k3_mid_46_p0,train,0.15,18,64,2,0.03125
g_n40_e120_k3_mid_46,g_n40_e120_k3_mid_46_p6,train,0.05,6,64,0,0.0
g_n40_e120_k3_mid_46,g_n40_e120_k3_mid_46_p6,train,0.1,12,64,0,0.0
g_n40_e120_k3_mid_46,g_n40_e120_k3_mid_46_p6,train,0.15,18,64,2,0.03125
g_n40_e120_k3_mid_46,g_n40_e120_k3_mid_46_p12,train,0.05,6,64,0,0.0
g_n40_e120_k3_mid_46,g_n40_e120_k3_mid_46_p12,train,0.1,11,64,0,0.0
g_n40_e120_k3_mid_46,g_n40_e120_k3_mid_46_p12,train,0.15,17,64,5,0.078125
g_n40_e120_k3_mid_47,g_n40_e120_k3_mid_47_p0,train,0.05,6,64,0,0.0
g_n40_e120_k3_mid_47,g_n40_e120_k3_mid_47_p0,train,0.1,12,64,1,0.015625
g_n40_e120_k3_mid_47,g_n40_e120_k3_mid_47_p0,train,0.15,18,64,1,0.015625
g_n40_e120_k3_mid_47,g_n40_e120_k3_mid_47_p6,train,0.05,6,64,0,0.0
g_n40_e120_k3_mid_47,g_n40_e120_k3_mid_47_p6,train,0.1,12,64,0,0.0
g_n40_e120_k3_mid_47,g_n40_e120_k3_mid_47_p6,train,0.15,18,64,0,0.0
g_n40_e120_k3_mid_47,g_n40_e120_k3_mid_47_p12,train,0.05,6,64,1,0.015625
g_n40_e120_k3_mid_47,g_n40_e120_k3_mid_47_p12,train,0.1,11,64,2,0.03125
g_n40_e120_k3_mid_47,g_n40_e120_k3_mid_47_p12,train,0.15,17,64,3,0.046875
g_n40_e120_k3_mid_48,g_n40_e120_k3_mid_48_p0,test,0.05,6,64,0,0.0
g_n40_e120_k3_mid_48,g_n40_e120_k3_mid_48_p0,test,0.1,12,64,1,0.015625
g_n40_e120_k3_mid_48,g_n40_e120_k3_mid_48_p0,test,0.15,18,64,1,0.015625
g_n40_e120_k3_mid_48,g_n40_e120_k3_mid_48_p6,test,0.05,6,64,0,0.0
g_n40_e120_k3_mid_48,g_n40_e120_k3_mid_48_p6,test,0.1,12,64,0,0.0
g_n40_e120_k3_mid_48,g_n40_e120_k3_mid_48_p6,test,0.15,18,64,2,0.03125
g_n40_e120_k3_mid_48,g_n40_e120_k3_mid_48_p12,test,0.05,6,64,0,0.0
g_n40_e120_k3_mid_48,g_n40_e120_k3_mid_48_p12,test,0.1,11,64,0,0.0
g_n40_e120_k3_mid_48,g_n40_e120_k3_mid_48_p12,test,0.15,17,64,3,0.046875
g_n40_e120_k3_mid_49,g_n40_e120_k3_mid_49_p0,validation,0.05,6,64,0,0.0
g_n40_e120_k3_mid_49,g_n40_e120_k3_mid_49_p0,validation,0.1,12,64,0,0.0
g_n40_e120_k3_mid_49,g_n40_e120_k3_mid_49_p0,validation,0.15,18,64,1,0.015625
g_n40_e120_k3_mid_49,g_n40_e120_k3_mid_49_p6,validation,0.05,6,64,0,0.0
g_n40_e120_k3_mid_49,g_n40_e120_k3_mid_49_p6,validation,0.1,12,64,1,0.015625
g_n40_e120_k3_mid_49,g_n40_e120_k3_mid_49_p6,validation,0.15,18,64,5,0.078125
g_n40_e120_k3_mid_49,g_n40_e120_k3_mid_49_p12,validation,0.05,6,64,5,0.078125
g_n40_e120_k3_mid_49,g_n40_e120_k3_mid_49_p12,validation,0.1,11,64,7,0.109375
g_n40_e120_k3_mid_49,g_n40_e120_k3_mid_49_p12,validation,0.15,17,64,10,0.15625
g_n40_e120_k3_mid_50,g_n40_e120_k3_mid_50_p0,train,0.05,6,64,0,0.0
g_n40_e120_k3_mid_50,g_n40_e120_k3_mid_50_p0,train,0.1,12,64,0,0.0
g_n40_e120_k3_mid_50,g_n40_e120_k3_mid_50_p0,train,0.15,18,64,1,0.015625
g_n40_e120_k3_mid_50,g_n40_e120_k3_mid_50_p6,train,0.05,6,64,0,0.0
g_n40_e120_k3_mid_50,g_n40_e120_k3_mid_50_p6,train,0.1,12,64,0,0.0
g_n40_e120_k3_mid_50,g_n40_e120_k3_mid_50_p6,train,0.15,18,64,1,0.015625
g_n40_e120_k3_mid_50,g_n40_e120_k3_mid_50_p12,train,0.05,6,64,0,0.0
g_n40_e120_k3_mid_50,g_n40_e120_k3_mid_50_p12,train,0.1,11,64,0,0.0
g_n40_e120_k3_mid_50,g_n40_e120_k3_mid_50_p12,train,0.15,17,64,2,0.03125
g_n40_e120_k3_mid_51,g_n40_e120_k3_mid_51_p0,train,0.05,6,64,0,0.0
g_n40_e120_k3_mid_51,g_n40_e120_k3_mid_51_p0,train,0.1,12,64,0,0.0
g_n40_e120_k3_mid_51,g_n40_e120_k3_mid_51_p0,train,0.15,18,64,0,0.0
g_n40_e120_k3_mid_51,g_n40_e120_k3_mid_51_p6,train,0.05,6,64,0,0.0
g_n40_e120_k3_mid_51,g_n40_e120_k3_mid_51_p6,train,0.1,12,64,0,0.0
g_n40_e120_k3_mid_51,g_n40_e120_k3_mid_51_p6,train,0.15,18,64,0,0.0
g_n40_e120_k3_mid_51,g_n40_e120_k3_mid_51_p12,train,0.05,6,64,1,0.015625
g_n40_e120_k3_mid_51,g_n40_e120_k3_mid_51_p12,train,0.1,11,64,2,0.03125
g_n40_e120_k3_mid_51,g_n40_e120_k3_mid_51_p12,train,0.15,17,64,3,0.046875
g_n40_e120_k3_mid_52,g_n40_e120_k3_mid_52_p0,train,0.05,6,64,0,0.0
g_n40_e120_k3_mid_52,g_n40_e120_k3_mid_52_p0,train,0.1,12,64,0,0.0
g_n40_e120_k3_mid_52,g_n40_e120_k3_mid_52_p0,train,0.15,18,64,2,0.03125
g_n40_e120_k3_mid_52,g_n40_e120_k3_mid_52_p6,train,0.05,6,64,0,0.0
g_n40_e120_k3_mid_52,g_n40_e120_k3_mid_52_p6,train,0.1,12,64,1,0.015625
g_n40_e120_k3_mid_52,g_n40_e120_k3_mid_52_p6,train,0.15,18,64,6,0.09375
g_n40_e120_k3_mid_52,g_n40_e120_k3_mid_52_p12,train,0.05,6,64,1,0.015625
g_n40_e120_k3_mid_52,g_n40_e120_k3_mid_52_p12,train,0.1,11,64,4,0.0625
g_n40_e120_k3_mid_52,g_n40_e120_k3_mid_52_p12,train,0.15,17,64,7,0.109375
g_n40_e120_k3_mid_53,g_n40_e120_k3_mid_53_p0,validation,0.05,6,64,0,0.0
g_n40_e120_k3_mid_53,g_n40_e120_k3_mid_53_p0,validation,0.1,12,64,0,0.0
g_n40_e120_k3_mid_53,g_n40_e120_k3_mid_53_p0,validation,0.15,18,64,1,0.015625
g_n40_e120_k3_mid_53,g_n40_e120_k3_mid_53_p6,validation,0.05,6,64,0,0.0
g_n40_e120_k3_mid_53,g_n40_e120_k3_mid_53_p6,validation,0.1,12,64,0,0.0
g_n40_e120_k3_mid_53,g_n40_e120_k3_mid_53_p6,validation,0.15,18,64,1,0.015625
g_n40_e120_k3_mid_53,g_n40_e120_k3_mid_53_p12,validation,0.05,6,64,0,0.0
g_n40_e120_k3_mid_53,g_n40_e120_k3_mid_53_p12,validation,0.1,11,64,0,0.0
g_n40_e120_k3_mid_53,g_n40_e120_k3_mid_53_p12,validation,0.15,17,64,0,0.0
g_n40_e120_k3_mid_54,g_n40_e120_k3_mid_54_p0,train,0.05,6,64,0,0.0
g_n40_e120_k3_mid_54,g_n40_e120_k3_mid_54_p0,train,0.1,12,64,0,0.0
g_n40_e120_k3_mid_54,g_n40_e120_k3_mid_54_p0,train,0.15,18,64,2,0.03125
g_n40_e120_k3_mid_54,g_n40_e120_k3_mid_54_p6,train,0.05,6,64,0,0.0
g_n40_e120_k3_mid_54,g_n40_e120_k3_mid_54_p6,train,0.1,12,64,1,0.015625
g_n40_e120_k3_mid_54,g_n40_e120_k3_mid_54_p6,train,0.15,18,64,2,0.03125
g_n40_e120_k3_mid_54,g_n40_e120_k3_mid_54_p12,train,0.05,6,64,0,0.0
g_n40_e120_k3_mid_54,g_n40_e120_k3_mid_54_p12,train,0.1,11,64,0,0.0
g_n40_e120_k3_mid_54,g_n40_e120_k3_mid_54_p12,train,0.15,17,64,2,0.03125
g_n40_e120_k3_mid_55,g_n40_e120_k3_mid_55_p0,validation,0.05,6,64,0,0.0
g_n40_e120_k3_mid_55,g_n40_e120_k3_mid_55_p0,validation,0.1,12,64,0,0.0
g_n40_e120_k3_mid_55,g_n40_e120_k3_mid_55_p0,validation,0.15,18,64,0,0.0
g_n40_e120_k3_mid_55,g_n40_e120_k3_mid_55_p6,validation,0.05,6,64,0,0.0
g_n40_e120_k3_mid_55,g_n40_e120_k3_mid_55_p6,validation,0.1,12,64,1,0.015625
g_n40_e120_k3_mid_55,g_n40_e120_k3_mid_55_p6,validation,0.15,18,64,5,0.078125
g_n40_e120_k3_mid_55,g_n40_e120_k3_mid_55_p12,validation,0.05,6,64,2,0.03125
g_n40_e120_k3_mid_55,g_n40_e120_k3_mid_55_p12,validation,0.1,11,64,6,0.09375
g_n40_e120_k3_mid_55,g_n40_e120_k3_mid_55_p12,validation,0.15,17,64,8,0.125
g_n40_e120_k3_mid_56,g_n40_e120_k3_mid_56_p0,validation,0.05,6,64,0,0.0
g_n40_e120_k3_mid_56,g_n40_e120_k3_mid_56_p0,validation,0.1,12,64,0,0.0
g_n40_e120_k3_mid_56,g_n40_e120_k3_mid_56_p0,validation,0.15,18,64,1,0.015625
g_n40_e120_k3_mid_56,g_n40_e120_k3_mid_56_p6,validation,0.05,6,64,0,0.0
g_n40_e120_k3_mid_56,g_n40_e120_k3_mid_56_p6,validation,0.1,12,64,0,0.0
g_n40_e120_k3_mid_56,g_n40_e120_k3_mid_56_p6,validation,0.15,18,64,2,0.03125
g_n40_e120_k3_mid_56,g_n40_e120_k3_mid_56_p12,validation,0.05,6,64,1,0.015625
g_n40_e120_k3_mid_56,g_n40_e120_k3_mid_56_p12,validation,0.1,11,64,2,0.03125
g_n40_e120_k3_mid_56,g_n40_e120_k3_mid_56_p12,validation,0.15,17,64,7,0.109375
g_n40_e120_k3_mid_57,g_n40_e120_k3_mid_57_p0,train,0.05,6,64,0,0.0
g_n40_e120_k3_mid_57,g_n40_e120_k3_mid_57_p0,train,0.1,12,64,0,0.0
g_n40_e120_k3_mid_57,g_n40_e120_k3_mid_57_p0,train,0.15,18,64,1,0.015625
g_n40_e120_k3_mid_57,g_n40_e120_k3_mid_57_p6,train,0.05,6,64,0,0.0
g_n40_e120_k3_mid_57,g_n40_e120_k3_mid_57_p6,train,0.1,12,64,2,0.03125
g_n40_e120_k3_mid_57,g_n40_e120_k3_mid_57_p6,train,0.15,18,64,5,0.078125
g_n40_e120_k3_mid_57,g_n40_e120_k3_mid_57_p12,train,0.05,6,64,0,0.0
g_n40_e120_k3_mid_57,g_n40_e120_k3_mid_57_p12,train,0.1,11,64,1,0.015625
g_n40_e120_k3_mid_57,g_n40_e120_k3_mid_57_p12,train,0.15,17,64,7,0.109375
g_n40_e120_k3_mid_58,g_n40_e120_k3_mid_58_p0,train,0.05,6,64,0,0.0
g_n40_e120_k3_mid_58,g_n40_e120_k3_mid_58_p0,train,0.1,12,64,1,0.015625
g_n40_e120_k3_mid_58,g_n40_e120_k3_mid_58_p0,train,0.15,18,64,1,0.015625
g_n40_e120_k3_mid_58,g_n40_e120_k3_mid_58_p6,train,0.05,6,64,1,0.015625
g_n40_e120_k3_mid_58,g_n40_e120_k3_mid_58_p6,train,0.1,12,64,2,0.03125
g_n40_e120_k3_mid_58,g_n40_e120_k3_mid_58_p6,train,0.15,18,64,2,0.03125
g_n40_e120_k3_mid_58,g_n40_e120_k3_mid_58_p12,train,0.05,6,64,3,0.046875
g_n40_e120_k3_mid_58,g_n40_e120_k3_mid_58_p12,train,0.1,11,64,5,0.078125
g_n40_e120_k3_mid_58,g_n40_e120_k3_mid_58_p12,train,0.15,17,64,9,0.140625
g_n40_e120_k3_mid_59,g_n40_e120_k3_mid_59_p0,test,0.05,6,64,0,0.0
g_n40_e120_k3_mid_59,g_n40_e120_k3_mid_59_p0,test,0.1,12,64,0,0.0
g_n40_e120_k3_mid_59,g_n40_e120_k3_mid_59_p0,test,0.15,18,64,1,0.015625
g_n40_e120_k3_mid_59,g_n40_e120_k3_mid_59_p6,test,0.05,6,64,0,0.0
g_n40_e120_k3_mid_59,g_n40_e120_k3_mid_59_p6,test,0.1,12,64,0,0.0
g_n40_e120_k3_mid_59,g_n40_e120_k3_mid_59_p6,test,0.15,18,64,2,0.03125
g_n40_e120_k3_mid_59,g_n40_e120_k3_mid_59_p12,test,0.05,6,64,0,0.0
g_n40_e120_k3_mid_59,g_n40_e120_k3_mid_59_p12,test,0.1,11,64,2,0.03125
g_n40_e120_k3_mid_59,g_n40_e120_k3_mid_59_p12,test,0.15,17,64,5,0.078125
g_n40_e120_k3_high_60,g_n40_e120_k3_high_60_p0,train,0.05,6,64,0,0.0
g_n40_e120_k3_high_60,g_n40_e120_k3_high_60_p0,train,0.1,12,64,0,0.0
g_n40_e120_k3_high_60,g_n40_e120_k3_high_60_p0,train,0.15,18,64,0,0.0
g_n40_e120_k3_high_60,g_n40_e120_k3_high_60_p6,train,0.05,6,64,0,0.0
g_n40_e120_k3_high_60,g_n40_e120_k3_high_60_p6,train,0.1,12,64,0,0.0
g_n40_e120_k3_high_60,g_n40_e120_k3_high_60_p6,train,0.15,18,64,1,0.015625
g_n40_e120_k3_high_60,g_n40_e120_k3_high_60_p12,train,0.05,6,64,2,0.03125
g_n40_e120_k3_high_60,g_n40_e120_k3_high_60_p12,train,0.1,11,64,5,0.078125
g_n40_e120_k3_high_60,g_n40_e120_k3_high_60_p12,train,0.15,17,64,8,0.125
g_n40_e120_k3_high_61,g_n40_e120_k3_high_61_p0,validation,0.05,6,64,0,0.0
g_n40_e120_k3_high_61,g_n40_e120_k3_high_61_p0,validation,0.1,12,64,0,0.0
g_n40_e120_k3_high_61,g_n40_e120_k3_high_61_p0,validation,0.15,18,64,0,0.0
g_n40_e120_k3_high_61,g_n40_e120_k3_high_61_p6,validation,0.05,6,64,0,0.0
g_n40_e120_k3_high_61,g_n40_e120_k3_high_61_p6,validation,0.1,12,64,1,0.015625
g_n40_e120_k3_high_61,g_n40_e120_k3_high_61_p6,validation,0.15,18,64,2,0.03125
g_n40_e120_k3_high_61,g_n40_e120_k3_high_61_p12,validation,0.05,6,64,0,0.0
g_n40_e120_k3_high_61,g_n40_e120_k3_high_61_p12,validation,0.1,11,64,1,0.015625
g_n40_e120_k3_high_61,g_n40_e120_k3_high_61_p12,validation,0.15,17,64,2,0.03125
g_n40_e120_k3_high_62,g_n40_e120_k3_high_62_p0,train,0.05,6,64,0,0.0
g_n40_e120_k3_high_62,g_n40_e120_k3_high_62_p0,train,0.1,12,64,0,0.0
g_n40_e120_k3_high_62,g_n40_e120_k3_high_62_p0,train,0.15,18,64,1,0.015625
g_n40_e120_k3_high_62,g_n40_e120_k3_high_62_p6,train,0.05,6,64,0,0.0
g_n40_e120_k3_high_62,g_n40_e120_k3_high_62_p6,train,0.1,12,64,0,0.0
g_n40_e120_k3_high_62,g_n40_e120_k3_high_62_p6,train,0.15,18,64,0,0.0
g_n40_e120_k3_high_62,g_n40_e120_k3_high_62_p12,train,0.05,6,64,2,0.03125
g_n40_e120_k3_high_62,g_n40_e120_k3_high_62_p12,train,0.1,11,64,2,0.03125
g_n40_e120_k3_high_62,g_n40_e120_k3_high_62_p12,train,0.15,17,64,5,0.078125
g_n40_e120_k3_high_63,g_n40_e120_k3_high_63_p0,train,0.05,6,64,0,0.0
g_n40_e120_k3_high_63,g_n40_e120_k3_high_63_p0,train,0.1,12,64,0,0.0
g_n40_e120_k3_high_63,g_n40_e120_k3_high_63_p0,train,0.15,18,64,0,0.0
g_n40_e120_k3_high_63,g_n40_e120_k3_high_63_p6,train,0.05,6,64,0,0.0
g_n40_e120_k3_high_63,g_n40_e120_k3_high_63_p6,train,0.1,12,64,1,0.015625
g_n40_e120_k3_high_63,g_n40_e120_k3_high_63_p6,train,0.15,18,64,2,0.03125
g_n40_e120_k3_high_63,g_n40_e120_k3_high_63_p12,train,0.05,6,64,0,0.0
g_n40_e120_k3_high_63,g_n40_e120_k3_high_63_p12,train,0.1,11,64,2,0.03125
g_n40_e120_k3_high_63,g_n40_e120_k3_high_63_p12,train,0.15,17,64,4,0.0625
g_n40_e120_k3_high_64,g_n40_e120_k3_high_64_p0,train,0.05,6,64,0,0.0
g_n40_e120_k3_high_64,g_n40_e120_k3_high_64_p0,train,0.1,12,64,0,0.0
g_n40_e120_k3_high_64,g_n40_e120_k3_high_64_p0,train,0.15,18,64,1,0.015625
g_n40_e120_k3_high_64,g_n40_e120_k3_high_64_p6,train,0.05,6,64,0,0.0
g_n40_e120_k3_high_64,g_n40_e120_k3_high_64_p6,train,0.1,12,64,0,0.0
g_n40_e120_k3_high_64,g_n40_e120_k3_high_64_p6,train,0.15,18,64,1,0.015625
g_n40_e120_k3_high_64,g_n40_e120_k3_high_64_p12,train,0.05,6,64,6,0.09375
g_n40_e120_k3_high_64,g_n40_e120_k3_high_64_p12,train,0.1,11,64,12,0.1875
g_n40_e120_k3_high_64,g_n40_e120_k3_high_64_p12,train,0.15,17,64,18,0.28125
g_n40_e120_k3_high_65,g_n40_e120_k3_high_65_p0,train,0.05,6,64,0,0.0
g_n40_e120_k3_high_65,g_n40_e120_k3_high_65_p0,train,0.1,12,64,0,0.0
g_n40_e120_k3_high_65,g_n40_e120_k3_high_65_p0,train,0.15,18,64,1,0.015625
g_n40_e120_k3_high_65,g_n40_e120_k3_high_65_p6,train,0.05,6,64,0,0.0
g_n40_e120_k3_high_65,g_n40_e120_k3_high_65_p6,train,0.1,12,64,1,0.015625
g_n40_e120_k3_high_65,g_n40_e120_k3_high_65_p6,train,0.15,18,64,2,0.03125
g_n40_e120_k3_high_65,g_n40_e120_k3_high_65_p12,train,0.05,6,64,0,0.0
g_n40_e120_k3_high_65,g_n40_e120_k3_high_65_p12,train,0.1,11,64,2,0.03125
g_n40_e120_k3_high_65,g_n40_e120_k3_high_65_p12,train,0.15,17,64,3,0.046875
g_n40_e120_k3_high_66,g_n40_e120_k3_high_66_p0,train,0.05,6,64,0,0.0
g_n40_e120_k3_high_66,g_n40_e120_k3_high_66_p0,train,0.1,12,64,0,0.0
g_n40_e120_k3_high_66,g_n40_e120_k3_high_66_p0,train,0.15,18,64,0,0.0
g_n40_e120_k3_high_66,g_n40_e120_k3_high_66_p6,train,0.05,6,64,0,0.0
g_n40_e120_k3_high_66,g_n40_e120_k3_high_66_p6,train,0.1,12,64,0,0.0
g_n40_e120_k3_high_66,g_n40_e120_k3_high_66_p6,train,0.15,18,64,3,0.046875
g_n40_e120_k3_high_66,g_n40_e120_k3_high_66_p12,train,0.05,6,64,1,0.015625
g_n40_e120_k3_high_66,g_n40_e120_k3_high_66_p12,train,0.1,11,64,1,0.015625
g_n40_e120_k3_high_66,g_n40_e120_k3_high_66_p12,train,0.15,17,64,4,0.0625
g_n40_e120_k3_high_67,g_n40_e120_k3_high_67_p0,test,0.05,6,64,0,0.0
g_n40_e120_k3_high_67,g_n40_e120_k3_high_67_p0,test,0.1,12,64,0,0.0
g_n40_e120_k3_high_67,g_n40_e120_k3_high_67_p0,test,0.15,18,64,0,0.0
g_n40_e120_k3_high_67,g_n40_e120_k3_high_67_p6,test,0.05,6,64,1,0.015625
g_n40_e120_k3_high_67,g_n40_e120_k3_high_67_p6,test,0.1,12,64,6,0.09375
g_n40_e120_k3_high_67,g_n40_e120_k3_high_67_p6,test,0.15,18,64,14,0.21875
g_n40_e120_k3_high_67,g_n40_e120_k3_high_67_p12,test,0.05,6,64,0,0.0
g_n40_e120_k3_high_67,g_n40_e120_k3_high_67_p12,test,0.1,11,64,0,0.0
g_n40_e120_k3_high_67,g_n40_e120_k3_high_67_p12,test,0.15,17,64,1,0.015625
g_n40_e120_k3_high_68,g_n40_e120_k3_high_68_p0,train,0.05,6,64,0,0.0
g_n40_e120_k3_high_68,g_n40_e120_k3_high_68_p0,train,0.1,12,64,1,0.015625
g_n40_e120_k3_high_68,g_n40_e120_k3_high_68_p0,train,0.15,18,64,2,0.03125
g_n40_e120_k3_high_68,g_n40_e120_k3_high_68_p6,train,0.05,6,64,0,0.0
g_n40_e120_k3_high_68,g_n40_e120_k3_high_68_p6,train,0.1,12,64,0,0.0
g_n40_e120_k3_high_68,g_n40_e120_k3_high_68_p6,train,0.15,18,64,1,0.015625
g_n40_e120_k3_high_68,g_n40_e120_k3_high_68_p12,train,0.05,6,64,0,0.0
g_n40_e120_k3_high_68,g_n40_e120_k3_high_68_p12,train,0.1,11,64,0,0.0
g_n40_e120_k3_high_68,g_n40_e120_k3_high_68_p12,train,0.15,17,64,2,0.03125
g_n40_e120_k3_high_69,g_n40_e120_k3_high_69_p0,validation,0.05,6,64,0,0.0
g_n40_e120_k3_high_69,g_n40_e120_k3_high_69_p0,validation,0.1,12,64,1,0.015625
g_n40_e120_k3_high_69,g_n40_e120_k3_high_69_p0,validation,0.15,18,64,2,0.03125
g_n40_e120_k3_high_69,g_n40_e120_k3_high_69_p6,validation,0.05,6,64,0,0.0
g_n40_e120_k3_high_69,g_n40_e120_k3_high_69_p6,validation,0.1,12,64,0,0.0
g_n40_e120_k3_high_69,g_n40_e120_k3_high_69_p6,validation,0.15,18,64,0,0.0
g_n40_e120_k3_high_69,g_n40_e120_k3_high_69_p12,validation,0.05,6,64,0,0.0
g_n40_e120_k3_high_69,g_n40_e120_k3_high_69_p12,validation,0.1,11,64,0,0.0
g_n40_e120_k3_high_69,g_n40_e120_k3_high_69_p12,validation,0.15,17,64,4,0.0625
g_n40_e120_k3_high_70,g_n40_e120_k3_high_70_p0,test,0.05,6,64,0,0.0
g_n40_e120_k3_high_70,g_n40_e120_k3_high_70_p0,test,0.1,12,64,0,0.0
g_n40_e120_k3_high_70,g_n40_e120_k3_high_70_p0,test,0.15,18,64,0,0.0
g_n40_e120_k3_high_70,g_n40_e120_k3_high_70_p6,test,0.05,6,64,1,0.015625
g_n40_e120_k3_high_70,g_n40_e120_k3_high_70_p6,test,0.1,12,64,2,0.03125
g_n40_e120_k3_high_70,g_n40_e120_k3_high_70_p6,test,0.15,18,64,5,0.078125
g_n40_e120_k3_high_70,g_n40_e120_k3_high_70_p12,test,0.05,6,64,1,0.015625
g_n40_e120_k3_high_70,g_n40_e120_k3_high_70_p12,test,0.1,11,64,4,0.0625
g_n40_e120_k3_high_70,g_n40_e120_k3_high_70_p12,test,0.15,17,64,8,0.125
g_n40_e120_k3_high_71,g_n40_e120_k3_high_71_p0,train,0.05,6,64,0,0.0
g_n40_e120_k3_high_71,g_n40_e120_k3_high_71_p0,train,0.1,12,64,0,0.0
g_n40_e120_k3_high_71,g_n40_e120_k3_high_71_p0,train,0.15,18,64,0,0.0
g_n40_e120_k3_high_71,g_n40_e120_k3_high_71_p6,train,0.05,6,64,0,0.0
g_n40_e120_k3_high_71,g_n40_e120_k3_high_71_p6,train,0.1,12,64,0,0.0
g_n40_e120_k3_high_71,g_n40_e120_k3_high_71_p6,train,0.15,18,64,2,0.03125
g_n40_e120_k3_high_71,g_n40_e120_k3_high_71_p12,train,0.05,6,64,1,0.015625
g_n40_e120_k3_high_71,g_n40_e120_k3_high_71_p12,train,0.1,11,64,2,0.03125
g_n40_e120_k3_high_71,g_n40_e120_k3_high_71_p12,train,0.15,17,64,2,0.03125
g_n40_e120_k3_high_72,g_n40_e120_k3_high_72_p0,train,0.05,6,64,0,0.0
g_n40_e120_k3_high_72,g_n40_e120_k3_high_72_p0,train,0.1,12,64,0,0.0
g_n40_e120_k3_high_72,g_n40_e120_k3_high_72_p0,train,0.15,18,64,0,0.0
g_n40_e120_k3_high_72,g_n40_e120_k3_high_72_p6,train,0.05,6,64,0,0.0
g_n40_e120_k3_high_72,g_n40_e120_k3_high_72_p6,train,0.1,12,64,0,0.0
g_n40_e120_k3_high_72,g_n40_e120_k3_high_72_p6,train,0.15,18,64,0,0.0
g_n40_e120_k3_high_72,g_n40_e120_k3_high_72_p12,train,0.05,6,64,0,0.0
g_n40_e120_k3_high_72,g_n40_e120_k3_high_72_p12,train,0.1,11,64,0,0.0
g_n40_e120_k3_high_72,g_n40_e120_k3_high_72_p12,train,0.15,17,64,2,0.03125
g_n40_e120_k3_high_73,g_n40_e120_k3_high_73_p0,train,0.05,6,64,0,0.0
g_n40_e120_k3_high_73,g_n40_e120_k3_high_73_p0,train,0.1,12,64,0,0.0
g_n40_e120_k3_high_73,g_n40_e120_k3_high_73_p0,train,0.15,18,64,1,0.015625
g_n40_e120_k3_high_73,g_n40_e120_k3_high_73_p6,train,0.05,6,64,0,0.0
g_n40_e120_k3_high_73,g_n40_e120_k3_high_73_p6,train,0.1,12,64,0,0.0
g_n40_e120_k3_high_73,g_n40_e120_k3_high_73_p6,train,0.15,18,64,2,0.03125
g_n40_e120_k3_high_73,g_n40_e120_k3_high_73_p12,train,0.05,6,64,0,0.0
g_n40_e120_k3_high_73,g_n40_e120_k3_high_73_p12,train,0.1,11,64,0,0.0
g_n40_e120_k3_high_73,g_n40_e120_k3_high_73_p12,train,0.15,17,64,1,0.015625
g_n40_e120_k3_high_74,g_n40_e120_k3_high_74_p0,train,0.05,6,64,0,0.0
g_n40_e120_k3_high_74,g_n40_e120_k3_high_74_p0,train,0.1,12,64,1,0.015625
g_n40_e120_k3_high_74,g_n40_e120_k3_high_74_p0,train,0.15,18,64,3,0.046875
g_n40_e120_k3_high_74,g_n40_e120_k3_high_74_p6,train,0.05,6,64,0,0.0
g_n40_e120_k3_high_74,g_n40_e120_k3_high_74_p6,train,0.1,12,64,2,0.03125
g_n40_e120_k3_high_74,g_n40_e120_k3_high_74_p6,train,0.15,18,64,4,0.0625
g_n40_e120_k3_high_74,g_n40_e120_k3_high_74_p12,train,0.05,6,64,0,0.0
g_n40_e120_k3_high_74,g_n40_e120_k3_high_74_p12,train,0.1,11,64,0,0.0
g_n40_e120_k3_high_74,g_n40_e120_k3_high_74_p12,train,0.15,17,64,1,0.015625
g_n40_e120_k3_high_75,g_n40_e120_k3_high_75_p0,train,0.05,6,64,0,0.0
g_n40_e120_k3_high_75,g_n40_e120_k3_high_75_p0,train,0.1,12,64,0,0.0
g_n40_e120_k3_high_75,g_n40_e120_k3_high_75_p0,train,0.15,18,64,0,0.0
g_n40_e120_k3_high_75,g_n40_e120_k3_high_75_p6,train,0.05,6,64,1,0.015625
g_n40_e120_k3_high_75,g_n40_e120_k3_high_75_p6,train,0.1,12,64,1,0.015625
g_n40_e120_k3_high_75,g_n40_e120_k3_high_75_p6,train,0.15,18,64,4,0.0625
g_n40_e120_k3_high_75,g_n40_e120_k3_high_75_p12,train,0.05,6,64,0,0.0
g_n40_e120_k3_high_75,g_n40_e120_k3_high_75_p12,train,0.1,11,64,0,0.0
g_n40_e120_k3_high_75,g_n40_e120_k3_high_75_p12,train,0.15,17,64,2,0.03125
g_n40_e120_k3_high_76,g_n40_e120_k3_high_76_p0,test,0.05,6,64,0,0.0
g_n40_e120_k3_high_76,g_n40_e120_k3_high_76_p0,test,0.1,12,64,0,0.0
g_n40_e120_k3_high_76,g_n40_e120_k3_high_76_p0,test,0.15,18,64,0,0.0
g_n40_e120_k3_high_76,g_n40_e120_k3_high_76_p6,test,0.05,6,64,0,0.0
g_n40_e120_k3_high_76,g_n40_e120_k3_high_76_p6,test,0.1,12,64,0,0.0
g_n40_e120_k3_high_76,g_n40_e120_k3_high_76_p6,test,0.15,18,64,1,0.015625
g_n40_e120_k3_high_76,g_n40_e120_k3_high_76_p12,test,0.05,6,64,1,0.015625
g_n40_e120_k3_high_76,g_n40_e120_k3_high_76_p12,test,0.1,11,64,1,0.015625
g_n40_e120_k3_high_76,g_n40_e120_k3_high_76_p12,test,0.15,17,64,1,0.015625
g_n40_e120_k3_high_77,g_n40_e120_k3_high_77_p0,test,0.05,6,64,0,0.0
g_n40_e120_k3_high_77,g_n40_e120_k3_high_77_p0,test,0.1,12,64,0,0.0
g_n40_e120_k3_high_77,g_n40_e120_k3_high_77_p0,test,0.15,18,64,0,0.0
g_n40_e120_k3_high_77,g_n40_e120_k3_high_77_p6,test,0.05,6,64,0,0.0
g_n40_e120_k3_high_77,g_n40_e120_k3_high_77_p6,test,0.1,12,64,0,0.0
g_n40_e120_k3_high_77,g_n40_e120_k3_high_77_p6,test,0.15,18,64,0,0.0
g_n40_e120_k3_high_77,g_n40_e120_k3_high_77_p12,test,0.05,6,64,0,0.0
g_n40_e120_k3_high_77,g_n40_e120_k3_high_77_p12,test,0.1,11,64,0,0.0
g_n40_e120_k3_high_77,g_n40_e120_k3_high_77_p12,test,0.15,17,64,3,0.046875
g_n40_e120_k3_high_78,g_n40_e120_k3_high_78_p0,validation,0.05,6,64,0,0.0
g_n40_e120_k3_high_78,g_n40_e120_k3_high_78_p0,validation,0.1,12,64,0,0.0
g_n40_e120_k3_high_78,g_n40_e120_k3_high_78_p0,validation,0.15,18,64,0,0.0
g_n40_e120_k3_high_78,g_n40_e120_k3_high_78_p6,validation,0.05,6,64,0,0.0
g_n40_e120_k3_high_78,g_n40_e120_k3_high_78_p6,validation,0.1,12,64,1,0.015625
g_n40_e120_k3_high_78,g_n40_e120_k3_high_78_p6,validation,0.15,18,64,1,0.015625
g_n40_e120_k3_high_78,g_n40_e120_k3_high_78_p12,validation,0.05,6,64,0,0.0
g_n40_e120_k3_high_78,g_n40_e120_k3_high_78_p12,validation,0.1,11,64,0,0.0
g_n40_e120_k3_high_78,g_n40_e120_k3_high_78_p12,validation,0.15,17,64,0,0.0
g_n40_e120_k3_high_79,g_n40_e120_k3_high_79_p0,test,0.05,6,64,0,0.0
g_n40_e120_k3_high_79,g_n40_e120_k3_high_79_p0,test,0.1,12,64,0,0.0
g_n40_e120_k3_high_79,g_n40_e120_k3_high_79_p0,test,0.15,18,64,0,0.0
g_n40_e120_k3_high_79,g_n40_e120_k3_high_79_p6,test,0.05,6,64,0,0.0
g_n40_e120_k3_high_79,g_n40_e120_k3_high_79_p6,test,0.1,12,64,0,0.0
g_n40_e120_k3_high_79,g_n40_e120_k3_high_79_p6,test,0.15,18,64,1,0.015625
g_n40_e120_k3_high_79,g_n40_e120_k3_high_79_p12,test,0.05,6,64,0,0.0
g_n40_e120_k3_high_79,g_n40_e120_k3_high_79_p12,test,0.1,11,64,0,0.0
g_n40_e120_k3_high_79,g_n40_e120_k3_high_79_p12,test,0.15,17,64,0,0.0
g_n40_e120_k3_high_80,g_n40_e120_k3_high_80_p0,train,0.05,6,64,0,0.0
g_n40_e120_k3_high_80,g_n40_e120_k3_high_80_p0,train,0.1,12,64,0,0.0
g_n40_e120_k3_high_80,g_n40_e120_k3_high_80_p0,train,0.15,18,64,0,0.0
g_n40_e120_k3_high_80,g_n40_e120_k3_high_80_p6,train,0.05,6,64,1,0.015625
g_n40_e120_k3_high_80,g_n40_e120_k3_high_80_p6,train,0.1,12,64,5,0.078125
g_n40_e120_k3_high_80,g_n40_e120_k3_high_80_p6,train,0.15,18,64,9,0.140625
g_n40_e120_k3_high_80,g_n40_e120_k3_high_80_p12,train,0.05,6,64,0,0.0
g_n40_e120_k3_high_80,g_n40_e120_k3_high_80_p12,train,0.1,11,64,0,0.0
g_n40_e120_k3_high_80,g_n40_e120_k3_high_80_p12,train,0.15,17,64,1,0.015625
g_n40_e120_k3_high_81,g_n40_e120_k3_high_81_p0,test,0.05,6,64,0,0.0
g_n40_e120_k3_high_81,g_n40_e120_k3_high_81_p0,test,0.1,12,64,0,0.0
g_n40_e120_k3_high_81,g_n40_e120_k3_high_81_p0,test,0.15,18,64,0,0.0
g_n40_e120_k3_high_81,g_n40_e120_k3_high_81_p6,test,0.05,6,64,0,0.0
g_n40_e120_k3_high_81,g_n40_e120_k3_high_81_p6,test,0.1,12,64,0,0.0
g_n40_e120_k3_high_81,g_n40_e120_k3_high_81_p6,test,0.15,18,64,0,0.0
g_n40_e120_k3_high_81,g_n40_e120_k3_high_81_p12,test,0.05,6,64,0,0.0
g_n40_e120_k3_high_81,g_n40_e120_k3_high_81_p12,test,0.1,11,64,0,0.0
g_n40_e120_k3_high_81,g_n40_e120_k3_high_81_p12,test,0.15,17,64,2,0.03125
g_n40_e120_k3_high_82,g_n40_e120_k3_high_82_p0,train,0.05,6,64,0,0.0
g_n40_e120_k3_high_82,g_n40_e120_k3_high_82_p0,train,0.1,12,64,0,0.0
g_n40_e120_k3_high_82,g_n40_e120_k3_high_82_p0,train,0.15,18,64,0,0.0
g_n40_e120_k3_high_82,g_n40_e120_k3_high_82_p6,train,0.05,6,64,0,0.0
g_n40_e120_k3_high_82,g_n40_e120_k3_high_82_p6,train,0.1,12,64,0,0.0
g_n40_e120_k3_high_82,g_n40_e120_k3_high_82_p6,train,0.15,18,64,1,0.015625
g_n40_e120_k3_high_82,g_n40_e120_k3_high_82_p12,train,0.05,6,64,0,0.0
g_n40_e120_k3_high_82,g_n40_e120_k3_high_82_p12,train,0.1,11,64,0,0.0
g_n40_e120_k3_high_82,g_n40_e120_k3_high_82_p12,train,0.15,17,64,0,0.0
g_n40_e120_k3_high_83,g_n40_e120_k3_high_83_p0,train,0.05,6,64,0,0.0
g_n40_e120_k3_high_83,g_n40_e120_k3_high_83_p0,train,0.1,12,64,0,0.0
g_n40_e120_k3_high_83,g_n40_e120_k3_high_83_p0,train,0.15,18,64,0,0.0
g_n40_e120_k3_high_83,g_n40_e120_k3_high_83_p6,train,0.05,6,64,0,0.0
g_n40_e120_k3_high_83,g_n40_e120_k3_high_83_p6,train,0.1,12,64,0,0.0
g_n40_e120_k3_high_83,g_n40_e120_k3_high_83_p6,train,0.15,18,64,1,0.015625
g_n40_e120_k3_high_83,g_n40_e120_k3_high_83_p12,train,0.05,6,64,0,0.0
g_n40_e120_k3_high_83,g_n40_e120_k3_high_83_p12,train,0.1,11,64,0,0.0
g_n40_e120_k3_high_83,g_n40_e120_k3_high_83_p12,train,0.15,17,64,1,0.015625
g_n40_e120_k3_high_84,g_n40_e120_k3_high_84_p0,validation,0.05,6,64,0,0.0
g_n40_e120_k3_high_84,g_n40_e120_k3_high_84_p0,validation,0.1,12,64,0,0.0
g_n40_e120_k3_high_84,g_n40_e120_k3_high_84_p0,validation,0.15,18,64,1,0.015625
g_n40_e120_k3_high_84,g_n40_e120_k3_high_84_p6,validation,0.05,6,64,0,0.0
g_n40_e120_k3_high_84,g_n40_e120_k3_high_84_p6,validation,0.1,12,64,1,0.015625
g_n40_e120_k3_high_84,g_n40_e120_k3_high_84_p6,validation,0.15,18,64,1,0.015625
g_n40_e120_k3_high_84,g_n40_e120_k3_high_84_p12,validation,0.05,6,64,0,0.0
g_n40_e120_k3_high_84,g_n40_e120_k3_high_84_p12,validation,0.1,11,64,0,0.0
g_n40_e120_k3_high_84,g_n40_e120_k3_high_84_p12,validation,0.15,17,64,0,0.0
g_n40_e120_k3_high_85,g_n40_e120_k3_high_85_p0,train,0.05,6,64,0,0.0
g_n40_e120_k3_high_85,g_n40_e120_k3_high_85_p0,train,0.1,12,64,0,0.0
g_n40_e120_k3_high_85,g_n40_e120_k3_high_85_p0,train,0.15,18,64,0,0.0
g_n40_e120_k3_high_85,g_n40_e120_k3_high_85_p6,train,0.05,6,64,0,0.0
g_n40_e120_k3_high_85,g_n40_e120_k3_high_85_p6,train,0.1,12,64,2,0.03125
g_n40_e120_k3_high_85,g_n40_e120_k3_high_85_p6,train,0.15,18,64,3,0.046875
g_n40_e120_k3_high_85,g_n40_e120_k3_high_85_p12,train,0.05,6,64,0,0.0
g_n40_e120_k3_high_85,g_n40_e120_k3_high_85_p12,train,0.1,11,64,2,0.03125
g_n40_e120_k3_high_85,g_n40_e120_k3_high_85_p12,train,0.15,17,64,2,0.03125
g_n40_e120_k3_high_86,g_n40_e120_k3_high_86_p0,train,0.05,6,64,0,0.0
g_n40_e120_k3_high_86,g_n40_e120_k3_high_86_p0,train,0.1,12,64,0,0.0
g_n40_e120_k3_high_86,g_n40_e120_k3_high_86_p0,train,0.15,18,64,1,0.015625
g_n40_e120_k3_high_86,g_n40_e120_k3_high_86_p6,train,0.05,6,64,0,0.0
g_n40_e120_k3_high_86,g_n40_e120_k3_high_86_p6,train,0.1,12,64,0,0.0
g_n40_e120_k3_high_86,g_n40_e120_k3_high_86_p6,train,0.15,18,64,0,0.0
g_n40_e120_k3_high_86,g_n40_e120_k3_high_86_p12,train,0.05,6,64,0,0.0
g_n40_e120_k3_high_86,g_n40_e120_k3_high_86_p12,train,0.1,11,64,1,0.015625
g_n40_e120_k3_high_86,g_n40_e120_k3_high_86_p12,train,0.15,17,64,6,0.09375
g_n40_e120_k3_high_87,g_n40_e120_k3_high_87_p0,validation,0.05,6,64,0,0.0
g_n40_e120_k3_high_87,g_n40_e120_k3_high_87_p0,validation,0.1,12,64,1,0.015625
g_n40_e120_k3_high_87,g_n40_e120_k3_high_87_p0,validation,0.15,18,64,2,0.03125
g_n40_e120_k3_high_87,g_n40_e120_k3_high_87_p6,validation,0.05,6,64,0,0.0
g_n40_e120_k3_high_87,g_n40_e120_k3_high_87_p6,validation,0.1,12,64,0,0.0
g_n40_e120_k3_high_87,g_n40_e120_k3_high_87_p6,validation,0.15,18,64,0,0.0
g_n40_e120_k3_high_87,g_n40_e120_k3_high_87_p12,validation,0.05,6,64,6,0.09375
g_n40_e120_k3_high_87,g_n40_e120_k3_high_87_p12,validation,0.1,11,64,10,0.15625
g_n40_e120_k3_high_87,g_n40_e120_k3_high_87_p12,validation,0.15,17,64,13,0.203125
g_n40_e120_k3_high_88,g_n40_e120_k3_high_88_p0,validation,0.05,6,64,0,0.0
g_n40_e120_k3_high_88,g_n40_e120_k3_high_88_p0,validation,0.1,12,64,0,0.0
g_n40_e120_k3_high_88,g_n40_e120_k3_high_88_p0,validation,0.15,18,64,0,0.0
g_n40_e120_k3_high_88,g_n40_e120_k3_high_88_p6,validation,0.05,6,64,0,0.0
g_n40_e120_k3_high_88,g_n40_e120_k3_high_88_p6,validation,0.1,12,64,0,0.0
g_n40_e120_k3_high_88,g_n40_e120_k3_high_88_p6,validation,0.15,18,64,0,0.0
g_n40_e120_k3_high_88,g_n40_e120_k3_high_88_p12,validation,0.05,6,64,5,0.078125
g_n40_e120_k3_high_88,g_n40_e120_k3_high_88_p12,validation,0.1,11,64,8,0.125
g_n40_e120_k3_high_88,g_n40_e120_k3_high_88_p12,validation,0.15,17,64,15,0.234375
g_n40_e120_k3_high_89,g_n40_e120_k3_high_89_p0,train,0.05,6,64,1,0.015625
g_n40_e120_k3_high_89,g_n40_e120_k3_high_89_p0,train,0.1,12,64,1,0.015625
g_n40_e120_k3_high_89,g_n40_e120_k3_high_89_p0,train,0.15,18,64,1,0.015625
g_n40_e120_k3_high_89,g_n40_e120_k3_high_89_p6,train,0.05,6,64,0,0.0
g_n40_e120_k3_high_89,g_n40_e120_k3_high_89_p6,train,0.1,12,64,0,0.0
g_n40_e120_k3_high_89,g_n40_e120_k3_high_89_p6,train,0.15,18,64,1,0.015625
g_n40_e120_k3_high_89,g_n40_e120_k3_high_89_p12,train,0.05,6,64,0,0.0
g_n40_e120_k3_high_89,g_n40_e120_k3_high_89_p12,train,0.1,11,64,1,0.015625
g_n40_e120_k3_high_89,g_n40_e120_k3_high_89_p12,train,0.15,17,64,1,0.015625
