{
  "model": "gpt-4.1-nano",
  "context": "32K",
  "data": {
    "density": [
      0.0,
      0.03,
      0.06,
      0.09,
      0.12,
      0.18,
      0.24,
      0.3
    ],
    "accuracy": [
      1.0,
      0.0,
      0.0,
      0.0,
      0.0,
      0.0,
      0.0,
      0.0
    ]
  },
  "fits": {
    "exponential": {
      "params": {
        "mu": 0.9975188806996309,
        "k": 99.99999999999984
      },
      "aic": -60.63553231561001,
      "bic": -60.47664923225034,
      "r2": 0.9971671403632109,
      "rmse": 0.01760238684877163,
      "rss": 0.002478752182190468,
      "converged": true
    },
    "power_law": {
      "params": {
        "mu": 0.9477118539580061,
        "beta": 49.99999999999207
      },
      "aic": -36.243427292432344,
      "bic": -36.084544209072675,
      "r2": 0.9402421954878141,
      "rmse": 0.08084559275879136,
      "rss": 0.052288078948162696,
      "converged": true
    },
    "linear": {
      "params": {
        "mu": 0.9999068988051658,
        "k": 33.642765872612465
      },
      "aic": -161.14470897158316,
      "bic": -160.98582588822347,
      "r2": 0.9999999900939057,
      "rmse": 3.291624310191239e-05,
      "rss": 8.667832479553558e-09,
      "converged": true
    },
    "sigmoid": {
      "params": {
        "L": 3.831944139573281e-19,
        "mu": 0.9999999999999838,
        "k": 199.99999999999997,
        "d0": 0.015008562465445598
      },
      "aic": -51.8676838259182,
      "bic": -51.549917659198854,
      "r2": 0.9948588965518942,
      "rmse": 0.023713038388965914,
      "rss": 0.0044984655170925685,
      "converged": true
    }
  }
}