row_id,graph_id,q_id,split,sample_index,sample_seed,failed_edge_indices,disconnected
g_n12_m24_k2_000_q00,g_n12_m24_k2_000,q00,validation,0,160363935,[0],0
g_n12_m24_k2_000_q00,g_n12_m24_k2_000,q00,validation,1,161363938,"[12, 14, 18]",0
g_n12_m24_k2_000_q00,g_n12_m24_k2_000,q00,validation,2,162363941,"[13, 23]",0
g_n12_m24_k2_000_q00,g_n12_m24_k2_000,q00,validation,3,163363944,"[0, 13]",0
g_n12_m24_k2_000_q00,g_n12_m24_k2_000,q00,validation,4,164363947,"[8, 11, 19]",0
g_n12_m24_k2_000_q00,g_n12_m24_k2_000,q00,validation,5,165363950,"[2, 10, 16, 17]",0
g_n12_m24_k2_000_q00,g_n12_m24_k2_000,q00,validation,6,166363953,"[0, 1, 4, 5, 10]",0
g_n12_m24_k2_000_q00,g_n12_m24_k2_000,q00,validation,7,167363956,[5],0
g_n12_m24_k2_000_q00,g_n12_m24_k2_000,q00,validation,8,168363959,[23],0
g_n12_m24_k2_000_q00,g_n12_m24_k2_000,q00,validation,9,169363962,[],0
g_n12_m24_k2_000_q00,g_n12_m24_k2_000,q00,validation,10,170363965,"[0, 15, 19, 20, 22]",0
g_n12_m24_k2_000_q00,g_n12_m24_k2_000,q00,validation,11,171363968,"[4, 9, 16]",0
g_n12_m24_k2_000_q00,g_n12_m24_k2_000,q00,validation,12,172363971,"[7, 8, 12, 13, 23]",1
g_n12_m24_k2_000_q00,g_n12_m24_k2_000,q00,validation,13,173363974,"[3, 5, 10, 12, 15, 18, 19]",0
g_n12_m24_k2_000_q00,g_n12_m24_k2_000,q00,validation,14,174363977,[],0
g_n12_m24_k2_000_q00,g_n12_m24_k2_000,q00,validation,15,175363980,"[2, 3, 5, 9, 17]",0
g_n12_m24_k2_000_q00,g_n12_m24_k2_000,q00,validation,16,176363983,"[5, 8]",0
g_n12_m24_k2_000_q00,g_n12_m24_k2_000,q00,validation,17,177363986,"[6, 16, 21]",0
g_n12_m24_k2_000_q00,g_n12_m24_k2_000,q00,validation,18,178363989,"[10, 18]",0
g_n12_m24_k2_000_q00,g_n12_m24_k2_000,q00,validation,19,179363992,"[0, 2, 4, 10, 11, 20]",0
g_n12_m24_k2_000_q00,g_n12_m24_k2_000,q00,validation,20,180363995,"[5, 9, 15, 20, 22]",0
g_n12_m24_k2_000_q00,g_n12_m24_k2_000,q00,validation,21,181363998,"[0, 6, 13]",0
g_n12_m24_k2_000_q00,g_n12_m24_k2_000,q00,validation,22,182364001,"[3, 12]",0
g_n12_m24_k2_000_q00,g_n12_m24_k2_000,q00,validation,23,183364004,"[7, 19, 20, 21]",0
g_n12_m24_k2_000_q00,g_n12_m24_k2_000,q00,validation,24,184364007,"[4, 6, 16, 20]",0
g_n12_m24_k2_000_q00,g_n12_m24_k2_000,q00,validation,25,185364010,"[3, 10, 18]",0
g_n12_m24_k2_000_q00,g_n12_m24_k2_000,q00,validation,26,186364013,"[15, 18, 19]",0
g_n12_m24_k2_000_q00,g_n12_m24_k2_000,q00,validation,27,187364016,"[6, 17]",0
g_n12_m24_k2_000_q00,g_n12_m24_k2_000,q00,validation,28,188364019,"[2, 6, 21, 23]",0
g_n12_m24_k2_000_q00,g_n12_m24_k2_000,q00,validation,29,189364022,"[4, 5]",0
g_n12_m24_k2_000_q00,g_n12_m24_k2_000,q00,validation,30,190364025,"[0, 5, 10, 15, 20]",0
g_n12_m24_k2_000_q00,g_n12_m24_k2_000,q00,validation,31,191364028,"[2, 6, 8, 14, 18]",0
g_n12_m24_k2_000_q01,g_n12_m24_k2_000,q01,validation,0,3733951272,"[3, 7, 10, 18, 20, 21]",0
g_n12_m24_k2_000_q01,g_n12_m24_k2_000,q01,validation,1,3734951275,"[6, 10, 12]",0
g_n12_m24_k2_000_q01,g_n12_m24_k2_000,q01,validation,2,3735951278,"[6, 15, 23]",0
g_n12_m24_k2_000_q01,g_n12_m24_k2_000,q01,validation,3,3736951281,"[7, 20]",0
g_n12_m24_k2_000_q01,g_n12_m24_k2_000,q01,validation,4,3737951284,"[4, 6, 8, 9, 11, 14, 15, 17, 19, 21]",0
g_n12_m24_k2_000_q01,g_n12_m24_k2_000,q01,validation,5,3738951287,"[1, 4, 5, 7, 10, 12, 13, 21, 23]",0
g_n12_m24_k2_000_q01,g_n12_m24_k2_000,q01,validation,6,3739951290,"[5, 8, 12, 16]",1
g_n12_m24_k2_000_q01,g_n12_m24_k2_000,q01,validation,7,3740951293,"[11, 12, 18, 21, 22]",0
g_n12_m24_k2_000_q01,g_n12_m24_k2_000,q01,validation,8,3741951296,"[5, 6, 7, 9, 13, 17, 19, 21, 22]",0
g_n12_m24_k2_000_q01,g_n12_m24_k2_000,q01,validation,9,3742951299,"[0, 1, 7, 8, 10, 12, 19, 20, 23]",1
g_n12_m24_k2_000_q01,g_n12_m24_k2_000,q01,validation,10,3743951302,"[4, 5, 8, 11, 13, 15, 17, 22]",0
g_n12_m24_k2_000_q01,g_n12_m24_k2_000,q01,validation,11,3744951305,"[8, 13, 18, 20, 22]",0
g_n12_m24_k2_000_q01,g_n12_m24_k2_000,q01,validation,12,3745951308,"[0, 4, 11, 13, 14, 22, 23]",0
g_n12_m24_k2_000_q01,g_n12_m24_k2_000,q01,validation,13,3746951311,"[1, 6, 8, 10, 14, 15, 23]",0
g_n12_m24_k2_000_q01,g_n12_m24_k2_000,q01,validation,14,3747951314,"[3, 9, 13, 16, 19, 21]",0
g_n12_m24_k2_000_q01,g_n12_m24_k2_000,q01,validation,15,3748951317,"[2, 6, 8, 10, 12, 17, 19]",1
g_n12_m24_k2_000_q01,g_n12_m24_k2_000,q01,validation,16,3749951320,"[2, 10, 11, 12, 18, 22]",0
g_n12_m24_k2_000_q01,g_n12_m24_k2_000,q01,validation,17,3750951323,"[6, 11, 16]",0
g_n12_m24_k2_000_q01,g_n12_m24_k2_000,q01,validation,18,3751951326,"[7, 9, 12, 13, 21]",0
g_n12_m24_k2_000_q01,g_n12_m24_k2_000,q01,validation,19,3752951329,"[0, 1, 2, 8, 12, 16, 17, 22, 23]",1
g_n12_m24_k2_000_q01,g_n12_m24_k2_000,q01,validation,20,3753951332,"[0, 1, 2, 6, 11, 14, 15, 23]",1
g_n12_m24_k2_000_q01,g_n12_m24_k2_000,q01,validation,21,3754951335,"[4, 9, 11, 14, 17]",0
g_n12_m24_k2_000_q01,g_n12_m24_k2_000,q01,validation,22,3755951338,"[3, 8, 9, 17]",0
g_n12_m24_k2_000_q01,g_n12_m24_k2_000,q01,validation,23,3756951341,"[0, 6, 10, 12, 17, 23]",0
g_n12_m24_k2_000_q01,g_n12_m24_k2_000,q01,validation,24,3757951344,"[1, 2, 5, 7, 10, 11, 16, 17]",0
g_n12_m24_k2_000_q01,g_n12_m24_k2_000,q01,validation,25,3758951347,"[1, 4, 5, 6, 8, 17, 20]",0
g_n12_m24_k2_000_q01,g_n12_m24_k2_000,q01,validation,26,3759951350,"[6, 11, 12, 13, 23]",0
g_n12_m24_k2_000_q01,g_n12_m24_k2_000,q01,validation,27,3760951353,"[2, 4, 5, 16, 22]",0
g_n12_m24_k2_000_q01,g_n12_m24_k2_000,q01,validation,28,3761951356,"[0, 13, 14, 18, 20]",0
g_n12_m24_k2_000_q01,g_n12_m24_k2_000,q01,validation,29,3762951359,"[6, 9, 12, 15]",0
g_n12_m24_k2_000_q01,g_n12_m24_k2_000,q01,validation,30,3763951362,"[1, 9, 12, 13, 17, 18, 22]",0
g_n12_m24_k2_000_q01,g_n12_m24_k2_000,q01,validation,31,3764951365,"[8, 10, 12, 15, 20, 22]",1
g_n12_m24_k2_000_q02,g_n12_m24_k2_000,q02,validation,0,3012571313,"[7, 8, 10, 11, 12, 13, 15, 17, 19, 23]",1
g_n12_m24_k2_000_q02,g_n12_m24_k2_000,q02,validation,1,3013571316,"[1, 4, 6, 8, 10, 11, 17]",0
g_n12_m24_k2_000_q02,g_n12_m24_k2_000,q02,validation,2,3014571319,"[5, 9, 11, 12, 14, 15, 17, 18, 20, 22]",0
g_n12_m24_k2_000_q02,g_n12_m24_k2_000,q02,validation,3,3015571322,"[1, 3, 8, 10, 13, 14, 16, 19, 22]",0
g_n12_m24_k2_000_q02,g_n12_m24_k2_000,q02,validation,4,3016571325,"[0, 3, 4, 6, 7, 13, 15, 16, 17, 18, 20, 21]",0
g_n12_m24_k2_000_q02,g_n12_m24_k2_000,q02,validation,5,3017571328,"[0, 4, 6, 7, 11, 13, 14, 15, 19, 20, 23]",0
g_n12_m24_k2_000_q02,g_n12_m24_k2_000,q02,validation,6,3018571331,"[0, 3, 6, 7, 10, 12, 15, 16, 23]",1
g_n12_m24_k2_000_q02,g_n12_m24_k2_000,q02,validation,7,3019571334,"[1, 3, 6, 8, 9, 10, 11, 16, 17, 19, 23]",0
g_n12_m24_k2_000_q02,g_n12_m24_k2_000,q02,validation,8,3020571337,"[0, 3, 6, 10, 12, 13, 15, 18, 19]",0
g_n12_m24_k2_000_q02,g_n12_m24_k2_000,q02,validation,9,3021571340,"[0, 4, 6, 11, 14, 15, 16, 19, 22]",0
g_n12_m24_k2_000_q02,g_n12_m24_k2_000,q02,validation,10,3022571343,"[1, 3, 4, 6, 8, 11, 12, 17, 19, 23]",1
g_n12_m24_k2_000_q02,g_n12_m24_k2_000,q02,validation,11,3023571346,"[0, 2, 4, 6, 7, 8, 12, 16, 17, 20]",1
g_n12_m24_k2_000_q02,g_n12_m24_k2_000,q02,validation,12,3024571349,"[0, 1, 3, 8, 15, 17, 18, 19, 20]",0
g_n12_m24_k2_000_q02,g_n12_m24_k2_000,q02,validation,13,3025571352,"[0, 2, 8, 10, 13, 15, 19, 21]",0
g_n12_m24_k2_000_q02,g_n12_m24_k2_000,q02,validation,14,3026571355,"[0, 5, 6, 8, 10, 11, 12, 14, 21, 22]",1
g_n12_m24_k2_000_q02,g_n12_m24_k2_000,q02,validation,15,3027571358,"[0, 4, 5, 6, 7, 14, 18, 19, 20, 21, 23]",0
g_n12_m24_k2_000_q02,g_n12_m24_k2_000,q02,validation,16,3028571361,"[2, 3, 5, 10, 12, 16, 18, 19, 20, 21]",0
g_n12_m24_k2_000_q02,g_n12_m24_k2_000,q02,validation,17,3029571364,"[0, 2, 3, 4, 7, 9, 14, 19, 21, 23]",0
g_n12_m24_k2_000_q02,g_n12_m24_k2_000,q02,validation,18,3030571367,"[1, 3, 4, 5, 6, 8, 11, 14, 17, 18, 19, 21, 23]",0
g_n12_m24_k2_000_q02,g_n12_m24_k2_000,q02,validation,19,3031571370,"[4, 17, 23]",0
g_n12_m24_k2_000_q02,g_n12_m24_k2_000,q02,validation,20,3032571373,"[8, 12, 16, 19, 20, 23]",1
g_n12_m24_k2_000_q02,g_n12_m24_k2_000,q02,validation,21,3033571376,"[3, 11, 12, 14, 16, 20, 23]",0
g_n12_m24_k2_000_q02,g_n12_m24_k2_000,q02,validation,22,3034571379,"[4, 6, 7, 8, 9, 16, 18, 20, 22]",0
g_n12_m24_k2_000_q02,g_n12_m24_k2_000,q02,validation,23,3035571382,"[0, 11, 14, 15, 16, 19, 21]",0
g_n12_m24_k2_000_q02,g_n12_m24_k2_000,q02,validation,24,3036571385,"[3, 4, 8, 9, 10, 14, 15, 16, 18, 19]",0
g_n12_m24_k2_000_q02,g_n12_m24_k2_000,q02,validation,25,3037571388,"[8, 10, 12, 15]",1
g_n12_m24_k2_000_q02,g_n12_m24_k2_000,q02,validation,26,3038571391,"[4, 5, 16, 18, 21, 23]",0
g_n12_m24_k2_000_q02,g_n12_m24_k2_000,q02,validation,27,3039571394,"[1, 6, 10, 11, 12, 13]",0
g_n12_m24_k2_000_q02,g_n12_m24_k2_000,q02,validation,28,3040571397,"[1, 4, 5, 6, 9, 11, 12, 13, 16, 19, 21, 22, 23]",1
g_n12_m24_k2_000_q02,g_n12_m24_k2_000,q02,validation,29,3041571400,"[0, 2, 8, 10, 15, 19, 21]",0
g_n12_m24_k2_000_q02,g_n12_m24_k2_000,q02,validation,30,3042571403,"[4, 6, 11, 16, 20, 23]",0
g_n12_m24_k2_000_q02,g_n12_m24_k2_000,q02,validation,31,3043571406,"[0, 1, 3, 8, 11, 15, 16, 17, 23]",0
g_n12_m24_k2_001_q00,g_n12_m24_k2_001,q00,train,0,744260218,"[1, 4]",0
g_n12_m24_k2_001_q00,g_n12_m24_k2_001,q00,train,1,745260221,[2],0
g_n12_m24_k2_001_q00,g_n12_m24_k2_001,q00,train,2,746260224,"[4, 15, 19, 22, 23]",0
g_n12_m24_k2_001_q00,g_n12_m24_k2_001,q00,train,3,747260227,"[1, 10, 15]",0
g_n12_m24_k2_001_q00,g_n12_m24_k2_001,q00,train,4,748260230,"[1, 6, 8, 11, 13]",0
g_n12_m24_k2_001_q00,g_n12_m24_k2_001,q00,train,5,749260233,"[3, 7, 10, 18]",0
g_n12_m24_k2_001_q00,g_n12_m24_k2_001,q00,train,6,750260236,[16],0
g_n12_m24_k2_001_q00,g_n12_m24_k2_001,q00,train,7,751260239,"[3, 4, 10]",0
g_n12_m24_k2_001_q00,g_n12_m24_k2_001,q00,train,8,752260242,"[11, 12]",0
g_n12_m24_k2_001_q00,g_n12_m24_k2_001,q00,train,9,753260245,"[15, 17]",0
g_n12_m24_k2_001_q00,g_n12_m24_k2_001,q00,train,10,754260248,"[5, 10, 18, 22]",0
g_n12_m24_k2_001_q00,g_n12_m24_k2_001,q00,train,11,755260251,"[6, 8, 9, 12, 15, 20]",0
g_n12_m24_k2_001_q00,g_n12_m24_k2_001,q00,train,12,756260254,"[0, 2, 5, 10]",0
g_n12_m24_k2_001_q00,g_n12_m24_k2_001,q00,train,13,757260257,"[8, 11, 19]",0
g_n12_m24_k2_001_q00,g_n12_m24_k2_001,q00,train,14,758260260,[9],0
g_n12_m24_k2_001_q00,g_n12_m24_k2_001,q00,train,15,759260263,[],0
g_n12_m24_k2_001_q00,g_n12_m24_k2_001,q00,train,16,760260266,[10],0
g_n12_m24_k2_001_q00,g_n12_m24_k2_001,q00,train,17,761260269,[4],0
g_n12_m24_k2_001_q00,g_n12_m24_k2_001,q00,train,18,762260272,"[8, 15]",0
g_n12_m24_k2_001_q00,g_n12_m24_k2_001,q00,train,19,763260275,"[17, 22]",0
g_n12_m24_k2_001_q00,g_n12_m24_k2_001,q00,train,20,764260278,"[12, 14]",0
g_n12_m24_k2_001_q00,g_n12_m24_k2_001,q00,train,21,765260281,"[4, 6, 14]",0
g_n12_m24_k2_001_q00,g_n12_m24_k2_001,q00,train,22,766260284,"[4, 7, 13, 14, 18]",0
g_n12_m24_k2_001_q00,g_n12_m24_k2_001,q00,train,23,767260287,"[4, 7, 10, 14, 17, 21]",0
g_n12_m24_k2_001_q00,g_n12_m24_k2_001,q00,train,24,768260290,"[2, 3]",0
g_n12_m24_k2_001_q00,g_n12_m24_k2_001,q00,train,25,769260293,"[1, 2, 16, 18, 23]",0
g_n12_m24_k2_001_q00,g_n12_m24_k2_001,q00,train,26,770260296,[12],0
g_n12_m24_k2_001_q00,g_n12_m24_k2_001,q00,train,27,771260299,"[6, 8, 10]",0
g_n12_m24_k2_001_q00,g_n12_m24_k2_001,q00,train,28,772260302,"[0, 9, 12, 15]",0
g_n12_m24_k2_001_q00,g_n12_m24_k2_001,q00,train,29,773260305,[19],0
g_n12_m24_k2_001_q00,g_n12_m24_k2_001,q00,train,30,774260308,[13],0
g_n12_m24_k2_001_q00,g_n12_m24_k2_001,q00,train,31,775260311,"[7, 11, 17, 22]",0
g_n12_m24_k2_001_q01,g_n12_m24_k2_001,q01,train,0,22880259,"[6, 11, 12, 14, 15, 16, 19, 20, 23]",0
g_n12_m24_k2_001_q01,g_n12_m24_k2_001,q01,train,1,23880262,"[0, 3, 6, 10, 15, 17, 20]",0
g_n12_m24_k2_001_q01,g_n12_m24_k2_001,q01,train,2,24880265,"[2, 6, 7, 8, 22]",0
g_n12_m24_k2_001_q01,g_n12_m24_k2_001,q01,train,3,25880268,"[4, 9, 10, 14, 22]",0
g_n12_m24_k2_001_q01,g_n12_m24_k2_001,q01,train,4,26880271,"[0, 4, 6, 9]",0
g_n12_m24_k2_001_q01,g_n12_m24_k2_001,q01,train,5,27880274,"[6, 7, 14, 19, 23]",0
g_n12_m24_k2_001_q01,g_n12_m24_k2_001,q01,train,6,28880277,"[1, 6, 12, 16, 19, 20, 22]",0
g_n12_m24_k2_001_q01,g_n12_m24_k2_001,q01,train,7,29880280,"[0, 4, 10, 22]",0
g_n12_m24_k2_001_q01,g_n12_m24_k2_001,q01,train,8,30880283,"[1, 7, 10, 12, 15, 18, 23]",1
g_n12_m24_k2_001_q01,g_n12_m24_k2_001,q01,train,9,31880286,"[2, 4, 8, 9, 22, 23]",0
g_n12_m24_k2_001_q01,g_n12_m24_k2_001,q01,train,10,32880289,"[7, 8, 10, 16, 19, 22, 23]",0
g_n12_m24_k2_001_q01,g_n12_m24_k2_001,q01,train,11,33880292,"[5, 8, 9, 10, 15, 18, 21]",0
g_n12_m24_k2_001_q01,g_n12_m24_k2_001,q01,train,12,34880295,"[2, 3, 6, 12, 14, 15]",0
g_n12_m24_k2_001_q01,g_n12_m24_k2_001,q01,train,13,35880298,"[3, 4, 10, 11, 13, 14, 19, 20]",0
g_n12_m24_k2_001_q01,g_n12_m24_k2_001,q01,train,14,36880301,"[0, 9, 12]",0
g_n12_m24_k2_001_q01,g_n12_m24_k2_001,q01,train,15,37880304,[7],0
g_n12_m24_k2_001_q01,g_n12_m24_k2_001,q01,train,16,38880307,"[0, 1, 2, 3, 12, 15, 16, 17, 19, 20, 21, 22]",1
g_n12_m24_k2_001_q01,g_n12_m24_k2_001,q01,train,17,39880310,"[6, 7, 8, 12, 17, 18, 21, 23]",0
g_n12_m24_k2_001_q01,g_n12_m24_k2_001,q01,train,18,40880313,"[2, 8, 11, 16, 22]",0
g_n12_m24_k2_001_q01,g_n12_m24_k2_001,q01,train,19,41880316,"[2, 6, 7, 13, 14, 19]",0
g_n12_m24_k2_001_q01,g_n12_m24_k2_001,q01,train,20,42880319,"[1, 2, 6, 7, 12, 15, 16]",0
g_n12_m24_k2_001_q01,g_n12_m24_k2_001,q01,train,21,43880322,"[2, 3, 6, 8, 10, 14, 17, 18, 20, 22]",0
g_n12_m24_k2_001_q01,g_n12_m24_k2_001,q01,train,22,44880325,"[5, 7, 8, 13, 16, 17]",0
g_n12_m24_k2_001_q01,g_n12_m24_k2_001,q01,train,23,45880328,"[0, 3, 4, 16, 20, 21, 22]",0
g_n12_m24_k2_001_q01,g_n12_m24_k2_001,q01,train,24,46880331,"[1, 2, 4, 7, 8, 11, 12, 17, 20, 22, 23]",0
g_n12_m24_k2_001_q01,g_n12_m24_k2_001,q01,train,25,47880334,"[0, 5, 12, 16]",0
g_n12_m24_k2_001_q01,g_n12_m24_k2_001,q01,train,26,48880337,"[4, 8, 10, 13, 16, 17]",0
g_n12_m24_k2_001_q01,g_n12_m24_k2_001,q01,train,27,49880340,"[1, 3, 4, 8, 9, 15]",0
g_n12_m24_k2_001_q01,g_n12_m24_k2_001,q01,train,28,50880343,"[3, 6, 9, 12, 13, 14, 21, 22, 23]",1
g_n12_m24_k2_001_q01,g_n12_m24_k2_001,q01,train,29,51880346,"[6, 17, 22]",0
g_n12_m24_k2_001_q01,g_n12_m24_k2_001,q01,train,30,52880349,[22],0
g_n12_m24_k2_001_q01,g_n12_m24_k2_001,q01,train,31,53880352,"[2, 3, 5, 8, 9, 10, 19]",0
g_n12_m24_k2_001_q02,g_n12_m24_k2_001,q02,train,0,3596467596,"[1, 2, 3, 4, 8, 9, 12, 17, 19, 23]",0
g_n12_m24_k2_001_q02,g_n12_m24_k2_001,q02,train,1,3597467599,"[1, 4, 6, 9, 11, 12, 14, 15, 16, 20, 21, 23]",0
g_n12_m24_k2_001_q02,g_n12_m24_k2_001,q02,train,2,3598467602,"[0, 1, 3, 4, 6, 14, 15, 17, 23]",1
g_n12_m24_k2_001_q02,g_n12_m24_k2_001,q02,train,3,3599467605,"[1, 6, 7, 10, 12, 14, 15, 21]",1
g_n12_m24_k2_001_q02,g_n12_m24_k2_001,q02,train,4,3600467608,"[0, 7, 9, 11, 16, 21]",0
g_n12_m24_k2_001_q02,g_n12_m24_k2_001,q02,train,5,3601467611,"[1, 3, 4, 5, 6, 7, 11, 13, 17, 18, 19, 22]",1
g_n12_m24_k2_001_q02,g_n12_m24_k2_001,q02,train,6,3602467614,"[1, 3, 6, 8, 9, 14, 15, 16, 17, 18, 23]",0
g_n12_m24_k2_001_q02,g_n12_m24_k2_001,q02,train,7,3603467617,"[0, 7, 9, 18, 19]",0
g_n12_m24_k2_001_q02,g_n12_m24_k2_001,q02,train,8,3604467620,"[0, 2, 5, 6, 9, 11, 12, 14, 19, 22]",0
g_n12_m24_k2_001_q02,g_n12_m24_k2_001,q02,train,9,3605467623,"[0, 5, 8, 9, 12, 14, 20]",0
g_n12_m24_k2_001_q02,g_n12_m24_k2_001,q02,train,10,3606467626,"[0, 2, 5, 8, 10, 13, 15, 20, 22, 23]",0
g_n12_m24_k2_001_q02,g_n12_m24_k2_001,q02,train,11,3607467629,"[0, 1, 6, 8, 11, 16, 20, 21]",1
g_n12_m24_k2_001_q02,g_n12_m24_k2_001,q02,train,12,3608467632,"[1, 2, 7, 16, 23]",0
g_n12_m24_k2_001_q02,g_n12_m24_k2_001,q02,train,13,3609467635,"[8, 11, 15, 16, 17, 21, 22]",0
g_n12_m24_k2_001_q02,g_n12_m24_k2_001,q02,train,14,3610467638,"[0, 2, 3, 4, 5, 6, 8, 12, 13, 14, 17, 20, 22]",0
g_n12_m24_k2_001_q02,g_n12_m24_k2_001,q02,train,15,3611467641,"[2, 3, 4, 5, 11, 13, 14, 15, 22]",0
g_n12_m24_k2_001_q02,g_n12_m24_k2_001,q02,train,16,3612467644,"[0, 1, 6, 7, 10, 11, 12, 15, 17, 18, 21]",1
g_n12_m24_k2_001_q02,g_n12_m24_k2_001,q02,train,17,3613467647,"[1, 6, 18]",0
g_n12_m24_k2_001_q02,g_n12_m24_k2_001,q02,train,18,3614467650,"[2, 6, 11, 12, 13, 22]",0
g_n12_m24_k2_001_q02,g_n12_m24_k2_001,q02,train,19,3615467653,"[0, 2, 4, 7, 9, 11, 12, 15, 17, 23]",0
g_n12_m24_k2_001_q02,g_n12_m24_k2_001,q02,train,20,3616467656,"[0, 1, 2, 10, 12, 13, 14, 17, 20]",1
g_n12_m24_k2_001_q02,g_n12_m24_k2_001,q02,train,21,3617467659,"[0, 10, 12, 15, 16, 20, 23]",1
g_n12_m24_k2_001_q02,g_n12_m24_k2_001,q02,train,22,3618467662,"[3, 4, 6, 8, 9, 10, 12, 13, 15, 16, 20, 21, 22]",1
g_n12_m24_k2_001_q02,g_n12_m24_k2_001,q02,train,23,3619467665,"[0, 13, 14, 15, 16, 17, 21]",1
g_n12_m24_k2_001_q02,g_n12_m24_k2_001,q02,train,24,3620467668,"[0, 2, 3, 11, 12, 13, 14, 15, 16, 19, 20, 21, 22, 23]",1
g_n12_m24_k2_001_q02,g_n12_m24_k2_001,q02,train,25,3621467671,"[1, 5, 7, 12, 14, 21, 22]",0
g_n12_m24_k2_001_q02,g_n12_m24_k2_001,q02,train,26,3622467674,"[0, 5, 9, 15, 16, 18, 19, 23]",0
g_n12_m24_k2_001_q02,g_n12_m24_k2_001,q02,train,27,3623467677,"[0, 5, 9, 11, 13, 14, 16, 18, 22]",0
g_n12_m24_k2_001_q02,g_n12_m24_k2_001,q02,train,28,3624467680,"[0, 2, 6, 8, 13, 16]",0
g_n12_m24_k2_001_q02,g_n12_m24_k2_001,q02,train,29,3625467683,"[6, 7, 8, 12, 13, 14, 17, 18, 19, 20, 23]",0
g_n12_m24_k2_001_q02,g_n12_m24_k2_001,q02,train,30,3626467686,"[0, 1, 4, 11, 12, 15, 22]",1
g_n12_m24_k2_001_q02,g_n12_m24_k2_001,q02,train,31,3627467689,"[4, 6, 9, 10, 13, 14, 20, 21]",0
g_n12_m24_k2_002_q00,g_n12_m24_k2_002,q00,test,0,1328156501,"[8, 9, 11, 13, 20]",0
g_n12_m24_k2_002_q00,g_n12_m24_k2_002,q00,test,1,1329156504,"[12, 20]",0
g_n12_m24_k2_002_q00,g_n12_m24_k2_002,q00,test,2,1330156507,"[4, 6]",0
g_n12_m24_k2_002_q00,g_n12_m24_k2_002,q00,test,3,1331156510,"[10, 13, 16, 19]",0
g_n12_m24_k2_002_q00,g_n12_m24_k2_002,q00,test,4,1332156513,"[5, 8, 21]",0
g_n12_m24_k2_002_q00,g_n12_m24_k2_002,q00,test,5,1333156516,"[0, 7, 18]",0
g_n12_m24_k2_002_q00,g_n12_m24_k2_002,q00,test,6,1334156519,[14],0
g_n12_m24_k2_002_q00,g_n12_m24_k2_002,q00,test,7,1335156522,"[1, 21]",0
g_n12_m24_k2_002_q00,g_n12_m24_k2_002,q00,test,8,1336156525,"[9, 15, 16]",0
g_n12_m24_k2_002_q00,g_n12_m24_k2_002,q00,test,9,1337156528,"[0, 1, 11, 12, 17, 20]",0
g_n12_m24_k2_002_q00,g_n12_m24_k2_002,q00,test,10,1338156531,"[8, 13, 15, 22]",0
g_n12_m24_k2_002_q00,g_n12_m24_k2_002,q00,test,11,1339156534,"[1, 12]",0
g_n12_m24_k2_002_q00,g_n12_m24_k2_002,q00,test,12,1340156537,[],0
g_n12_m24_k2_002_q00,g_n12_m24_k2_002,q00,test,13,1341156540,"[1, 22]",0
g_n12_m24_k2_002_q00,g_n12_m24_k2_002,q00,test,14,1342156543,"[4, 10, 20]",0
g_n12_m24_k2_002_q00,g_n12_m24_k2_002,q00,test,15,1343156546,[],0
g_n12_m24_k2_002_q00,g_n12_m24_k2_002,q00,test,16,1344156549,"[8, 10, 12, 15]",0
g_n12_m24_k2_002_q00,g_n12_m24_k2_002,q00,test,17,1345156552,"[2, 3, 7, 8, 13]",0
g_n12_m24_k2_002_q00,g_n12_m24_k2_002,q00,test,18,1346156555,"[5, 11, 14, 20]",0
g_n12_m24_k2_002_q00,g_n12_m24_k2_002,q00,test,19,1347156558,[21],0
g_n12_m24_k2_002_q00,g_n12_m24_k2_002,q00,test,20,1348156561,"[8, 12, 20]",0
g_n12_m24_k2_002_q00,g_n12_m24_k2_002,q00,test,21,1349156564,"[8, 20]",0
g_n12_m24_k2_002_q00,g_n12_m24_k2_002,q00,test,22,1350156567,"[1, 3, 8, 18, 21]",0
g_n12_m24_k2_002_q00,g_n12_m24_k2_002,q00,test,23,1351156570,"[7, 17, 23]",0
g_n12_m24_k2_002_q00,g_n12_m24_k2_002,q00,test,24,1352156573,"[0, 1, 13, 18]",0
g_n12_m24_k2_002_q00,g_n12_m24_k2_002,q00,test,25,1353156576,"[1, 12, 16, 17, 19]",0
g_n12_m24_k2_002_q00,g_n12_m24_k2_002,q00,test,26,1354156579,[],0
g_n12_m24_k2_002_q00,g_n12_m24_k2_002,q00,test,27,1355156582,[14],0
g_n12_m24_k2_002_q00,g_n12_m24_k2_002,q00,test,28,1356156585,"[0, 5, 13, 16, 22, 23]",0
g_n12_m24_k2_002_q00,g_n12_m24_k2_002,q00,test,29,1357156588,"[4, 11, 16, 17]",0
g_n12_m24_k2_002_q00,g_n12_m24_k2_002,q00,test,30,1358156591,"[4, 20]",0
g_n12_m24_k2_002_q00,g_n12_m24_k2_002,q00,test,31,1359156594,[21],0
g_n12_m24_k2_002_q01,g_n12_m24_k2_002,q01,test,0,606776542,"[11, 19, 23]",0
g_n12_m24_k2_002_q01,g_n12_m24_k2_002,q01,test,1,607776545,"[0, 1, 3, 8, 13, 19, 20, 21]",0
g_n12_m24_k2_002_q01,g_n12_m24_k2_002,q01,test,2,608776548,"[7, 11, 16]",0
g_n12_m24_k2_002_q01,g_n12_m24_k2_002,q01,test,3,609776551,"[0, 3, 6, 8, 14, 18, 22]",0
g_n12_m24_k2_002_q01,g_n12_m24_k2_002,q01,test,4,610776554,"[5, 8, 11, 13, 21]",0
g_n12_m24_k2_002_q01,g_n12_m24_k2_002,q01,test,5,611776557,"[1, 2, 4, 5, 6, 10, 13, 20]",0
g_n12_m24_k2_002_q01,g_n12_m24_k2_002,q01,test,6,612776560,"[11, 13]",0
g_n12_m24_k2_002_q01,g_n12_m24_k2_002,q01,test,7,613776563,"[11, 20, 23]",0
g_n12_m24_k2_002_q01,g_n12_m24_k2_002,q01,test,8,614776566,"[3, 7, 10, 11, 13, 17, 22, 23]",0
g_n12_m24_k2_002_q01,g_n12_m24_k2_002,q01,test,9,615776569,"[0, 7, 12, 13, 16, 21, 22]",1
g_n12_m24_k2_002_q01,g_n12_m24_k2_002,q01,test,10,616776572,"[9, 12, 17]",0
g_n12_m24_k2_002_q01,g_n12_m24_k2_002,q01,test,11,617776575,"[2, 9, 10, 15, 16, 18, 20, 22]",0
g_n12_m24_k2_002_q01,g_n12_m24_k2_002,q01,test,12,618776578,"[4, 7, 9, 17, 19]",0
g_n12_m24_k2_002_q01,g_n12_m24_k2_002,q01,test,13,619776581,"[0, 3, 5, 6, 7, 9, 15, 18, 19, 20]",0
g_n12_m24_k2_002_q01,g_n12_m24_k2_002,q01,test,14,620776584,"[0, 1, 7, 8, 11, 14, 15, 16, 23]",0
g_n12_m24_k2_002_q01,g_n12_m24_k2_002,q01,test,15,621776587,"[0, 6, 7, 14, 15, 16, 20, 22]",0
g_n12_m24_k2_002_q01,g_n12_m24_k2_002,q01,test,16,622776590,"[5, 7, 8, 14, 22, 23]",0
g_n12_m24_k2_002_q01,g_n12_m24_k2_002,q01,test,17,623776593,"[10, 13, 21]",0
g_n12_m24_k2_002_q01,g_n12_m24_k2_002,q01,test,18,624776596,"[1, 5, 7, 8, 10, 11, 14, 20]",0
g_n12_m24_k2_002_q01,g_n12_m24_k2_002,q01,test,19,625776599,"[4, 6, 10, 11, 13, 22, 23]",0
g_n12_m24_k2_002_q01,g_n12_m24_k2_002,q01,test,20,626776602,"[3, 6, 9, 14]",0
g_n12_m24_k2_002_q01,g_n12_m24_k2_002,q01,test,21,627776605,"[3, 6, 10, 17, 20]",0
g_n12_m24_k2_002_q01,g_n12_m24_k2_002,q01,test,22,628776608,"[7, 12, 14, 15, 17, 20]",1
g_n12_m24_k2_002_q01,g_n12_m24_k2_002,q01,test,23,629776611,"[4, 10, 11, 15, 18, 21, 22]",0
g_n12_m24_k2_002_q01,g_n12_m24_k2_002,q01,test,24,630776614,"[2, 3, 5, 15, 23]",0
g_n12_m24_k2_002_q01,g_n12_m24_k2_002,q01,test,25,631776617,"[0, 3, 5, 9, 11, 12, 19]",0
g_n12_m24_k2_002_q01,g_n12_m24_k2_002,q01,test,26,632776620,"[0, 4, 7, 10, 14, 15, 18, 21, 22, 23]",0
g_n12_m24_k2_002_q01,g_n12_m24_k2_002,q01,test,27,633776623,"[2, 9, 16]",0
g_n12_m24_k2_002_q01,g_n12_m24_k2_002,q01,test,28,634776626,"[2, 4, 7, 10, 15, 18]",0
g_n12_m24_k2_002_q01,g_n12_m24_k2_002,q01,test,29,635776629,"[2, 3, 5, 6, 7, 11, 17, 21]",0
g_n12_m24_k2_002_q01,g_n12_m24_k2_002,q01,test,30,636776632,"[0, 1, 5, 11, 14]",0
g_n12_m24_k2_002_q01,g_n12_m24_k2_002,q01,test,31,637776635,"[1, 6, 7, 11, 14, 18, 19]",0
g_n12_m24_k2_002_q02,g_n12_m24_k2_002,q02,test,0,4180363879,"[0, 1, 2, 5, 7, 11, 14, 15, 16, 17, 23]",0
g_n12_m24_k2_002_q02,g_n12_m24_k2_002,q02,test,1,4181363882,"[10, 20, 21]",0
g_n12_m24_k2_002_q02,g_n12_m24_k2_002,q02,test,2,4182363885,"[3, 11, 14, 16, 23]",0
g_n12_m24_k2_002_q02,g_n12_m24_k2_002,q02,test,3,4183363888,"[1, 5, 7, 10, 11, 14, 15, 18]",0
g_n12_m24_k2_002_q02,g_n12_m24_k2_002,q02,test,4,4184363891,"[0, 1, 3, 5, 12, 13, 15, 17, 21, 23]",0
g_n12_m24_k2_002_q02,g_n12_m24_k2_002,q02,test,5,4185363894,"[4, 8, 9, 11, 15, 17, 19]",0
g_n12_m24_k2_002_q02,g_n12_m24_k2_002,q02,test,6,4186363897,"[2, 4, 6, 8, 9, 14, 18, 19, 22]",0
g_n12_m24_k2_002_q02,g_n12_m24_k2_002,q02,test,7,4187363900,"[1, 2, 4, 9, 10, 11, 14, 18, 21]",0
g_n12_m24_k2_002_q02,g_n12_m24_k2_002,q02,test,8,4188363903,"[4, 7, 8, 10, 16, 20, 22]",0
g_n12_m24_k2_002_q02,g_n12_m24_k2_002,q02,test,9,4189363906,"[3, 4, 5, 6, 9, 11, 13, 20]",0
g_n12_m24_k2_002_q02,g_n12_m24_k2_002,q02,test,10,4190363909,"[1, 4, 10, 13, 17, 19, 20, 22]",0
g_n12_m24_k2_002_q02,g_n12_m24_k2_002,q02,test,11,4191363912,"[0, 4, 5, 6, 10, 12, 15]",1
g_n12_m24_k2_002_q02,g_n12_m24_k2_002,q02,test,12,4192363915,"[4, 5, 8, 10, 14, 15, 17, 18, 19, 20]",0
g_n12_m24_k2_002_q02,g_n12_m24_k2_002,q02,test,13,4193363918,"[6, 9, 11, 20, 21, 23]",0
g_n12_m24_k2_002_q02,g_n12_m24_k2_002,q02,test,14,4194363921,"[2, 4, 6, 13, 17, 20, 22, 23]",0
g_n12_m24_k2_002_q02,g_n12_m24_k2_002,q02,test,15,4195363924,"[3, 8, 11, 12, 13, 16, 17, 18, 20, 23]",0
g_n12_m24_k2_002_q02,g_n12_m24_k2_002,q02,test,16,4196363927,"[2, 6, 7, 8, 9, 13, 15, 17]",0
g_n12_m24_k2_002_q02,g_n12_m24_k2_002,q02,test,17,4197363930,"[5, 6, 9, 10, 11, 14, 17, 18, 19, 21, 23]",0
g_n12_m24_k2_002_q02,g_n12_m24_k2_002,q02,test,18,4198363933,"[1, 6, 9, 11, 14, 15, 16, 21, 22]",0
g_n12_m24_k2_002_q02,g_n12_m24_k2_002,q02,test,19,4199363936,"[1, 6, 15, 18, 20]",0
g_n12_m24_k2_002_q02,g_n12_m24_k2_002,q02,test,20,4200363939,"[4, 6, 16, 17, 19, 21]",0
g_n12_m24_k2_002_q02,g_n12_m24_k2_002,q02,test,21,4201363942,"[1, 4, 6, 8, 10, 11, 18, 21]",0
g_n12_m24_k2_002_q02,g_n12_m24_k2_002,q02,test,22,4202363945,"[6, 7, 9, 10, 12, 14, 18, 19, 21, 22]",1
g_n12_m24_k2_002_q02,g_n12_m24_k2_002,q02,test,23,4203363948,"[0, 2, 4, 5, 11, 17, 20]",0
g_n12_m24_k2_002_q02,g_n12_m24_k2_002,q02,test,24,4204363951,"[2, 5, 8, 12, 15, 18, 20, 22]",0
g_n12_m24_k2_002_q02,g_n12_m24_k2_002,q02,test,25,4205363954,"[1, 3, 10, 12, 13, 14, 15, 21]",0
g_n12_m24_k2_002_q02,g_n12_m24_k2_002,q02,test,26,4206363957,"[0, 1, 2, 3, 5, 9, 14, 19, 21, 23]",1
g_n12_m24_k2_002_q02,g_n12_m24_k2_002,q02,test,27,4207363960,"[7, 9, 10, 14, 16]",0
g_n12_m24_k2_002_q02,g_n12_m24_k2_002,q02,test,28,4208363963,"[0, 1, 5, 6, 8, 9, 11, 17, 18, 19, 21, 22, 23]",1
g_n12_m24_k2_002_q02,g_n12_m24_k2_002,q02,test,29,4209363966,"[7, 11, 14, 15, 19, 20, 21, 22]",0
g_n12_m24_k2_002_q02,g_n12_m24_k2_002,q02,test,30,4210363969,"[0, 9, 11, 13, 16, 17, 18, 20, 21, 22]",0
g_n12_m24_k2_002_q02,g_n12_m24_k2_002,q02,test,31,4211363972,"[1, 4, 10, 13, 14, 15, 20, 21, 22, 23]",0
g_n12_m24_k2_003_q00,g_n12_m24_k2_003,q00,train,0,1912052784,"[10, 13]",0
g_n12_m24_k2_003_q00,g_n12_m24_k2_003,q00,train,1,1913052787,"[1, 6]",0
g_n12_m24_k2_003_q00,g_n12_m24_k2_003,q00,train,2,1914052790,"[3, 13, 16, 21]",0
g_n12_m24_k2_003_q00,g_n12_m24_k2_003,q00,train,3,1915052793,"[6, 20]",0
g_n12_m24_k2_003_q00,g_n12_m24_k2_003,q00,train,4,1916052796,"[0, 3, 6]",0
g_n12_m24_k2_003_q00,g_n12_m24_k2_003,q00,train,5,1917052799,"[16, 21]",0
g_n12_m24_k2_003_q00,g_n12_m24_k2_003,q00,train,6,1918052802,"[7, 19, 22]",0
g_n12_m24_k2_003_q00,g_n12_m24_k2_003,q00,train,7,1919052805,"[2, 7, 17]",0
g_n12_m24_k2_003_q00,g_n12_m24_k2_003,q00,train,8,1920052808,"[2, 22]",0
g_n12_m24_k2_003_q00,g_n12_m24_k2_003,q00,train,9,1921052811,"[2, 9, 14, 20]",0
g_n12_m24_k2_003_q00,g_n12_m24_k2_003,q00,train,10,1922052814,"[4, 6, 11, 17, 19]",1
g_n12_m24_k2_003_q00,g_n12_m24_k2_003,q00,train,11,1923052817,"[2, 8]",0
g_n12_m24_k2_003_q00,g_n12_m24_k2_003,q00,train,12,1924052820,"[0, 15, 18]",0
g_n12_m24_k2_003_q00,g_n12_m24_k2_003,q00,train,13,1925052823,"[8, 13, 20]",0
g_n12_m24_k2_003_q00,g_n12_m24_k2_003,q00,train,14,1926052826,"[4, 7, 8, 9, 13]",0
g_n12_m24_k2_003_q00,g_n12_m24_k2_003,q00,train,15,1927052829,"[21, 23]",0
g_n12_m24_k2_003_q00,g_n12_m24_k2_003,q00,train,16,1928052832,"[0, 1, 3, 16, 20]",1
g_n12_m24_k2_003_q00,g_n12_m24_k2_003,q00,train,17,1929052835,"[8, 15]",0
g_n12_m24_k2_003_q00,g_n12_m24_k2_003,q00,train,18,1930052838,"[2, 7, 14, 22]",0
g_n12_m24_k2_003_q00,g_n12_m24_k2_003,q00,train,19,1931052841,"[8, 10, 11, 13, 14, 16]",0
g_n12_m24_k2_003_q00,g_n12_m24_k2_003,q00,train,20,1932052844,"[0, 13, 20]",0
g_n12_m24_k2_003_q00,g_n12_m24_k2_003,q00,train,21,1933052847,"[8, 12, 13]",0
g_n12_m24_k2_003_q00,g_n12_m24_k2_003,q00,train,22,1934052850,"[11, 23]",0
g_n12_m24_k2_003_q00,g_n12_m24_k2_003,q00,train,23,1935052853,[5],0
g_n12_m24_k2_003_q00,g_n12_m24_k2_003,q00,train,24,1936052856,[16],0
g_n12_m24_k2_003_q00,g_n12_m24_k2_003,q00,train,25,1937052859,[10],0
g_n12_m24_k2_003_q00,g_n12_m24_k2_003,q00,train,26,1938052862,"[4, 23]",0
g_n12_m24_k2_003_q00,g_n12_m24_k2_003,q00,train,27,1939052865,"[7, 8, 23]",0
g_n12_m24_k2_003_q00,g_n12_m24_k2_003,q00,train,28,1940052868,"[4, 8]",0
g_n12_m24_k2_003_q00,g_n12_m24_k2_003,q00,train,29,1941052871,"[2, 8, 15, 20]",0
g_n12_m24_k2_003_q00,g_n12_m24_k2_003,q00,train,30,1942052874,"[4, 6, 8, 9, 11, 12, 15]",1
g_n12_m24_k2_003_q00,g_n12_m24_k2_003,q00,train,31,1943052877,"[0, 1, 7, 10, 12]",1
g_n12_m24_k2_003_q01,g_n12_m24_k2_003,q01,train,0,1190672825,"[3, 4, 6, 8, 15, 17, 18, 22]",0
g_n12_m24_k2_003_q01,g_n12_m24_k2_003,q01,train,1,1191672828,"[3, 11]",0
g_n12_m24_k2_003_q01,g_n12_m24_k2_003,q01,train,2,1192672831,"[1, 14]",0
g_n12_m24_k2_003_q01,g_n12_m24_k2_003,q01,train,3,1193672834,"[12, 15, 17, 18, 23]",0
g_n12_m24_k2_003_q01,g_n12_m24_k2_003,q01,train,4,1194672837,"[6, 18, 19, 21, 22]",0
g_n12_m24_k2_003_q01,g_n12_m24_k2_003,q01,train,5,1195672840,"[0, 2, 5, 6, 8, 11, 17, 20]",1
g_n12_m24_k2_003_q01,g_n12_m24_k2_003,q01,train,6,1196672843,"[3, 12, 14, 16, 17, 23]",0
g_n12_m24_k2_003_q01,g_n12_m24_k2_003,q01,train,7,1197672846,"[0, 11, 12, 14, 23]",0
g_n12_m24_k2_003_q01,g_n12_m24_k2_003,q01,train,8,1198672849,"[1, 3, 8, 10, 18, 21]",0
g_n12_m24_k2_003_q01,g_n12_m24_k2_003,q01,train,9,1199672852,"[3, 7, 16]",0
g_n12_m24_k2_003_q01,g_n12_m24_k2_003,q01,train,10,1200672855,"[1, 7, 11, 12, 14, 15, 16, 20]",0
g_n12_m24_k2_003_q01,g_n12_m24_k2_003,q01,train,11,1201672858,"[3, 6, 7, 13, 14]",0
g_n12_m24_k2_003_q01,g_n12_m24_k2_003,q01,train,12,1202672861,"[2, 7, 10, 11, 14, 21]",0
g_n12_m24_k2_003_q01,g_n12_m24_k2_003,q01,train,13,1203672864,"[3, 4, 5, 8, 9, 16, 22]",0
g_n12_m24_k2_003_q01,g_n12_m24_k2_003,q01,train,14,1204672867,"[13, 17, 23]",0
g_n12_m24_k2_003_q01,g_n12_m24_k2_003,q01,train,15,1205672870,"[1, 2, 5, 6, 13, 18, 20]",0
g_n12_m24_k2_003_q01,g_n12_m24_k2_003,q01,train,16,1206672873,"[5, 7, 8, 9, 15, 18, 20, 22]",0
g_n12_m24_k2_003_q01,g_n12_m24_k2_003,q01,train,17,1207672876,"[10, 15, 17]",0
g_n12_m24_k2_003_q01,g_n12_m24_k2_003,q01,train,18,1208672879,"[3, 6, 8, 22]",0
g_n12_m24_k2_003_q01,g_n12_m24_k2_003,q01,train,19,1209672882,"[1, 4, 9, 11, 15, 18, 20]",0
g_n12_m24_k2_003_q01,g_n12_m24_k2_003,q01,train,20,1210672885,"[1, 4, 6, 7, 13, 23]",0
g_n12_m24_k2_003_q01,g_n12_m24_k2_003,q01,train,21,1211672888,"[2, 3, 14]",0
g_n12_m24_k2_003_q01,g_n12_m24_k2_003,q01,train,22,1212672891,"[0, 4, 5, 6, 11, 12, 13, 16, 19, 23]",1
g_n12_m24_k2_003_q01,g_n12_m24_k2_003,q01,train,23,1213672894,"[1, 12, 15, 18, 19]",0
g_n12_m24_k2_003_q01,g_n12_m24_k2_003,q01,train,24,1214672897,"[3, 4, 12, 20, 22]",0
g_n12_m24_k2_003_q01,g_n12_m24_k2_003,q01,train,25,1215672900,"[1, 2, 3, 8, 16, 17, 18]",0
g_n12_m24_k2_003_q01,g_n12_m24_k2_003,q01,train,26,1216672903,"[1, 5, 9, 22]",0
g_n12_m24_k2_003_q01,g_n12_m24_k2_003,q01,train,27,1217672906,"[5, 10, 15, 17, 22]",0
g_n12_m24_k2_003_q01,g_n12_m24_k2_003,q01,train,28,1218672909,"[4, 8, 15, 17]",0
g_n12_m24_k2_003_q01,g_n12_m24_k2_003,q01,train,29,1219672912,"[4, 5, 6, 12]",0
g_n12_m24_k2_003_q01,g_n12_m24_k2_003,q01,train,30,1220672915,"[2, 4, 9, 11, 17, 20, 21]",0
g_n12_m24_k2_003_q01,g_n12_m24_k2_003,q01,train,31,1221672918,"[0, 1, 3, 5, 10, 12, 14, 19]",1
g_n12_m24_k2_003_q02,g_n12_m24_k2_003,q02,train,0,469292866,"[5, 6, 7, 10, 13, 14, 15, 16, 17, 22, 23]",1
g_n12_m24_k2_003_q02,g_n12_m24_k2_003,q02,train,1,470292869,"[1, 2, 3, 5, 8, 10, 12, 16, 17, 19, 20]",0
g_n12_m24_k2_003_q02,g_n12_m24_k2_003,q02,train,2,471292872,"[0, 2, 4, 5, 7, 11, 15, 17, 18, 19, 20, 21, 22]",0
g_n12_m24_k2_003_q02,g_n12_m24_k2_003,q02,train,3,472292875,"[2, 5, 9, 12, 16, 18, 21, 22]",0
g_n12_m24_k2_003_q02,g_n12_m24_k2_003,q02,train,4,473292878,"[1, 3, 4, 5, 6, 7, 8, 10, 13, 20]",0
g_n12_m24_k2_003_q02,g_n12_m24_k2_003,q02,train,5,474292881,"[0, 5, 7, 8, 16, 18, 19, 22, 23]",0
g_n12_m24_k2_003_q02,g_n12_m24_k2_003,q02,train,6,475292884,"[0, 2, 3, 6, 7, 12, 14, 15, 16, 19, 20, 22, 23]",0
g_n12_m24_k2_003_q02,g_n12_m24_k2_003,q02,train,7,476292887,"[3, 4, 7, 10, 13, 19, 20, 21]",0
g_n12_m24_k2_003_q02,g_n12_m24_k2_003,q02,train,8,477292890,"[3, 8, 9, 10, 17, 21]",0
g_n12_m24_k2_003_q02,g_n12_m24_k2_003,q02,train,9,478292893,"[1, 5, 6, 8, 12, 16, 17, 18, 19, 22]",0
g_n12_m24_k2_003_q02,g_n12_m24_k2_003,q02,train,10,479292896,"[0, 5, 6, 8, 20, 21, 22]",0
g_n12_m24_k2_003_q02,g_n12_m24_k2_003,q02,train,11,480292899,"[0, 5, 6, 8, 22]",0
g_n12_m24_k2_003_q02,g_n12_m24_k2_003,q02,train,12,481292902,"[0, 7, 11, 13, 17, 18, 19, 20, 22, 23]",0
g_n12_m24_k2_003_q02,g_n12_m24_k2_003,q02,train,13,482292905,"[0, 7, 8, 9, 16, 18, 19, 20, 21, 22]",0
g_n12_m24_k2_003_q02,g_n12_m24_k2_003,q02,train,14,483292908,"[0, 2, 6, 10, 11, 12, 14, 15, 18]",1
g_n12_m24_k2_003_q02,g_n12_m24_k2_003,q02,train,15,484292911,"[0, 9, 12, 13, 14, 15, 16, 21]",1
g_n12_m24_k2_003_q02,g_n12_m24_k2_003,q02,train,16,485292914,"[0, 1, 2, 6, 7, 10, 19, 20, 21, 22]",1
g_n12_m24_k2_003_q02,g_n12_m24_k2_003,q02,train,17,486292917,"[7, 10, 12, 13, 16, 18]",0
g_n12_m24_k2_003_q02,g_n12_m24_k2_003,q02,train,18,487292920,"[2, 3, 4, 9, 10, 13, 15, 16, 17, 19, 22]",0
g_n12_m24_k2_003_q02,g_n12_m24_k2_003,q02,train,19,488292923,"[5, 7, 11, 12, 15, 20, 22]",0
g_n12_m24_k2_003_q02,g_n12_m24_k2_003,q02,train,20,489292926,"[0, 1, 5, 6, 13, 16, 19, 20, 21, 22, 23]",1
g_n12_m24_k2_003_q02,g_n12_m24_k2_003,q02,train,21,490292929,"[1, 3, 5, 7, 8, 9, 12, 13, 15, 16, 18, 21]",0
g_n12_m24_k2_003_q02,g_n12_m24_k2_003,q02,train,22,491292932,"[0, 2, 3, 6, 8, 10, 11, 18, 20]",1
g_n12_m24_k2_003_q02,g_n12_m24_k2_003,q02,train,23,492292935,"[1, 3, 5, 7, 8, 13, 16, 20, 21]",0
g_n12_m24_k2_003_q02,g_n12_m24_k2_003,q02,train,24,493292938,"[0, 1, 2, 5, 6, 14, 15, 17, 18, 19, 23]",1
g_n12_m24_k2_003_q02,g_n12_m24_k2_003,q02,train,25,494292941,"[3, 11, 13, 15, 19, 20, 22]",0
g_n12_m24_k2_003_q02,g_n12_m24_k2_003,q02,train,26,495292944,"[2, 3, 6, 8, 11, 15, 18, 19, 20]",1
g_n12_m24_k2_003_q02,g_n12_m24_k2_003,q02,train,27,496292947,"[0, 8, 9, 10, 19, 21, 22]",0
g_n12_m24_k2_003_q02,g_n12_m24_k2_003,q02,train,28,497292950,"[1, 3, 4, 6, 9, 11, 15]",1
g_n12_m24_k2_003_q02,g_n12_m24_k2_003,q02,train,29,498292953,"[0, 5, 6, 8, 11, 12, 13, 14, 21, 22]",1
g_n12_m24_k2_003_q02,g_n12_m24_k2_003,q02,train,30,499292956,"[0, 1, 2, 5, 6, 8, 9, 11, 13, 14, 15, 16, 18, 22]",1
g_n12_m24_k2_003_q02,g_n12_m24_k2_003,q02,train,31,500292959,"[1, 4, 6, 7, 8, 12, 14, 15, 20]",0
g_n12_m24_k2_004_q00,g_n12_m24_k2_004,q00,train,0,2495949067,"[0, 4, 12, 16]",0
g_n12_m24_k2_004_q00,g_n12_m24_k2_004,q00,train,1,2496949070,"[1, 2, 5, 12, 15]",0
g_n12_m24_k2_004_q00,g_n12_m24_k2_004,q00,train,2,2497949073,"[1, 6]",0
g_n12_m24_k2_004_q00,g_n12_m24_k2_004,q00,train,3,2498949076,"[7, 18]",0
g_n12_m24_k2_004_q00,g_n12_m24_k2_004,q00,train,4,2499949079,"[3, 8]",0
g_n12_m24_k2_004_q00,g_n12_m24_k2_004,q00,train,5,2500949082,[0],0
g_n12_m24_k2_004_q00,g_n12_m24_k2_004,q00,train,6,2501949085,"[1, 4, 8, 9]",0
g_n12_m24_k2_004_q00,g_n12_m24_k2_004,q00,train,7,2502949088,"[9, 10, 12, 14, 22]",0
g_n12_m24_k2_004_q00,g_n12_m24_k2_004,q00,train,8,2503949091,"[6, 16, 18, 23]",0
g_n12_m24_k2_004_q00,g_n12_m24_k2_004,q00,train,9,2504949094,"[3, 5, 8, 12]",0
g_n12_m24_k2_004_q00,g_n12_m24_k2_004,q00,train,10,2505949097,[23],0
g_n12_m24_k2_004_q00,g_n12_m24_k2_004,q00,train,11,2506949100,[16],0
g_n12_m24_k2_004_q00,g_n12_m24_k2_004,q00,train,12,2507949103,"[5, 9, 20, 21]",0
g_n12_m24_k2_004_q00,g_n12_m24_k2_004,q00,train,13,2508949106,"[0, 5, 8, 13]",0
g_n12_m24_k2_004_q00,g_n12_m24_k2_004,q00,train,14,2509949109,"[8, 10, 12]",0
g_n12_m24_k2_004_q00,g_n12_m24_k2_004,q00,train,15,2510949112,"[6, 13, 15, 17, 20]",0
g_n12_m24_k2_004_q00,g_n12_m24_k2_004,q00,train,16,2511949115,"[6, 10]",0
g_n12_m24_k2_004_q00,g_n12_m24_k2_004,q00,train,17,2512949118,"[21, 22]",0
g_n12_m24_k2_004_q00,g_n12_m24_k2_004,q00,train,18,2513949121,"[1, 2, 5, 13]",0
g_n12_m24_k2_004_q00,g_n12_m24_k2_004,q00,train,19,2514949124,"[14, 23]",0
g_n12_m24_k2_004_q00,g_n12_m24_k2_004,q00,train,20,2515949127,"[0, 13]",0
g_n12_m24_k2_004_q00,g_n12_m24_k2_004,q00,train,21,2516949130,"[7, 9, 15, 20, 22]",0
g_n12_m24_k2_004_q00,g_n12_m24_k2_004,q00,train,22,2517949133,"[17, 20]",0
g_n12_m24_k2_004_q00,g_n12_m24_k2_004,q00,train,23,2518949136,"[13, 17, 19]",0
g_n12_m24_k2_004_q00,g_n12_m24_k2_004,q00,train,24,2519949139,"[1, 12, 13, 15, 18]",0
g_n12_m24_k2_004_q00,g_n12_m24_k2_004,q00,train,25,2520949142,"[3, 6, 7, 8, 18]",0
g_n12_m24_k2_004_q00,g_n12_m24_k2_004,q00,train,26,2521949145,"[6, 9, 10]",0
g_n12_m24_k2_004_q00,g_n12_m24_k2_004,q00,train,27,2522949148,"[2, 18, 23]",0
g_n12_m24_k2_004_q00,g_n12_m24_k2_004,q00,train,28,2523949151,"[0, 5]",0
g_n12_m24_k2_004_q00,g_n12_m24_k2_004,q00,train,29,2524949154,"[3, 17, 18, 22]",0
g_n12_m24_k2_004_q00,g_n12_m24_k2_004,q00,train,30,2525949157,"[1, 4, 6, 15, 18]",0
g_n12_m24_k2_004_q00,g_n12_m24_k2_004,q00,train,31,2526949160,"[0, 5, 6, 8, 21]",0
g_n12_m24_k2_004_q01,g_n12_m24_k2_004,q01,train,0,1774569108,"[4, 6, 10, 18]",0
g_n12_m24_k2_004_q01,g_n12_m24_k2_004,q01,train,1,1775569111,"[1, 3, 8, 11, 20]",0
g_n12_m24_k2_004_q01,g_n12_m24_k2_004,q01,train,2,1776569114,"[0, 7, 8, 15, 19, 20]",0
g_n12_m24_k2_004_q01,g_n12_m24_k2_004,q01,train,3,1777569117,"[8, 14, 16, 17]",0
g_n12_m24_k2_004_q01,g_n12_m24_k2_004,q01,train,4,1778569120,"[1, 4, 11, 23]",0
g_n12_m24_k2_004_q01,g_n12_m24_k2_004,q01,train,5,1779569123,"[0, 3, 8, 12, 20]",0
g_n12_m24_k2_004_q01,g_n12_m24_k2_004,q01,train,6,1780569126,"[10, 15, 17, 19, 21]",0
g_n12_m24_k2_004_q01,g_n12_m24_k2_004,q01,train,7,1781569129,"[2, 3, 7, 10, 11, 12, 16, 17]",1
g_n12_m24_k2_004_q01,g_n12_m24_k2_004,q01,train,8,1782569132,"[1, 2, 3, 5, 6, 11, 12, 16, 17, 21, 22]",0
g_n12_m24_k2_004_q01,g_n12_m24_k2_004,q01,train,9,1783569135,"[0, 1, 4, 10, 11, 18]",0
g_n12_m24_k2_004_q01,g_n12_m24_k2_004,q01,train,10,1784569138,"[4, 5, 7, 8, 10, 14, 18, 23]",0
g_n12_m24_k2_004_q01,g_n12_m24_k2_004,q01,train,11,1785569141,"[5, 19, 21, 22]",0
g_n12_m24_k2_004_q01,g_n12_m24_k2_004,q01,train,12,1786569144,"[18, 19, 23]",0
g_n12_m24_k2_004_q01,g_n12_m24_k2_004,q01,train,13,1787569147,"[4, 6, 7, 10, 13, 16, 17, 22]",0
g_n12_m24_k2_004_q01,g_n12_m24_k2_004,q01,train,14,1788569150,"[4, 6, 11, 12, 16, 17, 18, 21]",0
g_n12_m24_k2_004_q01,g_n12_m24_k2_004,q01,train,15,1789569153,"[1, 2, 3, 7, 8, 14]",0
g_n12_m24_k2_004_q01,g_n12_m24_k2_004,q01,train,16,1790569156,"[5, 16, 22]",0
g_n12_m24_k2_004_q01,g_n12_m24_k2_004,q01,train,17,1791569159,"[1, 10, 16, 19, 23]",0
g_n12_m24_k2_004_q01,g_n12_m24_k2_004,q01,train,18,1792569162,"[0, 2, 11, 12, 14, 15, 16, 17, 18]",0
g_n12_m24_k2_004_q01,g_n12_m24_k2_004,q01,train,19,1793569165,"[6, 8, 9, 10, 11, 13, 16, 17, 23]",0
g_n12_m24_k2_004_q01,g_n12_m24_k2_004,q01,train,20,1794569168,"[2, 6, 9, 10, 14, 15, 17, 19]",0
g_n12_m24_k2_004_q01,g_n12_m24_k2_004,q01,train,21,1795569171,"[3, 4, 10, 16, 22, 23]",1
g_n12_m24_k2_004_q01,g_n12_m24_k2_004,q01,train,22,1796569174,"[0, 1, 22]",0
g_n12_m24_k2_004_q01,g_n12_m24_k2_004,q01,train,23,1797569177,"[0, 2, 17, 23]",0
g_n12_m24_k2_004_q01,g_n12_m24_k2_004,q01,train,24,1798569180,"[1, 2, 7, 9, 10, 16, 20]",0
g_n12_m24_k2_004_q01,g_n12_m24_k2_004,q01,train,25,1799569183,"[2, 3, 6, 9, 10, 13, 16, 20]",1
g_n12_m24_k2_004_q01,g_n12_m24_k2_004,q01,train,26,1800569186,"[7, 12, 13, 14, 23]",0
g_n12_m24_k2_004_q01,g_n12_m24_k2_004,q01,train,27,1801569189,"[2, 6, 11, 12, 13, 15, 19, 20, 21]",0
g_n12_m24_k2_004_q01,g_n12_m24_k2_004,q01,train,28,1802569192,"[11, 15, 16]",0
g_n12_m24_k2_004_q01,g_n12_m24_k2_004,q01,train,29,1803569195,"[4, 10, 19]",0
g_n12_m24_k2_004_q01,g_n12_m24_k2_004,q01,train,30,1804569198,"[2, 4, 11, 15, 16, 17]",0
g_n12_m24_k2_004_q01,g_n12_m24_k2_004,q01,train,31,1805569201,"[2, 6, 7, 8, 9, 11, 12, 22]",0
g_n12_m24_k2_004_q02,g_n12_m24_k2_004,q02,train,0,1053189149,"[4, 5, 6, 7, 12, 14, 17, 19, 20, 23]",0
g_n12_m24_k2_004_q02,g_n12_m24_k2_004,q02,train,1,1054189152,"[1, 8, 12, 22, 23]",0
g_n12_m24_k2_004_q02,g_n12_m24_k2_004,q02,train,2,1055189155,"[4, 10, 12, 14, 15, 16]",0
g_n12_m24_k2_004_q02,g_n12_m24_k2_004,q02,train,3,1056189158,"[0, 5, 6, 14, 17, 23]",0
g_n12_m24_k2_004_q02,g_n12_m24_k2_004,q02,train,4,1057189161,"[5, 6, 8, 9, 10, 11, 13, 14, 16, 18, 19, 21]",0
g_n12_m24_k2_004_q02,g_n12_m24_k2_004,q02,train,5,1058189164,"[0, 1, 2, 12, 20, 23]",0
g_n12_m24_k2_004_q02,g_n12_m24_k2_004,q02,train,6,1059189167,"[2, 5, 8, 9, 11, 12, 18]",0
g_n12_m24_k2_004_q02,g_n12_m24_k2_004,q02,train,7,1060189170,"[1, 7, 8, 9, 10, 12, 17, 19, 23]",0
g_n12_m24_k2_004_q02,g_n12_m24_k2_004,q02,train,8,1061189173,"[0, 2, 4, 9, 11, 14, 19, 22]",0
g_n12_m24_k2_004_q02,g_n12_m24_k2_004,q02,train,9,1062189176,"[1, 2, 3, 14, 15, 18, 21]",0
g_n12_m24_k2_004_q02,g_n12_m24_k2_004,q02,train,10,1063189179,"[1, 3, 7, 9, 12, 14, 15, 16]",0
g_n12_m24_k2_004_q02,g_n12_m24_k2_004,q02,train,11,1064189182,"[4, 6, 7, 10, 12, 13, 16, 18, 20, 21]",0
g_n12_m24_k2_004_q02,g_n12_m24_k2_004,q02,train,12,1065189185,"[1, 3, 4, 5, 9, 10, 11, 20, 22]",1
g_n12_m24_k2_004_q02,g_n12_m24_k2_004,q02,train,13,1066189188,"[0, 1, 2, 3, 13, 18, 19, 22, 23]",1
g_n12_m24_k2_004_q02,g_n12_m24_k2_004,q02,train,14,1067189191,"[2, 3, 4, 6, 7, 8, 13, 17, 20, 21, 23]",0
g_n12_m24_k2_004_q02,g_n12_m24_k2_004,q02,train,15,1068189194,"[1, 2, 6, 8, 12, 15, 17]",0
g_n12_m24_k2_004_q02,g_n12_m24_k2_004,q02,train,16,1069189197,"[1, 6, 9, 11, 15, 16, 19, 22]",0
g_n12_m24_k2_004_q02,g_n12_m24_k2_004,q02,train,17,1070189200,"[7, 8, 13, 18, 20, 23]",0
g_n12_m24_k2_004_q02,g_n12_m24_k2_004,q02,train,18,1071189203,"[5, 15, 18, 20, 22]",0
g_n12_m24_k2_004_q02,g_n12_m24_k2_004,q02,train,19,1072189206,"[12, 16, 21]",0
g_n12_m24_k2_004_q02,g_n12_m24_k2_004,q02,train,20,1073189209,"[1, 2, 4, 7, 9, 12, 13, 16]",0
g_n12_m24_k2_004_q02,g_n12_m24_k2_004,q02,train,21,1074189212,"[2, 5, 6, 7, 9, 10, 12, 13, 18, 22]",0
g_n12_m24_k2_004_q02,g_n12_m24_k2_004,q02,train,22,1075189215,"[2, 3, 6, 8, 11, 12, 15, 16, 17, 21, 23]",1
g_n12_m24_k2_004_q02,g_n12_m24_k2_004,q02,train,23,1076189218,"[5, 9, 10, 14, 15, 17, 18, 22, 23]",0
g_n12_m24_k2_004_q02,g_n12_m24_k2_004,q02,train,24,1077189221,"[0, 4, 7, 8, 11, 12, 15, 20, 21, 22]",0
g_n12_m24_k2_004_q02,g_n12_m24_k2_004,q02,train,25,1078189224,"[8, 9, 14, 15, 16, 19, 21, 23]",0
g_n12_m24_k2_004_q02,g_n12_m24_k2_004,q02,train,26,1079189227,"[0, 1, 2, 3, 5, 7, 8, 13, 14, 15]",1
g_n12_m24_k2_004_q02,g_n12_m24_k2_004,q02,train,27,1080189230,"[0, 5, 15, 19, 21]",0
g_n12_m24_k2_004_q02,g_n12_m24_k2_004,q02,train,28,1081189233,"[1, 5, 8, 20]",0
g_n12_m24_k2_004_q02,g_n12_m24_k2_004,q02,train,29,1082189236,"[2, 3, 7, 9, 12, 13, 17, 23]",0
g_n12_m24_k2_004_q02,g_n12_m24_k2_004,q02,train,30,1083189239,"[0, 10, 12, 16, 23]",0
g_n12_m24_k2_004_q02,g_n12_m24_k2_004,q02,train,31,1084189242,"[5, 11, 17]",0
g_n12_m24_k3_000_q00,g_n12_m24_k3_000,q00,train,0,3079845350,"[0, 14, 17]",0
g_n12_m24_k3_000_q00,g_n12_m24_k3_000,q00,train,1,3080845353,"[4, 7, 9]",0
g_n12_m24_k3_000_q00,g_n12_m24_k3_000,q00,train,2,3081845356,"[1, 20]",0
g_n12_m24_k3_000_q00,g_n12_m24_k3_000,q00,train,3,3082845359,"[3, 6, 8, 11]",0
g_n12_m24_k3_000_q00,g_n12_m24_k3_000,q00,train,4,3083845362,"[9, 10, 21]",0
g_n12_m24_k3_000_q00,g_n12_m24_k3_000,q00,train,5,3084845365,"[3, 9, 15]",0
g_n12_m24_k3_000_q00,g_n12_m24_k3_000,q00,train,6,3085845368,[12],0
g_n12_m24_k3_000_q00,g_n12_m24_k3_000,q00,train,7,3086845371,"[2, 8, 13]",0
g_n12_m24_k3_000_q00,g_n12_m24_k3_000,q00,train,8,3087845374,"[4, 7, 10, 13]",0
g_n12_m24_k3_000_q00,g_n12_m24_k3_000,q00,train,9,3088845377,"[0, 7, 11, 19]",0
g_n12_m24_k3_000_q00,g_n12_m24_k3_000,q00,train,10,3089845380,"[6, 9]",0
g_n12_m24_k3_000_q00,g_n12_m24_k3_000,q00,train,11,3090845383,[16],0
g_n12_m24_k3_000_q00,g_n12_m24_k3_000,q00,train,12,3091845386,[1],0
g_n12_m24_k3_000_q00,g_n12_m24_k3_000,q00,train,13,3092845389,[],0
g_n12_m24_k3_000_q00,g_n12_m24_k3_000,q00,train,14,3093845392,"[5, 19]",0
g_n12_m24_k3_000_q00,g_n12_m24_k3_000,q00,train,15,3094845395,[],0
g_n12_m24_k3_000_q00,g_n12_m24_k3_000,q00,train,16,3095845398,"[0, 1, 4, 9, 16, 17, 23]",0
g_n12_m24_k3_000_q00,g_n12_m24_k3_000,q00,train,17,3096845401,"[1, 11]",0
g_n12_m24_k3_000_q00,g_n12_m24_k3_000,q00,train,18,3097845404,"[0, 6, 13, 16, 21]",0
g_n12_m24_k3_000_q00,g_n12_m24_k3_000,q00,train,19,3098845407,"[3, 8, 20, 23]",0
g_n12_m24_k3_000_q00,g_n12_m24_k3_000,q00,train,20,3099845410,"[4, 10, 19, 20]",0
g_n12_m24_k3_000_q00,g_n12_m24_k3_000,q00,train,21,3100845413,"[5, 17]",0
g_n12_m24_k3_000_q00,g_n12_m24_k3_000,q00,train,22,3101845416,[0],0
g_n12_m24_k3_000_q00,g_n12_m24_k3_000,q00,train,23,3102845419,"[17, 23]",0
g_n12_m24_k3_000_q00,g_n12_m24_k3_000,q00,train,24,3103845422,[14],0
g_n12_m24_k3_000_q00,g_n12_m24_k3_000,q00,train,25,3104845425,"[3, 10, 17]",0
g_n12_m24_k3_000_q00,g_n12_m24_k3_000,q00,train,26,3105845428,"[7, 11, 12]",0
g_n12_m24_k3_000_q00,g_n12_m24_k3_000,q00,train,27,3106845431,[23],0
g_n12_m24_k3_000_q00,g_n12_m24_k3_000,q00,train,28,3107845434,[2],0
g_n12_m24_k3_000_q00,g_n12_m24_k3_000,q00,train,29,3108845437,"[9, 13]",0
g_n12_m24_k3_000_q00,g_n12_m24_k3_000,q00,train,30,3109845440,"[0, 4, 11, 19]",0
g_n12_m24_k3_000_q00,g_n12_m24_k3_000,q00,train,31,3110845443,"[14, 15, 18]",0
g_n12_m24_k3_000_q01,g_n12_m24_k3_000,q01,train,0,2358465391,"[1, 4, 10, 11, 12, 17, 18, 19, 20, 21, 23]",0
g_n12_m24_k3_000_q01,g_n12_m24_k3_000,q01,train,1,2359465394,"[0, 4, 7, 10, 13, 14, 19, 21, 23]",0
g_n12_m24_k3_000_q01,g_n12_m24_k3_000,q01,train,2,2360465397,"[2, 13, 14, 17, 22]",0
g_n12_m24_k3_000_q01,g_n12_m24_k3_000,q01,train,3,2361465400,"[7, 14, 16, 17, 18]",0
g_n12_m24_k3_000_q01,g_n12_m24_k3_000,q01,train,4,2362465403,"[4, 5, 6, 11, 14, 19, 22]",0
g_n12_m24_k3_000_q01,g_n12_m24_k3_000,q01,train,5,2363465406,"[5, 6, 10, 16, 19]",0
g_n12_m24_k3_000_q01,g_n12_m24_k3_000,q01,train,6,2364465409,"[8, 11, 13, 17]",0
g_n12_m24_k3_000_q01,g_n12_m24_k3_000,q01,train,7,2365465412,"[0, 12, 14, 19]",0
g_n12_m24_k3_000_q01,g_n12_m24_k3_000,q01,train,8,2366465415,"[3, 4, 6, 7, 8, 9, 13, 21, 22]",0
g_n12_m24_k3_000_q01,g_n12_m24_k3_000,q01,train,9,2367465418,"[5, 6, 12, 13, 19, 21]",0
g_n12_m24_k3_000_q01,g_n12_m24_k3_000,q01,train,10,2368465421,"[6, 12, 13, 21]",0
g_n12_m24_k3_000_q01,g_n12_m24_k3_000,q01,train,11,2369465424,"[3, 7, 17]",0
g_n12_m24_k3_000_q01,g_n12_m24_k3_000,q01,train,12,2370465427,"[5, 22]",0
g_n12_m24_k3_000_q01,g_n12_m24_k3_000,q01,train,13,2371465430,"[2, 4, 10, 12, 15, 18, 19]",0
g_n12_m24_k3_000_q01,g_n12_m24_k3_000,q01,train,14,2372465433,"[0, 4, 5, 6]",0
g_n12_m24_k3_000_q01,g_n12_m24_k3_000,q01,train,15,2373465436,"[0, 1, 4, 8, 9, 10, 13, 23]",0
g_n12_m24_k3_000_q01,g_n12_m24_k3_000,q01,train,16,2374465439,"[5, 9, 16, 22]",0
g_n12_m24_k3_000_q01,g_n12_m24_k3_000,q01,train,17,2375465442,"[0, 4, 5, 8, 12, 14, 17, 18, 22]",0
g_n12_m24_k3_000_q01,g_n12_m24_k3_000,q01,train,18,2376465445,"[3, 4, 16, 18, 20, 21, 23]",0
g_n12_m24_k3_000_q01,g_n12_m24_k3_000,q01,train,19,2377465448,"[4, 22, 23]",0
g_n12_m24_k3_000_q01,g_n12_m24_k3_000,q01,train,20,2378465451,"[5, 10, 18, 19, 20, 22]",0
g_n12_m24_k3_000_q01,g_n12_m24_k3_000,q01,train,21,2379465454,"[0, 1, 4, 7, 8, 16, 21]",0
g_n12_m24_k3_000_q01,g_n12_m24_k3_000,q01,train,22,2380465457,"[8, 9, 12, 13, 19]",0
g_n12_m24_k3_000_q01,g_n12_m24_k3_000,q01,train,23,2381465460,"[0, 1, 8, 9, 15]",0
g_n12_m24_k3_000_q01,g_n12_m24_k3_000,q01,train,24,2382465463,"[0, 4, 7, 8, 9, 14, 19, 23]",0
g_n12_m24_k3_000_q01,g_n12_m24_k3_000,q01,train,25,2383465466,"[2, 3, 6, 7, 13, 20]",0
g_n12_m24_k3_000_q01,g_n12_m24_k3_000,q01,train,26,2384465469,"[0, 9, 12, 16, 23]",0
g_n12_m24_k3_000_q01,g_n12_m24_k3_000,q01,train,27,2385465472,"[10, 11, 20, 22, 23]",0
g_n12_m24_k3_000_q01,g_n12_m24_k3_000,q01,train,28,2386465475,"[10, 12, 14, 15, 17, 19]",0
g_n12_m24_k3_000_q01,g_n12_m24_k3_000,q01,train,29,2387465478,"[3, 6, 17, 19, 20]",0
g_n12_m24_k3_000_q01,g_n12_m24_k3_000,q01,train,30,2388465481,"[3, 12, 16, 17, 19, 21, 23]",0
g_n12_m24_k3_000_q01,g_n12_m24_k3_000,q01,train,31,2389465484,"[1, 5, 12, 15, 18, 20]",0
g_n12_m24_k3_000_q02,g_n12_m24_k3_000,q02,train,0,1637085432,"[0, 2, 15, 16, 21]",0
g_n12_m24_k3_000_q02,g_n12_m24_k3_000,q02,train,1,1638085435,"[0, 5, 11, 12, 14, 15, 16, 17]",0
g_n12_m24_k3_000_q02,g_n12_m24_k3_000,q02,train,2,1639085438,"[0, 1, 2, 3, 4, 6, 12, 14, 17, 21, 23]",1
g_n12_m24_k3_000_q02,g_n12_m24_k3_000,q02,train,3,1640085441,"[3, 7, 10, 11, 13, 19, 22, 23]",0
g_n12_m24_k3_000_q02,g_n12_m24_k3_000,q02,train,4,1641085444,"[1, 2, 5, 6, 7, 9, 12, 13, 15, 16, 17, 18]",0
g_n12_m24_k3_000_q02,g_n12_m24_k3_000,q02,train,5,1642085447,"[0, 3, 12, 21, 22]",0
g_n12_m24_k3_000_q02,g_n12_m24_k3_000,q02,train,6,1643085450,"[0, 1, 2, 4, 7, 13, 15, 18, 23]",1
g_n12_m24_k3_000_q02,g_n12_m24_k3_000,q02,train,7,1644085453,"[1, 9, 13, 16, 19, 21, 22]",0
g_n12_m24_k3_000_q02,g_n12_m24_k3_000,q02,train,8,1645085456,"[0, 2, 3, 5, 7, 8, 9, 10, 11, 12, 13, 14, 15, 16, 18, 19, 20]",1
g_n12_m24_k3_000_q02,g_n12_m24_k3_000,q02,train,9,1646085459,"[0, 1, 5, 6, 7, 9, 12, 15, 16, 18]",0
g_n12_m24_k3_000_q02,g_n12_m24_k3_000,q02,train,10,1647085462,"[0, 3, 5, 8, 10, 11, 12, 14, 16, 19, 21]",1
g_n12_m24_k3_000_q02,g_n12_m24_k3_000,q02,train,11,1648085465,"[4, 5, 7, 9, 13, 14, 20, 22, 23]",0
g_n12_m24_k3_000_q02,g_n12_m24_k3_000,q02,train,12,1649085468,"[5, 10, 18, 21, 22, 23]",0
g_n12_m24_k3_000_q02,g_n12_m24_k3_000,q02,train,13,1650085471,"[1, 9, 15, 20, 21, 22]",0
g_n12_m24_k3_000_q02,g_n12_m24_k3_000,q02,train,14,1651085474,"[1, 4, 10, 15, 17, 19, 22]",0
g_n12_m24_k3_000_q02,g_n12_m24_k3_000,q02,train,15,1652085477,"[2, 3, 6, 7, 14, 15, 16, 18, 19]",0
g_n12_m24_k3_000_q02,g_n12_m24_k3_000,q02,train,16,1653085480,"[5, 7, 9, 10, 11, 14, 16]",0
g_n12_m24_k3_000_q02,g_n12_m24_k3_000,q02,train,17,1654085483,"[2, 4, 9, 12, 16, 17, 18, 23]",0
g_n12_m24_k3_000_q02,g_n12_m24_k3_000,q02,train,18,1655085486,"[10, 11, 13, 16]",0
g_n12_m24_k3_000_q02,g_n12_m24_k3_000,q02,train,19,1656085489,"[3, 4, 9, 13, 18, 19, 21, 22]",0
g_n12_m24_k3_000_q02,g_n12_m24_k3_000,q02,train,20,1657085492,"[3, 5, 6, 11, 13, 15, 18, 19, 21, 22]",0
g_n12_m24_k3_000_q02,g_n12_m24_k3_000,q02,train,21,1658085495,"[3, 5, 8, 9, 12, 14, 16, 21]",0
g_n12_m24_k3_000_q02,g_n12_m24_k3_000,q02,train,22,1659085498,"[0, 1, 5, 7, 19, 21, 22]",0
g_n12_m24_k3_000_q02,g_n12_m24_k3_000,q02,train,23,1660085501,"[3, 8, 11, 13, 17, 18, 19, 21, 23]",0
g_n12_m24_k3_000_q02,g_n12_m24_k3_000,q02,train,24,1661085504,"[1, 5, 12, 14, 21, 22]",0
g_n12_m24_k3_000_q02,g_n12_m24_k3_000,q02,train,25,1662085507,"[1, 13, 14, 18, 22]",0
g_n12_m24_k3_000_q02,g_n12_m24_k3_000,q02,train,26,1663085510,"[5, 9, 12, 13, 14, 15, 18, 19, 20]",0
g_n12_m24_k3_000_q02,g_n12_m24_k3_000,q02,train,27,1664085513,"[2, 4, 6, 9, 11, 15, 17, 20, 22]",0
g_n12_m24_k3_000_q02,g_n12_m24_k3_000,q02,train,28,1665085516,"[3, 4, 5, 12, 22]",0
g_n12_m24_k3_000_q02,g_n12_m24_k3_000,q02,train,29,1666085519,"[10, 13, 14, 15, 17, 18, 20, 23]",0
g_n12_m24_k3_000_q02,g_n12_m24_k3_000,q02,train,30,1667085522,"[0, 1, 5, 9, 18, 19, 20, 22]",0
g_n12_m24_k3_000_q02,g_n12_m24_k3_000,q02,train,31,1668085525,"[0, 4, 6, 9, 12, 15, 17, 18, 19, 20, 21, 23]",0
g_n12_m24_k3_001_q00,g_n12_m24_k3_001,q00,train,0,3663741633,[23],0
g_n12_m24_k3_001_q00,g_n12_m24_k3_001,q00,train,1,3664741636,"[1, 23]",0
g_n12_m24_k3_001_q00,g_n12_m24_k3_001,q00,train,2,3665741639,"[1, 4, 8, 10, 19]",0
g_n12_m24_k3_001_q00,g_n12_m24_k3_001,q00,train,3,3666741642,"[6, 11, 12, 16, 22, 23]",0
g_n12_m24_k3_001_q00,g_n12_m24_k3_001,q00,train,4,3667741645,"[5, 18]",0
g_n12_m24_k3_001_q00,g_n12_m24_k3_001,q00,train,5,3668741648,"[11, 12]",0
g_n12_m24_k3_001_q00,g_n12_m24_k3_001,q00,train,6,3669741651,[19],0
g_n12_m24_k3_001_q00,g_n12_m24_k3_001,q00,train,7,3670741654,"[0, 6, 9]",0
g_n12_m24_k3_001_q00,g_n12_m24_k3_001,q00,train,8,3671741657,"[4, 5, 21]",0
g_n12_m24_k3_001_q00,g_n12_m24_k3_001,q00,train,9,3672741660,"[2, 6, 7, 19]",0
g_n12_m24_k3_001_q00,g_n12_m24_k3_001,q00,train,10,3673741663,[],0
g_n12_m24_k3_001_q00,g_n12_m24_k3_001,q00,train,11,3674741666,"[4, 11, 12, 16]",0
g_n12_m24_k3_001_q00,g_n12_m24_k3_001,q00,train,12,3675741669,"[7, 19]",0
g_n12_m24_k3_001_q00,g_n12_m24_k3_001,q00,train,13,3676741672,"[5, 13, 20, 23]",0
g_n12_m24_k3_001_q00,g_n12_m24_k3_001,q00,train,14,3677741675,"[6, 13, 18, 20, 22]",0
g_n12_m24_k3_001_q00,g_n12_m24_k3_001,q00,train,15,3678741678,[],0
g_n12_m24_k3_001_q00,g_n12_m24_k3_001,q00,train,16,3679741681,"[13, 17, 18]",0
g_n12_m24_k3_001_q00,g_n12_m24_k3_001,q00,train,17,3680741684,[19],0
g_n12_m24_k3_001_q00,g_n12_m24_k3_001,q00,train,18,3681741687,"[6, 7, 10, 15]",0
g_n12_m24_k3_001_q00,g_n12_m24_k3_001,q00,train,19,3682741690,"[1, 7, 20]",0
g_n12_m24_k3_001_q00,g_n12_m24_k3_001,q00,train,20,3683741693,"[2, 12, 21]",0
g_n12_m24_k3_001_q00,g_n12_m24_k3_001,q00,train,21,3684741696,[2],0
g_n12_m24_k3_001_q00,g_n12_m24_k3_001,q00,train,22,3685741699,"[6, 11, 21]",0
g_n12_m24_k3_001_q00,g_n12_m24_k3_001,q00,train,23,3686741702,[],0
g_n12_m24_k3_001_q00,g_n12_m24_k3_001,q00,train,24,3687741705,[],0
g_n12_m24_k3_001_q00,g_n12_m24_k3_001,q00,train,25,3688741708,"[3, 18, 20]",0
g_n12_m24_k3_001_q00,g_n12_m24_k3_001,q00,train,26,3689741711,"[2, 6, 9, 10, 17, 19, 22]",0
g_n12_m24_k3_001_q00,g_n12_m24_k3_001,q00,train,27,3690741714,"[1, 8, 23]",0
g_n12_m24_k3_001_q00,g_n12_m24_k3_001,q00,train,28,3691741717,"[16, 17, 23]",0
g_n12_m24_k3_001_q00,g_n12_m24_k3_001,q00,train,29,3692741720,"[3, 7, 18]",0
g_n12_m24_k3_001_q00,g_n12_m24_k3_001,q00,train,30,3693741723,"[19, 21]",0
g_n12_m24_k3_001_q00,g_n12_m24_k3_001,q00,train,31,3694741726,"[1, 14, 20]",0
g_n12_m24_k3_001_q01,g_n12_m24_k3_001,q01,train,0,2942361674,"[6, 12, 15, 18, 20]",0
g_n12_m24_k3_001_q01,g_n12_m24_k3_001,q01,train,1,2943361677,"[4, 9, 22]",0
g_n12_m24_k3_001_q01,g_n12_m24_k3_001,q01,train,2,2944361680,"[3, 8, 18, 19]",0
g_n12_m24_k3_001_q01,g_n12_m24_k3_001,q01,train,3,2945361683,"[4, 5, 7, 9, 13, 17]",0
g_n12_m24_k3_001_q01,g_n12_m24_k3_001,q01,train,4,2946361686,"[7, 12, 17]",0
g_n12_m24_k3_001_q01,g_n12_m24_k3_001,q01,train,5,2947361689,"[17, 20, 22, 23]",0
g_n12_m24_k3_001_q01,g_n12_m24_k3_001,q01,train,6,2948361692,"[3, 4, 6, 13, 15, 18]",0
g_n12_m24_k3_001_q01,g_n12_m24_k3_001,q01,train,7,2949361695,"[0, 2, 5, 7, 18, 19]",0
g_n12_m24_k3_001_q01,g_n12_m24_k3_001,q01,train,8,2950361698,"[3, 8, 9, 11, 18, 19]",0
g_n12_m24_k3_001_q01,g_n12_m24_k3_001,q01,train,9,2951361701,"[1, 2, 6, 9, 12, 17, 18, 19, 20]",0
g_n12_m24_k3_001_q01,g_n12_m24_k3_001,q01,train,10,2952361704,"[1, 5, 11, 13, 16, 18]",0
g_n12_m24_k3_001_q01,g_n12_m24_k3_001,q01,train,11,2953361707,"[9, 15]",0
g_n12_m24_k3_001_q01,g_n12_m24_k3_001,q01,train,12,2954361710,"[0, 1, 4, 9, 13, 14, 18]",0
g_n12_m24_k3_001_q01,g_n12_m24_k3_001,q01,train,13,2955361713,"[4, 8, 11]",0
g_n12_m24_k3_001_q01,g_n12_m24_k3_001,q01,train,14,2956361716,"[2, 3, 4, 5, 6, 10, 11, 13, 14, 16, 21, 22]",0
g_n12_m24_k3_001_q01,g_n12_m24_k3_001,q01,train,15,2957361719,"[6, 7, 8, 17, 22]",0
g_n12_m24_k3_001_q01,g_n12_m24_k3_001,q01,train,16,2958361722,"[7, 14]",0
g_n12_m24_k3_001_q01,g_n12_m24_k3_001,q01,train,17,2959361725,"[9, 15, 17, 20, 22]",0
g_n12_m24_k3_001_q01,g_n12_m24_k3_001,q01,train,18,2960361728,"[6, 10, 11, 12, 13, 21, 22]",0
g_n12_m24_k3_001_q01,g_n12_m24_k3_001,q01,train,19,2961361731,"[2, 3, 8, 10, 18, 19]",0
g_n12_m24_k3_001_q01,g_n12_m24_k3_001,q01,train,20,2962361734,"[12, 14]",0
g_n12_m24_k3_001_q01,g_n12_m24_k3_001,q01,train,21,2963361737,"[5, 9, 12, 16, 18, 22]",0
g_n12_m24_k3_001_q01,g_n12_m24_k3_001,q01,train,22,2964361740,"[3, 6, 15, 16, 20]",0
g_n12_m24_k3_001_q01,g_n12_m24_k3_001,q01,train,23,2965361743,"[4, 7, 14, 18, 19, 21]",0
g_n12_m24_k3_001_q01,g_n12_m24_k3_001,q01,train,24,2966361746,"[3, 6, 7, 11, 18, 19, 21]",0
g_n12_m24_k3_001_q01,g_n12_m24_k3_001,q01,train,25,2967361749,"[1, 2, 5, 7, 14]",0
g_n12_m24_k3_001_q01,g_n12_m24_k3_001,q01,train,26,2968361752,"[3, 4, 7, 11, 17, 21, 23]",0
g_n12_m24_k3_001_q01,g_n12_m24_k3_001,q01,train,27,2969361755,"[3, 7, 11, 17, 23]",0
g_n12_m24_k3_001_q01,g_n12_m24_k3_001,q01,train,28,2970361758,"[1, 3, 4, 5, 7, 8, 11, 12, 15]",0
g_n12_m24_k3_001_q01,g_n12_m24_k3_001,q01,train,29,2971361761,"[0, 6, 10, 13, 17]",0
g_n12_m24_k3_001_q01,g_n12_m24_k3_001,q01,train,30,2972361764,"[0, 4, 6, 7, 10, 19, 22]",0
g_n12_m24_k3_001_q01,g_n12_m24_k3_001,q01,train,31,2973361767,"[4, 5, 6, 8, 9, 11, 15, 18, 22]",0
g_n12_m24_k3_001_q02,g_n12_m24_k3_001,q02,train,0,2220981715,"[2, 4, 6, 7, 9, 17, 22]",0
g_n12_m24_k3_001_q02,g_n12_m24_k3_001,q02,train,1,2221981718,"[0, 2, 3, 5, 7, 8, 13, 15, 18, 20]",0
g_n12_m24_k3_001_q02,g_n12_m24_k3_001,q02,train,2,2222981721,"[2, 3, 4, 6, 9, 11, 16, 23]",0
g_n12_m24_k3_001_q02,g_n12_m24_k3_001,q02,train,3,2223981724,"[0, 3, 4, 6, 9, 11, 12, 20]",1
g_n12_m24_k3_001_q02,g_n12_m24_k3_001,q02,train,4,2224981727,"[1, 3, 4, 5, 8, 10, 14, 17, 18, 19, 23]",0
g_n12_m24_k3_001_q02,g_n12_m24_k3_001,q02,train,5,2225981730,"[0, 7, 11, 12, 15, 16, 20, 22]",0
g_n12_m24_k3_001_q02,g_n12_m24_k3_001,q02,train,6,2226981733,"[0, 3, 7, 8, 10, 15, 16, 20, 21, 22]",0
g_n12_m24_k3_001_q02,g_n12_m24_k3_001,q02,train,7,2227981736,"[2, 3, 5, 6, 11, 15, 22]",0
g_n12_m24_k3_001_q02,g_n12_m24_k3_001,q02,train,8,2228981739,"[0, 4, 5, 10, 14, 18, 21]",0
g_n12_m24_k3_001_q02,g_n12_m24_k3_001,q02,train,9,2229981742,"[2, 4, 8, 9, 11, 13, 14, 15, 16, 19]",0
g_n12_m24_k3_001_q02,g_n12_m24_k3_001,q02,train,10,2230981745,"[1, 5, 6, 9, 13, 14, 15, 20]",0
g_n12_m24_k3_001_q02,g_n12_m24_k3_001,q02,train,11,2231981748,"[2, 3, 10, 14, 19, 20, 22]",0
g_n12_m24_k3_001_q02,g_n12_m24_k3_001,q02,train,12,2232981751,"[0, 4, 5, 7, 8, 10, 11, 12, 13, 14, 16, 19, 23]",0
g_n12_m24_k3_001_q02,g_n12_m24_k3_001,q02,train,13,2233981754,"[1, 2, 3, 5, 8, 11, 12, 13, 14, 15, 18, 19, 20, 22]",1
g_n12_m24_k3_001_q02,g_n12_m24_k3_001,q02,train,14,2234981757,"[4, 18, 20]",0
g_n12_m24_k3_001_q02,g_n12_m24_k3_001,q02,train,15,2235981760,"[8, 10, 13, 18, 20]",0
g_n12_m24_k3_001_q02,g_n12_m24_k3_001,q02,train,16,2236981763,"[1, 5, 6, 9, 10, 13, 16, 19, 21, 23]",0
g_n12_m24_k3_001_q02,g_n12_m24_k3_001,q02,train,17,2237981766,"[1, 2, 3, 4, 5, 8, 9, 10, 11, 12, 13, 15, 16, 23]",1
g_n12_m24_k3_001_q02,g_n12_m24_k3_001,q02,train,18,2238981769,"[0, 6, 8, 11, 21]",0
g_n12_m24_k3_001_q02,g_n12_m24_k3_001,q02,train,19,2239981772,"[0, 3, 4, 7, 9, 10, 11, 16, 17, 21, 22, 23]",0
g_n12_m24_k3_001_q02,g_n12_m24_k3_001,q02,train,20,2240981775,"[1, 4, 7, 8, 10, 11, 13, 15, 16, 20, 23]",0
g_n12_m24_k3_001_q02,g_n12_m24_k3_001,q02,train,21,2241981778,"[1, 2, 3, 10, 11, 12, 14, 15, 21, 23]",0
g_n12_m24_k3_001_q02,g_n12_m24_k3_001,q02,train,22,2242981781,"[7, 8, 9, 12, 15, 17, 19, 22, 23]",1
g_n12_m24_k3_001_q02,g_n12_m24_k3_001,q02,train,23,2243981784,"[0, 3, 7, 8, 20, 21, 22]",0
g_n12_m24_k3_001_q02,g_n12_m24_k3_001,q02,train,24,2244981787,"[2, 3, 10, 12, 16, 17]",0
g_n12_m24_k3_001_q02,g_n12_m24_k3_001,q02,train,25,2245981790,"[0, 3, 4, 6, 7, 14, 16, 19, 21]",0
g_n12_m24_k3_001_q02,g_n12_m24_k3_001,q02,train,26,2246981793,"[0, 1, 3, 4, 10, 12, 15, 16, 18, 20, 21]",0
g_n12_m24_k3_001_q02,g_n12_m24_k3_001,q02,train,27,2247981796,"[0, 7, 8, 12, 13, 16, 17, 19, 20, 22]",0
g_n12_m24_k3_001_q02,g_n12_m24_k3_001,q02,train,28,2248981799,"[5, 11, 16, 19, 21, 23]",0
g_n12_m24_k3_001_q02,g_n12_m24_k3_001,q02,train,29,2249981802,"[0, 2, 13]",0
g_n12_m24_k3_001_q02,g_n12_m24_k3_001,q02,train,30,2250981805,"[2, 5, 8, 10, 13, 16, 20]",0
g_n12_m24_k3_001_q02,g_n12_m24_k3_001,q02,train,31,2251981808,"[9, 10, 13, 14, 18, 19, 21, 23]",0
g_n12_m24_k3_002_q00,g_n12_m24_k3_002,q00,train,0,4247637916,"[4, 8]",0
g_n12_m24_k3_002_q00,g_n12_m24_k3_002,q00,train,1,4248637919,"[19, 21]",0
g_n12_m24_k3_002_q00,g_n12_m24_k3_002,q00,train,2,4249637922,"[5, 17, 23]",0
g_n12_m24_k3_002_q00,g_n12_m24_k3_002,q00,train,3,4250637925,"[5, 21]",0
g_n12_m24_k3_002_q00,g_n12_m24_k3_002,q00,train,4,4251637928,"[0, 3, 13, 23]",0
g_n12_m24_k3_002_q00,g_n12_m24_k3_002,q00,train,5,4252637931,"[5, 14, 18, 22]",0
g_n12_m24_k3_002_q00,g_n12_m24_k3_002,q00,train,6,4253637934,"[13, 14]",0
g_n12_m24_k3_002_q00,g_n12_m24_k3_002,q00,train,7,4254637937,[],0
g_n12_m24_k3_002_q00,g_n12_m24_k3_002,q00,train,8,4255637940,[],0
g_n12_m24_k3_002_q00,g_n12_m24_k3_002,q00,train,9,4256637943,[2],0
g_n12_m24_k3_002_q00,g_n12_m24_k3_002,q00,train,10,4257637946,"[4, 7, 10, 13, 17, 19, 23]",0
g_n12_m24_k3_002_q00,g_n12_m24_k3_002,q00,train,11,4258637949,"[1, 21]",0
g_n12_m24_k3_002_q00,g_n12_m24_k3_002,q00,train,12,4259637952,"[1, 9, 19]",0
g_n12_m24_k3_002_q00,g_n12_m24_k3_002,q00,train,13,4260637955,"[1, 3, 5, 12, 17, 18, 21]",0
g_n12_m24_k3_002_q00,g_n12_m24_k3_002,q00,train,14,4261637958,"[3, 10, 15, 18]",0
g_n12_m24_k3_002_q00,g_n12_m24_k3_002,q00,train,15,4262637961,[18],0
g_n12_m24_k3_002_q00,g_n12_m24_k3_002,q00,train,16,4263637964,"[3, 13, 22]",0
g_n12_m24_k3_002_q00,g_n12_m24_k3_002,q00,train,17,4264637967,"[6, 7, 12]",0
g_n12_m24_k3_002_q00,g_n12_m24_k3_002,q00,train,18,4265637970,"[3, 11, 15, 16, 17, 21]",0
g_n12_m24_k3_002_q00,g_n12_m24_k3_002,q00,train,19,4266637973,[5],0
g_n12_m24_k3_002_q00,g_n12_m24_k3_002,q00,train,20,4267637976,"[0, 4, 13, 22]",0
g_n12_m24_k3_002_q00,g_n12_m24_k3_002,q00,train,21,4268637979,[11],0
g_n12_m24_k3_002_q00,g_n12_m24_k3_002,q00,train,22,4269637982,[11],0
g_n12_m24_k3_002_q00,g_n12_m24_k3_002,q00,train,23,4270637985,"[2, 18, 20]",0
g_n12_m24_k3_002_q00,g_n12_m24_k3_002,q00,train,24,4271637988,"[2, 3, 5, 12, 14, 20]",0
g_n12_m24_k3_002_q00,g_n12_m24_k3_002,q00,train,25,4272637991,"[8, 18, 21]",0
g_n12_m24_k3_002_q00,g_n12_m24_k3_002,q00,train,26,4273637994,"[1, 14, 19]",0
g_n12_m24_k3_002_q00,g_n12_m24_k3_002,q00,train,27,4274637997,[8],0
g_n12_m24_k3_002_q00,g_n12_m24_k3_002,q00,train,28,4275638000,"[9, 14]",0
g_n12_m24_k3_002_q00,g_n12_m24_k3_002,q00,train,29,4276638003,"[4, 12, 17, 20]",0
g_n12_m24_k3_002_q00,g_n12_m24_k3_002,q00,train,30,4277638006,"[2, 4, 14, 22, 23]",0
g_n12_m24_k3_002_q00,g_n12_m24_k3_002,q00,train,31,4278638009,[6],0
g_n12_m24_k3_002_q01,g_n12_m24_k3_002,q01,train,0,3526257957,"[7, 8, 9, 11, 20, 21]",0
g_n12_m24_k3_002_q01,g_n12_m24_k3_002,q01,train,1,3527257960,"[6, 7, 10, 14, 16, 23]",0
g_n12_m24_k3_002_q01,g_n12_m24_k3_002,q01,train,2,3528257963,"[1, 4, 16, 18]",0
g_n12_m24_k3_002_q01,g_n12_m24_k3_002,q01,train,3,3529257966,"[7, 16]",0
g_n12_m24_k3_002_q01,g_n12_m24_k3_002,q01,train,4,3530257969,"[4, 9, 12, 15, 16, 17, 22]",1
g_n12_m24_k3_002_q01,g_n12_m24_k3_002,q01,train,5,3531257972,"[6, 9, 10, 14, 17, 23]",0
g_n12_m24_k3_002_q01,g_n12_m24_k3_002,q01,train,6,3532257975,"[2, 5, 9, 10, 15, 17]",0
g_n12_m24_k3_002_q01,g_n12_m24_k3_002,q01,train,7,3533257978,"[1, 13, 17, 21, 22]",0
g_n12_m24_k3_002_q01,g_n12_m24_k3_002,q01,train,8,3534257981,"[5, 7, 9, 23]",0
g_n12_m24_k3_002_q01,g_n12_m24_k3_002,q01,train,9,3535257984,[15],0
g_n12_m24_k3_002_q01,g_n12_m24_k3_002,q01,train,10,3536257987,"[0, 1, 3, 19, 22]",0
g_n12_m24_k3_002_q01,g_n12_m24_k3_002,q01,train,11,3537257990,"[0, 2, 5, 8, 9]",0
g_n12_m24_k3_002_q01,g_n12_m24_k3_002,q01,train,12,3538257993,"[1, 2, 3, 5, 8, 13, 19, 20, 21]",0
g_n12_m24_k3_002_q01,g_n12_m24_k3_002,q01,train,13,3539257996,"[1, 6, 8, 12, 18, 21]",0
g_n12_m24_k3_002_q01,g_n12_m24_k3_002,q01,train,14,3540257999,"[3, 7, 8, 13, 14, 17]",0
g_n12_m24_k3_002_q01,g_n12_m24_k3_002,q01,train,15,3541258002,"[4, 6, 7, 10, 11, 15, 23]",0
g_n12_m24_k3_002_q01,g_n12_m24_k3_002,q01,train,16,3542258005,"[0, 2, 6, 9, 18, 23]",0
g_n12_m24_k3_002_q01,g_n12_m24_k3_002,q01,train,17,3543258008,"[0, 2, 3, 4, 6, 8, 9, 10, 13, 17, 23]",1
g_n12_m24_k3_002_q01,g_n12_m24_k3_002,q01,train,18,3544258011,"[0, 1, 5, 9, 16]",0
g_n12_m24_k3_002_q01,g_n12_m24_k3_002,q01,train,19,3545258014,"[0, 4, 10, 16, 17, 23]",0
g_n12_m24_k3_002_q01,g_n12_m24_k3_002,q01,train,20,3546258017,"[1, 7, 13, 15, 17]",0
g_n12_m24_k3_002_q01,g_n12_m24_k3_002,q01,train,21,3547258020,"[2, 5, 6, 7, 10, 23]",0
g_n12_m24_k3_002_q01,g_n12_m24_k3_002,q01,train,22,3548258023,"[0, 1, 9, 17, 20]",0
g_n12_m24_k3_002_q01,g_n12_m24_k3_002,q01,train,23,3549258026,"[0, 5, 7, 13, 17, 23]",0
g_n12_m24_k3_002_q01,g_n12_m24_k3_002,q01,train,24,3550258029,"[3, 4, 6, 9, 19]",0
g_n12_m24_k3_002_q01,g_n12_m24_k3_002,q01,train,25,3551258032,"[5, 12, 14, 21, 22]",0
g_n12_m24_k3_002_q01,g_n12_m24_k3_002,q01,train,26,3552258035,"[1, 2, 6, 13, 17, 20, 21, 22, 23]",0
g_n12_m24_k3_002_q01,g_n12_m24_k3_002,q01,train,27,3553258038,"[3, 7, 10, 11, 13, 23]",0
g_n12_m24_k3_002_q01,g_n12_m24_k3_002,q01,train,28,3554258041,"[6, 13, 17, 19]",0
g_n12_m24_k3_002_q01,g_n12_m24_k3_002,q01,train,29,3555258044,"[10, 11, 21, 22]",0
g_n12_m24_k3_002_q01,g_n12_m24_k3_002,q01,train,30,3556258047,"[7, 8, 14, 19, 20, 23]",0
g_n12_m24_k3_002_q01,g_n12_m24_k3_002,q01,train,31,3557258050,"[7, 8, 14]",0
g_n12_m24_k3_002_q02,g_n12_m24_k3_002,q02,train,0,2804877998,"[1, 2, 3, 5, 7, 8, 13, 21]",0
g_n12_m24_k3_002_q02,g_n12_m24_k3_002,q02,train,1,2805878001,"[0, 4, 5, 7, 13, 15, 17, 19, 21, 22]",0
g_n12_m24_k3_002_q02,g_n12_m24_k3_002,q02,train,2,2806878004,"[0, 11, 16, 17, 23]",0
g_n12_m24_k3_002_q02,g_n12_m24_k3_002,q02,train,3,2807878007,"[4, 5, 7, 8, 14, 15, 17, 18, 21]",0
g_n12_m24_k3_002_q02,g_n12_m24_k3_002,q02,train,4,2808878010,"[1, 3, 5, 7, 8, 12, 13, 14, 17]",0
g_n12_m24_k3_002_q02,g_n12_m24_k3_002,q02,train,5,2809878013,"[0, 7, 10, 12, 13, 14, 19, 23]",0
g_n12_m24_k3_002_q02,g_n12_m24_k3_002,q02,train,6,2810878016,"[1, 4, 5, 7, 12, 17, 18, 19, 23]",0
g_n12_m24_k3_002_q02,g_n12_m24_k3_002,q02,train,7,2811878019,"[1, 9, 11, 18, 20, 21, 23]",0
g_n12_m24_k3_002_q02,g_n12_m24_k3_002,q02,train,8,2812878022,"[5, 7, 12, 13, 14, 16, 20]",0
g_n12_m24_k3_002_q02,g_n12_m24_k3_002,q02,train,9,2813878025,"[5, 6, 8, 11, 17]",0
g_n12_m24_k3_002_q02,g_n12_m24_k3_002,q02,train,10,2814878028,"[0, 3, 4, 6, 8, 9, 10, 14, 19, 20]",0
g_n12_m24_k3_002_q02,g_n12_m24_k3_002,q02,train,11,2815878031,"[1, 2, 3, 7, 17, 20, 22]",0
g_n12_m24_k3_002_q02,g_n12_m24_k3_002,q02,train,12,2816878034,"[1, 2, 5, 8, 12, 15, 19, 20]",0
g_n12_m24_k3_002_q02,g_n12_m24_k3_002,q02,train,13,2817878037,"[0, 3, 6, 9, 12, 13, 14, 17, 18]",0
g_n12_m24_k3_002_q02,g_n12_m24_k3_002,q02,train,14,2818878040,"[2, 11, 13, 21, 23]",0
g_n12_m24_k3_002_q02,g_n12_m24_k3_002,q02,train,15,2819878043,"[4, 14, 15, 16, 20]",0
g_n12_m24_k3_002_q02,g_n12_m24_k3_002,q02,train,16,2820878046,"[1, 3, 5, 6, 10, 11, 15, 21, 22]",0
g_n12_m24_k3_002_q02,g_n12_m24_k3_002,q02,train,17,2821878049,"[1, 3, 5, 7, 10, 13, 17, 23]",0
g_n12_m24_k3_002_q02,g_n12_m24_k3_002,q02,train,18,2822878052,"[1, 4, 5, 9, 10, 14, 21, 22]",0
g_n12_m24_k3_002_q02,g_n12_m24_k3_002,q02,train,19,2823878055,"[0, 1, 3, 7, 9, 11, 13, 14, 16, 17, 19, 23]",0
g_n12_m24_k3_002_q02,g_n12_m24_k3_002,q02,train,20,2824878058,"[0, 5, 7, 10, 13, 15, 16, 17, 18]",0
g_n12_m24_k3_002_q02,g_n12_m24_k3_002,q02,train,21,2825878061,"[1, 3, 5, 11, 13, 19, 22, 23]",0
g_n12_m24_k3_002_q02,g_n12_m24_k3_002,q02,train,22,2826878064,"[1, 6, 15, 16, 17, 19, 21]",0
g_n12_m24_k3_002_q02,g_n12_m24_k3_002,q02,train,23,2827878067,"[2, 5, 6, 11, 15, 23]",0
g_n12_m24_k3_002_q02,g_n12_m24_k3_002,q02,train,24,2828878070,"[7, 10, 13, 15, 16, 18, 19, 20]",0
g_n12_m24_k3_002_q02,g_n12_m24_k3_002,q02,train,25,2829878073,"[1, 5, 13, 14, 16, 19]",0
g_n12_m24_k3_002_q02,g_n12_m24_k3_002,q02,train,26,2830878076,"[0, 1, 2, 4, 14, 15, 18, 23]",0
g_n12_m24_k3_002_q02,g_n12_m24_k3_002,q02,train,27,2831878079,"[5, 9, 10, 11, 12, 15, 21]",0
g_n12_m24_k3_002_q02,g_n12_m24_k3_002,q02,train,28,2832878082,"[2, 3, 5, 7, 11, 15, 21]",0
g_n12_m24_k3_002_q02,g_n12_m24_k3_002,q02,train,29,2833878085,"[0, 4, 9, 11, 15, 20, 22, 23]",0
g_n12_m24_k3_002_q02,g_n12_m24_k3_002,q02,train,30,2834878088,"[0, 8, 10, 12, 16, 22]",0
g_n12_m24_k3_002_q02,g_n12_m24_k3_002,q02,train,31,2835878091,"[0, 6, 12, 18, 19]",0
g_n12_m24_k3_003_q00,g_n12_m24_k3_003,q00,validation,0,536566903,"[14, 15, 18]",0
g_n12_m24_k3_003_q00,g_n12_m24_k3_003,q00,validation,1,537566906,"[4, 18]",0
g_n12_m24_k3_003_q00,g_n12_m24_k3_003,q00,validation,2,538566909,"[17, 22]",0
g_n12_m24_k3_003_q00,g_n12_m24_k3_003,q00,validation,3,539566912,[13],0
g_n12_m24_k3_003_q00,g_n12_m24_k3_003,q00,validation,4,540566915,"[2, 10, 20]",0
g_n12_m24_k3_003_q00,g_n12_m24_k3_003,q00,validation,5,541566918,"[11, 18]",0
g_n12_m24_k3_003_q00,g_n12_m24_k3_003,q00,validation,6,542566921,"[2, 5, 6, 10, 23]",0
g_n12_m24_k3_003_q00,g_n12_m24_k3_003,q00,validation,7,543566924,"[7, 15, 17, 23]",0
g_n12_m24_k3_003_q00,g_n12_m24_k3_003,q00,validation,8,544566927,"[2, 9, 15, 19]",0
g_n12_m24_k3_003_q00,g_n12_m24_k3_003,q00,validation,9,545566930,"[3, 21]",0
g_n12_m24_k3_003_q00,g_n12_m24_k3_003,q00,validation,10,546566933,"[1, 3, 11, 16]",0
g_n12_m24_k3_003_q00,g_n12_m24_k3_003,q00,validation,11,547566936,"[6, 8, 9, 15]",0
g_n12_m24_k3_003_q00,g_n12_m24_k3_003,q00,validation,12,548566939,"[3, 9]",0
g_n12_m24_k3_003_q00,g_n12_m24_k3_003,q00,validation,13,549566942,[12],0
g_n12_m24_k3_003_q00,g_n12_m24_k3_003,q00,validation,14,550566945,"[13, 20, 23]",0
g_n12_m24_k3_003_q00,g_n12_m24_k3_003,q00,validation,15,551566948,[],0
g_n12_m24_k3_003_q00,g_n12_m24_k3_003,q00,validation,16,552566951,"[3, 6, 16, 19]",0
g_n12_m24_k3_003_q00,g_n12_m24_k3_003,q00,validation,17,553566954,"[1, 20]",0
g_n12_m24_k3_003_q00,g_n12_m24_k3_003,q00,validation,18,554566957,"[6, 13, 19]",0
g_n12_m24_k3_003_q00,g_n12_m24_k3_003,q00,validation,19,555566960,"[22, 23]",0
g_n12_m24_k3_003_q00,g_n12_m24_k3_003,q00,validation,20,556566963,"[3, 13]",0
g_n12_m24_k3_003_q00,g_n12_m24_k3_003,q00,validation,21,557566966,"[8, 19]",0
g_n12_m24_k3_003_q00,g_n12_m24_k3_003,q00,validation,22,558566969,"[3, 7, 9, 14, 22]",0
g_n12_m24_k3_003_q00,g_n12_m24_k3_003,q00,validation,23,559566972,"[8, 17, 18, 23]",0
g_n12_m24_k3_003_q00,g_n12_m24_k3_003,q00,validation,24,560566975,[],0
g_n12_m24_k3_003_q00,g_n12_m24_k3_003,q00,validation,25,561566978,"[6, 7, 11]",0
g_n12_m24_k3_003_q00,g_n12_m24_k3_003,q00,validation,26,562566981,"[7, 8, 11, 12, 20]",0
g_n12_m24_k3_003_q00,g_n12_m24_k3_003,q00,validation,27,563566984,"[3, 10, 16]",0
g_n12_m24_k3_003_q00,g_n12_m24_k3_003,q00,validation,28,564566987,"[2, 13]",0
g_n12_m24_k3_003_q00,g_n12_m24_k3_003,q00,validation,29,565566990,"[5, 15]",0
g_n12_m24_k3_003_q00,g_n12_m24_k3_003,q00,validation,30,566566993,"[16, 22]",0
g_n12_m24_k3_003_q00,g_n12_m24_k3_003,q00,validation,31,567566996,[],0
g_n12_m24_k3_003_q01,g_n12_m24_k3_003,q01,validation,0,4110154240,"[2, 8, 10, 11, 16, 17]",0
g_n12_m24_k3_003_q01,g_n12_m24_k3_003,q01,validation,1,4111154243,"[6, 7, 11, 12, 14, 18, 20, 22]",0
g_n12_m24_k3_003_q01,g_n12_m24_k3_003,q01,validation,2,4112154246,"[4, 5, 6, 8, 11, 13, 15, 16, 20, 21]",0
g_n12_m24_k3_003_q01,g_n12_m24_k3_003,q01,validation,3,4113154249,"[7, 11, 16, 17]",0
g_n12_m24_k3_003_q01,g_n12_m24_k3_003,q01,validation,4,4114154252,"[2, 3, 5, 6, 7, 9, 10, 16, 20]",0
g_n12_m24_k3_003_q01,g_n12_m24_k3_003,q01,validation,5,4115154255,"[4, 13, 18]",0
g_n12_m24_k3_003_q01,g_n12_m24_k3_003,q01,validation,6,4116154258,"[14, 16, 17, 22]",0
g_n12_m24_k3_003_q01,g_n12_m24_k3_003,q01,validation,7,4117154261,"[3, 8, 10, 15, 16, 20, 23]",0
g_n12_m24_k3_003_q01,g_n12_m24_k3_003,q01,validation,8,4118154264,"[10, 11, 13]",0
g_n12_m24_k3_003_q01,g_n12_m24_k3_003,q01,validation,9,4119154267,"[4, 9, 14, 19, 22]",0
g_n12_m24_k3_003_q01,g_n12_m24_k3_003,q01,validation,10,4120154270,"[0, 4, 5, 8, 9, 16]",0
g_n12_m24_k3_003_q01,g_n12_m24_k3_003,q01,validation,11,4121154273,"[12, 14, 21, 23]",0
g_n12_m24_k3_003_q01,g_n12_m24_k3_003,q01,validation,12,4122154276,"[3, 8, 9, 12, 14, 17, 19, 23]",0
g_n12_m24_k3_003_q01,g_n12_m24_k3_003,q01,validation,13,4123154279,"[8, 14, 15, 18]",0
g_n12_m24_k3_003_q01,g_n12_m24_k3_003,q01,validation,14,4124154282,"[1, 5, 13, 15, 16]",0
g_n12_m24_k3_003_q01,g_n12_m24_k3_003,q01,validation,15,4125154285,"[10, 15, 17, 20]",0
g_n12_m24_k3_003_q01,g_n12_m24_k3_003,q01,validation,16,4126154288,"[0, 1, 4, 5, 11, 14, 15, 20]",0
g_n12_m24_k3_003_q01,g_n12_m24_k3_003,q01,validation,17,4127154291,"[4, 7, 11, 15, 22]",0
g_n12_m24_k3_003_q01,g_n12_m24_k3_003,q01,validation,18,4128154294,"[0, 4, 8, 9, 14, 20, 21]",0
g_n12_m24_k3_003_q01,g_n12_m24_k3_003,q01,validation,19,4129154297,"[4, 6, 7, 8, 10, 18, 20]",0
g_n12_m24_k3_003_q01,g_n12_m24_k3_003,q01,validation,20,4130154300,"[4, 7, 8, 20]",0
g_n12_m24_k3_003_q01,g_n12_m24_k3_003,q01,validation,21,4131154303,"[2, 10, 16, 20]",0
g_n12_m24_k3_003_q01,g_n12_m24_k3_003,q01,validation,22,4132154306,"[6, 12]",0
g_n12_m24_k3_003_q01,g_n12_m24_k3_003,q01,validation,23,4133154309,"[3, 7, 8, 9, 16, 18]",0
g_n12_m24_k3_003_q01,g_n12_m24_k3_003,q01,validation,24,4134154312,"[1, 6, 10, 12, 17, 20]",0
g_n12_m24_k3_003_q01,g_n12_m24_k3_003,q01,validation,25,4135154315,"[0, 2, 4, 9, 21, 22]",0
g_n12_m24_k3_003_q01,g_n12_m24_k3_003,q01,validation,26,4136154318,"[9, 13, 18]",0
g_n12_m24_k3_003_q01,g_n12_m24_k3_003,q01,validation,27,4137154321,[13],0
g_n12_m24_k3_003_q01,g_n12_m24_k3_003,q01,validation,28,4138154324,"[5, 14, 16, 17]",0
g_n12_m24_k3_003_q01,g_n12_m24_k3_003,q01,validation,29,4139154327,"[1, 2, 3, 20, 21]",0
g_n12_m24_k3_003_q01,g_n12_m24_k3_003,q01,validation,30,4140154330,"[0, 1, 6, 8, 11, 14, 16, 20, 22]",0
g_n12_m24_k3_003_q01,g_n12_m24_k3_003,q01,validation,31,4141154333,"[10, 14, 20]",0
g_n12_m24_k3_003_q02,g_n12_m24_k3_003,q02,validation,0,3388774281,"[3, 7, 10, 18, 19, 21]",0
g_n12_m24_k3_003_q02,g_n12_m24_k3_003,q02,validation,1,3389774284,"[2, 4, 5, 6, 7, 13, 15, 19, 21]",0
g_n12_m24_k3_003_q02,g_n12_m24_k3_003,q02,validation,2,3390774287,"[1, 4, 13, 15, 16, 18, 20, 21, 22]",0
g_n12_m24_k3_003_q02,g_n12_m24_k3_003,q02,validation,3,3391774290,"[2, 6, 9, 10, 14, 15, 17, 18, 19, 20]",0
g_n12_m24_k3_003_q02,g_n12_m24_k3_003,q02,validation,4,3392774293,"[1, 2, 8, 9, 10, 12, 18, 21]",0
g_n12_m24_k3_003_q02,g_n12_m24_k3_003,q02,validation,5,3393774296,"[3, 6, 14, 16, 18, 22]",0
g_n12_m24_k3_003_q02,g_n12_m24_k3_003,q02,validation,6,3394774299,"[2, 3, 10, 11, 12, 13, 15]",0
g_n12_m24_k3_003_q02,g_n12_m24_k3_003,q02,validation,7,3395774302,"[0, 7, 8, 10, 16]",0
g_n12_m24_k3_003_q02,g_n12_m24_k3_003,q02,validation,8,3396774305,"[4, 5, 8, 11, 13, 16, 18, 19, 21]",0
g_n12_m24_k3_003_q02,g_n12_m24_k3_003,q02,validation,9,3397774308,"[0, 2, 4, 8, 9, 11, 13, 14, 15, 17, 18, 21, 23]",1
g_n12_m24_k3_003_q02,g_n12_m24_k3_003,q02,validation,10,3398774311,"[0, 3, 4, 5, 12, 16, 22]",0
g_n12_m24_k3_003_q02,g_n12_m24_k3_003,q02,validation,11,3399774314,"[0, 3, 5, 9, 11, 12, 16, 17, 19, 22, 23]",1
g_n12_m24_k3_003_q02,g_n12_m24_k3_003,q02,validation,12,3400774317,"[5, 9, 12, 13, 17, 21]",0
g_n12_m24_k3_003_q02,g_n12_m24_k3_003,q02,validation,13,3401774320,"[3, 8, 9, 14, 17, 20]",0
g_n12_m24_k3_003_q02,g_n12_m24_k3_003,q02,validation,14,3402774323,"[0, 1, 5, 6, 8, 12, 14, 15, 16, 17, 21]",0
g_n12_m24_k3_003_q02,g_n12_m24_k3_003,q02,validation,15,3403774326,"[2, 4, 6, 8, 9, 14, 15, 21, 23]",0
g_n12_m24_k3_003_q02,g_n12_m24_k3_003,q02,validation,16,3404774329,"[0, 2, 4, 6, 7, 8, 9, 10, 19, 21, 22, 23]",0
g_n12_m24_k3_003_q02,g_n12_m24_k3_003,q02,validation,17,3405774332,"[0, 5, 7, 8, 9, 17, 18, 19, 21, 23]",0
g_n12_m24_k3_003_q02,g_n12_m24_k3_003,q02,validation,18,3406774335,"[0, 1, 3, 5, 6, 15, 18, 22]",0
g_n12_m24_k3_003_q02,g_n12_m24_k3_003,q02,validation,19,3407774338,"[0, 4, 9, 10, 11, 12, 17]",1
g_n12_m24_k3_003_q02,g_n12_m24_k3_003,q02,validation,20,3408774341,"[0, 2, 7, 9, 10, 14, 16, 17, 20, 22]",0
g_n12_m24_k3_003_q02,g_n12_m24_k3_003,q02,validation,21,3409774344,"[2, 5, 12, 15, 19, 21]",0
g_n12_m24_k3_003_q02,g_n12_m24_k3_003,q02,validation,22,3410774347,"[1, 3, 4, 8, 9, 12, 16, 17, 21]",0
g_n12_m24_k3_003_q02,g_n12_m24_k3_003,q02,validation,23,3411774350,"[4, 6, 9, 11, 13, 14, 15, 16, 18, 19, 22]",1
g_n12_m24_k3_003_q02,g_n12_m24_k3_003,q02,validation,24,3412774353,"[0, 2, 4, 9, 11, 12, 16, 17, 19, 22, 23]",1
g_n12_m24_k3_003_q02,g_n12_m24_k3_003,q02,validation,25,3413774356,"[0, 2, 3, 5, 6, 12, 14, 18, 21, 22, 23]",0
g_n12_m24_k3_003_q02,g_n12_m24_k3_003,q02,validation,26,3414774359,"[6, 8, 10, 14, 23]",0
g_n12_m24_k3_003_q02,g_n12_m24_k3_003,q02,validation,27,3415774362,"[0, 4, 5, 10, 11, 12, 13, 16, 21]",0
g_n12_m24_k3_003_q02,g_n12_m24_k3_003,q02,validation,28,3416774365,"[2, 5, 8, 9, 11, 12, 14, 15, 18, 19, 22]",1
g_n12_m24_k3_003_q02,g_n12_m24_k3_003,q02,validation,29,3417774368,"[1, 4, 7, 8, 11, 12, 14, 16, 17, 18, 19, 20]",0
g_n12_m24_k3_003_q02,g_n12_m24_k3_003,q02,validation,30,3418774371,"[0, 1, 2, 8, 13, 19, 23]",0
g_n12_m24_k3_003_q02,g_n12_m24_k3_003,q02,validation,31,3419774374,"[3, 5, 7, 10, 11, 12, 13, 15, 17, 18, 23]",0
g_n12_m24_k3_004_q00,g_n12_m24_k3_004,q00,test,0,1120463186,"[1, 14, 20]",0
g_n12_m24_k3_004_q00,g_n12_m24_k3_004,q00,test,1,1121463189,"[3, 6]",0
g_n12_m24_k3_004_q00,g_n12_m24_k3_004,q00,test,2,1122463192,"[2, 14, 22]",0
g_n12_m24_k3_004_q00,g_n12_m24_k3_004,q00,test,3,1123463195,"[1, 3]",0
g_n12_m24_k3_004_q00,g_n12_m24_k3_004,q00,test,4,1124463198,[13],0
g_n12_m24_k3_004_q00,g_n12_m24_k3_004,q00,test,5,1125463201,"[18, 19]",0
g_n12_m24_k3_004_q00,g_n12_m24_k3_004,q00,test,6,1126463204,[],0
g_n12_m24_k3_004_q00,g_n12_m24_k3_004,q00,test,7,1127463207,"[4, 8, 9, 11, 15, 21, 22]",0
g_n12_m24_k3_004_q00,g_n12_m24_k3_004,q00,test,8,1128463210,[20],0
g_n12_m24_k3_004_q00,g_n12_m24_k3_004,q00,test,9,1129463213,"[7, 10, 19, 20]",0
g_n12_m24_k3_004_q00,g_n12_m24_k3_004,q00,test,10,1130463216,[10],0
g_n12_m24_k3_004_q00,g_n12_m24_k3_004,q00,test,11,1131463219,"[5, 6]",0
g_n12_m24_k3_004_q00,g_n12_m24_k3_004,q00,test,12,1132463222,"[5, 10, 22]",0
g_n12_m24_k3_004_q00,g_n12_m24_k3_004,q00,test,13,1133463225,"[4, 18]",0
g_n12_m24_k3_004_q00,g_n12_m24_k3_004,q00,test,14,1134463228,"[2, 3, 10]",0
g_n12_m24_k3_004_q00,g_n12_m24_k3_004,q00,test,15,1135463231,"[0, 5, 17, 23]",0
g_n12_m24_k3_004_q00,g_n12_m24_k3_004,q00,test,16,1136463234,[20],0
g_n12_m24_k3_004_q00,g_n12_m24_k3_004,q00,test,17,1137463237,"[8, 16]",0
g_n12_m24_k3_004_q00,g_n12_m24_k3_004,q00,test,18,1138463240,"[16, 18, 23]",0
g_n12_m24_k3_004_q00,g_n12_m24_k3_004,q00,test,19,1139463243,"[0, 3, 6, 13, 14, 18, 20]",0
g_n12_m24_k3_004_q00,g_n12_m24_k3_004,q00,test,20,1140463246,"[1, 6, 12]",0
g_n12_m24_k3_004_q00,g_n12_m24_k3_004,q00,test,21,1141463249,"[0, 4, 20, 21, 22]",0
g_n12_m24_k3_004_q00,g_n12_m24_k3_004,q00,test,22,1142463252,"[2, 6, 11, 17, 19, 20, 21]",0
g_n12_m24_k3_004_q00,g_n12_m24_k3_004,q00,test,23,1143463255,"[1, 9, 15, 22]",0
g_n12_m24_k3_004_q00,g_n12_m24_k3_004,q00,test,24,1144463258,"[6, 7]",0
g_n12_m24_k3_004_q00,g_n12_m24_k3_004,q00,test,25,1145463261,[4],0
g_n12_m24_k3_004_q00,g_n12_m24_k3_004,q00,test,26,1146463264,"[3, 6, 11, 12, 17]",1
g_n12_m24_k3_004_q00,g_n12_m24_k3_004,q00,test,27,1147463267,"[3, 11, 12]",1
g_n12_m24_k3_004_q00,g_n12_m24_k3_004,q00,test,28,1148463270,"[0, 14]",0
g_n12_m24_k3_004_q00,g_n12_m24_k3_004,q00,test,29,1149463273,"[2, 12, 15, 22]",0
g_n12_m24_k3_004_q00,g_n12_m24_k3_004,q00,test,30,1150463276,"[0, 12, 17]",0
g_n12_m24_k3_004_q00,g_n12_m24_k3_004,q00,test,31,1151463279,"[4, 6, 10, 13, 20]",0
g_n12_m24_k3_004_q01,g_n12_m24_k3_004,q01,test,0,399083227,"[2, 4, 6, 7, 8, 18, 21, 22]",0
g_n12_m24_k3_004_q01,g_n12_m24_k3_004,q01,test,1,400083230,"[5, 7, 8, 10, 13, 15]",0
g_n12_m24_k3_004_q01,g_n12_m24_k3_004,q01,test,2,401083233,"[0, 5, 8, 21]",0
g_n12_m24_k3_004_q01,g_n12_m24_k3_004,q01,test,3,402083236,"[5, 11, 15, 21, 22]",0
g_n12_m24_k3_004_q01,g_n12_m24_k3_004,q01,test,4,403083239,"[0, 1, 11, 12, 21, 22]",0
g_n12_m24_k3_004_q01,g_n12_m24_k3_004,q01,test,5,404083242,"[0, 13, 16, 18, 21]",0
g_n12_m24_k3_004_q01,g_n12_m24_k3_004,q01,test,6,405083245,"[6, 15, 23]",0
g_n12_m24_k3_004_q01,g_n12_m24_k3_004,q01,test,7,406083248,"[0, 7, 11, 13, 15, 17, 18, 19]",0
g_n12_m24_k3_004_q01,g_n12_m24_k3_004,q01,test,8,407083251,"[0, 3, 9, 11, 16]",0
g_n12_m24_k3_004_q01,g_n12_m24_k3_004,q01,test,9,408083254,"[5, 6, 11, 20, 23]",0
g_n12_m24_k3_004_q01,g_n12_m24_k3_004,q01,test,10,409083257,"[6, 16, 17, 18, 19, 21]",0
g_n12_m24_k3_004_q01,g_n12_m24_k3_004,q01,test,11,410083260,"[4, 9, 21]",0
g_n12_m24_k3_004_q01,g_n12_m24_k3_004,q01,test,12,411083263,"[2, 4, 8, 13, 23]",0
g_n12_m24_k3_004_q01,g_n12_m24_k3_004,q01,test,13,412083266,"[1, 12, 13, 15, 20, 22, 23]",0
g_n12_m24_k3_004_q01,g_n12_m24_k3_004,q01,test,14,413083269,"[0, 7, 9, 11, 13, 14, 16, 21]",0
g_n12_m24_k3_004_q01,g_n12_m24_k3_004,q01,test,15,414083272,"[4, 6, 8, 9, 11]",0
g_n12_m24_k3_004_q01,g_n12_m24_k3_004,q01,test,16,415083275,"[4, 10, 12, 15, 17]",0
g_n12_m24_k3_004_q01,g_n12_m24_k3_004,q01,test,17,416083278,"[0, 4, 8, 20, 21]",0
g_n12_m24_k3_004_q01,g_n12_m24_k3_004,q01,test,18,417083281,"[7, 11, 17, 21, 22]",0
g_n12_m24_k3_004_q01,g_n12_m24_k3_004,q01,test,19,418083284,"[2, 6, 9, 12, 14, 15, 21, 23]",0
g_n12_m24_k3_004_q01,g_n12_m24_k3_004,q01,test,20,419083287,"[0, 1, 4, 5, 7, 9, 18, 21, 22]",0
g_n12_m24_k3_004_q01,g_n12_m24_k3_004,q01,test,21,420083290,"[3, 6, 14, 17, 23]",0
g_n12_m24_k3_004_q01,g_n12_m24_k3_004,q01,test,22,421083293,"[4, 12, 13, 14, 17, 20]",0
g_n12_m24_k3_004_q01,g_n12_m24_k3_004,q01,test,23,422083296,"[1, 4, 13, 20, 21, 22, 23]",0
g_n12_m24_k3_004_q01,g_n12_m24_k3_004,q01,test,24,423083299,"[0, 4, 14, 22]",0
g_n12_m24_k3_004_q01,g_n12_m24_k3_004,q01,test,25,424083302,"[0, 1, 11, 12, 13, 15, 22]",0
g_n12_m24_k3_004_q01,g_n12_m24_k3_004,q01,test,26,425083305,"[1, 3, 5, 7, 8, 15, 16, 21, 22, 23]",0
g_n12_m24_k3_004_q01,g_n12_m24_k3_004,q01,test,27,426083308,"[6, 9, 17, 21]",0
g_n12_m24_k3_004_q01,g_n12_m24_k3_004,q01,test,28,427083311,"[10, 11, 18, 19, 20]",0
g_n12_m24_k3_004_q01,g_n12_m24_k3_004,q01,test,29,428083314,"[0, 1, 9]",0
g_n12_m24_k3_004_q01,g_n12_m24_k3_004,q01,test,30,429083317,"[7, 10, 14, 17]",0
g_n12_m24_k3_004_q01,g_n12_m24_k3_004,q01,test,31,430083320,"[6, 7, 14, 16]",0
g_n12_m24_k3_004_q02,g_n12_m24_k3_004,q02,test,0,3972670564,"[1, 5, 8, 9, 14, 15, 19]",0
g_n12_m24_k3_004_q02,g_n12_m24_k3_004,q02,test,1,3973670567,"[1, 3, 6, 14, 15, 16, 17, 19]",0
g_n12_m24_k3_004_q02,g_n12_m24_k3_004,q02,test,2,3974670570,"[0, 3, 4, 6, 10, 11, 12, 17, 18, 19]",1
g_n12_m24_k3_004_q02,g_n12_m24_k3_004,q02,test,3,3975670573,"[5, 6, 8, 9, 10, 12, 13, 15, 16, 18, 20, 23]",0
g_n12_m24_k3_004_q02,g_n12_m24_k3_004,q02,test,4,3976670576,"[2, 3, 8, 10, 11, 18, 19, 22, 23]",0
g_n12_m24_k3_004_q02,g_n12_m24_k3_004,q02,test,5,3977670579,"[1, 3, 11, 12, 20, 21, 22]",1
g_n12_m24_k3_004_q02,g_n12_m24_k3_004,q02,test,6,3978670582,"[0, 6, 11, 18, 22]",0
g_n12_m24_k3_004_q02,g_n12_m24_k3_004,q02,test,7,3979670585,"[1, 2, 5, 7, 8, 14, 15, 18, 20, 22]",0
g_n12_m24_k3_004_q02,g_n12_m24_k3_004,q02,test,8,3980670588,"[3, 6, 9, 10, 13, 15, 17, 21, 22, 23]",0
g_n12_m24_k3_004_q02,g_n12_m24_k3_004,q02,test,9,3981670591,"[0, 1, 5, 11, 13, 18, 20, 21]",0
g_n12_m24_k3_004_q02,g_n12_m24_k3_004,q02,test,10,3982670594,"[1, 3, 7, 8, 11, 12, 13, 16, 18, 19, 21, 23]",1
g_n12_m24_k3_004_q02,g_n12_m24_k3_004,q02,test,11,3983670597,"[1, 7, 12, 14, 17, 19, 21]",0
g_n12_m24_k3_004_q02,g_n12_m24_k3_004,q02,test,12,3984670600,"[1, 3, 4, 6, 7, 10, 12, 13, 15, 18, 19, 21, 23]",0
g_n12_m24_k3_004_q02,g_n12_m24_k3_004,q02,test,13,3985670603,"[0, 8, 11, 13, 17, 18]",0
g_n12_m24_k3_004_q02,g_n12_m24_k3_004,q02,test,14,3986670606,"[2, 6, 7, 9, 11, 12, 15, 16, 17, 18, 20, 21]",0
g_n12_m24_k3_004_q02,g_n12_m24_k3_004,q02,test,15,3987670609,"[2, 3, 5, 9, 10, 15, 17, 20]",0
g_n12_m24_k3_004_q02,g_n12_m24_k3_004,q02,test,16,3988670612,"[4, 5, 15, 19, 22]",0
g_n12_m24_k3_004_q02,g_n12_m24_k3_004,q02,test,17,3989670615,"[0, 4, 7, 9, 10, 12, 15, 17, 18, 23]",0
g_n12_m24_k3_004_q02,g_n12_m24_k3_004,q02,test,18,3990670618,"[4, 8, 11, 14, 17, 18, 19]",0
g_n12_m24_k3_004_q02,g_n12_m24_k3_004,q02,test,19,3991670621,"[0, 10, 12, 14, 15, 17, 19, 21, 22]",0
g_n12_m24_k3_004_q02,g_n12_m24_k3_004,q02,test,20,3992670624,"[0, 1, 3, 5, 12, 14, 18, 19]",0
g_n12_m24_k3_004_q02,g_n12_m24_k3_004,q02,test,21,3993670627,"[0, 3, 4, 5, 8, 13, 15, 18, 22]",0
g_n12_m24_k3_004_q02,g_n12_m24_k3_004,q02,test,22,3994670630,"[4, 9, 21]",0
g_n12_m24_k3_004_q02,g_n12_m24_k3_004,q02,test,23,3995670633,"[11, 13, 15, 19, 20, 23]",0
g_n12_m24_k3_004_q02,g_n12_m24_k3_004,q02,test,24,3996670636,"[2, 5, 8, 10, 13, 17, 18, 23]",0
g_n12_m24_k3_004_q02,g_n12_m24_k3_004,q02,test,25,3997670639,"[3, 6, 11, 12, 13, 15, 17, 19, 20]",1
g_n12_m24_k3_004_q02,g_n12_m24_k3_004,q02,test,26,3998670642,"[1, 2, 4, 6, 13, 16, 22, 23]",0
g_n12_m24_k3_004_q02,g_n12_m24_k3_004,q02,test,27,3999670645,"[2, 5, 6, 7, 9, 10, 12, 15, 17, 22]",0
g_n12_m24_k3_004_q02,g_n12_m24_k3_004,q02,test,28,4000670648,"[2, 3, 7, 8, 9, 14, 17, 18, 23]",0
g_n12_m24_k3_004_q02,g_n12_m24_k3_004,q02,test,29,4001670651,"[0, 2, 5, 7, 9, 12, 16, 19, 20, 21, 22, 23]",0
g_n12_m24_k3_004_q02,g_n12_m24_k3_004,q02,test,30,4002670654,"[8, 9, 14, 16, 20, 23]",0
g_n12_m24_k3_004_q02,g_n12_m24_k3_004,q02,test,31,4003670657,"[1, 2, 12, 14, 15, 19, 20, 21, 23]",0
g_n14_m28_k2_000_q00,g_n14_m28_k2_000,q00,train,0,1704359469,"[10, 19]",0
g_n14_m28_k2_000_q00,g_n14_m28_k2_000,q00,train,1,1705359472,"[1, 6, 12, 16, 21]",0
g_n14_m28_k2_000_q00,g_n14_m28_k2_000,q00,train,2,1706359475,"[2, 19]",0
g_n14_m28_k2_000_q00,g_n14_m28_k2_000,q00,train,3,1707359478,"[4, 5, 20]",0
g_n14_m28_k2_000_q00,g_n14_m28_k2_000,q00,train,4,1708359481,"[7, 8, 11, 21]",0
g_n14_m28_k2_000_q00,g_n14_m28_k2_000,q00,train,5,1709359484,"[1, 2, 17, 18, 21]",0
g_n14_m28_k2_000_q00,g_n14_m28_k2_000,q00,train,6,1710359487,"[5, 11, 12, 22]",0
g_n14_m28_k2_000_q00,g_n14_m28_k2_000,q00,train,7,1711359490,"[7, 20, 21, 25]",0
g_n14_m28_k2_000_q00,g_n14_m28_k2_000,q00,train,8,1712359493,[22],0
g_n14_m28_k2_000_q00,g_n14_m28_k2_000,q00,train,9,1713359496,"[1, 7, 11, 14, 15, 17, 24]",1
g_n14_m28_k2_000_q00,g_n14_m28_k2_000,q00,train,10,1714359499,"[4, 6, 13, 15, 21]",0
g_n14_m28_k2_000_q00,g_n14_m28_k2_000,q00,train,11,1715359502,"[4, 6, 13, 19, 25]",0
g_n14_m28_k2_000_q00,g_n14_m28_k2_000,q00,train,12,1716359505,"[20, 21]",0
g_n14_m28_k2_000_q00,g_n14_m28_k2_000,q00,train,13,1717359508,"[0, 8, 13, 21, 24]",0
g_n14_m28_k2_000_q00,g_n14_m28_k2_000,q00,train,14,1718359511,"[3, 6, 26]",0
g_n14_m28_k2_000_q00,g_n14_m28_k2_000,q00,train,15,1719359514,"[12, 25]",0
g_n14_m28_k2_000_q00,g_n14_m28_k2_000,q00,train,16,1720359517,"[7, 13, 15, 16, 20]",0
g_n14_m28_k2_000_q00,g_n14_m28_k2_000,q00,train,17,1721359520,"[10, 18, 19, 26]",0
g_n14_m28_k2_000_q00,g_n14_m28_k2_000,q00,train,18,1722359523,"[1, 17, 22, 27]",0
g_n14_m28_k2_000_q00,g_n14_m28_k2_000,q00,train,19,1723359526,[9],0
g_n14_m28_k2_000_q00,g_n14_m28_k2_000,q00,train,20,1724359529,"[16, 17]",0
g_n14_m28_k2_000_q00,g_n14_m28_k2_000,q00,train,21,1725359532,"[14, 22, 23]",0
g_n14_m28_k2_000_q00,g_n14_m28_k2_000,q00,train,22,1726359535,"[0, 6, 24]",0
g_n14_m28_k2_000_q00,g_n14_m28_k2_000,q00,train,23,1727359538,"[5, 10, 22]",0
g_n14_m28_k2_000_q00,g_n14_m28_k2_000,q00,train,24,1728359541,"[3, 6, 13]",0
g_n14_m28_k2_000_q00,g_n14_m28_k2_000,q00,train,25,1729359544,"[16, 17, 24, 27]",0
g_n14_m28_k2_000_q00,g_n14_m28_k2_000,q00,train,26,1730359547,"[7, 14, 18]",1
g_n14_m28_k2_000_q00,g_n14_m28_k2_000,q00,train,27,1731359550,"[9, 11, 21]",0
g_n14_m28_k2_000_q00,g_n14_m28_k2_000,q00,train,28,1732359553,"[4, 5]",0
g_n14_m28_k2_000_q00,g_n14_m28_k2_000,q00,train,29,1733359556,[15],0
g_n14_m28_k2_000_q00,g_n14_m28_k2_000,q00,train,30,1734359559,[5],0
g_n14_m28_k2_000_q00,g_n14_m28_k2_000,q00,train,31,1735359562,[],0
g_n14_m28_k2_000_q01,g_n14_m28_k2_000,q01,train,0,982979510,"[0, 6, 13, 15, 17, 18, 21, 25, 27]",0
g_n14_m28_k2_000_q01,g_n14_m28_k2_000,q01,train,1,983979513,"[10, 26, 27]",0
g_n14_m28_k2_000_q01,g_n14_m28_k2_000,q01,train,2,984979516,"[2, 7, 17, 25, 27]",0
g_n14_m28_k2_000_q01,g_n14_m28_k2_000,q01,train,3,985979519,"[1, 3, 4, 12, 16, 23]",0
g_n14_m28_k2_000_q01,g_n14_m28_k2_000,q01,train,4,986979522,"[3, 16, 21]",0
g_n14_m28_k2_000_q01,g_n14_m28_k2_000,q01,train,5,987979525,"[4, 8, 13, 14, 16, 19, 25]",0
g_n14_m28_k2_000_q01,g_n14_m28_k2_000,q01,train,6,988979528,"[6, 12, 14, 21, 22, 25]",0
g_n14_m28_k2_000_q01,g_n14_m28_k2_000,q01,train,7,989979531,"[2, 6, 17, 21]",0
g_n14_m28_k2_000_q01,g_n14_m28_k2_000,q01,train,8,990979534,"[6, 8, 10, 11, 17, 18, 25]",0
g_n14_m28_k2_000_q01,g_n14_m28_k2_000,q01,train,9,991979537,"[0, 1, 3, 5, 10, 20, 21]",0
g_n14_m28_k2_000_q01,g_n14_m28_k2_000,q01,train,10,992979540,"[3, 15, 19, 20, 25, 26, 27]",0
g_n14_m28_k2_000_q01,g_n14_m28_k2_000,q01,train,11,993979543,"[3, 4, 11, 15, 16, 20, 22, 25]",0
g_n14_m28_k2_000_q01,g_n14_m28_k2_000,q01,train,12,994979546,"[0, 1, 8, 9, 12, 15, 17, 18, 19]",0
g_n14_m28_k2_000_q01,g_n14_m28_k2_000,q01,train,13,995979549,"[1, 15, 20, 21, 22, 27]",0
g_n14_m28_k2_000_q01,g_n14_m28_k2_000,q01,train,14,996979552,"[3, 4, 5, 6, 10, 12, 14, 20, 23, 24, 26]",1
g_n14_m28_k2_000_q01,g_n14_m28_k2_000,q01,train,15,997979555,"[1, 2, 3, 7, 9, 15, 19, 21]",0
g_n14_m28_k2_000_q01,g_n14_m28_k2_000,q01,train,16,998979558,"[5, 22, 25]",0
g_n14_m28_k2_000_q01,g_n14_m28_k2_000,q01,train,17,999979561,"[3, 14, 16, 18, 20, 22, 23]",0
g_n14_m28_k2_000_q01,g_n14_m28_k2_000,q01,train,18,1000979564,"[15, 17, 18, 21]",0
g_n14_m28_k2_000_q01,g_n14_m28_k2_000,q01,train,19,1001979567,"[2, 9, 12, 17, 21, 22]",0
g_n14_m28_k2_000_q01,g_n14_m28_k2_000,q01,train,20,1002979570,"[3, 6, 9, 14, 15, 23]",0
g_n14_m28_k2_000_q01,g_n14_m28_k2_000,q01,train,21,1003979573,"[4, 5, 6, 10, 11, 13, 16, 19, 20, 22, 23]",0
g_n14_m28_k2_000_q01,g_n14_m28_k2_000,q01,train,22,1004979576,"[0, 3, 10, 14, 15, 21, 27]",0
g_n14_m28_k2_000_q01,g_n14_m28_k2_000,q01,train,23,1005979579,"[3, 6, 14, 16, 17, 23, 24, 27]",0
g_n14_m28_k2_000_q01,g_n14_m28_k2_000,q01,train,24,1006979582,"[6, 12, 19, 23, 25]",0
g_n14_m28_k2_000_q01,g_n14_m28_k2_000,q01,train,25,1007979585,"[5, 7, 10, 14, 16, 19, 21, 23, 25, 26]",1
g_n14_m28_k2_000_q01,g_n14_m28_k2_000,q01,train,26,1008979588,"[6, 12, 13, 16, 18, 22]",0
g_n14_m28_k2_000_q01,g_n14_m28_k2_000,q01,train,27,1009979591,"[1, 10, 14, 24, 27]",0
g_n14_m28_k2_000_q01,g_n14_m28_k2_000,q01,train,28,1010979594,"[0, 3, 13, 14, 16, 20, 23, 25]",0
g_n14_m28_k2_000_q01,g_n14_m28_k2_000,q01,train,29,1011979597,"[14, 19, 21, 24]",0
g_n14_m28_k2_000_q01,g_n14_m28_k2_000,q01,train,30,1012979600,"[9, 12, 13, 18, 19, 24]",0
g_n14_m28_k2_000_q01,g_n14_m28_k2_000,q01,train,31,1013979603,"[2, 8, 9, 13]",0
g_n14_m28_k2_000_q02,g_n14_m28_k2_000,q02,train,0,261599551,"[6, 9, 10, 12, 14, 16, 17, 18, 19, 23]",0
g_n14_m28_k2_000_q02,g_n14_m28_k2_000,q02,train,1,262599554,"[0, 5, 12, 13, 14, 15, 16, 20, 22, 27]",0
g_n14_m28_k2_000_q02,g_n14_m28_k2_000,q02,train,2,263599557,"[0, 1, 10, 14, 15, 18, 23]",0
g_n14_m28_k2_000_q02,g_n14_m28_k2_000,q02,train,3,264599560,"[0, 1, 2, 6, 11, 13, 14, 19, 23, 27]",0
g_n14_m28_k2_000_q02,g_n14_m28_k2_000,q02,train,4,265599563,"[0, 4, 6, 7, 13, 15, 17, 19, 20]",0
g_n14_m28_k2_000_q02,g_n14_m28_k2_000,q02,train,5,266599566,"[3, 7, 8, 12, 16, 18, 19, 21, 22, 23, 24, 25]",1
g_n14_m28_k2_000_q02,g_n14_m28_k2_000,q02,train,6,267599569,"[0, 7, 10, 13, 15, 19, 26, 27]",0
g_n14_m28_k2_000_q02,g_n14_m28_k2_000,q02,train,7,268599572,"[1, 4, 7, 12, 13, 14, 18, 20, 25]",1
g_n14_m28_k2_000_q02,g_n14_m28_k2_000,q02,train,8,269599575,"[0, 7, 8, 11, 15, 17, 20, 21, 22, 25, 27]",1
g_n14_m28_k2_000_q02,g_n14_m28_k2_000,q02,train,9,270599578,"[1, 2, 3, 9, 13, 16, 19, 20, 21, 25, 26, 27]",0
g_n14_m28_k2_000_q02,g_n14_m28_k2_000,q02,train,10,271599581,"[4, 9, 11, 12, 13, 14, 16, 17, 25, 26, 27]",0
g_n14_m28_k2_000_q02,g_n14_m28_k2_000,q02,train,11,272599584,"[6, 8, 13, 20, 23, 24, 25, 26]",0
g_n14_m28_k2_000_q02,g_n14_m28_k2_000,q02,train,12,273599587,"[0, 1, 12, 14, 16, 17, 18, 19, 21, 22, 24, 25, 27]",1
g_n14_m28_k2_000_q02,g_n14_m28_k2_000,q02,train,13,274599590,"[1, 4, 7, 9, 11, 12, 13, 16, 21, 23, 26]",0
g_n14_m28_k2_000_q02,g_n14_m28_k2_000,q02,train,14,275599593,"[1, 7, 16, 17, 20, 21, 22, 23, 24, 25]",0
g_n14_m28_k2_000_q02,g_n14_m28_k2_000,q02,train,15,276599596,"[7, 12, 13, 16, 18, 19, 23]",0
g_n14_m28_k2_000_q02,g_n14_m28_k2_000,q02,train,16,277599599,"[1, 5, 8, 9, 10, 12, 13, 15, 18, 19, 20, 21, 23, 26]",0
g_n14_m28_k2_000_q02,g_n14_m28_k2_000,q02,train,17,278599602,"[0, 5, 6, 7, 8, 9, 11, 12, 15, 20, 27]",0
g_n14_m28_k2_000_q02,g_n14_m28_k2_000,q02,train,18,279599605,"[3, 4, 7, 8, 12, 15, 17]",0
g_n14_m28_k2_000_q02,g_n14_m28_k2_000,q02,train,19,280599608,"[4, 7, 8, 9, 11, 13, 15, 16, 17, 19, 20]",0
g_n14_m28_k2_000_q02,g_n14_m28_k2_000,q02,train,20,281599611,"[0, 2, 5, 9, 11, 14, 17, 18, 22, 26]",0
g_n14_m28_k2_000_q02,g_n14_m28_k2_000,q02,train,21,282599614,"[4, 9, 10, 13, 20]",0
g_n14_m28_k2_000_q02,g_n14_m28_k2_000,q02,train,22,283599617,"[3, 6, 8, 9, 11, 12, 16, 18, 22, 25, 26, 27]",0
g_n14_m28_k2_000_q02,g_n14_m28_k2_000,q02,train,23,284599620,"[0, 2, 4, 5, 7, 10, 12, 15, 19]",1
g_n14_m28_k2_000_q02,g_n14_m28_k2_000,q02,train,24,285599623,"[3, 10, 14, 18, 19, 20, 22, 24, 25]",0
g_n14_m28_k2_000_q02,g_n14_m28_k2_000,q02,train,25,286599626,"[1, 2, 6, 9, 13, 16, 17, 18, 23, 26]",0
g_n14_m28_k2_000_q02,g_n14_m28_k2_000,q02,train,26,287599629,"[0, 2, 3, 4, 8, 14, 17, 22, 24]",0
g_n14_m28_k2_000_q02,g_n14_m28_k2_000,q02,train,27,288599632,"[2, 4, 7, 13, 14, 17, 19, 22, 23, 26]",1
g_n14_m28_k2_000_q02,g_n14_m28_k2_000,q02,train,28,289599635,"[1, 8, 9, 10, 14, 15, 17, 19, 21, 23, 24, 26]",0
g_n14_m28_k2_000_q02,g_n14_m28_k2_000,q02,train,29,290599638,"[3, 6, 7, 11, 12, 18, 21, 22, 25]",0
g_n14_m28_k2_000_q02,g_n14_m28_k2_000,q02,train,30,291599641,"[0, 1, 2, 8, 9, 10, 12, 17, 18, 19, 22, 23, 25, 27]",0
g_n14_m28_k2_000_q02,g_n14_m28_k2_000,q02,train,31,292599644,"[0, 9, 14, 15, 22, 23, 24, 26]",0
g_n14_m28_k2_001_q00,g_n14_m28_k2_001,q00,train,0,2288255752,"[0, 7, 15, 24]",0
g_n14_m28_k2_001_q00,g_n14_m28_k2_001,q00,train,1,2289255755,"[0, 8, 10, 20, 24]",0
g_n14_m28_k2_001_q00,g_n14_m28_k2_001,q00,train,2,2290255758,"[0, 11, 18, 21, 22]",0
g_n14_m28_k2_001_q00,g_n14_m28_k2_001,q00,train,3,2291255761,"[12, 13]",0
g_n14_m28_k2_001_q00,g_n14_m28_k2_001,q00,train,4,2292255764,[7],0
g_n14_m28_k2_001_q00,g_n14_m28_k2_001,q00,train,5,2293255767,"[11, 16, 18, 25]",0
g_n14_m28_k2_001_q00,g_n14_m28_k2_001,q00,train,6,2294255770,[9],0
g_n14_m28_k2_001_q00,g_n14_m28_k2_001,q00,train,7,2295255773,"[5, 7, 9, 19, 25, 26]",0
g_n14_m28_k2_001_q00,g_n14_m28_k2_001,q00,train,8,2296255776,"[0, 15]",0
g_n14_m28_k2_001_q00,g_n14_m28_k2_001,q00,train,9,2297255779,"[14, 16, 21, 24]",0
g_n14_m28_k2_001_q00,g_n14_m28_k2_001,q00,train,10,2298255782,"[9, 12, 14, 24, 26]",0
g_n14_m28_k2_001_q00,g_n14_m28_k2_001,q00,train,11,2299255785,"[2, 10, 18, 22]",0
g_n14_m28_k2_001_q00,g_n14_m28_k2_001,q00,train,12,2300255788,"[0, 3, 6, 16, 17, 18, 23]",0
g_n14_m28_k2_001_q00,g_n14_m28_k2_001,q00,train,13,2301255791,"[26, 27]",0
g_n14_m28_k2_001_q00,g_n14_m28_k2_001,q00,train,14,2302255794,[11],0
g_n14_m28_k2_001_q00,g_n14_m28_k2_001,q00,train,15,2303255797,"[2, 3, 21]",0
g_n14_m28_k2_001_q00,g_n14_m28_k2_001,q00,train,16,2304255800,"[2, 3, 19, 20, 23]",0
g_n14_m28_k2_001_q00,g_n14_m28_k2_001,q00,train,17,2305255803,[19],0
g_n14_m28_k2_001_q00,g_n14_m28_k2_001,q00,train,18,2306255806,"[0, 5, 12, 20]",0
g_n14_m28_k2_001_q00,g_n14_m28_k2_001,q00,train,19,2307255809,"[8, 9, 27]",0
g_n14_m28_k2_001_q00,g_n14_m28_k2_001,q00,train,20,2308255812,"[4, 7, 15, 20]",0
g_n14_m28_k2_001_q00,g_n14_m28_k2_001,q00,train,21,2309255815,"[10, 12, 15, 23]",0
g_n14_m28_k2_001_q00,g_n14_m28_k2_001,q00,train,22,2310255818,[8],0
g_n14_m28_k2_001_q00,g_n14_m28_k2_001,q00,train,23,2311255821,"[5, 7, 14, 23, 24, 25]",1
g_n14_m28_k2_001_q00,g_n14_m28_k2_001,q00,train,24,2312255824,"[11, 12]",0
g_n14_m28_k2_001_q00,g_n14_m28_k2_001,q00,train,25,2313255827,"[3, 9, 12, 23, 25]",0
g_n14_m28_k2_001_q00,g_n14_m28_k2_001,q00,train,26,2314255830,"[1, 9, 15, 17, 18]",0
g_n14_m28_k2_001_q00,g_n14_m28_k2_001,q00,train,27,2315255833,"[9, 11, 17, 22]",0
g_n14_m28_k2_001_q00,g_n14_m28_k2_001,q00,train,28,2316255836,"[8, 12, 23]",0
g_n14_m28_k2_001_q00,g_n14_m28_k2_001,q00,train,29,2317255839,"[10, 17, 19, 25]",0
g_n14_m28_k2_001_q00,g_n14_m28_k2_001,q00,train,30,2318255842,"[7, 19, 21, 26]",0
g_n14_m28_k2_001_q00,g_n14_m28_k2_001,q00,train,31,2319255845,"[4, 21]",0
g_n14_m28_k2_001_q01,g_n14_m28_k2_001,q01,train,0,1566875793,"[2, 4, 10, 11, 24]",0
g_n14_m28_k2_001_q01,g_n14_m28_k2_001,q01,train,1,1567875796,"[1, 11, 12, 17, 18, 19, 22, 23, 25]",0
g_n14_m28_k2_001_q01,g_n14_m28_k2_001,q01,train,2,1568875799,"[0, 1, 5, 12, 14, 17, 18, 19, 20, 23, 24]",1
g_n14_m28_k2_001_q01,g_n14_m28_k2_001,q01,train,3,1569875802,"[5, 6, 7, 11, 12, 14, 15, 19, 24, 27]",1
g_n14_m28_k2_001_q01,g_n14_m28_k2_001,q01,train,4,1570875805,"[10, 13, 19, 21, 23]",0
g_n14_m28_k2_001_q01,g_n14_m28_k2_001,q01,train,5,1571875808,"[5, 9, 16, 19, 20]",0
g_n14_m28_k2_001_q01,g_n14_m28_k2_001,q01,train,6,1572875811,"[2, 17, 23, 26]",0
g_n14_m28_k2_001_q01,g_n14_m28_k2_001,q01,train,7,1573875814,"[8, 13, 19, 25]",0
g_n14_m28_k2_001_q01,g_n14_m28_k2_001,q01,train,8,1574875817,"[1, 3, 5, 8, 14, 15, 16, 20, 27]",1
g_n14_m28_k2_001_q01,g_n14_m28_k2_001,q01,train,9,1575875820,"[21, 26, 27]",0
g_n14_m28_k2_001_q01,g_n14_m28_k2_001,q01,train,10,1576875823,"[1, 3, 7, 14, 20, 21, 27]",0
g_n14_m28_k2_001_q01,g_n14_m28_k2_001,q01,train,11,1577875826,"[3, 7, 9, 15, 16, 17, 22, 24, 25, 26]",1
g_n14_m28_k2_001_q01,g_n14_m28_k2_001,q01,train,12,1578875829,"[1, 5, 7, 16, 18, 21, 27]",0
g_n14_m28_k2_001_q01,g_n14_m28_k2_001,q01,train,13,1579875832,"[9, 18, 20, 24, 25]",0
g_n14_m28_k2_001_q01,g_n14_m28_k2_001,q01,train,14,1580875835,"[4, 5, 9, 12, 26]",0
g_n14_m28_k2_001_q01,g_n14_m28_k2_001,q01,train,15,1581875838,"[5, 6, 9, 10, 14, 17, 26, 27]",1
g_n14_m28_k2_001_q01,g_n14_m28_k2_001,q01,train,16,1582875841,"[1, 2, 6, 14, 17, 22, 27]",0
g_n14_m28_k2_001_q01,g_n14_m28_k2_001,q01,train,17,1583875844,"[0, 3, 18, 19, 20, 21]",0
g_n14_m28_k2_001_q01,g_n14_m28_k2_001,q01,train,18,1584875847,"[2, 3, 6, 7, 13, 15]",0
g_n14_m28_k2_001_q01,g_n14_m28_k2_001,q01,train,19,1585875850,"[0, 2, 4, 5, 11, 14, 16, 22, 23, 24, 26, 27]",1
g_n14_m28_k2_001_q01,g_n14_m28_k2_001,q01,train,20,1586875853,"[2, 3, 10, 11, 19, 20, 24]",0
g_n14_m28_k2_001_q01,g_n14_m28_k2_001,q01,train,21,1587875856,"[14, 16, 18, 21, 24, 25, 27]",0
g_n14_m28_k2_001_q01,g_n14_m28_k2_001,q01,train,22,1588875859,"[0, 4, 13, 15, 16, 21, 23]",0
g_n14_m28_k2_001_q01,g_n14_m28_k2_001,q01,train,23,1589875862,"[3, 8, 12, 16, 17, 18, 25]",0
g_n14_m28_k2_001_q01,g_n14_m28_k2_001,q01,train,24,1590875865,"[2, 9, 15, 17, 18]",0
g_n14_m28_k2_001_q01,g_n14_m28_k2_001,q01,train,25,1591875868,"[9, 11, 16, 19, 22]",0
g_n14_m28_k2_001_q01,g_n14_m28_k2_001,q01,train,26,1592875871,"[3, 24, 26]",0
g_n14_m28_k2_001_q01,g_n14_m28_k2_001,q01,train,27,1593875874,"[5, 6, 7, 13, 22, 25, 26]",0
g_n14_m28_k2_001_q01,g_n14_m28_k2_001,q01,train,28,1594875877,"[8, 10, 11, 12, 15, 18, 19, 22, 23, 26]",0
g_n14_m28_k2_001_q01,g_n14_m28_k2_001,q01,train,29,1595875880,"[0, 1, 7, 8, 10, 11, 14, 17, 23]",0
g_n14_m28_k2_001_q01,g_n14_m28_k2_001,q01,train,30,1596875883,"[0, 9, 13, 14, 16, 17, 18, 19, 21, 22, 23]",0
g_n14_m28_k2_001_q01,g_n14_m28_k2_001,q01,train,31,1597875886,"[2, 5, 16, 19, 21]",0
g_n14_m28_k2_001_q02,g_n14_m28_k2_001,q02,train,0,845495834,"[0, 3, 7, 10, 11, 16, 19, 21, 22, 27]",0
g_n14_m28_k2_001_q02,g_n14_m28_k2_001,q02,train,1,846495837,"[1, 4, 9, 10, 11, 12, 15, 22, 23, 27]",0
g_n14_m28_k2_001_q02,g_n14_m28_k2_001,q02,train,2,847495840,"[0, 1, 4, 6, 7, 10, 11, 13, 15, 16, 18, 19, 20, 21, 24, 27]",0
g_n14_m28_k2_001_q02,g_n14_m28_k2_001,q02,train,3,848495843,"[1, 2, 3, 7, 9, 12, 13, 15, 16, 18, 20]",0
g_n14_m28_k2_001_q02,g_n14_m28_k2_001,q02,train,4,849495846,"[0, 2, 3, 5, 10, 13, 14, 22, 26]",1
g_n14_m28_k2_001_q02,g_n14_m28_k2_001,q02,train,5,850495849,"[0, 2, 4, 5, 6, 8, 9, 14, 17, 21, 24, 27]",1
g_n14_m28_k2_001_q02,g_n14_m28_k2_001,q02,train,6,851495852,"[2, 8, 9, 11, 14, 16, 19, 20]",0
g_n14_m28_k2_001_q02,g_n14_m28_k2_001,q02,train,7,852495855,"[0, 2, 7, 9, 10, 11, 17, 18, 19, 20, 22, 24, 27]",0
g_n14_m28_k2_001_q02,g_n14_m28_k2_001,q02,train,8,853495858,"[2, 4, 6, 16, 18, 21, 22, 23, 25, 26]",0
g_n14_m28_k2_001_q02,g_n14_m28_k2_001,q02,train,9,854495861,"[1, 2, 4, 7, 11, 12, 14, 16, 18, 19, 23, 24, 26, 27]",0
g_n14_m28_k2_001_q02,g_n14_m28_k2_001,q02,train,10,855495864,"[1, 2, 4, 5, 10, 11, 17, 24, 26, 27]",0
g_n14_m28_k2_001_q02,g_n14_m28_k2_001,q02,train,11,856495867,"[0, 4, 6, 11, 12, 14, 15, 17, 18, 19, 22, 23, 25, 27]",1
g_n14_m28_k2_001_q02,g_n14_m28_k2_001,q02,train,12,857495870,"[0, 3, 5, 9, 12, 13, 16, 18, 22, 24]",0
g_n14_m28_k2_001_q02,g_n14_m28_k2_001,q02,train,13,858495873,"[3, 4, 6, 7, 10, 11, 12, 14, 17, 19, 27]",0
g_n14_m28_k2_001_q02,g_n14_m28_k2_001,q02,train,14,859495876,"[0, 3, 4, 7, 9, 11, 12, 14, 15, 24]",1
g_n14_m28_k2_001_q02,g_n14_m28_k2_001,q02,train,15,860495879,"[2, 4, 5, 6, 8, 10, 12, 17, 19, 22, 23]",0
g_n14_m28_k2_001_q02,g_n14_m28_k2_001,q02,train,16,861495882,"[5, 8, 18, 20]",0
g_n14_m28_k2_001_q02,g_n14_m28_k2_001,q02,train,17,862495885,"[0, 9, 19, 23]",0
g_n14_m28_k2_001_q02,g_n14_m28_k2_001,q02,train,18,863495888,"[2, 5, 7, 8, 9, 15, 19, 22]",0
g_n14_m28_k2_001_q02,g_n14_m28_k2_001,q02,train,19,864495891,"[1, 8, 9, 12, 15, 20, 21, 22, 27]",0
g_n14_m28_k2_001_q02,g_n14_m28_k2_001,q02,train,20,865495894,"[0, 2, 5, 9, 13, 17, 18, 21, 23, 24, 27]",0
g_n14_m28_k2_001_q02,g_n14_m28_k2_001,q02,train,21,866495897,"[0, 1, 5, 10, 11, 17, 20, 21, 24, 25, 26]",0
g_n14_m28_k2_001_q02,g_n14_m28_k2_001,q02,train,22,867495900,"[2, 10, 12, 14, 16, 18, 19, 20, 21, 23, 26]",0
g_n14_m28_k2_001_q02,g_n14_m28_k2_001,q02,train,23,868495903,"[1, 2, 3, 8, 11, 14, 18, 20, 22, 23, 27]",0
g_n14_m28_k2_001_q02,g_n14_m28_k2_001,q02,train,24,869495906,"[2, 3, 5, 10, 12, 14, 15, 20, 22, 24, 26]",1
g_n14_m28_k2_001_q02,g_n14_m28_k2_001,q02,train,25,870495909,"[6, 8, 9, 10, 12, 15, 18, 21, 22, 24, 27]",0
g_n14_m28_k2_001_q02,g_n14_m28_k2_001,q02,train,26,871495912,"[0, 1, 2, 3, 4, 7, 9, 12, 14, 16, 18, 19, 24]",1
g_n14_m28_k2_001_q02,g_n14_m28_k2_001,q02,train,27,872495915,"[2, 8, 17, 18, 24, 25]",0
g_n14_m28_k2_001_q02,g_n14_m28_k2_001,q02,train,28,873495918,"[0, 6, 8, 10, 13, 14, 17, 18, 20, 23, 25, 26]",0
g_n14_m28_k2_001_q02,g_n14_m28_k2_001,q02,train,29,874495921,"[1, 2, 3, 4, 5, 7, 11, 14, 16, 19, 21, 23, 25, 26]",1
g_n14_m28_k2_001_q02,g_n14_m28_k2_001,q02,train,30,875495924,"[5, 6, 12, 18, 19]",0
g_n14_m28_k2_001_q02,g_n14_m28_k2_001,q02,train,31,876495927,"[1, 6, 8, 10, 12, 13, 15, 23]",0
g_n14_m28_k2_002_q00,g_n14_m28_k2_002,q00,train,0,2872152035,"[3, 22, 25, 27]",0
g_n14_m28_k2_002_q00,g_n14_m28_k2_002,q00,train,1,2873152038,"[2, 3, 9, 20, 27]",0
g_n14_m28_k2_002_q00,g_n14_m28_k2_002,q00,train,2,2874152041,"[4, 8, 9]",0
g_n14_m28_k2_002_q00,g_n14_m28_k2_002,q00,train,3,2875152044,[6],0
g_n14_m28_k2_002_q00,g_n14_m28_k2_002,q00,train,4,2876152047,[],0
g_n14_m28_k2_002_q00,g_n14_m28_k2_002,q00,train,5,2877152050,"[6, 10]",0
g_n14_m28_k2_002_q00,g_n14_m28_k2_002,q00,train,6,2878152053,"[0, 5, 6, 19]",0
g_n14_m28_k2_002_q00,g_n14_m28_k2_002,q00,train,7,2879152056,"[2, 9, 11, 16]",0
g_n14_m28_k2_002_q00,g_n14_m28_k2_002,q00,train,8,2880152059,"[4, 5, 26]",0
g_n14_m28_k2_002_q00,g_n14_m28_k2_002,q00,train,9,2881152062,"[3, 17, 22, 24]",0
g_n14_m28_k2_002_q00,g_n14_m28_k2_002,q00,train,10,2882152065,"[1, 9, 11, 17, 19]",0
g_n14_m28_k2_002_q00,g_n14_m28_k2_002,q00,train,11,2883152068,"[5, 17, 18]",0
g_n14_m28_k2_002_q00,g_n14_m28_k2_002,q00,train,12,2884152071,"[1, 2, 10, 20, 24]",0
g_n14_m28_k2_002_q00,g_n14_m28_k2_002,q00,train,13,2885152074,"[6, 24]",0
g_n14_m28_k2_002_q00,g_n14_m28_k2_002,q00,train,14,2886152077,"[1, 8, 17, 27]",0
g_n14_m28_k2_002_q00,g_n14_m28_k2_002,q00,train,15,2887152080,"[15, 18, 23, 24]",0
g_n14_m28_k2_002_q00,g_n14_m28_k2_002,q00,train,16,2888152083,"[8, 13, 20, 22, 27]",0
g_n14_m28_k2_002_q00,g_n14_m28_k2_002,q00,train,17,2889152086,"[1, 3, 17, 25]",0
g_n14_m28_k2_002_q00,g_n14_m28_k2_002,q00,train,18,2890152089,[24],0
g_n14_m28_k2_002_q00,g_n14_m28_k2_002,q00,train,19,2891152092,"[1, 23, 25]",0
g_n14_m28_k2_002_q00,g_n14_m28_k2_002,q00,train,20,2892152095,"[3, 21, 22]",0
g_n14_m28_k2_002_q00,g_n14_m28_k2_002,q00,train,21,2893152098,"[3, 7, 15]",0
g_n14_m28_k2_002_q00,g_n14_m28_k2_002,q00,train,22,2894152101,"[5, 22]",0
g_n14_m28_k2_002_q00,g_n14_m28_k2_002,q00,train,23,2895152104,"[6, 13, 25]",0
g_n14_m28_k2_002_q00,g_n14_m28_k2_002,q00,train,24,2896152107,"[13, 23]",0
g_n14_m28_k2_002_q00,g_n14_m28_k2_002,q00,train,25,2897152110,"[6, 16, 17, 18, 23, 26, 27]",0
g_n14_m28_k2_002_q00,g_n14_m28_k2_002,q00,train,26,2898152113,"[1, 19, 23]",0
g_n14_m28_k2_002_q00,g_n14_m28_k2_002,q00,train,27,2899152116,"[16, 26, 27]",0
g_n14_m28_k2_002_q00,g_n14_m28_k2_002,q00,train,28,2900152119,"[12, 14, 19, 23]",0
g_n14_m28_k2_002_q00,g_n14_m28_k2_002,q00,train,29,2901152122,[24],0
g_n14_m28_k2_002_q00,g_n14_m28_k2_002,q00,train,30,2902152125,"[1, 6, 12, 18, 20]",0
g_n14_m28_k2_002_q00,g_n14_m28_k2_002,q00,train,31,2903152128,[10],0
g_n14_m28_k2_002_q01,g_n14_m28_k2_002,q01,train,0,2150772076,"[1, 2, 5, 8, 9, 15, 16, 22, 23]",0
g_n14_m28_k2_002_q01,g_n14_m28_k2_002,q01,train,1,2151772079,"[5, 6, 9, 12, 14, 21]",0
g_n14_m28_k2_002_q01,g_n14_m28_k2_002,q01,train,2,2152772082,"[1, 5, 8, 19, 20, 23, 25, 26]",0
g_n14_m28_k2_002_q01,g_n14_m28_k2_002,q01,train,3,2153772085,"[2, 8, 11, 12, 18, 19, 22, 23, 27]",0
g_n14_m28_k2_002_q01,g_n14_m28_k2_002,q01,train,4,2154772088,"[17, 19, 25]",0
g_n14_m28_k2_002_q01,g_n14_m28_k2_002,q01,train,5,2155772091,"[1, 5, 10, 13, 14, 15, 16, 18, 20, 26]",1
g_n14_m28_k2_002_q01,g_n14_m28_k2_002,q01,train,6,2156772094,"[3, 6, 8, 11, 13, 14, 17]",0
g_n14_m28_k2_002_q01,g_n14_m28_k2_002,q01,train,7,2157772097,"[4, 5, 7, 8, 21, 23]",0
g_n14_m28_k2_002_q01,g_n14_m28_k2_002,q01,train,8,2158772100,"[3, 4, 6, 7, 9, 11, 17, 19, 20, 21, 27]",0
g_n14_m28_k2_002_q01,g_n14_m28_k2_002,q01,train,9,2159772103,"[1, 15, 18]",0
g_n14_m28_k2_002_q01,g_n14_m28_k2_002,q01,train,10,2160772106,"[0, 10, 11, 16, 20, 22, 25]",0
g_n14_m28_k2_002_q01,g_n14_m28_k2_002,q01,train,11,2161772109,"[2, 8, 11, 22, 25]",0
g_n14_m28_k2_002_q01,g_n14_m28_k2_002,q01,train,12,2162772112,"[1, 2, 4]",0
g_n14_m28_k2_002_q01,g_n14_m28_k2_002,q01,train,13,2163772115,"[4, 7, 11, 15, 16, 17, 18, 20, 24, 27]",0
g_n14_m28_k2_002_q01,g_n14_m28_k2_002,q01,train,14,2164772118,"[0, 2, 3, 4, 11, 20, 21, 24]",0
g_n14_m28_k2_002_q01,g_n14_m28_k2_002,q01,train,15,2165772121,"[2, 3, 4, 5, 8, 16, 18, 20, 23, 27]",0
g_n14_m28_k2_002_q01,g_n14_m28_k2_002,q01,train,16,2166772124,"[2, 7, 9, 15, 16, 24, 26, 27]",0
g_n14_m28_k2_002_q01,g_n14_m28_k2_002,q01,train,17,2167772127,"[0, 1, 11]",0
g_n14_m28_k2_002_q01,g_n14_m28_k2_002,q01,train,18,2168772130,"[1, 2, 3, 7, 21, 23, 26]",0
g_n14_m28_k2_002_q01,g_n14_m28_k2_002,q01,train,19,2169772133,"[2, 13, 15, 16, 21, 23, 25]",0
g_n14_m28_k2_002_q01,g_n14_m28_k2_002,q01,train,20,2170772136,"[8, 17, 22, 27]",0
g_n14_m28_k2_002_q01,g_n14_m28_k2_002,q01,train,21,2171772139,"[13, 14, 15, 16]",1
g_n14_m28_k2_002_q01,g_n14_m28_k2_002,q01,train,22,2172772142,"[6, 8, 9, 11, 22]",0
g_n14_m28_k2_002_q01,g_n14_m28_k2_002,q01,train,23,2173772145,"[1, 4, 11, 13, 15, 17, 25, 26]",0
g_n14_m28_k2_002_q01,g_n14_m28_k2_002,q01,train,24,2174772148,"[1, 6, 8, 10, 16, 17, 20, 22, 27]",0
g_n14_m28_k2_002_q01,g_n14_m28_k2_002,q01,train,25,2175772151,"[1, 2, 4, 5, 6, 7, 10, 18, 21, 24, 25, 26]",0
g_n14_m28_k2_002_q01,g_n14_m28_k2_002,q01,train,26,2176772154,"[0, 5, 13, 16, 25]",0
g_n14_m28_k2_002_q01,g_n14_m28_k2_002,q01,train,27,2177772157,"[2, 6, 8, 10, 21, 27]",0
g_n14_m28_k2_002_q01,g_n14_m28_k2_002,q01,train,28,2178772160,"[6, 13, 15, 17, 19, 21]",0
g_n14_m28_k2_002_q01,g_n14_m28_k2_002,q01,train,29,2179772163,"[6, 9, 12, 19, 25, 26]",0
g_n14_m28_k2_002_q01,g_n14_m28_k2_002,q01,train,30,2180772166,"[6, 7, 8, 19, 20]",0
g_n14_m28_k2_002_q01,g_n14_m28_k2_002,q01,train,31,2181772169,"[6, 8, 15, 19, 20, 24, 27]",0
g_n14_m28_k2_002_q02,g_n14_m28_k2_002,q02,train,0,1429392117,"[2, 6, 8, 10, 11, 13, 19, 20, 21]",0
g_n14_m28_k2_002_q02,g_n14_m28_k2_002,q02,train,1,1430392120,"[5, 9, 14, 19, 22, 25, 26]",0
g_n14_m28_k2_002_q02,g_n14_m28_k2_002,q02,train,2,1431392123,"[0, 4, 6, 7, 8, 9, 13, 14, 22, 23]",0
g_n14_m28_k2_002_q02,g_n14_m28_k2_002,q02,train,3,1432392126,"[0, 2, 9, 12, 16, 18, 20, 22, 25, 26]",0
g_n14_m28_k2_002_q02,g_n14_m28_k2_002,q02,train,4,1433392129,"[2, 3, 7, 8, 9, 11, 17, 18]",0
g_n14_m28_k2_002_q02,g_n14_m28_k2_002,q02,train,5,1434392132,"[0, 1, 2, 4, 7, 8, 9, 12, 14, 18, 20, 25, 27]",1
g_n14_m28_k2_002_q02,g_n14_m28_k2_002,q02,train,6,1435392135,"[1, 5, 7, 14, 20, 21, 26, 27]",0
g_n14_m28_k2_002_q02,g_n14_m28_k2_002,q02,train,7,1436392138,"[0, 2, 10, 14, 18, 19, 20, 22, 25]",1
g_n14_m28_k2_002_q02,g_n14_m28_k2_002,q02,train,8,1437392141,"[1, 3, 4, 6, 7, 13, 17, 22, 26, 27]",0
g_n14_m28_k2_002_q02,g_n14_m28_k2_002,q02,train,9,1438392144,"[0, 1, 7, 8, 9, 10, 11, 13, 15, 16, 19, 21, 22, 23]",0
g_n14_m28_k2_002_q02,g_n14_m28_k2_002,q02,train,10,1439392147,"[1, 6, 14, 18, 22]",0
g_n14_m28_k2_002_q02,g_n14_m28_k2_002,q02,train,11,1440392150,"[0, 3, 5, 8, 11, 12, 16, 17, 18, 25]",0
g_n14_m28_k2_002_q02,g_n14_m28_k2_002,q02,train,12,1441392153,"[0, 5, 7, 8, 9, 11, 17, 18, 20, 21, 23, 25, 27]",0
g_n14_m28_k2_002_q02,g_n14_m28_k2_002,q02,train,13,1442392156,"[4, 8, 12, 14, 18, 20, 21, 24, 26, 27]",0
g_n14_m28_k2_002_q02,g_n14_m28_k2_002,q02,train,14,1443392159,"[4, 6, 7, 8, 9, 10, 11, 12, 13, 20, 27]",0
g_n14_m28_k2_002_q02,g_n14_m28_k2_002,q02,train,15,1444392162,"[0, 4, 7, 11, 14, 18, 21, 23, 26, 27]",0
g_n14_m28_k2_002_q02,g_n14_m28_k2_002,q02,train,16,1445392165,"[2, 3, 4, 6, 18, 24, 25]",0
g_n14_m28_k2_002_q02,g_n14_m28_k2_002,q02,train,17,1446392168,"[0, 3, 6, 8, 12, 15, 16, 17, 18, 19, 20, 21, 23, 27]",0
g_n14_m28_k2_002_q02,g_n14_m28_k2_002,q02,train,18,1447392171,"[0, 1, 5, 6, 7, 10, 12, 15, 17, 20, 21, 24, 25]",0
g_n14_m28_k2_002_q02,g_n14_m28_k2_002,q02,train,19,1448392174,"[0, 5, 7, 9, 10, 11, 16, 18, 20, 21]",0
g_n14_m28_k2_002_q02,g_n14_m28_k2_002,q02,train,20,1449392177,"[0, 3, 5, 7, 10, 15, 17, 19, 20, 25]",0
g_n14_m28_k2_002_q02,g_n14_m28_k2_002,q02,train,21,1450392180,"[0, 1, 5, 9, 15, 18, 19, 20, 22, 23, 26]",0
g_n14_m28_k2_002_q02,g_n14_m28_k2_002,q02,train,22,1451392183,"[0, 1, 2, 3, 5, 7, 9, 10, 11, 12, 17, 21, 23, 24, 25, 26, 27]",1
g_n14_m28_k2_002_q02,g_n14_m28_k2_002,q02,train,23,1452392186,"[0, 6, 7, 8, 11, 13, 21, 26, 27]",0
g_n14_m28_k2_002_q02,g_n14_m28_k2_002,q02,train,24,1453392189,"[0, 3, 4, 6, 7, 9, 11, 12, 13, 15, 16, 19, 25, 26]",1
g_n14_m28_k2_002_q02,g_n14_m28_k2_002,q02,train,25,1454392192,"[0, 1, 3, 8, 13, 17, 24, 27]",0
g_n14_m28_k2_002_q02,g_n14_m28_k2_002,q02,train,26,1455392195,"[0, 6, 9, 10, 11, 13, 14, 19, 21, 25, 27]",1
g_n14_m28_k2_002_q02,g_n14_m28_k2_002,q02,train,27,1456392198,"[0, 1, 3, 5, 6, 7, 8, 11, 15, 16, 17, 22, 26]",0
g_n14_m28_k2_002_q02,g_n14_m28_k2_002,q02,train,28,1457392201,"[1, 3, 5, 6, 8, 9, 11, 17, 18, 20]",0
g_n14_m28_k2_002_q02,g_n14_m28_k2_002,q02,train,29,1458392204,"[1, 2, 8, 10, 15, 16, 19, 20, 22, 23, 24, 25, 26]",0
g_n14_m28_k2_002_q02,g_n14_m28_k2_002,q02,train,30,1459392207,"[3, 5, 6, 7, 8, 10, 12, 14, 16, 20, 26, 27]",1
g_n14_m28_k2_002_q02,g_n14_m28_k2_002,q02,train,31,1460392210,"[3, 7, 10, 12, 15, 17, 18, 20, 22, 27]",0
g_n14_m28_k2_003_q00,g_n14_m28_k2_003,q00,test,0,3456048318,[26],0
g_n14_m28_k2_003_q00,g_n14_m28_k2_003,q00,test,1,3457048321,"[3, 5, 7, 15]",0
g_n14_m28_k2_003_q00,g_n14_m28_k2_003,q00,test,2,3458048324,"[5, 7, 9, 16, 17]",0
g_n14_m28_k2_003_q00,g_n14_m28_k2_003,q00,test,3,3459048327,"[0, 10]",0
g_n14_m28_k2_003_q00,g_n14_m28_k2_003,q00,test,4,3460048330,"[1, 3, 8, 10, 14, 24]",0
g_n14_m28_k2_003_q00,g_n14_m28_k2_003,q00,test,5,3461048333,"[8, 9, 27]",0
g_n14_m28_k2_003_q00,g_n14_m28_k2_003,q00,test,6,3462048336,"[9, 12, 20, 25]",0
g_n14_m28_k2_003_q00,g_n14_m28_k2_003,q00,test,7,3463048339,"[4, 9, 10, 12]",1
g_n14_m28_k2_003_q00,g_n14_m28_k2_003,q00,test,8,3464048342,"[0, 7]",0
g_n14_m28_k2_003_q00,g_n14_m28_k2_003,q00,test,9,3465048345,"[11, 12, 14]",0
g_n14_m28_k2_003_q00,g_n14_m28_k2_003,q00,test,10,3466048348,"[3, 11]",0
g_n14_m28_k2_003_q00,g_n14_m28_k2_003,q00,test,11,3467048351,"[6, 10, 18]",0
g_n14_m28_k2_003_q00,g_n14_m28_k2_003,q00,test,12,3468048354,[],0
g_n14_m28_k2_003_q00,g_n14_m28_k2_003,q00,test,13,3469048357,"[9, 20, 22, 23, 25, 27]",0
g_n14_m28_k2_003_q00,g_n14_m28_k2_003,q00,test,14,3470048360,"[15, 20, 22]",0
g_n14_m28_k2_003_q00,g_n14_m28_k2_003,q00,test,15,3471048363,"[1, 14, 24]",0
g_n14_m28_k2_003_q00,g_n14_m28_k2_003,q00,test,16,3472048366,"[11, 12]",0
g_n14_m28_k2_003_q00,g_n14_m28_k2_003,q00,test,17,3473048369,"[4, 6, 12, 23]",0
g_n14_m28_k2_003_q00,g_n14_m28_k2_003,q00,test,18,3474048372,"[5, 8, 10, 25, 26]",0
g_n14_m28_k2_003_q00,g_n14_m28_k2_003,q00,test,19,3475048375,"[3, 6, 8, 26]",0
g_n14_m28_k2_003_q00,g_n14_m28_k2_003,q00,test,20,3476048378,"[1, 6, 12, 19, 21]",0
g_n14_m28_k2_003_q00,g_n14_m28_k2_003,q00,test,21,3477048381,"[14, 18, 22]",0
g_n14_m28_k2_003_q00,g_n14_m28_k2_003,q00,test,22,3478048384,"[4, 23, 24]",0
g_n14_m28_k2_003_q00,g_n14_m28_k2_003,q00,test,23,3479048387,"[13, 17, 25]",0
g_n14_m28_k2_003_q00,g_n14_m28_k2_003,q00,test,24,3480048390,"[1, 22]",0
g_n14_m28_k2_003_q00,g_n14_m28_k2_003,q00,test,25,3481048393,"[0, 8, 24]",0
g_n14_m28_k2_003_q00,g_n14_m28_k2_003,q00,test,26,3482048396,"[0, 7, 11]",0
g_n14_m28_k2_003_q00,g_n14_m28_k2_003,q00,test,27,3483048399,[20],0
g_n14_m28_k2_003_q00,g_n14_m28_k2_003,q00,test,28,3484048402,"[21, 22, 25]",0
g_n14_m28_k2_003_q00,g_n14_m28_k2_003,q00,test,29,3485048405,"[6, 14, 18]",0
g_n14_m28_k2_003_q00,g_n14_m28_k2_003,q00,test,30,3486048408,"[2, 21, 24]",0
g_n14_m28_k2_003_q00,g_n14_m28_k2_003,q00,test,31,3487048411,"[10, 11, 13, 15]",0
g_n14_m28_k2_003_q01,g_n14_m28_k2_003,q01,test,0,2734668359,"[2, 3, 11, 13, 15, 22, 23, 24]",0
g_n14_m28_k2_003_q01,g_n14_m28_k2_003,q01,test,1,2735668362,"[2, 7, 8, 9, 11, 12, 15, 19, 21, 25]",0
g_n14_m28_k2_003_q01,g_n14_m28_k2_003,q01,test,2,2736668365,"[1, 2, 4, 6, 11, 12, 15, 20, 26]",0
g_n14_m28_k2_003_q01,g_n14_m28_k2_003,q01,test,3,2737668368,"[1, 3, 16, 20, 21, 23]",0
g_n14_m28_k2_003_q01,g_n14_m28_k2_003,q01,test,4,2738668371,"[0, 2, 8, 13, 17, 22, 23, 26]",0
g_n14_m28_k2_003_q01,g_n14_m28_k2_003,q01,test,5,2739668374,"[0, 5, 8, 9, 13, 21, 22]",0
g_n14_m28_k2_003_q01,g_n14_m28_k2_003,q01,test,6,2740668377,"[5, 11, 13, 15, 18]",0
g_n14_m28_k2_003_q01,g_n14_m28_k2_003,q01,test,7,2741668380,"[3, 5, 8, 20, 21]",0
g_n14_m28_k2_003_q01,g_n14_m28_k2_003,q01,test,8,2742668383,"[9, 11, 15, 22, 23, 25]",0
g_n14_m28_k2_003_q01,g_n14_m28_k2_003,q01,test,9,2743668386,"[0, 5, 6, 8, 10, 13, 15, 16, 17, 21, 23, 24, 27]",0
g_n14_m28_k2_003_q01,g_n14_m28_k2_003,q01,test,10,2744668389,"[0, 1, 6, 10, 14, 22]",0
g_n14_m28_k2_003_q01,g_n14_m28_k2_003,q01,test,11,2745668392,"[1, 4, 7, 8, 14, 21, 26]",0
g_n14_m28_k2_003_q01,g_n14_m28_k2_003,q01,test,12,2746668395,"[4, 11, 12, 13, 15, 17, 19, 20, 25]",0
g_n14_m28_k2_003_q01,g_n14_m28_k2_003,q01,test,13,2747668398,"[4, 7, 14, 18]",0
g_n14_m28_k2_003_q01,g_n14_m28_k2_003,q01,test,14,2748668401,"[0, 2, 4, 6, 9, 11, 13, 17, 22]",1
g_n14_m28_k2_003_q01,g_n14_m28_k2_003,q01,test,15,2749668404,"[2, 10, 12, 13, 16, 22, 25, 27]",0
g_n14_m28_k2_003_q01,g_n14_m28_k2_003,q01,test,16,2750668407,"[0, 2, 3, 14, 17, 19, 20, 24]",0
g_n14_m28_k2_003_q01,g_n14_m28_k2_003,q01,test,17,2751668410,"[1, 2, 3, 6, 11, 23]",0
g_n14_m28_k2_003_q01,g_n14_m28_k2_003,q01,test,18,2752668413,"[2, 5, 6, 8, 10, 13, 17, 18, 26]",0
g_n14_m28_k2_003_q01,g_n14_m28_k2_003,q01,test,19,2753668416,[10],0
g_n14_m28_k2_003_q01,g_n14_m28_k2_003,q01,test,20,2754668419,"[0, 8, 11, 12, 15, 16, 17, 21]",0
g_n14_m28_k2_003_q01,g_n14_m28_k2_003,q01,test,21,2755668422,"[2, 7, 8, 15, 16, 20, 25]",0
g_n14_m28_k2_003_q01,g_n14_m28_k2_003,q01,test,22,2756668425,"[7, 9, 12, 18, 21, 23, 25]",0
g_n14_m28_k2_003_q01,g_n14_m28_k2_003,q01,test,23,2757668428,"[1, 6, 8, 10, 13]",0
g_n14_m28_k2_003_q01,g_n14_m28_k2_003,q01,test,24,2758668431,"[8, 9, 10, 13, 19, 21]",0
g_n14_m28_k2_003_q01,g_n14_m28_k2_003,q01,test,25,2759668434,"[0, 5, 20, 22, 24]",0
g_n14_m28_k2_003_q01,g_n14_m28_k2_003,q01,test,26,2760668437,"[2, 9, 15, 21, 23, 24]",0
g_n14_m28_k2_003_q01,g_n14_m28_k2_003,q01,test,27,2761668440,"[4, 5, 6, 8, 10, 21]",0
g_n14_m28_k2_003_q01,g_n14_m28_k2_003,q01,test,28,2762668443,[25],0
g_n14_m28_k2_003_q01,g_n14_m28_k2_003,q01,test,29,2763668446,"[0, 4, 5, 12, 16, 25, 27]",0
g_n14_m28_k2_003_q01,g_n14_m28_k2_003,q01,test,30,2764668449,"[4, 6, 7, 11, 19, 23, 25, 27]",0
g_n14_m28_k2_003_q01,g_n14_m28_k2_003,q01,test,31,2765668452,"[1, 10, 11, 13, 15, 20, 23, 27]",0
g_n14_m28_k2_003_q02,g_n14_m28_k2_003,q02,test,0,2013288400,"[3, 5, 7, 11, 18, 19, 20, 22, 23, 24, 25]",0
g_n14_m28_k2_003_q02,g_n14_m28_k2_003,q02,test,1,2014288403,"[0, 5, 8, 10, 11, 14, 16, 17, 19]",0
g_n14_m28_k2_003_q02,g_n14_m28_k2_003,q02,test,2,2015288406,"[0, 3, 4, 5, 6, 7, 9, 10, 11, 12, 17, 20, 21, 22, 24, 26, 27]",1
g_n14_m28_k2_003_q02,g_n14_m28_k2_003,q02,test,3,2016288409,"[4, 6, 10, 16, 18, 22, 25, 26, 27]",0
g_n14_m28_k2_003_q02,g_n14_m28_k2_003,q02,test,4,2017288412,"[6, 9, 10, 11, 12, 14, 16, 20, 24]",0
g_n14_m28_k2_003_q02,g_n14_m28_k2_003,q02,test,5,2018288415,"[3, 7, 8, 12, 13, 14, 17, 18, 21, 25]",0
g_n14_m28_k2_003_q02,g_n14_m28_k2_003,q02,test,6,2019288418,"[1, 7, 11, 13, 16, 18, 23, 24, 25, 27]",0
g_n14_m28_k2_003_q02,g_n14_m28_k2_003,q02,test,7,2020288421,"[1, 3, 4, 5, 7, 11, 17, 19, 20, 27]",0
g_n14_m28_k2_003_q02,g_n14_m28_k2_003,q02,test,8,2021288424,"[4, 5, 6, 7, 8, 10, 11, 12, 13, 16, 19, 20, 23, 25]",0
g_n14_m28_k2_003_q02,g_n14_m28_k2_003,q02,test,9,2022288427,"[0, 5, 7, 9, 10, 14, 17, 19, 21, 23, 27]",0
g_n14_m28_k2_003_q02,g_n14_m28_k2_003,q02,test,10,2023288430,"[1, 3, 7, 8, 9, 10, 13, 21, 26]",0
g_n14_m28_k2_003_q02,g_n14_m28_k2_003,q02,test,11,2024288433,"[4, 5, 8, 12, 15, 17, 18, 20, 21, 25, 26, 27]",0
g_n14_m28_k2_003_q02,g_n14_m28_k2_003,q02,test,12,2025288436,"[0, 4, 5, 8, 11, 12, 14, 16, 17, 19, 20, 26]",0
g_n14_m28_k2_003_q02,g_n14_m28_k2_003,q02,test,13,2026288439,"[0, 1, 2, 3, 4, 6, 12, 14, 15, 16, 23, 26]",1
g_n14_m28_k2_003_q02,g_n14_m28_k2_003,q02,test,14,2027288442,"[0, 1, 3, 6, 7, 9, 12, 15, 17, 22, 24, 25, 27]",0
g_n14_m28_k2_003_q02,g_n14_m28_k2_003,q02,test,15,2028288445,"[0, 3, 5, 6, 7, 12, 16, 18, 25]",0
g_n14_m28_k2_003_q02,g_n14_m28_k2_003,q02,test,16,2029288448,"[0, 2, 8, 12, 13, 15, 16, 17, 21, 27]",0
g_n14_m28_k2_003_q02,g_n14_m28_k2_003,q02,test,17,2030288451,"[0, 1, 2, 9, 10, 13, 18, 20, 22]",0
g_n14_m28_k2_003_q02,g_n14_m28_k2_003,q02,test,18,2031288454,"[8, 11, 12, 15, 17, 18, 20, 22, 24]",0
g_n14_m28_k2_003_q02,g_n14_m28_k2_003,q02,test,19,2032288457,"[1, 4, 8, 10, 12, 13, 20, 24, 26, 27]",0
g_n14_m28_k2_003_q02,g_n14_m28_k2_003,q02,test,20,2033288460,"[2, 4, 6, 12, 15, 19, 24, 25, 26]",0
g_n14_m28_k2_003_q02,g_n14_m28_k2_003,q02,test,21,2034288463,"[0, 2, 4, 5, 8, 9, 13, 16, 17, 20, 22, 23, 24]",1
g_n14_m28_k2_003_q02,g_n14_m28_k2_003,q02,test,22,2035288466,"[0, 2, 4, 5, 7, 9, 10, 15, 18, 20, 21, 22, 27]",1
g_n14_m28_k2_003_q02,g_n14_m28_k2_003,q02,test,23,2036288469,"[0, 4, 5, 14, 17, 21, 24, 27]",0
g_n14_m28_k2_003_q02,g_n14_m28_k2_003,q02,test,24,2037288472,"[2, 3, 5, 6, 8, 10, 13, 18, 19, 22, 26, 27]",0
g_n14_m28_k2_003_q02,g_n14_m28_k2_003,q02,test,25,2038288475,"[4, 6, 7, 9, 14, 19, 21, 25, 27]",1
g_n14_m28_k2_003_q02,g_n14_m28_k2_003,q02,test,26,2039288478,"[8, 10, 11, 14, 17, 19, 20, 25, 26, 27]",0
g_n14_m28_k2_003_q02,g_n14_m28_k2_003,q02,test,27,2040288481,"[2, 8, 12, 18, 20, 24, 26, 27]",0
g_n14_m28_k2_003_q02,g_n14_m28_k2_003,q02,test,28,2041288484,"[6, 7, 9, 10, 12, 13, 18, 19, 21, 24]",0
g_n14_m28_k2_003_q02,g_n14_m28_k2_003,q02,test,29,2042288487,"[0, 2, 4, 5, 7, 8, 12, 17, 18, 20, 21, 23, 26, 27]",1
g_n14_m28_k2_003_q02,g_n14_m28_k2_003,q02,test,30,2043288490,"[1, 8, 15, 17, 18, 24, 27]",0
g_n14_m28_k2_003_q02,g_n14_m28_k2_003,q02,test,31,2044288493,"[0, 1, 2, 4, 8, 10, 13, 14, 18, 20, 24, 26]",0
g_n14_m28_k2_004_q00,g_n14_m28_k2_004,q00,validation,0,4039944601,"[9, 10, 18, 21, 22]",0
g_n14_m28_k2_004_q00,g_n14_m28_k2_004,q00,validation,1,4040944604,"[9, 20, 21, 25]",0
g_n14_m28_k2_004_q00,g_n14_m28_k2_004,q00,validation,2,4041944607,"[13, 15]",0
g_n14_m28_k2_004_q00,g_n14_m28_k2_004,q00,validation,3,4042944610,"[1, 5, 10]",0
g_n14_m28_k2_004_q00,g_n14_m28_k2_004,q00,validation,4,4043944613,"[2, 7, 19, 25]",0
g_n14_m28_k2_004_q00,g_n14_m28_k2_004,q00,validation,5,4044944616,[3],0
g_n14_m28_k2_004_q00,g_n14_m28_k2_004,q00,validation,6,4045944619,"[8, 26]",0
g_n14_m28_k2_004_q00,g_n14_m28_k2_004,q00,validation,7,4046944622,[20],0
g_n14_m28_k2_004_q00,g_n14_m28_k2_004,q00,validation,8,4047944625,[23],0
g_n14_m28_k2_004_q00,g_n14_m28_k2_004,q00,validation,9,4048944628,"[6, 13, 23, 24]",0
g_n14_m28_k2_004_q00,g_n14_m28_k2_004,q00,validation,10,4049944631,[16],0
g_n14_m28_k2_004_q00,g_n14_m28_k2_004,q00,validation,11,4050944634,"[3, 4, 8, 23]",0
g_n14_m28_k2_004_q00,g_n14_m28_k2_004,q00,validation,12,4051944637,"[7, 10, 21, 24]",0
g_n14_m28_k2_004_q00,g_n14_m28_k2_004,q00,validation,13,4052944640,"[13, 15]",0
g_n14_m28_k2_004_q00,g_n14_m28_k2_004,q00,validation,14,4053944643,"[5, 7, 23, 25]",0
g_n14_m28_k2_004_q00,g_n14_m28_k2_004,q00,validation,15,4054944646,"[0, 2, 4, 10, 23]",0
g_n14_m28_k2_004_q00,g_n14_m28_k2_004,q00,validation,16,4055944649,[24],0
g_n14_m28_k2_004_q00,g_n14_m28_k2_004,q00,validation,17,4056944652,"[10, 17]",0
g_n14_m28_k2_004_q00,g_n14_m28_k2_004,q00,validation,18,4057944655,"[8, 12, 16, 22]",0
g_n14_m28_k2_004_q00,g_n14_m28_k2_004,q00,validation,19,4058944658,"[16, 21]",0
g_n14_m28_k2_004_q00,g_n14_m28_k2_004,q00,validation,20,4059944661,"[0, 9, 10, 19]",0
g_n14_m28_k2_004_q00,g_n14_m28_k2_004,q00,validation,21,4060944664,"[12, 18]",0
g_n14_m28_k2_004_q00,g_n14_m28_k2_004,q00,validation,22,4061944667,"[0, 2, 6, 27]",0
g_n14_m28_k2_004_q00,g_n14_m28_k2_004,q00,validation,23,4062944670,"[1, 18]",0
g_n14_m28_k2_004_q00,g_n14_m28_k2_004,q00,validation,24,4063944673,"[0, 4, 8, 18]",0
g_n14_m28_k2_004_q00,g_n14_m28_k2_004,q00,validation,25,4064944676,"[5, 9]",0
g_n14_m28_k2_004_q00,g_n14_m28_k2_004,q00,validation,26,4065944679,"[10, 18, 26]",0
g_n14_m28_k2_004_q00,g_n14_m28_k2_004,q00,validation,27,4066944682,"[1, 3, 17, 20, 24]",0
g_n14_m28_k2_004_q00,g_n14_m28_k2_004,q00,validation,28,4067944685,"[3, 17]",0
g_n14_m28_k2_004_q00,g_n14_m28_k2_004,q00,validation,29,4068944688,"[3, 7, 13, 14, 20, 23, 26]",1
g_n14_m28_k2_004_q00,g_n14_m28_k2_004,q00,validation,30,4069944691,"[0, 5, 23]",0
g_n14_m28_k2_004_q00,g_n14_m28_k2_004,q00,validation,31,4070944694,"[0, 1, 3, 4, 10, 12, 15, 20, 26]",0
g_n14_m28_k2_004_q01,g_n14_m28_k2_004,q01,validation,0,3318564642,"[2, 3, 8, 19, 27]",0
g_n14_m28_k2_004_q01,g_n14_m28_k2_004,q01,validation,1,3319564645,"[3, 8, 16, 19, 22, 24, 27]",0
g_n14_m28_k2_004_q01,g_n14_m28_k2_004,q01,validation,2,3320564648,"[10, 16, 22, 26]",0
g_n14_m28_k2_004_q01,g_n14_m28_k2_004,q01,validation,3,3321564651,"[5, 7, 9, 12, 15, 18, 26]",0
g_n14_m28_k2_004_q01,g_n14_m28_k2_004,q01,validation,4,3322564654,"[2, 5, 8, 10, 11, 12, 13, 20, 21, 26]",0
g_n14_m28_k2_004_q01,g_n14_m28_k2_004,q01,validation,5,3323564657,"[0, 9, 13, 15, 21, 25]",0
g_n14_m28_k2_004_q01,g_n14_m28_k2_004,q01,validation,6,3324564660,"[3, 6, 11]",0
g_n14_m28_k2_004_q01,g_n14_m28_k2_004,q01,validation,7,3325564663,"[12, 13, 14, 22]",0
g_n14_m28_k2_004_q01,g_n14_m28_k2_004,q01,validation,8,3326564666,"[11, 22, 25]",0
g_n14_m28_k2_004_q01,g_n14_m28_k2_004,q01,validation,9,3327564669,"[1, 6, 9, 12, 13, 24]",0
g_n14_m28_k2_004_q01,g_n14_m28_k2_004,q01,validation,10,3328564672,"[1, 2, 4, 10, 15, 17, 26]",0
g_n14_m28_k2_004_q01,g_n14_m28_k2_004,q01,validation,11,3329564675,"[4, 8, 14, 18, 20, 25]",0
g_n14_m28_k2_004_q01,g_n14_m28_k2_004,q01,validation,12,3330564678,"[3, 7, 10, 12, 17, 18, 24]",0
g_n14_m28_k2_004_q01,g_n14_m28_k2_004,q01,validation,13,3331564681,"[0, 1, 2, 5, 6, 7, 18, 21, 24, 27]",0
g_n14_m28_k2_004_q01,g_n14_m28_k2_004,q01,validation,14,3332564684,"[4, 5, 6, 8, 11, 15, 20, 21, 25]",0
g_n14_m28_k2_004_q01,g_n14_m28_k2_004,q01,validation,15,3333564687,"[5, 7, 8, 12, 14, 15, 16, 22, 24, 26]",0
g_n14_m28_k2_004_q01,g_n14_m28_k2_004,q01,validation,16,3334564690,"[0, 4, 8, 9, 12, 13, 22]",0
g_n14_m28_k2_004_q01,g_n14_m28_k2_004,q01,validation,17,3335564693,"[1, 2, 4, 6, 8, 13, 15, 18, 23, 26]",0
g_n14_m28_k2_004_q01,g_n14_m28_k2_004,q01,validation,18,3336564696,"[5, 6, 10, 14, 19, 21, 23]",0
g_n14_m28_k2_004_q01,g_n14_m28_k2_004,q01,validation,19,3337564699,"[1, 2, 5, 7, 9, 12, 17, 25]",0
g_n14_m28_k2_004_q01,g_n14_m28_k2_004,q01,validation,20,3338564702,"[3, 4, 11, 16, 20, 24]",0
g_n14_m28_k2_004_q01,g_n14_m28_k2_004,q01,validation,21,3339564705,"[2, 3, 4, 5, 7, 11, 15, 18]",0
g_n14_m28_k2_004_q01,g_n14_m28_k2_004,q01,validation,22,3340564708,"[0, 2, 3, 4, 21, 24, 27]",0
g_n14_m28_k2_004_q01,g_n14_m28_k2_004,q01,validation,23,3341564711,"[5, 8, 10, 15, 16, 18, 22, 26]",0
g_n14_m28_k2_004_q01,g_n14_m28_k2_004,q01,validation,24,3342564714,"[0, 4, 8, 10]",0
g_n14_m28_k2_004_q01,g_n14_m28_k2_004,q01,validation,25,3343564717,"[3, 6]",0
g_n14_m28_k2_004_q01,g_n14_m28_k2_004,q01,validation,26,3344564720,"[1, 2, 7, 8, 9, 15, 19, 20, 25]",0
g_n14_m28_k2_004_q01,g_n14_m28_k2_004,q01,validation,27,3345564723,"[4, 7, 17, 20, 22, 26]",0
g_n14_m28_k2_004_q01,g_n14_m28_k2_004,q01,validation,28,3346564726,"[4, 8, 16, 21, 23, 27]",0
g_n14_m28_k2_004_q01,g_n14_m28_k2_004,q01,validation,29,3347564729,"[5, 22, 23, 25]",0
g_n14_m28_k2_004_q01,g_n14_m28_k2_004,q01,validation,30,3348564732,"[1, 4, 5]",0
g_n14_m28_k2_004_q01,g_n14_m28_k2_004,q01,validation,31,3349564735,"[5, 6, 10, 12, 15, 18, 22]",0
g_n14_m28_k2_004_q02,g_n14_m28_k2_004,q02,validation,0,2597184683,"[0, 5, 9, 10, 12, 13, 14, 18, 22, 24, 25, 26]",0
g_n14_m28_k2_004_q02,g_n14_m28_k2_004,q02,validation,1,2598184686,"[1, 7, 11, 12, 13, 15, 21, 23, 26]",0
g_n14_m28_k2_004_q02,g_n14_m28_k2_004,q02,validation,2,2599184689,"[2, 3, 6, 8, 10, 12, 22]",0
g_n14_m28_k2_004_q02,g_n14_m28_k2_004,q02,validation,3,2600184692,"[0, 2, 3, 5, 8, 10, 21, 22, 25]",0
g_n14_m28_k2_004_q02,g_n14_m28_k2_004,q02,validation,4,2601184695,"[2, 6, 7, 8, 9, 11, 13, 15, 18, 24, 26]",0
g_n14_m28_k2_004_q02,g_n14_m28_k2_004,q02,validation,5,2602184698,"[0, 1, 10, 19, 23, 26]",0
g_n14_m28_k2_004_q02,g_n14_m28_k2_004,q02,validation,6,2603184701,"[2, 6, 8, 9, 11, 14, 15, 21, 22, 23, 27]",0
g_n14_m28_k2_004_q02,g_n14_m28_k2_004,q02,validation,7,2604184704,"[1, 3, 5, 8, 10, 14, 17, 19, 20, 23, 24, 25, 27]",0
g_n14_m28_k2_004_q02,g_n14_m28_k2_004,q02,validation,8,2605184707,"[1, 2, 5, 6, 14, 16, 20, 25]",0
g_n14_m28_k2_004_q02,g_n14_m28_k2_004,q02,validation,9,2606184710,"[1, 2, 5, 9, 11, 12, 15, 20, 24]",0
g_n14_m28_k2_004_q02,g_n14_m28_k2_004,q02,validation,10,2607184713,"[1, 5, 9, 13, 14, 23, 24, 26, 27]",0
g_n14_m28_k2_004_q02,g_n14_m28_k2_004,q02,validation,11,2608184716,"[3, 5, 6, 7, 8, 13, 17, 21]",1
g_n14_m28_k2_004_q02,g_n14_m28_k2_004,q02,validation,12,2609184719,"[1, 5, 7, 9, 10, 12, 13, 14, 16, 17, 20, 21, 22]",0
g_n14_m28_k2_004_q02,g_n14_m28_k2_004,q02,validation,13,2610184722,"[4, 5, 6, 8, 10, 12, 13, 20, 23, 25, 26]",0
g_n14_m28_k2_004_q02,g_n14_m28_k2_004,q02,validation,14,2611184725,"[1, 9, 20, 21, 23, 24]",0
g_n14_m28_k2_004_q02,g_n14_m28_k2_004,q02,validation,15,2612184728,"[0, 2, 3, 10, 13, 15, 16, 19, 20, 21, 24]",1
g_n14_m28_k2_004_q02,g_n14_m28_k2_004,q02,validation,16,2613184731,"[6, 7, 8, 9, 13, 14, 22, 23, 26, 27]",0
g_n14_m28_k2_004_q02,g_n14_m28_k2_004,q02,validation,17,2614184734,"[5, 6, 8, 12, 13, 18, 21, 22, 27]",0
g_n14_m28_k2_004_q02,g_n14_m28_k2_004,q02,validation,18,2615184737,"[1, 3, 5, 13, 21, 23, 24, 26]",1
g_n14_m28_k2_004_q02,g_n14_m28_k2_004,q02,validation,19,2616184740,"[2, 7, 17, 18, 20, 21, 25]",0
g_n14_m28_k2_004_q02,g_n14_m28_k2_004,q02,validation,20,2617184743,"[0, 3, 8, 12, 14, 15, 21, 24, 25]",0
g_n14_m28_k2_004_q02,g_n14_m28_k2_004,q02,validation,21,2618184746,"[0, 5, 6, 11, 13, 26]",0
g_n14_m28_k2_004_q02,g_n14_m28_k2_004,q02,validation,22,2619184749,"[1, 2, 8, 13, 14, 15, 19, 24, 27]",0
g_n14_m28_k2_004_q02,g_n14_m28_k2_004,q02,validation,23,2620184752,"[3, 9, 11, 14, 17, 18, 19, 20, 25, 26]",0
g_n14_m28_k2_004_q02,g_n14_m28_k2_004,q02,validation,24,2621184755,"[1, 2, 3, 6, 10, 11, 16, 22, 24, 25]",1
g_n14_m28_k2_004_q02,g_n14_m28_k2_004,q02,validation,25,2622184758,"[0, 1, 3, 4, 7, 9, 12, 13, 16, 18, 26]",1
g_n14_m28_k2_004_q02,g_n14_m28_k2_004,q02,validation,26,2623184761,"[0, 1, 3, 7, 11, 13, 14, 15, 18, 19, 20, 24, 26, 27]",1
g_n14_m28_k2_004_q02,g_n14_m28_k2_004,q02,validation,27,2624184764,"[2, 11, 12, 13, 16, 17, 20, 22, 23, 24]",0
g_n14_m28_k2_004_q02,g_n14_m28_k2_004,q02,validation,28,2625184767,"[0, 7, 9, 13, 14, 17, 18, 19, 20, 25, 26]",0
g_n14_m28_k2_004_q02,g_n14_m28_k2_004,q02,validation,29,2626184770,"[1, 3, 8, 11, 14, 15, 16, 24, 25]",0
g_n14_m28_k2_004_q02,g_n14_m28_k2_004,q02,validation,30,2627184773,"[0, 5, 6, 8, 10, 13, 15, 22, 23, 24, 27]",0
g_n14_m28_k2_004_q02,g_n14_m28_k2_004,q02,validation,31,2628184776,"[0, 1, 5, 8, 9, 13, 14, 15, 16, 18, 20, 21, 22, 23, 24, 27]",0
g_n14_m28_k3_000_q00,g_n14_m28_k3_000,q00,train,0,328873588,"[0, 11]",0
g_n14_m28_k3_000_q00,g_n14_m28_k3_000,q00,train,1,329873591,"[10, 11, 26, 27]",0
g_n14_m28_k3_000_q00,g_n14_m28_k3_000,q00,train,2,330873594,[],0
g_n14_m28_k3_000_q00,g_n14_m28_k3_000,q00,train,3,331873597,"[5, 14, 16, 22]",0
g_n14_m28_k3_000_q00,g_n14_m28_k3_000,q00,train,4,332873600,"[0, 12, 23]",0
g_n14_m28_k3_000_q00,g_n14_m28_k3_000,q00,train,5,333873603,[12],0
g_n14_m28_k3_000_q00,g_n14_m28_k3_000,q00,train,6,334873606,"[9, 11, 13, 15]",0
g_n14_m28_k3_000_q00,g_n14_m28_k3_000,q00,train,7,335873609,"[0, 5, 12, 21, 22]",0
g_n14_m28_k3_000_q00,g_n14_m28_k3_000,q00,train,8,336873612,"[2, 13, 21, 24, 26]",0
g_n14_m28_k3_000_q00,g_n14_m28_k3_000,q00,train,9,337873615,"[3, 12, 13, 14, 18, 21, 27]",0
g_n14_m28_k3_000_q00,g_n14_m28_k3_000,q00,train,10,338873618,"[8, 10, 18]",0
g_n14_m28_k3_000_q00,g_n14_m28_k3_000,q00,train,11,339873621,"[4, 9, 11, 13, 14, 19]",0
g_n14_m28_k3_000_q00,g_n14_m28_k3_000,q00,train,12,340873624,[],0
g_n14_m28_k3_000_q00,g_n14_m28_k3_000,q00,train,13,341873627,"[16, 20, 22, 27]",0
g_n14_m28_k3_000_q00,g_n14_m28_k3_000,q00,train,14,342873630,"[6, 13, 15, 17, 22, 25, 26]",0
g_n14_m28_k3_000_q00,g_n14_m28_k3_000,q00,train,15,343873633,"[6, 7, 18]",0
g_n14_m28_k3_000_q00,g_n14_m28_k3_000,q00,train,16,344873636,"[12, 14, 16, 22]",0
g_n14_m28_k3_000_q00,g_n14_m28_k3_000,q00,train,17,345873639,"[11, 18, 23, 25]",0
g_n14_m28_k3_000_q00,g_n14_m28_k3_000,q00,train,18,346873642,"[6, 25]",0
g_n14_m28_k3_000_q00,g_n14_m28_k3_000,q00,train,19,347873645,"[3, 10, 13, 15, 27]",0
g_n14_m28_k3_000_q00,g_n14_m28_k3_000,q00,train,20,348873648,[12],0
g_n14_m28_k3_000_q00,g_n14_m28_k3_000,q00,train,21,349873651,[9],0
g_n14_m28_k3_000_q00,g_n14_m28_k3_000,q00,train,22,350873654,"[4, 7, 12, 15, 23, 25, 27]",0
g_n14_m28_k3_000_q00,g_n14_m28_k3_000,q00,train,23,351873657,"[1, 2, 22]",0
g_n14_m28_k3_000_q00,g_n14_m28_k3_000,q00,train,24,352873660,"[4, 26]",0
g_n14_m28_k3_000_q00,g_n14_m28_k3_000,q00,train,25,353873663,"[1, 3, 7, 8, 16]",0
g_n14_m28_k3_000_q00,g_n14_m28_k3_000,q00,train,26,354873666,"[0, 16, 19, 27]",0
g_n14_m28_k3_000_q00,g_n14_m28_k3_000,q00,train,27,355873669,"[14, 18, 26]",0
g_n14_m28_k3_000_q00,g_n14_m28_k3_000,q00,train,28,356873672,"[1, 5, 14, 15, 27]",0
g_n14_m28_k3_000_q00,g_n14_m28_k3_000,q00,train,29,357873675,"[0, 5, 7, 12, 13, 14, 19, 20, 23, 25]",1
g_n14_m28_k3_000_q00,g_n14_m28_k3_000,q00,train,30,358873678,"[3, 17, 21, 24]",0
g_n14_m28_k3_000_q00,g_n14_m28_k3_000,q00,train,31,359873681,"[0, 10, 23]",0
g_n14_m28_k3_000_q01,g_n14_m28_k3_000,q01,train,0,3902460925,"[3, 5, 11, 18, 24, 26]",0
g_n14_m28_k3_000_q01,g_n14_m28_k3_000,q01,train,1,3903460928,"[15, 19]",0
g_n14_m28_k3_000_q01,g_n14_m28_k3_000,q01,train,2,3904460931,"[1, 2, 5, 6, 12, 19, 27]",0
g_n14_m28_k3_000_q01,g_n14_m28_k3_000,q01,train,3,3905460934,"[0, 3, 5, 7, 8, 13, 14, 15, 16, 17, 18, 21, 24]",1
g_n14_m28_k3_000_q01,g_n14_m28_k3_000,q01,train,4,3906460937,"[0, 4, 7, 10, 15, 23, 26]",0
g_n14_m28_k3_000_q01,g_n14_m28_k3_000,q01,train,5,3907460940,"[1, 8, 16]",0
g_n14_m28_k3_000_q01,g_n14_m28_k3_000,q01,train,6,3908460943,"[2, 6, 7, 21]",0
g_n14_m28_k3_000_q01,g_n14_m28_k3_000,q01,train,7,3909460946,"[1, 3, 8, 10, 14, 20, 26]",0
g_n14_m28_k3_000_q01,g_n14_m28_k3_000,q01,train,8,3910460949,"[1, 2, 3, 7, 13, 18, 26]",0
g_n14_m28_k3_000_q01,g_n14_m28_k3_000,q01,train,9,3911460952,"[0, 2, 11, 15, 19, 25]",0
g_n14_m28_k3_000_q01,g_n14_m28_k3_000,q01,train,10,3912460955,"[1, 5, 10, 11, 14, 16, 21, 27]",0
g_n14_m28_k3_000_q01,g_n14_m28_k3_000,q01,train,11,3913460958,"[6, 9, 11, 22, 23]",0
g_n14_m28_k3_000_q01,g_n14_m28_k3_000,q01,train,12,3914460961,"[6, 7, 11, 15, 18, 20, 24, 26]",0
g_n14_m28_k3_000_q01,g_n14_m28_k3_000,q01,train,13,3915460964,"[0, 8, 12, 15, 17, 24, 25]",0
g_n14_m28_k3_000_q01,g_n14_m28_k3_000,q01,train,14,3916460967,"[1, 7, 18]",0
g_n14_m28_k3_000_q01,g_n14_m28_k3_000,q01,train,15,3917460970,"[0, 1, 3, 8, 10, 18, 19, 26]",0
g_n14_m28_k3_000_q01,g_n14_m28_k3_000,q01,train,16,3918460973,"[3, 4, 8, 10, 13, 20, 22, 26]",0
g_n14_m28_k3_000_q01,g_n14_m28_k3_000,q01,train,17,3919460976,"[2, 17, 20, 24]",0
g_n14_m28_k3_000_q01,g_n14_m28_k3_000,q01,train,18,3920460979,"[0, 3, 5, 9, 10, 11, 16, 20, 22, 25]",0
g_n14_m28_k3_000_q01,g_n14_m28_k3_000,q01,train,19,3921460982,"[0, 4, 5, 7, 9, 11, 12, 18]",0
g_n14_m28_k3_000_q01,g_n14_m28_k3_000,q01,train,20,3922460985,"[0, 4, 8, 12, 21, 22]",0
g_n14_m28_k3_000_q01,g_n14_m28_k3_000,q01,train,21,3923460988,"[4, 12, 16, 27]",0
g_n14_m28_k3_000_q01,g_n14_m28_k3_000,q01,train,22,3924460991,"[2, 3, 4, 5, 7, 10, 11, 24]",0
g_n14_m28_k3_000_q01,g_n14_m28_k3_000,q01,train,23,3925460994,"[4, 5, 16, 23, 26]",0
g_n14_m28_k3_000_q01,g_n14_m28_k3_000,q01,train,24,3926460997,"[8, 9, 12, 14, 15, 16, 17]",0
g_n14_m28_k3_000_q01,g_n14_m28_k3_000,q01,train,25,3927461000,"[3, 6, 8, 9, 10, 16, 20, 25]",0
g_n14_m28_k3_000_q01,g_n14_m28_k3_000,q01,train,26,3928461003,"[17, 19, 20, 21, 22, 27]",0
g_n14_m28_k3_000_q01,g_n14_m28_k3_000,q01,train,27,3929461006,"[3, 5, 6, 16, 17, 20]",0
g_n14_m28_k3_000_q01,g_n14_m28_k3_000,q01,train,28,3930461009,"[0, 4, 7, 8, 9, 16, 19, 26, 27]",0
g_n14_m28_k3_000_q01,g_n14_m28_k3_000,q01,train,29,3931461012,"[2, 12, 16, 21, 26, 27]",0
g_n14_m28_k3_000_q01,g_n14_m28_k3_000,q01,train,30,3932461015,"[4, 8, 14, 20, 24, 26]",0
g_n14_m28_k3_000_q01,g_n14_m28_k3_000,q01,train,31,3933461018,"[2, 3, 12, 14, 15, 19, 21, 22]",0
g_n14_m28_k3_000_q02,g_n14_m28_k3_000,q02,train,0,3181080966,"[1, 4, 6, 7, 9, 11, 12, 13, 16, 17, 23, 24]",0
g_n14_m28_k3_000_q02,g_n14_m28_k3_000,q02,train,1,3182080969,"[6, 7, 9, 10, 11, 12, 19, 20, 21]",0
g_n14_m28_k3_000_q02,g_n14_m28_k3_000,q02,train,2,3183080972,"[0, 1, 4, 10, 12, 13, 14, 17, 19, 20, 27]",0
g_n14_m28_k3_000_q02,g_n14_m28_k3_000,q02,train,3,3184080975,"[1, 3, 4, 6, 8, 9, 10, 12, 13, 18, 21, 23, 26, 27]",0
g_n14_m28_k3_000_q02,g_n14_m28_k3_000,q02,train,4,3185080978,"[3, 9, 12, 15, 17, 18, 19, 21, 27]",0
g_n14_m28_k3_000_q02,g_n14_m28_k3_000,q02,train,5,3186080981,"[0, 2, 3, 4, 8, 10, 11, 12, 16, 17, 20]",0
g_n14_m28_k3_000_q02,g_n14_m28_k3_000,q02,train,6,3187080984,"[5, 6, 11, 13, 19, 23]",0
g_n14_m28_k3_000_q02,g_n14_m28_k3_000,q02,train,7,3188080987,"[1, 9, 15, 20, 21, 26]",0
g_n14_m28_k3_000_q02,g_n14_m28_k3_000,q02,train,8,3189080990,"[3, 6, 8, 11, 12, 13, 17, 24, 25, 26]",0
g_n14_m28_k3_000_q02,g_n14_m28_k3_000,q02,train,9,3190080993,"[1, 3, 4, 5, 6, 11, 14, 18, 19, 20, 21, 23, 26]",0
g_n14_m28_k3_000_q02,g_n14_m28_k3_000,q02,train,10,3191080996,"[3, 4, 7, 9, 11, 14, 18, 19, 20, 22, 25, 26]",0
g_n14_m28_k3_000_q02,g_n14_m28_k3_000,q02,train,11,3192080999,"[0, 5, 6, 7, 9, 10, 11, 16, 19, 23, 25, 27]",0
g_n14_m28_k3_000_q02,g_n14_m28_k3_000,q02,train,12,3193081002,"[0, 1, 3, 4, 5, 11, 13, 14, 15, 18, 19, 21, 26]",1
g_n14_m28_k3_000_q02,g_n14_m28_k3_000,q02,train,13,3194081005,"[0, 13, 15, 16, 17, 18, 21, 23, 26]",1
g_n14_m28_k3_000_q02,g_n14_m28_k3_000,q02,train,14,3195081008,"[4, 8, 12, 14, 18, 24, 27]",0
g_n14_m28_k3_000_q02,g_n14_m28_k3_000,q02,train,15,3196081011,"[0, 1, 2, 3, 6, 7, 9, 12, 15, 18, 21, 23, 24, 26]",1
g_n14_m28_k3_000_q02,g_n14_m28_k3_000,q02,train,16,3197081014,"[0, 1, 2, 4, 5, 9, 13, 16, 19, 20, 21, 23, 25, 27]",0
g_n14_m28_k3_000_q02,g_n14_m28_k3_000,q02,train,17,3198081017,"[3, 5, 7, 8, 10, 11, 19, 22, 23, 25, 27]",0
g_n14_m28_k3_000_q02,g_n14_m28_k3_000,q02,train,18,3199081020,"[4, 7, 9, 13, 19, 20, 21]",0
g_n14_m28_k3_000_q02,g_n14_m28_k3_000,q02,train,19,3200081023,"[2, 3, 5, 6, 16, 17, 18, 23, 24]",0
g_n14_m28_k3_000_q02,g_n14_m28_k3_000,q02,train,20,3201081026,"[0, 2, 3, 7, 12, 13, 14, 16, 18, 21, 24]",1
g_n14_m28_k3_000_q02,g_n14_m28_k3_000,q02,train,21,3202081029,"[2, 6, 8, 10, 14, 15, 18, 20, 22, 23, 25, 26]",0
g_n14_m28_k3_000_q02,g_n14_m28_k3_000,q02,train,22,3203081032,"[0, 1, 4, 5, 6, 12, 13, 16, 18, 23, 26]",0
g_n14_m28_k3_000_q02,g_n14_m28_k3_000,q02,train,23,3204081035,"[0, 2, 10, 12, 13, 15, 17, 21, 24, 25]",0
g_n14_m28_k3_000_q02,g_n14_m28_k3_000,q02,train,24,3205081038,"[7, 11, 12, 13, 19, 24, 25]",0
g_n14_m28_k3_000_q02,g_n14_m28_k3_000,q02,train,25,3206081041,"[1, 3, 4, 21, 22, 27]",0
g_n14_m28_k3_000_q02,g_n14_m28_k3_000,q02,train,26,3207081044,"[0, 1, 8, 10, 11, 14, 15, 18, 20, 25]",0
g_n14_m28_k3_000_q02,g_n14_m28_k3_000,q02,train,27,3208081047,"[1, 3, 4, 6, 7, 8, 12, 15, 21, 22, 24, 26]",0
g_n14_m28_k3_000_q02,g_n14_m28_k3_000,q02,train,28,3209081050,"[5, 6, 8, 11, 14, 20, 22, 24, 26, 27]",0
g_n14_m28_k3_000_q02,g_n14_m28_k3_000,q02,train,29,3210081053,"[0, 1, 2, 4, 5, 9, 12, 19, 21]",0
g_n14_m28_k3_000_q02,g_n14_m28_k3_000,q02,train,30,3211081056,"[0, 1, 6, 10, 11, 16, 17, 18, 21]",0
g_n14_m28_k3_000_q02,g_n14_m28_k3_000,q02,train,31,3212081059,"[1, 5, 7, 8, 10, 12, 13, 16, 19, 20, 21, 24, 25]",0
g_n14_m28_k3_001_q00,g_n14_m28_k3_001,q00,train,0,912769871,"[11, 25, 26]",0
g_n14_m28_k3_001_q00,g_n14_m28_k3_001,q00,train,1,913769874,"[7, 10, 11, 12, 15, 18, 27]",0
g_n14_m28_k3_001_q00,g_n14_m28_k3_001,q00,train,2,914769877,[12],0
g_n14_m28_k3_001_q00,g_n14_m28_k3_001,q00,train,3,915769880,"[2, 3, 13]",0
g_n14_m28_k3_001_q00,g_n14_m28_k3_001,q00,train,4,916769883,[],0
g_n14_m28_k3_001_q00,g_n14_m28_k3_001,q00,train,5,917769886,"[0, 24]",0
g_n14_m28_k3_001_q00,g_n14_m28_k3_001,q00,train,6,918769889,"[4, 9, 15, 18, 19, 21, 25, 27]",0
g_n14_m28_k3_001_q00,g_n14_m28_k3_001,q00,train,7,919769892,"[7, 12, 20, 21, 26]",0
g_n14_m28_k3_001_q00,g_n14_m28_k3_001,q00,train,8,920769895,"[1, 4, 5, 8, 11, 16, 23]",0
g_n14_m28_k3_001_q00,g_n14_m28_k3_001,q00,train,9,921769898,"[6, 7, 16, 18]",0
g_n14_m28_k3_001_q00,g_n14_m28_k3_001,q00,train,10,922769901,"[5, 15, 21]",0
g_n14_m28_k3_001_q00,g_n14_m28_k3_001,q00,train,11,923769904,[],0
g_n14_m28_k3_001_q00,g_n14_m28_k3_001,q00,train,12,924769907,"[12, 16, 20, 23]",0
g_n14_m28_k3_001_q00,g_n14_m28_k3_001,q00,train,13,925769910,[6],0
g_n14_m28_k3_001_q00,g_n14_m28_k3_001,q00,train,14,926769913,"[4, 9, 21, 23, 27]",0
g_n14_m28_k3_001_q00,g_n14_m28_k3_001,q00,train,15,927769916,"[2, 18, 21, 27]",0
g_n14_m28_k3_001_q00,g_n14_m28_k3_001,q00,train,16,928769919,"[8, 10, 12, 17]",0
g_n14_m28_k3_001_q00,g_n14_m28_k3_001,q00,train,17,929769922,"[2, 3, 6, 11]",0
g_n14_m28_k3_001_q00,g_n14_m28_k3_001,q00,train,18,930769925,"[13, 17, 20, 22]",0
g_n14_m28_k3_001_q00,g_n14_m28_k3_001,q00,train,19,931769928,"[25, 27]",0
g_n14_m28_k3_001_q00,g_n14_m28_k3_001,q00,train,20,932769931,"[0, 3, 20, 26]",0
g_n14_m28_k3_001_q00,g_n14_m28_k3_001,q00,train,21,933769934,"[0, 7, 9, 14, 22]",0
g_n14_m28_k3_001_q00,g_n14_m28_k3_001,q00,train,22,934769937,"[1, 4, 13, 25]",0
g_n14_m28_k3_001_q00,g_n14_m28_k3_001,q00,train,23,935769940,"[1, 4, 27]",0
g_n14_m28_k3_001_q00,g_n14_m28_k3_001,q00,train,24,936769943,"[2, 3, 5, 13, 21, 23]",0
g_n14_m28_k3_001_q00,g_n14_m28_k3_001,q00,train,25,937769946,"[0, 2, 7, 8, 12, 15, 20, 27]",0
g_n14_m28_k3_001_q00,g_n14_m28_k3_001,q00,train,26,938769949,"[1, 6, 9, 12]",0
g_n14_m28_k3_001_q00,g_n14_m28_k3_001,q00,train,27,939769952,[21],0
g_n14_m28_k3_001_q00,g_n14_m28_k3_001,q00,train,28,940769955,"[1, 6, 21]",0
g_n14_m28_k3_001_q00,g_n14_m28_k3_001,q00,train,29,941769958,"[0, 1, 4, 9, 13, 15, 22]",0
g_n14_m28_k3_001_q00,g_n14_m28_k3_001,q00,train,30,942769961,"[2, 10, 13, 21]",0
g_n14_m28_k3_001_q00,g_n14_m28_k3_001,q00,train,31,943769964,"[0, 14, 18, 20, 22, 27]",0
g_n14_m28_k3_001_q01,g_n14_m28_k3_001,q01,train,0,191389912,"[3, 17, 21, 26]",0
g_n14_m28_k3_001_q01,g_n14_m28_k3_001,q01,train,1,192389915,"[10, 13, 14, 15, 17, 18, 20, 22, 26, 27]",0
g_n14_m28_k3_001_q01,g_n14_m28_k3_001,q01,train,2,193389918,"[6, 12, 13, 17, 19, 20, 24]",0
g_n14_m28_k3_001_q01,g_n14_m28_k3_001,q01,train,3,194389921,"[1, 6, 14, 15, 16, 20, 24, 27]",0
g_n14_m28_k3_001_q01,g_n14_m28_k3_001,q01,train,4,195389924,"[2, 11, 12, 13, 16, 17, 18, 21]",0
g_n14_m28_k3_001_q01,g_n14_m28_k3_001,q01,train,5,196389927,"[15, 17, 18]",0
g_n14_m28_k3_001_q01,g_n14_m28_k3_001,q01,train,6,197389930,"[0, 4, 9, 15, 19, 25]",0
g_n14_m28_k3_001_q01,g_n14_m28_k3_001,q01,train,7,198389933,"[3, 5, 6, 13, 19]",0
g_n14_m28_k3_001_q01,g_n14_m28_k3_001,q01,train,8,199389936,"[8, 9, 10, 11, 13]",0
g_n14_m28_k3_001_q01,g_n14_m28_k3_001,q01,train,9,200389939,"[0, 1, 4, 5, 7, 8, 10, 12, 13, 19, 20, 22, 24, 26]",0
g_n14_m28_k3_001_q01,g_n14_m28_k3_001,q01,train,10,201389942,"[0, 9, 17, 25, 26]",0
g_n14_m28_k3_001_q01,g_n14_m28_k3_001,q01,train,11,202389945,"[4, 8, 11, 19, 27]",0
g_n14_m28_k3_001_q01,g_n14_m28_k3_001,q01,train,12,203389948,"[5, 6, 7, 19, 23, 26]",0
g_n14_m28_k3_001_q01,g_n14_m28_k3_001,q01,train,13,204389951,"[4, 6, 10, 15, 19]",0
g_n14_m28_k3_001_q01,g_n14_m28_k3_001,q01,train,14,205389954,"[1, 7, 8, 20]",0
g_n14_m28_k3_001_q01,g_n14_m28_k3_001,q01,train,15,206389957,"[0, 7, 13, 19, 20, 22, 26, 27]",0
g_n14_m28_k3_001_q01,g_n14_m28_k3_001,q01,train,16,207389960,"[0, 5, 12, 14, 15, 19, 27]",0
g_n14_m28_k3_001_q01,g_n14_m28_k3_001,q01,train,17,208389963,"[2, 9, 10, 11, 14, 18, 22, 23]",0
g_n14_m28_k3_001_q01,g_n14_m28_k3_001,q01,train,18,209389966,"[5, 6, 11, 18, 19, 20, 22, 25]",0
g_n14_m28_k3_001_q01,g_n14_m28_k3_001,q01,train,19,210389969,"[0, 9, 16, 27]",0
g_n14_m28_k3_001_q01,g_n14_m28_k3_001,q01,train,20,211389972,"[0, 8, 9, 11, 12, 18, 25, 26]",0
g_n14_m28_k3_001_q01,g_n14_m28_k3_001,q01,train,21,212389975,"[6, 11, 14, 16, 24]",0
g_n14_m28_k3_001_q01,g_n14_m28_k3_001,q01,train,22,213389978,"[2, 6, 7, 8, 11, 12, 23, 26]",0
g_n14_m28_k3_001_q01,g_n14_m28_k3_001,q01,train,23,214389981,"[5, 12]",0
g_n14_m28_k3_001_q01,g_n14_m28_k3_001,q01,train,24,215389984,"[3, 4, 6, 12, 23, 25]",0
g_n14_m28_k3_001_q01,g_n14_m28_k3_001,q01,train,25,216389987,"[1, 3, 4, 6, 17, 19]",0
g_n14_m28_k3_001_q01,g_n14_m28_k3_001,q01,train,26,217389990,"[8, 10, 11, 15, 20, 23]",0
g_n14_m28_k3_001_q01,g_n14_m28_k3_001,q01,train,27,218389993,"[2, 5, 12, 26]",0
g_n14_m28_k3_001_q01,g_n14_m28_k3_001,q01,train,28,219389996,"[2, 3, 8, 9, 12, 18, 26]",0
g_n14_m28_k3_001_q01,g_n14_m28_k3_001,q01,train,29,220389999,"[15, 20]",0
g_n14_m28_k3_001_q01,g_n14_m28_k3_001,q01,train,30,221390002,"[9, 13, 17, 21]",0
g_n14_m28_k3_001_q01,g_n14_m28_k3_001,q01,train,31,222390005,"[7, 11, 12, 27]",0
g_n14_m28_k3_001_q02,g_n14_m28_k3_001,q02,train,0,3764977249,"[0, 5, 8, 13, 14, 15, 21, 23, 25]",0
g_n14_m28_k3_001_q02,g_n14_m28_k3_001,q02,train,1,3765977252,"[6, 8, 11, 13, 15, 16, 19, 20, 25, 26, 27]",0
g_n14_m28_k3_001_q02,g_n14_m28_k3_001,q02,train,2,3766977255,"[2, 8, 9, 13, 21, 24, 25, 26]",0
g_n14_m28_k3_001_q02,g_n14_m28_k3_001,q02,train,3,3767977258,"[1, 4, 7, 10, 11, 13, 15, 16, 18, 19, 22, 26]",0
g_n14_m28_k3_001_q02,g_n14_m28_k3_001,q02,train,4,3768977261,"[1, 4, 5, 7, 10, 11, 13, 14, 15, 17, 18, 19, 21, 23, 24]",0
g_n14_m28_k3_001_q02,g_n14_m28_k3_001,q02,train,5,3769977264,"[2, 5, 8, 9, 10, 11, 12, 14, 15, 16, 17, 18, 19, 21, 23, 24, 25]",1
g_n14_m28_k3_001_q02,g_n14_m28_k3_001,q02,train,6,3770977267,"[2, 5, 9, 12, 17, 22, 25, 26, 27]",0
g_n14_m28_k3_001_q02,g_n14_m28_k3_001,q02,train,7,3771977270,"[2, 5, 7, 8, 10, 16, 19, 21, 24, 27]",0
g_n14_m28_k3_001_q02,g_n14_m28_k3_001,q02,train,8,3772977273,"[2, 5, 6, 7, 8, 9, 10, 11, 14, 16, 24, 25]",1
g_n14_m28_k3_001_q02,g_n14_m28_k3_001,q02,train,9,3773977276,"[4, 6, 8, 9, 10, 12, 13, 17, 18, 20, 24, 26, 27]",0
g_n14_m28_k3_001_q02,g_n14_m28_k3_001,q02,train,10,3774977279,"[3, 6, 7, 10, 12, 17, 20, 21, 23, 26, 27]",0
g_n14_m28_k3_001_q02,g_n14_m28_k3_001,q02,train,11,3775977282,"[0, 1, 2, 9, 11, 13, 16, 17, 20, 23, 24, 26]",0
g_n14_m28_k3_001_q02,g_n14_m28_k3_001,q02,train,12,3776977285,"[0, 3, 6, 7, 8, 10, 11, 21, 22]",0
g_n14_m28_k3_001_q02,g_n14_m28_k3_001,q02,train,13,3777977288,"[0, 1, 10, 13, 14, 17, 18, 21, 22, 25]",0
g_n14_m28_k3_001_q02,g_n14_m28_k3_001,q02,train,14,3778977291,"[1, 3, 5, 6, 8, 10, 13, 16, 20, 22, 26]",0
g_n14_m28_k3_001_q02,g_n14_m28_k3_001,q02,train,15,3779977294,"[0, 4, 5, 9, 15, 19, 20, 22, 25]",0
g_n14_m28_k3_001_q02,g_n14_m28_k3_001,q02,train,16,3780977297,"[0, 3, 4, 6, 7, 11, 16, 19, 24]",0
g_n14_m28_k3_001_q02,g_n14_m28_k3_001,q02,train,17,3781977300,"[0, 1, 4, 7, 9, 12, 14, 15, 17, 19, 20, 25]",1
g_n14_m28_k3_001_q02,g_n14_m28_k3_001,q02,train,18,3782977303,"[0, 1, 6, 7, 9, 10, 17, 18, 19, 21, 22, 23]",0
g_n14_m28_k3_001_q02,g_n14_m28_k3_001,q02,train,19,3783977306,"[2, 8, 14, 15, 21, 22, 23, 26, 27]",0
g_n14_m28_k3_001_q02,g_n14_m28_k3_001,q02,train,20,3784977309,"[1, 5, 11, 12, 13, 14, 22, 23, 24]",0
g_n14_m28_k3_001_q02,g_n14_m28_k3_001,q02,train,21,3785977312,"[0, 3, 5, 9, 12, 16, 17, 19, 23, 24]",0
g_n14_m28_k3_001_q02,g_n14_m28_k3_001,q02,train,22,3786977315,"[0, 2, 3, 11, 12, 13, 16, 18, 21, 22]",0
g_n14_m28_k3_001_q02,g_n14_m28_k3_001,q02,train,23,3787977318,"[4, 5, 6, 12, 13, 15, 24, 26]",0
g_n14_m28_k3_001_q02,g_n14_m28_k3_001,q02,train,24,3788977321,"[0, 3, 4, 12, 13, 14, 19, 21]",0
g_n14_m28_k3_001_q02,g_n14_m28_k3_001,q02,train,25,3789977324,"[4, 8, 9, 12, 19, 20, 22]",0
g_n14_m28_k3_001_q02,g_n14_m28_k3_001,q02,train,26,3790977327,"[3, 5, 9, 11, 13, 14, 20, 22, 23, 27]",0
g_n14_m28_k3_001_q02,g_n14_m28_k3_001,q02,train,27,3791977330,"[5, 7, 10, 15, 17, 18, 20, 21, 27]",0
g_n14_m28_k3_001_q02,g_n14_m28_k3_001,q02,train,28,3792977333,"[0, 7, 8, 15, 16, 17, 21, 25, 26]",0
g_n14_m28_k3_001_q02,g_n14_m28_k3_001,q02,train,29,3793977336,"[1, 3, 9, 10, 13, 14, 15, 16, 20, 21]",0
g_n14_m28_k3_001_q02,g_n14_m28_k3_001,q02,train,30,3794977339,"[0, 2, 4, 5, 7, 9, 10, 17, 18, 21, 24, 26]",0
g_n14_m28_k3_001_q02,g_n14_m28_k3_001,q02,train,31,3795977342,"[2, 3, 6, 9, 12, 13, 14, 17, 18, 21, 23, 24, 26, 27]",1
g_n14_m28_k3_002_q00,g_n14_m28_k3_002,q00,test,0,1496666154,"[9, 15, 20]",0
g_n14_m28_k3_002_q00,g_n14_m28_k3_002,q00,test,1,1497666157,"[4, 22, 27]",0
g_n14_m28_k3_002_q00,g_n14_m28_k3_002,q00,test,2,1498666160,"[0, 2, 4, 10, 14]",0
g_n14_m28_k3_002_q00,g_n14_m28_k3_002,q00,test,3,1499666163,"[3, 8, 12, 24, 26]",0
g_n14_m28_k3_002_q00,g_n14_m28_k3_002,q00,test,4,1500666166,"[1, 14, 17]",0
g_n14_m28_k3_002_q00,g_n14_m28_k3_002,q00,test,5,1501666169,"[0, 2, 6, 18, 23]",0
g_n14_m28_k3_002_q00,g_n14_m28_k3_002,q00,test,6,1502666172,"[2, 11, 14]",0
g_n14_m28_k3_002_q00,g_n14_m28_k3_002,q00,test,7,1503666175,"[7, 11, 14, 22, 24, 26]",0
g_n14_m28_k3_002_q00,g_n14_m28_k3_002,q00,test,8,1504666178,"[1, 3, 13, 22]",0
g_n14_m28_k3_002_q00,g_n14_m28_k3_002,q00,test,9,1505666181,"[1, 24]",0
g_n14_m28_k3_002_q00,g_n14_m28_k3_002,q00,test,10,1506666184,"[7, 25]",0
g_n14_m28_k3_002_q00,g_n14_m28_k3_002,q00,test,11,1507666187,"[11, 12]",0
g_n14_m28_k3_002_q00,g_n14_m28_k3_002,q00,test,12,1508666190,"[3, 10, 15, 25]",0
g_n14_m28_k3_002_q00,g_n14_m28_k3_002,q00,test,13,1509666193,"[4, 8, 19]",0
g_n14_m28_k3_002_q00,g_n14_m28_k3_002,q00,test,14,1510666196,"[3, 6, 10, 16, 26]",0
g_n14_m28_k3_002_q00,g_n14_m28_k3_002,q00,test,15,1511666199,"[6, 9, 11]",0
g_n14_m28_k3_002_q00,g_n14_m28_k3_002,q00,test,16,1512666202,"[0, 6, 20]",0
g_n14_m28_k3_002_q00,g_n14_m28_k3_002,q00,test,17,1513666205,"[1, 12, 18, 24, 27]",0
g_n14_m28_k3_002_q00,g_n14_m28_k3_002,q00,test,18,1514666208,[11],0
g_n14_m28_k3_002_q00,g_n14_m28_k3_002,q00,test,19,1515666211,"[14, 16, 25, 27]",0
g_n14_m28_k3_002_q00,g_n14_m28_k3_002,q00,test,20,1516666214,"[7, 13, 22, 24, 27]",0
g_n14_m28_k3_002_q00,g_n14_m28_k3_002,q00,test,21,1517666217,"[0, 10, 15]",0
g_n14_m28_k3_002_q00,g_n14_m28_k3_002,q00,test,22,1518666220,"[0, 11]",0
g_n14_m28_k3_002_q00,g_n14_m28_k3_002,q00,test,23,1519666223,[25],0
g_n14_m28_k3_002_q00,g_n14_m28_k3_002,q00,test,24,1520666226,"[5, 7, 22]",0
g_n14_m28_k3_002_q00,g_n14_m28_k3_002,q00,test,25,1521666229,"[2, 9, 17, 21]",0
g_n14_m28_k3_002_q00,g_n14_m28_k3_002,q00,test,26,1522666232,[14],0
g_n14_m28_k3_002_q00,g_n14_m28_k3_002,q00,test,27,1523666235,"[4, 19]",0
g_n14_m28_k3_002_q00,g_n14_m28_k3_002,q00,test,28,1524666238,"[13, 19, 23]",0
g_n14_m28_k3_002_q00,g_n14_m28_k3_002,q00,test,29,1525666241,"[1, 8, 13, 24]",0
g_n14_m28_k3_002_q00,g_n14_m28_k3_002,q00,test,30,1526666244,[14],0
g_n14_m28_k3_002_q00,g_n14_m28_k3_002,q00,test,31,1527666247,[5],0
g_n14_m28_k3_002_q01,g_n14_m28_k3_002,q01,test,0,775286195,"[3, 4, 8, 13, 15, 16, 22, 25, 26]",0
g_n14_m28_k3_002_q01,g_n14_m28_k3_002,q01,test,1,776286198,"[7, 10, 11, 14, 15, 26]",0
g_n14_m28_k3_002_q01,g_n14_m28_k3_002,q01,test,2,777286201,"[13, 21, 22, 23]",0
g_n14_m28_k3_002_q01,g_n14_m28_k3_002,q01,test,3,778286204,"[1, 3, 6, 11, 16, 27]",0
g_n14_m28_k3_002_q01,g_n14_m28_k3_002,q01,test,4,779286207,"[3, 8, 11, 12, 23, 24]",0
g_n14_m28_k3_002_q01,g_n14_m28_k3_002,q01,test,5,780286210,"[0, 7, 8, 15, 16, 19, 20]",0
g_n14_m28_k3_002_q01,g_n14_m28_k3_002,q01,test,6,781286213,"[5, 14, 16, 17, 21, 25]",0
g_n14_m28_k3_002_q01,g_n14_m28_k3_002,q01,test,7,782286216,"[0, 4, 8, 18, 20, 22]",0
g_n14_m28_k3_002_q01,g_n14_m28_k3_002,q01,test,8,783286219,"[3, 4, 13, 26, 27]",0
g_n14_m28_k3_002_q01,g_n14_m28_k3_002,q01,test,9,784286222,"[0, 2, 4, 6, 8, 12, 13, 21, 22, 25, 26]",0
g_n14_m28_k3_002_q01,g_n14_m28_k3_002,q01,test,10,785286225,"[0, 2, 8, 12, 13, 14, 18, 20, 21]",0
g_n14_m28_k3_002_q01,g_n14_m28_k3_002,q01,test,11,786286228,"[0, 1, 3, 6, 7, 27]",0
g_n14_m28_k3_002_q01,g_n14_m28_k3_002,q01,test,12,787286231,"[5, 10, 12, 19, 27]",0
g_n14_m28_k3_002_q01,g_n14_m28_k3_002,q01,test,13,788286234,"[0, 3, 6, 8, 10, 18, 26]",0
g_n14_m28_k3_002_q01,g_n14_m28_k3_002,q01,test,14,789286237,"[2, 5, 18, 25]",0
g_n14_m28_k3_002_q01,g_n14_m28_k3_002,q01,test,15,790286240,"[1, 2, 4, 7, 11, 13, 14, 16, 22]",0
g_n14_m28_k3_002_q01,g_n14_m28_k3_002,q01,test,16,791286243,"[3, 12, 17, 22, 24, 25, 27]",0
g_n14_m28_k3_002_q01,g_n14_m28_k3_002,q01,test,17,792286246,"[0, 4, 5, 15, 27]",0
g_n14_m28_k3_002_q01,g_n14_m28_k3_002,q01,test,18,793286249,"[2, 4, 5, 6, 16, 20, 23, 25]",0
g_n14_m28_k3_002_q01,g_n14_m28_k3_002,q01,test,19,794286252,"[1, 2, 12, 24, 25]",0
g_n14_m28_k3_002_q01,g_n14_m28_k3_002,q01,test,20,795286255,"[4, 6, 8, 12, 13, 20, 25, 27]",0
g_n14_m28_k3_002_q01,g_n14_m28_k3_002,q01,test,21,796286258,"[1, 11, 16, 19, 20, 23, 27]",0
g_n14_m28_k3_002_q01,g_n14_m28_k3_002,q01,test,22,797286261,"[6, 9, 10, 17, 19, 22, 24]",0
g_n14_m28_k3_002_q01,g_n14_m28_k3_002,q01,test,23,798286264,"[2, 4]",0
g_n14_m28_k3_002_q01,g_n14_m28_k3_002,q01,test,24,799286267,"[1, 5, 6, 14, 16, 17, 18, 22, 23, 24]",0
g_n14_m28_k3_002_q01,g_n14_m28_k3_002,q01,test,25,800286270,"[2, 3, 6, 8, 12, 13, 15, 21, 27]",0
g_n14_m28_k3_002_q01,g_n14_m28_k3_002,q01,test,26,801286273,"[7, 10, 16, 18, 26]",0
g_n14_m28_k3_002_q01,g_n14_m28_k3_002,q01,test,27,802286276,"[1, 13, 14, 24, 26, 27]",0
g_n14_m28_k3_002_q01,g_n14_m28_k3_002,q01,test,28,803286279,"[1, 3, 11, 14, 15, 19, 20]",0
g_n14_m28_k3_002_q01,g_n14_m28_k3_002,q01,test,29,804286282,"[2, 5, 8, 9, 15, 18, 23, 27]",0
g_n14_m28_k3_002_q01,g_n14_m28_k3_002,q01,test,30,805286285,"[9, 10, 18, 19, 27]",0
g_n14_m28_k3_002_q01,g_n14_m28_k3_002,q01,test,31,806286288,"[0, 1, 3, 5, 13, 16, 17, 20, 21, 24]",0
g_n14_m28_k3_002_q02,g_n14_m28_k3_002,q02,test,0,53906236,"[0, 2, 7, 10, 11, 12, 15, 16, 19, 23, 27]",0
g_n14_m28_k3_002_q02,g_n14_m28_k3_002,q02,test,1,54906239,"[1, 3, 5, 6, 7, 8, 10, 11, 14, 17, 18, 22, 25]",1
g_n14_m28_k3_002_q02,g_n14_m28_k3_002,q02,test,2,55906242,"[0, 1, 3, 4, 5, 13, 16, 18, 20, 22, 23, 24, 27]",0
g_n14_m28_k3_002_q02,g_n14_m28_k3_002,q02,test,3,56906245,"[2, 5, 6, 24]",0
g_n14_m28_k3_002_q02,g_n14_m28_k3_002,q02,test,4,57906248,"[6, 10, 11, 13, 16, 18, 23, 24, 27]",0
g_n14_m28_k3_002_q02,g_n14_m28_k3_002,q02,test,5,58906251,"[4, 7, 14, 15, 16, 19, 25, 27]",0
g_n14_m28_k3_002_q02,g_n14_m28_k3_002,q02,test,6,59906254,"[1, 5, 10, 13, 17, 21, 23, 25, 26]",0
g_n14_m28_k3_002_q02,g_n14_m28_k3_002,q02,test,7,60906257,"[0, 1, 7, 11, 12, 18, 20, 22, 23, 25, 27]",0
g_n14_m28_k3_002_q02,g_n14_m28_k3_002,q02,test,8,61906260,"[3, 11, 13, 19, 25, 26, 27]",0
g_n14_m28_k3_002_q02,g_n14_m28_k3_002,q02,test,9,62906263,"[5, 6, 8, 9, 10, 11, 12, 19, 21, 23, 24, 25]",0
g_n14_m28_k3_002_q02,g_n14_m28_k3_002,q02,test,10,63906266,"[3, 6, 7, 9, 13, 16, 17, 19, 27]",0
g_n14_m28_k3_002_q02,g_n14_m28_k3_002,q02,test,11,64906269,"[1, 5, 16, 18, 21, 23, 24, 26, 27]",0
g_n14_m28_k3_002_q02,g_n14_m28_k3_002,q02,test,12,65906272,"[0, 1, 3, 7, 9, 13, 14, 16, 22, 23, 26]",0
g_n14_m28_k3_002_q02,g_n14_m28_k3_002,q02,test,13,66906275,"[2, 3, 5, 7, 11, 16, 18, 20, 24, 25, 27]",0
g_n14_m28_k3_002_q02,g_n14_m28_k3_002,q02,test,14,67906278,"[0, 1, 3, 4, 9, 11, 13, 21, 25]",0
g_n14_m28_k3_002_q02,g_n14_m28_k3_002,q02,test,15,68906281,"[0, 1, 4, 8, 11, 16, 17, 19, 21, 23, 27]",0
g_n14_m28_k3_002_q02,g_n14_m28_k3_002,q02,test,16,69906284,"[1, 8, 10, 11, 12, 14, 18, 20, 22, 23, 24, 25, 27]",0
g_n14_m28_k3_002_q02,g_n14_m28_k3_002,q02,test,17,70906287,"[2, 3, 4, 5, 8, 12, 14, 19, 24, 25]",0
g_n14_m28_k3_002_q02,g_n14_m28_k3_002,q02,test,18,71906290,"[0, 2, 10, 14, 17, 18, 19, 21, 22, 23, 25, 26, 27]",1
g_n14_m28_k3_002_q02,g_n14_m28_k3_002,q02,test,19,72906293,"[1, 6, 8, 10, 11, 13, 15, 18, 20, 23, 24]",0
g_n14_m28_k3_002_q02,g_n14_m28_k3_002,q02,test,20,73906296,"[1, 3, 10, 15, 17, 18, 19, 20, 24]",0
g_n14_m28_k3_002_q02,g_n14_m28_k3_002,q02,test,21,74906299,"[2, 4, 7, 8, 12, 18, 19, 26, 27]",0
g_n14_m28_k3_002_q02,g_n14_m28_k3_002,q02,test,22,75906302,"[1, 7, 10, 11, 12, 15, 17, 19, 20, 23]",0
g_n14_m28_k3_002_q02,g_n14_m28_k3_002,q02,test,23,76906305,"[6, 7, 9, 16, 18, 19, 27]",0
g_n14_m28_k3_002_q02,g_n14_m28_k3_002,q02,test,24,77906308,"[0, 3, 6, 8, 9, 13, 16, 17, 18, 19, 24, 27]",0
g_n14_m28_k3_002_q02,g_n14_m28_k3_002,q02,test,25,78906311,"[4, 6, 10, 11, 12, 14, 15, 19, 20, 22, 26]",0
g_n14_m28_k3_002_q02,g_n14_m28_k3_002,q02,test,26,79906314,"[0, 2, 5, 6, 8, 9, 14, 15, 20, 25, 27]",0
g_n14_m28_k3_002_q02,g_n14_m28_k3_002,q02,test,27,80906317,"[1, 4, 8, 9, 15, 18, 20, 24]",0
g_n14_m28_k3_002_q02,g_n14_m28_k3_002,q02,test,28,81906320,"[0, 1, 4, 5, 6, 9, 14, 19, 20, 25, 26]",0
g_n14_m28_k3_002_q02,g_n14_m28_k3_002,q02,test,29,82906323,"[5, 13, 14, 16, 18, 23, 26]",0
g_n14_m28_k3_002_q02,g_n14_m28_k3_002,q02,test,30,83906326,"[1, 2, 9, 11, 15, 21, 26, 27]",0
g_n14_m28_k3_002_q02,g_n14_m28_k3_002,q02,test,31,84906329,"[0, 3, 5, 11, 13, 15, 16, 20, 27]",0
g_n14_m28_k3_003_q00,g_n14_m28_k3_003,q00,train,0,2080562437,"[0, 3]",0
g_n14_m28_k3_003_q00,g_n14_m28_k3_003,q00,train,1,2081562440,"[9, 12, 15]",0
g_n14_m28_k3_003_q00,g_n14_m28_k3_003,q00,train,2,2082562443,[5],0
g_n14_m28_k3_003_q00,g_n14_m28_k3_003,q00,train,3,2083562446,"[0, 1, 5, 9, 12, 16]",0
g_n14_m28_k3_003_q00,g_n14_m28_k3_003,q00,train,4,2084562449,"[9, 25]",0
g_n14_m28_k3_003_q00,g_n14_m28_k3_003,q00,train,5,2085562452,"[9, 16, 18, 20]",0
g_n14_m28_k3_003_q00,g_n14_m28_k3_003,q00,train,6,2086562455,"[20, 22, 26]",0
g_n14_m28_k3_003_q00,g_n14_m28_k3_003,q00,train,7,2087562458,"[2, 6]",0
g_n14_m28_k3_003_q00,g_n14_m28_k3_003,q00,train,8,2088562461,[11],0
g_n14_m28_k3_003_q00,g_n14_m28_k3_003,q00,train,9,2089562464,"[2, 9, 16]",0
g_n14_m28_k3_003_q00,g_n14_m28_k3_003,q00,train,10,2090562467,"[2, 3, 5, 13, 16, 18]",0
g_n14_m28_k3_003_q00,g_n14_m28_k3_003,q00,train,11,2091562470,[],0
g_n14_m28_k3_003_q00,g_n14_m28_k3_003,q00,train,12,2092562473,"[9, 14]",0
g_n14_m28_k3_003_q00,g_n14_m28_k3_003,q00,train,13,2093562476,"[0, 6, 9, 12, 15, 21]",0
g_n14_m28_k3_003_q00,g_n14_m28_k3_003,q00,train,14,2094562479,"[3, 13, 24]",0
g_n14_m28_k3_003_q00,g_n14_m28_k3_003,q00,train,15,2095562482,"[3, 5, 10, 26]",0
g_n14_m28_k3_003_q00,g_n14_m28_k3_003,q00,train,16,2096562485,"[8, 13, 14, 15]",0
g_n14_m28_k3_003_q00,g_n14_m28_k3_003,q00,train,17,2097562488,"[2, 4, 9, 13, 14, 15]",0
g_n14_m28_k3_003_q00,g_n14_m28_k3_003,q00,train,18,2098562491,"[1, 16]",0
g_n14_m28_k3_003_q00,g_n14_m28_k3_003,q00,train,19,2099562494,"[0, 1, 9, 22, 24]",0
g_n14_m28_k3_003_q00,g_n14_m28_k3_003,q00,train,20,2100562497,[15],0
g_n14_m28_k3_003_q00,g_n14_m28_k3_003,q00,train,21,2101562500,"[2, 9, 11]",0
g_n14_m28_k3_003_q00,g_n14_m28_k3_003,q00,train,22,2102562503,"[10, 25, 26]",0
g_n14_m28_k3_003_q00,g_n14_m28_k3_003,q00,train,23,2103562506,"[0, 6]",0
g_n14_m28_k3_003_q00,g_n14_m28_k3_003,q00,train,24,2104562509,"[6, 10, 13, 15]",0
g_n14_m28_k3_003_q00,g_n14_m28_k3_003,q00,train,25,2105562512,"[6, 24]",0
g_n14_m28_k3_003_q00,g_n14_m28_k3_003,q00,train,26,2106562515,"[6, 11, 17, 20, 22, 24, 25]",0
g_n14_m28_k3_003_q00,g_n14_m28_k3_003,q00,train,27,2107562518,"[14, 15]",0
g_n14_m28_k3_003_q00,g_n14_m28_k3_003,q00,train,28,2108562521,"[16, 17]",0
g_n14_m28_k3_003_q00,g_n14_m28_k3_003,q00,train,29,2109562524,"[2, 10, 17]",0
g_n14_m28_k3_003_q00,g_n14_m28_k3_003,q00,train,30,2110562527,"[4, 13, 19, 24]",0
g_n14_m28_k3_003_q00,g_n14_m28_k3_003,q00,train,31,2111562530,"[4, 9, 12, 15]",0
g_n14_m28_k3_003_q01,g_n14_m28_k3_003,q01,train,0,1359182478,"[1, 7, 18, 20, 26]",0
g_n14_m28_k3_003_q01,g_n14_m28_k3_003,q01,train,1,1360182481,"[0, 4, 20, 22, 23, 24, 26]",0
g_n14_m28_k3_003_q01,g_n14_m28_k3_003,q01,train,2,1361182484,"[10, 25]",0
g_n14_m28_k3_003_q01,g_n14_m28_k3_003,q01,train,3,1362182487,"[0, 6, 7, 12, 14, 17, 20, 22, 23, 27]",0
g_n14_m28_k3_003_q01,g_n14_m28_k3_003,q01,train,4,1363182490,"[0, 2, 7, 8, 9, 11, 13, 18, 20, 26]",0
g_n14_m28_k3_003_q01,g_n14_m28_k3_003,q01,train,5,1364182493,"[1, 4, 9, 14, 16, 21, 22]",0
g_n14_m28_k3_003_q01,g_n14_m28_k3_003,q01,train,6,1365182496,"[5, 11, 13, 19, 21, 23]",0
g_n14_m28_k3_003_q01,g_n14_m28_k3_003,q01,train,7,1366182499,"[3, 9, 11, 13, 17, 19, 21]",0
g_n14_m28_k3_003_q01,g_n14_m28_k3_003,q01,train,8,1367182502,"[3, 4, 5, 11, 12, 14, 15, 19, 22]",0
g_n14_m28_k3_003_q01,g_n14_m28_k3_003,q01,train,9,1368182505,"[3, 10, 16, 20]",0
g_n14_m28_k3_003_q01,g_n14_m28_k3_003,q01,train,10,1369182508,"[3, 11, 15, 23, 27]",0
g_n14_m28_k3_003_q01,g_n14_m28_k3_003,q01,train,11,1370182511,"[12, 17, 19, 24]",0
g_n14_m28_k3_003_q01,g_n14_m28_k3_003,q01,train,12,1371182514,"[3, 10, 12, 13, 18, 21]",0
g_n14_m28_k3_003_q01,g_n14_m28_k3_003,q01,train,13,1372182517,"[1, 5, 8, 9, 13, 18, 22, 23, 26]",0
g_n14_m28_k3_003_q01,g_n14_m28_k3_003,q01,train,14,1373182520,"[0, 1, 8, 10, 13, 17, 18, 20]",0
g_n14_m28_k3_003_q01,g_n14_m28_k3_003,q01,train,15,1374182523,"[7, 23, 26]",0
g_n14_m28_k3_003_q01,g_n14_m28_k3_003,q01,train,16,1375182526,"[6, 8, 17, 27]",0
g_n14_m28_k3_003_q01,g_n14_m28_k3_003,q01,train,17,1376182529,"[8, 9, 10, 14]",0
g_n14_m28_k3_003_q01,g_n14_m28_k3_003,q01,train,18,1377182532,"[0, 5, 6, 10, 23, 25, 26, 27]",0
g_n14_m28_k3_003_q01,g_n14_m28_k3_003,q01,train,19,1378182535,"[1, 6, 8, 20]",0
g_n14_m28_k3_003_q01,g_n14_m28_k3_003,q01,train,20,1379182538,"[8, 11, 13, 19]",0
g_n14_m28_k3_003_q01,g_n14_m28_k3_003,q01,train,21,1380182541,"[2, 8, 10, 15, 16, 19, 20, 22]",0
g_n14_m28_k3_003_q01,g_n14_m28_k3_003,q01,train,22,1381182544,"[1, 7, 11, 19, 20, 22, 27]",0
g_n14_m28_k3_003_q01,g_n14_m28_k3_003,q01,train,23,1382182547,"[3, 4, 9, 14, 20]",0
g_n14_m28_k3_003_q01,g_n14_m28_k3_003,q01,train,24,1383182550,"[6, 12, 14, 17, 19]",0
g_n14_m28_k3_003_q01,g_n14_m28_k3_003,q01,train,25,1384182553,"[0, 6, 15, 17, 19, 22, 24]",0
g_n14_m28_k3_003_q01,g_n14_m28_k3_003,q01,train,26,1385182556,"[1, 2, 6, 10, 16, 17, 18, 20]",0
g_n14_m28_k3_003_q01,g_n14_m28_k3_003,q01,train,27,1386182559,"[0, 1, 6, 7, 15, 23, 25]",0
g_n14_m28_k3_003_q01,g_n14_m28_k3_003,q01,train,28,1387182562,"[0, 3, 6, 10, 16, 18, 19, 24, 26]",0
g_n14_m28_k3_003_q01,g_n14_m28_k3_003,q01,train,29,1388182565,"[17, 21, 25]",0
g_n14_m28_k3_003_q01,g_n14_m28_k3_003,q01,train,30,1389182568,"[1, 3, 12, 17, 20, 22, 26]",0
g_n14_m28_k3_003_q01,g_n14_m28_k3_003,q01,train,31,1390182571,"[9, 20, 23, 24, 25, 26]",0
g_n14_m28_k3_003_q02,g_n14_m28_k3_003,q02,train,0,637802519,"[1, 10, 13, 18, 19, 21, 22, 23, 24, 25]",0
g_n14_m28_k3_003_q02,g_n14_m28_k3_003,q02,train,1,638802522,"[0, 4, 5, 6, 13, 14, 17, 18, 22, 27]",0
g_n14_m28_k3_003_q02,g_n14_m28_k3_003,q02,train,2,639802525,"[0, 2, 5, 12, 15, 19, 20, 23, 25]",0
g_n14_m28_k3_003_q02,g_n14_m28_k3_003,q02,train,3,640802528,"[0, 7, 14, 20, 24, 27]",0
g_n14_m28_k3_003_q02,g_n14_m28_k3_003,q02,train,4,641802531,"[9, 10, 11, 16, 20, 21, 23, 25, 26, 27]",0
g_n14_m28_k3_003_q02,g_n14_m28_k3_003,q02,train,5,642802534,"[3, 4, 6, 7, 10, 11, 16, 17, 20, 21, 22, 25, 26, 27]",0
g_n14_m28_k3_003_q02,g_n14_m28_k3_003,q02,train,6,643802537,"[2, 5, 6, 8, 11, 12, 13, 14, 15, 16, 19, 22, 23, 24, 25, 26]",1
g_n14_m28_k3_003_q02,g_n14_m28_k3_003,q02,train,7,644802540,"[1, 2, 3, 5, 7, 13, 14, 15, 23, 24, 25]",0
g_n14_m28_k3_003_q02,g_n14_m28_k3_003,q02,train,8,645802543,"[0, 1, 4, 6, 10, 13, 16, 18, 26, 27]",0
g_n14_m28_k3_003_q02,g_n14_m28_k3_003,q02,train,9,646802546,"[2, 7, 8, 12, 14, 18, 19, 22, 27]",1
g_n14_m28_k3_003_q02,g_n14_m28_k3_003,q02,train,10,647802549,"[4, 10, 12, 13, 15, 24, 26]",0
g_n14_m28_k3_003_q02,g_n14_m28_k3_003,q02,train,11,648802552,"[0, 9, 10, 12, 13, 23, 24]",0
g_n14_m28_k3_003_q02,g_n14_m28_k3_003,q02,train,12,649802555,"[0, 2, 4, 7, 11, 13, 15, 19, 25, 26, 27]",0
g_n14_m28_k3_003_q02,g_n14_m28_k3_003,q02,train,13,650802558,"[7, 12, 14, 27]",0
g_n14_m28_k3_003_q02,g_n14_m28_k3_003,q02,train,14,651802561,"[2, 7, 10, 12, 14, 15, 16, 18, 19, 21, 26]",0
g_n14_m28_k3_003_q02,g_n14_m28_k3_003,q02,train,15,652802564,"[4, 7, 9, 12, 16, 19, 23, 25, 27]",0
g_n14_m28_k3_003_q02,g_n14_m28_k3_003,q02,train,16,653802567,"[4, 10, 11, 12, 14, 18, 19, 22, 23, 25, 27]",0
g_n14_m28_k3_003_q02,g_n14_m28_k3_003,q02,train,17,654802570,"[2, 6, 7, 8, 10, 12, 13, 15, 19, 22, 26, 27]",0
g_n14_m28_k3_003_q02,g_n14_m28_k3_003,q02,train,18,655802573,"[4, 8, 9, 10, 11, 12, 15, 17, 18, 19, 21, 23, 25, 27]",0
g_n14_m28_k3_003_q02,g_n14_m28_k3_003,q02,train,19,656802576,"[1, 4, 7, 10, 11, 17, 25]",0
g_n14_m28_k3_003_q02,g_n14_m28_k3_003,q02,train,20,657802579,"[0, 1, 2, 3, 4, 6, 8, 10, 12, 15, 17, 20, 22, 23, 24]",1
g_n14_m28_k3_003_q02,g_n14_m28_k3_003,q02,train,21,658802582,"[0, 13, 17, 20, 23, 24, 26]",0
g_n14_m28_k3_003_q02,g_n14_m28_k3_003,q02,train,22,659802585,"[5, 6, 7, 12, 14, 17, 19, 23, 24, 26]",0
g_n14_m28_k3_003_q02,g_n14_m28_k3_003,q02,train,23,660802588,"[2, 6, 8, 15, 17, 20, 23]",0
g_n14_m28_k3_003_q02,g_n14_m28_k3_003,q02,train,24,661802591,"[3, 5, 7, 19, 21, 23, 27]",0
g_n14_m28_k3_003_q02,g_n14_m28_k3_003,q02,train,25,662802594,"[2, 3, 7, 11, 14, 16, 17, 18]",0
g_n14_m28_k3_003_q02,g_n14_m28_k3_003,q02,train,26,663802597,"[0, 1, 4, 5, 7, 8, 9, 13, 16, 17, 20, 26, 27]",0
g_n14_m28_k3_003_q02,g_n14_m28_k3_003,q02,train,27,664802600,"[0, 1, 3, 8, 9, 13, 14, 16, 22, 25]",0
g_n14_m28_k3_003_q02,g_n14_m28_k3_003,q02,train,28,665802603,"[0, 7, 10, 11, 12, 14, 15, 22, 25]",0
g_n14_m28_k3_003_q02,g_n14_m28_k3_003,q02,train,29,666802606,"[0, 2, 3, 5, 7, 12, 13, 14, 18, 20, 21, 23, 24, 26]",0
g_n14_m28_k3_003_q02,g_n14_m28_k3_003,q02,train,30,667802609,"[0, 4, 7, 13, 14, 15, 21, 25]",0
g_n14_m28_k3_003_q02,g_n14_m28_k3_003,q02,train,31,668802612,"[1, 4, 6, 8, 9, 10, 13, 14, 16, 20, 22, 23]",1
g_n14_m28_k3_004_q00,g_n14_m28_k3_004,q00,validation,0,2664458720,[23],0
g_n14_m28_k3_004_q00,g_n14_m28_k3_004,q00,validation,1,2665458723,[21],0
g_n14_m28_k3_004_q00,g_n14_m28_k3_004,q00,validation,2,2666458726,"[7, 15, 23]",0
g_n14_m28_k3_004_q00,g_n14_m28_k3_004,q00,validation,3,2667458729,"[3, 5, 7]",0
g_n14_m28_k3_004_q00,g_n14_m28_k3_004,q00,validation,4,2668458732,"[7, 9, 19, 25]",0
g_n14_m28_k3_004_q00,g_n14_m28_k3_004,q00,validation,5,2669458735,"[4, 10, 12, 24]",0
g_n14_m28_k3_004_q00,g_n14_m28_k3_004,q00,validation,6,2670458738,"[1, 9, 19]",0
g_n14_m28_k3_004_q00,g_n14_m28_k3_004,q00,validation,7,2671458741,"[0, 5, 10, 14, 25, 26]",0
g_n14_m28_k3_004_q00,g_n14_m28_k3_004,q00,validation,8,2672458744,"[0, 16, 24]",0
g_n14_m28_k3_004_q00,g_n14_m28_k3_004,q00,validation,9,2673458747,"[4, 9, 21]",0
g_n14_m28_k3_004_q00,g_n14_m28_k3_004,q00,validation,10,2674458750,"[4, 8, 20, 21]",0
g_n14_m28_k3_004_q00,g_n14_m28_k3_004,q00,validation,11,2675458753,[4],0
g_n14_m28_k3_004_q00,g_n14_m28_k3_004,q00,validation,12,2676458756,"[6, 9, 15, 23, 24]",0
g_n14_m28_k3_004_q00,g_n14_m28_k3_004,q00,validation,13,2677458759,"[6, 24]",0
g_n14_m28_k3_004_q00,g_n14_m28_k3_004,q00,validation,14,2678458762,"[1, 13, 20, 21, 23, 26]",0
g_n14_m28_k3_004_q00,g_n14_m28_k3_004,q00,validation,15,2679458765,"[6, 12, 13, 20, 26]",0
g_n14_m28_k3_004_q00,g_n14_m28_k3_004,q00,validation,16,2680458768,"[3, 14, 26]",0
g_n14_m28_k3_004_q00,g_n14_m28_k3_004,q00,validation,17,2681458771,"[3, 13, 15, 18, 19]",0
g_n14_m28_k3_004_q00,g_n14_m28_k3_004,q00,validation,18,2682458774,"[14, 16, 18, 25]",0
g_n14_m28_k3_004_q00,g_n14_m28_k3_004,q00,validation,19,2683458777,"[7, 10, 15, 18]",0
g_n14_m28_k3_004_q00,g_n14_m28_k3_004,q00,validation,20,2684458780,"[3, 13, 23]",0
g_n14_m28_k3_004_q00,g_n14_m28_k3_004,q00,validation,21,2685458783,"[2, 5, 10, 13, 15]",0
g_n14_m28_k3_004_q00,g_n14_m28_k3_004,q00,validation,22,2686458786,"[11, 18, 19, 20, 24]",0
g_n14_m28_k3_004_q00,g_n14_m28_k3_004,q00,validation,23,2687458789,"[6, 8, 19]",0
g_n14_m28_k3_004_q00,g_n14_m28_k3_004,q00,validation,24,2688458792,"[4, 12, 14, 22, 27]",0
g_n14_m28_k3_004_q00,g_n14_m28_k3_004,q00,validation,25,2689458795,"[2, 14, 21, 24]",0
g_n14_m28_k3_004_q00,g_n14_m28_k3_004,q00,validation,26,2690458798,"[5, 8]",0
g_n14_m28_k3_004_q00,g_n14_m28_k3_004,q00,validation,27,2691458801,"[18, 25]",0
g_n14_m28_k3_004_q00,g_n14_m28_k3_004,q00,validation,28,2692458804,"[0, 2, 9, 17, 21, 27]",0
g_n14_m28_k3_004_q00,g_n14_m28_k3_004,q00,validation,29,2693458807,"[7, 8, 15, 22, 26]",0
g_n14_m28_k3_004_q00,g_n14_m28_k3_004,q00,validation,30,2694458810,"[3, 16, 23, 24, 25, 26]",0
g_n14_m28_k3_004_q00,g_n14_m28_k3_004,q00,validation,31,2695458813,"[10, 22]",0
g_n14_m28_k3_004_q01,g_n14_m28_k3_004,q01,validation,0,1943078761,"[16, 17, 19, 23, 25, 26]",0
g_n14_m28_k3_004_q01,g_n14_m28_k3_004,q01,validation,1,1944078764,"[0, 2, 5, 6, 9, 16, 19, 23]",0
g_n14_m28_k3_004_q01,g_n14_m28_k3_004,q01,validation,2,1945078767,"[3, 8, 10, 13, 20]",0
g_n14_m28_k3_004_q01,g_n14_m28_k3_004,q01,validation,3,1946078770,"[1, 2, 10, 20, 22]",0
g_n14_m28_k3_004_q01,g_n14_m28_k3_004,q01,validation,4,1947078773,"[1, 7, 14]",0
g_n14_m28_k3_004_q01,g_n14_m28_k3_004,q01,validation,5,1948078776,"[4, 5, 7, 8, 16, 27]",0
g_n14_m28_k3_004_q01,g_n14_m28_k3_004,q01,validation,6,1949078779,"[2, 3, 5, 7, 8, 10, 24, 25, 26, 27]",0
g_n14_m28_k3_004_q01,g_n14_m28_k3_004,q01,validation,7,1950078782,"[0, 4, 5, 8, 10, 18, 20, 23]",0
g_n14_m28_k3_004_q01,g_n14_m28_k3_004,q01,validation,8,1951078785,"[0, 4, 17, 22, 23, 24, 27]",0
g_n14_m28_k3_004_q01,g_n14_m28_k3_004,q01,validation,9,1952078788,"[6, 7, 9, 11, 18, 19, 23]",0
g_n14_m28_k3_004_q01,g_n14_m28_k3_004,q01,validation,10,1953078791,"[0, 1, 8, 15, 26]",0
g_n14_m28_k3_004_q01,g_n14_m28_k3_004,q01,validation,11,1954078794,"[4, 10, 21, 24, 25, 27]",0
g_n14_m28_k3_004_q01,g_n14_m28_k3_004,q01,validation,12,1955078797,"[7, 12, 18, 19, 22, 23, 25, 26]",0
g_n14_m28_k3_004_q01,g_n14_m28_k3_004,q01,validation,13,1956078800,"[0, 9, 11, 12, 18, 23, 24]",0
g_n14_m28_k3_004_q01,g_n14_m28_k3_004,q01,validation,14,1957078803,"[0, 3, 5, 14, 17, 19, 20, 26]",0
g_n14_m28_k3_004_q01,g_n14_m28_k3_004,q01,validation,15,1958078806,"[0, 2, 5, 11, 12, 17, 20, 21, 22, 26]",0
g_n14_m28_k3_004_q01,g_n14_m28_k3_004,q01,validation,16,1959078809,"[11, 15, 18, 22, 27]",0
g_n14_m28_k3_004_q01,g_n14_m28_k3_004,q01,validation,17,1960078812,"[0, 3, 4, 5, 6, 13, 14, 16, 17, 19, 21, 22, 23]",1
g_n14_m28_k3_004_q01,g_n14_m28_k3_004,q01,validation,18,1961078815,"[6, 9, 12, 13, 14, 16, 19, 21, 23, 26]",1
g_n14_m28_k3_004_q01,g_n14_m28_k3_004,q01,validation,19,1962078818,"[0, 12, 13, 18, 22, 26]",0
g_n14_m28_k3_004_q01,g_n14_m28_k3_004,q01,validation,20,1963078821,"[5, 12, 15, 18, 24]",0
g_n14_m28_k3_004_q01,g_n14_m28_k3_004,q01,validation,21,1964078824,"[1, 5, 8, 11, 12, 22, 26]",0
g_n14_m28_k3_004_q01,g_n14_m28_k3_004,q01,validation,22,1965078827,"[0, 9, 17, 20]",0
g_n14_m28_k3_004_q01,g_n14_m28_k3_004,q01,validation,23,1966078830,"[6, 9, 14, 16, 23]",0
g_n14_m28_k3_004_q01,g_n14_m28_k3_004,q01,validation,24,1967078833,"[6, 12, 13, 15, 16, 24, 27]",0
g_n14_m28_k3_004_q01,g_n14_m28_k3_004,q01,validation,25,1968078836,"[0, 1, 5, 6, 8, 9, 11, 18, 23, 25, 26, 27]",0
g_n14_m28_k3_004_q01,g_n14_m28_k3_004,q01,validation,26,1969078839,"[3, 14, 16, 26]",0
g_n14_m28_k3_004_q01,g_n14_m28_k3_004,q01,validation,27,1970078842,"[8, 9, 12, 15, 20, 22, 26]",0
g_n14_m28_k3_004_q01,g_n14_m28_k3_004,q01,validation,28,1971078845,"[3, 4, 7, 16, 21]",0
g_n14_m28_k3_004_q01,g_n14_m28_k3_004,q01,validation,29,1972078848,"[2, 8, 10, 12, 21]",0
g_n14_m28_k3_004_q01,g_n14_m28_k3_004,q01,validation,30,1973078851,"[0, 4, 6, 11, 15, 16]",0
g_n14_m28_k3_004_q01,g_n14_m28_k3_004,q01,validation,31,1974078854,"[0, 1, 6, 12, 24]",0
g_n14_m28_k3_004_q02,g_n14_m28_k3_004,q02,validation,0,1221698802,"[0, 3, 4, 6, 7, 8, 9, 12, 13, 19, 21, 23]",0
g_n14_m28_k3_004_q02,g_n14_m28_k3_004,q02,validation,1,1222698805,"[1, 6, 8, 9, 11, 12, 17, 19, 23, 26, 27]",0
g_n14_m28_k3_004_q02,g_n14_m28_k3_004,q02,validation,2,1223698808,"[0, 2, 6, 8, 10, 11, 13, 15, 20, 22, 23, 24]",0
g_n14_m28_k3_004_q02,g_n14_m28_k3_004,q02,validation,3,1224698811,"[8, 12, 13, 16, 18, 20, 22, 26]",0
g_n14_m28_k3_004_q02,g_n14_m28_k3_004,q02,validation,4,1225698814,"[1, 7, 10, 14, 16, 17, 19, 20, 21, 25, 27]",0
g_n14_m28_k3_004_q02,g_n14_m28_k3_004,q02,validation,5,1226698817,"[3, 4, 5, 6, 12, 15, 17, 18, 20, 22, 24, 25, 27]",1
g_n14_m28_k3_004_q02,g_n14_m28_k3_004,q02,validation,6,1227698820,"[0, 5, 6, 7, 10, 11, 12, 20, 24, 26, 27]",0
g_n14_m28_k3_004_q02,g_n14_m28_k3_004,q02,validation,7,1228698823,"[6, 10, 11, 15, 18, 20, 23, 26]",0
g_n14_m28_k3_004_q02,g_n14_m28_k3_004,q02,validation,8,1229698826,"[0, 1, 2, 9, 11, 15, 16, 18, 20, 21, 26]",1
g_n14_m28_k3_004_q02,g_n14_m28_k3_004,q02,validation,9,1230698829,"[2, 3, 4, 6, 7, 10, 14, 17, 18, 25, 27]",0
g_n14_m28_k3_004_q02,g_n14_m28_k3_004,q02,validation,10,1231698832,"[0, 2, 4, 5, 6, 11, 13, 14, 17, 22, 24, 26, 27]",1
g_n14_m28_k3_004_q02,g_n14_m28_k3_004,q02,validation,11,1232698835,"[5, 7, 9, 10, 12, 13, 18, 23, 27]",0
g_n14_m28_k3_004_q02,g_n14_m28_k3_004,q02,validation,12,1233698838,"[4, 9, 11, 12, 15, 16, 17, 18, 19, 20, 24, 25]",1
g_n14_m28_k3_004_q02,g_n14_m28_k3_004,q02,validation,13,1234698841,"[3, 8, 10, 11, 15, 16, 17, 18, 19, 20, 21, 22, 23, 24]",1
g_n14_m28_k3_004_q02,g_n14_m28_k3_004,q02,validation,14,1235698844,"[1, 2, 4, 5, 6, 8, 18, 19, 21, 26]",0
g_n14_m28_k3_004_q02,g_n14_m28_k3_004,q02,validation,15,1236698847,"[0, 7, 8, 11, 12, 20, 21, 24, 26]",0
g_n14_m28_k3_004_q02,g_n14_m28_k3_004,q02,validation,16,1237698850,"[0, 4, 6, 8, 9, 10, 17, 18, 20, 23]",0
g_n14_m28_k3_004_q02,g_n14_m28_k3_004,q02,validation,17,1238698853,"[1, 2, 4, 9, 11, 12, 13, 16, 17, 18, 22, 23, 24, 26, 27]",0
g_n14_m28_k3_004_q02,g_n14_m28_k3_004,q02,validation,18,1239698856,"[1, 5, 7, 14, 17, 20, 22, 23, 24, 27]",0
g_n14_m28_k3_004_q02,g_n14_m28_k3_004,q02,validation,19,1240698859,"[3, 4, 8, 11, 13, 19, 20, 21, 22, 23]",0
g_n14_m28_k3_004_q02,g_n14_m28_k3_004,q02,validation,20,1241698862,"[0, 3, 5, 11, 12, 14, 16, 20, 22, 23, 26]",0
g_n14_m28_k3_004_q02,g_n14_m28_k3_004,q02,validation,21,1242698865,"[0, 7, 8, 11, 15, 17, 19, 20, 22]",0
g_n14_m28_k3_004_q02,g_n14_m28_k3_004,q02,validation,22,1243698868,"[1, 3, 4, 5, 13, 19, 20, 21, 24, 25]",0
g_n14_m28_k3_004_q02,g_n14_m28_k3_004,q02,validation,23,1244698871,"[0, 4, 5, 6, 10, 16, 19, 23, 27]",0
g_n14_m28_k3_004_q02,g_n14_m28_k3_004,q02,validation,24,1245698874,"[7, 9, 10, 11, 12, 15, 23, 24]",0
g_n14_m28_k3_004_q02,g_n14_m28_k3_004,q02,validation,25,1246698877,"[0, 5, 6, 7, 11, 12, 16, 20, 24]",0
g_n14_m28_k3_004_q02,g_n14_m28_k3_004,q02,validation,26,1247698880,"[4, 9, 12, 14, 22, 23]",0
g_n14_m28_k3_004_q02,g_n14_m28_k3_004,q02,validation,27,1248698883,"[0, 3, 8, 11, 12, 13, 14, 15, 18, 22, 26]",0
g_n14_m28_k3_004_q02,g_n14_m28_k3_004,q02,validation,28,1249698886,"[8, 9, 11, 12, 13, 14, 15, 17, 20, 22, 23, 24, 25, 26, 27]",1
g_n14_m28_k3_004_q02,g_n14_m28_k3_004,q02,validation,29,1250698889,"[0, 2, 3, 4, 8, 10, 12, 13, 14, 15, 16, 19, 21, 26, 27]",0
g_n14_m28_k3_004_q02,g_n14_m28_k3_004,q02,validation,30,1251698892,"[0, 5, 6, 11, 13, 17, 18, 22, 25]",0
g_n14_m28_k3_004_q02,g_n14_m28_k3_004,q02,validation,31,1252698895,"[0, 1, 4, 5, 10, 12, 13, 19, 20, 26]",0
