graph_id,split,n,e0,kappa0,tau_stratum,tau0,log_tau0,seed,edges
g_n24_e48_k2_low_00,train,24,48,2,low,13018811370,23.289661176932682,953054315,"[[0, 2], [0, 9], [1, 8], [1, 10], [2, 5], [2, 11], [2, 13], [3, 6], [3, 8], [3, 11], [4, 7], [4, 9], [4, 11], [4, 17], [5, 6], [5, 7], [5, 8], [5, 9], [5, 10], [5, 11], [7, 8], [7, 10], [8, 9], [8, 10], [8, 11], [12, 13], [12, 15], [12, 18], [12, 19], [12, 20], [13, 16], [13, 20], [13, 22], [14, 18], [14, 23], [15, 16], [15, 17], [15, 18], [15, 19], [15, 22], [16, 18], [16, 19], [16, 20], [17, 19], [17, 21], [18, 19], [18, 23], [19, 21]]"
g_n24_e48_k2_low_01,test,24,48,2,low,15337796704,23.453585991800402,953054393,"[[0, 6], [0, 10], [1, 3], [1, 6], [1, 7], [1, 10], [2, 4], [2, 5], [2, 7], [2, 10], [2, 11], [3, 5], [3, 8], [3, 9], [3, 11], [4, 6], [4, 7], [4, 11], [5, 6], [5, 10], [6, 7], [6, 22], [7, 9], [8, 9], [10, 20], [12, 13], [12, 14], [12, 16], [12, 21], [12, 22], [13, 14], [13, 15], [13, 16], [13, 21], [13, 22], [14, 22], [14, 23], [15, 22], [16, 17], [16, 19], [16, 20], [16, 21], [16, 22], [17, 21], [18, 19], [18, 20], [20, 21], [22, 23]]"
g_n24_e48_k2_low_02,train,24,48,2,low,15957252864,23.49317928783685,953054301,"[[0, 6], [0, 11], [1, 3], [1, 4], [1, 9], [1, 10], [2, 5], [2, 9], [2, 10], [2, 11], [3, 7], [3, 9], [3, 11], [4, 11], [5, 6], [5, 7], [7, 8], [7, 9], [7, 11], [7, 21], [8, 9], [9, 10], [9, 11], [10, 11], [10, 18], [12, 14], [12, 23], [13, 18], [13, 21], [13, 22], [14, 15], [14, 16], [14, 17], [14, 18], [15, 22], [16, 23], [17, 18], [17, 20], [18, 21], [18, 23], [19, 21], [19, 22], [19, 23], [20, 21], [20, 22], [20, 23], [21, 22], [22, 23]]"
g_n24_e48_k2_low_03,validation,24,48,2,low,15961351104,23.493436081024086,953054319,"[[0, 1], [0, 2], [0, 4], [0, 8], [0, 9], [0, 11], [1, 2], [1, 9], [1, 10], [1, 11], [1, 20], [2, 4], [2, 6], [2, 7], [3, 10], [3, 11], [4, 6], [4, 11], [5, 6], [5, 7], [6, 7], [6, 10], [8, 11], [9, 10], [10, 13], [12, 16], [12, 18], [12, 19], [12, 20], [12, 21], [13, 15], [13, 16], [13, 23], [14, 16], [14, 19], [14, 20], [15, 16], [15, 21], [15, 22], [16, 17], [16, 20], [16, 21], [16, 22], [16, 23], [17, 19], [17, 21], [18, 21], [19, 20]]"
g_n24_e48_k2_low_04,train,24,48,2,low,16712035376,23.539394978000733,953054360,"[[0, 2], [0, 6], [0, 8], [0, 10], [0, 11], [0, 18], [1, 2], [1, 5], [1, 7], [2, 4], [2, 5], [2, 6], [2, 7], [2, 8], [2, 10], [3, 4], [3, 5], [3, 7], [5, 7], [5, 9], [7, 9], [7, 11], [8, 10], [9, 11], [10, 22], [12, 14], [12, 15], [12, 19], [12, 23], [13, 14], [13, 21], [14, 15], [14, 16], [14, 17], [14, 18], [14, 20], [14, 22], [14, 23], [15, 16], [15, 20], [16, 17], [16, 19], [16, 21], [17, 18], [17, 23], [18, 19], [18, 23], [21, 22]]"
g_n24_e48_k2_low_05,train,24,48,2,low,17299902368,23.57396669496601,953054345,"[[0, 2], [0, 9], [0, 11], [1, 3], [1, 4], [2, 3], [2, 5], [2, 6], [2, 9], [2, 11], [3, 5], [3, 6], [3, 10], [3, 20], [4, 5], [4, 6], [4, 7], [4, 9], [5, 8], [5, 9], [5, 11], [7, 8], [7, 10], [9, 11], [10, 19], [12, 16], [12, 19], [12, 22], [13, 15], [13, 16], [13, 19], [13, 21], [13, 22], [14, 22], [14, 23], [15, 17], [15, 22], [16, 17], [16, 19], [17, 19], [17, 22], [17, 23], [18, 19], [18, 22], [19, 20], [19, 21], [19, 23], [20, 23]]"
g_n24_e48_k2_low_06,train,24,48,2,low,17616241359,23.592087117956854,953054309,"[[0, 2], [0, 8], [0, 9], [1, 8], [1, 10], [1, 11], [2, 5], [2, 8], [2, 10], [2, 11], [3, 5], [3, 11], [3, 22], [4, 6], [4, 11], [5, 7], [5, 11], [6, 9], [6, 11], [7, 8], [7, 10], [7, 18], [8, 10], [8, 11], [10, 11], [12, 14], [12, 18], [13, 14], [13, 19], [13, 21], [13, 22], [14, 15], [14, 16], [14, 19], [14, 22], [14, 23], [15, 17], [15, 21], [15, 23], [16, 20], [16, 22], [17, 18], [17, 22], [17, 23], [18, 19], [18, 22], [19, 20], [22, 23]]"
g_n24_e48_k2_low_07,test,24,48,2,low,18048644005,23.61633639452659,953054380,"[[0, 1], [0, 3], [0, 4], [0, 5], [0, 8], [1, 5], [1, 6], [1, 7], [1, 8], [2, 8], [2, 11], [3, 5], [4, 5], [4, 10], [5, 6], [5, 7], [5, 10], [5, 17], [6, 9], [6, 11], [6, 22], [7, 10], [8, 9], [8, 10], [9, 10], [12, 20], [12, 22], [13, 15], [13, 20], [14, 15], [14, 18], [14, 21], [15, 16], [15, 18], [15, 20], [15, 23], [16, 17], [16, 18], [16, 19], [16, 21], [17, 23], [18, 19], [18, 20], [18, 21], [18, 22], [20, 21], [21, 23], [22, 23]]"
g_n24_e48_k2_low_08,validation,24,48,2,low,18157411441,23.62234465816436,953054403,"[[0, 1], [0, 3], [0, 4], [0, 5], [0, 6], [0, 8], [0, 17], [1, 7], [1, 10], [2, 4], [2, 6], [2, 10], [2, 11], [3, 5], [4, 5], [4, 6], [4, 10], [5, 8], [5, 9], [5, 10], [6, 11], [7, 8], [7, 9], [8, 9], [8, 19], [12, 16], [12, 22], [13, 16], [13, 17], [13, 20], [13, 21], [14, 19], [14, 20], [15, 20], [15, 21], [16, 22], [17, 18], [17, 19], [17, 20], [17, 21], [17, 23], [18, 21], [18, 22], [19, 20], [19, 21], [20, 23], [21, 22], [22, 23]]"
g_n24_e48_k2_low_09,train,24,48,2,low,18509842272,23.641568442263743,953054372,"[[0, 3], [0, 5], [1, 3], [1, 4], [1, 5], [1, 7], [1, 8], [1, 9], [2, 3], [2, 10], [2, 20], [3, 4], [3, 5], [3, 6], [3, 7], [3, 11], [3, 14], [4, 7], [4, 10], [5, 7], [6, 9], [7, 9], [8, 10], [8, 11], [9, 11], [12, 14], [12, 16], [12, 17], [12, 19], [12, 21], [12, 23], [13, 14], [13, 20], [13, 21], [14, 15], [14, 17], [14, 19], [14, 20], [14, 22], [15, 20], [15, 21], [16, 17], [16, 18], [17, 18], [19, 23], [20, 22], [20, 23], [22, 23]]"
g_n24_e48_k2_mid_10,train,24,48,2,mid,31877829888,24.18517661728422,953054330,"[[0, 2], [0, 3], [0, 4], [0, 8], [0, 9], [0, 11], [0, 13], [1, 7], [1, 8], [2, 6], [2, 8], [2, 10], [3, 5], [3, 6], [3, 10], [4, 6], [4, 7], [4, 8], [5, 6], [5, 8], [5, 17], [6, 8], [6, 10], [6, 11], [8, 9], [12, 14], [12, 17], [12, 21], [13, 14], [13, 16], [13, 18], [13, 22], [14, 15], [14, 21], [14, 23], [15, 16], [15, 18], [15, 21], [15, 23], [16, 17], [16, 23], [17, 19], [18, 22], [19, 20], [19, 23], [20, 21], [20, 22], [22, 23]]"
g_n24_e48_k2_mid_11,test,24,48,2,mid,31969277624,24.18804120432966,953054338,"[[0, 2], [0, 3], [0, 4], [0, 6], [0, 9], [0, 11], [1, 7], [1, 9], [1, 10], [2, 6], [2, 10], [3, 4], [3, 7], [3, 11], [4, 6], [4, 7], [4, 11], [5, 9], [5, 10], [6, 8], [7, 9], [8, 9], [8, 12], [9, 11], [10, 18], [12, 16], [12, 20], [12, 22], [12, 23], [13, 16], [13, 17], [13, 20], [14, 15], [14, 17], [14, 20], [15, 21], [16, 17], [16, 18], [16, 21], [16, 22], [17, 20], [17, 21], [18, 23], [19, 21], [19, 23], [21, 22], [21, 23], [22, 23]]"
g_n24_e48_k2_mid_12,train,24,48,2,mid,32709357303,24.21092702996983,953054404,"[[0, 1], [0, 2], [0, 3], [0, 10], [1, 5], [1, 9], [1, 10], [1, 14], [2, 4], [2, 6], [2, 7], [2, 9], [2, 10], [3, 5], [3, 6], [3, 8], [4, 6], [4, 7], [4, 11], [5, 8], [5, 20], [6, 11], [7, 8], [8, 9], [8, 10], [12, 13], [12, 14], [12, 17], [12, 18], [12, 21], [13, 14], [13, 18], [13, 20], [14, 15], [14, 18], [14, 19], [15, 17], [15, 20], [15, 21], [15, 22], [15, 23], [16, 20], [16, 23], [17, 19], [17, 20], [18, 19], [20, 23], [22, 23]]"
g_n24_e48_k2_mid_13,train,24,48,2,mid,32909977704,24.21704172241738,953054369,"[[0, 2], [0, 6], [1, 2], [1, 8], [1, 10], [2, 6], [2, 7], [2, 9], [2, 10], [3, 4], [3, 6], [3, 7], [3, 11], [3, 17], [4, 7], [4, 11], [5, 7], [5, 10], [6, 11], [7, 9], [8, 9], [8, 10], [8, 11], [9, 11], [9, 21], [12, 16], [12, 22], [12, 23], [13, 15], [13, 17], [13, 19], [13, 21], [13, 23], [14, 15], [14, 16], [14, 21], [14, 23], [15, 19], [15, 21], [15, 23], [16, 23], [17, 18], [18, 22], [19, 20], [19, 21], [20, 21], [20, 22], [21, 22]]"
g_n24_e48_k2_mid_14,test,24,48,2,mid,33035947664,24.220862128682462,953054402,"[[0, 1], [0, 3], [0, 9], [0, 10], [0, 11], [1, 2], [1, 4], [1, 6], [1, 10], [2, 4], [2, 9], [2, 16], [3, 7], [3, 8], [3, 9], [3, 10], [4, 10], [4, 11], [4, 13], [5, 6], [5, 7], [5, 11], [7, 8], [7, 11], [8, 11], [12, 20], [12, 21], [13, 15], [13, 21], [14, 17], [14, 19], [14, 21], [14, 23], [15, 16], [15, 21], [16, 17], [16, 18], [16, 19], [16, 21], [16, 22], [17, 23], [18, 21], [18, 23], [19, 20], [19, 22], [20, 21], [20, 22], [21, 23]]"
g_n24_e48_k2_mid_15,train,24,48,2,mid,33098630022,24.222757729409434,953054408,"[[0, 2], [0, 3], [0, 4], [0, 8], [0, 9], [1, 9], [1, 11], [2, 3], [2, 4], [2, 5], [2, 9], [3, 7], [3, 9], [3, 10], [4, 7], [4, 23], [5, 6], [5, 9], [6, 8], [6, 9], [6, 16], [7, 8], [7, 11], [9, 11], [10, 11], [12, 15], [12, 16], [12, 17], [12, 18], [12, 19], [12, 22], [12, 23], [13, 14], [13, 17], [13, 21], [13, 23], [14, 20], [14, 21], [15, 16], [15, 19], [15, 20], [15, 21], [15, 23], [16, 17], [17, 22], [18, 23], [20, 21], [20, 22]]"
g_n24_e48_k2_mid_16,validation,24,48,2,mid,34555589124,24.265835143223036,953054306,"[[0, 1], [0, 2], [0, 3], [0, 4], [0, 5], [0, 7], [0, 10], [1, 3], [1, 4], [1, 5], [1, 8], [1, 11], [2, 7], [2, 11], [3, 6], [4, 10], [5, 10], [6, 10], [7, 21], [8, 9], [8, 10], [8, 11], [9, 11], [10, 11], [10, 18], [12, 14], [12, 17], [12, 21], [13, 16], [13, 20], [13, 22], [14, 15], [14, 17], [14, 20], [14, 23], [15, 17], [15, 18], [15, 23], [16, 17], [16, 20], [16, 21], [17, 21], [18, 23], [19, 20], [19, 22], [19, 23], [21, 22], [22, 23]]"
g_n24_e48_k2_mid_17,train,24,48,2,mid,34623232152,24.26779074316851,953054334,"[[0, 2], [0, 4], [0, 5], [0, 11], [1, 2], [1, 3], [1, 4], [1, 8], [1, 11], [1, 23], [2, 5], [2, 8], [3, 5], [3, 8], [3, 10], [4, 7], [4, 9], [4, 10], [5, 7], [5, 8], [5, 11], [6, 9], [6, 10], [6, 11], [10, 18], [12, 13], [12, 14], [12, 21], [12, 23], [13, 14], [13, 16], [13, 21], [13, 23], [15, 17], [15, 21], [15, 23], [16, 17], [16, 18], [16, 19], [17, 21], [18, 19], [18, 20], [18, 22], [19, 20], [19, 21], [20, 21], [21, 23], [22, 23]]"
g_n24_e48_k2_mid_18,validation,24,48,2,mid,34643608425,24.268379084528334,953054308,"[[0, 1], [0, 3], [0, 5], [0, 7], [0, 8], [0, 9], [1, 4], [1, 7], [1, 8], [1, 10], [2, 3], [2, 6], [2, 8], [3, 5], [3, 8], [3, 9], [3, 10], [3, 11], [4, 6], [4, 19], [5, 9], [6, 9], [8, 10], [8, 11], [8, 18], [12, 13], [12, 21], [12, 22], [13, 17], [13, 20], [14, 15], [14, 16], [14, 17], [14, 19], [14, 22], [15, 21], [15, 22], [15, 23], [16, 17], [16, 19], [17, 18], [17, 21], [17, 23], [18, 19], [18, 21], [18, 23], [20, 21], [20, 23]]"
g_n24_e48_k2_mid_19,train,24,48,2,mid,35103082704,24.281554789886513,953054400,"[[0, 1], [0, 4], [1, 3], [1, 4], [1, 7], [1, 9], [1, 10], [1, 11], [1, 16], [2, 10], [2, 11], [3, 4], [3, 7], [3, 8], [4, 5], [4, 7], [4, 21], [5, 9], [5, 11], [6, 7], [6, 8], [6, 11], [7, 11], [8, 11], [9, 11], [12, 16], [12, 18], [12, 21], [12, 22], [13, 14], [13, 17], [13, 19], [13, 21], [14, 15], [14, 16], [14, 23], [15, 17], [15, 18], [16, 22], [17, 19], [17, 20], [17, 22], [18, 20], [18, 22], [19, 22], [20, 23], [21, 23], [22, 23]]"
g_n24_e48_k2_high_20,train,24,48,2,high,51158673032,24.65819787571316,953054328,"[[0, 4], [0, 9], [0, 10], [1, 3], [1, 6], [1, 8], [1, 9], [2, 3], [2, 8], [2, 9], [2, 11], [3, 4], [3, 6], [3, 10], [4, 5], [4, 6], [5, 6], [5, 8], [6, 7], [6, 10], [6, 11], [6, 20], [7, 8], [7, 14], [10, 11], [12, 13], [12, 14], [12, 18], [12, 20], [12, 23], [13, 14], [13, 16], [14, 16], [14, 21], [15, 19], [15, 20], [15, 22], [16, 18], [16, 19], [16, 21], [17, 18], [17, 19], [17, 20], [17, 22], [17, 23], [19, 20], [19, 23], [22, 23]]"
g_n24_e48_k2_high_21,train,24,48,2,high,52103433630,24.676496688140645,953054350,"[[0, 2], [0, 6], [0, 7], [0, 8], [0, 9], [1, 4], [1, 8], [1, 11], [1, 17], [2, 8], [2, 9], [2, 10], [2, 18], [3, 7], [3, 8], [3, 9], [4, 5], [4, 6], [4, 9], [4, 10], [4, 11], [5, 6], [5, 10], [6, 11], [8, 10], [12, 15], [12, 20], [12, 21], [12, 22], [12, 23], [13, 17], [13, 18], [13, 19], [13, 20], [13, 22], [14, 17], [14, 18], [14, 19], [15, 18], [16, 19], [16, 20], [16, 21], [17, 20], [17, 22], [17, 23], [18, 19], [18, 22], [21, 23]]"
g_n24_e48_k2_high_22,train,24,48,2,high,52948892878,24.692592999955593,953054346,"[[0, 2], [0, 3], [0, 7], [1, 3], [1, 5], [1, 9], [1, 16], [2, 4], [2, 7], [2, 9], [3, 4], [3, 6], [3, 8], [4, 5], [4, 18], [5, 6], [5, 8], [5, 9], [5, 10], [6, 7], [7, 8], [7, 9], [8, 9], [9, 11], [10, 11], [12, 16], [12, 21], [12, 22], [13, 15], [13, 16], [13, 18], [13, 21], [14, 17], [14, 19], [14, 21], [14, 23], [15, 16], [15, 17], [16, 17], [16, 20], [17, 19], [18, 22], [18, 23], [19, 20], [19, 21], [19, 23], [20, 21], [22, 23]]"
g_n24_e48_k2_high_23,validation,24,48,2,high,54422725525,24.72004765219697,953054416,"[[0, 7], [0, 8], [0, 9], [0, 11], [1, 2], [1, 5], [1, 11], [2, 3], [2, 4], [2, 7], [2, 19], [3, 6], [3, 10], [3, 11], [4, 10], [4, 11], [4, 17], [5, 6], [5, 8], [5, 10], [6, 7], [6, 11], [7, 11], [8, 9], [8, 10], [12, 14], [12, 18], [12, 21], [13, 15], [13, 16], [13, 18], [13, 19], [14, 17], [14, 20], [14, 23], [15, 17], [15, 18], [15, 20], [15, 21], [16, 18], [16, 20], [16, 23], [17, 18], [17, 19], [17, 21], [18, 23], [20, 22], [22, 23]]"
g_n24_e48_k2_high_24,validation,24,48,2,high,54811301856,24.727162247884372,953054299,"[[0, 1], [0, 6], [0, 7], [0, 17], [1, 2], [1, 5], [1, 8], [2, 4], [2, 8], [2, 9], [3, 5], [3, 10], [3, 11], [4, 6], [4, 7], [4, 11], [5, 6], [5, 7], [5, 10], [5, 11], [5, 12], [6, 8], [6, 11], [7, 9], [9, 10], [12, 14], [12, 16], [12, 17], [12, 23], [13, 14], [13, 15], [13, 16], [13, 17], [13, 21], [14, 23], [15, 16], [15, 18], [15, 19], [15, 20], [15, 21], [16, 18], [16, 22], [18, 19], [18, 20], [19, 23], [20, 22], [20, 23], [22, 23]]"
g_n24_e48_k2_high_25,test,24,48,2,high,56996873140,24.76626224608327,953054322,"[[0, 3], [0, 4], [0, 7], [1, 4], [1, 6], [1, 11], [1, 22], [2, 3], [2, 4], [2, 7], [2, 8], [3, 10], [4, 5], [4, 7], [4, 8], [4, 9], [5, 7], [5, 9], [6, 9], [6, 10], [6, 11], [7, 8], [7, 11], [8, 11], [8, 14], [12, 14], [12, 19], [12, 21], [13, 15], [13, 18], [13, 23], [14, 16], [14, 17], [14, 23], [15, 16], [15, 21], [16, 17], [16, 20], [17, 18], [17, 22], [17, 23], [18, 19], [18, 23], [19, 22], [20, 22], [20, 23], [21, 22], [21, 23]]"
g_n24_e48_k2_high_26,train,24,48,2,high,62196754662,24.85356865947825,953054355,"[[0, 7], [0, 9], [0, 10], [1, 2], [1, 7], [1, 11], [2, 4], [2, 6], [2, 7], [2, 14], [3, 5], [3, 7], [3, 11], [4, 7], [4, 11], [5, 7], [5, 8], [5, 10], [6, 7], [6, 8], [7, 8], [7, 13], [8, 9], [9, 11], [10, 11], [12, 16], [12, 18], [12, 19], [13, 18], [13, 19], [13, 20], [13, 21], [14, 17], [14, 21], [14, 22], [15, 16], [15, 18], [15, 20], [16, 20], [16, 22], [17, 19], [17, 21], [17, 23], [19, 21], [19, 23], [20, 23], [21, 22], [22, 23]]"
g_n24_e48_k2_high_27,test,24,48,2,high,66214625217,24.916167200217195,953054385,"[[0, 1], [0, 4], [0, 11], [1, 5], [1, 10], [2, 3], [2, 6], [2, 7], [2, 8], [3, 7], [3, 10], [4, 6], [4, 7], [4, 11], [5, 6], [5, 9], [5, 11], [5, 18], [7, 9], [8, 10], [8, 11], [9, 10], [9, 11], [10, 11], [10, 15], [12, 15], [12, 17], [12, 20], [12, 23], [13, 18], [13, 21], [13, 22], [14, 20], [14, 22], [14, 23], [15, 17], [15, 18], [15, 22], [16, 17], [16, 21], [16, 22], [17, 18], [17, 19], [17, 21], [18, 20], [19, 21], [20, 21], [22, 23]]"
g_n24_e48_k2_high_28,train,24,48,2,high,67247725580,24.93164903448469,953054363,"[[0, 4], [0, 5], [0, 7], [1, 4], [1, 6], [1, 11], [2, 3], [2, 7], [2, 8], [3, 4], [3, 9], [3, 10], [3, 11], [4, 7], [4, 9], [5, 6], [5, 22], [6, 9], [6, 11], [7, 9], [7, 10], [8, 10], [8, 11], [9, 10], [9, 15], [12, 13], [12, 15], [12, 16], [12, 17], [13, 16], [13, 18], [13, 19], [13, 21], [14, 15], [14, 17], [14, 18], [15, 17], [15, 20], [15, 23], [16, 19], [16, 22], [17, 20], [17, 21], [17, 22], [18, 21], [19, 20], [19, 23], [21, 23]]"
g_n24_e48_k2_high_29,train,24,48,2,high,68651771877,24.952312779125926,953054414,"[[0, 1], [0, 8], [0, 9], [1, 3], [1, 4], [1, 5], [2, 4], [2, 5], [2, 6], [3, 6], [3, 7], [3, 8], [3, 11], [4, 8], [4, 10], [4, 11], [4, 15], [5, 6], [5, 9], [6, 10], [7, 9], [8, 9], [9, 10], [10, 11], [10, 20], [12, 16], [12, 18], [12, 20], [12, 22], [13, 15], [13, 17], [13, 18], [13, 21], [13, 23], [14, 17], [14, 20], [14, 23], [15, 16], [15, 19], [15, 21], [15, 23], [16, 17], [16, 22], [17, 18], [17, 23], [19, 22], [20, 21], [22, 23]]"
g_n24_e48_k3_low_00,train,24,48,3,low,63226793952,24.86999400319243,954054401,"[[0, 4], [0, 6], [0, 11], [0, 12], [1, 3], [1, 5], [1, 11], [2, 4], [2, 5], [2, 11], [3, 8], [3, 11], [4, 8], [4, 11], [5, 11], [6, 7], [6, 8], [6, 9], [6, 10], [7, 9], [7, 10], [8, 14], [9, 11], [10, 11], [11, 15], [12, 14], [12, 15], [12, 16], [12, 17], [12, 22], [12, 23], [13, 19], [13, 20], [13, 22], [13, 23], [14, 22], [14, 23], [15, 18], [15, 19], [16, 17], [16, 19], [16, 22], [17, 18], [17, 21], [18, 19], [18, 21], [19, 20], [20, 21]]"
g_n24_e48_k3_low_01,train,24,48,3,low,66330969855,24.917922742041384,954054316,"[[0, 1], [0, 2], [0, 10], [1, 2], [1, 7], [2, 7], [2, 9], [2, 10], [3, 4], [3, 5], [3, 9], [3, 14], [4, 5], [4, 6], [4, 20], [5, 6], [5, 10], [6, 8], [7, 11], [8, 9], [8, 10], [8, 11], [9, 10], [9, 13], [10, 11], [12, 13], [12, 15], [12, 19], [12, 20], [12, 22], [13, 15], [13, 23], [14, 16], [14, 17], [14, 20], [14, 21], [15, 20], [16, 18], [16, 19], [16, 21], [17, 19], [17, 22], [17, 23], [18, 21], [18, 22], [19, 22], [21, 22], [22, 23]]"
g_n24_e48_k3_low_02,train,24,48,3,low,67916058417,24.941538344535857,954054366,"[[0, 2], [0, 4], [0, 8], [0, 9], [0, 10], [0, 21], [1, 6], [1, 7], [1, 9], [2, 4], [2, 8], [2, 11], [3, 8], [3, 10], [3, 11], [4, 8], [4, 17], [5, 6], [5, 7], [5, 8], [6, 9], [6, 14], [7, 11], [8, 10], [9, 11], [12, 19], [12, 21], [12, 23], [13, 15], [13, 16], [13, 17], [13, 18], [13, 22], [13, 23], [14, 15], [14, 21], [14, 22], [15, 18], [15, 20], [15, 21], [16, 19], [16, 21], [17, 21], [17, 23], [18, 20], [19, 20], [19, 21], [21, 22]]"
g_n24_e48_k3_low_03,train,24,48,3,low,70725414024,24.982070808114788,954054370,"[[0, 4], [0, 5], [0, 9], [0, 23], [1, 2], [1, 4], [1, 11], [2, 5], [2, 11], [3, 6], [3, 7], [3, 8], [3, 9], [3, 10], [3, 12], [4, 8], [4, 19], [5, 11], [6, 7], [6, 9], [6, 10], [7, 10], [8, 9], [8, 11], [9, 11], [12, 13], [12, 21], [12, 22], [13, 15], [13, 22], [14, 16], [14, 17], [14, 19], [15, 20], [15, 23], [16, 18], [16, 22], [16, 23], [17, 20], [17, 22], [17, 23], [18, 20], [18, 21], [19, 21], [19, 23], [20, 21], [21, 22], [21, 23]]"
g_n24_e48_k3_low_04,validation,24,48,3,low,71783431293,24.996919524435025,954054384,"[[0, 2], [0, 5], [0, 9], [0, 11], [1, 2], [1, 7], [1, 11], [2, 7], [3, 5], [3, 7], [3, 11], [4, 6], [4, 9], [4, 10], [5, 8], [5, 9], [5, 10], [6, 8], [6, 9], [6, 23], [7, 9], [8, 10], [9, 10], [9, 19], [10, 16], [12, 13], [12, 16], [12, 18], [12, 21], [13, 22], [13, 23], [14, 15], [14, 16], [14, 18], [14, 20], [14, 22], [15, 19], [15, 20], [16, 19], [16, 22], [16, 23], [17, 18], [17, 19], [17, 20], [17, 21], [17, 23], [19, 23], [21, 22]]"
g_n24_e48_k3_low_05,train,24,48,3,low,71824389992,24.997489948799714,954054306,"[[0, 1], [0, 4], [0, 6], [0, 8], [0, 9], [0, 10], [0, 11], [1, 4], [1, 6], [1, 18], [2, 6], [2, 7], [2, 11], [2, 23], [3, 7], [3, 9], [3, 10], [4, 8], [5, 9], [5, 10], [5, 11], [7, 9], [7, 20], [8, 11], [9, 10], [12, 14], [12, 15], [12, 16], [12, 17], [13, 17], [13, 18], [13, 19], [13, 22], [14, 18], [14, 21], [15, 20], [15, 22], [16, 18], [16, 19], [17, 21], [17, 22], [18, 20], [18, 21], [18, 22], [18, 23], [19, 23], [20, 23], [22, 23]]"
g_n24_e48_k3_low_06,validation,24,48,3,low,73739351364,25.023802433456602,954054394,"[[0, 3], [0, 5], [0, 7], [1, 6], [1, 7], [1, 11], [2, 4], [2, 5], [2, 8], [3, 5], [3, 10], [3, 11], [4, 6], [4, 11], [5, 9], [5, 10], [5, 11], [5, 12], [6, 8], [6, 14], [7, 10], [8, 9], [8, 11], [9, 11], [9, 22], [12, 13], [12, 14], [12, 15], [12, 23], [13, 16], [13, 17], [14, 17], [14, 23], [15, 17], [15, 18], [15, 20], [15, 21], [15, 22], [15, 23], [16, 20], [16, 23], [17, 22], [18, 19], [18, 20], [18, 21], [19, 20], [19, 21], [21, 22]]"
g_n24_e48_k3_low_07,test,24,48,3,low,73889094372,25.025831081236614,954054339,"[[0, 3], [0, 4], [0, 8], [1, 3], [1, 5], [1, 6], [1, 7], [1, 8], [1, 10], [1, 11], [1, 15], [2, 4], [2, 6], [2, 9], [3, 6], [3, 7], [3, 8], [4, 5], [4, 9], [5, 10], [5, 21], [6, 7], [7, 18], [9, 11], [10, 11], [12, 16], [12, 22], [12, 23], [13, 16], [13, 22], [13, 23], [14, 15], [14, 16], [14, 17], [14, 18], [15, 21], [15, 22], [16, 18], [17, 18], [17, 19], [17, 20], [18, 19], [18, 21], [19, 20], [19, 21], [19, 23], [20, 21], [20, 23]]"
g_n24_e48_k3_low_08,test,24,48,3,low,74838736352,25.038601453549145,954054355,"[[0, 5], [0, 7], [0, 11], [1, 3], [1, 6], [1, 8], [1, 11], [2, 3], [2, 4], [2, 5], [2, 8], [2, 9], [2, 22], [3, 10], [4, 6], [4, 10], [5, 7], [6, 8], [6, 9], [7, 11], [8, 11], [9, 10], [9, 11], [9, 20], [10, 18], [12, 13], [12, 15], [12, 20], [13, 14], [13, 21], [13, 23], [14, 16], [14, 20], [15, 17], [15, 18], [16, 17], [16, 19], [16, 20], [16, 22], [17, 19], [17, 20], [17, 22], [18, 19], [18, 20], [18, 22], [20, 21], [21, 23], [22, 23]]"
g_n24_e48_k3_low_09,train,24,48,3,low,74859783200,25.038882643345833,954054388,"[[0, 4], [0, 6], [0, 9], [0, 11], [0, 14], [1, 7], [1, 8], [1, 10], [2, 5], [2, 7], [2, 9], [3, 5], [3, 7], [3, 10], [4, 6], [4, 8], [5, 8], [6, 9], [7, 9], [7, 11], [8, 9], [8, 10], [9, 11], [9, 17], [11, 22], [12, 15], [12, 19], [12, 21], [13, 18], [13, 19], [13, 23], [14, 15], [14, 16], [14, 22], [15, 19], [15, 20], [16, 20], [16, 21], [16, 23], [17, 18], [17, 19], [17, 20], [17, 22], [17, 23], [18, 23], [19, 22], [20, 21], [21, 23]]"
g_n24_e48_k3_mid_10,train,24,48,3,mid,101094059973,25.339317207270494,954054417,"[[0, 1], [0, 6], [0, 11], [0, 20], [1, 5], [1, 7], [1, 12], [2, 7], [2, 9], [2, 11], [3, 5], [3, 6], [3, 9], [4, 5], [4, 8], [4, 9], [4, 10], [5, 9], [6, 7], [6, 8], [6, 9], [7, 11], [7, 17], [8, 10], [10, 11], [12, 13], [12, 15], [12, 16], [12, 18], [12, 19], [13, 14], [13, 15], [13, 16], [13, 18], [13, 23], [14, 20], [14, 22], [14, 23], [15, 17], [15, 21], [16, 19], [17, 19], [17, 22], [18, 20], [19, 20], [19, 21], [19, 23], [21, 22]]"
g_n24_e48_k3_mid_11,train,24,48,3,mid,101604946846,25.344358060334635,954054367,"[[0, 2], [0, 5], [0, 9], [0, 10], [0, 17], [1, 4], [1, 6], [1, 8], [1, 10], [1, 11], [2, 3], [2, 4], [3, 5], [3, 9], [4, 6], [4, 8], [5, 10], [6, 9], [6, 23], [7, 9], [7, 10], [7, 11], [8, 10], [8, 12], [9, 11], [12, 15], [12, 19], [12, 20], [12, 23], [13, 14], [13, 17], [13, 22], [14, 19], [14, 22], [15, 16], [15, 23], [16, 21], [16, 22], [17, 18], [17, 19], [17, 20], [18, 20], [18, 21], [19, 20], [19, 23], [20, 21], [21, 22], [22, 23]]"
g_n24_e48_k3_mid_12,test,24,48,3,mid,101661786967,25.344917326687916,954054363,"[[0, 3], [0, 4], [0, 6], [1, 2], [1, 4], [1, 6], [1, 8], [1, 9], [2, 5], [2, 11], [3, 8], [3, 10], [3, 11], [4, 6], [4, 7], [4, 8], [4, 13], [5, 7], [5, 9], [6, 23], [7, 8], [8, 9], [8, 15], [9, 10], [10, 11], [12, 14], [12, 15], [12, 18], [12, 21], [13, 14], [13, 16], [13, 17], [13, 18], [13, 20], [14, 16], [14, 17], [14, 23], [15, 22], [15, 23], [16, 19], [16, 21], [17, 19], [18, 23], [19, 21], [19, 22], [20, 22], [20, 23], [21, 22]]"
g_n24_e48_k3_mid_13,train,24,48,3,mid,101944165477,25.347691103069778,954054386,"[[0, 1], [0, 4], [0, 5], [0, 7], [1, 2], [1, 5], [1, 6], [1, 9], [1, 11], [2, 4], [2, 8], [2, 12], [3, 4], [3, 7], [3, 9], [3, 10], [3, 22], [4, 6], [5, 9], [5, 16], [6, 7], [8, 10], [8, 11], [9, 10], [9, 11], [12, 13], [12, 14], [12, 18], [12, 19], [12, 21], [12, 22], [13, 14], [13, 15], [13, 23], [14, 19], [14, 20], [15, 17], [15, 20], [16, 17], [16, 20], [16, 22], [17, 21], [18, 20], [18, 21], [18, 23], [19, 20], [19, 23], [20, 22]]"
g_n24_e48_k3_mid_14,test,24,48,3,mid,102164712702,25.349852178205772,954054369,"[[0, 3], [0, 6], [0, 7], [0, 9], [0, 20], [1, 4], [1, 5], [1, 7], [1, 10], [2, 6], [2, 7], [2, 8], [2, 9], [2, 10], [2, 11], [3, 4], [3, 5], [4, 11], [5, 8], [5, 10], [6, 11], [7, 9], [7, 16], [8, 10], [9, 14], [12, 14], [12, 17], [12, 18], [12, 21], [12, 22], [13, 20], [13, 21], [13, 22], [13, 23], [14, 17], [14, 19], [15, 16], [15, 20], [15, 22], [16, 17], [16, 21], [17, 20], [18, 22], [18, 23], [19, 20], [19, 23], [20, 21], [22, 23]]"
g_n24_e48_k3_mid_15,validation,24,48,3,mid,102693682776,25.355016440557666,954054350,"[[0, 3], [0, 4], [0, 6], [0, 9], [1, 3], [1, 4], [1, 5], [1, 9], [1, 10], [1, 21], [2, 3], [2, 4], [2, 9], [3, 5], [3, 6], [5, 8], [5, 11], [6, 8], [6, 19], [7, 8], [7, 10], [7, 11], [8, 10], [8, 11], [8, 18], [12, 20], [12, 22], [12, 23], [13, 15], [13, 16], [13, 18], [13, 21], [13, 22], [14, 15], [14, 17], [14, 19], [14, 23], [15, 16], [15, 18], [15, 19], [16, 17], [17, 20], [17, 22], [18, 20], [18, 23], [19, 20], [19, 21], [21, 22]]"
g_n24_e48_k3_mid_16,train,24,48,3,mid,102854339724,25.356579646846505,954054303,"[[0, 2], [0, 5], [0, 8], [1, 2], [1, 3], [1, 6], [1, 11], [2, 10], [3, 4], [3, 5], [3, 14], [4, 5], [4, 9], [5, 10], [6, 9], [6, 10], [7, 9], [7, 10], [7, 11], [8, 9], [8, 11], [8, 17], [9, 10], [9, 11], [11, 13], [12, 17], [12, 21], [12, 22], [12, 23], [13, 17], [13, 20], [13, 23], [14, 15], [14, 16], [14, 20], [14, 23], [15, 19], [15, 22], [16, 18], [16, 19], [16, 22], [17, 23], [18, 19], [18, 20], [19, 21], [20, 23], [21, 23], [22, 23]]"
g_n24_e48_k3_mid_17,validation,24,48,3,mid,103313388780,25.361032815321867,954054406,"[[0, 3], [0, 6], [0, 8], [0, 10], [0, 11], [1, 6], [1, 7], [1, 8], [2, 4], [2, 5], [2, 9], [3, 9], [3, 10], [3, 22], [4, 9], [4, 10], [5, 7], [5, 8], [5, 9], [5, 10], [6, 7], [7, 11], [7, 23], [8, 17], [10, 11], [12, 16], [12, 18], [12, 19], [13, 16], [13, 17], [13, 19], [14, 18], [14, 21], [14, 22], [15, 17], [15, 21], [15, 22], [15, 23], [16, 20], [16, 21], [16, 22], [16, 23], [17, 18], [18, 20], [18, 23], [19, 20], [20, 22], [21, 22]]"
g_n24_e48_k3_mid_18,train,24,48,3,mid,103745917608,25.365210646926425,954054368,"[[0, 2], [0, 6], [0, 11], [1, 2], [1, 3], [1, 8], [2, 5], [2, 6], [2, 9], [3, 4], [3, 5], [3, 8], [3, 14], [4, 6], [4, 10], [5, 6], [6, 9], [7, 8], [7, 9], [7, 10], [7, 11], [7, 18], [9, 10], [9, 19], [10, 11], [12, 13], [12, 20], [12, 23], [13, 14], [13, 19], [14, 15], [14, 16], [14, 19], [14, 21], [14, 23], [15, 16], [15, 17], [15, 22], [16, 20], [16, 22], [17, 18], [17, 19], [17, 21], [17, 23], [18, 21], [18, 22], [19, 20], [20, 22]]"
g_n24_e48_k3_mid_19,train,24,48,3,mid,104454430848,25.372016744805595,954054336,"[[0, 4], [0, 5], [0, 8], [1, 3], [1, 6], [1, 8], [1, 16], [2, 3], [2, 8], [2, 10], [3, 7], [3, 11], [4, 8], [4, 10], [5, 6], [5, 7], [5, 11], [6, 7], [6, 9], [6, 11], [6, 13], [7, 8], [8, 15], [9, 10], [9, 11], [12, 13], [12, 14], [12, 19], [13, 18], [13, 21], [13, 22], [14, 17], [14, 22], [15, 16], [15, 20], [15, 21], [15, 23], [16, 20], [16, 23], [17, 20], [17, 21], [17, 22], [17, 23], [18, 19], [18, 22], [18, 23], [19, 23], [20, 21]]"
g_n24_e48_k3_high_20,test,24,48,3,high,133460924244,25.617074569648903,954054383,"[[0, 5], [0, 9], [0, 11], [1, 2], [1, 5], [1, 9], [1, 10], [2, 4], [2, 8], [2, 22], [3, 6], [3, 7], [3, 11], [3, 12], [4, 6], [4, 8], [4, 9], [4, 11], [5, 7], [5, 8], [6, 10], [7, 8], [7, 11], [9, 10], [9, 14], [12, 14], [12, 17], [12, 21], [13, 19], [13, 20], [13, 23], [14, 19], [14, 23], [15, 16], [15, 17], [15, 19], [15, 22], [15, 23], [16, 17], [16, 18], [17, 23], [18, 19], [18, 20], [18, 22], [19, 21], [20, 22], [21, 23], [22, 23]]"
g_n24_e48_k3_high_21,train,24,48,3,high,133762126695,25.61932888549104,954054390,"[[0, 1], [0, 5], [0, 6], [1, 2], [1, 3], [1, 5], [1, 6], [1, 9], [2, 7], [2, 8], [2, 9], [2, 11], [3, 8], [3, 11], [3, 16], [4, 5], [4, 6], [4, 8], [4, 10], [5, 9], [6, 21], [7, 10], [7, 11], [7, 12], [9, 10], [12, 16], [12, 17], [12, 20], [12, 22], [13, 15], [13, 18], [13, 20], [13, 21], [14, 16], [14, 17], [14, 22], [15, 17], [15, 19], [16, 23], [17, 19], [17, 20], [17, 21], [18, 19], [18, 22], [19, 23], [20, 23], [21, 22], [21, 23]]"
g_n24_e48_k3_high_22,train,24,48,3,high,136088937777,25.63657446319021,954054312,"[[0, 6], [0, 7], [0, 9], [0, 10], [0, 11], [0, 21], [1, 5], [1, 7], [1, 8], [1, 13], [2, 4], [2, 6], [2, 8], [3, 4], [3, 8], [3, 11], [4, 5], [5, 6], [5, 9], [5, 10], [6, 10], [6, 19], [7, 8], [7, 11], [9, 11], [12, 16], [12, 17], [12, 21], [12, 22], [13, 14], [13, 16], [13, 17], [13, 20], [14, 15], [14, 21], [14, 23], [15, 18], [15, 19], [16, 17], [16, 19], [17, 18], [17, 22], [18, 19], [18, 20], [18, 21], [19, 23], [20, 23], [22, 23]]"
g_n24_e48_k3_high_23,train,24,48,3,high,136348808545,25.63848220798934,954054374,"[[0, 1], [0, 2], [0, 3], [0, 6], [1, 3], [1, 4], [1, 11], [1, 17], [2, 6], [2, 7], [2, 9], [3, 7], [3, 9], [3, 10], [4, 8], [4, 10], [5, 6], [5, 8], [5, 11], [5, 12], [7, 10], [8, 9], [9, 10], [10, 11], [10, 21], [12, 13], [12, 17], [12, 20], [12, 23], [13, 16], [13, 23], [14, 15], [14, 20], [14, 21], [15, 17], [15, 18], [15, 19], [15, 23], [16, 17], [16, 18], [16, 22], [17, 21], [18, 19], [18, 21], [18, 22], [19, 20], [20, 22], [22, 23]]"
g_n24_e48_k3_high_24,train,24,48,3,high,136988557074,25.64316323427883,954054418,"[[0, 6], [0, 8], [0, 9], [0, 11], [1, 2], [1, 6], [1, 8], [2, 3], [2, 10], [2, 22], [3, 5], [3, 9], [3, 11], [3, 19], [4, 5], [4, 9], [4, 10], [4, 11], [5, 6], [5, 7], [5, 11], [5, 16], [7, 9], [7, 11], [8, 10], [12, 14], [12, 18], [12, 19], [12, 20], [12, 23], [13, 16], [13, 17], [13, 19], [13, 22], [14, 15], [14, 16], [14, 23], [15, 16], [15, 17], [15, 22], [17, 18], [17, 21], [18, 20], [18, 21], [19, 20], [20, 23], [21, 22], [21, 23]]"
g_n24_e48_k3_high_25,train,24,48,3,high,137316315368,25.645552972726154,954054415,"[[0, 3], [0, 5], [0, 6], [0, 17], [1, 4], [1, 6], [1, 7], [1, 8], [2, 6], [2, 8], [2, 9], [3, 6], [3, 10], [3, 11], [4, 9], [4, 11], [5, 8], [5, 11], [7, 9], [7, 10], [8, 11], [8, 15], [9, 10], [9, 11], [10, 21], [12, 14], [12, 19], [12, 20], [12, 22], [13, 14], [13, 17], [13, 23], [14, 15], [14, 19], [15, 21], [15, 23], [16, 19], [16, 20], [16, 21], [16, 22], [16, 23], [17, 18], [17, 19], [18, 19], [18, 20], [18, 23], [21, 23], [22, 23]]"
g_n24_e48_k3_high_26,validation,24,48,3,high,138107121500,25.651295463736652,954054357,"[[0, 3], [0, 8], [0, 9], [0, 10], [1, 5], [1, 7], [1, 8], [1, 11], [1, 23], [2, 3], [2, 5], [2, 9], [2, 10], [3, 4], [3, 6], [3, 8], [3, 9], [4, 10], [4, 11], [5, 11], [6, 7], [6, 10], [7, 9], [7, 16], [10, 14], [12, 14], [12, 15], [12, 17], [13, 16], [13, 17], [13, 20], [13, 22], [14, 19], [14, 21], [14, 23], [15, 16], [15, 18], [15, 20], [15, 23], [16, 22], [17, 18], [17, 20], [17, 22], [18, 19], [18, 21], [19, 22], [19, 23], [20, 21]]"
g_n24_e48_k3_high_27,test,24,48,3,high,141862860570,25.678126657256932,954054347,"[[0, 3], [0, 4], [0, 8], [0, 10], [1, 7], [1, 8], [1, 9], [1, 12], [2, 4], [2, 8], [2, 11], [3, 5], [3, 11], [4, 6], [4, 9], [4, 22], [5, 6], [5, 10], [6, 9], [6, 10], [7, 10], [7, 11], [7, 14], [8, 10], [9, 11], [12, 13], [12, 16], [12, 22], [13, 15], [13, 17], [13, 19], [14, 17], [14, 18], [14, 22], [14, 23], [15, 16], [15, 22], [15, 23], [16, 18], [16, 19], [17, 19], [17, 20], [17, 21], [17, 22], [18, 21], [19, 20], [19, 21], [20, 23]]"
g_n24_e48_k3_high_28,train,24,48,3,high,152269286778,25.748916413858222,954054371,"[[0, 3], [0, 6], [0, 7], [0, 14], [1, 3], [1, 7], [1, 9], [1, 11], [1, 12], [2, 3], [2, 6], [2, 7], [2, 11], [3, 5], [4, 5], [4, 6], [4, 10], [4, 16], [5, 7], [6, 8], [7, 8], [7, 10], [8, 9], [8, 11], [9, 10], [12, 13], [12, 15], [12, 21], [13, 16], [13, 18], [13, 22], [14, 17], [14, 21], [14, 22], [15, 17], [15, 19], [15, 20], [15, 23], [16, 17], [16, 19], [16, 22], [17, 23], [18, 21], [18, 23], [19, 20], [20, 22], [21, 22], [21, 23]]"
g_n24_e48_k3_high_29,validation,24,48,3,high,155886468588,25.77239381378457,954054330,"[[0, 2], [0, 4], [0, 5], [0, 8], [1, 2], [1, 3], [1, 4], [1, 11], [1, 16], [2, 6], [2, 10], [3, 8], [3, 9], [3, 10], [3, 11], [4, 6], [5, 6], [5, 7], [5, 11], [7, 8], [7, 9], [7, 19], [8, 20], [9, 10], [9, 11], [12, 18], [12, 19], [12, 21], [13, 15], [13, 19], [13, 20], [13, 23], [14, 18], [14, 20], [14, 22], [14, 23], [15, 16], [15, 21], [15, 23], [16, 17], [16, 20], [16, 23], [17, 21], [17, 22], [18, 20], [18, 22], [19, 22], [20, 21]]"
g_n24_e72_k2_low_00,test,24,72,2,low,824776736900495,34.34613384369971,231674364,"[[0, 1], [0, 2], [0, 5], [0, 7], [0, 8], [0, 11], [0, 12], [1, 3], [1, 4], [1, 5], [1, 7], [1, 10], [1, 11], [1, 13], [2, 6], [2, 8], [2, 11], [3, 4], [3, 5], [3, 6], [3, 8], [3, 9], [3, 11], [4, 7], [5, 6], [5, 7], [5, 8], [5, 9], [5, 10], [5, 11], [6, 8], [6, 10], [7, 9], [7, 10], [7, 11], [8, 11], [9, 11], [12, 13], [12, 16], [12, 17], [12, 19], [12, 21], [12, 22], [12, 23], [13, 16], [13, 17], [13, 21], [13, 22], [14, 17], [14, 21], [15, 16], [15, 17], [15, 20], [15, 21], [15, 22], [16, 17], [16, 18], [16, 22], [16, 23], [17, 18], [17, 20], [17, 21], [17, 22], [17, 23], [18, 19], [18, 22], [18, 23], [19, 20], [19, 21], [20, 22], [21, 22], [22, 23]]"
g_n24_e72_k2_low_01,validation,24,72,2,low,865797685373248,34.39467237753628,231674376,"[[0, 5], [0, 7], [0, 12], [1, 3], [1, 4], [1, 5], [1, 6], [1, 7], [1, 8], [1, 9], [1, 10], [1, 11], [2, 3], [2, 7], [2, 10], [2, 11], [2, 18], [3, 4], [3, 5], [3, 6], [3, 7], [3, 9], [3, 11], [4, 8], [4, 9], [4, 10], [4, 11], [5, 6], [5, 9], [5, 11], [6, 10], [6, 11], [7, 9], [7, 10], [8, 11], [9, 11], [10, 11], [12, 13], [12, 15], [12, 16], [12, 18], [12, 20], [12, 21], [12, 22], [12, 23], [13, 14], [13, 17], [13, 19], [13, 20], [13, 22], [14, 15], [14, 17], [14, 18], [14, 19], [14, 20], [14, 23], [15, 16], [15, 17], [15, 18], [15, 20], [15, 23], [16, 17], [16, 18], [16, 19], [17, 18], [17, 20], [18, 20], [18, 21], [18, 22], [18, 23], [20, 22], [21, 23]]"
g_n24_e72_k2_low_02,validation,24,72,2,low,915310930822896,34.45028493858698,231674450,"[[0, 2], [0, 3], [0, 5], [0, 6], [0, 7], [0, 8], [0, 11], [1, 2], [1, 11], [2, 3], [2, 4], [2, 6], [2, 7], [2, 9], [2, 11], [3, 5], [3, 6], [3, 7], [3, 9], [4, 5], [4, 10], [4, 11], [5, 6], [5, 7], [5, 8], [5, 9], [5, 11], [5, 23], [6, 9], [6, 10], [6, 11], [7, 8], [7, 9], [7, 10], [7, 11], [8, 10], [11, 22], [12, 14], [12, 17], [12, 18], [12, 20], [12, 21], [12, 22], [13, 15], [13, 18], [13, 21], [13, 22], [14, 15], [14, 16], [14, 20], [14, 21], [14, 22], [14, 23], [15, 16], [15, 18], [16, 18], [16, 19], [16, 21], [16, 22], [17, 22], [17, 23], [18, 20], [18, 22], [18, 23], [19, 21], [19, 22], [19, 23], [20, 21], [20, 22], [20, 23], [21, 23], [22, 23]]"
g_n24_e72_k2_low_03,train,24,72,2,low,943166376694682,34.48026381639785,231674451,"[[0, 1], [0, 2], [0, 3], [0, 4], [0, 9], [0, 10], [0, 11], [1, 2], [1, 4], [1, 5], [1, 9], [1, 10], [1, 11], [2, 3], [2, 4], [2, 6], [2, 9], [2, 10], [2, 11], [3, 4], [3, 9], [4, 6], [4, 8], [4, 11], [5, 6], [5, 7], [5, 8], [6, 8], [6, 9], [6, 10], [6, 11], [7, 11], [7, 16], [8, 9], [8, 22], [9, 10], [9, 11], [12, 14], [12, 15], [12, 18], [12, 22], [12, 23], [13, 14], [13, 15], [13, 16], [13, 17], [13, 19], [13, 20], [13, 21], [13, 22], [13, 23], [14, 15], [14, 18], [14, 22], [14, 23], [15, 17], [15, 18], [16, 18], [16, 19], [16, 20], [16, 22], [16, 23], [17, 18], [17, 19], [17, 21], [17, 22], [18, 21], [18, 22], [18, 23], [19, 21], [21, 22], [21, 23]]"
g_n24_e72_k2_low_04,train,24,72,2,low,948323974945400,34.485717305524794,231674403,"[[0, 4], [0, 6], [0, 7], [1, 4], [1, 5], [1, 7], [1, 8], [1, 10], [2, 3], [2, 5], [2, 6], [2, 7], [2, 8], [2, 9], [2, 11], [3, 4], [3, 8], [3, 9], [3, 11], [4, 5], [4, 6], [4, 8], [4, 10], [5, 6], [5, 7], [5, 8], [5, 11], [6, 7], [6, 10], [6, 11], [7, 8], [7, 10], [7, 11], [8, 10], [8, 11], [9, 16], [10, 14], [12, 13], [12, 14], [12, 15], [12, 16], [12, 17], [12, 18], [12, 22], [12, 23], [13, 14], [13, 15], [13, 16], [13, 19], [13, 20], [14, 15], [14, 16], [14, 17], [14, 18], [14, 19], [14, 20], [14, 21], [14, 23], [15, 16], [15, 20], [15, 21], [15, 22], [16, 17], [16, 22], [17, 20], [17, 21], [18, 19], [18, 21], [18, 22], [19, 20], [19, 22], [20, 21]]"
g_n24_e72_k2_low_05,test,24,72,2,low,951620302058293,34.4891872287854,231674435,"[[0, 1], [0, 3], [0, 4], [0, 5], [0, 7], [0, 8], [0, 10], [0, 11], [1, 3], [1, 5], [1, 7], [1, 8], [1, 9], [1, 10], [2, 4], [2, 10], [3, 4], [3, 5], [3, 6], [3, 8], [4, 5], [4, 6], [4, 10], [4, 11], [4, 17], [5, 7], [5, 9], [5, 11], [5, 21], [6, 7], [6, 9], [6, 11], [7, 9], [7, 10], [8, 9], [9, 11], [10, 11], [12, 13], [12, 14], [12, 15], [12, 16], [12, 21], [12, 23], [13, 15], [13, 16], [13, 17], [13, 18], [13, 19], [13, 21], [14, 15], [14, 16], [14, 19], [14, 20], [14, 21], [14, 23], [15, 17], [15, 22], [16, 21], [16, 23], [17, 20], [17, 21], [17, 22], [17, 23], [18, 21], [19, 20], [19, 21], [19, 22], [19, 23], [20, 21], [20, 23], [21, 22], [21, 23]]"
g_n24_e72_k2_low_06,train,24,72,2,low,991446218754162,34.5301858201118,231674421,"[[0, 2], [0, 6], [0, 9], [0, 10], [0, 16], [1, 2], [1, 5], [1, 6], [1, 7], [1, 8], [1, 11], [2, 3], [2, 8], [3, 8], [3, 9], [3, 11], [4, 6], [4, 7], [4, 8], [4, 10], [5, 6], [5, 7], [5, 8], [5, 9], [5, 10], [5, 11], [6, 7], [6, 8], [6, 10], [7, 8], [7, 9], [7, 10], [8, 9], [8, 10], [8, 11], [9, 10], [9, 13], [12, 15], [12, 16], [12, 18], [12, 20], [12, 21], [12, 22], [13, 18], [13, 21], [13, 22], [14, 15], [14, 21], [14, 22], [14, 23], [15, 17], [15, 18], [15, 19], [15, 20], [15, 21], [15, 22], [16, 18], [16, 20], [16, 21], [16, 22], [16, 23], [17, 18], [17, 22], [18, 19], [18, 20], [18, 22], [19, 20], [19, 22], [20, 22], [20, 23], [21, 22], [21, 23]]"
g_n24_e72_k2_low_07,train,24,72,2,low,1017966926346556,34.55658382365717,231674410,"[[0, 1], [0, 11], [1, 4], [1, 6], [1, 7], [1, 8], [1, 9], [2, 3], [2, 4], [2, 5], [2, 6], [2, 8], [2, 9], [2, 11], [3, 4], [3, 6], [4, 7], [4, 8], [4, 9], [4, 10], [4, 11], [4, 23], [5, 6], [5, 11], [6, 8], [6, 9], [6, 10], [6, 11], [7, 10], [7, 11], [8, 9], [8, 10], [8, 11], [8, 17], [9, 10], [9, 11], [10, 11], [12, 15], [12, 20], [12, 21], [12, 23], [13, 16], [13, 17], [13, 18], [13, 19], [13, 20], [13, 23], [14, 16], [14, 17], [14, 18], [14, 20], [14, 22], [14, 23], [15, 16], [15, 18], [15, 19], [15, 20], [15, 22], [16, 17], [16, 20], [16, 23], [17, 21], [18, 19], [18, 22], [18, 23], [19, 20], [19, 21], [19, 22], [19, 23], [20, 21], [20, 23], [21, 22]]"
g_n24_e72_k2_low_08,train,24,72,2,low,1070012566303115,34.60644678752406,231674429,"[[0, 1], [0, 2], [0, 5], [0, 6], [0, 10], [1, 3], [1, 4], [1, 6], [1, 8], [2, 3], [2, 5], [2, 10], [2, 11], [3, 4], [3, 5], [3, 7], [3, 9], [3, 11], [4, 5], [4, 10], [4, 11], [5, 6], [5, 8], [5, 9], [5, 10], [5, 11], [6, 8], [6, 10], [7, 8], [7, 10], [7, 11], [7, 20], [8, 9], [8, 10], [9, 10], [10, 11], [10, 15], [12, 13], [12, 15], [12, 18], [12, 19], [12, 20], [12, 22], [13, 16], [13, 17], [13, 18], [13, 20], [13, 21], [14, 15], [14, 17], [14, 18], [14, 19], [14, 20], [14, 21], [15, 16], [15, 18], [15, 19], [15, 21], [15, 22], [16, 19], [16, 20], [16, 21], [16, 23], [17, 18], [17, 19], [18, 19], [18, 20], [18, 21], [18, 23], [19, 20], [19, 21], [20, 23]]"
g_n24_e72_k2_low_09,train,24,72,2,low,1102444957948320,34.63630679723984,231674406,"[[0, 1], [0, 3], [0, 5], [1, 2], [1, 3], [1, 4], [1, 5], [1, 6], [1, 7], [2, 4], [2, 6], [2, 7], [2, 8], [2, 11], [3, 6], [3, 9], [3, 11], [3, 13], [4, 6], [4, 7], [4, 8], [4, 11], [5, 6], [5, 9], [5, 10], [5, 21], [6, 7], [6, 8], [6, 9], [6, 10], [6, 11], [7, 8], [7, 9], [7, 10], [7, 11], [8, 9], [10, 11], [12, 15], [12, 16], [12, 17], [12, 18], [12, 19], [12, 20], [12, 23], [13, 14], [13, 15], [13, 16], [13, 17], [13, 18], [14, 15], [14, 17], [14, 21], [14, 22], [15, 16], [15, 17], [15, 20], [15, 21], [15, 22], [16, 17], [16, 18], [16, 20], [16, 21], [16, 22], [17, 18], [17, 22], [18, 19], [18, 20], [18, 22], [20, 23], [21, 22], [21, 23], [22, 23]]"
g_n24_e72_k2_mid_10,train,24,72,2,mid,1613641613583271,35.01726989151667,231674397,"[[0, 2], [0, 4], [0, 7], [0, 9], [1, 3], [1, 5], [1, 8], [1, 10], [2, 3], [2, 6], [2, 8], [2, 9], [2, 11], [3, 4], [3, 5], [3, 6], [3, 7], [3, 8], [3, 9], [3, 11], [4, 5], [4, 9], [4, 19], [5, 6], [5, 9], [5, 10], [6, 8], [6, 10], [7, 8], [7, 9], [7, 17], [8, 9], [8, 10], [8, 11], [9, 10], [9, 11], [10, 11], [12, 13], [12, 14], [12, 15], [12, 16], [12, 18], [12, 19], [12, 22], [12, 23], [13, 16], [13, 19], [13, 20], [13, 21], [13, 22], [14, 16], [14, 17], [14, 18], [14, 20], [14, 22], [15, 17], [15, 19], [15, 20], [15, 21], [15, 22], [16, 17], [16, 18], [16, 21], [16, 22], [17, 21], [17, 22], [17, 23], [18, 23], [19, 22], [19, 23], [21, 22], [21, 23]]"
g_n24_e72_k2_mid_11,train,24,72,2,mid,1620690319433836,35.02162857649762,231674353,"[[0, 2], [0, 4], [0, 5], [0, 6], [0, 10], [0, 11], [1, 2], [1, 3], [1, 5], [1, 6], [1, 7], [1, 9], [1, 11], [1, 20], [2, 3], [2, 6], [3, 5], [3, 7], [3, 8], [3, 10], [4, 6], [4, 7], [4, 8], [5, 7], [5, 9], [5, 10], [5, 11], [6, 8], [6, 9], [6, 10], [7, 10], [8, 9], [8, 10], [8, 11], [9, 10], [10, 11], [11, 16], [12, 13], [12, 14], [12, 17], [12, 20], [13, 14], [13, 15], [13, 16], [13, 17], [13, 19], [13, 21], [13, 22], [13, 23], [14, 15], [14, 16], [14, 18], [14, 19], [14, 20], [14, 21], [15, 16], [15, 17], [15, 20], [15, 23], [16, 17], [16, 21], [16, 23], [17, 18], [17, 19], [17, 20], [17, 23], [18, 19], [18, 21], [19, 20], [19, 22], [20, 21], [20, 22]]"
g_n24_e72_k2_mid_12,test,24,72,2,mid,1621401999037405,35.02206760138962,231674382,"[[0, 4], [0, 5], [0, 6], [0, 8], [0, 9], [0, 10], [0, 11], [0, 23], [1, 2], [1, 4], [1, 6], [1, 7], [1, 11], [1, 18], [2, 4], [2, 7], [2, 8], [2, 9], [2, 11], [3, 4], [3, 5], [4, 8], [4, 9], [4, 10], [5, 6], [5, 7], [5, 9], [5, 10], [5, 11], [6, 7], [6, 8], [6, 10], [7, 8], [8, 9], [8, 10], [9, 11], [10, 11], [12, 15], [12, 16], [12, 17], [12, 19], [12, 22], [13, 14], [13, 15], [13, 17], [13, 19], [13, 20], [13, 21], [13, 22], [13, 23], [14, 15], [14, 17], [14, 18], [14, 20], [14, 22], [15, 16], [15, 18], [15, 20], [15, 22], [16, 17], [16, 19], [16, 20], [16, 21], [16, 22], [17, 21], [18, 19], [18, 23], [19, 21], [19, 22], [19, 23], [20, 21], [21, 22]]"
g_n24_e72_k2_mid_13,validation,24,72,2,mid,1632194317278126,35.02870171132433,231674348,"[[0, 1], [0, 4], [0, 6], [0, 8], [0, 9], [1, 2], [1, 9], [1, 10], [2, 6], [2, 8], [2, 9], [2, 10], [3, 4], [3, 7], [3, 9], [3, 10], [3, 11], [4, 6], [4, 7], [4, 9], [4, 10], [4, 11], [4, 12], [5, 6], [5, 8], [5, 9], [6, 7], [6, 9], [6, 10], [7, 8], [7, 9], [7, 10], [8, 11], [9, 10], [9, 11], [9, 20], [10, 11], [12, 15], [12, 16], [12, 17], [12, 19], [12, 22], [12, 23], [13, 15], [13, 19], [13, 22], [13, 23], [14, 15], [14, 16], [14, 17], [14, 20], [14, 21], [14, 23], [15, 18], [15, 20], [15, 22], [16, 17], [16, 22], [17, 20], [17, 21], [17, 22], [18, 19], [18, 20], [18, 21], [18, 23], [19, 20], [19, 21], [19, 23], [20, 21], [20, 22], [20, 23], [21, 23]]"
g_n24_e72_k2_mid_14,train,24,72,2,mid,1632386522610153,35.02881946324513,231674379,"[[0, 1], [0, 2], [0, 4], [0, 6], [0, 8], [0, 11], [1, 2], [1, 3], [1, 4], [1, 8], [1, 11], [2, 4], [2, 6], [2, 8], [2, 9], [2, 10], [2, 14], [3, 4], [3, 5], [3, 6], [3, 7], [3, 8], [3, 9], [3, 10], [3, 11], [4, 5], [4, 10], [5, 7], [5, 8], [5, 11], [6, 7], [6, 11], [7, 9], [8, 11], [9, 10], [9, 11], [9, 13], [12, 13], [12, 16], [12, 20], [12, 21], [12, 22], [13, 14], [13, 16], [13, 18], [13, 19], [13, 21], [13, 22], [14, 15], [14, 16], [14, 17], [14, 20], [14, 21], [14, 22], [14, 23], [15, 16], [15, 21], [15, 22], [15, 23], [16, 17], [16, 19], [16, 21], [16, 22], [17, 18], [17, 22], [18, 21], [19, 20], [19, 22], [19, 23], [20, 21], [20, 23], [22, 23]]"
g_n24_e72_k2_mid_15,validation,24,72,2,mid,1632665452602080,35.02899032116391,231674357,"[[0, 1], [0, 2], [0, 3], [0, 6], [0, 8], [0, 11], [1, 5], [1, 7], [1, 8], [1, 11], [1, 16], [2, 3], [2, 4], [2, 5], [2, 6], [2, 8], [2, 9], [2, 10], [2, 11], [3, 5], [3, 6], [3, 9], [4, 5], [4, 9], [4, 11], [4, 20], [5, 6], [5, 10], [6, 7], [6, 8], [6, 10], [7, 8], [7, 10], [8, 10], [8, 11], [9, 11], [10, 11], [12, 15], [12, 17], [12, 19], [12, 20], [12, 21], [12, 22], [12, 23], [13, 14], [13, 16], [13, 17], [13, 21], [14, 15], [14, 16], [14, 19], [14, 20], [15, 16], [15, 18], [15, 19], [15, 20], [15, 21], [15, 23], [16, 20], [16, 22], [16, 23], [17, 18], [17, 19], [18, 19], [18, 20], [18, 22], [19, 20], [19, 22], [19, 23], [20, 21], [20, 22], [20, 23]]"
g_n24_e72_k2_mid_16,train,24,72,2,mid,1635274789772544,35.03058725227737,231674447,"[[0, 1], [0, 3], [0, 4], [0, 6], [0, 7], [0, 8], [0, 9], [1, 7], [1, 10], [2, 3], [2, 4], [2, 8], [2, 9], [3, 6], [3, 7], [3, 8], [3, 11], [4, 6], [4, 7], [4, 10], [5, 6], [5, 9], [5, 10], [5, 11], [5, 13], [6, 7], [6, 8], [6, 10], [6, 11], [6, 14], [7, 8], [7, 9], [8, 10], [8, 11], [9, 10], [9, 11], [10, 11], [12, 13], [12, 15], [12, 16], [12, 18], [12, 19], [12, 21], [12, 22], [13, 16], [13, 19], [13, 20], [13, 22], [13, 23], [14, 15], [14, 16], [14, 18], [14, 20], [14, 22], [15, 16], [15, 18], [15, 19], [15, 21], [15, 22], [16, 17], [16, 18], [17, 18], [17, 19], [17, 23], [18, 19], [18, 20], [18, 21], [19, 20], [19, 21], [19, 22], [20, 21], [20, 23]]"
g_n24_e72_k2_mid_17,train,24,72,2,mid,1656269300240320,35.043344058570476,231674458,"[[0, 1], [0, 2], [0, 3], [0, 7], [0, 10], [0, 11], [0, 14], [1, 3], [1, 6], [1, 7], [1, 8], [1, 10], [1, 11], [2, 7], [2, 8], [2, 9], [3, 6], [3, 7], [3, 8], [3, 10], [3, 11], [4, 5], [4, 7], [4, 8], [5, 7], [5, 9], [5, 10], [5, 11], [6, 7], [6, 8], [6, 11], [7, 20], [8, 9], [8, 10], [8, 11], [9, 10], [9, 11], [12, 13], [12, 15], [12, 16], [12, 17], [12, 19], [12, 21], [12, 22], [12, 23], [13, 15], [13, 17], [13, 19], [13, 22], [14, 16], [14, 17], [14, 18], [14, 22], [15, 16], [15, 19], [15, 20], [15, 22], [15, 23], [16, 17], [16, 19], [16, 20], [16, 21], [17, 20], [17, 23], [18, 19], [18, 20], [18, 22], [19, 22], [19, 23], [20, 23], [21, 23], [22, 23]]"
g_n24_e72_k2_mid_18,train,24,72,2,mid,1657616817037520,35.04415731335581,231674367,"[[0, 1], [0, 2], [0, 3], [0, 5], [0, 6], [0, 7], [0, 9], [1, 2], [1, 4], [1, 6], [1, 7], [1, 9], [1, 11], [2, 5], [2, 8], [2, 9], [2, 10], [2, 11], [3, 5], [3, 9], [3, 11], [4, 7], [4, 8], [4, 11], [4, 18], [5, 7], [5, 9], [5, 11], [6, 10], [6, 11], [7, 8], [7, 11], [7, 17], [8, 9], [8, 10], [9, 10], [9, 11], [12, 16], [12, 17], [12, 19], [12, 21], [13, 14], [13, 15], [13, 17], [13, 20], [13, 23], [14, 15], [14, 17], [14, 21], [15, 17], [15, 20], [15, 22], [16, 18], [16, 20], [16, 21], [16, 23], [17, 18], [17, 20], [17, 21], [17, 22], [18, 19], [18, 20], [18, 23], [19, 20], [19, 21], [19, 22], [19, 23], [20, 21], [20, 23], [21, 22], [21, 23], [22, 23]]"
g_n24_e72_k2_mid_19,test,24,72,2,mid,1659778346350694,35.045460462068945,231674412,"[[0, 3], [0, 4], [0, 6], [0, 7], [0, 8], [1, 2], [1, 7], [1, 8], [1, 10], [2, 4], [2, 5], [2, 7], [2, 8], [2, 10], [2, 11], [3, 4], [3, 6], [3, 8], [3, 11], [4, 5], [4, 7], [4, 8], [4, 9], [5, 7], [5, 8], [5, 9], [5, 10], [5, 11], [5, 17], [6, 7], [6, 8], [6, 10], [6, 11], [7, 9], [7, 15], [9, 11], [10, 11], [12, 16], [12, 18], [12, 19], [12, 20], [12, 21], [13, 15], [13, 16], [13, 17], [13, 18], [13, 20], [13, 21], [13, 23], [14, 17], [14, 18], [14, 20], [14, 21], [15, 16], [15, 17], [15, 21], [15, 22], [15, 23], [16, 18], [16, 19], [16, 20], [16, 21], [16, 22], [16, 23], [17, 22], [17, 23], [18, 19], [18, 21], [18, 22], [19, 21], [20, 21], [21, 22]]"
g_n24_e72_k2_high_20,train,24,72,2,high,2266209652248807,35.356885074087906,231674437,"[[0, 1], [0, 3], [0, 4], [0, 7], [0, 10], [1, 4], [1, 5], [1, 8], [1, 9], [1, 10], [1, 11], [2, 3], [2, 6], [2, 7], [2, 8], [2, 9], [2, 11], [2, 17], [3, 6], [3, 9], [3, 10], [3, 11], [4, 5], [4, 10], [4, 11], [5, 6], [5, 7], [5, 9], [5, 10], [5, 11], [6, 8], [6, 11], [7, 8], [7, 9], [8, 10], [9, 10], [10, 13], [12, 13], [12, 20], [12, 21], [13, 15], [13, 21], [13, 23], [14, 18], [14, 19], [14, 20], [14, 21], [14, 22], [15, 16], [15, 18], [15, 19], [15, 20], [15, 21], [15, 22], [15, 23], [16, 17], [16, 19], [16, 21], [16, 22], [17, 18], [17, 19], [17, 20], [17, 21], [17, 22], [18, 20], [18, 22], [18, 23], [19, 21], [19, 22], [19, 23], [20, 22], [21, 23]]"
g_n24_e72_k2_high_21,train,24,72,2,high,2289997512174744,35.36732712608967,231674389,"[[0, 1], [0, 2], [0, 3], [0, 9], [0, 10], [0, 18], [1, 5], [1, 6], [1, 7], [1, 10], [1, 11], [1, 19], [2, 3], [2, 5], [2, 7], [2, 8], [3, 4], [3, 5], [3, 6], [3, 7], [3, 9], [3, 10], [3, 11], [4, 5], [4, 7], [4, 8], [4, 9], [4, 10], [4, 11], [5, 9], [5, 10], [6, 7], [7, 9], [8, 9], [8, 10], [8, 11], [10, 11], [12, 14], [12, 15], [12, 17], [12, 18], [12, 19], [12, 21], [12, 22], [12, 23], [13, 14], [13, 17], [13, 19], [13, 20], [14, 16], [14, 18], [14, 22], [14, 23], [15, 16], [15, 17], [15, 19], [15, 22], [15, 23], [16, 17], [16, 18], [16, 20], [16, 21], [17, 20], [17, 22], [17, 23], [18, 23], [19, 20], [19, 21], [20, 21], [20, 23], [21, 22], [21, 23]]"
g_n24_e72_k2_high_22,train,24,72,2,high,2295626940405564,35.36978237776455,231674377,"[[0, 2], [0, 3], [0, 6], [0, 7], [0, 8], [0, 10], [1, 2], [1, 3], [1, 10], [1, 11], [2, 4], [2, 5], [2, 6], [2, 7], [2, 8], [2, 9], [2, 16], [3, 4], [3, 5], [3, 9], [3, 11], [4, 6], [4, 7], [4, 9], [4, 10], [5, 7], [5, 8], [5, 11], [6, 8], [6, 10], [6, 18], [7, 8], [7, 10], [8, 9], [8, 10], [9, 10], [10, 11], [12, 13], [12, 15], [12, 20], [12, 21], [12, 22], [12, 23], [13, 14], [13, 16], [13, 18], [13, 21], [13, 22], [14, 17], [14, 18], [14, 21], [14, 22], [14, 23], [15, 19], [15, 22], [15, 23], [16, 19], [16, 20], [16, 22], [16, 23], [17, 19], [17, 20], [17, 22], [18, 19], [18, 21], [18, 22], [19, 20], [19, 23], [20, 21], [20, 22], [20, 23], [21, 23]]"
g_n24_e72_k2_high_23,test,24,72,2,high,2369037029528320,35.40125995083403,231674386,"[[0, 3], [0, 6], [0, 8], [0, 10], [0, 11], [1, 3], [1, 4], [1, 5], [1, 6], [1, 8], [1, 10], [1, 11], [2, 3], [2, 4], [2, 6], [2, 10], [2, 11], [3, 6], [3, 8], [3, 9], [3, 11], [4, 5], [4, 7], [4, 8], [4, 9], [4, 14], [5, 6], [5, 8], [6, 7], [6, 9], [6, 11], [7, 9], [7, 10], [7, 15], [8, 11], [9, 10], [9, 11], [12, 13], [12, 16], [12, 17], [12, 21], [12, 22], [13, 14], [13, 15], [13, 16], [13, 17], [13, 18], [13, 21], [14, 17], [14, 19], [14, 21], [14, 22], [15, 16], [15, 17], [15, 19], [15, 21], [15, 22], [16, 17], [16, 19], [16, 21], [16, 22], [16, 23], [17, 20], [17, 22], [18, 20], [18, 21], [18, 23], [19, 20], [19, 23], [20, 22], [20, 23], [22, 23]]"
g_n24_e72_k2_high_24,test,24,72,2,high,2406316194803461,35.41687342311497,231674425,"[[0, 1], [0, 3], [0, 4], [0, 5], [0, 6], [0, 8], [0, 9], [1, 3], [1, 5], [1, 7], [1, 10], [1, 11], [2, 3], [2, 4], [2, 5], [2, 6], [2, 9], [2, 10], [3, 4], [3, 6], [4, 6], [4, 7], [4, 8], [5, 6], [5, 9], [5, 10], [6, 7], [6, 8], [6, 11], [7, 9], [7, 10], [7, 15], [8, 9], [8, 10], [8, 11], [8, 17], [9, 10], [12, 15], [12, 16], [12, 17], [12, 19], [12, 23], [13, 14], [13, 16], [13, 17], [13, 20], [13, 22], [13, 23], [14, 16], [14, 17], [14, 19], [14, 20], [15, 18], [15, 19], [15, 22], [15, 23], [16, 18], [16, 19], [16, 20], [16, 21], [16, 23], [17, 19], [17, 21], [18, 19], [18, 21], [18, 22], [19, 20], [19, 21], [19, 22], [20, 22], [21, 22], [21, 23]]"
g_n24_e72_k2_high_25,train,24,72,2,high,2421855274653174,35.42331028377776,231674443,"[[0, 1], [0, 2], [0, 7], [0, 10], [0, 11], [1, 4], [1, 5], [1, 6], [1, 8], [1, 9], [1, 11], [2, 3], [2, 4], [2, 5], [2, 10], [2, 11], [3, 4], [3, 6], [3, 7], [3, 8], [3, 10], [3, 15], [4, 6], [4, 7], [4, 9], [4, 11], [5, 6], [5, 7], [5, 9], [5, 11], [6, 9], [7, 8], [7, 11], [8, 10], [8, 23], [9, 10], [10, 11], [12, 14], [12, 16], [12, 17], [12, 19], [12, 21], [12, 22], [12, 23], [13, 14], [13, 17], [13, 20], [13, 22], [13, 23], [14, 16], [14, 18], [14, 23], [15, 16], [15, 18], [15, 20], [15, 21], [15, 23], [16, 17], [16, 18], [16, 19], [16, 20], [16, 23], [17, 19], [17, 20], [18, 19], [18, 20], [18, 22], [18, 23], [19, 20], [19, 21], [20, 23], [21, 22]]"
g_n24_e72_k2_high_26,train,24,72,2,high,2478670760994966,35.44649882792732,231674459,"[[0, 1], [0, 3], [0, 5], [0, 6], [0, 7], [0, 8], [0, 9], [1, 3], [1, 8], [1, 11], [1, 21], [2, 4], [2, 6], [2, 7], [2, 10], [2, 11], [3, 4], [3, 5], [3, 8], [4, 8], [4, 9], [4, 10], [4, 11], [4, 18], [5, 6], [5, 8], [5, 9], [5, 11], [6, 7], [6, 9], [6, 11], [7, 9], [7, 10], [7, 11], [8, 10], [9, 11], [10, 11], [12, 14], [12, 15], [12, 16], [12, 17], [12, 18], [12, 22], [12, 23], [13, 14], [13, 15], [13, 16], [13, 18], [13, 20], [13, 21], [13, 23], [14, 16], [14, 18], [14, 21], [14, 22], [15, 17], [15, 19], [15, 20], [15, 22], [15, 23], [16, 18], [16, 19], [16, 22], [16, 23], [17, 19], [17, 20], [17, 21], [17, 22], [18, 21], [19, 21], [20, 23], [21, 23]]"
g_n24_e72_k2_high_27,validation,24,72,2,high,2486465766338215,35.449638726177675,231674345,"[[0, 1], [0, 9], [0, 10], [0, 11], [1, 2], [1, 3], [1, 8], [1, 10], [1, 11], [2, 3], [2, 5], [2, 6], [2, 7], [2, 11], [2, 14], [3, 4], [3, 6], [3, 7], [3, 9], [4, 5], [4, 7], [4, 11], [4, 16], [5, 7], [5, 8], [5, 9], [5, 10], [5, 11], [6, 7], [6, 8], [6, 9], [6, 10], [7, 8], [7, 9], [7, 10], [8, 9], [8, 11], [12, 14], [12, 17], [12, 19], [12, 20], [12, 22], [12, 23], [13, 15], [13, 18], [13, 20], [13, 21], [13, 23], [14, 15], [14, 16], [14, 21], [14, 22], [15, 16], [15, 17], [15, 18], [15, 19], [15, 21], [16, 22], [16, 23], [17, 18], [17, 20], [17, 21], [17, 22], [17, 23], [18, 21], [18, 23], [19, 20], [19, 21], [20, 21], [20, 22], [20, 23], [21, 22]]"
g_n24_e72_k2_high_28,train,24,72,2,high,2526303166044082,35.46553342986543,231674417,"[[0, 1], [0, 3], [0, 5], [0, 7], [0, 9], [0, 11], [1, 3], [1, 6], [1, 8], [2, 3], [2, 4], [2, 6], [2, 7], [2, 10], [2, 11], [3, 6], [3, 8], [3, 14], [4, 5], [4, 6], [4, 9], [4, 10], [4, 11], [5, 6], [5, 8], [5, 9], [5, 10], [6, 8], [6, 9], [7, 9], [7, 10], [7, 11], [8, 9], [8, 10], [9, 10], [9, 11], [10, 19], [12, 13], [12, 15], [12, 16], [12, 18], [12, 19], [12, 22], [13, 14], [13, 16], [13, 17], [13, 19], [13, 21], [13, 22], [14, 15], [14, 17], [14, 22], [14, 23], [15, 17], [15, 18], [15, 19], [15, 20], [15, 22], [16, 19], [16, 20], [16, 21], [17, 20], [17, 21], [17, 22], [18, 19], [18, 20], [18, 23], [19, 20], [19, 21], [19, 23], [21, 22], [21, 23]]"
g_n24_e72_k2_high_29,validation,24,72,2,high,3138330696915152,35.68246742828182,231674360,"[[0, 2], [0, 7], [0, 8], [0, 9], [0, 10], [1, 2], [1, 3], [1, 5], [1, 6], [1, 7], [1, 10], [1, 11], [2, 3], [2, 4], [2, 6], [2, 7], [3, 8], [3, 9], [3, 10], [3, 11], [4, 8], [4, 9], [4, 10], [4, 11], [5, 6], [5, 7], [5, 8], [5, 11], [6, 7], [6, 8], [6, 10], [6, 14], [7, 8], [7, 9], [9, 11], [9, 13], [10, 11], [12, 13], [12, 14], [12, 15], [12, 17], [12, 18], [12, 19], [12, 21], [12, 23], [13, 18], [13, 20], [13, 22], [13, 23], [14, 17], [14, 19], [14, 20], [14, 22], [15, 16], [15, 18], [15, 19], [15, 20], [15, 22], [15, 23], [16, 17], [16, 18], [16, 20], [16, 22], [17, 22], [17, 23], [18, 19], [18, 21], [18, 23], [19, 21], [20, 21], [20, 23], [21, 23]]"
g_n24_e72_k3_low_00,train,24,72,3,low,1467702758047225,34.92247482370672,232674371,"[[0, 1], [0, 3], [0, 4], [0, 5], [0, 8], [0, 11], [0, 16], [1, 2], [1, 3], [1, 4], [1, 6], [1, 7], [1, 8], [1, 10], [2, 4], [2, 5], [2, 6], [2, 8], [2, 9], [2, 10], [2, 21], [3, 4], [3, 6], [3, 7], [3, 9], [3, 10], [4, 5], [4, 8], [4, 9], [4, 11], [5, 8], [6, 9], [6, 11], [7, 11], [8, 9], [8, 10], [9, 13], [12, 15], [12, 16], [12, 17], [12, 20], [12, 21], [12, 22], [13, 16], [13, 17], [13, 20], [13, 23], [14, 16], [14, 17], [14, 21], [15, 16], [15, 17], [15, 19], [15, 20], [15, 22], [16, 17], [16, 20], [16, 21], [16, 22], [16, 23], [17, 18], [17, 19], [17, 21], [17, 22], [17, 23], [18, 19], [18, 21], [19, 20], [19, 23], [20, 21], [20, 23], [21, 22]]"
g_n24_e72_k3_low_01,validation,24,72,3,low,1509739365263552,34.9507134250537,232674435,"[[0, 1], [0, 3], [0, 4], [0, 7], [0, 10], [0, 15], [1, 2], [1, 3], [1, 5], [1, 6], [1, 7], [1, 21], [2, 3], [2, 4], [2, 6], [2, 7], [2, 8], [3, 4], [3, 6], [3, 7], [3, 8], [3, 9], [3, 10], [3, 20], [4, 7], [5, 7], [5, 9], [5, 10], [5, 11], [6, 7], [6, 8], [6, 10], [6, 11], [8, 9], [8, 10], [9, 10], [10, 11], [12, 14], [12, 15], [12, 16], [12, 17], [12, 21], [13, 14], [13, 15], [13, 16], [13, 17], [14, 15], [14, 16], [14, 17], [15, 16], [15, 17], [15, 18], [15, 20], [15, 21], [15, 22], [16, 17], [16, 18], [16, 19], [16, 21], [17, 20], [17, 21], [17, 22], [17, 23], [18, 19], [18, 20], [18, 21], [18, 22], [19, 21], [19, 22], [20, 22], [20, 23], [21, 23]]"
g_n24_e72_k3_low_02,test,24,72,3,low,1587168552095175,35.00072803881477,232674417,"[[0, 1], [0, 6], [0, 8], [0, 10], [0, 11], [1, 2], [1, 6], [1, 8], [1, 9], [1, 10], [1, 11], [1, 20], [2, 6], [2, 9], [2, 11], [2, 22], [3, 6], [3, 8], [3, 9], [3, 19], [4, 6], [4, 9], [4, 11], [5, 7], [5, 8], [5, 11], [6, 7], [6, 8], [6, 9], [6, 10], [7, 9], [7, 10], [7, 11], [8, 9], [8, 11], [9, 10], [9, 11], [12, 14], [12, 15], [12, 16], [12, 18], [12, 21], [12, 22], [13, 15], [13, 17], [13, 18], [13, 22], [14, 18], [14, 19], [14, 20], [14, 22], [15, 17], [15, 19], [15, 22], [16, 18], [16, 19], [16, 21], [16, 23], [17, 18], [17, 19], [17, 22], [18, 19], [18, 21], [18, 23], [19, 20], [19, 21], [19, 22], [19, 23], [20, 21], [20, 22], [21, 23], [22, 23]]"
g_n24_e72_k3_low_03,train,24,72,3,low,1674227910840804,35.054128505166425,232674434,"[[0, 2], [0, 6], [0, 7], [0, 9], [1, 2], [1, 9], [1, 11], [1, 14], [2, 3], [2, 6], [2, 9], [2, 10], [2, 11], [3, 4], [3, 6], [3, 7], [3, 8], [3, 9], [3, 10], [3, 11], [3, 20], [4, 5], [4, 9], [5, 7], [5, 8], [5, 10], [5, 19], [6, 7], [6, 8], [7, 8], [7, 9], [7, 11], [8, 9], [8, 10], [8, 11], [9, 10], [10, 11], [12, 15], [12, 17], [12, 18], [12, 19], [12, 20], [12, 21], [13, 15], [13, 18], [13, 19], [13, 20], [13, 21], [13, 22], [14, 16], [14, 17], [14, 20], [15, 16], [15, 17], [15, 19], [15, 20], [15, 22], [15, 23], [16, 17], [16, 20], [16, 21], [16, 23], [17, 18], [17, 19], [17, 20], [17, 21], [17, 22], [17, 23], [19, 22], [19, 23], [20, 21], [20, 23]]"
g_n24_e72_k3_low_04,test,24,72,3,low,1739925088802007,35.0926184547977,232674387,"[[0, 1], [0, 3], [0, 5], [0, 6], [0, 8], [0, 10], [0, 11], [1, 2], [1, 3], [1, 4], [1, 9], [1, 11], [2, 3], [2, 4], [2, 5], [2, 10], [3, 4], [3, 5], [3, 6], [3, 7], [3, 8], [3, 10], [3, 11], [3, 13], [5, 8], [5, 11], [6, 8], [7, 8], [7, 9], [7, 11], [7, 17], [8, 10], [8, 11], [8, 18], [9, 10], [9, 11], [10, 11], [12, 14], [12, 15], [12, 17], [12, 18], [12, 21], [12, 22], [13, 14], [13, 17], [13, 18], [13, 19], [13, 20], [14, 15], [14, 16], [14, 19], [14, 20], [14, 21], [14, 22], [15, 18], [15, 19], [15, 21], [15, 22], [15, 23], [16, 17], [16, 20], [16, 22], [16, 23], [17, 22], [18, 19], [18, 22], [18, 23], [19, 20], [19, 22], [21, 22], [21, 23], [22, 23]]"
g_n24_e72_k3_low_05,train,24,72,3,low,1802315138419844,35.127848421392585,232674392,"[[0, 2], [0, 3], [0, 4], [0, 5], [0, 7], [0, 9], [0, 11], [0, 21], [1, 5], [1, 6], [1, 7], [1, 8], [1, 9], [1, 10], [1, 11], [2, 5], [2, 6], [2, 8], [2, 9], [2, 10], [2, 11], [2, 17], [3, 7], [3, 11], [4, 8], [4, 9], [4, 10], [5, 6], [5, 11], [6, 7], [6, 11], [7, 8], [7, 10], [7, 11], [8, 9], [9, 11], [9, 13], [12, 13], [12, 15], [12, 17], [12, 20], [12, 21], [13, 15], [13, 16], [13, 17], [13, 18], [13, 21], [14, 16], [14, 17], [14, 18], [14, 22], [14, 23], [15, 17], [15, 19], [15, 20], [15, 21], [15, 22], [16, 18], [16, 21], [16, 22], [16, 23], [17, 18], [17, 20], [17, 21], [18, 19], [18, 20], [18, 21], [18, 23], [19, 21], [19, 23], [20, 21], [21, 23]]"
g_n24_e72_k3_low_06,validation,24,72,3,low,1811015557138295,35.13266416413304,232674442,"[[0, 1], [0, 2], [0, 4], [0, 6], [0, 7], [0, 8], [1, 7], [1, 9], [1, 10], [2, 3], [2, 5], [2, 8], [2, 9], [2, 10], [2, 11], [2, 18], [3, 6], [3, 7], [3, 8], [3, 9], [3, 11], [4, 5], [4, 6], [5, 6], [5, 7], [5, 10], [5, 11], [6, 7], [6, 8], [6, 10], [7, 8], [7, 9], [7, 10], [8, 10], [9, 10], [9, 19], [10, 15], [12, 15], [12, 16], [12, 18], [12, 19], [12, 21], [12, 22], [13, 15], [13, 19], [13, 21], [14, 15], [14, 16], [14, 18], [14, 19], [14, 21], [14, 23], [15, 16], [15, 18], [15, 23], [16, 18], [16, 21], [16, 22], [16, 23], [17, 20], [17, 21], [17, 22], [17, 23], [18, 22], [19, 22], [19, 23], [20, 21], [20, 22], [20, 23], [21, 22], [21, 23], [22, 23]]"
g_n24_e72_k3_low_07,train,24,72,3,low,1828797216491808,35.14243488692715,232674444,"[[0, 1], [0, 3], [0, 6], [0, 8], [0, 10], [0, 11], [1, 4], [1, 5], [1, 6], [2, 5], [2, 6], [2, 7], [2, 9], [2, 11], [3, 5], [3, 6], [3, 7], [3, 8], [3, 9], [3, 10], [3, 11], [3, 16], [4, 9], [4, 10], [4, 11], [4, 21], [5, 6], [5, 9], [5, 10], [6, 9], [6, 10], [7, 10], [8, 10], [9, 10], [9, 11], [10, 11], [11, 17], [12, 13], [12, 16], [12, 17], [12, 18], [12, 19], [12, 20], [12, 22], [12, 23], [13, 15], [13, 17], [13, 18], [13, 21], [13, 22], [14, 15], [14, 18], [14, 19], [14, 20], [15, 16], [15, 17], [15, 19], [15, 20], [15, 22], [15, 23], [16, 17], [16, 20], [16, 21], [16, 23], [17, 18], [18, 20], [18, 21], [18, 22], [18, 23], [19, 23], [20, 23], [22, 23]]"
g_n24_e72_k3_low_08,train,24,72,3,low,1844537123890294,35.15100475956691,232674403,"[[0, 1], [0, 2], [0, 5], [0, 7], [0, 8], [0, 9], [0, 11], [1, 5], [1, 6], [1, 8], [2, 5], [2, 8], [2, 10], [2, 11], [3, 4], [3, 5], [3, 6], [3, 7], [3, 8], [3, 9], [3, 11], [4, 5], [4, 8], [4, 9], [4, 20], [5, 6], [5, 7], [5, 11], [5, 22], [6, 9], [6, 11], [7, 10], [7, 11], [7, 14], [8, 10], [8, 11], [9, 11], [12, 13], [12, 14], [12, 15], [12, 16], [12, 19], [12, 21], [12, 23], [13, 14], [13, 16], [13, 17], [13, 20], [13, 21], [13, 23], [14, 16], [14, 18], [14, 19], [14, 21], [14, 22], [14, 23], [15, 17], [15, 18], [15, 20], [16, 21], [16, 22], [17, 21], [17, 23], [18, 22], [19, 20], [19, 21], [19, 23], [20, 21], [20, 23], [21, 22], [21, 23], [22, 23]]"
g_n24_e72_k3_low_09,train,24,72,3,low,1863884573644145,35.16143918524606,232674414,"[[0, 2], [0, 4], [0, 5], [0, 8], [0, 9], [0, 11], [1, 2], [1, 3], [1, 4], [1, 5], [1, 6], [1, 7], [1, 9], [1, 10], [1, 11], [2, 4], [2, 7], [2, 8], [2, 15], [3, 4], [3, 11], [4, 5], [4, 6], [4, 7], [4, 8], [4, 9], [4, 11], [4, 18], [5, 6], [5, 9], [6, 7], [6, 8], [6, 10], [7, 8], [7, 10], [7, 16], [9, 11], [12, 13], [12, 14], [12, 15], [12, 16], [12, 19], [12, 21], [12, 22], [13, 14], [13, 15], [13, 17], [13, 18], [13, 21], [13, 22], [13, 23], [14, 15], [14, 16], [14, 18], [14, 20], [14, 23], [15, 16], [15, 17], [15, 19], [15, 22], [16, 20], [16, 21], [16, 23], [17, 18], [17, 19], [17, 22], [18, 19], [19, 20], [19, 22], [19, 23], [20, 22], [21, 23]]"
g_n24_e72_k3_mid_10,train,24,72,3,mid,2466346650207725,35.44151436163393,232674400,"[[0, 1], [0, 2], [0, 3], [0, 4], [0, 5], [0, 7], [0, 8], [0, 9], [1, 8], [1, 11], [2, 4], [2, 7], [2, 11], [3, 6], [3, 8], [3, 9], [3, 16], [4, 5], [4, 6], [4, 7], [4, 9], [5, 7], [5, 8], [5, 9], [5, 10], [5, 11], [6, 7], [6, 10], [7, 8], [7, 11], [8, 9], [8, 10], [8, 11], [8, 19], [9, 10], [9, 11], [9, 21], [12, 13], [12, 15], [12, 17], [12, 18], [12, 21], [13, 14], [13, 18], [13, 20], [13, 21], [13, 22], [14, 15], [14, 16], [14, 22], [14, 23], [15, 17], [15, 18], [15, 21], [15, 22], [15, 23], [16, 17], [16, 19], [16, 23], [17, 19], [17, 21], [17, 22], [17, 23], [18, 19], [18, 20], [19, 20], [19, 22], [20, 22], [20, 23], [21, 22], [21, 23], [22, 23]]"
g_n24_e72_k3_mid_11,train,24,72,3,mid,2480676259703214,35.44730760327988,232674373,"[[0, 1], [0, 3], [0, 4], [0, 7], [0, 10], [0, 11], [1, 2], [1, 6], [1, 8], [1, 10], [1, 11], [1, 23], [2, 4], [2, 5], [2, 6], [2, 7], [2, 8], [2, 9], [3, 7], [3, 8], [3, 10], [4, 11], [5, 8], [5, 10], [6, 8], [6, 9], [6, 10], [7, 8], [7, 9], [7, 10], [7, 11], [7, 18], [8, 9], [9, 10], [9, 11], [9, 19], [10, 11], [12, 14], [12, 16], [12, 17], [12, 18], [12, 19], [12, 23], [13, 14], [13, 15], [13, 16], [13, 17], [13, 18], [13, 21], [13, 23], [14, 17], [14, 19], [14, 21], [15, 17], [15, 18], [15, 19], [15, 20], [15, 21], [15, 22], [16, 21], [16, 22], [16, 23], [17, 19], [17, 20], [17, 22], [17, 23], [18, 20], [18, 21], [18, 23], [19, 23], [20, 22], [20, 23]]"
g_n24_e72_k3_mid_12,validation,24,72,3,mid,2484049477838958,35.44866647739826,232674377,"[[0, 3], [0, 4], [0, 5], [0, 8], [0, 10], [0, 11], [1, 2], [1, 3], [1, 6], [1, 7], [1, 9], [1, 11], [2, 3], [2, 6], [2, 7], [2, 8], [2, 9], [2, 11], [3, 4], [3, 5], [3, 7], [3, 9], [4, 5], [4, 7], [4, 10], [4, 18], [5, 6], [5, 7], [5, 10], [5, 11], [5, 23], [6, 7], [6, 11], [7, 8], [8, 10], [9, 11], [10, 22], [12, 13], [12, 15], [12, 18], [12, 20], [12, 21], [12, 22], [12, 23], [13, 14], [13, 15], [13, 16], [13, 19], [13, 21], [13, 23], [14, 18], [14, 19], [14, 20], [14, 21], [14, 23], [15, 18], [15, 20], [16, 17], [16, 20], [16, 21], [16, 22], [17, 19], [17, 23], [18, 20], [18, 21], [18, 22], [19, 20], [19, 23], [20, 21], [20, 23], [21, 22], [22, 23]]"
g_n24_e72_k3_mid_13,test,24,72,3,mid,2510481841306432,35.459251098278735,232674353,"[[0, 3], [0, 5], [0, 6], [0, 8], [0, 10], [1, 3], [1, 5], [1, 10], [2, 3], [2, 6], [2, 7], [2, 8], [2, 9], [2, 11], [3, 4], [3, 6], [3, 7], [3, 11], [4, 5], [4, 6], [4, 7], [4, 8], [4, 9], [5, 6], [5, 7], [5, 9], [6, 7], [6, 8], [6, 9], [6, 11], [6, 18], [7, 12], [8, 9], [8, 11], [9, 11], [9, 13], [10, 11], [12, 13], [12, 14], [12, 15], [12, 17], [12, 20], [12, 22], [13, 16], [13, 17], [13, 19], [13, 20], [13, 23], [14, 20], [14, 21], [14, 22], [14, 23], [15, 18], [15, 19], [15, 20], [15, 21], [15, 22], [16, 18], [16, 19], [16, 23], [17, 20], [17, 21], [17, 22], [17, 23], [18, 21], [18, 23], [19, 21], [19, 22], [19, 23], [20, 23], [21, 23], [22, 23]]"
g_n24_e72_k3_mid_14,validation,24,72,3,mid,2516747955930624,35.461743969351645,232674364,"[[0, 4], [0, 5], [0, 6], [0, 9], [0, 10], [0, 11], [0, 15], [1, 2], [1, 5], [1, 6], [1, 7], [1, 8], [1, 9], [1, 11], [2, 3], [2, 7], [2, 10], [2, 11], [3, 4], [3, 7], [3, 10], [4, 5], [4, 9], [4, 10], [4, 11], [5, 6], [5, 7], [6, 9], [6, 11], [7, 9], [7, 10], [7, 14], [8, 9], [8, 10], [8, 11], [10, 11], [10, 21], [12, 13], [12, 15], [12, 17], [13, 15], [13, 17], [13, 19], [13, 22], [13, 23], [14, 15], [14, 16], [14, 17], [14, 18], [14, 19], [14, 21], [14, 22], [14, 23], [15, 17], [15, 20], [15, 21], [15, 22], [16, 19], [16, 20], [16, 22], [17, 18], [17, 19], [17, 22], [17, 23], [18, 20], [18, 22], [18, 23], [19, 20], [19, 22], [20, 23], [21, 22], [21, 23]]"
g_n24_e72_k3_mid_15,train,24,72,3,mid,2517443940989310,35.46202047254317,232674429,"[[0, 1], [0, 2], [0, 3], [0, 4], [0, 5], [0, 10], [1, 2], [1, 3], [1, 4], [1, 6], [1, 9], [1, 19], [2, 3], [2, 4], [2, 6], [2, 8], [3, 5], [3, 7], [3, 10], [3, 11], [4, 5], [4, 6], [4, 9], [4, 11], [4, 12], [5, 9], [5, 10], [6, 9], [6, 10], [7, 8], [7, 9], [7, 10], [7, 11], [8, 9], [9, 11], [10, 11], [11, 16], [12, 13], [12, 15], [12, 16], [12, 20], [12, 21], [12, 22], [12, 23], [13, 14], [13, 15], [13, 17], [13, 18], [13, 19], [13, 21], [13, 22], [14, 15], [14, 16], [14, 18], [14, 20], [15, 16], [15, 19], [15, 22], [15, 23], [16, 17], [16, 18], [16, 19], [16, 21], [16, 22], [17, 19], [18, 19], [18, 21], [18, 23], [19, 20], [19, 22], [20, 23], [21, 23]]"
g_n24_e72_k3_mid_16,train,24,72,3,mid,2517523579008876,35.46205210651867,232674447,"[[0, 1], [0, 5], [0, 6], [0, 7], [0, 9], [0, 10], [0, 11], [1, 4], [1, 5], [1, 6], [1, 7], [1, 9], [1, 10], [1, 11], [1, 15], [2, 4], [2, 5], [2, 8], [3, 4], [3, 5], [3, 6], [3, 7], [4, 7], [4, 8], [4, 9], [4, 21], [5, 8], [5, 9], [5, 10], [5, 11], [6, 11], [7, 10], [7, 11], [8, 10], [9, 10], [10, 11], [10, 14], [12, 13], [12, 14], [12, 17], [12, 18], [12, 19], [12, 22], [12, 23], [13, 14], [13, 16], [13, 17], [13, 21], [13, 22], [13, 23], [14, 16], [14, 19], [14, 21], [15, 16], [15, 18], [15, 22], [16, 17], [16, 19], [16, 21], [16, 23], [17, 20], [17, 21], [17, 23], [18, 19], [18, 20], [18, 21], [19, 20], [19, 22], [20, 22], [20, 23], [21, 22], [22, 23]]"
g_n24_e72_k3_mid_17,train,24,72,3,mid,2533790260688060,35.46849270333193,232674412,"[[0, 4], [0, 5], [0, 6], [0, 8], [1, 4], [1, 5], [1, 7], [1, 8], [2, 3], [2, 6], [2, 7], [2, 9], [2, 11], [3, 4], [3, 8], [3, 9], [3, 10], [3, 11], [3, 14], [4, 5], [4, 7], [4, 8], [4, 9], [5, 9], [6, 8], [6, 9], [6, 10], [6, 11], [7, 8], [7, 9], [7, 10], [7, 17], [8, 9], [8, 10], [8, 11], [10, 11], [11, 18], [12, 13], [12, 15], [12, 16], [12, 17], [13, 14], [13, 15], [13, 16], [13, 17], [13, 19], [13, 21], [14, 18], [14, 19], [14, 21], [14, 22], [15, 16], [15, 18], [15, 19], [15, 20], [15, 23], [16, 17], [16, 18], [16, 19], [16, 20], [16, 21], [16, 22], [16, 23], [17, 18], [17, 20], [18, 22], [18, 23], [19, 20], [19, 22], [20, 21], [20, 23], [21, 22]]"
g_n24_e72_k3_mid_18,train,24,72,3,mid,2538400860571025,35.47031069521852,232674416,"[[0, 1], [0, 4], [0, 5], [0, 7], [0, 8], [0, 17], [1, 2], [1, 4], [1, 9], [1, 10], [2, 3], [2, 4], [2, 5], [2, 6], [2, 7], [2, 9], [2, 10], [3, 4], [3, 6], [3, 11], [4, 7], [4, 10], [4, 11], [5, 8], [5, 9], [6, 7], [6, 8], [6, 11], [7, 9], [7, 10], [7, 11], [7, 13], [8, 10], [8, 11], [9, 10], [9, 11], [10, 22], [12, 16], [12, 20], [12, 22], [13, 15], [13, 16], [13, 17], [13, 18], [13, 20], [13, 21], [13, 22], [14, 15], [14, 16], [14, 18], [14, 20], [14, 21], [15, 17], [15, 18], [15, 19], [15, 20], [16, 18], [16, 19], [16, 20], [16, 21], [16, 23], [17, 20], [17, 21], [17, 23], [18, 19], [18, 20], [19, 20], [19, 21], [19, 23], [20, 21], [21, 22], [22, 23]]"
g_n24_e72_k3_mid_19,test,24,72,3,mid,2544120459956040,35.47256138987921,232674419,"[[0, 2], [0, 6], [0, 8], [0, 9], [0, 10], [0, 11], [1, 2], [1, 5], [1, 6], [1, 8], [1, 9], [1, 10], [2, 3], [2, 7], [2, 11], [3, 4], [3, 5], [3, 6], [3, 8], [3, 11], [4, 6], [4, 8], [4, 10], [5, 6], [5, 9], [5, 10], [5, 11], [6, 7], [6, 8], [6, 11], [6, 18], [7, 8], [7, 22], [8, 9], [8, 10], [9, 10], [10, 16], [12, 13], [12, 14], [12, 15], [12, 18], [12, 19], [12, 22], [13, 14], [13, 15], [13, 19], [13, 22], [14, 15], [14, 17], [14, 20], [14, 21], [15, 17], [15, 18], [15, 20], [16, 17], [16, 18], [16, 19], [16, 20], [16, 21], [16, 22], [16, 23], [17, 18], [17, 22], [17, 23], [18, 20], [18, 21], [18, 22], [18, 23], [20, 22], [20, 23], [21, 23], [22, 23]]"
g_n24_e72_k3_high_20,validation,24,72,3,high,3182231608425313,35.696359109237555,232674457,"[[0, 1], [0, 4], [0, 5], [0, 6], [0, 10], [0, 11], [0, 15], [1, 2], [1, 5], [1, 6], [1, 8], [1, 9], [1, 11], [2, 3], [2, 4], [2, 7], [2, 8], [2, 10], [3, 7], [3, 8], [3, 9], [3, 11], [3, 18], [4, 7], [4, 9], [4, 11], [5, 6], [5, 9], [5, 11], [6, 10], [6, 11], [7, 10], [7, 13], [8, 9], [8, 10], [9, 10], [10, 11], [12, 13], [12, 15], [12, 16], [12, 17], [12, 19], [12, 21], [12, 22], [12, 23], [13, 15], [13, 18], [13, 20], [13, 21], [14, 15], [14, 16], [14, 18], [14, 22], [14, 23], [15, 18], [15, 19], [15, 20], [15, 21], [15, 22], [16, 17], [16, 18], [16, 21], [17, 18], [17, 22], [18, 19], [18, 20], [19, 21], [19, 22], [20, 22], [20, 23], [21, 22], [22, 23]]"
g_n24_e72_k3_high_21,train,24,72,3,high,3242260336894161,35.71504711632473,232674368,"[[0, 2], [0, 3], [0, 7], [0, 8], [0, 11], [0, 20], [1, 4], [1, 7], [1, 8], [1, 9], [1, 11], [2, 3], [2, 9], [2, 10], [3, 4], [3, 5], [3, 6], [3, 8], [4, 7], [4, 9], [4, 10], [4, 11], [5, 7], [5, 9], [5, 11], [6, 7], [6, 8], [6, 9], [6, 11], [6, 18], [7, 8], [7, 9], [7, 10], [8, 11], [9, 11], [10, 11], [11, 15], [12, 14], [12, 16], [12, 18], [12, 19], [12, 21], [13, 15], [13, 16], [13, 17], [13, 18], [13, 21], [13, 22], [13, 23], [14, 16], [14, 17], [14, 18], [14, 23], [15, 16], [15, 18], [15, 19], [15, 20], [15, 21], [15, 23], [16, 17], [16, 19], [16, 20], [17, 19], [17, 20], [17, 21], [17, 23], [18, 21], [18, 23], [19, 22], [20, 21], [20, 22], [21, 22]]"
g_n24_e72_k3_high_22,train,24,72,3,high,3321224421136228,35.739109911395566,232674456,"[[0, 1], [0, 2], [0, 4], [0, 8], [0, 9], [0, 10], [1, 3], [1, 6], [1, 7], [1, 8], [2, 6], [2, 7], [2, 15], [3, 4], [3, 6], [3, 9], [3, 18], [4, 5], [4, 7], [4, 8], [4, 9], [4, 10], [4, 11], [5, 6], [5, 8], [5, 9], [5, 10], [5, 11], [6, 7], [6, 8], [6, 9], [6, 10], [6, 11], [7, 8], [7, 9], [8, 9], [11, 19], [12, 15], [12, 16], [12, 20], [12, 22], [12, 23], [13, 16], [13, 17], [13, 19], [13, 20], [13, 21], [13, 23], [14, 16], [14, 18], [14, 20], [14, 21], [14, 23], [15, 16], [15, 19], [15, 21], [15, 22], [16, 18], [16, 20], [17, 18], [17, 19], [17, 21], [17, 23], [18, 20], [18, 22], [18, 23], [19, 20], [19, 21], [19, 22], [20, 22], [21, 23], [22, 23]]"
g_n24_e72_k3_high_23,train,24,72,3,high,3376934092849639,35.75574461964444,232674360,"[[0, 4], [0, 6], [0, 9], [0, 11], [1, 2], [1, 3], [1, 5], [1, 7], [1, 8], [2, 6], [2, 7], [2, 9], [3, 4], [3, 6], [3, 9], [3, 10], [3, 11], [4, 5], [4, 6], [4, 9], [4, 10], [5, 6], [5, 7], [5, 8], [5, 9], [5, 10], [5, 11], [5, 13], [6, 7], [6, 8], [7, 10], [7, 11], [8, 9], [8, 11], [8, 17], [9, 11], [10, 19], [12, 14], [12, 16], [12, 18], [12, 19], [12, 20], [13, 14], [13, 15], [13, 16], [13, 17], [13, 18], [13, 21], [13, 23], [14, 15], [14, 16], [14, 20], [14, 22], [14, 23], [15, 16], [15, 17], [16, 23], [17, 20], [17, 22], [17, 23], [18, 20], [18, 21], [18, 22], [19, 20], [19, 21], [19, 22], [19, 23], [20, 21], [20, 23], [21, 22], [21, 23], [22, 23]]"
g_n24_e72_k3_high_24,train,24,72,3,high,3479609353274418,35.785696427589826,232674437,"[[0, 1], [0, 3], [0, 4], [0, 6], [0, 7], [0, 10], [0, 11], [1, 2], [1, 3], [1, 6], [1, 7], [1, 8], [1, 9], [1, 10], [2, 4], [2, 5], [2, 8], [2, 9], [2, 11], [3, 5], [3, 6], [3, 7], [3, 8], [4, 5], [4, 9], [4, 10], [5, 7], [5, 9], [5, 10], [5, 11], [7, 11], [7, 12], [8, 11], [8, 23], [9, 10], [9, 11], [9, 16], [12, 14], [12, 15], [12, 16], [12, 17], [12, 18], [13, 14], [13, 15], [13, 16], [13, 19], [13, 22], [13, 23], [14, 17], [14, 18], [14, 20], [14, 22], [14, 23], [15, 18], [15, 21], [15, 22], [16, 18], [16, 19], [16, 20], [16, 22], [17, 20], [17, 21], [17, 22], [17, 23], [18, 19], [18, 21], [18, 22], [19, 20], [19, 23], [20, 22], [20, 23], [21, 23]]"
g_n24_e72_k3_high_25,test,24,72,3,high,3538706303771265,35.80253760435084,232674388,"[[0, 2], [0, 3], [0, 4], [0, 5], [0, 6], [0, 7], [1, 3], [1, 5], [1, 6], [1, 8], [1, 9], [1, 16], [2, 5], [2, 8], [2, 11], [3, 5], [3, 6], [3, 8], [3, 10], [3, 18], [4, 5], [4, 6], [4, 7], [4, 8], [4, 9], [4, 11], [4, 14], [5, 6], [6, 7], [6, 9], [6, 11], [7, 10], [8, 9], [8, 10], [8, 11], [9, 10], [10, 11], [12, 13], [12, 18], [12, 19], [12, 20], [12, 21], [13, 14], [13, 18], [13, 19], [13, 21], [13, 23], [14, 16], [14, 17], [14, 20], [14, 23], [15, 16], [15, 17], [15, 20], [15, 21], [15, 22], [15, 23], [16, 18], [16, 19], [16, 21], [16, 23], [17, 19], [17, 20], [17, 22], [17, 23], [18, 19], [18, 20], [18, 22], [19, 20], [19, 22], [20, 21], [20, 23]]"
g_n24_e72_k3_high_26,validation,24,72,3,high,3742260431047898,35.85846621709335,232674461,"[[0, 2], [0, 3], [0, 5], [0, 6], [0, 8], [0, 9], [0, 10], [0, 11], [1, 7], [1, 8], [1, 10], [1, 11], [1, 14], [2, 3], [2, 4], [2, 5], [2, 6], [2, 7], [2, 8], [3, 5], [3, 7], [3, 11], [4, 7], [4, 8], [4, 9], [4, 11], [4, 17], [5, 6], [5, 11], [6, 9], [6, 11], [7, 9], [7, 11], [8, 9], [8, 10], [8, 13], [10, 11], [12, 15], [12, 16], [12, 17], [12, 18], [12, 20], [13, 15], [13, 17], [13, 18], [13, 19], [13, 20], [13, 21], [13, 23], [14, 16], [14, 19], [14, 20], [14, 21], [14, 22], [15, 16], [15, 21], [15, 23], [16, 20], [16, 21], [16, 22], [16, 23], [17, 19], [17, 20], [17, 21], [17, 22], [18, 19], [18, 21], [18, 22], [19, 23], [20, 23], [21, 22], [22, 23]]"
g_n24_e72_k3_high_27,train,24,72,3,high,4097138241374664,35.94906513500396,232674428,"[[0, 1], [0, 2], [0, 8], [0, 9], [0, 12], [1, 6], [1, 7], [1, 8], [1, 11], [2, 3], [2, 4], [2, 5], [2, 6], [2, 8], [2, 15], [3, 4], [3, 5], [3, 6], [3, 7], [3, 10], [4, 5], [4, 6], [4, 8], [5, 7], [5, 10], [5, 11], [6, 9], [6, 11], [7, 8], [7, 10], [7, 11], [8, 9], [8, 10], [8, 11], [9, 10], [10, 11], [10, 17], [12, 13], [12, 16], [12, 18], [12, 19], [12, 20], [13, 14], [13, 15], [13, 16], [13, 17], [13, 20], [13, 21], [13, 22], [14, 15], [14, 17], [14, 19], [14, 20], [14, 23], [15, 16], [15, 18], [15, 19], [15, 22], [16, 17], [16, 21], [17, 19], [17, 23], [18, 20], [18, 21], [18, 22], [18, 23], [19, 21], [19, 22], [19, 23], [20, 22], [21, 22], [22, 23]]"
g_n24_e72_k3_high_28,test,24,72,3,high,4129650096589386,35.956969075919034,232674449,"[[0, 1], [0, 2], [0, 3], [0, 6], [0, 8], [0, 10], [1, 2], [1, 3], [1, 5], [1, 9], [1, 10], [2, 3], [2, 4], [2, 5], [2, 8], [2, 11], [2, 12], [3, 6], [3, 11], [3, 16], [4, 5], [4, 6], [4, 8], [4, 23], [5, 7], [5, 9], [5, 11], [6, 9], [6, 11], [7, 8], [7, 9], [7, 10], [7, 11], [8, 10], [8, 11], [9, 11], [10, 11], [12, 13], [12, 15], [12, 18], [12, 20], [12, 22], [13, 16], [13, 17], [13, 19], [13, 20], [13, 22], [14, 16], [14, 18], [14, 19], [14, 22], [14, 23], [15, 16], [15, 18], [15, 19], [15, 20], [15, 21], [15, 23], [16, 17], [16, 19], [16, 22], [16, 23], [17, 18], [17, 21], [17, 22], [18, 20], [18, 21], [19, 20], [19, 22], [20, 21], [20, 23], [21, 23]]"
g_n24_e72_k3_high_29,train,24,72,3,high,4175750026569681,35.96807038416146,232674415,"[[0, 1], [0, 4], [0, 6], [0, 7], [0, 9], [0, 11], [1, 3], [1, 5], [1, 8], [1, 11], [2, 3], [2, 4], [2, 8], [2, 9], [2, 10], [2, 19], [3, 4], [3, 5], [3, 6], [3, 10], [4, 5], [4, 8], [4, 9], [5, 7], [5, 10], [6, 7], [6, 9], [6, 10], [7, 8], [7, 9], [7, 10], [7, 11], [7, 16], [8, 10], [8, 11], [9, 10], [10, 18], [12, 13], [12, 17], [12, 18], [12, 19], [12, 22], [12, 23], [13, 15], [13, 17], [13, 19], [13, 20], [13, 23], [14, 15], [14, 16], [14, 18], [14, 19], [14, 20], [14, 22], [15, 19], [15, 20], [15, 21], [16, 17], [16, 18], [16, 20], [16, 21], [17, 18], [17, 22], [17, 23], [18, 19], [18, 23], [19, 20], [20, 21], [20, 22], [21, 22], [21, 23], [22, 23]]"
g_n32_e64_k2_low_00,test,32,64,2,low,52568424188904,31.593136754828492,1329257279,"[[0, 12], [0, 14], [1, 9], [1, 12], [2, 3], [2, 4], [2, 8], [2, 11], [2, 12], [2, 15], [3, 4], [3, 6], [3, 9], [3, 10], [3, 13], [3, 15], [4, 6], [4, 7], [4, 8], [4, 10], [4, 12], [4, 25], [5, 9], [5, 12], [7, 9], [7, 10], [7, 18], [8, 13], [8, 14], [9, 11], [9, 13], [11, 14], [13, 15], [16, 17], [16, 30], [16, 31], [17, 19], [17, 22], [17, 31], [18, 19], [18, 21], [18, 24], [18, 28], [18, 29], [18, 31], [19, 22], [19, 27], [19, 31], [20, 25], [20, 31], [21, 29], [21, 31], [22, 25], [22, 26], [22, 28], [22, 29], [22, 31], [23, 29], [23, 30], [24, 28], [24, 29], [26, 31], [27, 28], [27, 31]]"
g_n32_e64_k2_low_01,train,32,64,2,low,64161109289200,31.792418368757545,1329257337,"[[0, 1], [0, 2], [0, 8], [1, 5], [1, 8], [1, 13], [2, 11], [2, 13], [2, 14], [2, 15], [3, 4], [3, 5], [3, 6], [3, 12], [4, 5], [4, 7], [4, 9], [4, 10], [4, 11], [4, 15], [5, 6], [5, 7], [5, 10], [5, 12], [5, 15], [5, 29], [6, 15], [7, 9], [9, 11], [9, 12], [9, 15], [12, 18], [13, 14], [16, 18], [16, 21], [16, 22], [16, 25], [17, 20], [17, 24], [17, 25], [18, 21], [18, 26], [18, 31], [19, 24], [19, 28], [20, 23], [20, 27], [21, 23], [21, 25], [21, 27], [21, 28], [21, 29], [22, 25], [23, 24], [23, 28], [24, 26], [24, 28], [24, 29], [24, 30], [25, 27], [26, 30], [27, 28], [28, 30], [28, 31]]"
g_n32_e64_k2_low_02,test,32,64,2,low,73403702616864,31.92699549464819,1329257372,"[[0, 2], [0, 7], [0, 8], [0, 12], [0, 14], [1, 5], [1, 6], [1, 7], [1, 11], [1, 12], [2, 15], [3, 4], [3, 10], [3, 12], [4, 7], [4, 8], [4, 12], [4, 14], [4, 29], [5, 7], [5, 13], [6, 7], [6, 13], [7, 12], [8, 10], [8, 16], [9, 11], [9, 12], [9, 14], [10, 12], [10, 14], [11, 15], [12, 14], [16, 24], [16, 27], [16, 30], [17, 20], [17, 24], [17, 27], [17, 29], [18, 22], [18, 25], [18, 26], [18, 29], [18, 30], [19, 25], [19, 27], [19, 28], [19, 30], [20, 22], [20, 27], [20, 30], [21, 30], [21, 31], [22, 31], [23, 27], [23, 28], [24, 28], [24, 29], [24, 30], [25, 26], [25, 29], [26, 29], [29, 30]]"
g_n32_e64_k2_low_03,train,32,64,2,low,76578842367792,31.969341945224524,1329257325,"[[0, 1], [0, 5], [0, 8], [0, 9], [0, 12], [1, 2], [1, 4], [1, 9], [1, 15], [2, 5], [2, 14], [3, 7], [3, 10], [4, 7], [4, 8], [4, 9], [4, 13], [4, 15], [5, 10], [5, 11], [5, 12], [5, 14], [5, 15], [6, 7], [6, 9], [7, 10], [8, 13], [8, 24], [10, 12], [10, 13], [10, 15], [10, 16], [11, 13], [16, 17], [16, 22], [16, 23], [16, 24], [16, 27], [16, 30], [16, 31], [17, 22], [17, 23], [17, 24], [17, 25], [17, 30], [18, 19], [18, 20], [18, 28], [19, 20], [19, 25], [19, 28], [19, 29], [20, 25], [21, 24], [21, 28], [22, 24], [22, 25], [22, 27], [22, 29], [24, 30], [26, 29], [26, 31], [27, 31], [29, 30]]"
g_n32_e64_k2_low_04,train,32,64,2,low,77026774950387,31.975174203967743,1329257320,"[[0, 14], [0, 15], [1, 7], [1, 10], [2, 6], [2, 9], [2, 12], [2, 13], [2, 14], [2, 15], [2, 25], [3, 5], [3, 8], [3, 11], [3, 12], [4, 9], [4, 14], [5, 6], [6, 9], [6, 12], [7, 10], [7, 12], [7, 15], [8, 13], [8, 28], [9, 10], [9, 11], [10, 12], [10, 13], [10, 14], [12, 13], [13, 14], [14, 15], [16, 18], [16, 20], [16, 27], [16, 30], [16, 31], [17, 20], [17, 27], [17, 30], [18, 19], [18, 20], [18, 21], [18, 27], [18, 31], [19, 20], [19, 26], [19, 31], [20, 27], [20, 31], [21, 22], [22, 23], [22, 31], [23, 28], [23, 29], [24, 25], [24, 29], [24, 30], [25, 28], [25, 29], [26, 28], [26, 29], [27, 31]]"
g_n32_e64_k2_low_05,train,32,64,2,low,82933480020448,32.0490599568592,1329257319,"[[0, 2], [0, 9], [0, 11], [0, 14], [1, 4], [1, 10], [1, 14], [1, 30], [2, 9], [2, 14], [3, 5], [3, 6], [3, 11], [3, 13], [4, 7], [4, 8], [4, 9], [5, 12], [6, 12], [7, 8], [7, 10], [7, 11], [7, 13], [7, 14], [8, 9], [8, 10], [8, 15], [8, 16], [9, 10], [9, 14], [12, 13], [12, 15], [13, 15], [16, 20], [16, 23], [17, 23], [17, 31], [18, 21], [18, 27], [18, 30], [18, 31], [19, 20], [19, 24], [19, 26], [19, 27], [19, 29], [19, 30], [20, 22], [20, 23], [21, 30], [22, 23], [22, 30], [23, 24], [23, 25], [23, 27], [23, 30], [23, 31], [24, 29], [25, 27], [25, 28], [26, 31], [27, 31], [28, 31], [29, 30]]"
g_n32_e64_k2_low_06,validation,32,64,2,low,86731527880080,32.093838576981675,1329257335,"[[0, 1], [0, 7], [1, 4], [1, 5], [1, 8], [1, 12], [1, 13], [1, 14], [2, 7], [2, 9], [2, 15], [3, 4], [3, 5], [3, 7], [3, 13], [3, 27], [4, 6], [4, 8], [4, 10], [4, 12], [4, 13], [5, 11], [5, 12], [5, 15], [6, 15], [7, 8], [7, 12], [8, 13], [8, 14], [9, 12], [10, 11], [10, 12], [13, 26], [16, 19], [16, 24], [16, 28], [16, 30], [16, 31], [17, 26], [17, 27], [17, 31], [18, 20], [18, 29], [19, 20], [19, 26], [20, 25], [20, 31], [21, 22], [21, 27], [22, 24], [22, 28], [23, 25], [23, 27], [23, 30], [23, 31], [24, 26], [24, 29], [24, 31], [25, 27], [26, 27], [26, 30], [27, 30], [29, 30], [30, 31]]"
g_n32_e64_k2_low_07,train,32,64,2,low,87841699517120,32.106557441375095,1329257385,"[[0, 1], [0, 2], [0, 5], [0, 11], [1, 7], [1, 12], [1, 14], [2, 4], [2, 10], [2, 14], [3, 4], [3, 11], [4, 6], [4, 10], [4, 15], [5, 11], [6, 8], [6, 10], [6, 13], [6, 14], [7, 12], [8, 9], [8, 11], [8, 12], [8, 14], [9, 12], [10, 11], [10, 14], [10, 23], [11, 12], [11, 13], [11, 15], [11, 20], [16, 20], [16, 23], [16, 25], [16, 26], [17, 21], [17, 22], [17, 28], [17, 31], [18, 23], [18, 30], [19, 20], [19, 26], [19, 29], [21, 24], [21, 25], [21, 28], [21, 31], [22, 24], [22, 25], [22, 27], [22, 29], [23, 25], [23, 26], [23, 28], [23, 29], [24, 31], [25, 27], [25, 31], [27, 31], [28, 29], [30, 31]]"
g_n32_e64_k2_low_08,train,32,64,2,low,95323856260608,32.188301223285045,1329257363,"[[0, 3], [0, 4], [0, 7], [0, 12], [1, 2], [1, 4], [1, 5], [1, 8], [1, 10], [1, 19], [2, 6], [2, 8], [2, 14], [3, 4], [3, 11], [3, 13], [3, 14], [3, 15], [4, 8], [4, 9], [4, 12], [5, 7], [6, 12], [7, 10], [7, 12], [8, 15], [9, 11], [11, 14], [11, 15], [12, 14], [13, 14], [14, 15], [14, 17], [16, 19], [16, 20], [16, 26], [16, 28], [17, 18], [17, 21], [17, 28], [17, 30], [18, 20], [18, 25], [18, 30], [19, 21], [19, 28], [20, 21], [20, 22], [20, 25], [20, 27], [20, 28], [20, 29], [21, 23], [21, 27], [22, 25], [22, 27], [22, 31], [23, 25], [24, 28], [24, 29], [25, 28], [26, 31], [27, 29], [27, 31]]"
g_n32_e64_k2_low_09,validation,32,64,2,low,95568703586176,32.19086651404375,1329257316,"[[0, 4], [0, 6], [0, 7], [0, 9], [0, 10], [0, 11], [0, 22], [1, 7], [1, 15], [2, 4], [2, 8], [2, 14], [3, 5], [3, 6], [3, 15], [4, 10], [5, 6], [6, 7], [6, 9], [6, 13], [6, 15], [6, 29], [7, 11], [7, 13], [8, 11], [8, 12], [9, 10], [9, 11], [9, 13], [10, 14], [11, 12], [11, 15], [14, 15], [16, 20], [16, 22], [16, 29], [17, 19], [17, 22], [17, 23], [18, 20], [18, 25], [19, 20], [20, 23], [20, 24], [20, 26], [21, 25], [21, 27], [21, 28], [22, 23], [22, 25], [22, 26], [22, 29], [23, 27], [23, 28], [24, 25], [24, 26], [24, 30], [24, 31], [25, 26], [25, 30], [26, 27], [27, 28], [27, 31], [29, 31]]"
g_n32_e64_k2_mid_10,train,32,64,2,mid,163685015626032,32.72896506053892,1329257347,"[[0, 2], [0, 6], [0, 14], [1, 5], [1, 9], [1, 11], [1, 12], [1, 15], [2, 6], [2, 7], [2, 10], [3, 5], [3, 6], [4, 5], [4, 8], [4, 10], [4, 14], [5, 6], [5, 14], [5, 15], [6, 13], [6, 14], [6, 15], [7, 8], [7, 14], [7, 15], [8, 14], [9, 11], [9, 22], [11, 15], [11, 28], [12, 13], [12, 14], [16, 21], [16, 22], [16, 24], [16, 28], [16, 30], [16, 31], [17, 28], [17, 31], [18, 20], [18, 23], [18, 27], [18, 30], [19, 25], [19, 26], [19, 27], [19, 28], [20, 24], [20, 27], [21, 22], [21, 24], [21, 28], [21, 29], [22, 30], [23, 26], [23, 28], [24, 29], [25, 28], [25, 29], [25, 30], [26, 31], [29, 31]]"
g_n32_e64_k2_mid_11,test,32,64,2,mid,163987391294940,32.73081065844922,1329257282,"[[0, 3], [0, 7], [0, 11], [0, 12], [0, 15], [1, 2], [1, 5], [1, 6], [1, 9], [1, 14], [1, 20], [2, 4], [2, 5], [2, 6], [2, 8], [2, 12], [3, 5], [3, 7], [3, 9], [4, 11], [4, 15], [4, 26], [5, 10], [5, 13], [6, 15], [7, 8], [7, 12], [8, 10], [8, 13], [9, 14], [10, 13], [10, 15], [13, 15], [16, 20], [16, 28], [16, 29], [17, 19], [17, 20], [17, 24], [17, 25], [17, 28], [18, 19], [18, 21], [18, 24], [18, 29], [18, 30], [19, 23], [20, 22], [20, 28], [20, 29], [21, 24], [21, 30], [22, 24], [22, 25], [22, 27], [22, 29], [22, 30], [23, 29], [24, 25], [24, 26], [24, 28], [25, 27], [25, 31], [26, 31]]"
g_n32_e64_k2_mid_12,train,32,64,2,mid,164091729300612,32.731446712392554,1329257343,"[[0, 2], [0, 4], [0, 5], [0, 7], [0, 9], [0, 11], [0, 14], [1, 4], [1, 5], [1, 10], [1, 13], [1, 15], [2, 8], [3, 7], [3, 13], [3, 14], [4, 8], [4, 14], [5, 12], [5, 14], [6, 7], [6, 9], [6, 15], [8, 11], [8, 13], [8, 29], [9, 10], [9, 15], [10, 12], [10, 13], [10, 15], [10, 19], [14, 15], [16, 17], [16, 19], [16, 25], [16, 26], [16, 29], [17, 22], [17, 26], [17, 31], [18, 26], [18, 28], [18, 31], [19, 20], [19, 23], [19, 28], [20, 21], [20, 23], [20, 24], [20, 25], [20, 26], [20, 28], [20, 30], [21, 24], [21, 30], [22, 28], [23, 30], [24, 27], [26, 27], [26, 28], [28, 31], [29, 31], [30, 31]]"
g_n32_e64_k2_mid_13,validation,32,64,2,mid,165185754497920,32.738091741444464,1329257324,"[[0, 2], [0, 13], [0, 14], [1, 7], [1, 12], [2, 7], [2, 10], [2, 11], [2, 17], [3, 4], [3, 6], [3, 8], [3, 10], [3, 11], [4, 10], [4, 12], [4, 13], [4, 15], [5, 8], [5, 9], [6, 9], [6, 10], [6, 14], [7, 8], [7, 10], [8, 9], [8, 15], [8, 28], [9, 12], [10, 11], [10, 14], [11, 13], [12, 15], [16, 18], [16, 28], [16, 31], [17, 21], [17, 26], [17, 27], [17, 28], [17, 29], [18, 26], [18, 27], [18, 28], [18, 30], [18, 31], [19, 26], [19, 30], [20, 21], [20, 27], [20, 28], [20, 29], [21, 27], [22, 23], [22, 25], [22, 29], [22, 30], [23, 27], [23, 31], [24, 25], [24, 30], [26, 27], [26, 29], [27, 31]]"
g_n32_e64_k2_mid_14,train,32,64,2,mid,166548336167848,32.746306690532435,1329257280,"[[0, 1], [0, 4], [1, 4], [1, 7], [1, 10], [1, 12], [2, 11], [2, 13], [2, 31], [3, 4], [3, 12], [3, 14], [4, 9], [4, 11], [4, 14], [4, 15], [5, 8], [5, 9], [5, 14], [6, 7], [6, 9], [6, 13], [7, 12], [8, 9], [8, 15], [9, 13], [10, 12], [10, 13], [12, 13], [12, 15], [13, 15], [13, 28], [14, 15], [16, 17], [16, 25], [16, 29], [17, 20], [17, 22], [17, 27], [18, 24], [18, 26], [18, 27], [19, 22], [19, 27], [19, 31], [20, 25], [20, 27], [20, 31], [21, 26], [21, 28], [21, 30], [22, 25], [22, 27], [22, 30], [23, 25], [23, 27], [23, 31], [24, 26], [24, 30], [25, 29], [25, 31], [26, 28], [29, 30], [29, 31]]"
g_n32_e64_k2_mid_15,test,32,64,2,mid,166771935457188,32.74764833904238,1329257270,"[[0, 2], [0, 6], [0, 15], [1, 11], [1, 15], [2, 7], [3, 4], [3, 5], [3, 13], [3, 14], [4, 7], [4, 8], [4, 13], [5, 6], [5, 7], [5, 8], [5, 10], [5, 12], [5, 15], [6, 7], [6, 10], [7, 14], [8, 11], [8, 14], [9, 11], [9, 15], [9, 30], [10, 11], [10, 12], [11, 13], [11, 29], [12, 13], [12, 14], [16, 20], [16, 31], [17, 18], [17, 20], [17, 25], [17, 30], [18, 30], [19, 22], [19, 23], [19, 31], [20, 24], [20, 25], [21, 23], [21, 26], [22, 24], [22, 28], [22, 30], [22, 31], [23, 24], [23, 26], [23, 30], [23, 31], [24, 29], [24, 30], [25, 26], [25, 27], [27, 28], [27, 29], [28, 30], [28, 31], [30, 31]]"
g_n32_e64_k2_mid_16,validation,32,64,2,mid,171440726443254,32.77525870438805,1329257268,"[[0, 2], [0, 6], [0, 12], [0, 14], [1, 4], [1, 8], [1, 10], [1, 11], [1, 12], [1, 13], [2, 8], [2, 12], [2, 14], [3, 12], [3, 14], [4, 9], [4, 12], [4, 13], [5, 6], [5, 7], [5, 11], [5, 13], [5, 15], [6, 7], [6, 10], [6, 15], [7, 10], [8, 9], [8, 19], [9, 11], [9, 13], [12, 14], [12, 22], [16, 19], [16, 21], [16, 23], [17, 20], [17, 22], [17, 23], [17, 30], [18, 19], [18, 21], [18, 25], [18, 26], [18, 27], [18, 28], [18, 30], [19, 21], [19, 24], [20, 27], [20, 29], [20, 31], [21, 23], [21, 24], [21, 29], [22, 23], [22, 28], [23, 28], [23, 29], [23, 31], [24, 25], [26, 29], [27, 30], [30, 31]]"
g_n32_e64_k2_mid_17,train,32,64,2,mid,171828071293952,32.77751550732297,1329257353,"[[0, 4], [0, 5], [0, 7], [0, 9], [1, 4], [1, 6], [1, 10], [1, 12], [1, 13], [1, 15], [2, 7], [2, 12], [3, 5], [3, 8], [4, 6], [4, 7], [4, 8], [4, 9], [5, 7], [5, 10], [6, 7], [6, 12], [6, 13], [6, 14], [7, 15], [8, 9], [8, 15], [9, 10], [11, 13], [11, 14], [11, 20], [12, 14], [13, 16], [16, 17], [16, 19], [16, 22], [16, 25], [16, 26], [16, 29], [16, 30], [17, 20], [17, 24], [17, 26], [17, 27], [18, 21], [18, 27], [18, 31], [19, 21], [19, 29], [20, 28], [21, 24], [21, 25], [21, 26], [21, 28], [21, 29], [22, 24], [23, 24], [23, 27], [23, 28], [23, 30], [25, 27], [25, 30], [26, 30], [28, 31]]"
g_n32_e64_k2_mid_18,train,32,64,2,mid,172238318528432,32.779900206561436,1329257272,"[[0, 4], [0, 5], [0, 6], [0, 8], [0, 13], [1, 5], [1, 6], [1, 11], [2, 3], [2, 5], [2, 7], [2, 9], [2, 11], [2, 12], [2, 15], [3, 8], [3, 20], [4, 8], [4, 22], [5, 12], [6, 7], [6, 14], [7, 9], [7, 11], [7, 14], [7, 15], [8, 10], [9, 10], [9, 11], [9, 13], [10, 15], [11, 12], [12, 14], [16, 21], [16, 24], [17, 18], [17, 27], [17, 31], [18, 20], [18, 25], [18, 27], [18, 29], [19, 21], [19, 23], [19, 26], [19, 29], [20, 21], [20, 22], [20, 25], [20, 28], [21, 25], [21, 26], [21, 29], [22, 25], [22, 26], [22, 28], [23, 27], [23, 28], [24, 28], [24, 30], [25, 28], [26, 31], [28, 29], [29, 30]]"
g_n32_e64_k2_mid_19,train,32,64,2,mid,174995010984392,32.79577858078507,1329257362,"[[0, 3], [0, 6], [0, 8], [0, 13], [1, 8], [1, 10], [1, 11], [1, 15], [1, 27], [2, 8], [2, 9], [2, 15], [3, 4], [3, 11], [4, 11], [4, 14], [5, 6], [5, 8], [5, 9], [5, 10], [5, 11], [5, 12], [5, 13], [6, 7], [6, 11], [6, 21], [7, 10], [8, 11], [9, 13], [11, 12], [11, 15], [13, 14], [14, 15], [16, 28], [16, 30], [17, 22], [17, 23], [17, 24], [17, 26], [18, 19], [18, 20], [18, 25], [18, 29], [19, 27], [19, 31], [20, 22], [20, 23], [20, 26], [20, 27], [20, 28], [21, 22], [21, 27], [21, 30], [21, 31], [22, 27], [22, 28], [23, 27], [24, 25], [24, 29], [24, 30], [25, 26], [25, 30], [27, 28], [27, 30]]"
g_n32_e64_k2_high_20,test,32,64,2,high,284427647904284,33.2815000239859,1329257291,"[[0, 1], [0, 5], [0, 20], [1, 4], [1, 8], [1, 9], [1, 31], [2, 4], [2, 10], [2, 14], [3, 8], [3, 13], [4, 6], [4, 9], [4, 15], [5, 7], [5, 9], [5, 10], [5, 11], [6, 7], [6, 8], [6, 10], [6, 13], [6, 15], [7, 14], [7, 15], [9, 12], [9, 15], [10, 14], [11, 12], [11, 13], [11, 15], [13, 14], [16, 19], [16, 21], [16, 22], [16, 23], [17, 25], [17, 30], [18, 23], [18, 27], [18, 29], [19, 20], [19, 21], [19, 26], [19, 27], [20, 24], [20, 29], [20, 30], [21, 24], [22, 28], [22, 30], [23, 25], [23, 27], [23, 29], [23, 30], [24, 25], [25, 26], [25, 27], [26, 27], [26, 29], [26, 31], [27, 28], [30, 31]]"
g_n32_e64_k2_high_21,validation,32,64,2,high,284894266696420,33.28313923331423,1329257296,"[[0, 1], [0, 3], [0, 7], [0, 9], [0, 10], [1, 6], [1, 8], [1, 12], [1, 14], [2, 4], [2, 7], [3, 4], [3, 13], [3, 15], [3, 20], [4, 7], [4, 12], [4, 13], [4, 14], [5, 9], [5, 12], [5, 13], [6, 8], [6, 11], [6, 14], [7, 12], [8, 11], [8, 27], [9, 10], [10, 11], [10, 13], [11, 13], [11, 15], [16, 18], [16, 19], [16, 23], [16, 25], [16, 30], [17, 18], [17, 19], [17, 31], [18, 20], [18, 23], [18, 31], [19, 21], [19, 30], [20, 22], [20, 25], [20, 27], [20, 28], [21, 27], [21, 31], [22, 31], [23, 25], [23, 26], [23, 30], [23, 31], [24, 25], [24, 26], [24, 30], [26, 29], [27, 28], [27, 29], [29, 30]]"
g_n32_e64_k2_high_22,validation,32,64,2,high,288772947379282,33.29666184605026,1329257273,"[[0, 10], [0, 11], [1, 7], [1, 8], [1, 9], [1, 12], [1, 15], [1, 31], [2, 3], [2, 8], [2, 13], [3, 4], [3, 10], [3, 12], [3, 14], [3, 15], [3, 18], [4, 7], [4, 11], [4, 15], [5, 8], [5, 12], [5, 14], [5, 15], [6, 9], [6, 13], [6, 14], [7, 13], [8, 11], [8, 14], [8, 15], [10, 12], [10, 14], [16, 18], [16, 21], [16, 22], [16, 23], [17, 20], [17, 27], [17, 28], [17, 30], [18, 20], [18, 25], [18, 28], [18, 30], [19, 21], [19, 23], [19, 27], [19, 28], [20, 23], [20, 24], [20, 26], [20, 29], [21, 23], [21, 24], [21, 26], [21, 30], [22, 24], [24, 31], [25, 28], [26, 27], [28, 29], [28, 31], [29, 31]]"
g_n32_e64_k2_high_23,train,32,64,2,high,310990849264030,33.37078460408657,1329257293,"[[0, 1], [0, 4], [0, 8], [0, 11], [1, 3], [1, 8], [2, 4], [2, 6], [2, 9], [2, 13], [2, 14], [3, 7], [3, 10], [3, 14], [3, 21], [4, 6], [4, 12], [4, 15], [5, 6], [5, 9], [5, 13], [6, 7], [7, 8], [8, 14], [8, 31], [9, 10], [9, 13], [9, 14], [9, 15], [10, 11], [12, 13], [12, 15], [13, 15], [16, 17], [16, 24], [16, 26], [16, 30], [16, 31], [17, 21], [17, 22], [17, 26], [17, 27], [17, 28], [18, 23], [18, 24], [18, 27], [18, 31], [19, 24], [19, 29], [19, 31], [20, 23], [20, 25], [20, 29], [21, 28], [22, 25], [22, 28], [23, 27], [23, 28], [23, 30], [24, 28], [26, 29], [26, 31], [27, 31], [30, 31]]"
g_n32_e64_k2_high_24,train,32,64,2,high,321284874641226,33.40334930544033,1329257342,"[[0, 5], [0, 6], [0, 8], [0, 9], [1, 5], [1, 7], [1, 9], [1, 11], [1, 22], [2, 3], [2, 4], [2, 6], [2, 16], [3, 4], [4, 7], [4, 13], [5, 6], [5, 9], [5, 10], [6, 13], [6, 15], [7, 9], [8, 11], [8, 14], [9, 10], [10, 13], [10, 14], [11, 14], [11, 15], [12, 13], [12, 14], [12, 15], [14, 15], [16, 21], [16, 26], [16, 29], [16, 31], [17, 19], [17, 20], [17, 21], [17, 22], [17, 31], [18, 22], [18, 25], [18, 26], [19, 23], [19, 27], [19, 28], [19, 30], [19, 31], [20, 24], [20, 27], [21, 25], [21, 27], [22, 26], [23, 24], [25, 28], [25, 29], [26, 27], [26, 30], [27, 28], [27, 29], [28, 31], [30, 31]]"
g_n32_e64_k2_high_25,test,32,64,2,high,342658851459436,33.467756465990476,1329257311,"[[0, 3], [0, 14], [1, 10], [1, 13], [1, 15], [2, 3], [2, 5], [2, 8], [2, 12], [3, 9], [3, 14], [4, 5], [4, 9], [4, 11], [4, 12], [4, 13], [5, 11], [5, 13], [6, 9], [6, 10], [6, 11], [7, 8], [7, 9], [7, 10], [7, 14], [7, 15], [8, 11], [8, 13], [10, 12], [10, 15], [11, 14], [12, 24], [13, 20], [16, 19], [16, 24], [16, 26], [17, 20], [17, 26], [17, 28], [17, 31], [18, 19], [18, 29], [19, 20], [19, 25], [19, 28], [20, 22], [20, 23], [20, 24], [20, 29], [21, 24], [21, 27], [21, 31], [22, 24], [22, 28], [22, 30], [22, 31], [23, 30], [24, 27], [25, 29], [26, 30], [27, 30], [28, 30], [29, 31], [30, 31]]"
g_n32_e64_k2_high_26,train,32,64,2,high,356587971761160,33.50760209044984,1329257308,"[[0, 8], [0, 12], [0, 13], [1, 2], [1, 5], [1, 9], [2, 10], [2, 11], [2, 12], [3, 4], [3, 7], [3, 9], [3, 14], [3, 15], [4, 5], [4, 8], [4, 10], [4, 11], [5, 8], [5, 13], [5, 14], [6, 9], [6, 15], [7, 8], [7, 9], [7, 14], [7, 15], [8, 10], [8, 21], [9, 11], [11, 15], [13, 14], [15, 19], [16, 20], [16, 22], [16, 25], [16, 28], [16, 31], [17, 18], [17, 26], [17, 30], [18, 19], [18, 25], [18, 28], [19, 22], [19, 26], [19, 27], [20, 21], [20, 25], [20, 26], [21, 24], [21, 28], [22, 31], [23, 28], [23, 30], [24, 27], [24, 28], [24, 30], [25, 26], [25, 30], [25, 31], [27, 29], [28, 29], [30, 31]]"
g_n32_e64_k2_high_27,train,32,64,2,high,364113536007959,33.5284868470406,1329257352,"[[0, 3], [0, 8], [0, 15], [0, 23], [1, 3], [1, 6], [1, 8], [1, 9], [1, 12], [2, 7], [2, 8], [2, 9], [2, 10], [2, 15], [3, 4], [4, 7], [4, 11], [5, 6], [5, 11], [5, 28], [6, 13], [6, 15], [7, 11], [7, 13], [8, 10], [9, 11], [9, 12], [9, 14], [10, 11], [10, 14], [11, 13], [12, 14], [13, 15], [16, 17], [16, 24], [17, 19], [17, 21], [17, 22], [17, 29], [18, 19], [18, 24], [18, 27], [18, 28], [19, 25], [20, 24], [20, 25], [20, 26], [20, 28], [20, 30], [21, 22], [21, 23], [21, 25], [21, 27], [22, 25], [22, 27], [22, 30], [22, 31], [23, 29], [24, 25], [24, 29], [25, 27], [26, 29], [27, 30], [28, 31]]"
g_n32_e64_k2_high_28,train,32,64,2,high,370539276925139,33.54598056564013,1329257276,"[[0, 1], [0, 2], [0, 5], [0, 6], [0, 10], [0, 15], [1, 3], [1, 5], [1, 6], [1, 7], [1, 11], [2, 3], [2, 8], [2, 13], [3, 8], [3, 10], [4, 5], [4, 11], [4, 17], [6, 8], [6, 13], [7, 11], [7, 13], [7, 14], [8, 9], [8, 11], [9, 10], [9, 14], [10, 12], [11, 24], [12, 13], [13, 15], [14, 15], [16, 18], [16, 21], [16, 28], [17, 20], [17, 22], [17, 27], [18, 19], [18, 20], [18, 21], [19, 26], [19, 30], [19, 31], [20, 21], [20, 23], [21, 24], [21, 28], [21, 29], [21, 31], [22, 25], [22, 28], [22, 30], [23, 24], [23, 28], [23, 31], [24, 26], [24, 30], [25, 30], [26, 27], [26, 30], [27, 31], [28, 29]]"
g_n32_e64_k2_high_29,train,32,64,2,high,372841145742126,33.552173562129674,1329257344,"[[0, 8], [0, 11], [0, 12], [0, 13], [1, 3], [1, 6], [1, 12], [1, 14], [2, 6], [2, 10], [2, 13], [2, 28], [3, 4], [3, 10], [3, 14], [4, 10], [4, 15], [5, 7], [5, 8], [6, 9], [6, 10], [6, 23], [7, 11], [7, 14], [7, 15], [8, 9], [8, 11], [8, 13], [9, 13], [12, 13], [13, 14], [13, 15], [14, 15], [16, 20], [16, 21], [16, 26], [16, 27], [17, 25], [17, 27], [17, 29], [18, 19], [18, 23], [18, 26], [18, 29], [18, 30], [19, 21], [19, 23], [20, 22], [20, 28], [20, 30], [20, 31], [21, 27], [22, 24], [22, 29], [22, 30], [22, 31], [23, 24], [23, 27], [23, 30], [24, 29], [24, 31], [25, 28], [26, 31], [28, 29]]"
g_n32_e64_k3_low_00,validation,32,64,3,low,422695738141963,33.67767374098527,1330257314,"[[0, 1], [0, 5], [0, 15], [1, 11], [1, 12], [2, 5], [2, 8], [2, 11], [2, 14], [3, 6], [3, 12], [3, 14], [4, 6], [4, 10], [4, 11], [4, 13], [4, 18], [5, 14], [6, 11], [6, 14], [7, 9], [7, 11], [7, 15], [8, 11], [8, 14], [9, 10], [9, 14], [10, 12], [10, 13], [10, 14], [12, 22], [13, 15], [14, 17], [16, 20], [16, 24], [16, 27], [17, 18], [17, 22], [17, 28], [17, 31], [18, 20], [18, 25], [18, 29], [19, 20], [19, 21], [19, 23], [19, 26], [19, 29], [20, 21], [20, 24], [20, 25], [20, 30], [21, 23], [22, 25], [22, 28], [23, 25], [23, 28], [23, 30], [23, 31], [24, 26], [25, 28], [26, 27], [27, 30], [29, 31]]"
g_n32_e64_k3_low_01,test,32,64,3,low,461245153832976,33.76495080463292,1330257288,"[[0, 5], [0, 9], [0, 12], [1, 7], [1, 11], [1, 15], [2, 7], [2, 10], [2, 13], [2, 20], [3, 5], [3, 7], [3, 14], [4, 11], [4, 13], [4, 15], [5, 6], [5, 8], [5, 10], [5, 11], [5, 12], [5, 15], [5, 25], [6, 8], [6, 9], [7, 13], [7, 14], [7, 16], [8, 11], [9, 14], [10, 15], [11, 12], [11, 15], [16, 19], [16, 28], [16, 29], [17, 18], [17, 20], [17, 24], [17, 25], [17, 30], [17, 31], [18, 19], [18, 24], [18, 26], [18, 30], [19, 31], [20, 21], [20, 29], [20, 31], [21, 25], [21, 27], [21, 28], [22, 27], [22, 29], [22, 31], [23, 24], [23, 25], [23, 27], [25, 26], [26, 31], [27, 30], [28, 31], [30, 31]]"
g_n32_e64_k3_low_02,train,32,64,3,low,478431426615304,33.801534007492904,1330257372,"[[0, 4], [0, 10], [0, 11], [1, 2], [1, 5], [1, 8], [1, 9], [1, 14], [2, 6], [2, 9], [2, 14], [3, 4], [3, 6], [3, 12], [3, 29], [4, 6], [4, 7], [5, 8], [5, 15], [6, 10], [6, 13], [7, 11], [7, 13], [8, 13], [9, 13], [10, 11], [10, 14], [10, 16], [11, 13], [12, 14], [12, 15], [14, 15], [14, 27], [16, 23], [16, 27], [16, 31], [17, 20], [17, 21], [17, 24], [17, 25], [18, 21], [18, 29], [18, 30], [19, 22], [19, 27], [19, 31], [20, 22], [20, 24], [20, 25], [20, 26], [20, 28], [21, 23], [21, 26], [22, 24], [22, 27], [23, 24], [23, 29], [24, 25], [24, 29], [25, 30], [26, 28], [27, 31], [28, 30], [29, 30]]"
g_n32_e64_k3_low_03,train,32,64,3,low,483113524375657,33.81127278207875,1330257274,"[[0, 3], [0, 5], [0, 10], [0, 11], [1, 7], [1, 14], [1, 15], [2, 6], [2, 8], [2, 9], [2, 28], [3, 4], [3, 5], [3, 11], [4, 10], [4, 11], [5, 9], [6, 7], [6, 8], [6, 9], [6, 10], [6, 31], [7, 13], [8, 12], [8, 13], [8, 15], [9, 11], [9, 12], [10, 11], [11, 17], [12, 14], [13, 14], [14, 15], [16, 22], [16, 25], [16, 27], [16, 30], [17, 22], [17, 23], [17, 28], [18, 19], [18, 20], [18, 22], [18, 24], [18, 28], [19, 23], [19, 24], [19, 26], [19, 27], [20, 25], [20, 26], [20, 27], [20, 29], [21, 23], [21, 30], [21, 31], [24, 28], [24, 29], [24, 31], [25, 26], [25, 30], [27, 28], [28, 29], [29, 31]]"
g_n32_e64_k3_low_04,train,32,64,3,low,502431391075875,33.85048021136762,1330257371,"[[0, 5], [0, 13], [0, 15], [1, 3], [1, 4], [1, 7], [1, 13], [2, 4], [2, 8], [2, 10], [2, 12], [2, 15], [3, 8], [3, 9], [3, 11], [4, 9], [4, 19], [5, 10], [5, 14], [6, 7], [6, 14], [6, 15], [6, 24], [7, 11], [7, 12], [7, 13], [7, 14], [8, 9], [8, 12], [10, 11], [10, 29], [12, 15], [13, 14], [16, 22], [16, 25], [16, 28], [17, 19], [17, 24], [17, 29], [18, 25], [18, 26], [18, 27], [19, 20], [19, 23], [19, 24], [20, 22], [20, 24], [20, 27], [20, 28], [21, 29], [21, 30], [21, 31], [22, 24], [23, 24], [23, 26], [23, 29], [23, 30], [24, 26], [24, 27], [24, 28], [25, 27], [26, 31], [29, 31], [30, 31]]"
g_n32_e64_k3_low_05,validation,32,64,3,low,517107529200985,33.87927195565981,1330257335,"[[0, 5], [0, 14], [0, 15], [1, 3], [1, 6], [1, 9], [2, 5], [2, 8], [2, 13], [3, 4], [3, 14], [3, 24], [4, 7], [4, 12], [5, 14], [5, 15], [6, 7], [6, 14], [7, 11], [7, 12], [7, 15], [7, 19], [8, 9], [8, 15], [9, 11], [10, 12], [10, 14], [10, 15], [11, 15], [12, 14], [13, 14], [13, 15], [14, 23], [16, 17], [16, 27], [16, 28], [17, 19], [17, 21], [17, 22], [17, 30], [18, 22], [18, 24], [18, 25], [19, 20], [19, 21], [19, 26], [20, 21], [20, 26], [20, 27], [22, 24], [22, 28], [22, 29], [23, 24], [23, 26], [23, 29], [23, 31], [24, 31], [25, 29], [25, 30], [26, 27], [26, 28], [26, 31], [27, 30], [28, 30]]"
g_n32_e64_k3_low_06,train,32,64,3,low,532613108197182,33.90881640071633,1330257318,"[[0, 2], [0, 4], [0, 7], [1, 4], [1, 13], [1, 14], [1, 15], [2, 10], [2, 12], [2, 26], [3, 9], [3, 10], [3, 11], [3, 14], [4, 6], [5, 7], [5, 8], [5, 9], [5, 11], [5, 20], [6, 7], [6, 14], [7, 14], [8, 9], [8, 15], [9, 11], [9, 13], [9, 15], [10, 12], [11, 14], [12, 15], [13, 14], [13, 25], [16, 19], [16, 24], [16, 26], [16, 27], [16, 28], [16, 29], [16, 30], [16, 31], [17, 20], [17, 21], [17, 25], [17, 26], [18, 20], [18, 22], [18, 25], [19, 24], [19, 26], [19, 28], [20, 22], [20, 30], [21, 25], [21, 27], [22, 23], [23, 24], [23, 29], [23, 30], [24, 28], [24, 31], [27, 29], [27, 31], [28, 30]]"
g_n32_e64_k3_low_07,train,32,64,3,low,536575330343475,33.91622807884809,1330257330,"[[0, 3], [0, 10], [0, 12], [0, 17], [1, 3], [1, 9], [1, 15], [2, 6], [2, 10], [2, 14], [2, 24], [3, 4], [3, 30], [4, 6], [4, 7], [4, 10], [5, 6], [5, 10], [5, 13], [6, 10], [6, 11], [7, 8], [7, 13], [7, 15], [8, 10], [8, 14], [9, 10], [9, 11], [9, 14], [10, 13], [10, 14], [11, 12], [12, 15], [16, 19], [16, 27], [16, 29], [17, 22], [17, 23], [17, 29], [18, 19], [18, 25], [18, 28], [19, 23], [19, 29], [20, 21], [20, 24], [20, 30], [20, 31], [21, 24], [21, 26], [21, 29], [21, 30], [21, 31], [22, 25], [22, 26], [23, 28], [24, 31], [25, 27], [26, 28], [26, 29], [26, 31], [27, 30], [28, 31], [30, 31]]"
g_n32_e64_k3_low_08,train,32,64,3,low,541810364112129,33.925937174433365,1330257401,"[[0, 4], [0, 6], [0, 10], [0, 13], [1, 8], [1, 11], [1, 12], [1, 14], [1, 15], [2, 9], [2, 11], [2, 14], [2, 15], [3, 5], [3, 7], [3, 10], [3, 13], [4, 9], [4, 11], [5, 6], [5, 10], [6, 10], [6, 13], [6, 29], [7, 9], [7, 12], [7, 13], [8, 11], [8, 12], [9, 27], [10, 20], [11, 14], [13, 15], [16, 19], [16, 20], [16, 21], [16, 27], [16, 30], [17, 18], [17, 20], [17, 21], [18, 25], [18, 27], [18, 31], [19, 22], [19, 30], [20, 24], [20, 28], [20, 29], [20, 31], [21, 23], [22, 25], [22, 31], [23, 26], [23, 30], [24, 28], [24, 29], [25, 27], [25, 30], [26, 28], [26, 29], [27, 28], [27, 29], [28, 31]]"
g_n32_e64_k3_low_09,test,32,64,3,low,553046943402606,33.94646400246035,1330257343,"[[0, 7], [0, 9], [0, 11], [0, 17], [1, 6], [1, 10], [1, 11], [2, 10], [2, 12], [2, 15], [3, 4], [3, 5], [3, 7], [3, 8], [4, 6], [4, 12], [4, 13], [4, 15], [5, 11], [5, 14], [6, 8], [7, 11], [7, 13], [7, 24], [8, 12], [9, 11], [9, 13], [9, 14], [10, 11], [10, 15], [13, 14], [13, 19], [14, 15], [16, 19], [16, 22], [16, 25], [16, 26], [16, 27], [17, 18], [17, 23], [17, 30], [18, 19], [18, 24], [18, 29], [19, 24], [19, 26], [19, 27], [19, 29], [20, 23], [20, 27], [20, 31], [21, 22], [21, 28], [21, 29], [22, 29], [22, 30], [23, 24], [23, 28], [23, 31], [24, 28], [24, 29], [25, 26], [25, 30], [29, 31]]"
g_n32_e64_k3_mid_10,train,32,64,3,mid,775525058535968,34.28456141077096,1330257312,"[[0, 9], [0, 10], [0, 12], [1, 9], [1, 10], [1, 13], [2, 7], [2, 11], [2, 13], [2, 21], [3, 4], [3, 5], [3, 7], [4, 6], [4, 10], [4, 12], [5, 8], [5, 14], [5, 15], [6, 8], [6, 11], [6, 14], [7, 9], [7, 15], [7, 23], [8, 12], [11, 12], [11, 14], [12, 13], [12, 14], [12, 20], [13, 14], [13, 15], [16, 19], [16, 27], [16, 30], [17, 18], [17, 21], [17, 24], [17, 25], [17, 27], [17, 29], [18, 19], [18, 20], [18, 29], [19, 21], [20, 24], [20, 30], [20, 31], [21, 30], [22, 24], [22, 25], [22, 28], [23, 24], [23, 28], [23, 29], [24, 25], [24, 27], [25, 26], [25, 29], [26, 28], [26, 31], [28, 31], [29, 31]]"
g_n32_e64_k3_mid_11,test,32,64,3,mid,779269859386080,34.28937851950769,1330257376,"[[0, 2], [0, 6], [0, 7], [1, 2], [1, 4], [1, 8], [2, 8], [2, 30], [3, 7], [3, 8], [3, 10], [3, 12], [4, 7], [4, 12], [4, 14], [5, 8], [5, 12], [5, 14], [5, 15], [6, 11], [6, 15], [7, 14], [8, 11], [8, 23], [9, 13], [9, 14], [9, 15], [10, 13], [10, 15], [10, 16], [11, 15], [12, 14], [13, 15], [16, 18], [16, 20], [16, 26], [17, 19], [17, 20], [17, 21], [17, 26], [18, 21], [18, 26], [18, 29], [19, 22], [19, 25], [19, 27], [19, 28], [20, 28], [21, 28], [21, 31], [22, 24], [22, 29], [23, 25], [23, 26], [23, 27], [23, 30], [23, 31], [24, 25], [24, 29], [24, 30], [25, 26], [26, 30], [27, 31], [29, 30]]"
g_n32_e64_k3_mid_12,test,32,64,3,mid,792845838407712,34.306649915647924,1330257349,"[[0, 1], [0, 2], [0, 3], [0, 4], [0, 6], [0, 8], [0, 15], [1, 11], [1, 14], [2, 10], [2, 13], [2, 14], [2, 28], [3, 6], [3, 13], [4, 5], [4, 6], [4, 10], [5, 7], [5, 9], [5, 12], [5, 24], [6, 12], [6, 30], [7, 8], [7, 11], [7, 15], [8, 13], [9, 10], [9, 12], [10, 13], [11, 14], [14, 15], [16, 19], [16, 28], [16, 31], [17, 18], [17, 20], [17, 21], [17, 28], [18, 21], [18, 22], [18, 23], [18, 27], [19, 28], [19, 31], [20, 22], [20, 25], [20, 27], [20, 31], [21, 24], [21, 27], [21, 29], [22, 28], [22, 30], [23, 28], [23, 29], [24, 26], [24, 28], [25, 26], [25, 30], [26, 27], [26, 31], [29, 30]]"
g_n32_e64_k3_mid_13,train,32,64,3,mid,795409334013822,34.30987798362678,1330257379,"[[0, 3], [0, 5], [0, 7], [0, 10], [0, 11], [1, 3], [1, 12], [1, 13], [1, 15], [2, 6], [2, 10], [2, 11], [3, 7], [3, 13], [4, 5], [4, 12], [4, 13], [4, 24], [5, 15], [6, 8], [6, 10], [7, 8], [8, 14], [8, 15], [8, 26], [9, 11], [9, 13], [9, 14], [9, 15], [10, 12], [11, 12], [13, 14], [15, 19], [16, 18], [16, 22], [16, 27], [16, 31], [17, 18], [17, 19], [17, 22], [17, 25], [17, 30], [18, 22], [19, 21], [19, 22], [19, 23], [19, 24], [19, 28], [19, 30], [20, 23], [20, 27], [20, 30], [20, 31], [21, 26], [21, 27], [21, 29], [22, 30], [23, 28], [24, 26], [24, 29], [25, 26], [25, 31], [27, 31], [28, 29]]"
g_n32_e64_k3_mid_14,validation,32,64,3,mid,796555958722850,34.3113184985834,1330257368,"[[0, 1], [0, 5], [0, 7], [0, 11], [0, 15], [1, 5], [1, 10], [1, 12], [2, 6], [2, 13], [2, 14], [3, 4], [3, 7], [3, 14], [4, 9], [4, 10], [4, 11], [5, 9], [5, 13], [5, 15], [6, 12], [6, 13], [6, 27], [7, 8], [7, 10], [7, 21], [8, 11], [8, 12], [8, 24], [9, 13], [10, 15], [11, 12], [13, 14], [16, 21], [16, 24], [16, 28], [16, 29], [17, 18], [17, 24], [17, 27], [18, 19], [18, 20], [18, 21], [18, 29], [18, 30], [18, 31], [19, 22], [19, 23], [19, 26], [20, 22], [20, 28], [21, 25], [21, 26], [21, 27], [22, 25], [23, 24], [23, 29], [24, 25], [24, 26], [26, 28], [27, 31], [29, 30], [29, 31], [30, 31]]"
g_n32_e64_k3_mid_15,train,32,64,3,mid,797357028835026,34.312323660327955,1330257290,"[[0, 3], [0, 8], [0, 9], [1, 3], [1, 10], [1, 11], [1, 12], [1, 19], [2, 5], [2, 10], [2, 15], [3, 7], [4, 13], [4, 14], [4, 15], [5, 7], [5, 8], [5, 10], [5, 13], [6, 8], [6, 9], [6, 11], [7, 8], [8, 9], [8, 13], [9, 11], [9, 17], [11, 14], [12, 13], [12, 14], [12, 20], [13, 14], [13, 15], [16, 19], [16, 28], [16, 31], [17, 21], [17, 23], [17, 27], [17, 31], [18, 19], [18, 24], [18, 29], [18, 30], [19, 25], [19, 26], [19, 28], [20, 21], [20, 22], [20, 26], [20, 28], [21, 23], [21, 27], [22, 24], [22, 28], [22, 31], [23, 29], [23, 30], [24, 25], [24, 27], [25, 27], [26, 29], [29, 31], [30, 31]]"
g_n32_e64_k3_mid_16,train,32,64,3,mid,797519597326879,34.31252752373626,1330257398,"[[0, 6], [0, 7], [0, 12], [1, 2], [1, 11], [1, 12], [2, 5], [2, 6], [2, 7], [2, 9], [3, 6], [3, 13], [3, 15], [4, 6], [4, 9], [4, 10], [5, 10], [5, 14], [5, 15], [6, 7], [6, 10], [7, 10], [7, 14], [8, 11], [8, 14], [8, 15], [8, 18], [9, 13], [10, 12], [11, 13], [11, 22], [13, 19], [14, 15], [16, 17], [16, 19], [16, 22], [16, 23], [17, 18], [17, 21], [17, 23], [17, 29], [18, 21], [18, 25], [18, 26], [18, 28], [18, 30], [19, 21], [19, 30], [20, 21], [20, 22], [20, 24], [21, 23], [22, 25], [22, 28], [23, 30], [24, 28], [24, 31], [25, 27], [26, 27], [26, 31], [27, 30], [28, 29], [29, 30], [29, 31]]"
g_n32_e64_k3_mid_17,train,32,64,3,mid,798810599814684,34.31414498705503,1330257270,"[[0, 8], [0, 9], [0, 10], [1, 3], [1, 5], [1, 11], [1, 25], [2, 7], [2, 10], [2, 11], [3, 5], [3, 11], [3, 12], [4, 8], [4, 9], [4, 10], [5, 6], [5, 9], [5, 13], [6, 7], [6, 8], [6, 9], [6, 15], [7, 10], [8, 14], [8, 15], [8, 23], [9, 12], [10, 12], [12, 13], [12, 18], [13, 14], [14, 15], [16, 18], [16, 19], [16, 28], [16, 29], [17, 21], [17, 28], [17, 30], [18, 26], [18, 27], [19, 28], [19, 31], [20, 22], [20, 28], [20, 29], [21, 23], [21, 24], [21, 26], [22, 24], [22, 26], [22, 27], [22, 31], [23, 24], [23, 27], [23, 31], [25, 27], [25, 28], [25, 30], [26, 29], [26, 31], [28, 31], [30, 31]]"
g_n32_e64_k3_mid_18,train,32,64,3,mid,799129878476302,34.31454459976928,1330257358,"[[0, 6], [0, 8], [0, 13], [1, 8], [1, 10], [1, 12], [1, 14], [2, 3], [2, 5], [2, 11], [3, 4], [3, 11], [4, 6], [4, 10], [5, 7], [5, 9], [5, 10], [5, 14], [6, 9], [7, 8], [7, 9], [7, 10], [7, 14], [8, 15], [8, 24], [9, 11], [9, 12], [11, 13], [11, 15], [11, 30], [12, 13], [12, 15], [14, 23], [16, 22], [16, 25], [16, 29], [17, 19], [17, 20], [17, 25], [17, 27], [18, 21], [18, 28], [18, 30], [19, 20], [19, 24], [19, 26], [19, 28], [20, 23], [21, 24], [21, 26], [21, 28], [22, 26], [22, 27], [22, 28], [22, 31], [23, 24], [23, 29], [23, 30], [24, 30], [25, 27], [25, 28], [28, 31], [29, 30], [30, 31]]"
g_n32_e64_k3_mid_19,validation,32,64,3,mid,802402604219564,34.31863159810885,1330257356,"[[0, 5], [0, 7], [0, 8], [1, 3], [1, 10], [1, 11], [1, 13], [1, 21], [2, 5], [2, 7], [2, 13], [2, 14], [3, 5], [3, 8], [3, 9], [3, 12], [3, 17], [4, 8], [4, 10], [4, 13], [4, 14], [5, 10], [5, 11], [6, 7], [6, 12], [6, 13], [8, 15], [9, 11], [9, 14], [11, 15], [12, 14], [13, 15], [13, 25], [16, 17], [16, 19], [16, 20], [17, 18], [17, 19], [17, 29], [18, 26], [18, 31], [19, 21], [19, 26], [20, 24], [20, 25], [20, 28], [21, 26], [21, 31], [22, 25], [22, 27], [22, 28], [23, 24], [23, 27], [23, 30], [24, 25], [24, 26], [24, 28], [25, 28], [26, 28], [26, 29], [27, 30], [28, 31], [29, 30], [29, 31]]"
g_n32_e64_k3_high_20,train,32,64,3,high,1036685563559386,34.57480506078146,1330257272,"[[0, 4], [0, 11], [0, 15], [1, 3], [1, 4], [1, 6], [1, 11], [1, 15], [1, 21], [2, 3], [2, 9], [2, 12], [2, 15], [3, 5], [3, 10], [4, 14], [4, 25], [5, 9], [5, 10], [5, 30], [6, 7], [6, 12], [6, 14], [7, 10], [7, 15], [8, 9], [8, 10], [8, 15], [10, 13], [11, 14], [12, 13], [12, 14], [13, 15], [16, 22], [16, 24], [16, 29], [16, 30], [17, 20], [17, 23], [17, 28], [17, 30], [18, 23], [18, 26], [18, 29], [18, 30], [19, 20], [19, 21], [19, 30], [19, 31], [20, 24], [20, 27], [21, 25], [21, 26], [22, 24], [22, 28], [22, 31], [23, 29], [24, 25], [25, 28], [25, 31], [26, 31], [27, 30], [27, 31], [28, 30]]"
g_n32_e64_k3_high_21,train,32,64,3,high,1049319814469887,34.586918553426834,1330257308,"[[0, 2], [0, 3], [0, 5], [0, 11], [0, 14], [1, 4], [1, 6], [1, 7], [1, 10], [2, 9], [2, 11], [2, 12], [3, 4], [3, 5], [3, 11], [3, 13], [4, 12], [4, 14], [5, 7], [5, 24], [6, 11], [6, 15], [7, 8], [8, 9], [8, 10], [8, 13], [8, 14], [9, 10], [10, 15], [10, 31], [12, 13], [13, 30], [14, 15], [16, 17], [16, 21], [16, 26], [16, 31], [17, 23], [17, 24], [18, 19], [18, 22], [18, 27], [19, 20], [19, 22], [19, 25], [20, 26], [20, 27], [20, 29], [21, 23], [21, 29], [21, 31], [22, 24], [23, 24], [23, 25], [23, 27], [24, 28], [25, 31], [26, 30], [27, 28], [27, 30], [27, 31], [28, 31], [29, 30], [30, 31]]"
g_n32_e64_k3_high_22,train,32,64,3,high,1087167012606042,34.62235163669924,1330257321,"[[0, 6], [0, 13], [0, 15], [1, 3], [1, 11], [1, 13], [2, 8], [2, 9], [2, 10], [3, 10], [3, 14], [4, 8], [4, 9], [4, 12], [4, 14], [5, 8], [5, 10], [5, 11], [5, 12], [6, 9], [6, 13], [6, 15], [7, 12], [7, 13], [7, 14], [8, 11], [8, 15], [8, 27], [9, 10], [9, 11], [10, 17], [12, 15], [15, 24], [16, 20], [16, 21], [16, 24], [16, 28], [17, 19], [17, 25], [17, 29], [18, 20], [18, 22], [18, 26], [18, 31], [19, 22], [19, 23], [19, 29], [19, 30], [20, 22], [20, 30], [21, 23], [21, 24], [21, 27], [21, 28], [23, 25], [24, 26], [25, 27], [25, 28], [25, 31], [26, 30], [26, 31], [27, 29], [29, 31], [30, 31]]"
g_n32_e64_k3_high_23,validation,32,64,3,high,1102684434134667,34.63652399645558,1330257316,"[[0, 3], [0, 9], [0, 10], [0, 15], [1, 2], [1, 5], [1, 7], [1, 8], [1, 28], [2, 9], [2, 12], [2, 14], [3, 4], [3, 9], [4, 6], [4, 8], [5, 8], [5, 13], [6, 11], [6, 14], [7, 9], [7, 11], [7, 12], [7, 14], [8, 9], [8, 10], [10, 15], [11, 15], [11, 22], [12, 13], [13, 14], [13, 15], [14, 29], [16, 17], [16, 21], [16, 25], [16, 26], [16, 31], [17, 18], [17, 23], [17, 25], [17, 26], [17, 28], [18, 25], [18, 28], [18, 30], [19, 22], [19, 23], [19, 27], [19, 30], [20, 24], [20, 26], [20, 29], [21, 23], [21, 25], [22, 29], [22, 30], [23, 24], [23, 31], [24, 28], [25, 27], [26, 27], [29, 31], [30, 31]]"
g_n32_e64_k3_high_24,validation,32,64,3,high,1105109592223296,34.63872090344516,1330257354,"[[0, 4], [0, 6], [0, 10], [0, 11], [1, 9], [1, 13], [1, 14], [2, 7], [2, 8], [2, 13], [3, 5], [3, 7], [3, 13], [3, 14], [3, 20], [4, 5], [4, 11], [4, 14], [4, 15], [5, 6], [5, 7], [5, 9], [5, 12], [6, 8], [8, 10], [8, 13], [9, 10], [9, 31], [10, 11], [11, 12], [11, 26], [12, 15], [14, 15], [16, 22], [16, 24], [16, 31], [17, 21], [17, 24], [17, 30], [18, 19], [18, 23], [18, 30], [19, 21], [19, 24], [19, 28], [20, 24], [20, 27], [20, 30], [21, 26], [21, 30], [22, 26], [22, 30], [22, 31], [23, 24], [23, 25], [23, 27], [25, 26], [25, 27], [25, 28], [25, 29], [26, 29], [27, 31], [28, 30], [29, 31]]"
g_n32_e64_k3_high_25,test,32,64,3,high,1119213250351014,34.651402378336805,1330257291,"[[0, 4], [0, 8], [0, 11], [0, 13], [0, 25], [1, 5], [1, 7], [1, 8], [1, 10], [1, 11], [2, 9], [2, 12], [2, 13], [3, 5], [3, 9], [3, 11], [3, 15], [4, 6], [4, 8], [4, 13], [4, 15], [5, 6], [5, 9], [5, 14], [6, 7], [7, 11], [7, 13], [8, 12], [8, 18], [10, 12], [10, 14], [14, 15], [15, 28], [16, 19], [16, 20], [16, 24], [16, 26], [16, 28], [17, 18], [17, 19], [17, 27], [18, 22], [18, 24], [18, 26], [18, 27], [19, 30], [20, 30], [20, 31], [21, 23], [21, 27], [21, 28], [21, 31], [22, 25], [22, 27], [23, 27], [23, 30], [23, 31], [24, 31], [25, 28], [25, 29], [26, 28], [26, 29], [27, 29], [29, 30]]"
g_n32_e64_k3_high_26,train,32,64,3,high,1121464506179546,34.65341182086328,1330257392,"[[0, 4], [0, 7], [0, 13], [1, 5], [1, 7], [1, 9], [1, 16], [2, 7], [2, 10], [2, 11], [2, 15], [3, 10], [3, 11], [3, 12], [3, 15], [4, 5], [4, 9], [4, 14], [4, 15], [5, 6], [5, 12], [5, 15], [6, 10], [6, 14], [8, 9], [8, 13], [8, 15], [9, 11], [9, 14], [10, 12], [10, 13], [11, 30], [13, 17], [16, 21], [16, 25], [16, 31], [17, 21], [17, 25], [17, 26], [17, 28], [18, 20], [18, 22], [18, 24], [18, 27], [18, 28], [19, 20], [19, 21], [19, 22], [19, 23], [19, 24], [19, 29], [20, 26], [20, 30], [22, 23], [22, 26], [23, 26], [23, 30], [23, 31], [24, 29], [25, 26], [25, 31], [27, 28], [27, 31], [29, 30]]"
g_n32_e64_k3_high_27,train,32,64,3,high,1123966115573106,34.655639999640506,1330257360,"[[0, 2], [0, 3], [0, 11], [1, 3], [1, 5], [1, 6], [1, 15], [2, 7], [2, 8], [2, 10], [2, 11], [3, 4], [3, 9], [3, 13], [4, 7], [4, 8], [4, 29], [5, 6], [5, 11], [6, 9], [6, 11], [6, 16], [7, 15], [8, 12], [8, 14], [9, 12], [9, 14], [10, 13], [10, 15], [10, 25], [11, 12], [13, 14], [14, 15], [16, 17], [16, 19], [16, 21], [16, 29], [17, 18], [17, 21], [17, 24], [17, 26], [17, 31], [18, 19], [18, 23], [19, 20], [19, 22], [19, 30], [20, 21], [20, 23], [21, 26], [21, 28], [22, 28], [22, 31], [23, 25], [23, 30], [24, 26], [24, 27], [24, 28], [25, 27], [25, 29], [25, 30], [26, 28], [26, 29], [27, 31]]"
g_n32_e64_k3_high_28,test,32,64,3,high,1150344788161274,34.678838108142486,1330257299,"[[0, 5], [0, 10], [0, 12], [0, 14], [0, 15], [1, 2], [1, 11], [1, 13], [1, 15], [2, 3], [2, 6], [2, 9], [2, 10], [2, 13], [2, 28], [3, 4], [3, 8], [4, 7], [4, 11], [4, 14], [4, 21], [5, 8], [5, 10], [6, 7], [6, 8], [7, 9], [7, 14], [9, 12], [11, 12], [12, 13], [13, 14], [14, 15], [15, 27], [16, 18], [16, 19], [16, 21], [16, 25], [17, 20], [17, 21], [17, 27], [17, 31], [18, 19], [18, 20], [18, 22], [18, 30], [19, 23], [19, 28], [20, 23], [20, 26], [21, 23], [21, 28], [22, 24], [22, 26], [23, 26], [23, 27], [24, 27], [24, 29], [25, 26], [25, 27], [25, 30], [26, 30], [28, 31], [29, 30], [29, 31]]"
g_n32_e64_k3_high_29,train,32,64,3,high,1173040817480576,34.69837576148775,1330257292,"[[0, 4], [0, 5], [0, 6], [0, 8], [0, 11], [0, 14], [0, 26], [1, 7], [1, 8], [1, 11], [2, 4], [2, 5], [2, 6], [2, 9], [2, 12], [2, 27], [3, 4], [3, 6], [3, 8], [5, 10], [5, 13], [6, 15], [7, 12], [7, 13], [7, 14], [7, 15], [9, 13], [9, 14], [9, 15], [10, 12], [10, 14], [11, 12], [13, 20], [16, 19], [16, 26], [16, 28], [16, 29], [16, 31], [17, 24], [17, 25], [17, 30], [17, 31], [18, 22], [18, 23], [18, 29], [19, 25], [19, 26], [19, 28], [20, 21], [20, 23], [20, 31], [21, 22], [21, 25], [21, 26], [21, 27], [22, 23], [22, 25], [23, 24], [24, 29], [25, 28], [27, 29], [27, 30], [28, 30], [28, 31]]"
g_n32_e96_k2_low_00,train,32,96,2,low,159408565064686442960,46.518002171958976,607877373,"[[0, 4], [0, 5], [0, 7], [0, 13], [0, 14], [0, 21], [1, 3], [1, 4], [1, 11], [1, 15], [2, 5], [2, 7], [2, 8], [2, 10], [2, 11], [2, 13], [2, 14], [3, 7], [3, 9], [3, 11], [3, 12], [3, 13], [3, 14], [3, 15], [4, 7], [4, 12], [4, 14], [5, 6], [5, 10], [5, 11], [5, 12], [5, 13], [6, 7], [6, 8], [6, 10], [6, 11], [6, 13], [6, 14], [7, 10], [7, 14], [7, 15], [8, 11], [9, 12], [10, 13], [12, 14], [12, 15], [13, 14], [14, 15], [14, 23], [16, 20], [16, 24], [16, 26], [16, 29], [17, 19], [17, 20], [17, 22], [17, 23], [17, 24], [17, 27], [17, 30], [18, 19], [18, 27], [19, 20], [19, 21], [19, 23], [19, 24], [19, 28], [19, 31], [20, 21], [20, 24], [20, 26], [20, 28], [21, 23], [21, 24], [21, 27], [21, 28], [21, 30], [22, 23], [22, 24], [22, 27], [22, 28], [22, 30], [23, 24], [23, 25], [23, 28], [24, 26], [24, 28], [24, 29], [24, 31], [25, 27], [25, 31], [26, 29], [26, 31], [27, 29], [27, 30], [27, 31]]"
g_n32_e96_k2_low_01,train,32,96,2,low,175650896307011682900,46.61503015539273,607877341,"[[0, 1], [0, 5], [0, 13], [1, 5], [1, 6], [1, 12], [1, 31], [2, 3], [2, 4], [2, 6], [2, 9], [2, 10], [2, 11], [2, 13], [2, 15], [3, 4], [3, 5], [3, 6], [3, 7], [3, 9], [3, 10], [3, 12], [3, 13], [4, 9], [4, 10], [4, 11], [4, 13], [5, 6], [5, 7], [5, 12], [5, 13], [6, 10], [7, 10], [7, 13], [7, 14], [8, 9], [8, 12], [9, 10], [9, 11], [9, 12], [9, 15], [10, 11], [10, 12], [10, 13], [10, 14], [10, 15], [11, 13], [11, 15], [13, 20], [16, 21], [16, 22], [16, 25], [16, 26], [16, 27], [16, 28], [16, 30], [17, 18], [17, 20], [17, 22], [17, 24], [17, 25], [17, 30], [18, 20], [18, 23], [18, 24], [18, 25], [18, 27], [18, 30], [19, 24], [19, 25], [19, 29], [19, 30], [19, 31], [20, 21], [20, 25], [20, 26], [21, 24], [21, 28], [22, 26], [22, 28], [22, 31], [23, 28], [23, 30], [23, 31], [24, 27], [24, 28], [24, 31], [25, 27], [25, 31], [26, 27], [26, 31], [27, 28], [27, 29], [27, 30], [29, 30], [30, 31]]"
g_n32_e96_k2_low_02,validation,32,96,2,low,178745474820531237237,46.632494539457156,607877375,"[[0, 4], [0, 6], [0, 7], [0, 10], [0, 14], [0, 27], [1, 3], [1, 6], [1, 7], [1, 9], [1, 14], [2, 7], [2, 8], [2, 9], [2, 11], [2, 13], [3, 4], [3, 5], [3, 6], [3, 7], [3, 9], [3, 10], [3, 11], [3, 12], [3, 14], [4, 5], [4, 10], [4, 14], [5, 6], [5, 7], [5, 13], [6, 7], [6, 9], [6, 11], [7, 9], [7, 10], [7, 13], [7, 14], [7, 15], [8, 10], [9, 14], [10, 13], [10, 14], [10, 15], [11, 15], [12, 14], [13, 14], [13, 15], [13, 24], [16, 18], [16, 26], [16, 27], [16, 31], [17, 18], [17, 22], [17, 27], [18, 22], [18, 24], [18, 25], [18, 26], [18, 28], [19, 21], [19, 23], [19, 25], [19, 27], [19, 29], [20, 24], [20, 25], [20, 29], [20, 31], [21, 23], [21, 24], [21, 27], [21, 28], [21, 30], [21, 31], [22, 23], [22, 24], [22, 27], [22, 28], [22, 29], [23, 26], [23, 28], [24, 26], [24, 30], [24, 31], [25, 26], [25, 27], [25, 29], [25, 31], [27, 28], [27, 29], [27, 30], [27, 31], [29, 30], [29, 31]]"
g_n32_e96_k2_low_03,validation,32,96,2,low,190674801627583823096,46.69710104157328,607877344,"[[0, 4], [0, 5], [0, 6], [1, 4], [1, 5], [1, 10], [1, 13], [1, 15], [2, 4], [2, 6], [2, 8], [2, 9], [2, 11], [2, 12], [3, 4], [3, 6], [3, 8], [3, 9], [3, 12], [3, 14], [3, 17], [4, 6], [4, 7], [4, 8], [4, 11], [4, 13], [4, 19], [5, 6], [5, 8], [5, 13], [6, 8], [6, 10], [6, 12], [7, 12], [7, 13], [7, 15], [8, 9], [8, 10], [8, 11], [8, 13], [8, 14], [8, 15], [9, 10], [9, 14], [10, 11], [10, 12], [10, 14], [10, 15], [13, 14], [16, 18], [16, 20], [16, 21], [16, 24], [16, 25], [16, 26], [16, 31], [17, 19], [17, 22], [18, 19], [18, 20], [18, 22], [18, 25], [18, 27], [18, 28], [18, 29], [19, 20], [19, 21], [19, 22], [19, 23], [19, 24], [19, 27], [19, 30], [19, 31], [20, 21], [20, 23], [20, 24], [20, 25], [20, 28], [20, 31], [21, 22], [21, 23], [21, 28], [22, 24], [22, 26], [22, 27], [22, 29], [23, 25], [23, 30], [23, 31], [25, 27], [25, 28], [25, 31], [26, 28], [27, 31], [28, 30], [29, 31]]"
g_n32_e96_k2_low_04,test,32,96,2,low,198865858531323522564,46.73916219359273,607877408,"[[0, 1], [0, 2], [0, 5], [0, 6], [0, 7], [0, 9], [0, 12], [0, 14], [0, 15], [1, 4], [1, 8], [1, 9], [1, 10], [1, 13], [2, 4], [2, 6], [2, 7], [2, 10], [2, 12], [2, 15], [3, 4], [3, 8], [3, 14], [4, 6], [4, 9], [4, 10], [4, 11], [5, 6], [5, 10], [5, 12], [5, 13], [6, 11], [6, 13], [6, 15], [7, 11], [7, 14], [7, 15], [8, 11], [8, 12], [8, 13], [8, 14], [9, 12], [9, 15], [10, 13], [10, 15], [11, 12], [11, 13], [13, 19], [15, 22], [16, 17], [16, 18], [16, 19], [16, 20], [16, 21], [16, 23], [16, 27], [17, 18], [17, 19], [17, 20], [17, 23], [17, 24], [17, 26], [17, 29], [18, 19], [18, 20], [18, 21], [18, 23], [18, 24], [18, 26], [18, 27], [18, 28], [18, 30], [19, 21], [19, 22], [19, 23], [19, 25], [19, 26], [19, 31], [20, 21], [20, 22], [20, 26], [20, 28], [20, 29], [20, 31], [21, 23], [21, 24], [21, 31], [22, 25], [22, 29], [22, 30], [23, 30], [24, 26], [24, 28], [24, 31], [26, 28], [28, 30]]"
g_n32_e96_k2_low_05,train,32,96,2,low,202750738258176996967,46.75850900810577,607877387,"[[0, 1], [0, 2], [0, 4], [0, 6], [0, 9], [0, 10], [0, 12], [0, 14], [1, 4], [1, 8], [1, 9], [1, 10], [1, 12], [2, 4], [2, 6], [2, 7], [2, 8], [2, 9], [2, 31], [3, 6], [3, 8], [3, 9], [3, 11], [4, 8], [4, 11], [4, 13], [4, 14], [5, 7], [5, 8], [5, 9], [5, 11], [5, 14], [5, 15], [5, 26], [6, 8], [7, 9], [7, 15], [8, 9], [8, 10], [8, 11], [8, 12], [8, 14], [9, 10], [10, 12], [10, 13], [10, 14], [11, 13], [12, 13], [13, 15], [16, 17], [16, 22], [16, 24], [16, 25], [16, 31], [17, 18], [17, 20], [17, 22], [17, 26], [17, 27], [17, 28], [17, 30], [18, 21], [18, 23], [18, 24], [18, 25], [18, 26], [18, 27], [18, 29], [18, 30], [19, 21], [19, 31], [20, 21], [20, 24], [20, 30], [20, 31], [21, 23], [21, 24], [21, 25], [21, 27], [21, 29], [21, 30], [21, 31], [22, 23], [22, 27], [23, 24], [23, 25], [24, 26], [24, 28], [24, 30], [24, 31], [25, 31], [27, 28], [27, 31], [28, 29], [28, 31], [30, 31]]"
g_n32_e96_k2_low_06,train,32,96,2,low,207866895130776281120,46.78342962149742,607877357,"[[0, 1], [0, 2], [0, 4], [0, 5], [0, 6], [0, 10], [0, 14], [1, 3], [1, 5], [1, 6], [1, 7], [1, 11], [1, 13], [1, 14], [2, 5], [2, 8], [2, 9], [2, 12], [2, 13], [2, 14], [2, 15], [3, 4], [3, 9], [3, 12], [4, 5], [4, 6], [4, 9], [4, 10], [4, 12], [5, 6], [5, 9], [5, 13], [5, 14], [6, 15], [7, 12], [8, 9], [8, 10], [8, 15], [9, 11], [9, 12], [10, 11], [10, 12], [10, 13], [10, 14], [11, 12], [11, 13], [12, 15], [12, 17], [15, 16], [16, 22], [16, 23], [16, 24], [16, 29], [16, 30], [17, 29], [17, 30], [18, 20], [18, 24], [18, 26], [18, 27], [18, 28], [18, 31], [19, 21], [19, 23], [19, 24], [19, 25], [19, 26], [19, 28], [19, 29], [19, 31], [20, 21], [20, 23], [20, 24], [20, 28], [20, 29], [20, 30], [21, 26], [21, 28], [21, 29], [21, 30], [22, 24], [22, 26], [22, 29], [23, 24], [23, 30], [24, 29], [24, 30], [24, 31], [25, 30], [25, 31], [26, 27], [27, 29], [28, 29], [28, 30], [29, 30], [30, 31]]"
g_n32_e96_k2_low_07,test,32,96,2,low,215838213515864132967,46.821060789427094,607877388,"[[0, 1], [0, 3], [1, 2], [1, 5], [1, 7], [1, 8], [1, 15], [2, 4], [2, 7], [2, 12], [2, 13], [3, 7], [3, 10], [3, 12], [3, 13], [4, 5], [4, 7], [4, 9], [4, 11], [4, 12], [4, 13], [4, 18], [5, 9], [5, 13], [5, 14], [5, 15], [6, 9], [6, 12], [6, 13], [6, 14], [6, 24], [7, 8], [7, 9], [7, 12], [7, 13], [7, 15], [8, 10], [8, 14], [8, 15], [9, 10], [9, 12], [9, 14], [10, 13], [11, 12], [12, 13], [12, 14], [12, 15], [13, 15], [14, 15], [16, 17], [16, 18], [16, 21], [16, 22], [16, 30], [16, 31], [17, 18], [17, 21], [17, 26], [17, 29], [18, 21], [18, 23], [18, 28], [18, 31], [19, 20], [19, 21], [19, 23], [19, 27], [19, 28], [19, 30], [20, 21], [20, 30], [20, 31], [21, 22], [21, 25], [21, 26], [21, 27], [22, 23], [22, 24], [22, 25], [22, 28], [22, 30], [23, 26], [23, 27], [23, 28], [23, 29], [23, 30], [24, 26], [24, 28], [24, 30], [24, 31], [25, 26], [25, 27], [26, 30], [28, 29], [28, 30], [30, 31]]"
g_n32_e96_k2_low_08,train,32,96,2,low,227841937902693266959,46.87518380762228,607877354,"[[0, 1], [0, 4], [0, 5], [0, 6], [0, 7], [0, 9], [0, 12], [0, 14], [1, 4], [1, 7], [1, 8], [1, 10], [1, 14], [2, 3], [2, 4], [2, 5], [2, 8], [2, 9], [2, 10], [2, 11], [2, 13], [3, 8], [3, 10], [3, 12], [4, 5], [4, 12], [4, 14], [4, 16], [5, 6], [5, 7], [5, 10], [5, 13], [6, 9], [6, 10], [6, 13], [6, 14], [7, 8], [7, 9], [7, 12], [7, 13], [8, 9], [9, 10], [9, 28], [10, 12], [10, 14], [10, 15], [11, 12], [12, 14], [13, 15], [16, 18], [16, 19], [16, 20], [16, 22], [16, 23], [16, 30], [17, 19], [17, 24], [17, 28], [18, 20], [18, 24], [18, 25], [18, 27], [18, 30], [19, 23], [19, 25], [19, 26], [19, 28], [19, 30], [20, 22], [20, 24], [20, 26], [20, 27], [20, 28], [20, 29], [20, 31], [21, 23], [21, 25], [21, 26], [22, 24], [22, 26], [22, 29], [22, 30], [23, 24], [23, 25], [24, 26], [24, 28], [24, 30], [24, 31], [25, 26], [26, 27], [26, 30], [26, 31], [27, 29], [27, 30], [28, 31], [29, 31]]"
g_n32_e96_k2_low_09,train,32,96,2,low,228606901626013301300,46.87853561563775,607877348,"[[0, 2], [0, 3], [0, 4], [0, 8], [0, 11], [0, 13], [0, 14], [1, 6], [1, 8], [1, 9], [1, 10], [1, 11], [1, 12], [1, 13], [2, 6], [2, 8], [2, 9], [2, 10], [3, 4], [3, 6], [3, 7], [3, 8], [3, 9], [3, 12], [4, 8], [4, 13], [4, 14], [5, 7], [5, 8], [5, 13], [5, 14], [6, 7], [6, 9], [6, 11], [6, 14], [6, 27], [7, 8], [7, 10], [7, 11], [7, 13], [8, 11], [8, 12], [8, 15], [9, 14], [10, 12], [10, 13], [10, 15], [11, 15], [13, 30], [16, 21], [16, 24], [16, 25], [16, 29], [16, 30], [17, 18], [17, 19], [17, 21], [17, 24], [17, 29], [17, 30], [18, 21], [18, 23], [18, 24], [18, 26], [18, 27], [18, 28], [18, 30], [19, 24], [19, 26], [19, 31], [20, 21], [20, 23], [21, 24], [21, 25], [21, 27], [21, 29], [21, 31], [22, 25], [22, 27], [22, 28], [22, 29], [22, 30], [23, 27], [24, 26], [24, 28], [24, 29], [24, 30], [25, 26], [25, 27], [25, 29], [25, 31], [26, 29], [26, 30], [27, 30], [28, 29], [29, 30]]"
g_n32_e96_k2_mid_10,validation,32,96,2,mid,375789425609619238365,47.37556062213042,607877335,"[[0, 1], [0, 5], [0, 7], [0, 10], [0, 11], [1, 7], [1, 9], [1, 11], [1, 13], [1, 14], [2, 4], [2, 9], [2, 14], [2, 15], [3, 5], [3, 6], [3, 10], [3, 12], [3, 13], [4, 5], [4, 8], [4, 9], [4, 12], [5, 10], [5, 14], [6, 7], [6, 9], [6, 10], [6, 11], [6, 12], [6, 13], [6, 15], [7, 10], [7, 11], [7, 12], [8, 10], [9, 10], [9, 13], [9, 14], [10, 12], [10, 14], [11, 12], [11, 15], [12, 14], [12, 15], [13, 14], [13, 17], [14, 15], [14, 16], [16, 18], [16, 19], [16, 21], [16, 24], [16, 27], [16, 28], [16, 30], [16, 31], [17, 21], [17, 23], [17, 26], [17, 27], [17, 29], [18, 23], [18, 24], [18, 26], [18, 30], [19, 22], [19, 25], [19, 30], [20, 21], [20, 23], [20, 24], [20, 26], [20, 28], [21, 25], [21, 28], [21, 30], [22, 24], [22, 26], [22, 29], [22, 30], [22, 31], [23, 24], [23, 26], [23, 27], [23, 30], [25, 26], [25, 30], [26, 27], [26, 30], [27, 28], [27, 29], [27, 30], [27, 31], [28, 29], [30, 31]]"
g_n32_e96_k2_mid_11,train,32,96,2,mid,376948977851531854320,47.37864151491808,607877410,"[[0, 1], [0, 10], [0, 13], [0, 15], [1, 8], [1, 12], [1, 14], [1, 15], [2, 4], [2, 11], [2, 13], [2, 14], [3, 4], [3, 6], [3, 9], [3, 10], [3, 11], [3, 12], [4, 7], [4, 10], [4, 12], [4, 14], [5, 6], [5, 10], [5, 14], [5, 15], [6, 7], [6, 8], [6, 13], [6, 24], [7, 10], [7, 11], [7, 12], [7, 13], [7, 14], [7, 15], [8, 12], [8, 13], [9, 10], [9, 11], [9, 13], [9, 15], [10, 13], [10, 15], [11, 13], [11, 14], [11, 15], [12, 14], [14, 28], [16, 17], [16, 25], [16, 31], [17, 18], [17, 22], [17, 23], [17, 26], [17, 31], [18, 21], [18, 22], [18, 25], [18, 30], [19, 21], [19, 23], [19, 26], [19, 27], [19, 28], [20, 27], [20, 28], [21, 28], [21, 30], [22, 25], [22, 26], [22, 28], [22, 31], [23, 24], [23, 25], [23, 26], [23, 27], [23, 28], [23, 29], [23, 31], [24, 26], [24, 27], [24, 28], [24, 29], [24, 30], [25, 26], [25, 30], [26, 28], [26, 29], [26, 30], [27, 29], [27, 31], [28, 31], [29, 30], [30, 31]]"
g_n32_e96_k2_mid_12,test,32,96,2,mid,377370243440099442593,47.379758457508096,607877381,"[[0, 1], [0, 6], [0, 9], [0, 11], [0, 13], [0, 14], [1, 2], [1, 3], [1, 9], [1, 10], [1, 13], [1, 15], [2, 3], [2, 4], [2, 6], [2, 9], [2, 10], [2, 11], [2, 15], [3, 5], [3, 6], [3, 8], [3, 10], [3, 13], [4, 7], [4, 8], [4, 10], [4, 15], [5, 6], [5, 7], [5, 10], [5, 14], [5, 15], [6, 8], [6, 9], [6, 12], [6, 13], [7, 12], [7, 13], [7, 14], [8, 13], [9, 12], [10, 12], [10, 13], [10, 14], [11, 13], [12, 26], [13, 28], [14, 15], [16, 21], [16, 22], [16, 23], [17, 20], [17, 22], [17, 23], [17, 24], [17, 26], [17, 27], [17, 29], [18, 21], [18, 25], [18, 29], [18, 31], [19, 23], [19, 29], [19, 30], [20, 22], [20, 24], [20, 29], [20, 31], [21, 22], [21, 23], [21, 28], [22, 23], [22, 25], [22, 26], [22, 27], [22, 31], [23, 24], [23, 25], [23, 28], [23, 29], [23, 30], [24, 25], [24, 27], [24, 29], [24, 31], [25, 26], [25, 28], [26, 28], [26, 29], [26, 30], [27, 28], [27, 29], [27, 30], [29, 31]]"
g_n32_e96_k2_mid_13,train,32,96,2,mid,381551401146986059488,47.39077724987172,607877363,"[[0, 3], [0, 5], [0, 6], [0, 8], [0, 9], [0, 12], [0, 13], [0, 14], [1, 6], [1, 7], [1, 15], [1, 26], [2, 4], [2, 10], [2, 11], [2, 13], [3, 5], [3, 6], [3, 7], [3, 12], [3, 13], [4, 5], [4, 6], [4, 10], [4, 13], [4, 14], [5, 6], [5, 11], [5, 14], [5, 15], [6, 7], [6, 8], [6, 13], [6, 14], [6, 15], [7, 12], [7, 13], [7, 14], [8, 9], [8, 12], [9, 12], [9, 14], [9, 15], [10, 12], [10, 13], [10, 15], [12, 13], [12, 15], [13, 25], [16, 19], [16, 21], [16, 22], [16, 23], [16, 26], [16, 27], [17, 23], [17, 24], [17, 27], [17, 30], [18, 19], [18, 21], [18, 22], [18, 24], [18, 25], [18, 26], [18, 29], [18, 30], [18, 31], [19, 21], [19, 23], [19, 29], [20, 21], [20, 22], [20, 28], [20, 31], [21, 23], [21, 27], [22, 23], [22, 25], [22, 26], [22, 29], [23, 27], [23, 28], [23, 30], [24, 25], [24, 26], [24, 29], [24, 30], [25, 29], [25, 30], [26, 28], [26, 31], [27, 29], [27, 31], [28, 29], [30, 31]]"
g_n32_e96_k2_mid_14,train,32,96,2,mid,386020976773287010617,47.40242338585332,607877390,"[[0, 5], [0, 6], [0, 9], [0, 10], [0, 13], [0, 14], [0, 15], [1, 4], [1, 5], [1, 6], [1, 10], [1, 11], [1, 14], [2, 3], [2, 8], [2, 15], [2, 18], [3, 7], [3, 8], [3, 9], [3, 12], [3, 14], [4, 5], [4, 6], [4, 7], [4, 12], [4, 13], [5, 7], [5, 9], [5, 10], [5, 13], [6, 7], [6, 9], [6, 10], [6, 20], [7, 10], [7, 11], [8, 10], [8, 13], [8, 14], [9, 10], [9, 13], [10, 12], [10, 14], [11, 12], [12, 13], [12, 14], [12, 15], [14, 15], [16, 18], [16, 19], [16, 23], [16, 24], [16, 25], [16, 26], [16, 28], [16, 30], [16, 31], [17, 18], [17, 20], [17, 21], [17, 22], [17, 23], [17, 24], [17, 26], [17, 28], [18, 22], [18, 26], [18, 30], [19, 23], [19, 24], [20, 22], [20, 24], [20, 25], [20, 27], [20, 28], [20, 30], [21, 22], [21, 24], [21, 25], [22, 27], [22, 28], [22, 30], [23, 25], [23, 28], [23, 31], [24, 27], [25, 27], [26, 27], [26, 28], [26, 30], [26, 31], [27, 29], [28, 30], [29, 31], [30, 31]]"
g_n32_e96_k2_mid_15,validation,32,96,2,mid,386791431327562839560,47.404417284505705,607877309,"[[0, 1], [0, 3], [0, 6], [0, 13], [1, 3], [1, 4], [1, 5], [1, 6], [1, 11], [1, 15], [2, 5], [2, 8], [2, 11], [2, 12], [2, 13], [2, 14], [2, 15], [3, 4], [3, 6], [3, 8], [3, 13], [3, 15], [4, 5], [4, 6], [4, 7], [4, 9], [4, 11], [4, 12], [4, 13], [5, 7], [5, 8], [5, 13], [5, 14], [5, 16], [6, 9], [6, 11], [6, 13], [7, 15], [8, 9], [8, 10], [8, 11], [8, 12], [9, 14], [9, 15], [10, 12], [10, 15], [10, 18], [11, 13], [13, 14], [16, 17], [16, 20], [16, 21], [16, 22], [16, 24], [16, 28], [17, 23], [17, 25], [17, 31], [18, 23], [18, 24], [18, 26], [19, 21], [19, 31], [20, 24], [20, 28], [20, 29], [20, 30], [20, 31], [21, 22], [21, 26], [21, 27], [21, 28], [21, 30], [22, 23], [22, 24], [22, 25], [22, 28], [22, 30], [23, 25], [23, 26], [23, 27], [23, 29], [24, 29], [24, 30], [24, 31], [25, 26], [25, 27], [25, 29], [25, 31], [26, 29], [27, 28], [27, 29], [27, 31], [28, 30], [28, 31], [29, 30]]"
g_n32_e96_k2_mid_16,train,32,96,2,mid,388393563495106362510,47.40855083832692,607877411,"[[0, 2], [0, 3], [0, 5], [0, 8], [0, 10], [0, 11], [0, 14], [1, 2], [1, 3], [1, 5], [1, 7], [1, 8], [1, 10], [1, 11], [1, 15], [2, 4], [2, 6], [2, 7], [2, 8], [2, 10], [2, 12], [2, 14], [3, 4], [3, 8], [3, 9], [3, 14], [3, 15], [4, 6], [4, 7], [4, 12], [4, 13], [5, 6], [5, 7], [6, 7], [6, 8], [6, 11], [6, 14], [7, 8], [7, 13], [8, 12], [8, 14], [9, 11], [9, 13], [9, 14], [9, 15], [10, 13], [11, 29], [12, 13], [15, 18], [16, 17], [16, 19], [16, 23], [16, 24], [16, 27], [16, 29], [17, 20], [17, 23], [17, 24], [18, 19], [18, 20], [18, 22], [18, 25], [18, 26], [18, 28], [18, 30], [18, 31], [19, 20], [19, 22], [19, 25], [19, 26], [19, 27], [19, 29], [19, 30], [20, 24], [20, 25], [20, 26], [20, 29], [20, 31], [21, 23], [21, 24], [21, 28], [21, 29], [22, 25], [22, 29], [22, 31], [23, 29], [24, 28], [24, 30], [25, 26], [25, 27], [26, 28], [26, 29], [27, 29], [27, 30], [29, 30], [29, 31]]"
g_n32_e96_k2_mid_17,train,32,96,2,mid,389472820219523607507,47.4113257555609,607877400,"[[0, 2], [0, 5], [0, 8], [0, 11], [0, 12], [0, 14], [1, 4], [1, 5], [1, 6], [1, 7], [1, 9], [1, 10], [1, 11], [1, 12], [1, 13], [1, 14], [2, 6], [2, 11], [2, 30], [3, 4], [3, 5], [3, 6], [3, 7], [3, 10], [4, 6], [4, 8], [4, 14], [5, 6], [5, 7], [5, 8], [5, 12], [6, 7], [6, 10], [6, 11], [6, 15], [7, 11], [8, 10], [8, 13], [8, 14], [8, 15], [9, 11], [9, 12], [9, 15], [9, 31], [10, 11], [10, 12], [10, 14], [10, 15], [11, 12], [16, 17], [16, 21], [16, 23], [16, 27], [16, 31], [17, 18], [17, 19], [17, 22], [17, 28], [17, 30], [18, 23], [18, 24], [18, 25], [18, 26], [18, 29], [18, 31], [19, 20], [19, 21], [19, 25], [19, 30], [20, 22], [20, 23], [20, 24], [20, 25], [20, 29], [21, 26], [21, 29], [21, 30], [21, 31], [22, 23], [22, 24], [22, 28], [22, 29], [22, 30], [23, 24], [23, 31], [24, 25], [24, 26], [25, 27], [26, 29], [26, 30], [26, 31], [27, 31], [28, 29], [28, 31], [29, 30], [29, 31]]"
g_n32_e96_k2_mid_18,test,32,96,2,mid,389639673835572922865,47.41175407270348,607877368,"[[0, 1], [0, 2], [0, 3], [0, 4], [0, 5], [0, 8], [0, 14], [0, 15], [1, 4], [1, 5], [1, 6], [1, 7], [1, 9], [1, 10], [1, 12], [2, 4], [2, 5], [2, 8], [2, 9], [2, 13], [3, 5], [3, 7], [3, 15], [4, 6], [4, 8], [4, 12], [5, 9], [5, 13], [5, 14], [6, 8], [6, 14], [7, 10], [7, 12], [7, 13], [7, 15], [8, 13], [8, 14], [8, 26], [9, 12], [9, 13], [9, 14], [10, 11], [11, 12], [11, 13], [11, 15], [13, 14], [13, 15], [14, 15], [14, 19], [16, 17], [16, 18], [16, 25], [16, 26], [16, 27], [17, 22], [17, 23], [17, 24], [17, 27], [17, 28], [17, 31], [18, 20], [18, 25], [18, 26], [18, 30], [18, 31], [19, 20], [19, 21], [19, 23], [19, 28], [19, 29], [19, 31], [20, 21], [20, 25], [20, 26], [20, 28], [20, 29], [20, 31], [21, 23], [21, 25], [21, 28], [21, 30], [22, 23], [22, 27], [22, 30], [22, 31], [23, 26], [23, 29], [23, 30], [24, 31], [25, 28], [25, 31], [26, 28], [27, 30], [28, 29], [28, 31], [29, 31]]"
g_n32_e96_k2_mid_19,train,32,96,2,mid,392086565735519244288,47.418014320261676,607877389,"[[0, 1], [0, 3], [0, 4], [0, 8], [0, 10], [0, 11], [0, 14], [0, 15], [1, 3], [1, 4], [1, 6], [1, 13], [2, 8], [2, 9], [2, 11], [2, 13], [2, 14], [2, 15], [3, 6], [3, 8], [3, 9], [3, 12], [3, 15], [4, 7], [4, 11], [4, 12], [4, 15], [5, 6], [5, 8], [5, 11], [5, 15], [5, 24], [6, 8], [6, 10], [6, 14], [7, 8], [7, 10], [7, 11], [7, 12], [7, 13], [7, 15], [8, 10], [8, 11], [9, 13], [10, 14], [11, 13], [12, 13], [12, 15], [15, 25], [16, 20], [16, 22], [16, 27], [16, 30], [17, 18], [17, 21], [17, 22], [17, 26], [17, 27], [18, 22], [18, 23], [18, 25], [18, 27], [18, 28], [19, 21], [19, 27], [19, 28], [20, 21], [20, 24], [20, 25], [20, 26], [20, 28], [20, 30], [20, 31], [21, 26], [21, 27], [21, 28], [22, 25], [22, 28], [23, 25], [23, 28], [24, 25], [24, 26], [24, 28], [24, 29], [25, 29], [26, 27], [26, 30], [26, 31], [27, 28], [27, 29], [27, 30], [27, 31], [28, 29], [28, 30], [28, 31], [29, 31]]"
g_n32_e96_k2_high_20,train,32,96,2,high,621017663017379581614,47.87789119828393,607877326,"[[0, 5], [0, 6], [0, 8], [0, 9], [0, 15], [1, 3], [1, 6], [1, 8], [1, 9], [1, 10], [1, 12], [1, 14], [1, 15], [2, 4], [2, 5], [2, 6], [2, 7], [2, 9], [2, 11], [3, 4], [3, 7], [3, 8], [3, 20], [4, 7], [4, 10], [4, 11], [4, 12], [4, 13], [4, 15], [5, 7], [5, 10], [5, 12], [5, 15], [6, 11], [6, 12], [6, 15], [7, 10], [7, 11], [7, 12], [8, 12], [8, 15], [9, 10], [10, 25], [11, 12], [11, 13], [12, 14], [12, 15], [13, 14], [14, 15], [16, 18], [16, 20], [16, 22], [16, 23], [16, 26], [16, 27], [16, 30], [16, 31], [17, 19], [17, 23], [17, 24], [17, 25], [17, 26], [18, 19], [18, 26], [18, 28], [18, 30], [19, 20], [19, 21], [19, 24], [19, 28], [20, 27], [20, 28], [20, 30], [20, 31], [21, 24], [21, 25], [21, 26], [21, 27], [21, 29], [22, 24], [22, 25], [22, 27], [22, 28], [22, 31], [23, 24], [23, 27], [23, 28], [24, 26], [24, 27], [25, 29], [25, 31], [26, 28], [26, 29], [27, 29], [27, 30], [27, 31]]"
g_n32_e96_k2_high_21,train,32,96,2,high,640025941356496447016,47.90804038279461,607877347,"[[0, 2], [0, 8], [0, 10], [0, 12], [0, 14], [0, 15], [1, 2], [1, 3], [1, 4], [1, 5], [1, 7], [1, 8], [1, 10], [1, 11], [1, 14], [2, 3], [2, 17], [3, 6], [3, 15], [4, 6], [4, 8], [4, 9], [4, 10], [4, 12], [4, 14], [4, 15], [5, 10], [5, 12], [5, 13], [6, 7], [6, 8], [6, 9], [6, 13], [6, 14], [6, 15], [7, 10], [7, 12], [7, 13], [8, 9], [8, 11], [8, 13], [9, 13], [9, 15], [10, 11], [10, 13], [11, 14], [12, 14], [14, 15], [14, 20], [16, 17], [16, 20], [16, 21], [16, 22], [16, 25], [16, 26], [16, 29], [16, 31], [17, 20], [17, 21], [17, 26], [17, 27], [18, 22], [18, 23], [18, 24], [18, 25], [18, 26], [18, 27], [18, 28], [18, 30], [19, 27], [19, 28], [19, 29], [19, 31], [20, 23], [20, 24], [20, 25], [20, 26], [21, 22], [21, 24], [21, 26], [21, 28], [21, 30], [22, 26], [22, 30], [22, 31], [23, 24], [23, 25], [23, 27], [24, 29], [25, 27], [25, 30], [26, 28], [26, 29], [27, 31], [28, 30], [30, 31]]"
g_n32_e96_k2_high_22,train,32,96,2,high,659161041121901164349,47.93749955050176,607877413,"[[0, 4], [0, 5], [0, 8], [0, 10], [0, 15], [1, 2], [1, 3], [1, 4], [1, 9], [1, 12], [1, 15], [2, 3], [2, 6], [2, 8], [2, 11], [2, 13], [3, 6], [3, 11], [3, 14], [3, 15], [4, 6], [4, 11], [4, 12], [4, 14], [5, 8], [5, 11], [5, 13], [6, 9], [6, 10], [6, 12], [6, 13], [6, 14], [7, 10], [7, 13], [7, 14], [8, 10], [8, 14], [9, 10], [9, 13], [9, 14], [10, 13], [10, 14], [11, 12], [11, 14], [11, 16], [12, 15], [13, 14], [13, 20], [14, 15], [16, 17], [16, 20], [16, 23], [16, 24], [16, 26], [16, 30], [17, 20], [17, 21], [17, 28], [18, 20], [18, 21], [18, 23], [18, 24], [18, 28], [18, 29], [18, 30], [19, 21], [19, 24], [19, 25], [19, 27], [19, 28], [19, 31], [20, 27], [21, 23], [21, 25], [21, 27], [21, 30], [21, 31], [22, 25], [22, 26], [22, 27], [22, 29], [22, 30], [23, 26], [23, 27], [23, 28], [23, 29], [23, 30], [23, 31], [24, 25], [24, 26], [25, 27], [25, 29], [26, 28], [26, 29], [26, 31], [27, 31]]"
g_n32_e96_k2_high_23,train,32,96,2,high,670607238673260986752,47.954715302190074,607877365,"[[0, 1], [0, 2], [0, 6], [0, 8], [0, 11], [0, 12], [0, 20], [1, 4], [1, 7], [1, 9], [1, 11], [1, 13], [2, 4], [2, 5], [2, 6], [2, 14], [2, 15], [3, 5], [3, 6], [3, 8], [3, 12], [3, 13], [3, 14], [3, 15], [4, 7], [4, 14], [5, 11], [5, 12], [5, 15], [6, 8], [6, 9], [6, 12], [6, 14], [6, 15], [7, 9], [7, 10], [7, 12], [7, 13], [7, 15], [8, 10], [9, 10], [10, 13], [10, 14], [10, 15], [11, 12], [11, 14], [11, 31], [13, 15], [14, 15], [16, 17], [16, 21], [16, 27], [16, 29], [17, 18], [17, 19], [17, 21], [17, 25], [17, 30], [18, 19], [18, 20], [18, 21], [18, 22], [18, 25], [19, 20], [19, 21], [19, 23], [19, 26], [19, 28], [19, 30], [19, 31], [20, 21], [20, 23], [20, 27], [20, 29], [20, 30], [20, 31], [21, 22], [21, 26], [21, 29], [22, 24], [22, 25], [22, 31], [23, 24], [23, 25], [23, 29], [23, 31], [24, 25], [24, 26], [24, 30], [25, 26], [25, 28], [26, 28], [27, 28], [27, 31], [28, 31], [30, 31]]"
g_n32_e96_k2_high_24,train,32,96,2,high,682453913436951072210,47.97222667257224,607877325,"[[0, 3], [0, 6], [0, 9], [0, 11], [0, 12], [0, 14], [1, 2], [1, 5], [1, 9], [1, 12], [1, 13], [1, 15], [2, 3], [2, 4], [2, 5], [2, 9], [2, 10], [2, 14], [3, 5], [3, 6], [3, 7], [4, 8], [4, 10], [4, 13], [4, 14], [5, 9], [5, 10], [5, 12], [5, 13], [5, 17], [6, 8], [6, 9], [6, 10], [6, 15], [7, 12], [7, 15], [8, 9], [8, 11], [8, 12], [9, 12], [9, 14], [9, 21], [10, 13], [10, 14], [10, 15], [11, 12], [12, 15], [13, 14], [13, 15], [16, 17], [16, 19], [16, 20], [16, 24], [16, 25], [16, 28], [16, 30], [17, 18], [17, 20], [17, 22], [17, 23], [18, 20], [18, 23], [18, 24], [18, 31], [19, 21], [19, 23], [19, 24], [19, 31], [20, 21], [20, 23], [20, 30], [20, 31], [21, 24], [21, 25], [21, 27], [21, 28], [21, 30], [22, 24], [22, 25], [22, 27], [22, 28], [22, 29], [22, 31], [23, 29], [24, 26], [24, 30], [25, 27], [25, 30], [26, 27], [26, 29], [26, 30], [26, 31], [27, 31], [28, 30], [28, 31], [29, 31]]"
g_n32_e96_k2_high_25,test,32,96,2,high,715303163423936380711,48.019238131510924,607877398,"[[0, 3], [0, 5], [0, 6], [0, 9], [0, 14], [0, 15], [1, 4], [1, 6], [1, 9], [1, 10], [1, 13], [2, 7], [2, 8], [2, 11], [2, 29], [3, 5], [3, 8], [3, 10], [3, 12], [3, 13], [4, 5], [4, 11], [4, 15], [5, 7], [5, 9], [5, 10], [5, 11], [5, 13], [6, 7], [6, 10], [6, 12], [6, 14], [7, 8], [7, 9], [7, 14], [8, 11], [8, 12], [8, 15], [9, 10], [9, 11], [9, 12], [9, 14], [9, 15], [9, 27], [10, 11], [11, 13], [11, 15], [13, 14], [14, 15], [16, 19], [16, 20], [16, 21], [16, 28], [17, 18], [17, 22], [17, 29], [17, 30], [18, 20], [18, 24], [18, 25], [18, 26], [18, 29], [18, 30], [19, 21], [19, 22], [19, 25], [19, 28], [19, 29], [19, 30], [19, 31], [20, 23], [20, 24], [20, 26], [20, 30], [20, 31], [21, 25], [21, 26], [21, 28], [21, 30], [21, 31], [22, 24], [22, 26], [22, 27], [22, 30], [23, 27], [23, 28], [23, 29], [23, 31], [24, 25], [24, 28], [24, 30], [25, 27], [25, 30], [26, 28], [26, 29], [26, 31]]"
g_n32_e96_k2_high_26,train,32,96,2,high,734225845422951802432,48.045348346492,607877327,"[[0, 7], [0, 9], [0, 11], [0, 13], [0, 14], [1, 2], [1, 4], [1, 6], [1, 11], [1, 13], [1, 14], [2, 3], [2, 4], [2, 7], [2, 10], [2, 14], [3, 7], [3, 8], [3, 10], [3, 11], [3, 13], [3, 15], [3, 30], [4, 8], [4, 9], [4, 10], [4, 12], [4, 15], [5, 6], [5, 7], [5, 12], [5, 14], [5, 15], [6, 7], [6, 10], [6, 13], [6, 15], [6, 25], [7, 12], [7, 14], [7, 15], [8, 10], [8, 14], [9, 11], [10, 12], [11, 13], [11, 15], [12, 13], [14, 15], [16, 21], [16, 25], [16, 26], [16, 28], [16, 29], [17, 21], [17, 27], [17, 31], [18, 19], [18, 21], [18, 25], [18, 26], [18, 28], [18, 30], [19, 22], [19, 24], [19, 25], [19, 29], [19, 31], [20, 21], [20, 23], [20, 24], [20, 26], [20, 27], [21, 22], [21, 23], [21, 26], [21, 31], [22, 23], [22, 25], [22, 27], [22, 29], [23, 27], [23, 29], [23, 30], [24, 28], [24, 30], [25, 29], [26, 27], [26, 28], [26, 30], [27, 29], [27, 31], [28, 29], [29, 30], [29, 31], [30, 31]]"
g_n32_e96_k2_high_27,validation,32,96,2,high,748546444941941678646,48.06466492651808,607877367,"[[0, 4], [0, 7], [0, 9], [0, 13], [0, 15], [1, 2], [1, 3], [1, 6], [1, 9], [1, 10], [1, 13], [1, 14], [2, 7], [2, 10], [2, 11], [2, 13], [2, 14], [3, 7], [3, 12], [4, 5], [4, 7], [4, 8], [4, 14], [4, 15], [5, 7], [5, 8], [5, 10], [5, 11], [5, 12], [5, 13], [6, 9], [6, 11], [6, 12], [6, 13], [7, 8], [7, 12], [7, 15], [8, 9], [8, 13], [8, 14], [8, 15], [9, 10], [9, 12], [9, 15], [10, 12], [11, 14], [11, 17], [12, 14], [12, 29], [16, 17], [16, 18], [16, 24], [16, 26], [16, 27], [16, 28], [16, 29], [17, 18], [17, 19], [17, 21], [17, 24], [17, 29], [17, 30], [18, 21], [18, 23], [18, 24], [18, 29], [19, 23], [19, 25], [19, 26], [19, 31], [20, 22], [20, 27], [20, 28], [20, 29], [21, 23], [21, 24], [21, 30], [22, 23], [22, 25], [22, 26], [22, 28], [22, 29], [22, 30], [22, 31], [23, 24], [23, 28], [23, 30], [23, 31], [24, 26], [24, 27], [24, 28], [25, 26], [25, 27], [25, 28], [25, 31], [27, 30]]"
g_n32_e96_k2_high_28,test,32,96,2,high,823702787080985265530,48.160341443446036,607877350,"[[0, 1], [0, 7], [0, 11], [0, 12], [0, 14], [0, 15], [1, 2], [1, 3], [1, 5], [1, 6], [1, 8], [1, 12], [2, 5], [2, 9], [2, 13], [2, 14], [2, 15], [3, 9], [3, 11], [3, 12], [3, 13], [3, 14], [4, 6], [4, 9], [4, 10], [4, 11], [4, 12], [5, 6], [5, 12], [6, 9], [6, 10], [6, 12], [6, 14], [7, 8], [7, 11], [7, 13], [7, 14], [8, 12], [8, 13], [8, 15], [9, 11], [9, 15], [10, 13], [10, 14], [10, 15], [10, 19], [11, 15], [12, 13], [12, 31], [16, 19], [16, 20], [16, 22], [16, 25], [16, 26], [16, 27], [16, 28], [17, 19], [17, 20], [17, 21], [17, 27], [17, 29], [17, 31], [18, 19], [18, 20], [18, 24], [18, 27], [18, 30], [19, 21], [19, 22], [19, 23], [19, 24], [19, 27], [19, 28], [19, 30], [20, 21], [20, 26], [20, 27], [21, 22], [21, 24], [21, 27], [21, 31], [22, 23], [22, 25], [22, 29], [22, 30], [23, 28], [23, 30], [24, 25], [24, 26], [24, 28], [24, 29], [25, 27], [25, 30], [26, 30], [28, 29], [29, 31]]"
g_n32_e96_k2_high_29,validation,32,96,2,high,836925943683860322312,48.17626726219291,607877359,"[[0, 1], [0, 5], [0, 7], [0, 9], [0, 12], [0, 15], [1, 7], [1, 9], [1, 12], [1, 14], [2, 3], [2, 5], [2, 6], [2, 7], [2, 8], [2, 11], [2, 13], [2, 19], [3, 4], [3, 6], [3, 14], [4, 7], [4, 9], [4, 10], [4, 11], [4, 14], [4, 15], [5, 7], [5, 8], [5, 10], [5, 18], [6, 9], [6, 10], [6, 12], [6, 13], [6, 15], [7, 8], [7, 14], [8, 10], [8, 11], [8, 13], [8, 14], [8, 15], [9, 10], [9, 12], [9, 13], [11, 13], [12, 15], [13, 14], [16, 17], [16, 20], [16, 22], [17, 18], [17, 21], [17, 23], [17, 24], [17, 25], [18, 19], [18, 21], [18, 22], [18, 26], [19, 23], [19, 26], [19, 28], [19, 29], [19, 31], [20, 22], [20, 23], [20, 28], [20, 30], [20, 31], [21, 27], [21, 29], [21, 30], [21, 31], [22, 24], [22, 27], [22, 29], [22, 30], [23, 25], [23, 26], [23, 29], [23, 30], [24, 27], [24, 28], [24, 29], [24, 30], [25, 27], [25, 28], [25, 29], [25, 30], [26, 28], [26, 29], [27, 28], [28, 30], [30, 31]]"
g_n32_e96_k3_low_00,train,32,96,3,low,340170932666960217375,47.27597990830816,608877345,"[[0, 1], [0, 2], [0, 3], [0, 5], [0, 7], [0, 8], [0, 13], [1, 6], [1, 10], [1, 12], [2, 8], [2, 9], [2, 11], [2, 22], [3, 7], [3, 8], [3, 10], [3, 12], [3, 13], [3, 15], [4, 5], [4, 6], [4, 14], [5, 9], [5, 11], [6, 8], [6, 10], [7, 8], [7, 10], [7, 12], [7, 13], [7, 14], [8, 9], [8, 11], [8, 12], [8, 14], [8, 15], [8, 20], [9, 11], [9, 12], [9, 14], [10, 12], [10, 13], [10, 15], [10, 16], [11, 12], [11, 14], [12, 13], [13, 14], [16, 17], [16, 18], [16, 19], [16, 20], [16, 21], [16, 22], [16, 30], [16, 31], [17, 20], [17, 22], [17, 24], [17, 26], [18, 19], [18, 20], [18, 25], [18, 26], [18, 28], [18, 30], [19, 20], [19, 25], [19, 28], [19, 29], [20, 22], [20, 26], [20, 28], [20, 31], [21, 22], [21, 23], [21, 28], [22, 23], [22, 24], [22, 25], [22, 27], [22, 30], [23, 25], [23, 29], [24, 25], [24, 27], [24, 30], [25, 26], [25, 28], [25, 29], [27, 28], [28, 29], [28, 30], [28, 31], [30, 31]]"
g_n32_e96_k3_low_01,validation,32,96,3,low,376641096961894520121,47.377824410454906,608877366,"[[0, 3], [0, 4], [0, 7], [0, 12], [1, 2], [1, 3], [1, 4], [1, 6], [1, 9], [1, 10], [1, 12], [1, 13], [2, 3], [2, 5], [2, 6], [2, 8], [2, 9], [2, 10], [2, 15], [3, 5], [3, 9], [3, 10], [3, 11], [3, 12], [3, 13], [3, 19], [4, 7], [4, 9], [4, 10], [4, 14], [4, 15], [5, 7], [5, 9], [5, 11], [5, 15], [6, 10], [7, 8], [7, 9], [7, 13], [7, 15], [8, 10], [9, 10], [9, 11], [9, 13], [9, 14], [11, 15], [11, 22], [13, 14], [14, 30], [16, 19], [16, 20], [16, 21], [16, 22], [16, 28], [16, 29], [17, 18], [17, 24], [17, 27], [17, 29], [18, 20], [18, 28], [18, 29], [18, 30], [19, 20], [19, 28], [19, 29], [19, 31], [20, 21], [20, 22], [20, 25], [20, 26], [20, 27], [20, 28], [20, 30], [21, 30], [21, 31], [22, 25], [22, 26], [22, 29], [22, 31], [23, 26], [23, 28], [23, 30], [24, 25], [24, 26], [24, 27], [24, 30], [24, 31], [25, 27], [26, 27], [26, 29], [26, 31], [27, 30], [28, 29], [29, 30], [30, 31]]"
g_n32_e96_k3_low_02,train,32,96,3,low,377209869302099702068,47.37933338894955,608877313,"[[0, 1], [0, 4], [0, 5], [0, 6], [0, 7], [0, 8], [0, 10], [0, 12], [0, 14], [0, 15], [1, 3], [1, 5], [1, 7], [2, 5], [2, 9], [2, 10], [2, 12], [2, 13], [2, 14], [3, 5], [3, 9], [3, 10], [3, 11], [3, 15], [4, 6], [4, 7], [4, 9], [4, 13], [4, 14], [4, 15], [5, 7], [5, 9], [5, 11], [5, 12], [5, 13], [5, 14], [6, 11], [7, 10], [7, 27], [8, 9], [8, 12], [8, 14], [9, 12], [9, 29], [10, 13], [10, 14], [12, 14], [13, 15], [13, 20], [16, 20], [16, 21], [16, 23], [16, 28], [16, 29], [17, 18], [17, 19], [17, 21], [17, 24], [17, 26], [17, 28], [17, 29], [18, 19], [18, 24], [18, 26], [18, 27], [18, 28], [19, 23], [19, 27], [20, 21], [20, 24], [20, 26], [20, 28], [20, 29], [20, 31], [21, 22], [21, 29], [21, 30], [22, 23], [22, 25], [22, 26], [22, 28], [22, 29], [22, 31], [24, 27], [24, 29], [24, 30], [25, 27], [25, 29], [26, 27], [26, 28], [26, 31], [27, 29], [28, 29], [28, 31], [29, 31], [30, 31]]"
g_n32_e96_k3_low_03,train,32,96,3,low,412590301509924223936,47.46898676846099,608877402,"[[0, 3], [0, 5], [0, 7], [0, 8], [0, 11], [0, 12], [1, 3], [1, 4], [1, 12], [1, 14], [1, 15], [2, 3], [2, 8], [2, 13], [2, 15], [3, 8], [3, 10], [3, 11], [3, 12], [4, 5], [4, 7], [4, 8], [4, 9], [4, 12], [4, 13], [4, 15], [4, 20], [5, 8], [5, 11], [5, 13], [6, 8], [6, 10], [6, 11], [6, 13], [6, 27], [7, 11], [8, 9], [8, 10], [8, 12], [8, 14], [9, 11], [9, 14], [10, 12], [10, 14], [10, 24], [11, 13], [12, 13], [12, 14], [13, 15], [16, 22], [16, 24], [16, 25], [16, 26], [16, 30], [16, 31], [17, 20], [17, 21], [17, 25], [18, 22], [18, 23], [18, 25], [18, 26], [18, 28], [18, 30], [18, 31], [19, 21], [19, 22], [19, 28], [20, 25], [20, 26], [20, 28], [20, 29], [21, 24], [21, 26], [21, 28], [21, 30], [21, 31], [22, 24], [22, 28], [22, 30], [23, 24], [23, 28], [24, 25], [24, 26], [24, 30], [25, 26], [25, 27], [25, 28], [25, 29], [26, 29], [26, 30], [26, 31], [27, 30], [27, 31], [28, 30], [29, 31]]"
g_n32_e96_k3_low_04,test,32,96,3,low,413556168847613269464,47.47132501673151,608877364,"[[0, 1], [0, 3], [0, 4], [0, 6], [0, 10], [0, 24], [1, 4], [1, 7], [1, 8], [1, 9], [1, 11], [1, 12], [1, 14], [1, 15], [2, 4], [2, 5], [2, 6], [2, 7], [2, 8], [2, 10], [2, 13], [3, 6], [3, 12], [3, 13], [3, 15], [3, 28], [4, 6], [4, 7], [4, 15], [5, 7], [5, 9], [5, 15], [6, 7], [6, 9], [6, 10], [6, 11], [6, 14], [6, 15], [6, 30], [7, 10], [7, 11], [7, 14], [8, 10], [8, 12], [8, 15], [10, 11], [10, 15], [12, 13], [14, 15], [16, 23], [16, 24], [16, 27], [16, 28], [17, 19], [17, 20], [17, 21], [17, 22], [17, 25], [17, 26], [17, 27], [17, 30], [18, 20], [18, 21], [18, 22], [18, 23], [18, 24], [18, 25], [18, 30], [19, 20], [19, 21], [19, 22], [19, 23], [19, 28], [19, 29], [19, 31], [20, 24], [20, 26], [20, 27], [20, 30], [20, 31], [21, 28], [21, 29], [22, 23], [22, 26], [22, 30], [22, 31], [23, 26], [23, 27], [23, 29], [23, 30], [25, 28], [26, 31], [27, 28], [28, 29], [28, 30], [28, 31]]"
g_n32_e96_k3_low_05,test,32,96,3,low,415556906661084979435,47.476151238283364,608877311,"[[0, 3], [0, 6], [0, 7], [0, 10], [0, 13], [0, 14], [0, 15], [1, 2], [1, 4], [1, 6], [1, 7], [1, 9], [1, 11], [1, 14], [1, 15], [2, 6], [2, 7], [2, 12], [2, 13], [2, 15], [3, 6], [3, 7], [3, 11], [3, 13], [3, 14], [3, 15], [4, 9], [4, 13], [4, 15], [5, 7], [5, 8], [5, 11], [5, 12], [5, 28], [7, 8], [7, 14], [7, 15], [7, 30], [8, 13], [9, 10], [9, 14], [10, 14], [11, 12], [11, 13], [11, 14], [12, 15], [12, 22], [13, 14], [13, 15], [16, 17], [16, 18], [16, 20], [16, 21], [16, 22], [16, 23], [16, 25], [16, 26], [16, 27], [16, 30], [17, 20], [17, 26], [17, 29], [18, 19], [18, 21], [18, 23], [18, 31], [19, 20], [19, 22], [19, 23], [19, 25], [20, 22], [20, 23], [20, 24], [20, 27], [20, 28], [20, 29], [20, 30], [21, 22], [21, 26], [21, 28], [21, 29], [22, 25], [22, 26], [22, 27], [23, 25], [23, 26], [23, 28], [23, 31], [24, 25], [24, 26], [24, 30], [26, 27], [27, 29], [28, 29], [28, 30], [30, 31]]"
g_n32_e96_k3_low_06,train,32,96,3,low,433454480734380198810,47.51831846052716,608877338,"[[0, 1], [0, 2], [0, 4], [0, 6], [0, 9], [0, 11], [0, 12], [0, 14], [0, 15], [1, 6], [1, 9], [1, 10], [1, 11], [1, 12], [2, 4], [2, 6], [2, 10], [2, 12], [2, 13], [2, 15], [3, 6], [3, 9], [3, 10], [4, 6], [4, 8], [4, 9], [4, 14], [5, 9], [5, 11], [5, 14], [6, 11], [6, 12], [7, 8], [7, 9], [7, 12], [7, 14], [8, 11], [8, 12], [8, 15], [8, 18], [9, 11], [10, 11], [10, 23], [11, 15], [12, 13], [12, 15], [13, 15], [13, 25], [14, 15], [16, 17], [16, 19], [16, 20], [16, 24], [16, 25], [16, 26], [16, 28], [16, 31], [17, 22], [17, 24], [17, 28], [18, 21], [18, 22], [18, 23], [18, 25], [18, 29], [18, 31], [19, 21], [19, 23], [19, 30], [20, 30], [20, 31], [21, 25], [21, 28], [22, 23], [22, 25], [22, 28], [22, 30], [23, 24], [23, 31], [24, 25], [24, 26], [24, 27], [24, 28], [24, 31], [25, 26], [25, 27], [25, 29], [25, 31], [26, 28], [26, 29], [26, 30], [26, 31], [27, 30], [28, 29], [28, 30], [30, 31]]"
g_n32_e96_k3_low_07,train,32,96,3,low,435887267339731039200,47.52391532266176,608877320,"[[0, 2], [0, 5], [0, 6], [0, 7], [0, 8], [0, 9], [0, 10], [0, 12], [1, 3], [1, 5], [1, 8], [1, 15], [2, 4], [2, 5], [2, 8], [2, 9], [2, 11], [2, 13], [2, 14], [2, 15], [3, 5], [3, 13], [4, 9], [4, 11], [4, 12], [4, 14], [5, 7], [5, 12], [5, 14], [5, 15], [6, 8], [6, 13], [6, 14], [6, 20], [7, 8], [7, 11], [7, 12], [7, 14], [7, 15], [8, 10], [8, 11], [8, 12], [9, 13], [9, 21], [10, 13], [10, 14], [11, 13], [14, 15], [14, 18], [16, 17], [16, 19], [16, 21], [16, 24], [16, 26], [16, 27], [16, 29], [17, 18], [17, 20], [17, 23], [17, 24], [17, 26], [18, 19], [18, 20], [18, 21], [18, 22], [18, 24], [18, 25], [18, 28], [19, 22], [19, 24], [19, 25], [19, 26], [19, 29], [19, 30], [20, 21], [20, 28], [21, 23], [21, 26], [21, 30], [22, 28], [23, 24], [23, 27], [23, 28], [23, 29], [24, 28], [24, 29], [24, 30], [24, 31], [25, 28], [25, 30], [26, 28], [27, 28], [28, 29], [28, 31], [29, 30], [29, 31]]"
g_n32_e96_k3_low_08,validation,32,96,3,low,438362482170800828264,47.52957782687458,608877341,"[[0, 2], [0, 3], [0, 4], [0, 6], [0, 10], [0, 13], [0, 14], [0, 15], [1, 5], [1, 6], [1, 8], [1, 14], [2, 3], [2, 8], [2, 10], [2, 12], [2, 13], [2, 14], [2, 15], [3, 4], [3, 6], [3, 9], [3, 14], [4, 5], [4, 6], [4, 9], [4, 11], [4, 15], [5, 6], [5, 7], [5, 9], [5, 13], [5, 15], [7, 12], [7, 14], [7, 19], [8, 9], [8, 12], [8, 14], [8, 15], [9, 10], [10, 11], [10, 13], [10, 14], [10, 15], [11, 13], [12, 21], [13, 15], [14, 25], [16, 17], [16, 19], [16, 20], [16, 25], [16, 26], [16, 28], [16, 30], [17, 19], [17, 20], [17, 23], [17, 24], [17, 27], [17, 28], [17, 31], [18, 19], [18, 20], [18, 27], [18, 31], [19, 20], [19, 22], [19, 25], [19, 31], [20, 21], [20, 24], [20, 30], [20, 31], [21, 24], [21, 25], [21, 27], [21, 31], [22, 23], [22, 30], [23, 24], [23, 25], [23, 26], [23, 27], [24, 25], [24, 26], [24, 27], [24, 29], [25, 27], [25, 28], [25, 29], [25, 30], [26, 29], [27, 31], [29, 31]]"
g_n32_e96_k3_low_09,train,32,96,3,low,438799828257340267023,47.53057501090216,608877429,"[[0, 4], [0, 10], [0, 12], [1, 2], [1, 6], [1, 8], [1, 9], [1, 10], [1, 13], [2, 3], [2, 5], [2, 8], [2, 10], [2, 11], [2, 12], [2, 13], [3, 8], [3, 11], [3, 13], [3, 22], [4, 6], [4, 7], [4, 9], [4, 10], [4, 15], [5, 6], [5, 8], [5, 9], [5, 10], [5, 13], [5, 14], [6, 8], [6, 13], [6, 15], [7, 8], [7, 12], [8, 11], [8, 12], [9, 10], [9, 12], [9, 14], [9, 15], [10, 11], [10, 14], [11, 15], [13, 14], [13, 15], [13, 17], [15, 21], [16, 17], [16, 18], [16, 25], [16, 26], [16, 27], [17, 18], [17, 19], [17, 23], [17, 27], [17, 29], [18, 24], [18, 25], [18, 26], [18, 29], [18, 30], [19, 20], [19, 26], [19, 29], [20, 23], [20, 25], [20, 29], [20, 31], [21, 23], [21, 25], [21, 28], [21, 31], [22, 25], [22, 26], [22, 28], [22, 31], [23, 25], [23, 26], [23, 27], [23, 28], [24, 25], [24, 27], [25, 26], [25, 27], [25, 29], [25, 30], [25, 31], [26, 27], [26, 30], [27, 29], [27, 30], [27, 31], [30, 31]]"
g_n32_e96_k3_mid_10,train,32,96,3,mid,671117300741416422172,47.955475610402,608877406,"[[0, 3], [0, 7], [0, 10], [0, 11], [0, 13], [0, 14], [0, 15], [1, 4], [1, 8], [1, 10], [1, 11], [1, 12], [1, 14], [1, 16], [2, 7], [2, 10], [2, 12], [3, 4], [3, 8], [3, 12], [3, 15], [4, 5], [4, 8], [4, 9], [4, 10], [4, 15], [5, 6], [5, 8], [5, 11], [5, 13], [5, 14], [6, 9], [6, 11], [7, 8], [7, 10], [7, 12], [7, 14], [8, 9], [8, 10], [8, 13], [9, 10], [9, 20], [10, 14], [10, 15], [11, 14], [12, 13], [12, 15], [13, 15], [14, 28], [16, 19], [16, 20], [16, 22], [16, 23], [16, 29], [16, 31], [17, 18], [17, 19], [17, 24], [17, 25], [17, 26], [17, 28], [18, 20], [18, 24], [18, 31], [19, 22], [19, 24], [19, 25], [19, 28], [20, 23], [20, 24], [20, 28], [20, 29], [20, 31], [21, 22], [21, 24], [21, 25], [21, 27], [21, 28], [21, 29], [21, 31], [22, 26], [22, 27], [22, 29], [23, 28], [23, 29], [23, 30], [24, 26], [24, 28], [24, 29], [25, 30], [26, 28], [26, 29], [27, 28], [28, 30], [29, 30], [30, 31]]"
g_n32_e96_k3_mid_11,validation,32,96,3,mid,676378521181530049089,47.963284535802664,608877379,"[[0, 1], [0, 4], [0, 9], [0, 10], [0, 11], [0, 13], [0, 14], [1, 5], [1, 6], [1, 10], [1, 15], [1, 20], [2, 3], [2, 4], [2, 5], [2, 6], [2, 7], [2, 8], [2, 9], [2, 11], [2, 12], [3, 6], [3, 7], [3, 8], [3, 13], [3, 14], [4, 8], [4, 14], [5, 6], [5, 7], [5, 8], [5, 13], [6, 11], [6, 12], [6, 13], [6, 14], [6, 15], [7, 10], [7, 11], [7, 15], [8, 19], [9, 12], [9, 14], [10, 14], [11, 12], [11, 15], [11, 23], [12, 15], [13, 15], [16, 19], [16, 22], [16, 23], [16, 28], [16, 29], [17, 20], [17, 21], [17, 23], [17, 26], [17, 27], [17, 28], [17, 30], [18, 21], [18, 27], [18, 28], [18, 30], [19, 20], [19, 21], [19, 22], [19, 24], [19, 25], [19, 27], [19, 30], [20, 21], [20, 24], [20, 26], [20, 27], [20, 28], [20, 29], [20, 30], [20, 31], [21, 23], [21, 24], [21, 30], [21, 31], [22, 24], [22, 29], [22, 31], [23, 24], [23, 25], [23, 27], [23, 29], [25, 27], [25, 29], [26, 29], [27, 29], [30, 31]]"
g_n32_e96_k3_mid_12,train,32,96,3,mid,682680633979856880198,47.97255883110624,608877358,"[[0, 1], [0, 5], [0, 6], [0, 7], [0, 10], [0, 14], [1, 5], [1, 11], [2, 3], [2, 5], [2, 7], [2, 8], [2, 12], [2, 13], [2, 15], [3, 7], [3, 13], [3, 14], [3, 15], [4, 8], [4, 9], [4, 12], [4, 13], [5, 8], [5, 11], [5, 12], [5, 15], [6, 12], [6, 13], [6, 15], [7, 8], [7, 11], [7, 13], [7, 14], [8, 9], [8, 13], [9, 10], [9, 11], [9, 12], [9, 13], [9, 31], [10, 12], [10, 13], [11, 12], [11, 13], [12, 13], [12, 17], [14, 15], [15, 22], [16, 18], [16, 19], [16, 23], [16, 24], [16, 29], [16, 30], [17, 18], [17, 20], [17, 21], [17, 22], [17, 23], [17, 24], [17, 25], [17, 27], [17, 30], [18, 28], [18, 30], [18, 31], [19, 21], [19, 26], [19, 27], [20, 24], [20, 25], [20, 26], [20, 29], [21, 24], [21, 25], [21, 28], [21, 31], [22, 23], [22, 26], [22, 27], [22, 31], [23, 27], [23, 28], [23, 29], [23, 31], [24, 25], [24, 29], [24, 31], [25, 29], [25, 31], [26, 29], [26, 30], [28, 30], [29, 31], [30, 31]]"
g_n32_e96_k3_mid_13,train,32,96,3,mid,684115151949945904210,47.97465792814998,608877400,"[[0, 3], [0, 6], [0, 8], [0, 9], [0, 11], [0, 12], [0, 15], [1, 2], [1, 5], [1, 6], [1, 7], [1, 8], [1, 11], [1, 12], [1, 13], [1, 27], [2, 4], [2, 7], [2, 9], [2, 10], [3, 5], [3, 8], [3, 9], [3, 11], [3, 13], [3, 15], [4, 8], [4, 9], [4, 11], [4, 15], [4, 22], [5, 6], [5, 7], [5, 9], [5, 11], [6, 10], [6, 11], [6, 15], [7, 9], [7, 11], [7, 14], [8, 13], [8, 14], [10, 11], [10, 14], [10, 15], [11, 12], [11, 18], [12, 14], [16, 22], [16, 24], [16, 28], [16, 29], [17, 23], [17, 25], [17, 27], [17, 28], [17, 29], [17, 30], [17, 31], [18, 19], [18, 20], [18, 21], [18, 23], [18, 24], [18, 25], [18, 28], [18, 30], [19, 21], [19, 28], [19, 29], [19, 30], [19, 31], [20, 23], [20, 26], [20, 27], [20, 31], [21, 25], [22, 24], [22, 26], [22, 28], [22, 31], [23, 24], [23, 25], [23, 26], [23, 28], [23, 29], [24, 25], [24, 31], [25, 28], [25, 30], [27, 28], [27, 29], [28, 30], [29, 30], [30, 31]]"
g_n32_e96_k3_mid_14,train,32,96,3,mid,685098627209180568486,47.976094483118004,608877393,"[[0, 3], [0, 6], [0, 11], [0, 19], [1, 2], [1, 4], [1, 8], [1, 10], [1, 13], [1, 14], [1, 15], [2, 7], [2, 9], [2, 11], [2, 13], [2, 15], [3, 5], [3, 6], [3, 7], [3, 8], [3, 13], [3, 14], [4, 7], [4, 8], [4, 9], [4, 14], [5, 7], [5, 8], [5, 10], [5, 12], [5, 14], [6, 8], [6, 13], [7, 8], [7, 9], [7, 12], [7, 15], [8, 14], [9, 10], [9, 13], [9, 14], [10, 11], [10, 12], [10, 16], [11, 14], [11, 15], [13, 14], [13, 28], [14, 15], [16, 18], [16, 19], [16, 21], [16, 25], [16, 27], [16, 28], [16, 31], [17, 21], [17, 23], [17, 28], [18, 19], [18, 20], [18, 21], [18, 22], [18, 24], [18, 26], [18, 28], [19, 22], [19, 29], [19, 31], [20, 22], [20, 23], [20, 24], [20, 29], [20, 31], [21, 22], [21, 23], [21, 24], [21, 26], [21, 27], [21, 29], [21, 30], [22, 25], [22, 30], [23, 25], [23, 26], [23, 28], [24, 26], [24, 30], [25, 26], [25, 29], [25, 30], [26, 27], [26, 29], [26, 30], [27, 31], [29, 30]]"
g_n32_e96_k3_mid_15,test,32,96,3,mid,687916319121634649497,47.980198875245065,608877346,"[[0, 6], [0, 7], [0, 8], [0, 9], [0, 10], [0, 13], [0, 14], [0, 27], [1, 2], [1, 3], [1, 6], [1, 10], [1, 13], [1, 15], [2, 3], [2, 5], [2, 8], [2, 11], [2, 12], [3, 5], [3, 6], [3, 8], [3, 11], [3, 12], [3, 14], [3, 15], [4, 7], [4, 9], [4, 10], [4, 18], [5, 6], [5, 7], [5, 8], [5, 9], [5, 12], [6, 12], [6, 14], [7, 8], [7, 11], [7, 12], [8, 14], [8, 30], [9, 12], [9, 14], [10, 11], [10, 13], [11, 13], [11, 15], [12, 14], [16, 19], [16, 21], [16, 23], [16, 25], [16, 27], [16, 28], [17, 19], [17, 22], [17, 29], [17, 31], [18, 20], [18, 21], [18, 22], [18, 24], [18, 25], [19, 25], [19, 28], [19, 29], [19, 31], [20, 23], [20, 28], [20, 29], [20, 30], [21, 22], [21, 25], [21, 27], [21, 28], [21, 29], [21, 30], [22, 25], [22, 28], [22, 31], [23, 28], [23, 30], [24, 25], [24, 26], [24, 27], [24, 29], [24, 30], [25, 26], [25, 27], [25, 28], [25, 29], [26, 30], [27, 31], [28, 30], [28, 31]]"
g_n32_e96_k3_mid_16,test,32,96,3,mid,694401670634266052056,47.989582243103385,608877327,"[[0, 1], [0, 10], [0, 12], [0, 18], [1, 3], [1, 4], [1, 6], [1, 15], [2, 3], [2, 8], [2, 9], [2, 10], [2, 11], [2, 13], [2, 14], [3, 4], [3, 7], [3, 10], [3, 11], [4, 7], [4, 8], [4, 10], [4, 12], [4, 14], [5, 6], [5, 12], [5, 13], [5, 14], [6, 8], [6, 9], [6, 10], [6, 15], [6, 17], [7, 8], [7, 10], [7, 11], [7, 13], [7, 27], [8, 10], [8, 14], [8, 15], [9, 11], [9, 13], [10, 11], [10, 14], [11, 12], [11, 14], [11, 15], [12, 13], [16, 22], [16, 23], [16, 25], [16, 26], [16, 27], [17, 20], [17, 22], [17, 24], [17, 25], [17, 26], [17, 31], [18, 19], [18, 22], [18, 26], [18, 27], [19, 20], [19, 21], [19, 22], [19, 23], [19, 24], [19, 27], [19, 28], [19, 29], [19, 30], [20, 25], [20, 28], [20, 30], [21, 27], [21, 29], [21, 31], [22, 23], [22, 27], [23, 24], [23, 25], [23, 26], [23, 27], [24, 25], [24, 28], [24, 29], [25, 27], [25, 31], [26, 27], [26, 30], [27, 30], [27, 31], [28, 30], [28, 31]]"
g_n32_e96_k3_mid_17,train,32,96,3,mid,694625738266056661785,47.98990486831913,608877348,"[[0, 3], [0, 4], [0, 5], [0, 12], [0, 14], [1, 2], [1, 3], [1, 5], [1, 13], [1, 15], [2, 4], [2, 6], [2, 7], [2, 8], [2, 10], [2, 11], [2, 14], [2, 15], [3, 4], [3, 6], [3, 9], [4, 6], [4, 8], [4, 15], [5, 9], [5, 10], [5, 13], [5, 14], [6, 7], [6, 10], [6, 12], [6, 15], [7, 11], [7, 12], [7, 13], [7, 15], [8, 10], [8, 11], [8, 12], [8, 13], [8, 15], [8, 22], [9, 12], [9, 15], [10, 13], [12, 15], [12, 21], [13, 15], [15, 18], [16, 18], [16, 19], [16, 23], [16, 24], [16, 28], [16, 29], [16, 30], [16, 31], [17, 18], [17, 19], [17, 20], [17, 26], [18, 20], [18, 24], [18, 27], [18, 28], [18, 29], [19, 20], [19, 25], [19, 29], [19, 30], [19, 31], [20, 23], [20, 25], [20, 27], [21, 23], [21, 24], [21, 27], [21, 28], [21, 29], [22, 23], [22, 26], [22, 27], [22, 29], [22, 31], [23, 24], [23, 25], [23, 29], [23, 31], [24, 25], [25, 27], [25, 31], [26, 27], [26, 28], [27, 29], [27, 30], [28, 31]]"
g_n32_e96_k3_mid_18,train,32,96,3,mid,698476071224538487868,47.99543259462944,608877411,"[[0, 1], [0, 2], [0, 4], [0, 5], [0, 6], [0, 13], [1, 3], [1, 4], [1, 9], [1, 11], [1, 14], [2, 3], [2, 5], [2, 6], [2, 9], [2, 10], [2, 14], [2, 15], [2, 21], [3, 5], [3, 10], [4, 7], [4, 14], [4, 15], [5, 7], [5, 8], [5, 11], [5, 13], [5, 15], [6, 9], [6, 10], [6, 12], [6, 31], [7, 10], [7, 11], [7, 12], [7, 15], [8, 11], [8, 12], [8, 15], [9, 11], [9, 13], [9, 14], [9, 16], [10, 12], [11, 12], [11, 13], [13, 14], [13, 15], [16, 17], [16, 19], [16, 20], [16, 24], [16, 25], [16, 27], [16, 28], [16, 30], [16, 31], [17, 19], [17, 21], [17, 23], [17, 25], [17, 27], [17, 28], [17, 31], [18, 19], [18, 20], [18, 21], [18, 25], [18, 26], [18, 30], [18, 31], [19, 31], [20, 21], [20, 22], [20, 24], [20, 26], [20, 27], [20, 29], [21, 30], [21, 31], [22, 24], [22, 27], [22, 28], [22, 29], [23, 27], [23, 30], [23, 31], [24, 26], [24, 29], [25, 27], [25, 30], [27, 28], [27, 29], [28, 30], [30, 31]]"
g_n32_e96_k3_mid_19,validation,32,96,3,mid,698636892202871047404,47.99566281363571,608877312,"[[0, 2], [0, 5], [0, 11], [0, 22], [1, 3], [1, 4], [1, 5], [1, 8], [1, 14], [2, 3], [2, 5], [2, 11], [2, 12], [2, 15], [3, 5], [3, 6], [3, 7], [3, 11], [4, 6], [4, 7], [4, 9], [4, 13], [4, 15], [5, 9], [5, 10], [5, 12], [6, 7], [6, 8], [6, 12], [6, 15], [7, 9], [7, 10], [8, 10], [8, 12], [8, 13], [8, 15], [9, 10], [9, 11], [9, 12], [9, 14], [10, 13], [10, 15], [10, 19], [11, 12], [11, 30], [12, 13], [12, 14], [13, 15], [14, 15], [16, 17], [16, 18], [16, 20], [16, 21], [16, 25], [16, 29], [16, 30], [17, 20], [17, 24], [17, 28], [18, 19], [18, 22], [18, 24], [18, 25], [18, 27], [19, 21], [19, 22], [19, 24], [19, 25], [19, 26], [19, 27], [19, 28], [19, 29], [19, 30], [20, 21], [20, 24], [20, 28], [20, 30], [21, 23], [21, 26], [21, 30], [22, 24], [22, 26], [22, 30], [23, 25], [23, 26], [24, 28], [25, 28], [25, 29], [25, 31], [26, 29], [27, 28], [27, 30], [28, 29], [28, 30], [28, 31], [30, 31]]"
g_n32_e96_k3_high_20,validation,32,96,3,high,1049014736650803916825,48.40213833047529,608877334,"[[0, 1], [0, 2], [0, 7], [0, 10], [0, 15], [0, 16], [1, 3], [1, 5], [1, 6], [1, 10], [1, 12], [1, 15], [2, 8], [2, 9], [2, 10], [2, 12], [2, 13], [2, 14], [2, 15], [3, 9], [3, 11], [3, 12], [3, 13], [3, 14], [4, 5], [4, 6], [4, 7], [4, 11], [4, 14], [5, 8], [5, 9], [6, 7], [6, 11], [6, 12], [6, 14], [7, 9], [7, 11], [7, 13], [7, 15], [8, 12], [9, 10], [9, 14], [10, 12], [10, 13], [10, 14], [11, 14], [12, 15], [13, 22], [14, 17], [16, 19], [16, 22], [16, 24], [16, 25], [16, 29], [16, 31], [17, 19], [17, 20], [17, 24], [17, 26], [17, 29], [18, 19], [18, 20], [18, 25], [18, 28], [19, 24], [19, 27], [19, 31], [20, 21], [20, 23], [20, 26], [20, 28], [20, 29], [21, 22], [21, 23], [21, 24], [21, 26], [21, 27], [22, 24], [22, 25], [22, 27], [22, 28], [22, 30], [23, 24], [23, 29], [23, 30], [24, 29], [24, 31], [25, 27], [25, 28], [26, 27], [26, 28], [26, 31], [27, 28], [27, 31], [28, 29], [30, 31]]"
g_n32_e96_k3_high_21,train,32,96,3,high,1065250835127278152533,48.417497250245574,608877372,"[[0, 1], [0, 4], [0, 5], [0, 6], [0, 8], [0, 9], [0, 10], [0, 13], [1, 2], [1, 4], [1, 5], [1, 9], [1, 11], [2, 9], [2, 10], [2, 12], [2, 14], [3, 4], [3, 9], [3, 10], [3, 11], [3, 12], [3, 15], [4, 6], [4, 7], [4, 13], [4, 15], [4, 31], [5, 10], [5, 11], [5, 12], [5, 14], [6, 14], [6, 25], [7, 10], [7, 12], [7, 14], [8, 9], [8, 10], [8, 13], [8, 24], [9, 11], [9, 14], [10, 12], [10, 14], [11, 15], [12, 13], [13, 15], [14, 15], [16, 17], [16, 18], [16, 19], [16, 20], [16, 21], [16, 23], [16, 25], [16, 30], [16, 31], [17, 19], [17, 21], [17, 22], [17, 24], [17, 25], [17, 26], [17, 28], [18, 19], [18, 28], [18, 30], [19, 20], [19, 22], [19, 29], [20, 21], [20, 23], [20, 29], [21, 23], [21, 25], [21, 27], [21, 28], [22, 28], [22, 30], [22, 31], [23, 26], [23, 27], [23, 29], [24, 25], [24, 27], [24, 31], [25, 27], [25, 30], [25, 31], [26, 27], [26, 29], [26, 31], [27, 29], [28, 30], [28, 31]]"
g_n32_e96_k3_high_22,train,32,96,3,high,1072806732077893801962,48.424565281080994,608877330,"[[0, 2], [0, 4], [0, 6], [0, 9], [0, 11], [0, 12], [0, 13], [0, 14], [1, 4], [1, 6], [1, 11], [2, 4], [2, 5], [2, 11], [3, 4], [3, 5], [3, 7], [3, 10], [3, 11], [3, 15], [4, 7], [4, 10], [4, 13], [4, 14], [5, 9], [5, 12], [5, 14], [5, 15], [6, 9], [6, 11], [6, 12], [6, 15], [6, 19], [7, 8], [7, 12], [7, 13], [8, 9], [8, 10], [8, 13], [8, 14], [9, 10], [9, 12], [9, 15], [9, 22], [11, 14], [12, 13], [13, 15], [13, 16], [14, 15], [16, 18], [16, 20], [16, 22], [16, 24], [16, 25], [16, 30], [17, 19], [17, 20], [17, 22], [17, 28], [17, 29], [18, 21], [18, 23], [18, 26], [19, 23], [19, 24], [19, 27], [19, 28], [19, 29], [19, 30], [20, 21], [20, 23], [20, 24], [20, 25], [20, 31], [21, 26], [21, 28], [21, 30], [21, 31], [22, 23], [22, 26], [22, 27], [22, 29], [22, 31], [23, 26], [23, 30], [24, 25], [24, 28], [24, 29], [25, 28], [25, 29], [25, 30], [26, 27], [26, 30], [26, 31], [29, 30], [29, 31]]"
g_n32_e96_k3_high_23,test,32,96,3,high,1151527019279848126420,48.49537585729847,608877323,"[[0, 2], [0, 6], [0, 8], [0, 9], [0, 10], [0, 15], [1, 4], [1, 9], [1, 10], [1, 12], [1, 13], [1, 14], [1, 24], [2, 4], [2, 7], [2, 9], [2, 14], [2, 15], [3, 4], [3, 8], [3, 11], [3, 12], [3, 13], [3, 14], [4, 6], [4, 7], [4, 10], [4, 12], [4, 15], [5, 6], [5, 8], [5, 10], [5, 11], [5, 12], [5, 13], [5, 14], [6, 8], [6, 25], [7, 14], [7, 17], [8, 12], [8, 14], [9, 11], [9, 13], [10, 15], [11, 14], [12, 13], [13, 15], [14, 15], [16, 19], [16, 20], [16, 23], [16, 26], [16, 28], [16, 31], [17, 18], [17, 19], [17, 21], [17, 22], [17, 25], [17, 26], [17, 30], [18, 22], [18, 24], [18, 27], [18, 31], [19, 25], [19, 28], [20, 22], [20, 23], [20, 24], [20, 26], [20, 28], [20, 29], [20, 30], [20, 31], [21, 22], [21, 27], [21, 28], [21, 29], [21, 30], [21, 31], [22, 25], [22, 28], [22, 30], [23, 25], [23, 26], [23, 29], [23, 30], [24, 27], [24, 29], [24, 31], [25, 29], [26, 28], [26, 29], [28, 31]]"
g_n32_e96_k3_high_24,validation,32,96,3,high,1157997245871034921857,48.500978953673226,608877357,"[[0, 1], [0, 4], [0, 7], [0, 10], [0, 11], [0, 13], [1, 5], [1, 12], [1, 14], [1, 15], [2, 3], [2, 6], [2, 7], [2, 14], [2, 15], [3, 6], [3, 9], [3, 13], [3, 14], [4, 5], [4, 8], [4, 9], [4, 12], [4, 23], [5, 6], [5, 7], [5, 8], [5, 9], [5, 14], [5, 15], [6, 9], [6, 10], [6, 30], [7, 11], [7, 12], [7, 13], [7, 19], [8, 11], [8, 12], [8, 14], [8, 15], [9, 11], [9, 12], [9, 13], [10, 11], [10, 13], [10, 14], [12, 13], [12, 14], [16, 17], [16, 19], [16, 24], [16, 28], [17, 20], [17, 22], [17, 23], [17, 25], [17, 27], [17, 29], [18, 19], [18, 21], [18, 22], [18, 23], [18, 26], [18, 31], [19, 21], [19, 28], [20, 26], [20, 27], [21, 23], [21, 25], [21, 26], [21, 30], [22, 24], [22, 27], [22, 28], [22, 29], [22, 30], [23, 25], [23, 26], [23, 29], [23, 30], [23, 31], [24, 25], [24, 28], [24, 31], [25, 29], [25, 31], [26, 27], [26, 29], [27, 28], [27, 29], [28, 29], [28, 30], [29, 30], [29, 31]]"
g_n32_e96_k3_high_25,train,32,96,3,high,1167910795420311494565,48.50950346058039,608877426,"[[0, 1], [0, 2], [0, 4], [0, 10], [0, 12], [0, 15], [1, 8], [1, 12], [1, 13], [1, 15], [2, 3], [2, 5], [2, 6], [2, 7], [2, 8], [2, 13], [2, 14], [3, 4], [3, 5], [3, 9], [3, 10], [3, 14], [3, 15], [4, 6], [4, 7], [4, 8], [4, 9], [5, 8], [5, 12], [5, 13], [6, 8], [6, 12], [7, 8], [7, 12], [7, 14], [8, 9], [8, 14], [9, 10], [9, 11], [9, 18], [10, 11], [10, 14], [10, 15], [11, 12], [11, 14], [12, 16], [13, 14], [13, 15], [15, 20], [16, 18], [16, 22], [16, 23], [16, 26], [16, 27], [16, 28], [17, 18], [17, 24], [17, 28], [17, 31], [18, 19], [18, 23], [18, 24], [18, 27], [19, 23], [19, 26], [19, 27], [19, 29], [19, 30], [19, 31], [20, 24], [20, 26], [20, 27], [20, 29], [20, 30], [21, 22], [21, 23], [21, 24], [21, 25], [21, 30], [22, 23], [22, 25], [22, 27], [22, 29], [22, 30], [22, 31], [23, 28], [23, 30], [23, 31], [24, 25], [24, 26], [26, 29], [26, 30], [27, 28], [27, 31], [28, 31], [29, 31]]"
g_n32_e96_k3_high_26,test,32,96,3,high,1212585722501570715417,48.547041993175775,608877398,"[[0, 3], [0, 4], [0, 5], [0, 6], [0, 9], [0, 14], [0, 29], [1, 2], [1, 3], [1, 4], [1, 6], [1, 11], [2, 7], [2, 10], [2, 12], [2, 13], [2, 15], [3, 8], [3, 9], [3, 10], [3, 14], [3, 15], [4, 5], [4, 12], [4, 15], [5, 10], [5, 11], [5, 14], [5, 15], [6, 8], [6, 10], [6, 11], [6, 12], [7, 9], [7, 11], [8, 10], [8, 13], [8, 15], [8, 22], [9, 12], [9, 13], [9, 14], [9, 25], [10, 12], [11, 14], [11, 15], [13, 14], [13, 15], [14, 15], [16, 19], [16, 24], [16, 29], [16, 30], [17, 18], [17, 23], [17, 27], [17, 29], [17, 30], [18, 20], [18, 21], [18, 23], [18, 28], [19, 20], [19, 22], [19, 25], [19, 27], [19, 28], [19, 31], [20, 21], [20, 24], [20, 28], [20, 29], [20, 31], [21, 26], [21, 27], [21, 30], [22, 28], [22, 29], [22, 30], [23, 24], [23, 25], [23, 28], [24, 28], [24, 30], [25, 26], [25, 27], [25, 29], [26, 28], [26, 31], [27, 28], [27, 30], [27, 31], [28, 29], [28, 31], [29, 31], [30, 31]]"
g_n32_e96_k3_high_27,train,32,96,3,high,1252390413685001545296,48.57934100896014,608877388,"[[0, 2], [0, 6], [0, 8], [0, 12], [0, 13], [1, 5], [1, 6], [1, 9], [1, 10], [1, 11], [1, 29], [2, 7], [2, 8], [2, 10], [3, 4], [3, 6], [3, 7], [3, 9], [3, 12], [3, 13], [3, 14], [4, 8], [4, 10], [4, 12], [4, 13], [5, 6], [5, 10], [5, 13], [6, 14], [7, 9], [7, 11], [7, 12], [7, 13], [7, 15], [8, 11], [8, 13], [8, 15], [8, 19], [9, 10], [9, 12], [9, 15], [9, 26], [10, 13], [10, 14], [11, 12], [11, 14], [12, 15], [13, 14], [14, 15], [16, 18], [16, 22], [16, 25], [16, 26], [16, 29], [16, 30], [16, 31], [17, 18], [17, 22], [17, 26], [17, 28], [17, 30], [18, 20], [18, 23], [18, 27], [18, 29], [19, 26], [19, 27], [19, 29], [19, 31], [20, 22], [20, 24], [20, 25], [20, 27], [20, 28], [21, 24], [21, 25], [21, 27], [21, 30], [22, 23], [22, 24], [22, 30], [22, 31], [23, 25], [23, 31], [24, 25], [24, 26], [24, 27], [24, 30], [26, 27], [26, 28], [26, 31], [27, 28], [27, 29], [27, 30], [28, 29], [29, 31]]"
g_n32_e96_k3_high_28,train,32,96,3,high,1322509690152092983235,48.63381816474558,608877386,"[[0, 2], [0, 4], [0, 5], [0, 8], [0, 9], [0, 13], [1, 3], [1, 5], [1, 10], [1, 11], [1, 13], [2, 5], [2, 6], [2, 7], [2, 9], [2, 12], [2, 17], [3, 8], [3, 11], [3, 12], [4, 5], [4, 7], [4, 9], [4, 12], [4, 13], [4, 27], [5, 6], [5, 14], [6, 11], [6, 12], [6, 14], [7, 8], [7, 10], [7, 11], [8, 9], [8, 11], [8, 13], [8, 14], [8, 15], [9, 10], [9, 14], [10, 15], [11, 12], [11, 15], [12, 13], [12, 14], [13, 15], [14, 15], [14, 29], [16, 18], [16, 21], [16, 22], [16, 23], [16, 24], [16, 30], [17, 18], [17, 20], [17, 23], [17, 24], [17, 26], [17, 28], [17, 30], [18, 22], [18, 25], [18, 26], [18, 27], [19, 20], [19, 21], [19, 22], [19, 26], [19, 27], [19, 29], [19, 31], [20, 22], [20, 25], [20, 26], [21, 22], [21, 26], [21, 30], [21, 31], [22, 24], [22, 27], [22, 28], [22, 30], [23, 26], [23, 27], [23, 28], [23, 29], [23, 31], [24, 26], [24, 27], [25, 26], [25, 28], [25, 29], [27, 31], [28, 29]]"
g_n32_e96_k3_high_29,train,32,96,3,high,1335018750651343863492,48.643232290060254,608877353,"[[0, 1], [0, 2], [0, 5], [0, 8], [0, 13], [0, 14], [0, 15], [1, 5], [1, 6], [1, 15], [1, 26], [2, 4], [2, 7], [2, 10], [2, 12], [2, 14], [2, 23], [3, 4], [3, 6], [3, 8], [3, 11], [3, 13], [4, 5], [4, 8], [4, 9], [4, 12], [4, 13], [5, 8], [5, 10], [5, 13], [6, 7], [6, 8], [6, 9], [7, 8], [7, 9], [7, 10], [7, 12], [7, 13], [7, 14], [8, 11], [9, 10], [9, 11], [9, 15], [10, 11], [11, 15], [11, 17], [12, 15], [13, 14], [13, 15], [16, 17], [16, 18], [16, 20], [16, 26], [16, 29], [16, 30], [17, 20], [17, 25], [17, 26], [17, 27], [17, 28], [17, 29], [17, 31], [18, 21], [18, 24], [18, 27], [18, 28], [18, 30], [19, 20], [19, 22], [19, 23], [19, 27], [19, 29], [19, 30], [20, 24], [20, 26], [20, 28], [20, 30], [21, 24], [21, 25], [21, 26], [21, 27], [21, 31], [22, 24], [22, 31], [23, 24], [23, 29], [23, 30], [24, 30], [25, 27], [25, 28], [25, 29], [26, 28], [27, 29], [28, 30], [28, 31], [29, 31]]"
g_n40_e80_k2_low_00,test,40,80,2,low,242539571966753412,40.02994127534332,1705460307,"[[0, 6], [0, 7], [0, 15], [0, 18], [1, 6], [1, 8], [1, 15], [2, 4], [2, 5], [2, 13], [2, 19], [3, 9], [3, 16], [4, 5], [4, 8], [4, 11], [4, 12], [5, 7], [5, 12], [5, 16], [6, 18], [7, 11], [7, 14], [8, 10], [8, 11], [8, 35], [9, 16], [10, 12], [10, 18], [11, 14], [11, 16], [12, 14], [12, 16], [13, 16], [13, 19], [14, 15], [14, 17], [14, 18], [14, 25], [15, 16], [17, 18], [20, 21], [20, 29], [21, 22], [21, 29], [21, 33], [21, 39], [22, 29], [22, 32], [22, 35], [22, 38], [23, 31], [23, 33], [23, 36], [24, 25], [24, 26], [24, 27], [24, 29], [24, 30], [24, 31], [24, 33], [24, 34], [24, 37], [24, 39], [25, 28], [25, 29], [25, 30], [25, 31], [25, 35], [26, 34], [27, 28], [27, 30], [27, 34], [28, 30], [29, 36], [29, 37], [29, 39], [31, 37], [32, 39], [38, 39]]"
g_n40_e80_k2_low_01,train,40,80,2,low,296055263785074012,40.2293225337847,1705460301,"[[0, 11], [0, 19], [1, 2], [1, 7], [1, 8], [1, 13], [1, 15], [1, 17], [2, 3], [2, 7], [3, 4], [3, 7], [3, 13], [4, 5], [4, 6], [4, 9], [4, 11], [4, 13], [4, 16], [4, 17], [5, 19], [6, 16], [7, 16], [7, 17], [7, 19], [8, 14], [9, 17], [9, 19], [10, 13], [10, 16], [10, 18], [10, 38], [11, 16], [12, 13], [12, 17], [12, 37], [13, 14], [13, 18], [14, 18], [15, 17], [16, 18], [20, 26], [20, 36], [21, 22], [21, 32], [22, 25], [22, 27], [22, 33], [22, 35], [22, 37], [22, 38], [23, 31], [23, 38], [24, 26], [24, 33], [24, 39], [25, 28], [25, 35], [26, 33], [26, 36], [27, 29], [27, 32], [27, 36], [27, 38], [28, 32], [28, 34], [29, 32], [29, 39], [30, 34], [30, 37], [31, 35], [31, 37], [31, 39], [32, 33], [32, 37], [33, 36], [35, 38], [35, 39], [37, 39], [38, 39]]"
g_n40_e80_k2_low_02,validation,40,80,2,low,421866623031772827,40.58346559982306,1705460258,"[[0, 1], [0, 7], [0, 11], [0, 15], [1, 4], [1, 12], [2, 3], [2, 9], [2, 12], [2, 14], [2, 19], [3, 12], [3, 17], [4, 7], [4, 10], [4, 14], [4, 16], [5, 13], [5, 17], [6, 9], [6, 12], [6, 15], [6, 17], [7, 11], [7, 14], [8, 9], [8, 19], [9, 14], [9, 15], [9, 17], [9, 28], [10, 14], [10, 15], [10, 17], [11, 17], [12, 19], [13, 18], [14, 15], [14, 29], [16, 17], [16, 18], [20, 29], [20, 37], [20, 39], [21, 22], [21, 36], [22, 28], [22, 35], [23, 28], [23, 32], [23, 35], [24, 25], [24, 29], [24, 35], [24, 38], [25, 27], [25, 34], [25, 38], [26, 28], [26, 35], [26, 39], [27, 28], [27, 33], [27, 35], [28, 33], [28, 34], [28, 36], [28, 37], [30, 32], [30, 37], [31, 37], [31, 38], [32, 33], [32, 35], [32, 37], [33, 35], [33, 38], [34, 38], [34, 39], [38, 39]]"
g_n40_e80_k2_low_03,train,40,80,2,low,443681493686681017,40.63388334335804,1705460309,"[[0, 2], [0, 6], [0, 7], [0, 11], [0, 15], [0, 16], [0, 19], [1, 8], [1, 11], [1, 19], [1, 21], [2, 7], [2, 13], [3, 4], [3, 13], [4, 8], [5, 9], [5, 16], [5, 18], [6, 9], [6, 16], [6, 17], [6, 18], [6, 19], [7, 16], [8, 12], [8, 13], [8, 14], [10, 11], [10, 15], [11, 14], [11, 15], [12, 13], [12, 14], [12, 15], [12, 19], [12, 31], [13, 17], [14, 17], [15, 19], [16, 18], [20, 30], [20, 34], [20, 38], [21, 28], [21, 29], [22, 24], [22, 28], [22, 32], [22, 36], [23, 26], [23, 28], [23, 37], [24, 33], [25, 31], [25, 34], [25, 36], [26, 28], [26, 29], [26, 30], [26, 34], [26, 39], [27, 33], [27, 37], [27, 39], [28, 29], [28, 32], [28, 35], [28, 37], [28, 38], [29, 37], [30, 36], [31, 32], [33, 34], [33, 36], [33, 38], [34, 37], [34, 38], [35, 37], [36, 37]]"
g_n40_e80_k2_low_04,train,40,80,2,low,452019648985925400,40.65250204500587,1705460337,"[[0, 2], [0, 14], [1, 13], [1, 15], [1, 19], [2, 4], [2, 5], [2, 6], [2, 13], [2, 16], [2, 19], [3, 9], [3, 16], [4, 6], [4, 10], [4, 12], [4, 18], [5, 18], [6, 10], [6, 12], [6, 14], [6, 18], [6, 19], [6, 33], [7, 11], [7, 16], [7, 17], [8, 12], [8, 17], [8, 24], [9, 17], [10, 14], [10, 17], [10, 18], [10, 19], [11, 19], [12, 13], [13, 18], [14, 18], [15, 18], [18, 19], [20, 27], [20, 28], [20, 37], [20, 39], [21, 28], [21, 30], [21, 34], [22, 30], [22, 34], [22, 38], [23, 24], [23, 25], [23, 33], [24, 25], [24, 26], [24, 29], [24, 37], [24, 39], [25, 35], [25, 36], [26, 31], [26, 39], [27, 29], [27, 32], [28, 34], [29, 32], [29, 34], [29, 38], [30, 38], [30, 39], [31, 37], [32, 36], [32, 37], [33, 34], [33, 35], [34, 35], [34, 36], [34, 38], [37, 38]]"
g_n40_e80_k2_low_05,train,40,80,2,low,502168049648390911,40.75771121883846,1705460262,"[[0, 8], [0, 16], [1, 9], [1, 14], [1, 22], [2, 13], [2, 17], [2, 19], [3, 4], [3, 5], [3, 11], [3, 12], [3, 14], [4, 14], [4, 15], [4, 18], [5, 9], [5, 10], [5, 15], [5, 17], [6, 11], [6, 12], [6, 14], [7, 8], [7, 9], [7, 15], [7, 19], [8, 11], [9, 14], [9, 16], [10, 16], [11, 12], [11, 13], [11, 14], [11, 15], [12, 19], [13, 17], [14, 17], [14, 18], [16, 17], [16, 20], [20, 30], [20, 33], [21, 29], [21, 37], [22, 23], [22, 36], [23, 29], [23, 39], [24, 28], [24, 29], [24, 34], [24, 37], [25, 31], [25, 37], [26, 28], [26, 36], [27, 29], [27, 31], [27, 33], [27, 36], [27, 37], [28, 29], [28, 33], [28, 37], [28, 38], [28, 39], [29, 35], [30, 35], [31, 35], [31, 37], [31, 38], [32, 36], [32, 39], [33, 38], [34, 35], [35, 38], [35, 39], [37, 38], [37, 39]]"
g_n40_e80_k2_low_06,train,40,80,2,low,503892406440005117,40.7611391609064,1705460334,"[[0, 4], [0, 9], [1, 8], [1, 10], [2, 5], [2, 7], [2, 11], [2, 12], [3, 10], [3, 12], [3, 13], [3, 14], [3, 16], [3, 17], [4, 18], [5, 6], [5, 17], [6, 9], [6, 12], [7, 12], [7, 17], [8, 12], [8, 16], [9, 16], [9, 17], [10, 13], [10, 14], [10, 15], [10, 17], [10, 39], [11, 14], [11, 15], [11, 16], [11, 17], [13, 16], [15, 18], [16, 17], [16, 18], [16, 19], [17, 19], [19, 26], [20, 25], [20, 26], [20, 29], [20, 34], [20, 35], [20, 39], [21, 25], [21, 36], [21, 38], [22, 35], [22, 38], [23, 28], [23, 29], [23, 30], [23, 35], [24, 31], [24, 33], [24, 36], [25, 36], [26, 31], [26, 32], [26, 35], [26, 38], [27, 33], [27, 36], [27, 37], [27, 38], [28, 31], [28, 33], [29, 35], [30, 37], [31, 36], [32, 38], [33, 38], [34, 37], [34, 38], [35, 37], [35, 38], [35, 39]]"
g_n40_e80_k2_low_07,train,40,80,2,low,512413262058553058,40.77790784683594,1705460299,"[[0, 2], [0, 11], [0, 13], [0, 15], [0, 18], [1, 2], [1, 3], [2, 4], [2, 7], [2, 18], [3, 13], [3, 17], [4, 11], [4, 12], [5, 8], [5, 12], [6, 8], [6, 16], [6, 18], [7, 10], [7, 11], [7, 13], [7, 17], [7, 18], [8, 23], [9, 11], [9, 15], [9, 17], [9, 18], [10, 11], [10, 14], [10, 19], [10, 25], [11, 13], [11, 18], [11, 19], [12, 14], [12, 17], [13, 18], [14, 19], [16, 18], [20, 21], [20, 22], [20, 23], [20, 31], [20, 37], [21, 24], [21, 26], [21, 27], [21, 31], [21, 38], [21, 39], [22, 34], [22, 36], [23, 29], [23, 32], [23, 36], [24, 27], [24, 30], [24, 33], [24, 35], [24, 36], [24, 37], [24, 38], [25, 27], [25, 32], [25, 39], [26, 28], [26, 29], [26, 35], [27, 32], [27, 37], [28, 38], [29, 32], [29, 37], [30, 39], [31, 39], [33, 34], [33, 39], [35, 37]]"
g_n40_e80_k2_low_08,validation,40,80,2,low,514778157327870072,40.78251244029946,1705460335,"[[0, 3], [0, 5], [0, 11], [1, 8], [1, 13], [2, 3], [2, 4], [2, 5], [2, 7], [2, 12], [2, 13], [2, 16], [2, 17], [2, 18], [3, 7], [3, 12], [3, 14], [4, 9], [4, 17], [5, 11], [5, 13], [5, 19], [6, 10], [6, 16], [6, 19], [7, 17], [7, 18], [8, 14], [9, 16], [10, 11], [10, 14], [10, 15], [10, 16], [10, 23], [11, 27], [12, 18], [13, 14], [13, 15], [14, 19], [17, 19], [18, 19], [20, 28], [20, 35], [21, 33], [21, 34], [22, 33], [22, 35], [22, 37], [23, 24], [23, 25], [23, 27], [23, 29], [23, 32], [24, 31], [24, 32], [24, 36], [25, 38], [26, 28], [26, 34], [27, 29], [27, 36], [27, 37], [28, 35], [28, 37], [29, 35], [29, 36], [29, 39], [30, 31], [30, 32], [30, 33], [30, 34], [31, 38], [33, 34], [34, 35], [34, 36], [34, 37], [35, 37], [35, 38], [35, 39], [37, 39]]"
g_n40_e80_k2_low_09,test,40,80,2,low,526799979166979128,40.80559732523346,1705460339,"[[0, 6], [0, 7], [0, 8], [0, 9], [1, 12], [1, 15], [2, 3], [2, 18], [2, 19], [3, 4], [3, 11], [3, 14], [4, 7], [4, 9], [4, 18], [4, 19], [5, 6], [5, 18], [6, 7], [6, 8], [6, 10], [6, 12], [6, 17], [7, 10], [7, 13], [7, 18], [8, 13], [8, 14], [8, 15], [8, 16], [9, 10], [9, 14], [10, 36], [11, 14], [12, 16], [12, 19], [14, 15], [14, 16], [14, 17], [14, 18], [17, 34], [20, 27], [20, 33], [20, 35], [20, 37], [20, 39], [21, 26], [21, 31], [21, 38], [21, 39], [22, 23], [22, 24], [22, 30], [22, 33], [22, 34], [23, 28], [23, 29], [23, 31], [23, 34], [24, 26], [25, 30], [25, 32], [25, 33], [26, 30], [26, 39], [27, 37], [27, 39], [28, 33], [29, 39], [30, 33], [31, 37], [31, 39], [32, 39], [33, 34], [33, 35], [33, 36], [33, 38], [34, 36], [34, 39], [37, 38]]"
g_n40_e80_k2_mid_10,train,40,80,2,mid,957809379291744332,41.403425175308044,1705460250,"[[0, 1], [0, 10], [0, 13], [0, 19], [1, 2], [1, 12], [1, 19], [2, 19], [3, 4], [3, 9], [3, 12], [3, 16], [3, 17], [3, 18], [4, 12], [4, 39], [5, 7], [5, 9], [5, 10], [5, 13], [5, 18], [5, 19], [6, 9], [6, 15], [7, 9], [7, 11], [7, 12], [7, 14], [8, 11], [8, 13], [8, 14], [10, 18], [10, 19], [10, 33], [11, 16], [12, 13], [12, 14], [13, 19], [15, 18], [16, 17], [18, 19], [20, 21], [20, 30], [20, 35], [20, 36], [21, 24], [21, 36], [22, 23], [22, 24], [22, 28], [22, 29], [22, 30], [23, 27], [23, 34], [23, 37], [23, 38], [24, 31], [24, 39], [25, 32], [25, 39], [26, 31], [26, 32], [26, 33], [26, 36], [27, 30], [27, 31], [27, 33], [27, 37], [28, 29], [28, 32], [29, 30], [29, 33], [30, 37], [31, 33], [31, 34], [31, 36], [33, 35], [34, 36], [34, 39], [35, 38]]"
g_n40_e80_k2_mid_11,validation,40,80,2,mid,959421523005307480,41.405106917545346,1705460312,"[[0, 5], [0, 8], [0, 14], [1, 3], [1, 16], [2, 3], [2, 6], [2, 15], [2, 17], [3, 7], [4, 6], [4, 10], [4, 16], [5, 6], [5, 13], [5, 17], [6, 8], [6, 9], [6, 14], [6, 16], [6, 18], [7, 14], [7, 17], [8, 14], [9, 13], [9, 16], [10, 13], [10, 18], [11, 13], [11, 15], [11, 18], [12, 15], [12, 17], [13, 16], [14, 16], [14, 19], [15, 17], [15, 21], [16, 30], [17, 19], [18, 19], [20, 26], [20, 28], [20, 32], [21, 26], [21, 37], [22, 25], [22, 29], [22, 35], [22, 38], [23, 30], [23, 37], [24, 28], [24, 30], [24, 36], [25, 28], [25, 30], [25, 32], [25, 34], [26, 28], [26, 29], [26, 30], [26, 36], [27, 31], [27, 32], [27, 33], [27, 39], [28, 32], [28, 36], [29, 31], [29, 33], [29, 37], [29, 38], [30, 31], [31, 34], [32, 36], [33, 34], [34, 36], [34, 39], [35, 36]]"
g_n40_e80_k2_mid_12,train,40,80,2,mid,987116236975270014,41.433564195368795,1705460246,"[[0, 8], [0, 14], [0, 17], [0, 18], [0, 19], [1, 3], [1, 10], [1, 11], [1, 13], [1, 15], [1, 19], [2, 5], [2, 8], [2, 16], [3, 7], [3, 15], [3, 17], [3, 18], [4, 14], [4, 18], [5, 18], [6, 10], [6, 15], [7, 8], [7, 10], [7, 16], [7, 22], [8, 12], [8, 14], [8, 18], [9, 10], [9, 11], [9, 13], [9, 17], [10, 15], [10, 19], [11, 12], [11, 14], [12, 18], [16, 17], [18, 29], [20, 24], [20, 26], [20, 28], [20, 29], [20, 38], [21, 22], [21, 31], [21, 34], [21, 39], [22, 29], [22, 31], [22, 38], [23, 24], [23, 25], [23, 36], [24, 31], [24, 36], [25, 27], [25, 31], [25, 33], [25, 35], [26, 30], [26, 39], [27, 29], [27, 32], [28, 33], [28, 34], [28, 37], [29, 31], [29, 32], [29, 34], [29, 38], [30, 34], [31, 34], [32, 35], [32, 36], [32, 37], [34, 36], [35, 37]]"
g_n40_e80_k2_mid_13,test,40,80,2,mid,1014125988662243248,41.460558820517335,1705460290,"[[0, 3], [0, 10], [0, 12], [0, 14], [1, 9], [1, 13], [1, 16], [2, 8], [2, 10], [2, 11], [2, 14], [3, 4], [3, 8], [3, 14], [3, 17], [4, 6], [5, 7], [5, 12], [6, 10], [6, 17], [6, 18], [7, 13], [7, 17], [8, 11], [9, 14], [9, 15], [9, 17], [11, 12], [11, 19], [12, 14], [12, 15], [12, 16], [12, 17], [12, 27], [13, 14], [13, 16], [13, 22], [14, 15], [14, 19], [15, 16], [18, 19], [20, 25], [20, 36], [20, 37], [21, 24], [21, 33], [21, 34], [22, 25], [22, 29], [22, 36], [22, 37], [22, 39], [23, 26], [23, 35], [23, 37], [24, 26], [24, 33], [24, 34], [25, 29], [25, 30], [25, 33], [26, 36], [27, 29], [27, 30], [28, 34], [28, 35], [28, 38], [28, 39], [29, 30], [29, 35], [30, 33], [30, 35], [31, 33], [31, 38], [32, 36], [32, 38], [33, 36], [36, 37], [36, 38], [36, 39]]"
g_n40_e80_k2_mid_14,train,40,80,2,mid,1063588391747173107,41.50818014010488,1705460277,"[[0, 2], [0, 3], [0, 8], [1, 5], [1, 6], [1, 15], [1, 19], [2, 15], [2, 17], [3, 6], [3, 10], [3, 15], [4, 6], [4, 8], [4, 10], [4, 18], [5, 6], [5, 13], [5, 17], [5, 33], [6, 10], [6, 18], [7, 9], [7, 10], [7, 14], [7, 21], [8, 17], [8, 18], [9, 11], [9, 12], [10, 15], [10, 19], [11, 17], [12, 15], [12, 16], [12, 17], [12, 18], [13, 15], [14, 16], [15, 16], [15, 19], [20, 22], [20, 36], [20, 37], [21, 24], [21, 37], [22, 25], [22, 35], [23, 27], [23, 31], [23, 36], [24, 28], [24, 36], [25, 32], [25, 38], [26, 34], [26, 35], [26, 36], [26, 38], [26, 39], [27, 30], [27, 34], [27, 36], [27, 38], [28, 31], [28, 32], [28, 39], [29, 32], [29, 34], [29, 38], [30, 36], [31, 34], [31, 38], [32, 34], [33, 34], [33, 36], [33, 38], [34, 36], [36, 37], [37, 39]]"
g_n40_e80_k2_mid_15,train,40,80,2,mid,1063842064560270985,41.50841861823097,1705460266,"[[0, 3], [0, 5], [0, 6], [0, 8], [0, 11], [0, 14], [0, 32], [1, 15], [1, 16], [1, 18], [1, 19], [2, 6], [2, 14], [3, 4], [3, 14], [3, 18], [4, 9], [4, 12], [4, 13], [4, 14], [4, 17], [5, 10], [5, 18], [6, 7], [7, 9], [7, 19], [8, 9], [8, 16], [9, 15], [9, 18], [10, 11], [11, 12], [11, 15], [12, 18], [13, 19], [14, 15], [14, 19], [15, 17], [16, 17], [16, 18], [19, 34], [20, 21], [20, 35], [21, 23], [21, 26], [21, 33], [21, 36], [22, 34], [22, 38], [22, 39], [23, 37], [24, 35], [24, 38], [25, 26], [25, 32], [25, 39], [26, 30], [26, 33], [26, 34], [26, 36], [26, 39], [27, 29], [27, 30], [27, 31], [27, 39], [28, 32], [28, 34], [28, 35], [29, 36], [30, 35], [31, 33], [31, 38], [32, 33], [32, 38], [33, 35], [33, 36], [34, 35], [34, 38], [35, 39], [37, 38]]"
g_n40_e80_k2_mid_16,validation,40,80,2,mid,1075098486954423600,41.51894394704754,1705460276,"[[0, 2], [0, 4], [0, 5], [1, 5], [1, 15], [1, 17], [2, 4], [2, 11], [2, 14], [2, 19], [3, 5], [3, 6], [3, 7], [3, 8], [3, 10], [4, 17], [5, 6], [5, 16], [5, 17], [5, 19], [5, 20], [6, 9], [6, 14], [7, 10], [7, 16], [7, 19], [8, 11], [8, 15], [8, 16], [8, 19], [9, 13], [10, 13], [11, 14], [12, 16], [12, 17], [13, 17], [14, 16], [14, 18], [16, 18], [16, 19], [18, 22], [20, 28], [20, 29], [20, 38], [21, 22], [21, 30], [21, 34], [22, 23], [22, 28], [22, 31], [23, 25], [23, 27], [23, 32], [23, 35], [24, 29], [24, 39], [25, 28], [25, 29], [25, 33], [25, 34], [25, 36], [26, 29], [26, 39], [27, 33], [27, 36], [27, 37], [28, 29], [28, 32], [28, 33], [28, 35], [29, 32], [30, 39], [31, 32], [31, 33], [33, 38], [33, 39], [34, 37], [35, 38], [36, 37], [37, 39]]"
g_n40_e80_k2_mid_17,train,40,80,2,mid,1078134333005076595,41.5217637517933,1705460283,"[[0, 4], [0, 7], [0, 11], [0, 12], [0, 14], [0, 20], [1, 3], [1, 6], [1, 15], [2, 7], [2, 10], [2, 19], [3, 5], [3, 16], [4, 5], [4, 13], [5, 10], [5, 18], [5, 19], [6, 7], [6, 9], [6, 10], [6, 14], [6, 15], [7, 9], [7, 10], [7, 38], [8, 14], [8, 19], [9, 10], [10, 11], [10, 12], [10, 19], [11, 16], [11, 17], [11, 18], [13, 14], [13, 15], [13, 16], [15, 16], [17, 19], [20, 21], [20, 28], [20, 32], [20, 34], [21, 35], [22, 25], [22, 26], [22, 27], [22, 30], [22, 35], [23, 26], [23, 27], [23, 31], [24, 28], [24, 31], [24, 39], [25, 28], [25, 32], [25, 35], [25, 36], [26, 32], [26, 35], [26, 39], [27, 29], [27, 32], [27, 34], [27, 35], [27, 36], [27, 37], [28, 37], [29, 33], [29, 38], [30, 32], [30, 39], [31, 33], [32, 33], [32, 39], [34, 37], [35, 38]]"
g_n40_e80_k2_mid_18,test,40,80,2,mid,1080328940041405184,41.52379724276808,1705460344,"[[0, 1], [0, 5], [0, 8], [0, 14], [1, 4], [1, 7], [1, 16], [2, 4], [2, 8], [2, 10], [2, 18], [2, 19], [3, 8], [3, 12], [3, 15], [3, 19], [4, 9], [4, 12], [4, 13], [4, 17], [4, 19], [5, 9], [5, 12], [5, 25], [6, 8], [6, 11], [6, 13], [6, 16], [6, 17], [6, 19], [7, 10], [7, 13], [7, 18], [8, 17], [9, 16], [11, 12], [12, 33], [13, 15], [14, 16], [16, 19], [17, 19], [20, 23], [20, 29], [20, 31], [21, 31], [21, 37], [22, 25], [22, 30], [22, 34], [22, 35], [22, 37], [22, 38], [23, 28], [23, 29], [23, 31], [23, 36], [24, 25], [24, 27], [24, 35], [24, 36], [25, 28], [26, 33], [26, 37], [27, 28], [27, 34], [27, 36], [27, 39], [28, 31], [28, 32], [28, 38], [30, 35], [30, 38], [31, 32], [31, 37], [32, 39], [33, 35], [33, 39], [34, 37], [34, 38], [36, 37]]"
g_n40_e80_k2_mid_19,train,40,80,2,mid,1119933952443520464,41.5598013864284,1705460245,"[[0, 3], [0, 7], [0, 8], [0, 14], [1, 3], [1, 7], [1, 10], [1, 15], [1, 17], [1, 19], [2, 5], [2, 8], [2, 12], [2, 17], [3, 13], [3, 20], [4, 13], [4, 18], [4, 19], [5, 6], [5, 10], [5, 14], [6, 14], [6, 19], [7, 11], [7, 13], [7, 16], [9, 13], [9, 19], [10, 12], [10, 19], [11, 12], [12, 13], [12, 19], [13, 14], [13, 15], [13, 16], [15, 17], [16, 17], [17, 35], [18, 19], [20, 22], [20, 26], [20, 33], [20, 38], [21, 23], [21, 29], [21, 34], [22, 26], [22, 27], [22, 29], [23, 25], [23, 26], [23, 37], [24, 25], [24, 34], [24, 35], [25, 29], [25, 31], [25, 36], [26, 29], [26, 33], [26, 34], [26, 39], [27, 30], [27, 34], [27, 37], [28, 30], [28, 33], [29, 33], [29, 36], [30, 38], [31, 33], [31, 38], [32, 36], [32, 38], [33, 35], [34, 38], [35, 38], [35, 39]]"
g_n40_e80_k2_high_20,train,40,80,2,high,2135885877168751520,42.20541316527164,1705460331,"[[0, 8], [0, 11], [0, 15], [0, 17], [1, 2], [1, 4], [1, 10], [1, 18], [1, 19], [2, 6], [2, 10], [2, 14], [2, 18], [3, 13], [3, 19], [4, 8], [4, 18], [5, 11], [5, 13], [5, 18], [6, 7], [6, 9], [6, 12], [6, 36], [7, 13], [7, 17], [8, 14], [9, 11], [10, 13], [10, 14], [10, 19], [11, 12], [11, 14], [12, 13], [12, 15], [13, 17], [14, 18], [14, 19], [15, 16], [15, 21], [16, 19], [20, 23], [20, 25], [20, 30], [20, 35], [21, 28], [21, 29], [21, 31], [21, 38], [22, 27], [22, 32], [22, 33], [22, 39], [23, 26], [23, 34], [23, 37], [24, 25], [24, 30], [24, 36], [24, 37], [25, 38], [26, 27], [26, 33], [27, 32], [27, 35], [27, 36], [28, 29], [28, 33], [28, 36], [29, 36], [29, 39], [31, 34], [31, 37], [32, 36], [32, 37], [32, 39], [33, 36], [33, 38], [34, 36], [37, 38]]"
g_n40_e80_k2_high_21,train,40,80,2,high,2245655137895213305,42.255528973404346,1705460254,"[[0, 1], [0, 11], [1, 2], [1, 15], [2, 7], [2, 8], [2, 16], [2, 17], [3, 5], [3, 7], [3, 19], [4, 5], [4, 7], [4, 10], [5, 19], [5, 25], [6, 7], [6, 8], [6, 14], [6, 18], [7, 11], [7, 14], [7, 16], [8, 16], [9, 10], [9, 14], [9, 15], [9, 18], [9, 19], [10, 12], [10, 18], [11, 12], [11, 13], [12, 13], [12, 15], [12, 17], [13, 16], [14, 16], [14, 17], [15, 23], [16, 17], [20, 27], [20, 28], [20, 29], [21, 22], [21, 24], [21, 25], [21, 32], [21, 34], [21, 36], [21, 37], [22, 27], [22, 35], [22, 38], [23, 29], [23, 35], [24, 29], [24, 35], [25, 27], [25, 35], [25, 37], [26, 30], [26, 33], [26, 37], [26, 38], [27, 35], [27, 39], [28, 31], [28, 35], [28, 36], [28, 38], [29, 32], [29, 33], [30, 34], [31, 34], [32, 38], [32, 39], [33, 34], [33, 38], [37, 39]]"
g_n40_e80_k2_high_22,test,40,80,2,high,2266900625551191408,42.26494520923519,1705460278,"[[0, 4], [0, 13], [1, 4], [1, 6], [1, 12], [1, 18], [2, 3], [2, 4], [2, 5], [2, 7], [2, 8], [2, 9], [3, 4], [3, 6], [3, 14], [3, 19], [5, 7], [5, 15], [5, 17], [6, 15], [6, 18], [7, 10], [7, 11], [7, 15], [7, 17], [8, 9], [8, 15], [9, 13], [9, 14], [9, 21], [10, 12], [10, 16], [11, 13], [12, 15], [12, 18], [12, 19], [14, 18], [15, 19], [16, 19], [16, 33], [17, 18], [20, 25], [20, 32], [20, 39], [21, 25], [21, 27], [21, 28], [21, 31], [22, 24], [22, 27], [22, 30], [22, 32], [22, 38], [23, 28], [23, 32], [24, 26], [24, 32], [24, 35], [24, 39], [25, 29], [25, 33], [25, 38], [26, 30], [26, 34], [26, 35], [26, 36], [26, 37], [26, 39], [27, 29], [27, 35], [28, 39], [29, 31], [30, 38], [31, 33], [31, 34], [32, 35], [33, 39], [34, 36], [36, 37], [36, 38]]"
g_n40_e80_k2_high_23,train,40,80,2,high,2277251230644961656,42.26950078894383,1705460333,"[[0, 3], [0, 10], [0, 11], [0, 16], [1, 2], [1, 12], [1, 14], [1, 16], [2, 4], [2, 10], [2, 15], [3, 10], [3, 16], [3, 18], [4, 6], [4, 11], [4, 17], [5, 6], [5, 9], [5, 10], [6, 9], [6, 11], [6, 16], [6, 17], [7, 8], [7, 11], [7, 13], [7, 17], [8, 11], [8, 14], [8, 37], [9, 12], [9, 16], [10, 18], [11, 15], [12, 15], [12, 19], [13, 19], [14, 19], [14, 28], [17, 19], [20, 28], [20, 29], [20, 31], [21, 28], [21, 29], [21, 32], [21, 33], [22, 23], [22, 35], [22, 36], [23, 34], [24, 30], [24, 31], [24, 34], [24, 38], [24, 39], [25, 30], [25, 35], [26, 34], [26, 38], [26, 39], [27, 30], [27, 32], [28, 30], [28, 35], [28, 36], [29, 38], [30, 31], [30, 33], [30, 36], [30, 37], [31, 35], [31, 37], [32, 34], [32, 36], [32, 39], [33, 38], [35, 39], [37, 38]]"
g_n40_e80_k2_high_24,validation,40,80,2,high,2384491415843209084,42.31551753266061,1705460347,"[[0, 7], [0, 9], [0, 11], [0, 12], [0, 14], [1, 6], [1, 11], [1, 17], [2, 8], [2, 11], [2, 19], [3, 8], [3, 10], [3, 16], [3, 17], [3, 18], [4, 5], [4, 10], [4, 11], [4, 12], [4, 13], [4, 15], [5, 8], [5, 14], [6, 7], [6, 11], [6, 16], [6, 22], [7, 17], [8, 11], [9, 17], [9, 18], [10, 32], [11, 18], [13, 14], [13, 16], [14, 18], [14, 19], [15, 16], [15, 17], [16, 19], [20, 23], [20, 24], [20, 28], [20, 34], [20, 35], [20, 39], [21, 26], [21, 27], [21, 28], [21, 31], [22, 24], [22, 27], [22, 30], [23, 24], [23, 29], [23, 36], [25, 26], [25, 31], [25, 33], [26, 33], [27, 31], [27, 35], [27, 38], [28, 33], [28, 39], [29, 33], [30, 33], [30, 36], [30, 39], [31, 33], [31, 37], [32, 33], [32, 36], [32, 39], [33, 36], [33, 38], [34, 35], [34, 39], [37, 38]]"
g_n40_e80_k2_high_25,train,40,80,2,high,2390989635675262783,42.31823902763576,1705460345,"[[0, 2], [0, 12], [0, 13], [0, 14], [1, 2], [1, 4], [1, 9], [1, 16], [1, 18], [2, 15], [2, 21], [3, 4], [3, 12], [4, 8], [4, 16], [5, 7], [5, 9], [5, 12], [5, 19], [6, 7], [6, 14], [6, 18], [7, 8], [7, 9], [7, 12], [7, 18], [8, 15], [8, 19], [8, 38], [9, 13], [9, 17], [10, 14], [10, 16], [10, 18], [11, 15], [11, 17], [11, 18], [12, 17], [14, 16], [15, 16], [17, 19], [20, 31], [20, 32], [20, 36], [21, 22], [21, 26], [21, 31], [21, 38], [21, 39], [22, 34], [22, 36], [23, 27], [23, 33], [23, 35], [24, 27], [24, 29], [25, 26], [25, 31], [25, 39], [26, 27], [26, 32], [26, 37], [27, 32], [27, 39], [28, 35], [28, 39], [29, 33], [29, 38], [30, 31], [30, 37], [31, 33], [31, 34], [31, 35], [32, 39], [33, 36], [33, 37], [34, 35], [35, 36], [35, 37], [37, 39]]"
g_n40_e80_k2_high_26,test,40,80,2,high,2933405576020365732,42.522695734594365,1705460242,"[[0, 6], [0, 9], [0, 19], [1, 3], [1, 4], [1, 9], [1, 10], [1, 12], [1, 13], [1, 17], [2, 5], [2, 6], [2, 14], [2, 18], [3, 5], [3, 8], [3, 11], [3, 19], [4, 7], [4, 11], [4, 16], [4, 17], [4, 38], [5, 13], [5, 18], [6, 7], [7, 8], [7, 15], [8, 10], [8, 14], [8, 15], [9, 12], [10, 11], [10, 15], [11, 18], [13, 16], [13, 18], [14, 19], [15, 17], [16, 17], [16, 36], [20, 22], [20, 26], [20, 27], [20, 28], [20, 33], [21, 24], [21, 25], [21, 29], [21, 34], [22, 30], [22, 35], [22, 36], [22, 37], [23, 27], [23, 28], [23, 32], [23, 36], [23, 37], [23, 38], [24, 38], [25, 29], [25, 31], [25, 37], [26, 28], [26, 33], [26, 35], [27, 37], [28, 29], [28, 30], [28, 35], [30, 32], [30, 35], [31, 34], [31, 39], [32, 39], [33, 39], [34, 39], [35, 38], [36, 39]]"
g_n40_e80_k2_high_27,train,40,80,2,high,3194088294078948715,42.607833367035234,1705460349,"[[0, 2], [0, 16], [0, 17], [0, 18], [0, 19], [1, 2], [1, 6], [1, 12], [1, 15], [1, 16], [1, 19], [3, 8], [3, 10], [3, 15], [3, 19], [4, 5], [4, 6], [4, 10], [4, 13], [5, 10], [5, 13], [5, 16], [5, 19], [6, 10], [7, 9], [7, 17], [7, 18], [8, 11], [8, 16], [9, 12], [10, 14], [10, 35], [11, 17], [11, 18], [11, 37], [12, 17], [13, 14], [13, 17], [14, 15], [16, 18], [17, 18], [20, 28], [20, 30], [20, 33], [20, 38], [21, 27], [21, 36], [21, 38], [21, 39], [22, 30], [22, 33], [23, 30], [23, 31], [23, 38], [24, 25], [24, 27], [24, 28], [24, 36], [25, 29], [25, 39], [26, 27], [26, 28], [26, 37], [27, 32], [28, 30], [28, 35], [29, 34], [29, 38], [30, 32], [30, 37], [31, 33], [31, 36], [31, 37], [32, 36], [32, 37], [33, 39], [34, 35], [34, 39], [36, 39], [37, 39]]"
g_n40_e80_k2_high_28,train,40,80,2,high,3303194533061525298,42.64142171443807,1705460336,"[[0, 3], [0, 4], [0, 15], [0, 19], [1, 3], [1, 5], [1, 7], [1, 17], [1, 18], [2, 11], [2, 15], [2, 18], [2, 19], [4, 5], [4, 9], [4, 13], [4, 19], [5, 7], [5, 9], [6, 7], [6, 11], [6, 15], [7, 12], [7, 14], [7, 16], [8, 9], [8, 12], [8, 13], [9, 16], [9, 18], [10, 12], [10, 17], [10, 26], [12, 14], [12, 18], [13, 17], [14, 19], [15, 17], [16, 17], [16, 18], [18, 22], [20, 26], [20, 32], [20, 35], [21, 29], [21, 35], [21, 36], [21, 37], [22, 23], [22, 24], [22, 32], [23, 25], [23, 26], [23, 34], [24, 30], [24, 31], [24, 38], [25, 31], [25, 36], [25, 39], [26, 38], [26, 39], [27, 28], [27, 30], [27, 31], [27, 34], [28, 32], [29, 33], [29, 36], [30, 31], [30, 35], [30, 37], [31, 33], [31, 39], [32, 34], [33, 34], [33, 37], [33, 39], [34, 35], [35, 39]]"
g_n40_e80_k2_high_29,validation,40,80,2,high,3834754743209722353,42.790637154440084,1705460305,"[[0, 5], [0, 15], [0, 16], [0, 39], [1, 2], [1, 8], [2, 4], [2, 6], [2, 7], [2, 9], [3, 5], [3, 7], [3, 8], [3, 16], [3, 17], [4, 7], [4, 14], [4, 15], [4, 18], [5, 6], [6, 13], [6, 16], [7, 8], [7, 11], [8, 9], [8, 13], [9, 10], [9, 19], [10, 12], [10, 13], [10, 14], [11, 14], [11, 19], [12, 14], [12, 15], [13, 16], [13, 17], [13, 19], [15, 19], [17, 27], [18, 19], [20, 26], [20, 29], [21, 25], [21, 30], [21, 31], [21, 37], [22, 23], [22, 37], [23, 25], [23, 26], [23, 27], [23, 30], [23, 31], [23, 34], [24, 27], [24, 29], [24, 32], [25, 26], [25, 38], [26, 33], [27, 34], [27, 38], [28, 29], [28, 35], [28, 38], [29, 38], [30, 32], [31, 33], [31, 35], [31, 39], [32, 35], [32, 36], [32, 37], [33, 36], [34, 35], [34, 36], [34, 39], [37, 39], [38, 39]]"
g_n40_e80_k3_low_00,validation,40,80,3,low,3646825554759177134,42.74038875204428,1706460591,"[[0, 3], [0, 6], [0, 15], [1, 2], [1, 5], [1, 7], [1, 11], [1, 13], [1, 17], [2, 10], [2, 12], [2, 13], [2, 14], [3, 10], [3, 18], [4, 5], [4, 7], [4, 12], [4, 17], [5, 7], [6, 7], [6, 15], [7, 8], [7, 12], [7, 14], [7, 18], [8, 9], [8, 18], [8, 26], [9, 11], [9, 18], [9, 19], [10, 14], [11, 19], [13, 19], [14, 16], [14, 36], [15, 16], [15, 38], [16, 18], [17, 18], [20, 25], [20, 28], [20, 30], [20, 35], [21, 31], [21, 36], [21, 37], [22, 23], [22, 28], [22, 30], [22, 31], [22, 32], [22, 35], [23, 24], [23, 31], [23, 37], [24, 29], [24, 33], [24, 37], [25, 26], [25, 27], [25, 29], [25, 30], [25, 32], [25, 39], [26, 30], [26, 34], [27, 32], [27, 38], [28, 30], [28, 38], [29, 38], [30, 39], [32, 36], [33, 35], [33, 36], [34, 35], [34, 36], [34, 39]]"
g_n40_e80_k3_low_01,train,40,80,3,low,3662684020477472336,42.74472789147276,1706460384,"[[0, 2], [0, 12], [0, 16], [0, 17], [0, 18], [1, 2], [1, 9], [1, 10], [1, 28], [2, 9], [2, 11], [2, 12], [2, 15], [2, 19], [3, 4], [3, 6], [3, 17], [4, 10], [4, 17], [5, 14], [5, 15], [5, 16], [5, 17], [6, 7], [6, 14], [6, 16], [7, 10], [7, 13], [8, 9], [8, 13], [8, 18], [9, 21], [10, 12], [10, 17], [11, 15], [11, 19], [12, 17], [13, 14], [14, 19], [15, 20], [17, 18], [20, 32], [20, 33], [20, 35], [21, 24], [21, 28], [21, 36], [22, 31], [22, 36], [22, 38], [23, 34], [23, 37], [23, 38], [24, 26], [24, 28], [24, 30], [25, 33], [25, 34], [25, 39], [26, 32], [26, 35], [26, 36], [27, 29], [27, 37], [27, 39], [28, 30], [28, 31], [29, 30], [29, 34], [29, 35], [31, 36], [32, 35], [32, 37], [33, 35], [33, 36], [33, 38], [34, 35], [34, 39], [35, 39], [36, 38]]"
g_n40_e80_k3_low_02,train,40,80,3,low,3678935913146762556,42.74915523022437,1706460614,"[[0, 3], [0, 4], [0, 5], [0, 15], [1, 5], [1, 7], [1, 19], [2, 4], [2, 7], [2, 9], [2, 11], [2, 15], [2, 17], [3, 5], [3, 6], [3, 10], [3, 17], [3, 18], [4, 9], [4, 12], [4, 32], [5, 11], [5, 12], [6, 9], [6, 13], [7, 17], [7, 19], [8, 13], [8, 14], [8, 16], [8, 31], [10, 16], [10, 18], [11, 19], [12, 16], [12, 28], [13, 14], [13, 15], [13, 16], [13, 18], [14, 15], [20, 21], [20, 22], [20, 24], [20, 31], [20, 34], [20, 35], [20, 39], [21, 33], [21, 35], [22, 23], [22, 36], [23, 30], [23, 37], [24, 31], [24, 34], [24, 35], [25, 27], [25, 28], [25, 35], [26, 29], [26, 35], [26, 38], [26, 39], [27, 31], [27, 37], [28, 34], [28, 38], [29, 30], [29, 36], [30, 31], [30, 35], [30, 37], [31, 37], [32, 33], [32, 35], [32, 38], [33, 39], [34, 36], [35, 38]]"
g_n40_e80_k3_low_03,test,40,80,3,low,4088172503470842725,42.85462972342616,1706460239,"[[0, 1], [0, 8], [0, 14], [0, 17], [1, 7], [1, 8], [1, 9], [1, 16], [1, 18], [2, 5], [2, 6], [2, 15], [2, 24], [3, 6], [3, 10], [3, 17], [4, 11], [4, 12], [4, 16], [5, 7], [5, 13], [6, 7], [6, 18], [7, 9], [8, 17], [9, 10], [9, 12], [9, 13], [10, 14], [10, 16], [11, 13], [11, 19], [12, 13], [12, 14], [12, 16], [13, 19], [14, 29], [15, 17], [15, 18], [16, 19], [17, 36], [20, 26], [20, 31], [20, 34], [20, 35], [20, 36], [20, 37], [20, 38], [20, 39], [21, 22], [21, 24], [21, 35], [22, 33], [22, 35], [22, 37], [23, 29], [23, 31], [23, 37], [24, 30], [24, 37], [25, 27], [25, 28], [25, 31], [26, 30], [26, 33], [26, 36], [26, 39], [27, 32], [27, 39], [28, 38], [28, 39], [29, 34], [29, 36], [30, 33], [31, 32], [31, 35], [32, 39], [33, 38], [33, 39], [34, 36]]"
g_n40_e80_k3_low_04,train,40,80,3,low,4229718112261907456,42.88866702460325,1706460560,"[[0, 3], [0, 5], [0, 9], [0, 11], [0, 14], [0, 16], [0, 19], [1, 7], [1, 10], [1, 11], [1, 17], [2, 8], [2, 13], [2, 15], [2, 31], [3, 13], [3, 14], [3, 28], [4, 6], [4, 8], [4, 16], [5, 6], [5, 11], [6, 9], [6, 12], [6, 19], [7, 10], [7, 16], [7, 18], [8, 17], [8, 18], [9, 19], [10, 18], [11, 12], [12, 14], [12, 16], [13, 16], [14, 15], [14, 16], [15, 17], [17, 37], [20, 21], [20, 24], [20, 26], [20, 29], [20, 32], [21, 25], [21, 31], [21, 33], [21, 36], [22, 23], [22, 28], [22, 29], [23, 27], [23, 34], [24, 28], [24, 29], [24, 30], [24, 39], [25, 33], [25, 35], [26, 27], [26, 29], [26, 30], [26, 31], [26, 39], [27, 38], [28, 29], [28, 36], [28, 39], [29, 37], [30, 38], [31, 34], [31, 37], [32, 34], [32, 38], [33, 35], [34, 36], [35, 37], [35, 38]]"
g_n40_e80_k3_low_05,train,40,80,3,low,4237608006993850004,42.890530634650695,1706460365,"[[0, 1], [0, 4], [0, 5], [0, 13], [1, 6], [1, 7], [1, 14], [2, 3], [2, 5], [2, 12], [2, 17], [2, 18], [2, 37], [3, 5], [3, 8], [3, 9], [3, 11], [4, 11], [4, 13], [4, 15], [4, 17], [5, 9], [5, 12], [5, 39], [6, 15], [6, 16], [7, 11], [7, 13], [7, 18], [8, 9], [8, 10], [8, 15], [8, 16], [8, 30], [9, 10], [10, 12], [14, 16], [14, 19], [15, 19], [17, 19], [18, 19], [20, 22], [20, 26], [20, 29], [20, 32], [20, 33], [21, 22], [21, 24], [21, 37], [22, 23], [22, 24], [22, 25], [22, 26], [22, 35], [22, 36], [22, 37], [22, 39], [23, 25], [23, 39], [24, 38], [25, 36], [26, 32], [26, 35], [27, 30], [27, 33], [27, 34], [28, 29], [28, 34], [28, 36], [28, 37], [29, 31], [30, 33], [30, 38], [31, 32], [31, 38], [31, 39], [32, 35], [33, 35], [33, 38], [34, 36]]"
g_n40_e80_k3_low_06,validation,40,80,3,low,4305760975133837772,42.90648556157152,1706460604,"[[0, 1], [0, 5], [0, 12], [0, 16], [1, 5], [1, 9], [2, 6], [2, 7], [2, 13], [2, 14], [2, 16], [2, 19], [2, 26], [3, 6], [3, 9], [3, 15], [4, 5], [4, 6], [4, 7], [4, 8], [4, 16], [5, 8], [5, 16], [5, 19], [6, 10], [6, 11], [7, 14], [7, 15], [8, 18], [9, 10], [9, 22], [10, 11], [11, 17], [11, 18], [12, 16], [12, 18], [13, 17], [13, 19], [14, 15], [17, 18], [17, 37], [20, 28], [20, 31], [20, 33], [20, 39], [21, 25], [21, 29], [21, 32], [22, 26], [22, 28], [22, 29], [22, 32], [22, 37], [23, 25], [23, 29], [23, 34], [24, 26], [24, 31], [24, 36], [25, 31], [25, 34], [25, 38], [25, 39], [26, 27], [26, 30], [26, 36], [27, 30], [27, 35], [27, 36], [28, 32], [28, 34], [28, 39], [29, 38], [30, 39], [32, 33], [32, 38], [33, 35], [34, 38], [35, 37], [36, 37]]"
g_n40_e80_k3_low_07,train,40,80,3,low,4433694299949847716,42.935764838179225,1706460624,"[[0, 14], [0, 18], [0, 19], [1, 7], [1, 9], [1, 10], [1, 12], [1, 15], [1, 25], [2, 12], [2, 13], [2, 14], [3, 9], [3, 12], [3, 13], [4, 8], [4, 10], [4, 19], [5, 6], [5, 8], [5, 13], [6, 12], [6, 17], [7, 17], [7, 18], [8, 10], [8, 11], [8, 14], [8, 19], [8, 26], [9, 15], [10, 11], [10, 17], [11, 12], [12, 16], [12, 17], [15, 16], [15, 18], [16, 18], [17, 18], [19, 33], [20, 25], [20, 27], [20, 31], [21, 26], [21, 31], [21, 35], [22, 27], [22, 28], [22, 32], [23, 26], [23, 27], [23, 28], [24, 27], [24, 29], [24, 31], [24, 35], [25, 27], [25, 36], [25, 37], [26, 29], [26, 36], [27, 32], [27, 39], [28, 31], [28, 39], [29, 31], [29, 32], [29, 33], [29, 35], [30, 34], [30, 37], [30, 38], [30, 39], [33, 36], [33, 37], [34, 36], [34, 38], [35, 38], [36, 38]]"
g_n40_e80_k3_low_08,test,40,80,3,low,4507917653183984525,42.952367003085406,1706460555,"[[0, 5], [0, 12], [0, 14], [0, 16], [1, 3], [1, 4], [1, 6], [2, 5], [2, 7], [2, 8], [2, 11], [2, 13], [3, 7], [3, 10], [3, 14], [3, 18], [3, 39], [4, 13], [4, 15], [5, 11], [5, 15], [5, 16], [6, 9], [6, 12], [7, 8], [7, 14], [8, 11], [8, 17], [8, 18], [9, 10], [9, 12], [10, 11], [10, 17], [10, 19], [11, 13], [11, 18], [14, 37], [15, 18], [16, 19], [16, 20], [17, 19], [20, 23], [20, 34], [20, 36], [21, 23], [21, 27], [21, 31], [21, 34], [21, 36], [22, 24], [22, 28], [22, 31], [22, 38], [23, 28], [23, 31], [24, 25], [24, 26], [24, 35], [24, 37], [25, 26], [25, 28], [25, 29], [26, 27], [27, 35], [27, 36], [29, 32], [29, 33], [29, 36], [29, 38], [30, 32], [30, 38], [30, 39], [32, 38], [33, 36], [33, 37], [33, 38], [34, 39], [35, 38], [36, 38], [37, 39]]"
g_n40_e80_k3_low_09,train,40,80,3,low,4537121582007006822,42.9588244721012,1706460726,"[[0, 4], [0, 5], [0, 9], [0, 15], [1, 4], [1, 11], [1, 17], [2, 7], [2, 15], [2, 16], [2, 18], [3, 5], [3, 6], [3, 13], [3, 19], [4, 11], [4, 14], [5, 19], [6, 7], [6, 8], [6, 19], [7, 12], [8, 10], [8, 13], [8, 17], [9, 12], [9, 14], [9, 19], [10, 15], [10, 17], [10, 18], [10, 28], [11, 12], [12, 29], [13, 15], [13, 17], [14, 16], [15, 17], [16, 17], [18, 19], [19, 21], [20, 27], [20, 30], [20, 35], [21, 28], [21, 29], [21, 39], [22, 25], [22, 27], [22, 29], [22, 33], [23, 32], [23, 34], [23, 36], [24, 29], [24, 30], [24, 32], [24, 36], [25, 27], [25, 28], [25, 29], [25, 31], [26, 33], [26, 34], [26, 38], [28, 32], [29, 32], [29, 33], [29, 39], [30, 31], [31, 37], [32, 34], [32, 37], [33, 36], [33, 38], [33, 39], [34, 35], [34, 36], [35, 37], [38, 39]]"
g_n40_e80_k3_mid_10,validation,40,80,3,mid,6413236369541904876,43.30489571125368,1706460313,"[[0, 5], [0, 7], [0, 8], [1, 3], [1, 13], [1, 14], [1, 19], [2, 3], [2, 6], [2, 10], [2, 11], [3, 11], [3, 16], [3, 19], [4, 12], [4, 14], [4, 17], [4, 19], [5, 9], [5, 10], [6, 15], [6, 16], [6, 37], [7, 11], [7, 12], [7, 17], [7, 18], [8, 12], [8, 16], [9, 10], [9, 12], [9, 16], [9, 17], [10, 13], [10, 18], [10, 20], [11, 15], [12, 38], [13, 15], [13, 18], [14, 17], [20, 33], [20, 36], [20, 37], [21, 33], [21, 35], [21, 36], [21, 37], [21, 38], [22, 24], [22, 35], [22, 37], [23, 25], [23, 28], [23, 29], [23, 31], [23, 36], [23, 38], [24, 26], [24, 33], [25, 28], [25, 30], [26, 33], [26, 37], [27, 30], [27, 31], [27, 39], [28, 34], [28, 35], [29, 30], [29, 34], [29, 37], [31, 33], [32, 36], [32, 38], [32, 39], [33, 37], [34, 39], [35, 36], [38, 39]]"
g_n40_e80_k3_mid_11,train,40,80,3,mid,6449651236685714313,43.310557731406895,1706460293,"[[0, 1], [0, 6], [0, 9], [0, 11], [0, 13], [0, 15], [1, 11], [1, 17], [2, 6], [2, 7], [2, 16], [2, 18], [2, 19], [3, 8], [3, 10], [3, 18], [4, 6], [4, 12], [4, 13], [4, 14], [5, 11], [5, 14], [5, 17], [6, 14], [6, 19], [7, 8], [7, 9], [7, 13], [7, 39], [8, 17], [9, 12], [9, 20], [10, 11], [10, 14], [10, 17], [10, 19], [12, 16], [13, 31], [15, 16], [15, 17], [17, 18], [20, 21], [20, 33], [20, 38], [21, 27], [21, 30], [21, 31], [22, 27], [22, 28], [22, 35], [22, 39], [23, 25], [23, 29], [23, 39], [24, 32], [24, 33], [24, 37], [24, 39], [25, 29], [25, 30], [26, 27], [26, 31], [26, 34], [26, 38], [28, 36], [28, 37], [29, 31], [29, 32], [30, 33], [31, 32], [31, 35], [33, 38], [34, 36], [34, 38], [35, 36], [35, 38], [35, 39], [36, 38], [37, 38], [37, 39]]"
g_n40_e80_k3_mid_12,train,40,80,3,mid,6465157012004047112,43.312958972287944,1706460370,"[[0, 8], [0, 12], [0, 19], [1, 8], [1, 9], [1, 11], [1, 15], [1, 17], [2, 9], [2, 11], [2, 12], [2, 17], [2, 23], [3, 6], [3, 14], [3, 16], [3, 18], [4, 5], [4, 11], [4, 13], [4, 15], [5, 15], [5, 18], [6, 8], [6, 11], [7, 12], [7, 14], [7, 19], [8, 10], [8, 16], [8, 19], [9, 13], [9, 31], [10, 11], [10, 17], [10, 19], [13, 16], [14, 15], [16, 19], [17, 33], [18, 19], [20, 25], [20, 36], [20, 39], [21, 24], [21, 25], [21, 27], [21, 28], [21, 31], [22, 27], [22, 28], [22, 34], [23, 27], [23, 28], [23, 36], [24, 29], [24, 37], [25, 26], [25, 31], [25, 39], [26, 30], [26, 33], [26, 34], [26, 36], [26, 38], [27, 35], [28, 34], [28, 35], [28, 38], [29, 30], [29, 32], [29, 38], [30, 33], [31, 39], [32, 37], [32, 38], [33, 37], [34, 37], [35, 36], [36, 37]]"
g_n40_e80_k3_mid_13,test,40,80,3,mid,6476961164937090911,43.31478311823451,1706460468,"[[0, 9], [0, 14], [0, 19], [1, 2], [1, 11], [1, 18], [2, 7], [2, 11], [3, 12], [3, 18], [3, 19], [4, 8], [4, 9], [4, 17], [4, 19], [5, 6], [5, 9], [5, 11], [5, 15], [5, 22], [6, 7], [6, 10], [6, 11], [6, 13], [7, 15], [8, 12], [8, 15], [8, 38], [9, 12], [9, 14], [9, 19], [10, 14], [10, 17], [11, 16], [12, 17], [13, 16], [13, 18], [15, 17], [16, 17], [18, 19], [19, 25], [20, 25], [20, 28], [20, 30], [20, 34], [20, 35], [21, 25], [21, 29], [21, 35], [22, 29], [22, 34], [22, 38], [23, 24], [23, 31], [23, 34], [24, 26], [24, 32], [24, 37], [25, 26], [25, 30], [25, 32], [25, 36], [25, 38], [26, 28], [26, 29], [26, 31], [26, 35], [27, 28], [27, 33], [27, 37], [28, 38], [29, 39], [30, 34], [31, 39], [32, 33], [33, 34], [33, 39], [34, 37], [35, 36], [36, 37]]"
g_n40_e80_k3_mid_14,train,40,80,3,mid,6553684170616111459,43.32655903421006,1706460441,"[[0, 8], [0, 11], [0, 18], [1, 2], [1, 11], [1, 14], [1, 18], [1, 19], [2, 7], [2, 11], [2, 14], [3, 6], [3, 10], [3, 16], [4, 6], [4, 16], [4, 19], [5, 6], [5, 9], [5, 12], [5, 18], [7, 13], [7, 15], [8, 9], [8, 17], [8, 22], [9, 15], [9, 16], [10, 12], [10, 13], [11, 17], [11, 19], [12, 19], [13, 14], [13, 29], [14, 18], [15, 17], [15, 18], [16, 17], [18, 19], [19, 23], [20, 23], [20, 31], [20, 39], [21, 27], [21, 33], [21, 35], [22, 25], [22, 29], [22, 32], [22, 39], [23, 25], [23, 31], [24, 25], [24, 27], [24, 32], [24, 33], [25, 29], [25, 30], [25, 35], [25, 38], [26, 32], [26, 33], [26, 35], [26, 38], [27, 38], [28, 29], [28, 30], [28, 35], [28, 37], [29, 34], [30, 33], [31, 36], [31, 39], [33, 35], [34, 36], [34, 37], [34, 39], [35, 37], [36, 38]]"
g_n40_e80_k3_mid_15,train,40,80,3,mid,6592368900285214504,43.3324444267493,1706460310,"[[0, 8], [0, 9], [0, 10], [0, 11], [0, 15], [1, 4], [1, 14], [1, 19], [2, 4], [2, 5], [2, 6], [2, 18], [2, 19], [3, 13], [3, 14], [3, 16], [4, 7], [5, 6], [5, 7], [5, 8], [6, 17], [6, 30], [7, 10], [8, 9], [8, 17], [9, 11], [9, 16], [9, 18], [10, 13], [10, 14], [10, 15], [10, 18], [11, 12], [11, 13], [12, 15], [12, 19], [13, 16], [16, 18], [16, 22], [17, 18], [18, 28], [20, 21], [20, 24], [20, 32], [20, 33], [21, 27], [21, 32], [22, 32], [22, 35], [22, 38], [23, 24], [23, 25], [23, 32], [23, 36], [24, 39], [25, 27], [25, 38], [26, 31], [26, 36], [26, 38], [27, 32], [27, 33], [27, 38], [28, 29], [28, 30], [28, 32], [28, 39], [29, 36], [29, 38], [30, 36], [30, 37], [31, 34], [31, 35], [33, 34], [33, 35], [33, 36], [34, 39], [35, 39], [36, 37], [37, 39]]"
g_n40_e80_k3_mid_16,validation,40,80,3,mid,6619321243282361728,43.336524507358824,1706460455,"[[0, 4], [0, 12], [0, 13], [1, 3], [1, 6], [1, 12], [2, 7], [2, 18], [2, 19], [2, 26], [3, 4], [3, 14], [3, 17], [4, 5], [4, 6], [4, 9], [4, 14], [5, 7], [5, 15], [6, 8], [6, 15], [7, 9], [7, 10], [7, 17], [8, 12], [8, 15], [8, 16], [9, 14], [9, 15], [10, 13], [10, 18], [11, 12], [11, 13], [11, 19], [11, 35], [12, 16], [13, 16], [14, 17], [14, 19], [14, 27], [16, 18], [20, 26], [20, 27], [20, 37], [21, 26], [21, 36], [21, 37], [21, 39], [22, 25], [22, 29], [22, 30], [22, 31], [22, 37], [22, 38], [23, 24], [23, 28], [23, 32], [23, 34], [24, 33], [24, 38], [25, 26], [25, 30], [26, 30], [26, 34], [27, 31], [27, 32], [28, 33], [28, 35], [28, 36], [29, 31], [29, 35], [31, 32], [32, 35], [32, 37], [32, 39], [33, 35], [33, 39], [34, 38], [35, 37], [36, 37]]"
g_n40_e80_k3_mid_17,train,40,80,3,mid,6622180040104480842,43.33695630082474,1706460402,"[[0, 6], [0, 11], [0, 12], [1, 14], [1, 15], [1, 19], [2, 5], [2, 8], [2, 13], [3, 6], [3, 9], [3, 16], [3, 25], [4, 5], [4, 6], [4, 10], [4, 13], [4, 18], [5, 11], [5, 15], [6, 9], [7, 12], [7, 13], [7, 18], [8, 9], [8, 13], [8, 19], [9, 17], [10, 16], [10, 18], [11, 12], [11, 18], [12, 15], [13, 14], [13, 16], [13, 18], [14, 16], [16, 17], [16, 39], [17, 19], [18, 31], [20, 21], [20, 32], [20, 34], [20, 39], [21, 25], [21, 26], [21, 30], [22, 28], [22, 33], [22, 35], [22, 39], [23, 27], [23, 30], [23, 36], [23, 38], [24, 25], [24, 26], [24, 34], [24, 38], [25, 28], [25, 31], [25, 32], [25, 37], [26, 34], [27, 33], [27, 37], [28, 29], [29, 31], [29, 38], [30, 35], [30, 38], [31, 37], [32, 38], [33, 35], [33, 36], [34, 37], [36, 37], [36, 38], [36, 39]]"
g_n40_e80_k3_mid_18,test,40,80,3,mid,6660297719129514205,43.34269586001799,1706460692,"[[0, 3], [0, 6], [0, 8], [0, 12], [0, 14], [1, 2], [1, 5], [1, 9], [1, 16], [2, 7], [2, 15], [3, 4], [3, 9], [3, 10], [3, 15], [4, 16], [4, 17], [4, 24], [5, 7], [5, 12], [5, 18], [6, 11], [6, 14], [7, 8], [7, 17], [8, 10], [8, 15], [8, 22], [9, 12], [9, 13], [10, 12], [11, 13], [11, 17], [12, 18], [12, 19], [13, 15], [13, 27], [14, 18], [15, 19], [16, 17], [18, 19], [20, 28], [20, 31], [20, 32], [20, 33], [20, 38], [21, 29], [21, 36], [21, 39], [22, 25], [22, 28], [22, 30], [23, 26], [23, 31], [23, 36], [24, 27], [24, 28], [24, 32], [24, 38], [25, 33], [25, 37], [26, 27], [26, 28], [26, 30], [26, 31], [26, 37], [26, 39], [27, 28], [27, 37], [27, 38], [28, 32], [29, 33], [29, 34], [30, 36], [33, 39], [34, 35], [34, 38], [35, 36], [35, 37], [36, 39]]"
g_n40_e80_k3_mid_19,train,40,80,3,mid,6686186647042500174,43.34657537760077,1706460684,"[[0, 11], [0, 14], [0, 17], [1, 3], [1, 10], [1, 11], [1, 18], [2, 7], [2, 10], [2, 12], [2, 14], [2, 15], [2, 17], [2, 23], [3, 4], [3, 8], [3, 11], [3, 16], [4, 6], [4, 16], [5, 6], [5, 9], [5, 17], [6, 8], [7, 9], [7, 12], [8, 11], [8, 13], [8, 17], [9, 10], [9, 15], [10, 19], [10, 31], [11, 19], [12, 19], [12, 24], [13, 14], [13, 18], [14, 18], [15, 16], [15, 17], [20, 23], [20, 24], [20, 26], [20, 28], [20, 36], [21, 25], [21, 29], [21, 30], [21, 33], [22, 27], [22, 28], [22, 31], [22, 33], [23, 34], [23, 35], [23, 36], [23, 38], [23, 39], [24, 30], [24, 32], [24, 36], [25, 31], [25, 39], [26, 30], [26, 38], [27, 34], [27, 37], [28, 35], [28, 39], [29, 31], [29, 32], [29, 37], [32, 33], [32, 37], [33, 34], [35, 37], [37, 38], [37, 39], [38, 39]]"
g_n40_e80_k3_high_20,train,40,80,3,high,8998465694488765614,43.64358575830581,1706460638,"[[0, 5], [0, 10], [0, 13], [1, 2], [1, 15], [1, 18], [1, 20], [2, 6], [2, 11], [2, 12], [2, 13], [3, 11], [3, 12], [3, 17], [4, 7], [4, 8], [4, 12], [4, 14], [5, 7], [5, 14], [6, 13], [6, 16], [6, 19], [7, 9], [7, 15], [8, 12], [8, 13], [8, 18], [8, 19], [8, 31], [9, 10], [9, 16], [9, 18], [10, 19], [11, 18], [13, 16], [14, 17], [14, 19], [15, 18], [17, 19], [17, 33], [20, 23], [20, 28], [20, 29], [20, 31], [20, 35], [20, 38], [21, 23], [21, 26], [21, 36], [22, 23], [22, 31], [22, 32], [23, 31], [23, 35], [24, 25], [24, 28], [24, 30], [25, 34], [25, 37], [26, 27], [26, 32], [26, 33], [26, 35], [27, 29], [27, 34], [28, 32], [28, 35], [28, 39], [29, 30], [30, 31], [30, 39], [32, 34], [32, 39], [33, 38], [33, 39], [34, 38], [35, 37], [36, 37], [36, 39]]"
g_n40_e80_k3_high_21,validation,40,80,3,high,9088389981869478992,43.65352944668833,1706460634,"[[0, 1], [0, 16], [0, 18], [1, 3], [1, 14], [1, 18], [2, 4], [2, 7], [2, 12], [2, 17], [3, 8], [3, 11], [3, 18], [3, 29], [4, 5], [4, 10], [5, 10], [5, 13], [6, 8], [6, 17], [6, 19], [7, 10], [7, 13], [7, 19], [8, 11], [8, 17], [9, 13], [9, 16], [9, 19], [10, 12], [10, 14], [11, 14], [11, 16], [11, 17], [12, 15], [13, 15], [13, 18], [13, 38], [14, 16], [15, 17], [15, 23], [20, 26], [20, 33], [20, 37], [20, 38], [21, 31], [21, 34], [21, 35], [21, 37], [22, 24], [22, 26], [22, 28], [22, 33], [22, 39], [23, 34], [23, 36], [23, 39], [24, 27], [24, 35], [24, 36], [25, 30], [25, 32], [25, 33], [25, 38], [26, 29], [26, 38], [27, 29], [27, 31], [27, 32], [27, 38], [28, 29], [28, 34], [29, 30], [30, 36], [31, 38], [32, 34], [34, 35], [35, 39], [36, 37], [36, 38]]"
g_n40_e80_k3_high_22,train,40,80,3,high,9182850304828016640,43.66386932105496,1706460700,"[[0, 3], [0, 6], [0, 13], [0, 18], [1, 4], [1, 10], [1, 19], [1, 21], [2, 12], [2, 16], [2, 19], [3, 5], [3, 18], [4, 16], [4, 17], [5, 11], [5, 15], [5, 17], [6, 8], [6, 9], [6, 11], [6, 12], [6, 19], [6, 20], [7, 10], [7, 14], [7, 18], [8, 10], [8, 14], [9, 12], [9, 18], [10, 14], [10, 15], [11, 13], [11, 17], [13, 15], [13, 19], [14, 16], [15, 16], [16, 18], [17, 29], [20, 28], [20, 33], [20, 35], [20, 38], [21, 22], [21, 25], [21, 38], [22, 25], [22, 28], [22, 35], [23, 30], [23, 36], [23, 37], [23, 39], [24, 26], [24, 29], [24, 31], [24, 35], [24, 39], [25, 27], [25, 30], [25, 33], [25, 37], [25, 38], [26, 30], [26, 33], [26, 34], [27, 34], [27, 37], [28, 39], [29, 31], [29, 37], [31, 37], [32, 35], [32, 36], [32, 39], [33, 37], [34, 36], [36, 38]]"
g_n40_e80_k3_high_23,train,40,80,3,high,9472339432523139714,43.69490758675168,1706460324,"[[0, 5], [0, 11], [0, 14], [0, 15], [1, 4], [1, 9], [1, 16], [1, 19], [2, 4], [2, 11], [2, 13], [2, 17], [3, 8], [3, 14], [3, 17], [4, 14], [5, 7], [5, 8], [5, 16], [6, 7], [6, 12], [6, 13], [6, 19], [7, 10], [7, 18], [8, 10], [8, 12], [9, 12], [9, 15], [9, 17], [10, 16], [10, 18], [11, 16], [12, 15], [12, 16], [12, 19], [12, 23], [13, 15], [13, 18], [15, 30], [16, 26], [20, 28], [20, 30], [20, 35], [20, 38], [21, 26], [21, 30], [21, 36], [21, 37], [22, 23], [22, 24], [22, 33], [23, 26], [23, 27], [23, 28], [23, 35], [24, 31], [24, 32], [24, 36], [24, 39], [25, 26], [25, 31], [25, 33], [25, 39], [27, 37], [27, 38], [28, 30], [28, 32], [28, 34], [29, 30], [29, 32], [29, 33], [30, 34], [31, 33], [31, 34], [32, 35], [33, 37], [33, 38], [34, 38], [36, 39]]"
g_n40_e80_k3_high_24,train,40,80,3,high,9902248070212641832,43.73929348305436,1706460699,"[[0, 3], [0, 5], [0, 16], [1, 3], [1, 5], [1, 15], [2, 5], [2, 7], [2, 12], [2, 14], [3, 4], [3, 7], [4, 8], [4, 15], [4, 16], [4, 18], [5, 9], [5, 18], [6, 11], [6, 13], [6, 15], [6, 16], [6, 19], [7, 15], [7, 30], [8, 9], [8, 17], [9, 14], [9, 18], [10, 16], [10, 17], [10, 18], [11, 12], [11, 16], [12, 14], [12, 15], [13, 17], [13, 19], [14, 19], [14, 33], [18, 25], [20, 21], [20, 24], [20, 31], [20, 33], [20, 38], [21, 24], [21, 29], [21, 32], [21, 37], [21, 38], [22, 23], [22, 25], [22, 27], [22, 33], [22, 38], [23, 29], [23, 32], [23, 35], [23, 39], [24, 32], [25, 30], [25, 32], [26, 27], [26, 29], [26, 36], [27, 35], [27, 37], [28, 33], [28, 35], [28, 38], [28, 39], [29, 31], [30, 35], [30, 36], [31, 32], [31, 34], [34, 38], [34, 39], [36, 37]]"
g_n40_e80_k3_high_25,validation,40,80,3,high,10518697057910470881,43.79968601972108,1706460703,"[[0, 8], [0, 16], [0, 18], [0, 35], [1, 3], [1, 7], [1, 10], [1, 13], [1, 25], [2, 4], [2, 14], [2, 16], [3, 6], [3, 8], [3, 19], [4, 5], [4, 6], [4, 8], [5, 9], [5, 16], [5, 34], [6, 8], [6, 17], [7, 13], [7, 19], [8, 12], [8, 16], [8, 19], [9, 10], [9, 15], [9, 17], [10, 15], [11, 12], [11, 16], [11, 17], [11, 19], [12, 15], [12, 18], [13, 15], [14, 18], [14, 19], [20, 21], [20, 26], [20, 33], [20, 39], [21, 24], [21, 25], [21, 32], [21, 38], [22, 25], [22, 28], [22, 29], [23, 30], [23, 36], [23, 39], [24, 25], [24, 27], [24, 34], [24, 35], [25, 28], [25, 38], [26, 31], [26, 35], [27, 37], [27, 38], [28, 36], [28, 39], [29, 30], [29, 32], [29, 34], [30, 33], [30, 35], [31, 32], [31, 34], [31, 39], [33, 36], [33, 38], [35, 36], [36, 37], [37, 39]]"
g_n40_e80_k3_high_26,train,40,80,3,high,10718259966929688412,43.81848049984298,1706460401,"[[0, 2], [0, 6], [0, 10], [0, 14], [1, 3], [1, 12], [1, 15], [2, 4], [2, 7], [2, 13], [2, 14], [2, 17], [3, 8], [3, 10], [3, 11], [3, 13], [3, 14], [4, 12], [4, 19], [5, 7], [5, 8], [5, 17], [5, 18], [6, 8], [6, 16], [7, 9], [7, 18], [8, 9], [9, 13], [10, 12], [10, 17], [11, 15], [11, 16], [11, 19], [11, 37], [15, 18], [16, 17], [16, 19], [17, 18], [17, 34], [18, 32], [20, 32], [20, 33], [20, 39], [21, 27], [21, 28], [21, 35], [21, 36], [22, 31], [22, 32], [22, 34], [22, 39], [23, 25], [23, 33], [23, 34], [24, 26], [24, 32], [24, 35], [25, 35], [25, 36], [25, 38], [26, 28], [26, 29], [26, 37], [26, 38], [27, 37], [27, 38], [27, 39], [28, 38], [29, 31], [29, 33], [29, 37], [30, 31], [30, 34], [30, 37], [30, 39], [31, 38], [32, 34], [33, 35], [34, 36]]"
g_n40_e80_k3_high_27,test,40,80,3,high,10755712301965740600,43.82196866426281,1706460380,"[[0, 2], [0, 8], [0, 14], [1, 3], [1, 9], [1, 19], [1, 27], [2, 10], [2, 13], [2, 34], [3, 6], [3, 13], [3, 14], [4, 5], [4, 6], [4, 8], [4, 12], [4, 19], [5, 6], [5, 7], [5, 9], [5, 16], [6, 16], [7, 10], [7, 15], [7, 16], [8, 11], [8, 12], [9, 15], [10, 17], [11, 13], [11, 15], [11, 18], [12, 18], [12, 19], [13, 19], [13, 31], [14, 17], [14, 19], [15, 19], [17, 18], [20, 23], [20, 28], [20, 36], [21, 22], [21, 26], [21, 33], [21, 35], [21, 36], [22, 29], [22, 32], [23, 27], [23, 28], [23, 33], [23, 38], [24, 31], [24, 34], [24, 35], [24, 37], [25, 26], [25, 30], [25, 35], [26, 37], [26, 38], [27, 29], [27, 31], [28, 32], [28, 33], [28, 35], [29, 34], [30, 36], [30, 39], [31, 32], [31, 36], [32, 36], [33, 37], [34, 37], [34, 39], [37, 38], [38, 39]]"
g_n40_e80_k3_high_28,test,40,80,3,high,10829001517342427610,43.82875953465748,1706460801,"[[0, 6], [0, 8], [0, 12], [1, 2], [1, 10], [1, 19], [2, 4], [2, 8], [2, 17], [3, 4], [3, 5], [3, 8], [3, 12], [4, 11], [4, 12], [4, 15], [5, 12], [5, 15], [6, 9], [6, 13], [6, 14], [7, 8], [7, 10], [7, 14], [7, 16], [9, 16], [9, 18], [9, 32], [10, 13], [11, 14], [11, 18], [11, 19], [12, 13], [12, 29], [13, 15], [13, 17], [15, 18], [15, 24], [16, 18], [17, 18], [17, 19], [20, 25], [20, 36], [20, 38], [21, 32], [21, 34], [21, 35], [22, 30], [22, 31], [22, 37], [23, 25], [23, 27], [23, 28], [23, 30], [23, 39], [24, 26], [24, 27], [24, 34], [25, 29], [26, 28], [26, 29], [26, 37], [26, 39], [27, 35], [28, 38], [29, 35], [30, 34], [30, 37], [30, 39], [31, 32], [31, 36], [32, 35], [32, 36], [33, 34], [33, 36], [33, 37], [33, 38], [35, 37], [37, 38], [38, 39]]"
g_n40_e80_k3_high_29,train,40,80,3,high,11438807479157108808,43.88354341307855,1706460790,"[[0, 2], [0, 3], [0, 8], [0, 14], [0, 17], [1, 4], [1, 6], [1, 8], [1, 13], [1, 14], [2, 4], [2, 7], [3, 5], [3, 11], [3, 17], [3, 19], [4, 13], [4, 15], [5, 10], [5, 18], [6, 8], [6, 9], [6, 18], [7, 12], [7, 15], [7, 35], [8, 12], [9, 10], [9, 17], [9, 27], [10, 14], [10, 15], [11, 16], [11, 19], [12, 14], [12, 16], [13, 17], [13, 19], [15, 18], [16, 18], [17, 30], [20, 24], [20, 31], [20, 36], [21, 26], [21, 28], [21, 32], [21, 34], [22, 26], [22, 33], [22, 38], [23, 26], [23, 30], [23, 35], [24, 27], [24, 29], [25, 26], [25, 31], [25, 32], [26, 36], [27, 36], [27, 37], [28, 32], [28, 34], [28, 35], [28, 37], [29, 31], [29, 35], [29, 39], [30, 31], [30, 35], [30, 39], [31, 32], [31, 34], [32, 38], [33, 35], [33, 38], [34, 36], [37, 39], [38, 39]]"
g_n40_e120_k2_low_00,train,40,120,2,low,30303257804211413912113517,58.673297456883546,984080369,"[[0, 1], [0, 6], [0, 7], [0, 9], [0, 12], [0, 13], [0, 14], [0, 15], [1, 7], [1, 8], [1, 10], [1, 16], [1, 22], [2, 4], [2, 7], [2, 14], [2, 15], [3, 4], [3, 7], [3, 10], [3, 14], [4, 6], [4, 10], [4, 11], [4, 12], [4, 13], [4, 19], [5, 6], [5, 7], [5, 8], [5, 11], [5, 13], [6, 8], [6, 10], [6, 15], [6, 16], [6, 18], [6, 39], [7, 8], [7, 11], [7, 14], [7, 17], [7, 19], [8, 11], [8, 12], [8, 14], [8, 16], [9, 10], [10, 13], [10, 18], [11, 16], [12, 14], [12, 16], [12, 18], [13, 16], [14, 15], [14, 16], [14, 17], [15, 19], [16, 18], [17, 18], [20, 21], [20, 22], [20, 23], [20, 26], [20, 27], [20, 30], [20, 31], [20, 36], [20, 37], [20, 38], [21, 23], [21, 28], [21, 31], [21, 35], [21, 37], [21, 39], [22, 24], [22, 35], [22, 37], [23, 24], [23, 35], [23, 36], [23, 37], [23, 38], [24, 26], [24, 28], [24, 29], [24, 37], [24, 38], [25, 34], [25, 36], [26, 34], [26, 35], [27, 28], [27, 29], [27, 30], [27, 31], [27, 34], [27, 37], [28, 31], [28, 32], [28, 37], [30, 35], [31, 32], [31, 34], [31, 38], [32, 35], [32, 36], [32, 38], [32, 39], [33, 34], [33, 39], [34, 35], [35, 36], [36, 38], [36, 39], [37, 38], [37, 39], [38, 39]]"
g_n40_e120_k2_low_01,test,40,120,2,low,33238263848054218094797044,58.76574396967564,984080311,"[[0, 1], [0, 3], [0, 7], [0, 8], [0, 14], [0, 15], [1, 2], [1, 5], [1, 9], [1, 14], [1, 15], [1, 16], [1, 18], [2, 5], [2, 6], [2, 7], [2, 8], [2, 16], [2, 18], [3, 7], [3, 13], [3, 15], [3, 16], [3, 17], [4, 13], [4, 16], [5, 6], [5, 7], [5, 8], [5, 9], [5, 11], [5, 12], [6, 9], [6, 13], [7, 11], [7, 12], [7, 14], [7, 15], [8, 9], [8, 11], [8, 12], [8, 13], [8, 15], [8, 16], [9, 12], [9, 18], [9, 19], [10, 11], [10, 14], [11, 15], [11, 16], [11, 17], [12, 14], [12, 15], [13, 15], [14, 15], [15, 16], [16, 18], [16, 19], [17, 25], [18, 24], [20, 25], [20, 26], [20, 31], [20, 35], [20, 37], [20, 39], [21, 23], [21, 25], [21, 27], [21, 31], [22, 23], [22, 25], [22, 28], [22, 30], [22, 33], [22, 38], [22, 39], [23, 25], [23, 26], [23, 28], [23, 33], [23, 38], [24, 28], [24, 29], [24, 31], [24, 35], [24, 37], [24, 38], [24, 39], [25, 27], [25, 37], [25, 39], [26, 27], [26, 29], [26, 35], [26, 36], [26, 37], [26, 38], [27, 30], [27, 33], [27, 39], [28, 31], [28, 35], [29, 34], [29, 35], [30, 36], [31, 32], [31, 35], [31, 36], [32, 34], [32, 35], [32, 37], [32, 38], [33, 34], [35, 37], [35, 38], [36, 38], [37, 38], [37, 39]]"
g_n40_e120_k2_low_02,validation,40,120,2,low,37785127358695552184329760,58.893957800939305,984080328,"[[0, 1], [0, 4], [0, 7], [0, 14], [0, 17], [1, 5], [1, 6], [1, 10], [1, 11], [1, 16], [2, 6], [2, 12], [2, 17], [2, 19], [3, 8], [3, 9], [3, 11], [3, 14], [3, 18], [3, 19], [4, 7], [4, 10], [4, 11], [4, 15], [5, 6], [5, 10], [5, 12], [5, 19], [6, 10], [6, 11], [6, 12], [6, 16], [6, 17], [7, 12], [7, 16], [7, 18], [7, 19], [8, 12], [8, 13], [8, 17], [8, 19], [9, 16], [9, 17], [9, 19], [10, 16], [10, 19], [11, 16], [11, 17], [11, 19], [12, 16], [12, 18], [13, 15], [13, 16], [13, 19], [13, 32], [14, 19], [15, 19], [16, 17], [16, 18], [17, 19], [18, 36], [20, 24], [20, 30], [20, 31], [20, 34], [20, 36], [20, 37], [21, 23], [21, 26], [21, 29], [21, 31], [21, 32], [21, 33], [21, 37], [22, 23], [22, 24], [22, 27], [22, 28], [22, 35], [22, 36], [22, 39], [23, 31], [23, 32], [23, 35], [23, 38], [24, 25], [24, 35], [25, 33], [26, 30], [26, 33], [26, 36], [27, 29], [27, 31], [27, 35], [27, 38], [28, 31], [28, 36], [29, 32], [29, 33], [29, 34], [29, 35], [29, 37], [29, 39], [30, 35], [31, 32], [31, 34], [31, 35], [31, 36], [31, 37], [31, 38], [32, 35], [32, 36], [32, 37], [34, 36], [34, 38], [35, 36], [35, 37], [36, 38], [37, 38], [37, 39]]"
g_n40_e120_k2_low_03,train,40,120,2,low,42586744058686456648000012,59.013585264376964,984080325,"[[0, 2], [0, 9], [0, 10], [0, 18], [0, 19], [1, 2], [1, 7], [1, 9], [1, 10], [1, 11], [1, 13], [1, 16], [2, 4], [2, 9], [2, 10], [2, 16], [2, 19], [3, 5], [3, 7], [3, 18], [4, 5], [4, 7], [4, 12], [4, 13], [4, 15], [4, 16], [4, 19], [5, 12], [5, 17], [5, 18], [5, 19], [5, 36], [6, 7], [6, 15], [6, 17], [7, 8], [8, 11], [8, 14], [8, 18], [9, 12], [10, 12], [10, 13], [10, 15], [11, 12], [11, 13], [11, 15], [11, 16], [11, 17], [11, 18], [12, 13], [12, 19], [12, 24], [13, 18], [13, 19], [14, 19], [15, 16], [15, 17], [15, 18], [15, 19], [16, 17], [16, 18], [20, 21], [20, 22], [20, 24], [20, 27], [20, 28], [20, 35], [20, 38], [20, 39], [21, 23], [21, 25], [21, 26], [21, 29], [21, 32], [22, 24], [22, 25], [22, 33], [22, 38], [23, 25], [23, 32], [23, 33], [23, 35], [23, 39], [24, 25], [24, 27], [24, 28], [24, 29], [24, 30], [24, 32], [24, 35], [25, 28], [25, 32], [25, 33], [25, 34], [25, 35], [26, 35], [27, 28], [27, 29], [27, 34], [28, 32], [28, 33], [28, 38], [29, 30], [29, 34], [29, 38], [29, 39], [30, 31], [30, 34], [30, 39], [31, 36], [31, 37], [32, 33], [32, 36], [33, 37], [33, 38], [33, 39], [34, 36], [34, 39], [35, 39], [36, 39]]"
g_n40_e120_k2_low_04,train,40,120,2,low,43327816150097707003303770,59.03083706592561,984080341,"[[0, 2], [0, 4], [0, 5], [0, 7], [0, 12], [0, 13], [0, 14], [0, 16], [0, 17], [0, 19], [1, 2], [1, 14], [1, 16], [1, 27], [2, 10], [2, 14], [3, 4], [3, 7], [3, 8], [3, 14], [3, 15], [3, 16], [4, 6], [4, 7], [4, 12], [4, 15], [4, 18], [5, 6], [5, 8], [5, 13], [5, 16], [5, 20], [6, 9], [6, 11], [6, 16], [6, 19], [7, 14], [7, 16], [8, 13], [8, 16], [9, 10], [9, 11], [9, 12], [10, 13], [10, 15], [10, 16], [10, 19], [11, 14], [11, 15], [11, 17], [12, 18], [12, 19], [13, 15], [13, 16], [13, 17], [13, 19], [14, 19], [15, 16], [15, 18], [15, 19], [16, 19], [20, 21], [20, 30], [20, 31], [20, 32], [21, 28], [21, 31], [21, 32], [21, 34], [21, 36], [22, 24], [22, 25], [22, 26], [22, 31], [22, 32], [22, 33], [23, 30], [23, 32], [23, 39], [24, 25], [24, 28], [24, 30], [24, 35], [24, 37], [24, 38], [25, 32], [25, 33], [25, 36], [25, 38], [25, 39], [26, 32], [26, 37], [26, 38], [27, 30], [27, 35], [28, 31], [28, 32], [28, 35], [28, 36], [28, 37], [29, 32], [29, 36], [29, 38], [30, 31], [30, 35], [31, 32], [31, 33], [31, 35], [31, 38], [31, 39], [32, 36], [32, 38], [33, 34], [33, 36], [34, 35], [34, 36], [35, 36], [36, 38], [36, 39], [37, 38]]"
g_n40_e120_k2_low_05,validation,40,120,2,low,45057602110143569472684996,59.06998394995793,984080287,"[[0, 12], [0, 13], [0, 14], [0, 17], [0, 18], [1, 4], [1, 5], [1, 11], [1, 18], [1, 19], [2, 3], [2, 8], [2, 13], [2, 14], [2, 16], [2, 17], [3, 5], [3, 8], [3, 16], [3, 18], [4, 6], [4, 8], [4, 10], [4, 11], [4, 15], [4, 16], [4, 17], [4, 18], [5, 6], [5, 13], [5, 14], [5, 15], [5, 16], [5, 17], [5, 18], [5, 19], [6, 7], [6, 8], [6, 11], [6, 17], [6, 18], [6, 19], [7, 12], [7, 17], [8, 10], [8, 16], [8, 18], [9, 11], [9, 15], [9, 16], [11, 15], [12, 15], [12, 16], [12, 19], [12, 24], [13, 16], [13, 17], [14, 17], [16, 17], [16, 19], [19, 39], [20, 22], [20, 32], [20, 35], [20, 36], [20, 37], [21, 25], [21, 30], [22, 26], [22, 27], [22, 29], [22, 30], [22, 36], [22, 38], [22, 39], [23, 24], [23, 25], [23, 26], [23, 30], [23, 38], [24, 30], [24, 34], [24, 37], [24, 38], [24, 39], [25, 27], [25, 28], [25, 29], [25, 32], [25, 35], [25, 36], [25, 37], [25, 39], [26, 34], [26, 39], [27, 30], [27, 31], [27, 32], [27, 38], [28, 29], [28, 30], [28, 31], [28, 32], [28, 33], [28, 37], [28, 39], [29, 32], [29, 33], [29, 35], [29, 37], [30, 31], [30, 32], [30, 36], [31, 32], [33, 37], [33, 38], [34, 38], [35, 39], [36, 38], [37, 38]]"
g_n40_e120_k2_low_06,train,40,120,2,low,45627114469744035076966401,59.08254438722821,984080393,"[[0, 2], [0, 3], [0, 6], [0, 9], [0, 10], [0, 13], [0, 16], [0, 17], [1, 5], [1, 8], [1, 11], [1, 12], [1, 19], [2, 5], [2, 8], [2, 11], [2, 18], [2, 19], [3, 4], [3, 5], [3, 7], [3, 8], [3, 11], [3, 12], [3, 14], [3, 15], [4, 9], [4, 13], [4, 16], [5, 12], [5, 13], [5, 14], [5, 17], [5, 19], [6, 15], [7, 9], [7, 10], [7, 11], [7, 12], [7, 16], [7, 17], [8, 11], [9, 11], [9, 13], [9, 16], [10, 16], [11, 14], [11, 16], [12, 13], [12, 15], [12, 19], [13, 15], [13, 17], [14, 17], [14, 19], [15, 18], [15, 19], [16, 18], [17, 18], [18, 36], [19, 32], [20, 21], [20, 26], [20, 27], [20, 28], [20, 30], [20, 33], [20, 34], [20, 35], [20, 36], [20, 38], [21, 22], [21, 23], [21, 27], [21, 29], [22, 23], [22, 26], [22, 28], [22, 34], [22, 35], [22, 37], [23, 25], [23, 27], [23, 29], [23, 37], [24, 32], [24, 33], [25, 38], [26, 30], [26, 32], [26, 39], [27, 34], [27, 36], [28, 30], [28, 31], [28, 32], [28, 33], [28, 34], [28, 37], [28, 39], [29, 30], [29, 31], [29, 32], [29, 33], [29, 37], [30, 31], [30, 33], [30, 37], [31, 32], [31, 37], [32, 36], [33, 34], [33, 37], [33, 38], [33, 39], [34, 39], [35, 39], [36, 37], [36, 39], [37, 39]]"
g_n40_e120_k2_low_07,train,40,120,2,low,46453026415255293779681810,59.10048384925188,984080326,"[[0, 2], [0, 3], [0, 4], [0, 5], [0, 6], [0, 7], [0, 8], [0, 9], [0, 10], [0, 15], [0, 17], [0, 18], [1, 8], [1, 12], [1, 13], [1, 19], [2, 7], [2, 9], [2, 19], [2, 37], [3, 8], [3, 11], [3, 39], [4, 8], [4, 13], [4, 15], [5, 14], [5, 16], [5, 19], [6, 7], [6, 8], [6, 9], [6, 18], [7, 9], [7, 19], [8, 9], [8, 10], [8, 11], [8, 14], [8, 17], [9, 10], [9, 15], [9, 18], [9, 19], [10, 11], [10, 15], [10, 17], [10, 18], [10, 19], [11, 12], [11, 13], [11, 14], [11, 16], [12, 15], [12, 16], [12, 19], [15, 16], [15, 17], [16, 17], [16, 19], [17, 19], [20, 25], [20, 31], [20, 36], [21, 23], [21, 24], [21, 26], [21, 28], [21, 30], [21, 31], [21, 32], [21, 34], [22, 23], [22, 27], [22, 31], [22, 33], [22, 34], [22, 38], [23, 27], [23, 28], [23, 33], [23, 35], [23, 38], [24, 25], [24, 29], [24, 33], [24, 34], [24, 35], [25, 28], [25, 29], [25, 30], [25, 31], [25, 34], [25, 37], [25, 39], [26, 30], [26, 34], [26, 35], [26, 37], [26, 39], [27, 32], [27, 36], [28, 30], [28, 33], [28, 37], [28, 38], [29, 33], [30, 34], [30, 35], [30, 39], [31, 33], [31, 34], [31, 35], [32, 34], [33, 36], [33, 38], [34, 36], [34, 37], [34, 38], [35, 36]]"
g_n40_e120_k2_low_08,test,40,120,2,low,48855728247657947374355808,59.15091386544991,984080358,"[[0, 1], [0, 7], [0, 8], [0, 11], [0, 17], [0, 18], [0, 34], [1, 4], [1, 6], [1, 7], [1, 9], [1, 15], [2, 10], [2, 11], [2, 14], [2, 17], [2, 18], [3, 4], [3, 5], [3, 6], [3, 13], [3, 15], [3, 16], [3, 19], [4, 5], [4, 7], [4, 11], [4, 15], [4, 17], [4, 18], [5, 7], [5, 16], [5, 18], [6, 10], [6, 12], [7, 8], [7, 16], [7, 18], [8, 15], [8, 17], [8, 19], [9, 12], [9, 16], [9, 17], [9, 19], [10, 11], [10, 12], [10, 13], [10, 14], [10, 19], [11, 12], [11, 13], [11, 16], [11, 18], [12, 16], [12, 18], [12, 19], [16, 17], [16, 19], [18, 19], [18, 30], [20, 22], [20, 24], [20, 36], [20, 38], [21, 22], [21, 23], [21, 26], [21, 28], [21, 36], [21, 38], [22, 24], [22, 29], [22, 35], [23, 25], [23, 29], [23, 31], [23, 32], [23, 33], [23, 34], [23, 38], [24, 25], [24, 26], [24, 30], [24, 34], [24, 35], [24, 36], [24, 37], [24, 38], [25, 26], [25, 28], [25, 29], [25, 31], [25, 34], [25, 36], [26, 28], [26, 31], [26, 32], [26, 33], [26, 34], [26, 35], [26, 39], [27, 28], [27, 30], [28, 30], [28, 32], [28, 36], [28, 39], [29, 32], [29, 36], [31, 32], [31, 36], [32, 33], [32, 35], [33, 34], [33, 36], [34, 37], [35, 36], [36, 39], [37, 38]]"
g_n40_e120_k2_low_09,train,40,120,2,low,52225788968370782919996896,59.217618646287015,984080370,"[[0, 2], [0, 4], [0, 12], [0, 17], [1, 2], [1, 5], [1, 9], [1, 10], [1, 13], [1, 16], [1, 19], [1, 31], [2, 5], [2, 7], [2, 13], [2, 16], [3, 4], [3, 9], [3, 10], [3, 11], [3, 12], [3, 13], [3, 15], [3, 19], [4, 9], [4, 11], [4, 13], [4, 14], [5, 8], [5, 9], [5, 11], [5, 14], [5, 15], [5, 16], [5, 18], [5, 19], [6, 7], [6, 14], [7, 13], [7, 14], [8, 14], [8, 19], [9, 11], [9, 17], [9, 26], [10, 11], [10, 14], [11, 14], [12, 15], [12, 17], [12, 18], [13, 14], [13, 16], [13, 17], [14, 16], [14, 17], [14, 18], [15, 17], [15, 18], [16, 18], [18, 19], [20, 21], [20, 23], [20, 25], [20, 27], [20, 28], [20, 29], [20, 33], [20, 36], [21, 25], [21, 29], [21, 33], [21, 35], [21, 36], [21, 38], [21, 39], [22, 24], [22, 31], [22, 33], [22, 39], [23, 31], [23, 34], [23, 36], [24, 27], [24, 32], [24, 33], [24, 34], [24, 35], [24, 36], [24, 37], [24, 39], [25, 26], [25, 28], [25, 29], [25, 31], [25, 35], [25, 39], [26, 27], [26, 29], [26, 35], [26, 37], [27, 28], [28, 30], [28, 35], [28, 39], [29, 35], [29, 36], [29, 39], [30, 37], [30, 38], [30, 39], [31, 35], [32, 37], [32, 38], [33, 36], [33, 37], [33, 39], [35, 37], [36, 38], [37, 38]]"
g_n40_e120_k2_mid_10,validation,40,120,2,mid,97681421870012562921558296,59.84375361796241,984080284,"[[0, 1], [0, 2], [0, 6], [0, 9], [0, 10], [0, 11], [0, 14], [0, 16], [0, 17], [1, 2], [1, 9], [1, 16], [1, 18], [2, 9], [2, 11], [2, 13], [2, 16], [3, 5], [3, 10], [3, 12], [3, 17], [4, 8], [4, 9], [4, 10], [4, 12], [4, 13], [4, 15], [4, 16], [4, 17], [4, 19], [5, 7], [5, 15], [6, 8], [6, 10], [6, 15], [6, 32], [7, 8], [7, 10], [7, 17], [7, 18], [8, 12], [8, 14], [9, 11], [9, 16], [10, 12], [10, 15], [11, 13], [11, 15], [11, 17], [12, 18], [13, 14], [13, 15], [13, 19], [14, 17], [14, 19], [15, 16], [15, 19], [16, 18], [16, 19], [16, 36], [17, 19], [20, 24], [20, 26], [20, 34], [20, 35], [20, 37], [21, 25], [21, 28], [21, 29], [21, 30], [21, 32], [21, 35], [21, 36], [22, 33], [22, 34], [23, 28], [23, 29], [23, 34], [23, 37], [23, 39], [24, 29], [24, 32], [24, 34], [24, 39], [25, 30], [25, 34], [26, 28], [26, 32], [26, 33], [26, 35], [27, 33], [27, 34], [27, 35], [27, 36], [27, 37], [28, 30], [28, 31], [28, 32], [28, 34], [28, 36], [28, 38], [28, 39], [29, 30], [29, 32], [30, 31], [30, 32], [30, 34], [30, 36], [31, 37], [31, 38], [32, 39], [33, 36], [33, 38], [33, 39], [34, 35], [34, 39], [35, 36], [35, 38], [36, 38], [36, 39]]"
g_n40_e120_k2_mid_11,train,40,120,2,mid,98087475441239900915576879,59.84790191893461,984080349,"[[0, 1], [0, 3], [0, 13], [0, 14], [0, 17], [1, 2], [1, 12], [1, 17], [1, 18], [2, 5], [2, 8], [2, 13], [2, 15], [3, 7], [3, 9], [3, 11], [3, 19], [4, 5], [4, 6], [4, 13], [4, 14], [4, 17], [4, 19], [5, 9], [5, 15], [6, 7], [6, 13], [6, 14], [6, 15], [6, 16], [6, 19], [7, 8], [7, 9], [7, 10], [7, 11], [7, 13], [7, 17], [8, 10], [8, 19], [8, 33], [9, 10], [9, 11], [9, 12], [9, 13], [9, 14], [9, 17], [10, 14], [11, 12], [11, 15], [11, 19], [13, 14], [13, 15], [13, 16], [13, 29], [14, 16], [14, 19], [15, 16], [15, 17], [16, 18], [16, 19], [17, 19], [20, 27], [20, 28], [20, 36], [20, 37], [21, 22], [21, 24], [21, 26], [21, 28], [21, 32], [21, 35], [21, 38], [22, 32], [22, 33], [22, 38], [23, 24], [23, 25], [23, 28], [23, 30], [23, 37], [23, 38], [24, 26], [24, 31], [24, 33], [24, 34], [24, 36], [24, 37], [25, 32], [25, 36], [25, 37], [26, 32], [27, 29], [27, 34], [27, 36], [27, 39], [28, 30], [28, 34], [28, 35], [28, 37], [29, 34], [29, 35], [29, 36], [29, 38], [30, 31], [30, 33], [30, 36], [30, 37], [30, 38], [31, 33], [31, 37], [31, 38], [32, 33], [32, 34], [32, 37], [33, 38], [34, 37], [34, 39], [35, 39], [36, 38], [37, 39]]"
g_n40_e120_k2_mid_12,test,40,120,2,mid,98262604582566124394724280,59.849685765294595,984080374,"[[0, 1], [0, 3], [0, 4], [0, 6], [0, 8], [0, 10], [0, 11], [0, 14], [0, 19], [1, 2], [1, 11], [1, 13], [1, 16], [1, 18], [2, 5], [2, 11], [2, 14], [2, 16], [2, 17], [3, 7], [3, 9], [3, 16], [3, 17], [4, 7], [4, 9], [4, 12], [4, 16], [4, 19], [5, 8], [5, 13], [5, 32], [6, 7], [6, 9], [6, 13], [6, 14], [6, 19], [7, 10], [7, 18], [8, 14], [8, 15], [8, 16], [8, 18], [8, 19], [9, 11], [9, 14], [9, 15], [9, 17], [9, 34], [10, 12], [10, 13], [10, 14], [10, 17], [11, 18], [12, 18], [13, 18], [13, 19], [14, 15], [14, 17], [14, 19], [16, 17], [16, 19], [20, 25], [20, 27], [20, 32], [20, 33], [20, 35], [20, 36], [20, 38], [21, 23], [21, 32], [21, 39], [22, 23], [22, 27], [22, 30], [22, 31], [22, 32], [22, 37], [23, 34], [23, 36], [23, 37], [23, 38], [24, 28], [24, 32], [24, 36], [24, 38], [25, 32], [25, 34], [25, 39], [26, 27], [26, 30], [26, 31], [26, 32], [27, 30], [27, 36], [27, 38], [28, 34], [28, 36], [28, 37], [28, 38], [28, 39], [29, 31], [29, 38], [30, 35], [30, 37], [31, 32], [31, 34], [31, 37], [31, 39], [32, 36], [32, 37], [32, 38], [33, 36], [33, 38], [33, 39], [34, 36], [34, 39], [35, 37], [35, 38], [37, 38], [38, 39]]"
g_n40_e120_k2_mid_13,train,40,120,2,mid,98744135337188447883677844,59.85457424488423,984080324,"[[0, 7], [0, 11], [0, 15], [0, 16], [1, 3], [1, 11], [1, 14], [1, 16], [1, 17], [2, 8], [2, 13], [2, 14], [2, 17], [2, 19], [2, 29], [3, 6], [3, 9], [3, 10], [3, 16], [4, 5], [4, 6], [4, 8], [4, 12], [4, 17], [5, 8], [5, 9], [5, 10], [5, 12], [5, 14], [6, 7], [6, 9], [6, 11], [6, 15], [7, 9], [7, 11], [7, 18], [7, 19], [8, 9], [8, 10], [8, 19], [9, 14], [9, 17], [9, 18], [10, 11], [10, 15], [10, 17], [11, 13], [11, 14], [11, 18], [11, 19], [12, 16], [12, 17], [12, 18], [14, 16], [14, 17], [14, 19], [15, 18], [16, 17], [16, 19], [18, 19], [18, 22], [20, 25], [20, 26], [20, 27], [20, 32], [20, 35], [20, 39], [21, 22], [21, 23], [21, 24], [21, 28], [21, 29], [21, 30], [21, 32], [21, 34], [21, 36], [21, 38], [22, 23], [22, 25], [22, 27], [22, 28], [22, 31], [22, 35], [22, 36], [22, 37], [22, 39], [23, 25], [23, 29], [23, 32], [23, 35], [23, 37], [24, 26], [24, 27], [24, 29], [24, 37], [25, 28], [25, 29], [25, 33], [25, 35], [26, 27], [26, 28], [26, 29], [28, 30], [28, 33], [28, 34], [28, 35], [28, 36], [28, 38], [29, 39], [30, 33], [30, 39], [31, 34], [31, 36], [32, 33], [32, 36], [32, 38], [34, 35], [34, 36], [35, 38], [36, 38]]"
g_n40_e120_k2_mid_14,train,40,120,2,mid,99042490594771741026678391,59.85759118783959,984080377,"[[0, 5], [0, 8], [0, 9], [0, 12], [0, 14], [0, 15], [0, 18], [0, 19], [1, 2], [1, 3], [1, 4], [1, 6], [1, 8], [1, 10], [1, 14], [1, 15], [1, 17], [2, 8], [2, 9], [2, 10], [2, 13], [2, 16], [3, 5], [3, 7], [3, 8], [3, 9], [3, 12], [3, 17], [4, 6], [4, 9], [4, 16], [4, 17], [4, 29], [5, 6], [5, 11], [5, 13], [6, 10], [6, 14], [6, 17], [7, 13], [7, 19], [8, 11], [8, 14], [8, 18], [9, 15], [9, 16], [9, 19], [10, 12], [10, 13], [10, 17], [10, 18], [11, 14], [11, 18], [12, 15], [14, 15], [14, 17], [14, 19], [14, 36], [15, 18], [17, 18], [17, 19], [20, 21], [20, 27], [20, 29], [20, 33], [20, 38], [21, 23], [21, 25], [21, 26], [21, 28], [21, 31], [21, 32], [21, 36], [22, 25], [22, 26], [22, 29], [22, 33], [22, 37], [23, 25], [23, 27], [23, 30], [23, 33], [23, 36], [23, 37], [24, 25], [24, 26], [24, 27], [24, 35], [24, 39], [25, 27], [25, 28], [25, 31], [25, 32], [25, 36], [26, 27], [26, 28], [26, 31], [26, 35], [26, 38], [27, 28], [27, 33], [27, 36], [27, 37], [28, 31], [28, 39], [29, 36], [30, 32], [30, 34], [30, 37], [31, 32], [31, 36], [31, 39], [32, 36], [33, 35], [34, 35], [34, 36], [35, 36], [35, 37], [36, 39], [37, 38]]"
g_n40_e120_k2_mid_15,train,40,120,2,mid,99263933985118744062590014,59.85982453436742,984080363,"[[0, 1], [0, 2], [0, 3], [0, 10], [0, 11], [0, 14], [0, 17], [0, 18], [0, 19], [1, 2], [1, 7], [1, 8], [1, 9], [1, 10], [1, 14], [1, 16], [2, 3], [2, 4], [2, 8], [2, 15], [2, 18], [3, 5], [3, 6], [3, 9], [3, 16], [4, 6], [4, 7], [4, 8], [4, 9], [4, 17], [4, 25], [5, 7], [5, 8], [5, 9], [5, 13], [5, 15], [5, 16], [5, 17], [6, 8], [6, 11], [6, 15], [6, 17], [6, 19], [7, 9], [8, 11], [8, 13], [8, 14], [8, 15], [8, 18], [9, 10], [9, 19], [10, 12], [10, 13], [11, 15], [12, 14], [12, 18], [12, 29], [13, 17], [14, 17], [15, 18], [16, 18], [20, 24], [20, 26], [20, 33], [20, 34], [20, 36], [20, 37], [21, 23], [21, 29], [21, 32], [21, 34], [21, 38], [22, 23], [22, 28], [22, 30], [22, 33], [22, 34], [22, 35], [22, 37], [23, 32], [23, 33], [24, 26], [24, 30], [24, 33], [24, 35], [24, 36], [24, 38], [25, 27], [25, 31], [25, 37], [25, 39], [26, 27], [26, 28], [26, 32], [26, 35], [27, 28], [27, 31], [27, 35], [28, 30], [28, 32], [28, 37], [29, 31], [30, 31], [30, 32], [30, 36], [30, 37], [30, 39], [31, 32], [31, 33], [31, 34], [31, 35], [32, 34], [32, 35], [32, 37], [32, 39], [33, 37], [35, 37], [35, 39], [36, 37], [37, 38]]"
g_n40_e120_k2_mid_16,train,40,120,2,mid,100093891378300611124203178,59.86815089112436,984080279,"[[0, 9], [0, 14], [0, 16], [1, 2], [1, 5], [1, 6], [1, 8], [1, 10], [1, 12], [1, 13], [1, 16], [2, 6], [2, 7], [2, 10], [2, 12], [2, 13], [2, 16], [2, 19], [3, 4], [3, 5], [3, 11], [3, 12], [3, 19], [4, 5], [4, 11], [4, 12], [4, 15], [4, 18], [5, 7], [5, 11], [5, 12], [5, 19], [6, 16], [7, 12], [7, 13], [8, 10], [8, 14], [8, 16], [8, 18], [9, 12], [9, 15], [9, 17], [9, 19], [10, 13], [10, 15], [10, 16], [11, 14], [11, 16], [11, 17], [12, 14], [12, 16], [12, 19], [12, 27], [13, 14], [13, 17], [13, 18], [14, 18], [16, 17], [16, 18], [16, 32], [18, 19], [20, 21], [20, 23], [20, 26], [20, 29], [20, 34], [20, 39], [21, 23], [21, 24], [21, 29], [21, 30], [21, 32], [22, 23], [22, 25], [22, 27], [22, 35], [23, 24], [23, 26], [23, 28], [23, 34], [23, 37], [24, 29], [24, 31], [24, 35], [24, 39], [25, 26], [25, 32], [25, 33], [25, 35], [26, 27], [26, 30], [27, 29], [27, 33], [28, 35], [29, 30], [29, 32], [29, 34], [29, 36], [30, 32], [30, 35], [30, 36], [30, 37], [30, 38], [31, 36], [31, 37], [31, 38], [32, 35], [32, 38], [33, 35], [33, 36], [33, 37], [33, 38], [34, 35], [34, 36], [34, 37], [34, 38], [34, 39], [35, 36], [35, 39], [38, 39]]"
g_n40_e120_k2_mid_17,validation,40,120,2,mid,100296788663551023697956903,59.87017590899987,984080331,"[[0, 5], [0, 12], [0, 19], [0, 21], [1, 5], [1, 6], [1, 8], [1, 10], [2, 5], [2, 7], [2, 11], [2, 13], [2, 15], [2, 16], [3, 5], [3, 6], [3, 8], [3, 11], [3, 16], [3, 17], [4, 6], [4, 9], [4, 10], [4, 12], [5, 10], [5, 11], [5, 13], [5, 14], [5, 15], [5, 18], [6, 7], [6, 8], [6, 9], [6, 12], [6, 14], [6, 15], [6, 16], [7, 8], [7, 10], [7, 11], [7, 12], [7, 13], [7, 18], [8, 11], [9, 10], [9, 11], [9, 12], [9, 15], [9, 16], [10, 13], [11, 19], [12, 13], [12, 15], [12, 16], [13, 15], [13, 17], [14, 15], [14, 17], [14, 19], [16, 17], [18, 24], [20, 25], [20, 26], [20, 28], [20, 29], [20, 30], [20, 38], [20, 39], [21, 23], [21, 34], [21, 35], [21, 36], [21, 38], [22, 23], [22, 26], [22, 30], [22, 39], [23, 24], [23, 34], [23, 35], [23, 38], [24, 25], [24, 27], [24, 35], [24, 36], [24, 38], [25, 34], [25, 38], [26, 30], [26, 31], [26, 33], [26, 34], [26, 38], [27, 31], [27, 32], [27, 34], [27, 39], [28, 32], [28, 37], [29, 32], [29, 34], [29, 35], [29, 37], [29, 39], [30, 31], [30, 33], [30, 37], [30, 38], [31, 32], [31, 39], [32, 33], [32, 34], [32, 38], [33, 35], [33, 38], [34, 35], [34, 36], [34, 37], [35, 37], [37, 39]]"
g_n40_e120_k2_mid_18,train,40,120,2,mid,100525331529466446081818115,59.87245198261527,984080308,"[[0, 1], [0, 4], [0, 5], [0, 6], [0, 9], [0, 11], [0, 12], [0, 16], [0, 18], [1, 6], [1, 8], [1, 10], [1, 16], [1, 17], [2, 8], [2, 11], [2, 12], [2, 14], [3, 6], [3, 11], [3, 18], [4, 10], [4, 14], [5, 6], [5, 10], [5, 11], [5, 12], [5, 14], [5, 17], [5, 19], [6, 8], [6, 10], [6, 17], [6, 18], [6, 19], [7, 10], [7, 17], [8, 9], [8, 14], [8, 17], [8, 19], [9, 12], [9, 13], [9, 14], [9, 19], [10, 13], [10, 16], [10, 18], [11, 30], [12, 13], [13, 16], [13, 19], [14, 15], [14, 16], [14, 18], [14, 19], [15, 16], [15, 17], [16, 17], [18, 19], [19, 29], [20, 21], [20, 25], [20, 29], [20, 35], [20, 37], [20, 38], [21, 24], [21, 26], [21, 28], [21, 33], [21, 34], [21, 36], [22, 24], [22, 27], [22, 31], [22, 35], [22, 38], [23, 29], [23, 32], [23, 34], [23, 39], [24, 25], [24, 26], [24, 27], [24, 28], [24, 31], [24, 32], [24, 33], [24, 35], [24, 38], [25, 28], [25, 33], [25, 36], [26, 29], [26, 32], [26, 33], [26, 38], [26, 39], [27, 32], [27, 34], [27, 36], [27, 38], [27, 39], [28, 31], [28, 37], [28, 39], [29, 30], [29, 35], [29, 37], [29, 38], [30, 31], [30, 33], [30, 39], [31, 38], [32, 33], [34, 36], [34, 37], [35, 37], [37, 38]]"
g_n40_e120_k2_mid_19,test,40,120,2,mid,101267533517740952104338808,59.879808093397045,984080342,"[[0, 2], [0, 4], [0, 7], [0, 8], [0, 11], [1, 4], [1, 6], [1, 19], [2, 3], [2, 5], [2, 15], [2, 18], [3, 6], [3, 11], [3, 12], [3, 13], [3, 14], [3, 19], [3, 37], [4, 5], [4, 6], [4, 8], [4, 10], [4, 12], [4, 18], [4, 19], [5, 7], [5, 19], [6, 9], [6, 13], [6, 15], [6, 19], [7, 9], [7, 10], [7, 11], [7, 12], [7, 13], [7, 15], [8, 10], [8, 12], [8, 16], [8, 17], [9, 10], [9, 12], [9, 16], [9, 19], [10, 14], [10, 16], [10, 19], [10, 29], [11, 14], [11, 18], [12, 19], [13, 14], [13, 16], [13, 19], [14, 16], [14, 19], [15, 16], [15, 17], [17, 19], [20, 27], [20, 28], [20, 30], [20, 31], [20, 33], [20, 37], [21, 28], [21, 33], [21, 34], [21, 37], [21, 39], [22, 29], [22, 30], [22, 35], [23, 24], [23, 28], [23, 29], [23, 31], [23, 38], [23, 39], [24, 25], [24, 26], [24, 29], [24, 30], [24, 31], [24, 35], [25, 31], [25, 32], [25, 36], [25, 37], [25, 39], [26, 36], [26, 38], [27, 28], [27, 33], [28, 30], [28, 31], [28, 32], [28, 35], [28, 39], [29, 30], [29, 36], [30, 31], [30, 32], [30, 36], [30, 39], [31, 33], [31, 36], [32, 33], [32, 34], [32, 39], [33, 35], [33, 39], [34, 36], [34, 38], [34, 39], [35, 36], [35, 38], [37, 39]]"
g_n40_e120_k2_high_20,validation,40,120,2,high,185738493809944534882483350,60.486381969040735,984080337,"[[0, 2], [0, 8], [0, 9], [0, 14], [0, 16], [0, 17], [1, 2], [1, 3], [1, 5], [1, 9], [1, 13], [1, 15], [1, 16], [1, 18], [2, 4], [2, 12], [2, 15], [2, 16], [2, 18], [3, 5], [3, 8], [3, 16], [3, 18], [3, 19], [4, 8], [4, 10], [4, 17], [4, 18], [4, 38], [5, 6], [5, 14], [5, 15], [5, 17], [5, 18], [5, 19], [6, 7], [6, 9], [6, 10], [6, 16], [7, 11], [7, 13], [7, 14], [7, 16], [7, 17], [7, 18], [8, 9], [8, 14], [8, 19], [9, 11], [9, 13], [9, 14], [10, 12], [10, 14], [10, 20], [11, 14], [11, 18], [12, 14], [12, 16], [13, 16], [15, 17], [17, 19], [20, 21], [20, 30], [20, 36], [20, 37], [21, 28], [21, 30], [21, 35], [21, 36], [22, 24], [22, 25], [22, 27], [22, 30], [22, 34], [22, 35], [22, 36], [22, 37], [22, 38], [22, 39], [23, 25], [23, 30], [23, 34], [23, 35], [23, 38], [24, 28], [24, 31], [25, 27], [25, 28], [25, 31], [26, 30], [26, 32], [26, 33], [26, 39], [27, 29], [27, 35], [27, 39], [28, 30], [28, 31], [28, 34], [28, 35], [29, 34], [29, 35], [29, 36], [29, 37], [29, 38], [29, 39], [30, 33], [30, 34], [30, 37], [31, 36], [32, 33], [32, 34], [32, 35], [32, 37], [32, 38], [32, 39], [33, 36], [34, 38], [34, 39], [37, 38]]"
g_n40_e120_k2_high_21,test,40,120,2,high,192380867567883122223619968,60.521519324228755,984080364,"[[0, 5], [0, 15], [0, 16], [0, 19], [1, 2], [1, 4], [1, 7], [1, 8], [1, 9], [1, 11], [1, 15], [1, 23], [2, 9], [2, 13], [2, 16], [3, 4], [3, 5], [3, 8], [3, 14], [4, 8], [4, 18], [5, 6], [5, 7], [5, 10], [5, 12], [5, 16], [5, 19], [6, 7], [6, 8], [6, 11], [6, 12], [6, 13], [6, 14], [6, 16], [6, 17], [7, 8], [7, 9], [7, 16], [7, 18], [7, 19], [8, 12], [8, 14], [8, 18], [9, 11], [9, 12], [9, 15], [10, 11], [10, 17], [10, 18], [12, 14], [12, 15], [12, 18], [13, 14], [13, 16], [14, 17], [15, 17], [15, 19], [15, 38], [16, 19], [17, 19], [18, 19], [20, 21], [20, 22], [20, 23], [20, 25], [20, 33], [20, 37], [20, 39], [21, 37], [21, 38], [22, 23], [22, 26], [22, 28], [22, 30], [22, 31], [22, 39], [23, 26], [23, 27], [23, 28], [23, 35], [23, 36], [23, 38], [24, 26], [24, 29], [24, 33], [24, 34], [24, 35], [24, 37], [25, 27], [25, 32], [25, 35], [25, 37], [26, 28], [26, 32], [26, 35], [26, 38], [27, 28], [27, 31], [27, 33], [27, 38], [28, 31], [28, 34], [28, 36], [28, 37], [29, 30], [29, 32], [29, 34], [29, 38], [30, 31], [30, 32], [30, 33], [31, 32], [31, 34], [32, 35], [33, 36], [34, 36], [34, 37], [36, 38], [36, 39], [37, 38]]"
g_n40_e120_k2_high_22,train,40,120,2,high,193817227553213922531958644,60.528957820826406,984080379,"[[0, 4], [0, 13], [0, 16], [0, 17], [1, 4], [1, 9], [1, 13], [1, 15], [1, 16], [1, 18], [2, 6], [2, 7], [2, 13], [2, 16], [2, 18], [3, 6], [3, 7], [3, 13], [3, 16], [3, 19], [4, 7], [4, 8], [4, 9], [4, 12], [4, 13], [4, 18], [4, 19], [4, 39], [5, 8], [5, 12], [5, 14], [5, 16], [5, 17], [6, 8], [6, 14], [6, 16], [7, 8], [7, 16], [8, 9], [8, 10], [8, 15], [9, 11], [9, 14], [10, 11], [10, 12], [10, 13], [10, 15], [10, 18], [11, 14], [11, 16], [12, 16], [12, 17], [13, 17], [14, 18], [15, 16], [15, 18], [15, 19], [16, 18], [16, 19], [17, 19], [17, 28], [20, 22], [20, 35], [20, 36], [20, 39], [21, 22], [21, 23], [21, 24], [21, 25], [21, 36], [22, 24], [22, 35], [23, 25], [23, 26], [23, 27], [23, 35], [23, 39], [24, 28], [24, 29], [24, 32], [24, 33], [24, 34], [24, 35], [24, 36], [24, 38], [25, 29], [25, 30], [25, 31], [25, 33], [25, 39], [26, 27], [26, 35], [26, 36], [26, 37], [27, 28], [27, 30], [27, 32], [27, 37], [28, 32], [28, 34], [28, 36], [28, 37], [28, 38], [29, 32], [29, 39], [30, 31], [30, 32], [30, 37], [30, 39], [31, 32], [31, 33], [31, 35], [31, 36], [31, 38], [33, 39], [34, 36], [34, 39], [35, 36], [35, 38], [38, 39]]"
g_n40_e120_k2_high_23,train,40,120,2,high,195365252902805139513079185,60.53691313018113,984080318,"[[0, 3], [0, 5], [0, 6], [0, 7], [0, 12], [0, 17], [0, 18], [0, 19], [1, 3], [1, 13], [1, 18], [2, 6], [2, 8], [2, 12], [2, 14], [2, 18], [2, 19], [3, 7], [3, 8], [3, 10], [3, 17], [3, 18], [4, 5], [4, 11], [4, 12], [4, 13], [4, 16], [4, 18], [5, 8], [5, 10], [6, 13], [6, 15], [6, 16], [6, 17], [6, 24], [7, 8], [7, 10], [7, 13], [8, 14], [8, 15], [8, 16], [9, 14], [9, 16], [9, 17], [9, 19], [10, 11], [10, 14], [10, 16], [10, 17], [10, 18], [11, 12], [11, 16], [11, 19], [12, 14], [12, 15], [13, 17], [13, 28], [14, 16], [15, 16], [15, 18], [18, 19], [20, 22], [20, 26], [20, 30], [20, 35], [20, 37], [20, 38], [21, 22], [21, 30], [21, 31], [21, 37], [21, 39], [22, 23], [22, 28], [22, 29], [22, 35], [22, 36], [23, 30], [23, 34], [23, 35], [23, 38], [24, 28], [24, 29], [24, 31], [24, 33], [24, 35], [24, 36], [25, 26], [25, 33], [25, 39], [26, 30], [26, 34], [26, 36], [27, 33], [27, 38], [27, 39], [28, 33], [28, 38], [28, 39], [29, 37], [30, 36], [31, 32], [31, 34], [31, 35], [31, 37], [31, 39], [32, 33], [32, 34], [32, 35], [32, 39], [33, 34], [33, 37], [33, 38], [34, 36], [34, 37], [35, 37], [35, 39], [36, 37], [37, 39], [38, 39]]"
g_n40_e120_k2_high_24,train,40,120,2,high,210769444525469473631348430,60.61280708794909,984080392,"[[0, 9], [0, 13], [0, 14], [0, 17], [1, 2], [1, 3], [1, 4], [1, 7], [1, 9], [1, 12], [1, 16], [1, 19], [1, 24], [2, 3], [2, 8], [2, 12], [3, 5], [3, 13], [3, 15], [3, 18], [3, 19], [4, 14], [4, 17], [4, 18], [5, 6], [5, 10], [5, 13], [5, 14], [5, 15], [5, 17], [5, 18], [6, 11], [6, 14], [6, 15], [6, 18], [7, 8], [7, 15], [7, 17], [8, 10], [8, 13], [8, 15], [8, 17], [8, 18], [9, 10], [9, 17], [10, 12], [10, 13], [11, 14], [11, 16], [11, 17], [11, 33], [12, 17], [12, 18], [12, 19], [13, 18], [14, 16], [15, 19], [16, 17], [16, 18], [17, 18], [17, 19], [20, 21], [20, 23], [20, 27], [20, 29], [20, 30], [20, 31], [20, 35], [20, 39], [21, 23], [21, 26], [21, 34], [21, 36], [21, 37], [22, 25], [22, 27], [22, 29], [22, 30], [22, 31], [22, 36], [23, 26], [23, 30], [23, 36], [24, 26], [24, 33], [24, 35], [24, 39], [25, 31], [25, 32], [25, 36], [25, 37], [25, 39], [26, 30], [26, 36], [27, 28], [27, 29], [27, 32], [27, 33], [27, 37], [28, 33], [28, 35], [28, 37], [29, 31], [29, 36], [29, 38], [29, 39], [30, 34], [30, 35], [30, 37], [31, 32], [32, 36], [32, 38], [33, 36], [33, 38], [33, 39], [34, 36], [34, 39], [35, 36], [37, 38], [38, 39]]"
g_n40_e120_k2_high_25,test,40,120,2,high,228942450013874825151458128,60.69551289384461,984080338,"[[0, 1], [0, 2], [0, 3], [0, 5], [0, 16], [1, 10], [1, 15], [2, 4], [2, 8], [2, 9], [2, 14], [3, 9], [3, 12], [3, 16], [3, 19], [4, 7], [4, 12], [4, 14], [4, 15], [5, 6], [5, 14], [5, 17], [5, 18], [6, 8], [6, 9], [6, 11], [6, 16], [6, 17], [6, 19], [7, 8], [7, 10], [7, 11], [7, 15], [7, 17], [7, 18], [7, 25], [8, 13], [8, 17], [8, 18], [9, 10], [9, 14], [9, 17], [9, 18], [10, 14], [10, 16], [10, 17], [11, 13], [11, 16], [11, 17], [11, 19], [12, 13], [12, 15], [12, 17], [13, 14], [13, 19], [14, 17], [14, 18], [14, 27], [15, 16], [15, 18], [15, 19], [20, 21], [20, 28], [20, 30], [20, 34], [20, 35], [20, 37], [21, 26], [21, 34], [21, 38], [22, 26], [22, 28], [22, 30], [22, 31], [22, 33], [22, 34], [23, 30], [23, 35], [23, 36], [23, 38], [24, 25], [24, 26], [24, 27], [24, 31], [24, 38], [25, 26], [25, 27], [25, 28], [25, 32], [25, 39], [26, 27], [26, 30], [26, 32], [26, 33], [28, 29], [28, 32], [28, 33], [28, 36], [28, 37], [28, 38], [28, 39], [29, 30], [29, 34], [29, 36], [29, 38], [30, 31], [30, 32], [30, 33], [31, 36], [31, 38], [32, 33], [32, 35], [33, 36], [33, 37], [34, 38], [35, 36], [35, 38], [35, 39], [37, 39], [38, 39]]"
g_n40_e120_k2_high_26,train,40,120,2,high,240079959240852885652438166,60.743014263216004,984080348,"[[0, 2], [0, 3], [0, 7], [0, 8], [0, 12], [0, 14], [0, 16], [0, 18], [0, 19], [1, 2], [1, 3], [1, 7], [1, 9], [1, 13], [1, 17], [2, 3], [2, 5], [2, 6], [2, 8], [3, 4], [3, 6], [3, 9], [3, 19], [4, 8], [4, 13], [4, 14], [4, 16], [4, 17], [5, 11], [5, 13], [5, 15], [6, 10], [6, 11], [6, 15], [6, 17], [6, 18], [7, 10], [7, 11], [7, 12], [7, 17], [8, 16], [8, 17], [9, 14], [9, 18], [9, 31], [10, 11], [10, 13], [10, 14], [10, 16], [10, 18], [11, 14], [11, 16], [12, 13], [12, 14], [12, 18], [13, 14], [13, 15], [13, 16], [17, 19], [18, 19], [18, 20], [20, 22], [20, 24], [20, 26], [20, 27], [20, 36], [20, 37], [20, 38], [20, 39], [21, 23], [21, 24], [21, 31], [21, 33], [21, 34], [22, 23], [22, 25], [22, 29], [22, 31], [22, 35], [22, 38], [23, 28], [23, 34], [23, 36], [23, 37], [24, 25], [24, 30], [24, 31], [24, 35], [25, 29], [25, 34], [25, 39], [26, 32], [26, 34], [26, 38], [27, 30], [27, 32], [27, 33], [28, 33], [28, 36], [28, 37], [29, 33], [29, 34], [29, 35], [30, 31], [30, 33], [30, 35], [30, 36], [30, 37], [31, 32], [31, 36], [32, 38], [33, 36], [33, 37], [33, 39], [34, 35], [34, 36], [34, 38], [35, 36], [35, 39], [36, 39]]"
g_n40_e120_k2_high_27,train,40,120,2,high,263611871057100235343810602,60.83652006783069,984080391,"[[0, 1], [0, 3], [0, 4], [0, 6], [0, 8], [0, 14], [0, 15], [0, 27], [1, 5], [1, 10], [1, 11], [1, 12], [1, 13], [1, 14], [1, 16], [1, 17], [2, 5], [2, 10], [2, 15], [3, 5], [3, 12], [3, 14], [3, 17], [3, 18], [4, 12], [4, 13], [4, 14], [5, 7], [5, 16], [6, 7], [6, 9], [6, 14], [6, 19], [7, 8], [7, 11], [7, 13], [7, 14], [8, 10], [8, 13], [8, 16], [8, 18], [8, 19], [9, 10], [9, 17], [9, 18], [9, 19], [10, 15], [10, 18], [10, 37], [11, 12], [11, 14], [11, 15], [11, 16], [12, 17], [13, 14], [13, 17], [14, 19], [15, 16], [15, 17], [15, 18], [15, 19], [20, 24], [20, 30], [20, 32], [20, 33], [20, 37], [20, 39], [21, 23], [21, 26], [21, 29], [21, 32], [21, 36], [21, 39], [22, 24], [22, 26], [22, 36], [22, 39], [23, 24], [23, 26], [23, 32], [23, 33], [23, 35], [24, 27], [24, 28], [24, 30], [24, 31], [24, 34], [25, 31], [25, 34], [25, 37], [25, 38], [26, 28], [26, 29], [26, 32], [27, 28], [27, 36], [28, 29], [28, 30], [28, 31], [28, 34], [28, 36], [28, 38], [29, 30], [29, 33], [29, 38], [29, 39], [30, 32], [30, 34], [30, 35], [31, 32], [31, 39], [32, 34], [32, 36], [33, 36], [33, 37], [34, 35], [35, 38], [36, 38], [37, 38], [38, 39]]"
g_n40_e120_k2_high_28,validation,40,120,2,high,274706452428925609422662034,60.87774531368474,984080302,"[[0, 1], [0, 2], [0, 4], [0, 6], [0, 7], [0, 10], [0, 11], [0, 14], [0, 18], [0, 38], [1, 7], [1, 10], [1, 15], [1, 19], [2, 3], [2, 5], [2, 10], [2, 16], [3, 5], [3, 7], [3, 16], [3, 17], [3, 19], [4, 6], [4, 8], [4, 9], [4, 15], [4, 16], [4, 19], [5, 6], [5, 9], [6, 7], [6, 12], [6, 16], [7, 11], [7, 14], [7, 16], [8, 11], [8, 13], [8, 14], [8, 15], [8, 19], [9, 10], [9, 13], [9, 18], [9, 19], [9, 23], [10, 11], [10, 13], [11, 12], [11, 17], [11, 19], [12, 13], [12, 14], [12, 18], [13, 16], [13, 17], [13, 19], [14, 16], [14, 18], [15, 17], [20, 23], [20, 24], [20, 33], [20, 34], [20, 35], [20, 36], [20, 37], [21, 22], [21, 27], [21, 34], [21, 35], [21, 37], [22, 26], [22, 27], [22, 30], [22, 31], [23, 30], [23, 31], [23, 34], [23, 35], [24, 28], [24, 29], [24, 32], [24, 33], [24, 35], [25, 26], [25, 31], [25, 35], [25, 38], [26, 29], [26, 35], [26, 39], [27, 30], [27, 35], [27, 37], [27, 38], [28, 34], [28, 36], [28, 37], [28, 38], [29, 32], [29, 34], [29, 35], [29, 36], [29, 39], [30, 32], [30, 33], [30, 39], [31, 32], [31, 34], [31, 35], [31, 39], [32, 33], [33, 34], [34, 38], [35, 37], [35, 38], [35, 39], [36, 38]]"
g_n40_e120_k2_high_29,train,40,120,2,high,281303879676830750102914153,60.9014777392124,984080357,"[[0, 4], [0, 5], [0, 8], [0, 12], [0, 19], [1, 2], [1, 3], [1, 6], [1, 9], [1, 10], [1, 14], [1, 16], [1, 18], [2, 11], [2, 13], [2, 15], [2, 16], [2, 17], [2, 19], [3, 4], [3, 6], [3, 11], [3, 17], [3, 18], [3, 25], [4, 6], [4, 7], [4, 9], [4, 11], [4, 15], [4, 16], [4, 17], [5, 8], [5, 10], [5, 11], [5, 12], [5, 15], [5, 16], [6, 8], [6, 13], [7, 8], [7, 12], [7, 17], [8, 9], [8, 29], [9, 10], [9, 12], [9, 16], [9, 17], [10, 13], [10, 15], [10, 18], [11, 15], [12, 13], [12, 14], [12, 19], [13, 17], [14, 15], [14, 17], [14, 19], [15, 19], [20, 23], [20, 24], [20, 25], [20, 29], [20, 31], [20, 34], [21, 23], [21, 25], [21, 27], [21, 28], [22, 23], [22, 25], [22, 29], [22, 32], [22, 36], [22, 37], [22, 39], [23, 27], [23, 31], [23, 33], [23, 39], [24, 25], [24, 26], [24, 28], [24, 31], [24, 34], [24, 37], [25, 36], [26, 28], [26, 29], [26, 32], [26, 33], [26, 38], [27, 32], [27, 37], [27, 39], [28, 29], [28, 33], [28, 36], [29, 34], [29, 36], [30, 31], [30, 33], [30, 36], [30, 37], [31, 35], [31, 36], [31, 39], [32, 33], [32, 34], [32, 37], [33, 35], [35, 36], [35, 37], [35, 39], [36, 39], [37, 38], [37, 39], [38, 39]]"
g_n40_e120_k3_low_00,test,40,120,3,low,44773402475181577601246244,59.063656500221114,985080375,"[[0, 2], [0, 3], [0, 10], [0, 11], [0, 14], [0, 15], [0, 19], [1, 3], [1, 5], [1, 6], [1, 8], [1, 22], [2, 4], [2, 11], [2, 13], [2, 14], [2, 15], [3, 5], [3, 7], [3, 16], [4, 7], [4, 10], [4, 16], [4, 18], [5, 7], [5, 10], [5, 11], [5, 12], [5, 14], [6, 14], [6, 17], [6, 19], [6, 27], [7, 9], [7, 10], [7, 12], [7, 14], [7, 16], [8, 10], [8, 14], [9, 10], [9, 11], [9, 17], [10, 13], [10, 14], [11, 13], [11, 14], [11, 17], [11, 18], [11, 19], [12, 15], [13, 14], [13, 15], [13, 18], [14, 16], [14, 17], [14, 18], [14, 19], [15, 16], [16, 19], [18, 24], [20, 26], [20, 27], [20, 33], [21, 23], [21, 25], [21, 32], [22, 25], [22, 26], [22, 27], [23, 24], [23, 25], [23, 28], [23, 30], [23, 32], [23, 34], [23, 35], [23, 39], [24, 27], [24, 39], [25, 26], [25, 28], [25, 32], [25, 33], [25, 34], [26, 28], [26, 29], [26, 30], [26, 32], [26, 33], [27, 28], [27, 29], [27, 30], [27, 35], [27, 39], [28, 29], [28, 30], [28, 32], [28, 34], [28, 35], [28, 36], [28, 38], [29, 32], [29, 39], [30, 31], [30, 32], [30, 34], [30, 35], [30, 37], [31, 35], [31, 38], [32, 39], [33, 37], [34, 35], [34, 36], [34, 37], [34, 39], [35, 36], [35, 37], [37, 38]]"
g_n40_e120_k3_low_01,test,40,120,3,low,67551116208066061128854080,59.47492682030244,985080301,"[[0, 4], [0, 7], [0, 12], [0, 13], [0, 14], [0, 18], [1, 2], [1, 5], [1, 10], [1, 11], [1, 12], [1, 14], [1, 17], [1, 19], [2, 3], [2, 5], [2, 14], [2, 15], [2, 17], [3, 6], [3, 7], [3, 8], [3, 13], [3, 14], [3, 15], [3, 16], [3, 17], [3, 18], [4, 9], [4, 12], [4, 16], [4, 19], [5, 12], [5, 14], [6, 7], [6, 12], [6, 13], [6, 14], [6, 16], [6, 19], [6, 37], [7, 15], [7, 36], [8, 9], [8, 13], [8, 17], [9, 12], [9, 16], [9, 17], [10, 16], [10, 17], [10, 19], [11, 12], [11, 16], [12, 14], [12, 16], [12, 18], [13, 17], [14, 15], [14, 19], [17, 32], [20, 25], [20, 26], [20, 28], [20, 31], [20, 35], [21, 24], [21, 26], [21, 28], [21, 29], [21, 33], [21, 36], [21, 37], [22, 29], [22, 30], [22, 36], [23, 27], [23, 30], [23, 37], [24, 25], [24, 26], [24, 27], [24, 30], [24, 33], [24, 36], [25, 26], [25, 27], [25, 30], [25, 32], [25, 33], [25, 36], [25, 39], [26, 28], [26, 33], [26, 34], [27, 32], [28, 33], [28, 35], [28, 36], [29, 30], [29, 33], [29, 36], [29, 38], [30, 39], [31, 33], [31, 36], [32, 33], [32, 34], [32, 36], [32, 38], [32, 39], [33, 36], [33, 39], [34, 36], [34, 37], [34, 38], [34, 39], [35, 36], [35, 37], [36, 37]]"
g_n40_e120_k3_low_02,train,40,120,3,low,73946633176946810415748824,59.56538589160622,985080332,"[[0, 4], [0, 11], [0, 18], [1, 8], [1, 10], [1, 15], [2, 3], [2, 4], [2, 6], [2, 8], [2, 9], [2, 10], [2, 16], [2, 18], [2, 19], [3, 9], [3, 15], [4, 5], [4, 6], [4, 10], [4, 13], [4, 17], [4, 18], [5, 6], [5, 8], [5, 9], [5, 10], [5, 15], [5, 23], [6, 7], [6, 10], [6, 14], [6, 18], [7, 9], [7, 11], [7, 13], [7, 14], [7, 15], [8, 9], [8, 12], [8, 14], [8, 15], [8, 18], [8, 20], [9, 11], [9, 14], [9, 16], [10, 18], [10, 19], [11, 12], [12, 14], [12, 16], [13, 17], [13, 18], [13, 19], [14, 15], [14, 18], [15, 19], [15, 31], [17, 18], [17, 19], [20, 21], [20, 24], [20, 25], [20, 26], [20, 29], [20, 30], [20, 32], [20, 33], [20, 34], [20, 35], [21, 23], [21, 25], [21, 28], [21, 29], [21, 30], [21, 32], [21, 39], [22, 27], [22, 31], [22, 36], [22, 37], [23, 24], [23, 26], [23, 30], [23, 34], [23, 36], [23, 37], [24, 25], [24, 26], [24, 28], [24, 30], [24, 33], [24, 34], [24, 35], [24, 37], [25, 30], [25, 36], [25, 39], [26, 30], [26, 37], [27, 31], [27, 32], [27, 34], [28, 37], [28, 38], [28, 39], [29, 30], [29, 37], [29, 38], [29, 39], [30, 37], [31, 39], [32, 36], [33, 36], [34, 36], [34, 37], [34, 39], [35, 38], [36, 38]]"
g_n40_e120_k3_low_03,train,40,120,3,low,90499028312133628453015000,59.76738134562284,985080360,"[[0, 2], [0, 3], [0, 5], [0, 9], [0, 11], [0, 14], [0, 16], [0, 19], [1, 3], [1, 4], [1, 6], [1, 11], [1, 13], [1, 21], [2, 6], [2, 7], [2, 18], [2, 39], [3, 8], [3, 11], [3, 13], [3, 17], [4, 5], [4, 6], [4, 11], [4, 12], [4, 15], [4, 16], [4, 18], [5, 7], [5, 9], [5, 10], [5, 11], [5, 17], [5, 18], [5, 19], [6, 9], [6, 11], [6, 13], [6, 16], [7, 15], [7, 18], [7, 19], [8, 10], [8, 14], [8, 18], [8, 19], [9, 13], [9, 14], [9, 15], [9, 19], [10, 16], [10, 18], [11, 12], [11, 16], [12, 18], [13, 18], [14, 16], [14, 17], [14, 18], [18, 27], [20, 24], [20, 25], [20, 35], [20, 36], [21, 22], [21, 26], [21, 39], [22, 26], [22, 35], [22, 37], [22, 38], [22, 39], [23, 26], [23, 28], [23, 32], [23, 33], [23, 35], [23, 36], [23, 37], [23, 39], [24, 25], [24, 26], [24, 28], [24, 29], [24, 30], [24, 35], [24, 38], [24, 39], [25, 27], [25, 30], [25, 33], [25, 39], [26, 27], [26, 30], [26, 31], [26, 32], [26, 35], [26, 37], [27, 31], [27, 33], [28, 34], [28, 36], [29, 35], [29, 39], [30, 33], [30, 35], [30, 39], [31, 32], [31, 33], [31, 38], [31, 39], [32, 34], [32, 35], [32, 38], [32, 39], [33, 39], [34, 39], [35, 37], [37, 38]]"
g_n40_e120_k3_low_04,validation,40,120,3,low,94311975222710288574884448,59.808650404130695,985080356,"[[0, 6], [0, 7], [0, 9], [1, 2], [1, 14], [1, 17], [2, 12], [2, 13], [2, 17], [2, 19], [3, 6], [3, 10], [3, 13], [3, 14], [4, 7], [4, 8], [4, 9], [4, 17], [4, 18], [4, 30], [5, 6], [5, 10], [5, 12], [5, 16], [5, 23], [6, 7], [6, 10], [6, 15], [6, 16], [6, 19], [7, 9], [7, 12], [7, 15], [7, 16], [7, 17], [8, 12], [8, 18], [9, 10], [9, 12], [9, 14], [9, 15], [9, 16], [9, 17], [9, 18], [10, 11], [10, 13], [10, 17], [11, 12], [11, 14], [11, 15], [11, 16], [11, 19], [12, 13], [12, 16], [12, 18], [14, 15], [14, 17], [15, 16], [15, 17], [15, 18], [16, 22], [20, 23], [20, 27], [20, 28], [20, 30], [20, 33], [20, 34], [20, 38], [21, 26], [21, 30], [21, 32], [21, 33], [21, 34], [21, 37], [22, 24], [22, 30], [22, 36], [22, 39], [23, 25], [23, 26], [23, 27], [23, 28], [23, 30], [23, 34], [23, 35], [23, 36], [24, 30], [24, 31], [24, 32], [24, 36], [24, 38], [24, 39], [25, 27], [25, 38], [26, 28], [26, 29], [26, 30], [26, 32], [26, 34], [27, 29], [27, 32], [27, 33], [27, 34], [27, 37], [28, 30], [28, 32], [28, 37], [29, 31], [29, 32], [29, 34], [29, 36], [29, 38], [31, 33], [31, 38], [32, 37], [32, 39], [33, 37], [33, 38], [35, 37], [35, 38]]"
g_n40_e120_k3_low_05,train,40,120,3,low,95177457416755380396226580,59.817785353774,985080316,"[[0, 1], [0, 2], [0, 4], [0, 7], [0, 9], [0, 14], [0, 17], [1, 2], [1, 4], [1, 5], [1, 6], [1, 7], [1, 9], [1, 12], [1, 16], [1, 17], [1, 18], [2, 6], [2, 7], [2, 8], [2, 12], [3, 10], [3, 13], [3, 18], [4, 7], [4, 11], [4, 15], [4, 16], [4, 30], [5, 8], [5, 9], [5, 11], [5, 19], [6, 14], [6, 15], [6, 16], [6, 17], [6, 19], [7, 8], [7, 15], [7, 18], [8, 17], [8, 19], [9, 16], [9, 18], [9, 19], [10, 15], [10, 17], [10, 35], [11, 12], [11, 18], [13, 15], [13, 17], [14, 15], [14, 17], [14, 19], [15, 17], [15, 18], [16, 19], [18, 19], [18, 21], [20, 21], [20, 24], [20, 27], [20, 29], [20, 30], [20, 31], [20, 32], [20, 33], [20, 39], [21, 28], [21, 29], [22, 25], [22, 28], [22, 29], [22, 31], [22, 37], [22, 38], [22, 39], [23, 24], [23, 26], [23, 28], [23, 30], [23, 32], [23, 33], [23, 34], [24, 27], [24, 32], [24, 33], [24, 34], [24, 37], [24, 39], [25, 31], [25, 36], [26, 29], [26, 30], [26, 32], [26, 34], [26, 37], [27, 34], [28, 29], [28, 30], [28, 32], [28, 34], [28, 35], [29, 30], [29, 31], [29, 39], [30, 34], [31, 35], [31, 38], [32, 33], [32, 36], [32, 38], [33, 34], [34, 35], [34, 37], [34, 38], [35, 37], [36, 39]]"
g_n40_e120_k3_low_06,train,40,120,3,low,97529830828371222299260641,59.8422005202796,985080387,"[[0, 1], [0, 3], [0, 10], [0, 11], [0, 13], [0, 18], [0, 19], [1, 2], [1, 3], [1, 6], [1, 7], [1, 10], [1, 12], [2, 4], [2, 7], [2, 10], [2, 14], [2, 15], [2, 33], [3, 9], [3, 10], [3, 13], [3, 19], [3, 23], [4, 7], [4, 14], [4, 15], [5, 6], [5, 7], [5, 8], [5, 10], [5, 11], [5, 17], [5, 18], [5, 19], [6, 7], [6, 8], [7, 10], [7, 15], [7, 18], [8, 14], [8, 32], [9, 10], [9, 12], [9, 13], [9, 15], [9, 16], [10, 17], [10, 19], [11, 19], [12, 15], [12, 16], [12, 18], [12, 19], [13, 14], [13, 18], [13, 19], [15, 18], [15, 19], [16, 19], [17, 19], [20, 26], [20, 30], [20, 33], [20, 35], [21, 24], [21, 25], [21, 30], [21, 34], [21, 36], [21, 37], [21, 38], [22, 23], [22, 26], [22, 32], [22, 33], [22, 36], [22, 39], [23, 25], [23, 31], [24, 26], [24, 28], [24, 32], [24, 36], [25, 26], [25, 27], [25, 36], [25, 37], [26, 29], [26, 33], [26, 35], [26, 36], [27, 28], [27, 30], [27, 33], [27, 35], [27, 37], [27, 39], [28, 30], [28, 32], [28, 34], [29, 36], [29, 38], [30, 35], [30, 36], [31, 32], [31, 35], [31, 39], [32, 33], [32, 34], [32, 35], [32, 38], [32, 39], [33, 35], [33, 36], [33, 39], [34, 36], [35, 37], [35, 39], [37, 39]]"
g_n40_e120_k3_low_07,validation,40,120,3,low,98056948022391281425639173,59.847590644022425,985080383,"[[0, 2], [0, 3], [0, 8], [0, 10], [0, 11], [1, 8], [1, 11], [1, 15], [1, 16], [2, 3], [2, 4], [2, 5], [2, 6], [2, 9], [2, 10], [2, 13], [2, 18], [3, 4], [3, 6], [3, 8], [3, 10], [3, 11], [3, 12], [3, 18], [4, 6], [4, 9], [4, 14], [4, 16], [5, 13], [5, 17], [6, 7], [6, 8], [6, 12], [6, 13], [6, 14], [6, 15], [7, 17], [7, 18], [8, 11], [8, 13], [8, 14], [9, 12], [9, 14], [9, 16], [9, 22], [10, 13], [10, 14], [10, 15], [10, 16], [11, 13], [11, 15], [12, 18], [12, 19], [13, 16], [13, 17], [13, 19], [13, 36], [14, 19], [15, 16], [17, 19], [17, 32], [20, 21], [20, 31], [20, 34], [20, 35], [20, 36], [20, 38], [21, 22], [21, 26], [21, 28], [21, 31], [21, 32], [21, 35], [21, 36], [21, 38], [21, 39], [22, 24], [22, 36], [22, 39], [23, 24], [23, 25], [23, 31], [23, 32], [23, 35], [23, 36], [23, 38], [24, 29], [24, 35], [24, 36], [24, 37], [24, 38], [25, 26], [25, 33], [25, 37], [26, 27], [26, 31], [26, 32], [26, 33], [26, 38], [26, 39], [27, 28], [27, 36], [27, 37], [28, 31], [28, 33], [28, 37], [29, 35], [29, 38], [30, 32], [30, 34], [30, 37], [32, 34], [32, 36], [33, 35], [33, 39], [34, 36], [35, 36], [35, 38], [36, 38], [36, 39]]"
g_n40_e120_k3_low_08,train,40,120,3,low,102347953556138708668549976,59.8904205491982,985080370,"[[0, 3], [0, 5], [0, 7], [0, 9], [0, 10], [0, 14], [1, 5], [1, 9], [1, 12], [1, 15], [1, 16], [1, 18], [2, 6], [2, 8], [2, 13], [3, 4], [3, 6], [3, 8], [3, 12], [3, 14], [3, 17], [3, 18], [3, 19], [4, 7], [4, 10], [4, 11], [4, 12], [4, 18], [4, 19], [4, 29], [5, 9], [5, 12], [5, 14], [5, 15], [5, 17], [5, 18], [5, 36], [6, 8], [7, 11], [7, 12], [7, 16], [7, 19], [8, 9], [8, 10], [8, 14], [8, 17], [8, 19], [9, 15], [9, 17], [10, 11], [10, 14], [10, 15], [11, 16], [11, 31], [12, 19], [13, 14], [13, 18], [14, 19], [15, 16], [16, 17], [16, 18], [20, 22], [20, 24], [20, 27], [20, 28], [20, 29], [20, 30], [20, 32], [20, 33], [20, 37], [21, 22], [21, 23], [21, 30], [21, 31], [21, 36], [22, 28], [22, 31], [22, 34], [23, 26], [23, 29], [23, 30], [23, 32], [24, 27], [24, 28], [24, 30], [24, 37], [25, 28], [25, 35], [25, 36], [26, 27], [26, 29], [26, 31], [26, 36], [26, 37], [26, 39], [27, 28], [27, 30], [27, 32], [27, 36], [27, 37], [27, 38], [28, 31], [28, 35], [29, 30], [29, 36], [29, 37], [29, 38], [30, 31], [30, 36], [30, 37], [31, 34], [31, 37], [31, 38], [32, 37], [33, 34], [33, 35], [33, 39], [34, 38], [34, 39], [37, 38]]"
g_n40_e120_k3_low_09,train,40,120,3,low,104159573685287179664566112,59.90796631742579,985080362,"[[0, 6], [0, 9], [0, 10], [0, 12], [0, 15], [0, 16], [1, 4], [1, 8], [1, 10], [1, 12], [1, 13], [1, 15], [1, 19], [2, 13], [2, 14], [2, 15], [3, 7], [3, 8], [3, 9], [3, 12], [3, 13], [3, 17], [4, 5], [4, 10], [5, 6], [5, 9], [5, 14], [5, 16], [5, 19], [6, 11], [6, 13], [6, 14], [6, 18], [7, 9], [7, 11], [7, 15], [7, 16], [7, 17], [8, 10], [8, 15], [8, 17], [8, 18], [9, 10], [9, 14], [9, 15], [9, 17], [10, 11], [10, 15], [10, 17], [10, 19], [13, 14], [13, 15], [14, 15], [14, 16], [14, 18], [15, 17], [15, 36], [16, 17], [16, 22], [17, 18], [19, 29], [20, 21], [20, 26], [20, 27], [20, 30], [20, 32], [20, 33], [20, 35], [21, 25], [21, 26], [21, 27], [21, 33], [22, 25], [22, 30], [22, 34], [22, 36], [23, 29], [23, 33], [23, 35], [23, 36], [24, 26], [24, 28], [24, 31], [24, 33], [25, 30], [25, 33], [25, 35], [25, 36], [25, 38], [26, 29], [26, 30], [26, 37], [27, 28], [27, 29], [27, 30], [27, 33], [27, 36], [27, 39], [28, 32], [28, 34], [29, 33], [29, 35], [29, 36], [29, 37], [29, 38], [29, 39], [30, 31], [30, 34], [30, 36], [30, 38], [31, 34], [31, 38], [32, 35], [32, 36], [32, 39], [33, 36], [33, 39], [34, 37], [34, 38], [35, 36]]"
g_n40_e120_k3_mid_10,train,40,120,3,mid,194360030991036824308832336,60.53175450084651,985080283,"[[0, 1], [0, 6], [0, 7], [0, 15], [1, 5], [1, 11], [1, 12], [1, 14], [1, 16], [2, 8], [2, 10], [2, 12], [2, 16], [2, 17], [3, 7], [3, 11], [3, 16], [3, 18], [4, 6], [4, 8], [4, 11], [4, 14], [4, 18], [5, 6], [5, 7], [5, 8], [5, 9], [5, 10], [5, 14], [6, 9], [6, 10], [6, 11], [6, 12], [6, 13], [6, 16], [7, 8], [7, 13], [7, 31], [8, 9], [8, 10], [8, 12], [8, 14], [9, 10], [9, 17], [9, 18], [9, 30], [10, 11], [10, 15], [11, 13], [11, 16], [11, 17], [12, 19], [12, 20], [13, 14], [13, 15], [13, 16], [13, 19], [15, 16], [15, 18], [15, 19], [16, 18], [20, 31], [20, 34], [20, 35], [20, 39], [21, 22], [21, 24], [21, 25], [21, 28], [21, 30], [21, 35], [21, 39], [22, 25], [22, 26], [22, 32], [23, 30], [23, 32], [23, 33], [23, 35], [23, 37], [24, 29], [24, 32], [24, 38], [25, 26], [25, 28], [25, 31], [25, 35], [25, 37], [25, 38], [25, 39], [26, 28], [26, 29], [26, 33], [26, 35], [26, 39], [27, 34], [27, 35], [27, 38], [27, 39], [28, 34], [28, 36], [28, 37], [29, 30], [29, 32], [29, 35], [29, 36], [29, 37], [29, 38], [30, 33], [30, 34], [31, 33], [33, 34], [33, 36], [33, 37], [34, 35], [35, 37], [35, 38], [35, 39], [37, 38], [37, 39]]"
g_n40_e120_k3_mid_11,validation,40,120,3,mid,199219411400232643620826598,60.55644901904828,985080291,"[[0, 4], [0, 6], [0, 7], [0, 9], [0, 15], [0, 16], [1, 9], [1, 11], [1, 12], [1, 14], [1, 16], [1, 19], [2, 6], [2, 8], [2, 13], [2, 15], [3, 5], [3, 7], [3, 11], [3, 13], [3, 14], [3, 15], [3, 17], [3, 18], [3, 19], [4, 6], [4, 10], [4, 14], [4, 15], [5, 6], [5, 7], [5, 10], [5, 12], [5, 16], [5, 17], [6, 11], [6, 14], [6, 35], [7, 9], [7, 13], [7, 16], [8, 11], [8, 13], [8, 15], [8, 16], [8, 17], [8, 18], [8, 32], [9, 12], [10, 12], [10, 13], [11, 13], [11, 16], [12, 13], [12, 14], [12, 15], [12, 18], [13, 14], [16, 22], [17, 18], [17, 19], [20, 24], [20, 26], [20, 30], [20, 31], [21, 22], [21, 23], [21, 30], [21, 31], [21, 35], [22, 25], [22, 29], [22, 30], [22, 32], [22, 34], [22, 38], [23, 24], [23, 28], [23, 30], [23, 35], [23, 37], [23, 38], [23, 39], [24, 25], [24, 26], [24, 28], [24, 31], [24, 32], [24, 33], [24, 35], [24, 38], [25, 26], [25, 27], [25, 30], [25, 33], [25, 34], [26, 36], [27, 29], [27, 30], [27, 31], [27, 32], [27, 34], [27, 37], [28, 30], [28, 37], [29, 33], [29, 37], [29, 39], [30, 32], [30, 35], [31, 36], [32, 33], [32, 37], [32, 38], [33, 34], [33, 36], [33, 37], [33, 39], [34, 38], [37, 38]]"
g_n40_e120_k3_mid_12,validation,40,120,3,mid,201585105987036170591463876,60.56825388629256,985080374,"[[0, 7], [0, 12], [0, 13], [0, 16], [0, 19], [1, 3], [1, 6], [1, 9], [1, 12], [1, 18], [1, 19], [2, 4], [2, 6], [2, 9], [2, 12], [2, 14], [2, 16], [2, 17], [2, 24], [3, 4], [3, 7], [3, 14], [3, 17], [3, 18], [4, 5], [4, 7], [4, 13], [4, 18], [5, 8], [5, 11], [5, 13], [5, 15], [5, 17], [5, 25], [6, 7], [6, 9], [6, 12], [6, 14], [6, 16], [6, 19], [7, 10], [7, 11], [7, 12], [7, 19], [8, 10], [8, 11], [8, 14], [9, 12], [9, 18], [10, 15], [10, 17], [10, 18], [12, 16], [12, 17], [12, 18], [13, 14], [13, 15], [14, 18], [16, 17], [16, 19], [18, 21], [20, 24], [20, 25], [20, 28], [20, 32], [20, 34], [21, 24], [21, 29], [21, 30], [21, 39], [22, 25], [22, 28], [22, 30], [22, 31], [22, 32], [22, 35], [23, 25], [23, 27], [23, 32], [23, 36], [24, 26], [24, 33], [24, 34], [25, 27], [25, 31], [25, 32], [25, 33], [25, 34], [25, 36], [25, 39], [26, 28], [26, 31], [26, 33], [26, 34], [26, 36], [26, 37], [26, 39], [27, 29], [27, 36], [27, 37], [27, 38], [28, 30], [29, 30], [29, 31], [29, 35], [29, 36], [29, 37], [29, 39], [30, 31], [30, 36], [30, 39], [31, 32], [31, 33], [32, 35], [33, 35], [33, 36], [34, 36], [34, 39], [37, 38], [38, 39]]"
g_n40_e120_k3_mid_13,train,40,120,3,mid,202621925994183991500632485,60.573384040886985,985080329,"[[0, 1], [0, 11], [0, 15], [0, 18], [0, 19], [1, 3], [1, 4], [1, 12], [1, 16], [2, 3], [2, 5], [2, 9], [2, 10], [2, 15], [2, 17], [3, 6], [3, 13], [3, 17], [3, 18], [3, 19], [4, 9], [4, 14], [4, 16], [4, 18], [4, 29], [5, 7], [5, 13], [5, 15], [5, 18], [6, 9], [6, 10], [6, 13], [6, 15], [6, 19], [7, 13], [7, 16], [7, 19], [8, 9], [8, 10], [8, 11], [8, 13], [8, 16], [9, 11], [9, 12], [9, 13], [9, 17], [9, 18], [9, 25], [10, 11], [10, 13], [10, 14], [10, 15], [11, 16], [12, 14], [12, 19], [13, 18], [13, 19], [14, 16], [14, 19], [15, 16], [18, 20], [20, 21], [20, 23], [20, 28], [20, 31], [20, 34], [20, 37], [20, 39], [21, 22], [21, 29], [21, 35], [21, 37], [21, 38], [22, 23], [22, 28], [22, 30], [23, 32], [23, 35], [23, 36], [23, 38], [23, 39], [24, 26], [24, 28], [24, 30], [24, 38], [25, 27], [25, 29], [25, 37], [25, 38], [25, 39], [26, 28], [26, 29], [26, 32], [26, 35], [26, 37], [26, 38], [26, 39], [27, 28], [27, 32], [27, 33], [27, 35], [27, 37], [27, 39], [28, 30], [28, 32], [28, 34], [28, 39], [29, 31], [29, 32], [29, 33], [29, 35], [29, 36], [30, 36], [31, 37], [32, 35], [33, 34], [33, 35], [35, 36], [35, 38], [35, 39]]"
g_n40_e120_k3_mid_14,test,40,120,3,mid,203152932418930251860638171,60.57600128893403,985080359,"[[0, 2], [0, 6], [0, 9], [0, 12], [0, 19], [1, 7], [1, 12], [1, 18], [2, 4], [2, 5], [2, 9], [2, 14], [2, 17], [3, 7], [3, 9], [3, 10], [3, 12], [3, 13], [3, 16], [4, 5], [4, 6], [4, 8], [4, 9], [4, 18], [4, 19], [4, 27], [5, 11], [5, 12], [5, 13], [5, 14], [6, 8], [6, 13], [6, 17], [7, 8], [7, 11], [7, 14], [8, 9], [8, 14], [9, 10], [9, 11], [9, 14], [9, 15], [9, 19], [10, 12], [10, 18], [10, 19], [11, 12], [11, 13], [11, 14], [11, 15], [11, 16], [12, 18], [12, 19], [12, 25], [13, 15], [14, 16], [14, 17], [14, 18], [14, 19], [16, 37], [17, 18], [20, 21], [20, 29], [20, 32], [20, 34], [20, 36], [20, 38], [21, 24], [21, 25], [21, 26], [21, 29], [21, 32], [21, 37], [22, 23], [22, 24], [22, 28], [22, 29], [22, 32], [22, 35], [22, 37], [22, 38], [22, 39], [23, 24], [23, 26], [24, 30], [24, 32], [25, 28], [25, 30], [25, 36], [25, 38], [26, 27], [26, 29], [26, 31], [27, 28], [27, 29], [27, 30], [27, 38], [28, 30], [28, 35], [28, 36], [28, 39], [29, 31], [29, 33], [29, 35], [29, 37], [30, 31], [30, 33], [30, 34], [30, 36], [30, 37], [31, 38], [31, 39], [32, 34], [32, 35], [33, 37], [33, 39], [34, 36], [34, 38], [36, 37], [36, 38]]"
g_n40_e120_k3_mid_15,train,40,120,3,mid,203929276162987969387325982,60.57981548011646,985080341,"[[0, 4], [0, 5], [0, 6], [0, 7], [0, 10], [0, 12], [0, 13], [0, 18], [0, 19], [1, 2], [1, 4], [1, 6], [1, 13], [1, 15], [2, 3], [2, 8], [2, 9], [2, 13], [3, 4], [3, 5], [3, 6], [3, 11], [3, 12], [3, 19], [4, 7], [4, 9], [4, 10], [4, 12], [4, 18], [4, 19], [5, 7], [5, 9], [5, 10], [5, 12], [5, 19], [6, 9], [6, 12], [6, 15], [7, 8], [7, 12], [7, 19], [8, 14], [8, 15], [8, 38], [9, 11], [9, 12], [9, 13], [9, 16], [10, 11], [10, 13], [10, 16], [11, 37], [12, 20], [13, 14], [13, 17], [14, 16], [14, 17], [14, 18], [14, 19], [16, 17], [16, 18], [20, 23], [20, 27], [20, 30], [20, 34], [20, 36], [20, 37], [21, 24], [21, 25], [21, 28], [21, 32], [21, 34], [21, 35], [22, 25], [22, 26], [22, 29], [22, 30], [22, 31], [22, 37], [22, 38], [23, 30], [23, 32], [23, 35], [24, 27], [24, 29], [24, 30], [24, 31], [24, 32], [24, 33], [24, 38], [25, 27], [25, 31], [25, 36], [25, 38], [26, 27], [26, 28], [26, 31], [26, 34], [26, 35], [27, 30], [27, 33], [27, 38], [28, 30], [28, 31], [28, 32], [28, 36], [29, 38], [30, 31], [30, 35], [31, 34], [31, 38], [31, 39], [32, 39], [33, 37], [34, 37], [36, 37], [36, 38], [36, 39], [37, 39], [38, 39]]"
g_n40_e120_k3_mid_16,test,40,120,3,mid,204556014120605474196345738,60.582884077514315,985080397,"[[0, 2], [0, 3], [0, 7], [0, 10], [0, 17], [1, 9], [1, 10], [1, 11], [1, 17], [2, 5], [2, 7], [2, 9], [3, 4], [3, 5], [3, 6], [3, 8], [3, 9], [3, 11], [3, 12], [3, 13], [3, 14], [3, 15], [4, 5], [4, 6], [4, 13], [4, 20], [5, 11], [5, 14], [5, 19], [6, 9], [6, 15], [6, 16], [6, 17], [7, 8], [7, 11], [7, 18], [7, 19], [8, 9], [8, 12], [8, 15], [9, 10], [9, 11], [9, 12], [9, 14], [9, 17], [9, 37], [10, 17], [11, 12], [12, 15], [12, 17], [12, 18], [13, 15], [13, 19], [14, 16], [15, 16], [15, 17], [16, 17], [16, 18], [16, 21], [17, 19], [18, 19], [20, 23], [20, 31], [20, 32], [20, 37], [21, 24], [21, 25], [21, 26], [21, 29], [21, 30], [21, 35], [21, 37], [22, 24], [22, 27], [22, 30], [22, 33], [22, 36], [23, 25], [23, 26], [23, 27], [23, 28], [23, 29], [23, 33], [23, 37], [23, 38], [24, 28], [24, 29], [24, 39], [25, 28], [25, 31], [25, 34], [25, 35], [25, 37], [26, 28], [26, 37], [27, 32], [27, 33], [27, 35], [27, 39], [28, 30], [29, 30], [29, 31], [29, 33], [29, 34], [29, 37], [30, 32], [30, 33], [30, 36], [30, 38], [31, 36], [31, 38], [32, 35], [32, 37], [33, 34], [33, 37], [33, 39], [34, 38], [34, 39], [35, 36], [35, 37]]"
g_n40_e120_k3_mid_17,train,40,120,3,mid,205174690913480926972876375,60.58590399891862,985080350,"[[0, 10], [0, 13], [0, 18], [1, 2], [1, 3], [1, 4], [1, 5], [1, 14], [1, 16], [1, 19], [2, 9], [2, 12], [2, 19], [2, 32], [3, 5], [3, 8], [3, 9], [3, 11], [3, 14], [3, 18], [4, 6], [4, 7], [4, 16], [4, 17], [5, 8], [5, 13], [5, 15], [5, 17], [6, 11], [6, 13], [6, 17], [7, 11], [7, 12], [7, 14], [7, 37], [8, 11], [8, 12], [8, 16], [8, 17], [8, 18], [8, 21], [9, 16], [9, 18], [10, 16], [10, 17], [10, 18], [10, 19], [11, 17], [11, 19], [12, 13], [12, 14], [12, 18], [13, 15], [13, 16], [13, 18], [15, 16], [15, 18], [15, 19], [16, 18], [17, 18], [18, 19], [20, 21], [20, 23], [20, 27], [20, 33], [20, 34], [20, 36], [21, 23], [21, 33], [21, 34], [22, 25], [22, 30], [22, 31], [22, 33], [22, 34], [22, 36], [23, 24], [23, 26], [23, 38], [24, 26], [24, 34], [24, 38], [24, 39], [25, 26], [25, 27], [25, 28], [25, 33], [25, 36], [26, 27], [26, 28], [26, 32], [26, 38], [27, 29], [27, 31], [27, 33], [27, 34], [27, 35], [28, 31], [28, 32], [28, 39], [29, 32], [29, 35], [29, 36], [30, 31], [30, 32], [30, 38], [31, 34], [31, 36], [31, 37], [32, 34], [32, 36], [32, 38], [32, 39], [33, 36], [33, 37], [34, 36], [34, 38], [35, 38], [37, 38], [38, 39]]"
g_n40_e120_k3_mid_18,train,40,120,3,mid,206574543303695394493167976,60.59270356364048,985080345,"[[0, 2], [0, 4], [0, 16], [1, 7], [1, 8], [1, 16], [1, 17], [1, 18], [2, 4], [2, 6], [2, 10], [2, 11], [2, 14], [2, 39], [3, 14], [3, 16], [3, 18], [3, 34], [4, 5], [4, 10], [4, 11], [4, 16], [4, 17], [5, 9], [5, 11], [5, 17], [5, 18], [5, 19], [6, 8], [6, 9], [6, 11], [6, 17], [6, 19], [7, 9], [7, 15], [7, 16], [7, 17], [8, 10], [8, 11], [8, 18], [8, 19], [9, 10], [9, 11], [9, 12], [9, 14], [9, 17], [9, 19], [10, 11], [10, 15], [10, 18], [11, 14], [11, 15], [12, 16], [12, 17], [13, 15], [13, 16], [13, 18], [14, 19], [15, 17], [18, 19], [18, 28], [20, 21], [20, 22], [20, 24], [20, 25], [20, 27], [20, 31], [20, 34], [20, 35], [20, 36], [20, 38], [21, 28], [21, 30], [21, 31], [21, 33], [21, 35], [22, 24], [22, 25], [22, 28], [22, 29], [22, 31], [22, 32], [22, 33], [23, 26], [23, 27], [23, 31], [23, 33], [23, 35], [23, 38], [24, 26], [24, 34], [24, 39], [25, 27], [25, 28], [25, 30], [25, 32], [25, 37], [25, 38], [26, 31], [26, 39], [27, 29], [27, 36], [28, 29], [28, 32], [28, 34], [28, 39], [29, 31], [30, 36], [30, 37], [30, 38], [30, 39], [31, 32], [32, 34], [33, 34], [33, 35], [33, 36], [33, 38], [34, 39], [35, 37], [38, 39]]"
g_n40_e120_k3_mid_19,train,40,120,3,mid,207651121364030482092899881,60.597901602179476,985080389,"[[0, 5], [0, 7], [0, 12], [0, 14], [1, 3], [1, 4], [1, 6], [1, 9], [1, 13], [1, 16], [1, 18], [1, 19], [2, 9], [2, 10], [2, 11], [2, 13], [2, 16], [2, 17], [2, 18], [2, 19], [3, 4], [3, 9], [3, 11], [4, 6], [4, 8], [4, 11], [4, 15], [4, 16], [5, 11], [5, 15], [5, 16], [5, 20], [6, 7], [6, 10], [6, 15], [6, 16], [7, 10], [7, 15], [8, 11], [8, 14], [9, 14], [9, 15], [9, 18], [9, 19], [10, 15], [10, 18], [10, 19], [11, 27], [12, 13], [12, 14], [12, 17], [12, 19], [13, 15], [13, 16], [13, 18], [14, 19], [15, 18], [15, 19], [16, 17], [17, 18], [18, 25], [20, 21], [20, 22], [20, 24], [20, 25], [20, 29], [21, 24], [21, 26], [21, 29], [21, 32], [21, 37], [22, 23], [22, 26], [22, 35], [23, 30], [23, 33], [24, 26], [24, 32], [24, 36], [24, 39], [25, 29], [25, 30], [25, 32], [26, 28], [26, 31], [26, 36], [26, 38], [26, 39], [27, 28], [27, 34], [27, 36], [28, 29], [28, 32], [28, 33], [28, 34], [28, 36], [28, 37], [28, 39], [29, 32], [29, 34], [29, 35], [29, 37], [30, 31], [30, 32], [30, 34], [30, 35], [30, 36], [30, 38], [31, 32], [31, 34], [31, 35], [32, 36], [33, 35], [33, 37], [33, 38], [34, 35], [35, 37], [35, 39], [36, 37], [36, 38]]"
g_n40_e120_k3_high_20,train,40,120,3,high,304680754009912183902413044,60.98130675211874,985080382,"[[0, 2], [0, 3], [0, 6], [0, 12], [0, 13], [0, 14], [0, 18], [1, 5], [1, 6], [1, 8], [1, 16], [1, 18], [2, 7], [2, 14], [3, 5], [3, 11], [3, 12], [3, 13], [3, 14], [4, 7], [4, 11], [4, 12], [4, 14], [4, 16], [4, 17], [5, 7], [5, 13], [5, 14], [5, 16], [6, 10], [6, 11], [6, 12], [6, 16], [6, 17], [7, 11], [7, 14], [7, 15], [8, 9], [8, 10], [8, 11], [8, 12], [8, 14], [9, 11], [9, 14], [9, 15], [9, 17], [10, 12], [10, 17], [10, 18], [10, 19], [11, 12], [11, 13], [11, 18], [11, 32], [12, 39], [13, 15], [13, 19], [14, 35], [15, 19], [16, 18], [17, 18], [20, 22], [20, 27], [20, 28], [20, 34], [20, 35], [20, 36], [20, 38], [20, 39], [21, 22], [21, 24], [21, 26], [21, 30], [21, 34], [22, 28], [22, 31], [22, 32], [22, 39], [23, 31], [23, 34], [23, 35], [24, 25], [24, 26], [24, 29], [24, 33], [24, 37], [24, 39], [25, 27], [25, 29], [25, 34], [25, 39], [26, 28], [26, 29], [27, 28], [27, 29], [27, 32], [27, 36], [28, 33], [28, 34], [28, 37], [29, 30], [29, 31], [30, 31], [30, 32], [30, 35], [30, 38], [30, 39], [31, 36], [31, 37], [31, 39], [32, 33], [32, 39], [33, 36], [34, 36], [35, 36], [35, 38], [36, 37], [36, 38], [36, 39], [37, 38]]"
g_n40_e120_k3_high_21,test,40,120,3,high,312577626604224984486863636,61.006895075319626,985080293,"[[0, 2], [0, 5], [0, 6], [0, 8], [0, 9], [0, 10], [1, 5], [1, 6], [1, 7], [1, 10], [1, 17], [2, 9], [2, 15], [2, 16], [2, 18], [3, 6], [3, 13], [3, 14], [3, 15], [3, 16], [3, 17], [3, 19], [3, 28], [4, 8], [4, 10], [4, 14], [4, 15], [4, 19], [5, 7], [5, 8], [5, 9], [5, 14], [6, 11], [6, 14], [6, 19], [7, 9], [7, 15], [7, 17], [7, 19], [8, 12], [9, 12], [9, 15], [9, 18], [10, 11], [10, 12], [11, 16], [11, 19], [12, 13], [12, 14], [12, 18], [13, 14], [13, 15], [13, 30], [14, 16], [14, 17], [14, 18], [15, 16], [15, 19], [16, 17], [17, 19], [19, 37], [20, 21], [20, 23], [20, 27], [20, 28], [20, 32], [20, 34], [20, 36], [20, 37], [21, 24], [21, 26], [21, 27], [21, 30], [21, 31], [21, 33], [21, 37], [22, 25], [22, 26], [22, 28], [22, 29], [22, 33], [22, 35], [22, 36], [23, 30], [23, 32], [23, 36], [23, 39], [24, 26], [24, 29], [24, 30], [25, 27], [25, 30], [25, 31], [25, 33], [26, 28], [26, 39], [27, 30], [27, 33], [27, 37], [27, 38], [27, 39], [28, 37], [29, 30], [29, 31], [29, 34], [29, 35], [29, 37], [29, 39], [30, 31], [30, 36], [31, 32], [31, 33], [31, 39], [32, 33], [33, 34], [34, 37], [34, 38], [34, 39], [35, 38], [35, 39]]"
g_n40_e120_k3_high_22,train,40,120,3,high,316449642231447780625986214,61.019206352508796,985080285,"[[0, 1], [0, 5], [0, 9], [0, 16], [1, 3], [1, 6], [1, 7], [1, 13], [1, 19], [2, 5], [2, 6], [2, 7], [2, 10], [2, 12], [2, 13], [2, 15], [2, 17], [2, 18], [2, 19], [3, 8], [3, 10], [3, 14], [3, 17], [3, 19], [4, 9], [4, 10], [4, 14], [4, 15], [4, 19], [5, 7], [5, 8], [5, 10], [5, 11], [5, 15], [5, 19], [6, 8], [6, 11], [6, 12], [6, 14], [6, 16], [7, 9], [7, 14], [7, 36], [8, 9], [8, 16], [8, 18], [8, 19], [10, 13], [10, 17], [11, 15], [11, 19], [12, 13], [12, 15], [13, 14], [13, 19], [14, 17], [15, 18], [16, 18], [16, 25], [17, 19], [17, 39], [20, 24], [20, 25], [20, 28], [20, 29], [20, 33], [21, 22], [21, 25], [21, 26], [21, 27], [21, 30], [21, 31], [21, 35], [21, 37], [22, 26], [22, 29], [22, 31], [22, 33], [22, 34], [22, 38], [22, 39], [23, 29], [23, 30], [23, 31], [23, 38], [23, 39], [24, 30], [24, 33], [24, 35], [24, 36], [24, 37], [24, 38], [24, 39], [25, 27], [25, 38], [26, 28], [26, 39], [27, 29], [27, 30], [27, 34], [27, 36], [28, 35], [28, 36], [29, 35], [29, 36], [29, 39], [30, 31], [30, 37], [31, 32], [31, 33], [31, 37], [32, 34], [32, 35], [33, 36], [33, 38], [33, 39], [34, 36], [35, 36], [36, 37], [36, 38]]"
g_n40_e120_k3_high_23,train,40,120,3,high,318829525741352346183429128,61.02669878973354,985080282,"[[0, 1], [0, 8], [0, 11], [0, 12], [0, 14], [1, 5], [1, 8], [1, 13], [1, 14], [1, 15], [1, 19], [2, 3], [2, 4], [2, 6], [2, 9], [2, 10], [2, 14], [2, 16], [2, 19], [3, 5], [3, 8], [3, 10], [3, 17], [3, 18], [4, 5], [4, 6], [4, 7], [4, 10], [4, 11], [4, 13], [4, 17], [5, 6], [5, 12], [5, 13], [5, 14], [5, 16], [5, 17], [6, 9], [6, 10], [6, 25], [7, 8], [7, 9], [7, 13], [7, 18], [7, 19], [8, 11], [8, 12], [9, 12], [9, 15], [9, 16], [10, 16], [10, 17], [10, 19], [10, 21], [11, 17], [13, 15], [13, 16], [14, 19], [15, 17], [15, 18], [19, 34], [20, 22], [20, 23], [20, 28], [20, 34], [20, 36], [20, 39], [21, 26], [21, 28], [21, 36], [21, 39], [22, 26], [22, 31], [22, 33], [22, 34], [22, 37], [23, 24], [23, 27], [23, 30], [23, 32], [23, 35], [23, 36], [23, 39], [24, 26], [24, 29], [24, 30], [24, 31], [24, 39], [25, 30], [25, 31], [25, 35], [25, 36], [26, 28], [26, 33], [26, 36], [26, 38], [27, 28], [27, 29], [27, 36], [28, 33], [28, 39], [29, 30], [29, 32], [29, 33], [29, 35], [30, 32], [30, 34], [30, 36], [31, 35], [31, 38], [32, 34], [32, 36], [32, 37], [32, 38], [34, 36], [34, 38], [35, 37], [36, 38], [36, 39], [38, 39]]"
g_n40_e120_k3_high_24,train,40,120,3,high,328456483418787794904381441,61.056446590439904,985080358,"[[0, 3], [0, 4], [0, 6], [0, 18], [1, 5], [1, 7], [1, 10], [1, 14], [1, 17], [1, 18], [1, 19], [2, 3], [2, 5], [2, 7], [2, 13], [2, 15], [2, 38], [3, 4], [3, 7], [3, 9], [3, 11], [3, 33], [4, 5], [4, 12], [4, 16], [4, 18], [5, 6], [5, 7], [5, 8], [5, 16], [6, 10], [6, 16], [6, 17], [6, 19], [7, 10], [7, 16], [7, 17], [7, 28], [8, 11], [8, 12], [8, 17], [8, 19], [9, 18], [9, 19], [10, 11], [10, 12], [10, 13], [10, 18], [11, 12], [11, 14], [11, 19], [12, 13], [12, 14], [12, 15], [13, 14], [14, 16], [14, 19], [15, 17], [15, 18], [16, 17], [16, 18], [20, 22], [20, 25], [20, 30], [20, 34], [20, 37], [21, 22], [21, 23], [21, 24], [21, 26], [21, 29], [21, 34], [21, 36], [22, 26], [22, 28], [22, 30], [22, 31], [22, 32], [22, 37], [22, 38], [22, 39], [23, 24], [23, 29], [23, 32], [23, 33], [23, 35], [23, 38], [24, 28], [24, 31], [24, 32], [24, 35], [25, 31], [25, 33], [25, 34], [25, 35], [25, 38], [26, 28], [26, 39], [27, 28], [27, 29], [27, 35], [28, 34], [28, 36], [28, 38], [29, 31], [29, 33], [29, 34], [29, 39], [30, 33], [30, 35], [30, 38], [31, 34], [32, 34], [32, 39], [33, 34], [34, 39], [35, 36], [35, 37], [35, 39], [36, 38]]"
g_n40_e120_k3_high_25,validation,40,120,3,high,330272689606064695667156819,61.06196087723277,985080361,"[[0, 2], [0, 5], [0, 11], [0, 12], [0, 16], [1, 7], [1, 10], [1, 12], [1, 13], [1, 15], [1, 18], [2, 3], [2, 7], [2, 9], [2, 11], [2, 12], [2, 13], [2, 17], [2, 18], [3, 8], [3, 19], [3, 21], [4, 8], [4, 12], [4, 14], [4, 18], [4, 19], [5, 6], [5, 8], [5, 9], [5, 17], [5, 19], [6, 7], [6, 12], [6, 14], [6, 15], [6, 18], [7, 13], [7, 14], [7, 15], [7, 17], [7, 18], [8, 11], [8, 15], [9, 11], [9, 15], [9, 16], [10, 15], [10, 17], [11, 12], [11, 17], [11, 19], [12, 15], [12, 17], [12, 33], [13, 15], [13, 17], [13, 19], [16, 19], [18, 19], [18, 36], [20, 22], [20, 26], [20, 34], [20, 35], [20, 37], [21, 24], [21, 27], [21, 31], [21, 32], [21, 36], [21, 38], [22, 26], [22, 27], [22, 30], [22, 35], [23, 25], [23, 29], [23, 32], [23, 33], [23, 37], [23, 38], [24, 26], [24, 29], [24, 31], [24, 36], [25, 29], [25, 33], [25, 34], [25, 37], [26, 27], [26, 31], [26, 37], [26, 38], [26, 39], [27, 30], [27, 32], [27, 36], [27, 39], [28, 30], [28, 32], [28, 33], [28, 35], [28, 36], [28, 38], [29, 31], [29, 39], [30, 33], [30, 36], [30, 37], [30, 38], [31, 33], [31, 35], [31, 39], [32, 35], [32, 36], [34, 35], [34, 39], [35, 39], [36, 37]]"
g_n40_e120_k3_high_26,validation,40,120,3,high,388663322668508426898042720,61.224755706293564,985080352,"[[0, 2], [0, 3], [0, 5], [0, 14], [0, 15], [0, 16], [0, 17], [0, 19], [1, 3], [1, 4], [1, 8], [1, 13], [1, 15], [1, 18], [2, 7], [2, 10], [2, 15], [2, 19], [2, 28], [3, 5], [3, 6], [3, 7], [3, 9], [3, 14], [3, 20], [4, 11], [4, 14], [4, 16], [4, 18], [5, 6], [5, 9], [5, 10], [5, 12], [5, 18], [6, 7], [6, 17], [6, 19], [7, 8], [7, 11], [7, 14], [8, 12], [8, 13], [8, 19], [9, 13], [9, 17], [9, 19], [10, 11], [10, 13], [10, 15], [10, 18], [11, 14], [11, 15], [11, 16], [12, 13], [12, 16], [13, 18], [14, 15], [14, 18], [14, 19], [15, 17], [18, 33], [20, 25], [20, 32], [20, 33], [20, 36], [20, 37], [21, 22], [21, 24], [21, 27], [21, 36], [21, 38], [22, 28], [22, 32], [22, 35], [22, 37], [22, 38], [22, 39], [23, 28], [23, 30], [23, 34], [23, 38], [24, 29], [24, 34], [24, 35], [24, 37], [25, 26], [25, 29], [25, 30], [25, 31], [25, 32], [26, 27], [26, 32], [26, 35], [26, 37], [26, 38], [27, 31], [27, 32], [27, 33], [27, 38], [28, 37], [28, 39], [29, 32], [29, 36], [29, 39], [30, 35], [31, 33], [31, 36], [32, 35], [32, 36], [32, 38], [32, 39], [33, 34], [33, 36], [33, 38], [34, 37], [34, 38], [34, 39], [35, 37], [35, 38], [36, 37]]"
g_n40_e120_k3_high_27,train,40,120,3,high,424065312740423958643965132,61.31192971470832,985080391,"[[0, 6], [0, 7], [0, 9], [0, 16], [1, 5], [1, 9], [1, 10], [1, 15], [1, 16], [2, 5], [2, 6], [2, 14], [2, 18], [2, 19], [3, 4], [3, 12], [3, 13], [3, 16], [3, 19], [3, 30], [4, 9], [4, 10], [4, 14], [4, 19], [5, 8], [5, 9], [5, 10], [5, 14], [5, 17], [6, 8], [6, 9], [6, 12], [6, 13], [6, 15], [6, 18], [7, 8], [7, 13], [7, 15], [7, 16], [8, 9], [8, 11], [8, 12], [8, 13], [8, 16], [8, 19], [9, 10], [9, 11], [9, 12], [9, 17], [10, 16], [11, 16], [11, 19], [12, 13], [12, 15], [12, 18], [12, 20], [14, 17], [14, 18], [14, 19], [17, 18], [19, 23], [20, 23], [20, 24], [20, 27], [20, 30], [20, 31], [20, 34], [21, 22], [21, 28], [21, 30], [21, 37], [21, 38], [22, 26], [22, 29], [22, 34], [22, 38], [23, 27], [23, 28], [23, 34], [23, 35], [24, 27], [24, 37], [24, 38], [24, 39], [25, 27], [25, 31], [25, 33], [25, 37], [25, 39], [26, 27], [26, 32], [26, 35], [26, 37], [27, 28], [27, 37], [28, 31], [28, 33], [28, 37], [29, 30], [29, 32], [29, 35], [29, 37], [29, 38], [30, 33], [30, 38], [31, 32], [31, 36], [31, 38], [31, 39], [32, 33], [32, 35], [32, 39], [33, 38], [34, 35], [34, 36], [34, 39], [35, 36], [36, 38], [36, 39], [38, 39]]"
g_n40_e120_k3_high_28,train,40,120,3,high,433671423661342172412776039,61.334329390883475,985080324,"[[0, 4], [0, 6], [0, 11], [0, 14], [1, 3], [1, 9], [1, 10], [1, 12], [2, 4], [2, 6], [2, 8], [2, 10], [2, 11], [2, 13], [2, 16], [2, 17], [3, 4], [3, 7], [3, 8], [3, 11], [3, 15], [3, 19], [4, 6], [4, 15], [4, 17], [4, 19], [5, 9], [5, 12], [5, 13], [5, 18], [5, 19], [6, 9], [6, 14], [6, 16], [6, 19], [7, 8], [7, 9], [7, 11], [7, 12], [7, 14], [7, 18], [8, 9], [8, 11], [8, 15], [8, 17], [8, 18], [8, 27], [10, 12], [10, 16], [11, 18], [11, 19], [12, 13], [12, 16], [13, 17], [13, 18], [14, 15], [14, 19], [15, 22], [16, 17], [16, 19], [17, 29], [20, 21], [20, 22], [20, 27], [20, 30], [20, 31], [20, 34], [20, 35], [21, 23], [21, 25], [21, 27], [21, 30], [21, 32], [21, 34], [21, 38], [22, 27], [22, 31], [22, 36], [22, 38], [23, 25], [23, 32], [23, 37], [23, 39], [24, 26], [24, 29], [24, 31], [24, 36], [24, 38], [25, 28], [25, 32], [25, 37], [26, 30], [26, 32], [26, 33], [26, 36], [26, 39], [28, 32], [28, 35], [28, 36], [28, 38], [28, 39], [29, 34], [29, 35], [29, 36], [29, 39], [30, 33], [30, 34], [31, 33], [31, 37], [31, 38], [32, 33], [32, 39], [33, 34], [33, 37], [33, 38], [34, 35], [35, 38], [36, 38], [37, 38], [37, 39]]"
g_n40_e120_k3_high_29,test,40,120,3,high,571575657810082760830685462,61.610439090949455,985080322,"[[0, 2], [0, 6], [0, 8], [0, 10], [0, 11], [0, 13], [1, 5], [1, 6], [1, 7], [1, 11], [1, 13], [1, 16], [1, 18], [2, 3], [2, 5], [2, 14], [2, 19], [3, 10], [3, 11], [3, 13], [3, 16], [3, 19], [3, 25], [4, 6], [4, 10], [4, 11], [4, 12], [4, 14], [4, 16], [4, 18], [4, 19], [5, 6], [5, 10], [5, 15], [5, 16], [6, 10], [6, 19], [6, 20], [7, 12], [7, 13], [7, 14], [7, 18], [8, 9], [8, 12], [8, 16], [8, 18], [8, 19], [9, 10], [9, 12], [9, 13], [10, 14], [10, 17], [11, 14], [11, 17], [12, 17], [13, 14], [15, 17], [15, 18], [15, 19], [17, 19], [18, 30], [20, 26], [20, 27], [20, 29], [20, 30], [20, 31], [20, 37], [20, 38], [21, 22], [21, 25], [21, 30], [21, 39], [22, 24], [22, 28], [22, 29], [22, 30], [22, 35], [22, 37], [22, 38], [23, 24], [23, 26], [23, 27], [23, 31], [23, 33], [23, 35], [24, 31], [24, 34], [24, 36], [25, 26], [25, 29], [25, 32], [25, 33], [25, 34], [25, 39], [26, 27], [26, 30], [27, 28], [27, 29], [27, 33], [27, 35], [27, 38], [28, 30], [28, 32], [28, 36], [28, 37], [28, 38], [29, 37], [30, 31], [30, 34], [31, 36], [32, 33], [32, 36], [33, 34], [33, 37], [33, 39], [34, 35], [34, 36], [36, 38], [37, 38], [37, 39]]"
