graph_id,state_id,split,horizon_fraction,h_steps,K,z,collapse_fraction
g_n24_e48_k2_low_00,g_n24_e48_k2_low_00_p0,train,0.05,3,64,0,0.0
g_n24_e48_k2_low_00,g_n24_e48_k2_low_00_p0,train,0.1,5,64,1,0.015625
g_n24_e48_k2_low_00,g_n24_e48_k2_low_00_p0,train,0.15,8,64,10,0.15625
g_n24_e48_k2_low_00,g_n24_e48_k2_low_00_p3,train,0.05,3,64,4,0.0625
g_n24_e48_k2_low_00,g_n24_e48_k2_low_00_p3,train,0.1,5,64,6,0.09375
g_n24_e48_k2_low_00,g_n24_e48_k2_low_00_p3,train,0.15,7,64,17,0.265625
g_n24_e48_k2_low_01,g_n24_e48_k2_low_01_p0,test,0.05,3,64,1,0.015625
g_n24_e48_k2_low_01,g_n24_e48_k2_low_01_p0,test,0.1,5,64,9,0.140625
g_n24_e48_k2_low_01,g_n24_e48_k2_low_01_p0,test,0.15,8,64,16,0.25
g_n24_e48_k2_low_01,g_n24_e48_k2_low_01_p3,test,0.05,3,64,5,0.078125
g_n24_e48_k2_low_01,g_n24_e48_k2_low_01_p3,test,0.1,5,64,12,0.1875
g_n24_e48_k2_low_01,g_n24_e48_k2_low_01_p3,test,0.15,7,64,18,0.28125
g_n24_e48_k2_low_01,g_n24_e48_k2_low_01_p5,test,0.05,3,64,16,0.25
g_n24_e48_k2_low_01,g_n24_e48_k2_low_01_p5,test,0.1,5,64,26,0.40625
g_n24_e48_k2_low_01,g_n24_e48_k2_low_01_p5,test,0.15,7,64,39,0.609375
g_n24_e48_k2_low_02,g_n24_e48_k2_low_02_p0,train,0.05,3,64,1,0.015625
g_n24_e48_k2_low_02,g_n24_e48_k2_low_02_p0,train,0.1,5,64,2,0.03125
g_n24_e48_k2_low_02,g_n24_e48_k2_low_02_p0,train,0.15,8,64,7,0.109375
g_n24_e48_k2_low_02,g_n24_e48_k2_low_02_p3,train,0.05,3,64,8,0.125
g_n24_e48_k2_low_02,g_n24_e48_k2_low_02_p3,train,0.1,5,64,11,0.171875
g_n24_e48_k2_low_02,g_n24_e48_k2_low_02_p3,train,0.15,7,64,20,0.3125
g_n24_e48_k2_low_02,g_n24_e48_k2_low_02_p5,train,0.05,3,64,5,0.078125
g_n24_e48_k2_low_02,g_n24_e48_k2_low_02_p5,train,0.1,5,64,12,0.1875
g_n24_e48_k2_low_02,g_n24_e48_k2_low_02_p5,train,0.15,7,64,17,0.265625
g_n24_e48_k2_low_03,g_n24_e48_k2_low_03_p0,validation,0.05,3,64,0,0.0
g_n24_e48_k2_low_03,g_n24_e48_k2_low_03_p0,validation,0.1,5,64,4,0.0625
g_n24_e48_k2_low_03,g_n24_e48_k2_low_03_p0,validation,0.15,8,64,9,0.140625
g_n24_e48_k2_low_03,g_n24_e48_k2_low_03_p3,validation,0.05,3,64,8,0.125
g_n24_e48_k2_low_03,g_n24_e48_k2_low_03_p3,validation,0.1,5,64,11,0.171875
g_n24_e48_k2_low_03,g_n24_e48_k2_low_03_p3,validation,0.15,7,64,18,0.28125
g_n24_e48_k2_low_03,g_n24_e48_k2_low_03_p5,validation,0.05,3,64,9,0.140625
g_n24_e48_k2_low_03,g_n24_e48_k2_low_03_p5,validation,0.1,5,64,15,0.234375
g_n24_e48_k2_low_03,g_n24_e48_k2_low_03_p5,validation,0.15,7,64,21,0.328125
g_n24_e48_k2_low_04,g_n24_e48_k2_low_04_p0,train,0.05,3,64,0,0.0
g_n24_e48_k2_low_04,g_n24_e48_k2_low_04_p0,train,0.1,5,64,2,0.03125
g_n24_e48_k2_low_04,g_n24_e48_k2_low_04_p0,train,0.15,8,64,8,0.125
g_n24_e48_k2_low_04,g_n24_e48_k2_low_04_p3,train,0.05,3,64,4,0.0625
g_n24_e48_k2_low_04,g_n24_e48_k2_low_04_p3,train,0.1,5,64,5,0.078125
g_n24_e48_k2_low_04,g_n24_e48_k2_low_04_p3,train,0.15,7,64,8,0.125
g_n24_e48_k2_low_04,g_n24_e48_k2_low_04_p5,train,0.05,3,64,4,0.0625
g_n24_e48_k2_low_04,g_n24_e48_k2_low_04_p5,train,0.1,5,64,12,0.1875
g_n24_e48_k2_low_04,g_n24_e48_k2_low_04_p5,train,0.15,7,64,22,0.34375
g_n24_e48_k2_low_05,g_n24_e48_k2_low_05_p0,train,0.05,3,64,1,0.015625
g_n24_e48_k2_low_05,g_n24_e48_k2_low_05_p0,train,0.1,5,64,3,0.046875
g_n24_e48_k2_low_05,g_n24_e48_k2_low_05_p0,train,0.15,8,64,12,0.1875
g_n24_e48_k2_low_05,g_n24_e48_k2_low_05_p3,train,0.05,3,64,6,0.09375
g_n24_e48_k2_low_05,g_n24_e48_k2_low_05_p3,train,0.1,5,64,13,0.203125
g_n24_e48_k2_low_05,g_n24_e48_k2_low_05_p3,train,0.15,7,64,19,0.296875
g_n24_e48_k2_low_05,g_n24_e48_k2_low_05_p5,train,0.05,3,64,5,0.078125
g_n24_e48_k2_low_05,g_n24_e48_k2_low_05_p5,train,0.1,5,64,14,0.21875
g_n24_e48_k2_low_05,g_n24_e48_k2_low_05_p5,train,0.15,7,64,24,0.375
g_n24_e48_k2_low_06,g_n24_e48_k2_low_06_p0,train,0.05,3,64,0,0.0
g_n24_e48_k2_low_06,g_n24_e48_k2_low_06_p0,train,0.1,5,64,2,0.03125
g_n24_e48_k2_low_06,g_n24_e48_k2_low_06_p0,train,0.15,8,64,9,0.140625
g_n24_e48_k2_low_06,g_n24_e48_k2_low_06_p3,train,0.05,3,64,8,0.125
g_n24_e48_k2_low_06,g_n24_e48_k2_low_06_p3,train,0.1,5,64,23,0.359375
g_n24_e48_k2_low_06,g_n24_e48_k2_low_06_p3,train,0.15,7,64,31,0.484375
g_n24_e48_k2_low_07,g_n24_e48_k2_low_07_p0,test,0.05,3,64,1,0.015625
g_n24_e48_k2_low_07,g_n24_e48_k2_low_07_p0,test,0.1,5,64,4,0.0625
g_n24_e48_k2_low_07,g_n24_e48_k2_low_07_p0,test,0.15,8,64,8,0.125
g_n24_e48_k2_low_07,g_n24_e48_k2_low_07_p3,test,0.05,3,64,2,0.03125
g_n24_e48_k2_low_07,g_n24_e48_k2_low_07_p3,test,0.1,5,64,8,0.125
g_n24_e48_k2_low_07,g_n24_e48_k2_low_07_p3,test,0.15,7,64,21,0.328125
g_n24_e48_k2_low_07,g_n24_e48_k2_low_07_p5,test,0.05,3,64,17,0.265625
g_n24_e48_k2_low_07,g_n24_e48_k2_low_07_p5,test,0.1,5,64,33,0.515625
g_n24_e48_k2_low_07,g_n24_e48_k2_low_07_p5,test,0.15,7,64,40,0.625
g_n24_e48_k2_low_08,g_n24_e48_k2_low_08_p0,validation,0.05,3,64,1,0.015625
g_n24_e48_k2_low_08,g_n24_e48_k2_low_08_p0,validation,0.1,5,64,3,0.046875
g_n24_e48_k2_low_08,g_n24_e48_k2_low_08_p0,validation,0.15,8,64,10,0.15625
g_n24_e48_k2_low_08,g_n24_e48_k2_low_08_p3,validation,0.05,3,64,8,0.125
g_n24_e48_k2_low_08,g_n24_e48_k2_low_08_p3,validation,0.1,5,64,19,0.296875
g_n24_e48_k2_low_08,g_n24_e48_k2_low_08_p3,validation,0.15,7,64,30,0.46875
g_n24_e48_k2_low_08,g_n24_e48_k2_low_08_p5,validation,0.05,3,64,5,0.078125
g_n24_e48_k2_low_08,g_n24_e48_k2_low_08_p5,validation,0.1,5,64,14,0.21875
g_n24_e48_k2_low_08,g_n24_e48_k2_low_08_p5,validation,0.15,7,64,23,0.359375
g_n24_e48_k2_low_09,g_n24_e48_k2_low_09_p0,train,0.05,3,64,1,0.015625
g_n24_e48_k2_low_09,g_n24_e48_k2_low_09_p0,train,0.1,5,64,4,0.0625
g_n24_e48_k2_low_09,g_n24_e48_k2_low_09_p0,train,0.15,8,64,7,0.109375
g_n24_e48_k2_low_09,g_n24_e48_k2_low_09_p3,train,0.05,3,64,5,0.078125
g_n24_e48_k2_low_09,g_n24_e48_k2_low_09_p3,train,0.1,5,64,10,0.15625
g_n24_e48_k2_low_09,g_n24_e48_k2_low_09_p3,train,0.15,7,64,14,0.21875
g_n24_e48_k2_low_09,g_n24_e48_k2_low_09_p5,train,0.05,3,64,1,0.015625
g_n24_e48_k2_low_09,g_n24_e48_k2_low_09_p5,train,0.1,5,64,8,0.125
g_n24_e48_k2_low_09,g_n24_e48_k2_low_09_p5,train,0.15,7,64,11,0.171875
g_n24_e48_k2_mid_10,g_n24_e48_k2_mid_10_p0,train,0.05,3,64,0,0.0
g_n24_e48_k2_mid_10,g_n24_e48_k2_mid_10_p0,train,0.1,5,64,1,0.015625
g_n24_e48_k2_mid_10,g_n24_e48_k2_mid_10_p0,train,0.15,8,64,11,0.171875
g_n24_e48_k2_mid_10,g_n24_e48_k2_mid_10_p3,train,0.05,3,64,4,0.0625
g_n24_e48_k2_mid_10,g_n24_e48_k2_mid_10_p3,train,0.1,5,64,8,0.125
g_n24_e48_k2_mid_10,g_n24_e48_k2_mid_10_p3,train,0.15,7,64,14,0.21875
g_n24_e48_k2_mid_10,g_n24_e48_k2_mid_10_p5,train,0.05,3,64,3,0.046875
g_n24_e48_k2_mid_10,g_n24_e48_k2_mid_10_p5,train,0.1,5,64,12,0.1875
g_n24_e48_k2_mid_10,g_n24_e48_k2_mid_10_p5,train,0.15,7,64,21,0.328125
g_n24_e48_k2_mid_11,g_n24_e48_k2_mid_11_p0,test,0.05,3,64,0,0.0
g_n24_e48_k2_mid_11,g_n24_e48_k2_mid_11_p0,test,0.1,5,64,4,0.0625
g_n24_e48_k2_mid_11,g_n24_e48_k2_mid_11_p0,test,0.15,8,64,7,0.109375
g_n24_e48_k2_mid_11,g_n24_e48_k2_mid_11_p3,test,0.05,3,64,0,0.0
g_n24_e48_k2_mid_11,g_n24_e48_k2_mid_11_p3,test,0.1,5,64,2,0.03125
g_n24_e48_k2_mid_11,g_n24_e48_k2_mid_11_p3,test,0.15,7,64,5,0.078125
g_n24_e48_k2_mid_11,g_n24_e48_k2_mid_11_p5,test,0.05,3,64,18,0.28125
g_n24_e48_k2_mid_11,g_n24_e48_k2_mid_11_p5,test,0.1,5,64,27,0.421875
g_n24_e48_k2_mid_11,g_n24_e48_k2_mid_11_p5,test,0.15,7,64,35,0.546875
g_n24_e48_k2_mid_12,g_n24_e48_k2_mid_12_p0,train,0.05,3,64,1,0.015625
g_n24_e48_k2_mid_12,g_n24_e48_k2_mid_12_p0,train,0.1,5,64,5,0.078125
g_n24_e48_k2_mid_12,g_n24_e48_k2_mid_12_p0,train,0.15,8,64,14,0.21875
g_n24_e48_k2_mid_12,g_n24_e48_k2_mid_12_p3,train,0.05,3,64,11,0.171875
g_n24_e48_k2_mid_12,g_n24_e48_k2_mid_12_p3,train,0.1,5,64,19,0.296875
g_n24_e48_k2_mid_12,g_n24_e48_k2_mid_12_p3,train,0.15,7,64,27,0.421875
g_n24_e48_k2_mid_12,g_n24_e48_k2_mid_12_p5,train,0.05,3,64,3,0.046875
g_n24_e48_k2_mid_12,g_n24_e48_k2_mid_12_p5,train,0.1,5,64,13,0.203125
g_n24_e48_k2_mid_12,g_n24_e48_k2_mid_12_p5,train,0.15,7,64,19,0.296875
g_n24_e48_k2_mid_13,g_n24_e48_k2_mid_13_p0,train,0.05,3,64,1,0.015625
g_n24_e48_k2_mid_13,g_n24_e48_k2_mid_13_p0,train,0.1,5,64,4,0.0625
g_n24_e48_k2_mid_13,g_n24_e48_k2_mid_13_p0,train,0.15,8,64,13,0.203125
g_n24_e48_k2_mid_13,g_n24_e48_k2_mid_13_p3,train,0.05,3,64,2,0.03125
g_n24_e48_k2_mid_13,g_n24_e48_k2_mid_13_p3,train,0.1,5,64,5,0.078125
g_n24_e48_k2_mid_13,g_n24_e48_k2_mid_13_p3,train,0.15,7,64,9,0.140625
g_n24_e48_k2_mid_13,g_n24_e48_k2_mid_13_p5,train,0.05,3,64,3,0.046875
g_n24_e48_k2_mid_13,g_n24_e48_k2_mid_13_p5,train,0.1,5,64,8,0.125
g_n24_e48_k2_mid_13,g_n24_e48_k2_mid_13_p5,train,0.15,7,64,13,0.203125
g_n24_e48_k2_mid_14,g_n24_e48_k2_mid_14_p0,test,0.05,3,64,0,0.0
g_n24_e48_k2_mid_14,g_n24_e48_k2_mid_14_p0,test,0.1,5,64,4,0.0625
g_n24_e48_k2_mid_14,g_n24_e48_k2_mid_14_p0,test,0.15,8,64,8,0.125
g_n24_e48_k2_mid_14,g_n24_e48_k2_mid_14_p3,test,0.05,3,64,1,0.015625
g_n24_e48_k2_mid_14,g_n24_e48_k2_mid_14_p3,test,0.1,5,64,3,0.046875
g_n24_e48_k2_mid_14,g_n24_e48_k2_mid_14_p3,test,0.15,7,64,7,0.109375
g_n24_e48_k2_mid_14,g_n24_e48_k2_mid_14_p5,test,0.05,3,64,4,0.0625
g_n24_e48_k2_mid_14,g_n24_e48_k2_mid_14_p5,test,0.1,5,64,10,0.15625
g_n24_e48_k2_mid_14,g_n24_e48_k2_mid_14_p5,test,0.15,7,64,13,0.203125
g_n24_e48_k2_mid_15,g_n24_e48_k2_mid_15_p0,train,0.05,3,64,0,0.0
g_n24_e48_k2_mid_15,g_n24_e48_k2_mid_15_p0,train,0.1,5,64,0,0.0
g_n24_e48_k2_mid_15,g_n24_e48_k2_mid_15_p0,train,0.15,8,64,6,0.09375
g_n24_e48_k2_mid_15,g_n24_e48_k2_mid_15_p3,train,0.05,3,64,8,0.125
g_n24_e48_k2_mid_15,g_n24_e48_k2_mid_15_p3,train,0.1,5,64,14,0.21875
g_n24_e48_k2_mid_15,g_n24_e48_k2_mid_15_p3,train,0.15,7,64,26,0.40625
g_n24_e48_k2_mid_15,g_n24_e48_k2_mid_15_p5,train,0.05,3,64,3,0.046875
g_n24_e48_k2_mid_15,g_n24_e48_k2_mid_15_p5,train,0.1,5,64,10,0.15625
g_n24_e48_k2_mid_15,g_n24_e48_k2_mid_15_p5,train,0.15,7,64,18,0.28125
g_n24_e48_k2_mid_16,g_n24_e48_k2_mid_16_p0,validation,0.05,3,64,1,0.015625
g_n24_e48_k2_mid_16,g_n24_e48_k2_mid_16_p0,validation,0.1,5,64,1,0.015625
g_n24_e48_k2_mid_16,g_n24_e48_k2_mid_16_p0,validation,0.15,8,64,6,0.09375
g_n24_e48_k2_mid_16,g_n24_e48_k2_mid_16_p3,validation,0.05,3,64,1,0.015625
g_n24_e48_k2_mid_16,g_n24_e48_k2_mid_16_p3,validation,0.1,5,64,3,0.046875
g_n24_e48_k2_mid_16,g_n24_e48_k2_mid_16_p3,validation,0.15,7,64,12,0.1875
g_n24_e48_k2_mid_16,g_n24_e48_k2_mid_16_p5,validation,0.05,3,64,1,0.015625
g_n24_e48_k2_mid_16,g_n24_e48_k2_mid_16_p5,validation,0.1,5,64,3,0.046875
g_n24_e48_k2_mid_16,g_n24_e48_k2_mid_16_p5,validation,0.15,7,64,6,0.09375
g_n24_e48_k2_mid_17,g_n24_e48_k2_mid_17_p0,train,0.05,3,64,1,0.015625
g_n24_e48_k2_mid_17,g_n24_e48_k2_mid_17_p0,train,0.1,5,64,4,0.0625
g_n24_e48_k2_mid_17,g_n24_e48_k2_mid_17_p0,train,0.15,8,64,9,0.140625
g_n24_e48_k2_mid_17,g_n24_e48_k2_mid_17_p3,train,0.05,3,64,5,0.078125
g_n24_e48_k2_mid_17,g_n24_e48_k2_mid_17_p3,train,0.1,5,64,8,0.125
g_n24_e48_k2_mid_17,g_n24_e48_k2_mid_17_p3,train,0.15,7,64,17,0.265625
g_n24_e48_k2_mid_18,g_n24_e48_k2_mid_18_p0,validation,0.05,3,64,1,0.015625
g_n24_e48_k2_mid_18,g_n24_e48_k2_mid_18_p0,validation,0.1,5,64,2,0.03125
g_n24_e48_k2_mid_18,g_n24_e48_k2_mid_18_p0,validation,0.15,8,64,8,0.125
g_n24_e48_k2_mid_18,g_n24_e48_k2_mid_18_p3,validation,0.05,3,64,9,0.140625
g_n24_e48_k2_mid_18,g_n24_e48_k2_mid_18_p3,validation,0.1,5,64,14,0.21875
g_n24_e48_k2_mid_18,g_n24_e48_k2_mid_18_p3,validation,0.15,7,64,17,0.265625
g_n24_e48_k2_mid_18,g_n24_e48_k2_mid_18_p5,validation,0.05,3,64,7,0.109375
g_n24_e48_k2_mid_18,g_n24_e48_k2_mid_18_p5,validation,0.1,5,64,14,0.21875
g_n24_e48_k2_mid_18,g_n24_e48_k2_mid_18_p5,validation,0.15,7,64,24,0.375
g_n24_e48_k2_mid_19,g_n24_e48_k2_mid_19_p0,train,0.05,3,64,0,0.0
g_n24_e48_k2_mid_19,g_n24_e48_k2_mid_19_p0,train,0.1,5,64,0,0.0
g_n24_e48_k2_mid_19,g_n24_e48_k2_mid_19_p0,train,0.15,8,64,5,0.078125
g_n24_e48_k2_mid_19,g_n24_e48_k2_mid_19_p3,train,0.05,3,64,4,0.0625
g_n24_e48_k2_mid_19,g_n24_e48_k2_mid_19_p3,train,0.1,5,64,4,0.0625
g_n24_e48_k2_mid_19,g_n24_e48_k2_mid_19_p3,train,0.15,7,64,8,0.125
g_n24_e48_k2_mid_19,g_n24_e48_k2_mid_19_p5,train,0.05,3,64,0,0.0
g_n24_e48_k2_mid_19,g_n24_e48_k2_mid_19_p5,train,0.1,5,64,3,0.046875
g_n24_e48_k2_mid_19,g_n24_e48_k2_mid_19_p5,train,0.15,7,64,9,0.140625
g_n24_e48_k2_high_20,g_n24_e48_k2_high_20_p0,train,0.05,3,64,0,0.0
g_n24_e48_k2_high_20,g_n24_e48_k2_high_20_p0,train,0.1,5,64,2,0.03125
g_n24_e48_k2_high_20,g_n24_e48_k2_high_20_p0,train,0.15,8,64,6,0.09375
g_n24_e48_k2_high_20,g_n24_e48_k2_high_20_p3,train,0.05,3,64,0,0.0
g_n24_e48_k2_high_20,g_n24_e48_k2_high_20_p3,train,0.1,5,64,1,0.015625
g_n24_e48_k2_high_20,g_n24_e48_k2_high_20_p3,train,0.15,7,64,5,0.078125
g_n24_e48_k2_high_20,g_n24_e48_k2_high_20_p5,train,0.05,3,64,6,0.09375
g_n24_e48_k2_high_20,g_n24_e48_k2_high_20_p5,train,0.1,5,64,11,0.171875
g_n24_e48_k2_high_20,g_n24_e48_k2_high_20_p5,train,0.15,7,64,18,0.28125
g_n24_e48_k2_high_21,g_n24_e48_k2_high_21_p0,train,0.05,3,64,0,0.0
g_n24_e48_k2_high_21,g_n24_e48_k2_high_21_p0,train,0.1,5,64,0,0.0
g_n24_e48_k2_high_21,g_n24_e48_k2_high_21_p0,train,0.15,8,64,5,0.078125
g_n24_e48_k2_high_21,g_n24_e48_k2_high_21_p3,train,0.05,3,64,1,0.015625
g_n24_e48_k2_high_21,g_n24_e48_k2_high_21_p3,train,0.1,5,64,4,0.0625
g_n24_e48_k2_high_21,g_n24_e48_k2_high_21_p3,train,0.15,7,64,14,0.21875
g_n24_e48_k2_high_21,g_n24_e48_k2_high_21_p5,train,0.05,3,64,10,0.15625
g_n24_e48_k2_high_21,g_n24_e48_k2_high_21_p5,train,0.1,5,64,18,0.28125
g_n24_e48_k2_high_21,g_n24_e48_k2_high_21_p5,train,0.15,7,64,30,0.46875
g_n24_e48_k2_high_22,g_n24_e48_k2_high_22_p0,train,0.05,3,64,0,0.0
g_n24_e48_k2_high_22,g_n24_e48_k2_high_22_p0,train,0.1,5,64,1,0.015625
g_n24_e48_k2_high_22,g_n24_e48_k2_high_22_p0,train,0.15,8,64,5,0.078125
g_n24_e48_k2_high_22,g_n24_e48_k2_high_22_p3,train,0.05,3,64,0,0.0
g_n24_e48_k2_high_22,g_n24_e48_k2_high_22_p3,train,0.1,5,64,2,0.03125
g_n24_e48_k2_high_22,g_n24_e48_k2_high_22_p3,train,0.15,7,64,7,0.109375
g_n24_e48_k2_high_22,g_n24_e48_k2_high_22_p5,train,0.05,3,64,0,0.0
g_n24_e48_k2_high_22,g_n24_e48_k2_high_22_p5,train,0.1,5,64,1,0.015625
g_n24_e48_k2_high_22,g_n24_e48_k2_high_22_p5,train,0.15,7,64,10,0.15625
g_n24_e48_k2_high_23,g_n24_e48_k2_high_23_p0,validation,0.05,3,64,1,0.015625
g_n24_e48_k2_high_23,g_n24_e48_k2_high_23_p0,validation,0.1,5,64,1,0.015625
g_n24_e48_k2_high_23,g_n24_e48_k2_high_23_p0,validation,0.15,8,64,6,0.09375
g_n24_e48_k2_high_23,g_n24_e48_k2_high_23_p3,validation,0.05,3,64,2,0.03125
g_n24_e48_k2_high_23,g_n24_e48_k2_high_23_p3,validation,0.1,5,64,8,0.125
g_n24_e48_k2_high_23,g_n24_e48_k2_high_23_p3,validation,0.15,7,64,11,0.171875
g_n24_e48_k2_high_23,g_n24_e48_k2_high_23_p5,validation,0.05,3,64,1,0.015625
g_n24_e48_k2_high_23,g_n24_e48_k2_high_23_p5,validation,0.1,5,64,4,0.0625
g_n24_e48_k2_high_23,g_n24_e48_k2_high_23_p5,validation,0.15,7,64,8,0.125
g_n24_e48_k2_high_24,g_n24_e48_k2_high_24_p0,validation,0.05,3,64,0,0.0
g_n24_e48_k2_high_24,g_n24_e48_k2_high_24_p0,validation,0.1,5,64,1,0.015625
g_n24_e48_k2_high_24,g_n24_e48_k2_high_24_p0,validation,0.15,8,64,2,0.03125
g_n24_e48_k2_high_24,g_n24_e48_k2_high_24_p3,validation,0.05,3,64,3,0.046875
g_n24_e48_k2_high_24,g_n24_e48_k2_high_24_p3,validation,0.1,5,64,7,0.109375
g_n24_e48_k2_high_24,g_n24_e48_k2_high_24_p3,validation,0.15,7,64,9,0.140625
g_n24_e48_k2_high_24,g_n24_e48_k2_high_24_p5,validation,0.05,3,64,15,0.234375
g_n24_e48_k2_high_24,g_n24_e48_k2_high_24_p5,validation,0.1,5,64,24,0.375
g_n24_e48_k2_high_24,g_n24_e48_k2_high_24_p5,validation,0.15,7,64,27,0.421875
g_n24_e48_k2_high_25,g_n24_e48_k2_high_25_p0,test,0.05,3,64,2,0.03125
g_n24_e48_k2_high_25,g_n24_e48_k2_high_25_p0,test,0.1,5,64,4,0.0625
g_n24_e48_k2_high_25,g_n24_e48_k2_high_25_p0,test,0.15,8,64,6,0.09375
g_n24_e48_k2_high_25,g_n24_e48_k2_high_25_p3,test,0.05,3,64,0,0.0
g_n24_e48_k2_high_25,g_n24_e48_k2_high_25_p3,test,0.1,5,64,1,0.015625
g_n24_e48_k2_high_25,g_n24_e48_k2_high_25_p3,test,0.15,7,64,2,0.03125
g_n24_e48_k2_high_25,g_n24_e48_k2_high_25_p5,test,0.05,3,64,1,0.015625
g_n24_e48_k2_high_25,g_n24_e48_k2_high_25_p5,test,0.1,5,64,4,0.0625
g_n24_e48_k2_high_25,g_n24_e48_k2_high_25_p5,test,0.15,7,64,9,0.140625
g_n24_e48_k2_high_26,g_n24_e48_k2_high_26_p0,train,0.05,3,64,0,0.0
g_n24_e48_k2_high_26,g_n24_e48_k2_high_26_p0,train,0.1,5,64,0,0.0
g_n24_e48_k2_high_26,g_n24_e48_k2_high_26_p0,train,0.15,8,64,7,0.109375
g_n24_e48_k2_high_26,g_n24_e48_k2_high_26_p3,train,0.05,3,64,1,0.015625
g_n24_e48_k2_high_26,g_n24_e48_k2_high_26_p3,train,0.1,5,64,2,0.03125
g_n24_e48_k2_high_26,g_n24_e48_k2_high_26_p3,train,0.15,7,64,5,0.078125
g_n24_e48_k2_high_26,g_n24_e48_k2_high_26_p5,train,0.05,3,64,0,0.0
g_n24_e48_k2_high_26,g_n24_e48_k2_high_26_p5,train,0.1,5,64,4,0.0625
g_n24_e48_k2_high_26,g_n24_e48_k2_high_26_p5,train,0.15,7,64,13,0.203125
g_n24_e48_k2_high_27,g_n24_e48_k2_high_27_p0,test,0.05,3,64,1,0.015625
g_n24_e48_k2_high_27,g_n24_e48_k2_high_27_p0,test,0.1,5,64,2,0.03125
g_n24_e48_k2_high_27,g_n24_e48_k2_high_27_p0,test,0.15,8,64,4,0.0625
g_n24_e48_k2_high_27,g_n24_e48_k2_high_27_p3,test,0.05,3,64,4,0.0625
g_n24_e48_k2_high_27,g_n24_e48_k2_high_27_p3,test,0.1,5,64,9,0.140625
g_n24_e48_k2_high_27,g_n24_e48_k2_high_27_p3,test,0.15,7,64,13,0.203125
g_n24_e48_k2_high_27,g_n24_e48_k2_high_27_p5,test,0.05,3,64,7,0.109375
g_n24_e48_k2_high_27,g_n24_e48_k2_high_27_p5,test,0.1,5,64,15,0.234375
g_n24_e48_k2_high_27,g_n24_e48_k2_high_27_p5,test,0.15,7,64,22,0.34375
g_n24_e48_k2_high_28,g_n24_e48_k2_high_28_p0,train,0.05,3,64,0,0.0
g_n24_e48_k2_high_28,g_n24_e48_k2_high_28_p0,train,0.1,5,64,0,0.0
g_n24_e48_k2_high_28,g_n24_e48_k2_high_28_p0,train,0.15,8,64,4,0.0625
g_n24_e48_k2_high_28,g_n24_e48_k2_high_28_p3,train,0.05,3,64,0,0.0
g_n24_e48_k2_high_28,g_n24_e48_k2_high_28_p3,train,0.1,5,64,2,0.03125
g_n24_e48_k2_high_28,g_n24_e48_k2_high_28_p3,train,0.15,7,64,4,0.0625
g_n24_e48_k2_high_28,g_n24_e48_k2_high_28_p5,train,0.05,3,64,0,0.0
g_n24_e48_k2_high_28,g_n24_e48_k2_high_28_p5,train,0.1,5,64,2,0.03125
g_n24_e48_k2_high_28,g_n24_e48_k2_high_28_p5,train,0.15,7,64,7,0.109375
g_n24_e48_k2_high_29,g_n24_e48_k2_high_29_p0,train,0.05,3,64,0,0.0
g_n24_e48_k2_high_29,g_n24_e48_k2_high_29_p0,train,0.1,5,64,0,0.0
g_n24_e48_k2_high_29,g_n24_e48_k2_high_29_p0,train,0.15,8,64,2,0.03125
g_n24_e48_k2_high_29,g_n24_e48_k2_high_29_p3,train,0.05,3,64,4,0.0625
g_n24_e48_k2_high_29,g_n24_e48_k2_high_29_p3,train,0.1,5,64,9,0.140625
g_n24_e48_k2_high_29,g_n24_e48_k2_high_29_p3,train,0.15,7,64,12,0.1875
g_n24_e48_k2_high_29,g_n24_e48_k2_high_29_p5,train,0.05,3,64,5,0.078125
g_n24_e48_k2_high_29,g_n24_e48_k2_high_29_p5,train,0.1,5,64,7,0.109375
g_n24_e48_k2_high_29,g_n24_e48_k2_high_29_p5,train,0.15,7,64,11,0.171875
g_n24_e48_k3_low_00,g_n24_e48_k3_low_00_p0,train,0.05,3,64,0,0.0
g_n24_e48_k3_low_00,g_n24_e48_k3_low_00_p0,train,0.1,5,64,0,0.0
g_n24_e48_k3_low_00,g_n24_e48_k3_low_00_p0,train,0.15,8,64,3,0.046875
g_n24_e48_k3_low_00,g_n24_e48_k3_low_00_p3,train,0.05,3,64,0,0.0
g_n24_e48_k3_low_00,g_n24_e48_k3_low_00_p3,train,0.1,5,64,1,0.015625
g_n24_e48_k3_low_00,g_n24_e48_k3_low_00_p3,train,0.15,7,64,8,0.125
g_n24_e48_k3_low_00,g_n24_e48_k3_low_00_p5,train,0.05,3,64,0,0.0
g_n24_e48_k3_low_00,g_n24_e48_k3_low_00_p5,train,0.1,5,64,2,0.03125
g_n24_e48_k3_low_00,g_n24_e48_k3_low_00_p5,train,0.15,7,64,7,0.109375
g_n24_e48_k3_low_01,g_n24_e48_k3_low_01_p0,train,0.05,3,64,0,0.0
g_n24_e48_k3_low_01,g_n24_e48_k3_low_01_p0,train,0.1,5,64,0,0.0
g_n24_e48_k3_low_01,g_n24_e48_k3_low_01_p0,train,0.15,8,64,1,0.015625
g_n24_e48_k3_low_01,g_n24_e48_k3_low_01_p3,train,0.05,3,64,0,0.0
g_n24_e48_k3_low_01,g_n24_e48_k3_low_01_p3,train,0.1,5,64,0,0.0
g_n24_e48_k3_low_01,g_n24_e48_k3_low_01_p3,train,0.15,7,64,4,0.0625
g_n24_e48_k3_low_01,g_n24_e48_k3_low_01_p5,train,0.05,3,64,0,0.0
g_n24_e48_k3_low_01,g_n24_e48_k3_low_01_p5,train,0.1,5,64,2,0.03125
g_n24_e48_k3_low_01,g_n24_e48_k3_low_01_p5,train,0.15,7,64,8,0.125
g_n24_e48_k3_low_02,g_n24_e48_k3_low_02_p0,train,0.05,3,64,0,0.0
g_n24_e48_k3_low_02,g_n24_e48_k3_low_02_p0,train,0.1,5,64,1,0.015625
g_n24_e48_k3_low_02,g_n24_e48_k3_low_02_p0,train,0.15,8,64,2,0.03125
g_n24_e48_k3_low_02,g_n24_e48_k3_low_02_p3,train,0.05,3,64,0,0.0
g_n24_e48_k3_low_02,g_n24_e48_k3_low_02_p3,train,0.1,5,64,0,0.0
g_n24_e48_k3_low_02,g_n24_e48_k3_low_02_p3,train,0.15,7,64,2,0.03125
g_n24_e48_k3_low_02,g_n24_e48_k3_low_02_p5,train,0.05,3,64,0,0.0
g_n24_e48_k3_low_02,g_n24_e48_k3_low_02_p5,train,0.1,5,64,2,0.03125
g_n24_e48_k3_low_02,g_n24_e48_k3_low_02_p5,train,0.15,7,64,14,0.21875
g_n24_e48_k3_low_03,g_n24_e48_k3_low_03_p0,train,0.05,3,64,0,0.0
g_n24_e48_k3_low_03,g_n24_e48_k3_low_03_p0,train,0.1,5,64,0,0.0
g_n24_e48_k3_low_03,g_n24_e48_k3_low_03_p0,train,0.15,8,64,2,0.03125
g_n24_e48_k3_low_03,g_n24_e48_k3_low_03_p3,train,0.05,3,64,0,0.0
g_n24_e48_k3_low_03,g_n24_e48_k3_low_03_p3,train,0.1,5,64,0,0.0
g_n24_e48_k3_low_03,g_n24_e48_k3_low_03_p3,train,0.15,7,64,2,0.03125
g_n24_e48_k3_low_03,g_n24_e48_k3_low_03_p5,train,0.05,3,64,4,0.0625
g_n24_e48_k3_low_03,g_n24_e48_k3_low_03_p5,train,0.1,5,64,9,0.140625
g_n24_e48_k3_low_03,g_n24_e48_k3_low_03_p5,train,0.15,7,64,12,0.1875
g_n24_e48_k3_low_04,g_n24_e48_k3_low_04_p0,validation,0.05,3,64,0,0.0
g_n24_e48_k3_low_04,g_n24_e48_k3_low_04_p0,validation,0.1,5,64,1,0.015625
g_n24_e48_k3_low_04,g_n24_e48_k3_low_04_p0,validation,0.15,8,64,2,0.03125
g_n24_e48_k3_low_04,g_n24_e48_k3_low_04_p3,validation,0.05,3,64,1,0.015625
g_n24_e48_k3_low_04,g_n24_e48_k3_low_04_p3,validation,0.1,5,64,3,0.046875
g_n24_e48_k3_low_04,g_n24_e48_k3_low_04_p3,validation,0.15,7,64,6,0.09375
g_n24_e48_k3_low_04,g_n24_e48_k3_low_04_p5,validation,0.05,3,64,2,0.03125
g_n24_e48_k3_low_04,g_n24_e48_k3_low_04_p5,validation,0.1,5,64,4,0.0625
g_n24_e48_k3_low_04,g_n24_e48_k3_low_04_p5,validation,0.15,7,64,6,0.09375
g_n24_e48_k3_low_05,g_n24_e48_k3_low_05_p0,train,0.05,3,64,0,0.0
g_n24_e48_k3_low_05,g_n24_e48_k3_low_05_p0,train,0.1,5,64,0,0.0
g_n24_e48_k3_low_05,g_n24_e48_k3_low_05_p0,train,0.15,8,64,1,0.015625
g_n24_e48_k3_low_05,g_n24_e48_k3_low_05_p3,train,0.05,3,64,0,0.0
g_n24_e48_k3_low_05,g_n24_e48_k3_low_05_p3,train,0.1,5,64,1,0.015625
g_n24_e48_k3_low_05,g_n24_e48_k3_low_05_p3,train,0.15,7,64,4,0.0625
g_n24_e48_k3_low_05,g_n24_e48_k3_low_05_p5,train,0.05,3,64,0,0.0
g_n24_e48_k3_low_05,g_n24_e48_k3_low_05_p5,train,0.1,5,64,2,0.03125
g_n24_e48_k3_low_05,g_n24_e48_k3_low_05_p5,train,0.15,7,64,5,0.078125
g_n24_e48_k3_low_06,g_n24_e48_k3_low_06_p0,validation,0.05,3,64,0,0.0
g_n24_e48_k3_low_06,g_n24_e48_k3_low_06_p0,validation,0.1,5,64,2,0.03125
g_n24_e48_k3_low_06,g_n24_e48_k3_low_06_p0,validation,0.15,8,64,6,0.09375
g_n24_e48_k3_low_06,g_n24_e48_k3_low_06_p3,validation,0.05,3,64,0,0.0
g_n24_e48_k3_low_06,g_n24_e48_k3_low_06_p3,validation,0.1,5,64,1,0.015625
g_n24_e48_k3_low_06,g_n24_e48_k3_low_06_p3,validation,0.15,7,64,3,0.046875
g_n24_e48_k3_low_06,g_n24_e48_k3_low_06_p5,validation,0.05,3,64,4,0.0625
g_n24_e48_k3_low_06,g_n24_e48_k3_low_06_p5,validation,0.1,5,64,9,0.140625
g_n24_e48_k3_low_06,g_n24_e48_k3_low_06_p5,validation,0.15,7,64,10,0.15625
g_n24_e48_k3_low_07,g_n24_e48_k3_low_07_p0,test,0.05,3,64,0,0.0
g_n24_e48_k3_low_07,g_n24_e48_k3_low_07_p0,test,0.1,5,64,1,0.015625
g_n24_e48_k3_low_07,g_n24_e48_k3_low_07_p0,test,0.15,8,64,3,0.046875
g_n24_e48_k3_low_07,g_n24_e48_k3_low_07_p3,test,0.05,3,64,0,0.0
g_n24_e48_k3_low_07,g_n24_e48_k3_low_07_p3,test,0.1,5,64,0,0.0
g_n24_e48_k3_low_07,g_n24_e48_k3_low_07_p3,test,0.15,7,64,4,0.0625
g_n24_e48_k3_low_07,g_n24_e48_k3_low_07_p5,test,0.05,3,64,0,0.0
g_n24_e48_k3_low_07,g_n24_e48_k3_low_07_p5,test,0.1,5,64,4,0.0625
g_n24_e48_k3_low_07,g_n24_e48_k3_low_07_p5,test,0.15,7,64,6,0.09375
g_n24_e48_k3_low_08,g_n24_e48_k3_low_08_p0,test,0.05,3,64,0,0.0
g_n24_e48_k3_low_08,g_n24_e48_k3_low_08_p0,test,0.1,5,64,0,0.0
g_n24_e48_k3_low_08,g_n24_e48_k3_low_08_p0,test,0.15,8,64,2,0.03125
g_n24_e48_k3_low_08,g_n24_e48_k3_low_08_p3,test,0.05,3,64,1,0.015625
g_n24_e48_k3_low_08,g_n24_e48_k3_low_08_p3,test,0.1,5,64,2,0.03125
g_n24_e48_k3_low_08,g_n24_e48_k3_low_08_p3,test,0.15,7,64,7,0.109375
g_n24_e48_k3_low_08,g_n24_e48_k3_low_08_p5,test,0.05,3,64,2,0.03125
g_n24_e48_k3_low_08,g_n24_e48_k3_low_08_p5,test,0.1,5,64,5,0.078125
g_n24_e48_k3_low_08,g_n24_e48_k3_low_08_p5,test,0.15,7,64,8,0.125
g_n24_e48_k3_low_09,g_n24_e48_k3_low_09_p0,train,0.05,3,64,0,0.0
g_n24_e48_k3_low_09,g_n24_e48_k3_low_09_p0,train,0.1,5,64,1,0.015625
g_n24_e48_k3_low_09,g_n24_e48_k3_low_09_p0,train,0.15,8,64,1,0.015625
g_n24_e48_k3_low_09,g_n24_e48_k3_low_09_p3,train,0.05,3,64,0,0.0
g_n24_e48_k3_low_09,g_n24_e48_k3_low_09_p3,train,0.1,5,64,1,0.015625
g_n24_e48_k3_low_09,g_n24_e48_k3_low_09_p3,train,0.15,7,64,4,0.0625
g_n24_e48_k3_low_09,g_n24_e48_k3_low_09_p5,train,0.05,3,64,2,0.03125
g_n24_e48_k3_low_09,g_n24_e48_k3_low_09_p5,train,0.1,5,64,8,0.125
g_n24_e48_k3_low_09,g_n24_e48_k3_low_09_p5,train,0.15,7,64,18,0.28125
g_n24_e48_k3_mid_10,g_n24_e48_k3_mid_10_p0,train,0.05,3,64,0,0.0
g_n24_e48_k3_mid_10,g_n24_e48_k3_mid_10_p0,train,0.1,5,64,0,0.0
g_n24_e48_k3_mid_10,g_n24_e48_k3_mid_10_p0,train,0.15,8,64,2,0.03125
g_n24_e48_k3_mid_10,g_n24_e48_k3_mid_10_p3,train,0.05,3,64,0,0.0
g_n24_e48_k3_mid_10,g_n24_e48_k3_mid_10_p3,train,0.1,5,64,2,0.03125
g_n24_e48_k3_mid_10,g_n24_e48_k3_mid_10_p3,train,0.15,7,64,5,0.078125
g_n24_e48_k3_mid_10,g_n24_e48_k3_mid_10_p5,train,0.05,3,64,1,0.015625
g_n24_e48_k3_mid_10,g_n24_e48_k3_mid_10_p5,train,0.1,5,64,1,0.015625
g_n24_e48_k3_mid_10,g_n24_e48_k3_mid_10_p5,train,0.15,7,64,6,0.09375
g_n24_e48_k3_mid_11,g_n24_e48_k3_mid_11_p0,train,0.05,3,64,0,0.0
g_n24_e48_k3_mid_11,g_n24_e48_k3_mid_11_p0,train,0.1,5,64,0,0.0
g_n24_e48_k3_mid_11,g_n24_e48_k3_mid_11_p0,train,0.15,8,64,0,0.0
g_n24_e48_k3_mid_11,g_n24_e48_k3_mid_11_p3,train,0.05,3,64,2,0.03125
g_n24_e48_k3_mid_11,g_n24_e48_k3_mid_11_p3,train,0.1,5,64,4,0.0625
g_n24_e48_k3_mid_11,g_n24_e48_k3_mid_11_p3,train,0.15,7,64,6,0.09375
g_n24_e48_k3_mid_11,g_n24_e48_k3_mid_11_p5,train,0.05,3,64,2,0.03125
g_n24_e48_k3_mid_11,g_n24_e48_k3_mid_11_p5,train,0.1,5,64,7,0.109375
g_n24_e48_k3_mid_11,g_n24_e48_k3_mid_11_p5,train,0.15,7,64,9,0.140625
g_n24_e48_k3_mid_12,g_n24_e48_k3_mid_12_p0,test,0.05,3,64,1,0.015625
g_n24_e48_k3_mid_12,g_n24_e48_k3_mid_12_p0,test,0.1,5,64,1,0.015625
g_n24_e48_k3_mid_12,g_n24_e48_k3_mid_12_p0,test,0.15,8,64,3,0.046875
g_n24_e48_k3_mid_12,g_n24_e48_k3_mid_12_p3,test,0.05,3,64,0,0.0
g_n24_e48_k3_mid_12,g_n24_e48_k3_mid_12_p3,test,0.1,5,64,2,0.03125
g_n24_e48_k3_mid_12,g_n24_e48_k3_mid_12_p3,test,0.15,7,64,4,0.0625
g_n24_e48_k3_mid_12,g_n24_e48_k3_mid_12_p5,test,0.05,3,64,1,0.015625
g_n24_e48_k3_mid_12,g_n24_e48_k3_mid_12_p5,test,0.1,5,64,4,0.0625
g_n24_e48_k3_mid_12,g_n24_e48_k3_mid_12_p5,test,0.15,7,64,10,0.15625
g_n24_e48_k3_mid_13,g_n24_e48_k3_mid_13_p0,train,0.05,3,64,0,0.0
g_n24_e48_k3_mid_13,g_n24_e48_k3_mid_13_p0,train,0.1,5,64,1,0.015625
g_n24_e48_k3_mid_13,g_n24_e48_k3_mid_13_p0,train,0.15,8,64,3,0.046875
g_n24_e48_k3_mid_13,g_n24_e48_k3_mid_13_p3,train,0.05,3,64,0,0.0
g_n24_e48_k3_mid_13,g_n24_e48_k3_mid_13_p3,train,0.1,5,64,2,0.03125
g_n24_e48_k3_mid_13,g_n24_e48_k3_mid_13_p3,train,0.15,7,64,3,0.046875
g_n24_e48_k3_mid_13,g_n24_e48_k3_mid_13_p5,train,0.05,3,64,2,0.03125
g_n24_e48_k3_mid_13,g_n24_e48_k3_mid_13_p5,train,0.1,5,64,3,0.046875
g_n24_e48_k3_mid_13,g_n24_e48_k3_mid_13_p5,train,0.15,7,64,7,0.109375
g_n24_e48_k3_mid_14,g_n24_e48_k3_mid_14_p0,test,0.05,3,64,0,0.0
g_n24_e48_k3_mid_14,g_n24_e48_k3_mid_14_p0,test,0.1,5,64,0,0.0
g_n24_e48_k3_mid_14,g_n24_e48_k3_mid_14_p0,test,0.15,8,64,3,0.046875
g_n24_e48_k3_mid_14,g_n24_e48_k3_mid_14_p3,test,0.05,3,64,0,0.0
g_n24_e48_k3_mid_14,g_n24_e48_k3_mid_14_p3,test,0.1,5,64,2,0.03125
g_n24_e48_k3_mid_14,g_n24_e48_k3_mid_14_p3,test,0.15,7,64,3,0.046875
g_n24_e48_k3_mid_14,g_n24_e48_k3_mid_14_p5,test,0.05,3,64,3,0.046875
g_n24_e48_k3_mid_14,g_n24_e48_k3_mid_14_p5,test,0.1,5,64,8,0.125
g_n24_e48_k3_mid_14,g_n24_e48_k3_mid_14_p5,test,0.15,7,64,15,0.234375
g_n24_e48_k3_mid_15,g_n24_e48_k3_mid_15_p0,validation,0.05,3,64,0,0.0
g_n24_e48_k3_mid_15,g_n24_e48_k3_mid_15_p0,validation,0.1,5,64,0,0.0
g_n24_e48_k3_mid_15,g_n24_e48_k3_mid_15_p0,validation,0.15,8,64,2,0.03125
g_n24_e48_k3_mid_15,g_n24_e48_k3_mid_15_p3,validation,0.05,3,64,0,0.0
g_n24_e48_k3_mid_15,g_n24_e48_k3_mid_15_p3,validation,0.1,5,64,0,0.0
g_n24_e48_k3_mid_15,g_n24_e48_k3_mid_15_p3,validation,0.15,7,64,3,0.046875
g_n24_e48_k3_mid_15,g_n24_e48_k3_mid_15_p5,validation,0.05,3,64,0,0.0
g_n24_e48_k3_mid_15,g_n24_e48_k3_mid_15_p5,validation,0.1,5,64,2,0.03125
g_n24_e48_k3_mid_15,g_n24_e48_k3_mid_15_p5,validation,0.15,7,64,8,0.125
g_n24_e48_k3_mid_16,g_n24_e48_k3_mid_16_p0,train,0.05,3,64,0,0.0
g_n24_e48_k3_mid_16,g_n24_e48_k3_mid_16_p0,train,0.1,5,64,0,0.0
g_n24_e48_k3_mid_16,g_n24_e48_k3_mid_16_p0,train,0.15,8,64,1,0.015625
g_n24_e48_k3_mid_16,g_n24_e48_k3_mid_16_p3,train,0.05,3,64,2,0.03125
g_n24_e48_k3_mid_16,g_n24_e48_k3_mid_16_p3,train,0.1,5,64,4,0.0625
g_n24_e48_k3_mid_16,g_n24_e48_k3_mid_16_p3,train,0.15,7,64,9,0.140625
g_n24_e48_k3_mid_16,g_n24_e48_k3_mid_16_p5,train,0.05,3,64,0,0.0
g_n24_e48_k3_mid_16,g_n24_e48_k3_mid_16_p5,train,0.1,5,64,3,0.046875
g_n24_e48_k3_mid_16,g_n24_e48_k3_mid_16_p5,train,0.15,7,64,7,0.109375
g_n24_e48_k3_mid_17,g_n24_e48_k3_mid_17_p0,validation,0.05,3,64,0,0.0
g_n24_e48_k3_mid_17,g_n24_e48_k3_mid_17_p0,validation,0.1,5,64,1,0.015625
g_n24_e48_k3_mid_17,g_n24_e48_k3_mid_17_p0,validation,0.15,8,64,1,0.015625
g_n24_e48_k3_mid_17,g_n24_e48_k3_mid_17_p3,validation,0.05,3,64,0,0.0
g_n24_e48_k3_mid_17,g_n24_e48_k3_mid_17_p3,validation,0.1,5,64,1,0.015625
g_n24_e48_k3_mid_17,g_n24_e48_k3_mid_17_p3,validation,0.15,7,64,3,0.046875
g_n24_e48_k3_mid_17,g_n24_e48_k3_mid_17_p5,validation,0.05,3,64,1,0.015625
g_n24_e48_k3_mid_17,g_n24_e48_k3_mid_17_p5,validation,0.1,5,64,4,0.0625
g_n24_e48_k3_mid_17,g_n24_e48_k3_mid_17_p5,validation,0.15,7,64,8,0.125
g_n24_e48_k3_mid_18,g_n24_e48_k3_mid_18_p0,train,0.05,3,64,0,0.0
g_n24_e48_k3_mid_18,g_n24_e48_k3_mid_18_p0,train,0.1,5,64,1,0.015625
g_n24_e48_k3_mid_18,g_n24_e48_k3_mid_18_p0,train,0.15,8,64,4,0.0625
g_n24_e48_k3_mid_18,g_n24_e48_k3_mid_18_p3,train,0.05,3,64,3,0.046875
g_n24_e48_k3_mid_18,g_n24_e48_k3_mid_18_p3,train,0.1,5,64,4,0.0625
g_n24_e48_k3_mid_18,g_n24_e48_k3_mid_18_p3,train,0.15,7,64,7,0.109375
g_n24_e48_k3_mid_18,g_n24_e48_k3_mid_18_p5,train,0.05,3,64,0,0.0
g_n24_e48_k3_mid_18,g_n24_e48_k3_mid_18_p5,train,0.1,5,64,1,0.015625
g_n24_e48_k3_mid_18,g_n24_e48_k3_mid_18_p5,train,0.15,7,64,3,0.046875
g_n24_e48_k3_mid_19,g_n24_e48_k3_mid_19_p0,train,0.05,3,64,0,0.0
g_n24_e48_k3_mid_19,g_n24_e48_k3_mid_19_p0,train,0.1,5,64,0,0.0
g_n24_e48_k3_mid_19,g_n24_e48_k3_mid_19_p0,train,0.15,8,64,1,0.015625
g_n24_e48_k3_mid_19,g_n24_e48_k3_mid_19_p3,train,0.05,3,64,0,0.0
g_n24_e48_k3_mid_19,g_n24_e48_k3_mid_19_p3,train,0.1,5,64,1,0.015625
g_n24_e48_k3_mid_19,g_n24_e48_k3_mid_19_p3,train,0.15,7,64,3,0.046875
g_n24_e48_k3_mid_19,g_n24_e48_k3_mid_19_p5,train,0.05,3,64,2,0.03125
g_n24_e48_k3_mid_19,g_n24_e48_k3_mid_19_p5,train,0.1,5,64,4,0.0625
g_n24_e48_k3_mid_19,g_n24_e48_k3_mid_19_p5,train,0.15,7,64,9,0.140625
g_n24_e48_k3_high_20,g_n24_e48_k3_high_20_p0,test,0.05,3,64,0,0.0
g_n24_e48_k3_high_20,g_n24_e48_k3_high_20_p0,test,0.1,5,64,0,0.0
g_n24_e48_k3_high_20,g_n24_e48_k3_high_20_p0,test,0.15,8,64,0,0.0
g_n24_e48_k3_high_20,g_n24_e48_k3_high_20_p3,test,0.05,3,64,0,0.0
g_n24_e48_k3_high_20,g_n24_e48_k3_high_20_p3,test,0.1,5,64,6,0.09375
g_n24_e48_k3_high_20,g_n24_e48_k3_high_20_p3,test,0.15,7,64,10,0.15625
g_n24_e48_k3_high_20,g_n24_e48_k3_high_20_p5,test,0.05,3,64,2,0.03125
g_n24_e48_k3_high_20,g_n24_e48_k3_high_20_p5,test,0.1,5,64,8,0.125
g_n24_e48_k3_high_20,g_n24_e48_k3_high_20_p5,test,0.15,7,64,14,0.21875
g_n24_e48_k3_high_21,g_n24_e48_k3_high_21_p0,train,0.05,3,64,0,0.0
g_n24_e48_k3_high_21,g_n24_e48_k3_high_21_p0,train,0.1,5,64,0,0.0
g_n24_e48_k3_high_21,g_n24_e48_k3_high_21_p0,train,0.15,8,64,2,0.03125
g_n24_e48_k3_high_21,g_n24_e48_k3_high_21_p3,train,0.05,3,64,1,0.015625
g_n24_e48_k3_high_21,g_n24_e48_k3_high_21_p3,train,0.1,5,64,3,0.046875
g_n24_e48_k3_high_21,g_n24_e48_k3_high_21_p3,train,0.15,7,64,7,0.109375
g_n24_e48_k3_high_21,g_n24_e48_k3_high_21_p5,train,0.05,3,64,6,0.09375
g_n24_e48_k3_high_21,g_n24_e48_k3_high_21_p5,train,0.1,5,64,8,0.125
g_n24_e48_k3_high_21,g_n24_e48_k3_high_21_p5,train,0.15,7,64,15,0.234375
g_n24_e48_k3_high_22,g_n24_e48_k3_high_22_p0,train,0.05,3,64,0,0.0
g_n24_e48_k3_high_22,g_n24_e48_k3_high_22_p0,train,0.1,5,64,0,0.0
g_n24_e48_k3_high_22,g_n24_e48_k3_high_22_p0,train,0.15,8,64,4,0.0625
g_n24_e48_k3_high_22,g_n24_e48_k3_high_22_p3,train,0.05,3,64,2,0.03125
g_n24_e48_k3_high_22,g_n24_e48_k3_high_22_p3,train,0.1,5,64,3,0.046875
g_n24_e48_k3_high_22,g_n24_e48_k3_high_22_p3,train,0.15,7,64,5,0.078125
g_n24_e48_k3_high_22,g_n24_e48_k3_high_22_p5,train,0.05,3,64,3,0.046875
g_n24_e48_k3_high_22,g_n24_e48_k3_high_22_p5,train,0.1,5,64,4,0.0625
g_n24_e48_k3_high_22,g_n24_e48_k3_high_22_p5,train,0.15,7,64,6,0.09375
g_n24_e48_k3_high_23,g_n24_e48_k3_high_23_p0,train,0.05,3,64,0,0.0
g_n24_e48_k3_high_23,g_n24_e48_k3_high_23_p0,train,0.1,5,64,1,0.015625
g_n24_e48_k3_high_23,g_n24_e48_k3_high_23_p0,train,0.15,8,64,3,0.046875
g_n24_e48_k3_high_23,g_n24_e48_k3_high_23_p3,train,0.05,3,64,0,0.0
g_n24_e48_k3_high_23,g_n24_e48_k3_high_23_p3,train,0.1,5,64,1,0.015625
g_n24_e48_k3_high_23,g_n24_e48_k3_high_23_p3,train,0.15,7,64,1,0.015625
g_n24_e48_k3_high_23,g_n24_e48_k3_high_23_p5,train,0.05,3,64,1,0.015625
g_n24_e48_k3_high_23,g_n24_e48_k3_high_23_p5,train,0.1,5,64,2,0.03125
g_n24_e48_k3_high_23,g_n24_e48_k3_high_23_p5,train,0.15,7,64,7,0.109375
g_n24_e48_k3_high_24,g_n24_e48_k3_high_24_p0,train,0.05,3,64,0,0.0
g_n24_e48_k3_high_24,g_n24_e48_k3_high_24_p0,train,0.1,5,64,1,0.015625
g_n24_e48_k3_high_24,g_n24_e48_k3_high_24_p0,train,0.15,8,64,1,0.015625
g_n24_e48_k3_high_24,g_n24_e48_k3_high_24_p3,train,0.05,3,64,0,0.0
g_n24_e48_k3_high_24,g_n24_e48_k3_high_24_p3,train,0.1,5,64,0,0.0
g_n24_e48_k3_high_24,g_n24_e48_k3_high_24_p3,train,0.15,7,64,2,0.03125
g_n24_e48_k3_high_24,g_n24_e48_k3_high_24_p5,train,0.05,3,64,6,0.09375
g_n24_e48_k3_high_24,g_n24_e48_k3_high_24_p5,train,0.1,5,64,11,0.171875
g_n24_e48_k3_high_24,g_n24_e48_k3_high_24_p5,train,0.15,7,64,17,0.265625
g_n24_e48_k3_high_25,g_n24_e48_k3_high_25_p0,train,0.05,3,64,0,0.0
g_n24_e48_k3_high_25,g_n24_e48_k3_high_25_p0,train,0.1,5,64,0,0.0
g_n24_e48_k3_high_25,g_n24_e48_k3_high_25_p0,train,0.15,8,64,2,0.03125
g_n24_e48_k3_high_25,g_n24_e48_k3_high_25_p3,train,0.05,3,64,1,0.015625
g_n24_e48_k3_high_25,g_n24_e48_k3_high_25_p3,train,0.1,5,64,2,0.03125
g_n24_e48_k3_high_25,g_n24_e48_k3_high_25_p3,train,0.15,7,64,5,0.078125
g_n24_e48_k3_high_25,g_n24_e48_k3_high_25_p5,train,0.05,3,64,1,0.015625
g_n24_e48_k3_high_25,g_n24_e48_k3_high_25_p5,train,0.1,5,64,3,0.046875
g_n24_e48_k3_high_25,g_n24_e48_k3_high_25_p5,train,0.15,7,64,5,0.078125
g_n24_e48_k3_high_26,g_n24_e48_k3_high_26_p0,validation,0.05,3,64,0,0.0
g_n24_e48_k3_high_26,g_n24_e48_k3_high_26_p0,validation,0.1,5,64,0,0.0
g_n24_e48_k3_high_26,g_n24_e48_k3_high_26_p0,validation,0.15,8,64,1,0.015625
g_n24_e48_k3_high_26,g_n24_e48_k3_high_26_p3,validation,0.05,3,64,0,0.0
g_n24_e48_k3_high_26,g_n24_e48_k3_high_26_p3,validation,0.1,5,64,0,0.0
g_n24_e48_k3_high_26,g_n24_e48_k3_high_26_p3,validation,0.15,7,64,2,0.03125
g_n24_e48_k3_high_26,g_n24_e48_k3_high_26_p5,validation,0.05,3,64,0,0.0
g_n24_e48_k3_high_26,g_n24_e48_k3_high_26_p5,validation,0.1,5,64,4,0.0625
g_n24_e48_k3_high_26,g_n24_e48_k3_high_26_p5,validation,0.15,7,64,5,0.078125
g_n24_e48_k3_high_27,g_n24_e48_k3_high_27_p0,test,0.05,3,64,0,0.0
g_n24_e48_k3_high_27,g_n24_e48_k3_high_27_p0,test,0.1,5,64,1,0.015625
g_n24_e48_k3_high_27,g_n24_e48_k3_high_27_p0,test,0.15,8,64,2,0.03125
g_n24_e48_k3_high_27,g_n24_e48_k3_high_27_p3,test,0.05,3,64,1,0.015625
g_n24_e48_k3_high_27,g_n24_e48_k3_high_27_p3,test,0.1,5,64,3,0.046875
g_n24_e48_k3_high_27,g_n24_e48_k3_high_27_p3,test,0.15,7,64,7,0.109375
g_n24_e48_k3_high_27,g_n24_e48_k3_high_27_p5,test,0.05,3,64,1,0.015625
g_n24_e48_k3_high_27,g_n24_e48_k3_high_27_p5,test,0.1,5,64,3,0.046875
g_n24_e48_k3_high_27,g_n24_e48_k3_high_27_p5,test,0.15,7,64,4,0.0625
g_n24_e48_k3_high_28,g_n24_e48_k3_high_28_p0,train,0.05,3,64,0,0.0
g_n24_e48_k3_high_28,g_n24_e48_k3_high_28_p0,train,0.1,5,64,0,0.0
g_n24_e48_k3_high_28,g_n24_e48_k3_high_28_p0,train,0.15,8,64,0,0.0
g_n24_e48_k3_high_28,g_n24_e48_k3_high_28_p3,train,0.05,3,64,0,0.0
g_n24_e48_k3_high_28,g_n24_e48_k3_high_28_p3,train,0.1,5,64,2,0.03125
g_n24_e48_k3_high_28,g_n24_e48_k3_high_28_p3,train,0.15,7,64,5,0.078125
g_n24_e48_k3_high_28,g_n24_e48_k3_high_28_p5,train,0.05,3,64,2,0.03125
g_n24_e48_k3_high_28,g_n24_e48_k3_high_28_p5,train,0.1,5,64,4,0.0625
g_n24_e48_k3_high_28,g_n24_e48_k3_high_28_p5,train,0.15,7,64,12,0.1875
g_n24_e48_k3_high_29,g_n24_e48_k3_high_29_p0,validation,0.05,3,64,0,0.0
g_n24_e48_k3_high_29,g_n24_e48_k3_high_29_p0,validation,0.1,5,64,0,0.0
g_n24_e48_k3_high_29,g_n24_e48_k3_high_29_p0,validation,0.15,8,64,0,0.0
g_n24_e48_k3_high_29,g_n24_e48_k3_high_29_p3,validation,0.05,3,64,0,0.0
g_n24_e48_k3_high_29,g_n24_e48_k3_high_29_p3,validation,0.1,5,64,1,0.015625
g_n24_e48_k3_high_29,g_n24_e48_k3_high_29_p3,validation,0.15,7,64,2,0.03125
g_n24_e48_k3_high_29,g_n24_e48_k3_high_29_p5,validation,0.05,3,64,0,0.0
g_n24_e48_k3_high_29,g_n24_e48_k3_high_29_p5,validation,0.1,5,64,3,0.046875
g_n24_e48_k3_high_29,g_n24_e48_k3_high_29_p5,validation,0.15,7,64,11,0.171875
g_n24_e72_k2_low_00,g_n24_e72_k2_low_00_p0,test,0.05,4,64,0,0.0
g_n24_e72_k2_low_00,g_n24_e72_k2_low_00_p0,test,0.1,8,64,0,0.0
g_n24_e72_k2_low_00,g_n24_e72_k2_low_00_p0,test,0.15,11,64,7,0.109375
g_n24_e72_k2_low_00,g_n24_e72_k2_low_00_p4,test,0.05,4,64,0,0.0
g_n24_e72_k2_low_00,g_n24_e72_k2_low_00_p4,test,0.1,7,64,1,0.015625
g_n24_e72_k2_low_00,g_n24_e72_k2_low_00_p4,test,0.15,11,64,2,0.03125
g_n24_e72_k2_low_01,g_n24_e72_k2_low_01_p0,validation,0.05,4,64,0,0.0
g_n24_e72_k2_low_01,g_n24_e72_k2_low_01_p0,validation,0.1,8,64,0,0.0
g_n24_e72_k2_low_01,g_n24_e72_k2_low_01_p0,validation,0.15,11,64,1,0.015625
g_n24_e72_k2_low_01,g_n24_e72_k2_low_01_p4,validation,0.05,4,64,0,0.0
g_n24_e72_k2_low_01,g_n24_e72_k2_low_01_p4,validation,0.1,7,64,1,0.015625
g_n24_e72_k2_low_01,g_n24_e72_k2_low_01_p4,validation,0.15,11,64,4,0.0625
g_n24_e72_k2_low_01,g_n24_e72_k2_low_01_p8,validation,0.05,4,64,0,0.0
g_n24_e72_k2_low_01,g_n24_e72_k2_low_01_p8,validation,0.1,7,64,2,0.03125
g_n24_e72_k2_low_01,g_n24_e72_k2_low_01_p8,validation,0.15,10,64,5,0.078125
g_n24_e72_k2_low_02,g_n24_e72_k2_low_02_p0,validation,0.05,4,64,0,0.0
g_n24_e72_k2_low_02,g_n24_e72_k2_low_02_p0,validation,0.1,8,64,2,0.03125
g_n24_e72_k2_low_02,g_n24_e72_k2_low_02_p0,validation,0.15,11,64,3,0.046875
g_n24_e72_k2_low_02,g_n24_e72_k2_low_02_p4,validation,0.05,4,64,0,0.0
g_n24_e72_k2_low_02,g_n24_e72_k2_low_02_p4,validation,0.1,7,64,3,0.046875
g_n24_e72_k2_low_02,g_n24_e72_k2_low_02_p4,validation,0.15,11,64,8,0.125
g_n24_e72_k2_low_02,g_n24_e72_k2_low_02_p8,validation,0.05,4,64,0,0.0
g_n24_e72_k2_low_02,g_n24_e72_k2_low_02_p8,validation,0.1,7,64,3,0.046875
g_n24_e72_k2_low_02,g_n24_e72_k2_low_02_p8,validation,0.15,10,64,4,0.0625
g_n24_e72_k2_low_03,g_n24_e72_k2_low_03_p0,train,0.05,4,64,0,0.0
g_n24_e72_k2_low_03,g_n24_e72_k2_low_03_p0,train,0.1,8,64,1,0.015625
g_n24_e72_k2_low_03,g_n24_e72_k2_low_03_p0,train,0.15,11,64,4,0.0625
g_n24_e72_k2_low_03,g_n24_e72_k2_low_03_p4,train,0.05,4,64,2,0.03125
g_n24_e72_k2_low_03,g_n24_e72_k2_low_03_p4,train,0.1,7,64,2,0.03125
g_n24_e72_k2_low_03,g_n24_e72_k2_low_03_p4,train,0.15,11,64,3,0.046875
g_n24_e72_k2_low_03,g_n24_e72_k2_low_03_p8,train,0.05,4,64,0,0.0
g_n24_e72_k2_low_03,g_n24_e72_k2_low_03_p8,train,0.1,7,64,0,0.0
g_n24_e72_k2_low_03,g_n24_e72_k2_low_03_p8,train,0.15,10,64,3,0.046875
g_n24_e72_k2_low_04,g_n24_e72_k2_low_04_p0,train,0.05,4,64,0,0.0
g_n24_e72_k2_low_04,g_n24_e72_k2_low_04_p0,train,0.1,8,64,2,0.03125
g_n24_e72_k2_low_04,g_n24_e72_k2_low_04_p0,train,0.15,11,64,3,0.046875
g_n24_e72_k2_low_04,g_n24_e72_k2_low_04_p4,train,0.05,4,64,0,0.0
g_n24_e72_k2_low_04,g_n24_e72_k2_low_04_p4,train,0.1,7,64,1,0.015625
g_n24_e72_k2_low_04,g_n24_e72_k2_low_04_p4,train,0.15,11,64,4,0.0625
g_n24_e72_k2_low_04,g_n24_e72_k2_low_04_p8,train,0.05,4,64,3,0.046875
g_n24_e72_k2_low_04,g_n24_e72_k2_low_04_p8,train,0.1,7,64,5,0.078125
g_n24_e72_k2_low_04,g_n24_e72_k2_low_04_p8,train,0.15,10,64,6,0.09375
g_n24_e72_k2_low_05,g_n24_e72_k2_low_05_p0,test,0.05,4,64,0,0.0
g_n24_e72_k2_low_05,g_n24_e72_k2_low_05_p0,test,0.1,8,64,1,0.015625
g_n24_e72_k2_low_05,g_n24_e72_k2_low_05_p0,test,0.15,11,64,4,0.0625
g_n24_e72_k2_low_05,g_n24_e72_k2_low_05_p4,test,0.05,4,64,0,0.0
g_n24_e72_k2_low_05,g_n24_e72_k2_low_05_p4,test,0.1,7,64,1,0.015625
g_n24_e72_k2_low_05,g_n24_e72_k2_low_05_p4,test,0.15,11,64,5,0.078125
g_n24_e72_k2_low_05,g_n24_e72_k2_low_05_p8,test,0.05,4,64,6,0.09375
g_n24_e72_k2_low_05,g_n24_e72_k2_low_05_p8,test,0.1,7,64,9,0.140625
g_n24_e72_k2_low_05,g_n24_e72_k2_low_05_p8,test,0.15,10,64,11,0.171875
g_n24_e72_k2_low_06,g_n24_e72_k2_low_06_p0,train,0.05,4,64,0,0.0
g_n24_e72_k2_low_06,g_n24_e72_k2_low_06_p0,train,0.1,8,64,1,0.015625
g_n24_e72_k2_low_06,g_n24_e72_k2_low_06_p0,train,0.15,11,64,2,0.03125
g_n24_e72_k2_low_06,g_n24_e72_k2_low_06_p4,train,0.05,4,64,0,0.0
g_n24_e72_k2_low_06,g_n24_e72_k2_low_06_p4,train,0.1,7,64,0,0.0
g_n24_e72_k2_low_06,g_n24_e72_k2_low_06_p4,train,0.15,11,64,1,0.015625
g_n24_e72_k2_low_06,g_n24_e72_k2_low_06_p8,train,0.05,4,64,0,0.0
g_n24_e72_k2_low_06,g_n24_e72_k2_low_06_p8,train,0.1,7,64,0,0.0
g_n24_e72_k2_low_06,g_n24_e72_k2_low_06_p8,train,0.15,10,64,6,0.09375
g_n24_e72_k2_low_07,g_n24_e72_k2_low_07_p0,train,0.05,4,64,0,0.0
g_n24_e72_k2_low_07,g_n24_e72_k2_low_07_p0,train,0.1,8,64,1,0.015625
g_n24_e72_k2_low_07,g_n24_e72_k2_low_07_p0,train,0.15,11,64,3,0.046875
g_n24_e72_k2_low_07,g_n24_e72_k2_low_07_p4,train,0.05,4,64,0,0.0
g_n24_e72_k2_low_07,g_n24_e72_k2_low_07_p4,train,0.1,7,64,0,0.0
g_n24_e72_k2_low_07,g_n24_e72_k2_low_07_p4,train,0.15,11,64,3,0.046875
g_n24_e72_k2_low_07,g_n24_e72_k2_low_07_p8,train,0.05,4,64,0,0.0
g_n24_e72_k2_low_07,g_n24_e72_k2_low_07_p8,train,0.1,7,64,2,0.03125
g_n24_e72_k2_low_07,g_n24_e72_k2_low_07_p8,train,0.15,10,64,3,0.046875
g_n24_e72_k2_low_08,g_n24_e72_k2_low_08_p0,train,0.05,4,64,0,0.0
g_n24_e72_k2_low_08,g_n24_e72_k2_low_08_p0,train,0.1,8,64,3,0.046875
g_n24_e72_k2_low_08,g_n24_e72_k2_low_08_p0,train,0.15,11,64,4,0.0625
g_n24_e72_k2_low_08,g_n24_e72_k2_low_08_p4,train,0.05,4,64,0,0.0
g_n24_e72_k2_low_08,g_n24_e72_k2_low_08_p4,train,0.1,7,64,0,0.0
g_n24_e72_k2_low_08,g_n24_e72_k2_low_08_p4,train,0.15,11,64,2,0.03125
g_n24_e72_k2_low_08,g_n24_e72_k2_low_08_p8,train,0.05,4,64,0,0.0
g_n24_e72_k2_low_08,g_n24_e72_k2_low_08_p8,train,0.1,7,64,0,0.0
g_n24_e72_k2_low_08,g_n24_e72_k2_low_08_p8,train,0.15,10,64,4,0.0625
g_n24_e72_k2_low_09,g_n24_e72_k2_low_09_p0,train,0.05,4,64,0,0.0
g_n24_e72_k2_low_09,g_n24_e72_k2_low_09_p0,train,0.1,8,64,1,0.015625
g_n24_e72_k2_low_09,g_n24_e72_k2_low_09_p0,train,0.15,11,64,2,0.03125
g_n24_e72_k2_low_09,g_n24_e72_k2_low_09_p4,train,0.05,4,64,0,0.0
g_n24_e72_k2_low_09,g_n24_e72_k2_low_09_p4,train,0.1,7,64,0,0.0
g_n24_e72_k2_low_09,g_n24_e72_k2_low_09_p4,train,0.15,11,64,1,0.015625
g_n24_e72_k2_low_09,g_n24_e72_k2_low_09_p8,train,0.05,4,64,0,0.0
g_n24_e72_k2_low_09,g_n24_e72_k2_low_09_p8,train,0.1,7,64,0,0.0
g_n24_e72_k2_low_09,g_n24_e72_k2_low_09_p8,train,0.15,10,64,1,0.015625
g_n24_e72_k2_mid_10,g_n24_e72_k2_mid_10_p0,train,0.05,4,64,2,0.03125
g_n24_e72_k2_mid_10,g_n24_e72_k2_mid_10_p0,train,0.1,8,64,3,0.046875
g_n24_e72_k2_mid_10,g_n24_e72_k2_mid_10_p0,train,0.15,11,64,3,0.046875
g_n24_e72_k2_mid_10,g_n24_e72_k2_mid_10_p4,train,0.05,4,64,0,0.0
g_n24_e72_k2_mid_10,g_n24_e72_k2_mid_10_p4,train,0.1,7,64,1,0.015625
g_n24_e72_k2_mid_10,g_n24_e72_k2_mid_10_p4,train,0.15,11,64,3,0.046875
g_n24_e72_k2_mid_10,g_n24_e72_k2_mid_10_p8,train,0.05,4,64,1,0.015625
g_n24_e72_k2_mid_10,g_n24_e72_k2_mid_10_p8,train,0.1,7,64,2,0.03125
g_n24_e72_k2_mid_10,g_n24_e72_k2_mid_10_p8,train,0.15,10,64,4,0.0625
g_n24_e72_k2_mid_11,g_n24_e72_k2_mid_11_p0,train,0.05,4,64,0,0.0
g_n24_e72_k2_mid_11,g_n24_e72_k2_mid_11_p0,train,0.1,8,64,1,0.015625
g_n24_e72_k2_mid_11,g_n24_e72_k2_mid_11_p0,train,0.15,11,64,2,0.03125
g_n24_e72_k2_mid_11,g_n24_e72_k2_mid_11_p4,train,0.05,4,64,0,0.0
g_n24_e72_k2_mid_11,g_n24_e72_k2_mid_11_p4,train,0.1,7,64,0,0.0
g_n24_e72_k2_mid_11,g_n24_e72_k2_mid_11_p4,train,0.15,11,64,0,0.0
g_n24_e72_k2_mid_11,g_n24_e72_k2_mid_11_p8,train,0.05,4,64,1,0.015625
g_n24_e72_k2_mid_11,g_n24_e72_k2_mid_11_p8,train,0.1,7,64,3,0.046875
g_n24_e72_k2_mid_11,g_n24_e72_k2_mid_11_p8,train,0.15,10,64,4,0.0625
g_n24_e72_k2_mid_12,g_n24_e72_k2_mid_12_p0,test,0.05,4,64,0,0.0
g_n24_e72_k2_mid_12,g_n24_e72_k2_mid_12_p0,test,0.1,8,64,0,0.0
g_n24_e72_k2_mid_12,g_n24_e72_k2_mid_12_p0,test,0.15,11,64,2,0.03125
g_n24_e72_k2_mid_12,g_n24_e72_k2_mid_12_p4,test,0.05,4,64,0,0.0
g_n24_e72_k2_mid_12,g_n24_e72_k2_mid_12_p4,test,0.1,7,64,1,0.015625
g_n24_e72_k2_mid_12,g_n24_e72_k2_mid_12_p4,test,0.15,11,64,2,0.03125
g_n24_e72_k2_mid_12,g_n24_e72_k2_mid_12_p8,test,0.05,4,64,1,0.015625
g_n24_e72_k2_mid_12,g_n24_e72_k2_mid_12_p8,test,0.1,7,64,5,0.078125
g_n24_e72_k2_mid_12,g_n24_e72_k2_mid_12_p8,test,0.15,10,64,10,0.15625
g_n24_e72_k2_mid_13,g_n24_e72_k2_mid_13_p0,validation,0.05,4,64,0,0.0
g_n24_e72_k2_mid_13,g_n24_e72_k2_mid_13_p0,validation,0.1,8,64,2,0.03125
g_n24_e72_k2_mid_13,g_n24_e72_k2_mid_13_p0,validation,0.15,11,64,5,0.078125
g_n24_e72_k2_mid_13,g_n24_e72_k2_mid_13_p4,validation,0.05,4,64,0,0.0
g_n24_e72_k2_mid_13,g_n24_e72_k2_mid_13_p4,validation,0.1,7,64,1,0.015625
g_n24_e72_k2_mid_13,g_n24_e72_k2_mid_13_p4,validation,0.15,11,64,1,0.015625
g_n24_e72_k2_mid_13,g_n24_e72_k2_mid_13_p8,validation,0.05,4,64,1,0.015625
g_n24_e72_k2_mid_13,g_n24_e72_k2_mid_13_p8,validation,0.1,7,64,1,0.015625
g_n24_e72_k2_mid_13,g_n24_e72_k2_mid_13_p8,validation,0.15,10,64,5,0.078125
g_n24_e72_k2_mid_14,g_n24_e72_k2_mid_14_p0,train,0.05,4,64,0,0.0
g_n24_e72_k2_mid_14,g_n24_e72_k2_mid_14_p0,train,0.1,8,64,0,0.0
g_n24_e72_k2_mid_14,g_n24_e72_k2_mid_14_p0,train,0.15,11,64,1,0.015625
g_n24_e72_k2_mid_14,g_n24_e72_k2_mid_14_p4,train,0.05,4,64,1,0.015625
g_n24_e72_k2_mid_14,g_n24_e72_k2_mid_14_p4,train,0.1,7,64,1,0.015625
g_n24_e72_k2_mid_14,g_n24_e72_k2_mid_14_p4,train,0.15,11,64,1,0.015625
g_n24_e72_k2_mid_14,g_n24_e72_k2_mid_14_p8,train,0.05,4,64,0,0.0
g_n24_e72_k2_mid_14,g_n24_e72_k2_mid_14_p8,train,0.1,7,64,1,0.015625
g_n24_e72_k2_mid_14,g_n24_e72_k2_mid_14_p8,train,0.15,10,64,1,0.015625
g_n24_e72_k2_mid_15,g_n24_e72_k2_mid_15_p0,validation,0.05,4,64,1,0.015625
g_n24_e72_k2_mid_15,g_n24_e72_k2_mid_15_p0,validation,0.1,8,64,1,0.015625
g_n24_e72_k2_mid_15,g_n24_e72_k2_mid_15_p0,validation,0.15,11,64,1,0.015625
g_n24_e72_k2_mid_15,g_n24_e72_k2_mid_15_p4,validation,0.05,4,64,0,0.0
g_n24_e72_k2_mid_15,g_n24_e72_k2_mid_15_p4,validation,0.1,7,64,1,0.015625
g_n24_e72_k2_mid_15,g_n24_e72_k2_mid_15_p4,validation,0.15,11,64,3,0.046875
g_n24_e72_k2_mid_15,g_n24_e72_k2_mid_15_p8,validation,0.05,4,64,5,0.078125
g_n24_e72_k2_mid_15,g_n24_e72_k2_mid_15_p8,validation,0.1,7,64,6,0.09375
g_n24_e72_k2_mid_15,g_n24_e72_k2_mid_15_p8,validation,0.15,10,64,10,0.15625
g_n24_e72_k2_mid_16,g_n24_e72_k2_mid_16_p0,train,0.05,4,64,0,0.0
g_n24_e72_k2_mid_16,g_n24_e72_k2_mid_16_p0,train,0.1,8,64,0,0.0
g_n24_e72_k2_mid_16,g_n24_e72_k2_mid_16_p0,train,0.15,11,64,1,0.015625
g_n24_e72_k2_mid_16,g_n24_e72_k2_mid_16_p8,train,0.05,4,64,0,0.0
g_n24_e72_k2_mid_16,g_n24_e72_k2_mid_16_p8,train,0.1,7,64,1,0.015625
g_n24_e72_k2_mid_16,g_n24_e72_k2_mid_16_p8,train,0.15,10,64,2,0.03125
g_n24_e72_k2_mid_17,g_n24_e72_k2_mid_17_p0,train,0.05,4,64,2,0.03125
g_n24_e72_k2_mid_17,g_n24_e72_k2_mid_17_p0,train,0.1,8,64,3,0.046875
g_n24_e72_k2_mid_17,g_n24_e72_k2_mid_17_p0,train,0.15,11,64,3,0.046875
g_n24_e72_k2_mid_17,g_n24_e72_k2_mid_17_p4,train,0.05,4,64,1,0.015625
g_n24_e72_k2_mid_17,g_n24_e72_k2_mid_17_p4,train,0.1,7,64,2,0.03125
g_n24_e72_k2_mid_17,g_n24_e72_k2_mid_17_p4,train,0.15,11,64,4,0.0625
g_n24_e72_k2_mid_17,g_n24_e72_k2_mid_17_p8,train,0.05,4,64,0,0.0
g_n24_e72_k2_mid_17,g_n24_e72_k2_mid_17_p8,train,0.1,7,64,1,0.015625
g_n24_e72_k2_mid_17,g_n24_e72_k2_mid_17_p8,train,0.15,10,64,2,0.03125
g_n24_e72_k2_mid_18,g_n24_e72_k2_mid_18_p0,train,0.05,4,64,0,0.0
g_n24_e72_k2_mid_18,g_n24_e72_k2_mid_18_p0,train,0.1,8,64,1,0.015625
g_n24_e72_k2_mid_18,g_n24_e72_k2_mid_18_p0,train,0.15,11,64,1,0.015625
g_n24_e72_k2_mid_18,g_n24_e72_k2_mid_18_p4,train,0.05,4,64,0,0.0
g_n24_e72_k2_mid_18,g_n24_e72_k2_mid_18_p4,train,0.1,7,64,1,0.015625
g_n24_e72_k2_mid_18,g_n24_e72_k2_mid_18_p4,train,0.15,11,64,2,0.03125
g_n24_e72_k2_mid_18,g_n24_e72_k2_mid_18_p8,train,0.05,4,64,0,0.0
g_n24_e72_k2_mid_18,g_n24_e72_k2_mid_18_p8,train,0.1,7,64,1,0.015625
g_n24_e72_k2_mid_18,g_n24_e72_k2_mid_18_p8,train,0.15,10,64,1,0.015625
g_n24_e72_k2_mid_19,g_n24_e72_k2_mid_19_p0,test,0.05,4,64,0,0.0
g_n24_e72_k2_mid_19,g_n24_e72_k2_mid_19_p0,test,0.1,8,64,0,0.0
g_n24_e72_k2_mid_19,g_n24_e72_k2_mid_19_p0,test,0.15,11,64,0,0.0
g_n24_e72_k2_mid_19,g_n24_e72_k2_mid_19_p4,test,0.05,4,64,3,0.046875
g_n24_e72_k2_mid_19,g_n24_e72_k2_mid_19_p4,test,0.1,7,64,4,0.0625
g_n24_e72_k2_mid_19,g_n24_e72_k2_mid_19_p4,test,0.15,11,64,10,0.15625
g_n24_e72_k2_mid_19,g_n24_e72_k2_mid_19_p8,test,0.05,4,64,0,0.0
g_n24_e72_k2_mid_19,g_n24_e72_k2_mid_19_p8,test,0.1,7,64,1,0.015625
g_n24_e72_k2_mid_19,g_n24_e72_k2_mid_19_p8,test,0.15,10,64,2,0.03125
g_n24_e72_k2_high_20,g_n24_e72_k2_high_20_p0,train,0.05,4,64,0,0.0
g_n24_e72_k2_high_20,g_n24_e72_k2_high_20_p0,train,0.1,8,64,1,0.015625
g_n24_e72_k2_high_20,g_n24_e72_k2_high_20_p0,train,0.15,11,64,2,0.03125
g_n24_e72_k2_high_20,g_n24_e72_k2_high_20_p4,train,0.05,4,64,0,0.0
g_n24_e72_k2_high_20,g_n24_e72_k2_high_20_p4,train,0.1,7,64,0,0.0
g_n24_e72_k2_high_20,g_n24_e72_k2_high_20_p4,train,0.15,11,64,0,0.0
g_n24_e72_k2_high_20,g_n24_e72_k2_high_20_p8,train,0.05,4,64,6,0.09375
g_n24_e72_k2_high_20,g_n24_e72_k2_high_20_p8,train,0.1,7,64,8,0.125
g_n24_e72_k2_high_20,g_n24_e72_k2_high_20_p8,train,0.15,10,64,14,0.21875
g_n24_e72_k2_high_21,g_n24_e72_k2_high_21_p0,train,0.05,4,64,0,0.0
g_n24_e72_k2_high_21,g_n24_e72_k2_high_21_p0,train,0.1,8,64,0,0.0
g_n24_e72_k2_high_21,g_n24_e72_k2_high_21_p0,train,0.15,11,64,1,0.015625
g_n24_e72_k2_high_21,g_n24_e72_k2_high_21_p4,train,0.05,4,64,0,0.0
g_n24_e72_k2_high_21,g_n24_e72_k2_high_21_p4,train,0.1,7,64,0,0.0
g_n24_e72_k2_high_21,g_n24_e72_k2_high_21_p4,train,0.15,11,64,1,0.015625
g_n24_e72_k2_high_21,g_n24_e72_k2_high_21_p8,train,0.05,4,64,0,0.0
g_n24_e72_k2_high_21,g_n24_e72_k2_high_21_p8,train,0.1,7,64,1,0.015625
g_n24_e72_k2_high_21,g_n24_e72_k2_high_21_p8,train,0.15,10,64,3,0.046875
g_n24_e72_k2_high_22,g_n24_e72_k2_high_22_p0,train,0.05,4,64,1,0.015625
g_n24_e72_k2_high_22,g_n24_e72_k2_high_22_p0,train,0.1,8,64,1,0.015625
g_n24_e72_k2_high_22,g_n24_e72_k2_high_22_p0,train,0.15,11,64,2,0.03125
g_n24_e72_k2_high_22,g_n24_e72_k2_high_22_p4,train,0.05,4,64,0,0.0
g_n24_e72_k2_high_22,g_n24_e72_k2_high_22_p4,train,0.1,7,64,2,0.03125
g_n24_e72_k2_high_22,g_n24_e72_k2_high_22_p4,train,0.15,11,64,8,0.125
g_n24_e72_k2_high_22,g_n24_e72_k2_high_22_p8,train,0.05,4,64,0,0.0
g_n24_e72_k2_high_22,g_n24_e72_k2_high_22_p8,train,0.1,7,64,1,0.015625
g_n24_e72_k2_high_22,g_n24_e72_k2_high_22_p8,train,0.15,10,64,6,0.09375
g_n24_e72_k2_high_23,g_n24_e72_k2_high_23_p0,test,0.05,4,64,0,0.0
g_n24_e72_k2_high_23,g_n24_e72_k2_high_23_p0,test,0.1,8,64,2,0.03125
g_n24_e72_k2_high_23,g_n24_e72_k2_high_23_p0,test,0.15,11,64,2,0.03125
g_n24_e72_k2_high_23,g_n24_e72_k2_high_23_p4,test,0.05,4,64,0,0.0
g_n24_e72_k2_high_23,g_n24_e72_k2_high_23_p4,test,0.1,7,64,0,0.0
g_n24_e72_k2_high_23,g_n24_e72_k2_high_23_p4,test,0.15,11,64,0,0.0
g_n24_e72_k2_high_23,g_n24_e72_k2_high_23_p8,test,0.05,4,64,0,0.0
g_n24_e72_k2_high_23,g_n24_e72_k2_high_23_p8,test,0.1,7,64,0,0.0
g_n24_e72_k2_high_23,g_n24_e72_k2_high_23_p8,test,0.15,10,64,3,0.046875
g_n24_e72_k2_high_24,g_n24_e72_k2_high_24_p0,test,0.05,4,64,0,0.0
g_n24_e72_k2_high_24,g_n24_e72_k2_high_24_p0,test,0.1,8,64,0,0.0
g_n24_e72_k2_high_24,g_n24_e72_k2_high_24_p0,test,0.15,11,64,0,0.0
g_n24_e72_k2_high_24,g_n24_e72_k2_high_24_p4,test,0.05,4,64,0,0.0
g_n24_e72_k2_high_24,g_n24_e72_k2_high_24_p4,test,0.1,7,64,0,0.0
g_n24_e72_k2_high_24,g_n24_e72_k2_high_24_p4,test,0.15,11,64,2,0.03125
g_n24_e72_k2_high_24,g_n24_e72_k2_high_24_p8,test,0.05,4,64,0,0.0
g_n24_e72_k2_high_24,g_n24_e72_k2_high_24_p8,test,0.1,7,64,0,0.0
g_n24_e72_k2_high_24,g_n24_e72_k2_high_24_p8,test,0.15,10,64,2,0.03125
g_n24_e72_k2_high_25,g_n24_e72_k2_high_25_p0,train,0.05,4,64,0,0.0
g_n24_e72_k2_high_25,g_n24_e72_k2_high_25_p0,train,0.1,8,64,1,0.015625
g_n24_e72_k2_high_25,g_n24_e72_k2_high_25_p0,train,0.15,11,64,1,0.015625
g_n24_e72_k2_high_25,g_n24_e72_k2_high_25_p4,train,0.05,4,64,0,0.0
g_n24_e72_k2_high_25,g_n24_e72_k2_high_25_p4,train,0.1,7,64,0,0.0
g_n24_e72_k2_high_25,g_n24_e72_k2_high_25_p4,train,0.15,11,64,1,0.015625
g_n24_e72_k2_high_25,g_n24_e72_k2_high_25_p8,train,0.05,4,64,0,0.0
g_n24_e72_k2_high_25,g_n24_e72_k2_high_25_p8,train,0.1,7,64,2,0.03125
g_n24_e72_k2_high_25,g_n24_e72_k2_high_25_p8,train,0.15,10,64,3,0.046875
g_n24_e72_k2_high_26,g_n24_e72_k2_high_26_p0,train,0.05,4,64,0,0.0
g_n24_e72_k2_high_26,g_n24_e72_k2_high_26_p0,train,0.1,8,64,0,0.0
g_n24_e72_k2_high_26,g_n24_e72_k2_high_26_p0,train,0.15,11,64,0,0.0
g_n24_e72_k2_high_26,g_n24_e72_k2_high_26_p4,train,0.05,4,64,2,0.03125
g_n24_e72_k2_high_26,g_n24_e72_k2_high_26_p4,train,0.1,7,64,2,0.03125
g_n24_e72_k2_high_26,g_n24_e72_k2_high_26_p4,train,0.15,11,64,3,0.046875
g_n24_e72_k2_high_26,g_n24_e72_k2_high_26_p8,train,0.05,4,64,0,0.0
g_n24_e72_k2_high_26,g_n24_e72_k2_high_26_p8,train,0.1,7,64,1,0.015625
g_n24_e72_k2_high_26,g_n24_e72_k2_high_26_p8,train,0.15,10,64,2,0.03125
g_n24_e72_k2_high_27,g_n24_e72_k2_high_27_p0,validation,0.05,4,64,0,0.0
g_n24_e72_k2_high_27,g_n24_e72_k2_high_27_p0,validation,0.1,8,64,0,0.0
g_n24_e72_k2_high_27,g_n24_e72_k2_high_27_p0,validation,0.15,11,64,1,0.015625
g_n24_e72_k2_high_27,g_n24_e72_k2_high_27_p4,validation,0.05,4,64,0,0.0
g_n24_e72_k2_high_27,g_n24_e72_k2_high_27_p4,validation,0.1,7,64,1,0.015625
g_n24_e72_k2_high_27,g_n24_e72_k2_high_27_p4,validation,0.15,11,64,2,0.03125
g_n24_e72_k2_high_27,g_n24_e72_k2_high_27_p8,validation,0.05,4,64,1,0.015625
g_n24_e72_k2_high_27,g_n24_e72_k2_high_27_p8,validation,0.1,7,64,5,0.078125
g_n24_e72_k2_high_27,g_n24_e72_k2_high_27_p8,validation,0.15,10,64,9,0.140625
g_n24_e72_k2_high_28,g_n24_e72_k2_high_28_p0,train,0.05,4,64,0,0.0
g_n24_e72_k2_high_28,g_n24_e72_k2_high_28_p0,train,0.1,8,64,1,0.015625
g_n24_e72_k2_high_28,g_n24_e72_k2_high_28_p0,train,0.15,11,64,2,0.03125
g_n24_e72_k2_high_28,g_n24_e72_k2_high_28_p4,train,0.05,4,64,0,0.0
g_n24_e72_k2_high_28,g_n24_e72_k2_high_28_p4,train,0.1,7,64,1,0.015625
g_n24_e72_k2_high_28,g_n24_e72_k2_high_28_p4,train,0.15,11,64,1,0.015625
g_n24_e72_k2_high_28,g_n24_e72_k2_high_28_p8,train,0.05,4,64,0,0.0
g_n24_e72_k2_high_28,g_n24_e72_k2_high_28_p8,train,0.1,7,64,0,0.0
g_n24_e72_k2_high_28,g_n24_e72_k2_high_28_p8,train,0.15,10,64,1,0.015625
g_n24_e72_k2_high_29,g_n24_e72_k2_high_29_p0,validation,0.05,4,64,0,0.0
g_n24_e72_k2_high_29,g_n24_e72_k2_high_29_p0,validation,0.1,8,64,0,0.0
g_n24_e72_k2_high_29,g_n24_e72_k2_high_29_p0,validation,0.15,11,64,1,0.015625
g_n24_e72_k2_high_29,g_n24_e72_k2_high_29_p4,validation,0.05,4,64,0,0.0
g_n24_e72_k2_high_29,g_n24_e72_k2_high_29_p4,validation,0.1,7,64,0,0.0
g_n24_e72_k2_high_29,g_n24_e72_k2_high_29_p4,validation,0.15,11,64,1,0.015625
g_n24_e72_k2_high_29,g_n24_e72_k2_high_29_p8,validation,0.05,4,64,0,0.0
g_n24_e72_k2_high_29,g_n24_e72_k2_high_29_p8,validation,0.1,7,64,2,0.03125
g_n24_e72_k2_high_29,g_n24_e72_k2_high_29_p8,validation,0.15,10,64,2,0.03125
g_n24_e72_k3_low_00,g_n24_e72_k3_low_00_p0,train,0.05,4,64,0,0.0
g_n24_e72_k3_low_00,g_n24_e72_k3_low_00_p0,train,0.1,8,64,2,0.03125
g_n24_e72_k3_low_00,g_n24_e72_k3_low_00_p0,train,0.15,11,64,3,0.046875
g_n24_e72_k3_low_00,g_n24_e72_k3_low_00_p4,train,0.05,4,64,0,0.0
g_n24_e72_k3_low_00,g_n24_e72_k3_low_00_p4,train,0.1,7,64,1,0.015625
g_n24_e72_k3_low_00,g_n24_e72_k3_low_00_p4,train,0.15,11,64,1,0.015625
g_n24_e72_k3_low_00,g_n24_e72_k3_low_00_p8,train,0.05,4,64,7,0.109375
g_n24_e72_k3_low_00,g_n24_e72_k3_low_00_p8,train,0.1,7,64,9,0.140625
g_n24_e72_k3_low_00,g_n24_e72_k3_low_00_p8,train,0.15,10,64,13,0.203125
g_n24_e72_k3_low_01,g_n24_e72_k3_low_01_p0,validation,0.05,4,64,0,0.0
g_n24_e72_k3_low_01,g_n24_e72_k3_low_01_p0,validation,0.1,8,64,0,0.0
g_n24_e72_k3_low_01,g_n24_e72_k3_low_01_p0,validation,0.15,11,64,1,0.015625
g_n24_e72_k3_low_01,g_n24_e72_k3_low_01_p4,validation,0.05,4,64,0,0.0
g_n24_e72_k3_low_01,g_n24_e72_k3_low_01_p4,validation,0.1,7,64,1,0.015625
g_n24_e72_k3_low_01,g_n24_e72_k3_low_01_p4,validation,0.15,11,64,2,0.03125
g_n24_e72_k3_low_01,g_n24_e72_k3_low_01_p8,validation,0.05,4,64,1,0.015625
g_n24_e72_k3_low_01,g_n24_e72_k3_low_01_p8,validation,0.1,7,64,3,0.046875
g_n24_e72_k3_low_01,g_n24_e72_k3_low_01_p8,validation,0.15,10,64,8,0.125
g_n24_e72_k3_low_02,g_n24_e72_k3_low_02_p0,test,0.05,4,64,0,0.0
g_n24_e72_k3_low_02,g_n24_e72_k3_low_02_p0,test,0.1,8,64,1,0.015625
g_n24_e72_k3_low_02,g_n24_e72_k3_low_02_p0,test,0.15,11,64,2,0.03125
g_n24_e72_k3_low_02,g_n24_e72_k3_low_02_p4,test,0.05,4,64,0,0.0
g_n24_e72_k3_low_02,g_n24_e72_k3_low_02_p4,test,0.1,7,64,0,0.0
g_n24_e72_k3_low_02,g_n24_e72_k3_low_02_p4,test,0.15,11,64,0,0.0
g_n24_e72_k3_low_02,g_n24_e72_k3_low_02_p8,test,0.05,4,64,0,0.0
g_n24_e72_k3_low_02,g_n24_e72_k3_low_02_p8,test,0.1,7,64,1,0.015625
g_n24_e72_k3_low_02,g_n24_e72_k3_low_02_p8,test,0.15,10,64,3,0.046875
g_n24_e72_k3_low_03,g_n24_e72_k3_low_03_p0,train,0.05,4,64,0,0.0
g_n24_e72_k3_low_03,g_n24_e72_k3_low_03_p0,train,0.1,8,64,0,0.0
g_n24_e72_k3_low_03,g_n24_e72_k3_low_03_p0,train,0.15,11,64,1,0.015625
g_n24_e72_k3_low_03,g_n24_e72_k3_low_03_p4,train,0.05,4,64,0,0.0
g_n24_e72_k3_low_03,g_n24_e72_k3_low_03_p4,train,0.1,7,64,0,0.0
g_n24_e72_k3_low_03,g_n24_e72_k3_low_03_p4,train,0.15,11,64,3,0.046875
g_n24_e72_k3_low_03,g_n24_e72_k3_low_03_p8,train,0.05,4,64,0,0.0
g_n24_e72_k3_low_03,g_n24_e72_k3_low_03_p8,train,0.1,7,64,2,0.03125
g_n24_e72_k3_low_03,g_n24_e72_k3_low_03_p8,train,0.15,10,64,3,0.046875
g_n24_e72_k3_low_04,g_n24_e72_k3_low_04_p0,test,0.05,4,64,0,0.0
g_n24_e72_k3_low_04,g_n24_e72_k3_low_04_p0,test,0.1,8,64,0,0.0
g_n24_e72_k3_low_04,g_n24_e72_k3_low_04_p0,test,0.15,11,64,1,0.015625
g_n24_e72_k3_low_04,g_n24_e72_k3_low_04_p4,test,0.05,4,64,0,0.0
g_n24_e72_k3_low_04,g_n24_e72_k3_low_04_p4,test,0.1,7,64,0,0.0
g_n24_e72_k3_low_04,g_n24_e72_k3_low_04_p4,test,0.15,11,64,1,0.015625
g_n24_e72_k3_low_04,g_n24_e72_k3_low_04_p8,test,0.05,4,64,0,0.0
g_n24_e72_k3_low_04,g_n24_e72_k3_low_04_p8,test,0.1,7,64,1,0.015625
g_n24_e72_k3_low_04,g_n24_e72_k3_low_04_p8,test,0.15,10,64,1,0.015625
g_n24_e72_k3_low_05,g_n24_e72_k3_low_05_p0,train,0.05,4,64,0,0.0
g_n24_e72_k3_low_05,g_n24_e72_k3_low_05_p0,train,0.1,8,64,0,0.0
g_n24_e72_k3_low_05,g_n24_e72_k3_low_05_p0,train,0.15,11,64,0,0.0
g_n24_e72_k3_low_05,g_n24_e72_k3_low_05_p4,train,0.05,4,64,0,0.0
g_n24_e72_k3_low_05,g_n24_e72_k3_low_05_p4,train,0.1,7,64,0,0.0
g_n24_e72_k3_low_05,g_n24_e72_k3_low_05_p4,train,0.15,11,64,0,0.0
g_n24_e72_k3_low_05,g_n24_e72_k3_low_05_p8,train,0.05,4,64,1,0.015625
g_n24_e72_k3_low_05,g_n24_e72_k3_low_05_p8,train,0.1,7,64,5,0.078125
g_n24_e72_k3_low_05,g_n24_e72_k3_low_05_p8,train,0.15,10,64,7,0.109375
g_n24_e72_k3_low_06,g_n24_e72_k3_low_06_p0,validation,0.05,4,64,0,0.0
g_n24_e72_k3_low_06,g_n24_e72_k3_low_06_p0,validation,0.1,8,64,0,0.0
g_n24_e72_k3_low_06,g_n24_e72_k3_low_06_p0,validation,0.15,11,64,0,0.0
g_n24_e72_k3_low_06,g_n24_e72_k3_low_06_p4,validation,0.05,4,64,4,0.0625
g_n24_e72_k3_low_06,g_n24_e72_k3_low_06_p4,validation,0.1,7,64,5,0.078125
g_n24_e72_k3_low_06,g_n24_e72_k3_low_06_p4,validation,0.15,11,64,8,0.125
g_n24_e72_k3_low_06,g_n24_e72_k3_low_06_p8,validation,0.05,4,64,0,0.0
g_n24_e72_k3_low_06,g_n24_e72_k3_low_06_p8,validation,0.1,7,64,0,0.0
g_n24_e72_k3_low_06,g_n24_e72_k3_low_06_p8,validation,0.15,10,64,0,0.0
g_n24_e72_k3_low_07,g_n24_e72_k3_low_07_p0,train,0.05,4,64,0,0.0
g_n24_e72_k3_low_07,g_n24_e72_k3_low_07_p0,train,0.1,8,64,1,0.015625
g_n24_e72_k3_low_07,g_n24_e72_k3_low_07_p0,train,0.15,11,64,3,0.046875
g_n24_e72_k3_low_07,g_n24_e72_k3_low_07_p4,train,0.05,4,64,0,0.0
g_n24_e72_k3_low_07,g_n24_e72_k3_low_07_p4,train,0.1,7,64,1,0.015625
g_n24_e72_k3_low_07,g_n24_e72_k3_low_07_p4,train,0.15,11,64,4,0.0625
g_n24_e72_k3_low_07,g_n24_e72_k3_low_07_p8,train,0.05,4,64,1,0.015625
g_n24_e72_k3_low_07,g_n24_e72_k3_low_07_p8,train,0.1,7,64,2,0.03125
g_n24_e72_k3_low_07,g_n24_e72_k3_low_07_p8,train,0.15,10,64,4,0.0625
g_n24_e72_k3_low_08,g_n24_e72_k3_low_08_p0,train,0.05,4,64,0,0.0
g_n24_e72_k3_low_08,g_n24_e72_k3_low_08_p0,train,0.1,8,64,0,0.0
g_n24_e72_k3_low_08,g_n24_e72_k3_low_08_p0,train,0.15,11,64,0,0.0
g_n24_e72_k3_low_08,g_n24_e72_k3_low_08_p4,train,0.05,4,64,0,0.0
g_n24_e72_k3_low_08,g_n24_e72_k3_low_08_p4,train,0.1,7,64,1,0.015625
g_n24_e72_k3_low_08,g_n24_e72_k3_low_08_p4,train,0.15,11,64,3,0.046875
g_n24_e72_k3_low_08,g_n24_e72_k3_low_08_p8,train,0.05,4,64,0,0.0
g_n24_e72_k3_low_08,g_n24_e72_k3_low_08_p8,train,0.1,7,64,1,0.015625
g_n24_e72_k3_low_08,g_n24_e72_k3_low_08_p8,train,0.15,10,64,1,0.015625
g_n24_e72_k3_low_09,g_n24_e72_k3_low_09_p0,train,0.05,4,64,0,0.0
g_n24_e72_k3_low_09,g_n24_e72_k3_low_09_p0,train,0.1,8,64,0,0.0
g_n24_e72_k3_low_09,g_n24_e72_k3_low_09_p0,train,0.15,11,64,0,0.0
g_n24_e72_k3_low_09,g_n24_e72_k3_low_09_p4,train,0.05,4,64,0,0.0
g_n24_e72_k3_low_09,g_n24_e72_k3_low_09_p4,train,0.1,7,64,1,0.015625
g_n24_e72_k3_low_09,g_n24_e72_k3_low_09_p4,train,0.15,11,64,2,0.03125
g_n24_e72_k3_low_09,g_n24_e72_k3_low_09_p8,train,0.05,4,64,0,0.0
g_n24_e72_k3_low_09,g_n24_e72_k3_low_09_p8,train,0.1,7,64,1,0.015625
g_n24_e72_k3_low_09,g_n24_e72_k3_low_09_p8,train,0.15,10,64,1,0.015625
g_n24_e72_k3_mid_10,g_n24_e72_k3_mid_10_p0,train,0.05,4,64,0,0.0
g_n24_e72_k3_mid_10,g_n24_e72_k3_mid_10_p0,train,0.1,8,64,0,0.0
g_n24_e72_k3_mid_10,g_n24_e72_k3_mid_10_p0,train,0.15,11,64,0,0.0
g_n24_e72_k3_mid_10,g_n24_e72_k3_mid_10_p4,train,0.05,4,64,0,0.0
g_n24_e72_k3_mid_10,g_n24_e72_k3_mid_10_p4,train,0.1,7,64,0,0.0
g_n24_e72_k3_mid_10,g_n24_e72_k3_mid_10_p4,train,0.15,11,64,0,0.0
g_n24_e72_k3_mid_10,g_n24_e72_k3_mid_10_p8,train,0.05,4,64,0,0.0
g_n24_e72_k3_mid_10,g_n24_e72_k3_mid_10_p8,train,0.1,7,64,0,0.0
g_n24_e72_k3_mid_10,g_n24_e72_k3_mid_10_p8,train,0.15,10,64,1,0.015625
g_n24_e72_k3_mid_11,g_n24_e72_k3_mid_11_p0,train,0.05,4,64,0,0.0
g_n24_e72_k3_mid_11,g_n24_e72_k3_mid_11_p0,train,0.1,8,64,0,0.0
g_n24_e72_k3_mid_11,g_n24_e72_k3_mid_11_p0,train,0.15,11,64,0,0.0
g_n24_e72_k3_mid_11,g_n24_e72_k3_mid_11_p4,train,0.05,4,64,0,0.0
g_n24_e72_k3_mid_11,g_n24_e72_k3_mid_11_p4,train,0.1,7,64,0,0.0
g_n24_e72_k3_mid_11,g_n24_e72_k3_mid_11_p4,train,0.15,11,64,1,0.015625
g_n24_e72_k3_mid_11,g_n24_e72_k3_mid_11_p8,train,0.05,4,64,0,0.0
g_n24_e72_k3_mid_11,g_n24_e72_k3_mid_11_p8,train,0.1,7,64,1,0.015625
g_n24_e72_k3_mid_11,g_n24_e72_k3_mid_11_p8,train,0.15,10,64,3,0.046875
g_n24_e72_k3_mid_12,g_n24_e72_k3_mid_12_p0,validation,0.05,4,64,0,0.0
g_n24_e72_k3_mid_12,g_n24_e72_k3_mid_12_p0,validation,0.1,8,64,0,0.0
g_n24_e72_k3_mid_12,g_n24_e72_k3_mid_12_p0,validation,0.15,11,64,0,0.0
g_n24_e72_k3_mid_12,g_n24_e72_k3_mid_12_p4,validation,0.05,4,64,0,0.0
g_n24_e72_k3_mid_12,g_n24_e72_k3_mid_12_p4,validation,0.1,7,64,0,0.0
g_n24_e72_k3_mid_12,g_n24_e72_k3_mid_12_p4,validation,0.15,11,64,1,0.015625
g_n24_e72_k3_mid_12,g_n24_e72_k3_mid_12_p8,validation,0.05,4,64,0,0.0
g_n24_e72_k3_mid_12,g_n24_e72_k3_mid_12_p8,validation,0.1,7,64,0,0.0
g_n24_e72_k3_mid_12,g_n24_e72_k3_mid_12_p8,validation,0.15,10,64,0,0.0
g_n24_e72_k3_mid_13,g_n24_e72_k3_mid_13_p0,test,0.05,4,64,0,0.0
g_n24_e72_k3_mid_13,g_n24_e72_k3_mid_13_p0,test,0.1,8,64,0,0.0
g_n24_e72_k3_mid_13,g_n24_e72_k3_mid_13_p0,test,0.15,11,64,0,0.0
g_n24_e72_k3_mid_13,g_n24_e72_k3_mid_13_p4,test,0.05,4,64,0,0.0
g_n24_e72_k3_mid_13,g_n24_e72_k3_mid_13_p4,test,0.1,7,64,0,0.0
g_n24_e72_k3_mid_13,g_n24_e72_k3_mid_13_p4,test,0.15,11,64,1,0.015625
g_n24_e72_k3_mid_13,g_n24_e72_k3_mid_13_p8,test,0.05,4,64,0,0.0
g_n24_e72_k3_mid_13,g_n24_e72_k3_mid_13_p8,test,0.1,7,64,0,0.0
g_n24_e72_k3_mid_13,g_n24_e72_k3_mid_13_p8,test,0.15,10,64,1,0.015625
g_n24_e72_k3_mid_14,g_n24_e72_k3_mid_14_p0,validation,0.05,4,64,0,0.0
g_n24_e72_k3_mid_14,g_n24_e72_k3_mid_14_p0,validation,0.1,8,64,0,0.0
g_n24_e72_k3_mid_14,g_n24_e72_k3_mid_14_p0,validation,0.15,11,64,0,0.0
g_n24_e72_k3_mid_14,g_n24_e72_k3_mid_14_p4,validation,0.05,4,64,0,0.0
g_n24_e72_k3_mid_14,g_n24_e72_k3_mid_14_p4,validation,0.1,7,64,1,0.015625
g_n24_e72_k3_mid_14,g_n24_e72_k3_mid_14_p4,validation,0.15,11,64,3,0.046875
g_n24_e72_k3_mid_14,g_n24_e72_k3_mid_14_p8,validation,0.05,4,64,2,0.03125
g_n24_e72_k3_mid_14,g_n24_e72_k3_mid_14_p8,validation,0.1,7,64,6,0.09375
g_n24_e72_k3_mid_14,g_n24_e72_k3_mid_14_p8,validation,0.15,10,64,12,0.1875
g_n24_e72_k3_mid_15,g_n24_e72_k3_mid_15_p0,train,0.05,4,64,0,0.0
g_n24_e72_k3_mid_15,g_n24_e72_k3_mid_15_p0,train,0.1,8,64,0,0.0
g_n24_e72_k3_mid_15,g_n24_e72_k3_mid_15_p0,train,0.15,11,64,0,0.0
g_n24_e72_k3_mid_15,g_n24_e72_k3_mid_15_p4,train,0.05,4,64,0,0.0
g_n24_e72_k3_mid_15,g_n24_e72_k3_mid_15_p4,train,0.1,7,64,0,0.0
g_n24_e72_k3_mid_15,g_n24_e72_k3_mid_15_p4,train,0.15,11,64,1,0.015625
g_n24_e72_k3_mid_15,g_n24_e72_k3_mid_15_p8,train,0.05,4,64,0,0.0
g_n24_e72_k3_mid_15,g_n24_e72_k3_mid_15_p8,train,0.1,7,64,0,0.0
g_n24_e72_k3_mid_15,g_n24_e72_k3_mid_15_p8,train,0.15,10,64,1,0.015625
g_n24_e72_k3_mid_16,g_n24_e72_k3_mid_16_p0,train,0.05,4,64,0,0.0
g_n24_e72_k3_mid_16,g_n24_e72_k3_mid_16_p0,train,0.1,8,64,0,0.0
g_n24_e72_k3_mid_16,g_n24_e72_k3_mid_16_p0,train,0.15,11,64,0,0.0
g_n24_e72_k3_mid_16,g_n24_e72_k3_mid_16_p4,train,0.05,4,64,0,0.0
g_n24_e72_k3_mid_16,g_n24_e72_k3_mid_16_p4,train,0.1,7,64,0,0.0
g_n24_e72_k3_mid_16,g_n24_e72_k3_mid_16_p4,train,0.15,11,64,0,0.0
g_n24_e72_k3_mid_16,g_n24_e72_k3_mid_16_p8,train,0.05,4,64,1,0.015625
g_n24_e72_k3_mid_16,g_n24_e72_k3_mid_16_p8,train,0.1,7,64,2,0.03125
g_n24_e72_k3_mid_16,g_n24_e72_k3_mid_16_p8,train,0.15,10,64,4,0.0625
g_n24_e72_k3_mid_17,g_n24_e72_k3_mid_17_p0,train,0.05,4,64,0,0.0
g_n24_e72_k3_mid_17,g_n24_e72_k3_mid_17_p0,train,0.1,8,64,0,0.0
g_n24_e72_k3_mid_17,g_n24_e72_k3_mid_17_p0,train,0.15,11,64,1,0.015625
g_n24_e72_k3_mid_17,g_n24_e72_k3_mid_17_p4,train,0.05,4,64,0,0.0
g_n24_e72_k3_mid_17,g_n24_e72_k3_mid_17_p4,train,0.1,7,64,0,0.0
g_n24_e72_k3_mid_17,g_n24_e72_k3_mid_17_p4,train,0.15,11,64,0,0.0
g_n24_e72_k3_mid_17,g_n24_e72_k3_mid_17_p8,train,0.05,4,64,0,0.0
g_n24_e72_k3_mid_17,g_n24_e72_k3_mid_17_p8,train,0.1,7,64,2,0.03125
g_n24_e72_k3_mid_17,g_n24_e72_k3_mid_17_p8,train,0.15,10,64,4,0.0625
g_n24_e72_k3_mid_18,g_n24_e72_k3_mid_18_p0,train,0.05,4,64,0,0.0
g_n24_e72_k3_mid_18,g_n24_e72_k3_mid_18_p0,train,0.1,8,64,0,0.0
g_n24_e72_k3_mid_18,g_n24_e72_k3_mid_18_p0,train,0.15,11,64,1,0.015625
g_n24_e72_k3_mid_18,g_n24_e72_k3_mid_18_p4,train,0.05,4,64,0,0.0
g_n24_e72_k3_mid_18,g_n24_e72_k3_mid_18_p4,train,0.1,7,64,0,0.0
g_n24_e72_k3_mid_18,g_n24_e72_k3_mid_18_p4,train,0.15,11,64,2,0.03125
g_n24_e72_k3_mid_18,g_n24_e72_k3_mid_18_p8,train,0.05,4,64,0,0.0
g_n24_e72_k3_mid_18,g_n24_e72_k3_mid_18_p8,train,0.1,7,64,0,0.0
g_n24_e72_k3_mid_18,g_n24_e72_k3_mid_18_p8,train,0.15,10,64,1,0.015625
g_n24_e72_k3_mid_19,g_n24_e72_k3_mid_19_p0,test,0.05,4,64,0,0.0
g_n24_e72_k3_mid_19,g_n24_e72_k3_mid_19_p0,test,0.1,8,64,0,0.0
g_n24_e72_k3_mid_19,g_n24_e72_k3_mid_19_p0,test,0.15,11,64,0,0.0
g_n24_e72_k3_mid_19,g_n24_e72_k3_mid_19_p4,test,0.05,4,64,1,0.015625
g_n24_e72_k3_mid_19,g_n24_e72_k3_mid_19_p4,test,0.1,7,64,1,0.015625
g_n24_e72_k3_mid_19,g_n24_e72_k3_mid_19_p4,test,0.15,11,64,2,0.03125
g_n24_e72_k3_mid_19,g_n24_e72_k3_mid_19_p8,test,0.05,4,64,0,0.0
g_n24_e72_k3_mid_19,g_n24_e72_k3_mid_19_p8,test,0.1,7,64,0,0.0
g_n24_e72_k3_mid_19,g_n24_e72_k3_mid_19_p8,test,0.15,10,64,1,0.015625
g_n24_e72_k3_high_20,g_n24_e72_k3_high_20_p0,validation,0.05,4,64,0,0.0
g_n24_e72_k3_high_20,g_n24_e72_k3_high_20_p0,validation,0.1,8,64,0,0.0
g_n24_e72_k3_high_20,g_n24_e72_k3_high_20_p0,validation,0.15,11,64,0,0.0
g_n24_e72_k3_high_20,g_n24_e72_k3_high_20_p4,validation,0.05,4,64,0,0.0
g_n24_e72_k3_high_20,g_n24_e72_k3_high_20_p4,validation,0.1,7,64,0,0.0
g_n24_e72_k3_high_20,g_n24_e72_k3_high_20_p4,validation,0.15,11,64,1,0.015625
g_n24_e72_k3_high_20,g_n24_e72_k3_high_20_p8,validation,0.05,4,64,0,0.0
g_n24_e72_k3_high_20,g_n24_e72_k3_high_20_p8,validation,0.1,7,64,0,0.0
g_n24_e72_k3_high_20,g_n24_e72_k3_high_20_p8,validation,0.15,10,64,0,0.0
g_n24_e72_k3_high_21,g_n24_e72_k3_high_21_p0,train,0.05,4,64,0,0.0
g_n24_e72_k3_high_21,g_n24_e72_k3_high_21_p0,train,0.1,8,64,0,0.0
g_n24_e72_k3_high_21,g_n24_e72_k3_high_21_p0,train,0.15,11,64,1,0.015625
g_n24_e72_k3_high_21,g_n24_e72_k3_high_21_p4,train,0.05,4,64,0,0.0
g_n24_e72_k3_high_21,g_n24_e72_k3_high_21_p4,train,0.1,7,64,0,0.0
g_n24_e72_k3_high_21,g_n24_e72_k3_high_21_p4,train,0.15,11,64,0,0.0
g_n24_e72_k3_high_21,g_n24_e72_k3_high_21_p8,train,0.05,4,64,0,0.0
g_n24_e72_k3_high_21,g_n24_e72_k3_high_21_p8,train,0.1,7,64,0,0.0
g_n24_e72_k3_high_21,g_n24_e72_k3_high_21_p8,train,0.15,10,64,1,0.015625
g_n24_e72_k3_high_22,g_n24_e72_k3_high_22_p0,train,0.05,4,64,0,0.0
g_n24_e72_k3_high_22,g_n24_e72_k3_high_22_p0,train,0.1,8,64,0,0.0
g_n24_e72_k3_high_22,g_n24_e72_k3_high_22_p0,train,0.15,11,64,0,0.0
g_n24_e72_k3_high_22,g_n24_e72_k3_high_22_p4,train,0.05,4,64,0,0.0
g_n24_e72_k3_high_22,g_n24_e72_k3_high_22_p4,train,0.1,7,64,0,0.0
g_n24_e72_k3_high_22,g_n24_e72_k3_high_22_p4,train,0.15,11,64,0,0.0
g_n24_e72_k3_high_22,g_n24_e72_k3_high_22_p8,train,0.05,4,64,0,0.0
g_n24_e72_k3_high_22,g_n24_e72_k3_high_22_p8,train,0.1,7,64,0,0.0
g_n24_e72_k3_high_22,g_n24_e72_k3_high_22_p8,train,0.15,10,64,0,0.0
g_n24_e72_k3_high_23,g_n24_e72_k3_high_23_p0,train,0.05,4,64,0,0.0
g_n24_e72_k3_high_23,g_n24_e72_k3_high_23_p0,train,0.1,8,64,0,0.0
g_n24_e72_k3_high_23,g_n24_e72_k3_high_23_p0,train,0.15,11,64,0,0.0
g_n24_e72_k3_high_23,g_n24_e72_k3_high_23_p4,train,0.05,4,64,0,0.0
g_n24_e72_k3_high_23,g_n24_e72_k3_high_23_p4,train,0.1,7,64,0,0.0
g_n24_e72_k3_high_23,g_n24_e72_k3_high_23_p4,train,0.15,11,64,0,0.0
g_n24_e72_k3_high_23,g_n24_e72_k3_high_23_p8,train,0.05,4,64,0,0.0
g_n24_e72_k3_high_23,g_n24_e72_k3_high_23_p8,train,0.1,7,64,0,0.0
g_n24_e72_k3_high_23,g_n24_e72_k3_high_23_p8,train,0.15,10,64,0,0.0
g_n24_e72_k3_high_24,g_n24_e72_k3_high_24_p0,train,0.05,4,64,0,0.0
g_n24_e72_k3_high_24,g_n24_e72_k3_high_24_p0,train,0.1,8,64,0,0.0
g_n24_e72_k3_high_24,g_n24_e72_k3_high_24_p0,train,0.15,11,64,0,0.0
g_n24_e72_k3_high_24,g_n24_e72_k3_high_24_p4,train,0.05,4,64,0,0.0
g_n24_e72_k3_high_24,g_n24_e72_k3_high_24_p4,train,0.1,7,64,0,0.0
g_n24_e72_k3_high_24,g_n24_e72_k3_high_24_p4,train,0.15,11,64,0,0.0
g_n24_e72_k3_high_24,g_n24_e72_k3_high_24_p8,train,0.05,4,64,0,0.0
g_n24_e72_k3_high_24,g_n24_e72_k3_high_24_p8,train,0.1,7,64,0,0.0
g_n24_e72_k3_high_24,g_n24_e72_k3_high_24_p8,train,0.15,10,64,1,0.015625
g_n24_e72_k3_high_25,g_n24_e72_k3_high_25_p0,test,0.05,4,64,0,0.0
g_n24_e72_k3_high_25,g_n24_e72_k3_high_25_p0,test,0.1,8,64,0,0.0
g_n24_e72_k3_high_25,g_n24_e72_k3_high_25_p0,test,0.15,11,64,1,0.015625
g_n24_e72_k3_high_25,g_n24_e72_k3_high_25_p4,test,0.05,4,64,0,0.0
g_n24_e72_k3_high_25,g_n24_e72_k3_high_25_p4,test,0.1,7,64,1,0.015625
g_n24_e72_k3_high_25,g_n24_e72_k3_high_25_p4,test,0.15,11,64,3,0.046875
g_n24_e72_k3_high_25,g_n24_e72_k3_high_25_p8,test,0.05,4,64,0,0.0
g_n24_e72_k3_high_25,g_n24_e72_k3_high_25_p8,test,0.1,7,64,0,0.0
g_n24_e72_k3_high_25,g_n24_e72_k3_high_25_p8,test,0.15,10,64,0,0.0
g_n24_e72_k3_high_26,g_n24_e72_k3_high_26_p0,validation,0.05,4,64,0,0.0
g_n24_e72_k3_high_26,g_n24_e72_k3_high_26_p0,validation,0.1,8,64,0,0.0
g_n24_e72_k3_high_26,g_n24_e72_k3_high_26_p0,validation,0.15,11,64,1,0.015625
g_n24_e72_k3_high_26,g_n24_e72_k3_high_26_p4,validation,0.05,4,64,0,0.0
g_n24_e72_k3_high_26,g_n24_e72_k3_high_26_p4,validation,0.1,7,64,0,0.0
g_n24_e72_k3_high_26,g_n24_e72_k3_high_26_p4,validation,0.15,11,64,1,0.015625
g_n24_e72_k3_high_26,g_n24_e72_k3_high_26_p8,validation,0.05,4,64,4,0.0625
g_n24_e72_k3_high_26,g_n24_e72_k3_high_26_p8,validation,0.1,7,64,8,0.125
g_n24_e72_k3_high_26,g_n24_e72_k3_high_26_p8,validation,0.15,10,64,14,0.21875
g_n24_e72_k3_high_27,g_n24_e72_k3_high_27_p0,train,0.05,4,64,0,0.0
g_n24_e72_k3_high_27,g_n24_e72_k3_high_27_p0,train,0.1,8,64,0,0.0
g_n24_e72_k3_high_27,g_n24_e72_k3_high_27_p0,train,0.15,11,64,0,0.0
g_n24_e72_k3_high_27,g_n24_e72_k3_high_27_p4,train,0.05,4,64,0,0.0
g_n24_e72_k3_high_27,g_n24_e72_k3_high_27_p4,train,0.1,7,64,0,0.0
g_n24_e72_k3_high_27,g_n24_e72_k3_high_27_p4,train,0.15,11,64,0,0.0
g_n24_e72_k3_high_27,g_n24_e72_k3_high_27_p8,train,0.05,4,64,0,0.0
g_n24_e72_k3_high_27,g_n24_e72_k3_high_27_p8,train,0.1,7,64,0,0.0
g_n24_e72_k3_high_27,g_n24_e72_k3_high_27_p8,train,0.15,10,64,1,0.015625
g_n24_e72_k3_high_28,g_n24_e72_k3_high_28_p0,test,0.05,4,64,0,0.0
g_n24_e72_k3_high_28,g_n24_e72_k3_high_28_p0,test,0.1,8,64,0,0.0
g_n24_e72_k3_high_28,g_n24_e72_k3_high_28_p0,test,0.15,11,64,0,0.0
g_n24_e72_k3_high_28,g_n24_e72_k3_high_28_p4,test,0.05,4,64,0,0.0
g_n24_e72_k3_high_28,g_n24_e72_k3_high_28_p4,test,0.1,7,64,0,0.0
g_n24_e72_k3_high_28,g_n24_e72_k3_high_28_p4,test,0.15,11,64,1,0.015625
g_n24_e72_k3_high_28,g_n24_e72_k3_high_28_p8,test,0.05,4,64,0,0.0
g_n24_e72_k3_high_28,g_n24_e72_k3_high_28_p8,test,0.1,7,64,0,0.0
g_n24_e72_k3_high_28,g_n24_e72_k3_high_28_p8,test,0.15,10,64,1,0.015625
g_n24_e72_k3_high_29,g_n24_e72_k3_high_29_p0,train,0.05,4,64,0,0.0
g_n24_e72_k3_high_29,g_n24_e72_k3_high_29_p0,train,0.1,8,64,0,0.0
g_n24_e72_k3_high_29,g_n24_e72_k3_high_29_p0,train,0.15,11,64,0,0.0
g_n24_e72_k3_high_29,g_n24_e72_k3_high_29_p4,train,0.05,4,64,0,0.0
g_n24_e72_k3_high_29,g_n24_e72_k3_high_29_p4,train,0.1,7,64,0,0.0
g_n24_e72_k3_high_29,g_n24_e72_k3_high_29_p4,train,0.15,11,64,0,0.0
g_n24_e72_k3_high_29,g_n24_e72_k3_high_29_p8,train,0.05,4,64,0,0.0
g_n24_e72_k3_high_29,g_n24_e72_k3_high_29_p8,train,0.1,7,64,0,0.0
g_n24_e72_k3_high_29,g_n24_e72_k3_high_29_p8,train,0.15,10,64,0,0.0
g_n32_e64_k2_low_00,g_n32_e64_k2_low_00_p0,test,0.05,4,64,2,0.03125
g_n32_e64_k2_low_00,g_n32_e64_k2_low_00_p0,test,0.1,7,64,6,0.09375
g_n32_e64_k2_low_00,g_n32_e64_k2_low_00_p0,test,0.15,10,64,13,0.203125
g_n32_e64_k2_low_00,g_n32_e64_k2_low_00_p4,test,0.05,3,64,5,0.078125
g_n32_e64_k2_low_00,g_n32_e64_k2_low_00_p4,test,0.1,6,64,14,0.21875
g_n32_e64_k2_low_00,g_n32_e64_k2_low_00_p4,test,0.15,9,64,24,0.375
g_n32_e64_k2_low_00,g_n32_e64_k2_low_00_p7,test,0.05,3,64,12,0.1875
g_n32_e64_k2_low_00,g_n32_e64_k2_low_00_p7,test,0.1,6,64,18,0.28125
g_n32_e64_k2_low_00,g_n32_e64_k2_low_00_p7,test,0.15,9,64,29,0.453125
g_n32_e64_k2_low_01,g_n32_e64_k2_low_01_p0,train,0.05,4,64,1,0.015625
g_n32_e64_k2_low_01,g_n32_e64_k2_low_01_p0,train,0.1,7,64,4,0.0625
g_n32_e64_k2_low_01,g_n32_e64_k2_low_01_p0,train,0.15,10,64,9,0.140625
g_n32_e64_k2_low_01,g_n32_e64_k2_low_01_p7,train,0.05,3,64,8,0.125
g_n32_e64_k2_low_01,g_n32_e64_k2_low_01_p7,train,0.1,6,64,18,0.28125
g_n32_e64_k2_low_01,g_n32_e64_k2_low_01_p7,train,0.15,9,64,28,0.4375
g_n32_e64_k2_low_02,g_n32_e64_k2_low_02_p0,test,0.05,4,64,2,0.03125
g_n32_e64_k2_low_02,g_n32_e64_k2_low_02_p0,test,0.1,7,64,7,0.109375
g_n32_e64_k2_low_02,g_n32_e64_k2_low_02_p0,test,0.15,10,64,18,0.28125
g_n32_e64_k2_low_02,g_n32_e64_k2_low_02_p4,test,0.05,3,64,7,0.109375
g_n32_e64_k2_low_02,g_n32_e64_k2_low_02_p4,test,0.1,6,64,12,0.1875
g_n32_e64_k2_low_02,g_n32_e64_k2_low_02_p4,test,0.15,9,64,22,0.34375
g_n32_e64_k2_low_02,g_n32_e64_k2_low_02_p7,test,0.05,3,64,11,0.171875
g_n32_e64_k2_low_02,g_n32_e64_k2_low_02_p7,test,0.1,6,64,31,0.484375
g_n32_e64_k2_low_02,g_n32_e64_k2_low_02_p7,test,0.15,9,64,47,0.734375
g_n32_e64_k2_low_03,g_n32_e64_k2_low_03_p0,train,0.05,4,64,3,0.046875
g_n32_e64_k2_low_03,g_n32_e64_k2_low_03_p0,train,0.1,7,64,7,0.109375
g_n32_e64_k2_low_03,g_n32_e64_k2_low_03_p0,train,0.15,10,64,16,0.25
g_n32_e64_k2_low_03,g_n32_e64_k2_low_03_p4,train,0.05,3,64,9,0.140625
g_n32_e64_k2_low_03,g_n32_e64_k2_low_03_p4,train,0.1,6,64,24,0.375
g_n32_e64_k2_low_03,g_n32_e64_k2_low_03_p4,train,0.15,9,64,39,0.609375
g_n32_e64_k2_low_03,g_n32_e64_k2_low_03_p7,train,0.05,3,64,5,0.078125
g_n32_e64_k2_low_03,g_n32_e64_k2_low_03_p7,train,0.1,6,64,11,0.171875
g_n32_e64_k2_low_03,g_n32_e64_k2_low_03_p7,train,0.15,9,64,27,0.421875
g_n32_e64_k2_low_04,g_n32_e64_k2_low_04_p0,train,0.05,4,64,2,0.03125
g_n32_e64_k2_low_04,g_n32_e64_k2_low_04_p0,train,0.1,7,64,5,0.078125
g_n32_e64_k2_low_04,g_n32_e64_k2_low_04_p0,train,0.15,10,64,12,0.1875
g_n32_e64_k2_low_04,g_n32_e64_k2_low_04_p4,train,0.05,3,64,1,0.015625
g_n32_e64_k2_low_04,g_n32_e64_k2_low_04_p4,train,0.1,6,64,6,0.09375
g_n32_e64_k2_low_04,g_n32_e64_k2_low_04_p4,train,0.15,9,64,11,0.171875
g_n32_e64_k2_low_04,g_n32_e64_k2_low_04_p7,train,0.05,3,64,7,0.109375
g_n32_e64_k2_low_04,g_n32_e64_k2_low_04_p7,train,0.1,6,64,19,0.296875
g_n32_e64_k2_low_04,g_n32_e64_k2_low_04_p7,train,0.15,9,64,34,0.53125
g_n32_e64_k2_low_05,g_n32_e64_k2_low_05_p0,train,0.05,4,64,2,0.03125
g_n32_e64_k2_low_05,g_n32_e64_k2_low_05_p0,train,0.1,7,64,7,0.109375
g_n32_e64_k2_low_05,g_n32_e64_k2_low_05_p0,train,0.15,10,64,10,0.15625
g_n32_e64_k2_low_05,g_n32_e64_k2_low_05_p4,train,0.05,3,64,8,0.125
g_n32_e64_k2_low_05,g_n32_e64_k2_low_05_p4,train,0.1,6,64,18,0.28125
g_n32_e64_k2_low_05,g_n32_e64_k2_low_05_p4,train,0.15,9,64,28,0.4375
g_n32_e64_k2_low_05,g_n32_e64_k2_low_05_p7,train,0.05,3,64,3,0.046875
g_n32_e64_k2_low_05,g_n32_e64_k2_low_05_p7,train,0.1,6,64,12,0.1875
g_n32_e64_k2_low_05,g_n32_e64_k2_low_05_p7,train,0.15,9,64,25,0.390625
g_n32_e64_k2_low_06,g_n32_e64_k2_low_06_p0,validation,0.05,4,64,3,0.046875
g_n32_e64_k2_low_06,g_n32_e64_k2_low_06_p0,validation,0.1,7,64,5,0.078125
g_n32_e64_k2_low_06,g_n32_e64_k2_low_06_p0,validation,0.15,10,64,10,0.15625
g_n32_e64_k2_low_06,g_n32_e64_k2_low_06_p4,validation,0.05,3,64,7,0.109375
g_n32_e64_k2_low_06,g_n32_e64_k2_low_06_p4,validation,0.1,6,64,15,0.234375
g_n32_e64_k2_low_06,g_n32_e64_k2_low_06_p4,validation,0.15,9,64,19,0.296875
g_n32_e64_k2_low_06,g_n32_e64_k2_low_06_p7,validation,0.05,3,64,12,0.1875
g_n32_e64_k2_low_06,g_n32_e64_k2_low_06_p7,validation,0.1,6,64,19,0.296875
g_n32_e64_k2_low_06,g_n32_e64_k2_low_06_p7,validation,0.15,9,64,36,0.5625
g_n32_e64_k2_low_07,g_n32_e64_k2_low_07_p0,train,0.05,4,64,2,0.03125
g_n32_e64_k2_low_07,g_n32_e64_k2_low_07_p0,train,0.1,7,64,8,0.125
g_n32_e64_k2_low_07,g_n32_e64_k2_low_07_p0,train,0.15,10,64,17,0.265625
g_n32_e64_k2_low_07,g_n32_e64_k2_low_07_p4,train,0.05,3,64,5,0.078125
g_n32_e64_k2_low_07,g_n32_e64_k2_low_07_p4,train,0.1,6,64,13,0.203125
g_n32_e64_k2_low_07,g_n32_e64_k2_low_07_p4,train,0.15,9,64,23,0.359375
g_n32_e64_k2_low_07,g_n32_e64_k2_low_07_p7,train,0.05,3,64,17,0.265625
g_n32_e64_k2_low_07,g_n32_e64_k2_low_07_p7,train,0.1,6,64,35,0.546875
g_n32_e64_k2_low_07,g_n32_e64_k2_low_07_p7,train,0.15,9,64,45,0.703125
g_n32_e64_k2_low_08,g_n32_e64_k2_low_08_p0,train,0.05,4,64,1,0.015625
g_n32_e64_k2_low_08,g_n32_e64_k2_low_08_p0,train,0.1,7,64,7,0.109375
g_n32_e64_k2_low_08,g_n32_e64_k2_low_08_p0,train,0.15,10,64,11,0.171875
g_n32_e64_k2_low_08,g_n32_e64_k2_low_08_p4,train,0.05,3,64,3,0.046875
g_n32_e64_k2_low_08,g_n32_e64_k2_low_08_p4,train,0.1,6,64,10,0.15625
g_n32_e64_k2_low_08,g_n32_e64_k2_low_08_p4,train,0.15,9,64,19,0.296875
g_n32_e64_k2_low_08,g_n32_e64_k2_low_08_p7,train,0.05,3,64,4,0.0625
g_n32_e64_k2_low_08,g_n32_e64_k2_low_08_p7,train,0.1,6,64,14,0.21875
g_n32_e64_k2_low_08,g_n32_e64_k2_low_08_p7,train,0.15,9,64,25,0.390625
g_n32_e64_k2_low_09,g_n32_e64_k2_low_09_p0,validation,0.05,4,64,1,0.015625
g_n32_e64_k2_low_09,g_n32_e64_k2_low_09_p0,validation,0.1,7,64,7,0.109375
g_n32_e64_k2_low_09,g_n32_e64_k2_low_09_p0,validation,0.15,10,64,14,0.21875
g_n32_e64_k2_low_09,g_n32_e64_k2_low_09_p4,validation,0.05,3,64,9,0.140625
g_n32_e64_k2_low_09,g_n32_e64_k2_low_09_p4,validation,0.1,6,64,19,0.296875
g_n32_e64_k2_low_09,g_n32_e64_k2_low_09_p4,validation,0.15,9,64,28,0.4375
g_n32_e64_k2_mid_10,g_n32_e64_k2_mid_10_p0,train,0.05,4,64,2,0.03125
g_n32_e64_k2_mid_10,g_n32_e64_k2_mid_10_p0,train,0.1,7,64,7,0.109375
g_n32_e64_k2_mid_10,g_n32_e64_k2_mid_10_p0,train,0.15,10,64,10,0.15625
g_n32_e64_k2_mid_10,g_n32_e64_k2_mid_10_p4,train,0.05,3,64,2,0.03125
g_n32_e64_k2_mid_10,g_n32_e64_k2_mid_10_p4,train,0.1,6,64,5,0.078125
g_n32_e64_k2_mid_10,g_n32_e64_k2_mid_10_p4,train,0.15,9,64,13,0.203125
g_n32_e64_k2_mid_10,g_n32_e64_k2_mid_10_p7,train,0.05,3,64,4,0.0625
g_n32_e64_k2_mid_10,g_n32_e64_k2_mid_10_p7,train,0.1,6,64,17,0.265625
g_n32_e64_k2_mid_10,g_n32_e64_k2_mid_10_p7,train,0.15,9,64,32,0.5
g_n32_e64_k2_mid_11,g_n32_e64_k2_mid_11_p0,test,0.05,4,64,0,0.0
g_n32_e64_k2_mid_11,g_n32_e64_k2_mid_11_p0,test,0.1,7,64,3,0.046875
g_n32_e64_k2_mid_11,g_n32_e64_k2_mid_11_p0,test,0.15,10,64,9,0.140625
g_n32_e64_k2_mid_11,g_n32_e64_k2_mid_11_p4,test,0.05,3,64,7,0.109375
g_n32_e64_k2_mid_11,g_n32_e64_k2_mid_11_p4,test,0.1,6,64,16,0.25
g_n32_e64_k2_mid_11,g_n32_e64_k2_mid_11_p4,test,0.15,9,64,29,0.453125
g_n32_e64_k2_mid_12,g_n32_e64_k2_mid_12_p0,train,0.05,4,64,1,0.015625
g_n32_e64_k2_mid_12,g_n32_e64_k2_mid_12_p0,train,0.1,7,64,4,0.0625
g_n32_e64_k2_mid_12,g_n32_e64_k2_mid_12_p0,train,0.15,10,64,9,0.140625
g_n32_e64_k2_mid_12,g_n32_e64_k2_mid_12_p4,train,0.05,3,64,0,0.0
g_n32_e64_k2_mid_12,g_n32_e64_k2_mid_12_p4,train,0.1,6,64,4,0.0625
g_n32_e64_k2_mid_12,g_n32_e64_k2_mid_12_p4,train,0.15,9,64,13,0.203125
g_n32_e64_k2_mid_12,g_n32_e64_k2_mid_12_p7,train,0.05,3,64,9,0.140625
g_n32_e64_k2_mid_12,g_n32_e64_k2_mid_12_p7,train,0.1,6,64,22,0.34375
g_n32_e64_k2_mid_12,g_n32_e64_k2_mid_12_p7,train,0.15,9,64,32,0.5
g_n32_e64_k2_mid_13,g_n32_e64_k2_mid_13_p0,validation,0.05,4,64,1,0.015625
g_n32_e64_k2_mid_13,g_n32_e64_k2_mid_13_p0,validation,0.1,7,64,3,0.046875
g_n32_e64_k2_mid_13,g_n32_e64_k2_mid_13_p0,validation,0.15,10,64,11,0.171875
g_n32_e64_k2_mid_13,g_n32_e64_k2_mid_13_p4,validation,0.05,3,64,0,0.0
g_n32_e64_k2_mid_13,g_n32_e64_k2_mid_13_p4,validation,0.1,6,64,5,0.078125
g_n32_e64_k2_mid_13,g_n32_e64_k2_mid_13_p4,validation,0.15,9,64,10,0.15625
g_n32_e64_k2_mid_13,g_n32_e64_k2_mid_13_p7,validation,0.05,3,64,6,0.09375
g_n32_e64_k2_mid_13,g_n32_e64_k2_mid_13_p7,validation,0.1,6,64,12,0.1875
g_n32_e64_k2_mid_13,g_n32_e64_k2_mid_13_p7,validation,0.15,9,64,25,0.390625
g_n32_e64_k2_mid_14,g_n32_e64_k2_mid_14_p0,train,0.05,4,64,3,0.046875
g_n32_e64_k2_mid_14,g_n32_e64_k2_mid_14_p0,train,0.1,7,64,7,0.109375
g_n32_e64_k2_mid_14,g_n32_e64_k2_mid_14_p0,train,0.15,10,64,11,0.171875
g_n32_e64_k2_mid_14,g_n32_e64_k2_mid_14_p4,train,0.05,3,64,1,0.015625
g_n32_e64_k2_mid_14,g_n32_e64_k2_mid_14_p4,train,0.1,6,64,5,0.078125
g_n32_e64_k2_mid_14,g_n32_e64_k2_mid_14_p4,train,0.15,9,64,11,0.171875
g_n32_e64_k2_mid_14,g_n32_e64_k2_mid_14_p7,train,0.05,3,64,4,0.0625
g_n32_e64_k2_mid_14,g_n32_e64_k2_mid_14_p7,train,0.1,6,64,17,0.265625
g_n32_e64_k2_mid_14,g_n32_e64_k2_mid_14_p7,train,0.15,9,64,28,0.4375
g_n32_e64_k2_mid_15,g_n32_e64_k2_mid_15_p0,test,0.05,4,64,2,0.03125
g_n32_e64_k2_mid_15,g_n32_e64_k2_mid_15_p0,test,0.1,7,64,7,0.109375
g_n32_e64_k2_mid_15,g_n32_e64_k2_mid_15_p0,test,0.15,10,64,9,0.140625
g_n32_e64_k2_mid_15,g_n32_e64_k2_mid_15_p4,test,0.05,3,64,6,0.09375
g_n32_e64_k2_mid_15,g_n32_e64_k2_mid_15_p4,test,0.1,6,64,10,0.15625
g_n32_e64_k2_mid_15,g_n32_e64_k2_mid_15_p4,test,0.15,9,64,22,0.34375
g_n32_e64_k2_mid_15,g_n32_e64_k2_mid_15_p7,test,0.05,3,64,5,0.078125
g_n32_e64_k2_mid_15,g_n32_e64_k2_mid_15_p7,test,0.1,6,64,16,0.25
g_n32_e64_k2_mid_15,g_n32_e64_k2_mid_15_p7,test,0.15,9,64,30,0.46875
g_n32_e64_k2_mid_16,g_n32_e64_k2_mid_16_p0,validation,0.05,4,64,0,0.0
g_n32_e64_k2_mid_16,g_n32_e64_k2_mid_16_p0,validation,0.1,7,64,1,0.015625
g_n32_e64_k2_mid_16,g_n32_e64_k2_mid_16_p0,validation,0.15,10,64,4,0.0625
g_n32_e64_k2_mid_16,g_n32_e64_k2_mid_16_p4,validation,0.05,3,64,5,0.078125
g_n32_e64_k2_mid_16,g_n32_e64_k2_mid_16_p4,validation,0.1,6,64,9,0.140625
g_n32_e64_k2_mid_16,g_n32_e64_k2_mid_16_p4,validation,0.15,9,64,17,0.265625
g_n32_e64_k2_mid_16,g_n32_e64_k2_mid_16_p7,validation,0.05,3,64,2,0.03125
g_n32_e64_k2_mid_16,g_n32_e64_k2_mid_16_p7,validation,0.1,6,64,5,0.078125
g_n32_e64_k2_mid_16,g_n32_e64_k2_mid_16_p7,validation,0.15,9,64,11,0.171875
g_n32_e64_k2_mid_17,g_n32_e64_k2_mid_17_p0,train,0.05,4,64,2,0.03125
g_n32_e64_k2_mid_17,g_n32_e64_k2_mid_17_p0,train,0.1,7,64,3,0.046875
g_n32_e64_k2_mid_17,g_n32_e64_k2_mid_17_p0,train,0.15,10,64,9,0.140625
g_n32_e64_k2_mid_17,g_n32_e64_k2_mid_17_p4,train,0.05,3,64,0,0.0
g_n32_e64_k2_mid_17,g_n32_e64_k2_mid_17_p4,train,0.1,6,64,1,0.015625
g_n32_e64_k2_mid_17,g_n32_e64_k2_mid_17_p4,train,0.15,9,64,5,0.078125
g_n32_e64_k2_mid_18,g_n32_e64_k2_mid_18_p0,train,0.05,4,64,2,0.03125
g_n32_e64_k2_mid_18,g_n32_e64_k2_mid_18_p0,train,0.1,7,64,5,0.078125
g_n32_e64_k2_mid_18,g_n32_e64_k2_mid_18_p0,train,0.15,10,64,10,0.15625
g_n32_e64_k2_mid_18,g_n32_e64_k2_mid_18_p4,train,0.05,3,64,1,0.015625
g_n32_e64_k2_mid_18,g_n32_e64_k2_mid_18_p4,train,0.1,6,64,4,0.0625
g_n32_e64_k2_mid_18,g_n32_e64_k2_mid_18_p4,train,0.15,9,64,11,0.171875
g_n32_e64_k2_mid_18,g_n32_e64_k2_mid_18_p7,train,0.05,3,64,8,0.125
g_n32_e64_k2_mid_18,g_n32_e64_k2_mid_18_p7,train,0.1,6,64,21,0.328125
g_n32_e64_k2_mid_18,g_n32_e64_k2_mid_18_p7,train,0.15,9,64,31,0.484375
g_n32_e64_k2_mid_19,g_n32_e64_k2_mid_19_p0,train,0.05,4,64,2,0.03125
g_n32_e64_k2_mid_19,g_n32_e64_k2_mid_19_p0,train,0.1,7,64,7,0.109375
g_n32_e64_k2_mid_19,g_n32_e64_k2_mid_19_p0,train,0.15,10,64,18,0.28125
g_n32_e64_k2_mid_19,g_n32_e64_k2_mid_19_p4,train,0.05,3,64,0,0.0
g_n32_e64_k2_mid_19,g_n32_e64_k2_mid_19_p4,train,0.1,6,64,3,0.046875
g_n32_e64_k2_mid_19,g_n32_e64_k2_mid_19_p4,train,0.15,9,64,7,0.109375
g_n32_e64_k2_mid_19,g_n32_e64_k2_mid_19_p7,train,0.05,3,64,16,0.25
g_n32_e64_k2_mid_19,g_n32_e64_k2_mid_19_p7,train,0.1,6,64,28,0.4375
g_n32_e64_k2_mid_19,g_n32_e64_k2_mid_19_p7,train,0.15,9,64,32,0.5
g_n32_e64_k2_high_20,g_n32_e64_k2_high_20_p0,test,0.05,4,64,1,0.015625
g_n32_e64_k2_high_20,g_n32_e64_k2_high_20_p0,test,0.1,7,64,5,0.078125
g_n32_e64_k2_high_20,g_n32_e64_k2_high_20_p0,test,0.15,10,64,10,0.15625
g_n32_e64_k2_high_20,g_n32_e64_k2_high_20_p4,test,0.05,3,64,6,0.09375
g_n32_e64_k2_high_20,g_n32_e64_k2_high_20_p4,test,0.1,6,64,12,0.1875
g_n32_e64_k2_high_20,g_n32_e64_k2_high_20_p4,test,0.15,9,64,21,0.328125
g_n32_e64_k2_high_20,g_n32_e64_k2_high_20_p7,test,0.05,3,64,1,0.015625
g_n32_e64_k2_high_20,g_n32_e64_k2_high_20_p7,test,0.1,6,64,5,0.078125
g_n32_e64_k2_high_20,g_n32_e64_k2_high_20_p7,test,0.15,9,64,11,0.171875
g_n32_e64_k2_high_21,g_n32_e64_k2_high_21_p0,validation,0.05,4,64,1,0.015625
g_n32_e64_k2_high_21,g_n32_e64_k2_high_21_p0,validation,0.1,7,64,4,0.0625
g_n32_e64_k2_high_21,g_n32_e64_k2_high_21_p0,validation,0.15,10,64,14,0.21875
g_n32_e64_k2_high_21,g_n32_e64_k2_high_21_p4,validation,0.05,3,64,2,0.03125
g_n32_e64_k2_high_21,g_n32_e64_k2_high_21_p4,validation,0.1,6,64,5,0.078125
g_n32_e64_k2_high_21,g_n32_e64_k2_high_21_p4,validation,0.15,9,64,9,0.140625
g_n32_e64_k2_high_21,g_n32_e64_k2_high_21_p7,validation,0.05,3,64,5,0.078125
g_n32_e64_k2_high_21,g_n32_e64_k2_high_21_p7,validation,0.1,6,64,15,0.234375
g_n32_e64_k2_high_21,g_n32_e64_k2_high_21_p7,validation,0.15,9,64,25,0.390625
g_n32_e64_k2_high_22,g_n32_e64_k2_high_22_p0,validation,0.05,4,64,1,0.015625
g_n32_e64_k2_high_22,g_n32_e64_k2_high_22_p0,validation,0.1,7,64,3,0.046875
g_n32_e64_k2_high_22,g_n32_e64_k2_high_22_p0,validation,0.15,10,64,5,0.078125
g_n32_e64_k2_high_22,g_n32_e64_k2_high_22_p4,validation,0.05,3,64,4,0.0625
g_n32_e64_k2_high_22,g_n32_e64_k2_high_22_p4,validation,0.1,6,64,11,0.171875
g_n32_e64_k2_high_22,g_n32_e64_k2_high_22_p4,validation,0.15,9,64,18,0.28125
g_n32_e64_k2_high_22,g_n32_e64_k2_high_22_p7,validation,0.05,3,64,19,0.296875
g_n32_e64_k2_high_22,g_n32_e64_k2_high_22_p7,validation,0.1,6,64,33,0.515625
g_n32_e64_k2_high_22,g_n32_e64_k2_high_22_p7,validation,0.15,9,64,46,0.71875
g_n32_e64_k2_high_23,g_n32_e64_k2_high_23_p0,train,0.05,4,64,0,0.0
g_n32_e64_k2_high_23,g_n32_e64_k2_high_23_p0,train,0.1,7,64,3,0.046875
g_n32_e64_k2_high_23,g_n32_e64_k2_high_23_p0,train,0.15,10,64,5,0.078125
g_n32_e64_k2_high_23,g_n32_e64_k2_high_23_p4,train,0.05,3,64,4,0.0625
g_n32_e64_k2_high_23,g_n32_e64_k2_high_23_p4,train,0.1,6,64,16,0.25
g_n32_e64_k2_high_23,g_n32_e64_k2_high_23_p4,train,0.15,9,64,20,0.3125
g_n32_e64_k2_high_23,g_n32_e64_k2_high_23_p7,train,0.05,3,64,12,0.1875
g_n32_e64_k2_high_23,g_n32_e64_k2_high_23_p7,train,0.1,6,64,18,0.28125
g_n32_e64_k2_high_23,g_n32_e64_k2_high_23_p7,train,0.15,9,64,24,0.375
g_n32_e64_k2_high_24,g_n32_e64_k2_high_24_p0,train,0.05,4,64,0,0.0
g_n32_e64_k2_high_24,g_n32_e64_k2_high_24_p0,train,0.1,7,64,0,0.0
g_n32_e64_k2_high_24,g_n32_e64_k2_high_24_p0,train,0.15,10,64,7,0.109375
g_n32_e64_k2_high_24,g_n32_e64_k2_high_24_p4,train,0.05,3,64,0,0.0
g_n32_e64_k2_high_24,g_n32_e64_k2_high_24_p4,train,0.1,6,64,2,0.03125
g_n32_e64_k2_high_24,g_n32_e64_k2_high_24_p4,train,0.15,9,64,7,0.109375
g_n32_e64_k2_high_24,g_n32_e64_k2_high_24_p7,train,0.05,3,64,19,0.296875
g_n32_e64_k2_high_24,g_n32_e64_k2_high_24_p7,train,0.1,6,64,30,0.46875
g_n32_e64_k2_high_24,g_n32_e64_k2_high_24_p7,train,0.15,9,64,36,0.5625
g_n32_e64_k2_high_25,g_n32_e64_k2_high_25_p0,test,0.05,4,64,1,0.015625
g_n32_e64_k2_high_25,g_n32_e64_k2_high_25_p0,test,0.1,7,64,5,0.078125
g_n32_e64_k2_high_25,g_n32_e64_k2_high_25_p0,test,0.15,10,64,8,0.125
g_n32_e64_k2_high_25,g_n32_e64_k2_high_25_p4,test,0.05,3,64,3,0.046875
g_n32_e64_k2_high_25,g_n32_e64_k2_high_25_p4,test,0.1,6,64,8,0.125
g_n32_e64_k2_high_25,g_n32_e64_k2_high_25_p4,test,0.15,9,64,17,0.265625
g_n32_e64_k2_high_25,g_n32_e64_k2_high_25_p7,test,0.05,3,64,0,0.0
g_n32_e64_k2_high_25,g_n32_e64_k2_high_25_p7,test,0.1,6,64,5,0.078125
g_n32_e64_k2_high_25,g_n32_e64_k2_high_25_p7,test,0.15,9,64,16,0.25
g_n32_e64_k2_high_26,g_n32_e64_k2_high_26_p0,train,0.05,4,64,0,0.0
g_n32_e64_k2_high_26,g_n32_e64_k2_high_26_p0,train,0.1,7,64,1,0.015625
g_n32_e64_k2_high_26,g_n32_e64_k2_high_26_p0,train,0.15,10,64,7,0.109375
g_n32_e64_k2_high_26,g_n32_e64_k2_high_26_p4,train,0.05,3,64,0,0.0
g_n32_e64_k2_high_26,g_n32_e64_k2_high_26_p4,train,0.1,6,64,0,0.0
g_n32_e64_k2_high_26,g_n32_e64_k2_high_26_p4,train,0.15,9,64,5,0.078125
g_n32_e64_k2_high_26,g_n32_e64_k2_high_26_p7,train,0.05,3,64,16,0.25
g_n32_e64_k2_high_26,g_n32_e64_k2_high_26_p7,train,0.1,6,64,24,0.375
g_n32_e64_k2_high_26,g_n32_e64_k2_high_26_p7,train,0.15,9,64,32,0.5
g_n32_e64_k2_high_27,g_n32_e64_k2_high_27_p0,train,0.05,4,64,1,0.015625
g_n32_e64_k2_high_27,g_n32_e64_k2_high_27_p0,train,0.1,7,64,3,0.046875
g_n32_e64_k2_high_27,g_n32_e64_k2_high_27_p0,train,0.15,10,64,11,0.171875
g_n32_e64_k2_high_27,g_n32_e64_k2_high_27_p4,train,0.05,3,64,1,0.015625
g_n32_e64_k2_high_27,g_n32_e64_k2_high_27_p4,train,0.1,6,64,3,0.046875
g_n32_e64_k2_high_27,g_n32_e64_k2_high_27_p4,train,0.15,9,64,8,0.125
g_n32_e64_k2_high_27,g_n32_e64_k2_high_27_p7,train,0.05,3,64,4,0.0625
g_n32_e64_k2_high_27,g_n32_e64_k2_high_27_p7,train,0.1,6,64,14,0.21875
g_n32_e64_k2_high_27,g_n32_e64_k2_high_27_p7,train,0.15,9,64,23,0.359375
g_n32_e64_k2_high_28,g_n32_e64_k2_high_28_p0,train,0.05,4,64,1,0.015625
g_n32_e64_k2_high_28,g_n32_e64_k2_high_28_p0,train,0.1,7,64,4,0.0625
g_n32_e64_k2_high_28,g_n32_e64_k2_high_28_p0,train,0.15,10,64,6,0.09375
g_n32_e64_k2_high_28,g_n32_e64_k2_high_28_p4,train,0.05,3,64,1,0.015625
g_n32_e64_k2_high_28,g_n32_e64_k2_high_28_p4,train,0.1,6,64,7,0.109375
g_n32_e64_k2_high_28,g_n32_e64_k2_high_28_p4,train,0.15,9,64,12,0.1875
g_n32_e64_k2_high_28,g_n32_e64_k2_high_28_p7,train,0.05,3,64,1,0.015625
g_n32_e64_k2_high_28,g_n32_e64_k2_high_28_p7,train,0.1,6,64,1,0.015625
g_n32_e64_k2_high_28,g_n32_e64_k2_high_28_p7,train,0.15,9,64,8,0.125
g_n32_e64_k2_high_29,g_n32_e64_k2_high_29_p0,train,0.05,4,64,0,0.0
g_n32_e64_k2_high_29,g_n32_e64_k2_high_29_p0,train,0.1,7,64,6,0.09375
g_n32_e64_k2_high_29,g_n32_e64_k2_high_29_p0,train,0.15,10,64,9,0.140625
g_n32_e64_k2_high_29,g_n32_e64_k2_high_29_p4,train,0.05,3,64,0,0.0
g_n32_e64_k2_high_29,g_n32_e64_k2_high_29_p4,train,0.1,6,64,3,0.046875
g_n32_e64_k2_high_29,g_n32_e64_k2_high_29_p4,train,0.15,9,64,10,0.15625
g_n32_e64_k2_high_29,g_n32_e64_k2_high_29_p7,train,0.05,3,64,4,0.0625
g_n32_e64_k2_high_29,g_n32_e64_k2_high_29_p7,train,0.1,6,64,18,0.28125
g_n32_e64_k2_high_29,g_n32_e64_k2_high_29_p7,train,0.15,9,64,27,0.421875
g_n32_e64_k3_low_00,g_n32_e64_k3_low_00_p0,validation,0.05,4,64,0,0.0
g_n32_e64_k3_low_00,g_n32_e64_k3_low_00_p0,validation,0.1,7,64,1,0.015625
g_n32_e64_k3_low_00,g_n32_e64_k3_low_00_p0,validation,0.15,10,64,5,0.078125
g_n32_e64_k3_low_00,g_n32_e64_k3_low_00_p4,validation,0.05,3,64,0,0.0
g_n32_e64_k3_low_00,g_n32_e64_k3_low_00_p4,validation,0.1,6,64,1,0.015625
g_n32_e64_k3_low_00,g_n32_e64_k3_low_00_p4,validation,0.15,9,64,7,0.109375
g_n32_e64_k3_low_00,g_n32_e64_k3_low_00_p7,validation,0.05,3,64,0,0.0
g_n32_e64_k3_low_00,g_n32_e64_k3_low_00_p7,validation,0.1,6,64,2,0.03125
g_n32_e64_k3_low_00,g_n32_e64_k3_low_00_p7,validation,0.15,9,64,9,0.140625
g_n32_e64_k3_low_01,g_n32_e64_k3_low_01_p0,test,0.05,4,64,0,0.0
g_n32_e64_k3_low_01,g_n32_e64_k3_low_01_p0,test,0.1,7,64,1,0.015625
g_n32_e64_k3_low_01,g_n32_e64_k3_low_01_p0,test,0.15,10,64,4,0.0625
g_n32_e64_k3_low_01,g_n32_e64_k3_low_01_p4,test,0.05,3,64,0,0.0
g_n32_e64_k3_low_01,g_n32_e64_k3_low_01_p4,test,0.1,6,64,2,0.03125
g_n32_e64_k3_low_01,g_n32_e64_k3_low_01_p4,test,0.15,9,64,4,0.0625
g_n32_e64_k3_low_01,g_n32_e64_k3_low_01_p7,test,0.05,3,64,5,0.078125
g_n32_e64_k3_low_01,g_n32_e64_k3_low_01_p7,test,0.1,6,64,13,0.203125
g_n32_e64_k3_low_01,g_n32_e64_k3_low_01_p7,test,0.15,9,64,26,0.40625
g_n32_e64_k3_low_02,g_n32_e64_k3_low_02_p0,train,0.05,4,64,0,0.0
g_n32_e64_k3_low_02,g_n32_e64_k3_low_02_p0,train,0.1,7,64,0,0.0
g_n32_e64_k3_low_02,g_n32_e64_k3_low_02_p0,train,0.15,10,64,3,0.046875
g_n32_e64_k3_low_02,g_n32_e64_k3_low_02_p4,train,0.05,3,64,2,0.03125
g_n32_e64_k3_low_02,g_n32_e64_k3_low_02_p4,train,0.1,6,64,5,0.078125
g_n32_e64_k3_low_02,g_n32_e64_k3_low_02_p4,train,0.15,9,64,7,0.109375
g_n32_e64_k3_low_02,g_n32_e64_k3_low_02_p7,train,0.05,3,64,1,0.015625
g_n32_e64_k3_low_02,g_n32_e64_k3_low_02_p7,train,0.1,6,64,7,0.109375
g_n32_e64_k3_low_02,g_n32_e64_k3_low_02_p7,train,0.15,9,64,13,0.203125
g_n32_e64_k3_low_03,g_n32_e64_k3_low_03_p0,train,0.05,4,64,0,0.0
g_n32_e64_k3_low_03,g_n32_e64_k3_low_03_p0,train,0.1,7,64,0,0.0
g_n32_e64_k3_low_03,g_n32_e64_k3_low_03_p0,train,0.15,10,64,3,0.046875
g_n32_e64_k3_low_03,g_n32_e64_k3_low_03_p4,train,0.05,3,64,1,0.015625
g_n32_e64_k3_low_03,g_n32_e64_k3_low_03_p4,train,0.1,6,64,4,0.0625
g_n32_e64_k3_low_03,g_n32_e64_k3_low_03_p4,train,0.15,9,64,7,0.109375
g_n32_e64_k3_low_03,g_n32_e64_k3_low_03_p7,train,0.05,3,64,1,0.015625
g_n32_e64_k3_low_03,g_n32_e64_k3_low_03_p7,train,0.1,6,64,2,0.03125
g_n32_e64_k3_low_03,g_n32_e64_k3_low_03_p7,train,0.15,9,64,9,0.140625
g_n32_e64_k3_low_04,g_n32_e64_k3_low_04_p0,train,0.05,4,64,0,0.0
g_n32_e64_k3_low_04,g_n32_e64_k3_low_04_p0,train,0.1,7,64,0,0.0
g_n32_e64_k3_low_04,g_n32_e64_k3_low_04_p0,train,0.15,10,64,3,0.046875
g_n32_e64_k3_low_04,g_n32_e64_k3_low_04_p4,train,0.05,3,64,0,0.0
g_n32_e64_k3_low_04,g_n32_e64_k3_low_04_p4,train,0.1,6,64,6,0.09375
g_n32_e64_k3_low_04,g_n32_e64_k3_low_04_p4,train,0.15,9,64,11,0.171875
g_n32_e64_k3_low_04,g_n32_e64_k3_low_04_p7,train,0.05,3,64,2,0.03125
g_n32_e64_k3_low_04,g_n32_e64_k3_low_04_p7,train,0.1,6,64,9,0.140625
g_n32_e64_k3_low_04,g_n32_e64_k3_low_04_p7,train,0.15,9,64,19,0.296875
g_n32_e64_k3_low_05,g_n32_e64_k3_low_05_p0,validation,0.05,4,64,0,0.0
g_n32_e64_k3_low_05,g_n32_e64_k3_low_05_p0,validation,0.1,7,64,0,0.0
g_n32_e64_k3_low_05,g_n32_e64_k3_low_05_p0,validation,0.15,10,64,3,0.046875
g_n32_e64_k3_low_05,g_n32_e64_k3_low_05_p4,validation,0.05,3,64,0,0.0
g_n32_e64_k3_low_05,g_n32_e64_k3_low_05_p4,validation,0.1,6,64,2,0.03125
g_n32_e64_k3_low_05,g_n32_e64_k3_low_05_p4,validation,0.15,9,64,9,0.140625
g_n32_e64_k3_low_05,g_n32_e64_k3_low_05_p7,validation,0.05,3,64,4,0.0625
g_n32_e64_k3_low_05,g_n32_e64_k3_low_05_p7,validation,0.1,6,64,8,0.125
g_n32_e64_k3_low_05,g_n32_e64_k3_low_05_p7,validation,0.15,9,64,17,0.265625
g_n32_e64_k3_low_06,g_n32_e64_k3_low_06_p0,train,0.05,4,64,1,0.015625
g_n32_e64_k3_low_06,g_n32_e64_k3_low_06_p0,train,0.1,7,64,1,0.015625
g_n32_e64_k3_low_06,g_n32_e64_k3_low_06_p0,train,0.15,10,64,2,0.03125
g_n32_e64_k3_low_06,g_n32_e64_k3_low_06_p4,train,0.05,3,64,0,0.0
g_n32_e64_k3_low_06,g_n32_e64_k3_low_06_p4,train,0.1,6,64,2,0.03125
g_n32_e64_k3_low_06,g_n32_e64_k3_low_06_p4,train,0.15,9,64,6,0.09375
g_n32_e64_k3_low_06,g_n32_e64_k3_low_06_p7,train,0.05,3,64,1,0.015625
g_n32_e64_k3_low_06,g_n32_e64_k3_low_06_p7,train,0.1,6,64,3,0.046875
g_n32_e64_k3_low_06,g_n32_e64_k3_low_06_p7,train,0.15,9,64,12,0.1875
g_n32_e64_k3_low_07,g_n32_e64_k3_low_07_p0,train,0.05,4,64,0,0.0
g_n32_e64_k3_low_07,g_n32_e64_k3_low_07_p0,train,0.1,7,64,0,0.0
g_n32_e64_k3_low_07,g_n32_e64_k3_low_07_p0,train,0.15,10,64,4,0.0625
g_n32_e64_k3_low_07,g_n32_e64_k3_low_07_p4,train,0.05,3,64,0,0.0
g_n32_e64_k3_low_07,g_n32_e64_k3_low_07_p4,train,0.1,6,64,1,0.015625
g_n32_e64_k3_low_07,g_n32_e64_k3_low_07_p4,train,0.15,9,64,7,0.109375
g_n32_e64_k3_low_07,g_n32_e64_k3_low_07_p7,train,0.05,3,64,4,0.0625
g_n32_e64_k3_low_07,g_n32_e64_k3_low_07_p7,train,0.1,6,64,9,0.140625
g_n32_e64_k3_low_07,g_n32_e64_k3_low_07_p7,train,0.15,9,64,21,0.328125
g_n32_e64_k3_low_08,g_n32_e64_k3_low_08_p0,train,0.05,4,64,0,0.0
g_n32_e64_k3_low_08,g_n32_e64_k3_low_08_p0,train,0.1,7,64,2,0.03125
g_n32_e64_k3_low_08,g_n32_e64_k3_low_08_p0,train,0.15,10,64,4,0.0625
g_n32_e64_k3_low_08,g_n32_e64_k3_low_08_p4,train,0.05,3,64,1,0.015625
g_n32_e64_k3_low_08,g_n32_e64_k3_low_08_p4,train,0.1,6,64,7,0.109375
g_n32_e64_k3_low_08,g_n32_e64_k3_low_08_p4,train,0.15,9,64,13,0.203125
g_n32_e64_k3_low_08,g_n32_e64_k3_low_08_p7,train,0.05,3,64,1,0.015625
g_n32_e64_k3_low_08,g_n32_e64_k3_low_08_p7,train,0.1,6,64,2,0.03125
g_n32_e64_k3_low_08,g_n32_e64_k3_low_08_p7,train,0.15,9,64,6,0.09375
g_n32_e64_k3_low_09,g_n32_e64_k3_low_09_p0,test,0.05,4,64,0,0.0
g_n32_e64_k3_low_09,g_n32_e64_k3_low_09_p0,test,0.1,7,64,0,0.0
g_n32_e64_k3_low_09,g_n32_e64_k3_low_09_p0,test,0.15,10,64,4,0.0625
g_n32_e64_k3_low_09,g_n32_e64_k3_low_09_p4,test,0.05,3,64,1,0.015625
g_n32_e64_k3_low_09,g_n32_e64_k3_low_09_p4,test,0.1,6,64,2,0.03125
g_n32_e64_k3_low_09,g_n32_e64_k3_low_09_p4,test,0.15,9,64,6,0.09375
g_n32_e64_k3_low_09,g_n32_e64_k3_low_09_p7,test,0.05,3,64,0,0.0
g_n32_e64_k3_low_09,g_n32_e64_k3_low_09_p7,test,0.1,6,64,4,0.0625
g_n32_e64_k3_low_09,g_n32_e64_k3_low_09_p7,test,0.15,9,64,9,0.140625
g_n32_e64_k3_mid_10,g_n32_e64_k3_mid_10_p0,train,0.05,4,64,0,0.0
g_n32_e64_k3_mid_10,g_n32_e64_k3_mid_10_p0,train,0.1,7,64,0,0.0
g_n32_e64_k3_mid_10,g_n32_e64_k3_mid_10_p0,train,0.15,10,64,0,0.0
g_n32_e64_k3_mid_10,g_n32_e64_k3_mid_10_p4,train,0.05,3,64,0,0.0
g_n32_e64_k3_mid_10,g_n32_e64_k3_mid_10_p4,train,0.1,6,64,0,0.0
g_n32_e64_k3_mid_10,g_n32_e64_k3_mid_10_p4,train,0.15,9,64,4,0.0625
g_n32_e64_k3_mid_10,g_n32_e64_k3_mid_10_p7,train,0.05,3,64,0,0.0
g_n32_e64_k3_mid_10,g_n32_e64_k3_mid_10_p7,train,0.1,6,64,2,0.03125
g_n32_e64_k3_mid_10,g_n32_e64_k3_mid_10_p7,train,0.15,9,64,9,0.140625
g_n32_e64_k3_mid_11,g_n32_e64_k3_mid_11_p0,test,0.05,4,64,0,0.0
g_n32_e64_k3_mid_11,g_n32_e64_k3_mid_11_p0,test,0.1,7,64,0,0.0
g_n32_e64_k3_mid_11,g_n32_e64_k3_mid_11_p0,test,0.15,10,64,2,0.03125
g_n32_e64_k3_mid_11,g_n32_e64_k3_mid_11_p4,test,0.05,3,64,0,0.0
g_n32_e64_k3_mid_11,g_n32_e64_k3_mid_11_p4,test,0.1,6,64,1,0.015625
g_n32_e64_k3_mid_11,g_n32_e64_k3_mid_11_p4,test,0.15,9,64,7,0.109375
g_n32_e64_k3_mid_11,g_n32_e64_k3_mid_11_p7,test,0.05,3,64,2,0.03125
g_n32_e64_k3_mid_11,g_n32_e64_k3_mid_11_p7,test,0.1,6,64,7,0.109375
g_n32_e64_k3_mid_11,g_n32_e64_k3_mid_11_p7,test,0.15,9,64,14,0.21875
g_n32_e64_k3_mid_12,g_n32_e64_k3_mid_12_p0,test,0.05,4,64,0,0.0
g_n32_e64_k3_mid_12,g_n32_e64_k3_mid_12_p0,test,0.1,7,64,2,0.03125
g_n32_e64_k3_mid_12,g_n32_e64_k3_mid_12_p0,test,0.15,10,64,4,0.0625
g_n32_e64_k3_mid_12,g_n32_e64_k3_mid_12_p4,test,0.05,3,64,0,0.0
g_n32_e64_k3_mid_12,g_n32_e64_k3_mid_12_p4,test,0.1,6,64,3,0.046875
g_n32_e64_k3_mid_12,g_n32_e64_k3_mid_12_p4,test,0.15,9,64,8,0.125
g_n32_e64_k3_mid_12,g_n32_e64_k3_mid_12_p7,test,0.05,3,64,0,0.0
g_n32_e64_k3_mid_12,g_n32_e64_k3_mid_12_p7,test,0.1,6,64,8,0.125
g_n32_e64_k3_mid_12,g_n32_e64_k3_mid_12_p7,test,0.15,9,64,14,0.21875
g_n32_e64_k3_mid_13,g_n32_e64_k3_mid_13_p0,train,0.05,4,64,0,0.0
g_n32_e64_k3_mid_13,g_n32_e64_k3_mid_13_p0,train,0.1,7,64,0,0.0
g_n32_e64_k3_mid_13,g_n32_e64_k3_mid_13_p0,train,0.15,10,64,0,0.0
g_n32_e64_k3_mid_13,g_n32_e64_k3_mid_13_p4,train,0.05,3,64,0,0.0
g_n32_e64_k3_mid_13,g_n32_e64_k3_mid_13_p4,train,0.1,6,64,2,0.03125
g_n32_e64_k3_mid_13,g_n32_e64_k3_mid_13_p4,train,0.15,9,64,8,0.125
g_n32_e64_k3_mid_13,g_n32_e64_k3_mid_13_p7,train,0.05,3,64,0,0.0
g_n32_e64_k3_mid_13,g_n32_e64_k3_mid_13_p7,train,0.1,6,64,5,0.078125
g_n32_e64_k3_mid_13,g_n32_e64_k3_mid_13_p7,train,0.15,9,64,12,0.1875
g_n32_e64_k3_mid_14,g_n32_e64_k3_mid_14_p0,validation,0.05,4,64,0,0.0
g_n32_e64_k3_mid_14,g_n32_e64_k3_mid_14_p0,validation,0.1,7,64,0,0.0
g_n32_e64_k3_mid_14,g_n32_e64_k3_mid_14_p0,validation,0.15,10,64,0,0.0
g_n32_e64_k3_mid_14,g_n32_e64_k3_mid_14_p4,validation,0.05,3,64,0,0.0
g_n32_e64_k3_mid_14,g_n32_e64_k3_mid_14_p4,validation,0.1,6,64,1,0.015625
g_n32_e64_k3_mid_14,g_n32_e64_k3_mid_14_p4,validation,0.15,9,64,12,0.1875
g_n32_e64_k3_mid_14,g_n32_e64_k3_mid_14_p7,validation,0.05,3,64,0,0.0
g_n32_e64_k3_mid_14,g_n32_e64_k3_mid_14_p7,validation,0.1,6,64,3,0.046875
g_n32_e64_k3_mid_14,g_n32_e64_k3_mid_14_p7,validation,0.15,9,64,14,0.21875
g_n32_e64_k3_mid_15,g_n32_e64_k3_mid_15_p0,train,0.05,4,64,0,0.0
g_n32_e64_k3_mid_15,g_n32_e64_k3_mid_15_p0,train,0.1,7,64,0,0.0
g_n32_e64_k3_mid_15,g_n32_e64_k3_mid_15_p0,train,0.15,10,64,1,0.015625
g_n32_e64_k3_mid_15,g_n32_e64_k3_mid_15_p4,train,0.05,3,64,0,0.0
g_n32_e64_k3_mid_15,g_n32_e64_k3_mid_15_p4,train,0.1,6,64,0,0.0
g_n32_e64_k3_mid_15,g_n32_e64_k3_mid_15_p4,train,0.15,9,64,5,0.078125
g_n32_e64_k3_mid_15,g_n32_e64_k3_mid_15_p7,train,0.05,3,64,2,0.03125
g_n32_e64_k3_mid_15,g_n32_e64_k3_mid_15_p7,train,0.1,6,64,9,0.140625
g_n32_e64_k3_mid_15,g_n32_e64_k3_mid_15_p7,train,0.15,9,64,19,0.296875
g_n32_e64_k3_mid_16,g_n32_e64_k3_mid_16_p0,train,0.05,4,64,0,0.0
g_n32_e64_k3_mid_16,g_n32_e64_k3_mid_16_p0,train,0.1,7,64,1,0.015625
g_n32_e64_k3_mid_16,g_n32_e64_k3_mid_16_p0,train,0.15,10,64,4,0.0625
g_n32_e64_k3_mid_16,g_n32_e64_k3_mid_16_p4,train,0.05,3,64,0,0.0
g_n32_e64_k3_mid_16,g_n32_e64_k3_mid_16_p4,train,0.1,6,64,1,0.015625
g_n32_e64_k3_mid_16,g_n32_e64_k3_mid_16_p4,train,0.15,9,64,6,0.09375
g_n32_e64_k3_mid_16,g_n32_e64_k3_mid_16_p7,train,0.05,3,64,0,0.0
g_n32_e64_k3_mid_16,g_n32_e64_k3_mid_16_p7,train,0.1,6,64,2,0.03125
g_n32_e64_k3_mid_16,g_n32_e64_k3_mid_16_p7,train,0.15,9,64,11,0.171875
g_n32_e64_k3_mid_17,g_n32_e64_k3_mid_17_p0,train,0.05,4,64,0,0.0
g_n32_e64_k3_mid_17,g_n32_e64_k3_mid_17_p0,train,0.1,7,64,1,0.015625
g_n32_e64_k3_mid_17,g_n32_e64_k3_mid_17_p0,train,0.15,10,64,2,0.03125
g_n32_e64_k3_mid_17,g_n32_e64_k3_mid_17_p4,train,0.05,3,64,1,0.015625
g_n32_e64_k3_mid_17,g_n32_e64_k3_mid_17_p4,train,0.1,6,64,3,0.046875
g_n32_e64_k3_mid_17,g_n32_e64_k3_mid_17_p4,train,0.15,9,64,11,0.171875
g_n32_e64_k3_mid_17,g_n32_e64_k3_mid_17_p7,train,0.05,3,64,0,0.0
g_n32_e64_k3_mid_17,g_n32_e64_k3_mid_17_p7,train,0.1,6,64,3,0.046875
g_n32_e64_k3_mid_17,g_n32_e64_k3_mid_17_p7,train,0.15,9,64,12,0.1875
g_n32_e64_k3_mid_18,g_n32_e64_k3_mid_18_p0,train,0.05,4,64,0,0.0
g_n32_e64_k3_mid_18,g_n32_e64_k3_mid_18_p0,train,0.1,7,64,1,0.015625
g_n32_e64_k3_mid_18,g_n32_e64_k3_mid_18_p0,train,0.15,10,64,2,0.03125
g_n32_e64_k3_mid_18,g_n32_e64_k3_mid_18_p4,train,0.05,3,64,0,0.0
g_n32_e64_k3_mid_18,g_n32_e64_k3_mid_18_p4,train,0.1,6,64,1,0.015625
g_n32_e64_k3_mid_18,g_n32_e64_k3_mid_18_p4,train,0.15,9,64,5,0.078125
g_n32_e64_k3_mid_18,g_n32_e64_k3_mid_18_p7,train,0.05,3,64,1,0.015625
g_n32_e64_k3_mid_18,g_n32_e64_k3_mid_18_p7,train,0.1,6,64,3,0.046875
g_n32_e64_k3_mid_18,g_n32_e64_k3_mid_18_p7,train,0.15,9,64,13,0.203125
g_n32_e64_k3_mid_19,g_n32_e64_k3_mid_19_p0,validation,0.05,4,64,0,0.0
g_n32_e64_k3_mid_19,g_n32_e64_k3_mid_19_p0,validation,0.1,7,64,1,0.015625
g_n32_e64_k3_mid_19,g_n32_e64_k3_mid_19_p0,validation,0.15,10,64,1,0.015625
g_n32_e64_k3_mid_19,g_n32_e64_k3_mid_19_p4,validation,0.05,3,64,0,0.0
g_n32_e64_k3_mid_19,g_n32_e64_k3_mid_19_p4,validation,0.1,6,64,2,0.03125
g_n32_e64_k3_mid_19,g_n32_e64_k3_mid_19_p4,validation,0.15,9,64,8,0.125
g_n32_e64_k3_mid_19,g_n32_e64_k3_mid_19_p7,validation,0.05,3,64,6,0.09375
g_n32_e64_k3_mid_19,g_n32_e64_k3_mid_19_p7,validation,0.1,6,64,13,0.203125
g_n32_e64_k3_mid_19,g_n32_e64_k3_mid_19_p7,validation,0.15,9,64,21,0.328125
g_n32_e64_k3_high_20,g_n32_e64_k3_high_20_p0,train,0.05,4,64,0,0.0
g_n32_e64_k3_high_20,g_n32_e64_k3_high_20_p0,train,0.1,7,64,0,0.0
g_n32_e64_k3_high_20,g_n32_e64_k3_high_20_p0,train,0.15,10,64,1,0.015625
g_n32_e64_k3_high_20,g_n32_e64_k3_high_20_p4,train,0.05,3,64,1,0.015625
g_n32_e64_k3_high_20,g_n32_e64_k3_high_20_p4,train,0.1,6,64,2,0.03125
g_n32_e64_k3_high_20,g_n32_e64_k3_high_20_p4,train,0.15,9,64,8,0.125
g_n32_e64_k3_high_20,g_n32_e64_k3_high_20_p7,train,0.05,3,64,1,0.015625
g_n32_e64_k3_high_20,g_n32_e64_k3_high_20_p7,train,0.1,6,64,4,0.0625
g_n32_e64_k3_high_20,g_n32_e64_k3_high_20_p7,train,0.15,9,64,11,0.171875
g_n32_e64_k3_high_21,g_n32_e64_k3_high_21_p0,train,0.05,4,64,0,0.0
g_n32_e64_k3_high_21,g_n32_e64_k3_high_21_p0,train,0.1,7,64,1,0.015625
g_n32_e64_k3_high_21,g_n32_e64_k3_high_21_p0,train,0.15,10,64,2,0.03125
g_n32_e64_k3_high_21,g_n32_e64_k3_high_21_p4,train,0.05,3,64,0,0.0
g_n32_e64_k3_high_21,g_n32_e64_k3_high_21_p4,train,0.1,6,64,0,0.0
g_n32_e64_k3_high_21,g_n32_e64_k3_high_21_p4,train,0.15,9,64,5,0.078125
g_n32_e64_k3_high_21,g_n32_e64_k3_high_21_p7,train,0.05,3,64,4,0.0625
g_n32_e64_k3_high_21,g_n32_e64_k3_high_21_p7,train,0.1,6,64,8,0.125
g_n32_e64_k3_high_21,g_n32_e64_k3_high_21_p7,train,0.15,9,64,15,0.234375
g_n32_e64_k3_high_22,g_n32_e64_k3_high_22_p0,train,0.05,4,64,0,0.0
g_n32_e64_k3_high_22,g_n32_e64_k3_high_22_p0,train,0.1,7,64,1,0.015625
g_n32_e64_k3_high_22,g_n32_e64_k3_high_22_p0,train,0.15,10,64,3,0.046875
g_n32_e64_k3_high_22,g_n32_e64_k3_high_22_p4,train,0.05,3,64,0,0.0
g_n32_e64_k3_high_22,g_n32_e64_k3_high_22_p4,train,0.1,6,64,1,0.015625
g_n32_e64_k3_high_22,g_n32_e64_k3_high_22_p4,train,0.15,9,64,6,0.09375
g_n32_e64_k3_high_22,g_n32_e64_k3_high_22_p7,train,0.05,3,64,10,0.15625
g_n32_e64_k3_high_22,g_n32_e64_k3_high_22_p7,train,0.1,6,64,15,0.234375
g_n32_e64_k3_high_22,g_n32_e64_k3_high_22_p7,train,0.15,9,64,23,0.359375
g_n32_e64_k3_high_23,g_n32_e64_k3_high_23_p0,validation,0.05,4,64,0,0.0
g_n32_e64_k3_high_23,g_n32_e64_k3_high_23_p0,validation,0.1,7,64,1,0.015625
g_n32_e64_k3_high_23,g_n32_e64_k3_high_23_p0,validation,0.15,10,64,2,0.03125
g_n32_e64_k3_high_23,g_n32_e64_k3_high_23_p4,validation,0.05,3,64,1,0.015625
g_n32_e64_k3_high_23,g_n32_e64_k3_high_23_p4,validation,0.1,6,64,3,0.046875
g_n32_e64_k3_high_23,g_n32_e64_k3_high_23_p4,validation,0.15,9,64,9,0.140625
g_n32_e64_k3_high_23,g_n32_e64_k3_high_23_p7,validation,0.05,3,64,1,0.015625
g_n32_e64_k3_high_23,g_n32_e64_k3_high_23_p7,validation,0.1,6,64,6,0.09375
g_n32_e64_k3_high_23,g_n32_e64_k3_high_23_p7,validation,0.15,9,64,12,0.1875
g_n32_e64_k3_high_24,g_n32_e64_k3_high_24_p0,validation,0.05,4,64,1,0.015625
g_n32_e64_k3_high_24,g_n32_e64_k3_high_24_p0,validation,0.1,7,64,1,0.015625
g_n32_e64_k3_high_24,g_n32_e64_k3_high_24_p0,validation,0.15,10,64,2,0.03125
g_n32_e64_k3_high_24,g_n32_e64_k3_high_24_p4,validation,0.05,3,64,0,0.0
g_n32_e64_k3_high_24,g_n32_e64_k3_high_24_p4,validation,0.1,6,64,1,0.015625
g_n32_e64_k3_high_24,g_n32_e64_k3_high_24_p4,validation,0.15,9,64,8,0.125
g_n32_e64_k3_high_24,g_n32_e64_k3_high_24_p7,validation,0.05,3,64,0,0.0
g_n32_e64_k3_high_24,g_n32_e64_k3_high_24_p7,validation,0.1,6,64,1,0.015625
g_n32_e64_k3_high_24,g_n32_e64_k3_high_24_p7,validation,0.15,9,64,8,0.125
g_n32_e64_k3_high_25,g_n32_e64_k3_high_25_p0,test,0.05,4,64,1,0.015625
g_n32_e64_k3_high_25,g_n32_e64_k3_high_25_p0,test,0.1,7,64,2,0.03125
g_n32_e64_k3_high_25,g_n32_e64_k3_high_25_p0,test,0.15,10,64,3,0.046875
g_n32_e64_k3_high_25,g_n32_e64_k3_high_25_p4,test,0.05,3,64,0,0.0
g_n32_e64_k3_high_25,g_n32_e64_k3_high_25_p4,test,0.1,6,64,0,0.0
g_n32_e64_k3_high_25,g_n32_e64_k3_high_25_p4,test,0.15,9,64,2,0.03125
g_n32_e64_k3_high_25,g_n32_e64_k3_high_25_p7,test,0.05,3,64,5,0.078125
g_n32_e64_k3_high_25,g_n32_e64_k3_high_25_p7,test,0.1,6,64,11,0.171875
g_n32_e64_k3_high_25,g_n32_e64_k3_high_25_p7,test,0.15,9,64,19,0.296875
g_n32_e64_k3_high_26,g_n32_e64_k3_high_26_p0,train,0.05,4,64,0,0.0
g_n32_e64_k3_high_26,g_n32_e64_k3_high_26_p0,train,0.1,7,64,1,0.015625
g_n32_e64_k3_high_26,g_n32_e64_k3_high_26_p0,train,0.15,10,64,4,0.0625
g_n32_e64_k3_high_26,g_n32_e64_k3_high_26_p4,train,0.05,3,64,0,0.0
g_n32_e64_k3_high_26,g_n32_e64_k3_high_26_p4,train,0.1,6,64,1,0.015625
g_n32_e64_k3_high_26,g_n32_e64_k3_high_26_p4,train,0.15,9,64,8,0.125
g_n32_e64_k3_high_26,g_n32_e64_k3_high_26_p7,train,0.05,3,64,0,0.0
g_n32_e64_k3_high_26,g_n32_e64_k3_high_26_p7,train,0.1,6,64,3,0.046875
g_n32_e64_k3_high_26,g_n32_e64_k3_high_26_p7,train,0.15,9,64,5,0.078125
g_n32_e64_k3_high_27,g_n32_e64_k3_high_27_p0,train,0.05,4,64,0,0.0
g_n32_e64_k3_high_27,g_n32_e64_k3_high_27_p0,train,0.1,7,64,0,0.0
g_n32_e64_k3_high_27,g_n32_e64_k3_high_27_p0,train,0.15,10,64,2,0.03125
g_n32_e64_k3_high_27,g_n32_e64_k3_high_27_p4,train,0.05,3,64,1,0.015625
g_n32_e64_k3_high_27,g_n32_e64_k3_high_27_p4,train,0.1,6,64,3,0.046875
g_n32_e64_k3_high_27,g_n32_e64_k3_high_27_p4,train,0.15,9,64,7,0.109375
g_n32_e64_k3_high_27,g_n32_e64_k3_high_27_p7,train,0.05,3,64,0,0.0
g_n32_e64_k3_high_27,g_n32_e64_k3_high_27_p7,train,0.1,6,64,5,0.078125
g_n32_e64_k3_high_27,g_n32_e64_k3_high_27_p7,train,0.15,9,64,10,0.15625
g_n32_e64_k3_high_28,g_n32_e64_k3_high_28_p0,test,0.05,4,64,0,0.0
g_n32_e64_k3_high_28,g_n32_e64_k3_high_28_p0,test,0.1,7,64,1,0.015625
g_n32_e64_k3_high_28,g_n32_e64_k3_high_28_p0,test,0.15,10,64,4,0.0625
g_n32_e64_k3_high_28,g_n32_e64_k3_high_28_p4,test,0.05,3,64,2,0.03125
g_n32_e64_k3_high_28,g_n32_e64_k3_high_28_p4,test,0.1,6,64,4,0.0625
g_n32_e64_k3_high_28,g_n32_e64_k3_high_28_p4,test,0.15,9,64,5,0.078125
g_n32_e64_k3_high_28,g_n32_e64_k3_high_28_p7,test,0.05,3,64,2,0.03125
g_n32_e64_k3_high_28,g_n32_e64_k3_high_28_p7,test,0.1,6,64,7,0.109375
g_n32_e64_k3_high_28,g_n32_e64_k3_high_28_p7,test,0.15,9,64,16,0.25
g_n32_e64_k3_high_29,g_n32_e64_k3_high_29_p0,train,0.05,4,64,0,0.0
g_n32_e64_k3_high_29,g_n32_e64_k3_high_29_p0,train,0.1,7,64,1,0.015625
g_n32_e64_k3_high_29,g_n32_e64_k3_high_29_p0,train,0.15,10,64,2,0.03125
g_n32_e64_k3_high_29,g_n32_e64_k3_high_29_p4,train,0.05,3,64,0,0.0
g_n32_e64_k3_high_29,g_n32_e64_k3_high_29_p4,train,0.1,6,64,1,0.015625
g_n32_e64_k3_high_29,g_n32_e64_k3_high_29_p4,train,0.15,9,64,5,0.078125
g_n32_e64_k3_high_29,g_n32_e64_k3_high_29_p7,train,0.05,3,64,1,0.015625
g_n32_e64_k3_high_29,g_n32_e64_k3_high_29_p7,train,0.1,6,64,5,0.078125
g_n32_e64_k3_high_29,g_n32_e64_k3_high_29_p7,train,0.15,9,64,11,0.171875
g_n32_e96_k2_low_00,g_n32_e96_k2_low_00_p0,train,0.05,5,64,0,0.0
g_n32_e96_k2_low_00,g_n32_e96_k2_low_00_p0,train,0.1,10,64,1,0.015625
g_n32_e96_k2_low_00,g_n32_e96_k2_low_00_p0,train,0.15,15,64,2,0.03125
g_n32_e96_k2_low_00,g_n32_e96_k2_low_00_p5,train,0.05,5,64,0,0.0
g_n32_e96_k2_low_00,g_n32_e96_k2_low_00_p5,train,0.1,10,64,2,0.03125
g_n32_e96_k2_low_00,g_n32_e96_k2_low_00_p5,train,0.15,14,64,7,0.109375
g_n32_e96_k2_low_00,g_n32_e96_k2_low_00_p10,train,0.05,5,64,0,0.0
g_n32_e96_k2_low_00,g_n32_e96_k2_low_00_p10,train,0.1,9,64,2,0.03125
g_n32_e96_k2_low_00,g_n32_e96_k2_low_00_p10,train,0.15,13,64,7,0.109375
g_n32_e96_k2_low_01,g_n32_e96_k2_low_01_p0,train,0.05,5,64,1,0.015625
g_n32_e96_k2_low_01,g_n32_e96_k2_low_01_p0,train,0.1,10,64,2,0.03125
g_n32_e96_k2_low_01,g_n32_e96_k2_low_01_p0,train,0.15,15,64,5,0.078125
g_n32_e96_k2_low_01,g_n32_e96_k2_low_01_p5,train,0.05,5,64,0,0.0
g_n32_e96_k2_low_01,g_n32_e96_k2_low_01_p5,train,0.1,10,64,3,0.046875
g_n32_e96_k2_low_01,g_n32_e96_k2_low_01_p5,train,0.15,14,64,8,0.125
g_n32_e96_k2_low_01,g_n32_e96_k2_low_01_p10,train,0.05,5,64,1,0.015625
g_n32_e96_k2_low_01,g_n32_e96_k2_low_01_p10,train,0.1,9,64,1,0.015625
g_n32_e96_k2_low_01,g_n32_e96_k2_low_01_p10,train,0.15,13,64,4,0.0625
g_n32_e96_k2_low_02,g_n32_e96_k2_low_02_p0,validation,0.05,5,64,0,0.0
g_n32_e96_k2_low_02,g_n32_e96_k2_low_02_p0,validation,0.1,10,64,4,0.0625
g_n32_e96_k2_low_02,g_n32_e96_k2_low_02_p0,validation,0.15,15,64,8,0.125
g_n32_e96_k2_low_02,g_n32_e96_k2_low_02_p5,validation,0.05,5,64,4,0.0625
g_n32_e96_k2_low_02,g_n32_e96_k2_low_02_p5,validation,0.1,10,64,12,0.1875
g_n32_e96_k2_low_02,g_n32_e96_k2_low_02_p5,validation,0.15,14,64,16,0.25
g_n32_e96_k2_low_02,g_n32_e96_k2_low_02_p10,validation,0.05,5,64,5,0.078125
g_n32_e96_k2_low_02,g_n32_e96_k2_low_02_p10,validation,0.1,9,64,9,0.140625
g_n32_e96_k2_low_02,g_n32_e96_k2_low_02_p10,validation,0.15,13,64,19,0.296875
g_n32_e96_k2_low_03,g_n32_e96_k2_low_03_p0,validation,0.05,5,64,0,0.0
g_n32_e96_k2_low_03,g_n32_e96_k2_low_03_p0,validation,0.1,10,64,1,0.015625
g_n32_e96_k2_low_03,g_n32_e96_k2_low_03_p0,validation,0.15,15,64,3,0.046875
g_n32_e96_k2_low_03,g_n32_e96_k2_low_03_p5,validation,0.05,5,64,0,0.0
g_n32_e96_k2_low_03,g_n32_e96_k2_low_03_p5,validation,0.1,10,64,2,0.03125
g_n32_e96_k2_low_03,g_n32_e96_k2_low_03_p5,validation,0.15,14,64,4,0.0625
g_n32_e96_k2_low_03,g_n32_e96_k2_low_03_p10,validation,0.05,5,64,2,0.03125
g_n32_e96_k2_low_03,g_n32_e96_k2_low_03_p10,validation,0.1,9,64,5,0.078125
g_n32_e96_k2_low_03,g_n32_e96_k2_low_03_p10,validation,0.15,13,64,7,0.109375
g_n32_e96_k2_low_04,g_n32_e96_k2_low_04_p0,test,0.05,5,64,1,0.015625
g_n32_e96_k2_low_04,g_n32_e96_k2_low_04_p0,test,0.1,10,64,2,0.03125
g_n32_e96_k2_low_04,g_n32_e96_k2_low_04_p0,test,0.15,15,64,4,0.0625
g_n32_e96_k2_low_04,g_n32_e96_k2_low_04_p5,test,0.05,5,64,1,0.015625
g_n32_e96_k2_low_04,g_n32_e96_k2_low_04_p5,test,0.1,10,64,7,0.109375
g_n32_e96_k2_low_04,g_n32_e96_k2_low_04_p5,test,0.15,14,64,14,0.21875
g_n32_e96_k2_low_04,g_n32_e96_k2_low_04_p10,test,0.05,5,64,0,0.0
g_n32_e96_k2_low_04,g_n32_e96_k2_low_04_p10,test,0.1,9,64,3,0.046875
g_n32_e96_k2_low_04,g_n32_e96_k2_low_04_p10,test,0.15,13,64,6,0.09375
g_n32_e96_k2_low_05,g_n32_e96_k2_low_05_p0,train,0.05,5,64,0,0.0
g_n32_e96_k2_low_05,g_n32_e96_k2_low_05_p0,train,0.1,10,64,2,0.03125
g_n32_e96_k2_low_05,g_n32_e96_k2_low_05_p0,train,0.15,15,64,3,0.046875
g_n32_e96_k2_low_05,g_n32_e96_k2_low_05_p5,train,0.05,5,64,0,0.0
g_n32_e96_k2_low_05,g_n32_e96_k2_low_05_p5,train,0.1,10,64,3,0.046875
g_n32_e96_k2_low_05,g_n32_e96_k2_low_05_p5,train,0.15,14,64,4,0.0625
g_n32_e96_k2_low_05,g_n32_e96_k2_low_05_p10,train,0.05,5,64,1,0.015625
g_n32_e96_k2_low_05,g_n32_e96_k2_low_05_p10,train,0.1,9,64,4,0.0625
g_n32_e96_k2_low_05,g_n32_e96_k2_low_05_p10,train,0.15,13,64,5,0.078125
g_n32_e96_k2_low_06,g_n32_e96_k2_low_06_p0,train,0.05,5,64,0,0.0
g_n32_e96_k2_low_06,g_n32_e96_k2_low_06_p0,train,0.1,10,64,1,0.015625
g_n32_e96_k2_low_06,g_n32_e96_k2_low_06_p0,train,0.15,15,64,6,0.09375
g_n32_e96_k2_low_06,g_n32_e96_k2_low_06_p5,train,0.05,5,64,0,0.0
g_n32_e96_k2_low_06,g_n32_e96_k2_low_06_p5,train,0.1,10,64,2,0.03125
g_n32_e96_k2_low_06,g_n32_e96_k2_low_06_p5,train,0.15,14,64,2,0.03125
g_n32_e96_k2_low_06,g_n32_e96_k2_low_06_p10,train,0.05,5,64,2,0.03125
g_n32_e96_k2_low_06,g_n32_e96_k2_low_06_p10,train,0.1,9,64,13,0.203125
g_n32_e96_k2_low_06,g_n32_e96_k2_low_06_p10,train,0.15,13,64,20,0.3125
g_n32_e96_k2_low_07,g_n32_e96_k2_low_07_p0,test,0.05,5,64,1,0.015625
g_n32_e96_k2_low_07,g_n32_e96_k2_low_07_p0,test,0.1,10,64,2,0.03125
g_n32_e96_k2_low_07,g_n32_e96_k2_low_07_p0,test,0.15,15,64,3,0.046875
g_n32_e96_k2_low_07,g_n32_e96_k2_low_07_p5,test,0.05,5,64,0,0.0
g_n32_e96_k2_low_07,g_n32_e96_k2_low_07_p5,test,0.1,10,64,1,0.015625
g_n32_e96_k2_low_07,g_n32_e96_k2_low_07_p5,test,0.15,14,64,4,0.0625
g_n32_e96_k2_low_07,g_n32_e96_k2_low_07_p10,test,0.05,5,64,1,0.015625
g_n32_e96_k2_low_07,g_n32_e96_k2_low_07_p10,test,0.1,9,64,5,0.078125
g_n32_e96_k2_low_07,g_n32_e96_k2_low_07_p10,test,0.15,13,64,7,0.109375
g_n32_e96_k2_low_08,g_n32_e96_k2_low_08_p0,train,0.05,5,64,1,0.015625
g_n32_e96_k2_low_08,g_n32_e96_k2_low_08_p0,train,0.1,10,64,1,0.015625
g_n32_e96_k2_low_08,g_n32_e96_k2_low_08_p0,train,0.15,15,64,5,0.078125
g_n32_e96_k2_low_08,g_n32_e96_k2_low_08_p5,train,0.05,5,64,0,0.0
g_n32_e96_k2_low_08,g_n32_e96_k2_low_08_p5,train,0.1,10,64,2,0.03125
g_n32_e96_k2_low_08,g_n32_e96_k2_low_08_p5,train,0.15,14,64,3,0.046875
g_n32_e96_k2_low_08,g_n32_e96_k2_low_08_p10,train,0.05,5,64,6,0.09375
g_n32_e96_k2_low_08,g_n32_e96_k2_low_08_p10,train,0.1,9,64,9,0.140625
g_n32_e96_k2_low_08,g_n32_e96_k2_low_08_p10,train,0.15,13,64,13,0.203125
g_n32_e96_k2_low_09,g_n32_e96_k2_low_09_p0,train,0.05,5,64,0,0.0
g_n32_e96_k2_low_09,g_n32_e96_k2_low_09_p0,train,0.1,10,64,1,0.015625
g_n32_e96_k2_low_09,g_n32_e96_k2_low_09_p0,train,0.15,15,64,3,0.046875
g_n32_e96_k2_low_09,g_n32_e96_k2_low_09_p5,train,0.05,5,64,0,0.0
g_n32_e96_k2_low_09,g_n32_e96_k2_low_09_p5,train,0.1,10,64,1,0.015625
g_n32_e96_k2_low_09,g_n32_e96_k2_low_09_p5,train,0.15,14,64,1,0.015625
g_n32_e96_k2_low_09,g_n32_e96_k2_low_09_p10,train,0.05,5,64,0,0.0
g_n32_e96_k2_low_09,g_n32_e96_k2_low_09_p10,train,0.1,9,64,1,0.015625
g_n32_e96_k2_low_09,g_n32_e96_k2_low_09_p10,train,0.15,13,64,5,0.078125
g_n32_e96_k2_mid_10,g_n32_e96_k2_mid_10_p0,validation,0.05,5,64,0,0.0
g_n32_e96_k2_mid_10,g_n32_e96_k2_mid_10_p0,validation,0.1,10,64,0,0.0
g_n32_e96_k2_mid_10,g_n32_e96_k2_mid_10_p0,validation,0.15,15,64,1,0.015625
g_n32_e96_k2_mid_10,g_n32_e96_k2_mid_10_p5,validation,0.05,5,64,0,0.0
g_n32_e96_k2_mid_10,g_n32_e96_k2_mid_10_p5,validation,0.1,10,64,0,0.0
g_n32_e96_k2_mid_10,g_n32_e96_k2_mid_10_p5,validation,0.15,14,64,1,0.015625
g_n32_e96_k2_mid_10,g_n32_e96_k2_mid_10_p10,validation,0.05,5,64,2,0.03125
g_n32_e96_k2_mid_10,g_n32_e96_k2_mid_10_p10,validation,0.1,9,64,7,0.109375
g_n32_e96_k2_mid_10,g_n32_e96_k2_mid_10_p10,validation,0.15,13,64,9,0.140625
g_n32_e96_k2_mid_11,g_n32_e96_k2_mid_11_p0,train,0.05,5,64,0,0.0
g_n32_e96_k2_mid_11,g_n32_e96_k2_mid_11_p0,train,0.1,10,64,3,0.046875
g_n32_e96_k2_mid_11,g_n32_e96_k2_mid_11_p0,train,0.15,15,64,7,0.109375
g_n32_e96_k2_mid_11,g_n32_e96_k2_mid_11_p5,train,0.05,5,64,0,0.0
g_n32_e96_k2_mid_11,g_n32_e96_k2_mid_11_p5,train,0.1,10,64,1,0.015625
g_n32_e96_k2_mid_11,g_n32_e96_k2_mid_11_p5,train,0.15,14,64,3,0.046875
g_n32_e96_k2_mid_11,g_n32_e96_k2_mid_11_p10,train,0.05,5,64,0,0.0
g_n32_e96_k2_mid_11,g_n32_e96_k2_mid_11_p10,train,0.1,9,64,3,0.046875
g_n32_e96_k2_mid_11,g_n32_e96_k2_mid_11_p10,train,0.15,13,64,4,0.0625
g_n32_e96_k2_mid_12,g_n32_e96_k2_mid_12_p0,test,0.05,5,64,0,0.0
g_n32_e96_k2_mid_12,g_n32_e96_k2_mid_12_p0,test,0.1,10,64,0,0.0
g_n32_e96_k2_mid_12,g_n32_e96_k2_mid_12_p0,test,0.15,15,64,0,0.0
g_n32_e96_k2_mid_12,g_n32_e96_k2_mid_12_p5,test,0.05,5,64,0,0.0
g_n32_e96_k2_mid_12,g_n32_e96_k2_mid_12_p5,test,0.1,10,64,2,0.03125
g_n32_e96_k2_mid_12,g_n32_e96_k2_mid_12_p5,test,0.15,14,64,5,0.078125
g_n32_e96_k2_mid_12,g_n32_e96_k2_mid_12_p10,test,0.05,5,64,0,0.0
g_n32_e96_k2_mid_12,g_n32_e96_k2_mid_12_p10,test,0.1,9,64,2,0.03125
g_n32_e96_k2_mid_12,g_n32_e96_k2_mid_12_p10,test,0.15,13,64,3,0.046875
g_n32_e96_k2_mid_13,g_n32_e96_k2_mid_13_p0,train,0.05,5,64,0,0.0
g_n32_e96_k2_mid_13,g_n32_e96_k2_mid_13_p0,train,0.1,10,64,1,0.015625
g_n32_e96_k2_mid_13,g_n32_e96_k2_mid_13_p0,train,0.15,15,64,2,0.03125
g_n32_e96_k2_mid_13,g_n32_e96_k2_mid_13_p5,train,0.05,5,64,2,0.03125
g_n32_e96_k2_mid_13,g_n32_e96_k2_mid_13_p5,train,0.1,10,64,8,0.125
g_n32_e96_k2_mid_13,g_n32_e96_k2_mid_13_p5,train,0.15,14,64,12,0.1875
g_n32_e96_k2_mid_13,g_n32_e96_k2_mid_13_p10,train,0.05,5,64,6,0.09375
g_n32_e96_k2_mid_13,g_n32_e96_k2_mid_13_p10,train,0.1,9,64,12,0.1875
g_n32_e96_k2_mid_13,g_n32_e96_k2_mid_13_p10,train,0.15,13,64,18,0.28125
g_n32_e96_k2_mid_14,g_n32_e96_k2_mid_14_p0,train,0.05,5,64,0,0.0
g_n32_e96_k2_mid_14,g_n32_e96_k2_mid_14_p0,train,0.1,10,64,2,0.03125
g_n32_e96_k2_mid_14,g_n32_e96_k2_mid_14_p0,train,0.15,15,64,5,0.078125
g_n32_e96_k2_mid_14,g_n32_e96_k2_mid_14_p5,train,0.05,5,64,0,0.0
g_n32_e96_k2_mid_14,g_n32_e96_k2_mid_14_p5,train,0.1,10,64,2,0.03125
g_n32_e96_k2_mid_14,g_n32_e96_k2_mid_14_p5,train,0.15,14,64,3,0.046875
g_n32_e96_k2_mid_14,g_n32_e96_k2_mid_14_p10,train,0.05,5,64,8,0.125
g_n32_e96_k2_mid_14,g_n32_e96_k2_mid_14_p10,train,0.1,9,64,14,0.21875
g_n32_e96_k2_mid_14,g_n32_e96_k2_mid_14_p10,train,0.15,13,64,18,0.28125
g_n32_e96_k2_mid_15,g_n32_e96_k2_mid_15_p0,validation,0.05,5,64,0,0.0
g_n32_e96_k2_mid_15,g_n32_e96_k2_mid_15_p0,validation,0.1,10,64,0,0.0
g_n32_e96_k2_mid_15,g_n32_e96_k2_mid_15_p0,validation,0.15,15,64,2,0.03125
g_n32_e96_k2_mid_15,g_n32_e96_k2_mid_15_p5,validation,0.05,5,64,0,0.0
g_n32_e96_k2_mid_15,g_n32_e96_k2_mid_15_p5,validation,0.1,10,64,0,0.0
g_n32_e96_k2_mid_15,g_n32_e96_k2_mid_15_p5,validation,0.15,14,64,1,0.015625
g_n32_e96_k2_mid_15,g_n32_e96_k2_mid_15_p10,validation,0.05,5,64,2,0.03125
g_n32_e96_k2_mid_15,g_n32_e96_k2_mid_15_p10,validation,0.1,9,64,3,0.046875
g_n32_e96_k2_mid_15,g_n32_e96_k2_mid_15_p10,validation,0.15,13,64,6,0.09375
g_n32_e96_k2_mid_16,g_n32_e96_k2_mid_16_p0,train,0.05,5,64,2,0.03125
g_n32_e96_k2_mid_16,g_n32_e96_k2_mid_16_p0,train,0.1,10,64,3,0.046875
g_n32_e96_k2_mid_16,g_n32_e96_k2_mid_16_p0,train,0.15,15,64,3,0.046875
g_n32_e96_k2_mid_16,g_n32_e96_k2_mid_16_p5,train,0.05,5,64,0,0.0
g_n32_e96_k2_mid_16,g_n32_e96_k2_mid_16_p5,train,0.1,10,64,0,0.0
g_n32_e96_k2_mid_16,g_n32_e96_k2_mid_16_p5,train,0.15,14,64,2,0.03125
g_n32_e96_k2_mid_16,g_n32_e96_k2_mid_16_p10,train,0.05,5,64,0,0.0
g_n32_e96_k2_mid_16,g_n32_e96_k2_mid_16_p10,train,0.1,9,64,2,0.03125
g_n32_e96_k2_mid_16,g_n32_e96_k2_mid_16_p10,train,0.15,13,64,2,0.03125
g_n32_e96_k2_mid_17,g_n32_e96_k2_mid_17_p0,train,0.05,5,64,0,0.0
g_n32_e96_k2_mid_17,g_n32_e96_k2_mid_17_p0,train,0.1,10,64,0,0.0
g_n32_e96_k2_mid_17,g_n32_e96_k2_mid_17_p0,train,0.15,15,64,2,0.03125
g_n32_e96_k2_mid_17,g_n32_e96_k2_mid_17_p5,train,0.05,5,64,0,0.0
g_n32_e96_k2_mid_17,g_n32_e96_k2_mid_17_p5,train,0.1,10,64,2,0.03125
g_n32_e96_k2_mid_17,g_n32_e96_k2_mid_17_p5,train,0.15,14,64,3,0.046875
g_n32_e96_k2_mid_17,g_n32_e96_k2_mid_17_p10,train,0.05,5,64,0,0.0
g_n32_e96_k2_mid_17,g_n32_e96_k2_mid_17_p10,train,0.1,9,64,1,0.015625
g_n32_e96_k2_mid_17,g_n32_e96_k2_mid_17_p10,train,0.15,13,64,4,0.0625
g_n32_e96_k2_mid_18,g_n32_e96_k2_mid_18_p0,test,0.05,5,64,0,0.0
g_n32_e96_k2_mid_18,g_n32_e96_k2_mid_18_p0,test,0.1,10,64,2,0.03125
g_n32_e96_k2_mid_18,g_n32_e96_k2_mid_18_p0,test,0.15,15,64,4,0.0625
g_n32_e96_k2_mid_18,g_n32_e96_k2_mid_18_p5,test,0.05,5,64,0,0.0
g_n32_e96_k2_mid_18,g_n32_e96_k2_mid_18_p5,test,0.1,10,64,2,0.03125
g_n32_e96_k2_mid_18,g_n32_e96_k2_mid_18_p5,test,0.15,14,64,3,0.046875
g_n32_e96_k2_mid_18,g_n32_e96_k2_mid_18_p10,test,0.05,5,64,3,0.046875
g_n32_e96_k2_mid_18,g_n32_e96_k2_mid_18_p10,test,0.1,9,64,4,0.0625
g_n32_e96_k2_mid_18,g_n32_e96_k2_mid_18_p10,test,0.15,13,64,5,0.078125
g_n32_e96_k2_mid_19,g_n32_e96_k2_mid_19_p0,train,0.05,5,64,0,0.0
g_n32_e96_k2_mid_19,g_n32_e96_k2_mid_19_p0,train,0.1,10,64,0,0.0
g_n32_e96_k2_mid_19,g_n32_e96_k2_mid_19_p0,train,0.15,15,64,0,0.0
g_n32_e96_k2_mid_19,g_n32_e96_k2_mid_19_p5,train,0.05,5,64,1,0.015625
g_n32_e96_k2_mid_19,g_n32_e96_k2_mid_19_p5,train,0.1,10,64,3,0.046875
g_n32_e96_k2_mid_19,g_n32_e96_k2_mid_19_p5,train,0.15,14,64,4,0.0625
g_n32_e96_k2_mid_19,g_n32_e96_k2_mid_19_p10,train,0.05,5,64,1,0.015625
g_n32_e96_k2_mid_19,g_n32_e96_k2_mid_19_p10,train,0.1,9,64,2,0.03125
g_n32_e96_k2_mid_19,g_n32_e96_k2_mid_19_p10,train,0.15,13,64,4,0.0625
g_n32_e96_k2_high_20,g_n32_e96_k2_high_20_p0,train,0.05,5,64,0,0.0
g_n32_e96_k2_high_20,g_n32_e96_k2_high_20_p0,train,0.1,10,64,2,0.03125
g_n32_e96_k2_high_20,g_n32_e96_k2_high_20_p0,train,0.15,15,64,4,0.0625
g_n32_e96_k2_high_20,g_n32_e96_k2_high_20_p5,train,0.05,5,64,0,0.0
g_n32_e96_k2_high_20,g_n32_e96_k2_high_20_p5,train,0.1,10,64,2,0.03125
g_n32_e96_k2_high_20,g_n32_e96_k2_high_20_p5,train,0.15,14,64,3,0.046875
g_n32_e96_k2_high_20,g_n32_e96_k2_high_20_p10,train,0.05,5,64,0,0.0
g_n32_e96_k2_high_20,g_n32_e96_k2_high_20_p10,train,0.1,9,64,0,0.0
g_n32_e96_k2_high_20,g_n32_e96_k2_high_20_p10,train,0.15,13,64,1,0.015625
g_n32_e96_k2_high_21,g_n32_e96_k2_high_21_p0,train,0.05,5,64,0,0.0
g_n32_e96_k2_high_21,g_n32_e96_k2_high_21_p0,train,0.1,10,64,0,0.0
g_n32_e96_k2_high_21,g_n32_e96_k2_high_21_p0,train,0.15,15,64,0,0.0
g_n32_e96_k2_high_21,g_n32_e96_k2_high_21_p5,train,0.05,5,64,0,0.0
g_n32_e96_k2_high_21,g_n32_e96_k2_high_21_p5,train,0.1,10,64,0,0.0
g_n32_e96_k2_high_21,g_n32_e96_k2_high_21_p5,train,0.15,14,64,3,0.046875
g_n32_e96_k2_high_21,g_n32_e96_k2_high_21_p10,train,0.05,5,64,0,0.0
g_n32_e96_k2_high_21,g_n32_e96_k2_high_21_p10,train,0.1,9,64,2,0.03125
g_n32_e96_k2_high_21,g_n32_e96_k2_high_21_p10,train,0.15,13,64,4,0.0625
g_n32_e96_k2_high_22,g_n32_e96_k2_high_22_p0,train,0.05,5,64,1,0.015625
g_n32_e96_k2_high_22,g_n32_e96_k2_high_22_p0,train,0.1,10,64,1,0.015625
g_n32_e96_k2_high_22,g_n32_e96_k2_high_22_p0,train,0.15,15,64,3,0.046875
g_n32_e96_k2_high_22,g_n32_e96_k2_high_22_p5,train,0.05,5,64,0,0.0
g_n32_e96_k2_high_22,g_n32_e96_k2_high_22_p5,train,0.1,10,64,1,0.015625
g_n32_e96_k2_high_22,g_n32_e96_k2_high_22_p5,train,0.15,14,64,3,0.046875
g_n32_e96_k2_high_22,g_n32_e96_k2_high_22_p10,train,0.05,5,64,1,0.015625
g_n32_e96_k2_high_22,g_n32_e96_k2_high_22_p10,train,0.1,9,64,1,0.015625
g_n32_e96_k2_high_22,g_n32_e96_k2_high_22_p10,train,0.15,13,64,1,0.015625
g_n32_e96_k2_high_23,g_n32_e96_k2_high_23_p0,train,0.05,5,64,0,0.0
g_n32_e96_k2_high_23,g_n32_e96_k2_high_23_p0,train,0.1,10,64,2,0.03125
g_n32_e96_k2_high_23,g_n32_e96_k2_high_23_p0,train,0.15,15,64,2,0.03125
g_n32_e96_k2_high_23,g_n32_e96_k2_high_23_p5,train,0.05,5,64,0,0.0
g_n32_e96_k2_high_23,g_n32_e96_k2_high_23_p5,train,0.1,10,64,3,0.046875
g_n32_e96_k2_high_23,g_n32_e96_k2_high_23_p5,train,0.15,14,64,4,0.0625
g_n32_e96_k2_high_23,g_n32_e96_k2_high_23_p10,train,0.05,5,64,1,0.015625
g_n32_e96_k2_high_23,g_n32_e96_k2_high_23_p10,train,0.1,9,64,6,0.09375
g_n32_e96_k2_high_23,g_n32_e96_k2_high_23_p10,train,0.15,13,64,9,0.140625
g_n32_e96_k2_high_24,g_n32_e96_k2_high_24_p0,train,0.05,5,64,0,0.0
g_n32_e96_k2_high_24,g_n32_e96_k2_high_24_p0,train,0.1,10,64,0,0.0
g_n32_e96_k2_high_24,g_n32_e96_k2_high_24_p0,train,0.15,15,64,0,0.0
g_n32_e96_k2_high_24,g_n32_e96_k2_high_24_p5,train,0.05,5,64,5,0.078125
g_n32_e96_k2_high_24,g_n32_e96_k2_high_24_p5,train,0.1,10,64,10,0.15625
g_n32_e96_k2_high_24,g_n32_e96_k2_high_24_p5,train,0.15,14,64,16,0.25
g_n32_e96_k2_high_24,g_n32_e96_k2_high_24_p10,train,0.05,5,64,6,0.09375
g_n32_e96_k2_high_24,g_n32_e96_k2_high_24_p10,train,0.1,9,64,9,0.140625
g_n32_e96_k2_high_24,g_n32_e96_k2_high_24_p10,train,0.15,13,64,13,0.203125
g_n32_e96_k2_high_25,g_n32_e96_k2_high_25_p0,test,0.05,5,64,0,0.0
g_n32_e96_k2_high_25,g_n32_e96_k2_high_25_p0,test,0.1,10,64,1,0.015625
g_n32_e96_k2_high_25,g_n32_e96_k2_high_25_p0,test,0.15,15,64,2,0.03125
g_n32_e96_k2_high_25,g_n32_e96_k2_high_25_p5,test,0.05,5,64,0,0.0
g_n32_e96_k2_high_25,g_n32_e96_k2_high_25_p5,test,0.1,10,64,0,0.0
g_n32_e96_k2_high_25,g_n32_e96_k2_high_25_p5,test,0.15,14,64,1,0.015625
g_n32_e96_k2_high_25,g_n32_e96_k2_high_25_p10,test,0.05,5,64,1,0.015625
g_n32_e96_k2_high_25,g_n32_e96_k2_high_25_p10,test,0.1,9,64,1,0.015625
g_n32_e96_k2_high_25,g_n32_e96_k2_high_25_p10,test,0.15,13,64,3,0.046875
g_n32_e96_k2_high_26,g_n32_e96_k2_high_26_p0,train,0.05,5,64,0,0.0
g_n32_e96_k2_high_26,g_n32_e96_k2_high_26_p0,train,0.1,10,64,1,0.015625
g_n32_e96_k2_high_26,g_n32_e96_k2_high_26_p0,train,0.15,15,64,1,0.015625
g_n32_e96_k2_high_26,g_n32_e96_k2_high_26_p5,train,0.05,5,64,0,0.0
g_n32_e96_k2_high_26,g_n32_e96_k2_high_26_p5,train,0.1,10,64,1,0.015625
g_n32_e96_k2_high_26,g_n32_e96_k2_high_26_p5,train,0.15,14,64,2,0.03125
g_n32_e96_k2_high_26,g_n32_e96_k2_high_26_p10,train,0.05,5,64,1,0.015625
g_n32_e96_k2_high_26,g_n32_e96_k2_high_26_p10,train,0.1,9,64,1,0.015625
g_n32_e96_k2_high_26,g_n32_e96_k2_high_26_p10,train,0.15,13,64,2,0.03125
g_n32_e96_k2_high_27,g_n32_e96_k2_high_27_p0,validation,0.05,5,64,0,0.0
g_n32_e96_k2_high_27,g_n32_e96_k2_high_27_p0,validation,0.1,10,64,1,0.015625
g_n32_e96_k2_high_27,g_n32_e96_k2_high_27_p0,validation,0.15,15,64,1,0.015625
g_n32_e96_k2_high_27,g_n32_e96_k2_high_27_p5,validation,0.05,5,64,1,0.015625
g_n32_e96_k2_high_27,g_n32_e96_k2_high_27_p5,validation,0.1,10,64,1,0.015625
g_n32_e96_k2_high_27,g_n32_e96_k2_high_27_p5,validation,0.15,14,64,1,0.015625
g_n32_e96_k2_high_27,g_n32_e96_k2_high_27_p10,validation,0.05,5,64,0,0.0
g_n32_e96_k2_high_27,g_n32_e96_k2_high_27_p10,validation,0.1,9,64,0,0.0
g_n32_e96_k2_high_27,g_n32_e96_k2_high_27_p10,validation,0.15,13,64,0,0.0
g_n32_e96_k2_high_28,g_n32_e96_k2_high_28_p0,test,0.05,5,64,0,0.0
g_n32_e96_k2_high_28,g_n32_e96_k2_high_28_p0,test,0.1,10,64,1,0.015625
g_n32_e96_k2_high_28,g_n32_e96_k2_high_28_p0,test,0.15,15,64,1,0.015625
g_n32_e96_k2_high_28,g_n32_e96_k2_high_28_p5,test,0.05,5,64,0,0.0
g_n32_e96_k2_high_28,g_n32_e96_k2_high_28_p5,test,0.1,10,64,1,0.015625
g_n32_e96_k2_high_28,g_n32_e96_k2_high_28_p5,test,0.15,14,64,1,0.015625
g_n32_e96_k2_high_28,g_n32_e96_k2_high_28_p10,test,0.05,5,64,0,0.0
g_n32_e96_k2_high_28,g_n32_e96_k2_high_28_p10,test,0.1,9,64,0,0.0
g_n32_e96_k2_high_28,g_n32_e96_k2_high_28_p10,test,0.15,13,64,2,0.03125
g_n32_e96_k2_high_29,g_n32_e96_k2_high_29_p0,validation,0.05,5,64,1,0.015625
g_n32_e96_k2_high_29,g_n32_e96_k2_high_29_p0,validation,0.1,10,64,1,0.015625
g_n32_e96_k2_high_29,g_n32_e96_k2_high_29_p0,validation,0.15,15,64,2,0.03125
g_n32_e96_k2_high_29,g_n32_e96_k2_high_29_p5,validation,0.05,5,64,0,0.0
g_n32_e96_k2_high_29,g_n32_e96_k2_high_29_p5,validation,0.1,10,64,1,0.015625
g_n32_e96_k2_high_29,g_n32_e96_k2_high_29_p5,validation,0.15,14,64,3,0.046875
g_n32_e96_k2_high_29,g_n32_e96_k2_high_29_p10,validation,0.05,5,64,3,0.046875
g_n32_e96_k2_high_29,g_n32_e96_k2_high_29_p10,validation,0.1,9,64,5,0.078125
g_n32_e96_k2_high_29,g_n32_e96_k2_high_29_p10,validation,0.15,13,64,8,0.125
g_n32_e96_k3_low_00,g_n32_e96_k3_low_00_p0,train,0.05,5,64,0,0.0
g_n32_e96_k3_low_00,g_n32_e96_k3_low_00_p0,train,0.1,10,64,0,0.0
g_n32_e96_k3_low_00,g_n32_e96_k3_low_00_p0,train,0.15,15,64,3,0.046875
g_n32_e96_k3_low_00,g_n32_e96_k3_low_00_p5,train,0.05,5,64,0,0.0
g_n32_e96_k3_low_00,g_n32_e96_k3_low_00_p5,train,0.1,10,64,0,0.0
g_n32_e96_k3_low_00,g_n32_e96_k3_low_00_p5,train,0.15,14,64,0,0.0
g_n32_e96_k3_low_00,g_n32_e96_k3_low_00_p10,train,0.05,5,64,0,0.0
g_n32_e96_k3_low_00,g_n32_e96_k3_low_00_p10,train,0.1,9,64,3,0.046875
g_n32_e96_k3_low_00,g_n32_e96_k3_low_00_p10,train,0.15,13,64,4,0.0625
g_n32_e96_k3_low_01,g_n32_e96_k3_low_01_p0,validation,0.05,5,64,0,0.0
g_n32_e96_k3_low_01,g_n32_e96_k3_low_01_p0,validation,0.1,10,64,0,0.0
g_n32_e96_k3_low_01,g_n32_e96_k3_low_01_p0,validation,0.15,15,64,0,0.0
g_n32_e96_k3_low_01,g_n32_e96_k3_low_01_p5,validation,0.05,5,64,0,0.0
g_n32_e96_k3_low_01,g_n32_e96_k3_low_01_p5,validation,0.1,10,64,1,0.015625
g_n32_e96_k3_low_01,g_n32_e96_k3_low_01_p5,validation,0.15,14,64,4,0.0625
g_n32_e96_k3_low_01,g_n32_e96_k3_low_01_p10,validation,0.05,5,64,1,0.015625
g_n32_e96_k3_low_01,g_n32_e96_k3_low_01_p10,validation,0.1,9,64,2,0.03125
g_n32_e96_k3_low_01,g_n32_e96_k3_low_01_p10,validation,0.15,13,64,5,0.078125
g_n32_e96_k3_low_02,g_n32_e96_k3_low_02_p0,train,0.05,5,64,0,0.0
g_n32_e96_k3_low_02,g_n32_e96_k3_low_02_p0,train,0.1,10,64,1,0.015625
g_n32_e96_k3_low_02,g_n32_e96_k3_low_02_p0,train,0.15,15,64,3,0.046875
g_n32_e96_k3_low_02,g_n32_e96_k3_low_02_p5,train,0.05,5,64,0,0.0
g_n32_e96_k3_low_02,g_n32_e96_k3_low_02_p5,train,0.1,10,64,0,0.0
g_n32_e96_k3_low_02,g_n32_e96_k3_low_02_p5,train,0.15,14,64,2,0.03125
g_n32_e96_k3_low_02,g_n32_e96_k3_low_02_p10,train,0.05,5,64,0,0.0
g_n32_e96_k3_low_02,g_n32_e96_k3_low_02_p10,train,0.1,9,64,0,0.0
g_n32_e96_k3_low_02,g_n32_e96_k3_low_02_p10,train,0.15,13,64,0,0.0
g_n32_e96_k3_low_03,g_n32_e96_k3_low_03_p0,train,0.05,5,64,0,0.0
g_n32_e96_k3_low_03,g_n32_e96_k3_low_03_p0,train,0.1,10,64,1,0.015625
g_n32_e96_k3_low_03,g_n32_e96_k3_low_03_p0,train,0.15,15,64,3,0.046875
g_n32_e96_k3_low_03,g_n32_e96_k3_low_03_p5,train,0.05,5,64,0,0.0
g_n32_e96_k3_low_03,g_n32_e96_k3_low_03_p5,train,0.1,10,64,0,0.0
g_n32_e96_k3_low_03,g_n32_e96_k3_low_03_p5,train,0.15,14,64,2,0.03125
g_n32_e96_k3_low_03,g_n32_e96_k3_low_03_p10,train,0.05,5,64,0,0.0
g_n32_e96_k3_low_03,g_n32_e96_k3_low_03_p10,train,0.1,9,64,0,0.0
g_n32_e96_k3_low_03,g_n32_e96_k3_low_03_p10,train,0.15,13,64,1,0.015625
g_n32_e96_k3_low_04,g_n32_e96_k3_low_04_p0,test,0.05,5,64,0,0.0
g_n32_e96_k3_low_04,g_n32_e96_k3_low_04_p0,test,0.1,10,64,3,0.046875
g_n32_e96_k3_low_04,g_n32_e96_k3_low_04_p0,test,0.15,15,64,4,0.0625
g_n32_e96_k3_low_04,g_n32_e96_k3_low_04_p5,test,0.05,5,64,0,0.0
g_n32_e96_k3_low_04,g_n32_e96_k3_low_04_p5,test,0.1,10,64,2,0.03125
g_n32_e96_k3_low_04,g_n32_e96_k3_low_04_p5,test,0.15,14,64,3,0.046875
g_n32_e96_k3_low_04,g_n32_e96_k3_low_04_p10,test,0.05,5,64,0,0.0
g_n32_e96_k3_low_04,g_n32_e96_k3_low_04_p10,test,0.1,9,64,1,0.015625
g_n32_e96_k3_low_04,g_n32_e96_k3_low_04_p10,test,0.15,13,64,3,0.046875
g_n32_e96_k3_low_05,g_n32_e96_k3_low_05_p0,test,0.05,5,64,0,0.0
g_n32_e96_k3_low_05,g_n32_e96_k3_low_05_p0,test,0.1,10,64,1,0.015625
g_n32_e96_k3_low_05,g_n32_e96_k3_low_05_p0,test,0.15,15,64,2,0.03125
g_n32_e96_k3_low_05,g_n32_e96_k3_low_05_p5,test,0.05,5,64,0,0.0
g_n32_e96_k3_low_05,g_n32_e96_k3_low_05_p5,test,0.1,10,64,0,0.0
g_n32_e96_k3_low_05,g_n32_e96_k3_low_05_p5,test,0.15,14,64,2,0.03125
g_n32_e96_k3_low_05,g_n32_e96_k3_low_05_p10,test,0.05,5,64,1,0.015625
g_n32_e96_k3_low_05,g_n32_e96_k3_low_05_p10,test,0.1,9,64,2,0.03125
g_n32_e96_k3_low_05,g_n32_e96_k3_low_05_p10,test,0.15,13,64,4,0.0625
g_n32_e96_k3_low_06,g_n32_e96_k3_low_06_p0,train,0.05,5,64,0,0.0
g_n32_e96_k3_low_06,g_n32_e96_k3_low_06_p0,train,0.1,10,64,0,0.0
g_n32_e96_k3_low_06,g_n32_e96_k3_low_06_p0,train,0.15,15,64,1,0.015625
g_n32_e96_k3_low_06,g_n32_e96_k3_low_06_p5,train,0.05,5,64,0,0.0
g_n32_e96_k3_low_06,g_n32_e96_k3_low_06_p5,train,0.1,10,64,3,0.046875
g_n32_e96_k3_low_06,g_n32_e96_k3_low_06_p5,train,0.15,14,64,7,0.109375
g_n32_e96_k3_low_06,g_n32_e96_k3_low_06_p10,train,0.05,5,64,0,0.0
g_n32_e96_k3_low_06,g_n32_e96_k3_low_06_p10,train,0.1,9,64,3,0.046875
g_n32_e96_k3_low_06,g_n32_e96_k3_low_06_p10,train,0.15,13,64,5,0.078125
g_n32_e96_k3_low_07,g_n32_e96_k3_low_07_p0,train,0.05,5,64,0,0.0
g_n32_e96_k3_low_07,g_n32_e96_k3_low_07_p0,train,0.1,10,64,0,0.0
g_n32_e96_k3_low_07,g_n32_e96_k3_low_07_p0,train,0.15,15,64,2,0.03125
g_n32_e96_k3_low_07,g_n32_e96_k3_low_07_p5,train,0.05,5,64,0,0.0
g_n32_e96_k3_low_07,g_n32_e96_k3_low_07_p5,train,0.1,10,64,0,0.0
g_n32_e96_k3_low_07,g_n32_e96_k3_low_07_p5,train,0.15,14,64,2,0.03125
g_n32_e96_k3_low_07,g_n32_e96_k3_low_07_p10,train,0.05,5,64,0,0.0
g_n32_e96_k3_low_07,g_n32_e96_k3_low_07_p10,train,0.1,9,64,0,0.0
g_n32_e96_k3_low_07,g_n32_e96_k3_low_07_p10,train,0.15,13,64,2,0.03125
g_n32_e96_k3_low_08,g_n32_e96_k3_low_08_p0,validation,0.05,5,64,0,0.0
g_n32_e96_k3_low_08,g_n32_e96_k3_low_08_p0,validation,0.1,10,64,0,0.0
g_n32_e96_k3_low_08,g_n32_e96_k3_low_08_p0,validation,0.15,15,64,0,0.0
g_n32_e96_k3_low_08,g_n32_e96_k3_low_08_p5,validation,0.05,5,64,0,0.0
g_n32_e96_k3_low_08,g_n32_e96_k3_low_08_p5,validation,0.1,10,64,2,0.03125
g_n32_e96_k3_low_08,g_n32_e96_k3_low_08_p5,validation,0.15,14,64,4,0.0625
g_n32_e96_k3_low_08,g_n32_e96_k3_low_08_p10,validation,0.05,5,64,0,0.0
g_n32_e96_k3_low_08,g_n32_e96_k3_low_08_p10,validation,0.1,9,64,0,0.0
g_n32_e96_k3_low_08,g_n32_e96_k3_low_08_p10,validation,0.15,13,64,5,0.078125
g_n32_e96_k3_low_09,g_n32_e96_k3_low_09_p0,train,0.05,5,64,0,0.0
g_n32_e96_k3_low_09,g_n32_e96_k3_low_09_p0,train,0.1,10,64,1,0.015625
g_n32_e96_k3_low_09,g_n32_e96_k3_low_09_p0,train,0.15,15,64,2,0.03125
g_n32_e96_k3_low_09,g_n32_e96_k3_low_09_p5,train,0.05,5,64,0,0.0
g_n32_e96_k3_low_09,g_n32_e96_k3_low_09_p5,train,0.1,10,64,1,0.015625
g_n32_e96_k3_low_09,g_n32_e96_k3_low_09_p5,train,0.15,14,64,1,0.015625
g_n32_e96_k3_low_09,g_n32_e96_k3_low_09_p10,train,0.05,5,64,0,0.0
g_n32_e96_k3_low_09,g_n32_e96_k3_low_09_p10,train,0.1,9,64,1,0.015625
g_n32_e96_k3_low_09,g_n32_e96_k3_low_09_p10,train,0.15,13,64,4,0.0625
g_n32_e96_k3_mid_10,g_n32_e96_k3_mid_10_p0,train,0.05,5,64,0,0.0
g_n32_e96_k3_mid_10,g_n32_e96_k3_mid_10_p0,train,0.1,10,64,0,0.0
g_n32_e96_k3_mid_10,g_n32_e96_k3_mid_10_p0,train,0.15,15,64,3,0.046875
g_n32_e96_k3_mid_10,g_n32_e96_k3_mid_10_p5,train,0.05,5,64,0,0.0
g_n32_e96_k3_mid_10,g_n32_e96_k3_mid_10_p5,train,0.1,10,64,1,0.015625
g_n32_e96_k3_mid_10,g_n32_e96_k3_mid_10_p5,train,0.15,14,64,4,0.0625
g_n32_e96_k3_mid_10,g_n32_e96_k3_mid_10_p10,train,0.05,5,64,0,0.0
g_n32_e96_k3_mid_10,g_n32_e96_k3_mid_10_p10,train,0.1,9,64,3,0.046875
g_n32_e96_k3_mid_10,g_n32_e96_k3_mid_10_p10,train,0.15,13,64,3,0.046875
g_n32_e96_k3_mid_11,g_n32_e96_k3_mid_11_p0,validation,0.05,5,64,0,0.0
g_n32_e96_k3_mid_11,g_n32_e96_k3_mid_11_p0,validation,0.1,10,64,0,0.0
g_n32_e96_k3_mid_11,g_n32_e96_k3_mid_11_p0,validation,0.15,15,64,1,0.015625
g_n32_e96_k3_mid_11,g_n32_e96_k3_mid_11_p5,validation,0.05,5,64,0,0.0
g_n32_e96_k3_mid_11,g_n32_e96_k3_mid_11_p5,validation,0.1,10,64,0,0.0
g_n32_e96_k3_mid_11,g_n32_e96_k3_mid_11_p5,validation,0.15,14,64,0,0.0
g_n32_e96_k3_mid_11,g_n32_e96_k3_mid_11_p10,validation,0.05,5,64,0,0.0
g_n32_e96_k3_mid_11,g_n32_e96_k3_mid_11_p10,validation,0.1,9,64,0,0.0
g_n32_e96_k3_mid_11,g_n32_e96_k3_mid_11_p10,validation,0.15,13,64,1,0.015625
g_n32_e96_k3_mid_12,g_n32_e96_k3_mid_12_p0,train,0.05,5,64,0,0.0
g_n32_e96_k3_mid_12,g_n32_e96_k3_mid_12_p0,train,0.1,10,64,1,0.015625
g_n32_e96_k3_mid_12,g_n32_e96_k3_mid_12_p0,train,0.15,15,64,1,0.015625
g_n32_e96_k3_mid_12,g_n32_e96_k3_mid_12_p5,train,0.05,5,64,0,0.0
g_n32_e96_k3_mid_12,g_n32_e96_k3_mid_12_p5,train,0.1,10,64,0,0.0
g_n32_e96_k3_mid_12,g_n32_e96_k3_mid_12_p5,train,0.15,14,64,1,0.015625
g_n32_e96_k3_mid_12,g_n32_e96_k3_mid_12_p10,train,0.05,5,64,1,0.015625
g_n32_e96_k3_mid_12,g_n32_e96_k3_mid_12_p10,train,0.1,9,64,1,0.015625
g_n32_e96_k3_mid_12,g_n32_e96_k3_mid_12_p10,train,0.15,13,64,3,0.046875
g_n32_e96_k3_mid_13,g_n32_e96_k3_mid_13_p0,train,0.05,5,64,0,0.0
g_n32_e96_k3_mid_13,g_n32_e96_k3_mid_13_p0,train,0.1,10,64,0,0.0
g_n32_e96_k3_mid_13,g_n32_e96_k3_mid_13_p0,train,0.15,15,64,3,0.046875
g_n32_e96_k3_mid_13,g_n32_e96_k3_mid_13_p5,train,0.05,5,64,0,0.0
g_n32_e96_k3_mid_13,g_n32_e96_k3_mid_13_p5,train,0.1,10,64,1,0.015625
g_n32_e96_k3_mid_13,g_n32_e96_k3_mid_13_p5,train,0.15,14,64,2,0.03125
g_n32_e96_k3_mid_13,g_n32_e96_k3_mid_13_p10,train,0.05,5,64,0,0.0
g_n32_e96_k3_mid_13,g_n32_e96_k3_mid_13_p10,train,0.1,9,64,1,0.015625
g_n32_e96_k3_mid_13,g_n32_e96_k3_mid_13_p10,train,0.15,13,64,2,0.03125
g_n32_e96_k3_mid_14,g_n32_e96_k3_mid_14_p0,train,0.05,5,64,0,0.0
g_n32_e96_k3_mid_14,g_n32_e96_k3_mid_14_p0,train,0.1,10,64,0,0.0
g_n32_e96_k3_mid_14,g_n32_e96_k3_mid_14_p0,train,0.15,15,64,2,0.03125
g_n32_e96_k3_mid_14,g_n32_e96_k3_mid_14_p5,train,0.05,5,64,0,0.0
g_n32_e96_k3_mid_14,g_n32_e96_k3_mid_14_p5,train,0.1,10,64,0,0.0
g_n32_e96_k3_mid_14,g_n32_e96_k3_mid_14_p5,train,0.15,14,64,0,0.0
g_n32_e96_k3_mid_14,g_n32_e96_k3_mid_14_p10,train,0.05,5,64,0,0.0
g_n32_e96_k3_mid_14,g_n32_e96_k3_mid_14_p10,train,0.1,9,64,0,0.0
g_n32_e96_k3_mid_14,g_n32_e96_k3_mid_14_p10,train,0.15,13,64,1,0.015625
g_n32_e96_k3_mid_15,g_n32_e96_k3_mid_15_p0,test,0.05,5,64,0,0.0
g_n32_e96_k3_mid_15,g_n32_e96_k3_mid_15_p0,test,0.1,10,64,0,0.0
g_n32_e96_k3_mid_15,g_n32_e96_k3_mid_15_p0,test,0.15,15,64,0,0.0
g_n32_e96_k3_mid_15,g_n32_e96_k3_mid_15_p5,test,0.05,5,64,0,0.0
g_n32_e96_k3_mid_15,g_n32_e96_k3_mid_15_p5,test,0.1,10,64,1,0.015625
g_n32_e96_k3_mid_15,g_n32_e96_k3_mid_15_p5,test,0.15,14,64,1,0.015625
g_n32_e96_k3_mid_15,g_n32_e96_k3_mid_15_p10,test,0.05,5,64,1,0.015625
g_n32_e96_k3_mid_15,g_n32_e96_k3_mid_15_p10,test,0.1,9,64,4,0.0625
g_n32_e96_k3_mid_15,g_n32_e96_k3_mid_15_p10,test,0.15,13,64,7,0.109375
g_n32_e96_k3_mid_16,g_n32_e96_k3_mid_16_p0,test,0.05,5,64,0,0.0
g_n32_e96_k3_mid_16,g_n32_e96_k3_mid_16_p0,test,0.1,10,64,0,0.0
g_n32_e96_k3_mid_16,g_n32_e96_k3_mid_16_p0,test,0.15,15,64,0,0.0
g_n32_e96_k3_mid_16,g_n32_e96_k3_mid_16_p5,test,0.05,5,64,0,0.0
g_n32_e96_k3_mid_16,g_n32_e96_k3_mid_16_p5,test,0.1,10,64,0,0.0
g_n32_e96_k3_mid_16,g_n32_e96_k3_mid_16_p5,test,0.15,14,64,0,0.0
g_n32_e96_k3_mid_16,g_n32_e96_k3_mid_16_p10,test,0.05,5,64,0,0.0
g_n32_e96_k3_mid_16,g_n32_e96_k3_mid_16_p10,test,0.1,9,64,3,0.046875
g_n32_e96_k3_mid_16,g_n32_e96_k3_mid_16_p10,test,0.15,13,64,6,0.09375
g_n32_e96_k3_mid_17,g_n32_e96_k3_mid_17_p0,train,0.05,5,64,0,0.0
g_n32_e96_k3_mid_17,g_n32_e96_k3_mid_17_p0,train,0.1,10,64,0,0.0
g_n32_e96_k3_mid_17,g_n32_e96_k3_mid_17_p0,train,0.15,15,64,0,0.0
g_n32_e96_k3_mid_17,g_n32_e96_k3_mid_17_p5,train,0.05,5,64,0,0.0
g_n32_e96_k3_mid_17,g_n32_e96_k3_mid_17_p5,train,0.1,10,64,0,0.0
g_n32_e96_k3_mid_17,g_n32_e96_k3_mid_17_p5,train,0.15,14,64,0,0.0
g_n32_e96_k3_mid_17,g_n32_e96_k3_mid_17_p10,train,0.05,5,64,0,0.0
g_n32_e96_k3_mid_17,g_n32_e96_k3_mid_17_p10,train,0.1,9,64,0,0.0
g_n32_e96_k3_mid_17,g_n32_e96_k3_mid_17_p10,train,0.15,13,64,0,0.0
g_n32_e96_k3_mid_18,g_n32_e96_k3_mid_18_p0,train,0.05,5,64,0,0.0
g_n32_e96_k3_mid_18,g_n32_e96_k3_mid_18_p0,train,0.1,10,64,0,0.0
g_n32_e96_k3_mid_18,g_n32_e96_k3_mid_18_p0,train,0.15,15,64,1,0.015625
g_n32_e96_k3_mid_18,g_n32_e96_k3_mid_18_p5,train,0.05,5,64,1,0.015625
g_n32_e96_k3_mid_18,g_n32_e96_k3_mid_18_p5,train,0.1,10,64,2,0.03125
g_n32_e96_k3_mid_18,g_n32_e96_k3_mid_18_p5,train,0.15,14,64,3,0.046875
g_n32_e96_k3_mid_18,g_n32_e96_k3_mid_18_p10,train,0.05,5,64,0,0.0
g_n32_e96_k3_mid_18,g_n32_e96_k3_mid_18_p10,train,0.1,9,64,0,0.0
g_n32_e96_k3_mid_18,g_n32_e96_k3_mid_18_p10,train,0.15,13,64,0,0.0
g_n32_e96_k3_mid_19,g_n32_e96_k3_mid_19_p0,validation,0.05,5,64,0,0.0
g_n32_e96_k3_mid_19,g_n32_e96_k3_mid_19_p0,validation,0.1,10,64,1,0.015625
g_n32_e96_k3_mid_19,g_n32_e96_k3_mid_19_p0,validation,0.15,15,64,4,0.0625
g_n32_e96_k3_mid_19,g_n32_e96_k3_mid_19_p5,validation,0.05,5,64,1,0.015625
g_n32_e96_k3_mid_19,g_n32_e96_k3_mid_19_p5,validation,0.1,10,64,1,0.015625
g_n32_e96_k3_mid_19,g_n32_e96_k3_mid_19_p5,validation,0.15,14,64,1,0.015625
g_n32_e96_k3_mid_19,g_n32_e96_k3_mid_19_p10,validation,0.05,5,64,0,0.0
g_n32_e96_k3_mid_19,g_n32_e96_k3_mid_19_p10,validation,0.1,9,64,0,0.0
g_n32_e96_k3_mid_19,g_n32_e96_k3_mid_19_p10,validation,0.15,13,64,1,0.015625
g_n32_e96_k3_high_20,g_n32_e96_k3_high_20_p0,validation,0.05,5,64,0,0.0
g_n32_e96_k3_high_20,g_n32_e96_k3_high_20_p0,validation,0.1,10,64,1,0.015625
g_n32_e96_k3_high_20,g_n32_e96_k3_high_20_p0,validation,0.15,15,64,2,0.03125
g_n32_e96_k3_high_20,g_n32_e96_k3_high_20_p5,validation,0.05,5,64,0,0.0
g_n32_e96_k3_high_20,g_n32_e96_k3_high_20_p5,validation,0.1,10,64,1,0.015625
g_n32_e96_k3_high_20,g_n32_e96_k3_high_20_p5,validation,0.15,14,64,2,0.03125
g_n32_e96_k3_high_20,g_n32_e96_k3_high_20_p10,validation,0.05,5,64,0,0.0
g_n32_e96_k3_high_20,g_n32_e96_k3_high_20_p10,validation,0.1,9,64,0,0.0
g_n32_e96_k3_high_20,g_n32_e96_k3_high_20_p10,validation,0.15,13,64,1,0.015625
g_n32_e96_k3_high_21,g_n32_e96_k3_high_21_p0,train,0.05,5,64,0,0.0
g_n32_e96_k3_high_21,g_n32_e96_k3_high_21_p0,train,0.1,10,64,0,0.0
g_n32_e96_k3_high_21,g_n32_e96_k3_high_21_p0,train,0.15,15,64,0,0.0
g_n32_e96_k3_high_21,g_n32_e96_k3_high_21_p5,train,0.05,5,64,0,0.0
g_n32_e96_k3_high_21,g_n32_e96_k3_high_21_p5,train,0.1,10,64,1,0.015625
g_n32_e96_k3_high_21,g_n32_e96_k3_high_21_p5,train,0.15,14,64,2,0.03125
g_n32_e96_k3_high_21,g_n32_e96_k3_high_21_p10,train,0.05,5,64,1,0.015625
g_n32_e96_k3_high_21,g_n32_e96_k3_high_21_p10,train,0.1,9,64,2,0.03125
g_n32_e96_k3_high_21,g_n32_e96_k3_high_21_p10,train,0.15,13,64,5,0.078125
g_n32_e96_k3_high_22,g_n32_e96_k3_high_22_p0,train,0.05,5,64,0,0.0
g_n32_e96_k3_high_22,g_n32_e96_k3_high_22_p0,train,0.1,10,64,0,0.0
g_n32_e96_k3_high_22,g_n32_e96_k3_high_22_p0,train,0.15,15,64,0,0.0
g_n32_e96_k3_high_22,g_n32_e96_k3_high_22_p5,train,0.05,5,64,0,0.0
g_n32_e96_k3_high_22,g_n32_e96_k3_high_22_p5,train,0.1,10,64,1,0.015625
g_n32_e96_k3_high_22,g_n32_e96_k3_high_22_p5,train,0.15,14,64,1,0.015625
g_n32_e96_k3_high_22,g_n32_e96_k3_high_22_p10,train,0.05,5,64,0,0.0
g_n32_e96_k3_high_22,g_n32_e96_k3_high_22_p10,train,0.1,9,64,0,0.0
g_n32_e96_k3_high_22,g_n32_e96_k3_high_22_p10,train,0.15,13,64,2,0.03125
g_n32_e96_k3_high_23,g_n32_e96_k3_high_23_p0,test,0.05,5,64,0,0.0
g_n32_e96_k3_high_23,g_n32_e96_k3_high_23_p0,test,0.1,10,64,0,0.0
g_n32_e96_k3_high_23,g_n32_e96_k3_high_23_p0,test,0.15,15,64,0,0.0
g_n32_e96_k3_high_23,g_n32_e96_k3_high_23_p5,test,0.05,5,64,0,0.0
g_n32_e96_k3_high_23,g_n32_e96_k3_high_23_p5,test,0.1,10,64,0,0.0
g_n32_e96_k3_high_23,g_n32_e96_k3_high_23_p5,test,0.15,14,64,0,0.0
g_n32_e96_k3_high_23,g_n32_e96_k3_high_23_p10,test,0.05,5,64,0,0.0
g_n32_e96_k3_high_23,g_n32_e96_k3_high_23_p10,test,0.1,9,64,0,0.0
g_n32_e96_k3_high_23,g_n32_e96_k3_high_23_p10,test,0.15,13,64,0,0.0
g_n32_e96_k3_high_24,g_n32_e96_k3_high_24_p0,validation,0.05,5,64,0,0.0
g_n32_e96_k3_high_24,g_n32_e96_k3_high_24_p0,validation,0.1,10,64,0,0.0
g_n32_e96_k3_high_24,g_n32_e96_k3_high_24_p0,validation,0.15,15,64,0,0.0
g_n32_e96_k3_high_24,g_n32_e96_k3_high_24_p5,validation,0.05,5,64,0,0.0
g_n32_e96_k3_high_24,g_n32_e96_k3_high_24_p5,validation,0.1,10,64,0,0.0
g_n32_e96_k3_high_24,g_n32_e96_k3_high_24_p5,validation,0.15,14,64,0,0.0
g_n32_e96_k3_high_24,g_n32_e96_k3_high_24_p10,validation,0.05,5,64,0,0.0
g_n32_e96_k3_high_24,g_n32_e96_k3_high_24_p10,validation,0.1,9,64,0,0.0
g_n32_e96_k3_high_24,g_n32_e96_k3_high_24_p10,validation,0.15,13,64,1,0.015625
g_n32_e96_k3_high_25,g_n32_e96_k3_high_25_p0,train,0.05,5,64,0,0.0
g_n32_e96_k3_high_25,g_n32_e96_k3_high_25_p0,train,0.1,10,64,0,0.0
g_n32_e96_k3_high_25,g_n32_e96_k3_high_25_p0,train,0.15,15,64,1,0.015625
g_n32_e96_k3_high_25,g_n32_e96_k3_high_25_p5,train,0.05,5,64,0,0.0
g_n32_e96_k3_high_25,g_n32_e96_k3_high_25_p5,train,0.1,10,64,0,0.0
g_n32_e96_k3_high_25,g_n32_e96_k3_high_25_p5,train,0.15,14,64,2,0.03125
g_n32_e96_k3_high_25,g_n32_e96_k3_high_25_p10,train,0.05,5,64,0,0.0
g_n32_e96_k3_high_25,g_n32_e96_k3_high_25_p10,train,0.1,9,64,1,0.015625
g_n32_e96_k3_high_25,g_n32_e96_k3_high_25_p10,train,0.15,13,64,4,0.0625
g_n32_e96_k3_high_26,g_n32_e96_k3_high_26_p0,test,0.05,5,64,0,0.0
g_n32_e96_k3_high_26,g_n32_e96_k3_high_26_p0,test,0.1,10,64,0,0.0
g_n32_e96_k3_high_26,g_n32_e96_k3_high_26_p0,test,0.15,15,64,0,0.0
g_n32_e96_k3_high_26,g_n32_e96_k3_high_26_p5,test,0.05,5,64,0,0.0
g_n32_e96_k3_high_26,g_n32_e96_k3_high_26_p5,test,0.1,10,64,2,0.03125
g_n32_e96_k3_high_26,g_n32_e96_k3_high_26_p5,test,0.15,14,64,4,0.0625
g_n32_e96_k3_high_26,g_n32_e96_k3_high_26_p10,test,0.05,5,64,0,0.0
g_n32_e96_k3_high_26,g_n32_e96_k3_high_26_p10,test,0.1,9,64,1,0.015625
g_n32_e96_k3_high_26,g_n32_e96_k3_high_26_p10,test,0.15,13,64,2,0.03125
g_n32_e96_k3_high_27,g_n32_e96_k3_high_27_p0,train,0.05,5,64,0,0.0
g_n32_e96_k3_high_27,g_n32_e96_k3_high_27_p0,train,0.1,10,64,0,0.0
g_n32_e96_k3_high_27,g_n32_e96_k3_high_27_p0,train,0.15,15,64,1,0.015625
g_n32_e96_k3_high_27,g_n32_e96_k3_high_27_p5,train,0.05,5,64,0,0.0
g_n32_e96_k3_high_27,g_n32_e96_k3_high_27_p5,train,0.1,10,64,0,0.0
g_n32_e96_k3_high_27,g_n32_e96_k3_high_27_p5,train,0.15,14,64,1,0.015625
g_n32_e96_k3_high_27,g_n32_e96_k3_high_27_p10,train,0.05,5,64,0,0.0
g_n32_e96_k3_high_27,g_n32_e96_k3_high_27_p10,train,0.1,9,64,0,0.0
g_n32_e96_k3_high_27,g_n32_e96_k3_high_27_p10,train,0.15,13,64,0,0.0
g_n32_e96_k3_high_28,g_n32_e96_k3_high_28_p0,train,0.05,5,64,0,0.0
g_n32_e96_k3_high_28,g_n32_e96_k3_high_28_p0,train,0.1,10,64,0,0.0
g_n32_e96_k3_high_28,g_n32_e96_k3_high_28_p0,train,0.15,15,64,0,0.0
g_n32_e96_k3_high_28,g_n32_e96_k3_high_28_p5,train,0.05,5,64,0,0.0
g_n32_e96_k3_high_28,g_n32_e96_k3_high_28_p5,train,0.1,10,64,0,0.0
g_n32_e96_k3_high_28,g_n32_e96_k3_high_28_p5,train,0.15,14,64,0,0.0
g_n32_e96_k3_high_28,g_n32_e96_k3_high_28_p10,train,0.05,5,64,0,0.0
g_n32_e96_k3_high_28,g_n32_e96_k3_high_28_p10,train,0.1,9,64,0,0.0
g_n32_e96_k3_high_28,g_n32_e96_k3_high_28_p10,train,0.15,13,64,0,0.0
g_n32_e96_k3_high_29,g_n32_e96_k3_high_29_p0,train,0.05,5,64,0,0.0
g_n32_e96_k3_high_29,g_n32_e96_k3_high_29_p0,train,0.1,10,64,0,0.0
g_n32_e96_k3_high_29,g_n32_e96_k3_high_29_p0,train,0.15,15,64,1,0.015625
g_n32_e96_k3_high_29,g_n32_e96_k3_high_29_p5,train,0.05,5,64,0,0.0
g_n32_e96_k3_high_29,g_n32_e96_k3_high_29_p5,train,0.1,10,64,0,0.0
g_n32_e96_k3_high_29,g_n32_e96_k3_high_29_p5,train,0.15,14,64,1,0.015625
g_n32_e96_k3_high_29,g_n32_e96_k3_high_29_p10,train,0.05,5,64,0,0.0
g_n32_e96_k3_high_29,g_n32_e96_k3_high_29_p10,train,0.1,9,64,0,0.0
g_n32_e96_k3_high_29,g_n32_e96_k3_high_29_p10,train,0.15,13,64,0,0.0
g_n40_e80_k2_low_00,g_n40_e80_k2_low_00_p0,test,0.05,4,64,2,0.03125
g_n40_e80_k2_low_00,g_n40_e80_k2_low_00_p0,test,0.1,8,64,9,0.140625
g_n40_e80_k2_low_00,g_n40_e80_k2_low_00_p0,test,0.15,12,64,15,0.234375
g_n40_e80_k2_low_00,g_n40_e80_k2_low_00_p4,test,0.05,4,64,3,0.046875
g_n40_e80_k2_low_00,g_n40_e80_k2_low_00_p4,test,0.1,8,64,12,0.1875
g_n40_e80_k2_low_00,g_n40_e80_k2_low_00_p4,test,0.15,12,64,23,0.359375
g_n40_e80_k2_low_00,g_n40_e80_k2_low_00_p8,test,0.05,4,64,19,0.296875
g_n40_e80_k2_low_00,g_n40_e80_k2_low_00_p8,test,0.1,8,64,30,0.46875
g_n40_e80_k2_low_00,g_n40_e80_k2_low_00_p8,test,0.15,11,64,38,0.59375
g_n40_e80_k2_low_01,g_n40_e80_k2_low_01_p0,train,0.05,4,64,0,0.0
g_n40_e80_k2_low_01,g_n40_e80_k2_low_01_p0,train,0.1,8,64,6,0.09375
g_n40_e80_k2_low_01,g_n40_e80_k2_low_01_p0,train,0.15,12,64,22,0.34375
g_n40_e80_k2_low_01,g_n40_e80_k2_low_01_p4,train,0.05,4,64,7,0.109375
g_n40_e80_k2_low_01,g_n40_e80_k2_low_01_p4,train,0.1,8,64,18,0.28125
g_n40_e80_k2_low_01,g_n40_e80_k2_low_01_p4,train,0.15,12,64,41,0.640625
g_n40_e80_k2_low_01,g_n40_e80_k2_low_01_p8,train,0.05,4,64,11,0.171875
g_n40_e80_k2_low_01,g_n40_e80_k2_low_01_p8,train,0.1,8,64,19,0.296875
g_n40_e80_k2_low_01,g_n40_e80_k2_low_01_p8,train,0.15,11,64,33,0.515625
g_n40_e80_k2_low_02,g_n40_e80_k2_low_02_p0,validation,0.05,4,64,1,0.015625
g_n40_e80_k2_low_02,g_n40_e80_k2_low_02_p0,validation,0.1,8,64,10,0.15625
g_n40_e80_k2_low_02,g_n40_e80_k2_low_02_p0,validation,0.15,12,64,22,0.34375
g_n40_e80_k2_low_02,g_n40_e80_k2_low_02_p4,validation,0.05,4,64,5,0.078125
g_n40_e80_k2_low_02,g_n40_e80_k2_low_02_p4,validation,0.1,8,64,11,0.171875
g_n40_e80_k2_low_02,g_n40_e80_k2_low_02_p4,validation,0.15,12,64,24,0.375
g_n40_e80_k2_low_03,g_n40_e80_k2_low_03_p0,train,0.05,4,64,0,0.0
g_n40_e80_k2_low_03,g_n40_e80_k2_low_03_p0,train,0.1,8,64,4,0.0625
g_n40_e80_k2_low_03,g_n40_e80_k2_low_03_p0,train,0.15,12,64,10,0.15625
g_n40_e80_k2_low_03,g_n40_e80_k2_low_03_p4,train,0.05,4,64,4,0.0625
g_n40_e80_k2_low_03,g_n40_e80_k2_low_03_p4,train,0.1,8,64,14,0.21875
g_n40_e80_k2_low_03,g_n40_e80_k2_low_03_p4,train,0.15,12,64,24,0.375
g_n40_e80_k2_low_04,g_n40_e80_k2_low_04_p0,train,0.05,4,64,2,0.03125
g_n40_e80_k2_low_04,g_n40_e80_k2_low_04_p0,train,0.1,8,64,8,0.125
g_n40_e80_k2_low_04,g_n40_e80_k2_low_04_p0,train,0.15,12,64,17,0.265625
g_n40_e80_k2_low_04,g_n40_e80_k2_low_04_p4,train,0.05,4,64,8,0.125
g_n40_e80_k2_low_04,g_n40_e80_k2_low_04_p4,train,0.1,8,64,19,0.296875
g_n40_e80_k2_low_04,g_n40_e80_k2_low_04_p4,train,0.15,12,64,31,0.484375
g_n40_e80_k2_low_04,g_n40_e80_k2_low_04_p8,train,0.05,4,64,9,0.140625
g_n40_e80_k2_low_04,g_n40_e80_k2_low_04_p8,train,0.1,8,64,23,0.359375
g_n40_e80_k2_low_04,g_n40_e80_k2_low_04_p8,train,0.15,11,64,35,0.546875
g_n40_e80_k2_low_05,g_n40_e80_k2_low_05_p0,train,0.05,4,64,1,0.015625
g_n40_e80_k2_low_05,g_n40_e80_k2_low_05_p0,train,0.1,8,64,5,0.078125
g_n40_e80_k2_low_05,g_n40_e80_k2_low_05_p0,train,0.15,12,64,13,0.203125
g_n40_e80_k2_low_05,g_n40_e80_k2_low_05_p4,train,0.05,4,64,0,0.0
g_n40_e80_k2_low_05,g_n40_e80_k2_low_05_p4,train,0.1,8,64,8,0.125
g_n40_e80_k2_low_05,g_n40_e80_k2_low_05_p4,train,0.15,12,64,26,0.40625
g_n40_e80_k2_low_05,g_n40_e80_k2_low_05_p8,train,0.05,4,64,8,0.125
g_n40_e80_k2_low_05,g_n40_e80_k2_low_05_p8,train,0.1,8,64,27,0.421875
g_n40_e80_k2_low_05,g_n40_e80_k2_low_05_p8,train,0.15,11,64,37,0.578125
g_n40_e80_k2_low_06,g_n40_e80_k2_low_06_p0,train,0.05,4,64,1,0.015625
g_n40_e80_k2_low_06,g_n40_e80_k2_low_06_p0,train,0.1,8,64,13,0.203125
g_n40_e80_k2_low_06,g_n40_e80_k2_low_06_p0,train,0.15,12,64,21,0.328125
g_n40_e80_k2_low_06,g_n40_e80_k2_low_06_p4,train,0.05,4,64,4,0.0625
g_n40_e80_k2_low_06,g_n40_e80_k2_low_06_p4,train,0.1,8,64,14,0.21875
g_n40_e80_k2_low_06,g_n40_e80_k2_low_06_p4,train,0.15,12,64,26,0.40625
g_n40_e80_k2_low_06,g_n40_e80_k2_low_06_p8,train,0.05,4,64,14,0.21875
g_n40_e80_k2_low_06,g_n40_e80_k2_low_06_p8,train,0.1,8,64,26,0.40625
g_n40_e80_k2_low_06,g_n40_e80_k2_low_06_p8,train,0.15,11,64,42,0.65625
g_n40_e80_k2_low_07,g_n40_e80_k2_low_07_p0,train,0.05,4,64,2,0.03125
g_n40_e80_k2_low_07,g_n40_e80_k2_low_07_p0,train,0.1,8,64,7,0.109375
g_n40_e80_k2_low_07,g_n40_e80_k2_low_07_p0,train,0.15,12,64,19,0.296875
g_n40_e80_k2_low_07,g_n40_e80_k2_low_07_p4,train,0.05,4,64,3,0.046875
g_n40_e80_k2_low_07,g_n40_e80_k2_low_07_p4,train,0.1,8,64,15,0.234375
g_n40_e80_k2_low_07,g_n40_e80_k2_low_07_p4,train,0.15,12,64,24,0.375
g_n40_e80_k2_low_07,g_n40_e80_k2_low_07_p8,train,0.05,4,64,0,0.0
g_n40_e80_k2_low_07,g_n40_e80_k2_low_07_p8,train,0.1,8,64,10,0.15625
g_n40_e80_k2_low_07,g_n40_e80_k2_low_07_p8,train,0.15,11,64,17,0.265625
g_n40_e80_k2_low_08,g_n40_e80_k2_low_08_p0,validation,0.05,4,64,1,0.015625
g_n40_e80_k2_low_08,g_n40_e80_k2_low_08_p0,validation,0.1,8,64,6,0.09375
g_n40_e80_k2_low_08,g_n40_e80_k2_low_08_p0,validation,0.15,12,64,12,0.1875
g_n40_e80_k2_low_08,g_n40_e80_k2_low_08_p4,validation,0.05,4,64,0,0.0
g_n40_e80_k2_low_08,g_n40_e80_k2_low_08_p4,validation,0.1,8,64,10,0.15625
g_n40_e80_k2_low_08,g_n40_e80_k2_low_08_p4,validation,0.15,12,64,21,0.328125
g_n40_e80_k2_low_08,g_n40_e80_k2_low_08_p8,validation,0.05,4,64,11,0.171875
g_n40_e80_k2_low_08,g_n40_e80_k2_low_08_p8,validation,0.1,8,64,21,0.328125
g_n40_e80_k2_low_08,g_n40_e80_k2_low_08_p8,validation,0.15,11,64,32,0.5
g_n40_e80_k2_low_09,g_n40_e80_k2_low_09_p0,test,0.05,4,64,1,0.015625
g_n40_e80_k2_low_09,g_n40_e80_k2_low_09_p0,test,0.1,8,64,8,0.125
g_n40_e80_k2_low_09,g_n40_e80_k2_low_09_p0,test,0.15,12,64,18,0.28125
g_n40_e80_k2_low_09,g_n40_e80_k2_low_09_p4,test,0.05,4,64,4,0.0625
g_n40_e80_k2_low_09,g_n40_e80_k2_low_09_p4,test,0.1,8,64,18,0.28125
g_n40_e80_k2_low_09,g_n40_e80_k2_low_09_p4,test,0.15,12,64,29,0.453125
g_n40_e80_k2_low_09,g_n40_e80_k2_low_09_p8,test,0.05,4,64,9,0.140625
g_n40_e80_k2_low_09,g_n40_e80_k2_low_09_p8,test,0.1,8,64,20,0.3125
g_n40_e80_k2_low_09,g_n40_e80_k2_low_09_p8,test,0.15,11,64,32,0.5
g_n40_e80_k2_mid_10,g_n40_e80_k2_mid_10_p0,train,0.05,4,64,1,0.015625
g_n40_e80_k2_mid_10,g_n40_e80_k2_mid_10_p0,train,0.1,8,64,3,0.046875
g_n40_e80_k2_mid_10,g_n40_e80_k2_mid_10_p0,train,0.15,12,64,8,0.125
g_n40_e80_k2_mid_10,g_n40_e80_k2_mid_10_p4,train,0.05,4,64,1,0.015625
g_n40_e80_k2_mid_10,g_n40_e80_k2_mid_10_p4,train,0.1,8,64,4,0.0625
g_n40_e80_k2_mid_10,g_n40_e80_k2_mid_10_p4,train,0.15,12,64,15,0.234375
g_n40_e80_k2_mid_10,g_n40_e80_k2_mid_10_p8,train,0.05,4,64,13,0.203125
g_n40_e80_k2_mid_10,g_n40_e80_k2_mid_10_p8,train,0.1,8,64,25,0.390625
g_n40_e80_k2_mid_10,g_n40_e80_k2_mid_10_p8,train,0.15,11,64,32,0.5
g_n40_e80_k2_mid_11,g_n40_e80_k2_mid_11_p0,validation,0.05,4,64,3,0.046875
g_n40_e80_k2_mid_11,g_n40_e80_k2_mid_11_p0,validation,0.1,8,64,7,0.109375
g_n40_e80_k2_mid_11,g_n40_e80_k2_mid_11_p0,validation,0.15,12,64,14,0.21875
g_n40_e80_k2_mid_11,g_n40_e80_k2_mid_11_p4,validation,0.05,4,64,9,0.140625
g_n40_e80_k2_mid_11,g_n40_e80_k2_mid_11_p4,validation,0.1,8,64,24,0.375
g_n40_e80_k2_mid_11,g_n40_e80_k2_mid_11_p4,validation,0.15,12,64,37,0.578125
g_n40_e80_k2_mid_11,g_n40_e80_k2_mid_11_p8,validation,0.05,4,64,14,0.21875
g_n40_e80_k2_mid_11,g_n40_e80_k2_mid_11_p8,validation,0.1,8,64,25,0.390625
g_n40_e80_k2_mid_11,g_n40_e80_k2_mid_11_p8,validation,0.15,11,64,33,0.515625
g_n40_e80_k2_mid_12,g_n40_e80_k2_mid_12_p0,train,0.05,4,64,2,0.03125
g_n40_e80_k2_mid_12,g_n40_e80_k2_mid_12_p0,train,0.1,8,64,3,0.046875
g_n40_e80_k2_mid_12,g_n40_e80_k2_mid_12_p0,train,0.15,12,64,11,0.171875
g_n40_e80_k2_mid_12,g_n40_e80_k2_mid_12_p4,train,0.05,4,64,5,0.078125
g_n40_e80_k2_mid_12,g_n40_e80_k2_mid_12_p4,train,0.1,8,64,9,0.140625
g_n40_e80_k2_mid_12,g_n40_e80_k2_mid_12_p4,train,0.15,12,64,15,0.234375
g_n40_e80_k2_mid_12,g_n40_e80_k2_mid_12_p8,train,0.05,4,64,9,0.140625
g_n40_e80_k2_mid_12,g_n40_e80_k2_mid_12_p8,train,0.1,8,64,17,0.265625
g_n40_e80_k2_mid_12,g_n40_e80_k2_mid_12_p8,train,0.15,11,64,30,0.46875
g_n40_e80_k2_mid_13,g_n40_e80_k2_mid_13_p0,test,0.05,4,64,1,0.015625
g_n40_e80_k2_mid_13,g_n40_e80_k2_mid_13_p0,test,0.1,8,64,3,0.046875
g_n40_e80_k2_mid_13,g_n40_e80_k2_mid_13_p0,test,0.15,12,64,9,0.140625
g_n40_e80_k2_mid_13,g_n40_e80_k2_mid_13_p4,test,0.05,4,64,9,0.140625
g_n40_e80_k2_mid_13,g_n40_e80_k2_mid_13_p4,test,0.1,8,64,19,0.296875
g_n40_e80_k2_mid_13,g_n40_e80_k2_mid_13_p4,test,0.15,12,64,32,0.5
g_n40_e80_k2_mid_13,g_n40_e80_k2_mid_13_p8,test,0.05,4,64,9,0.140625
g_n40_e80_k2_mid_13,g_n40_e80_k2_mid_13_p8,test,0.1,8,64,21,0.328125
g_n40_e80_k2_mid_13,g_n40_e80_k2_mid_13_p8,test,0.15,11,64,34,0.53125
g_n40_e80_k2_mid_14,g_n40_e80_k2_mid_14_p0,train,0.05,4,64,0,0.0
g_n40_e80_k2_mid_14,g_n40_e80_k2_mid_14_p0,train,0.1,8,64,2,0.03125
g_n40_e80_k2_mid_14,g_n40_e80_k2_mid_14_p0,train,0.15,12,64,10,0.15625
g_n40_e80_k2_mid_15,g_n40_e80_k2_mid_15_p0,train,0.05,4,64,0,0.0
g_n40_e80_k2_mid_15,g_n40_e80_k2_mid_15_p0,train,0.1,8,64,7,0.109375
g_n40_e80_k2_mid_15,g_n40_e80_k2_mid_15_p0,train,0.15,12,64,21,0.328125
g_n40_e80_k2_mid_15,g_n40_e80_k2_mid_15_p4,train,0.05,4,64,6,0.09375
g_n40_e80_k2_mid_15,g_n40_e80_k2_mid_15_p4,train,0.1,8,64,18,0.28125
g_n40_e80_k2_mid_15,g_n40_e80_k2_mid_15_p4,train,0.15,12,64,38,0.59375
g_n40_e80_k2_mid_15,g_n40_e80_k2_mid_15_p8,train,0.05,4,64,23,0.359375
g_n40_e80_k2_mid_15,g_n40_e80_k2_mid_15_p8,train,0.1,8,64,31,0.484375
g_n40_e80_k2_mid_15,g_n40_e80_k2_mid_15_p8,train,0.15,11,64,46,0.71875
g_n40_e80_k2_mid_16,g_n40_e80_k2_mid_16_p0,validation,0.05,4,64,2,0.03125
g_n40_e80_k2_mid_16,g_n40_e80_k2_mid_16_p0,validation,0.1,8,64,8,0.125
g_n40_e80_k2_mid_16,g_n40_e80_k2_mid_16_p0,validation,0.15,12,64,12,0.1875
g_n40_e80_k2_mid_16,g_n40_e80_k2_mid_16_p4,validation,0.05,4,64,2,0.03125
g_n40_e80_k2_mid_16,g_n40_e80_k2_mid_16_p4,validation,0.1,8,64,3,0.046875
g_n40_e80_k2_mid_16,g_n40_e80_k2_mid_16_p4,validation,0.15,12,64,11,0.171875
g_n40_e80_k2_mid_16,g_n40_e80_k2_mid_16_p8,validation,0.05,4,64,6,0.09375
g_n40_e80_k2_mid_16,g_n40_e80_k2_mid_16_p8,validation,0.1,8,64,15,0.234375
g_n40_e80_k2_mid_16,g_n40_e80_k2_mid_16_p8,validation,0.15,11,64,27,0.421875
g_n40_e80_k2_mid_17,g_n40_e80_k2_mid_17_p0,train,0.05,4,64,1,0.015625
g_n40_e80_k2_mid_17,g_n40_e80_k2_mid_17_p0,train,0.1,8,64,5,0.078125
g_n40_e80_k2_mid_17,g_n40_e80_k2_mid_17_p0,train,0.15,12,64,16,0.25
g_n40_e80_k2_mid_17,g_n40_e80_k2_mid_17_p4,train,0.05,4,64,6,0.09375
g_n40_e80_k2_mid_17,g_n40_e80_k2_mid_17_p4,train,0.1,8,64,19,0.296875
g_n40_e80_k2_mid_17,g_n40_e80_k2_mid_17_p4,train,0.15,12,64,34,0.53125
g_n40_e80_k2_mid_18,g_n40_e80_k2_mid_18_p0,test,0.05,4,64,0,0.0
g_n40_e80_k2_mid_18,g_n40_e80_k2_mid_18_p0,test,0.1,8,64,7,0.109375
g_n40_e80_k2_mid_18,g_n40_e80_k2_mid_18_p0,test,0.15,12,64,15,0.234375
g_n40_e80_k2_mid_18,g_n40_e80_k2_mid_18_p4,test,0.05,4,64,7,0.109375
g_n40_e80_k2_mid_18,g_n40_e80_k2_mid_18_p4,test,0.1,8,64,12,0.1875
g_n40_e80_k2_mid_18,g_n40_e80_k2_mid_18_p4,test,0.15,12,64,23,0.359375
g_n40_e80_k2_mid_18,g_n40_e80_k2_mid_18_p8,test,0.05,4,64,8,0.125
g_n40_e80_k2_mid_18,g_n40_e80_k2_mid_18_p8,test,0.1,8,64,19,0.296875
g_n40_e80_k2_mid_18,g_n40_e80_k2_mid_18_p8,test,0.15,11,64,26,0.40625
g_n40_e80_k2_mid_19,g_n40_e80_k2_mid_19_p0,train,0.05,4,64,0,0.0
g_n40_e80_k2_mid_19,g_n40_e80_k2_mid_19_p0,train,0.1,8,64,7,0.109375
g_n40_e80_k2_mid_19,g_n40_e80_k2_mid_19_p0,train,0.15,12,64,15,0.234375
g_n40_e80_k2_mid_19,g_n40_e80_k2_mid_19_p4,train,0.05,4,64,3,0.046875
g_n40_e80_k2_mid_19,g_n40_e80_k2_mid_19_p4,train,0.1,8,64,8,0.125
g_n40_e80_k2_mid_19,g_n40_e80_k2_mid_19_p4,train,0.15,12,64,23,0.359375
g_n40_e80_k2_mid_19,g_n40_e80_k2_mid_19_p8,train,0.05,4,64,14,0.21875
g_n40_e80_k2_mid_19,g_n40_e80_k2_mid_19_p8,train,0.1,8,64,32,0.5
g_n40_e80_k2_mid_19,g_n40_e80_k2_mid_19_p8,train,0.15,11,64,46,0.71875
g_n40_e80_k2_high_20,g_n40_e80_k2_high_20_p0,train,0.05,4,64,1,0.015625
g_n40_e80_k2_high_20,g_n40_e80_k2_high_20_p0,train,0.1,8,64,2,0.03125
g_n40_e80_k2_high_20,g_n40_e80_k2_high_20_p0,train,0.15,12,64,6,0.09375
g_n40_e80_k2_high_20,g_n40_e80_k2_high_20_p4,train,0.05,4,64,3,0.046875
g_n40_e80_k2_high_20,g_n40_e80_k2_high_20_p4,train,0.1,8,64,10,0.15625
g_n40_e80_k2_high_20,g_n40_e80_k2_high_20_p4,train,0.15,12,64,21,0.328125
g_n40_e80_k2_high_20,g_n40_e80_k2_high_20_p8,train,0.05,4,64,5,0.078125
g_n40_e80_k2_high_20,g_n40_e80_k2_high_20_p8,train,0.1,8,64,16,0.25
g_n40_e80_k2_high_20,g_n40_e80_k2_high_20_p8,train,0.15,11,64,21,0.328125
g_n40_e80_k2_high_21,g_n40_e80_k2_high_21_p0,train,0.05,4,64,0,0.0
g_n40_e80_k2_high_21,g_n40_e80_k2_high_21_p0,train,0.1,8,64,6,0.09375
g_n40_e80_k2_high_21,g_n40_e80_k2_high_21_p0,train,0.15,12,64,10,0.15625
g_n40_e80_k2_high_21,g_n40_e80_k2_high_21_p4,train,0.05,4,64,1,0.015625
g_n40_e80_k2_high_21,g_n40_e80_k2_high_21_p4,train,0.1,8,64,12,0.1875
g_n40_e80_k2_high_21,g_n40_e80_k2_high_21_p4,train,0.15,12,64,20,0.3125
g_n40_e80_k2_high_21,g_n40_e80_k2_high_21_p8,train,0.05,4,64,2,0.03125
g_n40_e80_k2_high_21,g_n40_e80_k2_high_21_p8,train,0.1,8,64,8,0.125
g_n40_e80_k2_high_21,g_n40_e80_k2_high_21_p8,train,0.15,11,64,15,0.234375
g_n40_e80_k2_high_22,g_n40_e80_k2_high_22_p0,test,0.05,4,64,1,0.015625
g_n40_e80_k2_high_22,g_n40_e80_k2_high_22_p0,test,0.1,8,64,4,0.0625
g_n40_e80_k2_high_22,g_n40_e80_k2_high_22_p0,test,0.15,12,64,9,0.140625
g_n40_e80_k2_high_22,g_n40_e80_k2_high_22_p4,test,0.05,4,64,3,0.046875
g_n40_e80_k2_high_22,g_n40_e80_k2_high_22_p4,test,0.1,8,64,8,0.125
g_n40_e80_k2_high_22,g_n40_e80_k2_high_22_p4,test,0.15,12,64,14,0.21875
g_n40_e80_k2_high_22,g_n40_e80_k2_high_22_p8,test,0.05,4,64,8,0.125
g_n40_e80_k2_high_22,g_n40_e80_k2_high_22_p8,test,0.1,8,64,20,0.3125
g_n40_e80_k2_high_22,g_n40_e80_k2_high_22_p8,test,0.15,11,64,30,0.46875
g_n40_e80_k2_high_23,g_n40_e80_k2_high_23_p0,train,0.05,4,64,1,0.015625
g_n40_e80_k2_high_23,g_n40_e80_k2_high_23_p0,train,0.1,8,64,8,0.125
g_n40_e80_k2_high_23,g_n40_e80_k2_high_23_p0,train,0.15,12,64,10,0.15625
g_n40_e80_k2_high_23,g_n40_e80_k2_high_23_p4,train,0.05,4,64,0,0.0
g_n40_e80_k2_high_23,g_n40_e80_k2_high_23_p4,train,0.1,8,64,8,0.125
g_n40_e80_k2_high_23,g_n40_e80_k2_high_23_p4,train,0.15,12,64,19,0.296875
g_n40_e80_k2_high_23,g_n40_e80_k2_high_23_p8,train,0.05,4,64,6,0.09375
g_n40_e80_k2_high_23,g_n40_e80_k2_high_23_p8,train,0.1,8,64,15,0.234375
g_n40_e80_k2_high_23,g_n40_e80_k2_high_23_p8,train,0.15,11,64,23,0.359375
g_n40_e80_k2_high_24,g_n40_e80_k2_high_24_p0,validation,0.05,4,64,1,0.015625
g_n40_e80_k2_high_24,g_n40_e80_k2_high_24_p0,validation,0.1,8,64,3,0.046875
g_n40_e80_k2_high_24,g_n40_e80_k2_high_24_p0,validation,0.15,12,64,7,0.109375
g_n40_e80_k2_high_24,g_n40_e80_k2_high_24_p4,validation,0.05,4,64,1,0.015625
g_n40_e80_k2_high_24,g_n40_e80_k2_high_24_p4,validation,0.1,8,64,3,0.046875
g_n40_e80_k2_high_24,g_n40_e80_k2_high_24_p4,validation,0.15,12,64,8,0.125
g_n40_e80_k2_high_24,g_n40_e80_k2_high_24_p8,validation,0.05,4,64,2,0.03125
g_n40_e80_k2_high_24,g_n40_e80_k2_high_24_p8,validation,0.1,8,64,14,0.21875
g_n40_e80_k2_high_24,g_n40_e80_k2_high_24_p8,validation,0.15,11,64,23,0.359375
g_n40_e80_k2_high_25,g_n40_e80_k2_high_25_p0,train,0.05,4,64,1,0.015625
g_n40_e80_k2_high_25,g_n40_e80_k2_high_25_p0,train,0.1,8,64,3,0.046875
g_n40_e80_k2_high_25,g_n40_e80_k2_high_25_p0,train,0.15,12,64,9,0.140625
g_n40_e80_k2_high_25,g_n40_e80_k2_high_25_p4,train,0.05,4,64,3,0.046875
g_n40_e80_k2_high_25,g_n40_e80_k2_high_25_p4,train,0.1,8,64,7,0.109375
g_n40_e80_k2_high_25,g_n40_e80_k2_high_25_p4,train,0.15,12,64,11,0.171875
g_n40_e80_k2_high_25,g_n40_e80_k2_high_25_p8,train,0.05,4,64,10,0.15625
g_n40_e80_k2_high_25,g_n40_e80_k2_high_25_p8,train,0.1,8,64,20,0.3125
g_n40_e80_k2_high_25,g_n40_e80_k2_high_25_p8,train,0.15,11,64,26,0.40625
g_n40_e80_k2_high_26,g_n40_e80_k2_high_26_p0,test,0.05,4,64,0,0.0
g_n40_e80_k2_high_26,g_n40_e80_k2_high_26_p0,test,0.1,8,64,2,0.03125
g_n40_e80_k2_high_26,g_n40_e80_k2_high_26_p0,test,0.15,12,64,6,0.09375
g_n40_e80_k2_high_26,g_n40_e80_k2_high_26_p4,test,0.05,4,64,0,0.0
g_n40_e80_k2_high_26,g_n40_e80_k2_high_26_p4,test,0.1,8,64,3,0.046875
g_n40_e80_k2_high_26,g_n40_e80_k2_high_26_p4,test,0.15,12,64,13,0.203125
g_n40_e80_k2_high_26,g_n40_e80_k2_high_26_p8,test,0.05,4,64,1,0.015625
g_n40_e80_k2_high_26,g_n40_e80_k2_high_26_p8,test,0.1,8,64,7,0.109375
g_n40_e80_k2_high_26,g_n40_e80_k2_high_26_p8,test,0.15,11,64,14,0.21875
g_n40_e80_k2_high_27,g_n40_e80_k2_high_27_p0,train,0.05,4,64,1,0.015625
g_n40_e80_k2_high_27,g_n40_e80_k2_high_27_p0,train,0.1,8,64,7,0.109375
g_n40_e80_k2_high_27,g_n40_e80_k2_high_27_p0,train,0.15,12,64,14,0.21875
g_n40_e80_k2_high_27,g_n40_e80_k2_high_27_p4,train,0.05,4,64,0,0.0
g_n40_e80_k2_high_27,g_n40_e80_k2_high_27_p4,train,0.1,8,64,6,0.09375
g_n40_e80_k2_high_27,g_n40_e80_k2_high_27_p4,train,0.15,12,64,9,0.140625
g_n40_e80_k2_high_27,g_n40_e80_k2_high_27_p8,train,0.05,4,64,3,0.046875
g_n40_e80_k2_high_27,g_n40_e80_k2_high_27_p8,train,0.1,8,64,8,0.125
g_n40_e80_k2_high_27,g_n40_e80_k2_high_27_p8,train,0.15,11,64,12,0.1875
g_n40_e80_k2_high_28,g_n40_e80_k2_high_28_p0,train,0.05,4,64,0,0.0
g_n40_e80_k2_high_28,g_n40_e80_k2_high_28_p0,train,0.1,8,64,4,0.0625
g_n40_e80_k2_high_28,g_n40_e80_k2_high_28_p0,train,0.15,12,64,12,0.1875
g_n40_e80_k2_high_28,g_n40_e80_k2_high_28_p4,train,0.05,4,64,6,0.09375
g_n40_e80_k2_high_28,g_n40_e80_k2_high_28_p4,train,0.1,8,64,10,0.15625
g_n40_e80_k2_high_28,g_n40_e80_k2_high_28_p4,train,0.15,12,64,21,0.328125
g_n40_e80_k2_high_28,g_n40_e80_k2_high_28_p8,train,0.05,4,64,1,0.015625
g_n40_e80_k2_high_28,g_n40_e80_k2_high_28_p8,train,0.1,8,64,6,0.09375
g_n40_e80_k2_high_28,g_n40_e80_k2_high_28_p8,train,0.15,11,64,19,0.296875
g_n40_e80_k2_high_29,g_n40_e80_k2_high_29_p0,validation,0.05,4,64,0,0.0
g_n40_e80_k2_high_29,g_n40_e80_k2_high_29_p0,validation,0.1,8,64,1,0.015625
g_n40_e80_k2_high_29,g_n40_e80_k2_high_29_p0,validation,0.15,12,64,6,0.09375
g_n40_e80_k2_high_29,g_n40_e80_k2_high_29_p4,validation,0.05,4,64,6,0.09375
g_n40_e80_k2_high_29,g_n40_e80_k2_high_29_p4,validation,0.1,8,64,17,0.265625
g_n40_e80_k2_high_29,g_n40_e80_k2_high_29_p4,validation,0.15,12,64,21,0.328125
g_n40_e80_k2_high_29,g_n40_e80_k2_high_29_p8,validation,0.05,4,64,2,0.03125
g_n40_e80_k2_high_29,g_n40_e80_k2_high_29_p8,validation,0.1,8,64,7,0.109375
g_n40_e80_k2_high_29,g_n40_e80_k2_high_29_p8,validation,0.15,11,64,15,0.234375
g_n40_e80_k3_low_00,g_n40_e80_k3_low_00_p0,validation,0.05,4,64,0,0.0
g_n40_e80_k3_low_00,g_n40_e80_k3_low_00_p0,validation,0.1,8,64,1,0.015625
g_n40_e80_k3_low_00,g_n40_e80_k3_low_00_p0,validation,0.15,12,64,4,0.0625
g_n40_e80_k3_low_00,g_n40_e80_k3_low_00_p4,validation,0.05,4,64,1,0.015625
g_n40_e80_k3_low_00,g_n40_e80_k3_low_00_p4,validation,0.1,8,64,3,0.046875
g_n40_e80_k3_low_00,g_n40_e80_k3_low_00_p4,validation,0.15,12,64,7,0.109375
g_n40_e80_k3_low_00,g_n40_e80_k3_low_00_p8,validation,0.05,4,64,1,0.015625
g_n40_e80_k3_low_00,g_n40_e80_k3_low_00_p8,validation,0.1,8,64,5,0.078125
g_n40_e80_k3_low_00,g_n40_e80_k3_low_00_p8,validation,0.15,11,64,12,0.1875
g_n40_e80_k3_low_01,g_n40_e80_k3_low_01_p0,train,0.05,4,64,0,0.0
g_n40_e80_k3_low_01,g_n40_e80_k3_low_01_p0,train,0.1,8,64,0,0.0
g_n40_e80_k3_low_01,g_n40_e80_k3_low_01_p0,train,0.15,12,64,1,0.015625
g_n40_e80_k3_low_01,g_n40_e80_k3_low_01_p4,train,0.05,4,64,1,0.015625
g_n40_e80_k3_low_01,g_n40_e80_k3_low_01_p4,train,0.1,8,64,3,0.046875
g_n40_e80_k3_low_01,g_n40_e80_k3_low_01_p4,train,0.15,12,64,6,0.09375
g_n40_e80_k3_low_01,g_n40_e80_k3_low_01_p8,train,0.05,4,64,0,0.0
g_n40_e80_k3_low_01,g_n40_e80_k3_low_01_p8,train,0.1,8,64,2,0.03125
g_n40_e80_k3_low_01,g_n40_e80_k3_low_01_p8,train,0.15,11,64,7,0.109375
g_n40_e80_k3_low_02,g_n40_e80_k3_low_02_p0,train,0.05,4,64,1,0.015625
g_n40_e80_k3_low_02,g_n40_e80_k3_low_02_p0,train,0.1,8,64,1,0.015625
g_n40_e80_k3_low_02,g_n40_e80_k3_low_02_p0,train,0.15,12,64,3,0.046875
g_n40_e80_k3_low_02,g_n40_e80_k3_low_02_p4,train,0.05,4,64,0,0.0
g_n40_e80_k3_low_02,g_n40_e80_k3_low_02_p4,train,0.1,8,64,1,0.015625
g_n40_e80_k3_low_02,g_n40_e80_k3_low_02_p4,train,0.15,12,64,7,0.109375
g_n40_e80_k3_low_02,g_n40_e80_k3_low_02_p8,train,0.05,4,64,7,0.109375
g_n40_e80_k3_low_02,g_n40_e80_k3_low_02_p8,train,0.1,8,64,18,0.28125
g_n40_e80_k3_low_02,g_n40_e80_k3_low_02_p8,train,0.15,11,64,28,0.4375
g_n40_e80_k3_low_03,g_n40_e80_k3_low_03_p0,test,0.05,4,64,0,0.0
g_n40_e80_k3_low_03,g_n40_e80_k3_low_03_p0,test,0.1,8,64,3,0.046875
g_n40_e80_k3_low_03,g_n40_e80_k3_low_03_p0,test,0.15,12,64,6,0.09375
g_n40_e80_k3_low_03,g_n40_e80_k3_low_03_p4,test,0.05,4,64,1,0.015625
g_n40_e80_k3_low_03,g_n40_e80_k3_low_03_p4,test,0.1,8,64,5,0.078125
g_n40_e80_k3_low_03,g_n40_e80_k3_low_03_p4,test,0.15,12,64,14,0.21875
g_n40_e80_k3_low_03,g_n40_e80_k3_low_03_p8,test,0.05,4,64,1,0.015625
g_n40_e80_k3_low_03,g_n40_e80_k3_low_03_p8,test,0.1,8,64,3,0.046875
g_n40_e80_k3_low_03,g_n40_e80_k3_low_03_p8,test,0.15,11,64,12,0.1875
g_n40_e80_k3_low_04,g_n40_e80_k3_low_04_p0,train,0.05,4,64,0,0.0
g_n40_e80_k3_low_04,g_n40_e80_k3_low_04_p0,train,0.1,8,64,1,0.015625
g_n40_e80_k3_low_04,g_n40_e80_k3_low_04_p0,train,0.15,12,64,3,0.046875
g_n40_e80_k3_low_04,g_n40_e80_k3_low_04_p4,train,0.05,4,64,0,0.0
g_n40_e80_k3_low_04,g_n40_e80_k3_low_04_p4,train,0.1,8,64,3,0.046875
g_n40_e80_k3_low_04,g_n40_e80_k3_low_04_p4,train,0.15,12,64,8,0.125
g_n40_e80_k3_low_04,g_n40_e80_k3_low_04_p8,train,0.05,4,64,5,0.078125
g_n40_e80_k3_low_04,g_n40_e80_k3_low_04_p8,train,0.1,8,64,11,0.171875
g_n40_e80_k3_low_04,g_n40_e80_k3_low_04_p8,train,0.15,11,64,17,0.265625
g_n40_e80_k3_low_05,g_n40_e80_k3_low_05_p0,train,0.05,4,64,0,0.0
g_n40_e80_k3_low_05,g_n40_e80_k3_low_05_p0,train,0.1,8,64,1,0.015625
g_n40_e80_k3_low_05,g_n40_e80_k3_low_05_p0,train,0.15,12,64,5,0.078125
g_n40_e80_k3_low_05,g_n40_e80_k3_low_05_p4,train,0.05,4,64,0,0.0
g_n40_e80_k3_low_05,g_n40_e80_k3_low_05_p4,train,0.1,8,64,2,0.03125
g_n40_e80_k3_low_05,g_n40_e80_k3_low_05_p4,train,0.15,12,64,10,0.15625
g_n40_e80_k3_low_05,g_n40_e80_k3_low_05_p8,train,0.05,4,64,1,0.015625
g_n40_e80_k3_low_05,g_n40_e80_k3_low_05_p8,train,0.1,8,64,7,0.109375
g_n40_e80_k3_low_05,g_n40_e80_k3_low_05_p8,train,0.15,11,64,13,0.203125
g_n40_e80_k3_low_06,g_n40_e80_k3_low_06_p0,validation,0.05,4,64,0,0.0
g_n40_e80_k3_low_06,g_n40_e80_k3_low_06_p0,validation,0.1,8,64,1,0.015625
g_n40_e80_k3_low_06,g_n40_e80_k3_low_06_p0,validation,0.15,12,64,1,0.015625
g_n40_e80_k3_low_06,g_n40_e80_k3_low_06_p4,validation,0.05,4,64,0,0.0
g_n40_e80_k3_low_06,g_n40_e80_k3_low_06_p4,validation,0.1,8,64,2,0.03125
g_n40_e80_k3_low_06,g_n40_e80_k3_low_06_p4,validation,0.15,12,64,6,0.09375
g_n40_e80_k3_low_06,g_n40_e80_k3_low_06_p8,validation,0.05,4,64,1,0.015625
g_n40_e80_k3_low_06,g_n40_e80_k3_low_06_p8,validation,0.1,8,64,7,0.109375
g_n40_e80_k3_low_06,g_n40_e80_k3_low_06_p8,validation,0.15,11,64,13,0.203125
g_n40_e80_k3_low_07,g_n40_e80_k3_low_07_p0,train,0.05,4,64,0,0.0
g_n40_e80_k3_low_07,g_n40_e80_k3_low_07_p0,train,0.1,8,64,1,0.015625
g_n40_e80_k3_low_07,g_n40_e80_k3_low_07_p0,train,0.15,12,64,3,0.046875
g_n40_e80_k3_low_07,g_n40_e80_k3_low_07_p4,train,0.05,4,64,0,0.0
g_n40_e80_k3_low_07,g_n40_e80_k3_low_07_p4,train,0.1,8,64,1,0.015625
g_n40_e80_k3_low_07,g_n40_e80_k3_low_07_p4,train,0.15,12,64,4,0.0625
g_n40_e80_k3_low_07,g_n40_e80_k3_low_07_p8,train,0.05,4,64,1,0.015625
g_n40_e80_k3_low_07,g_n40_e80_k3_low_07_p8,train,0.1,8,64,6,0.09375
g_n40_e80_k3_low_07,g_n40_e80_k3_low_07_p8,train,0.15,11,64,17,0.265625
g_n40_e80_k3_low_08,g_n40_e80_k3_low_08_p0,test,0.05,4,64,0,0.0
g_n40_e80_k3_low_08,g_n40_e80_k3_low_08_p0,test,0.1,8,64,0,0.0
g_n40_e80_k3_low_08,g_n40_e80_k3_low_08_p0,test,0.15,12,64,3,0.046875
g_n40_e80_k3_low_08,g_n40_e80_k3_low_08_p4,test,0.05,4,64,1,0.015625
g_n40_e80_k3_low_08,g_n40_e80_k3_low_08_p4,test,0.1,8,64,5,0.078125
g_n40_e80_k3_low_08,g_n40_e80_k3_low_08_p4,test,0.15,12,64,10,0.15625
g_n40_e80_k3_low_08,g_n40_e80_k3_low_08_p8,test,0.05,4,64,6,0.09375
g_n40_e80_k3_low_08,g_n40_e80_k3_low_08_p8,test,0.1,8,64,16,0.25
g_n40_e80_k3_low_08,g_n40_e80_k3_low_08_p8,test,0.15,11,64,26,0.40625
g_n40_e80_k3_low_09,g_n40_e80_k3_low_09_p0,train,0.05,4,64,0,0.0
g_n40_e80_k3_low_09,g_n40_e80_k3_low_09_p0,train,0.1,8,64,0,0.0
g_n40_e80_k3_low_09,g_n40_e80_k3_low_09_p0,train,0.15,12,64,5,0.078125
g_n40_e80_k3_low_09,g_n40_e80_k3_low_09_p4,train,0.05,4,64,1,0.015625
g_n40_e80_k3_low_09,g_n40_e80_k3_low_09_p4,train,0.1,8,64,2,0.03125
g_n40_e80_k3_low_09,g_n40_e80_k3_low_09_p4,train,0.15,12,64,10,0.15625
g_n40_e80_k3_low_09,g_n40_e80_k3_low_09_p8,train,0.05,4,64,4,0.0625
g_n40_e80_k3_low_09,g_n40_e80_k3_low_09_p8,train,0.1,8,64,10,0.15625
g_n40_e80_k3_low_09,g_n40_e80_k3_low_09_p8,train,0.15,11,64,14,0.21875
g_n40_e80_k3_mid_10,g_n40_e80_k3_mid_10_p0,validation,0.05,4,64,0,0.0
g_n40_e80_k3_mid_10,g_n40_e80_k3_mid_10_p0,validation,0.1,8,64,0,0.0
g_n40_e80_k3_mid_10,g_n40_e80_k3_mid_10_p0,validation,0.15,12,64,1,0.015625
g_n40_e80_k3_mid_10,g_n40_e80_k3_mid_10_p4,validation,0.05,4,64,0,0.0
g_n40_e80_k3_mid_10,g_n40_e80_k3_mid_10_p4,validation,0.1,8,64,2,0.03125
g_n40_e80_k3_mid_10,g_n40_e80_k3_mid_10_p4,validation,0.15,12,64,4,0.0625
g_n40_e80_k3_mid_10,g_n40_e80_k3_mid_10_p8,validation,0.05,4,64,0,0.0
g_n40_e80_k3_mid_10,g_n40_e80_k3_mid_10_p8,validation,0.1,8,64,3,0.046875
g_n40_e80_k3_mid_10,g_n40_e80_k3_mid_10_p8,validation,0.15,11,64,6,0.09375
g_n40_e80_k3_mid_11,g_n40_e80_k3_mid_11_p0,train,0.05,4,64,0,0.0
g_n40_e80_k3_mid_11,g_n40_e80_k3_mid_11_p0,train,0.1,8,64,2,0.03125
g_n40_e80_k3_mid_11,g_n40_e80_k3_mid_11_p0,train,0.15,12,64,5,0.078125
g_n40_e80_k3_mid_11,g_n40_e80_k3_mid_11_p4,train,0.05,4,64,0,0.0
g_n40_e80_k3_mid_11,g_n40_e80_k3_mid_11_p4,train,0.1,8,64,1,0.015625
g_n40_e80_k3_mid_11,g_n40_e80_k3_mid_11_p4,train,0.15,12,64,5,0.078125
g_n40_e80_k3_mid_12,g_n40_e80_k3_mid_12_p0,train,0.05,4,64,0,0.0
g_n40_e80_k3_mid_12,g_n40_e80_k3_mid_12_p0,train,0.1,8,64,1,0.015625
g_n40_e80_k3_mid_12,g_n40_e80_k3_mid_12_p0,train,0.15,12,64,2,0.03125
g_n40_e80_k3_mid_12,g_n40_e80_k3_mid_12_p4,train,0.05,4,64,3,0.046875
g_n40_e80_k3_mid_12,g_n40_e80_k3_mid_12_p4,train,0.1,8,64,4,0.0625
g_n40_e80_k3_mid_12,g_n40_e80_k3_mid_12_p4,train,0.15,12,64,11,0.171875
g_n40_e80_k3_mid_12,g_n40_e80_k3_mid_12_p8,train,0.05,4,64,1,0.015625
g_n40_e80_k3_mid_12,g_n40_e80_k3_mid_12_p8,train,0.1,8,64,6,0.09375
g_n40_e80_k3_mid_12,g_n40_e80_k3_mid_12_p8,train,0.15,11,64,11,0.171875
g_n40_e80_k3_mid_13,g_n40_e80_k3_mid_13_p0,test,0.05,4,64,0,0.0
g_n40_e80_k3_mid_13,g_n40_e80_k3_mid_13_p0,test,0.1,8,64,2,0.03125
g_n40_e80_k3_mid_13,g_n40_e80_k3_mid_13_p0,test,0.15,12,64,8,0.125
g_n40_e80_k3_mid_13,g_n40_e80_k3_mid_13_p4,test,0.05,4,64,0,0.0
g_n40_e80_k3_mid_13,g_n40_e80_k3_mid_13_p4,test,0.1,8,64,2,0.03125
g_n40_e80_k3_mid_13,g_n40_e80_k3_mid_13_p4,test,0.15,12,64,10,0.15625
g_n40_e80_k3_mid_13,g_n40_e80_k3_mid_13_p8,test,0.05,4,64,10,0.15625
g_n40_e80_k3_mid_13,g_n40_e80_k3_mid_13_p8,test,0.1,8,64,14,0.21875
g_n40_e80_k3_mid_13,g_n40_e80_k3_mid_13_p8,test,0.15,11,64,22,0.34375
g_n40_e80_k3_mid_14,g_n40_e80_k3_mid_14_p0,train,0.05,4,64,0,0.0
g_n40_e80_k3_mid_14,g_n40_e80_k3_mid_14_p0,train,0.1,8,64,0,0.0
g_n40_e80_k3_mid_14,g_n40_e80_k3_mid_14_p0,train,0.15,12,64,3,0.046875
g_n40_e80_k3_mid_14,g_n40_e80_k3_mid_14_p4,train,0.05,4,64,3,0.046875
g_n40_e80_k3_mid_14,g_n40_e80_k3_mid_14_p4,train,0.1,8,64,8,0.125
g_n40_e80_k3_mid_14,g_n40_e80_k3_mid_14_p4,train,0.15,12,64,14,0.21875
g_n40_e80_k3_mid_14,g_n40_e80_k3_mid_14_p8,train,0.05,4,64,0,0.0
g_n40_e80_k3_mid_14,g_n40_e80_k3_mid_14_p8,train,0.1,8,64,9,0.140625
g_n40_e80_k3_mid_14,g_n40_e80_k3_mid_14_p8,train,0.15,11,64,16,0.25
g_n40_e80_k3_mid_15,g_n40_e80_k3_mid_15_p0,train,0.05,4,64,0,0.0
g_n40_e80_k3_mid_15,g_n40_e80_k3_mid_15_p0,train,0.1,8,64,0,0.0
g_n40_e80_k3_mid_15,g_n40_e80_k3_mid_15_p0,train,0.15,12,64,4,0.0625
g_n40_e80_k3_mid_15,g_n40_e80_k3_mid_15_p4,train,0.05,4,64,7,0.109375
g_n40_e80_k3_mid_15,g_n40_e80_k3_mid_15_p4,train,0.1,8,64,10,0.15625
g_n40_e80_k3_mid_15,g_n40_e80_k3_mid_15_p4,train,0.15,12,64,16,0.25
g_n40_e80_k3_mid_15,g_n40_e80_k3_mid_15_p8,train,0.05,4,64,1,0.015625
g_n40_e80_k3_mid_15,g_n40_e80_k3_mid_15_p8,train,0.1,8,64,4,0.0625
g_n40_e80_k3_mid_15,g_n40_e80_k3_mid_15_p8,train,0.15,11,64,12,0.1875
g_n40_e80_k3_mid_16,g_n40_e80_k3_mid_16_p0,validation,0.05,4,64,0,0.0
g_n40_e80_k3_mid_16,g_n40_e80_k3_mid_16_p0,validation,0.1,8,64,2,0.03125
g_n40_e80_k3_mid_16,g_n40_e80_k3_mid_16_p0,validation,0.15,12,64,4,0.0625
g_n40_e80_k3_mid_16,g_n40_e80_k3_mid_16_p4,validation,0.05,4,64,0,0.0
g_n40_e80_k3_mid_16,g_n40_e80_k3_mid_16_p4,validation,0.1,8,64,0,0.0
g_n40_e80_k3_mid_16,g_n40_e80_k3_mid_16_p4,validation,0.15,12,64,10,0.15625
g_n40_e80_k3_mid_16,g_n40_e80_k3_mid_16_p8,validation,0.05,4,64,8,0.125
g_n40_e80_k3_mid_16,g_n40_e80_k3_mid_16_p8,validation,0.1,8,64,19,0.296875
g_n40_e80_k3_mid_16,g_n40_e80_k3_mid_16_p8,validation,0.15,11,64,28,0.4375
g_n40_e80_k3_mid_17,g_n40_e80_k3_mid_17_p0,train,0.05,4,64,0,0.0
g_n40_e80_k3_mid_17,g_n40_e80_k3_mid_17_p0,train,0.1,8,64,2,0.03125
g_n40_e80_k3_mid_17,g_n40_e80_k3_mid_17_p0,train,0.15,12,64,6,0.09375
g_n40_e80_k3_mid_17,g_n40_e80_k3_mid_17_p4,train,0.05,4,64,1,0.015625
g_n40_e80_k3_mid_17,g_n40_e80_k3_mid_17_p4,train,0.1,8,64,2,0.03125
g_n40_e80_k3_mid_17,g_n40_e80_k3_mid_17_p4,train,0.15,12,64,7,0.109375
g_n40_e80_k3_mid_17,g_n40_e80_k3_mid_17_p8,train,0.05,4,64,1,0.015625
g_n40_e80_k3_mid_17,g_n40_e80_k3_mid_17_p8,train,0.1,8,64,3,0.046875
g_n40_e80_k3_mid_17,g_n40_e80_k3_mid_17_p8,train,0.15,11,64,10,0.15625
g_n40_e80_k3_mid_18,g_n40_e80_k3_mid_18_p0,test,0.05,4,64,0,0.0
g_n40_e80_k3_mid_18,g_n40_e80_k3_mid_18_p0,test,0.1,8,64,0,0.0
g_n40_e80_k3_mid_18,g_n40_e80_k3_mid_18_p0,test,0.15,12,64,2,0.03125
g_n40_e80_k3_mid_18,g_n40_e80_k3_mid_18_p4,test,0.05,4,64,0,0.0
g_n40_e80_k3_mid_18,g_n40_e80_k3_mid_18_p4,test,0.1,8,64,0,0.0
g_n40_e80_k3_mid_18,g_n40_e80_k3_mid_18_p4,test,0.15,12,64,1,0.015625
g_n40_e80_k3_mid_18,g_n40_e80_k3_mid_18_p8,test,0.05,4,64,0,0.0
g_n40_e80_k3_mid_18,g_n40_e80_k3_mid_18_p8,test,0.1,8,64,1,0.015625
g_n40_e80_k3_mid_18,g_n40_e80_k3_mid_18_p8,test,0.15,11,64,4,0.0625
g_n40_e80_k3_mid_19,g_n40_e80_k3_mid_19_p0,train,0.05,4,64,0,0.0
g_n40_e80_k3_mid_19,g_n40_e80_k3_mid_19_p0,train,0.1,8,64,0,0.0
g_n40_e80_k3_mid_19,g_n40_e80_k3_mid_19_p0,train,0.15,12,64,1,0.015625
g_n40_e80_k3_mid_19,g_n40_e80_k3_mid_19_p4,train,0.05,4,64,1,0.015625
g_n40_e80_k3_mid_19,g_n40_e80_k3_mid_19_p4,train,0.1,8,64,2,0.03125
g_n40_e80_k3_mid_19,g_n40_e80_k3_mid_19_p4,train,0.15,12,64,10,0.15625
g_n40_e80_k3_mid_19,g_n40_e80_k3_mid_19_p8,train,0.05,4,64,0,0.0
g_n40_e80_k3_mid_19,g_n40_e80_k3_mid_19_p8,train,0.1,8,64,4,0.0625
g_n40_e80_k3_mid_19,g_n40_e80_k3_mid_19_p8,train,0.15,11,64,7,0.109375
g_n40_e80_k3_high_20,g_n40_e80_k3_high_20_p0,train,0.05,4,64,0,0.0
g_n40_e80_k3_high_20,g_n40_e80_k3_high_20_p0,train,0.1,8,64,0,0.0
g_n40_e80_k3_high_20,g_n40_e80_k3_high_20_p0,train,0.15,12,64,3,0.046875
g_n40_e80_k3_high_20,g_n40_e80_k3_high_20_p4,train,0.05,4,64,3,0.046875
g_n40_e80_k3_high_20,g_n40_e80_k3_high_20_p4,train,0.1,8,64,7,0.109375
g_n40_e80_k3_high_20,g_n40_e80_k3_high_20_p4,train,0.15,12,64,12,0.1875
g_n40_e80_k3_high_20,g_n40_e80_k3_high_20_p8,train,0.05,4,64,0,0.0
g_n40_e80_k3_high_20,g_n40_e80_k3_high_20_p8,train,0.1,8,64,2,0.03125
g_n40_e80_k3_high_20,g_n40_e80_k3_high_20_p8,train,0.15,11,64,8,0.125
g_n40_e80_k3_high_21,g_n40_e80_k3_high_21_p0,validation,0.05,4,64,0,0.0
g_n40_e80_k3_high_21,g_n40_e80_k3_high_21_p0,validation,0.1,8,64,0,0.0
g_n40_e80_k3_high_21,g_n40_e80_k3_high_21_p0,validation,0.15,12,64,3,0.046875
g_n40_e80_k3_high_21,g_n40_e80_k3_high_21_p4,validation,0.05,4,64,3,0.046875
g_n40_e80_k3_high_21,g_n40_e80_k3_high_21_p4,validation,0.1,8,64,6,0.09375
g_n40_e80_k3_high_21,g_n40_e80_k3_high_21_p4,validation,0.15,12,64,13,0.203125
g_n40_e80_k3_high_21,g_n40_e80_k3_high_21_p8,validation,0.05,4,64,0,0.0
g_n40_e80_k3_high_21,g_n40_e80_k3_high_21_p8,validation,0.1,8,64,1,0.015625
g_n40_e80_k3_high_21,g_n40_e80_k3_high_21_p8,validation,0.15,11,64,10,0.15625
g_n40_e80_k3_high_22,g_n40_e80_k3_high_22_p0,train,0.05,4,64,0,0.0
g_n40_e80_k3_high_22,g_n40_e80_k3_high_22_p0,train,0.1,8,64,1,0.015625
g_n40_e80_k3_high_22,g_n40_e80_k3_high_22_p0,train,0.15,12,64,5,0.078125
g_n40_e80_k3_high_22,g_n40_e80_k3_high_22_p4,train,0.05,4,64,4,0.0625
g_n40_e80_k3_high_22,g_n40_e80_k3_high_22_p4,train,0.1,8,64,8,0.125
g_n40_e80_k3_high_22,g_n40_e80_k3_high_22_p4,train,0.15,12,64,17,0.265625
g_n40_e80_k3_high_22,g_n40_e80_k3_high_22_p8,train,0.05,4,64,0,0.0
g_n40_e80_k3_high_22,g_n40_e80_k3_high_22_p8,train,0.1,8,64,2,0.03125
g_n40_e80_k3_high_22,g_n40_e80_k3_high_22_p8,train,0.15,11,64,8,0.125
g_n40_e80_k3_high_23,g_n40_e80_k3_high_23_p0,train,0.05,4,64,0,0.0
g_n40_e80_k3_high_23,g_n40_e80_k3_high_23_p0,train,0.1,8,64,1,0.015625
g_n40_e80_k3_high_23,g_n40_e80_k3_high_23_p0,train,0.15,12,64,2,0.03125
g_n40_e80_k3_high_23,g_n40_e80_k3_high_23_p4,train,0.05,4,64,0,0.0
g_n40_e80_k3_high_23,g_n40_e80_k3_high_23_p4,train,0.1,8,64,0,0.0
g_n40_e80_k3_high_23,g_n40_e80_k3_high_23_p4,train,0.15,12,64,2,0.03125
g_n40_e80_k3_high_23,g_n40_e80_k3_high_23_p8,train,0.05,4,64,5,0.078125
g_n40_e80_k3_high_23,g_n40_e80_k3_high_23_p8,train,0.1,8,64,12,0.1875
g_n40_e80_k3_high_23,g_n40_e80_k3_high_23_p8,train,0.15,11,64,14,0.21875
g_n40_e80_k3_high_24,g_n40_e80_k3_high_24_p0,train,0.05,4,64,0,0.0
g_n40_e80_k3_high_24,g_n40_e80_k3_high_24_p0,train,0.1,8,64,0,0.0
g_n40_e80_k3_high_24,g_n40_e80_k3_high_24_p0,train,0.15,12,64,1,0.015625
g_n40_e80_k3_high_24,g_n40_e80_k3_high_24_p4,train,0.05,4,64,0,0.0
g_n40_e80_k3_high_24,g_n40_e80_k3_high_24_p4,train,0.1,8,64,3,0.046875
g_n40_e80_k3_high_24,g_n40_e80_k3_high_24_p4,train,0.15,12,64,7,0.109375
g_n40_e80_k3_high_24,g_n40_e80_k3_high_24_p8,train,0.05,4,64,6,0.09375
g_n40_e80_k3_high_24,g_n40_e80_k3_high_24_p8,train,0.1,8,64,13,0.203125
g_n40_e80_k3_high_24,g_n40_e80_k3_high_24_p8,train,0.15,11,64,19,0.296875
g_n40_e80_k3_high_25,g_n40_e80_k3_high_25_p0,validation,0.05,4,64,0,0.0
g_n40_e80_k3_high_25,g_n40_e80_k3_high_25_p0,validation,0.1,8,64,0,0.0
g_n40_e80_k3_high_25,g_n40_e80_k3_high_25_p0,validation,0.15,12,64,1,0.015625
g_n40_e80_k3_high_25,g_n40_e80_k3_high_25_p4,validation,0.05,4,64,1,0.015625
g_n40_e80_k3_high_25,g_n40_e80_k3_high_25_p4,validation,0.1,8,64,2,0.03125
g_n40_e80_k3_high_25,g_n40_e80_k3_high_25_p4,validation,0.15,12,64,10,0.15625
g_n40_e80_k3_high_25,g_n40_e80_k3_high_25_p8,validation,0.05,4,64,0,0.0
g_n40_e80_k3_high_25,g_n40_e80_k3_high_25_p8,validation,0.1,8,64,4,0.0625
g_n40_e80_k3_high_25,g_n40_e80_k3_high_25_p8,validation,0.15,11,64,12,0.1875
g_n40_e80_k3_high_26,g_n40_e80_k3_high_26_p0,train,0.05,4,64,0,0.0
g_n40_e80_k3_high_26,g_n40_e80_k3_high_26_p0,train,0.1,8,64,0,0.0
g_n40_e80_k3_high_26,g_n40_e80_k3_high_26_p0,train,0.15,12,64,3,0.046875
g_n40_e80_k3_high_26,g_n40_e80_k3_high_26_p4,train,0.05,4,64,1,0.015625
g_n40_e80_k3_high_26,g_n40_e80_k3_high_26_p4,train,0.1,8,64,4,0.0625
g_n40_e80_k3_high_26,g_n40_e80_k3_high_26_p4,train,0.15,12,64,10,0.15625
g_n40_e80_k3_high_26,g_n40_e80_k3_high_26_p8,train,0.05,4,64,4,0.0625
g_n40_e80_k3_high_26,g_n40_e80_k3_high_26_p8,train,0.1,8,64,10,0.15625
g_n40_e80_k3_high_26,g_n40_e80_k3_high_26_p8,train,0.15,11,64,22,0.34375
g_n40_e80_k3_high_27,g_n40_e80_k3_high_27_p0,test,0.05,4,64,0,0.0
g_n40_e80_k3_high_27,g_n40_e80_k3_high_27_p0,test,0.1,8,64,0,0.0
g_n40_e80_k3_high_27,g_n40_e80_k3_high_27_p0,test,0.15,12,64,3,0.046875
g_n40_e80_k3_high_27,g_n40_e80_k3_high_27_p4,test,0.05,4,64,0,0.0
g_n40_e80_k3_high_27,g_n40_e80_k3_high_27_p4,test,0.1,8,64,1,0.015625
g_n40_e80_k3_high_27,g_n40_e80_k3_high_27_p4,test,0.15,12,64,2,0.03125
g_n40_e80_k3_high_27,g_n40_e80_k3_high_27_p8,test,0.05,4,64,0,0.0
g_n40_e80_k3_high_27,g_n40_e80_k3_high_27_p8,test,0.1,8,64,4,0.0625
g_n40_e80_k3_high_27,g_n40_e80_k3_high_27_p8,test,0.15,11,64,12,0.1875
g_n40_e80_k3_high_28,g_n40_e80_k3_high_28_p0,test,0.05,4,64,0,0.0
g_n40_e80_k3_high_28,g_n40_e80_k3_high_28_p0,test,0.1,8,64,0,0.0
g_n40_e80_k3_high_28,g_n40_e80_k3_high_28_p0,test,0.15,12,64,1,0.015625
g_n40_e80_k3_high_28,g_n40_e80_k3_high_28_p4,test,0.05,4,64,0,0.0
g_n40_e80_k3_high_28,g_n40_e80_k3_high_28_p4,test,0.1,8,64,2,0.03125
g_n40_e80_k3_high_28,g_n40_e80_k3_high_28_p4,test,0.15,12,64,8,0.125
g_n40_e80_k3_high_28,g_n40_e80_k3_high_28_p8,test,0.05,4,64,6,0.09375
g_n40_e80_k3_high_28,g_n40_e80_k3_high_28_p8,test,0.1,8,64,8,0.125
g_n40_e80_k3_high_28,g_n40_e80_k3_high_28_p8,test,0.15,11,64,18,0.28125
g_n40_e80_k3_high_29,g_n40_e80_k3_high_29_p0,train,0.05,4,64,0,0.0
g_n40_e80_k3_high_29,g_n40_e80_k3_high_29_p0,train,0.1,8,64,0,0.0
g_n40_e80_k3_high_29,g_n40_e80_k3_high_29_p0,train,0.15,12,64,1,0.015625
g_n40_e80_k3_high_29,g_n40_e80_k3_high_29_p4,train,0.05,4,64,0,0.0
g_n40_e80_k3_high_29,g_n40_e80_k3_high_29_p4,train,0.1,8,64,4,0.0625
g_n40_e80_k3_high_29,g_n40_e80_k3_high_29_p4,train,0.15,12,64,10,0.15625
g_n40_e80_k3_high_29,g_n40_e80_k3_high_29_p8,train,0.05,4,64,2,0.03125
g_n40_e80_k3_high_29,g_n40_e80_k3_high_29_p8,train,0.1,8,64,4,0.0625
g_n40_e80_k3_high_29,g_n40_e80_k3_high_29_p8,train,0.15,11,64,9,0.140625
g_n40_e120_k2_low_00,g_n40_e120_k2_low_00_p0,train,0.05,6,64,1,0.015625
g_n40_e120_k2_low_00,g_n40_e120_k2_low_00_p0,train,0.1,12,64,2,0.03125
g_n40_e120_k2_low_00,g_n40_e120_k2_low_00_p0,train,0.15,18,64,5,0.078125
g_n40_e120_k2_low_00,g_n40_e120_k2_low_00_p6,train,0.05,6,64,2,0.03125
g_n40_e120_k2_low_00,g_n40_e120_k2_low_00_p6,train,0.1,12,64,5,0.078125
g_n40_e120_k2_low_00,g_n40_e120_k2_low_00_p6,train,0.15,18,64,10,0.15625
g_n40_e120_k2_low_00,g_n40_e120_k2_low_00_p12,train,0.05,6,64,7,0.109375
g_n40_e120_k2_low_00,g_n40_e120_k2_low_00_p12,train,0.1,11,64,14,0.21875
g_n40_e120_k2_low_00,g_n40_e120_k2_low_00_p12,train,0.15,17,64,21,0.328125
g_n40_e120_k2_low_01,g_n40_e120_k2_low_01_p0,test,0.05,6,64,1,0.015625
g_n40_e120_k2_low_01,g_n40_e120_k2_low_01_p0,test,0.1,12,64,4,0.0625
g_n40_e120_k2_low_01,g_n40_e120_k2_low_01_p0,test,0.15,18,64,8,0.125
g_n40_e120_k2_low_01,g_n40_e120_k2_low_01_p6,test,0.05,6,64,4,0.0625
g_n40_e120_k2_low_01,g_n40_e120_k2_low_01_p6,test,0.1,12,64,11,0.171875
g_n40_e120_k2_low_01,g_n40_e120_k2_low_01_p6,test,0.15,18,64,16,0.25
g_n40_e120_k2_low_01,g_n40_e120_k2_low_01_p12,test,0.05,6,64,7,0.109375
g_n40_e120_k2_low_01,g_n40_e120_k2_low_01_p12,test,0.1,11,64,12,0.1875
g_n40_e120_k2_low_01,g_n40_e120_k2_low_01_p12,test,0.15,17,64,19,0.296875
g_n40_e120_k2_low_02,g_n40_e120_k2_low_02_p0,validation,0.05,6,64,0,0.0
g_n40_e120_k2_low_02,g_n40_e120_k2_low_02_p0,validation,0.1,12,64,1,0.015625
g_n40_e120_k2_low_02,g_n40_e120_k2_low_02_p0,validation,0.15,18,64,4,0.0625
g_n40_e120_k2_low_02,g_n40_e120_k2_low_02_p6,validation,0.05,6,64,2,0.03125
g_n40_e120_k2_low_02,g_n40_e120_k2_low_02_p6,validation,0.1,12,64,5,0.078125
g_n40_e120_k2_low_02,g_n40_e120_k2_low_02_p6,validation,0.15,18,64,12,0.1875
g_n40_e120_k2_low_02,g_n40_e120_k2_low_02_p12,validation,0.05,6,64,6,0.09375
g_n40_e120_k2_low_02,g_n40_e120_k2_low_02_p12,validation,0.1,11,64,13,0.203125
g_n40_e120_k2_low_02,g_n40_e120_k2_low_02_p12,validation,0.15,17,64,19,0.296875
g_n40_e120_k2_low_03,g_n40_e120_k2_low_03_p0,train,0.05,6,64,0,0.0
g_n40_e120_k2_low_03,g_n40_e120_k2_low_03_p0,train,0.1,12,64,2,0.03125
g_n40_e120_k2_low_03,g_n40_e120_k2_low_03_p0,train,0.15,18,64,10,0.15625
g_n40_e120_k2_low_03,g_n40_e120_k2_low_03_p6,train,0.05,6,64,5,0.078125
g_n40_e120_k2_low_03,g_n40_e120_k2_low_03_p6,train,0.1,12,64,8,0.125
g_n40_e120_k2_low_03,g_n40_e120_k2_low_03_p6,train,0.15,18,64,17,0.265625
g_n40_e120_k2_low_03,g_n40_e120_k2_low_03_p12,train,0.05,6,64,1,0.015625
g_n40_e120_k2_low_03,g_n40_e120_k2_low_03_p12,train,0.1,11,64,7,0.109375
g_n40_e120_k2_low_03,g_n40_e120_k2_low_03_p12,train,0.15,17,64,9,0.140625
g_n40_e120_k2_low_04,g_n40_e120_k2_low_04_p0,train,0.05,6,64,0,0.0
g_n40_e120_k2_low_04,g_n40_e120_k2_low_04_p0,train,0.1,12,64,0,0.0
g_n40_e120_k2_low_04,g_n40_e120_k2_low_04_p0,train,0.15,18,64,1,0.015625
g_n40_e120_k2_low_04,g_n40_e120_k2_low_04_p6,train,0.05,6,64,0,0.0
g_n40_e120_k2_low_04,g_n40_e120_k2_low_04_p6,train,0.1,12,64,2,0.03125
g_n40_e120_k2_low_04,g_n40_e120_k2_low_04_p6,train,0.15,18,64,5,0.078125
g_n40_e120_k2_low_04,g_n40_e120_k2_low_04_p12,train,0.05,6,64,1,0.015625
g_n40_e120_k2_low_04,g_n40_e120_k2_low_04_p12,train,0.1,11,64,2,0.03125
g_n40_e120_k2_low_04,g_n40_e120_k2_low_04_p12,train,0.15,17,64,10,0.15625
g_n40_e120_k2_low_05,g_n40_e120_k2_low_05_p0,validation,0.05,6,64,1,0.015625
g_n40_e120_k2_low_05,g_n40_e120_k2_low_05_p0,validation,0.1,12,64,3,0.046875
g_n40_e120_k2_low_05,g_n40_e120_k2_low_05_p0,validation,0.15,18,64,6,0.09375
g_n40_e120_k2_low_05,g_n40_e120_k2_low_05_p6,validation,0.05,6,64,4,0.0625
g_n40_e120_k2_low_05,g_n40_e120_k2_low_05_p6,validation,0.1,12,64,5,0.078125
g_n40_e120_k2_low_05,g_n40_e120_k2_low_05_p6,validation,0.15,18,64,10,0.15625
g_n40_e120_k2_low_05,g_n40_e120_k2_low_05_p12,validation,0.05,6,64,4,0.0625
g_n40_e120_k2_low_05,g_n40_e120_k2_low_05_p12,validation,0.1,11,64,11,0.171875
g_n40_e120_k2_low_05,g_n40_e120_k2_low_05_p12,validation,0.15,17,64,18,0.28125
g_n40_e120_k2_low_06,g_n40_e120_k2_low_06_p0,train,0.05,6,64,0,0.0
g_n40_e120_k2_low_06,g_n40_e120_k2_low_06_p0,train,0.1,12,64,2,0.03125
g_n40_e120_k2_low_06,g_n40_e120_k2_low_06_p0,train,0.15,18,64,6,0.09375
g_n40_e120_k2_low_06,g_n40_e120_k2_low_06_p6,train,0.05,6,64,2,0.03125
g_n40_e120_k2_low_06,g_n40_e120_k2_low_06_p6,train,0.1,12,64,5,0.078125
g_n40_e120_k2_low_06,g_n40_e120_k2_low_06_p6,train,0.15,18,64,9,0.140625
g_n40_e120_k2_low_06,g_n40_e120_k2_low_06_p12,train,0.05,6,64,2,0.03125
g_n40_e120_k2_low_06,g_n40_e120_k2_low_06_p12,train,0.1,11,64,2,0.03125
g_n40_e120_k2_low_06,g_n40_e120_k2_low_06_p12,train,0.15,17,64,6,0.09375
g_n40_e120_k2_low_07,g_n40_e120_k2_low_07_p0,train,0.05,6,64,0,0.0
g_n40_e120_k2_low_07,g_n40_e120_k2_low_07_p0,train,0.1,12,64,0,0.0
g_n40_e120_k2_low_07,g_n40_e120_k2_low_07_p0,train,0.15,18,64,2,0.03125
g_n40_e120_k2_low_07,g_n40_e120_k2_low_07_p6,train,0.05,6,64,0,0.0
g_n40_e120_k2_low_07,g_n40_e120_k2_low_07_p6,train,0.1,12,64,3,0.046875
g_n40_e120_k2_low_07,g_n40_e120_k2_low_07_p6,train,0.15,18,64,4,0.0625
g_n40_e120_k2_low_07,g_n40_e120_k2_low_07_p12,train,0.05,6,64,0,0.0
g_n40_e120_k2_low_07,g_n40_e120_k2_low_07_p12,train,0.1,11,64,2,0.03125
g_n40_e120_k2_low_07,g_n40_e120_k2_low_07_p12,train,0.15,17,64,6,0.09375
g_n40_e120_k2_low_08,g_n40_e120_k2_low_08_p0,test,0.05,6,64,0,0.0
g_n40_e120_k2_low_08,g_n40_e120_k2_low_08_p0,test,0.1,12,64,1,0.015625
g_n40_e120_k2_low_08,g_n40_e120_k2_low_08_p0,test,0.15,18,64,3,0.046875
g_n40_e120_k2_low_08,g_n40_e120_k2_low_08_p6,test,0.05,6,64,1,0.015625
g_n40_e120_k2_low_08,g_n40_e120_k2_low_08_p6,test,0.1,12,64,4,0.0625
g_n40_e120_k2_low_08,g_n40_e120_k2_low_08_p6,test,0.15,18,64,5,0.078125
g_n40_e120_k2_low_08,g_n40_e120_k2_low_08_p12,test,0.05,6,64,1,0.015625
g_n40_e120_k2_low_08,g_n40_e120_k2_low_08_p12,test,0.1,11,64,3,0.046875
g_n40_e120_k2_low_08,g_n40_e120_k2_low_08_p12,test,0.15,17,64,6,0.09375
g_n40_e120_k2_low_09,g_n40_e120_k2_low_09_p0,train,0.05,6,64,0,0.0
g_n40_e120_k2_low_09,g_n40_e120_k2_low_09_p0,train,0.1,12,64,2,0.03125
g_n40_e120_k2_low_09,g_n40_e120_k2_low_09_p0,train,0.15,18,64,5,0.078125
g_n40_e120_k2_low_09,g_n40_e120_k2_low_09_p6,train,0.05,6,64,0,0.0
g_n40_e120_k2_low_09,g_n40_e120_k2_low_09_p6,train,0.1,12,64,3,0.046875
g_n40_e120_k2_low_09,g_n40_e120_k2_low_09_p6,train,0.15,18,64,4,0.0625
g_n40_e120_k2_low_09,g_n40_e120_k2_low_09_p12,train,0.05,6,64,6,0.09375
g_n40_e120_k2_low_09,g_n40_e120_k2_low_09_p12,train,0.1,11,64,7,0.109375
g_n40_e120_k2_low_09,g_n40_e120_k2_low_09_p12,train,0.15,17,64,14,0.21875
g_n40_e120_k2_mid_10,g_n40_e120_k2_mid_10_p0,validation,0.05,6,64,1,0.015625
g_n40_e120_k2_mid_10,g_n40_e120_k2_mid_10_p0,validation,0.1,12,64,4,0.0625
g_n40_e120_k2_mid_10,g_n40_e120_k2_mid_10_p0,validation,0.15,18,64,5,0.078125
g_n40_e120_k2_mid_10,g_n40_e120_k2_mid_10_p6,validation,0.05,6,64,0,0.0
g_n40_e120_k2_mid_10,g_n40_e120_k2_mid_10_p6,validation,0.1,12,64,0,0.0
g_n40_e120_k2_mid_10,g_n40_e120_k2_mid_10_p6,validation,0.15,18,64,0,0.0
g_n40_e120_k2_mid_10,g_n40_e120_k2_mid_10_p12,validation,0.05,6,64,1,0.015625
g_n40_e120_k2_mid_10,g_n40_e120_k2_mid_10_p12,validation,0.1,11,64,6,0.09375
g_n40_e120_k2_mid_10,g_n40_e120_k2_mid_10_p12,validation,0.15,17,64,16,0.25
g_n40_e120_k2_mid_11,g_n40_e120_k2_mid_11_p0,train,0.05,6,64,0,0.0
g_n40_e120_k2_mid_11,g_n40_e120_k2_mid_11_p0,train,0.1,12,64,1,0.015625
g_n40_e120_k2_mid_11,g_n40_e120_k2_mid_11_p0,train,0.15,18,64,6,0.09375
g_n40_e120_k2_mid_11,g_n40_e120_k2_mid_11_p6,train,0.05,6,64,0,0.0
g_n40_e120_k2_mid_11,g_n40_e120_k2_mid_11_p6,train,0.1,12,64,0,0.0
g_n40_e120_k2_mid_11,g_n40_e120_k2_mid_11_p6,train,0.15,18,64,2,0.03125
g_n40_e120_k2_mid_11,g_n40_e120_k2_mid_11_p12,train,0.05,6,64,6,0.09375
g_n40_e120_k2_mid_11,g_n40_e120_k2_mid_11_p12,train,0.1,11,64,14,0.21875
g_n40_e120_k2_mid_11,g_n40_e120_k2_mid_11_p12,train,0.15,17,64,20,0.3125
g_n40_e120_k2_mid_12,g_n40_e120_k2_mid_12_p0,test,0.05,6,64,2,0.03125
g_n40_e120_k2_mid_12,g_n40_e120_k2_mid_12_p0,test,0.1,12,64,2,0.03125
g_n40_e120_k2_mid_12,g_n40_e120_k2_mid_12_p0,test,0.15,18,64,4,0.0625
g_n40_e120_k2_mid_12,g_n40_e120_k2_mid_12_p6,test,0.05,6,64,0,0.0
g_n40_e120_k2_mid_12,g_n40_e120_k2_mid_12_p6,test,0.1,12,64,1,0.015625
g_n40_e120_k2_mid_12,g_n40_e120_k2_mid_12_p6,test,0.15,18,64,3,0.046875
g_n40_e120_k2_mid_12,g_n40_e120_k2_mid_12_p12,test,0.05,6,64,2,0.03125
g_n40_e120_k2_mid_12,g_n40_e120_k2_mid_12_p12,test,0.1,11,64,9,0.140625
g_n40_e120_k2_mid_12,g_n40_e120_k2_mid_12_p12,test,0.15,17,64,15,0.234375
g_n40_e120_k2_mid_13,g_n40_e120_k2_mid_13_p0,train,0.05,6,64,0,0.0
g_n40_e120_k2_mid_13,g_n40_e120_k2_mid_13_p0,train,0.1,12,64,0,0.0
g_n40_e120_k2_mid_13,g_n40_e120_k2_mid_13_p0,train,0.15,18,64,1,0.015625
g_n40_e120_k2_mid_13,g_n40_e120_k2_mid_13_p6,train,0.05,6,64,0,0.0
g_n40_e120_k2_mid_13,g_n40_e120_k2_mid_13_p6,train,0.1,12,64,0,0.0
g_n40_e120_k2_mid_13,g_n40_e120_k2_mid_13_p6,train,0.15,18,64,7,0.109375
g_n40_e120_k2_mid_13,g_n40_e120_k2_mid_13_p12,train,0.05,6,64,6,0.09375
g_n40_e120_k2_mid_13,g_n40_e120_k2_mid_13_p12,train,0.1,11,64,11,0.171875
g_n40_e120_k2_mid_13,g_n40_e120_k2_mid_13_p12,train,0.15,17,64,18,0.28125
g_n40_e120_k2_mid_14,g_n40_e120_k2_mid_14_p0,train,0.05,6,64,0,0.0
g_n40_e120_k2_mid_14,g_n40_e120_k2_mid_14_p0,train,0.1,12,64,0,0.0
g_n40_e120_k2_mid_14,g_n40_e120_k2_mid_14_p0,train,0.15,18,64,2,0.03125
g_n40_e120_k2_mid_14,g_n40_e120_k2_mid_14_p6,train,0.05,6,64,0,0.0
g_n40_e120_k2_mid_14,g_n40_e120_k2_mid_14_p6,train,0.1,12,64,2,0.03125
g_n40_e120_k2_mid_14,g_n40_e120_k2_mid_14_p6,train,0.15,18,64,3,0.046875
g_n40_e120_k2_mid_14,g_n40_e120_k2_mid_14_p12,train,0.05,6,64,0,0.0
g_n40_e120_k2_mid_14,g_n40_e120_k2_mid_14_p12,train,0.1,11,64,1,0.015625
g_n40_e120_k2_mid_14,g_n40_e120_k2_mid_14_p12,train,0.15,17,64,4,0.0625
g_n40_e120_k2_mid_15,g_n40_e120_k2_mid_15_p0,train,0.05,6,64,0,0.0
g_n40_e120_k2_mid_15,g_n40_e120_k2_mid_15_p0,train,0.1,12,64,1,0.015625
g_n40_e120_k2_mid_15,g_n40_e120_k2_mid_15_p0,train,0.15,18,64,1,0.015625
g_n40_e120_k2_mid_15,g_n40_e120_k2_mid_15_p6,train,0.05,6,64,0,0.0
g_n40_e120_k2_mid_15,g_n40_e120_k2_mid_15_p6,train,0.1,12,64,1,0.015625
g_n40_e120_k2_mid_15,g_n40_e120_k2_mid_15_p6,train,0.15,18,64,2,0.03125
g_n40_e120_k2_mid_15,g_n40_e120_k2_mid_15_p12,train,0.05,6,64,3,0.046875
g_n40_e120_k2_mid_15,g_n40_e120_k2_mid_15_p12,train,0.1,11,64,8,0.125
g_n40_e120_k2_mid_15,g_n40_e120_k2_mid_15_p12,train,0.15,17,64,11,0.171875
g_n40_e120_k2_mid_16,g_n40_e120_k2_mid_16_p0,train,0.05,6,64,0,0.0
g_n40_e120_k2_mid_16,g_n40_e120_k2_mid_16_p0,train,0.1,12,64,3,0.046875
g_n40_e120_k2_mid_16,g_n40_e120_k2_mid_16_p0,train,0.15,18,64,5,0.078125
g_n40_e120_k2_mid_16,g_n40_e120_k2_mid_16_p6,train,0.05,6,64,2,0.03125
g_n40_e120_k2_mid_16,g_n40_e120_k2_mid_16_p6,train,0.1,12,64,4,0.0625
g_n40_e120_k2_mid_16,g_n40_e120_k2_mid_16_p6,train,0.15,18,64,12,0.1875
g_n40_e120_k2_mid_16,g_n40_e120_k2_mid_16_p12,train,0.05,6,64,3,0.046875
g_n40_e120_k2_mid_16,g_n40_e120_k2_mid_16_p12,train,0.1,11,64,6,0.09375
g_n40_e120_k2_mid_16,g_n40_e120_k2_mid_16_p12,train,0.15,17,64,13,0.203125
g_n40_e120_k2_mid_17,g_n40_e120_k2_mid_17_p0,validation,0.05,6,64,1,0.015625
g_n40_e120_k2_mid_17,g_n40_e120_k2_mid_17_p0,validation,0.1,12,64,2,0.03125
g_n40_e120_k2_mid_17,g_n40_e120_k2_mid_17_p0,validation,0.15,18,64,2,0.03125
g_n40_e120_k2_mid_17,g_n40_e120_k2_mid_17_p6,validation,0.05,6,64,0,0.0
g_n40_e120_k2_mid_17,g_n40_e120_k2_mid_17_p6,validation,0.1,12,64,1,0.015625
g_n40_e120_k2_mid_17,g_n40_e120_k2_mid_17_p6,validation,0.15,18,64,1,0.015625
g_n40_e120_k2_mid_17,g_n40_e120_k2_mid_17_p12,validation,0.05,6,64,0,0.0
g_n40_e120_k2_mid_17,g_n40_e120_k2_mid_17_p12,validation,0.1,11,64,1,0.015625
g_n40_e120_k2_mid_17,g_n40_e120_k2_mid_17_p12,validation,0.15,17,64,4,0.0625
g_n40_e120_k2_mid_18,g_n40_e120_k2_mid_18_p0,train,0.05,6,64,0,0.0
g_n40_e120_k2_mid_18,g_n40_e120_k2_mid_18_p0,train,0.1,12,64,1,0.015625
g_n40_e120_k2_mid_18,g_n40_e120_k2_mid_18_p0,train,0.15,18,64,2,0.03125
g_n40_e120_k2_mid_18,g_n40_e120_k2_mid_18_p6,train,0.05,6,64,0,0.0
g_n40_e120_k2_mid_18,g_n40_e120_k2_mid_18_p6,train,0.1,12,64,2,0.03125
g_n40_e120_k2_mid_18,g_n40_e120_k2_mid_18_p6,train,0.15,18,64,3,0.046875
g_n40_e120_k2_mid_18,g_n40_e120_k2_mid_18_p12,train,0.05,6,64,0,0.0
g_n40_e120_k2_mid_18,g_n40_e120_k2_mid_18_p12,train,0.1,11,64,4,0.0625
g_n40_e120_k2_mid_18,g_n40_e120_k2_mid_18_p12,train,0.15,17,64,6,0.09375
g_n40_e120_k2_mid_19,g_n40_e120_k2_mid_19_p0,test,0.05,6,64,0,0.0
g_n40_e120_k2_mid_19,g_n40_e120_k2_mid_19_p0,test,0.1,12,64,1,0.015625
g_n40_e120_k2_mid_19,g_n40_e120_k2_mid_19_p0,test,0.15,18,64,3,0.046875
g_n40_e120_k2_mid_19,g_n40_e120_k2_mid_19_p6,test,0.05,6,64,0,0.0
g_n40_e120_k2_mid_19,g_n40_e120_k2_mid_19_p6,test,0.1,12,64,1,0.015625
g_n40_e120_k2_mid_19,g_n40_e120_k2_mid_19_p6,test,0.15,18,64,2,0.03125
g_n40_e120_k2_mid_19,g_n40_e120_k2_mid_19_p12,test,0.05,6,64,4,0.0625
g_n40_e120_k2_mid_19,g_n40_e120_k2_mid_19_p12,test,0.1,11,64,6,0.09375
g_n40_e120_k2_mid_19,g_n40_e120_k2_mid_19_p12,test,0.15,17,64,12,0.1875
g_n40_e120_k2_high_20,g_n40_e120_k2_high_20_p0,validation,0.05,6,64,0,0.0
g_n40_e120_k2_high_20,g_n40_e120_k2_high_20_p0,validation,0.1,12,64,0,0.0
g_n40_e120_k2_high_20,g_n40_e120_k2_high_20_p0,validation,0.15,18,64,0,0.0
g_n40_e120_k2_high_20,g_n40_e120_k2_high_20_p6,validation,0.05,6,64,0,0.0
g_n40_e120_k2_high_20,g_n40_e120_k2_high_20_p6,validation,0.1,12,64,4,0.0625
g_n40_e120_k2_high_20,g_n40_e120_k2_high_20_p6,validation,0.15,18,64,5,0.078125
g_n40_e120_k2_high_20,g_n40_e120_k2_high_20_p12,validation,0.05,6,64,1,0.015625
g_n40_e120_k2_high_20,g_n40_e120_k2_high_20_p12,validation,0.1,11,64,1,0.015625
g_n40_e120_k2_high_20,g_n40_e120_k2_high_20_p12,validation,0.15,17,64,3,0.046875
g_n40_e120_k2_high_21,g_n40_e120_k2_high_21_p0,test,0.05,6,64,0,0.0
g_n40_e120_k2_high_21,g_n40_e120_k2_high_21_p0,test,0.1,12,64,1,0.015625
g_n40_e120_k2_high_21,g_n40_e120_k2_high_21_p0,test,0.15,18,64,2,0.03125
g_n40_e120_k2_high_21,g_n40_e120_k2_high_21_p6,test,0.05,6,64,1,0.015625
g_n40_e120_k2_high_21,g_n40_e120_k2_high_21_p6,test,0.1,12,64,2,0.03125
g_n40_e120_k2_high_21,g_n40_e120_k2_high_21_p6,test,0.15,18,64,2,0.03125
g_n40_e120_k2_high_21,g_n40_e120_k2_high_21_p12,test,0.05,6,64,0,0.0
g_n40_e120_k2_high_21,g_n40_e120_k2_high_21_p12,test,0.1,11,64,2,0.03125
g_n40_e120_k2_high_21,g_n40_e120_k2_high_21_p12,test,0.15,17,64,5,0.078125
g_n40_e120_k2_high_22,g_n40_e120_k2_high_22_p0,train,0.05,6,64,0,0.0
g_n40_e120_k2_high_22,g_n40_e120_k2_high_22_p0,train,0.1,12,64,0,0.0
g_n40_e120_k2_high_22,g_n40_e120_k2_high_22_p0,train,0.15,18,64,0,0.0
g_n40_e120_k2_high_22,g_n40_e120_k2_high_22_p6,train,0.05,6,64,0,0.0
g_n40_e120_k2_high_22,g_n40_e120_k2_high_22_p6,train,0.1,12,64,0,0.0
g_n40_e120_k2_high_22,g_n40_e120_k2_high_22_p6,train,0.15,18,64,2,0.03125
g_n40_e120_k2_high_22,g_n40_e120_k2_high_22_p12,train,0.05,6,64,1,0.015625
g_n40_e120_k2_high_22,g_n40_e120_k2_high_22_p12,train,0.1,11,64,2,0.03125
g_n40_e120_k2_high_22,g_n40_e120_k2_high_22_p12,train,0.15,17,64,4,0.0625
g_n40_e120_k2_high_23,g_n40_e120_k2_high_23_p0,train,0.05,6,64,0,0.0
g_n40_e120_k2_high_23,g_n40_e120_k2_high_23_p0,train,0.1,12,64,0,0.0
g_n40_e120_k2_high_23,g_n40_e120_k2_high_23_p0,train,0.15,18,64,0,0.0
g_n40_e120_k2_high_23,g_n40_e120_k2_high_23_p6,train,0.05,6,64,0,0.0
g_n40_e120_k2_high_23,g_n40_e120_k2_high_23_p6,train,0.1,12,64,1,0.015625
g_n40_e120_k2_high_23,g_n40_e120_k2_high_23_p6,train,0.15,18,64,4,0.0625
g_n40_e120_k2_high_23,g_n40_e120_k2_high_23_p12,train,0.05,6,64,2,0.03125
g_n40_e120_k2_high_23,g_n40_e120_k2_high_23_p12,train,0.1,11,64,3,0.046875
g_n40_e120_k2_high_23,g_n40_e120_k2_high_23_p12,train,0.15,17,64,5,0.078125
g_n40_e120_k2_high_24,g_n40_e120_k2_high_24_p0,train,0.05,6,64,0,0.0
g_n40_e120_k2_high_24,g_n40_e120_k2_high_24_p0,train,0.1,12,64,1,0.015625
g_n40_e120_k2_high_24,g_n40_e120_k2_high_24_p0,train,0.15,18,64,1,0.015625
g_n40_e120_k2_high_24,g_n40_e120_k2_high_24_p6,train,0.05,6,64,1,0.015625
g_n40_e120_k2_high_24,g_n40_e120_k2_high_24_p6,train,0.1,12,64,1,0.015625
g_n40_e120_k2_high_24,g_n40_e120_k2_high_24_p6,train,0.15,18,64,1,0.015625
g_n40_e120_k2_high_24,g_n40_e120_k2_high_24_p12,train,0.05,6,64,1,0.015625
g_n40_e120_k2_high_24,g_n40_e120_k2_high_24_p12,train,0.1,11,64,4,0.0625
g_n40_e120_k2_high_24,g_n40_e120_k2_high_24_p12,train,0.15,17,64,11,0.171875
g_n40_e120_k2_high_25,g_n40_e120_k2_high_25_p0,test,0.05,6,64,0,0.0
g_n40_e120_k2_high_25,g_n40_e120_k2_high_25_p0,test,0.1,12,64,0,0.0
g_n40_e120_k2_high_25,g_n40_e120_k2_high_25_p0,test,0.15,18,64,0,0.0
g_n40_e120_k2_high_25,g_n40_e120_k2_high_25_p6,test,0.05,6,64,3,0.046875
g_n40_e120_k2_high_25,g_n40_e120_k2_high_25_p6,test,0.1,12,64,5,0.078125
g_n40_e120_k2_high_25,g_n40_e120_k2_high_25_p6,test,0.15,18,64,10,0.15625
g_n40_e120_k2_high_25,g_n40_e120_k2_high_25_p12,test,0.05,6,64,0,0.0
g_n40_e120_k2_high_25,g_n40_e120_k2_high_25_p12,test,0.1,11,64,1,0.015625
g_n40_e120_k2_high_25,g_n40_e120_k2_high_25_p12,test,0.15,17,64,2,0.03125
g_n40_e120_k2_high_26,g_n40_e120_k2_high_26_p0,train,0.05,6,64,1,0.015625
g_n40_e120_k2_high_26,g_n40_e120_k2_high_26_p0,train,0.1,12,64,2,0.03125
g_n40_e120_k2_high_26,g_n40_e120_k2_high_26_p0,train,0.15,18,64,3,0.046875
g_n40_e120_k2_high_26,g_n40_e120_k2_high_26_p6,train,0.05,6,64,1,0.015625
g_n40_e120_k2_high_26,g_n40_e120_k2_high_26_p6,train,0.1,12,64,1,0.015625
g_n40_e120_k2_high_26,g_n40_e120_k2_high_26_p6,train,0.15,18,64,4,0.0625
g_n40_e120_k2_high_26,g_n40_e120_k2_high_26_p12,train,0.05,6,64,3,0.046875
g_n40_e120_k2_high_26,g_n40_e120_k2_high_26_p12,train,0.1,11,64,7,0.109375
g_n40_e120_k2_high_26,g_n40_e120_k2_high_26_p12,train,0.15,17,64,14,0.21875
g_n40_e120_k2_high_27,g_n40_e120_k2_high_27_p0,train,0.05,6,64,0,0.0
g_n40_e120_k2_high_27,g_n40_e120_k2_high_27_p0,train,0.1,12,64,0,0.0
g_n40_e120_k2_high_27,g_n40_e120_k2_high_27_p0,train,0.15,18,64,4,0.0625
g_n40_e120_k2_high_27,g_n40_e120_k2_high_27_p6,train,0.05,6,64,1,0.015625
g_n40_e120_k2_high_27,g_n40_e120_k2_high_27_p6,train,0.1,12,64,1,0.015625
g_n40_e120_k2_high_27,g_n40_e120_k2_high_27_p6,train,0.15,18,64,2,0.03125
g_n40_e120_k2_high_27,g_n40_e120_k2_high_27_p12,train,0.05,6,64,0,0.0
g_n40_e120_k2_high_27,g_n40_e120_k2_high_27_p12,train,0.1,11,64,1,0.015625
g_n40_e120_k2_high_27,g_n40_e120_k2_high_27_p12,train,0.15,17,64,3,0.046875
g_n40_e120_k2_high_28,g_n40_e120_k2_high_28_p0,validation,0.05,6,64,1,0.015625
g_n40_e120_k2_high_28,g_n40_e120_k2_high_28_p0,validation,0.1,12,64,1,0.015625
g_n40_e120_k2_high_28,g_n40_e120_k2_high_28_p0,validation,0.15,18,64,1,0.015625
g_n40_e120_k2_high_28,g_n40_e120_k2_high_28_p6,validation,0.05,6,64,0,0.0
g_n40_e120_k2_high_28,g_n40_e120_k2_high_28_p6,validation,0.1,12,64,2,0.03125
g_n40_e120_k2_high_28,g_n40_e120_k2_high_28_p6,validation,0.15,18,64,3,0.046875
g_n40_e120_k2_high_28,g_n40_e120_k2_high_28_p12,validation,0.05,6,64,0,0.0
g_n40_e120_k2_high_28,g_n40_e120_k2_high_28_p12,validation,0.1,11,64,0,0.0
g_n40_e120_k2_high_28,g_n40_e120_k2_high_28_p12,validation,0.15,17,64,2,0.03125
g_n40_e120_k2_high_29,g_n40_e120_k2_high_29_p0,train,0.05,6,64,0,0.0
g_n40_e120_k2_high_29,g_n40_e120_k2_high_29_p0,train,0.1,12,64,0,0.0
g_n40_e120_k2_high_29,g_n40_e120_k2_high_29_p0,train,0.15,18,64,0,0.0
g_n40_e120_k2_high_29,g_n40_e120_k2_high_29_p6,train,0.05,6,64,0,0.0
g_n40_e120_k2_high_29,g_n40_e120_k2_high_29_p6,train,0.1,12,64,0,0.0
g_n40_e120_k2_high_29,g_n40_e120_k2_high_29_p6,train,0.15,18,64,2,0.03125
g_n40_e120_k2_high_29,g_n40_e120_k2_high_29_p12,train,0.05,6,64,6,0.09375
g_n40_e120_k2_high_29,g_n40_e120_k2_high_29_p12,train,0.1,11,64,11,0.171875
g_n40_e120_k2_high_29,g_n40_e120_k2_high_29_p12,train,0.15,17,64,16,0.25
g_n40_e120_k3_low_00,g_n40_e120_k3_low_00_p0,test,0.05,6,64,0,0.0
g_n40_e120_k3_low_00,g_n40_e120_k3_low_00_p0,test,0.1,12,64,0,0.0
g_n40_e120_k3_low_00,g_n40_e120_k3_low_00_p0,test,0.15,18,64,1,0.015625
g_n40_e120_k3_low_00,g_n40_e120_k3_low_00_p6,test,0.05,6,64,0,0.0
g_n40_e120_k3_low_00,g_n40_e120_k3_low_00_p6,test,0.1,12,64,2,0.03125
g_n40_e120_k3_low_00,g_n40_e120_k3_low_00_p6,test,0.15,18,64,3,0.046875
g_n40_e120_k3_low_00,g_n40_e120_k3_low_00_p12,test,0.05,6,64,7,0.109375
g_n40_e120_k3_low_00,g_n40_e120_k3_low_00_p12,test,0.1,11,64,11,0.171875
g_n40_e120_k3_low_00,g_n40_e120_k3_low_00_p12,test,0.15,17,64,20,0.3125
g_n40_e120_k3_low_01,g_n40_e120_k3_low_01_p0,test,0.05,6,64,0,0.0
g_n40_e120_k3_low_01,g_n40_e120_k3_low_01_p0,test,0.1,12,64,0,0.0
g_n40_e120_k3_low_01,g_n40_e120_k3_low_01_p0,test,0.15,18,64,1,0.015625
g_n40_e120_k3_low_01,g_n40_e120_k3_low_01_p6,test,0.05,6,64,2,0.03125
g_n40_e120_k3_low_01,g_n40_e120_k3_low_01_p6,test,0.1,12,64,4,0.0625
g_n40_e120_k3_low_01,g_n40_e120_k3_low_01_p6,test,0.15,18,64,8,0.125
g_n40_e120_k3_low_01,g_n40_e120_k3_low_01_p12,test,0.05,6,64,0,0.0
g_n40_e120_k3_low_01,g_n40_e120_k3_low_01_p12,test,0.1,11,64,1,0.015625
g_n40_e120_k3_low_01,g_n40_e120_k3_low_01_p12,test,0.15,17,64,5,0.078125
g_n40_e120_k3_low_02,g_n40_e120_k3_low_02_p0,train,0.05,6,64,0,0.0
g_n40_e120_k3_low_02,g_n40_e120_k3_low_02_p0,train,0.1,12,64,0,0.0
g_n40_e120_k3_low_02,g_n40_e120_k3_low_02_p0,train,0.15,18,64,2,0.03125
g_n40_e120_k3_low_02,g_n40_e120_k3_low_02_p6,train,0.05,6,64,4,0.0625
g_n40_e120_k3_low_02,g_n40_e120_k3_low_02_p6,train,0.1,12,64,7,0.109375
g_n40_e120_k3_low_02,g_n40_e120_k3_low_02_p6,train,0.15,18,64,11,0.171875
g_n40_e120_k3_low_02,g_n40_e120_k3_low_02_p12,train,0.05,6,64,0,0.0
g_n40_e120_k3_low_02,g_n40_e120_k3_low_02_p12,train,0.1,11,64,2,0.03125
g_n40_e120_k3_low_02,g_n40_e120_k3_low_02_p12,train,0.15,17,64,7,0.109375
g_n40_e120_k3_low_03,g_n40_e120_k3_low_03_p0,train,0.05,6,64,0,0.0
g_n40_e120_k3_low_03,g_n40_e120_k3_low_03_p0,train,0.1,12,64,0,0.0
g_n40_e120_k3_low_03,g_n40_e120_k3_low_03_p0,train,0.15,18,64,0,0.0
g_n40_e120_k3_low_03,g_n40_e120_k3_low_03_p6,train,0.05,6,64,0,0.0
g_n40_e120_k3_low_03,g_n40_e120_k3_low_03_p6,train,0.1,12,64,0,0.0
g_n40_e120_k3_low_03,g_n40_e120_k3_low_03_p6,train,0.15,18,64,3,0.046875
g_n40_e120_k3_low_03,g_n40_e120_k3_low_03_p12,train,0.05,6,64,0,0.0
g_n40_e120_k3_low_03,g_n40_e120_k3_low_03_p12,train,0.1,11,64,2,0.03125
g_n40_e120_k3_low_03,g_n40_e120_k3_low_03_p12,train,0.15,17,64,5,0.078125
g_n40_e120_k3_low_04,g_n40_e120_k3_low_04_p0,validation,0.05,6,64,0,0.0
g_n40_e120_k3_low_04,g_n40_e120_k3_low_04_p0,validation,0.1,12,64,0,0.0
g_n40_e120_k3_low_04,g_n40_e120_k3_low_04_p0,validation,0.15,18,64,4,0.0625
g_n40_e120_k3_low_04,g_n40_e120_k3_low_04_p6,validation,0.05,6,64,0,0.0
g_n40_e120_k3_low_04,g_n40_e120_k3_low_04_p6,validation,0.1,12,64,0,0.0
g_n40_e120_k3_low_04,g_n40_e120_k3_low_04_p6,validation,0.15,18,64,1,0.015625
g_n40_e120_k3_low_04,g_n40_e120_k3_low_04_p12,validation,0.05,6,64,0,0.0
g_n40_e120_k3_low_04,g_n40_e120_k3_low_04_p12,validation,0.1,11,64,3,0.046875
g_n40_e120_k3_low_04,g_n40_e120_k3_low_04_p12,validation,0.15,17,64,5,0.078125
g_n40_e120_k3_low_05,g_n40_e120_k3_low_05_p0,train,0.05,6,64,0,0.0
g_n40_e120_k3_low_05,g_n40_e120_k3_low_05_p0,train,0.1,12,64,0,0.0
g_n40_e120_k3_low_05,g_n40_e120_k3_low_05_p0,train,0.15,18,64,2,0.03125
g_n40_e120_k3_low_05,g_n40_e120_k3_low_05_p6,train,0.05,6,64,0,0.0
g_n40_e120_k3_low_05,g_n40_e120_k3_low_05_p6,train,0.1,12,64,1,0.015625
g_n40_e120_k3_low_05,g_n40_e120_k3_low_05_p6,train,0.15,18,64,5,0.078125
g_n40_e120_k3_low_05,g_n40_e120_k3_low_05_p12,train,0.05,6,64,0,0.0
g_n40_e120_k3_low_05,g_n40_e120_k3_low_05_p12,train,0.1,11,64,1,0.015625
g_n40_e120_k3_low_05,g_n40_e120_k3_low_05_p12,train,0.15,17,64,5,0.078125
g_n40_e120_k3_low_06,g_n40_e120_k3_low_06_p0,train,0.05,6,64,0,0.0
g_n40_e120_k3_low_06,g_n40_e120_k3_low_06_p0,train,0.1,12,64,0,0.0
g_n40_e120_k3_low_06,g_n40_e120_k3_low_06_p0,train,0.15,18,64,2,0.03125
g_n40_e120_k3_low_06,g_n40_e120_k3_low_06_p6,train,0.05,6,64,0,0.0
g_n40_e120_k3_low_06,g_n40_e120_k3_low_06_p6,train,0.1,12,64,0,0.0
g_n40_e120_k3_low_06,g_n40_e120_k3_low_06_p6,train,0.15,18,64,2,0.03125
g_n40_e120_k3_low_06,g_n40_e120_k3_low_06_p12,train,0.05,6,64,0,0.0
g_n40_e120_k3_low_06,g_n40_e120_k3_low_06_p12,train,0.1,11,64,2,0.03125
g_n40_e120_k3_low_06,g_n40_e120_k3_low_06_p12,train,0.15,17,64,6,0.09375
g_n40_e120_k3_low_07,g_n40_e120_k3_low_07_p0,validation,0.05,6,64,0,0.0
g_n40_e120_k3_low_07,g_n40_e120_k3_low_07_p0,validation,0.1,12,64,0,0.0
g_n40_e120_k3_low_07,g_n40_e120_k3_low_07_p0,validation,0.15,18,64,1,0.015625
g_n40_e120_k3_low_07,g_n40_e120_k3_low_07_p6,validation,0.05,6,64,1,0.015625
g_n40_e120_k3_low_07,g_n40_e120_k3_low_07_p6,validation,0.1,12,64,5,0.078125
g_n40_e120_k3_low_07,g_n40_e120_k3_low_07_p6,validation,0.15,18,64,9,0.140625
g_n40_e120_k3_low_07,g_n40_e120_k3_low_07_p12,validation,0.05,6,64,1,0.015625
g_n40_e120_k3_low_07,g_n40_e120_k3_low_07_p12,validation,0.1,11,64,5,0.078125
g_n40_e120_k3_low_07,g_n40_e120_k3_low_07_p12,validation,0.15,17,64,7,0.109375
g_n40_e120_k3_low_08,g_n40_e120_k3_low_08_p0,train,0.05,6,64,0,0.0
g_n40_e120_k3_low_08,g_n40_e120_k3_low_08_p0,train,0.1,12,64,0,0.0
g_n40_e120_k3_low_08,g_n40_e120_k3_low_08_p0,train,0.15,18,64,1,0.015625
g_n40_e120_k3_low_08,g_n40_e120_k3_low_08_p6,train,0.05,6,64,1,0.015625
g_n40_e120_k3_low_08,g_n40_e120_k3_low_08_p6,train,0.1,12,64,2,0.03125
g_n40_e120_k3_low_08,g_n40_e120_k3_low_08_p6,train,0.15,18,64,6,0.09375
g_n40_e120_k3_low_08,g_n40_e120_k3_low_08_p12,train,0.05,6,64,0,0.0
g_n40_e120_k3_low_08,g_n40_e120_k3_low_08_p12,train,0.1,11,64,1,0.015625
g_n40_e120_k3_low_08,g_n40_e120_k3_low_08_p12,train,0.15,17,64,4,0.0625
g_n40_e120_k3_low_09,g_n40_e120_k3_low_09_p0,train,0.05,6,64,0,0.0
g_n40_e120_k3_low_09,g_n40_e120_k3_low_09_p0,train,0.1,12,64,0,0.0
g_n40_e120_k3_low_09,g_n40_e120_k3_low_09_p0,train,0.15,18,64,2,0.03125
g_n40_e120_k3_low_09,g_n40_e120_k3_low_09_p6,train,0.05,6,64,0,0.0
g_n40_e120_k3_low_09,g_n40_e120_k3_low_09_p6,train,0.1,12,64,3,0.046875
g_n40_e120_k3_low_09,g_n40_e120_k3_low_09_p6,train,0.15,18,64,5,0.078125
g_n40_e120_k3_low_09,g_n40_e120_k3_low_09_p12,train,0.05,6,64,0,0.0
g_n40_e120_k3_low_09,g_n40_e120_k3_low_09_p12,train,0.1,11,64,1,0.015625
g_n40_e120_k3_low_09,g_n40_e120_k3_low_09_p12,train,0.15,17,64,5,0.078125
g_n40_e120_k3_mid_10,g_n40_e120_k3_mid_10_p0,train,0.05,6,64,0,0.0
g_n40_e120_k3_mid_10,g_n40_e120_k3_mid_10_p0,train,0.1,12,64,0,0.0
g_n40_e120_k3_mid_10,g_n40_e120_k3_mid_10_p0,train,0.15,18,64,3,0.046875
g_n40_e120_k3_mid_10,g_n40_e120_k3_mid_10_p6,train,0.05,6,64,0,0.0
g_n40_e120_k3_mid_10,g_n40_e120_k3_mid_10_p6,train,0.1,12,64,0,0.0
g_n40_e120_k3_mid_10,g_n40_e120_k3_mid_10_p6,train,0.15,18,64,0,0.0
g_n40_e120_k3_mid_10,g_n40_e120_k3_mid_10_p12,train,0.05,6,64,0,0.0
g_n40_e120_k3_mid_10,g_n40_e120_k3_mid_10_p12,train,0.1,11,64,1,0.015625
g_n40_e120_k3_mid_10,g_n40_e120_k3_mid_10_p12,train,0.15,17,64,2,0.03125
g_n40_e120_k3_mid_11,g_n40_e120_k3_mid_11_p0,validation,0.05,6,64,0,0.0
g_n40_e120_k3_mid_11,g_n40_e120_k3_mid_11_p0,validation,0.1,12,64,0,0.0
g_n40_e120_k3_mid_11,g_n40_e120_k3_mid_11_p0,validation,0.15,18,64,1,0.015625
g_n40_e120_k3_mid_11,g_n40_e120_k3_mid_11_p6,validation,0.05,6,64,0,0.0
g_n40_e120_k3_mid_11,g_n40_e120_k3_mid_11_p6,validation,0.1,12,64,2,0.03125
g_n40_e120_k3_mid_11,g_n40_e120_k3_mid_11_p6,validation,0.15,18,64,4,0.0625
g_n40_e120_k3_mid_11,g_n40_e120_k3_mid_11_p12,validation,0.05,6,64,0,0.0
g_n40_e120_k3_mid_11,g_n40_e120_k3_mid_11_p12,validation,0.1,11,64,3,0.046875
g_n40_e120_k3_mid_11,g_n40_e120_k3_mid_11_p12,validation,0.15,17,64,7,0.109375
g_n40_e120_k3_mid_12,g_n40_e120_k3_mid_12_p0,validation,0.05,6,64,0,0.0
g_n40_e120_k3_mid_12,g_n40_e120_k3_mid_12_p0,validation,0.1,12,64,1,0.015625
g_n40_e120_k3_mid_12,g_n40_e120_k3_mid_12_p0,validation,0.15,18,64,2,0.03125
g_n40_e120_k3_mid_12,g_n40_e120_k3_mid_12_p6,validation,0.05,6,64,2,0.03125
g_n40_e120_k3_mid_12,g_n40_e120_k3_mid_12_p6,validation,0.1,12,64,5,0.078125
g_n40_e120_k3_mid_12,g_n40_e120_k3_mid_12_p6,validation,0.15,18,64,8,0.125
g_n40_e120_k3_mid_12,g_n40_e120_k3_mid_12_p12,validation,0.05,6,64,0,0.0
g_n40_e120_k3_mid_12,g_n40_e120_k3_mid_12_p12,validation,0.1,11,64,2,0.03125
g_n40_e120_k3_mid_12,g_n40_e120_k3_mid_12_p12,validation,0.15,17,64,7,0.109375
g_n40_e120_k3_mid_13,g_n40_e120_k3_mid_13_p0,train,0.05,6,64,0,0.0
g_n40_e120_k3_mid_13,g_n40_e120_k3_mid_13_p0,train,0.1,12,64,0,0.0
g_n40_e120_k3_mid_13,g_n40_e120_k3_mid_13_p0,train,0.15,18,64,3,0.046875
g_n40_e120_k3_mid_13,g_n40_e120_k3_mid_13_p6,train,0.05,6,64,0,0.0
g_n40_e120_k3_mid_13,g_n40_e120_k3_mid_13_p6,train,0.1,12,64,0,0.0
g_n40_e120_k3_mid_13,g_n40_e120_k3_mid_13_p6,train,0.15,18,64,1,0.015625
g_n40_e120_k3_mid_13,g_n40_e120_k3_mid_13_p12,train,0.05,6,64,0,0.0
g_n40_e120_k3_mid_13,g_n40_e120_k3_mid_13_p12,train,0.1,11,64,3,0.046875
g_n40_e120_k3_mid_13,g_n40_e120_k3_mid_13_p12,train,0.15,17,64,5,0.078125
g_n40_e120_k3_mid_14,g_n40_e120_k3_mid_14_p0,test,0.05,6,64,0,0.0
g_n40_e120_k3_mid_14,g_n40_e120_k3_mid_14_p0,test,0.1,12,64,0,0.0
g_n40_e120_k3_mid_14,g_n40_e120_k3_mid_14_p0,test,0.15,18,64,0,0.0
g_n40_e120_k3_mid_14,g_n40_e120_k3_mid_14_p6,test,0.05,6,64,0,0.0
g_n40_e120_k3_mid_14,g_n40_e120_k3_mid_14_p6,test,0.1,12,64,1,0.015625
g_n40_e120_k3_mid_14,g_n40_e120_k3_mid_14_p6,test,0.15,18,64,1,0.015625
g_n40_e120_k3_mid_14,g_n40_e120_k3_mid_14_p12,test,0.05,6,64,0,0.0
g_n40_e120_k3_mid_14,g_n40_e120_k3_mid_14_p12,test,0.1,11,64,1,0.015625
g_n40_e120_k3_mid_14,g_n40_e120_k3_mid_14_p12,test,0.15,17,64,4,0.0625
g_n40_e120_k3_mid_15,g_n40_e120_k3_mid_15_p0,train,0.05,6,64,0,0.0
g_n40_e120_k3_mid_15,g_n40_e120_k3_mid_15_p0,train,0.1,12,64,0,0.0
g_n40_e120_k3_mid_15,g_n40_e120_k3_mid_15_p0,train,0.15,18,64,0,0.0
g_n40_e120_k3_mid_15,g_n40_e120_k3_mid_15_p6,train,0.05,6,64,0,0.0
g_n40_e120_k3_mid_15,g_n40_e120_k3_mid_15_p6,train,0.1,12,64,2,0.03125
g_n40_e120_k3_mid_15,g_n40_e120_k3_mid_15_p6,train,0.15,18,64,5,0.078125
g_n40_e120_k3_mid_15,g_n40_e120_k3_mid_15_p12,train,0.05,6,64,1,0.015625
g_n40_e120_k3_mid_15,g_n40_e120_k3_mid_15_p12,train,0.1,11,64,2,0.03125
g_n40_e120_k3_mid_15,g_n40_e120_k3_mid_15_p12,train,0.15,17,64,3,0.046875
g_n40_e120_k3_mid_16,g_n40_e120_k3_mid_16_p0,test,0.05,6,64,0,0.0
g_n40_e120_k3_mid_16,g_n40_e120_k3_mid_16_p0,test,0.1,12,64,0,0.0
g_n40_e120_k3_mid_16,g_n40_e120_k3_mid_16_p0,test,0.15,18,64,0,0.0
g_n40_e120_k3_mid_16,g_n40_e120_k3_mid_16_p6,test,0.05,6,64,0,0.0
g_n40_e120_k3_mid_16,g_n40_e120_k3_mid_16_p6,test,0.1,12,64,0,0.0
g_n40_e120_k3_mid_16,g_n40_e120_k3_mid_16_p6,test,0.15,18,64,1,0.015625
g_n40_e120_k3_mid_16,g_n40_e120_k3_mid_16_p12,test,0.05,6,64,0,0.0
g_n40_e120_k3_mid_16,g_n40_e120_k3_mid_16_p12,test,0.1,11,64,0,0.0
g_n40_e120_k3_mid_16,g_n40_e120_k3_mid_16_p12,test,0.15,17,64,0,0.0
g_n40_e120_k3_mid_17,g_n40_e120_k3_mid_17_p0,train,0.05,6,64,0,0.0
g_n40_e120_k3_mid_17,g_n40_e120_k3_mid_17_p0,train,0.1,12,64,0,0.0
g_n40_e120_k3_mid_17,g_n40_e120_k3_mid_17_p0,train,0.15,18,64,1,0.015625
g_n40_e120_k3_mid_17,g_n40_e120_k3_mid_17_p6,train,0.05,6,64,1,0.015625
g_n40_e120_k3_mid_17,g_n40_e120_k3_mid_17_p6,train,0.1,12,64,1,0.015625
g_n40_e120_k3_mid_17,g_n40_e120_k3_mid_17_p6,train,0.15,18,64,2,0.03125
g_n40_e120_k3_mid_17,g_n40_e120_k3_mid_17_p12,train,0.05,6,64,0,0.0
g_n40_e120_k3_mid_17,g_n40_e120_k3_mid_17_p12,train,0.1,11,64,1,0.015625
g_n40_e120_k3_mid_17,g_n40_e120_k3_mid_17_p12,train,0.15,17,64,1,0.015625
g_n40_e120_k3_mid_18,g_n40_e120_k3_mid_18_p0,train,0.05,6,64,0,0.0
g_n40_e120_k3_mid_18,g_n40_e120_k3_mid_18_p0,train,0.1,12,64,1,0.015625
g_n40_e120_k3_mid_18,g_n40_e120_k3_mid_18_p0,train,0.15,18,64,2,0.03125
g_n40_e120_k3_mid_18,g_n40_e120_k3_mid_18_p6,train,0.05,6,64,0,0.0
g_n40_e120_k3_mid_18,g_n40_e120_k3_mid_18_p6,train,0.1,12,64,1,0.015625
g_n40_e120_k3_mid_18,g_n40_e120_k3_mid_18_p6,train,0.15,18,64,2,0.03125
g_n40_e120_k3_mid_18,g_n40_e120_k3_mid_18_p12,train,0.05,6,64,0,0.0
g_n40_e120_k3_mid_18,g_n40_e120_k3_mid_18_p12,train,0.1,11,64,0,0.0
g_n40_e120_k3_mid_18,g_n40_e120_k3_mid_18_p12,train,0.15,17,64,2,0.03125
g_n40_e120_k3_mid_19,g_n40_e120_k3_mid_19_p0,train,0.05,6,64,0,0.0
g_n40_e120_k3_mid_19,g_n40_e120_k3_mid_19_p0,train,0.1,12,64,0,0.0
g_n40_e120_k3_mid_19,g_n40_e120_k3_mid_19_p0,train,0.15,18,64,1,0.015625
g_n40_e120_k3_mid_19,g_n40_e120_k3_mid_19_p6,train,0.05,6,64,0,0.0
g_n40_e120_k3_mid_19,g_n40_e120_k3_mid_19_p6,train,0.1,12,64,1,0.015625
g_n40_e120_k3_mid_19,g_n40_e120_k3_mid_19_p6,train,0.15,18,64,3,0.046875
g_n40_e120_k3_mid_19,g_n40_e120_k3_mid_19_p12,train,0.05,6,64,0,0.0
g_n40_e120_k3_mid_19,g_n40_e120_k3_mid_19_p12,train,0.1,11,64,0,0.0
g_n40_e120_k3_mid_19,g_n40_e120_k3_mid_19_p12,train,0.15,17,64,0,0.0
g_n40_e120_k3_high_20,g_n40_e120_k3_high_20_p0,train,0.05,6,64,0,0.0
g_n40_e120_k3_high_20,g_n40_e120_k3_high_20_p0,train,0.1,12,64,0,0.0
g_n40_e120_k3_high_20,g_n40_e120_k3_high_20_p0,train,0.15,18,64,0,0.0
g_n40_e120_k3_high_20,g_n40_e120_k3_high_20_p6,train,0.05,6,64,0,0.0
g_n40_e120_k3_high_20,g_n40_e120_k3_high_20_p6,train,0.1,12,64,0,0.0
g_n40_e120_k3_high_20,g_n40_e120_k3_high_20_p6,train,0.15,18,64,0,0.0
g_n40_e120_k3_high_20,g_n40_e120_k3_high_20_p12,train,0.05,6,64,3,0.046875
g_n40_e120_k3_high_20,g_n40_e120_k3_high_20_p12,train,0.1,11,64,9,0.140625
g_n40_e120_k3_high_20,g_n40_e120_k3_high_20_p12,train,0.15,17,64,13,0.203125
g_n40_e120_k3_high_21,g_n40_e120_k3_high_21_p0,test,0.05,6,64,0,0.0
g_n40_e120_k3_high_21,g_n40_e120_k3_high_21_p0,test,0.1,12,64,0,0.0
g_n40_e120_k3_high_21,g_n40_e120_k3_high_21_p0,test,0.15,18,64,0,0.0
g_n40_e120_k3_high_21,g_n40_e120_k3_high_21_p6,test,0.05,6,64,0,0.0
g_n40_e120_k3_high_21,g_n40_e120_k3_high_21_p6,test,0.1,12,64,0,0.0
g_n40_e120_k3_high_21,g_n40_e120_k3_high_21_p6,test,0.15,18,64,0,0.0
g_n40_e120_k3_high_21,g_n40_e120_k3_high_21_p12,test,0.05,6,64,2,0.03125
g_n40_e120_k3_high_21,g_n40_e120_k3_high_21_p12,test,0.1,11,64,2,0.03125
g_n40_e120_k3_high_21,g_n40_e120_k3_high_21_p12,test,0.15,17,64,4,0.0625
g_n40_e120_k3_high_22,g_n40_e120_k3_high_22_p0,train,0.05,6,64,0,0.0
g_n40_e120_k3_high_22,g_n40_e120_k3_high_22_p0,train,0.1,12,64,0,0.0
g_n40_e120_k3_high_22,g_n40_e120_k3_high_22_p0,train,0.15,18,64,0,0.0
g_n40_e120_k3_high_22,g_n40_e120_k3_high_22_p6,train,0.05,6,64,0,0.0
g_n40_e120_k3_high_22,g_n40_e120_k3_high_22_p6,train,0.1,12,64,0,0.0
g_n40_e120_k3_high_22,g_n40_e120_k3_high_22_p6,train,0.15,18,64,2,0.03125
g_n40_e120_k3_high_22,g_n40_e120_k3_high_22_p12,train,0.05,6,64,0,0.0
g_n40_e120_k3_high_22,g_n40_e120_k3_high_22_p12,train,0.1,11,64,0,0.0
g_n40_e120_k3_high_22,g_n40_e120_k3_high_22_p12,train,0.15,17,64,3,0.046875
g_n40_e120_k3_high_23,g_n40_e120_k3_high_23_p0,train,0.05,6,64,0,0.0
g_n40_e120_k3_high_23,g_n40_e120_k3_high_23_p0,train,0.1,12,64,0,0.0
g_n40_e120_k3_high_23,g_n40_e120_k3_high_23_p0,train,0.15,18,64,0,0.0
g_n40_e120_k3_high_23,g_n40_e120_k3_high_23_p6,train,0.05,6,64,0,0.0
g_n40_e120_k3_high_23,g_n40_e120_k3_high_23_p6,train,0.1,12,64,0,0.0
g_n40_e120_k3_high_23,g_n40_e120_k3_high_23_p6,train,0.15,18,64,2,0.03125
g_n40_e120_k3_high_23,g_n40_e120_k3_high_23_p12,train,0.05,6,64,1,0.015625
g_n40_e120_k3_high_23,g_n40_e120_k3_high_23_p12,train,0.1,11,64,2,0.03125
g_n40_e120_k3_high_23,g_n40_e120_k3_high_23_p12,train,0.15,17,64,3,0.046875
g_n40_e120_k3_high_24,g_n40_e120_k3_high_24_p0,train,0.05,6,64,0,0.0
g_n40_e120_k3_high_24,g_n40_e120_k3_high_24_p0,train,0.1,12,64,0,0.0
g_n40_e120_k3_high_24,g_n40_e120_k3_high_24_p0,train,0.15,18,64,0,0.0
g_n40_e120_k3_high_24,g_n40_e120_k3_high_24_p6,train,0.05,6,64,0,0.0
g_n40_e120_k3_high_24,g_n40_e120_k3_high_24_p6,train,0.1,12,64,1,0.015625
g_n40_e120_k3_high_24,g_n40_e120_k3_high_24_p6,train,0.15,18,64,2,0.03125
g_n40_e120_k3_high_24,g_n40_e120_k3_high_24_p12,train,0.05,6,64,0,0.0
g_n40_e120_k3_high_24,g_n40_e120_k3_high_24_p12,train,0.1,11,64,2,0.03125
g_n40_e120_k3_high_24,g_n40_e120_k3_high_24_p12,train,0.15,17,64,3,0.046875
g_n40_e120_k3_high_25,g_n40_e120_k3_high_25_p0,validation,0.05,6,64,0,0.0
g_n40_e120_k3_high_25,g_n40_e120_k3_high_25_p0,validation,0.1,12,64,1,0.015625
g_n40_e120_k3_high_25,g_n40_e120_k3_high_25_p0,validation,0.15,18,64,2,0.03125
g_n40_e120_k3_high_25,g_n40_e120_k3_high_25_p6,validation,0.05,6,64,0,0.0
g_n40_e120_k3_high_25,g_n40_e120_k3_high_25_p6,validation,0.1,12,64,0,0.0
g_n40_e120_k3_high_25,g_n40_e120_k3_high_25_p6,validation,0.15,18,64,2,0.03125
g_n40_e120_k3_high_25,g_n40_e120_k3_high_25_p12,validation,0.05,6,64,3,0.046875
g_n40_e120_k3_high_25,g_n40_e120_k3_high_25_p12,validation,0.1,11,64,4,0.0625
g_n40_e120_k3_high_25,g_n40_e120_k3_high_25_p12,validation,0.15,17,64,6,0.09375
g_n40_e120_k3_high_26,g_n40_e120_k3_high_26_p0,validation,0.05,6,64,0,0.0
g_n40_e120_k3_high_26,g_n40_e120_k3_high_26_p0,validation,0.1,12,64,0,0.0
g_n40_e120_k3_high_26,g_n40_e120_k3_high_26_p0,validation,0.15,18,64,0,0.0
g_n40_e120_k3_high_26,g_n40_e120_k3_high_26_p6,validation,0.05,6,64,0,0.0
g_n40_e120_k3_high_26,g_n40_e120_k3_high_26_p6,validation,0.1,12,64,0,0.0
g_n40_e120_k3_high_26,g_n40_e120_k3_high_26_p6,validation,0.15,18,64,1,0.015625
g_n40_e120_k3_high_26,g_n40_e120_k3_high_26_p12,validation,0.05,6,64,5,0.078125
g_n40_e120_k3_high_26,g_n40_e120_k3_high_26_p12,validation,0.1,11,64,7,0.109375
g_n40_e120_k3_high_26,g_n40_e120_k3_high_26_p12,validation,0.15,17,64,14,0.21875
g_n40_e120_k3_high_27,g_n40_e120_k3_high_27_p0,train,0.05,6,64,0,0.0
g_n40_e120_k3_high_27,g_n40_e120_k3_high_27_p0,train,0.1,12,64,0,0.0
g_n40_e120_k3_high_27,g_n40_e120_k3_high_27_p0,train,0.15,18,64,0,0.0
g_n40_e120_k3_high_27,g_n40_e120_k3_high_27_p6,train,0.05,6,64,0,0.0
g_n40_e120_k3_high_27,g_n40_e120_k3_high_27_p6,train,0.1,12,64,1,0.015625
g_n40_e120_k3_high_27,g_n40_e120_k3_high_27_p6,train,0.15,18,64,3,0.046875
g_n40_e120_k3_high_27,g_n40_e120_k3_high_27_p12,train,0.05,6,64,0,0.0
g_n40_e120_k3_high_27,g_n40_e120_k3_high_27_p12,train,0.1,11,64,2,0.03125
g_n40_e120_k3_high_27,g_n40_e120_k3_high_27_p12,train,0.15,17,64,4,0.0625
g_n40_e120_k3_high_28,g_n40_e120_k3_high_28_p0,train,0.05,6,64,0,0.0
g_n40_e120_k3_high_28,g_n40_e120_k3_high_28_p0,train,0.1,12,64,0,0.0
g_n40_e120_k3_high_28,g_n40_e120_k3_high_28_p0,train,0.15,18,64,0,0.0
g_n40_e120_k3_high_28,g_n40_e120_k3_high_28_p6,train,0.05,6,64,0,0.0
g_n40_e120_k3_high_28,g_n40_e120_k3_high_28_p6,train,0.1,12,64,0,0.0
g_n40_e120_k3_high_28,g_n40_e120_k3_high_28_p6,train,0.15,18,64,0,0.0
g_n40_e120_k3_high_28,g_n40_e120_k3_high_28_p12,train,0.05,6,64,0,0.0
g_n40_e120_k3_high_28,g_n40_e120_k3_high_28_p12,train,0.1,11,64,0,0.0
g_n40_e120_k3_high_28,g_n40_e120_k3_high_28_p12,train,0.15,17,64,1,0.015625
g_n40_e120_k3_high_29,g_n40_e120_k3_high_29_p0,test,0.05,6,64,0,0.0
g_n40_e120_k3_high_29,g_n40_e120_k3_high_29_p0,test,0.1,12,64,0,0.0
g_n40_e120_k3_high_29,g_n40_e120_k3_high_29_p0,test,0.15,18,64,0,0.0
g_n40_e120_k3_high_29,g_n40_e120_k3_high_29_p6,test,0.05,6,64,0,0.0
g_n40_e120_k3_high_29,g_n40_e120_k3_high_29_p6,test,0.1,12,64,0,0.0
g_n40_e120_k3_high_29,g_n40_e120_k3_high_29_p6,test,0.15,18,64,1,0.015625
g_n40_e120_k3_high_29,g_n40_e120_k3_high_29_p12,test,0.05,6,64,0,0.0
g_n40_e120_k3_high_29,g_n40_e120_k3_high_29_p12,test,0.1,11,64,1,0.015625
g_n40_e120_k3_high_29,g_n40_e120_k3_high_29_p12,test,0.15,17,64,3,0.046875
