graph_id,state_id,split,n,e0,et,kappa0,kappat,tau_stratum,prefix_len,prefix_seed,tau0,tau,log_tau0,log_tau,L_t,deleted_edge_count,deleted_edge_fraction,edge_density,mean_degree,degree_variance,min_degree,bridge_count,avg_shortest_path_length,diameter,algebraic_connectivity,laplacian_spectral_radius,adjacency_spectral_gap,kirchhoff_index,betweenness_mean,betweenness_max,betweenness_std
g_n24_e48_k2_low_00,g_n24_e48_k2_low_00_p0,train,24,48,48,2,2,low,0,3379919975,13018811370,13018811370,23.289661176932682,23.289661176932682,0.0,0,0.0,0.17391304347826086,4.0,2.6666666666666665,2,0,2.8731884057971016,7,0.202950804507559,8.43619364452517,0.20069924800452288,308.1376229595828,0.08514492753623187,0.2773950686994165,0.08916456508279326
g_n24_e48_k2_low_00,g_n24_e48_k2_low_00_p3,train,24,48,45,2,2,low,3,3879921475,13018811370,2057493900,23.289661176932682,21.444754525748042,1.8449066511846404,3,0.0625,0.16304347826086957,3.75,2.6875,2,0,3.010869565217391,7,0.17682209388636858,8.422402520157473,0.149828751886246,341.1921708807986,0.09140316205533595,0.33948804818370026,0.10121165282843712
g_n24_e48_k2_low_01,g_n24_e48_k2_low_01_p0,test,24,48,48,2,2,low,0,2658540016,15337796704,15337796704,23.453585991800402,23.453585991800402,0.0,0,0.0,0.17391304347826086,4.0,2.5833333333333335,2,0,2.7028985507246377,6,0.2278064068493729,8.859530452251366,0.6948511370891026,294.7385492283284,0.07740447957839262,0.3599567099567099,0.101202883542101
g_n24_e48_k2_low_01,g_n24_e48_k2_low_01_p3,test,24,48,45,2,1,low,3,3158541516,15337796704,2340128851,23.453585991800402,21.57347182932994,1.8801141624704627,3,0.0625,0.16304347826086957,3.75,2.4375,1,1,2.753623188405797,6,0.22565365019609734,8.647454617778024,0.6319929668217457,319.9833024728597,0.07971014492753623,0.3461603613777527,0.09911614991321771
g_n24_e48_k2_low_01,g_n24_e48_k2_low_01_p5,test,24,48,43,2,1,low,5,3658543016,15337796704,216997368,23.453585991800402,19.19539578239892,4.258190209401484,5,0.10416666666666667,0.15579710144927536,3.5833333333333335,2.8263888888888893,1,4,2.829710144927536,6,0.1977520230290195,8.190821289379072,0.5112666853771248,384.1188221969593,0.08316864295125163,0.3812911725955204,0.10527208642480494
g_n24_e48_k2_low_02,g_n24_e48_k2_low_02_p0,train,24,48,48,2,2,low,0,1937160057,15957252864,15957252864,23.49317928783685,23.49317928783685,0.0,0,0.0,0.17391304347826086,4.0,3.0,2,0,2.6594202898550723,6,0.22812861622331845,8.69606016571537,0.5904763540584099,288.33463028439144,0.07542819499341237,0.3059750526153687,0.09702998707216967
g_n24_e48_k2_low_02,g_n24_e48_k2_low_02_p3,train,24,48,45,2,1,low,3,2437161557,15957252864,1865694544,23.49317928783685,21.3468992303664,2.146280057470449,3,0.0625,0.16304347826086957,3.75,2.7708333333333335,1,2,2.847826086956522,7,0.19891647114582475,8.380087126109201,0.5447373152738937,340.0766779773569,0.08399209486166008,0.31706192358366264,0.09913772621541084
g_n24_e48_k2_low_02,g_n24_e48_k2_low_02_p5,train,24,48,43,2,1,low,5,2937163057,15957252864,695394269,23.49317928783685,20.359989536204104,3.133189751632745,5,0.10416666666666667,0.15579710144927536,3.5833333333333335,2.7430555555555554,1,1,2.8043478260869565,6,0.21000190214331765,8.35288230118491,0.4738180699077126,331.32726305945584,0.08201581027667983,0.33451910408432145,0.0998383668389511
g_n24_e48_k2_low_03,g_n24_e48_k2_low_03_p0,validation,24,48,48,2,2,low,0,1215780098,15961351104,15961351104,23.493436081024086,23.493436081024086,0.0,0,0.0,0.17391304347826086,4.0,2.8333333333333335,2,0,2.7355072463768115,6,0.21495127710930836,10.166204254199016,0.390522424707477,295.99319204475296,0.07888669301712779,0.33329568981742896,0.1017143237437933
g_n24_e48_k2_low_03,g_n24_e48_k2_low_03_p3,validation,24,48,45,2,1,low,3,1715781598,15961351104,2135989569,23.493436081024086,21.48219587460547,2.0112402064186163,3,0.0625,0.16304347826086957,3.75,2.8541666666666665,1,1,2.800724637681159,6,0.21061165862442704,10.141629132704606,0.6022387999489274,324.29875271314944,0.08185111989459813,0.3414361001317522,0.10507792232948387
g_n24_e48_k2_low_03,g_n24_e48_k2_low_03_p5,validation,24,48,43,2,1,low,5,2215783098,15961351104,762400080,23.493436081024086,20.451982015236055,3.041454065788031,5,0.10416666666666667,0.15579710144927536,3.5833333333333335,2.076388888888889,1,1,2.927536231884058,6,0.1843586230914633,9.225876935228143,0.7338578999915479,353.40505507291994,0.0876152832674572,0.3700263504611331,0.10914902918093568
g_n24_e48_k2_low_04,g_n24_e48_k2_low_04_p0,train,24,48,48,2,2,low,0,494400139,16712035376,16712035376,23.539394978000733,23.539394978000733,0.0,0,0.0,0.17391304347826086,4.0,3.1666666666666665,2,0,2.8043478260869565,6,0.18979518914623367,10.17645200353043,0.28178479455370287,303.88090688278265,0.08201581027667983,0.37195558065123285,0.11818621357703897
g_n24_e48_k2_low_04,g_n24_e48_k2_low_04_p3,train,24,48,45,2,2,low,3,994401639,16712035376,3010821856,23.539394978000733,21.825478920298515,1.7139160577022174,3,0.0625,0.16304347826086957,3.75,2.9375,2,0,2.8768115942028984,6,0.17970949021632887,10.171511869325506,0.3856134953392445,326.51862911280784,0.08530961791831355,0.37776123744503187,0.12097024755931526
g_n24_e48_k2_low_04,g_n24_e48_k2_low_04_p5,train,24,48,43,2,1,low,5,1494403139,16712035376,597733568,23.539394978000733,20.208655674171617,3.330739303829116,5,0.10416666666666667,0.15579710144927536,3.5833333333333335,2.2430555555555554,1,1,3.072463768115942,7,0.14812607218757137,8.724474525050915,0.20292541686257382,382.9927658638687,0.09420289855072463,0.45454545454545453,0.1293491426095248
g_n24_e48_k2_low_05,g_n24_e48_k2_low_05_p0,train,24,48,48,2,2,low,0,4067987476,17299902368,17299902368,23.57396669496601,23.57396669496601,0.0,0,0.0,0.17391304347826086,4.0,3.0,2,0,2.851449275362319,6,0.18204514019592571,10.239498438860133,0.19740474771307248,307.33206133235853,0.08415678524374177,0.45730284208545074,0.12324031358027272
g_n24_e48_k2_low_05,g_n24_e48_k2_low_05_p3,train,24,48,45,2,1,low,3,273021680,17299902368,1845963680,23.57396669496601,21.3362672978606,2.237699397105409,3,0.0625,0.16304347826086957,3.75,2.6041666666666665,2,1,3.0869565217391304,7,0.09629461412673976,9.20134244990349,0.38633679005350885,439.83094176587474,0.09486166007905138,0.5899115377376247,0.15802327170673847
g_n24_e48_k2_low_05,g_n24_e48_k2_low_05_p5,train,24,48,43,2,1,low,5,773023180,17299902368,379642511,23.57396669496601,19.754740607365477,3.8192260876005335,5,0.10416666666666667,0.15579710144927536,3.5833333333333335,3.4097222222222228,1,1,2.9456521739130435,6,0.17433866804001877,10.239125067352225,0.6795818973180534,365.01077872704235,0.0884387351778656,0.4828722002635045,0.13529744466145474
g_n24_e48_k2_low_06,g_n24_e48_k2_low_06_p0,train,24,48,48,2,2,low,0,3346607517,17616241359,17616241359,23.592087117956854,23.592087117956854,0.0,0,0.0,0.17391304347826086,4.0,2.75,2,0,2.8079710144927534,6,0.19588855064869393,9.213764433165345,0.33594018209850063,301.73247607511854,0.08218050065876152,0.33840579710144925,0.1007377710055849
g_n24_e48_k2_low_06,g_n24_e48_k2_low_06_p3,train,24,48,45,2,1,low,3,3846609017,17616241359,1199335701,23.592087117956854,20.905033657957002,2.687053459999852,3,0.0625,0.16304347826086957,3.75,2.3541666666666665,1,2,3.2427536231884058,8,0.09901007543950249,8.444302877123322,0.1394524525094223,454.7562678574887,0.10194334650856389,0.5382081686429513,0.1442479989071418
g_n24_e48_k2_low_07,g_n24_e48_k2_low_07_p0,test,24,48,48,2,2,low,0,2625227558,18048644005,18048644005,23.61633639452659,23.61633639452659,0.0,0,0.0,0.17391304347826086,4.0,2.75,2,0,2.782608695652174,6,0.20604992507537034,9.268468087940667,0.22060722609562244,296.46391343126476,0.08102766798418971,0.3281949934123847,0.0992594782796554
g_n24_e48_k2_low_07,g_n24_e48_k2_low_07_p3,test,24,48,45,2,2,low,3,3125229058,18048644005,3566064389,23.61633639452659,21.99472841259002,1.6216079819365703,3,0.0625,0.16304347826086957,3.75,2.3541666666666665,2,0,2.8550724637681157,6,0.1850282737994992,8.4244769664575,0.1910780391929805,322.46262587576916,0.08432147562582344,0.36587615283267466,0.10506542676160086
g_n24_e48_k2_low_07,g_n24_e48_k2_low_07_p5,test,24,48,43,2,1,low,5,3625230558,18048644005,201118284,23.61633639452659,19.119403770550242,4.496932623976349,5,0.10416666666666667,0.15579710144927536,3.5833333333333335,2.743055555555556,1,3,3.217391304347826,7,0.09654589680267135,9.184062885190198,0.2402493293347403,500.0654825097782,0.10079051383399211,0.5912384716732543,0.15848405932720802
g_n24_e48_k2_low_08,g_n24_e48_k2_low_08_p0,validation,24,48,48,2,2,low,0,1903847599,18157411441,18157411441,23.62234465816436,23.62234465816436,0.0,0,0.0,0.17391304347826086,4.0,2.5,2,0,2.7318840579710146,6,0.2187770501427006,9.104856093739292,0.5745348040776577,293.70598784533115,0.07872200263504611,0.4272321881017534,0.11007744791651411
g_n24_e48_k2_low_08,g_n24_e48_k2_low_08_p3,validation,24,48,45,2,1,low,3,2403849099,18157411441,1532201996,23.62234465816436,21.149971750748144,2.472372907416215,3,0.0625,0.16304347826086957,3.75,2.7708333333333335,1,2,2.7934782608695654,6,0.20981074537386868,8.777151568562939,0.6090622736981222,332.8878964082752,0.08152173913043477,0.41771127423301335,0.10984802218963241
g_n24_e48_k2_low_08,g_n24_e48_k2_low_08_p5,validation,24,48,43,2,1,low,5,2903850599,18157411441,589055220,23.62234465816436,20.194030489343646,3.4283141688207124,5,0.10416666666666667,0.15579710144927536,3.5833333333333335,2.493055555555556,1,1,2.829710144927536,6,0.20643151571665408,8.72907809205645,0.5133032438613343,342.9931065274327,0.08316864295125165,0.4630717108977978,0.11532224432202864
g_n24_e48_k2_low_09,g_n24_e48_k2_low_09_p0,train,24,48,48,2,2,low,0,1182467640,18509842272,18509842272,23.641568442263743,23.641568442263743,0.0,0,0.0,0.17391304347826086,4.0,3.1666666666666665,2,0,2.579710144927536,5,0.21779539833105874,10.639630452203349,0.5825040789573386,290.83190119190203,0.07180500658761527,0.5248541313758703,0.13714272128385852
g_n24_e48_k2_low_09,g_n24_e48_k2_low_09_p3,train,24,48,45,2,1,low,3,1682469140,18509842272,2323840413,23.641568442263743,21.566487004473252,2.075081437790491,3,0.0625,0.16304347826086957,3.75,3.3541666666666665,1,1,2.601449275362319,5,0.21619052636654568,10.635314066182595,0.6212882714251191,316.5916990798109,0.0727931488801054,0.5349990589121023,0.14028700881013612
g_n24_e48_k2_low_09,g_n24_e48_k2_low_09_p5,train,24,48,43,2,2,low,5,2182470640,18509842272,669582672,23.641568442263743,20.322165198668493,3.31940324359525,5,0.10416666666666667,0.15579710144927536,3.5833333333333335,2.9930555555555554,2,0,2.7681159420289854,5,0.20224716019816702,10.2532658567048,0.9576239929819588,338.0260979752467,0.08036890645586298,0.5163372859025033,0.13154256196840322
g_n24_e48_k2_mid_10,g_n24_e48_k2_mid_10_p0,train,24,48,48,2,2,mid,0,461087681,31877829888,31877829888,24.18517661728422,24.18517661728422,0.0,0,0.0,0.17391304347826086,4.0,2.1666666666666665,2,0,2.6594202898550723,5,0.22458149407751488,9.115755302094835,0.6064572069889707,278.76875068604363,0.07542819499341237,0.35204216073781286,0.09462371891171814
g_n24_e48_k2_mid_10,g_n24_e48_k2_mid_10_p3,train,24,48,45,2,1,mid,3,961089181,31877829888,3933841266,24.18517661728422,22.09288220683639,2.092294410447831,3,0.0625,0.16304347826086957,3.75,2.0208333333333335,1,1,2.7934782608695654,6,0.20779102287246418,8.578858454877714,0.4703588539381669,312.9507600287122,0.08152173913043477,0.35420666290231506,0.09903805621058537
g_n24_e48_k2_mid_10,g_n24_e48_k2_mid_10_p5,train,24,48,43,2,1,mid,5,1461090681,31877829888,1205892386,24.18517661728422,20.910485699097507,3.274690918186714,5,0.10416666666666667,0.15579710144927536,3.5833333333333335,1.909722222222222,1,1,2.8043478260869565,6,0.21209344899510307,8.492918144814759,0.7558471932381394,324.51025689700396,0.08201581027667983,0.35375494071146235,0.09609710748895589
g_n24_e48_k2_mid_11,g_n24_e48_k2_mid_11_p0,test,24,48,48,2,2,mid,0,4034675018,31969277624,31969277624,24.18804120432966,24.18804120432966,0.0,0,0.0,0.17391304347826086,4.0,1.5833333333333333,2,0,2.9094202898550723,7,0.18678132119260005,8.09408627448678,0.13425461890921753,298.2503423870934,0.08679183135704872,0.3366890546524413,0.09459229033203537
g_n24_e48_k2_mid_11,g_n24_e48_k2_mid_11_p3,test,24,48,45,2,2,mid,3,239709222,31969277624,4245780112,24.18804120432966,22.16919141179274,2.018849792536919,3,0.0625,0.16304347826086957,3.75,1.4375,2,0,3.1630434782608696,7,0.15339502515978826,7.737753393333001,0.3138269265573559,347.8561315753815,0.0983201581027668,0.3115942028985506,0.09727844929402464
g_n24_e48_k2_mid_11,g_n24_e48_k2_mid_11_p5,test,24,48,43,2,1,mid,5,739710722,31969277624,387945988,24.18804120432966,19.7763766817119,4.411664522617762,5,0.10416666666666667,0.15579710144927536,3.5833333333333335,1.576388888888889,1,3,3.5905797101449277,8,0.06600119066166009,7.839282607471514,0.16955861789376137,580.1939449725527,0.1177536231884058,0.5444005270092227,0.16445146262196703
g_n24_e48_k2_mid_12,g_n24_e48_k2_mid_12_p0,train,24,48,48,2,2,mid,0,3313295059,32709357303,32709357303,24.21092702996983,24.21092702996983,0.0,0,0.0,0.17391304347826086,4.0,1.5833333333333333,2,0,2.822463768115942,6,0.20719111833394702,8.264996779826538,0.41908096442623055,289.47413761983626,0.08283926218708827,0.2891157061698796,0.09412761417792094
g_n24_e48_k2_mid_12,g_n24_e48_k2_mid_12_p3,train,24,48,45,2,1,mid,3,3813296559,32709357303,1933311813,24.21092702996983,21.382500334561826,2.8284266954080053,3,0.0625,0.16304347826086957,3.75,2.1875,1,3,2.8840579710144927,7,0.20006813108503238,8.19042286646027,0.41685918846806436,338.64014153830493,0.08563899868247693,0.28467025689183323,0.09754504107085822
g_n24_e48_k2_mid_12,g_n24_e48_k2_mid_12_p5,train,24,48,43,2,1,mid,5,18330763,32709357303,1093670448,24.21092702996983,20.812805259733764,3.3981217702360667,5,0.10416666666666667,0.15579710144927536,3.5833333333333335,1.6597222222222223,1,1,2.971014492753623,6,0.18521553176625954,8.145896609193066,0.8334244524761631,344.6542567418808,0.0895915678524374,0.3086297760210803,0.0950677642551242
g_n24_e48_k2_mid_13,g_n24_e48_k2_mid_13_p0,train,24,48,48,2,2,mid,0,2591915100,32909977704,32909977704,24.21704172241738,24.21704172241738,0.0,0,0.0,0.17391304347826086,4.0,1.5833333333333333,2,0,2.7028985507246377,5,0.21325537365571842,8.52509936619943,0.4150669220191352,285.1833379612791,0.07740447957839262,0.4061923583662714,0.10509920319265088
g_n24_e48_k2_mid_13,g_n24_e48_k2_mid_13_p3,train,24,48,45,2,2,mid,3,3091916600,32909977704,6099904833,24.21704172241738,22.531539006856438,1.6855027155609434,3,0.0625,0.16304347826086957,3.75,1.4375,2,0,2.7934782608695654,6,0.201496099139904,8.35776774304072,0.3764033473690329,306.3059199895886,0.08152173913043477,0.3932147562582345,0.10206785869953311
g_n24_e48_k2_mid_13,g_n24_e48_k2_mid_13_p5,train,24,48,43,2,1,mid,5,3591918100,32909977704,1389117357,24.21704172241738,21.051934387430293,3.1651073349870877,5,0.10416666666666667,0.15579710144927536,3.5833333333333335,1.576388888888889,1,1,2.8659420289855073,6,0.19258957523759646,8.343349561823333,0.3874315545169691,330.4513028937697,0.0848155467720685,0.4050065876152832,0.1076430850905939
g_n24_e48_k2_mid_14,g_n24_e48_k2_mid_14_p0,test,24,48,48,2,2,mid,0,1870535141,33035947664,33035947664,24.220862128682462,24.220862128682462,0.0,0,0.0,0.17391304347826086,4.0,1.9166666666666667,2,0,2.789855072463768,5,0.19022089707552925,9.494356138642651,0.38203194636324866,294.0108478392006,0.08135704874835309,0.33155467720685106,0.10574457507273945
g_n24_e48_k2_mid_14,g_n24_e48_k2_mid_14_p3,test,24,48,45,2,2,mid,3,2370536641,33035947664,3795742387,24.220862128682462,22.05714585106033,2.1637162776221324,3,0.0625,0.16304347826086957,3.75,1.8541666666666667,2,0,3.152173913043478,6,0.14230138636998552,9.386953371046948,0.3986158538618332,357.04470985401406,0.09782608695652173,0.30520421607378123,0.1135090208308235
g_n24_e48_k2_mid_14,g_n24_e48_k2_mid_14_p5,test,24,48,43,2,2,mid,5,2870538141,33035947664,1573423652,24.220862128682462,21.17651975216031,3.0443423765221524,5,0.10416666666666667,0.15579710144927536,3.5833333333333335,1.7430555555555556,2,0,2.898550724637681,6,0.18373435360680315,8.82382447902703,0.6860428925709163,329.88862080865704,0.08629776021080367,0.38254281949934116,0.10679742126279926
g_n24_e48_k2_mid_15,g_n24_e48_k2_mid_15_p0,train,24,48,48,2,2,mid,0,1149155182,33098630022,33098630022,24.222757729409434,24.222757729409434,0.0,0,0.0,0.17391304347826086,4.0,1.9166666666666667,2,0,2.778985507246377,6,0.20893678791239229,8.323777696007681,0.2799067762801499,283.9747124038247,0.08086297760210805,0.2846132128740824,0.08912574994178558
g_n24_e48_k2_mid_15,g_n24_e48_k2_mid_15_p3,train,24,48,45,2,1,mid,3,1649156682,33098630022,2803585557,24.222757729409434,21.75416499098636,2.468592738423073,3,0.0625,0.16304347826086957,3.75,2.0208333333333335,1,2,2.9384057971014492,7,0.18776571940445666,8.240708987344789,0.259648442411728,332.96832460390937,0.08810935441370223,0.2770092226613965,0.09031347666923985
g_n24_e48_k2_mid_15,g_n24_e48_k2_mid_15_p5,train,24,48,43,2,1,mid,5,2149158182,33098630022,1568019105,24.222757729409434,21.173078943111623,3.049678786297811,5,0.10416666666666667,0.15579710144927536,3.5833333333333335,1.4930555555555556,1,1,2.891304347826087,6,0.19391634558375045,7.57259608667387,0.38198957617963814,326.6205822575089,0.0859683794466403,0.2874364765669114,0.09156393873062481
g_n24_e48_k2_mid_16,g_n24_e48_k2_mid_16_p0,validation,24,48,48,2,2,mid,0,427775223,34555589124,34555589124,24.265835143223036,24.265835143223036,0.0,0,0.0,0.17391304347826086,4.0,1.8333333333333333,2,0,2.789855072463768,6,0.20073641687313573,9.02509888815569,0.4682379115555646,287.7773164557459,0.08135704874835308,0.30951439864483343,0.0913171050196304
g_n24_e48_k2_mid_16,g_n24_e48_k2_mid_16_p3,validation,24,48,45,2,2,mid,3,927776723,34555589124,6992269968,24.265835143223036,22.66807108553824,1.5977640576847953,3,0.0625,0.16304347826086957,3.75,1.2708333333333333,2,0,2.869565217391304,6,0.1962952340840401,7.697178552426912,0.36683828025619736,308.29209084107947,0.08498023715415019,0.31133069828722,0.0901705713485468
g_n24_e48_k2_mid_16,g_n24_e48_k2_mid_16_p5,validation,24,48,43,2,2,mid,5,1427778223,34555589124,2171350251,24.265835143223036,21.49861504647442,2.7672200967486162,5,0.10416666666666667,0.15579710144927536,3.5833333333333335,1.2430555555555556,2,0,2.996376811594203,6,0.18265248199160675,7.691703466464512,0.32255975811307014,325.4005242841848,0.09074440052700922,0.31958186740795436,0.08824505256209067
g_n24_e48_k2_mid_17,g_n24_e48_k2_mid_17_p0,train,24,48,48,2,2,mid,0,4001362560,34623232152,34623232152,24.26779074316851,24.26779074316851,0.0,0,0.0,0.17391304347826086,4.0,1.8333333333333333,2,0,2.6231884057971016,5,0.2324981353435379,8.445648198724323,0.3574899631149284,275.01323938105986,0.07378129117259552,0.3450436037392559,0.0978197622936856
g_n24_e48_k2_mid_17,g_n24_e48_k2_mid_17_p3,train,24,48,45,2,1,mid,3,206396764,34623232152,3870398304,24.26779074316851,22.076623259622338,2.191167483546174,3,0.0625,0.16304347826086957,3.75,2.2708333333333335,1,1,2.6449275362318843,5,0.22972608018545518,8.422425079216401,0.43281537520888147,302.6416168458499,0.07476943346508562,0.3493255536733797,0.0992352812168491
g_n24_e48_k2_mid_18,g_n24_e48_k2_mid_18_p0,validation,24,48,48,2,2,mid,0,3279982601,34643608425,34643608425,24.268379084528334,24.268379084528334,0.0,0,0.0,0.17391304347826086,4.0,2.0,2,0,2.746376811594203,6,0.2017088577807252,8.56894835837283,0.5152239878317246,285.64346409622146,0.07938076416337285,0.41630905326557494,0.10958248440704432
g_n24_e48_k2_mid_18,g_n24_e48_k2_mid_18_p3,validation,24,48,45,2,1,mid,3,3779984101,34643608425,3787561608,24.268379084528334,22.05498827378822,2.2133908107401155,3,0.0625,0.16304347826086957,3.75,2.0208333333333335,1,1,2.822463768115942,6,0.1980893484820063,8.517279006867618,0.6432193409959148,317.40331091665087,0.08283926218708826,0.4127140974967062,0.11048387853226466
g_n24_e48_k2_mid_18,g_n24_e48_k2_mid_18_p5,validation,24,48,43,2,1,mid,5,4279985601,34643608425,1274781999,24.268379084528334,20.96604101976138,3.3023380647669534,5,0.10416666666666667,0.15579710144927536,3.5833333333333335,1.576388888888889,1,1,3.0652173913043477,7,0.15925990518121777,7.819156187046218,0.22290482085314745,353.4199476384331,0.09387351778656124,0.43117824204780714,0.11680110820626105
g_n24_e48_k2_mid_19,g_n24_e48_k2_mid_19_p0,train,24,48,48,2,2,mid,0,2558602642,35103082704,35103082704,24.281554789886513,24.281554789886513,0.0,0,0.0,0.17391304347826086,4.0,2.25,2,0,2.670289855072464,6,0.2187228642437784,9.488431310926766,0.6386715851836291,277.70576185222524,0.07592226613965743,0.3830415960850744,0.09908282308577397
g_n24_e48_k2_mid_19,g_n24_e48_k2_mid_19_p3,train,24,48,45,2,2,mid,3,3058604142,35103082704,4491761376,24.281554789886513,22.225510750416927,2.0560440394695867,3,0.0625,0.16304347826086957,3.75,2.2708333333333335,2,0,2.88768115942029,6,0.19210370635364765,9.390896518827988,0.7654911447086579,313.63388955415337,0.08580368906455864,0.38552264599695435,0.10137963997739423
g_n24_e48_k2_mid_19,g_n24_e48_k2_mid_19_p5,train,24,48,43,2,2,mid,5,3558605642,35103082704,2113991532,24.281554789886513,21.47184371870999,2.8097110711765225,5,0.10416666666666667,0.15579710144927536,3.5833333333333335,1.7430555555555556,2,0,2.8369565217391304,6,0.19889100161810103,8.449228342899765,0.27520288669685833,313.34738045961166,0.08349802371541502,0.28886693017127807,0.09436856998036099
g_n24_e48_k2_high_20,g_n24_e48_k2_high_20_p0,train,24,48,48,2,2,high,0,1837222683,51158673032,51158673032,24.65819787571316,24.65819787571316,0.0,0,0.0,0.17391304347826086,4.0,1.5,2,0,2.677536231884058,5,0.214648582020127,9.347746334318684,0.42378322113437505,276.27279814664666,0.0762516469038208,0.4744965179747789,0.11146181576330129
g_n24_e48_k2_high_20,g_n24_e48_k2_high_20_p3,train,24,48,45,2,2,high,3,2337224183,51158673032,6499294444,24.65819787571316,22.59495946087942,2.063238414833741,3,0.0625,0.16304347826086957,3.75,1.8541666666666667,2,0,2.7355072463768115,6,0.21197903469123866,9.326098816143839,0.4342291133458396,298.50699578737243,0.07888669301712779,0.4733360842056494,0.1113545393321537
g_n24_e48_k2_high_20,g_n24_e48_k2_high_20_p5,train,24,48,43,2,1,high,5,2837225683,51158673032,696976157,24.65819787571316,20.362261760105255,4.295936115607905,5,0.10416666666666667,0.15579710144927536,3.5833333333333335,1.9930555555555554,2,1,2.9239130434782608,6,0.11658988309382456,9.295120824435777,0.4165830313830847,417.9879370880734,0.08745059288537549,0.6267457180500658,0.15702375151264822
g_n24_e48_k2_high_21,g_n24_e48_k2_high_21_p0,train,24,48,48,2,2,high,0,1115842724,52103433630,52103433630,24.676496688140645,24.676496688140645,0.0,0,0.0,0.17391304347826086,4.0,1.3333333333333333,2,0,2.681159420289855,6,0.22849954298707978,8.092108715213229,0.4100622090913397,269.89408738053396,0.07641633728590251,0.2763222284961415,0.08655239984813821
g_n24_e48_k2_high_21,g_n24_e48_k2_high_21_p3,train,24,48,45,2,2,high,3,1615844224,52103433630,7416693722,24.676496688140645,22.72699920479401,1.9494974833466365,3,0.0625,0.16304347826086957,3.75,1.3541666666666667,2,0,2.847826086956522,6,0.19182852157509264,7.7810045196016775,0.2716417089619636,307.27014177301976,0.08399209486166008,0.31771284271284267,0.09324203168190875
g_n24_e48_k2_high_21,g_n24_e48_k2_high_21_p5,train,24,48,43,2,1,high,5,2115845724,52103433630,743782200,24.676496688140645,20.4272588080046,4.249237880136047,5,0.10416666666666667,0.15579710144927536,3.5833333333333335,2.1597222222222223,1,2,2.8043478260869565,6,0.21616988872954823,8.053775409527427,0.4570564603645275,335.40401746909174,0.08201581027667984,0.28690946734425,0.0919891848449671
g_n24_e48_k2_high_22,g_n24_e48_k2_high_22_p0,train,24,48,48,2,2,high,0,394462765,52948892878,52948892878,24.692592999955593,24.692592999955593,0.0,0,0.0,0.17391304347826086,4.0,1.25,2,0,2.721014492753623,5,0.2147428536572215,8.163504176466898,0.3471466572994064,276.0143107566332,0.07822793148880104,0.3264787913009257,0.09268642302623373
g_n24_e48_k2_high_22,g_n24_e48_k2_high_22_p3,train,24,48,45,2,2,high,3,894464265,52948892878,10900241032,24.692592999955593,23.11205073896454,1.5805422609910522,3,0.0625,0.16304347826086957,3.75,0.9375,2,0,2.7572463768115942,5,0.2119638814830452,7.470327405057856,0.22872755907735431,291.32968988093467,0.07987483530961792,0.2964426877470355,0.08846001842996117
g_n24_e48_k2_high_22,g_n24_e48_k2_high_22_p5,train,24,48,43,2,2,high,5,1394465765,52948892878,2819696258,24.692592999955593,21.759895006166225,2.9326979937893682,5,0.10416666666666667,0.15579710144927536,3.5833333333333335,1.076388888888889,2,0,2.86231884057971,6,0.19692607456815167,7.641467745196893,0.5267914540989103,312.25522055184484,0.08465085638998682,0.2891492565405609,0.08906216784263929
g_n24_e48_k2_high_23,g_n24_e48_k2_high_23_p0,validation,24,48,48,2,2,high,0,3968050102,54422725525,54422725525,24.72004765219697,24.72004765219697,0.0,0,0.0,0.17391304347826086,4.0,1.0833333333333333,2,0,2.931159420289855,7,0.18136270263366674,8.302775937596834,0.30734415238400636,292.74360362132643,0.08777997364953886,0.4258723160897073,0.10604907767532976
g_n24_e48_k2_high_23,g_n24_e48_k2_high_23_p3,validation,24,48,45,2,1,high,3,173084306,54422725525,4861328436,24.72004765219697,22.30457757824878,2.4154700739481925,3,0.0625,0.16304347826086957,3.75,1.5208333333333333,1,1,2.967391304347826,7,0.17511365079373112,8.242148066924798,0.3086952217354071,329.91074167324393,0.08942687747035573,0.4414580588493632,0.11181823891878748
g_n24_e48_k2_high_23,g_n24_e48_k2_high_23_p5,validation,24,48,43,2,2,high,5,673085806,54422725525,2125396137,24.72004765219697,21.47722403936099,3.2428236128359806,5,0.10416666666666667,0.15579710144927536,3.5833333333333335,1.326388888888889,2,0,3.0072463768115942,7,0.17860934712965928,8.112637768407449,0.417523244033414,328.42191544690843,0.09123847167325429,0.4298671875755567,0.10749743335125059
g_n24_e48_k2_high_24,g_n24_e48_k2_high_24_p0,validation,24,48,48,2,2,high,0,3246670143,54811301856,54811301856,24.727162247884372,24.727162247884372,0.0,0,0.0,0.17391304347826086,4.0,1.25,2,0,2.75,5,0.19171722502888183,8.726776086315903,0.28920054138650997,284.70704501166165,0.07954545454545454,0.4255693581780539,0.11316333699479936
g_n24_e48_k2_high_24,g_n24_e48_k2_high_24_p3,validation,24,48,45,2,2,high,3,3746671643,54811301856,6004011624,24.727162247884372,22.51569368675839,2.211468561125983,3,0.0625,0.16304347826086957,3.75,1.4375,2,0,2.8550724637681157,6,0.15353343229289898,8.722133498116163,0.315608701221854,337.1939224313543,0.08432147562582344,0.5324110671936758,0.14078534174899007
g_n24_e48_k2_high_24,g_n24_e48_k2_high_24_p5,validation,24,48,43,2,1,high,5,4246673143,54811301856,940852686,24.727162247884372,20.662297134816132,4.06486511306824,5,0.10416666666666667,0.15579710144927536,3.5833333333333335,1.5763888888888886,1,2,3.072463768115942,6,0.10412904557691709,8.625601349669536,0.19634272746957437,431.3588801265306,0.09420289855072463,0.5938076416337285,0.15695497210553458
g_n24_e48_k2_high_25,g_n24_e48_k2_high_25_p0,test,24,48,48,2,2,high,0,2525290184,56996873140,56996873140,24.76626224608327,24.76626224608327,0.0,0,0.0,0.17391304347826086,4.0,1.4166666666666667,2,0,2.7028985507246377,6,0.2208804035173244,8.381994892944194,0.43850408043560307,269.3114367604748,0.07740447957839262,0.27665160926030496,0.08633462018848961
g_n24_e48_k2_high_25,g_n24_e48_k2_high_25_p3,test,24,48,45,2,2,high,3,3025291684,56996873140,9927718321,24.76626224608327,23.018596512266527,1.747665733816742,3,0.0625,0.16304347826086957,3.75,1.4375,2,0,2.7681159420289854,6,0.21413832599241997,8.296188909878381,0.5125311060282836,287.74875475750287,0.08036890645586298,0.2775268210050819,0.08799038936046706
g_n24_e48_k2_high_25,g_n24_e48_k2_high_25_p5,test,24,48,43,2,2,high,5,3525293184,56996873140,2156826309,24.76626224608327,21.491903676771813,3.274358569311456,5,0.10416666666666667,0.15579710144927536,3.5833333333333335,1.493055555555556,2,0,2.869565217391304,6,0.19313716698243216,7.824155266581677,0.35974638598193653,318.03052795754803,0.08498023715415019,0.2851308112177677,0.09069275251613435
g_n24_e48_k2_high_26,g_n24_e48_k2_high_26_p0,train,24,48,48,2,2,high,0,1803910225,62196754662,62196754662,24.85356865947825,24.85356865947825,0.0,0,0.0,0.17391304347826086,4.0,1.6666666666666667,3,0,2.63768115942029,5,0.22331027947845197,10.235137413618023,0.5410923682687314,266.352017326481,0.07444005270092224,0.48249576510446074,0.11538125292584371
g_n24_e48_k2_high_26,g_n24_e48_k2_high_26_p3,train,24,48,45,2,2,high,3,2303911725,62196754662,10439357094,24.85356865947825,23.06884883647023,1.7847198230080181,3,0.0625,0.16304347826086957,3.75,1.4375,2,0,2.710144927536232,5,0.21532103196413235,9.341231824898381,0.6011428396288951,288.9092167445303,0.077733860342556,0.4588932806324111,0.11225421763894747
g_n24_e48_k2_high_26,g_n24_e48_k2_high_26_p5,train,24,48,43,2,2,high,5,2803913225,62196754662,2856690690,24.85356865947825,21.77292969042089,3.0806389690573575,5,0.10416666666666667,0.15579710144927536,3.5833333333333335,1.4930555555555554,2,0,2.7318840579710146,5,0.21642883809724167,9.39396307352514,0.5079347555040621,300.95068175266806,0.0787220026350461,0.5062864671560322,0.12021744938485592
g_n24_e48_k2_high_27,g_n24_e48_k2_high_27_p0,test,24,48,48,2,2,high,0,1082530266,66214625217,66214625217,24.916167200217195,24.916167200217195,0.0,0,0.0,0.17391304347826086,4.0,1.25,2,0,2.681159420289855,5,0.2213860391072494,8.094622446442022,0.4410848518624757,266.6419928154782,0.0764163372859025,0.3016186711838886,0.09212576395071419
g_n24_e48_k2_high_27,g_n24_e48_k2_high_27_p3,test,24,48,45,2,1,high,3,1582531766,66214625217,6816794352,24.916167200217195,22.642655161936425,2.2735120382807708,3,0.0625,0.16304347826086957,3.75,0.9375,2,1,3.119565217391304,7,0.10244038577083708,7.835539739828658,0.4236222570264925,405.59269652910064,0.09634387351778656,0.5358366271409749,0.1426459139210391
g_n24_e48_k2_high_27,g_n24_e48_k2_high_27_p5,test,24,48,43,2,1,high,5,2082533266,66214625217,1253564597,24.916167200217195,20.94925700754157,3.966910192675627,5,0.10416666666666667,0.15579710144927536,3.5833333333333335,1.576388888888889,1,2,2.8550724637681157,6,0.20195929518103534,7.903020997977678,0.5886937058894857,334.25562477735156,0.08432147562582344,0.3218050065876152,0.09785070793530942
g_n24_e48_k2_high_28,g_n24_e48_k2_high_28_p0,train,24,48,48,2,2,high,0,361150307,67247725580,67247725580,24.93164903448469,24.93164903448469,0.0,0,0.0,0.17391304347826086,4.0,1.0833333333333333,3,0,2.699275362318841,5,0.20906971469260346,8.12284020417734,0.34813858858941327,272.4077140572945,0.07723978919631093,0.4037925842273668,0.10301424524930024
g_n24_e48_k2_high_28,g_n24_e48_k2_high_28_p3,train,24,48,45,2,2,high,3,861151807,67247725580,12425439898,24.93164903448469,23.243011812567982,1.6886372219167072,3,0.0625,0.16304347826086957,3.75,0.9375,2,0,2.789855072463768,6,0.20237331450495571,7.869107748974649,0.3215528668285832,290.69650618312573,0.08135704874835309,0.39655248133509,0.10130002442170001
g_n24_e48_k2_high_28,g_n24_e48_k2_high_28_p5,train,24,48,43,2,2,high,5,1361153307,67247725580,3529088410,24.93164903448469,21.98430543374852,2.9473436007361684,5,0.10416666666666667,0.15579710144927536,3.5833333333333335,0.826388888888889,2,0,2.8659420289855073,6,0.1998564438520952,7.6189761814223305,0.32965262350195523,306.2022061725564,0.08481554677206853,0.34626388104648975,0.0915764260431722
g_n24_e48_k2_high_29,g_n24_e48_k2_high_29_p0,train,24,48,48,2,2,high,0,3934737644,68651771877,68651771877,24.952312779125926,24.952312779125926,0.0,0,0.0,0.17391304347826086,4.0,1.1666666666666667,2,0,2.641304347826087,5,0.22385343083137435,8.344737971152027,0.3791251451064266,264.98228215182604,0.07460474308300395,0.3463135020447274,0.09550976589303654
g_n24_e48_k2_high_29,g_n24_e48_k2_high_29_p3,train,24,48,45,2,1,high,3,139771848,68651771877,7403565130,24.952312779125926,22.72522749546487,2.2270852836610544,3,0.0625,0.16304347826086957,3.75,1.1041666666666667,2,1,2.88768115942029,6,0.11742194514067522,8.264168283545363,0.2844374506402296,375.19236825961553,0.08580368906455861,0.5566534914361001,0.14550778783793503
g_n24_e48_k2_high_29,g_n24_e48_k2_high_29_p5,train,24,48,43,2,1,high,5,639773348,68651771877,1697678696,24.952312779125926,21.25252768195971,3.6997850971662167,5,0.10416666666666667,0.15579710144927536,3.5833333333333335,1.4097222222222223,1,1,2.8442028985507246,6,0.19683811525558306,8.238035001674607,0.38768008029037304,325.4518360764072,0.08382740447957839,0.43097144401492227,0.1135346723044503
g_n24_e48_k3_low_00,g_n24_e48_k3_low_00_p0,train,24,48,48,3,3,low,0,3213357685,63226793952,63226793952,24.86999400319243,24.86999400319243,0.0,0,0.0,0.17391304347826086,4.0,1.9166666666666667,3,0,2.5615942028985508,5,0.32006225609057604,10.246019016755994,0.6105387919029264,241.32432080727637,0.07098155467720683,0.3851214003387915,0.09356790838493627
g_n24_e48_k3_low_00,g_n24_e48_k3_low_00_p3,train,24,48,45,3,2,low,3,3713359185,63226793952,7589242953,24.86999400319243,22.74999768069157,2.1199963225008602,3,0.0625,0.16304347826086957,3.75,2.1875,2,0,2.6449275362318843,6,0.2968864442424959,10.20659602329489,0.5884157912675616,270.0022327282318,0.07476943346508563,0.41782420478072635,0.10001797018105488
g_n24_e48_k3_low_00,g_n24_e48_k3_low_00_p5,train,24,48,43,3,2,low,5,4213360685,63226793952,2173934304,24.86999400319243,21.499804406237587,3.3701895969548445,5,0.10416666666666667,0.15579710144927536,3.5833333333333335,2.243055555555556,2,0,2.713768115942029,6,0.2935345139717069,10.22962995083495,0.6528019687013904,282.99644738482544,0.07789855072463768,0.40835686053077364,0.10238260904643466
g_n24_e48_k3_low_01,g_n24_e48_k3_low_01_p0,train,24,48,48,3,3,low,0,2491977726,66330969855,66330969855,24.917922742041384,24.917922742041384,0.0,0,0.0,0.17391304347826086,4.0,0.8333333333333334,3,0,2.782608695652174,6,0.25440244218100827,7.589651699616113,0.33132877808430283,260.65704973693715,0.08102766798418971,0.351072840203275,0.0872716407702983
g_n24_e48_k3_low_01,g_n24_e48_k3_low_01_p3,train,24,48,45,3,2,low,3,2991979226,66330969855,10332324216,24.917922742041384,23.05854309147861,1.8593796505627722,3,0.0625,0.16304347826086957,3.75,1.0208333333333333,2,0,2.847826086956522,6,0.2442917051334977,7.534617988836702,0.3588512789315921,281.2070226534981,0.08399209486166008,0.31398199955512196,0.085368967024336
g_n24_e48_k3_low_01,g_n24_e48_k3_low_01_p5,train,24,48,43,3,2,low,5,3491980726,66330969855,3091898326,24.917922742041384,21.852051084207258,3.0658716578341263,5,0.10416666666666667,0.15579710144927536,3.5833333333333335,0.9097222222222223,2,0,2.8260869565217392,6,0.24820202810760444,7.348855497956432,0.4476071046359089,293.422250422668,0.08300395256916997,0.3742988895162808,0.09106810796627861
g_n24_e48_k3_low_02,g_n24_e48_k3_low_02_p0,train,24,48,48,3,3,low,0,1770597767,67916058417,67916058417,24.941538344535857,24.941538344535857,0.0,0,0.0,0.17391304347826086,4.0,1.6666666666666667,3,0,2.5760869565217392,5,0.3231123864768595,9.576971175921038,0.656125056584199,239.09193709947996,0.07164031620553359,0.34707321663843393,0.08415189821506837
g_n24_e48_k3_low_02,g_n24_e48_k3_low_02_p3,train,24,48,45,3,3,low,3,2270599267,67916058417,12669423319,24.941538344535857,23.262457314773986,1.6790810297618712,3,0.0625,0.16304347826086957,3.75,1.2708333333333333,3,0,2.6594202898550723,6,0.29904695691591265,8.595099324334495,0.6552945206175949,260.6529935169655,0.07542819499341237,0.3791831357048749,0.08974975499521401
g_n24_e48_k3_low_02,g_n24_e48_k3_low_02_p5,train,24,48,43,3,2,low,5,2770600767,67916058417,1258388704,24.941538344535857,20.953097933189987,3.98844041134587,5,0.10416666666666667,0.15579710144927536,3.5833333333333335,2.409722222222222,2,0,2.721014492753623,6,0.2814444297415539,9.570226712921059,0.742065490531389,299.5742907622293,0.07822793148880104,0.36549971767363065,0.08999809220224206
g_n24_e48_k3_low_03,g_n24_e48_k3_low_03_p0,train,24,48,48,3,3,low,0,1049217808,70725414024,70725414024,24.982070808114788,24.982070808114788,0.0,0,0.0,0.17391304347826086,4.0,1.0,3,0,2.648550724637681,5,0.3251156979571358,8.367057447627015,0.46644410357074495,247.23635656436494,0.07493412384716731,0.24515026036765167,0.07265508421090051
g_n24_e48_k3_low_03,g_n24_e48_k3_low_03_p3,train,24,48,45,3,2,low,3,1549219308,70725414024,9013860000,24.982070808114788,22.922029229698648,2.06004157841614,3,0.0625,0.16304347826086957,3.75,0.6041666666666666,3,0,3.0144927536231885,6,0.17094485387021727,7.2936296415789705,0.3525836019109656,325.72157304417755,0.09156785243741765,0.33625541125541125,0.0978910509041056
g_n24_e48_k3_low_03,g_n24_e48_k3_low_03_p5,train,24,48,43,3,1,low,5,2049220808,70725414024,1545405408,24.982070808114788,21.15855211287526,3.823518695239528,5,0.10416666666666667,0.15579710144927536,3.5833333333333335,1.4930555555555556,1,1,2.7753623188405796,6,0.2940525630021988,8.236256203339734,0.48920647295523434,308.35334622563954,0.08069828722002635,0.27714097496706186,0.0806920937277145
g_n24_e48_k3_low_04,g_n24_e48_k3_low_04_p0,validation,24,48,48,3,3,low,0,327837849,71783431293,71783431293,24.996919524435025,24.996919524435025,0.0,0,0.0,0.17391304347826086,4.0,1.25,3,0,2.6739130434782608,5,0.26775753712378625,8.70301681821616,0.7366988157489143,252.24855506692148,0.07608695652173912,0.365819687558818,0.09191983726150753
g_n24_e48_k3_low_04,g_n24_e48_k3_low_04_p3,validation,24,48,45,3,2,low,3,827839349,71783431293,8629332900,24.996919524435025,22.878433038938066,2.118486485496959,3,0.0625,0.16304347826086957,3.75,1.4375,2,0,2.7753623188405796,6,0.2502843792934419,8.594000291362333,0.8624930499361687,283.1231463112299,0.08069828722002635,0.34440993788819874,0.09352567405272931
g_n24_e48_k3_low_04,g_n24_e48_k3_low_04_p5,validation,24,48,43,3,2,low,5,1327840849,71783431293,3377849894,24.996919524435025,21.940505217991824,3.0564143064432017,5,0.10416666666666667,0.15579710144927536,3.5833333333333335,0.9930555555555557,2,0,2.818840579710145,6,0.23475405770128194,7.827282750897925,0.6624682594833802,295.0330221384877,0.08267457180500659,0.39364252348442075,0.0981584791053046
g_n24_e48_k3_low_05,g_n24_e48_k3_low_05_p0,train,24,48,48,3,3,low,0,3901425186,71824389992,71824389992,24.997489948799714,24.997489948799714,0.0,0,0.0,0.17391304347826086,4.0,1.5833333333333333,3,0,2.6231884057971016,5,0.3025829658381399,9.381252868327229,0.4833481515360356,241.7620090167449,0.07378129117259552,0.3687762720371416,0.08671975746441572
g_n24_e48_k3_low_05,g_n24_e48_k3_low_05_p3,train,24,48,45,3,2,low,3,106459390,71824389992,12290309396,24.997489948799714,23.232076934820988,1.7654130139787263,3,0.0625,0.16304347826086957,3.75,1.6875,2,0,2.6557971014492754,6,0.2979557080486958,9.303515189139349,0.5447076496046881,258.7108041662344,0.07526350461133069,0.3965179747788443,0.09084889957642268
g_n24_e48_k3_low_05,g_n24_e48_k3_low_05_p5,train,24,48,43,3,2,low,5,606460890,71824389992,3083011678,24.997489948799714,21.84917277371221,3.148317175087506,5,0.10416666666666667,0.15579710144927536,3.5833333333333335,0.9097222222222223,2,0,2.9094202898550723,6,0.2441760520672993,7.4546120653233565,0.4241725769505056,294.7454366392457,0.08679183135704875,0.3237875650919128,0.07844383875447684
g_n24_e48_k3_low_06,g_n24_e48_k3_low_06_p0,validation,24,48,48,3,3,low,0,3180045227,73739351364,73739351364,25.023802433456602,25.023802433456602,0.0,0,0.0,0.17391304347826086,4.0,1.3333333333333333,3,0,2.641304347826087,6,0.30733511348628256,8.748843411577177,0.4900732116802651,242.36169736746575,0.07460474308300395,0.31158792897923326,0.08143567147401733
g_n24_e48_k3_low_06,g_n24_e48_k3_low_06_p3,validation,24,48,45,3,2,low,3,3680046727,73739351364,8992939116,25.023802433456602,22.919705563701307,2.1040968697552955,3,0.0625,0.16304347826086957,3.75,1.6875,2,0,2.7065217391304346,6,0.2753775602105067,8.736352173567422,0.45016675110834203,272.06990378772616,0.0775691699604743,0.34097855805521715,0.09778580832291944
g_n24_e48_k3_low_06,g_n24_e48_k3_low_06_p5,validation,24,48,43,3,1,low,5,4180048227,73739351364,1316703720,25.023802433456602,20.998397268567512,4.02540516488909,5,0.10416666666666667,0.15579710144927536,3.5833333333333335,1.9930555555555556,1,1,2.746376811594203,6,0.2946374042076646,8.52047125089898,0.5650598055762095,298.52589663527385,0.07938076416337285,0.2603754940711462,0.0803339025035601
g_n24_e48_k3_low_07,g_n24_e48_k3_low_07_p0,test,24,48,48,3,3,low,0,2458665268,73889094372,73889094372,25.025831081236614,25.025831081236614,0.0,0,0.0,0.17391304347826086,4.0,1.3333333333333333,3,0,2.61231884057971,5,0.30623252928921774,9.24160459580272,0.5930891849751125,241.4665781712455,0.07328722002635045,0.28980017566974087,0.07465416252093068
g_n24_e48_k3_low_07,g_n24_e48_k3_low_07_p3,test,24,48,45,3,2,low,3,2958666768,73889094372,10420054000,25.025831081236614,23.066998055599854,1.9588330256367605,3,0.0625,0.16304347826086957,3.75,1.5208333333333333,2,0,2.681159420289855,5,0.29249877090367793,9.240269639606325,0.5734330890077466,265.63213663672025,0.07641633728590248,0.33540372670807456,0.08421726760826037
g_n24_e48_k3_low_07,g_n24_e48_k3_low_07_p5,test,24,48,43,3,2,low,5,3458668268,73889094372,1733879820,25.025831081236614,21.273627404944378,3.752203676292236,5,0.10416666666666667,0.15579710144927536,3.5833333333333335,1.4930555555555554,2,0,2.8840579710144927,6,0.1897537823571484,9.151779087410231,0.33061514462185526,327.7049055181925,0.08563899868247693,0.46126482213438724,0.10999867757700539
g_n24_e48_k3_low_08,g_n24_e48_k3_low_08_p0,test,24,48,48,3,3,low,0,1737285309,74838736352,74838736352,25.038601453549145,25.038601453549145,0.0,0,0.0,0.17391304347826086,4.0,1.25,3,0,2.568840579710145,5,0.30927432687217415,8.957741595813664,0.6963756700626655,242.8381823760489,0.07131093544137022,0.27664219838132875,0.08552375619004893
g_n24_e48_k3_low_08,g_n24_e48_k3_low_08_p3,test,24,48,45,3,2,low,3,2237286809,74838736352,7946295104,25.038601453549145,22.795971632335327,2.242629821213818,3,0.0625,0.16304347826086957,3.75,1.6041666666666667,2,0,2.699275362318841,5,0.27060278721126213,8.811049107371245,0.6553582538846392,278.4921223363616,0.07723978919631093,0.38766885288624414,0.09933271923214566
g_n24_e48_k3_low_08,g_n24_e48_k3_low_08_p5,test,24,48,43,3,2,low,5,2737288309,74838736352,2273961256,25.038601453549145,21.544789194310788,3.493812259238357,5,0.10416666666666667,0.15579710144927536,3.5833333333333335,1.2430555555555556,2,0,2.8152173913043477,6,0.2464275235379769,8.66546162759282,0.6305273263258306,303.79521438600943,0.0825098814229249,0.36143421795595715,0.09459258226159692
g_n24_e48_k3_low_09,g_n24_e48_k3_low_09_p0,train,24,48,48,3,3,low,0,1015905350,74859783200,74859783200,25.038882643345833,25.038882643345833,0.0,0,0.0,0.17391304347826086,4.0,1.1666666666666667,3,0,2.670289855072464,5,0.27686373410567716,8.840050463858006,0.6230991136444648,248.4830537785472,0.07592226613965745,0.4044585848933675,0.1003510743279134
g_n24_e48_k3_low_09,g_n24_e48_k3_low_09_p3,train,24,48,45,3,3,low,3,1515906850,74859783200,15676064736,25.038882643345833,23.475400846900175,1.5634817964456573,3,0.0625,0.16304347826086957,3.75,0.6875,3,0,2.8152173913043477,6,0.24747554363865407,7.70628187282185,0.6265693377033941,271.0368800834732,0.0825098814229249,0.3177583286278938,0.08260647477066868
g_n24_e48_k3_low_09,g_n24_e48_k3_low_09_p5,train,24,48,43,3,1,low,5,2015908350,74859783200,1420785156,25.038882643345833,21.07447548251247,3.964407160833364,5,0.10416666666666667,0.15579710144927536,3.5833333333333335,1.659722222222222,1,1,2.8260869565217392,6,0.24298144841064978,8.721677192484552,0.6887869007671998,313.82446547745354,0.08300395256916995,0.45080933559194425,0.11236495000111141
g_n24_e48_k3_mid_10,g_n24_e48_k3_mid_10_p0,train,24,48,48,3,3,mid,0,294525391,101094059973,101094059973,25.339317207270494,25.339317207270494,0.0,0,0.0,0.17391304347826086,4.0,1.0,3,0,2.61231884057971,5,0.2972552163081012,8.159136516781883,0.5350729262924694,236.8878787771203,0.07328722002635046,0.2063899868247694,0.06841284226190497
g_n24_e48_k3_mid_10,g_n24_e48_k3_mid_10_p3,train,24,48,45,3,2,mid,3,794526891,101094059973,14452386146,25.339317207270494,23.394125369083266,1.9451918381872275,3,0.0625,0.16304347826086957,3.75,1.1041666666666667,2,0,2.652173913043478,5,0.2928994954518531,7.8370660879173455,0.5318308029765939,258.2820760953802,0.07509881422924901,0.217094861660079,0.07121338697570191
g_n24_e48_k3_mid_10,g_n24_e48_k3_mid_10_p5,train,24,48,43,3,2,mid,5,1294528391,101094059973,2500313302,25.339317207270494,21.63968188176857,3.699635325501923,5,0.10416666666666667,0.15579710144927536,3.5833333333333335,1.2430555555555556,2,0,2.9782608695652173,6,0.17381408663993902,8.011778641248391,0.4940851216275983,326.5696424199597,0.08992094861660078,0.4203642865698201,0.10934108220298489
g_n24_e48_k3_mid_11,g_n24_e48_k3_mid_11_p0,train,24,48,48,3,3,mid,0,3868112728,101604946846,101604946846,25.344358060334635,25.344358060334635,0.0,0,0.0,0.17391304347826086,4.0,0.8333333333333334,3,0,2.579710144927536,5,0.3336355109174437,7.584052718050491,0.5630629556196123,231.27446067290663,0.07180500658761528,0.21718426501035193,0.06437103684801293
g_n24_e48_k3_mid_11,g_n24_e48_k3_mid_11_p3,train,24,48,45,3,2,mid,3,73146932,101604946846,17619095210,25.344358060334635,23.592249105965717,1.752108954368918,3,0.0625,0.16304347826086957,3.75,0.7708333333333334,2,0,2.6666666666666665,5,0.31618045542046347,7.294693984199112,0.8497204904164213,251.30294055133885,0.07575757575757575,0.19347355543007713,0.060872718160912165
g_n24_e48_k3_mid_11,g_n24_e48_k3_mid_11_p5,train,24,48,43,3,2,mid,5,573148432,101604946846,3990073479,25.344358060334635,22.107075483468087,3.237282576866548,5,0.10416666666666667,0.15579710144927536,3.5833333333333335,0.9930555555555557,2,0,2.717391304347826,5,0.30741652957682936,7.362372204285553,0.558109913601256,269.8657957870156,0.07806324110671936,0.2226284584980237,0.07275549260800156
g_n24_e48_k3_mid_12,g_n24_e48_k3_mid_12_p0,test,24,48,48,3,3,mid,0,3146732769,101661786967,101661786967,25.344917326687916,25.344917326687916,0.0,0,0.0,0.17391304347826086,4.0,1.0,3,0,2.619565217391304,5,0.306899998355544,8.270677071689077,0.6155023322715119,234.99646063093374,0.07361660079051384,0.24756258234519105,0.07588947310226456
g_n24_e48_k3_mid_12,g_n24_e48_k3_mid_12_p3,test,24,48,45,3,2,mid,3,3646734269,101661786967,12255154080,25.344917326687916,23.229212426674867,2.11570490001305,3,0.0625,0.16304347826086957,3.75,1.2708333333333333,2,0,2.6920289855072466,5,0.28611334962307816,8.040249579363678,0.6282397053768252,262.6182751327756,0.07691040843214755,0.2855260681347637,0.07853050531252785
g_n24_e48_k3_mid_12,g_n24_e48_k3_mid_12_p5,test,24,48,43,3,2,mid,5,4146735769,101661786967,2629567359,25.344917326687916,21.69008516732273,3.654832159365185,5,0.10416666666666667,0.15579710144927536,3.5833333333333335,1.076388888888889,2,0,2.920289855072464,6,0.19238677139303353,7.6830360758865215,0.46655435531231104,316.75118996523776,0.08728590250329381,0.335253152644457,0.10015695323534489
g_n24_e48_k3_mid_13,g_n24_e48_k3_mid_13_p0,train,24,48,48,3,3,mid,0,2425352810,101944165477,101944165477,25.347691103069778,25.347691103069778,0.0,0,0.0,0.17391304347826086,4.0,1.1666666666666667,3,0,2.5615942028985508,5,0.32093712762211307,8.71168068094224,0.5049235886743824,231.99487015359227,0.07098155467720685,0.3052136269527574,0.07631164133285105
g_n24_e48_k3_mid_13,g_n24_e48_k3_mid_13_p3,train,24,48,45,3,3,mid,3,2925354310,101944165477,20667351654,25.347691103069778,23.75182107732251,1.595870025747267,3,0.0625,0.16304347826086957,3.75,0.7708333333333334,3,0,2.6956521739130435,5,0.2884186031250054,7.979772848476985,0.4155234988446228,252.9030276164769,0.07707509881422923,0.30773574251835123,0.07761638609228741
g_n24_e48_k3_mid_13,g_n24_e48_k3_mid_13_p5,train,24,48,43,3,2,mid,5,3425355810,101944165477,2864505060,25.347691103069778,21.775661418262732,3.5720296848070454,5,0.10416666666666667,0.15579710144927536,3.5833333333333335,1.1597222222222223,2,0,2.9347826086956523,6,0.18160244452856353,8.53008394286535,0.6055498834318422,322.4133375920808,0.08794466403162055,0.39850680720245946,0.11299921689557989
g_n24_e48_k3_mid_14,g_n24_e48_k3_mid_14_p0,test,24,48,48,3,3,mid,0,1703972851,102164712702,102164712702,25.349852178205772,25.349852178205772,0.0,0,0.0,0.17391304347826086,4.0,0.8333333333333334,3,0,2.6594202898550723,6,0.28325609225040516,7.969699285232317,0.48117766650399396,240.50763775501997,0.07542819499341237,0.24123050862181292,0.07025155869439612
g_n24_e48_k3_mid_14,g_n24_e48_k3_mid_14_p3,test,24,48,45,3,3,mid,3,2203974351,102164712702,20196528144,25.349852178205772,23.728776552522124,1.6210756256836483,3,0.0625,0.16304347826086957,3.75,0.7708333333333334,3,0,2.6956521739130435,6,0.27991938971324365,7.722659098180169,0.5364332977081476,254.47149487496574,0.07707509881422925,0.23269424909741113,0.07069825297380311
g_n24_e48_k3_mid_14,g_n24_e48_k3_mid_14_p5,test,24,48,43,3,2,mid,5,2703975851,102164712702,2268517158,25.349852178205772,21.542392220627963,3.8074599575778088,5,0.10416666666666667,0.15579710144927536,3.5833333333333335,1.076388888888889,2,0,2.931159420289855,6,0.18186706740076963,7.430618937878048,0.4383450159907749,328.46922565881385,0.08777997364953886,0.2945197314762532,0.1000941735531904
g_n24_e48_k3_mid_15,g_n24_e48_k3_mid_15_p0,validation,24,48,48,3,3,mid,0,982592892,102693682776,102693682776,25.355016440557666,25.355016440557666,0.0,0,0.0,0.17391304347826086,4.0,0.9166666666666666,3,0,2.539855072463768,5,0.33733346088282695,7.960103046939653,0.5674125700622152,233.0513728168317,0.06999341238471672,0.2258705063052889,0.07096596231672396
g_n24_e48_k3_mid_15,g_n24_e48_k3_mid_15_p3,validation,24,48,45,3,3,mid,3,1482594392,102693682776,17770435176,25.355016440557666,23.60080196817721,1.7542144723804576,3,0.0625,0.16304347826086957,3.75,0.9375,3,0,2.6231884057971016,5,0.32217320910778785,7.89897692489771,0.5691136049675496,251.05454928094866,0.0737812911725955,0.22839262187088274,0.0699190232197742
g_n24_e48_k3_mid_15,g_n24_e48_k3_mid_15_p5,validation,24,48,43,3,2,mid,5,1982595892,102693682776,3273910560,25.355016440557666,21.909250997257086,3.44576544330058,5,0.10416666666666667,0.15579710144927536,3.5833333333333335,0.9930555555555555,2,0,2.88768115942029,6,0.20946890773388863,7.742846431889864,0.33302966118665145,306.1819006759911,0.08580368906455861,0.3129870129870129,0.094783749365573
g_n24_e48_k3_mid_16,g_n24_e48_k3_mid_16_p0,train,24,48,48,3,3,mid,0,261212933,102854339724,102854339724,25.356579646846505,25.356579646846505,0.0,0,0.0,0.17391304347826086,4.0,1.0,3,0,2.6449275362318843,5,0.3043697332520404,8.36820671769183,0.46810595021173995,235.06100846071035,0.07476943346508563,0.24692264257481653,0.06765717911887581
g_n24_e48_k3_mid_16,g_n24_e48_k3_mid_16_p3,train,24,48,45,3,2,mid,3,761214433,102854339724,9467077128,25.356579646846505,22.971086051097053,2.385493595749452,3,0.0625,0.16304347826086957,3.75,1.4375,2,0,2.7717391304347827,6,0.2887935748802573,8.358281437594089,0.5870251148046437,269.5944422008938,0.08053359683794466,0.20640880858272162,0.06795669502922912
g_n24_e48_k3_mid_16,g_n24_e48_k3_mid_16_p5,train,24,48,43,3,2,mid,5,1261215933,102854339724,3418211788,25.356579646846505,21.95238338227141,3.404196264575095,5,0.10416666666666667,0.15579710144927536,3.5833333333333335,0.9097222222222223,2,0,2.869565217391304,6,0.20444714193978197,7.265554656631406,0.45672586615083466,304.1329776819571,0.08498023715415019,0.2831357048748353,0.08791606575949087
g_n24_e48_k3_mid_17,g_n24_e48_k3_mid_17_p0,validation,24,48,48,3,3,mid,0,3834800270,103313388780,103313388780,25.361032815321867,25.361032815321867,0.0,0,0.0,0.17391304347826086,4.0,0.9166666666666666,3,0,2.5615942028985508,5,0.33664185467397784,8.01368975603942,0.5132360186074805,231.9854641302378,0.07098155467720685,0.21096837944664026,0.0636801436717027
g_n24_e48_k3_mid_17,g_n24_e48_k3_mid_17_p3,validation,24,48,45,3,2,mid,3,39834474,103313388780,14912734545,25.361032815321867,23.425481352327232,1.9355514629946349,3,0.0625,0.16304347826086957,3.75,1.0208333333333333,2,0,2.6594202898550723,5,0.31155288187241187,7.806434672960286,0.5356294994423534,257.3383491767908,0.07542819499341237,0.25196373674634537,0.0704195758367938
g_n24_e48_k3_mid_17,g_n24_e48_k3_mid_17_p5,validation,24,48,43,3,2,mid,5,539835974,103313388780,2554890556,25.361032815321867,21.661275224459576,3.6997575908622906,5,0.10416666666666667,0.15579710144927536,3.5833333333333335,1.4097222222222223,2,0,2.677536231884058,5,0.30058611178111394,7.988095374432894,0.7718625546416478,283.28965769013524,0.0762516469038208,0.25120459250894034,0.07684485138184462
g_n24_e48_k3_mid_18,g_n24_e48_k3_mid_18_p0,train,24,48,48,3,3,mid,0,3113420311,103745917608,103745917608,25.365210646926425,25.365210646926425,0.0,0,0.0,0.17391304347826086,4.0,1.0833333333333333,3,0,2.503623188405797,5,0.35320081955525207,8.743429421990115,0.5889341738674956,226.79805163897458,0.06834650856389986,0.2580933559194429,0.07135907682925456
g_n24_e48_k3_mid_18,g_n24_e48_k3_mid_18_p3,train,24,48,45,3,2,mid,3,3613421811,103745917608,12751469029,25.365210646926425,23.268912319874552,2.0962983270518727,3,0.0625,0.16304347826086957,3.75,1.3541666666666667,2,0,2.5869565217391304,5,0.33445110501949804,8.483646009753599,0.5157463411874748,252.5598006977683,0.07213438735177864,0.26971579145492186,0.07754033976602605
g_n24_e48_k3_mid_18,g_n24_e48_k3_mid_18_p5,train,24,48,43,3,2,mid,5,4113423311,103745917608,4120456860,25.365210646926425,22.139229882509703,3.2259807644167218,5,0.10416666666666667,0.15579710144927536,3.5833333333333335,1.076388888888889,2,0,2.7028985507246377,6,0.2896973614954263,7.917664563216572,0.5063418365981316,272.17494350662844,0.07740447957839262,0.30957086391869,0.08004012871633853
g_n24_e48_k3_mid_19,g_n24_e48_k3_mid_19_p0,train,24,48,48,3,3,mid,0,2392040352,104454430848,104454430848,25.372016744805595,25.372016744805595,0.0,0,0.0,0.17391304347826086,4.0,0.8333333333333334,3,0,2.601449275362319,5,0.3201254076448097,8.248113816280544,0.579461312912541,233.3154014834269,0.0727931488801054,0.2781691847897382,0.07577881812824862
g_n24_e48_k3_mid_19,g_n24_e48_k3_mid_19_p3,train,24,48,45,3,2,mid,3,2892041852,104454430848,11951779677,25.372016744805595,23.204146031181022,2.1678707136245734,3,0.0625,0.16304347826086957,3.75,1.1041666666666667,2,0,2.6884057971014492,6,0.2987411827214231,8.159676104237839,0.5951604794302665,262.64062386062335,0.07674571805006587,0.2597826086956521,0.07365418337035542
g_n24_e48_k3_mid_19,g_n24_e48_k3_mid_19_p5,train,24,48,43,3,2,mid,5,3392043352,104454430848,3222164756,25.372016744805595,21.893319255092806,3.47869748971279,5,0.10416666666666667,0.15579710144927536,3.5833333333333335,1.326388888888889,2,0,2.6920289855072466,5,0.292611319970771,7.972114236081934,0.564420591233056,276.607006870259,0.07691040843214755,0.30954576824142044,0.08473715401591665
g_n24_e48_k3_high_20,g_n24_e48_k3_high_20_p0,test,24,48,48,3,3,high,0,1670660393,133460924244,133460924244,25.617074569648903,25.617074569648903,0.0,0,0.0,0.17391304347826086,4.0,0.6666666666666666,3,0,2.61231884057971,5,0.3320042201230084,8.122024704237361,0.4921315849893886,226.47895836254656,0.07328722002635046,0.19872382777521116,0.06083881445680799
g_n24_e48_k3_high_20,g_n24_e48_k3_high_20_p3,test,24,48,45,3,1,high,3,2170661893,133460924244,12046631764,25.617074569648903,23.212050936149865,2.405023633499038,3,0.0625,0.16304347826086957,3.75,1.0208333333333333,1,1,2.6847826086956523,5,0.30365261689693696,7.56640746450781,0.4577656325664874,262.887378189806,0.07658102766798418,0.2274772000068443,0.0676867172504289
g_n24_e48_k3_high_20,g_n24_e48_k3_high_20_p5,test,24,48,43,3,1,high,5,2670663393,133460924244,2767644276,25.617074569648903,21.74126235343755,3.8758122162113544,5,0.10416666666666667,0.15579710144927536,3.5833333333333335,1.159722222222222,1,1,2.8152173913043477,6,0.27485857136881936,7.878011811601281,0.5587559884163724,288.41576183253665,0.08250988142292488,0.269339356295878,0.07264116127353383
g_n24_e48_k3_high_21,g_n24_e48_k3_high_21_p0,train,24,48,48,3,3,high,0,949280434,133762126695,133762126695,25.61932888549104,25.61932888549104,0.0,0,0.0,0.17391304347826086,4.0,0.75,3,0,2.572463768115942,5,0.3292484230870124,8.118279776107562,0.3924969705907255,226.66827777133,0.0714756258234519,0.2124788255223037,0.06460049324229701
g_n24_e48_k3_high_21,g_n24_e48_k3_high_21_p3,train,24,48,45,3,2,high,3,1449281934,133762126695,14534803479,25.61932888549104,23.39981185032921,2.2195170351618287,3,0.0625,0.16304347826086957,3.75,1.1041666666666667,2,0,2.6630434782608696,5,0.3113390535221593,7.934690074570742,0.34611447780901683,255.58042698521433,0.07559288537549406,0.26109542631281757,0.07249933128957829
g_n24_e48_k3_high_21,g_n24_e48_k3_high_21_p5,train,24,48,43,3,1,high,5,1949283434,133762126695,2255842008,25.61932888549104,21.53678913621498,4.082539749276059,5,0.10416666666666667,0.15579710144927536,3.5833333333333335,1.076388888888889,1,1,2.891304347826087,6,0.19788352127784073,7.692173560366378,0.296792935293134,320.7460216921366,0.0859683794466403,0.3458840237496363,0.09361841566999658
g_n24_e48_k3_high_22,g_n24_e48_k3_high_22_p0,train,24,48,48,3,3,high,0,227900475,136088937777,136088937777,25.63657446319021,25.63657446319021,0.0,0,0.0,0.17391304347826086,4.0,0.75,3,0,2.4927536231884058,5,0.3491536583550945,7.799874080790346,0.5458530368829244,222.63706763976057,0.0678524374176548,0.19928791015747538,0.06294775491352789
g_n24_e48_k3_high_22,g_n24_e48_k3_high_22_p3,train,24,48,45,3,2,high,3,727901975,136088937777,17802652696,25.63657446319021,23.60261331100607,2.0339611521841405,3,0.0625,0.16304347826086957,3.75,1.0208333333333333,2,0,2.5652173913043477,5,0.33913983765244055,7.680567706050032,0.6913515995378843,245.7016170934358,0.07114624505928853,0.23708827404479574,0.06774242072759436
g_n24_e48_k3_high_22,g_n24_e48_k3_high_22_p5,train,24,48,43,3,2,high,5,1227903475,136088937777,3447369432,25.63657446319021,21.960877293673043,3.675697169517168,5,0.10416666666666667,0.15579710144927536,3.5833333333333335,0.826388888888889,2,0,2.86231884057971,6,0.19464128004572012,7.601521089604461,0.30205498941066233,309.25254880313173,0.08465085638998682,0.4082909843779409,0.10156500556385425
g_n24_e48_k3_high_23,g_n24_e48_k3_high_23_p0,train,24,48,48,3,3,high,0,3801487812,136348808545,136348808545,25.63848220798934,25.63848220798934,0.0,0,0.0,0.17391304347826086,4.0,0.75,3,0,2.536231884057971,5,0.3329920800913735,7.90446626408447,0.4545985884275203,225.22329033960614,0.06982872200263504,0.20701267331702108,0.06615436288652768
g_n24_e48_k3_high_23,g_n24_e48_k3_high_23_p3,train,24,48,45,3,2,high,3,6522016,136348808545,16671332592,25.63848220798934,23.536956470046213,2.1015257379431276,3,0.0625,0.16304347826086957,3.75,0.6875,2,0,2.782608695652174,5,0.20446754451445454,7.745225039806362,0.34979554282235226,284.4975754648417,0.08102766798418971,0.329691323169584,0.09310756852713453
g_n24_e48_k3_high_23,g_n24_e48_k3_high_23_p5,train,24,48,43,3,2,high,5,506523516,136348808545,4995663999,25.63848220798934,22.33183617294489,3.3066460350444515,5,0.10416666666666667,0.15579710144927536,3.5833333333333335,0.7430555555555557,2,0,2.746376811594203,6,0.30538313594467204,7.28163231451117,0.5641942209882722,268.692067121347,0.07938076416337285,0.20882740447957837,0.06271769999534468
g_n24_e48_k3_high_24,g_n24_e48_k3_high_24_p0,train,24,48,48,3,3,high,0,3080107853,136988557074,136988557074,25.64316323427883,25.64316323427883,0.0,0,0.0,0.17391304347826086,4.0,0.5,3,0,2.6159420289855073,5,0.3198376446669229,7.82293941047766,0.4087660632625245,229.28802555935098,0.07345191040843214,0.2213768115942029,0.06487562119762945
g_n24_e48_k3_high_24,g_n24_e48_k3_high_24_p3,train,24,48,45,3,2,high,3,3580109353,136988557074,21129940310,25.64316323427883,23.77395684367687,1.8692063906019598,3,0.0625,0.16304347826086957,3.75,0.6041666666666666,2,0,2.7318840579710146,6,0.2796971676481795,7.69139594832057,0.3319017272575904,255.2861293811203,0.0787220026350461,0.219631093544137,0.06610537907352987
g_n24_e48_k3_high_24,g_n24_e48_k3_high_24_p5,train,24,48,43,3,1,high,5,4080110853,136988557074,3323722096,25.64316323427883,21.92435110514967,3.7188121291291623,5,0.10416666666666667,0.15579710144927536,3.5833333333333335,0.826388888888889,1,1,2.829710144927536,6,0.2727887416848351,7.260094110636091,0.5885696298455723,288.3656857122502,0.08316864295125165,0.24829663090532655,0.07217811047782831
g_n24_e48_k3_high_25,g_n24_e48_k3_high_25_p0,train,24,48,48,3,3,high,0,2358727894,137316315368,137316315368,25.645552972726154,25.645552972726154,0.0,0,0.0,0.17391304347826086,4.0,0.6666666666666666,3,0,2.5869565217391304,5,0.3200995443205891,7.727363331703845,0.4247858711579635,227.25322160926498,0.07213438735177864,0.1917466591379635,0.05929812840127572
g_n24_e48_k3_high_25,g_n24_e48_k3_high_25_p3,train,24,48,45,3,2,high,3,2858729394,137316315368,20997733160,25.645552972726154,23.767680324081475,1.8778726486446793,3,0.0625,0.16304347826086957,3.75,0.7708333333333334,2,0,2.6594202898550723,5,0.31015275981427476,7.707770110399584,0.4690654776625056,247.60773501509559,0.07542819499341237,0.19459815546772063,0.06174992341924704
g_n24_e48_k3_high_25,g_n24_e48_k3_high_25_p5,train,24,48,43,3,2,high,5,3358730894,137316315368,4962447676,25.645552972726154,22.32516493902504,3.3203880337011142,5,0.10416666666666667,0.15579710144927536,3.5833333333333335,0.9097222222222223,2,0,2.6666666666666665,5,0.3152003779777913,7.162226600985601,0.48681749700313315,263.3089351231683,0.07575757575757575,0.21089779785431959,0.06221471953093037
g_n24_e48_k3_high_26,g_n24_e48_k3_high_26_p0,validation,24,48,48,3,3,high,0,1637347935,138107121500,138107121500,25.651295463736652,25.651295463736652,0.0,0,0.0,0.17391304347826086,4.0,0.6666666666666666,3,0,2.5579710144927534,5,0.3273877277603567,7.812401388101518,0.35705906860564607,226.27782668399155,0.07081686429512517,0.22591912917999873,0.06540493661880134
g_n24_e48_k3_high_26,g_n24_e48_k3_high_26_p3,validation,24,48,45,3,3,high,3,2137349435,138107121500,24485320280,25.651295463736652,23.92133960267677,1.7299558610598815,3,0.0625,0.16304347826086957,3.75,0.6041666666666666,3,0,2.6449275362318843,5,0.30858629737213056,7.488803420774774,0.4978112655115323,245.14841601410376,0.07476943346508563,0.2171372106154715,0.06452694372336487
g_n24_e48_k3_high_26,g_n24_e48_k3_high_26_p5,validation,24,48,43,3,2,high,5,2637350935,138107121500,6079863832,25.651295463736652,22.52824813662106,3.123047327115593,5,0.10416666666666667,0.15579710144927536,3.5833333333333335,0.7430555555555557,2,0,2.648550724637681,5,0.3251435878240162,7.206963848272859,0.5200414207726283,259.0084825228704,0.07493412384716731,0.2166384340297383,0.06790968867180655
g_n24_e48_k3_high_27,g_n24_e48_k3_high_27_p0,test,24,48,48,3,3,high,0,915967976,141862860570,141862860570,25.678126657256932,25.678126657256932,0.0,0,0.0,0.17391304347826086,4.0,0.6666666666666666,3,0,2.5869565217391304,5,0.30803930900478477,7.811604375533738,0.5038030461973166,228.6952346138633,0.07213438735177864,0.2305246137261947,0.0705279963276939
g_n24_e48_k3_high_27,g_n24_e48_k3_high_27_p3,test,24,48,45,3,2,high,3,1415969476,141862860570,13355440197,25.678126657256932,23.315189644178155,2.3629370130787777,3,0.0625,0.16304347826086957,3.75,0.8541666666666666,2,0,2.8115942028985508,6,0.2037433085515731,7.563003695212581,0.38609480216631553,289.014840373144,0.08234519104084322,0.3561264822134386,0.09177096844078969
g_n24_e48_k3_high_27,g_n24_e48_k3_high_27_p5,test,24,48,43,3,2,high,5,1915970976,141862860570,5324834108,25.678126657256932,22.395647394629393,3.2824792626275396,5,0.10416666666666667,0.15579710144927536,3.5833333333333335,0.826388888888889,2,0,2.7355072463768115,6,0.278816250383053,7.311651252575771,0.5119547703228613,268.88934733739114,0.07888669301712779,0.25624882364012797,0.07219474717755654
g_n24_e48_k3_high_28,g_n24_e48_k3_high_28_p0,train,24,48,48,3,3,high,0,194588017,152269286778,152269286778,25.748916413858222,25.748916413858222,0.0,0,0.0,0.17391304347826086,4.0,0.6666666666666666,3,0,2.5471014492753623,5,0.34586212770975155,8.386997171126264,0.4290763741092807,221.49042474381443,0.0703227931488801,0.20546712839202955,0.05959947619715374
g_n24_e48_k3_high_28,g_n24_e48_k3_high_28_p3,train,24,48,45,3,2,high,3,694589517,152269286778,19626076405,25.748916413858222,23.70012494777317,2.048791466085053,3,0.0625,0.16304347826086957,3.75,0.9375,2,0,2.6231884057971016,5,0.3268921874996279,8.218644235327863,0.43650469087976473,245.94361477163534,0.07378129117259552,0.23937497504691177,0.06560428787456195
g_n24_e48_k3_high_28,g_n24_e48_k3_high_28_p5,train,24,48,43,3,2,high,5,1194591017,152269286778,3547011749,25.748916413858222,21.989371325109065,3.7595450887491566,5,0.10416666666666667,0.15579710144927536,3.5833333333333335,1.076388888888889,2,0,2.8260869565217392,6,0.2097063909301307,8.264798062961155,0.3605214523522222,300.1349505025268,0.08300395256916994,0.2868812347073216,0.08963943728478428
g_n24_e48_k3_high_29,g_n24_e48_k3_high_29_p0,validation,24,48,48,3,3,high,0,3768175354,155886468588,155886468588,25.77239381378457,25.77239381378457,0.0,0,0.0,0.17391304347826086,4.0,0.5,3,0,2.550724637681159,5,0.33594490615599615,8.150281298054626,0.5156811589977579,223.38320692432836,0.07048748353096179,0.2092266538906855,0.0651447116659732
g_n24_e48_k3_high_29,g_n24_e48_k3_high_29_p3,validation,24,48,45,3,3,high,3,4268176854,155886468588,26303585000,25.77239381378457,23.992971078627594,1.7794227351569774,3,0.0625,0.16304347826086957,3.75,0.5208333333333334,3,0,2.6340579710144927,5,0.31597892049556275,7.921782581839318,0.5375682142299745,242.73274684815735,0.07427536231884056,0.23655185394315834,0.06488323478978773
g_n24_e48_k3_high_29,g_n24_e48_k3_high_29_p5,validation,24,48,43,3,2,high,5,473211058,155886468588,3897697547,25.77239381378457,22.083651843179407,3.6887419706051645,5,0.10416666666666667,0.15579710144927536,3.5833333333333335,0.6597222222222223,2,0,2.8768115942028984,6,0.19796577559934975,7.229931149005257,0.42797157839577427,307.015549537968,0.08530961791831355,0.3041972520233389,0.08764602222790699
g_n24_e72_k2_low_00,g_n24_e72_k2_low_00_p0,test,24,72,72,2,2,low,0,3046795395,824776736900495,824776736900495,34.34613384369971,34.34613384369971,0.0,0,0.0,0.2608695652173913,6.0,4.166666666666667,2,0,2.4130434782608696,5,0.2533269144260387,11.139791611046679,0.43283866434572804,197.5688656265133,0.06422924901185771,0.27478059735092986,0.08884974411399309
g_n24_e72_k2_low_00,g_n24_e72_k2_low_00_p4,test,24,72,68,2,2,low,4,3546796895,824776736900495,163413435042480,34.34613384369971,32.72730451677663,1.618829326923084,4,0.05555555555555555,0.2463768115942029,5.666666666666667,4.222222222222221,2,0,2.4347826086956523,5,0.25055498523845426,10.460578118121143,0.5226840270186788,208.32946241219116,0.06521739130434782,0.29557218144174663,0.09123544333304436
g_n24_e72_k2_low_01,g_n24_e72_k2_low_01_p0,validation,24,72,72,2,2,low,0,2325415436,865797685373248,865797685373248,34.39467237753628,34.39467237753628,0.0,0,0.0,0.2608695652173913,6.0,3.9166666666666665,3,0,2.431159420289855,5,0.23345460842870935,11.29992051996887,0.24799892083445574,204.0427572549038,0.06505270092226613,0.379201566892751,0.0999338526466184
g_n24_e72_k2_low_01,g_n24_e72_k2_low_01_p4,validation,24,72,68,2,2,low,4,2825416936,865797685373248,114602605269524,34.39467237753628,32.37249165354174,2.0221807239945377,4,0.05555555555555555,0.2463768115942029,5.666666666666667,4.305555555555556,2,0,2.4927536231884058,5,0.20846980923454825,10.655516979079696,0.23124153673113312,231.14760651561346,0.0678524374176548,0.38703180877093923,0.10408268148125566
g_n24_e72_k2_low_01,g_n24_e72_k2_low_01_p8,validation,24,72,64,2,2,low,8,3325418436,865797685373248,26955729983954,34.39467237753628,30.925217006044186,3.4694553714920957,8,0.1111111111111111,0.2318840579710145,5.333333333333333,3.7222222222222214,2,0,2.5579710144927534,5,0.20472933689705528,10.229902443633138,0.8459975344574673,242.16608527928267,0.07081686429512517,0.4130956000521218,0.1059952164719199
g_n24_e72_k2_low_02,g_n24_e72_k2_low_02_p0,validation,24,72,72,2,2,low,0,1604035477,915310930822896,915310930822896,34.45028493858698,34.45028493858698,0.0,0,0.0,0.2608695652173913,6.0,4.0,2,0,2.2717391304347827,5,0.2706430242063016,11.670523985766778,0.5216440219995322,191.45077680085342,0.05780632411067193,0.2992621015348288,0.09510183550357973
g_n24_e72_k2_low_02,g_n24_e72_k2_low_02_p4,validation,24,72,68,2,2,low,4,2104036977,915310930822896,154770017638121,34.45028493858698,32.67296137381665,1.7773235647703345,4,0.05555555555555555,0.2463768115942029,5.666666666666667,4.472222222222222,2,0,2.300724637681159,5,0.26777591189911876,11.586910055832435,0.7593790335640715,204.12370322998635,0.05912384716732541,0.342887064626195,0.09910199169739434
g_n24_e72_k2_low_02,g_n24_e72_k2_low_02_p8,validation,24,72,64,2,2,low,8,2604038477,915310930822896,40478102030064,34.45028493858698,31.331782253199457,3.1185026853875257,8,0.1111111111111111,0.2318840579710145,5.333333333333333,3.972222222222222,2,0,2.322463768115942,5,0.26756781604652596,11.408887432719581,0.5077056921666507,210.66378473660578,0.060111989459815544,0.3476378693769998,0.09770450011800194
g_n24_e72_k2_low_03,g_n24_e72_k2_low_03_p0,train,24,72,72,2,2,low,0,882655518,943166376694682,943166376694682,34.48026381639785,34.48026381639785,0.0,0,0.0,0.2608695652173913,6.0,3.0,2,0,2.496376811594203,5,0.22588222190737384,10.686559183377605,0.2356758955500391,207.96640479133293,0.0680171277997365,0.350514979445216,0.09551401595339576
g_n24_e72_k2_low_03,g_n24_e72_k2_low_03_p4,train,24,72,68,2,2,low,4,1382657018,943166376694682,199474061383954,34.48026381639785,32.92670532567983,1.553558490718018,4,0.05555555555555555,0.2463768115942029,5.666666666666667,3.3055555555555554,2,0,2.5144927536231885,5,0.2254959515426645,10.660527978337257,0.24995405833669082,216.44120988055624,0.06884057971014493,0.3518857453780789,0.09531999920933965
g_n24_e72_k2_low_03,g_n24_e72_k2_low_03_p8,train,24,72,64,2,2,low,8,1882658518,943166376694682,65478228890172,34.48026381639785,31.81273881996201,2.6675249964358407,8,0.1111111111111111,0.2318840579710145,5.333333333333333,2.0555555555555554,2,0,2.6050724637681157,5,0.2192174513495569,10.32826013245525,0.1678730931537702,224.1703428635197,0.07295783926218707,0.34170497925438637,0.09301281555359633
g_n24_e72_k2_low_04,g_n24_e72_k2_low_04_p0,train,24,72,72,2,2,low,0,161275559,948323974945400,948323974945400,34.485717305524794,34.485717305524794,0.0,0,0.0,0.2608695652173913,6.0,3.5,2,0,2.351449275362319,5,0.24130144048310015,12.184304780923213,0.2726635247816862,201.11869884925636,0.06142951251646903,0.427150385846038,0.10695169572302202
g_n24_e72_k2_low_04,g_n24_e72_k2_low_04_p4,train,24,72,68,2,2,low,4,661277059,948323974945400,197432962028735,34.485717305524794,32.91642020988348,1.5692970956413106,4,0.05555555555555555,0.2463768115942029,5.666666666666667,3.472222222222222,2,0,2.4166666666666665,5,0.237089577856593,11.320865205127136,0.6931487834818624,211.93843052078506,0.06439393939393939,0.4496091458334021,0.10970313881283032
g_n24_e72_k2_low_04,g_n24_e72_k2_low_04_p8,train,24,72,64,2,2,low,8,1161278559,948323974945400,30399945933525,34.485717305524794,31.045461945836674,3.44025535968812,8,0.1111111111111111,0.2318840579710145,5.333333333333333,3.8055555555555554,2,0,2.463768115942029,5,0.21312498130854338,11.269456639778587,0.7916134271636954,235.40913816668612,0.06653491436100131,0.47549976085445184,0.11752072092522445
g_n24_e72_k2_low_05,g_n24_e72_k2_low_05_p0,test,24,72,72,2,2,low,0,3734862896,951620302058293,951620302058293,34.4891872287854,34.4891872287854,0.0,0,0.0,0.2608695652173913,6.0,3.5833333333333335,2,0,2.260869565217391,4,0.2683272879239371,12.303443458431412,0.48884551006756105,193.03051724929435,0.05731225296442688,0.3626497898237028,0.10082173150533177
g_n24_e72_k2_low_05,g_n24_e72_k2_low_05_p4,test,24,72,68,2,2,low,4,4234864396,951620302058293,244104242832544,34.4891872287854,33.128616474710796,1.360570754074601,4,0.05555555555555555,0.2463768115942029,5.666666666666667,2.972222222222222,2,0,2.329710144927536,4,0.263507872243482,10.97894079368265,0.5320250873148238,201.60272142863846,0.06044137022397892,0.33216638434029744,0.0989355655174155
g_n24_e72_k2_low_05,g_n24_e72_k2_low_05_p8,test,24,72,64,2,1,low,8,439898600,951620302058293,28909860824679,34.4891872287854,30.995203857855937,3.4939833709294597,8,0.1111111111111111,0.2318840579710145,5.333333333333333,3.8888888888888893,1,1,2.3260869565217392,4,0.261889130285062,12.266796824493087,0.5994063666716967,222.73080393560593,0.060276679841897225,0.4101872764916243,0.11019150522215297
g_n24_e72_k2_low_06,g_n24_e72_k2_low_06_p0,train,24,72,72,2,2,low,0,3013482937,991446218754162,991446218754162,34.5301858201118,34.5301858201118,0.0,0,0.0,0.2608695652173913,6.0,3.75,3,0,2.503623188405797,5,0.2348739597205902,11.116104857746512,0.2245704502054524,201.5202389115476,0.06834650856389986,0.2783158158018961,0.08769421178700991
g_n24_e72_k2_low_06,g_n24_e72_k2_low_06_p4,train,24,72,68,2,2,low,4,3513484437,991446218754162,220146561700275,34.5301858201118,33.02531463002186,1.5048711900899363,4,0.05555555555555555,0.2463768115942029,5.666666666666667,3.722222222222222,3,0,2.536231884057971,5,0.23224450072655434,11.111905147923359,0.23052496955742185,211.10822105446113,0.06982872200263503,0.29444428508018367,0.09017838000153124
g_n24_e72_k2_low_06,g_n24_e72_k2_low_06_p8,train,24,72,64,2,2,low,8,4013485937,991446218754162,43013088483760,34.5301858201118,31.392525568650154,3.137660251461643,8,0.1111111111111111,0.2318840579710145,5.333333333333333,3.5555555555555554,2,0,2.568840579710145,5,0.22897360067941183,11.081415118111618,0.662107403650138,222.4509704616337,0.07131093544137022,0.27004517221908525,0.0857286771973486
g_n24_e72_k2_low_07,g_n24_e72_k2_low_07_p0,train,24,72,72,2,2,low,0,2292102978,1017966926346556,1017966926346556,34.55658382365717,34.55658382365717,0.0,0,0.0,0.2608695652173913,6.0,3.4166666666666665,2,0,2.329710144927536,5,0.2593354901303086,10.999368814790047,0.6350164752605023,194.0184960476248,0.06044137022397892,0.34996407852139083,0.09528597171042189
g_n24_e72_k2_low_07,g_n24_e72_k2_low_07_p4,train,24,72,68,2,2,low,4,2792104478,1017966926346556,256238421552518,34.55658382365717,33.177129461175035,1.3794543624821358,4,0.05555555555555555,0.2463768115942029,5.666666666666667,3.3055555555555554,2,0,2.3550724637681157,5,0.25724817815490414,10.902242935834376,1.3026806811757439,201.10081021204022,0.06159420289855072,0.32969403236201655,0.09248426788423794
g_n24_e72_k2_low_07,g_n24_e72_k2_low_07_p8,train,24,72,64,2,2,low,8,3292105978,1017966926346556,33219704764642,34.55658382365717,31.134164332796722,3.422419490860449,8,0.1111111111111111,0.2318840579710145,5.333333333333333,3.7222222222222228,2,0,2.4384057971014492,5,0.24828133628704768,10.256354950529529,0.73748062078357,220.32762025995373,0.0653820816864295,0.3049548277809147,0.08967136979739815
g_n24_e72_k2_low_08,g_n24_e72_k2_low_08_p0,train,24,72,72,2,2,low,0,1570723019,1070012566303115,1070012566303115,34.60644678752406,34.60644678752406,0.0,0,0.0,0.2608695652173913,6.0,3.5833333333333335,2,0,2.286231884057971,5,0.26161322227470407,11.504597302601459,0.4486255350272197,192.66959748468975,0.05846508563899868,0.3808073678627038,0.10147617908925637
g_n24_e72_k2_low_08,g_n24_e72_k2_low_08_p4,train,24,72,68,2,2,low,4,2070724519,1070012566303115,205445310792068,34.60644678752406,32.956200986914105,1.6502458006099516,4,0.05555555555555555,0.2463768115942029,5.666666666666667,3.888888888888889,2,0,2.3043478260869565,5,0.26123373405753286,11.483409750288194,0.9190331971071624,202.70147515228757,0.059288537549407126,0.3940531800215595,0.10352083962331547
g_n24_e72_k2_low_08,g_n24_e72_k2_low_08_p8,train,24,72,64,2,2,low,8,2570726019,1070012566303115,38116301693340,34.60644678752406,31.27166317251959,3.334783615004465,8,0.1111111111111111,0.2318840579710145,5.333333333333333,3.722222222222222,2,0,2.4057971014492754,5,0.2516274851267798,10.54064807145937,0.9209752580995785,216.78833131286513,0.06389986824769432,0.33718358935750237,0.0922983431266886
g_n24_e72_k2_low_09,g_n24_e72_k2_low_09_p0,train,24,72,72,2,2,low,0,849343060,1102444957948320,1102444957948320,34.63630679723984,34.63630679723984,0.0,0,0.0,0.2608695652173913,6.0,2.9166666666666665,2,0,2.4746376811594204,5,0.2466544234906909,11.091671175307349,0.21987072238823124,198.0456959589361,0.06702898550724636,0.27206851119894593,0.0861679916385637
g_n24_e72_k2_low_09,g_n24_e72_k2_low_09_p4,train,24,72,68,2,2,low,4,1349344560,1102444957948320,188459064416833,34.63630679723984,32.869901934335466,1.7664048629043734,4,0.05555555555555555,0.2463768115942029,5.666666666666667,3.3888888888888893,2,0,2.5144927536231885,5,0.2408759821682689,11.060023813788327,0.21065518204159073,211.8415033852738,0.06884057971014493,0.2729907773386034,0.08633248029247069
g_n24_e72_k2_low_09,g_n24_e72_k2_low_09_p8,train,24,72,64,2,2,low,8,1849346060,1102444957948320,52674221903872,34.63630679723984,31.59514730386987,3.041159493369971,8,0.1111111111111111,0.2318840579710145,5.333333333333333,2.888888888888889,2,0,2.532608695652174,5,0.2360381236881801,10.327938690489068,0.4979411291829674,218.36743443201567,0.06966403162055335,0.29104084321475626,0.08743319553501325
g_n24_e72_k2_mid_10,g_n24_e72_k2_mid_10_p0,train,24,72,72,2,2,mid,0,127963101,1613641613583271,1613641613583271,35.01726989151667,35.01726989151667,0.0,0,0.0,0.2608695652173913,6.0,2.4166666666666665,3,0,2.463768115942029,5,0.24333768875403405,10.492689020958107,0.25576640198029477,193.82657415634526,0.06653491436100131,0.27197223066788284,0.08517120826098443
g_n24_e72_k2_mid_10,g_n24_e72_k2_mid_10_p4,train,24,72,68,2,2,mid,4,627964601,1613641613583271,407322461427505,35.01726989151667,33.640626276195945,1.3766436153207238,4,0.05555555555555555,0.2463768115942029,5.666666666666667,2.222222222222222,3,0,2.5217391304347827,5,0.23712068777050058,10.492240564271471,0.824052659436946,202.70291254187094,0.0691699604743083,0.2681517738248731,0.08405344027515577
g_n24_e72_k2_mid_10,g_n24_e72_k2_mid_10_p8,train,24,72,64,2,2,mid,8,1127966101,1613641613583271,57717986293560,35.01726989151667,31.686589961726675,3.3306799297899943,8,0.1111111111111111,0.2318840579710145,5.333333333333333,2.8055555555555554,2,0,2.5072463768115942,5,0.24008391088385206,10.282657682433213,0.5160827451666208,216.1221115491283,0.06851119894598155,0.2752040449668908,0.08765164926113142
g_n24_e72_k2_mid_11,g_n24_e72_k2_mid_11_p0,train,24,72,72,2,2,mid,0,3701550438,1620690319433836,1620690319433836,35.02162857649762,35.02162857649762,0.0,0,0.0,0.2608695652173913,6.0,2.6666666666666665,3,0,2.3043478260869565,5,0.261521735980346,10.95911131602336,0.4283408336527028,187.37879088167642,0.05928853754940711,0.32354316741668515,0.09233073659409391
g_n24_e72_k2_mid_11,g_n24_e72_k2_mid_11_p4,train,24,72,68,2,2,mid,4,4201551938,1620690319433836,438386230259390,35.02162857649762,33.71412144198922,1.3075071345083984,4,0.05555555555555555,0.2463768115942029,5.666666666666667,2.3055555555555554,3,0,2.351449275362319,5,0.25626840902861314,10.803698812470106,0.3983469011586003,194.90391389370149,0.06142951251646903,0.32679933154241453,0.0929871040924438
g_n24_e72_k2_mid_11,g_n24_e72_k2_mid_11_p8,train,24,72,64,2,2,mid,8,406586142,1620690319433836,88803060343136,35.02162857649762,32.11744222865643,2.90418634784119,8,0.1111111111111111,0.2318840579710145,5.333333333333333,2.138888888888889,3,0,2.4130434782608696,5,0.24702338150647554,10.295933732496005,0.39795248332726807,207.38730285952823,0.06422924901185771,0.3863074862866834,0.10250450377291674
g_n24_e72_k2_mid_12,g_n24_e72_k2_mid_12_p0,test,24,72,72,2,2,mid,0,2980170479,1621401999037405,1621401999037405,35.02206760138962,35.02206760138962,0.0,0,0.0,0.2608695652173913,6.0,1.6666666666666667,2,0,2.4746376811594204,5,0.22316904109506924,10.015618590686964,0.18073055579167363,203.27197731090382,0.06702898550724637,0.261335403726708,0.08934029020993757
g_n24_e72_k2_mid_12,g_n24_e72_k2_mid_12_p4,test,24,72,68,2,2,mid,4,3480171979,1621401999037405,330654332348752,35.02206760138962,33.43209463248494,1.5899729689046822,4,0.05555555555555555,0.2463768115942029,5.666666666666667,1.972222222222222,2,0,2.5253623188405796,5,0.21477981523554726,10.013532213903327,0.5579262130787344,215.83183436411935,0.06933465085638997,0.33697534349708264,0.09724961718238263
g_n24_e72_k2_mid_12,g_n24_e72_k2_mid_12_p8,test,24,72,64,2,2,mid,8,3980173479,1621401999037405,35716196599523,35.02206760138962,31.206625388090796,3.8154422132988266,8,0.1111111111111111,0.2318840579710145,5.333333333333333,2.3055555555555554,2,0,2.9057971014492754,6,0.13475152769959964,9.589635401514213,0.07924518983178608,294.53903755169426,0.08662714097496704,0.5195652173913042,0.1310977496053706
g_n24_e72_k2_mid_13,g_n24_e72_k2_mid_13_p0,validation,24,72,72,2,2,mid,0,2258790520,1632194317278126,1632194317278126,35.02870171132433,35.02870171132433,0.0,0,0.0,0.2608695652173913,6.0,3.0,3,0,2.2282608695652173,5,0.2738235767262063,12.37404343461452,0.6167445536742875,183.54654367410697,0.05583003952569169,0.3759552042160738,0.10107763168309296
g_n24_e72_k2_mid_13,g_n24_e72_k2_mid_13_p4,validation,24,72,68,2,2,mid,4,2758792020,1632194317278126,372197627298384,35.02870171132433,33.550446085313546,1.4782556260107853,4,0.05555555555555555,0.2463768115942029,5.666666666666667,2.638888888888889,3,0,2.2753623188405796,5,0.27027456415434253,11.093876034828451,0.6263205705782653,192.81802052305682,0.05797101449275361,0.33742079176861783,0.09635828842182084
g_n24_e72_k2_mid_13,g_n24_e72_k2_mid_13_p8,validation,24,72,64,2,2,mid,8,3258793520,1632194317278126,70487789244236,35.02870171132433,31.88646060853612,3.142241102788212,8,0.1111111111111111,0.2318840579710145,5.333333333333333,2.638888888888889,2,0,2.3731884057971016,5,0.2616440610341412,10.489875782413309,0.6664821889836618,206.07113179963892,0.062417654808959146,0.3029361942405421,0.09153590757633544
g_n24_e72_k2_mid_14,g_n24_e72_k2_mid_14_p0,train,24,72,72,2,2,mid,0,1537410561,1632386522610153,1632386522610153,35.02881946324513,35.02881946324513,0.0,0,0.0,0.2608695652173913,6.0,2.6666666666666665,3,0,2.300724637681159,4,0.26216836497806145,11.100736764533364,0.43288757717920756,187.25508774241086,0.05912384716732542,0.31884528514963295,0.09669447493529526
g_n24_e72_k2_mid_14,g_n24_e72_k2_mid_14_p4,train,24,72,68,2,2,mid,4,2037412061,1632386522610153,390915179135451,35.02881946324513,33.5995117192231,1.4293077440220259,4,0.05555555555555555,0.2463768115942029,5.666666666666667,2.388888888888889,3,0,2.36231884057971,4,0.25506583481959655,10.759276665334566,0.604881047088643,197.05853048396244,0.06192358366271409,0.31930641821946165,0.09687606025403654
g_n24_e72_k2_mid_14,g_n24_e72_k2_mid_14_p8,train,24,72,64,2,2,mid,8,2537413561,1632386522610153,74649933020160,35.02881946324513,31.943830742661635,3.0849887205834925,8,0.1111111111111111,0.2318840579710145,5.333333333333333,2.3055555555555554,2,0,2.38768115942029,5,0.2559794640890619,10.316237868756298,0.9483407723394919,207.4872594109468,0.0630764163372859,0.2963485789572746,0.09231393766174384
g_n24_e72_k2_mid_15,g_n24_e72_k2_mid_15_p0,validation,24,72,72,2,2,mid,0,816030602,1632665452602080,1632665452602080,35.02899032116391,35.02899032116391,0.0,0,0.0,0.2608695652173913,6.0,2.6666666666666665,4,0,2.369565217391304,5,0.2550837292128215,11.207303228413775,0.3272907391891371,189.33892818637582,0.062252964426877465,0.29951445129310744,0.08955195807378634
g_n24_e72_k2_mid_15,g_n24_e72_k2_mid_15_p4,validation,24,72,68,2,2,mid,4,1316032102,1632665452602080,386073806928896,35.02899032116391,33.58704967677549,1.441940644388417,4,0.05555555555555555,0.2463768115942029,5.666666666666667,2.388888888888889,3,0,2.431159420289855,5,0.25198692436452585,10.206099232861849,0.4096160090584764,198.0983781281849,0.06505270092226613,0.2645503686424402,0.0853638994944673
g_n24_e72_k2_mid_15,g_n24_e72_k2_mid_15_p8,validation,24,72,64,2,1,mid,8,1816033602,1632665452602080,39316219508190,35.02899032116391,31.302658259794423,3.7263320613694866,8,0.1111111111111111,0.2318840579710145,5.333333333333333,2.305555555555556,3,1,2.7427536231884058,5,0.11982918514700999,10.17962701931106,0.5227951077410813,312.1820434759176,0.07921607378129115,0.5311970638057595,0.14128873855265406
g_n24_e72_k2_mid_16,g_n24_e72_k2_mid_16_p0,train,24,72,72,2,2,mid,0,94650643,1635274789772544,1635274789772544,35.03058725227737,35.03058725227737,0.0,0,0.0,0.2608695652173913,6.0,2.25,3,0,2.3840579710144927,5,0.2505144166590904,10.56341589915851,0.30344767614341617,191.55602859276252,0.06291172595520422,0.3389579020013802,0.09189808640396664
g_n24_e72_k2_mid_16,g_n24_e72_k2_mid_16_p8,train,24,72,64,2,2,mid,8,1094653643,1635274789772544,72298313820915,35.03058725227737,31.91182192284226,3.11876532943511,8,0.1111111111111111,0.2318840579710145,5.333333333333333,2.222222222222222,3,0,2.5434782608695654,5,0.22010587731278755,10.362018038401178,0.24607295920865013,220.84058570476827,0.07015810276679842,0.4489807294155121,0.1084181402026826
g_n24_e72_k2_mid_17,g_n24_e72_k2_mid_17_p0,train,24,72,72,2,2,mid,0,3668237980,1656269300240320,1656269300240320,35.043344058570476,35.043344058570476,0.0,0,0.0,0.2608695652173913,6.0,2.1666666666666665,3,0,2.420289855072464,5,0.24954015302093596,10.136731371036614,0.2518302763618152,191.6971126765039,0.06455862977602107,0.31627417765525184,0.08915380280586485
g_n24_e72_k2_mid_17,g_n24_e72_k2_mid_17_p4,train,24,72,68,2,2,mid,4,4168239480,1656269300240320,249282339524272,35.043344058570476,33.14960726369314,1.8937367948773343,4,0.05555555555555555,0.2463768115942029,5.666666666666667,2.8055555555555554,2,0,2.5181159420289854,5,0.23524570858885202,10.038678825325043,0.4424915845628208,210.02760153709784,0.06900527009222661,0.2782000169351948,0.08935187596520557
g_n24_e72_k2_mid_17,g_n24_e72_k2_mid_17_p8,train,24,72,64,2,2,mid,8,373273684,1656269300240320,103513083366997,35.043344058570476,32.27071912998795,2.7726249285825233,8,0.1111111111111111,0.2318840579710145,5.333333333333333,1.6388888888888886,3,0,2.489130434782609,5,0.24016880136756227,9.725003794770828,0.49429400185885264,208.45240122942982,0.0676877470355731,0.2756913200030574,0.08837997000327676
g_n24_e72_k2_mid_18,g_n24_e72_k2_mid_18_p0,train,24,72,72,2,2,mid,0,2946858021,1657616817037520,1657616817037520,35.04415731335581,35.04415731335581,0.0,0,0.0,0.2608695652173913,6.0,2.3333333333333335,4,0,2.380434782608696,4,0.24441893440843016,10.897399994879464,0.30895976108108947,193.2272578074172,0.06274703557312253,0.36491624317711274,0.09903956904409976
g_n24_e72_k2_mid_18,g_n24_e72_k2_mid_18_p4,train,24,72,68,2,2,mid,4,3446859521,1657616817037520,378126222763462,35.04415731335581,33.56624917846304,1.4779081348927718,4,0.05555555555555555,0.2463768115942029,5.666666666666667,2.472222222222222,3,0,2.3949275362318843,4,0.24440177976382654,10.88125363782479,0.3882788320169226,200.72635604884232,0.06340579710144927,0.3736777715038584,0.10011782754103574
g_n24_e72_k2_mid_18,g_n24_e72_k2_mid_18_p8,train,24,72,64,2,2,mid,8,3946861021,1657616817037520,59969573478313,35.04415731335581,31.724858440832765,3.3192988725230457,8,0.1111111111111111,0.2318840579710145,5.333333333333333,2.3888888888888884,2,0,2.5434782608695654,6,0.23545370900913226,10.230289039561008,0.974757750960535,218.37865029361484,0.07015810276679842,0.29538239538239536,0.09148183413923454
g_n24_e72_k2_mid_19,g_n24_e72_k2_mid_19_p0,test,24,72,72,2,2,mid,0,2225478062,1659778346350694,1659778346350694,35.045460462068945,35.045460462068945,0.0,0,0.0,0.2608695652173913,6.0,2.4166666666666665,4,0,2.420289855072464,5,0.2500758377398626,10.63142154172355,0.3958601225479139,191.11709716776065,0.06455862977602107,0.30877122181370514,0.09215908004179003
g_n24_e72_k2_mid_19,g_n24_e72_k2_mid_19_p4,test,24,72,68,2,1,mid,4,2725479562,1659778346350694,216865677298296,35.045460462068945,33.0102992791849,2.035161182884046,4,0.05555555555555555,0.2463768115942029,5.666666666666667,2.222222222222222,4,1,2.5905797101449277,5,0.1289235188613807,10.34810765006243,0.32624255300288496,288.30078721317994,0.07229907773386034,0.5424901185770751,0.1434239725911096
g_n24_e72_k2_mid_19,g_n24_e72_k2_mid_19_p8,test,24,72,64,2,2,mid,8,3225481062,1659778346350694,72353891718800,35.045460462068945,31.91259035772941,3.132870104339535,8,0.1111111111111111,0.2318840579710145,5.333333333333333,2.388888888888889,3,0,2.536231884057971,5,0.23358398075988285,10.283226659994563,0.30333249313164146,215.21733954022318,0.06982872200263505,0.27904124860646606,0.0922364114503335
g_n24_e72_k2_high_20,g_n24_e72_k2_high_20_p0,train,24,72,72,2,2,high,0,1504098103,2266209652248807,2266209652248807,35.356885074087906,35.356885074087906,0.0,0,0.0,0.2608695652173913,6.0,1.5,3,0,2.3115942028985508,4,0.2615505666369835,10.345385151643656,0.36717950113803255,184.70592087237782,0.05961791831357049,0.2705345379258422,0.08606981571529931
g_n24_e72_k2_high_20,g_n24_e72_k2_high_20_p4,train,24,72,68,2,2,high,4,2004099603,2266209652248807,479787615446949,35.356885074087906,33.80436465409386,1.552520419994046,4,0.05555555555555555,0.2463768115942029,5.666666666666667,1.8055555555555554,3,0,2.3333333333333335,4,0.2614673666371232,10.055443813178588,0.32918914733932425,193.0110782947295,0.06060606060606061,0.26472945148834476,0.08688811726512678
g_n24_e72_k2_high_20,g_n24_e72_k2_high_20_p8,train,24,72,64,2,1,high,8,2504101103,2266209652248807,46825249806627,35.356885074087906,31.47744369914307,3.879441374944836,8,0.1111111111111111,0.2318840579710145,5.333333333333333,2.388888888888889,1,1,2.4420289855072466,5,0.23685375215123125,9.729997461337202,0.5695680845449465,225.59523110608004,0.0655467720685112,0.33099472990777334,0.09320305848738442
g_n24_e72_k2_high_21,g_n24_e72_k2_high_21_p0,train,24,72,72,2,2,high,0,782718144,2289997512174744,2289997512174744,35.36732712608967,35.36732712608967,0.0,0,0.0,0.2608695652173913,6.0,1.5,3,0,2.4166666666666665,5,0.2481607185786526,10.50589785575086,0.2530948709329781,188.8654741884514,0.06439393939393939,0.30759721807036383,0.08808536799605324
g_n24_e72_k2_high_21,g_n24_e72_k2_high_21_p4,train,24,72,68,2,2,high,4,1282719644,2289997512174744,447561304384938,35.36732712608967,33.734834637299734,1.6324924887899357,4,0.05555555555555555,0.2463768115942029,5.666666666666667,1.8055555555555554,3,0,2.510869565217391,5,0.23080982538201084,10.489034832808285,0.6392502391714094,204.63842515725435,0.06867588932806323,0.2870976849237719,0.08710315032256383
g_n24_e72_k2_high_21,g_n24_e72_k2_high_21_p8,train,24,72,64,2,2,high,8,1782721144,2289997512174744,91704156655736,35.36732712608967,32.149588823015726,3.2177383030739435,8,0.1111111111111111,0.2318840579710145,5.333333333333333,1.722222222222222,2,0,2.5072463768115942,5,0.23588897817518373,9.633156295462781,0.318037091214026,212.28537581786975,0.06851119894598155,0.2660390992406802,0.08717732584235156
g_n24_e72_k2_high_22,g_n24_e72_k2_high_22_p0,train,24,72,72,2,2,high,0,61338185,2295626940405564,2295626940405564,35.36978237776455,35.36978237776455,0.0,0,0.0,0.2608695652173913,6.0,1.5833333333333333,4,0,2.38768115942029,5,0.25294558805805617,10.889771001264663,0.351927628654793,187.0445777265678,0.0630764163372859,0.33741869391963,0.09091531951857765
g_n24_e72_k2_high_22,g_n24_e72_k2_high_22_p4,train,24,72,68,2,1,high,4,561339685,2295626940405564,252761618258220,35.36978237776455,33.16346794016423,2.2063144376003194,4,0.05555555555555555,0.2463768115942029,5.666666666666667,1.722222222222222,3,1,2.713768115942029,5,0.12033606208084799,10.229544183580265,0.1513026411772671,299.2818521301146,0.07789855072463768,0.5292490118577073,0.14088541213358619
g_n24_e72_k2_high_22,g_n24_e72_k2_high_22_p8,train,24,72,64,2,2,high,8,1061341185,2295626940405564,81466418385527,35.36978237776455,32.031212006912405,3.338570370852146,8,0.1111111111111111,0.2318840579710145,5.333333333333333,1.972222222222222,2,0,2.460144927536232,5,0.24501617038509144,10.579498763957133,0.3975203111476322,210.68246086306806,0.06637022397891962,0.38345738582892724,0.09766701007704294
g_n24_e72_k2_high_23,g_n24_e72_k2_high_23_p0,test,24,72,72,2,2,high,0,3634925522,2369037029528320,2369037029528320,35.40125995083403,35.40125995083403,0.0,0,0.0,0.2608695652173913,6.0,1.3333333333333333,4,0,2.4456521739130435,5,0.24432319588587822,10.355164880453362,0.2534530231472578,189.8485100744914,0.06571146245059288,0.29991144121578905,0.08631878462278246
g_n24_e72_k2_high_23,g_n24_e72_k2_high_23_p4,test,24,72,68,2,2,high,4,4134927022,2369037029528320,438988257636736,35.40125995083403,33.71549378066589,1.6857661701681437,4,0.05555555555555555,0.2463768115942029,5.666666666666667,1.8888888888888886,3,0,2.4818840579710146,5,0.23949265797995903,10.229317057669268,0.31781639162348796,201.36151745546977,0.06735836627140974,0.2796399911024417,0.08686299889011462
g_n24_e72_k2_high_23,g_n24_e72_k2_high_23_p8,test,24,72,64,2,2,high,8,339961226,2369037029528320,85066735069152,35.40125995083403,32.074457182835204,3.326802767998828,8,0.1111111111111111,0.2318840579710145,5.333333333333333,2.0555555555555554,3,0,2.5869565217391304,5,0.22522384105027363,9.799248755179814,0.47965422145466086,216.292983901223,0.07213438735177867,0.2748215552563379,0.08562117585805412
g_n24_e72_k2_high_24,g_n24_e72_k2_high_24_p0,test,24,72,72,2,2,high,0,2913545563,2406316194803461,2406316194803461,35.41687342311497,35.41687342311497,0.0,0,0.0,0.2608695652173913,6.0,1.4166666666666667,3,0,2.391304347826087,5,0.2559994072417816,10.425377517931032,0.266716556861768,185.70528335587565,0.06324110671936758,0.272890394629525,0.08491784532568157
g_n24_e72_k2_high_24,g_n24_e72_k2_high_24_p4,test,24,72,68,2,2,high,4,3413547063,2406316194803461,473656230862558,35.41687342311497,33.79150292315683,1.6253704999581444,4,0.05555555555555555,0.2463768115942029,5.666666666666667,1.972222222222222,3,0,2.4420289855072466,5,0.2500422533744055,10.379282073375396,0.32038991299228137,196.3866527886836,0.06554677206851119,0.26119894598155463,0.08582807726625531
g_n24_e72_k2_high_24,g_n24_e72_k2_high_24_p8,test,24,72,64,2,2,high,8,3913548563,2406316194803461,89187329847690,35.41687342311497,32.12176010335933,3.295113319755643,8,0.1111111111111111,0.2318840579710145,5.333333333333333,1.8055555555555554,2,0,2.460144927536232,5,0.2500743368597632,9.897735687239472,0.5158454561825092,207.6212353209126,0.06637022397891962,0.27986492620763714,0.08622814200808462
g_n24_e72_k2_high_25,g_n24_e72_k2_high_25_p0,train,24,72,72,2,2,high,0,2192165604,2421855274653174,2421855274653174,35.42331028377776,35.42331028377776,0.0,0,0.0,0.2608695652173913,6.0,1.25,4,0,2.471014492753623,5,0.24142670141504594,9.90691806611072,0.34136675948847284,190.64548074017029,0.06686429512516469,0.2682349619689773,0.08721264165411645
g_n24_e72_k2_high_25,g_n24_e72_k2_high_25_p4,train,24,72,68,2,2,high,4,2692167104,2421855274653174,521493005489672,35.42331028377776,33.88771697798733,1.535593305790428,4,0.05555555555555555,0.2463768115942029,5.666666666666667,1.3888888888888886,3,0,2.5,5,0.23279478923694813,9.666207244724749,0.34437233626059616,202.15634154810482,0.06818181818181818,0.31386222473179004,0.09096934696452018
g_n24_e72_k2_high_25,g_n24_e72_k2_high_25_p8,train,24,72,64,2,2,high,8,3192168604,2421855274653174,114033019156194,35.42331028377776,32.367509164105975,3.0558011196717842,8,0.1111111111111111,0.2318840579710145,5.333333333333333,1.0555555555555556,3,0,2.630434782608696,5,0.21313044557885988,9.357015417067831,0.5827553408130512,219.19549408850315,0.0741106719367589,0.3575854097593228,0.09517246941730986
g_n24_e72_k2_high_26,g_n24_e72_k2_high_26_p0,train,24,72,72,2,2,high,0,1470785645,2478670760994966,2478670760994966,35.44649882792732,35.44649882792732,0.0,0,0.0,0.2608695652173913,6.0,1.0,4,0,2.4347826086956523,5,0.2459653928090333,9.852276812135976,0.2673472147051843,189.1752836097488,0.06521739130434782,0.27032062140757795,0.08697171289427741
g_n24_e72_k2_high_26,g_n24_e72_k2_high_26_p4,train,24,72,68,2,2,high,4,1970787145,2478670760994966,642925284948387,35.44649882792732,34.09704963582277,1.3494491921045508,4,0.05555555555555555,0.2463768115942029,5.666666666666667,0.7222222222222222,4,0,2.449275362318841,5,0.24466380550537303,9.480576802388589,0.31652010595842306,196.03233555257455,0.06587615283267456,0.26880764163372856,0.08689981945298109
g_n24_e72_k2_high_26,g_n24_e72_k2_high_26_p8,train,24,72,64,2,2,high,8,2470788645,2478670760994966,124922372648908,35.44649882792732,32.45871364151006,2.9877851864172627,8,0.1111111111111111,0.2318840579710145,5.333333333333333,0.972222222222222,4,0,2.5181159420289854,5,0.23847353220895326,9.325961787721102,0.37221378451061327,207.81634483920914,0.06900527009222661,0.2696370822853036,0.0855364944430154
g_n24_e72_k2_high_27,g_n24_e72_k2_high_27_p0,validation,24,72,72,2,2,high,0,749405686,2486465766338215,2486465766338215,35.449638726177675,35.449638726177675,0.0,0,0.0,0.2608695652173913,6.0,1.0833333333333333,4,0,2.5181159420289854,5,0.2348704536419463,9.957136120675969,0.23239136222986456,192.9491355536453,0.06900527009222661,0.3304382106467427,0.09020527598299125
g_n24_e72_k2_high_27,g_n24_e72_k2_high_27_p4,validation,24,72,68,2,2,high,4,1249407186,2486465766338215,519571477118000,35.449638726177675,33.884025505296016,1.5656132208816587,4,0.05555555555555555,0.2463768115942029,5.666666666666667,1.3055555555555556,3,0,2.536231884057971,5,0.23386653868764973,9.712358087884626,0.25274181214109426,201.9878291254136,0.06982872200263504,0.3309705709310452,0.09083496395826002
g_n24_e72_k2_high_27,g_n24_e72_k2_high_27_p8,validation,24,72,64,2,1,high,8,1749408686,2486465766338215,73649486942935,35.449638726177675,31.93033829266133,3.519300433516346,8,0.1111111111111111,0.2318840579710145,5.333333333333333,0.8055555555555555,4,1,2.822463768115942,5,0.11194963466034938,9.50847959592894,0.5492991529806037,318.5824026987327,0.08283926218708827,0.5304128238910848,0.1415652009550546
g_n24_e72_k2_high_28,g_n24_e72_k2_high_28_p0,train,24,72,72,2,2,high,0,28025727,2526303166044082,2526303166044082,35.46553342986543,35.46553342986543,0.0,0,0.0,0.2608695652173913,6.0,1.25,4,0,2.286231884057971,4,0.26454865494779134,10.641547666989991,0.33941255875511445,182.62642754954214,0.05846508563899868,0.32025064307673,0.0902742634972664
g_n24_e72_k2_high_28,g_n24_e72_k2_high_28_p4,train,24,72,68,2,2,high,4,528027227,2526303166044082,569543782390552,35.46553342986543,33.97585677450968,1.4896766553557512,4,0.05555555555555555,0.2463768115942029,5.666666666666667,1.3888888888888886,4,0,2.3260869565217392,4,0.2613995159316707,10.515758897132551,0.3459803581797303,191.19906154801612,0.06027667984189722,0.31198004893657066,0.08883602326922016
g_n24_e72_k2_high_28,g_n24_e72_k2_high_28_p8,train,24,72,64,2,2,high,8,1028028727,2526303166044082,127279191538864,35.46553342986543,32.47740414810623,2.9881292817592,8,0.1111111111111111,0.2318840579710145,5.333333333333333,1.3055555555555556,4,0,2.369565217391304,4,0.2556762617984422,9.822585235075582,0.4919443752968,200.8700498103148,0.06225296442687747,0.3356468410816237,0.0916610350090811
g_n24_e72_k2_high_29,g_n24_e72_k2_high_29_p0,validation,24,72,72,2,2,high,0,3601613064,3138330696915152,3138330696915152,35.68246742828182,35.68246742828182,0.0,0,0.0,0.2608695652173913,6.0,0.75,5,0,2.3550724637681157,4,0.257815468486932,10.055789209232694,0.28859613863178346,182.49022573126035,0.06159420289855073,0.2653718865675388,0.08459500000957308
g_n24_e72_k2_high_29,g_n24_e72_k2_high_29_p4,validation,24,72,68,2,2,high,4,4101614564,3138330696915152,633900048971318,35.68246742828182,34.08291240647268,1.5995550218091381,4,0.05555555555555555,0.2463768115942029,5.666666666666667,1.1388888888888888,3,0,2.3731884057971016,4,0.25774153982452896,10.054400459036511,0.7678219547902074,191.50497584824544,0.062417654808959146,0.2724888637932116,0.08607610761616521
g_n24_e72_k2_high_29,g_n24_e72_k2_high_29_p8,validation,24,72,64,2,2,high,8,306648768,3138330696915152,118571366235655,35.68246742828182,32.40653614194035,3.275931286341468,8,0.1111111111111111,0.2318840579710145,5.333333333333333,1.3055555555555554,3,0,2.4855072463768115,5,0.24515427207967497,9.11084793074962,0.26208601645436147,205.38660600272135,0.06752305665349144,0.2998899296213874,0.08465389589771591
g_n24_e72_k3_low_00,g_n24_e72_k3_low_00_p0,train,24,72,72,3,3,low,0,2880233105,1467702758047225,1467702758047225,34.92247482370672,34.92247482370672,0.0,0,0.0,0.2608695652173913,6.0,4.0,3,0,2.2028985507246377,5,0.39433501323801123,11.439697100122027,0.6458288128941234,161.36570866105768,0.054677206851119896,0.23908879877259318,0.07276983286674828
g_n24_e72_k3_low_00,g_n24_e72_k3_low_00_p4,train,24,72,68,3,3,low,4,3380234605,1467702758047225,415064774058398,34.92247482370672,33.659455706048135,1.2630191176585868,4,0.05555555555555555,0.2463768115942029,5.666666666666667,3.222222222222222,3,0,2.260869565217391,5,0.38514643994990916,10.660493414058621,0.5885492290809307,168.38972515980154,0.05731225296442687,0.2371368969195056,0.07143821819777474
g_n24_e72_k3_low_00,g_n24_e72_k3_low_00_p8,train,24,72,64,3,1,low,8,3880236105,1467702758047225,41690488431386,34.92247482370672,31.361294123545044,3.561180700161678,8,0.1111111111111111,0.2318840579710145,5.333333333333333,3.888888888888889,1,1,2.300724637681159,5,0.3758045992682386,10.532634987873983,0.6603787725500823,192.7884817876637,0.05912384716732542,0.2203125267354516,0.06954288960604797
g_n24_e72_k3_low_01,g_n24_e72_k3_low_01_p0,validation,24,72,72,3,3,low,0,2158853146,1509739365263552,1509739365263552,34.9507134250537,34.9507134250537,0.0,0,0.0,0.2608695652173913,6.0,3.8333333333333335,3,0,2.221014492753623,4,0.3895712730226233,11.448786402139817,0.6743398442091166,161.97308061146848,0.05550065876152832,0.2080672621186455,0.07084668068035664
g_n24_e72_k3_low_01,g_n24_e72_k3_low_01_p4,validation,24,72,68,3,2,low,4,2658854646,1509739365263552,242805258766982,34.9507134250537,33.123280833721935,1.827432591331764,4,0.05555555555555555,0.2463768115942029,5.666666666666667,3.722222222222222,3,0,2.329710144927536,5,0.2618333565619051,11.251162820858939,0.43942242139328336,199.55489309213354,0.06044137022397891,0.30021645021645016,0.0933598694342509
g_n24_e72_k3_low_01,g_n24_e72_k3_low_01_p8,validation,24,72,64,3,2,low,8,3158856146,1509739365263552,37748192504260,34.9507134250537,31.26195870979541,3.6887547152582876,8,0.1111111111111111,0.2318840579710145,5.333333333333333,3.888888888888889,2,0,2.4166666666666665,5,0.2478078593660121,11.29485088810138,0.545123719186539,218.10010492012117,0.06439393939393939,0.3489951747856886,0.09889227131937675
g_n24_e72_k3_low_02,g_n24_e72_k3_low_02_p0,test,24,72,72,3,3,low,0,1437473187,1587168552095175,1587168552095175,35.00072803881477,35.00072803881477,0.0,0,0.0,0.2608695652173913,6.0,3.8333333333333335,3,0,2.2934782608695654,4,0.36854081594975163,11.442082681634806,0.47672889994962997,163.8916509189621,0.058794466403162056,0.21770597650044296,0.06996865293533633
g_n24_e72_k3_low_02,g_n24_e72_k3_low_02_p4,test,24,72,68,3,3,low,4,1937474687,1587168552095175,448831063396215,35.00072803881477,33.73766768208277,1.263060356731998,4,0.05555555555555555,0.2463768115942029,5.666666666666667,2.972222222222222,3,0,2.318840579710145,4,0.36466837154022774,10.65509630911757,0.58519854963422,170.50276472605236,0.059947299077733864,0.22505019135453924,0.0690816273237603
g_n24_e72_k3_low_02,g_n24_e72_k3_low_02_p8,test,24,72,64,3,3,low,8,2437476187,1587168552095175,83801662359410,35.00072803881477,32.05947396044429,2.941254078370477,8,0.1111111111111111,0.2318840579710145,5.333333333333333,3.3055555555555554,3,0,2.391304347826087,5,0.34092336922595773,10.406125509636679,0.7094842471582066,183.822513592269,0.0632411067193676,0.23552535518938678,0.07387980344706305
g_n24_e72_k3_low_03,g_n24_e72_k3_low_03_p0,train,24,72,72,3,3,low,0,716093228,1674227910840804,1674227910840804,35.054128505166425,35.054128505166425,0.0,0,0.0,0.2608695652173913,6.0,3.5,3,0,2.217391304347826,5,0.382632441250495,11.386510743306053,0.4978825580416659,161.82402166382715,0.05533596837944663,0.30014402335374196,0.07995264725266027
g_n24_e72_k3_low_03,g_n24_e72_k3_low_03_p4,train,24,72,68,3,2,low,4,1216094728,1674227910840804,372182869957654,35.054128505166425,33.550406435320596,1.5037220698458285,4,0.05555555555555555,0.2463768115942029,5.666666666666667,3.222222222222222,2,0,2.253623188405797,5,0.3793211871438745,10.916716142255291,0.6163252040388478,171.20433884802893,0.05698287220026349,0.28619823303617764,0.07638498932982866
g_n24_e72_k3_low_03,g_n24_e72_k3_low_03_p8,train,24,72,64,3,2,low,8,1716096228,1674227910840804,51896493911160,35.054128505166425,31.580272349120204,3.473856156046221,8,0.1111111111111111,0.2318840579710145,5.333333333333333,3.388888888888889,3,0,2.380434782608696,5,0.2576399214709019,10.529510599340874,0.4064998406363989,209.96239254864125,0.06274703557312254,0.3517282802449043,0.09683932431511175
g_n24_e72_k3_low_04,g_n24_e72_k3_low_04_p0,test,24,72,72,3,3,low,0,4289680565,1739925088802007,1739925088802007,35.0926184547977,35.0926184547977,0.0,0,0.0,0.2608695652173913,6.0,3.4166666666666665,3,0,2.2572463768115942,4,0.3736620458745295,12.185835135202266,0.4825467384563922,162.74717865095334,0.057147562582345185,0.2798669929104711,0.07839020184483997
g_n24_e72_k3_low_04,g_n24_e72_k3_low_04_p4,test,24,72,68,3,3,low,4,494714769,1739925088802007,517029764915925,35.0926184547977,33.87912156115098,1.2134968936467203,4,0.05555555555555555,0.2463768115942029,5.666666666666667,2.555555555555556,3,0,2.2934782608695654,4,0.369301823599815,11.33689808492316,0.4839038793358057,168.67246387664875,0.05879446640316205,0.2742612460003763,0.07783563445370865
g_n24_e72_k3_low_04,g_n24_e72_k3_low_04_p8,test,24,72,64,3,2,low,8,994716269,1739925088802007,76430780255973,35.0926184547977,31.96740661389707,3.125211840900633,8,0.1111111111111111,0.2318840579710145,5.333333333333333,3.3055555555555554,2,0,2.2971014492753623,4,0.3713753530921748,12.148463678653371,0.7186535139383015,182.1930034043448,0.05895915678524374,0.3004517221908525,0.08273535459008816
g_n24_e72_k3_low_05,g_n24_e72_k3_low_05_p0,train,24,72,72,3,3,low,0,3568300606,1802315138419844,1802315138419844,35.127848421392585,35.127848421392585,0.0,0,0.0,0.2608695652173913,6.0,3.25,3,0,2.210144927536232,4,0.39180283381679426,11.49380041725582,0.744579845321816,160.0298170570098,0.05500658761528326,0.23678056682009246,0.07335345630237597
g_n24_e72_k3_low_05,g_n24_e72_k3_low_05_p4,train,24,72,68,3,3,low,4,4068302106,1802315138419844,424472804525000,35.127848421392585,33.68186905490452,1.4459793664880678,4,0.05555555555555555,0.2463768115942029,5.666666666666667,3.222222222222222,3,0,2.2572463768115942,5,0.3862882534426748,11.351187932250607,0.8335661899808384,168.16423670309356,0.057147562582345185,0.22523644559217681,0.07215778147677233
g_n24_e72_k3_low_05,g_n24_e72_k3_low_05_p8,train,24,72,64,3,2,low,8,273336310,1802315138419844,76954605945238,35.127848421392585,31.974236830760493,3.1536115906320923,8,0.1111111111111111,0.2318840579710145,5.333333333333333,2.3055555555555554,2,0,2.38768115942029,5,0.25792660876667245,10.431346977516064,0.8226071506807928,206.563347129414,0.0630764163372859,0.3163412783966144,0.090538407960396
g_n24_e72_k3_low_06,g_n24_e72_k3_low_06_p0,validation,24,72,72,3,3,low,0,2846920647,1811015557138295,1811015557138295,35.13266416413304,35.13266416413304,0.0,0,0.0,0.2608695652173913,6.0,2.75,3,0,2.289855072463768,5,0.37609524702883546,10.576447879539682,0.5057419994133694,162.8459387344508,0.05862977602108036,0.20062425497208097,0.06647416106968772
g_n24_e72_k3_low_06,g_n24_e72_k3_low_06_p4,validation,24,72,68,3,1,low,4,3346922147,1811015557138295,201364213572380,35.13266416413304,32.93613639210471,2.1965277720283325,4,0.05555555555555555,0.2463768115942029,5.666666666666667,3.388888888888889,1,1,2.347826086956522,5,0.3632618497772693,10.536037527565414,0.4875865669626922,187.69297700333757,0.06126482213438735,0.25832948342829765,0.07475517510616785
g_n24_e72_k3_low_06,g_n24_e72_k3_low_06_p8,validation,24,72,64,3,2,low,8,3846923647,1811015557138295,80303653248440,35.13266416413304,32.01683623084565,3.1158279332873917,8,0.1111111111111111,0.2318840579710145,5.333333333333333,2.5555555555555554,2,0,2.402173913043478,5,0.3520600663420381,9.76994003760285,0.438835118729453,185.36615248858257,0.06373517786561265,0.20954505529604336,0.06534531201143642
g_n24_e72_k3_low_07,g_n24_e72_k3_low_07_p0,train,24,72,72,3,3,low,0,2125540688,1828797216491808,1828797216491808,35.14243488692715,35.14243488692715,0.0,0,0.0,0.2608695652173913,6.0,3.0,3,0,2.3079710144927534,5,0.36265323534935473,10.728114151399348,0.4377251124096446,164.039326430833,0.05945322793148879,0.2687693619511802,0.07462727492700577
g_n24_e72_k3_low_07,g_n24_e72_k3_low_07_p4,train,24,72,68,3,2,low,4,2625542188,1828797216491808,326657634569981,35.14243488692715,33.41993374926724,1.7225011376599113,4,0.05555555555555555,0.2463768115942029,5.666666666666667,3.138888888888889,2,0,2.351449275362319,5,0.3559418402649849,10.344471194724596,0.6748503062910736,177.41097731141102,0.06142951251646903,0.2508123189941372,0.07000125377268786
g_n24_e72_k3_low_07,g_n24_e72_k3_low_07_p8,train,24,72,64,3,2,low,8,3125543688,1828797216491808,49271744729088,35.14243488692715,31.528371903448434,3.614062983478714,8,0.1111111111111111,0.2318840579710145,5.333333333333333,3.0555555555555554,3,0,2.5905797101449277,5,0.21925481936632232,10.409448938595311,1.0984102859227196,225.57579314936976,0.07229907773386034,0.3986568109097754,0.10440008030876191
g_n24_e72_k3_low_08,g_n24_e72_k3_low_08_p0,train,24,72,72,3,3,low,0,1404160729,1844537123890294,1844537123890294,35.15100475956691,35.15100475956691,0.0,0,0.0,0.2608695652173913,6.0,3.1666666666666665,3,0,2.246376811594203,4,0.38879872340511434,10.7524432174617,0.5834621585180502,160.1930554570975,0.05665349143610013,0.20978660118976322,0.06606498032653159
g_n24_e72_k3_low_08,g_n24_e72_k3_low_08_p4,train,24,72,68,3,2,low,4,1904162229,1844537123890294,304799203783791,35.15100475956691,33.35067432747972,1.8003304320871862,4,0.05555555555555555,0.2463768115942029,5.666666666666667,3.5555555555555554,2,0,2.3550724637681157,5,0.3608383558642376,10.441017986860231,0.6961198347415323,176.52041044556444,0.06159420289855072,0.25296773122430455,0.06822062905441686
g_n24_e72_k3_low_08,g_n24_e72_k3_low_08_p8,train,24,72,64,3,2,low,8,2404163729,1844537123890294,67132521290928,35.15100475956691,31.837689711507412,3.313315048059497,8,0.1111111111111111,0.2318840579710145,5.333333333333333,2.5555555555555554,3,0,2.467391304347826,5,0.23816954876714463,10.094647986986615,0.4798235945471152,213.95625784568168,0.06669960474308301,0.36309094945458575,0.094799497218796
g_n24_e72_k3_low_09,g_n24_e72_k3_low_09_p0,train,24,72,72,3,3,low,0,682780770,1863884573644145,1863884573644145,35.16143918524606,35.16143918524606,0.0,0,0.0,0.2608695652173913,6.0,3.3333333333333335,3,0,2.2246376811594204,4,0.3895035550042129,12.122193287880485,0.5453707887573138,159.89137358051318,0.055665349143610016,0.26523507234969684,0.0733325562441697
g_n24_e72_k3_low_09,g_n24_e72_k3_low_09_p4,train,24,72,68,3,2,low,4,1182782270,1863884573644145,277061659675515,35.16143918524606,33.255261195451155,1.9061779897949052,4,0.05555555555555555,0.2463768115942029,5.666666666666667,3.0555555555555554,2,0,2.3369565217391304,4,0.2601435114632682,11.248015842915908,0.5290983616185239,200.22019739300214,0.060770750988142275,0.3418878223226049,0.09702753869570067
g_n24_e72_k3_low_09,g_n24_e72_k3_low_09_p8,train,24,72,64,3,3,low,8,1682783770,1863884573644145,88260148615716,35.16143918524606,32.111309803608506,3.0501293816375536,8,0.1111111111111111,0.2318840579710145,5.333333333333333,3.055555555555556,3,0,2.322463768115942,4,0.3663654194313443,11.24896829359465,1.136942532868689,180.26915359881428,0.060111989459815544,0.2791188280318715,0.07402816787870453
g_n24_e72_k3_mid_10,g_n24_e72_k3_mid_10_p0,train,24,72,72,3,3,mid,0,4256368107,2466346650207725,2466346650207725,35.44151436163393,35.44151436163393,0.0,0,0.0,0.2608695652173913,6.0,2.25,3,0,2.253623188405797,4,0.37681110410513086,10.50684798544061,0.478354107073633,158.97978651241772,0.0569828722002635,0.23110452349582783,0.0712726860430055
g_n24_e72_k3_mid_10,g_n24_e72_k3_mid_10_p4,train,24,72,68,3,3,mid,4,461402311,2466346650207725,565642109843524,35.44151436163393,33.968982679372346,1.4725316822615824,4,0.05555555555555555,0.2463768115942029,5.666666666666667,2.305555555555555,3,0,2.3043478260869565,5,0.3646215727194594,10.47177491916744,0.4754910580870746,168.2905382069202,0.059288537549407105,0.23058776971820447,0.07277156580611664
g_n24_e72_k3_mid_10,g_n24_e72_k3_mid_10_p8,train,24,72,64,3,3,mid,8,961403811,2466346650207725,129723892857110,35.44151436163393,32.496429406608335,2.9450849550255924,8,0.1111111111111111,0.2318840579710145,5.333333333333333,1.8055555555555554,3,0,2.347826086956522,4,0.3590192459618157,9.660556591185998,0.8403844798048228,177.81729432551498,0.06126482213438735,0.2289112183380958,0.07189474343969225
g_n24_e72_k3_mid_11,g_n24_e72_k3_mid_11_p0,train,24,72,72,3,3,mid,0,3534988148,2480676259703214,2480676259703214,35.44730760327988,35.44730760327988,0.0,0,0.0,0.2608695652173913,6.0,2.25,3,0,2.2318840579710146,5,0.3942289633638244,10.489196721847668,0.5907447569364503,156.71133350085037,0.05599472990777338,0.1831749919174508,0.06279472734935033
g_n24_e72_k3_mid_11,g_n24_e72_k3_mid_11_p4,train,24,72,68,3,2,mid,4,4034989648,2480676259703214,428151427302687,35.44730760327988,33.69049805104622,1.756809552233662,4,0.05555555555555555,0.2463768115942029,5.666666666666667,2.722222222222222,2,0,2.2717391304347827,5,0.3873453221009828,10.06222911724991,0.6434997979751529,169.01467900672102,0.05780632411067193,0.17596404473874827,0.06271614776314999
g_n24_e72_k3_mid_11,g_n24_e72_k3_mid_11_p8,train,24,72,64,3,2,mid,8,240023852,2480676259703214,96731205946496,35.44730760327988,32.202957175185745,3.244350428094137,8,0.1111111111111111,0.2318840579710145,5.333333333333333,2.5555555555555554,2,0,2.322463768115942,5,0.3722592846118692,10.202983448112574,0.5961365611503942,178.83682190546807,0.060111989459815544,0.23175230566534916,0.06973098693761223
g_n24_e72_k3_mid_12,g_n24_e72_k3_mid_12_p0,validation,24,72,72,3,3,mid,0,2813608189,2484049477838958,2484049477838958,35.44866647739826,35.44866647739826,0.0,0,0.0,0.2608695652173913,6.0,1.8333333333333333,3,0,2.318840579710145,5,0.3589983595537778,10.631158531926044,0.5399263900422255,162.30664261508903,0.05994729907773385,0.28791584426320527,0.0776466388627056
g_n24_e72_k3_mid_12,g_n24_e72_k3_mid_12_p4,validation,24,72,68,3,3,mid,4,3313609689,2484049477838958,494693992087060,35.44866647739826,33.83496048953027,1.613705987867995,4,0.05555555555555555,0.2463768115942029,5.666666666666667,1.972222222222222,3,0,2.402173913043478,5,0.3274808467334904,10.264607697485584,0.6769746793113391,177.1401898132586,0.06373517786561264,0.31307171089779784,0.0826716131830599
g_n24_e72_k3_mid_12,g_n24_e72_k3_mid_12_p8,validation,24,72,64,3,3,mid,8,3813611189,2484049477838958,97721282675999,35.44866647739826,32.213140488265495,3.2355259891327677,8,0.1111111111111111,0.2318840579710145,5.333333333333333,2.138888888888889,3,0,2.431159420289855,5,0.30805197025787534,10.363758667357704,0.5959727036983846,190.08722422856883,0.06505270092226613,0.2938589450876785,0.08668146007060065
g_n24_e72_k3_mid_13,g_n24_e72_k3_mid_13_p0,test,24,72,72,3,3,mid,0,2092228230,2510481841306432,2510481841306432,35.459251098278735,35.459251098278735,0.0,0,0.0,0.2608695652173913,6.0,2.25,3,0,2.2427536231884058,5,0.38668669525464516,11.168875288978493,0.524123950198943,157.87521915655714,0.056488801054018434,0.20539343177683095,0.06368672969919197
g_n24_e72_k3_mid_13,g_n24_e72_k3_mid_13_p4,test,24,72,68,3,3,mid,4,2592229730,2510481841306432,622751817263496,35.459251098278735,34.06516918819343,1.3940819100853048,4,0.05555555555555555,0.2463768115942029,5.666666666666667,2.0555555555555554,3,0,2.3115942028985508,5,0.3738692336693317,11.12550085040992,0.5511966043987631,166.37004336215688,0.059617918313570474,0.2039060851313816,0.0613676325345864
g_n24_e72_k3_mid_13,g_n24_e72_k3_mid_13_p8,test,24,72,64,3,3,mid,8,3092231230,2510481841306432,100128626971071,35.459251098278735,32.23747674509116,3.221774353187577,8,0.1111111111111111,0.2318840579710145,5.333333333333333,2.388888888888889,3,0,2.3550724637681157,5,0.3611874827709084,9.816412359422953,0.6411339731548917,180.5631791102342,0.06159420289855072,0.2184406173536608,0.066407735699822
g_n24_e72_k3_mid_14,g_n24_e72_k3_mid_14_p0,validation,24,72,72,3,3,mid,0,1370848271,2516747955930624,2516747955930624,35.461743969351645,35.461743969351645,0.0,0,0.0,0.2608695652173913,6.0,2.3333333333333335,3,0,2.2282608695652173,4,0.3876700300468744,10.822326613638312,0.6945296363508842,157.28169430333983,0.05583003952569169,0.22968205487968332,0.07376421033687787
g_n24_e72_k3_mid_14,g_n24_e72_k3_mid_14_p4,validation,24,72,68,3,2,mid,4,1870849771,2516747955930624,354509847200702,35.461743969351645,33.501757239232006,1.9599867301196383,4,0.05555555555555555,0.2463768115942029,5.666666666666667,2.5555555555555554,3,0,2.318840579710145,5,0.26482723514589135,10.331771666749226,0.477310941436647,195.08007853628354,0.05994729907773386,0.2755693581780538,0.09151264305916858
g_n24_e72_k3_mid_14,g_n24_e72_k3_mid_14_p8,validation,24,72,64,3,1,mid,8,2370851271,2516747955930624,51896390499426,35.461743969351645,31.580270356464645,3.8814736128869995,8,0.1111111111111111,0.2318840579710145,5.333333333333333,1.5555555555555554,2,1,2.648550724637681,5,0.12646488095626462,9.680298872506503,0.19669159448901397,300.2919919104995,0.07493412384716731,0.5462450592885375,0.14319071634125913
g_n24_e72_k3_mid_15,g_n24_e72_k3_mid_15_p0,train,24,72,72,3,3,mid,0,649468312,2517443940989310,2517443940989310,35.46202047254317,35.46202047254317,0.0,0,0.0,0.2608695652173913,6.0,2.4166666666666665,3,0,2.1956521739130435,4,0.4007970493213223,11.19458903746181,0.7017093120147511,155.51924993127642,0.05434782608695651,0.18690276565770633,0.0671558868575092
g_n24_e72_k3_mid_15,g_n24_e72_k3_mid_15_p4,train,24,72,68,3,3,mid,4,1149469812,2517443940989310,570112760551305,35.46202047254317,33.97685528272086,1.485165189822311,4,0.05555555555555555,0.2463768115942029,5.666666666666667,2.305555555555556,3,0,2.2753623188405796,4,0.3838747827030088,10.84256484938641,0.5826260573868476,165.71556972500923,0.057971014492753624,0.21614586006878495,0.06879253421777706
g_n24_e72_k3_mid_15,g_n24_e72_k3_mid_15_p8,train,24,72,64,3,2,mid,8,1649471312,2517443940989310,106153073487936,35.46202047254317,32.29590325785494,3.166117214688235,8,0.1111111111111111,0.2318840579710145,5.333333333333333,2.3055555555555554,2,0,2.2717391304347827,4,0.3883860950519855,9.89463918978517,0.694320643564299,175.941809574004,0.057806324110671936,0.1905232448710709,0.06695414298130002
g_n24_e72_k3_mid_16,g_n24_e72_k3_mid_16_p0,train,24,72,72,3,3,mid,0,4223055649,2517523579008876,2517523579008876,35.46205210651867,35.46205210651867,0.0,0,0.0,0.2608695652173913,6.0,2.1666666666666665,3,0,2.2355072463768115,4,0.3867371108040033,10.560635020162344,0.45709355995986023,157.83727574489015,0.056159420289855065,0.1945620804316456,0.06518163686944911
g_n24_e72_k3_mid_16,g_n24_e72_k3_mid_16_p4,train,24,72,68,3,3,mid,4,428089853,2517523579008876,560919062256988,35.46205210651867,33.960597736991026,1.501454369527643,4,0.05555555555555555,0.2463768115942029,5.666666666666667,2.3055555555555554,3,0,2.2681159420289854,4,0.3817821642985779,10.551971771220249,0.5725244649071985,166.31354892172442,0.05764163372859025,0.1824738063868499,0.06603609157528416
g_n24_e72_k3_mid_16,g_n24_e72_k3_mid_16_p8,train,24,72,64,3,2,mid,8,928091353,2517523579008876,64990928553696,35.46205210651867,31.805268815372315,3.656783291146354,8,0.1111111111111111,0.2318840579710145,5.333333333333333,2.3055555555555554,2,0,2.489130434782609,5,0.2413067120916299,9.868904119525581,0.4148287256169656,214.73043373847543,0.06768774703557312,0.3011895877508525,0.0900693280686787
g_n24_e72_k3_mid_17,g_n24_e72_k3_mid_17_p0,train,24,72,72,3,3,mid,0,3501675690,2533790260688060,2533790260688060,35.46849270333193,35.46849270333193,0.0,0,0.0,0.2608695652173913,6.0,2.3333333333333335,4,0,2.2717391304347827,5,0.38046008486485117,11.169411270659914,0.4719886097941899,158.18096209782107,0.057806324110671936,0.18912832885164899,0.06437616785614159
g_n24_e72_k3_mid_17,g_n24_e72_k3_mid_17_p4,train,24,72,68,3,3,mid,4,4001677190,2533790260688060,472694944638590,35.46849270333193,33.7894713590198,1.6790213443121331,4,0.05555555555555555,0.2463768115942029,5.666666666666667,2.722222222222222,3,0,2.358695652173913,5,0.36464761953026537,11.122959523693794,0.5033725577031234,170.4950842379751,0.06175889328063241,0.2075704247443378,0.06515250686468771
g_n24_e72_k3_mid_17,g_n24_e72_k3_mid_17_p8,train,24,72,64,3,2,mid,8,206711394,2533790260688060,57738808845568,35.46849270333193,31.686950660327543,3.7815420430043893,8,0.1111111111111111,0.2318840579710145,5.333333333333333,2.972222222222222,2,0,2.4420289855072466,5,0.25149051555264285,10.317401359647251,0.45081147291812407,211.93513637455436,0.0655467720685112,0.2984138500936919,0.0893355981145752
g_n24_e72_k3_mid_18,g_n24_e72_k3_mid_18_p0,train,24,72,72,3,3,mid,0,2780295731,2538400860571025,2538400860571025,35.47031069521852,35.47031069521852,0.0,0,0.0,0.2608695652173913,6.0,2.25,3,0,2.278985507246377,5,0.3794381087929478,10.561975394485215,0.5927156139925254,158.29466682039492,0.058135704874835305,0.24018034008152586,0.06869184736067918
g_n24_e72_k3_mid_18,g_n24_e72_k3_mid_18_p4,train,24,72,68,3,2,mid,4,3280297231,2538400860571025,481889368032569,35.47031069521852,33.808735676730436,1.6615750184880866,4,0.05555555555555555,0.2463768115942029,5.666666666666667,2.388888888888889,2,0,2.3260869565217392,5,0.37027414068378384,10.488811701797827,0.6658985563223201,170.51175569303652,0.060276679841897225,0.27122357793435303,0.07419853799380863
g_n24_e72_k3_mid_18,g_n24_e72_k3_mid_18_p8,train,24,72,64,3,3,mid,8,3780298731,2538400860571025,114090732691489,35.47031069521852,32.36801514856449,3.102295546654034,8,0.1111111111111111,0.2318840579710145,5.333333333333333,2.388888888888889,3,0,2.3731884057971016,5,0.3599089594227839,10.184213797381119,0.5001234441851654,178.0591942046099,0.062417654808959146,0.2521902011032445,0.0710436255920946
g_n24_e72_k3_mid_19,g_n24_e72_k3_mid_19_p0,test,24,72,72,3,3,mid,0,2058915772,2544120459956040,2544120459956040,35.47256138987921,35.47256138987921,0.0,0,0.0,0.2608695652173913,6.0,2.3333333333333335,3,0,2.199275362318841,4,0.38993647362976636,11.153174299603267,0.6357033617714203,156.87581725132304,0.05451251646903821,0.24575569358178054,0.07376465255697488
g_n24_e72_k3_mid_19,g_n24_e72_k3_mid_19_p4,test,24,72,68,3,2,mid,4,2558917272,2544120459956040,328054566085344,35.47256138987921,33.42420107049269,2.048360319386518,4,0.05555555555555555,0.2463768115942029,5.666666666666667,2.638888888888889,2,0,2.3043478260869565,5,0.265875065135896,11.098777458182052,0.527571262636533,196.73096355576206,0.05928853754940711,0.3451585075357866,0.09759761547639327
g_n24_e72_k3_mid_19,g_n24_e72_k3_mid_19_p8,test,24,72,64,3,2,mid,8,3058918772,2544120459956040,91930355115618,35.47256138987921,32.152052396688276,3.320508993190934,8,0.1111111111111111,0.2318840579710145,5.333333333333333,2.722222222222222,2,0,2.2644927536231885,4,0.3783632381871743,10.699714874121891,0.6746596857090044,178.66452196346023,0.05747694334650857,0.24938515590689506,0.07716235283148588
g_n24_e72_k3_high_20,g_n24_e72_k3_high_20_p0,validation,24,72,72,3,3,high,0,1337535813,3182231608425313,3182231608425313,35.696359109237555,35.696359109237555,0.0,0,0.0,0.2608695652173913,6.0,1.75,4,0,2.2282608695652173,4,0.38302167703336476,10.824660259573555,0.5930330677796487,155.49859492500252,0.05583003952569169,0.2533876312532439,0.07319089528029842
g_n24_e72_k3_high_20,g_n24_e72_k3_high_20_p4,validation,24,72,68,3,3,high,4,1837537313,3182231608425313,695865958132205,35.696359109237555,34.17617816882483,1.5201809404127218,4,0.05555555555555555,0.2463768115942029,5.666666666666667,1.8055555555555554,3,0,2.2717391304347827,4,0.3731877643302314,10.576002721854348,0.5901639629260327,165.00910833937172,0.057806324110671936,0.2578633597408301,0.07628722513648624
g_n24_e72_k3_high_20,g_n24_e72_k3_high_20_p8,validation,24,72,64,3,3,high,8,2337538813,3182231608425313,98039922554717,35.696359109237555,32.216395884652584,3.4799632245849708,8,0.1111111111111111,0.2318840579710145,5.333333333333333,2.8055555555555554,3,0,2.2934782608695654,5,0.3612611916651014,10.718890061055157,1.1075508434926906,179.63349963802938,0.05879446640316205,0.2852905109822105,0.0796637776677478
g_n24_e72_k3_high_21,g_n24_e72_k3_high_21_p0,train,24,72,72,3,3,high,0,616155854,3242260336894161,3242260336894161,35.71504711632473,35.71504711632473,0.0,0,0.0,0.2608695652173913,6.0,1.8333333333333333,4,0,2.2282608695652173,4,0.3909042954088095,11.312800187526213,0.5559737610195574,154.0456063983377,0.05583003952569169,0.24665502481708015,0.0701656699888604
g_n24_e72_k3_high_21,g_n24_e72_k3_high_21_p4,train,24,72,68,3,3,high,4,1116157354,3242260336894161,740822610660013,35.71504711632473,34.238782320743994,1.4762647955807395,4,0.05555555555555555,0.2463768115942029,5.666666666666667,1.722222222222222,3,0,2.278985507246377,4,0.37669906540473563,10.840329770338457,0.5341129570553003,163.79029314005237,0.058135704874835305,0.2398911474998432,0.0695118613935865
g_n24_e72_k3_high_21,g_n24_e72_k3_high_21_p8,train,24,72,64,3,2,high,8,1616158854,3242260336894161,122206483909676,35.71504711632473,32.436733221075734,3.278313895248999,8,0.1111111111111111,0.2318840579710145,5.333333333333333,1.5555555555555554,3,0,2.460144927536232,5,0.24010907221332112,10.382980530216162,0.3144755770478822,206.09367454243772,0.06637022397891962,0.3428293166279435,0.09470553606842037
g_n24_e72_k3_high_22,g_n24_e72_k3_high_22_p0,train,24,72,72,3,3,high,0,4189743191,3321224421136228,3321224421136228,35.739109911395566,35.739109911395566,0.0,0,0.0,0.2608695652173913,6.0,1.5,4,0,2.2934782608695654,4,0.37515782673106535,10.67839308800362,0.3798301395296484,156.2442504154858,0.05879446640316205,0.19811939268461007,0.061273590524533114
g_n24_e72_k3_high_22,g_n24_e72_k3_high_22_p4,train,24,72,68,3,3,high,4,394777395,3321224421136228,648393411206420,35.739109911395566,34.10551874411971,1.6335911672758527,4,0.05555555555555555,0.2463768115942029,5.666666666666667,1.722222222222222,3,0,2.3405797101449277,4,0.36610790220093326,10.031663425688045,0.4844847351923294,167.48663391412387,0.06093544137022397,0.1760179434092477,0.06278116384893245
g_n24_e72_k3_high_22,g_n24_e72_k3_high_22_p8,train,24,72,64,3,3,high,8,894778895,3321224421136228,189858406710144,35.739109911395566,32.877299682427385,2.8618102289681815,8,0.1111111111111111,0.2318840579710145,5.333333333333333,1.222222222222222,4,0,2.3442028985507246,4,0.3658334898418987,9.691880846321228,0.35623223460794584,171.79344710788115,0.06110013175230566,0.18962607440868307,0.06160161583623955
g_n24_e72_k3_high_23,g_n24_e72_k3_high_23_p0,train,24,72,72,3,3,high,0,3468363232,3376934092849639,3376934092849639,35.75574461964444,35.75574461964444,0.0,0,0.0,0.2608695652173913,6.0,1.5833333333333333,4,0,2.2355072463768115,4,0.38783867185102694,11.036803334025185,0.5258172312426073,154.36252940201172,0.056159420289855065,0.2608319217014869,0.07018305341598226
g_n24_e72_k3_high_23,g_n24_e72_k3_high_23_p4,train,24,72,68,3,3,high,4,3968364732,3376934092849639,856600229186185,35.75574461964444,34.383992448663115,1.371752170981324,4,0.05555555555555555,0.2463768115942029,5.666666666666667,1.3888888888888886,4,0,2.286231884057971,5,0.383127368116359,10.513649487965703,0.5263419122022839,161.43798716750698,0.05846508563899868,0.23376623376623373,0.06493592522164092
g_n24_e72_k3_high_23,g_n24_e72_k3_high_23_p8,train,24,72,64,3,3,high,8,173398936,3376934092849639,166308345943452,35.75574461964444,32.744864686938215,3.0108799327062243,8,0.1111111111111111,0.2318840579710145,5.333333333333333,1.472222222222222,3,0,2.3405797101449277,5,0.36969967275030474,9.5484268427309,0.5891930473255176,172.75709068148709,0.060935441370223976,0.23539974518235388,0.06517656304571068
g_n24_e72_k3_high_24,g_n24_e72_k3_high_24_p0,train,24,72,72,3,3,high,0,2746983273,3479609353274418,3479609353274418,35.785696427589826,35.785696427589826,0.0,0,0.0,0.2608695652173913,6.0,1.25,3,0,2.2246376811594204,4,0.3940387474953647,10.015763373976476,0.45022155245598316,153.68868115825313,0.05566534914361001,0.19183805873529192,0.06090181460382639
g_n24_e72_k3_high_24,g_n24_e72_k3_high_24_p4,train,24,72,68,3,3,high,4,3246984773,3479609353274418,753499912657916,35.785696427589826,34.255750018079915,1.5299464095099111,4,0.05555555555555555,0.2463768115942029,5.666666666666667,1.4722222222222223,3,0,2.2753623188405796,4,0.3840875193272393,9.933628874912104,0.5388566714791763,163.29650894280695,0.05797101449275361,0.21037235711148752,0.06323435096575752
g_n24_e72_k3_high_24,g_n24_e72_k3_high_24_p8,train,24,72,64,3,2,high,8,3746986273,3479609353274418,111062489842566,35.785696427589826,32.341114130386494,3.4445822972033326,8,0.1111111111111111,0.2318840579710145,5.333333333333333,1.472222222222222,3,0,2.431159420289855,5,0.2508705962270549,9.385265344893575,0.2955457241995294,204.160565219683,0.06505270092226613,0.2552205041335475,0.0864841084266994
g_n24_e72_k3_high_25,g_n24_e72_k3_high_25_p0,test,24,72,72,3,3,high,0,2025603314,3538706303771265,3538706303771265,35.80253760435084,35.80253760435084,0.0,0,0.0,0.2608695652173913,6.0,1.4166666666666667,4,0,2.2282608695652173,4,0.39052203613902997,10.64267829397569,0.5269191735435568,153.4795496483606,0.05583003952569169,0.18362036514210422,0.06392764052988924
g_n24_e72_k3_high_25,g_n24_e72_k3_high_25_p4,test,24,72,68,3,2,high,4,2525604814,3538706303771265,619605838047956,35.80253760435084,34.06010464671215,1.742432957638691,4,0.05555555555555555,0.2463768115942029,5.666666666666667,1.6388888888888886,2,0,2.3043478260869565,5,0.3712725634577958,10.039394045075744,0.510209540312716,168.10158288520043,0.05928853754940711,0.22902628772193992,0.06645321141185244
g_n24_e72_k3_high_25,g_n24_e72_k3_high_25_p8,test,24,72,64,3,3,high,8,3025606314,3538706303771265,192636352888266,35.80253760435084,32.89182534560373,2.910712258747111,8,0.1111111111111111,0.2318840579710145,5.333333333333333,1.222222222222222,3,0,2.3115942028985508,4,0.374001381945687,10.14266585612667,0.5288046668235342,170.44190390336743,0.05961791831357049,0.18623345253780033,0.06561850115585294
g_n24_e72_k3_high_26,g_n24_e72_k3_high_26_p0,validation,24,72,72,3,3,high,0,1304223355,3742260431047898,3742260431047898,35.85846621709335,35.85846621709335,0.0,0,0.0,0.2608695652173913,6.0,1.25,4,0,2.278985507246377,4,0.37827350835335355,10.259573582487358,0.4408960581942827,154.60319996884797,0.0581357048748353,0.2193057052740847,0.06591058118394176
g_n24_e72_k3_high_26,g_n24_e72_k3_high_26_p4,validation,24,72,68,3,3,high,4,1804224855,3742260431047898,857307834011184,35.85846621709335,34.38481816957592,1.473648047517429,4,0.05555555555555555,0.2463768115942029,5.666666666666667,1.3055555555555556,4,0,2.3043478260869565,4,0.3730120056960633,10.00337161918633,0.4924185635358622,162.79828789766253,0.05928853754940711,0.2149386296619498,0.06591407916623859
g_n24_e72_k3_high_26,g_n24_e72_k3_high_26_p8,validation,24,72,64,3,1,high,8,2304226355,3742260431047898,61498137250424,35.85846621709335,31.750028001671318,4.108438215422034,8,0.1111111111111111,0.2318840579710145,5.333333333333333,1.638888888888889,4,1,2.641304347826087,5,0.1266230932913736,9.804080949882628,0.3660137185300272,296.61751736494915,0.07460474308300394,0.5408432147562581,0.14303307378463295
g_n24_e72_k3_high_27,g_n24_e72_k3_high_27_p0,train,24,72,72,3,3,high,0,582843396,4097138241374664,4097138241374664,35.94906513500396,35.94906513500396,0.0,0,0.0,0.2608695652173913,6.0,1.0,4,0,2.2246376811594204,4,0.393574480578556,10.433044995609883,0.4570122747664058,151.78209451699774,0.05566534914361001,0.202738565782044,0.06301414702911541
g_n24_e72_k3_high_27,g_n24_e72_k3_high_27_p4,train,24,72,68,3,3,high,4,1082844896,4097138241374664,991948599242993,35.94906513500396,34.53069240659172,1.418372728412244,4,0.05555555555555555,0.2463768115942029,5.666666666666667,0.888888888888889,4,0,2.2971014492753623,5,0.3741813797976006,10.050128657618307,0.5813876562497944,161.3221493637614,0.05895915678524374,0.21524277215976823,0.06151203491748946
g_n24_e72_k3_high_27,g_n24_e72_k3_high_27_p8,train,24,72,64,3,3,high,8,1582846396,4097138241374664,160872721304040,35.94906513500396,32.711634617356275,3.237430517647688,8,0.1111111111111111,0.2318840579710145,5.333333333333333,1.472222222222222,3,0,2.3043478260869565,4,0.3877553492802113,9.926802246976814,0.5414054452347736,171.33542152025106,0.05928853754940711,0.2003259586263539,0.061835364457450824
g_n24_e72_k3_high_28,g_n24_e72_k3_high_28_p0,test,24,72,72,3,3,high,0,4156430733,4129650096589386,4129650096589386,35.956969075919034,35.956969075919034,0.0,0,0.0,0.2608695652173913,6.0,0.9166666666666666,5,0,2.2572463768115942,4,0.38288231907262193,10.120224443231505,0.48311089492671844,153.09232004698174,0.05714756258234519,0.19552712329392172,0.0637723998162269
g_n24_e72_k3_high_28,g_n24_e72_k3_high_28_p4,test,24,72,68,3,3,high,4,361464937,4129650096589386,763783798936560,35.956969075919034,34.26930587936193,1.6876631965571036,4,0.05555555555555555,0.2463768115942029,5.666666666666667,1.3055555555555554,3,0,2.3260869565217392,5,0.3648014856045156,9.823644054574096,0.7564620555049553,165.89507932191046,0.06027667984189722,0.21535550308277582,0.0674237008286794
g_n24_e72_k3_high_28,g_n24_e72_k3_high_28_p8,test,24,72,64,3,3,high,8,861466437,4129650096589386,184161627403216,35.956969075919034,32.84683489776151,3.110134178157523,8,0.1111111111111111,0.2318840579710145,5.333333333333333,1.222222222222222,3,0,2.3442028985507246,5,0.3681615115107756,9.574107698608668,0.6549717115495657,171.94313866222564,0.06110013175230566,0.21563617541878408,0.06349059032131661
g_n24_e72_k3_high_29,g_n24_e72_k3_high_29_p0,train,24,72,72,3,3,high,0,3435050774,4175750026569681,4175750026569681,35.96807038416146,35.96807038416146,0.0,0,0.0,0.2608695652173913,6.0,0.8333333333333334,4,0,2.2572463768115942,5,0.38733663532037294,10.065664173144508,0.5524705479404197,152.5572225243512,0.057147562582345185,0.19424463521185215,0.06344086912900297
g_n24_e72_k3_high_29,g_n24_e72_k3_high_29_p4,train,24,72,68,3,3,high,4,3935052274,4175750026569681,1055566774078881,35.96807038416146,34.59285424419921,1.375216139962248,4,0.05555555555555555,0.2463768115942029,5.666666666666667,0.6388888888888888,4,0,2.3043478260869565,5,0.3790169651245515,9.53870951800017,0.5282247249877905,160.2063160548802,0.05928853754940711,0.20658329567304223,0.06309102147930433
g_n24_e72_k3_high_29,g_n24_e72_k3_high_29_p8,train,24,72,64,3,3,high,8,140086478,4175750026569681,197590551771175,35.96807038416146,32.91721808517594,3.050852298985518,8,0.1111111111111111,0.2318840579710145,5.333333333333333,1.0555555555555556,4,0,2.3442028985507246,5,0.3726553246827857,9.464851706455049,0.6651130553738813,170.75183044279737,0.06110013175230566,0.20427318489978338,0.06551047234241211
g_n32_e64_k2_low_00,g_n32_e64_k2_low_00_p0,test,32,64,64,2,2,low,0,2713670815,52568424188904,52568424188904,31.593136754828492,31.593136754828492,0.0,0,0.0,0.12903225806451613,4.0,3.75,2,0,3.0504032258064515,7,0.14656497544349523,10.403754176251892,0.3210857073080007,574.0392493470414,0.06834677419354838,0.3399194089376418,0.09718694466821427
g_n32_e64_k2_low_00,g_n32_e64_k2_low_00_p4,test,32,64,60,2,1,low,4,3213672315,52568424188904,2887686237056,31.593136754828492,28.691476687378305,2.9016600674501873,4,0.0625,0.12096774193548387,3.75,3.1875,2,1,3.318548387096774,7,0.07834369477087187,9.395937682478166,0.22201578692541535,802.7611723441819,0.07728494623655913,0.5473553507424475,0.13625682351571008
g_n32_e64_k2_low_00,g_n32_e64_k2_low_00_p7,test,32,64,57,2,1,low,7,3713673815,52568424188904,437673683096,31.593136754828492,26.80473945389814,4.788397300930352,7,0.109375,0.11491935483870967,3.5625,3.49609375,1,2,3.155241935483871,7,0.14348847639292053,9.580030050307686,0.3664967746134522,661.3987264676897,0.07184139784946236,0.38462060341092597,0.10140928300461445
g_n32_e64_k2_low_01,g_n32_e64_k2_low_01_p0,train,32,64,64,2,2,low,0,1992290856,64161109289200,64161109289200,31.792418368757545,31.792418368757545,0.0,0,0.0,0.12903225806451613,4.0,3.125,2,0,3.096774193548387,7,0.14043453693475771,10.26811049529637,0.3200642059558012,590.118109079647,0.06989247311827956,0.4713824884792627,0.105996600689481
g_n32_e64_k2_low_01,g_n32_e64_k2_low_01_p7,train,32,64,57,2,1,low,7,2992293856,64161109289200,577579233420,31.792418368757545,27.082111470658475,4.71030689809907,7,0.109375,0.11491935483870967,3.5625,2.30859375,1,2,3.590725806451613,8,0.07175739791373952,8.500504277591865,0.13600604178967757,871.8325354442353,0.08635752688172042,0.5437019969278033,0.13401100038617755
g_n32_e64_k2_low_02,g_n32_e64_k2_low_02_p0,test,32,64,64,2,2,low,0,1270910897,73403702616864,73403702616864,31.92699549464819,31.92699549464819,0.0,0,0.0,0.12903225806451613,4.0,2.5,2,0,3.1955645161290325,7,0.14711600088929477,9.398694329675962,0.4275187583608897,585.9562086723633,0.07318548387096774,0.38434095176030664,0.09384109606363128
g_n32_e64_k2_low_02,g_n32_e64_k2_low_02_p4,test,32,64,60,2,1,low,4,1770912397,73403702616864,4988718272952,31.92699549464819,29.238200133570164,2.688795361078025,4,0.0625,0.12096774193548387,3.75,2.0625,1,2,3.3568548387096775,9,0.136048982153695,8.810134622417195,0.4148553234941428,680.4857058317526,0.07856182795698925,0.40045617464972305,0.09458191954606876
g_n32_e64_k2_low_02,g_n32_e64_k2_low_02_p7,test,32,64,57,2,1,low,7,2270913897,73403702616864,286460162825,31.92699549464819,26.380865315701936,5.546130178946253,7,0.109375,0.11491935483870967,3.5625,2.80859375,1,4,3.3528225806451615,8,0.13402266941665808,9.003252959509858,0.4225261416725292,715.148745928823,0.07842741935483871,0.35230926779313876,0.09542318807104837
g_n32_e64_k2_low_03,g_n32_e64_k2_low_03_p0,train,32,64,64,2,2,low,0,549530938,76578842367792,76578842367792,31.969341945224524,31.969341945224524,0.0,0,0.0,0.12903225806451613,4.0,2.75,2,0,3.056451612903226,7,0.16266894442512198,9.653305579196815,0.5168805528106049,557.805820955917,0.06854838709677419,0.3700341534212502,0.09283652625445254
g_n32_e64_k2_low_03,g_n32_e64_k2_low_03_p4,train,32,64,60,2,1,low,4,1049532438,76578842367792,1896138561465,31.969341945224524,28.270840598032553,3.6985013471919714,4,0.0625,0.12096774193548387,3.75,2.6875,1,3,3.5221774193548385,7,0.07579995764717135,8.501923397115437,0.1636622400603276,842.7226494996121,0.0840725806451613,0.5481925243215567,0.1303268426477084
g_n32_e64_k2_low_03,g_n32_e64_k2_low_03_p7,train,32,64,57,2,1,low,7,1549533938,76578842367792,1262251520146,31.969341945224524,27.86391816299923,4.105423782225294,7,0.109375,0.11491935483870967,3.5625,1.93359375,1,1,3.1673387096774195,7,0.15435264490707523,9.03389001119301,0.5203035108035046,639.4816998723218,0.07224462365591397,0.37849462365591396,0.09153941347800298
g_n32_e64_k2_low_04,g_n32_e64_k2_low_04_p0,train,32,64,64,2,2,low,0,4123118275,77026774950387,77026774950387,31.975174203967743,31.975174203967743,0.0,0,0.0,0.12903225806451613,4.0,2.125,2,0,3.4879032258064515,8,0.1144663767995874,8.967538602169626,0.11882688202818947,634.2289833384135,0.08293010752688172,0.35251896848671044,0.08934184000915833
g_n32_e64_k2_low_04,g_n32_e64_k2_low_04_p4,train,32,64,60,2,2,low,4,328152479,77026774950387,10909012183444,31.975174203967743,30.02061036936855,1.9545638345991918,4,0.0625,0.12096774193548387,3.75,1.6875,2,0,3.5221774193548385,8,0.11296337838423903,8.084256816653493,0.31146509404415745,661.2929812488735,0.0840725806451613,0.32783728219212094,0.08721362730883826
g_n32_e64_k2_low_04,g_n32_e64_k2_low_04_p7,train,32,64,57,2,1,low,7,828153979,77026774950387,554230429953,31.975174203967743,27.04084637575856,4.9343278282091845,7,0.109375,0.11491935483870967,3.5625,1.93359375,1,2,3.808467741935484,9,0.06977782694593401,8.563121173747904,0.027689286803619595,889.8495512675149,0.09361559139784945,0.5626881720430107,0.1291391419836974
g_n32_e64_k2_low_05,g_n32_e64_k2_low_05_p0,train,32,64,64,2,2,low,0,3401738316,82933480020448,82933480020448,32.0490599568592,32.0490599568592,0.0,0,0.0,0.12903225806451613,4.0,2.75,2,0,3.2419354838709675,7,0.13960233858232463,10.485626607935625,0.35754092474626553,587.0314627198774,0.07473118279569893,0.30546023868604516,0.09265759291662987
g_n32_e64_k2_low_05,g_n32_e64_k2_low_05_p4,train,32,64,60,2,1,low,4,3901739816,82933480020448,3490826793472,32.0490599568592,28.881159727659302,3.167900229199901,4,0.0625,0.12096774193548387,3.75,2.5625,1,2,3.3629032258064515,8,0.13472012204252384,9.50628694232308,0.30887212106375106,669.0217087982177,0.07876344086021506,0.3025918704950962,0.09056656494030366
g_n32_e64_k2_low_05,g_n32_e64_k2_low_05_p7,train,32,64,57,2,1,low,7,106774020,82933480020448,500748499668,32.0490599568592,26.939369815318106,5.109690141541098,7,0.109375,0.11491935483870967,3.5625,2.99609375,1,2,3.340725806451613,8,0.13462737004766243,10.475557342718105,0.8386841691091873,693.7709395566795,0.0780241935483871,0.333768561187916,0.09646706887962267
g_n32_e64_k2_low_06,g_n32_e64_k2_low_06_p0,validation,32,64,64,2,2,low,0,2680358357,86731527880080,86731527880080,32.093838576981675,32.093838576981675,0.0,0,0.0,0.12903225806451613,4.0,2.8125,2,0,3.0745967741935485,7,0.1569741056336752,8.990821758352327,0.43490241860247103,553.2000603031918,0.06915322580645161,0.32038402457757303,0.0857299012658524
g_n32_e64_k2_low_06,g_n32_e64_k2_low_06_p4,validation,32,64,60,2,1,low,4,3180359857,86731527880080,5324865514860,32.093838576981675,29.303408571779762,2.7904300052019124,4,0.0625,0.12096774193548387,3.75,2.5,1,2,3.1693548387096775,7,0.15126544753240814,8.59551115959538,0.3584802736509731,620.7537676475685,0.07231182795698926,0.31747055811571945,0.0859665322623456
g_n32_e64_k2_low_06,g_n32_e64_k2_low_06_p7,validation,32,64,57,2,1,low,7,3680361357,86731527880080,726578352768,32.093838576981675,27.311612163787643,4.7822264131940315,7,0.109375,0.11491935483870967,3.5625,2.55859375,1,2,3.2318548387096775,7,0.14762494090170294,8.661703997414993,0.4079791347860544,651.408632497487,0.07439516129032259,0.3820789329625235,0.09150065014371819
g_n32_e64_k2_low_07,g_n32_e64_k2_low_07_p0,train,32,64,64,2,2,low,0,1958978398,87841699517120,87841699517120,32.106557441375095,32.106557441375095,0.0,0,0.0,0.12903225806451613,4.0,2.8125,2,0,3.0483870967741935,7,0.15255801306819317,10.446815904549325,0.2832179050061505,560.2809162004036,0.06827956989247312,0.4184890541766602,0.10728585127053335
g_n32_e64_k2_low_07,g_n32_e64_k2_low_07_p4,train,32,64,60,2,1,low,4,2458979898,87841699517120,7397811044400,32.106557441375095,29.632205267568988,2.474352173806107,4,0.0625,0.12096774193548387,3.75,2.3125,1,1,3.1754032258064515,7,0.1451583675987947,8.647829509966593,0.3363712154848191,612.7528935192996,0.07251344086021505,0.36316094896740053,0.09127488899703312
g_n32_e64_k2_low_07,g_n32_e64_k2_low_07_p7,train,32,64,57,2,1,low,7,2958981398,87841699517120,156327950052,32.106557441375095,25.7752218814963,6.331335559878795,7,0.109375,0.11491935483870967,3.5625,3.05859375,1,5,3.2278225806451615,7,0.13354011054301712,9.594636415422515,0.36026439101479024,753.7315962438613,0.07426075268817203,0.494006919006919,0.11947787948369769
g_n32_e64_k2_low_08,g_n32_e64_k2_low_08_p0,train,32,64,64,2,2,low,0,1237598439,95323856260608,95323856260608,32.188301223285045,32.188301223285045,0.0,0,0.0,0.12903225806451613,4.0,2.625,2,0,3.0120967741935485,6,0.1663549219030778,9.48807089956558,0.28225826430948064,542.8183352398577,0.06706989247311829,0.3045961238845489,0.08816566692273858
g_n32_e64_k2_low_08,g_n32_e64_k2_low_08_p4,train,32,64,60,2,1,low,4,1737599939,95323856260608,6859714467780,32.188301223285045,29.556686934027496,2.6316142892575485,4,0.0625,0.12096774193548387,3.75,2.5625,1,1,3.0705645161290325,6,0.1622714901052185,9.470214897128526,0.4717674363417377,592.1151907377838,0.06901881720430107,0.30211981566820273,0.09143083546295237
g_n32_e64_k2_low_08,g_n32_e64_k2_low_08_p7,train,32,64,57,2,1,low,7,2237601439,95323856260608,1036435883808,32.188301223285045,27.666808908547143,4.521492314737902,7,0.109375,0.11491935483870967,3.5625,2.43359375,1,1,3.1471774193548385,6,0.1594294004597645,9.445836077799463,0.27184448963066554,627.80609381219,0.07157258064516128,0.32518689196108547,0.09377678934409153
g_n32_e64_k2_low_09,g_n32_e64_k2_low_09_p0,validation,32,64,64,2,2,low,0,516218480,95568703586176,95568703586176,32.19086651404375,32.19086651404375,0.0,0,0.0,0.12903225806451613,4.0,2.75,2,0,2.9475806451612905,5,0.16103764827878722,9.755463189221333,0.49761689999467507,547.6090542057626,0.06491935483870967,0.42522102747909196,0.10222798368931582
g_n32_e64_k2_low_09,g_n32_e64_k2_low_09_p4,validation,32,64,60,2,1,low,4,1016219980,95568703586176,4182299955211,32.19086651404375,29.061882439664384,3.128984074379364,4,0.0625,0.12096774193548387,3.75,2.25,1,2,3.431451612903226,7,0.0771606731009617,8.861926085187829,0.26820034686283556,806.5504801827594,0.0810483870967742,0.5621146953405017,0.134131430329835
g_n32_e64_k2_mid_10,g_n32_e64_k2_mid_10_p0,train,32,64,64,2,2,mid,0,4089805817,163685015626032,163685015626032,32.72896506053892,32.72896506053892,0.0,0,0.0,0.12903225806451613,4.0,1.9375,2,0,3.375,8,0.1114082371408843,8.905727822332738,0.30624128888974944,613.4130120456125,0.07916666666666666,0.4439091556748603,0.10959856771744199
g_n32_e64_k2_mid_10,g_n32_e64_k2_mid_10_p4,train,32,64,60,2,2,mid,4,294840021,163685015626032,13292395730592,32.72896506053892,30.218213238065587,2.510751822473331,4,0.0625,0.12096774193548387,3.75,1.625,2,0,3.4818548387096775,8,0.10840752216392152,8.688527726757759,0.2911416710624044,666.3229592260398,0.08272849462365592,0.46738708125804906,0.11414319586126631
g_n32_e64_k2_mid_10,g_n32_e64_k2_mid_10_p7,train,32,64,57,2,1,mid,7,794841521,163685015626032,802975794240,32.72896506053892,27.411590406279426,5.317374654259492,7,0.109375,0.11491935483870967,3.5625,1.37109375,2,2,4.25,9,0.042491281013598156,7.702591463549152,0.33095448028868013,1155.9180853453395,0.10833333333333334,0.5182795698924731,0.15199687750134766
g_n32_e64_k2_mid_11,g_n32_e64_k2_mid_11_p0,test,32,64,64,2,2,mid,0,3368425858,163987391294940,163987391294940,32.73081065844922,32.73081065844922,0.0,0,0.0,0.12903225806451613,4.0,1.875,2,0,3.0423387096774195,6,0.15497308011020822,8.903776954448881,0.37963334917981584,546.3273452231142,0.06807795698924732,0.370681397455591,0.0914706056985642
g_n32_e64_k2_mid_11,g_n32_e64_k2_mid_11_p4,test,32,64,60,2,1,mid,4,3868427358,163987391294940,4824373438440,32.73081065844922,29.204701984969173,3.5261086734800493,4,0.0625,0.12096774193548387,3.75,1.75,1,2,3.7399193548387095,8,0.055923381146928346,8.493926006751062,0.20194417553106359,953.8364595116723,0.09133064516129033,0.5240860215053763,0.1461054045055981
g_n32_e64_k2_mid_12,g_n32_e64_k2_mid_12_p0,train,32,64,64,2,2,mid,0,2647045899,164091729300612,164091729300612,32.731446712392554,32.731446712392554,0.0,0,0.0,0.12903225806451613,4.0,2.375,2,0,3.0504032258064515,7,0.15603365117833848,9.405157133908682,0.307348942869786,536.6790199048842,0.06834677419354838,0.3537975763782215,0.08837400261998679
g_n32_e64_k2_mid_12,g_n32_e64_k2_mid_12_p4,train,32,64,60,2,2,mid,4,3147047399,164091729300612,12510450067964,32.731446712392554,30.15758541641602,2.573861295976535,4,0.0625,0.12096774193548387,3.75,2.375,2,0,3.157258064516129,7,0.14429175810102168,9.373881046702005,0.30013257229491774,594.3198396302117,0.07190860215053764,0.37318043397839673,0.09740733776170431
g_n32_e64_k2_mid_12,g_n32_e64_k2_mid_12_p7,train,32,64,57,2,1,mid,7,3647048899,164091729300612,1075297494648,32.731446712392554,27.703618478430386,5.027828233962168,7,0.109375,0.11491935483870967,3.5625,1.80859375,1,2,3.8346774193548385,9,0.06369807586131807,8.482102023250766,0.4859865423447318,898.4660678019842,0.09448924731182795,0.5365591397849462,0.1326733361019271
g_n32_e64_k2_mid_13,g_n32_e64_k2_mid_13_p0,validation,32,64,64,2,2,mid,0,1925665940,165185754497920,165185754497920,32.738091741444464,32.738091741444464,0.0,0,0.0,0.12903225806451613,4.0,1.9375,2,0,3.0826612903225805,7,0.15835991625566093,8.83746421324696,0.3575658467224594,545.3476888787427,0.06942204301075268,0.30346406281890154,0.08561374108572638
g_n32_e64_k2_mid_13,g_n32_e64_k2_mid_13_p4,validation,32,64,60,2,2,mid,4,2425667440,165185754497920,11623888383525,32.738091741444464,30.084083439907225,2.654008301537239,4,0.0625,0.12096774193548387,3.75,1.875,2,0,3.1995967741935485,7,0.14875862152109678,8.701316172284917,0.3051496539345102,605.2211371111227,0.07331989247311828,0.3458250829218571,0.08912939476296353
g_n32_e64_k2_mid_13,g_n32_e64_k2_mid_13_p7,validation,32,64,57,2,1,mid,7,2925668940,165185754497920,916869291829,32.738091741444464,27.54423076014357,5.193860981300894,7,0.109375,0.11491935483870967,3.5625,1.93359375,1,2,3.3125,8,0.1388059482763713,8.677400448578817,0.43609495386896047,693.350166503735,0.07708333333333334,0.3346748591909883,0.08735027745077566
g_n32_e64_k2_mid_14,g_n32_e64_k2_mid_14_p0,train,32,64,64,2,2,mid,0,1204285981,166548336167848,166548336167848,32.746306690532435,32.746306690532435,0.0,0,0.0,0.12903225806451613,4.0,1.875,2,0,3.2056451612903225,6,0.13152240995547224,8.773052034085552,0.13078981022914782,582.4833163467506,0.07352150537634408,0.4387888097565517,0.1026245149390733
g_n32_e64_k2_mid_14,g_n32_e64_k2_mid_14_p4,train,32,64,60,2,2,mid,4,1704287481,166548336167848,12868301815374,32.746306690532435,30.18578817975315,2.5605185107792856,4,0.0625,0.12096774193548387,3.75,1.9375,2,0,3.346774193548387,7,0.12653605541134838,8.771026062654629,0.6451352736799927,627.9936951873498,0.0782258064516129,0.4471022883926109,0.100300409415718
g_n32_e64_k2_mid_14,g_n32_e64_k2_mid_14_p7,train,32,64,57,2,1,mid,7,2204288981,166548336167848,853104814248,32.746306690532435,27.472148254085084,5.274158436447351,7,0.109375,0.11491935483870967,3.5625,2.24609375,1,1,3.4516129032258065,8,0.10076543577339539,8.556412567974078,0.3496953476336806,743.5014483573809,0.08172043010752687,0.547921146953405,0.12076723929308655
g_n32_e64_k2_mid_15,g_n32_e64_k2_mid_15_p0,test,32,64,64,2,2,mid,0,482906022,166771935457188,166771935457188,32.74764833904238,32.74764833904238,0.0,0,0.0,0.12903225806451613,4.0,2.0625,2,0,3.1794354838709675,6,0.13208438197506267,9.321770022246287,0.3479795370835763,573.4761672707025,0.07264784946236559,0.35306403274145215,0.09760070745819913
g_n32_e64_k2_mid_15,g_n32_e64_k2_mid_15_p4,test,32,64,60,2,1,mid,4,982907522,166771935457188,8366925509252,32.74764833904238,29.755307610280422,2.992340728761956,4,0.0625,0.12096774193548387,3.75,2.0,1,2,3.3004032258064515,7,0.12982900508168158,8.427615867374321,0.444072810612985,637.3936109539405,0.07668010752688173,0.38594619918869083,0.09793449864329558
g_n32_e64_k2_mid_15,g_n32_e64_k2_mid_15_p7,test,32,64,57,2,1,mid,7,1482909022,166771935457188,1025679567816,32.74764833904238,27.656376501827378,5.091271837215,7,0.109375,0.11491935483870967,3.5625,1.80859375,2,1,3.6451612903225805,8,0.06444765833664111,8.180102684605838,0.05302521842282992,895.3588034757818,0.08817204301075268,0.5559856630824372,0.14054535072807914
g_n32_e64_k2_mid_16,g_n32_e64_k2_mid_16_p0,validation,32,64,64,2,2,mid,0,4056493359,171440726443254,171440726443254,32.77525870438805,32.77525870438805,0.0,0,0.0,0.12903225806451613,4.0,1.9375,2,0,3.1088709677419355,7,0.15374976295437254,8.726479674147804,0.30644924788036754,548.5185504669556,0.07029569892473117,0.308004647682067,0.08543023853532541
g_n32_e64_k2_mid_16,g_n32_e64_k2_mid_16_p4,validation,32,64,60,2,1,mid,4,261527563,171440726443254,9903124637864,32.77525870438805,29.923871443257845,2.8513872611302062,4,0.0625,0.12096774193548387,3.75,2.0,1,1,3.183467741935484,7,0.14433227842638238,8.62723575414858,0.3028777582057858,612.1178670264675,0.07278225806451613,0.32096774193548383,0.08711871810360815
g_n32_e64_k2_mid_16,g_n32_e64_k2_mid_16_p7,validation,32,64,57,2,2,mid,7,761529063,171440726443254,2081543724136,32.77525870438805,28.364130909431438,4.411127794956613,7,0.109375,0.11491935483870967,3.5625,1.80859375,2,0,3.2681451612903225,7,0.14435052963958742,8.538348630923453,0.34390005311283467,628.7667607041761,0.07560483870967741,0.3729083461341525,0.09029116001296014
g_n32_e64_k2_mid_17,g_n32_e64_k2_mid_17_p0,train,32,64,64,2,2,mid,0,3335113400,171828071293952,171828071293952,32.77751550732297,32.77751550732297,0.0,0,0.0,0.12903225806451613,4.0,2.0625,2,0,3.310483870967742,8,0.1169742111271838,9.48514558609007,0.178038074493724,601.1441136330925,0.07701612903225807,0.4567180012341303,0.10902674456097224
g_n32_e64_k2_mid_17,g_n32_e64_k2_mid_17_p4,train,32,64,60,2,2,mid,4,3835114900,171828071293952,11478450351654,32.77751550732297,30.07149251091871,2.7060229964042577,4,0.0625,0.12096774193548387,3.75,2.1875,2,0,3.3608870967741935,8,0.11061361862586794,9.276572074152531,0.49632821409736083,657.4997268807631,0.07869623655913979,0.4748131080389146,0.11341279471896336
g_n32_e64_k2_mid_18,g_n32_e64_k2_mid_18_p0,train,32,64,64,2,2,mid,0,2613733441,172238318528432,172238318528432,32.779900206561436,32.779900206561436,0.0,0,0.0,0.12903225806451613,4.0,1.8125,2,0,3.2318548387096775,7,0.12638305791100515,8.618238412962397,0.15876977766881417,584.6757515230859,0.07439516129032259,0.34683051715309776,0.09430078349533495
g_n32_e64_k2_mid_18,g_n32_e64_k2_mid_18_p4,train,32,64,60,2,2,mid,4,3113734941,172238318528432,17693105432487,32.779900206561436,30.504196156036006,2.2757040505254302,4,0.0625,0.12096774193548387,3.75,1.625,2,0,3.2600806451612905,7,0.12542869227764095,8.403635284509296,0.38514354290041997,617.6352451736918,0.07533602150537635,0.3573425499231951,0.09754736762341275
g_n32_e64_k2_mid_18,g_n32_e64_k2_mid_18_p7,train,32,64,57,2,1,mid,7,3613736441,172238318528432,514895940252,32.779900206561436,26.96723065943062,5.812669547130817,7,0.109375,0.11491935483870967,3.5625,2.12109375,1,3,3.4153225806451615,7,0.11291278606219338,8.304753436592145,0.17394280666435868,762.5612708585721,0.08051075268817204,0.3523767630219242,0.10184207885942796
g_n32_e64_k2_mid_19,g_n32_e64_k2_mid_19_p0,train,32,64,64,2,2,mid,0,1892353482,174995010984392,174995010984392,32.79577858078507,32.79577858078507,0.0,0,0.0,0.12903225806451613,4.0,2.5,2,0,2.9798387096774195,6,0.16467435792172283,9.504886154309215,0.3910130004071428,525.3169747526559,0.06599462365591399,0.35636597572081447,0.09084063199225285
g_n32_e64_k2_mid_19,g_n32_e64_k2_mid_19_p4,train,32,64,60,2,2,mid,4,2392354982,174995010984392,14013200543300,32.79577858078507,30.27102089724665,2.524757683538418,4,0.0625,0.12096774193548387,3.75,2.375,2,0,3.068548387096774,6,0.15969868374359783,9.35702453634771,0.589570815513544,567.3105763728689,0.0689516129032258,0.3094702072121426,0.08827875828851342
g_n32_e64_k2_mid_19,g_n32_e64_k2_mid_19_p7,train,32,64,57,2,1,mid,7,2892356482,174995010984392,445762473777,32.79577858078507,26.823052077093973,5.972726503691096,7,0.109375,0.11491935483870967,3.5625,2.43359375,1,4,3.4556451612903225,7,0.0766942810088601,8.604150516018034,0.242568815250495,850.3681329337837,0.08185483870967741,0.5491039426523299,0.1346044767495992
g_n32_e64_k2_high_20,g_n32_e64_k2_high_20_p0,test,32,64,64,2,2,high,0,1170973523,284427647904284,284427647904284,33.2815000239859,33.2815000239859,0.0,0,0.0,0.12903225806451613,4.0,1.4375,2,0,3.2338709677419355,7,0.1271675469762597,8.113421644023743,0.1357027875048331,568.8692752060612,0.07446236559139784,0.30782339524275,0.08650569150846646
g_n32_e64_k2_high_20,g_n32_e64_k2_high_20_p4,test,32,64,60,2,1,high,4,1670975023,284427647904284,7369390153000,33.2815000239859,29.6283560714876,3.653143952498297,4,0.0625,0.12096774193548387,3.75,1.875,1,2,3.504032258064516,7,0.06737458289054764,8.111714527395767,0.27111321317080783,842.3931990384049,0.08346774193548387,0.5327956989247311,0.13228593269715275
g_n32_e64_k2_high_20,g_n32_e64_k2_high_20_p7,test,32,64,57,2,2,high,7,2170976523,284427647904284,5542400180282,33.2815000239859,29.343448768402258,3.938051255583641,7,0.109375,0.11491935483870967,3.5625,0.99609375,2,0,3.3205645161290325,7,0.12440836162471636,7.508892208473109,0.457087197773447,626.1828599069463,0.07735215053763442,0.2980696364567333,0.08972208187518863
g_n32_e64_k2_high_21,g_n32_e64_k2_high_21_p0,validation,32,64,64,2,2,high,0,449593564,284894266696420,284894266696420,33.28313923331423,33.28313923331423,0.0,0,0.0,0.12903225806451613,4.0,1.4375,2,0,3.0524193548387095,6,0.15150240744310714,8.282039752509624,0.22660912897919783,534.3605072107074,0.06841397849462366,0.3943727598566309,0.09357780118409074
g_n32_e64_k2_high_21,g_n32_e64_k2_high_21_p4,validation,32,64,60,2,2,high,4,949595064,284894266696420,29027054504518,33.28313923331423,30.99924942497016,2.283889808344071,4,0.0625,0.12096774193548387,3.75,1.25,2,0,3.153225806451613,7,0.1497019022074695,8.102270571581982,0.34391232640444436,569.0878412953487,0.07177419354838709,0.3793846297072104,0.09255740109347652
g_n32_e64_k2_high_21,g_n32_e64_k2_high_21_p7,validation,32,64,57,2,1,high,7,1449596564,284894266696420,1788738183082,33.28313923331423,28.212531561551785,5.0706076717624455,7,0.109375,0.11491935483870967,3.5625,1.68359375,1,1,3.1391129032258065,6,0.1467070823807164,7.887969101581612,0.3637092181688253,630.5463083190066,0.07130376344086023,0.42105990783410147,0.10103308493632743
g_n32_e64_k2_high_22,g_n32_e64_k2_high_22_p0,validation,32,64,64,2,2,high,0,4023180901,288772947379282,288772947379282,33.29666184605026,33.29666184605026,0.0,0,0.0,0.12903225806451613,4.0,1.875,2,0,2.903225806451613,6,0.17154949701178715,9.030619462013984,0.3819220762100377,508.99640773979405,0.06344086021505377,0.3468509984639017,0.08742414162627812
g_n32_e64_k2_high_22,g_n32_e64_k2_high_22_p4,validation,32,64,60,2,1,high,4,228215105,288772947379282,15635212710676,33.29666184605026,30.380546711522015,2.9161151345282477,4,0.0625,0.12096774193548387,3.75,2.0,1,1,2.971774193548387,6,0.16801248086605639,8.586278047676206,0.3244316692400955,564.1858167078201,0.0657258064516129,0.34379416282642095,0.08784966055722096
g_n32_e64_k2_high_22,g_n32_e64_k2_high_22_p7,validation,32,64,57,2,1,high,7,728216605,288772947379282,502663403443,33.29666184605026,26.94318660500086,6.353475241049402,7,0.109375,0.11491935483870967,3.5625,2.37109375,1,5,3.1451612903225805,7,0.15726546401260846,8.573104436746494,0.3640407913993129,670.1492914434479,0.07150537634408602,0.3689196108550947,0.09041269925399907
g_n32_e64_k2_high_23,g_n32_e64_k2_high_23_p0,train,32,64,64,2,2,high,0,3301800942,310990849264030,310990849264030,33.37078460408657,33.37078460408657,0.0,0,0.0,0.12903225806451613,4.0,1.375,2,0,3.1774193548387095,8,0.14677696503331938,8.813767091422042,0.19883625510778735,540.7885056310033,0.07258064516129031,0.3332745268314029,0.08322185876929078
g_n32_e64_k2_high_23,g_n32_e64_k2_high_23_p4,train,32,64,60,2,1,high,4,3801802442,310990849264030,16223733399924,33.37078460408657,30.41749631075186,2.9532882933347118,4,0.0625,0.12096774193548387,3.75,1.4375,1,1,3.282258064516129,8,0.1406247755158911,8.227051766211758,0.3912602180653666,608.4229924615511,0.0760752688172043,0.3241754538244101,0.08252377711012004
g_n32_e64_k2_high_23,g_n32_e64_k2_high_23_p7,train,32,64,57,2,1,high,7,6836646,310990849264030,1609121468840,33.37078460408657,28.10670947446408,5.264075129622494,7,0.109375,0.11491935483870967,3.5625,1.55859375,1,2,3.528225806451613,9,0.11858676673968954,8.643060556033879,0.4904477770970459,700.0281797678874,0.08427419354838711,0.335391256317885,0.09051746849273125
g_n32_e64_k2_high_24,g_n32_e64_k2_high_24_p0,train,32,64,64,2,2,high,0,2580420983,321284874641226,321284874641226,33.40334930544033,33.40334930544033,0.0,0,0.0,0.12903225806451613,4.0,1.125,2,0,3.1370967741935485,7,0.15002032421809114,8.366974109541243,0.2433323827198448,541.8738295256697,0.07123655913978494,0.2832914397430526,0.08007704611397204
g_n32_e64_k2_high_24,g_n32_e64_k2_high_24_p4,train,32,64,60,2,2,high,4,3080422483,321284874641226,22232299906049,33.40334930544033,30.73256729811444,2.67078200732589,4,0.0625,0.12096774193548387,3.75,1.0625,2,0,3.377016129032258,8,0.13596072828523242,8.30513692873786,0.44700962776966113,611.4699734720525,0.07923387096774193,0.3060215159076638,0.08065310806435645
g_n32_e64_k2_high_24,g_n32_e64_k2_high_24_p7,train,32,64,57,2,1,high,7,3580423983,321284874641226,596670156670,33.40334930544033,27.114630296263595,6.288719009176734,7,0.109375,0.11491935483870967,3.5625,1.62109375,1,4,3.776209677419355,9,0.06618786295062923,7.696276839509957,0.2705956887890473,920.0775593504937,0.09254032258064517,0.5521146953405018,0.13571801296480424
g_n32_e64_k2_high_25,g_n32_e64_k2_high_25_p0,test,32,64,64,2,2,high,0,1859041024,342658851459436,342658851459436,33.467756465990476,33.467756465990476,0.0,0,0.0,0.12903225806451613,4.0,1.5,2,0,3.0181451612903225,7,0.16318520004738968,8.994065017834874,0.4209740513528448,517.0591381919998,0.06727150537634409,0.3454101854291607,0.08519555457058187
g_n32_e64_k2_high_25,g_n32_e64_k2_high_25_p4,test,32,64,60,2,2,high,4,2359042524,342658851459436,25780261068656,33.467756465990476,30.880630240178693,2.587126225811783,4,0.0625,0.12096774193548387,3.75,1.4375,2,0,3.122983870967742,7,0.15650246373806082,8.124400439116346,0.3454999222164892,568.7681483602703,0.07076612903225807,0.3328492296234231,0.084506890948444
g_n32_e64_k2_high_25,g_n32_e64_k2_high_25_p7,test,32,64,57,2,2,high,7,2859044024,342658851459436,3193310212128,33.467756465990476,28.792079178756037,4.675677287234439,7,0.109375,0.11491935483870967,3.5625,1.68359375,2,0,3.1673387096774195,7,0.1511214191308474,8.808432018743483,0.5200141702874319,601.54138319091,0.07224462365591397,0.4150899996061286,0.09544964775281459
g_n32_e64_k2_high_26,g_n32_e64_k2_high_26_p0,train,32,64,64,2,2,high,0,1137661065,356587971761160,356587971761160,33.50760209044984,33.50760209044984,0.0,0,0.0,0.12903225806451613,4.0,1.375,2,0,2.997983870967742,6,0.16684060481008836,8.083274922996116,0.22461152369771042,512.0765328505753,0.0665994623655914,0.30829795055601505,0.07987566353712022
g_n32_e64_k2_high_26,g_n32_e64_k2_high_26_p4,train,32,64,60,2,2,high,4,1637662565,356587971761160,31331220604641,33.50760209044984,31.075636179745647,2.4319659107041964,4,0.0625,0.12096774193548387,3.75,1.3125,2,0,3.1129032258064515,6,0.1505859268819528,8.029107966518659,0.3475386422132747,564.237967586693,0.07043010752688172,0.29575524833589345,0.08500297443401161
g_n32_e64_k2_high_26,g_n32_e64_k2_high_26_p7,train,32,64,57,2,1,high,7,2137664065,356587971761160,1091529787827,33.50760209044984,27.71860130328963,5.789000787160212,7,0.109375,0.11491935483870967,3.5625,1.62109375,1,3,3.3830645161290325,8,0.13662081339084592,7.839416210838834,0.17958155110395868,693.6994507936167,0.07943548387096774,0.2776900339803564,0.07889051819276922
g_n32_e64_k2_high_27,g_n32_e64_k2_high_27_p0,train,32,64,64,2,2,high,0,416281106,364113536007959,364113536007959,33.5284868470406,33.5284868470406,0.0,0,0.0,0.12903225806451613,4.0,1.25,2,0,3.1995967741935485,7,0.13750098449650233,8.016754524061357,0.3209804093353341,546.0457256975607,0.07331989247311828,0.27034306195596525,0.07738076051136292
g_n32_e64_k2_high_27,g_n32_e64_k2_high_27_p4,train,32,64,60,2,2,high,4,916282606,364113536007959,26768760481185,33.5284868470406,30.918256669855566,2.6102301771850307,4,0.0625,0.12096774193548387,3.75,1.1875,2,0,3.3286290322580645,7,0.1291049975128396,7.942584309137218,0.20869550345077403,602.5955235209844,0.07762096774193548,0.3051015531660693,0.08125320014459307
g_n32_e64_k2_high_27,g_n32_e64_k2_high_27_p7,train,32,64,57,2,1,high,7,1416284106,364113536007959,1910382467616,33.5284868470406,28.278324582765897,5.2501622642746995,7,0.109375,0.11491935483870967,3.5625,1.37109375,2,1,3.7278225806451615,8,0.06192145493126743,7.826825637962575,0.14615984739161103,893.5320817248811,0.0909274193548387,0.5268817204301075,0.13162670749214692
g_n32_e64_k2_high_28,g_n32_e64_k2_high_28_p0,train,32,64,64,2,2,high,0,3989868443,370539276925139,370539276925139,33.54598056564013,33.54598056564013,0.0,0,0.0,0.12903225806451613,4.0,1.3125,2,0,3.1411290322580645,6,0.1326325138464382,8.650749910859426,0.1788886919544721,553.2295236530329,0.07137096774193549,0.4410018774534904,0.10110829225207017
g_n32_e64_k2_high_28,g_n32_e64_k2_high_28_p4,train,32,64,60,2,1,high,4,194902647,370539276925139,19875394043672,33.54598056564013,30.620503602369112,2.9254769632710165,4,0.0625,0.12096774193548387,3.75,1.4375,1,1,3.274193548387097,7,0.12292353953542734,8.044095897907928,0.3299011874002993,624.4402717666043,0.07580645161290323,0.43795698924731186,0.10112407863586087
g_n32_e64_k2_high_28,g_n32_e64_k2_high_28_p7,train,32,64,57,2,2,high,7,694904147,370539276925139,3645198818992,33.54598056564013,28.924432025578426,4.621548540061703,7,0.109375,0.11491935483870967,3.5625,1.43359375,2,0,3.4173387096774195,7,0.10930028196191251,8.458585989344074,0.1568032689409362,667.613035554583,0.0805779569892473,0.4278853046594982,0.11142602851279636
g_n32_e64_k2_high_29,g_n32_e64_k2_high_29_p0,train,32,64,64,2,2,high,0,3268488484,372841145742126,372841145742126,33.552173562129674,33.552173562129674,0.0,0,0.0,0.12903225806451613,4.0,1.125,2,0,3.098790322580645,6,0.14433453991287123,8.457865527495091,0.20391532435124748,540.1600441377143,0.06995967741935483,0.323879501621437,0.08688885248001016
g_n32_e64_k2_high_29,g_n32_e64_k2_high_29_p4,train,32,64,60,2,2,high,4,3768489984,372841145742126,25995004518464,33.552173562129674,30.888925501584716,2.6632480605449587,4,0.0625,0.12096774193548387,3.75,1.25,2,0,3.1875,7,0.13896472100954824,7.916140339535004,0.46979149851755286,586.9603680387333,0.07291666666666666,0.32933606417477385,0.08825046937813391
g_n32_e64_k2_high_29,g_n32_e64_k2_high_29_p7,train,32,64,57,2,1,high,7,4268491484,372841145742126,2855601672704,33.552173562129674,28.680303680337257,4.871869881792417,7,0.109375,0.11491935483870967,3.5625,0.99609375,2,1,3.465725806451613,7,0.0795594584953413,7.831038150354936,0.19376589659404653,783.9288080794148,0.08219086021505376,0.5503823178016726,0.12877552585927773
g_n32_e64_k3_low_00,g_n32_e64_k3_low_00_p0,validation,32,64,64,3,3,low,0,2547108525,422695738141963,422695738141963,33.67767374098527,33.67767374098527,0.0,0,0.0,0.12903225806451613,4.0,1.75,3,0,3.0100806451612905,7,0.2012084821237998,9.407130360614813,0.40229298226211085,476.5213060545972,0.067002688172043,0.30014044796302863,0.07945124280441987
g_n32_e64_k3_low_00,g_n32_e64_k3_low_00_p4,validation,32,64,60,3,2,low,4,3047110025,422695738141963,35517750132112,33.67767374098527,31.201053691171175,2.4766200498140947,4,0.0625,0.12096774193548387,3.75,1.3125,2,0,3.1995967741935485,7,0.1431915447135301,8.750237121667833,0.37609120207604807,571.0166658840944,0.07331989247311826,0.3820549581839905,0.09745561156901952
g_n32_e64_k3_low_00,g_n32_e64_k3_low_00_p7,validation,32,64,57,3,2,low,7,3547111525,422695738141963,3572550649600,33.67767374098527,28.90430092428464,4.773372816700629,7,0.109375,0.11491935483870967,3.5625,1.87109375,2,0,3.1754032258064515,7,0.18269681186956213,9.271950856673133,0.3024414439359,565.9584852599426,0.07251344086021505,0.2627088860959829,0.07573802498274013
g_n32_e64_k3_low_01,g_n32_e64_k3_low_01_p0,test,32,64,64,3,3,low,0,1825728566,461245153832976,461245153832976,33.76495080463292,33.76495080463292,0.0,0,0.0,0.12903225806451613,4.0,2.125,3,0,2.8024193548387095,5,0.24908814465162007,10.263152547551755,0.3409460426811437,445.1862108986663,0.06008064516129033,0.3541321044546851,0.07719626605883742
g_n32_e64_k3_low_01,g_n32_e64_k3_low_01_p4,test,32,64,60,3,2,low,4,2325730066,461245153832976,31612519274992,33.76495080463292,31.084574337651357,2.68037646698156,4,0.0625,0.12096774193548387,3.75,2.125,2,0,2.903225806451613,6,0.23433229674920658,10.259210561915676,0.3344490754232501,496.4206111766564,0.06344086021505375,0.4171189622802527,0.08687710157546143
g_n32_e64_k3_low_01,g_n32_e64_k3_low_01_p7,test,32,64,57,3,1,low,7,2825731566,461245153832976,2818225356462,33.76495080463292,28.667128496563148,5.0978223080697695,7,0.109375,0.11491935483870967,3.5625,2.05859375,1,1,2.961693548387097,6,0.24260905851981035,9.318540702196362,0.3489585297947615,543.0608944865768,0.06538978494623655,0.34540566959921803,0.07919105351854493
g_n32_e64_k3_low_02,g_n32_e64_k3_low_02_p0,train,32,64,64,3,3,low,0,1104348607,478431426615304,478431426615304,33.801534007492904,33.801534007492904,0.0,0,0.0,0.12903225806451613,4.0,0.9375,3,0,3.066532258064516,6,0.20662553101319,8.141102996431453,0.32409112905718995,483.5180480992433,0.06888440860215053,0.22587161942000653,0.06908851275104845
g_n32_e64_k3_low_02,g_n32_e64_k3_low_02_p4,train,32,64,60,3,2,low,4,1604350107,478431426615304,29660307123534,33.801534007492904,31.020830807390322,2.7807032001025824,4,0.0625,0.12096774193548387,3.75,1.125,2,0,3.1108870967741935,6,0.20183531263236956,7.65810501749814,0.4249146962285417,531.1340210162068,0.07036290322580645,0.24282044717528586,0.0715121275867254
g_n32_e64_k3_low_02,g_n32_e64_k3_low_02_p7,train,32,64,57,3,1,low,7,2104351607,478431426615304,3598891387180,33.801534007492904,28.911646965959335,4.889887041533569,7,0.109375,0.11491935483870967,3.5625,1.18359375,1,1,3.2076612903225805,7,0.18567142865110847,7.673253481073082,0.2566567695489268,580.1149858911323,0.07358870967741937,0.23766257040450586,0.07383612234282591
g_n32_e64_k3_low_03,g_n32_e64_k3_low_03_p0,train,32,64,64,3,3,low,0,382968648,483113524375657,483113524375657,33.81127278207875,33.81127278207875,0.0,0,0.0,0.12903225806451613,4.0,0.9375,3,0,3.0625,7,0.2195385523950407,8.229884843620178,0.43561464435924657,487.2614520979979,0.06874999999999999,0.25891091273866074,0.06727053374018536
g_n32_e64_k3_low_03,g_n32_e64_k3_low_03_p4,train,32,64,60,3,2,low,4,882970148,483113524375657,40594291335777,33.81127278207875,31.334648565156897,2.4766242169218557,4,0.0625,0.12096774193548387,3.75,1.125,2,0,3.1068548387096775,7,0.21813180428635243,8.188873199062595,0.48187117930576484,521.3300794134639,0.07022849462365591,0.2517238675093464,0.0705188059962032
g_n32_e64_k3_low_03,g_n32_e64_k3_low_03_p7,train,32,64,57,3,2,low,7,1382971648,483113524375657,5468920465958,33.81127278207875,29.330102357484567,4.481170424594186,7,0.109375,0.11491935483870967,3.5625,0.74609375,2,0,3.2600806451612905,7,0.20044311923326463,7.5517386192132,0.5295278965998049,588.0441416970976,0.07533602150537634,0.2263391626294852,0.07266161398416626
g_n32_e64_k3_low_04,g_n32_e64_k3_low_04_p0,train,32,64,64,3,3,low,0,3956555985,502431391075875,502431391075875,33.85048021136762,33.85048021136762,0.0,0,0.0,0.12903225806451613,4.0,1.4375,3,0,2.931451612903226,6,0.2434794510929093,10.232408956678622,0.6356170669328485,460.371021610032,0.06438172043010752,0.3583486943164363,0.07340438839852659
g_n32_e64_k3_low_04,g_n32_e64_k3_low_04_p4,train,32,64,60,3,2,low,4,161590189,502431391075875,25807755848756,33.85048021136762,30.881696176973566,2.9687840343940515,4,0.0625,0.12096774193548387,3.75,1.8125,2,0,3.028225806451613,7,0.22736049618172052,10.230811643887865,0.6818497089762801,516.7549481652311,0.06760752688172042,0.3745519713261649,0.07650974994416807
g_n32_e64_k3_low_04,g_n32_e64_k3_low_04_p7,train,32,64,57,3,1,low,7,661591689,502431391075875,3235337394471,33.85048021136762,28.805154333488193,5.045325877879424,7,0.109375,0.11491935483870967,3.5625,1.30859375,1,1,3.120967741935484,7,0.22445389237948973,8.449827138567082,0.40912579637796487,573.9127041616773,0.07069892473118279,0.33383000512032773,0.0720453145704771
g_n32_e64_k3_low_05,g_n32_e64_k3_low_05_p0,validation,32,64,64,3,3,low,0,3235176026,517107529200985,517107529200985,33.87927195565981,33.87927195565981,0.0,0,0.0,0.12903225806451613,4.0,1.6875,3,0,2.8528225806451615,6,0.24038214679702383,9.601828236538749,0.47262443690971256,450.7129450993511,0.061760752688172035,0.2516248506571087,0.07153045529646986
g_n32_e64_k3_low_05,g_n32_e64_k3_low_05_p4,validation,32,64,60,3,2,low,4,3735177526,517107529200985,24913361890938,33.87927195565981,30.84642539759507,3.0328465580647403,4,0.0625,0.12096774193548387,3.75,1.875,2,0,2.967741935483871,7,0.23325506007761238,9.538084384128737,0.5299475050748303,510.64993950957023,0.06559139784946236,0.2719662058371735,0.07231715972425941
g_n32_e64_k3_low_05,g_n32_e64_k3_low_05_p7,validation,32,64,57,3,1,low,7,4235179026,517107529200985,2683383290352,33.87927195565981,28.61809953604009,5.261172419619719,7,0.109375,0.11491935483870967,3.5625,2.12109375,1,1,3.0483870967741935,6,0.22229335010011847,9.570172260442272,0.5842318760619207,555.9961095307453,0.06827956989247311,0.3149547704386414,0.07736011685017033
g_n32_e64_k3_low_06,g_n32_e64_k3_low_06_p0,train,32,64,64,3,3,low,0,2513796067,532613108197182,532613108197182,33.90881640071633,33.90881640071633,0.0,0,0.0,0.12903225806451613,4.0,1.1875,3,0,3.0,6,0.22765898808245313,9.190552159457095,0.2940191617433472,462.51405784731867,0.06666666666666667,0.21956637852273522,0.060660848019807825
g_n32_e64_k3_low_06,g_n32_e64_k3_low_06_p4,train,32,64,60,3,2,low,4,3013797567,532613108197182,15183844064468,33.90881640071633,30.35125308801657,3.557563312699763,4,0.0625,0.12096774193548387,3.75,1.375,2,0,3.4193548387096775,8,0.12430557369899618,9.152067225800442,0.40816983186552047,644.3068620164316,0.08064516129032258,0.3752183121537961,0.09242237616311419
g_n32_e64_k3_low_06,g_n32_e64_k3_low_06_p7,train,32,64,57,3,2,low,7,3513799067,532613108197182,4375751284998,33.90881640071633,29.1070993432808,4.801717057435532,7,0.109375,0.11491935483870967,3.5625,1.12109375,2,0,3.245967741935484,7,0.19204355606486098,7.710255723886125,0.4281122045896715,566.3621539281763,0.07486559139784946,0.2469387004870876,0.06605631860349644
g_n32_e64_k3_low_07,g_n32_e64_k3_low_07_p0,train,32,64,64,3,3,low,0,1792416108,536575330343475,536575330343475,33.91622807884809,33.91622807884809,0.0,0,0.0,0.12903225806451613,4.0,1.5625,3,0,2.961693548387097,6,0.21776520866229324,10.212756074495857,0.27807462136262195,460.2153696970932,0.06538978494623655,0.24789383853899982,0.06719392780234301
g_n32_e64_k3_low_07,g_n32_e64_k3_low_07_p4,train,32,64,60,3,2,low,4,2292417608,536575330343475,26814647937969,33.91622807884809,30.919969418982785,2.9962586598653083,4,0.0625,0.12096774193548387,3.75,1.5,2,0,3.2016129032258065,7,0.138226965370333,9.195843220381068,0.34498971611515294,584.3407478260234,0.07338709677419356,0.33415258576548895,0.09133910892342106
g_n32_e64_k3_low_07,g_n32_e64_k3_low_07_p7,train,32,64,57,3,1,low,7,2792419108,536575330343475,3137442135534,33.91622807884809,28.77442897735869,5.141799101489404,7,0.109375,0.11491935483870967,3.5625,1.62109375,1,1,3.1774193548387095,7,0.20847481935785878,9.296766426034297,0.30123309268456655,567.9275709226748,0.07258064516129031,0.23853302611367128,0.06374276423846227
g_n32_e64_k3_low_08,g_n32_e64_k3_low_08_p0,train,32,64,64,3,3,low,0,1071036149,541810364112129,541810364112129,33.925937174433365,33.925937174433365,0.0,0,0.0,0.12903225806451613,4.0,1.0625,3,0,3.026209677419355,7,0.20763330293047208,8.984266946477867,0.6058721079891187,475.461442503029,0.06754032258064516,0.31718048379338704,0.07340958707850988
g_n32_e64_k3_low_08,g_n32_e64_k3_low_08_p4,train,32,64,60,3,1,low,4,1571037649,541810364112129,18625919040976,33.925937174433365,30.555575223458707,3.370361950974658,4,0.0625,0.12096774193548387,3.75,1.0,2,1,3.629032258064516,8,0.07442207237580552,8.734117770176034,0.41553583753541945,786.3537320308393,0.08763440860215055,0.5641577060931899,0.130991727821759
g_n32_e64_k3_low_08,g_n32_e64_k3_low_08_p7,train,32,64,57,3,2,low,7,2071039149,541810364112129,5825690476864,33.925937174433365,29.39329864515607,4.532638529277296,7,0.109375,0.11491935483870967,3.5625,0.87109375,2,0,3.2096774193548385,7,0.18926561503113273,7.27254233433262,0.4246065407383206,565.7894851809114,0.07365591397849462,0.350172617108101,0.07880484258292314
g_n32_e64_k3_low_09,g_n32_e64_k3_low_09_p0,test,32,64,64,3,3,low,0,349656190,553046943402606,553046943402606,33.94646400246035,33.94646400246035,0.0,0,0.0,0.12903225806451613,4.0,1.25,3,0,2.963709677419355,6,0.21355927810943245,8.736654211974605,0.6490183397162186,465.10310948743097,0.06545698924731183,0.2849734673928223,0.07380828190347022
g_n32_e64_k3_low_09,g_n32_e64_k3_low_09_p4,test,32,64,60,3,2,low,4,849657690,553046943402606,28488985680176,33.94646400246035,30.98053866114315,2.9659253413172024,4,0.0625,0.12096774193548387,3.75,1.5625,2,0,3.0100806451612905,6,0.2127790639730978,8.699898189788028,0.5916610477773832,519.6776638312765,0.06700268817204301,0.3101040357491971,0.07939300611872468
g_n32_e64_k3_low_09,g_n32_e64_k3_low_09_p7,test,32,64,57,3,2,low,7,1349659190,553046943402606,4986385282359,33.94646400246035,29.237732370880263,4.70873163158009,7,0.109375,0.11491935483870967,3.5625,1.05859375,2,0,3.348790322580645,7,0.12677565350342945,7.9551050374977255,0.5611154257813604,626.3668602684623,0.07829301075268816,0.45186705767350926,0.10056778282230476
g_n32_e64_k3_mid_10,g_n32_e64_k3_mid_10_p0,train,32,64,64,3,3,mid,0,3923243527,775525058535968,775525058535968,34.28456141077096,34.28456141077096,0.0,0,0.0,0.12903225806451613,4.0,1.125,3,0,2.838709677419355,5,0.24529246335758464,8.775600688663552,0.3674617089330372,442.9646625549777,0.06129032258064516,0.2979639118348795,0.0721074558631695
g_n32_e64_k3_mid_10,g_n32_e64_k3_mid_10_p4,train,32,64,60,3,2,mid,4,128277731,775525058535968,65604689016237,34.28456141077096,31.81466828823015,2.469893122540814,4,0.0625,0.12096774193548387,3.75,1.0,2,0,2.9556451612903225,6,0.23348352006521522,8.050658936587794,0.3223845263765659,485.9948912036853,0.06518817204301074,0.3084671600800633,0.07404558757600128
g_n32_e64_k3_mid_10,g_n32_e64_k3_mid_10_p7,train,32,64,57,3,2,mid,7,628279231,775525058535968,7430194540720,34.28456141077096,29.63657315745407,4.647988253316893,7,0.109375,0.11491935483870967,3.5625,0.93359375,2,0,3.153225806451613,7,0.20853425042708326,7.82702254434685,0.40120952533188126,541.4638758257211,0.0717741935483871,0.2443389346615153,0.06518172452759194
g_n32_e64_k3_mid_11,g_n32_e64_k3_mid_11_p0,test,32,64,64,3,3,mid,0,3201863568,779269859386080,779269859386080,34.28937851950769,34.28937851950769,0.0,0,0.0,0.12903225806451613,4.0,0.9375,3,0,2.9596774193548385,6,0.23519223376738782,8.277582583615793,0.417337814483302,446.90136918652996,0.06532258064516129,0.26596345445965935,0.06523689708546308
g_n32_e64_k3_mid_11,g_n32_e64_k3_mid_11_p4,test,32,64,60,3,2,mid,4,3701865068,779269859386080,49212096188123,34.28937851950769,31.527160566690988,2.7622179528167052,4,0.0625,0.12096774193548387,3.75,1.0,2,0,3.096774193548387,6,0.20981895671091924,7.895253604388101,0.26767403296636516,506.84399821946874,0.06989247311827958,0.26736628962435416,0.06888436135703602
g_n32_e64_k3_mid_11,g_n32_e64_k3_mid_11_p7,test,32,64,57,3,1,mid,7,4201866568,779269859386080,6694951029117,34.28937851950769,29.532374780499303,4.75700373900839,7,0.109375,0.11491935483870967,3.5625,0.93359375,1,1,3.1693548387096775,7,0.21702765871164056,7.868922100847839,0.37438000529127,538.5058396654583,0.07231182795698925,0.22445987107277426,0.06304406231658682
g_n32_e64_k3_mid_12,g_n32_e64_k3_mid_12_p0,test,32,64,64,3,3,mid,0,2480483609,792845838407712,792845838407712,34.306649915647924,34.306649915647924,0.0,0,0.0,0.12903225806451613,4.0,1.125,3,0,2.8245967741935485,6,0.2496590163451355,8.947098225287947,0.3883858300895513,440.0907083058709,0.060819892473118274,0.3042235566106533,0.07095109647540752
g_n32_e64_k3_mid_12,g_n32_e64_k3_mid_12_p4,test,32,64,60,3,2,mid,4,2980485109,792845838407712,36883168887864,34.306649915647924,31.238776435216984,3.06787348043094,4,0.0625,0.12096774193548387,3.75,1.125,2,0,3.0786290322580645,7,0.20709543205351533,8.675170666195656,0.34094390614830017,528.1791792771921,0.06928763440860215,0.23449285481543547,0.06933390625434681
g_n32_e64_k3_mid_12,g_n32_e64_k3_mid_12_p7,test,32,64,57,3,2,mid,7,3480486609,792845838407712,4935610435200,34.306649915647924,29.227497476240377,5.079152439407547,7,0.109375,0.11491935483870967,3.5625,1.37109375,2,0,3.056451612903226,6,0.22287605110550693,8.59167655704253,0.30300538768887364,539.4593267955182,0.0685483870967742,0.2496193889742277,0.06959347619768146
g_n32_e64_k3_mid_13,g_n32_e64_k3_mid_13_p0,train,32,64,64,3,3,mid,0,1759103650,795409334013822,795409334013822,34.30987798362678,34.30987798362678,0.0,0,0.0,0.12903225806451613,4.0,1.0,3,0,2.899193548387097,6,0.21646958457684398,9.466331931043062,0.5059873377609434,454.5758438566573,0.06330645161290321,0.37055470216760533,0.08104211267106907
g_n32_e64_k3_mid_13,g_n32_e64_k3_mid_13_p4,train,32,64,60,3,2,mid,4,2259105150,795409334013822,46351532754613,34.30987798362678,31.46727547653308,2.842602507093698,4,0.0625,0.12096774193548387,3.75,0.875,2,0,3.094758064516129,6,0.16997872646942017,7.833746715435769,0.3043499693019225,537.1478309499527,0.0698252688172043,0.4034050179211469,0.09052807962028954
g_n32_e64_k3_mid_13,g_n32_e64_k3_mid_13_p7,train,32,64,57,3,2,mid,7,2759106650,795409334013822,6908171399668,34.30987798362678,29.563726087669504,4.746151895957272,7,0.109375,0.11491935483870967,3.5625,0.87109375,2,0,3.1169354838709675,6,0.15427301438306343,7.804810913811192,0.38464421853968567,580.6143011315178,0.07056451612903225,0.3814336917562724,0.09434324938668637
g_n32_e64_k3_mid_14,g_n32_e64_k3_mid_14_p0,validation,32,64,64,3,3,mid,0,1037723691,796555958722850,796555958722850,34.3113184985834,34.3113184985834,0.0,0,0.0,0.12903225806451613,4.0,1.0625,3,0,2.911290322580645,6,0.2287938615794705,8.92261012739395,0.429819111116009,447.7053024723307,0.06370967741935485,0.3001331285202253,0.0714182120273007
g_n32_e64_k3_mid_14,g_n32_e64_k3_mid_14_p4,validation,32,64,60,3,2,mid,4,1537725191,796555958722850,44122174874048,34.3113184985834,31.417983603614964,2.893334894968433,4,0.0625,0.12096774193548387,3.75,1.375,2,0,2.9536290322580645,6,0.22524106510329023,8.864893404802483,0.42687344487623147,494.2669601117382,0.06512096774193549,0.32177163338453657,0.07484913020182647
g_n32_e64_k3_mid_14,g_n32_e64_k3_mid_14_p7,validation,32,64,57,3,2,mid,7,2037726691,796555958722850,4276649376512,34.3113184985834,29.084190962975367,5.22712753560803,7,0.109375,0.11491935483870967,3.5625,1.24609375,2,0,3.310483870967742,7,0.14387220469988868,8.461187755341719,0.15876457666569443,607.4447432033738,0.07701612903225807,0.3092805939580134,0.0788539782672873
g_n32_e64_k3_mid_15,g_n32_e64_k3_mid_15_p0,train,32,64,64,3,3,mid,0,316343732,797357028835026,797357028835026,34.312323660327955,34.312323660327955,0.0,0,0.0,0.12903225806451613,4.0,0.9375,3,0,2.842741935483871,6,0.24686140708471002,7.948110130211033,0.3691419910477123,440.6837679647773,0.06142473118279569,0.23441186054089283,0.06348637854667483
g_n32_e64_k3_mid_15,g_n32_e64_k3_mid_15_p4,train,32,64,60,3,2,mid,4,816345232,797357028835026,41452621427574,34.312323660327955,31.35557223863612,2.956751421691834,4,0.0625,0.12096774193548387,3.75,1.0625,2,0,3.1129032258064515,6,0.15002835587500987,7.759401882534017,0.18583219535774287,557.9857479491299,0.07043010752688172,0.3200358422939068,0.08238548221007541
g_n32_e64_k3_mid_15,g_n32_e64_k3_mid_15_p7,train,32,64,57,3,1,mid,7,1316346732,797357028835026,5255776492084,34.312323660327955,29.290348871869533,5.021974788458422,7,0.109375,0.11491935483870967,3.5625,1.18359375,1,1,2.9919354838709675,6,0.23387902336231894,7.697023234844287,0.3507884067456972,537.2676879715652,0.06639784946236559,0.20827956989247304,0.06520985266101771
g_n32_e64_k3_mid_16,g_n32_e64_k3_mid_16_p0,train,32,64,64,3,3,mid,0,3889931069,797519597326879,797519597326879,34.31252752373626,34.31252752373626,0.0,0,0.0,0.12903225806451613,4.0,1.0,3,0,3.0141129032258065,6,0.2036414565746872,8.917441825111146,0.2296766524524827,460.95394037924615,0.06713709677419355,0.246142259771292,0.06402476256107752
g_n32_e64_k3_mid_16,g_n32_e64_k3_mid_16_p4,train,32,64,60,3,2,mid,4,94965273,797519597326879,58841012619433,34.31252752373626,31.70586022122534,2.6066673025109175,4,0.0625,0.12096774193548387,3.75,0.9375,2,0,3.193548387096774,6,0.14712204009075797,8.895122987812346,0.339079663576479,550.5242693152304,0.07311827956989247,0.3568407578084998,0.08319103481999707
g_n32_e64_k3_mid_16,g_n32_e64_k3_mid_16_p7,train,32,64,57,3,2,mid,7,594966773,797519597326879,6573316603140,34.31252752373626,29.514039631270432,4.798487892465825,7,0.109375,0.11491935483870967,3.5625,0.99609375,2,0,3.276209677419355,7,0.16866195369547143,8.08115516580776,0.10328945412242874,567.3333414690187,0.07587365591397849,0.2629723502304147,0.0686644286511036
g_n32_e64_k3_mid_17,g_n32_e64_k3_mid_17_p0,train,32,64,64,3,3,mid,0,3168551110,798810599814684,798810599814684,34.31414498705503,34.31414498705503,0.0,0,0.0,0.12903225806451613,4.0,1.0625,3,0,2.8588709677419355,6,0.25001236668156773,8.322921303060227,0.3615514431291982,438.1905103777631,0.061962365591397846,0.21663415437608988,0.059695122293228334
g_n32_e64_k3_mid_17,g_n32_e64_k3_mid_17_p4,train,32,64,60,3,2,mid,4,3668552610,798810599814684,40959028027200,34.31414498705503,31.343593366573558,2.970551620481473,4,0.0625,0.12096774193548387,3.75,1.125,2,0,3.1108870967741935,7,0.1592680260493027,8.109683609052723,0.28605278830565517,551.8192467176126,0.07036290322580646,0.26902548624110595,0.07860088986467077
g_n32_e64_k3_mid_17,g_n32_e64_k3_mid_17_p7,train,32,64,57,3,2,mid,7,4168554110,798810599814684,7328074490928,34.31414498705503,29.622733908495437,4.691411078559593,7,0.109375,0.11491935483870967,3.5625,1.24609375,2,0,3.066532258064516,6,0.2239826861707494,8.099385460311867,0.4140693285934791,521.7207665615983,0.06888440860215053,0.21372946050365405,0.059582960266497606
g_n32_e64_k3_mid_18,g_n32_e64_k3_mid_18_p0,train,32,64,64,3,3,mid,0,2447171151,799129878476302,799129878476302,34.31454459976928,34.31454459976928,0.0,0,0.0,0.12903225806451613,4.0,1.0625,3,0,2.935483870967742,6,0.22473452770007699,8.269468212796392,0.402251430571285,447.3810703145436,0.06451612903225806,0.27588622741374164,0.06817973648127347
g_n32_e64_k3_mid_18,g_n32_e64_k3_mid_18_p4,train,32,64,60,3,2,mid,4,2947172651,799129878476302,50827592212108,34.31454459976928,31.559460476840012,2.755084122929265,4,0.0625,0.12096774193548387,3.75,1.375,2,0,2.9798387096774195,6,0.21757305486959488,8.21183780080182,0.41905268220644265,490.4388637627828,0.06599462365591398,0.29757523732855795,0.07344160353222971
g_n32_e64_k3_mid_18,g_n32_e64_k3_mid_18_p7,train,32,64,57,3,2,mid,7,3447174151,799129878476302,7947965143525,34.31454459976928,29.70393705504295,4.610607544726328,7,0.109375,0.11491935483870967,3.5625,1.12109375,2,0,3.0504032258064515,6,0.1997912783000674,7.837222813120773,0.4792873705869414,530.9527806719168,0.06834677419354838,0.2741508789895886,0.07554464847075731
g_n32_e64_k3_mid_19,g_n32_e64_k3_mid_19_p0,validation,32,64,64,3,3,mid,0,1725791192,802402604219564,802402604219564,34.31863159810885,34.31863159810885,0.0,0,0.0,0.12903225806451613,4.0,1.0625,3,0,2.8649193548387095,6,0.24580452876249498,8.519734001422542,0.5301187554180355,441.0303706251244,0.062163978494623656,0.26591436639823735,0.0662034259793699
g_n32_e64_k3_mid_19,g_n32_e64_k3_mid_19_p4,validation,32,64,60,3,2,mid,4,2225792692,802402604219564,54805222195604,34.31863159810885,31.634806600882406,2.683824997226445,4,0.0625,0.12096774193548387,3.75,0.9375,2,0,3.0181451612903225,6,0.1705828516800578,8.039179349228808,0.34622839946163797,531.0743572296061,0.06727150537634409,0.3028651515748291,0.07810983132066249
g_n32_e64_k3_mid_19,g_n32_e64_k3_mid_19_p7,validation,32,64,57,3,1,mid,7,2725794192,802402604219564,2084942467206,34.31863159810885,28.365762377132413,5.952869220976439,7,0.109375,0.11491935483870967,3.5625,1.24609375,2,1,3.4858870967741935,7,0.08049723585286168,8.17209124431882,0.5939368362725679,802.5781945300192,0.08286290322580644,0.5588274449564772,0.12824439366764598
g_n32_e64_k3_high_20,g_n32_e64_k3_high_20_p0,train,32,64,64,3,3,high,0,1004411233,1036685563559386,1036685563559386,34.57480506078146,34.57480506078146,0.0,0,0.0,0.12903225806451613,4.0,0.9375,3,0,2.913306451612903,6,0.23665236916418764,8.69602454993116,0.3764748506602702,437.99420410527097,0.06377688172043011,0.25824605502024855,0.0643237463996673
g_n32_e64_k3_high_20,g_n32_e64_k3_high_20_p4,train,32,64,60,3,2,high,4,1504412733,1036685563559386,75258738635516,34.57480506078146,31.951953140861917,2.6228519199195404,4,0.0625,0.12096774193548387,3.75,1.0,2,0,3.036290322580645,6,0.21939252847099355,8.392344579326434,0.3763170623285115,484.6129561889358,0.06787634408602151,0.27321874660584344,0.06644729456589737
g_n32_e64_k3_high_20,g_n32_e64_k3_high_20_p7,train,32,64,57,3,2,high,7,2004414233,1036685563559386,5752684553820,34.57480506078146,29.38068774070897,5.194117320072486,7,0.109375,0.11491935483870967,3.5625,1.24609375,2,0,3.1431451612903225,7,0.20749288344518055,8.202002110118128,0.39535355967443797,543.4993523626208,0.07143817204301074,0.2640592835374619,0.07258591820960701
g_n32_e64_k3_high_21,g_n32_e64_k3_high_21_p0,train,32,64,64,3,3,high,0,283031274,1049319814469887,1049319814469887,34.586918553426834,34.586918553426834,0.0,0,0.0,0.12903225806451613,4.0,1.0,3,0,2.7923387096774195,5,0.2546033272043562,8.69203790798815,0.48493411096303696,426.6877237472092,0.05974462365591397,0.24670762928827444,0.06088693877693489
g_n32_e64_k3_high_21,g_n32_e64_k3_high_21_p4,train,32,64,60,3,2,high,4,783032774,1049319814469887,117820621246878,34.586918553426834,32.40018442485557,2.186734128571267,4,0.0625,0.12096774193548387,3.75,0.75,2,0,2.8870967741935485,6,0.24615253106172585,8.098644633608941,0.4220536084540605,456.81122054415584,0.06290322580645161,0.23849462365591395,0.06009247440503502
g_n32_e64_k3_high_21,g_n32_e64_k3_high_21_p7,train,32,64,57,3,1,high,7,1283034274,1049319814469887,6110154744178,34.586918553426834,29.44097321517072,5.145945338256112,7,0.109375,0.11491935483870967,3.5625,1.18359375,1,1,3.0201612903225805,7,0.22788189437394593,7.894072566209687,0.47836184811903903,529.9193912727612,0.06733870967741934,0.21104966717869938,0.0636757781430617
g_n32_e64_k3_high_22,g_n32_e64_k3_high_22_p0,train,32,64,64,3,3,high,0,3856618611,1087167012606042,1087167012606042,34.62235163669924,34.62235163669924,0.0,0,0.0,0.12903225806451613,4.0,0.625,3,0,2.941532258064516,6,0.23573316024444313,8.113339278751814,0.3679205524540894,438.6583458522969,0.06471774193548387,0.21784263526199008,0.058332119569312404
g_n32_e64_k3_high_22,g_n32_e64_k3_high_22_p4,train,32,64,60,3,3,high,4,61652815,1087167012606042,82447695461952,34.62235163669924,32.04318521380917,2.5791664228900757,4,0.0625,0.12096774193548387,3.75,0.625,3,0,3.0423387096774195,6,0.22705414079519357,7.9700233629523245,0.3490722242051678,485.57343187698666,0.06807795698924732,0.2503874381293736,0.06590349775194032
g_n32_e64_k3_high_22,g_n32_e64_k3_high_22_p7,train,32,64,57,3,1,high,7,561654315,1087167012606042,2812637302044,34.62235163669924,28.665143700772035,5.957207935927208,7,0.109375,0.11491935483870967,3.5625,1.12109375,1,2,3.2358870967741935,7,0.1466507738659776,7.392868756886479,0.41134930860154695,634.7209114312283,0.07452956989247313,0.2782283666154634,0.07920075439896795
g_n32_e64_k3_high_23,g_n32_e64_k3_high_23_p0,validation,32,64,64,3,3,high,0,3135238652,1102684434134667,1102684434134667,34.63652399645558,34.63652399645558,0.0,0,0.0,0.12903225806451613,4.0,0.6875,3,0,2.9858870967741935,7,0.2232175037340123,8.170736821344882,0.3270924716007837,442.0237076747343,0.06619623655913978,0.22037930175272324,0.057173170412771784
g_n32_e64_k3_high_23,g_n32_e64_k3_high_23_p4,validation,32,64,60,3,2,high,4,3635240152,1102684434134667,50327686306173,34.63652399645558,31.549576465188714,3.0869475312668655,4,0.0625,0.12096774193548387,3.75,0.8125,2,0,3.4455645161290325,7,0.11293040688353964,7.871724533367505,0.4152370988430567,613.5036217927563,0.08151881720430107,0.32975934459805434,0.08690948570457513
g_n32_e64_k3_high_23,g_n32_e64_k3_high_23_p7,validation,32,64,57,3,2,high,7,4135241652,1102684434134667,4305718089455,34.63652399645558,29.090965043488083,5.545558952967497,7,0.109375,0.11491935483870967,3.5625,1.18359375,2,0,3.342741935483871,7,0.14178780486555015,7.924392284286761,0.6552135170810054,611.0661438551679,0.07809139784946237,0.33713957488151036,0.08186291969710717
g_n32_e64_k3_high_24,g_n32_e64_k3_high_24_p0,validation,32,64,64,3,3,high,0,2413858693,1105109592223296,1105109592223296,34.63872090344516,34.63872090344516,0.0,0,0.0,0.12903225806451613,4.0,0.8125,3,0,2.8326612903225805,5,0.24981858740202972,8.026373373147475,0.36522910209217896,429.51707682212196,0.06108870967741936,0.20943164362519195,0.059171848713807394
g_n32_e64_k3_high_24,g_n32_e64_k3_high_24_p4,validation,32,64,60,3,2,high,4,2913860193,1105109592223296,59557022908416,34.63872090344516,31.717955337747192,2.9207655656979696,4,0.0625,0.12096774193548387,3.75,0.875,2,0,3.088709677419355,6,0.15533250134074975,7.908313265368664,0.2619245916388806,540.5167726189239,0.0696236559139785,0.28317460317460325,0.08143596304450962
g_n32_e64_k3_high_24,g_n32_e64_k3_high_24_p7,validation,32,64,57,3,2,high,7,3413861693,1105109592223296,7563327363346,34.63872090344516,29.654332336719044,4.984388566726118,7,0.109375,0.11491935483870967,3.5625,0.93359375,2,0,3.2096774193548385,7,0.144507297577395,7.657618457833313,0.22016186767642276,586.6911227021219,0.07365591397849462,0.266741144160499,0.08338003422197343
g_n32_e64_k3_high_25,g_n32_e64_k3_high_25_p0,test,32,64,64,3,3,high,0,1692478734,1119213250351014,1119213250351014,34.651402378336805,34.651402378336805,0.0,0,0.0,0.12903225806451613,4.0,0.8125,3,0,2.901209677419355,6,0.22893485573635916,8.10996210217886,0.40965925573353257,436.6069580481973,0.06337365591397849,0.23503157535415595,0.06370072602043816
g_n32_e64_k3_high_25,g_n32_e64_k3_high_25_p4,test,32,64,60,3,2,high,4,2192480234,1119213250351014,65491971721450,34.651402378336805,31.812948681919377,2.838453696417428,4,0.0625,0.12096774193548387,3.75,1.0,2,0,3.149193548387097,7,0.14918563205502544,8.083009041388733,0.36111655147645516,540.9556637611978,0.07163978494623657,0.3405170755170756,0.08453502405172252
g_n32_e64_k3_high_25,g_n32_e64_k3_high_25_p7,test,32,64,57,3,1,high,7,2692481734,1119213250351014,5236115697616,34.651402378336805,29.286601060297393,5.364801318039412,7,0.109375,0.11491935483870967,3.5625,1.18359375,1,1,3.096774193548387,7,0.20050213020613958,7.593618995060441,0.49807515303064065,550.0614817199255,0.06989247311827956,0.26980759980759983,0.07350684180469826
g_n32_e64_k3_high_26,g_n32_e64_k3_high_26_p0,train,32,64,64,3,3,high,0,971098775,1121464506179546,1121464506179546,34.65341182086328,34.65341182086328,0.0,0,0.0,0.12903225806451613,4.0,0.75,3,0,2.875,6,0.23962985863653027,8.115821836753728,0.27188184201752996,433.4936078015402,0.0625,0.18686721283495478,0.0536387217909808
g_n32_e64_k3_high_26,g_n32_e64_k3_high_26_p4,train,32,64,60,3,2,high,4,1471100275,1121464506179546,60301812892900,34.65341182086328,31.73038328376863,2.923028537094652,4,0.0625,0.12096774193548387,3.75,1.0,2,0,3.032258064516129,6,0.21573060319132326,7.779458347423338,0.20959964047850388,493.45540549594875,0.06774193548387097,0.22704361192476646,0.06191978491394694
g_n32_e64_k3_high_26,g_n32_e64_k3_high_26_p7,train,32,64,57,3,2,high,7,1971101775,1121464506179546,11355156121328,34.65341182086328,30.06069304051775,4.592718780345532,7,0.109375,0.11491935483870967,3.5625,0.87109375,2,0,3.038306451612903,6,0.22371370417664369,7.37522876886828,0.2866217842325156,507.8682796380044,0.06794354838709678,0.22285202252944192,0.05716508981803245
g_n32_e64_k3_high_27,g_n32_e64_k3_high_27_p0,train,32,64,64,3,3,high,0,249718816,1123966115573106,1123966115573106,34.655639999640506,34.655639999640506,0.0,0,0.0,0.12903225806451613,4.0,0.75,3,0,2.868951612903226,5,0.23248582467221401,8.00402951835764,0.4079766303379566,436.3688473682784,0.062298387096774197,0.2488248847926267,0.06389584833655611
g_n32_e64_k3_high_27,g_n32_e64_k3_high_27_p4,train,32,64,60,3,2,high,4,749720316,1123966115573106,69394811425988,34.655639999640506,31.8708332173321,2.784806782308408,4,0.0625,0.12096774193548387,3.75,0.9375,2,0,2.9495967741935485,5,0.2281556429113349,7.787223756541857,0.4145737122188078,483.06833146990067,0.06498655913978495,0.24733401604369343,0.06694894130212749
g_n32_e64_k3_high_27,g_n32_e64_k3_high_27_p7,train,32,64,57,3,2,high,7,1249721816,1123966115573106,7190672079710,34.655639999640506,29.603805757522544,5.0518342421179625,7,0.109375,0.11491935483870967,3.5625,0.87109375,2,0,3.149193548387097,7,0.1591138165827871,7.519594899844633,0.38038288465706716,576.7674265884943,0.07163978494623656,0.2895698924731182,0.08076867000142016
g_n32_e64_k3_high_28,g_n32_e64_k3_high_28_p0,test,32,64,64,3,3,high,0,3823306153,1150344788161274,1150344788161274,34.678838108142486,34.678838108142486,0.0,0,0.0,0.12903225806451613,4.0,0.875,3,0,2.850806451612903,6,0.24026538884822932,8.495157956655975,0.3596600435113144,431.26559050388,0.06169354838709677,0.21593143415724061,0.06008642650822298
g_n32_e64_k3_high_28,g_n32_e64_k3_high_28_p4,test,32,64,60,3,2,high,4,28340357,1150344788161274,74365434985446,34.678838108142486,31.94001236628628,2.738825741856207,4,0.0625,0.12096774193548387,3.75,0.875,2,0,2.973790322580645,6,0.22717185071336968,7.9342457792155265,0.5852061919470564,484.622255472802,0.06579301075268817,0.19731865506059054,0.05857392207188409
g_n32_e64_k3_high_28,g_n32_e64_k3_high_28_p7,test,32,64,57,3,2,high,7,528341857,1150344788161274,5631118947709,34.678838108142486,29.35932928570533,5.319508822437157,7,0.109375,0.11491935483870967,3.5625,1.37109375,2,0,3.0766129032258065,7,0.20740511130275005,8.35237761838604,0.373311396483778,539.0743307793937,0.06922043010752688,0.26333775543452964,0.0690187191849614
g_n32_e64_k3_high_29,g_n32_e64_k3_high_29_p0,train,32,64,64,3,3,high,0,3101926194,1173040817480576,1173040817480576,34.69837576148775,34.69837576148775,0.0,0,0.0,0.12903225806451613,4.0,0.875,3,0,2.846774193548387,6,0.2475804648830522,8.812507969420537,0.3681161580955217,428.34446136103594,0.06155913978494623,0.23558651026392963,0.06075163187997735
g_n32_e64_k3_high_29,g_n32_e64_k3_high_29_p4,train,32,64,60,3,2,high,4,3601927694,1173040817480576,50570197689492,34.69837576148775,31.554383540237477,3.1439922212502758,4,0.0625,0.12096774193548387,3.75,1.125,2,0,3.038306451612903,6,0.16198237771278437,8.798539632865616,0.3214861840676644,540.7473612952288,0.06794354838709676,0.3017357910906297,0.0851712454150279
g_n32_e64_k3_high_29,g_n32_e64_k3_high_29_p7,train,32,64,57,3,2,high,7,4101929194,1173040817480576,6819183123379,34.69837576148775,29.55076080397948,5.147614957508274,7,0.109375,0.11491935483870967,3.5625,1.12109375,2,0,3.0625,7,0.2210831521567911,7.8309663228180915,0.615445667701453,534.2561094878009,0.06875,0.24512161076677208,0.06516875896978726
g_n32_e96_k2_low_00,g_n32_e96_k2_low_00_p0,train,32,96,96,2,2,low,0,2380546235,159408565064686442960,159408565064686442960,46.518002171958976,46.518002171958976,0.0,0,0.0,0.1935483870967742,6.0,4.4375,2,0,2.6330645161290325,5,0.18864327430187416,12.25325593930565,0.420819567257098,373.6379983350273,0.054435483870967735,0.352413167836118,0.08762268407866579
g_n32_e96_k2_low_00,g_n32_e96_k2_low_00_p5,train,32,96,91,2,2,low,5,2880547735,159408565064686442960,28726938938877831828,46.518002171958976,44.80436699539758,1.7136351765613966,5,0.052083333333333336,0.18346774193548387,5.6875,4.02734375,2,0,2.6975806451612905,6,0.18432672940935177,11.553614028469509,0.35567475439070506,389.19883658501396,0.05658602150537634,0.3423293612003289,0.08553236434392972
g_n32_e96_k2_low_00,g_n32_e96_k2_low_00_p10,train,32,96,86,2,2,low,10,3380549235,159408565064686442960,3913375393616689011,46.518002171958976,42.81093194750984,3.707070224449133,10,0.10416666666666667,0.17338709677419356,5.375,3.796875,2,0,2.774193548387097,6,0.17797269270293609,12.208715209048972,0.696908592992961,413.06720794206745,0.059139784946236555,0.31690869983997616,0.08553992975924847
g_n32_e96_k2_low_01,g_n32_e96_k2_low_01_p0,train,32,96,96,2,2,low,0,1659166276,175650896307011682900,175650896307011682900,46.61503015539273,46.61503015539273,0.0,0,0.0,0.1935483870967742,6.0,4.25,2,0,2.655241935483871,6,0.1866587261312608,12.219973804714478,0.7101244315063262,373.68282438566337,0.0551747311827957,0.3121486725561429,0.0803857221268094
g_n32_e96_k2_low_01,g_n32_e96_k2_low_01_p5,train,32,96,91,2,2,low,5,2159167776,175650896307011682900,21370200405804522137,46.61503015539273,44.50852912108372,2.1065010343090123,5,0.052083333333333336,0.18346774193548387,5.6875,4.33984375,2,0,2.7036290322580645,6,0.1811021185395609,12.176151934907473,0.4226718790661197,397.5151954438485,0.056787634408602156,0.3152071970662803,0.08156444773541947
g_n32_e96_k2_low_01,g_n32_e96_k2_low_01_p10,train,32,96,86,2,2,low,10,2659169276,175650896307011682900,5601688640769220780,46.61503015539273,43.16959976917348,3.4454303862192504,10,0.10416666666666667,0.17338709677419356,5.375,3.109375,2,0,2.8004032258064515,6,0.17420363851929635,10.712196305851618,0.3007480424431854,410.2027570541144,0.06001344086021505,0.3268919242258901,0.08154622476043558
g_n32_e96_k2_low_02,g_n32_e96_k2_low_02_p0,validation,32,96,96,2,2,low,0,937786317,178745474820531237237,178745474820531237237,46.632494539457156,46.632494539457156,0.0,0,0.0,0.1935483870967742,6.0,5.0,2,0,2.528225806451613,5,0.19695671745787052,12.45390461100674,0.5948151564436692,362.4478416217001,0.050940860215053764,0.30193719064686814,0.08222981866097198
g_n32_e96_k2_low_02,g_n32_e96_k2_low_02_p5,validation,32,96,91,2,1,low,5,1437787817,178745474820531237237,10063987629576572636,46.632494539457156,43.75549514467453,2.8769993947826222,5,0.052083333333333336,0.18346774193548387,5.6875,4.71484375,1,2,2.879032258064516,5,0.0935994706366842,12.199480752356532,0.8557444291290057,567.9708843187897,0.06263440860215054,0.5344086021505375,0.1254276288102669
g_n32_e96_k2_low_02,g_n32_e96_k2_low_02_p10,validation,32,96,86,2,1,low,10,1937789317,178745474820531237237,2163743052128362368,46.632494539457156,42.21837129036342,4.414123249093734,10,0.10416666666666667,0.17338709677419356,5.375,3.921875,2,1,2.933467741935484,6,0.09027992970304898,10.862773705441777,0.48438026839562554,583.4203588923859,0.0644489247311828,0.553753200204813,0.12854010823485665
g_n32_e96_k2_low_03,g_n32_e96_k2_low_03_p0,validation,32,96,96,2,2,low,0,216406358,190674801627583823096,190674801627583823096,46.69710104157328,46.69710104157328,0.0,0,0.0,0.1935483870967742,6.0,5.0625,3,0,2.586693548387097,5,0.17498954837090633,12.85808539023265,0.3254325185788698,377.683482771671,0.052889784946236564,0.4779332312649774,0.10926950528603942
g_n32_e96_k2_low_03,g_n32_e96_k2_low_03_p5,validation,32,96,91,2,2,low,5,716407858,190674801627583823096,24909750025226537300,46.69710104157328,44.661790967999195,2.035310073574088,5,0.052083333333333336,0.18346774193548387,5.6875,5.08984375,3,0,2.6391129032258065,5,0.17252596332974326,12.648356150512459,0.5619171468295292,397.10077421701095,0.05463709677419355,0.4845469186557004,0.10954558402982116
g_n32_e96_k2_low_03,g_n32_e96_k2_low_03_p10,validation,32,96,86,2,1,low,10,1216409358,190674801627583823096,2514086318813727200,46.69710104157328,42.36844111871954,4.3286599228537455,10,0.10416666666666667,0.17338709677419356,5.375,3.984375,1,1,2.7923387096774195,6,0.16403579849498795,11.312909768027698,0.38951526274246273,440.4162210903507,0.05974462365591398,0.4360774072575253,0.10154959682263025
g_n32_e96_k2_low_04,g_n32_e96_k2_low_04_p0,test,32,96,96,2,2,low,0,3789993695,198865858531323522564,198865858531323522564,46.73916219359273,46.73916219359273,0.0,0,0.0,0.1935483870967742,6.0,4.25,2,0,2.596774193548387,5,0.18971143222490516,12.445174414781292,0.716529506992849,368.5094467046415,0.05322580645161289,0.37716096002993726,0.08835635643989889
g_n32_e96_k2_low_04,g_n32_e96_k2_low_04_p5,test,32,96,91,2,1,low,5,4289995195,198865858531323522564,9888471288872940660,46.73916219359273,43.73790123618197,3.0012609574107643,5,0.052083333333333336,0.18346774193548387,5.6875,4.46484375,1,2,2.663306451612903,5,0.18575210730144498,11.504182000195826,0.7703210985939943,423.24205335618944,0.055443548387096774,0.36737945624164225,0.08894813675985316
g_n32_e96_k2_low_04,g_n32_e96_k2_low_04_p10,test,32,96,86,2,2,low,10,495029399,198865858531323522564,2581201582950542704,46.73916219359273,42.394786694233666,4.344375499359067,10,0.10416666666666667,0.17338709677419356,5.375,4.796875,2,0,2.653225806451613,5,0.18612714873866845,12.36255394729297,1.0622604115137655,410.1955583149206,0.05510752688172042,0.39725377547080026,0.09215495729369387
g_n32_e96_k2_low_05,g_n32_e96_k2_low_05_p0,train,32,96,96,2,2,low,0,3068613736,202750738258176996967,202750738258176996967,46.75850900810577,46.75850900810577,0.0,0,0.0,0.1935483870967742,6.0,4.8125,2,0,2.5806451612903225,5,0.18713007096458037,12.42190509318824,0.2770052568960777,367.4549387583928,0.05268817204301074,0.35344427376685433,0.08662530962609528
g_n32_e96_k2_low_05,g_n32_e96_k2_low_05_p5,train,32,96,91,2,2,low,5,3568615236,202750738258176996967,23854859995487188080,46.75850900810577,44.618519643863884,2.1399893642418846,5,0.052083333333333336,0.18346774193548387,5.6875,4.71484375,2,0,2.6048387096774195,5,0.18653937325810116,12.397790899634211,0.30356915047265787,388.6665454351176,0.05349462365591398,0.3578605564089435,0.08834264881692427
g_n32_e96_k2_low_05,g_n32_e96_k2_low_05_p10,train,32,96,86,2,2,low,10,4068616736,202750738258176996967,2428062402650217900,46.75850900810577,42.33362524801607,4.424883760089699,10,0.10416666666666667,0.17338709677419356,5.375,4.984375,2,0,2.745967741935484,6,0.17078606363049922,12.378987023869996,0.20744654094130865,423.49790663939785,0.05819892473118278,0.3624354642476084,0.09090312209163377
g_n32_e96_k2_low_06,g_n32_e96_k2_low_06_p0,train,32,96,96,2,2,low,0,2347233777,207866895130776281120,207866895130776281120,46.78342962149742,46.78342962149742,0.0,0,0.0,0.1935483870967742,6.0,4.1875,2,0,2.754032258064516,5,0.163007036934822,11.724171452158316,0.358777591958674,391.0431795165914,0.058467741935483875,0.3086310105664945,0.08686040494568525
g_n32_e96_k2_low_06,g_n32_e96_k2_low_06_p5,train,32,96,91,2,2,low,5,2847235277,207866895130776281120,40287576231201581856,46.78342962149742,45.14257481321258,1.6408548082848355,5,0.052083333333333336,0.18346774193548387,5.6875,3.65234375,2,0,2.784274193548387,5,0.15909952733513866,11.406431519241796,0.1842774531723883,406.07135294796393,0.0594758064516129,0.32466205837173584,0.08887798171062564
g_n32_e96_k2_low_06,g_n32_e96_k2_low_06_p10,train,32,96,86,2,1,low,10,3347236777,207866895130776281120,2329660893928377964,46.78342962149742,42.292254391792056,4.491175229705362,10,0.10416666666666667,0.17338709677419356,5.375,3.546875,1,1,2.931451612903226,6,0.13877801359192632,10.551168144025656,0.10465099532859234,475.03472845984135,0.06438172043010754,0.3177188940092166,0.09290907546170003
g_n32_e96_k2_low_07,g_n32_e96_k2_low_07_p0,test,32,96,96,2,2,low,0,1625853818,215838213515864132967,215838213515864132967,46.821060789427094,46.821060789427094,0.0,0,0.0,0.1935483870967742,6.0,4.0,2,0,2.691532258064516,6,0.1847499052688413,11.346398686680134,0.4282982536757993,371.3839544260548,0.056384408602150535,0.33212771099867866,0.08217888469268467
g_n32_e96_k2_low_07,g_n32_e96_k2_low_07_p5,test,32,96,91,2,2,low,5,2125855318,215838213515864132967,34004192423126241396,46.821060789427094,44.97301549746989,1.848045291957206,5,0.052083333333333336,0.18346774193548387,5.6875,3.58984375,2,0,2.7358870967741935,6,0.18222933601150676,10.883095337473225,0.24816003045308754,389.00265780908506,0.05786290322580645,0.31987889492133975,0.08123678973717585
g_n32_e96_k2_low_07,g_n32_e96_k2_low_07_p10,test,32,96,86,2,2,low,10,2625856818,215838213515864132967,7255306470245113056,46.821060789427094,43.42826480196188,3.392795987465213,10,0.10416666666666667,0.17338709677419356,5.375,2.984375,2,0,2.782258064516129,6,0.17542166986110383,10.606727396016653,0.2408764404488295,402.6899000299707,0.059408602150537615,0.34751214138310904,0.0854538041146973
g_n32_e96_k2_low_08,g_n32_e96_k2_low_08_p0,train,32,96,96,2,2,low,0,904473859,227841937902693266959,227841937902693266959,46.87518380762228,46.87518380762228,0.0,0,0.0,0.1935483870967742,6.0,3.625,2,0,2.6350806451612905,6,0.19017442874922386,11.225838868095314,0.24260375790704813,367.5235545552684,0.05450268817204302,0.2657145960371766,0.07764789074536375
g_n32_e96_k2_low_08,g_n32_e96_k2_low_08_p5,train,32,96,91,2,2,low,5,1404475359,227841937902693266959,36443821977774450042,46.87518380762228,45.04230362491674,1.8328801827055372,5,0.052083333333333336,0.18346774193548387,5.6875,3.27734375,2,0,2.653225806451613,6,0.18990817234691343,10.760911833767702,0.3048796567435659,382.74921741236983,0.05510752688172043,0.2651428917557949,0.0787267469940019
g_n32_e96_k2_low_08,g_n32_e96_k2_low_08_p10,train,32,96,86,2,1,low,10,1904476859,227841937902693266959,3215691247766635184,46.87518380762228,42.614574015553075,4.260609792069204,10,0.10416666666666667,0.17338709677419356,5.375,3.734375,1,1,2.747983870967742,6,0.1803693939626486,11.0296871313533,0.272550890405336,418.5053864759684,0.05826612903225807,0.2854865346895708,0.07886362372080201
g_n32_e96_k2_low_09,g_n32_e96_k2_low_09_p0,train,32,96,96,2,2,low,0,183093900,228606901626013301300,228606901626013301300,46.87853561563775,46.87853561563775,0.0,0,0.0,0.1935483870967742,6.0,4.125,2,0,2.6028225806451615,5,0.19459148365320392,11.646094069510939,0.5550314417567535,362.70342204666014,0.05342741935483871,0.2756438652358957,0.08106449369755821
g_n32_e96_k2_low_09,g_n32_e96_k2_low_09_p5,train,32,96,91,2,2,low,5,683095400,228606901626013301300,46223947302586692096,46.87853561563775,45.28002967757163,1.5985059380661184,5,0.052083333333333336,0.18346774193548387,5.6875,3.33984375,2,0,2.655241935483871,5,0.18972395384950885,11.066383538202974,0.35007990682444756,376.9964809939596,0.0551747311827957,0.2910004958736608,0.08082019512147674
g_n32_e96_k2_low_09,g_n32_e96_k2_low_09_p10,train,32,96,86,2,2,low,10,1183096900,228606901626013301300,5227696432923288710,46.87853561563775,43.10050240234599,3.7780332132917636,10,0.10416666666666667,0.17338709677419356,5.375,3.921875,2,0,2.7338709677419355,6,0.18276780129813217,11.410199676663822,1.1453653918881859,400.3165516062515,0.05779569892473119,0.2840152869922073,0.08123263892723709
g_n32_e96_k2_mid_10,g_n32_e96_k2_mid_10_p0,validation,32,96,96,2,2,mid,0,3756681237,375789425609619238365,375789425609619238365,47.37556062213042,47.37556062213042,0.0,0,0.0,0.1935483870967742,6.0,3.3125,2,0,2.5806451612903225,5,0.1909436502825586,11.570728483123098,0.289070287273006,356.69576524620066,0.05268817204301075,0.3721705176543885,0.08896893108317813
g_n32_e96_k2_mid_10,g_n32_e96_k2_mid_10_p5,validation,32,96,91,2,2,mid,5,4256682737,375789425609619238365,64709479133217332270,47.37556062213042,45.61643937368246,1.7591212484479612,5,0.052083333333333336,0.18346774193548387,5.6875,3.08984375,2,0,2.622983870967742,5,0.18542397965608237,11.414362525973754,0.3269851955317016,373.05054478730705,0.05409946236559139,0.3992987896213702,0.09324485869107425
g_n32_e96_k2_mid_10,g_n32_e96_k2_mid_10_p10,validation,32,96,86,2,1,mid,10,461716941,375789425609619238365,3819564401418158568,47.37556062213042,42.7866680589669,4.588892563163519,10,0.10416666666666667,0.17338709677419356,5.375,2.859375,2,1,3.1330645161290325,7,0.08516571613136335,11.27073431861257,0.20303839212624908,596.0622166199372,0.07110215053763441,0.5229390681003585,0.12378214037108232
g_n32_e96_k2_mid_11,g_n32_e96_k2_mid_11_p0,train,32,96,96,2,2,mid,0,3035301278,376948977851531854320,376948977851531854320,47.37864151491808,47.37864151491808,0.0,0,0.0,0.1935483870967742,6.0,3.0625,2,0,2.5806451612903225,5,0.19223755450006508,11.192441569556355,0.37695030460183787,356.47585615416864,0.05268817204301075,0.34721392108488885,0.08494853572888365
g_n32_e96_k2_mid_11,g_n32_e96_k2_mid_11_p5,train,32,96,91,2,2,mid,5,3535302778,376948977851531854320,59983784939548615735,47.37864151491808,45.540605948583014,1.8380355663350656,5,0.052083333333333336,0.18346774193548387,5.6875,2.83984375,2,0,2.622983870967742,5,0.19018649859679745,10.789385231061614,0.38438537299674636,371.8126594214974,0.05409946236559139,0.33722022302667454,0.08447421696681133
g_n32_e96_k2_mid_11,g_n32_e96_k2_mid_11_p10,train,32,96,86,2,2,mid,10,4035304278,376948977851531854320,9293297060580967737,47.37864151491808,43.67582506801555,3.7028164469025313,10,0.10416666666666667,0.17338709677419356,5.375,2.796875,2,0,2.6169354838709675,5,0.19199586836056773,11.011824399721824,0.46114492519057926,383.5055308222566,0.0538978494623656,0.3493977408493538,0.08630328421881835
g_n32_e96_k2_mid_12,g_n32_e96_k2_mid_12_p0,test,32,96,96,2,2,mid,0,2313921319,377370243440099442593,377370243440099442593,47.379758457508096,47.379758457508096,0.0,0,0.0,0.1935483870967742,6.0,3.375,3,0,2.6875,6,0.18278543123055596,12.08196310231984,0.286995846419166,362.5000191593565,0.05625,0.3025257556206323,0.08162234753100327
g_n32_e96_k2_mid_12,g_n32_e96_k2_mid_12_p5,test,32,96,91,2,2,mid,5,2813922819,377370243440099442593,60596206512467861475,47.379758457508096,45.55076396620454,1.828994491303554,5,0.052083333333333336,0.18346774193548387,5.6875,3.21484375,3,0,2.747983870967742,6,0.17669839786767444,11.57940996066917,0.25249419757521885,381.2317553755344,0.058266129032258064,0.28023157248963704,0.08319179142545517
g_n32_e96_k2_mid_12,g_n32_e96_k2_mid_12_p10,test,32,96,86,2,2,mid,10,3313924319,377370243440099442593,6622991676572519224,47.379758457508096,43.337078856649065,4.0426796008590316,10,0.10416666666666667,0.17338709677419356,5.375,3.296875,2,0,2.7580645161290325,6,0.17841695741090213,11.799513144220311,0.8051163917193884,400.5016155663094,0.0586021505376344,0.29758422093736175,0.082362417830116
g_n32_e96_k2_mid_13,g_n32_e96_k2_mid_13_p0,train,32,96,96,2,2,mid,0,1592541360,381551401146986059488,381551401146986059488,47.39077724987172,47.39077724987172,0.0,0,0.0,0.1935483870967742,6.0,2.9375,2,0,2.655241935483871,5,0.18105335810628848,11.525196138646264,0.44502323073898253,366.3779108184524,0.0551747311827957,0.3368049155145929,0.08213261188048752
g_n32_e96_k2_mid_13,g_n32_e96_k2_mid_13_p5,train,32,96,91,2,1,mid,5,2092542860,381551401146986059488,21879031434643511982,47.39077724987172,44.53206038331155,2.858716866560165,5,0.052083333333333336,0.18346774193548387,5.6875,2.90234375,2,1,3.2036290322580645,7,0.07334639291597075,10.637205884553437,0.13051971083208613,642.3709985105096,0.07345430107526882,0.527347670250896,0.12925221362757597
g_n32_e96_k2_mid_13,g_n32_e96_k2_mid_13_p10,train,32,96,86,2,1,mid,10,2592544360,381551401146986059488,2038027235510493472,47.39077724987172,42.15851397244631,5.23226327742541,10,0.10416666666666667,0.17338709677419356,5.375,2.859375,1,2,3.2056451612903225,7,0.07295574136344553,10.498764254599877,0.09074745899447834,678.4693627653932,0.07352150537634408,0.5283154121863799,0.13104020405812217
g_n32_e96_k2_mid_14,g_n32_e96_k2_mid_14_p0,train,32,96,96,2,2,mid,0,871161401,386020976773287010617,386020976773287010617,47.40242338585332,47.40242338585332,0.0,0,0.0,0.1935483870967742,6.0,2.625,2,0,2.663306451612903,5,0.18237688024251703,10.905181474759992,0.23554293667246817,365.8146340495565,0.05544354838709677,0.3487833309524077,0.08208125036479477
g_n32_e96_k2_mid_14,g_n32_e96_k2_mid_14_p5,train,32,96,91,2,2,mid,5,1371162901,386020976773287010617,62272677657213864692,47.40242338585332,45.57805444261089,1.8243689432424262,5,0.052083333333333336,0.18346774193548387,5.6875,2.58984375,2,0,2.7036290322580645,5,0.18101842836815174,10.646022270589224,0.3139504316119712,380.1946166538107,0.056787634408602156,0.3431778615649584,0.08157805460333757
g_n32_e96_k2_mid_14,g_n32_e96_k2_mid_14_p10,train,32,96,86,2,1,mid,10,1871164401,386020976773287010617,2468753285945746260,47.40242338585332,42.35024495457523,5.052178431278087,10,0.10416666666666667,0.17338709677419356,5.375,2.859375,1,2,2.9516129032258065,7,0.09424509525197435,10.454045021325115,0.3606544694082441,580.5883612352532,0.06505376344086021,0.5322427035330262,0.12307874449310645
g_n32_e96_k2_mid_15,g_n32_e96_k2_mid_15_p0,validation,32,96,96,2,2,mid,0,149781442,386791431327562839560,386791431327562839560,47.404417284505705,47.404417284505705,0.0,0,0.0,0.1935483870967742,6.0,2.5625,2,0,2.681451612903226,5,0.1759692597962655,10.961010535377335,0.21954769437898136,371.10859262465533,0.0560483870967742,0.3841465804558784,0.08941765014357675
g_n32_e96_k2_mid_15,g_n32_e96_k2_mid_15_p5,validation,32,96,91,2,2,mid,5,649782942,386791431327562839560,70317503245077819850,47.404417284505705,45.699552421023334,1.7048648634823707,5,0.052083333333333336,0.18346774193548387,5.6875,2.33984375,2,0,2.7036290322580645,5,0.17541541141186673,10.761979888416505,0.19698074217143358,382.6778499173106,0.05678763440860215,0.3905917720623603,0.09034684846166131
g_n32_e96_k2_mid_15,g_n32_e96_k2_mid_15_p10,validation,32,96,86,2,2,mid,10,1149784442,386791431327562839560,5788098334766243584,47.404417284505705,43.202335471938305,4.2020818125674,10,0.10416666666666667,0.17338709677419356,5.375,2.421875,2,0,2.8125,5,0.1504689867872721,10.079251135996689,0.35773701271993374,438.73061785770983,0.060416666666666674,0.4345623432720207,0.09966911085544923
g_n32_e96_k2_mid_16,g_n32_e96_k2_mid_16_p0,train,32,96,96,2,2,mid,0,3723368779,388393563495106362510,388393563495106362510,47.40855083832692,47.40855083832692,0.0,0,0.0,0.1935483870967742,6.0,3.4375,4,0,2.653225806451613,6,0.17977123437150505,12.499234634492154,0.21693251787378998,364.4967043464427,0.05510752688172043,0.36066196918302096,0.08730045596042302
g_n32_e96_k2_mid_16,g_n32_e96_k2_mid_16_p5,train,32,96,91,2,2,mid,5,4223370279,388393563495106362510,53044742727940688208,47.40855083832692,45.41766743372048,1.9908834046064356,5,0.052083333333333336,0.18346774193548387,5.6875,3.71484375,3,0,2.7036290322580645,6,0.17260141745467053,12.448182834155997,0.4546559692649179,385.925314244171,0.05678763440860214,0.32964711435258415,0.0867482557701228
g_n32_e96_k2_mid_16,g_n32_e96_k2_mid_16_p10,train,32,96,86,2,2,mid,10,428404483,388393563495106362510,8377637098775723889,47.40855083832692,43.572097579506206,3.836453258820711,10,0.10416666666666667,0.17338709677419356,5.375,3.046875,3,0,2.8225806451612905,6,0.15689343457571997,12.443698154618506,0.9129734709779447,418.0248862964863,0.06075268817204301,0.37890473847999756,0.09480345293753274
g_n32_e96_k2_mid_17,g_n32_e96_k2_mid_17_p0,train,32,96,96,2,2,mid,0,3001988820,389472820219523607507,389472820219523607507,47.4113257555609,47.4113257555609,0.0,0,0.0,0.1935483870967742,6.0,3.0,2,0,2.659274193548387,5,0.17823585177737025,11.48055907779883,0.39274377658081505,367.19426672805196,0.05530913978494623,0.31229745165229034,0.08103119742464972
g_n32_e96_k2_mid_17,g_n32_e96_k2_mid_17_p5,train,32,96,91,2,2,mid,5,3501990320,389472820219523607507,68641042614459677744,47.4113257555609,45.675422318561765,1.7359034369991377,5,0.052083333333333336,0.18346774193548387,5.6875,2.77734375,2,0,2.6774193548387095,5,0.17725688541580978,11.37199308027349,0.2548462834507035,379.79440922327797,0.05591397849462365,0.31844538973571224,0.08241553406130012
g_n32_e96_k2_mid_17,g_n32_e96_k2_mid_17_p10,train,32,96,86,2,2,mid,10,4001991820,389472820219523607507,8455015425665210690,47.4113257555609,43.58129148068466,3.8300342748762404,10,0.10416666666666667,0.17338709677419356,5.375,2.796875,2,0,2.774193548387097,6,0.1704821752567477,11.446385487106284,0.6574023077531246,403.98274991367026,0.05913978494623656,0.3017979177334016,0.08181468740255787
g_n32_e96_k2_mid_18,g_n32_e96_k2_mid_18_p0,test,32,96,96,2,2,mid,0,2280608861,389639673835572922865,389639673835572922865,47.41175407270348,47.41175407270348,0.0,0,0.0,0.1935483870967742,6.0,2.625,2,0,2.7056451612903225,6,0.1844259362379949,10.669788993482076,0.30538862813045853,363.46081003541093,0.05685483870967742,0.298333780914426,0.0788246759504031
g_n32_e96_k2_mid_18,g_n32_e96_k2_mid_18_p5,test,32,96,91,2,2,mid,5,2780610361,389639673835572922865,69259039887958756256,47.41175407270348,45.684385350339,1.7273687223644814,5,0.052083333333333336,0.18346774193548387,5.6875,2.15234375,2,0,2.8891129032258065,7,0.16927428464697147,10.286981026715939,0.4730246059279377,389.8622598089041,0.06297043010752687,0.31255126363858915,0.07863459423192196
g_n32_e96_k2_mid_18,g_n32_e96_k2_mid_18_p10,test,32,96,86,2,2,mid,10,3280611861,389639673835572922865,9244820764284090528,47.41175407270348,43.670595151230195,3.7411589214732857,10,0.10416666666666667,0.17338709677419356,5.375,2.484375,2,0,2.7600806451612905,6,0.18307114257425222,10.368042072428521,0.36079651607268737,392.4301311341086,0.05866935483870968,0.2992160587321877,0.07930800874852033
g_n32_e96_k2_mid_19,g_n32_e96_k2_mid_19_p0,train,32,96,96,2,2,mid,0,1559228902,392086565735519244288,392086565735519244288,47.418014320261676,47.418014320261676,0.0,0,0.0,0.1935483870967742,6.0,3.3125,3,0,2.6955645161290325,6,0.17686446984542906,12.49384893480729,0.33884818526588667,367.2392191369206,0.056518817204301075,0.3356539483279721,0.0850217670276831
g_n32_e96_k2_mid_19,g_n32_e96_k2_mid_19_p5,train,32,96,91,2,2,mid,5,2059230402,392086565735519244288,54124094064357952496,47.418014320261676,45.437811122234436,1.9802031980272403,5,0.052083333333333336,0.18346774193548387,5.6875,3.02734375,2,0,2.715725806451613,6,0.17657628246189846,11.618134831160678,0.2456771363510697,385.1111765852298,0.05719086021505377,0.33639939889424253,0.08564533374586074
g_n32_e96_k2_mid_19,g_n32_e96_k2_mid_19_p10,train,32,96,86,2,2,mid,10,2559231902,392086565735519244288,5860908679437505237,47.418014320261676,43.21483633021087,4.203177990050804,10,0.10416666666666667,0.17338709677419356,5.375,3.109375,2,0,2.7903225806451615,6,0.17196853251811062,11.395545083412344,0.36828571197175997,411.07141394109107,0.059677419354838696,0.3101443777250228,0.08306497623313287
g_n32_e96_k2_high_20,g_n32_e96_k2_high_20_p0,train,32,96,96,2,2,high,0,837848943,621017663017379581614,621017663017379581614,47.87789119828393,47.87789119828393,0.0,0,0.0,0.1935483870967742,6.0,2.1875,3,0,2.6713709677419355,5,0.18229544585818114,11.050034562331579,0.26399271783775724,356.593863813508,0.05571236559139785,0.26735279057859695,0.07827156362202625
g_n32_e96_k2_high_20,g_n32_e96_k2_high_20_p5,train,32,96,91,2,2,high,5,1337850443,621017663017379581614,85036793224745075436,47.87789119828393,45.88961569819323,1.988275500090701,5,0.052083333333333336,0.18346774193548387,5.6875,2.08984375,2,0,2.75,6,0.1739946167690354,10.181117172730685,0.2261176422155966,381.26889976037813,0.058333333333333334,0.2729032748048028,0.08005351104854927
g_n32_e96_k2_high_20,g_n32_e96_k2_high_20_p10,train,32,96,86,2,2,high,10,1837851943,621017663017379581614,16429419216045767016,47.87789119828393,44.245605256324254,3.6322859419596796,10,0.10416666666666667,0.17338709677419356,5.375,1.859375,3,0,2.6995967741935485,5,0.18120543393760624,10.453431044402667,0.2866183311246253,383.0533136599649,0.05665322580645161,0.2793394777265745,0.07909624775751703
g_n32_e96_k2_high_21,g_n32_e96_k2_high_21_p0,train,32,96,96,2,2,high,0,116468984,640025941356496447016,640025941356496447016,47.90804038279461,47.90804038279461,0.0,0,0.0,0.1935483870967742,6.0,2.125,4,0,2.711693548387097,6,0.17584669738522632,11.125598458099446,0.24839898971046814,361.6618551085659,0.057056451612903215,0.3534712881911523,0.08648064081364915
g_n32_e96_k2_high_21,g_n32_e96_k2_high_21_p5,train,32,96,91,2,2,high,5,616470484,640025941356496447016,72427116186423142170,47.90804038279461,45.72911243612618,2.1789279466684306,5,0.052083333333333336,0.18346774193548387,5.6875,2.65234375,3,0,2.7358870967741935,6,0.16790819337279347,11.023032927040955,0.25370132145024193,387.47974771692253,0.05786290322580646,0.38032796179855005,0.09209779459187988
g_n32_e96_k2_high_21,g_n32_e96_k2_high_21_p10,train,32,96,86,2,2,high,10,1116471984,640025941356496447016,9931636860707174684,47.90804038279461,43.74225697831566,4.165783404478951,10,0.10416666666666667,0.17338709677419356,5.375,2.296875,2,0,2.8608870967741935,6,0.16091488187837527,10.390984437782384,0.6620292512668495,412.86674729396697,0.06202956989247312,0.3798648636559353,0.08862152267065578
g_n32_e96_k2_high_22,g_n32_e96_k2_high_22_p0,train,32,96,96,2,2,high,0,3690056321,659161041121901164349,659161041121901164349,47.93749955050176,47.93749955050176,0.0,0,0.0,0.1935483870967742,6.0,2.25,3,0,2.6391129032258065,5,0.18162420871251594,11.532237278072268,0.23004464162748128,355.9249501815996,0.05463709677419354,0.2988751799188231,0.08112368147101441
g_n32_e96_k2_high_22,g_n32_e96_k2_high_22_p5,train,32,96,91,2,2,high,5,4190057821,659161041121901164349,81490866436948977591,47.93749955050176,45.847022619601226,2.090476930900536,5,0.052083333333333336,0.18346774193548387,5.6875,2.46484375,3,0,2.689516129032258,5,0.17592154719888398,11.45225034439038,0.20815860750339255,378.53899965895533,0.056317204301075265,0.2951804348578542,0.08135133707813304
g_n32_e96_k2_high_22,g_n32_e96_k2_high_22_p10,train,32,96,86,2,2,high,10,395092025,659161041121901164349,14010327160524591624,47.93749955050176,44.08632638589803,3.851173164603729,10,0.10416666666666667,0.17338709677419356,5.375,1.796875,3,0,2.7983870967741935,5,0.16545890127946117,10.496943062591486,0.6249296362743859,402.4996054916872,0.05994623655913979,0.3817832704929478,0.08987838298998899
g_n32_e96_k2_high_23,g_n32_e96_k2_high_23_p0,train,32,96,96,2,2,high,0,2968676362,670607238673260986752,670607238673260986752,47.954715302190074,47.954715302190074,0.0,0,0.0,0.1935483870967742,6.0,2.1875,4,0,2.6431451612903225,5,0.18550862990266795,10.829815101702613,0.3018507826048946,352.10382838529057,0.05477150537634409,0.3007219662058372,0.08138626758197703
g_n32_e96_k2_high_23,g_n32_e96_k2_high_23_p5,train,32,96,91,2,2,high,5,3468677862,670607238673260986752,113586447357413368996,47.954715302190074,46.179095871631674,1.7756194305584003,5,0.052083333333333336,0.18346774193548387,5.6875,2.08984375,3,0,2.663306451612903,5,0.1852783859539473,10.610922099809827,0.4077180935138376,364.5168852664915,0.05544354838709678,0.3113541297412265,0.08119387605307189
g_n32_e96_k2_high_23,g_n32_e96_k2_high_23_p10,train,32,96,86,2,1,high,10,3968679362,670607238673260986752,5998338022368903750,47.954715302190074,43.238014108478474,4.7167011937116,10,0.10416666666666667,0.17338709677419356,5.375,2.421875,3,1,2.8608870967741935,6,0.0963249730033148,10.660475213918545,0.29182304328753617,545.2188082678833,0.062029569892473116,0.5519713261648745,0.1269835157602044
g_n32_e96_k2_high_24,g_n32_e96_k2_high_24_p0,train,32,96,96,2,2,high,0,2247296403,682453913436951072210,682453913436951072210,47.97222667257224,47.97222667257224,0.0,0,0.0,0.1935483870967742,6.0,2.0,3,0,2.5725806451612905,5,0.19506631130378266,11.170992557574072,0.3686443686217178,345.38508199163164,0.05241935483870967,0.3132249889038889,0.08166925159535501
g_n32_e96_k2_high_24,g_n32_e96_k2_high_24_p5,train,32,96,91,2,1,high,5,2747297903,682453913436951072210,52214548421320913408,47.97222667257224,45.401892835339574,2.570333837232667,5,0.052083333333333336,0.18346774193548387,5.6875,2.02734375,3,1,2.846774193548387,6,0.09709981424847726,10.6785161411235,0.23893149850122875,524.7629314454574,0.06155913978494624,0.5291039426523297,0.12324877985524756
g_n32_e96_k2_high_24,g_n32_e96_k2_high_24_p10,train,32,96,86,2,1,high,10,3247299403,682453913436951072210,4365055391560302670,47.97222667257224,42.9201625530375,5.052064119534741,10,0.10416666666666667,0.17338709677419356,5.375,2.359375,2,1,3.1411290322580645,6,0.08113560712929913,10.234063725906635,0.2034978629959765,611.928048963979,0.07137096774193549,0.5301100870455708,0.12791513179516634
g_n32_e96_k2_high_25,g_n32_e96_k2_high_25_p0,test,32,96,96,2,2,high,0,1525916444,715303163423936380711,715303163423936380711,48.019238131510924,48.019238131510924,0.0,0,0.0,0.1935483870967742,6.0,2.0,4,0,2.685483870967742,5,0.1725189769487645,11.631915665487421,0.13637242371325975,363.23439514660373,0.05618279569892473,0.3244925206215529,0.08143373651767724
g_n32_e96_k2_high_25,g_n32_e96_k2_high_25_p5,test,32,96,91,2,2,high,5,2025917944,715303163423936380711,133887146261427910735,48.019238131510924,46.34352892692184,1.675709204589083,5,0.052083333333333336,0.18346774193548387,5.6875,1.52734375,4,0,2.778225806451613,5,0.16570002078282203,10.286597575700787,0.5055328560138399,381.01498324770034,0.059274193548387095,0.2930887272822756,0.07917511273018349
g_n32_e96_k2_high_25,g_n32_e96_k2_high_25_p10,test,32,96,86,2,2,high,10,2525919444,715303163423936380711,17451194970051627000,48.019238131510924,44.30593979985575,3.7132983316551744,10,0.10416666666666667,0.17338709677419356,5.375,1.796875,3,0,2.7701612903225805,5,0.168616751181568,11.544022014958669,0.5051746810084801,394.28065259309847,0.05900537634408602,0.3314750194636342,0.0820975865493328
g_n32_e96_k2_high_26,g_n32_e96_k2_high_26_p0,train,32,96,96,2,2,high,0,804536485,734225845422951802432,734225845422951802432,48.045348346492,48.045348346492,0.0,0,0.0,0.1935483870967742,6.0,1.875,3,0,2.620967741935484,5,0.19205027701003466,10.92051122615722,0.26919692480710466,346.5225815478545,0.05403225806451613,0.31987394112521444,0.07962681718426681
g_n32_e96_k2_high_26,g_n32_e96_k2_high_26_p5,train,32,96,91,2,2,high,5,1304537985,734225845422951802432,127127703433132378332,48.045348346492,46.29172379397944,1.7536245525125551,5,0.052083333333333336,0.18346774193548387,5.6875,1.58984375,3,0,2.6713709677419355,5,0.18754224543085096,10.40801189117537,0.3444584746618329,362.0534539732974,0.055712365591397854,0.31841929323048873,0.07956580429535072
g_n32_e96_k2_high_26,g_n32_e96_k2_high_26_p10,train,32,96,86,2,2,high,10,1804539485,734225845422951802432,10580041455071726806,48.045348346492,43.805501018564044,4.239847327927954,10,0.10416666666666667,0.17338709677419356,5.375,2.171875,2,0,2.7076612903225805,5,0.18292278578448035,10.628534502747316,0.25473364073158056,391.0647140670581,0.05692204301075268,0.34995970815325655,0.08407354448266313
g_n32_e96_k2_high_27,g_n32_e96_k2_high_27_p0,validation,32,96,96,2,2,high,0,83156526,748546444941941678646,748546444941941678646,48.06466492651808,48.06466492651808,0.0,0,0.0,0.1935483870967742,6.0,1.75,3,0,2.685483870967742,5,0.18215487414817183,10.649895943629183,0.21878803273164849,354.3915320133422,0.05618279569892474,0.3018974548685924,0.08212715962374591
g_n32_e96_k2_high_27,g_n32_e96_k2_high_27_p5,validation,32,96,91,2,2,high,5,583158026,748546444941941678646,118961115155452145742,48.06466492651808,46.225328350206,1.8393365763120784,5,0.052083333333333336,0.18346774193548387,5.6875,1.65234375,3,0,2.7278225806451615,5,0.17558234624705163,10.577625900988584,0.21351623156360766,373.2542940171782,0.05759408602150538,0.32628409821958204,0.08439193164894984
g_n32_e96_k2_high_27,g_n32_e96_k2_high_27_p10,validation,32,96,86,2,2,high,10,1083159526,748546444941941678646,12846485146576370352,48.06466492651808,43.99960191836874,4.0650630081493375,10,0.10416666666666667,0.17338709677419356,5.375,1.796875,2,0,2.8004032258064515,6,0.17243648695096886,9.994868809226666,0.18388398109357063,397.27100964440916,0.06001344086021505,0.3061756408836498,0.08187740841193607
g_n32_e96_k2_high_28,g_n32_e96_k2_high_28_p0,test,32,96,96,2,2,high,0,3656743863,823702787080985265530,823702787080985265530,48.160341443446036,48.160341443446036,0.0,0,0.0,0.1935483870967742,6.0,2.0,4,0,2.598790322580645,5,0.18628961932635088,12.409582171246825,0.39070135889467217,348.54024757827665,0.05329301075268818,0.3756275504662602,0.08760813180559657
g_n32_e96_k2_high_28,g_n32_e96_k2_high_28_p5,test,32,96,91,2,2,high,5,4156745363,823702787080985265530,91491431433576075595,48.160341443446036,45.9627769962546,2.1975644471914393,5,0.052083333333333336,0.18346774193548387,5.6875,2.40234375,3,0,2.631048387096774,5,0.17608793051276353,12.366271896202385,0.5106700843857723,376.37417043647116,0.05436827956989247,0.4039223184574229,0.0934171680112968
g_n32_e96_k2_high_28,g_n32_e96_k2_high_28_p10,test,32,96,86,2,2,high,10,361779567,823702787080985265530,16345029133157604840,48.160341443446036,44.24045549645698,3.919885946989055,10,0.10416666666666667,0.17338709677419356,5.375,2.109375,3,0,2.661290322580645,5,0.18422641873948706,11.49824112854382,0.2766549219072054,379.7203926059201,0.0553763440860215,0.36472341875567676,0.08661439113768067
g_n32_e96_k2_high_29,g_n32_e96_k2_high_29_p0,validation,32,96,96,2,2,high,0,2935363904,836925943683860322312,836925943683860322312,48.17626726219291,48.17626726219291,0.0,0,0.0,0.1935483870967742,6.0,1.5,3,0,2.6774193548387095,5,0.1801042003256878,10.525713713148672,0.24042759853682227,354.7092845021825,0.05591397849462366,0.30637370395434915,0.0815831346085388
g_n32_e96_k2_high_29,g_n32_e96_k2_high_29_p5,validation,32,96,91,2,2,high,5,3435365404,836925943683860322312,130117039206261766961,48.17626726219291,46.31496602090664,1.8613012412862702,5,0.052083333333333336,0.18346774193548387,5.6875,1.46484375,3,0,2.752016129032258,5,0.17032656793580128,10.393815690887658,0.27245864143577947,377.25993643661093,0.0584005376344086,0.2988726745178358,0.08097533564902855
g_n32_e96_k2_high_29,g_n32_e96_k2_high_29_p10,validation,32,96,86,2,1,high,10,3935366904,836925943683860322312,11639512297114211136,48.17626726219291,43.90093721644498,4.275330045747928,10,0.10416666666666667,0.17338709677419356,5.375,1.109375,3,1,2.9798387096774195,5,0.08538437010254456,10.122194668606213,0.5271748626933661,575.9519333489203,0.06599462365591398,0.5283512544802867,0.12559428117056085
g_n32_e96_k3_low_00,g_n32_e96_k3_low_00_p0,train,32,96,96,3,3,low,0,2213983945,340170932666960217375,340170932666960217375,47.27597990830816,47.27597990830816,0.0,0,0.0,0.1935483870967742,6.0,4.5625,3,0,2.4193548387096775,5,0.2964245322785247,12.69950635055013,0.547787074851648,303.09743765689683,0.047311827956989246,0.2494605752670268,0.06920794132416516
g_n32_e96_k3_low_00,g_n32_e96_k3_low_00_p5,train,32,96,91,3,2,low,5,2713985445,340170932666960217375,39906619966315175472,47.27597990830816,45.13307389796918,2.142906010338976,5,0.052083333333333336,0.18346774193548387,5.6875,4.33984375,2,0,2.502016129032258,6,0.2884115384348984,11.800346830923402,0.5395788730162288,326.8074091253144,0.050067204301075266,0.21968888608989814,0.0675968436255385
g_n32_e96_k3_low_00,g_n32_e96_k3_low_00_p10,train,32,96,86,3,2,low,10,3213986945,340170932666960217375,6058650291086685848,47.27597990830816,43.248018724924194,4.027961183383965,10,0.10416666666666667,0.17338709677419356,5.375,4.296875,2,0,2.564516129032258,5,0.27144272658207136,11.871623589465644,0.7433827182170178,345.6170344902144,0.052150537634408606,0.26871853952499114,0.0741438131532086
g_n32_e96_k3_low_01,g_n32_e96_k3_low_01_p0,validation,32,96,96,3,3,low,0,1492603986,376641096961894520121,376641096961894520121,47.377824410454906,47.377824410454906,0.0,0,0.0,0.1935483870967742,6.0,4.1875,3,0,2.5221774193548385,5,0.2793079060720774,12.064089903447657,0.41557040405498924,307.3739576948384,0.050739247311827954,0.26021558505928816,0.06397091791908421
g_n32_e96_k3_low_01,g_n32_e96_k3_low_01_p5,validation,32,96,91,3,2,low,5,1992605486,376641096961894520121,41884050166397247592,47.377824410454906,45.18143676406341,2.196387646391493,5,0.052083333333333336,0.18346774193548387,5.6875,4.27734375,2,0,2.625,6,0.2639050496027435,11.86446552373614,0.32316123590451173,334.19822819103103,0.05416666666666667,0.28831237021464723,0.06660880745578945
g_n32_e96_k3_low_01,g_n32_e96_k3_low_01_p10,validation,32,96,86,3,2,low,10,2492606986,376641096961894520121,5030756666520548952,47.377824410454906,43.06210207741069,4.315722333044214,10,0.10416666666666667,0.17338709677419356,5.375,4.046875,2,0,2.6149193548387095,6,0.2714338974271905,11.821417368399683,0.5724429711320855,353.98755460433324,0.05383064516129032,0.24074268025880927,0.06444665795803438
g_n32_e96_k3_low_02,g_n32_e96_k3_low_02_p0,train,32,96,96,3,3,low,0,771224027,377209869302099702068,377209869302099702068,47.37933338894955,47.37933338894955,0.0,0,0.0,0.1935483870967742,6.0,4.1875,3,0,2.4495967741935485,5,0.2931804456691897,12.472316536727726,0.45461194094178836,303.37936624757396,0.048319892473118284,0.2588778291119603,0.06456881580271852
g_n32_e96_k3_low_02,g_n32_e96_k3_low_02_p5,train,32,96,91,3,3,low,5,1271225527,377209869302099702068,58075515369052137655,47.37933338894955,45.50827582670798,1.8710575622415675,5,0.052083333333333336,0.18346774193548387,5.6875,4.02734375,3,0,2.538306451612903,5,0.28004528503473874,12.403976956812024,0.4416356292577124,322.2297763727835,0.0512768817204301,0.31975479563408804,0.07090378627762435
g_n32_e96_k3_low_02,g_n32_e96_k3_low_02_p10,train,32,96,86,3,2,low,10,1771227027,377209869302099702068,8276557451619963664,47.37933338894955,43.55995878912248,3.8193745998270643,10,0.10416666666666667,0.17338709677419356,5.375,3.359375,2,0,2.5181451612903225,5,0.28688120348015655,11.576255685410509,0.5019495510061667,337.5959869153832,0.05060483870967742,0.28064275628791757,0.06796132162279801
g_n32_e96_k3_low_03,g_n32_e96_k3_low_03_p0,train,32,96,96,3,3,low,0,49844068,412590301509924223936,412590301509924223936,47.46898676846099,47.46898676846099,0.0,0,0.0,0.1935483870967742,6.0,3.875,3,0,2.495967741935484,5,0.27832115590159656,11.600934463032448,0.42086631634692573,306.8037706280674,0.04986559139784946,0.2460036952295017,0.0646250236272863
g_n32_e96_k3_low_03,g_n32_e96_k3_low_03_p5,train,32,96,91,3,2,low,5,549845568,412590301509924223936,50654772694127333008,47.46898676846099,45.37156512905501,2.0974216394059795,5,0.052083333333333336,0.18346774193548387,5.6875,3.27734375,3,0,2.810483870967742,6,0.1655175173074408,10.846812075257315,0.2817347055066257,395.0653843233871,0.0603494623655914,0.3007899831414263,0.08151815040720274
g_n32_e96_k3_low_03,g_n32_e96_k3_low_03_p10,train,32,96,86,3,3,low,10,1049847068,412590301509924223936,10657151368565393219,47.46898676846099,43.81276283070586,3.6562239377551293,10,0.10416666666666667,0.17338709677419356,5.375,3.359375,3,0,2.588709677419355,5,0.2687506575580962,11.397678601278399,0.30474453468234586,337.37526881879,0.052956989247311834,0.22317118962280252,0.06394477182079768
g_n32_e96_k3_low_04,g_n32_e96_k3_low_04_p0,test,32,96,96,3,3,low,0,3623431405,413556168847613269464,413556168847613269464,47.47132501673151,47.47132501673151,0.0,0,0.0,0.1935483870967742,6.0,4.125,3,0,2.471774193548387,5,0.27753371481737193,12.599954716886735,0.37895929745432433,306.6773679820998,0.04905913978494623,0.29685421121853756,0.07566416591940127
g_n32_e96_k3_low_04,g_n32_e96_k3_low_04_p5,test,32,96,91,3,2,low,5,4123432905,413556168847613269464,37286274685814270208,47.47132501673151,45.065156961934996,2.4061680547965167,5,0.052083333333333336,0.18346774193548387,5.6875,4.27734375,2,0,2.5625,5,0.19319363022237226,12.48730282421325,0.3534759936832943,374.82059214771624,0.05208333333333333,0.35398426947288436,0.08788417056957712
g_n32_e96_k3_low_04,g_n32_e96_k3_low_04_p10,test,32,96,86,3,2,low,10,328467109,413556168847613269464,7842963340454141522,47.47132501673151,43.50614841393853,3.9651766027929796,10,0.10416666666666667,0.17338709677419356,5.375,3.921875,2,0,2.5443548387096775,5,0.2718996744429403,11.752568464677978,0.48469222349011165,341.07163255360683,0.05147849462365591,0.279159490449813,0.07284465796839137
g_n32_e96_k3_low_05,g_n32_e96_k3_low_05_p0,test,32,96,96,3,3,low,0,2902051446,415556906661084979435,415556906661084979435,47.476151238283364,47.476151238283364,0.0,0,0.0,0.1935483870967742,6.0,3.8125,3,0,2.596774193548387,5,0.26221104845710475,11.780841748026472,0.27998377318972345,313.3149346152205,0.0532258064516129,0.276869956554167,0.06831778328458855
g_n32_e96_k3_low_05,g_n32_e96_k3_low_05_p5,test,32,96,91,3,2,low,5,3402052946,415556906661084979435,51168102636614424916,47.476151238283364,45.3816480164174,2.0945032218659634,5,0.052083333333333336,0.18346774193548387,5.6875,3.77734375,2,0,2.6653225806451615,5,0.24931065355669293,11.581484117544097,0.2827749176816461,337.6541872594761,0.055510752688172044,0.22937717578684316,0.06783658502515255
g_n32_e96_k3_low_05,g_n32_e96_k3_low_05_p10,test,32,96,86,3,2,low,10,3902054446,415556906661084979435,4303756399269634752,47.476151238283364,42.90601989646783,4.570131341815532,10,0.10416666666666667,0.17338709677419356,5.375,3.796875,2,0,2.780241935483871,5,0.17127380596245842,11.458398895452696,0.3504817317895679,416.0277734953105,0.05934139784946238,0.436008081799312,0.09960507625239169
g_n32_e96_k3_low_06,g_n32_e96_k3_low_06_p0,train,32,96,96,3,3,low,0,2180671487,433454480734380198810,433454480734380198810,47.51831846052716,47.51831846052716,0.0,0,0.0,0.1935483870967742,6.0,3.6875,3,0,2.586693548387097,5,0.2702592545303703,11.641718986533302,0.27769107060767695,308.98213685862413,0.052889784946236564,0.18925532485182534,0.058945892023819876
g_n32_e96_k3_low_06,g_n32_e96_k3_low_06_p5,train,32,96,91,3,2,low,5,2680672987,433454480734380198810,46213539252518829328,47.51831846052716,45.27980448646141,2.2385139740657536,5,0.052083333333333336,0.18346774193548387,5.6875,3.96484375,2,0,2.6108870967741935,5,0.2694357311380459,11.617759779813362,0.48818818789693186,331.4069347806682,0.05369623655913979,0.1961293041706263,0.059918602265780496
g_n32_e96_k3_low_06,g_n32_e96_k3_low_06_p10,train,32,96,86,3,2,low,10,3180674487,433454480734380198810,6930190853945244380,47.51831846052716,43.38241902696725,4.1358994335599135,10,0.10416666666666667,0.17338709677419356,5.375,3.421875,2,0,2.723790322580645,6,0.24810343249924666,10.667238332768612,0.27396617645308385,355.56795592534576,0.05745967741935484,0.19227308394467174,0.06162855692195695
g_n32_e96_k3_low_07,g_n32_e96_k3_low_07_p0,train,32,96,96,3,3,low,0,1459291528,435887267339731039200,435887267339731039200,47.52391532266176,47.52391532266176,0.0,0,0.0,0.1935483870967742,6.0,3.875,3,0,2.526209677419355,5,0.26654335056362594,11.849643324753309,0.3833706696228374,309.95641523061767,0.050873655913978494,0.28814603065077443,0.07097099189967879
g_n32_e96_k3_low_07,g_n32_e96_k3_low_07_p5,train,32,96,91,3,3,low,5,1959293028,435887267339731039200,60701499226128635568,47.52391532266176,45.55250007060101,1.9714152520607442,5,0.052083333333333336,0.18346774193548387,5.6875,3.96484375,3,0,2.564516129032258,5,0.2577126184456285,11.39729505052852,0.3280039779392636,328.3483461165361,0.052150537634408606,0.31221735359306513,0.0738132124124455
g_n32_e96_k3_low_07,g_n32_e96_k3_low_07_p10,train,32,96,86,3,3,low,10,2459294528,435887267339731039200,9732458304815572988,47.52391532266176,43.721998190267506,3.8019171323942516,10,0.10416666666666667,0.17338709677419356,5.375,3.546875,3,0,2.6350806451612905,5,0.24515020259873113,11.542167853623967,0.5043673159982784,347.9093030802844,0.05450268817204301,0.33197278826311083,0.07878416896174963
g_n32_e96_k3_low_08,g_n32_e96_k3_low_08_p0,validation,32,96,96,3,3,low,0,737911569,438362482170800828264,438362482170800828264,47.52957782687458,47.52957782687458,0.0,0,0.0,0.1935483870967742,6.0,3.375,3,0,2.5403225806451615,5,0.25054181899837863,11.990995492213848,0.35705430566830465,317.82132598500334,0.05134408602150538,0.3268017230835567,0.07885727769176756
g_n32_e96_k3_low_08,g_n32_e96_k3_low_08_p5,validation,32,96,91,3,3,low,5,1237913069,438362482170800828264,69031550110965693344,47.52957782687458,45.68109532196909,1.8484825049054905,5,0.052083333333333336,0.18346774193548387,5.6875,3.02734375,3,0,2.592741935483871,5,0.2453294565650291,11.223609542158513,0.3076496927804806,335.0644591672245,0.05309139784946236,0.32476118266440845,0.07899503637150958
g_n32_e96_k3_low_08,g_n32_e96_k3_low_08_p10,validation,32,96,86,3,2,low,10,1737914569,438362482170800828264,5264077504637746128,47.52957782687458,43.107437591332854,4.422140235541725,10,0.10416666666666667,0.17338709677419356,5.375,3.796875,2,0,2.622983870967742,5,0.23047217398963307,11.73744041503367,0.3586321025903061,368.6201030489206,0.054099462365591405,0.37944211702276215,0.08785943072857301
g_n32_e96_k3_low_09,g_n32_e96_k3_low_09_p0,train,32,96,96,3,3,low,0,16531610,438799828257340267023,438799828257340267023,47.53057501090216,47.53057501090216,0.0,0,0.0,0.1935483870967742,6.0,3.8125,3,0,2.5745967741935485,5,0.2685101295022802,13.15407528438006,0.522493162104956,310.14981083894213,0.05248655913978494,0.2523240546788934,0.06378265022062322
g_n32_e96_k3_low_09,g_n32_e96_k3_low_09_p5,train,32,96,91,3,2,low,5,516533110,438799828257340267023,48395725071059550322,47.53057501090216,45.32594315873642,2.2046318521657398,5,0.052083333333333336,0.18346774193548387,5.6875,4.02734375,2,0,2.6028225806451615,5,0.2641569979939805,13.153060800187488,0.5532543628157303,332.9026143172547,0.053427419354838704,0.26879717534556236,0.0657175106879981
g_n32_e96_k3_low_09,g_n32_e96_k3_low_09_p10,train,32,96,86,3,2,low,10,1016534610,438799828257340267023,8304522874919560141,47.53057501090216,43.563331964966935,3.967243045935227,10,0.10416666666666667,0.17338709677419356,5.375,3.734375,2,0,2.659274193548387,5,0.2581201602035778,13.120208950020494,0.8864406518852723,346.82009910400757,0.055309139784946226,0.2183071498394079,0.06414438441168158
g_n32_e96_k3_mid_10,g_n32_e96_k3_mid_10_p0,train,32,96,96,3,3,mid,0,3590118947,671117300741416422172,671117300741416422172,47.955475610402,47.955475610402,0.0,0,0.0,0.1935483870967742,6.0,2.8125,3,0,2.473790322580645,5,0.2859722728605986,11.846051494042799,0.4381434685043981,298.4339883630386,0.049126344086021505,0.2650998757099739,0.06623918482275037
g_n32_e96_k3_mid_10,g_n32_e96_k3_mid_10_p5,train,32,96,91,3,2,mid,5,4090120447,671117300741416422172,91038084555232558893,47.955475610402,45.957809604454084,1.997666005947913,5,0.052083333333333336,0.18346774193548387,5.6875,2.77734375,2,0,2.5403225806451615,5,0.2725536329732922,11.726539722872495,0.3939283874954729,320.61316678479744,0.051344086021505364,0.3122015175070203,0.07246329392428336
g_n32_e96_k3_mid_10,g_n32_e96_k3_mid_10_p10,train,32,96,86,3,2,mid,10,295154651,671117300741416422172,11757499429374627088,47.955475610402,43.911022960197,4.044452650204995,10,0.10416666666666667,0.17338709677419356,5.375,2.609375,2,0,2.5846774193548385,6,0.27096783201480706,10.846964355329124,0.34461449524422605,338.4098107929083,0.052822580645161286,0.2713009706905895,0.0677845288664049
g_n32_e96_k3_mid_11,g_n32_e96_k3_mid_11_p0,validation,32,96,96,3,3,mid,0,2868738988,676378521181530049089,676378521181530049089,47.963284535802664,47.963284535802664,0.0,0,0.0,0.1935483870967742,6.0,3.375,3,0,2.4173387096774195,5,0.29826333139240363,12.462536424802696,0.5311433540398802,292.1710263020971,0.047244623655913975,0.2328357484809098,0.0623634864726096
g_n32_e96_k3_mid_11,g_n32_e96_k3_mid_11_p5,validation,32,96,91,3,3,mid,5,3368740488,676378521181530049089,82855613638847055652,47.963284535802664,45.86363117212478,2.099653363677888,5,0.052083333333333336,0.18346774193548387,5.6875,3.71484375,3,0,2.4556451612903225,5,0.2942718973470709,12.404887984092515,0.5107997579143762,310.53887511562425,0.04852150537634409,0.2295570319763868,0.06283849343465643
g_n32_e96_k3_mid_11,g_n32_e96_k3_mid_11_p10,validation,32,96,86,3,3,mid,10,3868741988,676378521181530049089,17094673026624081357,47.963284535802664,44.28529856995847,3.6779859658441936,10,0.10416666666666667,0.17338709677419356,5.375,2.484375,3,0,2.526209677419355,5,0.2844908371722034,10.745440310699125,0.4467769728956892,325.1291193221258,0.05087365591397849,0.23621371460081136,0.06416280052638708
g_n32_e96_k3_mid_12,g_n32_e96_k3_mid_12_p0,train,32,96,96,3,3,mid,0,2147359029,682680633979856880198,682680633979856880198,47.97255883110624,47.97255883110624,0.0,0,0.0,0.1935483870967742,6.0,3.0625,3,0,2.4596774193548385,5,0.29235520211024535,12.181461624971378,0.491257333168301,295.03243398677864,0.04865591397849463,0.2543850700641872,0.06542822009132383
g_n32_e96_k3_mid_12,g_n32_e96_k3_mid_12_p5,train,32,96,91,3,3,mid,5,2647360529,682680633979856880198,104097602404912113032,47.97255883110624,46.09186061759541,1.8806982135108328,5,0.052083333333333336,0.18346774193548387,5.6875,3.08984375,3,0,2.495967741935484,5,0.2873848198831607,12.095878498923485,0.5361181665196728,310.2988050047224,0.04986559139784946,0.27277874932713636,0.06732813293435315
g_n32_e96_k3_mid_12,g_n32_e96_k3_mid_12_p10,train,32,96,86,3,2,mid,10,3147362029,682680633979856880198,8641722562688059537,47.97255883110624,43.60313360751858,4.369425223587662,10,0.10416666666666667,0.17338709677419356,5.375,3.109375,2,0,2.558467741935484,5,0.2800633544908498,11.855814472134332,0.5734267518244778,341.41337240805865,0.0519489247311828,0.27958678664849773,0.06879502652917961
g_n32_e96_k3_mid_13,g_n32_e96_k3_mid_13_p0,train,32,96,96,3,3,mid,0,1425979070,684115151949945904210,684115151949945904210,47.97465792814998,47.97465792814998,0.0,0,0.0,0.1935483870967742,6.0,3.0,3,0,2.409274193548387,4,0.2961808820772468,12.045476481063455,0.5113247649939705,293.9912322658933,0.04697580645161291,0.27530271998013933,0.06771618289043332
g_n32_e96_k3_mid_13,g_n32_e96_k3_mid_13_p5,train,32,96,91,3,3,mid,5,1925980570,684115151949945904210,107810318874234434344,47.97465792814998,46.12690505018212,1.8477528779678636,5,0.052083333333333336,0.18346774193548387,5.6875,2.90234375,3,0,2.465725806451613,5,0.29025030508694,11.896423205965206,0.4231520668079689,309.3846057773632,0.04885752688172043,0.27831071855265394,0.06754866207226293
g_n32_e96_k3_mid_13,g_n32_e96_k3_mid_13_p10,train,32,96,86,3,3,mid,10,2425982070,684115151949945904210,13189021666340341148,47.97465792814998,44.02591646549361,3.948741462656372,10,0.10416666666666667,0.17338709677419356,5.375,2.796875,3,0,2.5504032258064515,5,0.2762670367011032,11.761463171588137,0.4553564096790872,332.7446348308234,0.051680107526881715,0.3280553326794221,0.07368551875929034
g_n32_e96_k3_mid_14,g_n32_e96_k3_mid_14_p0,train,32,96,96,3,3,mid,0,704599111,685098627209180568486,685098627209180568486,47.976094483118004,47.976094483118004,0.0,0,0.0,0.1935483870967742,6.0,2.625,3,0,2.5766129032258065,5,0.26930607356434,11.728587536012768,0.2586600415888478,304.47244965118045,0.05255376344086022,0.2598981958374748,0.06403685361094641
g_n32_e96_k3_mid_14,g_n32_e96_k3_mid_14_p5,train,32,96,91,3,3,mid,5,1204600611,685098627209180568486,109691822100576099096,47.976094483118004,46.144206490542636,1.8318879925753677,5,0.052083333333333336,0.18346774193548387,5.6875,2.40234375,3,0,2.631048387096774,5,0.2627473460136419,10.840450443950786,0.33604351573918656,320.29499515625474,0.05436827956989248,0.25577602487469653,0.06341977913101567
g_n32_e96_k3_mid_14,g_n32_e96_k3_mid_14_p10,train,32,96,86,3,3,mid,10,1704602111,685098627209180568486,16130056464769983570,47.976094483118004,44.227216066629516,3.7488784164884876,10,0.10416666666666667,0.17338709677419356,5.375,2.046875,3,0,2.6693548387096775,5,0.25275886168576905,10.196613163315233,0.26056877853922344,340.19725967243784,0.05564516129032257,0.24935545040383744,0.0669877002851393
g_n32_e96_k3_mid_15,g_n32_e96_k3_mid_15_p0,test,32,96,96,3,3,mid,0,4278186448,687916319121634649497,687916319121634649497,47.980198875245065,47.980198875245065,0.0,0,0.0,0.1935483870967742,6.0,2.625,3,0,2.558467741935484,6,0.2773153492505558,11.465811487666075,0.34859720418329765,301.5040614933446,0.051948924731182795,0.21836322527449067,0.06212113776338743
g_n32_e96_k3_mid_15,g_n32_e96_k3_mid_15_p5,test,32,96,91,3,2,mid,5,483220652,687916319121634649497,108924265612237571562,47.980198875245065,46.1371845037321,1.8430143715129645,5,0.052083333333333336,0.18346774193548387,5.6875,2.21484375,2,0,2.6149193548387095,6,0.2753354644028501,10.502160282289163,0.3292468903230503,317.4650368989986,0.05383064516129032,0.20604157361922268,0.058134999339226646
g_n32_e96_k3_mid_15,g_n32_e96_k3_mid_15_p10,test,32,96,86,3,2,mid,10,983222152,687916319121634649497,7904657394845273217,47.980198875245065,43.51398380330451,4.466215071940553,10,0.10416666666666667,0.17338709677419356,5.375,2.859375,2,0,2.6794354838709675,6,0.26649760780722576,10.26870630796659,0.48272921953348735,349.491586711818,0.05598118279569892,0.22495546410157408,0.061432882604372345
g_n32_e96_k3_mid_16,g_n32_e96_k3_mid_16_p0,test,32,96,96,3,3,mid,0,3556806489,694401670634266052056,694401670634266052056,47.989582243103385,47.989582243103385,0.0,0,0.0,0.1935483870967742,6.0,3.125,3,0,2.439516129032258,5,0.28467744595346345,12.430122846599973,0.3949500623506266,297.1070432804904,0.04798387096774194,0.27330393023941413,0.0679338291949314
g_n32_e96_k3_mid_16,g_n32_e96_k3_mid_16_p5,test,32,96,91,3,3,mid,5,4056807989,694401670634266052056,118915215293002979170,47.989582243103385,46.22494243654294,1.7646398065604458,5,0.052083333333333336,0.18346774193548387,5.6875,2.40234375,3,0,2.5080645161290325,5,0.2712820182211968,10.810913307530948,0.6796662546801446,315.82659344100665,0.05026881720430107,0.25209491681977453,0.06819481413914398
g_n32_e96_k3_mid_16,g_n32_e96_k3_mid_16_p10,test,32,96,86,3,2,mid,10,261842193,694401670634266052056,6071399142221911386,47.989582243103385,43.25012075359268,4.739461489510703,10,0.10416666666666667,0.17338709677419356,5.375,3.359375,2,0,2.747983870967742,5,0.17046120974003504,10.649802080684605,0.28921374925734256,408.77816113148725,0.05826612903225807,0.35420130645937103,0.08646644437031709
g_n32_e96_k3_mid_17,g_n32_e96_k3_mid_17_p0,train,32,96,96,3,3,mid,0,2835426530,694625738266056661785,694625738266056661785,47.98990486831913,47.98990486831913,0.0,0,0.0,0.1935483870967742,6.0,2.9375,3,0,2.4556451612903225,5,0.28878810802278726,11.620418408142882,0.465530957886795,296.00307037953837,0.04852150537634409,0.251694828469022,0.06462818651692127
g_n32_e96_k3_mid_17,g_n32_e96_k3_mid_17_p5,train,32,96,91,3,3,mid,5,3335428030,694625738266056661785,96441565852395005784,47.98990486831913,46.01546896361893,1.9744359047002007,5,0.052083333333333336,0.18346774193548387,5.6875,3.02734375,3,0,2.5181451612903225,5,0.2786268479809894,11.452975318913012,0.7144936256476466,314.7703475110052,0.05060483870967743,0.24334751270235136,0.06299197015389069
g_n32_e96_k3_mid_17,g_n32_e96_k3_mid_17_p10,train,32,96,86,3,3,mid,10,3835429530,694625738266056661785,19945610076049449141,47.98990486831913,44.43954074670164,3.5503641216174913,10,0.10416666666666667,0.17338709677419356,5.375,2.296875,3,0,2.558467741935484,5,0.2660962525533288,10.941532445297451,0.5841253980275471,328.2332112908057,0.05194892473118279,0.3224457610330974,0.07341103376514979
g_n32_e96_k3_mid_18,g_n32_e96_k3_mid_18_p0,train,32,96,96,3,3,mid,0,2114046571,698476071224538487868,698476071224538487868,47.99543259462944,47.99543259462944,0.0,0,0.0,0.1935483870967742,6.0,2.6875,3,0,2.5100806451612905,5,0.27655693106953466,11.778676658702004,0.612481416367106,301.354809891276,0.05033602150537634,0.2508512932706481,0.06775750427285812
g_n32_e96_k3_mid_18,g_n32_e96_k3_mid_18_p5,train,32,96,91,3,2,mid,5,2614048071,698476071224538487868,81899514219406033485,47.99543259462944,45.85202473334727,2.1434078612821708,5,0.052083333333333336,0.18346774193548387,5.6875,2.15234375,3,0,2.719758064516129,5,0.18070976332166494,10.851104430612592,0.4074666281649124,375.78674221154097,0.05732526881720431,0.33297004796179785,0.08402613306047714
g_n32_e96_k3_mid_18,g_n32_e96_k3_mid_18_p10,train,32,96,86,3,3,mid,10,3114049571,698476071224538487868,11857107980333010001,47.99543259462944,43.919459191212084,4.075973403417358,10,0.10416666666666667,0.17338709677419356,5.375,2.984375,3,0,2.631048387096774,5,0.2589118033858887,11.530482120243736,0.6941039055964744,341.033633372552,0.05436827956989248,0.2531739381052882,0.07007882703918765
g_n32_e96_k3_mid_19,g_n32_e96_k3_mid_19_p0,validation,32,96,96,3,3,mid,0,1392666612,698636892202871047404,698636892202871047404,47.99566281363571,47.99566281363571,0.0,0,0.0,0.1935483870967742,6.0,2.875,3,0,2.4879032258064515,5,0.27100892282803324,12.465534037774992,0.6190132286448513,302.5477933171047,0.04959677419354839,0.3039777725261597,0.07398534937815357
g_n32_e96_k3_mid_19,g_n32_e96_k3_mid_19_p5,validation,32,96,91,3,2,mid,5,1892668112,698636892202871047404,87131341688504237334,47.99566281363571,45.91394832871486,2.0817144849208518,5,0.052083333333333336,0.18346774193548387,5.6875,2.83984375,2,0,2.536290322580645,5,0.25019008117578073,11.672010835881437,0.4737574539916878,329.89773349154154,0.051209677419354845,0.3072237499656854,0.07570712178157335
g_n32_e96_k3_mid_19,g_n32_e96_k3_mid_19_p10,validation,32,96,86,3,2,mid,10,2392669612,698636892202871047404,9575543587623661999,47.99566281363571,43.705743978901474,4.289918834734237,10,0.10416666666666667,0.17338709677419356,5.375,3.359375,2,0,2.6149193548387095,5,0.24296593270081346,12.351663173044962,1.1788182343855276,351.63350497338547,0.053830645161290325,0.29839654968687224,0.07691894603578321
g_n32_e96_k3_high_20,g_n32_e96_k3_high_20_p0,validation,32,96,96,3,3,high,0,671286653,1049014736650803916825,1049014736650803916825,48.40213833047529,48.40213833047529,0.0,0,0.0,0.1935483870967742,6.0,1.75,3,0,2.4858870967741935,5,0.28616870632128455,10.519336350601801,0.3751434644007947,292.3828898676184,0.04952956989247312,0.19684067047117498,0.057484133024619494
g_n32_e96_k3_high_20,g_n32_e96_k3_high_20_p5,validation,32,96,91,3,3,high,5,1171288153,1049014736650803916825,159917333996690001063,48.40213833047529,46.52118869308989,1.8809496373853989,5,0.052083333333333336,0.18346774193548387,5.6875,1.71484375,3,0,2.5120967741935485,5,0.28415019720476775,10.131926127428144,0.4204892924184733,307.296969999364,0.05040322580645161,0.2023627089756123,0.058064524288612175
g_n32_e96_k3_high_20,g_n32_e96_k3_high_20_p10,validation,32,96,86,3,2,high,10,1671289653,1049014736650803916825,10690165861505458952,48.40213833047529,43.815855914385224,4.586282416090064,10,0.10416666666666667,0.17338709677419356,5.375,2.109375,2,0,2.743951612903226,6,0.18031676199377575,10.200106192471655,0.3017048043074899,394.2529329685228,0.058131720430107524,0.28443925145063664,0.08039233721284185
g_n32_e96_k3_high_21,g_n32_e96_k3_high_21_p0,train,32,96,96,3,3,high,0,4244873990,1065250835127278152533,1065250835127278152533,48.417497250245574,48.417497250245574,0.0,0,0.0,0.1935483870967742,6.0,1.75,4,0,2.6088709677419355,5,0.25559434383007973,11.021025628826859,0.3289505726911681,303.5695541352251,0.053629032258064514,0.27501423644877154,0.06753523178443821
g_n32_e96_k3_high_21,g_n32_e96_k3_high_21_p5,train,32,96,91,3,3,high,5,449908194,1065250835127278152533,184555344767212295868,48.417497250245574,46.66448106402891,1.7530161862166622,5,0.052083333333333336,0.18346774193548387,5.6875,1.52734375,4,0,2.6330645161290325,5,0.2525142337668742,10.809136839765813,0.3254273511518466,316.9570056927022,0.054435483870967735,0.282258278836119,0.06916325935695702
g_n32_e96_k3_high_21,g_n32_e96_k3_high_21_p10,train,32,96,86,3,2,high,10,949909694,1065250835127278152533,11819310369346453179,48.417497250245574,43.91626633978174,4.501230910463832,10,0.10416666666666667,0.17338709677419356,5.375,1.921875,2,0,2.911290322580645,6,0.15457062364622662,10.500132268899431,0.3301433526393929,417.80854623745097,0.06370967741935485,0.39340234835785454,0.09155735156906228
g_n32_e96_k3_high_22,g_n32_e96_k3_high_22_p0,train,32,96,96,3,3,high,0,3523494031,1072806732077893801962,1072806732077893801962,48.424565281080994,48.424565281080994,0.0,0,0.0,0.1935483870967742,6.0,1.9375,3,0,2.433467741935484,5,0.29584676606706817,10.737656652528086,0.44854801955398926,288.38341561115755,0.04778225806451613,0.18888391712670158,0.06116093994870937
g_n32_e96_k3_high_22,g_n32_e96_k3_high_22_p5,train,32,96,91,3,3,high,5,4023495531,1072806732077893801962,202364826756431453947,48.424565281080994,46.75660381535682,1.6679614657241757,5,0.052083333333333336,0.18346774193548387,5.6875,1.58984375,3,0,2.4899193548387095,5,0.289328969074226,10.384660819405916,0.5576168292500672,300.9545344577898,0.04966397849462366,0.19612469967308677,0.060710227038497086
g_n32_e96_k3_high_22,g_n32_e96_k3_high_22_p10,train,32,96,86,3,3,high,10,228529735,1072806732077893801962,24364154132681844632,48.424565281080994,44.63964463309405,3.7849206479869437,10,0.10416666666666667,0.17338709677419356,5.375,1.859375,3,0,2.5080645161290325,5,0.28414683574985844,10.512004816054516,0.8155711375812409,319.8037619740788,0.050268817204301076,0.19661825629567564,0.06220392224088184
g_n32_e96_k3_high_23,g_n32_e96_k3_high_23_p0,test,32,96,96,3,3,high,0,2802114072,1151527019279848126420,1151527019279848126420,48.49537585729847,48.49537585729847,0.0,0,0.0,0.1935483870967742,6.0,1.625,3,0,2.5161290322580645,5,0.2784726933165453,10.6856673314802,0.33506156268775733,293.74382643883354,0.05053763440860215,0.20732961781348885,0.05852688000269443
g_n32_e96_k3_high_23,g_n32_e96_k3_high_23_p5,test,32,96,91,3,2,high,5,3302115572,1151527019279848126420,94718509134389516113,48.49537585729847,45.9974411051917,2.4979347521067723,5,0.052083333333333336,0.18346774193548387,5.6875,2.02734375,3,0,2.6733870967741935,5,0.18029960081485907,10.60203372876466,0.41076123600117675,372.98720173197586,0.055779569892473124,0.2695424836601307,0.07983544696325294
g_n32_e96_k3_high_23,g_n32_e96_k3_high_23_p10,test,32,96,86,3,3,high,10,3802117072,1151527019279848126420,25075783309532099283,48.49537585729847,44.66843424591819,3.8269416113802777,10,0.10416666666666667,0.17338709677419356,5.375,1.546875,3,0,2.6068548387096775,5,0.26533940026466774,10.465866303739935,0.3641178776624514,327.4982321005655,0.053561827956989244,0.2189349718381976,0.0592319548831223
g_n32_e96_k3_high_24,g_n32_e96_k3_high_24_p0,validation,32,96,96,3,3,high,0,2080734113,1157997245871034921857,1157997245871034921857,48.500978953673226,48.500978953673226,0.0,0,0.0,0.1935483870967742,6.0,1.6875,3,0,2.5080645161290325,5,0.28403260224454824,10.773421514929131,0.4883936802373583,291.510284819486,0.05026881720430107,0.22518228485970423,0.05831159841523496
g_n32_e96_k3_high_24,g_n32_e96_k3_high_24_p5,validation,32,96,91,3,3,high,5,2580735613,1157997245871034921857,173595354063575713935,48.500978953673226,46.603258713454366,1.8977202402188595,5,0.052083333333333336,0.18346774193548387,5.6875,1.71484375,3,0,2.588709677419355,5,0.27104844461964983,10.440390463134106,0.30949815230881583,310.0871265867447,0.05295698924731183,0.21937486541850862,0.05783430489947605
g_n32_e96_k3_high_24,g_n32_e96_k3_high_24_p10,validation,32,96,86,3,2,high,10,3080737113,1157997245871034921857,12870206721561763428,48.500978953673226,44.00144675765327,4.499532196019956,10,0.10416666666666667,0.17338709677419356,5.375,2.359375,2,0,2.655241935483871,5,0.24927748194080346,10.419897197864314,0.28611047007367496,346.34000974045296,0.05517473118279569,0.26263076230818166,0.06746677262591384
g_n32_e96_k3_high_25,g_n32_e96_k3_high_25_p0,train,32,96,96,3,3,high,0,1359354154,1167910795420311494565,1167910795420311494565,48.50950346058039,48.50950346058039,0.0,0,0.0,0.1935483870967742,6.0,1.625,3,0,2.4838709677419355,5,0.28806474951366,10.511994361416397,0.37514591438917044,290.1579816452659,0.04946236559139785,0.19500133677553028,0.05751730951237201
g_n32_e96_k3_high_25,g_n32_e96_k3_high_25_p5,train,32,96,91,3,3,high,5,1859355654,1167910795420311494565,181556721672047389080,48.50950346058039,46.64809979487418,1.861403665706213,5,0.052083333333333336,0.18346774193548387,5.6875,1.71484375,3,0,2.5,5,0.2873711993786131,10.328537092290418,0.38032580253847215,303.5659239932871,0.049999999999999996,0.19757217692701565,0.058686812305845784
g_n32_e96_k3_high_25,g_n32_e96_k3_high_25_p10,train,32,96,86,3,2,high,10,2359357154,1167910795420311494565,14303609081425595418,48.50950346058039,44.107043562631844,4.402459897948546,10,0.10416666666666667,0.17338709677419356,5.375,2.046875,2,0,2.5544354838709675,5,0.2838709284472539,10.103350660852902,0.5743182299547147,333.8099731172521,0.05181451612903226,0.2079084475858669,0.060558962033981784
g_n32_e96_k3_high_26,g_n32_e96_k3_high_26_p0,test,32,96,96,3,3,high,0,637974195,1212585722501570715417,1212585722501570715417,48.547041993175775,48.547041993175775,0.0,0,0.0,0.1935483870967742,6.0,1.875,3,0,2.524193548387097,5,0.27710960278475893,11.636817770875927,0.4502945775388758,292.19687546102256,0.05080645161290323,0.21505915270223286,0.06039305442644781
g_n32_e96_k3_high_26,g_n32_e96_k3_high_26_p5,test,32,96,91,3,2,high,5,1137975695,1212585722501570715417,146769719903974251729,48.547041993175775,46.43539650111303,2.111645492062742,5,0.052083333333333336,0.18346774193548387,5.6875,1.58984375,3,0,2.6754032258064515,5,0.18175116413431952,11.12500384573323,0.3898534206720523,363.8821831302615,0.05584677419354839,0.3362832866058673,0.08290913703787335
g_n32_e96_k3_high_26,g_n32_e96_k3_high_26_p10,test,32,96,86,3,2,high,10,1637977195,1212585722501570715417,17598400725749452773,48.547041993175775,44.31433970395305,4.232702289222722,10,0.10416666666666667,0.17338709677419356,5.375,1.921875,2,0,2.6471774193548385,5,0.2532244070294031,10.702361620015068,0.4045353941155714,339.6874479354617,0.05490591397849462,0.21850472579674615,0.06182194841164742
g_n32_e96_k3_high_27,g_n32_e96_k3_high_27_p0,train,32,96,96,3,3,high,0,4211561532,1252390413685001545296,1252390413685001545296,48.57934100896014,48.57934100896014,0.0,0,0.0,0.1935483870967742,6.0,1.625,4,0,2.5141129032258065,5,0.2716284312588975,10.883825775398364,0.3785978182384415,294.24053183388224,0.05047043010752687,0.22213614342646593,0.062465805342628467
g_n32_e96_k3_high_27,g_n32_e96_k3_high_27_p5,train,32,96,91,3,3,high,5,416595736,1252390413685001545296,172336748440464623285,48.57934100896014,46.595982076406024,1.9833589325541183,5,0.052083333333333336,0.18346774193548387,5.6875,1.65234375,3,0,2.5625,5,0.2683453732539758,10.633005092371636,0.6441668033781838,311.3778232664284,0.052083333333333336,0.23351832158283775,0.06287263027386543
g_n32_e96_k3_high_27,g_n32_e96_k3_high_27_p10,train,32,96,86,3,3,high,10,916597236,1252390413685001545296,23248721660556961576,48.57934100896014,44.592781822072965,3.9865591868871775,10,0.10416666666666667,0.17338709677419356,5.375,1.859375,3,0,2.600806451612903,5,0.2614786827390687,10.167511993168194,0.38882011353721957,328.482829934421,0.05336021505376344,0.23302708955510307,0.06414537317259125
g_n32_e96_k3_high_28,g_n32_e96_k3_high_28_p0,train,32,96,96,3,3,high,0,3490181573,1322509690152092983235,1322509690152092983235,48.63381816474558,48.63381816474558,0.0,0,0.0,0.1935483870967742,6.0,1.6875,4,0,2.471774193548387,5,0.2905531036447613,10.989019429584866,0.43192325634018935,286.6165775507535,0.049059139784946235,0.1886583003755679,0.057065007050347935
g_n32_e96_k3_high_28,g_n32_e96_k3_high_28_p5,train,32,96,91,3,3,high,5,3990183073,1322509690152092983235,199726569883671506069,48.63381816474558,46.7434809544562,1.890337210289374,5,0.052083333333333336,0.18346774193548387,5.6875,1.65234375,4,0,2.524193548387097,5,0.27988578091591987,10.830297751907336,0.5022531498426837,304.14493119457416,0.050806451612903224,0.20856401066078487,0.06055380227106609
g_n32_e96_k3_high_28,g_n32_e96_k3_high_28_p10,train,32,96,86,3,3,high,10,195217277,1322509690152092983235,23745655184492173088,48.63381816474558,44.61393124803765,4.019886916707925,10,0.10416666666666667,0.17338709677419356,5.375,1.796875,3,0,2.625,5,0.26183675488749225,10.441467822953202,0.2975843150838262,328.70369489563257,0.05416666666666667,0.268771580868355,0.06465679775412582
g_n32_e96_k3_high_29,g_n32_e96_k3_high_29_p0,train,32,96,96,3,3,high,0,2768801614,1335018750651343863492,1335018750651343863492,48.643232290060254,48.643232290060254,0.0,0,0.0,0.1935483870967742,6.0,1.4375,3,0,2.471774193548387,5,0.2864251824452359,10.709869130808586,0.3520748481487441,288.42651894711736,0.049059139784946235,0.2066604838203716,0.05689372445182281
g_n32_e96_k3_high_29,g_n32_e96_k3_high_29_p5,train,32,96,91,3,3,high,5,3268803114,1335018750651343863492,205569751818412780524,48.643232290060254,46.77231707514463,1.8709152149156267,5,0.052083333333333336,0.18346774193548387,5.6875,1.52734375,3,0,2.506048387096774,5,0.2820175437268274,10.532350544441304,0.6212585121923642,303.0598068347183,0.050201612903225806,0.21216845878136203,0.058468895789917257
g_n32_e96_k3_high_29,g_n32_e96_k3_high_29_p10,train,32,96,86,3,3,high,10,3768804614,1335018750651343863492,27377641999292798102,48.643232290060254,44.75625836876225,3.886973921298001,10,0.10416666666666667,0.17338709677419356,5.375,1.421875,3,0,2.594758064516129,5,0.27171199421313846,10.389497220782262,0.8627778634137098,323.43960746387467,0.05315860215053763,0.21695058824091076,0.05743516341669452
g_n40_e80_k2_low_00,g_n40_e80_k2_low_00_p0,test,40,80,80,2,2,low,0,2047421655,242539571966753412,242539571966753412,40.02994127534332,40.02994127534332,0.0,0,0.0,0.10256410256410256,4.0,3.35,2,0,3.3192307692307694,7,0.11815113472262757,11.263797559269694,0.5191791496585161,950.3063714611387,0.06103238866396762,0.44254851873272927,0.09812956738103641
g_n40_e80_k2_low_00,g_n40_e80_k2_low_00_p4,test,40,80,76,2,2,low,4,2547423155,242539571966753412,24706915454801016,40.02994127534332,37.74585957728528,2.2840816980580385,4,0.05,0.09743589743589744,3.8,2.91,2,0,3.396153846153846,8,0.1158732595200388,9.716334738537743,0.48039183902055616,1002.4661288151462,0.0630566801619433,0.46218891694600195,0.09999742092745464
g_n40_e80_k2_low_00,g_n40_e80_k2_low_00_p8,test,40,80,72,2,1,low,8,3047424655,242539571966753412,1027756891588992,40.02994127534332,34.56615504719512,5.4637862281482015,8,0.1,0.09230769230769231,3.6,2.8400000000000007,1,4,3.5615384615384613,9,0.107133869756544,11.22666448840203,0.40668077354661936,1140.7001046538535,0.06740890688259109,0.39788559393822553,0.09433494972473931
g_n40_e80_k2_low_01,g_n40_e80_k2_low_01_p0,train,40,80,80,2,2,low,0,1326041696,296055263785074012,296055263785074012,40.2293225337847,40.2293225337847,0.0,0,0.0,0.10256410256410256,4.0,2.95,2,0,3.4076923076923076,7,0.11595931239085916,9.799915038060078,0.21462398820202555,945.9070240118587,0.06336032388663967,0.2786487878593142,0.0806710238587227
g_n40_e80_k2_low_01,g_n40_e80_k2_low_01_p4,train,40,80,76,2,1,low,4,1826043196,296055263785074012,8592106758972233,40.2293225337847,36.68962035799248,3.539702175792222,4,0.05,0.09743589743589744,3.8,3.2600000000000002,1,2,3.4846153846153847,8,0.11322302737366656,9.78218988340982,0.24056705560943037,1070.9551422042457,0.06538461538461539,0.30503424450792876,0.08505064274018484
g_n40_e80_k2_low_01,g_n40_e80_k2_low_01_p8,train,40,80,72,2,1,low,8,2326044696,296055263785074012,722606089747200,40.2293225337847,34.213885362155985,6.015437171628719,8,0.1,0.09230769230769231,3.6,2.89,1,2,3.8153846153846156,9,0.0594997096014446,9.303601344769543,0.15776912382135588,1387.9242643890072,0.0740890688259109,0.5363826232247284,0.12125104617671476
g_n40_e80_k2_low_02,g_n40_e80_k2_low_02_p0,validation,40,80,80,2,2,low,0,604661737,421866623031772827,421866623031772827,40.58346559982306,40.58346559982306,0.0,0,0.0,0.10256410256410256,4.0,2.85,2,0,3.15,6,0.12815289680203074,10.72051154152993,0.3295673977257687,916.7877421814359,0.05657894736842105,0.454164548901391,0.09898732583002129
g_n40_e80_k2_low_02,g_n40_e80_k2_low_02_p4,validation,40,80,76,2,2,low,4,1104663237,421866623031772827,39137199551322048,40.58346559982306,38.20584980478694,2.377615795036114,4,0.05,0.09743589743589744,3.8,2.6100000000000003,2,0,3.2115384615384617,6,0.1268655243191864,10.70759378318828,0.38887516483942797,972.2775147808443,0.058198380566801614,0.47108476319002623,0.10463199341631756
g_n40_e80_k2_low_03,g_n40_e80_k2_low_03_p0,train,40,80,80,2,2,low,0,4178249074,443681493686681017,443681493686681017,40.63388334335804,40.63388334335804,0.0,0,0.0,0.10256410256410256,4.0,2.7,2,0,3.6166666666666667,8,0.10250472950762725,10.376787034720081,0.21610126977374033,975.4323479029383,0.06885964912280702,0.27281771526923887,0.08109565270410252
g_n40_e80_k2_low_03,g_n40_e80_k2_low_03_p4,train,40,80,76,2,1,low,4,383283278,443681493686681017,15027730592160816,40.63388334335804,37.24867359540295,3.385209747955095,4,0.05,0.09743589743589744,3.8,2.86,1,1,3.7012820512820515,8,0.09915162468331823,9.686280121165808,0.23215031116117757,1085.659490968694,0.07108636977058029,0.2990857096120254,0.08602916056946104
g_n40_e80_k2_low_04,g_n40_e80_k2_low_04_p0,train,40,80,80,2,2,low,0,3456869115,452019648985925400,452019648985925400,40.65250204500587,40.65250204500587,0.0,0,0.0,0.10256410256410256,4.0,2.95,2,0,3.3205128205128207,7,0.11790060247657834,9.986941186250572,0.8692495471502717,924.3770430695549,0.06106612685560053,0.3121726489135396,0.08399758802182133
g_n40_e80_k2_low_04,g_n40_e80_k2_low_04_p4,train,40,80,76,2,1,low,4,3956870615,452019648985925400,19132795119165516,40.65250204500587,37.49018027951211,3.1623217654937577,4,0.05,0.09743589743589744,3.8,2.96,1,2,3.394871794871795,7,0.11488841844033564,9.795256249685224,0.7204440987658653,1017.5245018659383,0.06302294197031039,0.31218167797115165,0.08429012606162237
g_n40_e80_k2_low_04,g_n40_e80_k2_low_04_p8,train,40,80,72,2,1,low,8,161904819,452019648985925400,2856420055983726,40.65250204500587,35.58834550699873,5.06415653800714,8,0.1,0.09230769230769231,3.6,2.4400000000000004,1,1,3.4410256410256412,7,0.11526477068536056,9.293142457409786,0.2262293811341527,1041.9542534549953,0.0642375168690958,0.33060185428606464,0.08702343059849516
g_n40_e80_k2_low_05,g_n40_e80_k2_low_05_p0,train,40,80,80,2,2,low,0,2735489156,502168049648390911,502168049648390911,40.75771121883846,40.75771121883846,0.0,0,0.0,0.10256410256410256,4.0,2.8,2,0,3.6166666666666667,8,0.0984002705065798,9.622069050991241,0.31033313057175516,968.9902116244136,0.06885964912280702,0.27641336810311884,0.0796522106381176
g_n40_e80_k2_low_05,g_n40_e80_k2_low_05_p4,train,40,80,76,2,1,low,4,3235490656,502168049648390911,43821189322250491,40.75771121883846,38.31889386979255,2.4388173490459124,4,0.05,0.09743589743589744,3.8,2.61,1,1,3.6705128205128204,8,0.09720533124947457,9.621987845782108,0.18637669364947307,1023.7227893352022,0.07027665317139001,0.275152801953356,0.07995952269162701
g_n40_e80_k2_low_05,g_n40_e80_k2_low_05_p8,train,40,80,72,2,1,low,8,3735492156,502168049648390911,1318451239955583,40.75771121883846,34.815234139586096,5.942477079252363,8,0.1,0.09230769230769231,3.6,2.6900000000000004,1,2,3.8192307692307694,8,0.085219069476557,9.406906723929392,0.30925842634358247,1176.8911136003712,0.07419028340080971,0.273445829332256,0.08566852852295558
g_n40_e80_k2_low_06,g_n40_e80_k2_low_06_p0,train,40,80,80,2,2,low,0,2014109197,503892406440005117,503892406440005117,40.7611391609064,40.7611391609064,0.0,0,0.0,0.10256410256410256,4.0,3.2,2,0,3.3525641025641026,7,0.11260539122682375,9.872426009732433,0.307232268577458,922.9260459835334,0.06190958164642375,0.31980967375704217,0.08641641262329919
g_n40_e80_k2_low_06,g_n40_e80_k2_low_06_p4,train,40,80,76,2,1,low,4,2514110697,503892406440005117,14788566249756400,40.7611391609064,37.23263072641755,3.528508434488856,4,0.05,0.09743589743589744,3.8,3.41,2,1,3.7,8,0.05556473706105472,9.870177392784889,0.30479792640806735,1344.939396843374,0.07105263157894737,0.5391020285757128,0.12690110190568873
g_n40_e80_k2_low_06,g_n40_e80_k2_low_06_p8,train,40,80,72,2,1,low,8,3014112197,503892406440005117,1505196208209500,40.7611391609064,34.9476996555173,5.8134395053891055,8,0.1,0.09230769230769231,3.6,2.6900000000000004,1,3,3.608974358974359,8,0.09416137229619231,9.52497660431257,0.3256411295187034,1157.8748263097764,0.06865721997300946,0.42241686189054617,0.09981370644350063
g_n40_e80_k2_low_07,g_n40_e80_k2_low_07_p0,train,40,80,80,2,2,low,0,1292729238,512413262058553058,512413262058553058,40.77790784683594,40.77790784683594,0.0,0,0.0,0.10256410256410256,4.0,2.75,2,0,3.494871794871795,8,0.10884165493141786,9.551137551755444,0.4692769517698778,940.1515063332913,0.0656545209176788,0.3302722468714372,0.07880598638505121
g_n40_e80_k2_low_07,g_n40_e80_k2_low_07_p4,train,40,80,76,2,1,low,4,1792730738,512413262058553058,18073429546512586,40.77790784683594,37.433219273787266,3.3446885730486713,4,0.05,0.09743589743589744,3.8,2.91,1,1,3.632051282051282,8,0.09643905668430822,9.515856664102342,0.42500256455467866,1086.8675627555106,0.06926450742240216,0.3799638807735974,0.08919693439902
g_n40_e80_k2_low_07,g_n40_e80_k2_low_07_p8,train,40,80,72,2,2,low,8,2292732238,512413262058553058,2879486833674514,40.77790784683594,35.5963884904302,5.181519356405737,8,0.1,0.09230769230769231,3.6,2.3899999999999997,2,0,3.801282051282051,8,0.09117229541903397,9.375717182711442,0.2626538558643823,1124.1299483211508,0.07371794871794872,0.26484480431848845,0.08654039252965982
g_n40_e80_k2_low_08,g_n40_e80_k2_low_08_p0,validation,40,80,80,2,2,low,0,571349279,514778157327870072,514778157327870072,40.78251244029946,40.78251244029946,0.0,0,0.0,0.10256410256410256,4.0,2.75,2,0,3.4782051282051283,7,0.11257605520026112,10.28229961760225,0.12934956372965267,931.6792897003467,0.06521592442645074,0.32068311805153904,0.08329688576463277
g_n40_e80_k2_low_08,g_n40_e80_k2_low_08_p4,validation,40,80,76,2,2,low,4,1071350779,514778157327870072,40759951254961656,40.78251244029946,38.24647640736071,2.5360360329387532,4,0.05,0.09743589743589744,3.8,2.71,2,0,3.5397435897435896,7,0.10663452055377272,10.280716801432035,0.12576851317586257,997.4100148339012,0.06683535762483131,0.301207077522867,0.08599092219427913
g_n40_e80_k2_low_08,g_n40_e80_k2_low_08_p8,validation,40,80,72,2,1,low,8,1571352279,514778157327870072,2323208338970008,40.78251244029946,35.38172552998527,5.400786910314196,8,0.1,0.09230769230769231,3.6,2.34,1,2,3.7897435897435896,9,0.09444452048710664,9.563091914638575,0.5224306206138447,1142.6281924509256,0.07341430499325234,0.3580109508802207,0.08341186874310252
g_n40_e80_k2_low_09,g_n40_e80_k2_low_09_p0,test,40,80,80,2,2,low,0,4144936616,526799979166979128,526799979166979128,40.80559732523346,40.80559732523346,0.0,0,0.0,0.10256410256410256,4.0,3.2,2,0,3.3602564102564103,7,0.10154996020004566,10.365104838854812,0.17742736882557342,946.6431712051843,0.06211201079622133,0.3999646552278131,0.09778193558728539
g_n40_e80_k2_low_09,g_n40_e80_k2_low_09_p4,test,40,80,76,2,1,low,4,349970820,526799979166979128,32957412997193968,40.80559732523346,38.03399260770872,2.7716047175247382,4,0.05,0.09743589743589744,3.8,3.0100000000000002,1,1,3.603846153846154,7,0.08634963229458123,9.794109296321535,0.2134633659659224,1070.9649401817153,0.06852226720647772,0.33864600311968723,0.09646217204102643
g_n40_e80_k2_low_09,g_n40_e80_k2_low_09_p8,test,40,80,72,2,1,low,8,849972320,526799979166979128,1453570056808380,40.80559732523346,34.91279903346454,5.892798291768919,8,0.1,0.09230769230769231,3.6,3.04,1,1,3.726923076923077,9,0.08003446893860006,9.732443882684883,0.3644464019624021,1193.714304243437,0.07176113360323887,0.3740794293425872,0.10246459183788903
g_n40_e80_k2_mid_10,g_n40_e80_k2_mid_10_p0,train,40,80,80,2,2,mid,0,3423556657,957809379291744332,957809379291744332,41.403425175308044,41.403425175308044,0.0,0,0.0,0.10256410256410256,4.0,1.8,2,0,3.3192307692307694,6,0.12170425158036288,8.41516834510213,0.37389533605307435,898.855931446372,0.06103238866396761,0.3424901122269543,0.07701654477314869
g_n40_e80_k2_mid_10,g_n40_e80_k2_mid_10_p4,train,40,80,76,2,2,mid,4,3923558157,957809379291744332,86265229817295970,41.403425175308044,38.996203012826,2.407222162482043,4,0.05,0.09743589743589744,3.8,1.6600000000000001,2,0,3.5256410256410255,8,0.11210542439002383,8.382184747329044,0.7665952990516098,971.4186152054458,0.06646423751686908,0.28834278631849475,0.07341340306411637
g_n40_e80_k2_mid_10,g_n40_e80_k2_mid_10_p8,train,40,80,72,2,1,mid,8,128592361,957809379291744332,1137174924593520,41.403425175308044,34.66732344533348,6.736101729974564,8,0.1,0.09230769230769231,3.6,2.04,1,4,3.821794871794872,8,0.06039083448575095,8.263866771067361,0.4601677974165428,1383.6593636475177,0.07425775978407556,0.5404858299595142,0.11790851049187014
g_n40_e80_k2_mid_11,g_n40_e80_k2_mid_11_p0,validation,40,80,80,2,2,mid,0,2702176698,959421523005307480,959421523005307480,41.405106917545346,41.405106917545346,0.0,0,0.0,0.10256410256410256,4.0,2.4,2,0,3.2333333333333334,6,0.1240423043709442,9.557517374456232,0.2103879447561141,875.7920654311171,0.0587719298245614,0.39227024662247334,0.08871109160692485
g_n40_e80_k2_mid_11,g_n40_e80_k2_mid_11_p4,validation,40,80,76,2,1,mid,4,3202178198,959421523005307480,36762255583707656,41.405106917545346,38.14324805024663,3.261858867298713,4,0.05,0.09743589743589744,3.8,2.51,1,2,3.378205128205128,7,0.10885347893250442,9.539844897021698,0.20331268504740851,1004.4368711737706,0.06258434547908232,0.3872261266998109,0.09312867804382549
g_n40_e80_k2_mid_11,g_n40_e80_k2_mid_11_p8,validation,40,80,72,2,1,mid,8,3702179698,959421523005307480,2316121660430880,41.405106917545346,35.37867048365233,6.026436433893018,8,0.1,0.09230769230769231,3.6,2.39,1,2,3.491025641025641,8,0.10381064003346704,9.44957563974868,0.33274713173315096,1090.0603320737362,0.06555330634278002,0.3734357260673049,0.08967775917708475
g_n40_e80_k2_mid_12,g_n40_e80_k2_mid_12_p0,train,40,80,80,2,2,mid,0,1980796739,987116236975270014,987116236975270014,41.433564195368795,41.433564195368795,0.0,0,0.0,0.10256410256410256,4.0,2.25,2,0,3.221794871794872,7,0.13112199831830124,9.861445641967727,0.4241303016877964,866.2573301952922,0.05846828609986504,0.39748977593107143,0.08728736735864896
g_n40_e80_k2_mid_12,g_n40_e80_k2_mid_12_p4,train,40,80,76,2,2,mid,4,2480798239,987116236975270014,80749436550291580,41.433564195368795,38.93012737928374,2.503436816085056,4,0.05,0.09743589743589744,3.8,2.1100000000000003,2,0,3.335897435897436,7,0.12520735870531163,9.259440924463384,0.4172502581143469,928.8856307521173,0.06147098515519569,0.3836984080018136,0.0863041344396766
g_n40_e80_k2_mid_12,g_n40_e80_k2_mid_12_p8,train,40,80,72,2,1,mid,8,2980799739,987116236975270014,3079693245140040,41.433564195368795,35.66360639120243,5.769957804166367,8,0.1,0.09230769230769231,3.6,1.9899999999999998,1,2,3.4756410256410257,7,0.1150701175146913,8.491136968201442,0.37328119796104886,1051.853749704055,0.06514844804318488,0.38977893451577666,0.09156013895269689
g_n40_e80_k2_mid_13,g_n40_e80_k2_mid_13_p0,test,40,80,80,2,2,mid,0,1259416780,1014125988662243248,1014125988662243248,41.460558820517335,41.460558820517335,0.0,0,0.0,0.10256410256410256,4.0,2.35,2,0,3.3666666666666667,7,0.11587315812506557,10.08485437720963,0.2804922724610126,896.1700395817493,0.06228070175438596,0.3287090589722168,0.08587919643315303
g_n40_e80_k2_mid_13,g_n40_e80_k2_mid_13_p4,test,40,80,76,2,1,mid,4,1759418280,1014125988662243248,26677965935389264,41.460558820517335,37.82261437374849,3.6379444467688415,4,0.05,0.09743589743589744,3.8,2.46,1,2,3.641025641025641,8,0.06243702339955827,9.78080460192777,0.27107926175680497,1267.4943500080237,0.06950067476383265,0.5339181286549708,0.12525326189462122
g_n40_e80_k2_mid_13,g_n40_e80_k2_mid_13_p8,test,40,80,72,2,1,mid,8,2259419780,1014125988662243248,1302250252734288,41.460558820517335,34.802870126628925,6.65768869388841,8,0.1,0.09230769230769231,3.6,2.49,1,4,3.66025641025641,7,0.06220003335963913,9.628011670714692,0.24540939754091795,1345.6685324139232,0.07000674763832657,0.5399685110211425,0.12604122885221436
g_n40_e80_k2_mid_14,g_n40_e80_k2_mid_14_p0,train,40,80,80,2,2,mid,0,538036821,1063588391747173107,1063588391747173107,41.50818014010488,41.50818014010488,0.0,0,0.0,0.10256410256410256,4.0,2.5,2,0,3.344871794871795,7,0.11482313207203426,10.29562173309666,0.22317637347290908,893.9827499933027,0.06170715249662617,0.3534254619274862,0.08338033040466002
g_n40_e80_k2_mid_15,g_n40_e80_k2_mid_15_p0,train,40,80,80,2,2,mid,0,4111624158,1063842064560270985,1063842064560270985,41.50841861823097,41.50841861823097,0.0,0,0.0,0.10256410256410256,4.0,2.5,2,0,3.1794871794871793,7,0.13413049517331332,9.43647294161244,0.3104313463900805,847.0461498554539,0.05735492577597841,0.309495962127541,0.07738947961167109
g_n40_e80_k2_mid_15,g_n40_e80_k2_mid_15_p4,train,40,80,76,2,1,mid,4,316658362,1063842064560270985,58952760339615318,41.50841861823097,38.6155128458973,2.8929057723336697,4,0.05,0.09743589743589744,3.8,2.46,1,1,3.2705128205128204,7,0.12922327193722533,9.42668448586325,0.4308163403991614,940.6929435973365,0.05975033738191633,0.3708212839791787,0.0820268059969024
g_n40_e80_k2_mid_15,g_n40_e80_k2_mid_15_p8,train,40,80,72,2,1,mid,8,816659862,1063842064560270985,1591514259546135,41.50841861823097,35.00346232242591,6.504956295805059,8,0.1,0.09230769230769231,3.6,2.84,1,5,3.3,7,0.12658988985242334,9.059417765419854,0.6700093598319632,1025.6512963353784,0.060526315789473685,0.3637435214358291,0.08373805131115387
g_n40_e80_k2_mid_16,g_n40_e80_k2_mid_16_p0,validation,40,80,80,2,2,mid,0,3390244199,1075098486954423600,1075098486954423600,41.51894394704754,41.51894394704754,0.0,0,0.0,0.10256410256410256,4.0,2.3,2,0,3.316666666666667,7,0.12038581813846178,9.824215422078172,0.2233857432245845,879.7862164439532,0.06096491228070176,0.36534863771705867,0.081518311784733
g_n40_e80_k2_mid_16,g_n40_e80_k2_mid_16_p4,validation,40,80,76,2,2,mid,4,3890245699,1075098486954423600,166353195303211280,41.51894394704754,39.65288960550576,1.8660543415417763,4,0.05,0.09743589743589744,3.8,1.7100000000000002,2,0,3.394871794871795,8,0.1178073429522713,9.19233348864325,0.5180539792462997,914.7729883118168,0.06302294197031039,0.3378079035973772,0.07847710385157146
g_n40_e80_k2_mid_16,g_n40_e80_k2_mid_16_p8,validation,40,80,72,2,1,mid,8,95279903,1075098486954423600,2580841971335164,41.51894394704754,35.486892086083856,6.0320518609636835,8,0.1,0.09230769230769231,3.6,2.5900000000000007,1,1,3.485897435897436,7,0.1111534894447867,9.812939901478266,0.44081171265717956,1047.7889468442422,0.0654183535762483,0.4039623631728895,0.09136923036164221
g_n40_e80_k2_mid_17,g_n40_e80_k2_mid_17_p0,train,40,80,80,2,2,mid,0,2668864240,1078134333005076595,1078134333005076595,41.5217637517933,41.5217637517933,0.0,0,0.0,0.10256410256410256,4.0,2.55,2,0,3.2884615384615383,7,0.11957779393658226,10.05922627346804,0.17432142947166174,873.4099110177265,0.06022267206477733,0.36292946819262606,0.08472779470250066
g_n40_e80_k2_mid_17,g_n40_e80_k2_mid_17_p4,train,40,80,76,2,1,mid,4,3168865740,1078134333005076595,40502109951854625,41.5217637517933,38.24013046524281,3.2816332865504947,4,0.05,0.09743589743589744,3.8,2.6100000000000003,1,2,3.4166666666666665,7,0.11297948623942751,10.021141981988105,0.27221449401830533,977.3831350208734,0.06359649122807018,0.3595023884497569,0.08460245183839214
g_n40_e80_k2_mid_18,g_n40_e80_k2_mid_18_p0,test,40,80,80,2,2,mid,0,1947484281,1080328940041405184,1080328940041405184,41.52379724276808,41.52379724276808,0.0,0,0.0,0.10256410256410256,4.0,1.9,2,0,3.496153846153846,8,0.10792319505502293,8.886386768149789,0.1923614704723926,924.065680667722,0.06568825910931173,0.30567122935543994,0.08195056648505315
g_n40_e80_k2_mid_18,g_n40_e80_k2_mid_18_p4,test,40,80,76,2,1,mid,4,2447485781,1080328940041405184,51907294494188956,41.52379724276808,38.48823572422742,3.0355615185406606,4,0.05,0.09743589743589744,3.8,1.9600000000000002,1,1,3.6961538461538463,9,0.09516651718628731,8.880313594751655,0.3078201121343609,1052.2908675269257,0.07095141700404858,0.3787504892768051,0.08800591950125501
g_n40_e80_k2_mid_18,g_n40_e80_k2_mid_18_p8,test,40,80,72,2,1,mid,8,2947487281,1080328940041405184,4427420470339468,41.52379724276808,36.02659352276796,5.4972037200001225,8,0.1,0.09230769230769231,3.6,1.7899999999999998,1,1,3.741025641025641,9,0.09787993542882124,8.243297109265278,0.36504223862599616,1091.1819229065209,0.07213225371120106,0.34371690687480155,0.08527467502578273
g_n40_e80_k2_mid_19,g_n40_e80_k2_mid_19_p0,train,40,80,80,2,2,mid,0,1226104322,1119933952443520464,1119933952443520464,41.5598013864284,41.5598013864284,0.0,0,0.0,0.10256410256410256,4.0,2.45,2,0,3.316666666666667,7,0.12328742981037687,9.614769231219581,0.20468758540784204,866.3753247512176,0.06096491228070176,0.28776904382167545,0.07774621410338378
g_n40_e80_k2_mid_19,g_n40_e80_k2_mid_19_p4,train,40,80,76,2,1,mid,4,1726105822,1119933952443520464,75295397990421826,41.5598013864284,38.86019541218385,2.699605974244548,4,0.05,0.09743589743589744,3.8,2.3600000000000003,1,1,3.364102564102564,7,0.12031088700523848,8.89353096204768,0.17456929291906587,932.604582106087,0.062213225371120104,0.26420081268259393,0.07816795330896491
g_n40_e80_k2_mid_19,g_n40_e80_k2_mid_19_p8,train,40,80,72,2,1,mid,8,2226107322,1119933952443520464,2098364089987696,41.5598013864284,35.279934431290414,6.279866955137983,8,0.1,0.09230769230769231,3.6,2.84,1,2,3.5589743589743588,7,0.09465406481597945,9.570254918821965,0.13849596835876543,1097.0048996466098,0.06734143049932524,0.43308521962368113,0.09947573621259793
g_n40_e80_k2_high_20,g_n40_e80_k2_high_20_p0,train,40,80,80,2,2,high,0,504724363,2135885877168751520,2135885877168751520,42.20541316527164,42.20541316527164,0.0,0,0.0,0.10256410256410256,4.0,1.65,2,0,3.2807692307692307,7,0.12536403236264884,9.590653133050715,0.17800502253655281,850.773166060742,0.06002024291497976,0.4104619271931364,0.08537040232343861
g_n40_e80_k2_high_20,g_n40_e80_k2_high_20_p4,train,40,80,76,2,1,high,4,1004725863,2135885877168751520,93482593684440774,42.20541316527164,39.07655165007192,3.1288615151997234,4,0.05,0.09743589743589744,3.8,1.81,1,1,3.335897435897436,7,0.12525728446040887,9.587069338255766,0.24845618664876845,936.3170943900394,0.06147098515519568,0.43073822264105666,0.08752289890891803
g_n40_e80_k2_high_20,g_n40_e80_k2_high_20_p8,train,40,80,72,2,1,high,8,1504727363,2135885877168751520,12628028700999520,42.20541316527164,37.07469523841027,5.130717926861372,8,0.1,0.09230769230769231,3.6,1.2400000000000002,1,1,3.555128205128205,8,0.11341944718206266,7.626455263736014,0.3870367945157054,998.5497959516831,0.06724021592442644,0.32010334535935864,0.07774103998084168
g_n40_e80_k2_high_21,g_n40_e80_k2_high_21_p0,train,40,80,80,2,2,high,0,4078311700,2245655137895213305,2245655137895213305,42.255528973404346,42.255528973404346,0.0,0,0.0,0.10256410256410256,4.0,1.55,2,0,3.4756410256410257,8,0.10951379290471207,8.815027771782148,0.12317786752727677,892.672252664496,0.06514844804318487,0.281176890286202,0.07544850504193
g_n40_e80_k2_high_21,g_n40_e80_k2_high_21_p4,train,40,80,76,2,2,high,4,283345904,2245655137895213305,152380116188556635,42.255528973404346,39.565154558447425,2.6903744149569206,4,0.05,0.09743589743589744,3.8,1.5100000000000002,2,0,3.6974358974358976,8,0.10122249598369651,8.718819853009668,0.21643508223111674,979.5208209431736,0.07098515519568152,0.31425573866035883,0.0772751353863136
g_n40_e80_k2_high_21,g_n40_e80_k2_high_21_p8,train,40,80,72,2,2,high,8,783347404,2245655137895213305,13324635249156108,42.255528973404346,37.128390991166256,5.127137982238089,8,0.1,0.09230769230769231,3.6,1.24,2,0,3.6564102564102563,8,0.10561113820526631,7.798814675990549,0.14146419584491987,1015.1912053858834,0.0699055330634278,0.2801926774062998,0.07614361153510736
g_n40_e80_k2_high_22,g_n40_e80_k2_high_22_p0,test,40,80,80,2,2,high,0,3356931741,2266900625551191408,2266900625551191408,42.26494520923519,42.26494520923519,0.0,0,0.0,0.10256410256410256,4.0,1.45,2,0,3.437179487179487,7,0.11337784302654075,8.38233585878821,0.12435020962112642,882.9310041063134,0.064136302294197,0.34908600171758053,0.0779995929026361
g_n40_e80_k2_high_22,g_n40_e80_k2_high_22_p4,test,40,80,76,2,2,high,4,3856933241,2266900625551191408,132272551398591602,42.26494520923519,39.423640972084385,2.8413042371508013,4,0.05,0.09743589743589744,3.8,1.6600000000000001,2,0,3.5217948717948717,8,0.10127255158439527,8.380679123369687,0.24787583168945293,977.0979949649451,0.0663630229419703,0.386053274211169,0.08495504622922496
g_n40_e80_k2_high_22,g_n40_e80_k2_high_22_p8,test,40,80,72,2,1,high,8,61967445,2266900625551191408,3118310313419160,42.26494520923519,35.67606768382032,6.5888775254148655,8,0.1,0.09230769230769231,3.6,1.69,1,2,3.6166666666666667,7,0.10438819269685813,8.341093151161607,0.7901249052270503,1104.3046285480982,0.06885964912280701,0.37713879687563895,0.08646742431878712
g_n40_e80_k2_high_23,g_n40_e80_k2_high_23_p0,train,40,80,80,2,2,high,0,2635551782,2277251230644961656,2277251230644961656,42.26950078894383,42.26950078894383,0.0,0,0.0,0.10256410256410256,4.0,1.55,2,0,3.4833333333333334,8,0.106966609507395,9.550394190941251,0.23555362032903204,901.7473816595469,0.06535087719298245,0.30717585383577295,0.08064477832020973
g_n40_e80_k2_high_23,g_n40_e80_k2_high_23_p4,train,40,80,76,2,2,high,4,3135553282,2277251230644961656,132529563346092237,42.26950078894383,39.42558213504264,2.8439186539011914,4,0.05,0.09743589743589744,3.8,1.6599999999999997,2,0,3.551282051282051,8,0.10562108093127802,9.518020181964154,0.2311717535492983,977.5550174435438,0.06713900134952766,0.3112217818874166,0.08156982969323799
g_n40_e80_k2_high_23,g_n40_e80_k2_high_23_p8,train,40,80,72,2,1,high,8,3635554782,2277251230644961656,8442134797985310,42.26950078894383,36.67201160968501,5.597489179258822,8,0.1,0.09230769230769231,3.6,1.6400000000000001,1,1,3.591025641025641,8,0.0975920428916249,8.18167412439868,0.14278804226996744,1052.023793279694,0.06818488529014843,0.33841688376101325,0.08599220422317934
g_n40_e80_k2_high_24,g_n40_e80_k2_high_24_p0,validation,40,80,80,2,2,high,0,1914171823,2384491415843209084,2384491415843209084,42.31551753266061,42.31551753266061,0.0,0,0.0,0.10256410256410256,4.0,1.95,2,0,3.306410256410256,7,0.11560587669710183,10.32013583429042,0.19909792892481004,865.4876086184352,0.06069500674763832,0.27574224021592453,0.0777753825148631
g_n40_e80_k2_high_24,g_n40_e80_k2_high_24_p4,validation,40,80,76,2,2,high,4,2414173323,2384491415843209084,161074790219261464,42.31551753266061,39.62064518755529,2.694872345105317,4,0.05,0.09743589743589744,3.8,2.0599999999999996,2,0,3.4294871794871793,7,0.10667240265683171,10.30166090063122,0.23099704653133646,940.4466397932795,0.06393387314439947,0.29766081871345035,0.08006953722411608
g_n40_e80_k2_high_24,g_n40_e80_k2_high_24_p8,validation,40,80,72,2,1,high,8,2914174823,2384491415843209084,7748782596230144,42.31551753266061,36.5863121415795,5.729205391081109,8,0.1,0.09230769230769231,3.6,1.89,1,1,3.514102564102564,7,0.10772712122552804,9.289357789176606,0.20676633575277092,1020.6141217126027,0.06616059379217273,0.3189383715699504,0.07994263031183971
g_n40_e80_k2_high_25,g_n40_e80_k2_high_25_p0,train,40,80,80,2,2,high,0,1192791864,2390989635675262783,2390989635675262783,42.31823902763576,42.31823902763576,0.0,0,0.0,0.10256410256410256,4.0,1.65,2,0,3.341025641025641,7,0.10889766033128175,9.094547435853054,0.2593530359493901,885.6574685857141,0.06160593792172738,0.44169831912214186,0.08996265128332608
g_n40_e80_k2_high_25,g_n40_e80_k2_high_25_p4,train,40,80,76,2,2,high,4,1692793364,2390989635675262783,127365860243454665,42.31823902763576,39.38584012916626,2.9323988984695006,4,0.05,0.09743589743589744,3.8,1.81,2,0,3.482051282051282,7,0.08966756075451551,9.042863016091504,0.1986000519243145,1019.4485684292667,0.06531713900134953,0.5281601439496176,0.10442391803524263
g_n40_e80_k2_high_25,g_n40_e80_k2_high_25_p8,train,40,80,72,2,1,high,8,2192794864,2390989635675262783,8000772572302380,42.31823902763576,36.61831450346559,5.6999245241701715,8,0.1,0.09230769230769231,3.6,1.49,1,2,3.8666666666666667,8,0.05074124707353222,8.887921233279918,0.15988746475176185,1401.2136410504913,0.07543859649122807,0.532786024891288,0.12516441047977442
g_n40_e80_k2_high_26,g_n40_e80_k2_high_26_p0,test,40,80,80,2,2,high,0,471411905,2933405576020365732,2933405576020365732,42.522695734594365,42.522695734594365,0.0,0,0.0,0.10256410256410256,4.0,1.15,2,0,3.466666666666667,7,0.11029267015740707,8.919501784676308,0.1841489123400608,887.7007386987461,0.0649122807017544,0.36909153224942703,0.0828490506483786
g_n40_e80_k2_high_26,g_n40_e80_k2_high_26_p4,test,40,80,76,2,2,high,4,971413405,2933405576020365732,150617451760143565,42.522695734594365,39.55351958510419,2.969176149490174,4,0.05,0.09743589743589744,3.8,1.36,2,0,3.6192307692307693,8,0.10521486341623493,8.773511973773354,0.250173408688239,975.2320808134704,0.06892712550607287,0.37486022749180636,0.08301633284321457
g_n40_e80_k2_high_26,g_n40_e80_k2_high_26_p8,test,40,80,72,2,2,high,8,1471414905,2933405576020365732,12730042867454408,42.522695734594365,37.08274117490987,5.4399545596844945,8,0.1,0.09230769230769231,3.6,1.24,2,0,3.6910256410256412,8,0.10337566978436952,8.337551517485288,0.18342125671496712,1028.0099029732085,0.07081646423751686,0.32766754163515305,0.08148401461335814
g_n40_e80_k2_high_27,g_n40_e80_k2_high_27_p0,train,40,80,80,2,2,high,0,4044999242,3194088294078948715,3194088294078948715,42.607833367035234,42.607833367035234,0.0,0,0.0,0.10256410256410256,4.0,1.35,2,0,3.3512820512820514,7,0.12138229659866964,8.569495477140546,0.16238149627941834,851.5558119585862,0.06187584345479082,0.3095931645675945,0.07536934905676781
g_n40_e80_k2_high_27,g_n40_e80_k2_high_27_p4,train,40,80,76,2,2,high,4,250033446,3194088294078948715,241657596960841405,42.607833367035234,40.02629823057578,2.5815351364594505,4,0.05,0.09743589743589744,3.8,1.31,2,0,3.4692307692307693,8,0.1180420363074221,8.164540134380948,0.4721445854815798,910.1867322986943,0.06497975708502024,0.2709714543216567,0.07140840042950658
g_n40_e80_k2_high_27,g_n40_e80_k2_high_27_p8,train,40,80,72,2,1,high,8,750034946,3194088294078948715,10407025284998862,42.607833367035234,36.88125748117803,5.726575885857201,8,0.1,0.09230769230769231,3.6,1.4400000000000002,1,1,3.567948717948718,7,0.11048019576734018,8.47918741495978,0.6015565651914261,1019.4546741227596,0.06757759784075573,0.28642118115802323,0.07676058241637006
g_n40_e80_k2_high_28,g_n40_e80_k2_high_28_p0,train,40,80,80,2,2,high,0,3323619283,3303194533061525298,3303194533061525298,42.64142171443807,42.64142171443807,0.0,0,0.0,0.10256410256410256,4.0,1.2,2,0,3.4217948717948716,7,0.11350118556707654,8.418095179506981,0.12777447673206055,871.1188490841232,0.06373144399460189,0.3293194804831401,0.0758295699929753
g_n40_e80_k2_high_28,g_n40_e80_k2_high_28_p4,train,40,80,76,2,1,high,4,3823620783,3303194533061525298,119328276075494214,42.64142171443807,39.32065471248961,3.320767001948454,4,0.05,0.09743589743589744,3.8,1.5100000000000002,1,1,3.612820512820513,8,0.10368099916226063,8.246682833113647,0.09798757880040654,986.0883599102833,0.06875843454790823,0.279868328552539,0.07527594224642943
g_n40_e80_k2_high_28,g_n40_e80_k2_high_28_p8,train,40,80,72,2,2,high,8,28654987,3303194533061525298,10966174097136040,42.64142171443807,36.933591847850415,5.707829866587652,8,0.1,0.09230769230769231,3.6,1.44,2,0,3.608974358974359,7,0.1043570524861668,8.17152477361069,0.3493136398389547,1022.7626131904042,0.06865721997300944,0.28493983149853597,0.0795017000539519
g_n40_e80_k2_high_29,g_n40_e80_k2_high_29_p0,validation,40,80,80,2,2,high,0,2602239324,3834754743209722353,3834754743209722353,42.790637154440084,42.790637154440084,0.0,0,0.0,0.10256410256410256,4.0,1.25,2,0,3.387179487179487,7,0.11318510844884577,8.76003336739325,0.15181334361991006,862.563896269419,0.0628205128205128,0.2615042702087237,0.0754034647269813
g_n40_e80_k2_high_29,g_n40_e80_k2_high_29_p4,validation,40,80,76,2,1,high,4,3102240824,3834754743209722353,160708623153503989,42.790637154440084,39.61836932616164,3.172267828278443,4,0.05,0.09743589743589744,3.8,1.4600000000000002,1,1,3.5076923076923077,7,0.10870561762884144,8.726891213259934,0.15375163337434827,964.9205323629221,0.0659919028340081,0.33235331919542455,0.0793464804350837
g_n40_e80_k2_high_29,g_n40_e80_k2_high_29_p8,validation,40,80,72,2,1,high,8,3602242324,3834754743209722353,10107943932367440,42.790637154440084,36.85209803756405,5.938539116876036,8,0.1,0.09230769230769231,3.6,1.5400000000000003,1,1,3.5435897435897434,8,0.1082374781551684,8.20058924365749,0.32871596859864516,1009.0554236567548,0.06693657219973008,0.289010989010989,0.07896366927704018
g_n40_e80_k3_low_00,g_n40_e80_k3_low_00_p0,validation,40,80,80,3,3,low,0,1880859365,3646825554759177134,3646825554759177134,42.74038875204428,42.74038875204428,0.0,0,0.0,0.10256410256410256,4.0,1.55,3,0,3.1756410256410255,6,0.18150011854330772,9.648412334000241,0.19763184993040195,753.2967500555126,0.057253711201079624,0.24010453484137692,0.06261908020585569
g_n40_e80_k3_low_00,g_n40_e80_k3_low_00_p4,validation,40,80,76,3,2,low,4,2380860865,3646825554759177134,141493681622945106,42.74038875204428,39.49103145815563,3.24935729388865,4,0.05,0.09743589743589744,3.8,1.81,2,0,3.4615384615384617,7,0.11151779872722081,9.593332375646927,0.08433860922348835,944.0241645953947,0.06477732793522267,0.3639704751159858,0.08475135684399071
g_n40_e80_k3_low_00,g_n40_e80_k3_low_00_p8,validation,40,80,72,3,2,low,8,2880862365,3646825554759177134,14820743525575224,42.74038875204428,37.23480418393682,5.505584568107466,8,0.1,0.09230769230769231,3.6,1.2400000000000002,2,0,3.417948717948718,6,0.16335331545576817,8.409394797709815,0.3924785309058456,920.4578490363726,0.06363022941970309,0.2277145856093224,0.0623525285173511
g_n40_e80_k3_low_01,g_n40_e80_k3_low_01_p0,train,40,80,80,3,3,low,0,1159479406,3662684020477472336,3662684020477472336,42.74472789147276,42.74472789147276,0.0,0,0.0,0.10256410256410256,4.0,1.3,3,0,3.3884615384615384,7,0.15237341477174557,8.579158540858648,0.17533712376200228,789.6588474964981,0.06285425101214574,0.2507080151816994,0.06321190986775198
g_n40_e80_k3_low_01,g_n40_e80_k3_low_01_p4,train,40,80,76,3,2,low,4,1659480906,3662684020477472336,249619004768800072,42.74472789147276,40.058712169408025,2.686015722064738,4,0.05,0.09743589743589744,3.8,1.2600000000000002,2,0,3.496153846153846,7,0.140646100249099,8.356905393699858,0.19126226547612202,871.2297075600469,0.06568825910931173,0.23565162907268164,0.0652284771605592
g_n40_e80_k3_low_01,g_n40_e80_k3_low_01_p8,train,40,80,72,3,2,low,8,2159482406,3662684020477472336,8553010396999040,42.74472789147276,36.685059709105346,6.059668182367417,8,0.1,0.09230769230769231,3.6,1.24,2,0,3.8935897435897435,8,0.09834719648482948,8.41244260962105,0.14237181275816368,1084.3978722227512,0.07614709851551957,0.3460086696928802,0.08829188359614262
g_n40_e80_k3_low_02,g_n40_e80_k3_low_02_p0,train,40,80,80,3,3,low,0,438099447,3678935913146762556,3678935913146762556,42.74915523022437,42.74915523022437,0.0,0,0.0,0.10256410256410256,4.0,1.55,3,0,3.241025641025641,7,0.17509785394470145,9.66448959630469,0.46792916947068175,758.9766042792364,0.058974358974358966,0.21261915472441786,0.06056097329108008
g_n40_e80_k3_low_02,g_n40_e80_k3_low_02_p4,train,40,80,76,3,3,low,4,938100947,3678935913146762556,417764175232308879,42.74915523022437,40.573693494143974,2.1754617360803934,4,0.05,0.09743589743589744,3.8,1.3599999999999999,3,0,3.296153846153846,7,0.17170874518229262,9.602709616036002,0.5111858740384978,799.4057295807528,0.060425101214574894,0.23452006083585034,0.06259365095285459
g_n40_e80_k3_low_02,g_n40_e80_k3_low_02_p8,train,40,80,72,3,1,low,8,1438102447,3678935913146762556,5965506569273448,42.74915523022437,36.324770370454665,6.424384859769702,8,0.1,0.09230769230769231,3.6,1.59,1,2,3.485897435897436,9,0.15075682527224987,9.014256561269267,0.7331656789356948,987.2338359417689,0.06541835357624831,0.21004434162328903,0.061011344610897245
g_n40_e80_k3_low_03,g_n40_e80_k3_low_03_p0,test,40,80,80,3,3,low,0,4011686784,4088172503470842725,4088172503470842725,42.85462972342616,42.85462972342616,0.0,0,0.0,0.10256410256410256,4.0,1.25,3,0,3.4153846153846152,8,0.16127147668929528,9.546251241939292,0.3474945828340097,777.6259768974143,0.06356275303643724,0.21510442707861263,0.05886361725364154
g_n40_e80_k3_low_03,g_n40_e80_k3_low_03_p4,test,40,80,76,3,2,low,4,216720988,4088172503470842725,242102081033728751,42.85462972342616,40.028135854578714,2.826493868847443,4,0.05,0.09743589743589744,3.8,1.31,2,0,3.532051282051282,8,0.15060064913407173,8.640997464918296,0.14288959545974045,853.6813847360513,0.06663292847503374,0.2509312655757839,0.0627706493076177
g_n40_e80_k3_low_03,g_n40_e80_k3_low_03_p8,test,40,80,72,3,2,low,8,716722488,4088172503470842725,21563874442611258,42.85462972342616,37.60979582993684,5.244833893489314,8,0.1,0.09230769230769231,3.6,1.19,2,0,3.6,8,0.14470847336712578,8.716707043144154,0.617027763107941,908.0279558422435,0.06842105263157894,0.20935022767006567,0.06109699069917979
g_n40_e80_k3_low_04,g_n40_e80_k3_low_04_p0,train,40,80,80,3,3,low,0,3290306825,4229718112261907456,4229718112261907456,42.88866702460325,42.88866702460325,0.0,0,0.0,0.10256410256410256,4.0,1.2,3,0,3.2384615384615385,6,0.17040277286523958,8.617308087011116,0.2226091734271174,766.7042456799395,0.05890688259109311,0.2172550646234857,0.05888593157261739
g_n40_e80_k3_low_04,g_n40_e80_k3_low_04_p4,train,40,80,76,3,2,low,4,3790308325,4229718112261907456,267766967347107840,42.88866702460325,40.128893472341325,2.759773552261926,4,0.05,0.09743589743589744,3.8,1.11,2,0,3.423076923076923,7,0.15534154539333303,8.597124003946615,0.23436148953518554,861.8001434488343,0.06376518218623481,0.2551750393855657,0.06675125668123758
g_n40_e80_k3_low_04,g_n40_e80_k3_low_04_p8,train,40,80,72,3,1,low,8,4290309825,4229718112261907456,10257005336130688,42.88866702460325,36.866737314478655,6.021929710124596,8,0.1,0.09230769230769231,3.6,1.44,1,1,3.4384615384615387,7,0.15874107395261067,8.607378129259729,0.3335828653920405,937.3276762288232,0.06417004048582994,0.2699853265642739,0.06657568709000819
g_n40_e80_k3_low_05,g_n40_e80_k3_low_05_p0,train,40,80,80,3,3,low,0,2568926866,4237608006993850004,4237608006993850004,42.890530634650695,42.890530634650695,0.0,0,0.0,0.10256410256410256,4.0,1.7,3,0,3.137179487179487,6,0.18409356537685742,11.196996856535172,0.5093336950800325,738.80070225532,0.05624156545209176,0.20578758473495315,0.06254870935969621
g_n40_e80_k3_low_05,g_n40_e80_k3_low_05_p4,train,40,80,76,3,2,low,4,3068928366,4237608006993850004,195437731138393376,42.890530634650695,39.81401821279971,3.0765124218509854,4,0.05,0.09743589743589744,3.8,2.06,2,0,3.193589743589744,7,0.17819814064503886,11.195773678356979,0.4605519537428995,809.3760394656364,0.05772604588394061,0.24325963891181285,0.06601021914171348
g_n40_e80_k3_low_05,g_n40_e80_k3_low_05_p8,train,40,80,72,3,2,low,8,3568929866,4237608006993850004,10083885434210720,42.890530634650695,36.849715043026514,6.040815591624181,8,0.1,0.09230769230769231,3.6,1.5400000000000003,2,0,3.5397435897435896,8,0.11173575701440135,9.347747203864134,0.296857919601794,1011.0543736643342,0.06683535762483131,0.3004726611537757,0.08412403258603733
g_n40_e80_k3_low_06,g_n40_e80_k3_low_06_p0,validation,40,80,80,3,3,low,0,1847546907,4305760975133837772,4305760975133837772,42.90648556157152,42.90648556157152,0.0,0,0.0,0.10256410256410256,4.0,1.15,3,0,3.1717948717948716,7,0.17699595789653425,8.961423660767883,0.24615807211268503,757.1282689458827,0.05715249662618084,0.33730443218059314,0.07511831498077118
g_n40_e80_k3_low_06,g_n40_e80_k3_low_06_p4,validation,40,80,76,3,2,low,4,2347548407,4305760975133837772,257289011318571324,42.90648556157152,40.0889764056244,2.8175091559471213,4,0.05,0.09743589743589744,3.8,1.36,2,0,3.287179487179487,8,0.17227036648716956,8.95364753443242,0.48423485066731065,819.9379739414344,0.06018893387314439,0.31427102077469415,0.07401594277326552
g_n40_e80_k3_low_06,g_n40_e80_k3_low_06_p8,validation,40,80,72,3,2,low,8,2847549907,4305760975133837772,18401563957146534,42.90648556157152,37.451212053584534,5.455273507986988,8,0.1,0.09230769230769231,3.6,1.0900000000000003,2,0,3.4294871794871793,7,0.1563247743304659,8.312779001791757,0.24685060020459204,910.6888545192103,0.06393387314439945,0.3591842855000749,0.08252175569609903
g_n40_e80_k3_low_07,g_n40_e80_k3_low_07_p0,train,40,80,80,3,3,low,0,1126166948,4433694299949847716,4433694299949847716,42.935764838179225,42.935764838179225,0.0,0,0.0,0.10256410256410256,4.0,1.55,3,0,3.0846153846153848,6,0.18597803338611132,8.986274427276316,0.3140464989262295,735.3006779894268,0.0548582995951417,0.26090707538075963,0.06814789109459375
g_n40_e80_k3_low_07,g_n40_e80_k3_low_07_p4,train,40,80,76,3,2,low,4,1626168448,4433694299949847716,327130282768430267,42.935764838179225,40.32913490471254,2.606629933466685,4,0.05,0.09743589743589744,3.8,1.4600000000000002,2,0,3.1923076923076925,6,0.18026734634649547,8.942527494026113,0.44493315310761394,793.8472659263782,0.05769230769230769,0.2662634149476254,0.06602493268408335
g_n40_e80_k3_low_07,g_n40_e80_k3_low_07_p8,train,40,80,72,3,2,low,8,2126169948,4433694299949847716,13019151454863624,42.935764838179225,37.10519785712978,5.830566981049444,8,0.1,0.09230769230769231,3.6,1.6400000000000001,2,0,3.2102564102564104,6,0.18102860100303408,8.577313024171914,0.429175214117409,881.3862554621651,0.05816464237516868,0.30786085259769463,0.07326884898006764
g_n40_e80_k3_low_08,g_n40_e80_k3_low_08_p0,test,40,80,80,3,3,low,0,404786989,4507917653183984525,4507917653183984525,42.952367003085406,42.952367003085406,0.0,0,0.0,0.10256410256410256,4.0,1.1,3,0,3.291025641025641,6,0.16164627938548481,8.50985963299495,0.16155196131883098,771.0897641738645,0.06029014844804319,0.23550036707931452,0.0600627160546001
g_n40_e80_k3_low_08,g_n40_e80_k3_low_08_p4,test,40,80,76,3,2,low,4,904788489,4507917653183984525,187287508162063697,42.952367003085406,39.771421307860344,3.1809456952250628,4,0.05,0.09743589743589744,3.8,1.26,2,0,3.580769230769231,7,0.1014327324666126,8.48976287189111,0.18827587873839136,973.9995503431647,0.06791497975708502,0.35075350874946015,0.08181987317847934
g_n40_e80_k3_low_08,g_n40_e80_k3_low_08_p8,test,40,80,72,3,1,low,8,1404789989,4507917653183984525,7605738504172660,42.952367003085406,36.5676794236223,6.384687579463105,8,0.1,0.09230769230769231,3.6,1.44,1,2,3.4358974358974357,7,0.1488257487910986,8.116755163930337,0.2532668311500359,960.7406381354132,0.0641025641025641,0.2775402959613486,0.06579101318631678
g_n40_e80_k3_low_09,g_n40_e80_k3_low_09_p0,train,40,80,80,3,3,low,0,3978374326,4537121582007006822,4537121582007006822,42.9588244721012,42.9588244721012,0.0,0,0.0,0.10256410256410256,4.0,1.3,3,0,3.1858974358974357,6,0.17201430968230255,9.56064351003825,0.4410405171266216,754.3383742840842,0.05752361673414304,0.3073147612621297,0.0685208793629715
g_n40_e80_k3_low_09,g_n40_e80_k3_low_09_p4,train,40,80,76,3,2,low,4,183408530,4537121582007006822,272018440972787376,42.9588244721012,40.14464625660259,2.8141782154986075,4,0.05,0.09743589743589744,3.8,1.3599999999999999,2,0,3.2884615384615383,7,0.16877889371226137,9.502892995526249,0.5744495148954161,824.8797406039525,0.06022267206477733,0.3508643403380245,0.07149154582484821
g_n40_e80_k3_low_09,g_n40_e80_k3_low_09_p8,train,40,80,72,3,1,low,8,683410030,4537121582007006822,16438685252550924,42.9588244721012,37.33841380886818,5.620410663233017,8,0.1,0.09230769230769231,3.6,1.1400000000000001,1,1,3.376923076923077,7,0.1661355363616173,8.722301849117258,0.43410453834414,908.891052743757,0.06255060728744939,0.308362397836082,0.06854717772278646
g_n40_e80_k3_mid_10,g_n40_e80_k3_mid_10_p0,validation,40,80,80,3,3,mid,0,3256994367,6413236369541904876,6413236369541904876,43.30489571125368,43.30489571125368,0.0,0,0.0,0.10256410256410256,4.0,1.1,3,0,3.114102564102564,6,0.19136674165037326,8.601070364173971,0.4806978352013629,725.1333253484694,0.055634278002699045,0.21997826734668846,0.05958926625901799
g_n40_e80_k3_mid_10,g_n40_e80_k3_mid_10_p4,validation,40,80,76,3,2,mid,4,3756995867,6413236369541904876,361224801047967879,43.30489571125368,40.428276877019826,2.8766188342338523,4,0.05,0.09743589743589744,3.8,1.21,2,0,3.178205128205128,6,0.18359307583657694,8.582014641257224,0.4151714482616051,802.8837080394111,0.05732118758434548,0.2570635018003439,0.06546883018417594
g_n40_e80_k3_mid_10,g_n40_e80_k3_mid_10_p8,validation,40,80,72,3,2,mid,8,4256997367,6413236369541904876,25394182837640944,43.30489571125368,37.77329652056548,5.531599190688198,8,0.1,0.09230769230769231,3.6,1.14,2,0,3.585897435897436,9,0.10605954723115725,8.432139683569488,0.3654087383975999,978.6845386328589,0.06804993252361673,0.3022010153589101,0.0788183791067813
g_n40_e80_k3_mid_11,g_n40_e80_k3_mid_11_p0,train,40,80,80,3,3,mid,0,2535614408,6449651236685714313,6449651236685714313,43.310557731406895,43.310557731406895,0.0,0,0.0,0.10256410256410256,4.0,1.15,3,0,3.1538461538461537,6,0.1721234046053691,8.629345798335203,0.3350323399599997,740.1988410069148,0.05668016194331983,0.27113159744738685,0.06685673849548836
g_n40_e80_k3_mid_11,g_n40_e80_k3_mid_11_p4,train,40,80,76,3,2,mid,4,3035615908,6449651236685714313,523524765236456879,43.310557731406895,40.799360731144276,2.5111970002626194,4,0.05,0.09743589743589744,3.8,1.1099999999999999,2,0,3.267948717948718,6,0.1591761771042543,8.628371298448442,0.5816855821769842,803.0516655838356,0.05968286099865048,0.2607527462790621,0.06628222342991413
g_n40_e80_k3_mid_12,g_n40_e80_k3_mid_12_p0,train,40,80,80,3,3,mid,0,1814234449,6465157012004047112,6465157012004047112,43.312958972287944,43.312958972287944,0.0,0,0.0,0.10256410256410256,4.0,0.95,3,0,3.330769230769231,7,0.16028243514683987,8.376509062356979,0.2058179074281279,759.8779165642328,0.06133603238866396,0.24596190619523242,0.05944331555515913
g_n40_e80_k3_mid_12,g_n40_e80_k3_mid_12_p4,train,40,80,76,3,1,mid,4,2314235949,6465157012004047112,274784460594183219,43.312958972287944,40.15476340560387,3.1581955666840713,4,0.05,0.09743589743589744,3.8,1.26,1,1,3.396153846153846,7,0.1579475201052805,8.34253344808189,0.227883973127192,837.4697603840293,0.06305668016194332,0.2316909136747193,0.06074127099731636
g_n40_e80_k3_mid_12,g_n40_e80_k3_mid_12_p8,train,40,80,72,3,2,mid,8,2814237449,6465157012004047112,22812882474062856,43.312958972287944,37.66610179209916,5.646857180188782,8,0.1,0.09230769230769231,3.6,1.1400000000000001,2,0,3.585897435897436,8,0.14536461364620545,8.156413020487504,0.2393269935740916,908.1322651864234,0.06804993252361673,0.252356830276567,0.0640156023975643
g_n40_e80_k3_mid_13,g_n40_e80_k3_mid_13_p0,test,40,80,80,3,3,mid,0,1092854490,6476961164937090911,6476961164937090911,43.31478311823451,43.31478311823451,0.0,0,0.0,0.10256410256410256,4.0,1.35,3,0,3.1064102564102565,6,0.1792872174264756,9.863515216558742,0.4487413405689047,729.0583827624093,0.05543184885290149,0.29572849178112337,0.06811112021734285
g_n40_e80_k3_mid_13,g_n40_e80_k3_mid_13_p4,test,40,80,76,3,2,mid,4,1592855990,6476961164937090911,483864517033379900,43.31478311823451,40.72058133895667,2.5942017792778387,4,0.05,0.09743589743589744,3.8,1.46,2,0,3.1576923076923076,6,0.17454315533295778,9.804018699650143,0.559478022499361,779.7372188260617,0.056781376518218615,0.31982427903480526,0.06856672807146502
g_n40_e80_k3_mid_13,g_n40_e80_k3_mid_13_p8,test,40,80,72,3,1,mid,8,2092857490,6476961164937090911,21531054180905582,43.31478311823451,37.608272668437365,5.706510449797143,8,0.1,0.09230769230769231,3.6,1.34,1,1,3.292307692307692,7,0.1613068018368944,8.851875118027,0.5710059828451541,878.425931276382,0.06032388663967612,0.2875591757170704,0.0705071360578354
g_n40_e80_k3_mid_14,g_n40_e80_k3_mid_14_p0,train,40,80,80,3,3,mid,0,371474531,6553684170616111459,6553684170616111459,43.32655903421006,43.32655903421006,0.0,0,0.0,0.10256410256410256,4.0,1.0,3,0,3.1717948717948716,6,0.18224310230982835,9.008290277418741,0.22798689118194737,736.6302402750484,0.05715249662618084,0.2704618368585981,0.06679086390893484
g_n40_e80_k3_mid_14,g_n40_e80_k3_mid_14_p4,train,40,80,76,3,1,mid,4,871476031,6553684170616111459,176339620195635104,43.32655903421006,39.711188190748686,3.6153708434613705,4,0.05,0.09743589743589744,3.8,1.36,1,1,3.3230769230769233,7,0.15891096395658783,8.93592328992743,0.2088548259544547,867.6798247507946,0.06113360323886641,0.3455200145483547,0.07754759115281067
g_n40_e80_k3_mid_14,g_n40_e80_k3_mid_14_p8,train,40,80,72,3,2,mid,8,1371477531,6553684170616111459,22065643388713648,43.32655903421006,37.632798195997644,5.6937608382124125,8,0.1,0.09230769230769231,3.6,1.04,2,0,3.391025641025641,6,0.15413350772137863,8.893376325185436,0.37016303574644516,904.2337591278485,0.0629217273954116,0.36173178673178663,0.07538586864572476
g_n40_e80_k3_mid_15,g_n40_e80_k3_mid_15_p0,train,40,80,80,3,3,mid,0,3945061868,6592368900285214504,6592368900285214504,43.3324444267493,43.3324444267493,0.0,0,0.0,0.10256410256410256,4.0,1.05,3,0,3.1910256410256412,6,0.1745259834050828,8.45190909840623,0.3004339446380211,738.5613020528773,0.05765856950067476,0.29236927789559364,0.06822324607964325
g_n40_e80_k3_mid_15,g_n40_e80_k3_mid_15_p4,train,40,80,76,3,1,mid,4,150096072,6592368900285214504,276685115726785907,43.3324444267493,40.161656488159814,3.170787938589484,4,0.05,0.09743589743589744,3.8,1.3599999999999999,1,1,3.2807692307692307,7,0.16692872708056414,8.368324459432117,0.3187411988891884,819.6600964550981,0.06002024291497976,0.291770315454526,0.06945472705286711
g_n40_e80_k3_mid_15,g_n40_e80_k3_mid_15_p8,train,40,80,72,3,2,mid,8,650097572,6592368900285214504,34652085179234072,43.3324444267493,38.08413429706883,5.248310129680469,8,0.1,0.09230769230769231,3.6,1.19,2,0,3.3743589743589744,7,0.15169813704850482,8.265183558770213,0.3760163330374784,867.188709128294,0.062483130904183525,0.40829868886549037,0.08104443364452182
g_n40_e80_k3_mid_16,g_n40_e80_k3_mid_16_p0,validation,40,80,80,3,3,mid,0,3223681909,6619321243282361728,6619321243282361728,43.336524507358824,43.336524507358824,0.0,0,0.0,0.10256410256410256,4.0,1.15,3,0,3.158974358974359,6,0.18909402595919045,8.344725145213575,0.32467657416800844,721.4149217777721,0.056815114709851545,0.19839351681456938,0.05663962981460182
g_n40_e80_k3_mid_16,g_n40_e80_k3_mid_16_p4,validation,40,80,76,3,2,mid,4,3723683409,6619321243282361728,413289824948961504,43.336524507358824,40.56292549708095,2.773599010277877,4,0.05,0.09743589743589744,3.8,1.31,2,0,3.2141025641025642,7,0.18262658011059787,8.29912074295748,0.4037109635296878,782.1339904069293,0.058265856950067474,0.21348242400873976,0.05873225311123848
g_n40_e80_k3_mid_16,g_n40_e80_k3_mid_16_p8,validation,40,80,72,3,1,mid,8,4223684909,6619321243282361728,9931230523092238,43.336524507358824,36.834460785037805,6.502063722321019,8,0.1,0.09230769230769231,3.6,1.7900000000000003,1,2,3.2794871794871794,6,0.18200264893831025,8.108878691318223,0.266661118934179,882.2852016018653,0.05998650472334682,0.2005989137568085,0.06070226811884887
g_n40_e80_k3_mid_17,g_n40_e80_k3_mid_17_p0,train,40,80,80,3,3,mid,0,2502301950,6622180040104480842,6622180040104480842,43.33695630082474,43.33695630082474,0.0,0,0.0,0.10256410256410256,4.0,1.2,3,0,3.1615384615384614,7,0.183392442211355,8.811698770314427,0.3275203576898704,726.5483875443157,0.0568825910931174,0.23853972538183055,0.061593528393626716
g_n40_e80_k3_mid_17,g_n40_e80_k3_mid_17_p4,train,40,80,76,3,2,mid,4,3002303450,6622180040104480842,464618796946442730,43.33695630082474,40.67999367277219,2.656962628052547,4,0.05,0.09743589743589744,3.8,1.2600000000000002,2,0,3.2564102564102564,7,0.17789202676185528,8.778376552914063,0.5028866737273359,785.7735737068481,0.05937921727395412,0.24460339855076696,0.06306817325798242
g_n40_e80_k3_mid_17,g_n40_e80_k3_mid_17_p8,train,40,80,72,3,2,mid,8,3502304950,6622180040104480842,17698794022224432,43.33695630082474,37.41227289783161,5.924683402993125,8,0.1,0.09230769230769231,3.6,1.39,2,0,3.519230769230769,8,0.11135717359727718,8.52277988219799,0.30953872175373265,980.8951761521934,0.06629554655870444,0.34344670923618287,0.08374897525968063
g_n40_e80_k3_mid_18,g_n40_e80_k3_mid_18_p0,test,40,80,80,3,3,mid,0,1780921991,6660297719129514205,6660297719129514205,43.34269586001799,43.34269586001799,0.0,0,0.0,0.10256410256410256,4.0,1.1,3,0,3.2205128205128206,7,0.17698831429834871,8.719603211174313,0.41013755611713165,733.0155609692781,0.058434547908232104,0.22517458175352909,0.05797622191520498
g_n40_e80_k3_mid_18,g_n40_e80_k3_mid_18_p4,test,40,80,76,3,3,mid,4,2280923491,6660297719129514205,732552932985783045,43.34269586001799,41.13531199665285,2.2073838633651377,4,0.05,0.09743589743589744,3.8,0.9100000000000001,3,0,3.3230769230769233,7,0.16594683219631234,8.688246356928403,0.2488211573760637,781.4760562006501,0.061133603238866394,0.2465480912849334,0.059106372631845816
g_n40_e80_k3_mid_18,g_n40_e80_k3_mid_18_p8,test,40,80,72,3,2,mid,8,2780924991,6660297719129514205,28804381014832828,43.34269586001799,37.899303889054316,5.443391970963674,8,0.1,0.09230769230769231,3.6,1.1400000000000001,2,0,3.5487179487179485,8,0.14459777102351104,8.274318795477242,0.42422713809864776,887.8575807323238,0.06707152496626181,0.22159896633580844,0.061368369856051
g_n40_e80_k3_mid_19,g_n40_e80_k3_mid_19_p0,train,40,80,80,3,3,mid,0,1059542032,6686186647042500174,6686186647042500174,43.34657537760077,43.34657537760077,0.0,0,0.0,0.10256410256410256,4.0,1.15,3,0,3.108974358974359,6,0.17757274354286068,9.269941220890804,0.4038004150878969,732.3762047544936,0.05549932523616734,0.3563117194696142,0.07138634637848654
g_n40_e80_k3_mid_19,g_n40_e80_k3_mid_19_p4,train,40,80,76,3,2,mid,4,1559543532,6686186647042500174,415522965542429857,43.34657537760077,40.56831427974235,2.778261097858419,4,0.05,0.09743589743589744,3.8,1.2600000000000002,2,0,3.169230769230769,6,0.16495051467182992,9.241826690542522,0.5886035577954143,803.741163236363,0.05708502024291497,0.3952841505473084,0.07808901159126527
g_n40_e80_k3_mid_19,g_n40_e80_k3_mid_19_p8,train,40,80,72,3,2,mid,8,2059545032,6686186647042500174,24775529415572195,43.34657537760077,37.748632843841804,5.597942533758967,8,0.1,0.09230769230769231,3.6,1.34,2,0,3.3025641025641024,7,0.15732849385791492,9.154469551032697,0.7929086543398478,879.6221057919824,0.060593792172739545,0.4103626917392099,0.07903734583692622
g_n40_e80_k3_high_20,g_n40_e80_k3_high_20_p0,train,40,80,80,3,3,high,0,338162073,8998465694488765614,8998465694488765614,43.64358575830581,43.64358575830581,0.0,0,0.0,0.10256410256410256,4.0,1.0,3,0,3.0884615384615386,6,0.19016664850182785,8.604428731726822,0.4236577409475344,707.3209696241496,0.05495951417004048,0.21799691536533644,0.05614015025770847
g_n40_e80_k3_high_20,g_n40_e80_k3_high_20_p4,train,40,80,76,3,2,high,4,838163573,8998465694488765614,352141098904541169,43.64358575830581,40.40280833935085,3.2407774189549627,4,0.05,0.09743589743589744,3.8,1.31,2,0,3.221794871794872,8,0.1802542626860862,8.579130112957916,0.42294918791967095,795.3999199288866,0.058468286099865055,0.2430467193625088,0.0573363683716263
g_n40_e80_k3_high_20,g_n40_e80_k3_high_20_p8,train,40,80,72,3,2,high,8,1338165073,8998465694488765614,30909317292145817,43.64358575830581,37.96983406385336,5.673751694452449,8,0.1,0.09230769230769231,3.6,1.1400000000000001,2,0,3.3743589743589744,8,0.16339453935708567,8.510009254711582,0.9899478825235244,861.2232004620829,0.06248313090418354,0.21715506715506716,0.057720743094009166
g_n40_e80_k3_high_21,g_n40_e80_k3_high_21_p0,validation,40,80,80,3,3,high,0,3911749410,9088389981869478992,9088389981869478992,43.65352944668833,43.65352944668833,0.0,0,0.0,0.10256410256410256,4.0,0.9,3,0,3.0615384615384613,6,0.198802243506546,8.94897203413734,0.38684839148643,706.2679201049787,0.05425101214574899,0.2976165160375687,0.06286742040011517
g_n40_e80_k3_high_21,g_n40_e80_k3_high_21_p4,validation,40,80,76,3,1,high,4,116783614,9088389981869478992,355220955891450674,43.65352944668833,40.411516401730566,3.2420130449577655,4,0.05,0.09743589743589744,3.8,1.2600000000000002,1,1,3.0961538461538463,6,0.19163405227399583,8.947758459501522,0.5255645065043604,788.8891514001773,0.05516194331983806,0.3276067012909118,0.06802098370724653
g_n40_e80_k3_high_21,g_n40_e80_k3_high_21_p8,validation,40,80,72,3,2,high,8,616785114,9088389981869478992,25483899352809248,43.65352944668833,37.7768232497304,5.876706196957933,8,0.1,0.09230769230769231,3.6,0.8900000000000002,2,0,3.4884615384615385,7,0.11866106201566465,7.6798534893517,0.2561414213267543,958.6133340232384,0.06548582995951416,0.25818960616531467,0.07136697769280412
g_n40_e80_k3_high_22,g_n40_e80_k3_high_22_p0,train,40,80,80,3,3,high,0,3190369451,9182850304828016640,9182850304828016640,43.66386932105496,43.66386932105496,0.0,0,0.0,0.10256410256410256,4.0,1.0,3,0,3.112820512820513,6,0.18820282643581698,8.735971021108972,0.3268152137699394,709.8343251740936,0.05560053981106613,0.2853115695220959,0.059386913312018244
g_n40_e80_k3_high_22,g_n40_e80_k3_high_22_p4,train,40,80,76,3,1,high,4,3690370951,9182850304828016640,353356191771710094,43.66386932105496,40.40625298494966,3.2576163361053005,4,0.05,0.09743589743589744,3.8,1.11,1,1,3.194871794871795,6,0.18269550789597183,8.065284976678264,0.3807153205054279,805.1237964865835,0.05775978407557354,0.2902362744468008,0.06023734510424675
g_n40_e80_k3_high_22,g_n40_e80_k3_high_22_p8,train,40,80,72,3,2,high,8,4190372451,9182850304828016640,23708375405688320,43.66386932105496,37.70460477326837,5.959264547786589,8,0.1,0.09230769230769231,3.6,1.1400000000000001,2,0,3.4653846153846155,7,0.11550924988334448,8.477384093178108,0.5891565746720104,960.578179822425,0.06487854251012146,0.39014202172096896,0.08267409664416203
g_n40_e80_k3_high_23,g_n40_e80_k3_high_23_p0,train,40,80,80,3,3,high,0,2468989492,9472339432523139714,9472339432523139714,43.69490758675168,43.69490758675168,0.0,0,0.0,0.10256410256410256,4.0,1.05,3,0,3.0576923076923075,6,0.19348727421780682,9.162079996187408,0.4542718638491423,703.9482515961741,0.054149797570850186,0.23500658885274262,0.06280021264020615
g_n40_e80_k3_high_23,g_n40_e80_k3_high_23_p4,train,40,80,76,3,2,high,4,2968990992,9472339432523139714,518289576772726650,43.69490758675168,40.78931050949071,2.905597077260971,4,0.05,0.09743589743589744,3.8,1.2600000000000002,2,0,3.1576923076923076,6,0.1842470668417657,9.122254710423139,0.45523692284974837,772.8376267091617,0.05678137651821863,0.26430178009125377,0.06572353517780913
g_n40_e80_k3_high_23,g_n40_e80_k3_high_23_p8,train,40,80,72,3,1,high,8,3468992492,9472339432523139714,25757553164059294,43.69490758675168,37.78750430576813,5.9074032809835515,8,0.1,0.09230769230769231,3.6,1.0899999999999999,1,1,3.35,7,0.16846688238314175,8.254493437220466,0.49275970237634015,875.5297067680717,0.061842105263157886,0.2595495148126727,0.06400736861288898
g_n40_e80_k3_high_24,g_n40_e80_k3_high_24_p0,train,40,80,80,3,3,high,0,1747609533,9902248070212641832,9902248070212641832,43.73929348305436,43.73929348305436,0.0,0,0.0,0.10256410256410256,4.0,0.75,3,0,3.2115384615384617,6,0.17464162189800553,8.172715825879003,0.2795664435617642,726.8429552539683,0.0581983805668016,0.2135320819531345,0.056652835702282064
g_n40_e80_k3_high_24,g_n40_e80_k3_high_24_p4,train,40,80,76,3,2,high,4,2247611033,9902248070212641832,514261792451155070,43.73929348305436,40.781508854539425,2.9577846285149363,4,0.05,0.09743589743589744,3.8,1.0099999999999998,2,0,3.2858974358974358,6,0.1720259730813996,7.938244154124411,0.24649930481957316,792.6874322507763,0.060155195681511474,0.2134992949770278,0.05775797951855163
g_n40_e80_k3_high_24,g_n40_e80_k3_high_24_p8,train,40,80,72,3,1,high,8,2747612533,9902248070212641832,24491229031011040,43.73929348305436,37.73709144963028,6.0022020334240835,8,0.1,0.09230769230769231,3.6,1.0900000000000003,1,1,3.385897435897436,8,0.1638306965274714,7.810545300300455,0.2730698640277476,881.5342917172062,0.0627867746288799,0.22898271319323957,0.057571223667672554
g_n40_e80_k3_high_25,g_n40_e80_k3_high_25_p0,validation,40,80,80,3,3,high,0,1026229574,10518697057910470881,10518697057910470881,43.79968601972108,43.79968601972108,0.0,0,0.0,0.10256410256410256,4.0,0.85,3,0,3.1076923076923078,6,0.19653391609210497,8.63983923486066,0.26328368071668073,701.2081031786124,0.0554655870445344,0.19841569769466133,0.05436604059756328
g_n40_e80_k3_high_25,g_n40_e80_k3_high_25_p4,validation,40,80,76,3,2,high,4,1526231074,10518697057910470881,762546767991259968,43.79968601972108,41.175440236581835,2.6242457831392443,4,0.05,0.09743589743589744,3.8,0.8099999999999999,2,0,3.276923076923077,6,0.17814264571831298,8.019542320596209,0.21106661119217573,770.1366405094225,0.05991902834008097,0.19141216970164338,0.054924701898411685
g_n40_e80_k3_high_25,g_n40_e80_k3_high_25_p8,validation,40,80,72,3,2,high,8,2026232574,10518697057910470881,44056141565305833,43.79968601972108,38.32424116016936,5.475444859551722,8,0.1,0.09230769230769231,3.6,1.04,2,0,3.226923076923077,6,0.1909183969249809,7.731664134859423,0.3087009520510273,814.7782910434718,0.05860323886639675,0.2088932023142549,0.059114021608711834
g_n40_e80_k3_high_26,g_n40_e80_k3_high_26_p0,train,40,80,80,3,3,high,0,304849615,10718259966929688412,10718259966929688412,43.81848049984298,43.81848049984298,0.0,0,0.0,0.10256410256410256,4.0,0.9,3,0,3.1012820512820514,6,0.19140171609124176,8.612033013623702,0.3813614438046251,701.534590898784,0.055296896086369764,0.23655738099057927,0.060603823333581205
g_n40_e80_k3_high_26,g_n40_e80_k3_high_26_p4,train,40,80,76,3,2,high,4,804851115,10718259966929688412,466079550904036568,43.81848049984298,40.68313272456152,3.13534777528146,4,0.05,0.09743589743589744,3.8,0.9100000000000001,2,0,3.5307692307692307,7,0.1033327218583985,8.42351764278069,0.3198665296862475,926.9057046261514,0.0665991902834008,0.3933143255005603,0.08725995367013122
g_n40_e80_k3_high_26,g_n40_e80_k3_high_26_p8,train,40,80,72,3,1,high,8,1304852615,10718259966929688412,17657800996500208,43.81848049984298,37.40995406344891,6.4085264363940695,8,0.1,0.09230769230769231,3.6,1.29,1,1,3.2653846153846153,7,0.18782163723975995,8.336447658521534,0.5286857881289473,870.640200909115,0.059615384615384626,0.26663082756200174,0.06473772483401487
g_n40_e80_k3_high_27,g_n40_e80_k3_high_27_p0,test,40,80,80,3,3,high,0,3878436952,10755712301965740600,10755712301965740600,43.82196866426281,43.82196866426281,0.0,0,0.0,0.10256410256410256,4.0,0.65,3,0,3.2115384615384617,7,0.1690848211090099,8.148640916741448,0.2160949753081236,729.0037085844219,0.05819838056680162,0.24044478912899972,0.05990822261545013
g_n40_e80_k3_high_27,g_n40_e80_k3_high_27_p4,test,40,80,76,3,2,high,4,83471156,10755712301965740600,773809945165228680,43.82196866426281,41.190102689466215,2.6318659747965967,4,0.05,0.09743589743589744,3.8,0.71,2,0,3.31025641025641,7,0.15883354687709292,7.4942835446071685,0.21082144830316807,791.4865879913532,0.060796221322537106,0.20822247927511084,0.05909843670271046
g_n40_e80_k3_high_27,g_n40_e80_k3_high_27_p8,test,40,80,72,3,2,high,8,583472656,10755712301965740600,27563433400504192,43.82196866426281,37.85526641241525,5.966702251847565,8,0.1,0.09230769230769231,3.6,0.9400000000000002,2,0,3.5064102564102564,7,0.13522631845682453,7.859279815828801,0.1878990562365348,913.5321273763032,0.06595816464237517,0.25704324914851234,0.06817780191621313
g_n40_e80_k3_high_28,g_n40_e80_k3_high_28_p0,test,40,80,80,3,3,high,0,3157056993,10829001517342427610,10829001517342427610,43.82875953465748,43.82875953465748,0.0,0,0.0,0.10256410256410256,4.0,0.8,3,0,3.1923076923076925,7,0.18636053606599423,8.367133161142188,0.2842996249933698,707.797603510861,0.05769230769230769,0.18837739895432204,0.05503756168420145
g_n40_e80_k3_high_28,g_n40_e80_k3_high_28_p4,test,40,80,76,3,2,high,4,3657058493,10829001517342427610,779152945478506709,43.82875953465748,41.1969837571693,2.63177577748818,4,0.05,0.09743589743589744,3.8,0.9099999999999998,2,0,3.287179487179487,7,0.1787134665978909,8.265579661840771,0.21368399426300266,765.8645215462285,0.06018893387314441,0.21387589019167963,0.05588970445571703
g_n40_e80_k3_high_28,g_n40_e80_k3_high_28_p8,test,40,80,72,3,1,high,8,4157059993,10829001517342427610,33698736371467714,43.82875953465748,38.05623673517038,5.772522799487099,8,0.1,0.09230769230769231,3.6,1.04,1,1,3.3025641025641024,7,0.17374602630800695,7.800596956673702,0.25061205894310534,845.7451823421144,0.06059379217273954,0.2151843283422231,0.059540524934615195
g_n40_e80_k3_high_29,g_n40_e80_k3_high_29_p0,train,40,80,80,3,3,high,0,2435677034,11438807479157108808,11438807479157108808,43.88354341307855,43.88354341307855,0.0,0,0.0,0.10256410256410256,4.0,0.7,3,0,3.091025641025641,6,0.18287008501438462,8.246559317215853,0.3151549995999572,711.1078035468175,0.05502699055330633,0.22999612473296685,0.0603275102848443
g_n40_e80_k3_high_29,g_n40_e80_k3_high_29_p4,train,40,80,76,3,2,high,4,2935678534,11438807479157108808,762487105181550950,43.88354341307855,41.17536199201194,2.7081814210666053,4,0.05,0.09743589743589744,3.8,0.96,2,0,3.1628205128205127,7,0.17936221327888607,8.221829411949596,0.31542400580676144,761.9901705307554,0.056916329284750336,0.22862926547137072,0.05923247174192815
g_n40_e80_k3_high_29,g_n40_e80_k3_high_29_p8,train,40,80,72,3,2,high,8,3435680034,11438807479157108808,36927638298986248,43.88354341307855,38.147736670985196,5.735806742093352,8,0.1,0.09230769230769231,3.6,0.9400000000000001,2,0,3.485897435897436,7,0.10869473132773148,7.98653410449489,0.2047574989237031,953.9389498610758,0.0654183535762483,0.32793682925261863,0.08065445321738794
g_n40_e120_k2_low_00,g_n40_e120_k2_low_00_p0,train,40,120,120,2,2,low,0,1714297075,30303257804211413912113517,30303257804211413912113517,58.673297456883546,58.673297456883546,0.0,0,0.0,0.15384615384615385,6.0,5.0,2,0,2.832051282051282,5,0.1481086048284771,11.904988342686227,0.2983130916135419,608.4026825567342,0.048211875843454786,0.301141653368374,0.07349413602702377
g_n40_e120_k2_low_00,g_n40_e120_k2_low_00_p6,train,40,120,114,2,2,low,6,2214298575,30303257804211413912113517,3575132443640590736212680,58.673297456883546,56.53604445448903,2.137253002394516,6,0.05,0.14615384615384616,5.7,4.409999999999999,2,0,2.8923076923076922,6,0.14494113172154416,11.830041161889799,0.3250727065008352,635.5485273065163,0.04979757085020243,0.3334517171806018,0.07590875421621632
g_n40_e120_k2_low_00,g_n40_e120_k2_low_00_p12,train,40,120,108,2,1,low,12,2714300075,30303257804211413912113517,106515587544101774157990,58.673297456883546,53.02257828923103,5.650719167652518,12,0.1,0.13846153846153847,5.4,5.14,1,2,2.8974358974358974,6,0.14639454190212195,11.546631060449586,0.7333559834223964,699.3433600192161,0.049932523616734135,0.315967598153833,0.07595392989144314
g_n40_e120_k2_low_01,g_n40_e120_k2_low_01_p0,test,40,120,120,2,2,low,0,992917116,33238263848054218094797044,33238263848054218094797044,58.76574396967564,58.76574396967564,0.0,0,0.0,0.15384615384615385,6.0,4.5,2,0,2.9551282051282053,6,0.13462109678059936,11.76252768175409,0.4238288451186829,633.0285214265136,0.05145074224021592,0.30881617192276134,0.07313328789476616
g_n40_e120_k2_low_01,g_n40_e120_k2_low_01_p6,test,40,120,114,2,1,low,6,1492918616,33238263848054218094797044,1877056691824486399576446,58.76574396967564,55.8917471924281,2.873996777247541,6,0.05,0.14615384615384616,5.7,4.610000000000001,1,1,3.0012820512820513,6,0.1324331844549595,11.615770744880713,0.39890300331970785,684.6877264736017,0.05266531713900134,0.3304849042490211,0.07512694127600117
g_n40_e120_k2_low_01,g_n40_e120_k2_low_01_p12,test,40,120,108,2,1,low,12,1992920116,33238263848054218094797044,148876684394646659190896,58.76574396967564,53.357405294640216,5.408338675035424,12,0.1,0.13846153846153847,5.4,4.040000000000001,2,1,3.5076923076923077,7,0.05836675672876026,11.042947784829963,0.6021638688023891,1071.759077361546,0.0659919028340081,0.5282991337647208,0.11916151694512839
g_n40_e120_k2_low_02,g_n40_e120_k2_low_02_p0,validation,40,120,120,2,2,low,0,271537157,37785127358695552184329760,37785127358695552184329760,58.893957800939305,58.893957800939305,0.0,0,0.0,0.15384615384615385,6.0,5.55,2,0,2.835897435897436,6,0.144623224316478,13.477036405213678,0.4117703198123408,605.915423383508,0.04831309041835357,0.3038738711549279,0.07608490996574283
g_n40_e120_k2_low_02,g_n40_e120_k2_low_02_p6,validation,40,120,114,2,1,low,6,771538657,37785127358695552184329760,2696843447774851748736528,58.893957800939305,56.25412422752785,2.639833573411451,6,0.05,0.14615384615384616,5.7,5.3100000000000005,1,1,2.8846153846153846,6,0.14232592738350155,12.68809876268053,0.5275450744901562,654.5169737306612,0.04959514170040485,0.3423990277229143,0.07908996383922978
g_n40_e120_k2_low_02,g_n40_e120_k2_low_02_p12,validation,40,120,108,2,1,low,12,1271540157,37785127358695552184329760,92457131344854581811376,58.893957800939305,52.88103204504906,6.012925755890244,12,0.1,0.13846153846153847,5.4,5.29,2,1,3.146153846153846,7,0.07196541548514372,11.83340467905397,0.3796154663411393,956.9148846598869,0.056477732793522264,0.548574305811148,0.11635262683025321
g_n40_e120_k2_low_03,g_n40_e120_k2_low_03_p0,train,40,120,120,2,2,low,0,3845124494,42586744058686456648000012,42586744058686456648000012,59.013585264376964,59.013585264376964,0.0,0,0.0,0.15384615384615385,6.0,4.0,2,0,2.821794871794872,6,0.1491575221786373,11.939371873374485,0.2484786057431272,606.3669703757521,0.04794197031039136,0.34979737633345626,0.07932280082213791
g_n40_e120_k2_low_03,g_n40_e120_k2_low_03_p6,train,40,120,114,2,1,low,6,50158698,42586744058686456648000012,1880165939354719519159179,59.013585264376964,55.89340227041799,3.120182993958977,6,0.05,0.14615384615384616,5.7,4.46,1,1,2.8602564102564103,6,0.1489763893332869,11.886960461334224,0.44626407842599036,671.6918091979433,0.048954116059379216,0.3524262852932883,0.08103839631202726
g_n40_e120_k2_low_03,g_n40_e120_k2_low_03_p12,train,40,120,108,2,1,low,12,550160198,42586744058686456648000012,235880101934910375052593,59.013585264376964,53.817610586154494,5.19597467822247,12,0.1,0.13846153846153847,5.4,3.7399999999999998,1,1,2.905128205128205,6,0.14622370940225596,11.63791721162644,0.3266202533734024,695.5749900255776,0.0501349527665317,0.3573255531776033,0.08188403626565263
g_n40_e120_k2_low_04,g_n40_e120_k2_low_04_p0,train,40,120,120,2,2,low,0,3123744535,43327816150097707003303770,43327816150097707003303770,59.03083706592561,59.03083706592561,0.0,0,0.0,0.15384615384615385,6.0,5.05,3,0,3.05,7,0.12187813247197085,12.6492816369638,0.1252836009397047,650.1764478231355,0.05394736842105263,0.3885322147478864,0.08778707430351143
g_n40_e120_k2_low_04,g_n40_e120_k2_low_04_p6,train,40,120,114,2,2,low,6,3623746035,43327816150097707003303770,5231849697336998261372704,59.03083706592561,56.91680711802614,2.1140299478994677,6,0.05,0.14615384615384616,5.7,4.51,3,0,3.1025641025641026,7,0.12131292103402674,12.454090234324472,0.1257229983208923,671.8897428958646,0.05533063427800269,0.37457074219690134,0.08536175328199257
g_n40_e120_k2_low_04,g_n40_e120_k2_low_04_p12,train,40,120,108,2,2,low,12,4123747535,43327816150097707003303770,273002851170778004735962,59.03083706592561,53.96376919185439,5.0670678740712205,12,0.1,0.13846153846153847,5.4,4.84,2,0,3.1717948717948716,7,0.11628011391515256,12.353379801439873,0.22988628052244042,724.172349709359,0.057152496626180826,0.364571288975721,0.08768127754606676
g_n40_e120_k2_low_05,g_n40_e120_k2_low_05_p0,validation,40,120,120,2,2,low,0,2402364576,45057602110143569472684996,45057602110143569472684996,59.06998394995793,59.06998394995793,0.0,0,0.0,0.15384615384615385,6.0,4.65,2,0,2.885897435897436,6,0.1401242838569769,12.264471113725856,0.2307869443891004,613.1538839404554,0.04962887989203778,0.2797662471047438,0.07753491021177442
g_n40_e120_k2_low_05,g_n40_e120_k2_low_05_p6,validation,40,120,114,2,1,low,6,2902366076,45057602110143569472684996,2473936500112465353824826,59.06998394995793,56.16785283860732,2.902131111350613,6,0.05,0.14615384615384616,5.7,4.91,1,1,2.9525641025641027,6,0.13514229726788377,12.109844043303735,0.23982753345116947,667.4830828953576,0.051383265856950064,0.29823516564407254,0.08070464899484764
g_n40_e120_k2_low_05,g_n40_e120_k2_low_05_p12,validation,40,120,108,2,1,low,12,3402367576,45057602110143569472684996,141317623553902640265652,59.06998394995793,53.305296959160984,5.764686990796946,12,0.1,0.13846153846153847,5.4,4.84,1,2,3.062820512820513,6,0.12386777058784132,11.78503710016276,0.40071555675671,736.4981877676908,0.054284750337381914,0.35936266462582245,0.08505043520303442
g_n40_e120_k2_low_06,g_n40_e120_k2_low_06_p0,train,40,120,120,2,2,low,0,1680984617,45627114469744035076966401,45627114469744035076966401,59.08254438722821,59.08254438722821,0.0,0,0.0,0.15384615384615385,6.0,4.1,2,0,2.9217948717948716,6,0.14091942276788214,11.927804169871795,0.40266449747759214,616.3243012427022,0.050573549257759774,0.2771949298265087,0.07379564667194662
g_n40_e120_k2_low_06,g_n40_e120_k2_low_06_p6,train,40,120,114,2,2,low,6,2180986117,45627114469744035076966401,3304650097743595833676556,59.08254438722821,56.45737282897924,2.6251715582489723,6,0.05,0.14615384615384616,5.7,4.11,2,0,3.0871794871794873,7,0.13192524470271005,11.161587531648879,0.44542963468741625,669.0579704691909,0.05492577597840755,0.3322682341929486,0.07553282916404672
g_n40_e120_k2_low_06,g_n40_e120_k2_low_06_p12,train,40,120,108,2,2,low,12,2680987617,45627114469744035076966401,337959002552549336850300,59.08254438722821,54.17721154677801,4.9053328404502,12,0.1,0.13846153846153847,5.4,3.94,2,0,3.126923076923077,7,0.12721208974018583,11.528837097072437,0.08864645832166484,699.3927049204249,0.055971659919028326,0.27835735492132374,0.07385632414287856
g_n40_e120_k2_low_07,g_n40_e120_k2_low_07_p0,train,40,120,120,2,2,low,0,959604658,46453026415255293779681810,46453026415255293779681810,59.10048384925188,59.10048384925188,0.0,0,0.0,0.15384615384615385,6.0,5.05,3,0,3.06025641025641,7,0.12541705337248577,13.262955158111096,0.2828938047767213,640.1482418411337,0.05421727395411605,0.31252175986225955,0.07992170585786369
g_n40_e120_k2_low_07,g_n40_e120_k2_low_07_p6,train,40,120,114,2,2,low,6,1459606158,46453026415255293779681810,4503362018656391390429241,59.10048384925188,56.76686646493867,2.3336173843132073,6,0.05,0.14615384615384616,5.7,4.91,3,0,3.076923076923077,7,0.12498304873723809,12.52137466252613,0.10452913177803325,664.6454024570575,0.054655870445344125,0.310222673227001,0.08058389896026937
g_n40_e120_k2_low_07,g_n40_e120_k2_low_07_p12,train,40,120,108,2,2,low,12,1959607658,46453026415255293779681810,370770061590807921993312,59.10048384925188,54.26986904326064,4.830614805991239,12,0.1,0.13846153846153847,5.4,4.24,2,0,3.3192307692307694,7,0.10577563420822765,11.641591955591215,0.05187370947947478,749.6715022487251,0.06103238866396761,0.28420888977569136,0.08264972877789328
g_n40_e120_k2_low_08,g_n40_e120_k2_low_08_p0,test,40,120,120,2,2,low,0,238224699,48855728247657947374355808,48855728247657947374355808,59.15091386544991,59.15091386544991,0.0,0,0.0,0.15384615384615385,6.0,4.35,2,0,2.8833333333333333,6,0.14113810718627975,12.651120732817919,0.3854841626570611,613.0049141312468,0.04956140350877193,0.2858390814523677,0.07714602644164666
g_n40_e120_k2_low_08,g_n40_e120_k2_low_08_p6,test,40,120,114,2,2,low,6,738226199,48855728247657947374355808,4449102715150822051970916,59.15091386544991,56.754744670659,2.3961691947909074,6,0.05,0.14615384615384616,5.7,4.0600000000000005,2,0,2.982051282051282,6,0.13156259858649122,11.975986718768677,0.16657097239487584,658.7556511391357,0.05215924426450742,0.34687039711424406,0.08149372572366656
g_n40_e120_k2_low_08,g_n40_e120_k2_low_08_p12,test,40,120,108,2,2,low,12,1238227699,48855728247657947374355808,410586995878051513960858,59.15091386544991,54.37187478593549,4.779039079514419,12,0.1,0.13846153846153847,5.4,3.8899999999999997,2,0,3.042307692307692,7,0.13430014190238035,11.730258044679257,0.15127626678691364,678.8286596343686,0.05374493927125505,0.3102573839415943,0.0797376144666966
g_n40_e120_k2_low_09,g_n40_e120_k2_low_09_p0,train,40,120,120,2,2,low,0,3811812036,52225788968370782919996896,52225788968370782919996896,59.217618646287015,59.217618646287015,0.0,0,0.0,0.15384615384615385,6.0,4.25,2,0,2.9166666666666665,6,0.14287794749418736,12.563360393201801,0.167983551047433,607.417509241702,0.05043859649122806,0.27797079280170484,0.07377914791055185
g_n40_e120_k2_low_09,g_n40_e120_k2_low_09_p6,train,40,120,114,2,2,low,6,16846240,52225788968370782919996896,5209801865485298155838550,59.217618646287015,56.912584057241894,2.305034589045121,6,0.05,0.14615384615384616,5.7,4.11,2,0,2.996153846153846,7,0.13933161983630937,12.43432584784065,0.2801608525515551,637.5020143203894,0.05253036437246963,0.2773958987615749,0.07316337613229724
g_n40_e120_k2_low_09,g_n40_e120_k2_low_09_p12,train,40,120,108,2,1,low,12,516847740,52225788968370782919996896,362122444967206613149861,59.217618646287015,54.24626935327429,4.971349293012722,12,0.1,0.13846153846153847,5.4,3.69,1,1,3.1064102564102565,7,0.128292162125866,11.526872301567211,0.3473260538502263,706.1342579546409,0.05543184885290149,0.36787812577286266,0.07938716281716249
g_n40_e120_k2_mid_10,g_n40_e120_k2_mid_10_p0,validation,40,120,120,2,2,mid,0,3090432077,97681421870012562921558296,97681421870012562921558296,59.84375361796241,59.84375361796241,0.0,0,0.0,0.15384615384615385,6.0,3.7,2,0,2.7705128205128204,6,0.15339463025638234,12.240737665800339,0.3284870120763248,574.8693138141551,0.04659244264507422,0.3284878498201533,0.07569230519090303
g_n40_e120_k2_mid_10,g_n40_e120_k2_mid_10_p6,validation,40,120,114,2,2,mid,6,3590433577,97681421870012562921558296,14033811055312190888804936,59.84375361796241,57.903511725244144,1.9402418927182694,6,0.05,0.14615384615384616,5.7,3.0100000000000002,2,0,2.817948717948718,6,0.15162870135263545,11.904602320707319,0.2763220758788272,594.0142619232256,0.04784075573549258,0.30743084877966614,0.07420240183682718
g_n40_e120_k2_mid_10,g_n40_e120_k2_mid_10_p12,validation,40,120,108,2,1,mid,12,4090435077,97681421870012562921558296,630254904157828805309424,59.84375361796241,54.800411300202406,5.043342317760008,12,0.1,0.13846153846153847,5.4,3.44,1,1,2.8653846153846154,6,0.14988449583785277,11.556778379917478,0.311833973286916,648.7845673428762,0.04908906882591092,0.33236230249960225,0.07619322714793929
g_n40_e120_k2_mid_11,g_n40_e120_k2_mid_11_p0,train,40,120,120,2,2,mid,0,2369052118,98087475441239900915576879,98087475441239900915576879,59.84790191893461,59.84790191893461,0.0,0,0.0,0.15384615384615385,6.0,3.5,2,0,2.812820512820513,6,0.14857365851101914,12.014027873388217,0.2659418913814786,583.4899792956334,0.04770580296896086,0.32531145942077117,0.07470400664985137
g_n40_e120_k2_mid_11,g_n40_e120_k2_mid_11_p6,train,40,120,114,2,2,mid,6,2869053618,98087475441239900915576879,7243266155347716618327370,59.84790191893461,57.242114462957026,2.605787455977584,6,0.05,0.14615384615384616,5.7,3.46,2,0,2.8833333333333333,6,0.14707188513129962,11.617870103221696,0.18745379037554866,619.8406123108249,0.049561403508771924,0.3044192911601818,0.0728351320037625
g_n40_e120_k2_mid_11,g_n40_e120_k2_mid_11_p12,train,40,120,108,2,1,mid,12,3369055118,98087475441239900915576879,213635090028063292080064,59.84790191893461,53.71855632562625,6.129345593308358,12,0.1,0.13846153846153847,5.4,4.29,1,1,2.958974358974359,7,0.14100622686680647,11.49432637997776,0.6718236652215586,701.6344673060157,0.051551956815114694,0.3552300937928468,0.07927427942752974
g_n40_e120_k2_mid_12,g_n40_e120_k2_mid_12_p0,test,40,120,120,2,2,mid,0,1647672159,98262604582566124394724280,98262604582566124394724280,59.849685765294595,59.849685765294595,0.0,0,0.0,0.15384615384615385,6.0,3.95,2,0,2.787179487179487,6,0.14859930552864423,13.167587267722798,0.299242977232705,580.5146895705822,0.047031039136302286,0.2754133693434717,0.0733347077117753
g_n40_e120_k2_mid_12,g_n40_e120_k2_mid_12_p6,test,40,120,114,2,2,mid,6,2147673659,98262604582566124394724280,8741437799981273406416528,59.849685765294595,57.430116916001595,2.4195688492930003,6,0.05,0.14615384615384616,5.7,4.16,2,0,2.8282051282051284,6,0.1479447036208165,13.063284377471513,0.4016034393934014,605.7356657043896,0.048110661268555996,0.27830761231570944,0.07348976503240011
g_n40_e120_k2_mid_12,g_n40_e120_k2_mid_12_p12,test,40,120,108,2,1,mid,12,2647675159,98262604582566124394724280,397889755995502074315616,59.849685765294595,54.34046192480302,5.509223840491572,12,0.1,0.13846153846153847,5.4,3.9400000000000004,2,1,3.1615384615384614,6,0.06834672915863158,13.10778707955837,0.5686899064868935,945.5191245296289,0.056882591093117406,0.5512049354154617,0.11715168369245338
g_n40_e120_k2_mid_13,g_n40_e120_k2_mid_13_p0,train,40,120,120,2,2,mid,0,926292200,98744135337188447883677844,98744135337188447883677844,59.85457424488423,59.85457424488423,0.0,0,0.0,0.15384615384615385,6.0,3.8,2,0,2.7487179487179487,5,0.1542499956220053,12.782058409245888,0.40131641015494246,573.266213629878,0.04601889338731443,0.36308860150548644,0.07951134069590458
g_n40_e120_k2_mid_13,g_n40_e120_k2_mid_13_p6,train,40,120,114,2,2,mid,6,1426293700,98744135337188447883677844,9059731800159082646587978,59.85457424488423,57.46588174884237,2.3886924960418625,6,0.05,0.14615384615384616,5.7,4.01,2,0,2.769230769230769,5,0.15405697477426375,12.757044251399622,0.6729891940577879,596.8448021071204,0.046558704453441284,0.3611052191041474,0.08011463596709256
g_n40_e120_k2_mid_13,g_n40_e120_k2_mid_13_p12,train,40,120,108,2,1,mid,12,1926295200,98744135337188447883677844,335960842834525683749640,59.85457424488423,54.17128156686399,5.683292678020244,12,0.1,0.13846153846153847,5.4,3.589999999999999,1,2,2.9782051282051283,5,0.0774734512790767,11.921622426859837,0.2923077261728899,893.1673870891989,0.05205802968960864,0.5520692757534862,0.11665729448674257
g_n40_e120_k2_mid_14,g_n40_e120_k2_mid_14_p0,train,40,120,120,2,2,mid,0,204912241,99042490594771741026678391,99042490594771741026678391,59.85759118783959,59.85759118783959,0.0,0,0.0,0.15384615384615385,6.0,3.75,3,0,2.812820512820513,6,0.14506354939832658,12.838057699745967,0.33881661480695513,587.1526241413285,0.04770580296896086,0.44176000794762127,0.08825138200956842
g_n40_e120_k2_mid_14,g_n40_e120_k2_mid_14_p6,train,40,120,114,2,2,mid,6,704913741,99042490594771741026678391,6406523677595967198402397,59.85759118783959,57.11935902768851,2.738232160151078,6,0.05,0.14615384615384616,5.7,4.109999999999999,2,0,2.8666666666666667,6,0.13652442845778123,12.778468308560573,0.4057849989747533,635.9300027607214,0.04912280701754386,0.48064500341010813,0.09471453229003643
g_n40_e120_k2_mid_14,g_n40_e120_k2_mid_14_p12,train,40,120,108,2,2,mid,12,1204915241,99042490594771741026678391,807739643311194439836444,59.85759118783959,55.04852673584611,4.809064451993478,12,0.1,0.13846153846153847,5.4,3.34,2,0,2.9076923076923076,6,0.13984497464468426,11.853607922874538,0.26512369729859486,651.2354067972227,0.05020242914979757,0.4463333877301489,0.08912151674415769
g_n40_e120_k2_mid_15,g_n40_e120_k2_mid_15_p0,train,40,120,120,2,2,mid,0,3778499578,99263933985118744062590014,99263933985118744062590014,59.85982453436742,59.85982453436742,0.0,0,0.0,0.15384615384615385,6.0,3.7,3,0,3.008974358974359,6,0.12623826845042155,12.155836456643359,0.21490467248302636,624.7010497844349,0.05286774628879891,0.36298888788869954,0.081883158184313
g_n40_e120_k2_mid_15,g_n40_e120_k2_mid_15_p6,train,40,120,114,2,2,mid,6,4278501078,99263933985118744062590014,9316990792437082979598840,59.85982453436742,57.493881932070856,2.3659426022965633,6,0.05,0.14615384615384616,5.7,3.6099999999999994,3,0,3.1756410256410255,6,0.1193966283965531,11.879364802919676,0.1506591956388501,666.0913387494867,0.057253711201079624,0.3212917081903746,0.07928873935260751
g_n40_e120_k2_mid_15,g_n40_e120_k2_mid_15_p12,train,40,120,108,2,1,mid,12,483535282,99263933985118744062590014,374529164482945426897152,59.85982453436742,54.27995662858898,5.579867905778443,12,0.1,0.13846153846153847,5.4,3.8899999999999997,1,1,3.1256410256410256,7,0.1188200615622522,11.925419308428173,0.5912913597300555,721.0723363680131,0.0559379217273954,0.3764792046883021,0.08573150292161164
g_n40_e120_k2_mid_16,g_n40_e120_k2_mid_16_p0,train,40,120,120,2,2,mid,0,3057119619,100093891378300611124203178,100093891378300611124203178,59.86815089112436,59.86815089112436,0.0,0,0.0,0.15384615384615385,6.0,4.0,2,0,2.7115384615384617,5,0.15424078284826165,13.145368201832987,0.307444633941687,571.0270767951057,0.04504048582995952,0.32887679997157154,0.07869562785343487
g_n40_e120_k2_mid_16,g_n40_e120_k2_mid_16_p6,train,40,120,114,2,1,mid,6,3557121119,100093891378300611124203178,3703030521487427564352896,59.86815089112436,56.57119377612226,3.296957115002101,6,0.05,0.14615384615384616,5.7,4.3100000000000005,2,1,2.958974358974359,6,0.07821760795795704,12.768686307081694,0.3273157217636715,853.0455826960645,0.05155195681511471,0.5497569681780207,0.11536521974104165
g_n40_e120_k2_mid_16,g_n40_e120_k2_mid_16_p12,train,40,120,108,2,1,mid,12,4057122619,100093891378300611124203178,692346562734712477777976,59.86815089112436,54.894373596328,4.973777294796356,12,0.1,0.13846153846153847,5.4,3.4899999999999998,1,1,2.835897435897436,6,0.1490207069694936,12.364907779111268,0.2966100833587877,643.6553632575906,0.04831309041835357,0.31763057225188174,0.07926763559577511
g_n40_e120_k2_mid_17,g_n40_e120_k2_mid_17_p0,validation,40,120,120,2,2,mid,0,2335739660,100296788663551023697956903,100296788663551023697956903,59.87017590899987,59.87017590899987,0.0,0,0.0,0.15384615384615385,6.0,3.5,3,0,3.0448717948717947,7,0.12300162157448553,11.790584605098488,0.27214330403238307,633.0515730444129,0.053812415654520926,0.25835464954898163,0.07847002500240108
g_n40_e120_k2_mid_17,g_n40_e120_k2_mid_17_p6,validation,40,120,114,2,2,mid,6,2835741160,100296788663551023697956903,10075522604457184022762948,59.87017590899987,57.57215120975471,2.298024699245161,6,0.05,0.14615384615384616,5.7,3.56,3,0,3.1653846153846152,7,0.12011949159062486,11.766833279364084,0.08430290249131289,662.1469733671249,0.056983805668016196,0.3072445863277304,0.08211863217391785
g_n40_e120_k2_mid_17,g_n40_e120_k2_mid_17_p12,validation,40,120,108,2,2,mid,12,3335742660,100296788663551023697956903,499009898851333887277151,59.87017590899987,54.56691288580714,5.303263023192727,12,0.1,0.13846153846153847,5.4,3.59,2,0,3.2756410256410255,7,0.09847750271571953,11.58469713518962,0.28365689763754,773.0640780346032,0.05988529014844803,0.38599484935517325,0.09556581848938425
g_n40_e120_k2_mid_18,g_n40_e120_k2_mid_18_p0,train,40,120,120,2,2,mid,0,1614359701,100525331529466446081818115,100525331529466446081818115,59.87245198261527,59.87245198261527,0.0,0,0.0,0.15384615384615385,6.0,3.6,2,0,2.8705128205128205,7,0.14194054130474262,12.323746616408508,0.3211459372482537,593.2632543897093,0.04922402159244264,0.37185917770938004,0.07925332957807874
g_n40_e120_k2_mid_18,g_n40_e120_k2_mid_18_p6,train,40,120,114,2,2,mid,6,2114361201,100525331529466446081818115,7830239823927582462369869,59.87245198261527,57.32003537024485,2.552416612370415,6,0.05,0.14615384615384616,5.7,3.8600000000000003,2,0,2.9166666666666665,7,0.13661502850651486,11.802202602529817,0.5891397257398197,630.3337584893598,0.05043859649122806,0.40560165975016305,0.08376981693915235
g_n40_e120_k2_mid_18,g_n40_e120_k2_mid_18_p12,train,40,120,108,2,2,mid,12,2614362701,100525331529466446081818115,1469084146819669504087262,59.87245198261527,55.64668140910992,4.225770573505351,12,0.1,0.13846153846153847,5.4,2.84,2,0,2.95,7,0.13809003244708662,11.180378031349356,0.34334248832137515,637.9013191636143,0.051315789473684204,0.3634577811822394,0.07898893771536225
g_n40_e120_k2_mid_19,g_n40_e120_k2_mid_19_p0,test,40,120,120,2,2,mid,0,892979742,101267533517740952104338808,101267533517740952104338808,59.879808093397045,59.879808093397045,0.0,0,0.0,0.15384615384615385,6.0,3.75,3,0,2.830769230769231,5,0.1490789487955458,12.408077203601797,0.17602383031121605,580.1704639457497,0.04817813765182186,0.26942932360966676,0.07106046972863488
g_n40_e120_k2_mid_19,g_n40_e120_k2_mid_19_p6,test,40,120,114,2,2,mid,6,1392981242,101267533517740952104338808,10586819217601769753566628,59.879808093397045,57.62165198918719,2.258156104209853,6,0.05,0.14615384615384616,5.7,3.56,3,0,2.917948717948718,6,0.1424828243484945,11.429330482900143,0.3340621922075373,613.1987678826437,0.050472334682860984,0.2922366650575748,0.07268483433008846
g_n40_e120_k2_mid_19,g_n40_e120_k2_mid_19_p12,test,40,120,108,2,1,mid,12,1892982742,101267533517740952104338808,409082882631067907032500,59.879808093397045,54.36820473540735,5.511603357989692,12,0.1,0.13846153846153847,5.4,3.79,2,1,3.2435897435897436,7,0.069185442320469,11.509105941543405,0.3916224860560549,937.4574071425204,0.059041835357624826,0.5227877385772122,0.11507416709384255
g_n40_e120_k2_high_20,g_n40_e120_k2_high_20_p0,validation,40,120,120,2,2,high,0,171599783,185738493809944534882483350,185738493809944534882483350,60.486381969040735,60.486381969040735,0.0,0,0.0,0.15384615384615385,6.0,2.55,3,0,2.95,6,0.1356175595025189,12.283450050531378,0.2267353971588273,594.6454114563478,0.051315789473684204,0.351519499428776,0.07761602443292062
g_n40_e120_k2_high_20,g_n40_e120_k2_high_20_p6,validation,40,120,114,2,2,high,6,671601283,185738493809944534882483350,17887056665531471743527771,60.486381969040735,58.1461195918361,2.3402623772046383,6,0.05,0.14615384615384616,5.7,2.5599999999999996,3,0,2.9756410256410257,6,0.13264075854324664,11.69395750752669,0.1465876801845587,623.7836547683191,0.05199055330634278,0.3667654789707659,0.07991472153412306
g_n40_e120_k2_high_20,g_n40_e120_k2_high_20_p12,validation,40,120,108,2,2,high,12,1171602783,185738493809944534882483350,1541909209984419550069739,60.486381969040735,55.695063627174335,4.7913183418664005,12,0.1,0.13846153846153847,5.4,2.4899999999999998,3,0,3.06025641025641,6,0.1295519585826321,11.263457381577469,0.17108031514702837,655.595884098588,0.05421727395411605,0.32843720469915105,0.07643204747938644
g_n40_e120_k2_high_21,g_n40_e120_k2_high_21_p0,test,40,120,120,2,2,high,0,3745187120,192380867567883122223619968,192380867567883122223619968,60.521519324228755,60.521519324228755,0.0,0,0.0,0.15384615384615385,6.0,2.55,3,0,2.782051282051282,5,0.15167515556869104,11.261412244597562,0.2912506970598585,564.4028287206979,0.04689608636977058,0.3069857567833277,0.0759571930767628
g_n40_e120_k2_high_21,g_n40_e120_k2_high_21_p6,test,40,120,114,2,2,high,6,4245188620,192380867567883122223619968,13967748115544457611798628,60.521519324228755,57.89879319782672,2.6227261264020356,6,0.05,0.14615384615384616,5.7,2.81,2,0,2.817948717948718,5,0.15104865239105938,11.171000998155586,0.27574632815848155,595.8770983971659,0.04784075573549258,0.2919006919006919,0.07704260994731796
g_n40_e120_k2_high_21,g_n40_e120_k2_high_21_p12,test,40,120,108,2,2,high,12,450222824,192380867567883122223619968,1978397717394567771671544,60.521519324228755,55.94432951531814,4.577189808910617,12,0.1,0.13846153846153847,5.4,2.19,2,0,2.8384615384615386,5,0.1491257262310739,11.061752308441559,0.3400204990111586,614.8447201858473,0.04838056680161943,0.3375502178133757,0.07993527582711314
g_n40_e120_k2_high_22,g_n40_e120_k2_high_22_p0,train,40,120,120,2,2,high,0,3023807161,193817227553213922531958644,193817227553213922531958644,60.528957820826406,60.528957820826406,0.0,0,0.0,0.15384615384615385,6.0,3.45,4,0,2.7102564102564104,5,0.1562812122039991,13.458075481917309,0.24253721031476871,553.8247209612292,0.04500674763832658,0.34600878598321594,0.07820771672939016
g_n40_e120_k2_high_22,g_n40_e120_k2_high_22_p6,train,40,120,114,2,2,high,6,3523808661,193817227553213922531958644,16740669507178858917425037,60.528957820826406,58.0798832905738,2.4490745302526093,6,0.05,0.14615384615384616,5.7,3.4599999999999995,3,0,2.792307692307692,6,0.15319929376995234,12.68921244381741,0.26682745960387066,583.3715024754201,0.047165991902834,0.3211237816585581,0.07532931495886352
g_n40_e120_k2_high_22,g_n40_e120_k2_high_22_p12,train,40,120,108,2,2,high,12,4023810161,193817227553213922531958644,1634100175303074632750410,60.528957820826406,55.75313453321075,4.775823287615658,12,0.1,0.13846153846153847,5.4,2.84,2,0,2.83974358974359,6,0.15052546101863296,11.600047585475782,0.24140537667958828,613.3064742130293,0.04841430499325237,0.3038886988803226,0.0748505867818601
g_n40_e120_k2_high_23,g_n40_e120_k2_high_23_p0,train,40,120,120,2,2,high,0,2302427202,195365252902805139513079185,195365252902805139513079185,60.53691313018113,60.53691313018113,0.0,0,0.0,0.15384615384615385,6.0,2.55,3,0,2.878205128205128,5,0.14043146291209618,11.437323377547436,0.2500678094995008,583.6079832594392,0.04942645074224021,0.3206069577019427,0.07666252568894666
g_n40_e120_k2_high_23,g_n40_e120_k2_high_23_p6,train,40,120,114,2,2,high,6,2802428702,195365252902805139513079185,22973515874478127113750116,60.53691313018113,58.39638430060116,2.1405288295799636,6,0.05,0.14615384615384616,5.7,2.3600000000000003,3,0,2.9217948717948716,5,0.13731207690869646,10.956089776724356,0.35000383113715117,608.0274179494176,0.05057354925775979,0.31504619611907053,0.07673163883835948
g_n40_e120_k2_high_23,g_n40_e120_k2_high_23_p12,train,40,120,108,2,2,high,12,3302430202,195365252902805139513079185,2578359501662293277793298,60.53691313018113,56.20919557648208,4.3277175536990455,12,0.1,0.13846153846153847,5.4,1.89,3,0,3.01025641025641,6,0.1329375081289593,10.836892714891562,0.32161467192975746,638.1906766904319,0.05290148448043184,0.32479069350467304,0.07710401906115512
g_n40_e120_k2_high_24,g_n40_e120_k2_high_24_p0,train,40,120,120,2,2,high,0,1581047243,210769444525469473631348430,210769444525469473631348430,60.61280708794909,60.61280708794909,0.0,0,0.0,0.15384615384615385,6.0,2.85,4,0,2.9166666666666665,6,0.1393507882217675,12.707678341131828,0.24164879169228115,582.8008726267906,0.05043859649122806,0.2943953474047477,0.07680593997822716
g_n40_e120_k2_high_24,g_n40_e120_k2_high_24_p6,train,40,120,114,2,2,high,6,2081048743,210769444525469473631348430,23304041156613135979844470,60.61280708794909,58.41066901758773,2.2021380703613644,6,0.05,0.14615384615384616,5.7,2.46,4,0,2.9461538461538463,6,0.13883395394861334,11.803601791964374,0.20460151849946762,605.3943980410147,0.05121457489878541,0.28423743388576717,0.0766724131423266
g_n40_e120_k2_high_24,g_n40_e120_k2_high_24_p12,train,40,120,108,2,2,high,12,2581050243,210769444525469473631348430,1055236742888538723227904,60.61280708794909,55.31580737445324,5.29699971349585,12,0.1,0.13846153846153847,5.4,3.3899999999999997,2,0,3.0346153846153845,7,0.1318980591400686,12.607887536954241,0.198463389127169,657.7729905554588,0.0535425101214575,0.2955003934240219,0.07749915664921182
g_n40_e120_k2_high_25,g_n40_e120_k2_high_25_p0,test,40,120,120,2,2,high,0,859667284,228942450013874825151458128,228942450013874825151458128,60.69551289384461,60.69551289384461,0.0,0,0.0,0.15384615384615385,6.0,2.45,3,0,2.9461538461538463,6,0.13423675213335579,11.923367349117513,0.1962237884400153,592.1983297862552,0.05121457489878541,0.35088032639598793,0.07983319337866146
g_n40_e120_k2_high_25,g_n40_e120_k2_high_25_p6,test,40,120,114,2,1,high,6,1359668784,228942450013874825151458128,11416332743032718415845628,60.69551289384461,57.697087258684014,2.9984256351605936,6,0.05,0.14615384615384616,5.7,2.5100000000000002,3,1,3.2576923076923077,6,0.06465336800315209,11.789951407875352,0.06977015121946106,933.7264227962409,0.05941295546558704,0.5248420195788617,0.11475919479182768
g_n40_e120_k2_high_25,g_n40_e120_k2_high_25_p12,test,40,120,108,2,2,high,12,1859670284,228942450013874825151458128,1150542832015539354066976,60.69551289384461,55.40227609070176,5.293236803142847,12,0.1,0.13846153846153847,5.4,2.79,2,0,3.1076923076923078,6,0.1226338547406613,11.110694544863085,0.22838981716365403,680.8340639088739,0.055465587044534415,0.312145898785575,0.08091106279817732
g_n40_e120_k2_high_26,g_n40_e120_k2_high_26_p0,train,40,120,120,2,2,high,0,138287325,240079959240852885652438166,240079959240852885652438166,60.743014263216004,60.743014263216004,0.0,0,0.0,0.15384615384615385,6.0,2.25,3,0,2.8474358974358975,6,0.14484522358247393,11.772722186790517,0.2043297605121559,572.8080110571738,0.048616734143049935,0.3406946132030328,0.0782931035892829
g_n40_e120_k2_high_26,g_n40_e120_k2_high_26_p6,train,40,120,114,2,2,high,6,638288825,240079959240852885652438166,19118201089563905078869844,60.743014263216004,58.2126830497802,2.530331213435801,6,0.05,0.14615384615384616,5.7,2.46,2,0,2.867948717948718,6,0.14448114502760537,11.619532270480658,0.20536842443341552,601.2545750940022,0.04915654520917679,0.3484901541387637,0.07936404230415331
g_n40_e120_k2_high_26,g_n40_e120_k2_high_26_p12,train,40,120,108,2,1,high,12,1138290325,240079959240852885652438166,1028922261904901799013075,60.743014263216004,55.290554138629616,5.452460124586388,12,0.1,0.13846153846153847,5.4,2.2399999999999998,3,1,3.2333333333333334,7,0.06841760486792935,10.8182237644257,0.1392852033348202,927.7874312360838,0.058771929824561406,0.5330248698669751,0.11582248995385079
g_n40_e120_k2_high_27,g_n40_e120_k2_high_27_p0,train,40,120,120,2,2,high,0,3711874662,263611871057100235343810602,263611871057100235343810602,60.83652006783069,60.83652006783069,0.0,0,0.0,0.15384615384615385,6.0,2.2,3,0,2.876923076923077,5,0.14080493095190671,11.602866582145221,0.1279502803940762,577.1873580091675,0.04939271255060729,0.28088133938336357,0.07273067935954745
g_n40_e120_k2_high_27,g_n40_e120_k2_high_27_p6,train,40,120,114,2,2,high,6,4211876162,263611871057100235343810602,23248505514030656326370672,60.83652006783069,58.408283082858055,2.428236984972635,6,0.05,0.14615384615384616,5.7,2.3600000000000003,3,0,2.9166666666666665,5,0.13853136695341153,11.489376909711748,0.14799727759517634,605.8120944831977,0.050438596491228074,0.30306920175341234,0.07416536104653887
g_n40_e120_k2_high_27,g_n40_e120_k2_high_27_p12,train,40,120,108,2,2,high,12,416910366,263611871057100235343810602,1570301169060817742517675,60.83652006783069,55.71330966024806,5.123210407582633,12,0.1,0.13846153846153847,5.4,2.54,2,0,2.967948717948718,5,0.13680130494768153,11.4152342415952,0.1906989557383394,642.1967436488957,0.0517881241565452,0.29426471901168255,0.07565368537191461
g_n40_e120_k2_high_28,g_n40_e120_k2_high_28_p0,validation,40,120,120,2,2,high,0,2990494703,274706452428925609422662034,274706452428925609422662034,60.87774531368474,60.87774531368474,0.0,0,0.0,0.15384615384615385,6.0,2.55,4,0,2.76025641025641,5,0.15376749371290155,13.384489807695953,0.27179511055445893,553.4212209602366,0.0463225371120108,0.3061270664802521,0.07526331739960601
g_n40_e120_k2_high_28,g_n40_e120_k2_high_28_p6,validation,40,120,114,2,2,high,6,3490496203,274706452428925609422662034,26477142629319448895878839,60.87774531368474,58.5383240503558,2.339421263328944,6,0.05,0.14615384615384616,5.7,2.5599999999999996,3,0,2.7935897435897434,5,0.1521625499475219,13.371001143575711,0.48479049148504494,578.4657170548749,0.047199730094466937,0.27364983569437007,0.07416723276626619
g_n40_e120_k2_high_28,g_n40_e120_k2_high_28_p12,validation,40,120,108,2,2,high,12,3990497703,274706452428925609422662034,1765959182564308727918137,60.87774531368474,55.83073622084101,5.04700909284373,12,0.1,0.13846153846153847,5.4,2.7899999999999996,3,0,2.8935897435897435,6,0.14735213224626356,12.531852250128724,0.5111591761152283,617.7302589207138,0.04983130904183536,0.285577497925676,0.07578295355665471
g_n40_e120_k2_high_29,g_n40_e120_k2_high_29_p0,train,40,120,120,2,2,high,0,2269114744,281303879676830750102914153,281303879676830750102914153,60.9014777392124,60.9014777392124,0.0,0,0.0,0.15384615384615385,6.0,2.0,3,0,2.8564102564102565,6,0.14695899944469618,10.945480747836356,0.16217932862012496,565.3167403768283,0.048852901484480425,0.2554258192189325,0.07096428809901162
g_n40_e120_k2_high_29,g_n40_e120_k2_high_29_p6,train,40,120,114,2,2,high,6,2769116244,281303879676830750102914153,25984849584423580509047193,60.9014777392124,58.51955589174672,2.3819218474656836,6,0.05,0.14615384615384616,5.7,2.21,3,0,2.9307692307692306,6,0.14204823979578068,10.866853741300398,0.1919946340055887,596.5399847738307,0.05080971659919027,0.2813905917144782,0.07234575512792304
g_n40_e120_k2_high_29,g_n40_e120_k2_high_29_p12,train,40,120,108,2,1,high,12,3269117744,281303879676830750102914153,936226271121094656412656,60.9014777392124,55.19614414278825,5.705333596424154,12,0.1,0.13846153846153847,5.4,2.6399999999999997,1,1,3.0294871794871794,7,0.13851505700655364,10.726488410321304,0.21633897468367724,661.5323796677101,0.05340755735492577,0.30236913766016,0.07239116739397775
g_n40_e120_k3_low_00,g_n40_e120_k3_low_00_p0,test,40,120,120,3,3,low,0,1547734785,44773402475181577601246244,44773402475181577601246244,59.063656500221114,59.063656500221114,0.0,0,0.0,0.15384615384615385,6.0,5.8,3,0,2.9,6,0.19040218707551426,14.243825133571677,0.4087929369637644,539.0126425945105,0.049999999999999996,0.30386691393776416,0.06632900262477084
g_n40_e120_k3_low_00,g_n40_e120_k3_low_00_p6,test,40,120,114,3,2,low,6,2047736285,44773402475181577601246244,2581987582402761012949072,59.063656500221114,56.21060171497593,2.8530547852451846,6,0.05,0.14615384615384616,5.7,5.5600000000000005,2,0,3.1333333333333333,6,0.1214932540448823,13.29308560199403,0.5464091818029857,685.6573342695999,0.05614035087719298,0.25848045775597445,0.07308477440834862
g_n40_e120_k3_low_00,g_n40_e120_k3_low_00_p12,test,40,120,108,3,1,low,12,2547737785,44773402475181577601246244,99572043926926008473089,59.063656500221114,52.955168394601934,6.10848810561918,12,0.1,0.13846153846153847,5.4,5.99,1,1,3.1923076923076925,6,0.1084096800387633,14.234111488211937,0.17926666597497665,774.6788267402255,0.05769230769230769,0.2721774549531159,0.07797112531154014
g_n40_e120_k3_low_01,g_n40_e120_k3_low_01_p0,test,40,120,120,3,3,low,0,826354826,67551116208066061128854080,67551116208066061128854080,59.47492682030244,59.47492682030244,0.0,0,0.0,0.15384615384615385,6.0,5.5,3,0,2.6435897435897435,5,0.2276489422329556,14.349443071515683,0.542629005094243,499.3678502084584,0.0432523616734143,0.23371008130223983,0.06337669425210204
g_n40_e120_k3_low_01,g_n40_e120_k3_low_01_p6,test,40,120,114,3,2,low,6,1326356326,67551116208066061128854080,3639142206613114661232170,59.47492682030244,56.55379022821028,2.921136592092161,6,0.05,0.14615384615384616,5.7,5.61,2,0,2.693589743589744,6,0.22450626005767205,13.406172825135682,0.42133751491114957,541.7262157696299,0.044568151147098514,0.23169540011645273,0.06367462351923038
g_n40_e120_k3_low_01,g_n40_e120_k3_low_01_p12,test,40,120,108,3,2,low,12,1826357826,67551116208066061128854080,451013475821389990801188,59.47492682030244,54.46578417180129,5.009142648501154,12,0.1,0.13846153846153847,5.4,5.24,2,0,2.7653846153846153,5,0.2158609692733664,14.30694319961271,1.0234658893452089,566.2116571524534,0.04645748987854251,0.2805225251581527,0.06638449992978017
g_n40_e120_k3_low_02,g_n40_e120_k3_low_02_p0,train,40,120,120,3,3,low,0,104974867,73946633176946810415748824,73946633176946810415748824,59.56538589160622,59.56538589160622,0.0,0,0.0,0.15384615384615385,6.0,4.8,3,0,2.6384615384615384,5,0.22516365029462487,12.748979779306465,0.4448029280834014,502.4101653886895,0.043117408906882586,0.27698311893358335,0.06504765610639282
g_n40_e120_k3_low_02,g_n40_e120_k3_low_02_p6,train,40,120,114,3,1,low,6,604976367,73946633176946810415748824,2553062130681193452794742,59.56538589160622,56.199335706162344,3.366050185443875,6,0.05,0.14615384615384616,5.7,5.11,1,1,2.6974358974358976,5,0.21744559871632954,12.011570456128775,0.39433156225436683,566.8852085369375,0.044669365721997305,0.2817134132923607,0.06646991631887236
g_n40_e120_k3_low_02,g_n40_e120_k3_low_02_p12,train,40,120,108,3,2,low,12,1104977867,73946633176946810415748824,549514162659031061909620,59.56538589160622,54.6633215001063,4.90206439149992,12,0.1,0.13846153846153847,5.4,4.29,2,0,2.7487179487179487,5,0.21644788774864449,11.65959990698325,0.48319460408808457,567.1352097690518,0.046018893387314436,0.2605515005312576,0.06515504481325182
g_n40_e120_k3_low_03,g_n40_e120_k3_low_03_p0,train,40,120,120,3,3,low,0,3678562204,90499028312133628453015000,90499028312133628453015000,59.76738134562284,59.76738134562284,0.0,0,0.0,0.15384615384615385,6.0,4.8,3,0,2.7243589743589745,6,0.21285544682889357,13.694334125992244,0.4920218911169023,505.83558894732363,0.045377867746288804,0.28516823792560475,0.06655759077254587
g_n40_e120_k3_low_03,g_n40_e120_k3_low_03_p6,train,40,120,114,3,3,low,6,4178563704,90499028312133628453015000,13221632262845009495173964,59.76738134562284,57.84389652786053,1.9234848177623078,6,0.05,0.14615384615384616,5.7,4.01,3,0,2.7564102564102564,6,0.20807946318520024,12.727920469990458,0.3293706475404541,525.6286480101172,0.04622132253711201,0.281736232521518,0.06677182783777405
g_n40_e120_k3_low_03,g_n40_e120_k3_low_03_p12,train,40,120,108,3,2,low,12,383597908,90499028312133628453015000,530570090667631172891028,59.76738134562284,54.62823902410107,5.139142321521767,12,0.1,0.13846153846153847,5.4,4.34,2,0,2.9307692307692306,6,0.13674993290287676,11.989198706449562,0.29590000065701005,659.7218077595451,0.05080971659919029,0.3389368353943252,0.08200153985530806
g_n40_e120_k3_low_04,g_n40_e120_k3_low_04_p0,validation,40,120,120,3,3,low,0,2957182245,94311975222710288574884448,94311975222710288574884448,59.808650404130695,59.808650404130695,0.0,0,0.0,0.15384615384615385,6.0,4.05,3,0,2.7435897435897436,5,0.21422339984214045,11.908127244106405,0.33303639974186616,507.34089475533585,0.04588394062078273,0.23700908914180238,0.06048765841466778
g_n40_e120_k3_low_04,g_n40_e120_k3_low_04_p6,validation,40,120,114,3,2,low,6,3457183745,94311975222710288574884448,8239802337279458204778825,59.808650404130695,57.37101858729652,2.437631816834177,6,0.05,0.14615384615384616,5.7,3.8600000000000003,2,0,2.8076923076923075,6,0.20749244706236553,11.566814678647432,0.2730458113467922,541.3287982266284,0.04757085020242915,0.2715350584426555,0.06263629459394524
g_n40_e120_k3_low_04,g_n40_e120_k3_low_04_p12,validation,40,120,108,3,2,low,12,3957185245,94311975222710288574884448,794735654786018366024448,59.808650404130695,55.03229650253256,4.776353901598135,12,0.1,0.13846153846153847,5.4,3.2399999999999998,2,0,3.055128205128205,6,0.1343359665776119,11.036143950079728,0.29929818398742647,660.8086293886881,0.05408232118758434,0.33966451527180275,0.07937261037818191
g_n40_e120_k3_low_05,g_n40_e120_k3_low_05_p0,train,40,120,120,3,3,low,0,2235802286,95177457416755380396226580,95177457416755380396226580,59.817785353774,59.817785353774,0.0,0,0.0,0.15384615384615385,6.0,4.1,3,0,2.8333333333333335,6,0.20920658698364883,12.578431318688175,0.22503714075622305,512.696615870908,0.04824561403508772,0.22898680079854167,0.058404424431719414
g_n40_e120_k3_low_05,g_n40_e120_k3_low_05_p6,train,40,120,114,3,2,low,6,2735803786,95177457416755380396226580,6992426875602510896799198,59.817785353774,57.206869920349384,2.6109154334246156,6,0.05,0.14615384615384616,5.7,4.0600000000000005,2,0,2.891025641025641,6,0.20408419569836478,11.701265526937249,0.42521228685273194,549.4133299763115,0.0497638326585695,0.21171776014627067,0.0577233632657628
g_n40_e120_k3_low_05,g_n40_e120_k3_low_05_p12,train,40,120,108,3,2,low,12,3235805286,95177457416755380396226580,397436056741009113113552,59.817785353774,54.33932101048479,5.478464343289211,12,0.1,0.13846153846153847,5.4,3.9899999999999998,2,0,3.0076923076923077,6,0.13902694805019497,11.529189333522147,0.26246769199708986,671.6436509967564,0.052834008097166,0.3188695138940185,0.07732435564513992
g_n40_e120_k3_low_06,g_n40_e120_k3_low_06_p0,train,40,120,120,3,3,low,0,1514422327,97529830828371222299260641,97529830828371222299260641,59.8422005202796,59.8422005202796,0.0,0,0.0,0.15384615384615385,6.0,4.2,3,0,2.721794871794872,6,0.21651553001392984,11.920484915989206,0.23977967884395746,503.6997547398893,0.04531039136302294,0.22954567470868334,0.05909449831497498
g_n40_e120_k3_low_06,g_n40_e120_k3_low_06_p6,train,40,120,114,3,3,low,6,2014423827,97529830828371222299260641,9680713450879214813915472,59.8422005202796,57.53217783403283,2.310022686246768,6,0.05,0.14615384615384616,5.7,4.209999999999999,3,0,2.76025641025641,6,0.21401591478390736,11.670860934266193,0.25656551911574965,528.5950155578745,0.046322537112010786,0.24717902623925786,0.061172868405071044
g_n40_e120_k3_low_06,g_n40_e120_k3_low_06_p12,train,40,120,108,3,2,low,12,2514425327,97529830828371222299260641,431708110053029934407289,59.8422005202796,54.42203664157689,5.420163878702709,12,0.1,0.13846153846153847,5.4,3.94,2,0,2.93974358974359,6,0.14129239494331727,11.43747814720671,0.3694737906053369,661.5294654712034,0.051045883940620776,0.340202664530943,0.0785373783309275
g_n40_e120_k3_low_07,g_n40_e120_k3_low_07_p0,validation,40,120,120,3,3,low,0,793042368,98056948022391281425639173,98056948022391281425639173,59.847590644022425,59.847590644022425,0.0,0,0.0,0.15384615384615385,6.0,4.55,3,0,2.68974358974359,5,0.2193805946186097,13.580805852949691,0.4405619942429775,501.3731887383443,0.04446693657219973,0.3551258226874393,0.07580057379766712
g_n40_e120_k3_low_07,g_n40_e120_k3_low_07_p6,validation,40,120,114,3,2,low,6,1293043868,98056948022391281425639173,4038012170653045512913314,59.847590644022425,56.657794765773176,3.1897958782492495,6,0.05,0.14615384615384616,5.7,4.71,2,0,2.8423076923076924,6,0.14734889202686438,12.586146153899008,0.4647176826410817,628.9221709790821,0.04848178137651822,0.4185043701238033,0.08987057244677976
g_n40_e120_k3_low_07,g_n40_e120_k3_low_07_p12,validation,40,120,108,3,2,low,12,1793045368,98056948022391281425639173,409804494905345762765696,59.847590644022425,54.36996715715388,5.477623486868545,12,0.1,0.13846153846153847,5.4,4.6899999999999995,2,0,2.826923076923077,6,0.19854574399917324,12.838278415481522,0.3581721756637748,590.7944128627171,0.04807692307692308,0.4183497138424296,0.08744436847006858
g_n40_e120_k3_low_08,g_n40_e120_k3_low_08_p0,train,40,120,120,3,3,low,0,71662409,102347953556138708668549976,102347953556138708668549976,59.8904205491982,59.8904205491982,0.0,0,0.0,0.15384615384615385,6.0,3.75,3,0,2.716666666666667,6,0.22230784828904213,11.720315843124807,0.6198258264644814,504.17119435711277,0.04517543859649122,0.21438494128138272,0.05769034499059775
g_n40_e120_k3_low_08,g_n40_e120_k3_low_08_p6,train,40,120,114,3,2,low,6,571663909,102347953556138708668549976,8124867811623821163225032,59.8904205491982,57.356971690601945,2.533448858596252,6,0.05,0.14615384615384616,5.7,3.8600000000000003,2,0,2.7474358974358974,6,0.22052968239969986,11.531320873470705,0.6298333200806585,534.6122213901226,0.04598515519568151,0.22025311866831157,0.059292615525355655
g_n40_e120_k3_low_08,g_n40_e120_k3_low_08_p12,train,40,120,108,3,2,low,12,1071665409,102347953556138708668549976,564467008436931364270001,59.8904205491982,54.6901688908895,5.200251658308694,12,0.1,0.13846153846153847,5.4,3.79,2,0,2.787179487179487,6,0.21506321808392992,11.256856226119359,0.7204894811809535,576.9368488097591,0.04703103913630229,0.22650079320652514,0.06163043703473631
g_n40_e120_k3_low_09,g_n40_e120_k3_low_09_p0,train,40,120,120,3,3,low,0,3645249746,104159573685287179664566112,104159573685287179664566112,59.90796631742579,59.90796631742579,0.0,0,0.0,0.15384615384615385,6.0,4.5,3,0,2.6525641025641025,5,0.22284524311983878,12.860294895181715,0.39124780229772593,495.6002135850926,0.043488529014844804,0.3061247816332524,0.06839456709719677
g_n40_e120_k3_low_09,g_n40_e120_k3_low_09_p6,train,40,120,114,3,2,low,6,4145251246,104159573685287179664566112,8631701351696874197319923,59.90796631742579,57.417483861403575,2.490482456022214,6,0.05,0.14615384615384616,5.7,4.41,2,0,2.7051282051282053,5,0.22030327189957247,12.629706789950667,0.3976549301232044,526.5963107537698,0.04487179487179487,0.28789631480257033,0.06635071480990304
g_n40_e120_k3_low_09,g_n40_e120_k3_low_09_p12,train,40,120,108,3,2,low,12,350285450,104159573685287179664566112,764554441796831463071508,59.90796631742579,54.993580188000074,4.914386129425715,12,0.1,0.13846153846153847,5.4,3.9400000000000004,3,0,2.7987179487179485,5,0.14892683504742682,11.989235220947563,0.3581130578025231,629.4704589230081,0.04733468286099866,0.3753566608829767,0.0838781405982426
g_n40_e120_k3_mid_10,g_n40_e120_k3_mid_10_p0,train,40,120,120,3,3,mid,0,2923869787,194360030991036824308832336,194360030991036824308832336,60.53175450084651,60.53175450084651,0.0,0,0.0,0.15384615384615385,6.0,3.3,3,0,2.764102564102564,5,0.20582156325928985,12.480414355833602,0.4041273093598967,498.77986531960676,0.04642375168690958,0.23061569493458042,0.056601290555680826
g_n40_e120_k3_mid_10,g_n40_e120_k3_mid_10_p6,train,40,120,114,3,3,mid,6,3423871287,194360030991036824308832336,23193837657393179927358893,60.53175450084651,58.40592885703078,2.1258256438157304,6,0.05,0.14615384615384616,5.7,3.0100000000000002,3,0,2.83974358974359,6,0.20235149318474968,12.4555473763189,0.18946963700499353,520.8856731675845,0.04841430499325236,0.2074511723615533,0.055770051922713615
g_n40_e120_k3_mid_10,g_n40_e120_k3_mid_10_p12,train,40,120,108,3,3,mid,12,3923872787,194360030991036824308832336,1351997673560064236572641,60.53175450084651,55.56362548873679,4.968129012109721,12,0.1,0.13846153846153847,5.4,3.44,3,0,2.8692307692307693,5,0.19613783530144005,11.458748610344362,0.19872940402342465,559.8151152727671,0.049190283400809706,0.2541878349570657,0.060651657144316404
g_n40_e120_k3_mid_11,g_n40_e120_k3_mid_11_p0,validation,40,120,120,3,3,mid,0,2202489828,199219411400232643620826598,199219411400232643620826598,60.55644901904828,60.55644901904828,0.0,0,0.0,0.15384615384615385,6.0,3.25,3,0,2.683333333333333,6,0.22491748889047408,12.018167836211216,0.4845929959448174,484.6277042112782,0.04429824561403508,0.21229403834501626,0.057248377533605906
g_n40_e120_k3_mid_11,g_n40_e120_k3_mid_11_p6,validation,40,120,114,3,3,mid,6,2702491328,199219411400232643620826598,17955924713844474525238909,60.55644901904828,58.1499623599547,2.4064866590935807,6,0.05,0.14615384615384616,5.7,3.2099999999999995,3,0,2.712820512820513,6,0.22331298799094285,11.406117353982507,0.4405190429150281,510.78388290101793,0.045074224021592446,0.19853706599112772,0.05650517376296235
g_n40_e120_k3_mid_11,g_n40_e120_k3_mid_11_p12,validation,40,120,108,3,2,mid,12,3202492828,199219411400232643620826598,1096539423147342501288073,60.55644901904828,55.35420147370933,5.202247545338949,12,0.1,0.13846153846153847,5.4,3.19,2,0,2.776923076923077,6,0.21968068868023055,11.092290457436635,0.4159526862768823,553.488283147847,0.046761133603238865,0.20773514137660984,0.059203720713743996
g_n40_e120_k3_mid_12,g_n40_e120_k3_mid_12_p0,validation,40,120,120,3,3,mid,0,1481109869,201585105987036170591463876,201585105987036170591463876,60.56825388629256,60.56825388629256,0.0,0,0.0,0.15384615384615385,6.0,3.0,3,0,2.6525641025641025,5,0.22740017433590617,12.620701559806838,0.28198629207772186,485.51006239808214,0.043488529014844804,0.2433280357369426,0.058305040828353645
g_n40_e120_k3_mid_12,g_n40_e120_k3_mid_12_p6,validation,40,120,114,3,1,mid,6,1981111369,201585105987036170591463876,10223528240419494754672009,60.56825388629256,57.5867339860587,2.981519900233863,6,0.05,0.14615384615384616,5.7,3.2600000000000002,1,1,2.7051282051282053,6,0.22393724885332733,11.691075515584116,0.28367108683212905,536.0374864479151,0.044871794871794865,0.24429883924663384,0.05913124804432226
g_n40_e120_k3_mid_12,g_n40_e120_k3_mid_12_p12,validation,40,120,108,3,2,mid,12,2481112869,201585105987036170591463876,949302176739250390456038,60.56825388629256,55.21001411675413,5.358239769538429,12,0.1,0.13846153846153847,5.4,3.3400000000000007,2,0,2.7794871794871794,5,0.21909744165718756,12.530664643598666,0.7307757289029464,559.5675287031938,0.04682860998650472,0.20309069023643922,0.05906360355175529
g_n40_e120_k3_mid_13,g_n40_e120_k3_mid_13_p0,train,40,120,120,3,3,mid,0,759729910,202621925994183991500632485,202621925994183991500632485,60.573384040886985,60.573384040886985,0.0,0,0.0,0.15384615384615385,6.0,3.4,3,0,2.646153846153846,5,0.22426959213640438,11.988576836936025,0.49987309891420484,483.51852810818514,0.04331983805668015,0.21945889706070693,0.061955457694303835
g_n40_e120_k3_mid_13,g_n40_e120_k3_mid_13_p6,train,40,120,114,3,3,mid,6,1259731410,202621925994183991500632485,27527436257068089208048434,60.573384040886985,58.57722542125084,1.996158619636148,6,0.05,0.14615384615384616,5.7,2.8600000000000003,3,0,2.7115384615384617,5,0.21679974640398167,11.792275637124712,0.32398966252777583,505.8062338835279,0.04504048582995951,0.24126034783929515,0.06044224521843549
g_n40_e120_k3_mid_13,g_n40_e120_k3_mid_13_p12,train,40,120,108,3,2,mid,12,1759732910,202621925994183991500632485,1241835759988341921138416,60.573384040886985,55.47863296828945,5.094751072597532,12,0.1,0.13846153846153847,5.4,2.94,2,0,2.9358974358974357,6,0.1377381864020119,11.106150058632783,0.32005136302317005,643.4928884064041,0.05094466936572199,0.31454599707755215,0.07824514486620733
g_n40_e120_k3_mid_14,g_n40_e120_k3_mid_14_p0,test,40,120,120,3,3,mid,0,38349951,203152932418930251860638171,203152932418930251860638171,60.57600128893403,60.57600128893403,0.0,0,0.0,0.15384615384615385,6.0,3.45,3,0,2.6794871794871793,5,0.22414442091424644,12.046490424384919,0.30249703087783963,483.3277925579563,0.044197031039136296,0.18884449615945284,0.05518974272879529
g_n40_e120_k3_mid_14,g_n40_e120_k3_mid_14_p6,test,40,120,114,3,2,mid,6,538351451,203152932418930251860638171,12322692086643450108138022,60.57600128893403,57.77348467961812,2.8025166093159086,6,0.05,0.14615384615384616,5.7,3.81,2,0,2.753846153846154,6,0.21977751729990516,11.802920755926552,0.27686329819822575,522.1034655942908,0.04615384615384614,0.21042647089242303,0.05700744875735107
g_n40_e120_k3_mid_14,g_n40_e120_k3_mid_14_p12,test,40,120,108,3,3,mid,12,1038352951,203152932418930251860638171,1942699542925287950712617,60.57600128893403,55.926120754641595,4.649880534292436,12,0.1,0.13846153846153847,5.4,3.29,3,0,2.746153846153846,5,0.21940253691298806,11.627767164672397,0.3668617557661502,531.7439811135304,0.04595141700404858,0.19427947931037634,0.05547253563017311
g_n40_e120_k3_mid_15,g_n40_e120_k3_mid_15_p0,train,40,120,120,3,3,mid,0,3611937288,203929276162987969387325982,203929276162987969387325982,60.57981548011646,60.57981548011646,0.0,0,0.0,0.15384615384615385,6.0,2.95,3,0,2.707692307692308,6,0.22003592768498056,11.71994356641514,0.25518468837522335,489.3567431830867,0.044939271255060725,0.20548106374618955,0.056183702887242754
g_n40_e120_k3_mid_15,g_n40_e120_k3_mid_15_p6,train,40,120,114,3,2,mid,6,4111938788,203929276162987969387325982,20733265760938999543879062,60.57981548011646,58.29378168381011,2.2860337963063486,6,0.05,0.14615384615384616,5.7,2.76,2,0,2.7423076923076923,6,0.21887362469115418,11.499183015953456,0.44747400822792205,513.2800752039576,0.04585020242914979,0.21314107994269937,0.055744463546529135
g_n40_e120_k3_mid_15,g_n40_e120_k3_mid_15_p12,train,40,120,108,3,2,mid,12,316972992,203929276162987969387325982,2325561759224155284156388,60.57981548011646,56.10600385858236,4.473811621534097,12,0.1,0.13846153846153847,5.4,2.34,2,0,2.7935897435897434,6,0.21448383929476433,10.56947154071593,0.2627245367602775,538.3944553313783,0.04719973009446693,0.21371767383913132,0.05495860634277536
g_n40_e120_k3_mid_16,g_n40_e120_k3_mid_16_p0,test,40,120,120,3,3,mid,0,2890557329,204556014120605474196345738,204556014120605474196345738,60.582884077514315,60.582884077514315,0.0,0,0.0,0.15384615384615385,6.0,3.85,4,0,2.6397435897435897,5,0.22394255390808138,12.998445807861293,0.39673074846325385,481.38291396665477,0.043151147098515516,0.2982469727653418,0.0667799317680387
g_n40_e120_k3_mid_16,g_n40_e120_k3_mid_16_p6,test,40,120,114,3,3,mid,6,3390558829,204556014120605474196345738,15019765834205820493362885,60.582884077514315,57.971409287805635,2.61147478970868,6,0.05,0.14615384615384616,5.7,4.11,3,0,2.7115384615384617,6,0.21722120161341468,12.982069155519099,0.4855758288772698,515.9311368214944,0.04504048582995951,0.3242887671238406,0.0702112864090186
g_n40_e120_k3_mid_16,g_n40_e120_k3_mid_16_p12,test,40,120,108,3,3,mid,12,3890560329,204556014120605474196345738,1275827561229800778733268,60.582884077514315,55.50563726754541,5.077246809968905,12,0.1,0.13846153846153847,5.4,3.8400000000000007,3,0,2.7487179487179487,6,0.21614304560125558,12.38157066462277,0.7148770495164403,543.9268432388637,0.046018893387314436,0.3012415073221476,0.06654218961890537
g_n40_e120_k3_mid_17,g_n40_e120_k3_mid_17_p0,train,40,120,120,3,3,mid,0,2169177370,205174690913480926972876375,205174690913480926972876375,60.58590399891862,60.58590399891862,0.0,0,0.0,0.15384615384615385,6.0,3.25,3,0,2.7294871794871796,6,0.21568539233025424,12.406327405202445,0.20438255978024422,490.17056222977027,0.04551282051282051,0.21984958141185812,0.056074255895277515
g_n40_e120_k3_mid_17,g_n40_e120_k3_mid_17_p6,train,40,120,114,3,3,mid,6,2669178870,205174690913480926972876375,18929395996640552643305474,60.58590399891862,58.20275828936593,2.383145709552686,6,0.05,0.14615384615384616,5.7,3.3599999999999994,3,0,2.7717948717948717,6,0.2126092018972508,12.318952098766005,0.7101893954280101,516.3350776055752,0.04662618083670715,0.22315121327386148,0.056914931507773034
g_n40_e120_k3_mid_17,g_n40_e120_k3_mid_17_p12,train,40,120,108,3,3,mid,12,3169180370,205174690913480926972876375,1845163524554534060769816,60.58590399891862,55.874610136616944,4.711293862301673,12,0.1,0.13846153846153847,5.4,3.09,3,0,2.8653846153846154,6,0.19898143185163808,11.4323218888103,0.2932909365083063,551.0044724051727,0.04908906882591092,0.22799398186122366,0.055959201510034244
g_n40_e120_k3_mid_18,g_n40_e120_k3_mid_18_p0,train,40,120,120,3,3,mid,0,1447797411,206574543303695394493167976,206574543303695394493167976,60.59270356364048,60.59270356364048,0.0,0,0.0,0.15384615384615385,6.0,3.05,3,0,2.7474358974358974,6,0.21176203851666148,11.954198485419518,0.24979002946116413,493.54681911669906,0.045985155195681506,0.24009388592779377,0.061469817420969006
g_n40_e120_k3_mid_18,g_n40_e120_k3_mid_18_p6,train,40,120,114,3,2,mid,6,1947798911,206574543303695394493167976,18247781100945551227531125,60.59270356364048,58.16608572098389,2.42661784265659,6,0.05,0.14615384615384616,5.7,2.6100000000000003,3,0,2.9525641025641027,6,0.13843383741888549,11.250055806773581,0.38140212558164066,610.8329728012843,0.05138326585695006,0.2754926250446405,0.07209055530027796
g_n40_e120_k3_mid_18,g_n40_e120_k3_mid_18_p12,train,40,120,108,3,3,mid,12,2447800411,206574543303695394493167976,1979272003663325019616092,60.59270356364048,55.944771334037036,4.647932229603441,12,0.1,0.13846153846153847,5.4,2.9899999999999993,3,0,2.8346153846153848,6,0.20454870782317738,11.697496350253877,0.35587452368155237,543.9008207492815,0.04827935222672064,0.23166729057417312,0.06076798398882609
g_n40_e120_k3_mid_19,g_n40_e120_k3_mid_19_p0,train,40,120,120,3,3,mid,0,726417452,207651121364030482092899881,207651121364030482092899881,60.597901602179476,60.597901602179476,0.0,0,0.0,0.15384615384615385,6.0,2.85,3,0,2.791025641025641,6,0.205088708155354,11.356493960122526,0.19068925493858835,499.82038836051265,0.047132253711201076,0.20069926634246865,0.05553089071143799
g_n40_e120_k3_mid_19,g_n40_e120_k3_mid_19_p6,train,40,120,114,3,2,mid,6,1226418952,207651121364030482092899881,13452609026682712416237063,60.597901602179476,57.86121529877233,2.736686303407147,6,0.05,0.14615384615384616,5.7,2.91,3,0,2.957692307692308,6,0.13840547156466965,11.102254899035707,0.14723825339438612,616.8837445181648,0.051518218623481785,0.31382785035252414,0.07268728794432221
g_n40_e120_k3_mid_19,g_n40_e120_k3_mid_19_p12,train,40,120,108,3,2,mid,12,1726420452,207651121364030482092899881,1892676891865215833445213,60.597901602179476,55.90003440376051,4.697867198418969,12,0.1,0.13846153846153847,5.4,2.6399999999999997,2,0,2.8846153846153846,6,0.19387879981723757,10.936447700184912,0.24697469181617926,558.1233328210463,0.049595141700404854,0.20181610167509073,0.056396890641995975
g_n40_e120_k3_high_20,g_n40_e120_k3_high_20_p0,train,40,120,120,3,3,high,0,5037493,304680754009912183902413044,304680754009912183902413044,60.98130675211874,60.98130675211874,0.0,0,0.0,0.15384615384615385,6.0,2.6,3,0,2.673076923076923,6,0.2308970124711886,12.034217844222063,0.42932745030424435,473.4663768599469,0.04402834008097166,0.20669726804487,0.055780025308866235
g_n40_e120_k3_high_20,g_n40_e120_k3_high_20_p6,train,40,120,114,3,3,high,6,505038993,304680754009912183902413044,32245549712246232686108571,60.98130675211874,58.73542227215819,2.2458844799605515,6,0.05,0.14615384615384616,5.7,2.46,3,0,2.73974358974359,6,0.22458435122534381,11.539795465423088,0.448173659348738,498.8831710671873,0.04578272604588394,0.21545042290301186,0.05711487989624957
g_n40_e120_k3_high_20,g_n40_e120_k3_high_20_p12,train,40,120,108,3,1,high,12,1005040493,304680754009912183902413044,919890947477703587587706,60.98130675211874,55.17854208054185,5.802764671576888,12,0.1,0.13846153846153847,5.4,2.6399999999999997,1,1,2.924358974358974,6,0.14698247492870556,11.333553923929948,0.791901122884286,657.8671640690552,0.05064102564102564,0.2969203042553841,0.07307764133187569
g_n40_e120_k3_high_21,g_n40_e120_k3_high_21_p0,test,40,120,120,3,3,high,0,3578624830,312577626604224984486863636,312577626604224984486863636,61.006895075319626,61.006895075319626,0.0,0,0.0,0.15384615384615385,6.0,2.45,3,0,2.721794871794872,5,0.21448163146060023,11.391735545594806,0.4108918732209039,483.98361928888994,0.04531039136302294,0.19961057978740762,0.057407725032402705
g_n40_e120_k3_high_21,g_n40_e120_k3_high_21_p6,test,40,120,114,3,3,high,6,4078626330,312577626604224984486863636,30767124364857091296100425,61.006895075319626,58.68848896101803,2.3184061143015953,6,0.05,0.14615384615384616,5.7,2.46,3,0,2.7987179487179485,6,0.20772630119609398,11.124298009376666,0.3507534793496436,511.9158501120138,0.04733468286099864,0.21920177872096658,0.05773763456277895
g_n40_e120_k3_high_21,g_n40_e120_k3_high_21_p12,test,40,120,108,3,2,high,12,283660534,312577626604224984486863636,1478448405592144194383315,61.006895075319626,55.653035395104176,5.35385968021545,12,0.1,0.13846153846153847,5.4,2.59,2,0,2.9038461538461537,6,0.14125610255575344,10.958031957476479,0.23488026428046282,633.6416754687482,0.05010121457489878,0.3037462324546723,0.07667947054972535
g_n40_e120_k3_high_22,g_n40_e120_k3_high_22_p0,train,40,120,120,3,3,high,0,2857244871,316449642231447780625986214,316449642231447780625986214,61.019206352508796,61.019206352508796,0.0,0,0.0,0.15384615384615385,6.0,2.75,3,0,2.655128205128205,5,0.22674596595190147,11.905692262994945,0.26190616240499676,473.78784518644795,0.043556005398110664,0.2407465038314165,0.05652686822400645
g_n40_e120_k3_high_22,g_n40_e120_k3_high_22_p6,train,40,120,114,3,2,high,6,3357246371,316449642231447780625986214,18343253296555143388363000,61.019206352508796,58.17130407098865,2.847902281520149,6,0.05,0.14615384615384616,5.7,3.2599999999999993,2,0,2.683333333333333,5,0.22635516237753667,11.752826699056131,0.3719783107774841,509.83052770158554,0.04429824561403508,0.24794830987202862,0.05816396434475111
g_n40_e120_k3_high_22,g_n40_e120_k3_high_22_p12,train,40,120,108,3,3,high,12,3857247871,316449642231447780625986214,3585070421763530653192535,61.019206352508796,56.53882034916443,4.480386003344364,12,0.1,0.13846153846153847,5.4,2.2399999999999998,3,0,2.741025641025641,5,0.21949323727907108,11.042083329140903,0.3404621159251544,521.1010217019614,0.04581646423751686,0.24346116740609158,0.05771871241756169
g_n40_e120_k3_high_23,g_n40_e120_k3_high_23_p0,train,40,120,120,3,3,high,0,2135864912,318829525741352346183429128,318829525741352346183429128,61.02669878973354,61.02669878973354,0.0,0,0.0,0.15384615384615385,6.0,2.45,3,0,2.7653846153846153,6,0.21358420184875562,12.367684127116767,0.381146700418622,484.6931540211563,0.04645748987854251,0.2017704801879606,0.05420492762735281
g_n40_e120_k3_high_23,g_n40_e120_k3_high_23_p6,train,40,120,114,3,3,high,6,2635866412,318829525741352346183429128,31986230733989764508842794,61.02669878973354,58.72734775249288,2.2993510372406547,6,0.05,0.14615384615384616,5.7,2.46,3,0,2.835897435897436,6,0.20668937654716796,12.366851730354899,0.8810365948831969,512.4391180195678,0.04831309041835358,0.212288471762156,0.05447755606708767
g_n40_e120_k3_high_23,g_n40_e120_k3_high_23_p12,train,40,120,108,3,2,high,12,3135867912,318829525741352346183429128,1945407145143759011789751,61.02669878973354,55.927513516143975,5.099185273589562,12,0.1,0.13846153846153847,5.4,2.4899999999999998,3,0,3.0487179487179485,6,0.12990898562825237,12.275680549252693,0.9382023502988126,648.551639608924,0.05391363022941971,0.3028703807460655,0.07654999945714065
g_n40_e120_k3_high_24,g_n40_e120_k3_high_24_p0,train,40,120,120,3,3,high,0,1414484953,328456483418787794904381441,328456483418787794904381441,61.056446590439904,61.056446590439904,0.0,0,0.0,0.15384615384615385,6.0,2.5,3,0,2.693589743589744,5,0.2186619803637334,12.134974796507775,0.3892034246356273,479.4469880440572,0.044568151147098514,0.24071063534673287,0.06082702052160398
g_n40_e120_k3_high_24,g_n40_e120_k3_high_24_p6,train,40,120,114,3,2,high,6,1914486453,328456483418787794904381441,16893759024692984552809900,61.056446590439904,58.08898649710264,2.967460093337266,6,0.05,0.14615384615384616,5.7,2.8600000000000003,2,0,2.81025641025641,5,0.14922903346148522,11.949488066132965,0.2661263125074047,593.2394289092138,0.047638326585695,0.30021876478833653,0.07615434205680348
g_n40_e120_k3_high_24,g_n40_e120_k3_high_24_p12,train,40,120,108,3,2,high,12,2414487953,328456483418787794904381441,2383670214102216268836411,61.056446590439904,56.13068363848049,4.925762951959413,12,0.1,0.13846153846153847,5.4,2.4899999999999998,2,0,2.7987179487179485,5,0.20655063229791498,10.916678283846535,0.45888914660024316,541.0406013231918,0.04733468286099866,0.24738185790817377,0.061903694524585245
g_n40_e120_k3_high_25,g_n40_e120_k3_high_25_p0,validation,40,120,120,3,3,high,0,693104994,330272689606064695667156819,330272689606064695667156819,61.06196087723277,61.06196087723277,0.0,0,0.0,0.15384615384615385,6.0,2.2,3,0,2.703846153846154,5,0.22174475211066702,11.495616017306569,0.40848507161149783,479.4494075795575,0.044838056680161935,0.22713693167372614,0.05720757545949685
g_n40_e120_k3_high_25,g_n40_e120_k3_high_25_p6,validation,40,120,114,3,2,high,6,1193106494,330272689606064695667156819,23013252407900387407325598,61.06196087723277,58.39811247349942,2.663848403733354,6,0.05,0.14615384615384616,5.7,2.5100000000000002,2,0,2.730769230769231,5,0.22066783278149624,11.218967718409392,0.32223029264174663,512.1139153354427,0.04554655870445344,0.23052040552040554,0.058327008446042564
g_n40_e120_k3_high_25,g_n40_e120_k3_high_25_p12,validation,40,120,108,3,2,high,12,1693107994,330272689606064695667156819,1499097186635971197063572,61.06196087723277,55.66690528318943,5.395055594043342,12,0.1,0.13846153846153847,5.4,2.2399999999999998,2,0,2.9512820512820515,6,0.1421810582932409,10.37412278359175,0.45062674169748185,635.445148004303,0.05134952766531713,0.2704078984443356,0.07175578253524066
g_n40_e120_k3_high_26,g_n40_e120_k3_high_26_p0,validation,40,120,120,3,3,high,0,4266692331,388663322668508426898042720,388663322668508426898042720,61.224755706293564,61.224755706293564,0.0,0,0.0,0.15384615384615385,6.0,2.15,3,0,2.693589743589744,5,0.22385493354605257,11.689359524124576,0.43454689362038934,473.65678849507395,0.044568151147098514,0.1834453262948143,0.05339924947239137
g_n40_e120_k3_high_26,g_n40_e120_k3_high_26_p6,validation,40,120,114,3,3,high,6,471726535,388663322668508426898042720,28529666974023414995081309,61.224755706293564,58.612986724179585,2.611768982113979,6,0.05,0.14615384615384616,5.7,2.66,3,0,2.730769230769231,5,0.2208993390461782,11.672011212557416,0.6820627557452976,503.32796753590094,0.04554655870445344,0.20288283091926815,0.05467419370573789
g_n40_e120_k3_high_26,g_n40_e120_k3_high_26_p12,validation,40,120,108,3,1,high,12,971728035,388663322668508426898042720,1535746166082318180514380,61.224755706293564,55.6910585964694,5.533697109824168,12,0.1,0.13846153846153847,5.4,2.59,1,1,2.7846153846153845,5,0.21598138302135558,10.944797593417402,0.379162255373231,554.8105984293827,0.04696356275303643,0.21516264798593923,0.0566067846209128
g_n40_e120_k3_high_27,g_n40_e120_k3_high_27_p0,train,40,120,120,3,3,high,0,3545312372,424065312740423958643965132,424065312740423958643965132,61.31192971470832,61.31192971470832,0.0,0,0.0,0.15384615384615385,6.0,2.0,4,0,2.73974358974359,5,0.21326881269448492,11.622617255331024,0.3284848157744271,479.8973873338604,0.04578272604588393,0.22857497106723101,0.05938894564725845
g_n40_e120_k3_high_27,g_n40_e120_k3_high_27_p6,train,40,120,114,3,3,high,6,4045313872,424065312740423958643965132,37380096688717903235486357,61.31192971470832,58.883180620524236,2.4287490941840844,6,0.05,0.14615384615384616,5.7,2.21,3,0,2.7807692307692307,6,0.2098555479858104,11.20543827610519,0.2553768315203335,506.3664981957493,0.04686234817813765,0.1988022895158523,0.05811263269179363
g_n40_e120_k3_high_27,g_n40_e120_k3_high_27_p12,train,40,120,108,3,2,high,12,250348076,424065312740423958643965132,3095433304918599596842432,61.31192971470832,56.39197012978356,4.9199595849247615,12,0.1,0.13846153846153847,5.4,1.64,3,0,2.9166666666666665,5,0.14207606827686053,10.759612489266601,0.2839898041692841,619.0643464353136,0.05043859649122806,0.3327333410329361,0.07848715563199012
g_n40_e120_k3_high_28,g_n40_e120_k3_high_28_p0,train,40,120,120,3,3,high,0,2823932413,433671423661342172412776039,433671423661342172412776039,61.334329390883475,61.334329390883475,0.0,0,0.0,0.15384615384615385,6.0,1.55,4,0,2.8230769230769233,5,0.2014433746378437,11.097655754540348,0.2057027071206825,491.45712297031605,0.047975708502024296,0.2170125776907153,0.05848914782152259
g_n40_e120_k3_high_28,g_n40_e120_k3_high_28_p6,train,40,120,114,3,3,high,6,3323933913,433671423661342172412776039,42545538939808723627078740,61.334329390883475,59.01261723860239,2.321712152281087,6,0.05,0.14615384615384616,5.7,1.56,3,0,2.858974358974359,5,0.2003077086160489,10.54552516528264,0.29871183104902954,515.2165203337015,0.04892037786774629,0.20320763731694905,0.05624271651843631
g_n40_e120_k3_high_28,g_n40_e120_k3_high_28_p12,train,40,120,108,3,3,high,12,3823935413,433671423661342172412776039,3608703228369931652801000,61.334329390883475,56.545390723150156,4.788938667733319,12,0.1,0.13846153846153847,5.4,1.94,3,0,2.8923076923076922,6,0.19471426829995708,10.784934807290794,0.29135910264274756,543.4274749614324,0.04979757085020243,0.24885121914041664,0.0621599315245246
g_n40_e120_k3_high_29,g_n40_e120_k3_high_29_p0,test,40,120,120,3,3,high,0,2102552454,571575657810082760830685462,571575657810082760830685462,61.610439090949455,61.610439090949455,0.0,0,0.0,0.15384615384615385,6.0,1.7,4,0,2.6153846153846154,5,0.23410681775539413,11.192983844012193,0.37403880976294523,459.124446918484,0.04251012145748988,0.19032063964190665,0.05456835843353598
g_n40_e120_k3_high_29,g_n40_e120_k3_high_29_p6,test,40,120,114,3,3,high,6,2602553954,571575657810082760830685462,51959699751312782831056293,61.610439090949455,59.212510645184615,2.3979284457648404,6,0.05,0.14615384615384616,5.7,1.7600000000000002,3,0,2.6487179487179486,5,0.2313559438957617,10.799642781802254,0.36272064540711835,485.41886107419907,0.04338731443994601,0.20123436514870563,0.05577631236799388
g_n40_e120_k3_high_29,g_n40_e120_k3_high_29_p12,test,40,120,108,3,3,high,12,3102555454,571575657810082760830685462,4543967195294081655854346,61.610439090949455,56.775842693904394,4.834596397045061,12,0.1,0.13846153846153847,5.4,1.89,3,0,2.75,5,0.21983644455049736,10.809273833491485,0.3123898795273421,516.5456907460659,0.046052631578947366,0.19308314674887456,0.05470184168990349
