row_id,code_id,q_id,split,q,n,k,r,rate,capacity_margin,column_weight,parity_check_density,check_degree_mean,check_degree_variance,check_degree_min,check_degree_max,variable_degree_mean,variable_degree_variance,variable_degree_min,variable_degree_max,check_degree_count_1,variable_degree_count_1,check_degree_count_2,variable_degree_count_2,check_degree_count_3,variable_degree_count_3,check_degree_count_4,variable_degree_count_4,check_degree_count_ge5,variable_degree_count_ge5,stopping_subset_tests,stopping_count_status,min_stopping_order,N_stop_2,N_stop_3,N_stop_4,N_stop_5,dependency_subset_tests,dependency_count_status,min_dependency_order,N_dep_2,N_dep_3,N_dep_4,q_power_2,q_power_3,q_power_4,q_power_5,N_stop_2_q2,N_stop_3_q3,N_stop_4_q4,N_stop_5_q5,N_stop_2_norm_q2,N_stop_3_norm_q3,N_stop_4_norm_q4,N_stop_5_norm_q5,N_dep_2_q2,N_dep_3_q3,N_dep_4_q4,H_stop_5,log1p_H_stop_5,H_stop_5_norm,log1p_H_stop_5_norm,H_dep_4,log1p_H_dep_4
code_n24_k12_cw3_000_q00,code_n24_k12_cw3_000,q00,train,0.18,24,12,12,0.5,0.32000000000000006,3,0.25,6.0,7.666666666666667,2.0,11.0,3.0,0.0,3.0,3.0,0,0,2,0,0,24,1,0,9,0,55430,exact_all,2,1,5,22,121,12926,exact,2,1,22,238,0.0324,0.0058319999999999995,0.0010497599999999998,0.00018895679999999997,0.0324,0.02916,0.023094719999999996,0.022863772799999998,0.00011739130434782608,1.4407114624505928e-05,2.1734161490683228e-06,5.379204968944098e-07,0.0324,0.128304,0.24984287999999996,0.10751849279999999,0.10212192058555752,0.00013450975561829474,0.00013450070999225736,0.41054687999999995,0.343977487348574
code_n24_k12_cw3_000_q01,code_n24_k12_cw3_000,q01,train,0.24,24,12,12,0.5,0.26,3,0.25,6.0,7.666666666666667,2.0,11.0,3.0,0.0,3.0,3.0,0,0,2,0,0,24,1,0,9,0,55430,exact_all,2,1,5,22,121,12926,exact,2,1,22,238,0.0576,0.013823999999999998,0.0033177599999999995,0.0007962623999999999,0.0576,0.06911999999999999,0.07299071999999998,0.09634775039999999,0.00020869565217391305,3.4150197628458496e-05,6.869068322981366e-06,2.2667925465838504e-06,0.0576,0.30412799999999995,0.7896268799999999,0.2960584704,0.2593277129617673,0.0002519817106719368,0.00025194996861284717,1.15135488,0.7660978204057728
code_n24_k12_cw3_000_q02,code_n24_k12_cw3_000,q02,train,0.3,24,12,12,0.5,0.19999999999999996,3,0.25,6.0,7.666666666666667,2.0,11.0,3.0,0.0,3.0,3.0,0,0,2,0,0,24,1,0,9,0,55430,exact_all,2,1,5,22,121,12926,exact,2,1,22,238,0.09,0.026999999999999996,0.0081,0.0024299999999999994,0.09,0.13499999999999998,0.1782,0.29402999999999996,0.0003260869565217391,6.6699604743083e-05,1.6770186335403728e-05,6.9177018633540356e-06,0.09,0.5939999999999999,1.9278,0.69723,0.5289975103623304,0.0004164744494635799,0.0004163877480518318,2.6117999999999997,1.2842062630361057
code_n24_k12_cw3_000_q03,code_n24_k12_cw3_000,q03,train,0.36,24,12,12,0.5,0.14,3,0.25,6.0,7.666666666666667,2.0,11.0,3.0,0.0,3.0,3.0,0,0,2,0,0,24,1,0,9,0,55430,exact_all,2,1,5,22,121,12926,exact,2,1,22,238,0.1296,0.046655999999999996,0.016796159999999997,0.006046617599999999,0.1296,0.23328,0.36951551999999993,0.7316407295999999,0.0004695652173913043,0.00011525691699604742,3.4774658385093165e-05,1.7213455900621114e-05,0.1296,1.026432,3.9974860799999994,1.4640362496,0.9018007572513692,0.0006368102486730661,0.0006366075710668784,5.15351808,1.8170239637912096
code_n24_k12_cw3_001_q00,code_n24_k12_cw3_001,q00,test,0.18,24,12,12,0.5,0.32000000000000006,3,0.25,6.0,5.166666666666667,3.0,10.0,3.0,0.0,3.0,3.0,0,0,0,0,2,24,3,0,7,0,55430,exact_all,2,2,5,16,94,12926,exact,2,2,44,468,0.0324,0.0058319999999999995,0.0010497599999999998,0.00018895679999999997,0.0648,0.02916,0.016796159999999997,0.017761939199999997,0.00023478260869565215,1.4407114624505928e-05,1.5806662902315073e-06,4.1788865047995477e-07,0.0648,0.256608,0.49128767999999995,0.12851809919999999,0.12090535542774532,0.0002511882782608696,0.00025115673576726097,0.81269568,0.5948150632985929
code_n24_k12_cw3_001_q01,code_n24_k12_cw3_001,q01,test,0.24,24,12,12,0.5,0.26,3,0.25,6.0,5.166666666666667,3.0,10.0,3.0,0.0,3.0,3.0,0,0,0,0,2,24,3,0,7,0,55430,exact_all,2,2,5,16,94,12926,exact,2,2,44,468,0.0576,0.013823999999999998,0.0033177599999999995,0.0007962623999999999,0.1152,0.06911999999999999,0.05308415999999999,0.07484866559999999,0.0004173913043478261,3.4150197628458496e-05,4.9956860530773566e-06,1.7609793337097683e-06,0.1152,0.6082559999999999,1.5527116799999998,0.31225282559999995,0.27174537439619156,0.00045829816736307175,0.00045819318083349886,2.2761676799999995,1.1866743490521319
code_n24_k12_cw3_001_q02,code_n24_k12_cw3_001,q02,test,0.3,24,12,12,0.5,0.19999999999999996,3,0.25,6.0,5.166666666666667,3.0,10.0,3.0,0.0,3.0,3.0,0,0,0,0,2,24,3,0,7,0,55430,exact_all,2,2,5,16,94,12926,exact,2,2,44,468,0.09,0.026999999999999996,0.0081,0.0024299999999999994,0.18,0.13499999999999998,0.1296,0.22841999999999996,0.0006521739130434782,6.6699604743083e-05,1.2196499153020891e-05,5.37408243929983e-06,0.18,1.1879999999999997,3.7908,0.67302,0.5146303765058556,0.0007364440993788819,0.0007361730574864318,5.158799999999999,1.8178819533736266
code_n24_k12_cw3_001_q03,code_n24_k12_cw3_001,q03,test,0.36,24,12,12,0.5,0.14,3,0.25,6.0,5.166666666666667,3.0,10.0,3.0,0.0,3.0,3.0,0,0,0,0,2,24,3,0,7,0,55430,exact_all,2,2,5,16,94,12926,exact,2,2,44,468,0.1296,0.046655999999999996,0.016796159999999997,0.006046617599999999,0.2592,0.23328,0.26873855999999996,0.5683820543999999,0.0009391304347826086,0.00011525691699604742,2.5290660643704117e-05,1.3372436815358553e-05,0.2592,2.052864,7.860602879999999,1.3296006143999999,0.8456968427564587,0.0010930504492377188,0.001092453504549603,10.17266688,2.4134703383887897
code_n24_k12_cw3_002_q00,code_n24_k12_cw3_002,q00,train,0.18,24,12,12,0.5,0.32000000000000006,3,0.25,6.0,4.0,2.0,9.0,3.0,0.0,3.0,3.0,0,0,1,0,1,24,0,0,10,0,55430,exact_all,3,0,1,12,84,12926,exact,4,0,0,7,0.0324,0.0058319999999999995,0.0010497599999999998,0.00018895679999999997,0.0,0.0058319999999999995,0.012597119999999998,0.0158723712,0.0,2.8814229249011852e-06,1.1854997176736305e-06,3.734324110671936e-07,0.0,0.0,0.0073483199999999985,0.03430149119999999,0.033726311148623726,4.44035505364201e-06,4.4403451952946915e-06,0.0073483199999999985,0.007321452636295071
code_n24_k12_cw3_002_q01,code_n24_k12_cw3_002,q01,train,0.24,24,12,12,0.5,0.26,3,0.25,6.0,4.0,2.0,9.0,3.0,0.0,3.0,3.0,0,0,1,0,1,24,0,0,10,0,55430,exact_all,3,0,1,12,84,12926,exact,4,0,0,7,0.0576,0.013823999999999998,0.0033177599999999995,0.0007962623999999999,0.0,0.013823999999999998,0.039813119999999994,0.06688604159999999,0.0,6.830039525691698e-06,3.7467645398080174e-06,1.5736411067193672e-06,0.0,0.0,0.023224319999999996,0.12052316159999998,0.11379568481718395,1.2150445172219082e-05,1.2150371356158073e-05,0.023224319999999996,0.0229587395692226
code_n24_k12_cw3_002_q02,code_n24_k12_cw3_002,q02,train,0.3,24,12,12,0.5,0.19999999999999996,3,0.25,6.0,4.0,2.0,9.0,3.0,0.0,3.0,3.0,0,0,1,0,1,24,0,0,10,0,55430,exact_all,3,0,1,12,84,12926,exact,4,0,0,7,0.09,0.026999999999999996,0.0081,0.0024299999999999994,0.0,0.026999999999999996,0.0972,0.20411999999999994,0.0,1.3339920948616598e-05,9.147374364765667e-06,4.8023715415019746e-06,0.0,0.0,0.0567,0.32831999999999995,0.28391498588253683,2.728966685488424e-05,2.7289294498700016e-05,0.0567,0.05515084446484804
code_n24_k12_cw3_002_q03,code_n24_k12_cw3_002,q03,train,0.36,24,12,12,0.5,0.14,3,0.25,6.0,4.0,2.0,9.0,3.0,0.0,3.0,3.0,0,0,1,0,1,24,0,0,10,0,55430,exact_all,3,0,1,12,84,12926,exact,4,0,0,7,0.1296,0.046655999999999996,0.016796159999999997,0.006046617599999999,0.0,0.046655999999999996,0.20155391999999997,0.5079158784,0.0,2.3051383399209482e-05,1.896799548277809e-05,1.1949837154150194e-05,0.0,0.0,0.11757311999999998,0.7561257983999999,0.5631101318269158,5.396921603613776e-05,5.396775975039415e-05,0.11757311999999998,0.11115947713235992
code_n24_k12_cw3_003_q00,code_n24_k12_cw3_003,q00,train,0.18,24,12,12,0.5,0.32000000000000006,3,0.25,6.0,3.3333333333333335,3.0,10.0,3.0,0.0,3.0,3.0,0,0,0,0,1,24,2,0,9,0,55430,exact_all,2,1,3,11,66,12926,exact,2,1,22,239,0.0324,0.0058319999999999995,0.0010497599999999998,0.00018895679999999997,0.0324,0.017495999999999998,0.011547359999999998,0.012471148799999998,0.00011739130434782608,8.644268774703556e-06,1.0867080745341614e-06,2.9341118012422355e-07,0.0324,0.128304,0.25089263999999994,0.0739145088,0.07131039217348656,0.00012741569237718803,0.00012740757568731117,0.41159663999999996,0.344721432538446
code_n24_k12_cw3_003_q01,code_n24_k12_cw3_003,q01,train,0.24,24,12,12,0.5,0.26,3,0.25,6.0,3.3333333333333335,3.0,10.0,3.0,0.0,3.0,3.0,0,0,0,0,1,24,2,0,9,0,55430,exact_all,2,1,3,11,66,12926,exact,2,1,22,239,0.0576,0.013823999999999998,0.0033177599999999995,0.0007962623999999999,0.0576,0.041471999999999995,0.03649535999999999,0.05255331839999999,0.00020869565217391305,2.0490118577075095e-05,3.434534161490683e-06,1.2364322981366457e-06,0.0576,0.30412799999999995,0.7929446399999999,0.18812067839999996,0.17237279692621918,0.00023385673721061548,0.0002338293969862268,1.1546726399999998,0.7676388048240694
code_n24_k12_cw3_003_q02,code_n24_k12_cw3_003,q02,train,0.3,24,12,12,0.5,0.19999999999999996,3,0.25,6.0,3.3333333333333335,3.0,10.0,3.0,0.0,3.0,3.0,0,0,0,0,1,24,2,0,9,0,55430,exact_all,2,1,3,11,66,12926,exact,2,1,22,239,0.09,0.026999999999999996,0.0081,0.0024299999999999994,0.09,0.08099999999999999,0.0891,0.16037999999999997,0.0003260869565217391,4.001976284584979e-05,8.385093167701864e-06,3.7732919254658374e-06,0.09,0.5939999999999999,1.9359,0.42047999999999996,0.35099484266353337,0.0003782651044607566,0.00037819358025230327,2.6199,1.2864464011467291
code_n24_k12_cw3_003_q03,code_n24_k12_cw3_003,q03,train,0.36,24,12,12,0.5,0.14,3,0.25,6.0,3.3333333333333335,3.0,10.0,3.0,0.0,3.0,3.0,0,0,0,0,1,24,2,0,9,0,55430,exact_all,2,1,3,11,66,12926,exact,2,1,22,239,0.1296,0.046655999999999996,0.016796159999999997,0.006046617599999999,0.1296,0.13996799999999998,0.18475775999999997,0.39907676159999994,0.0004695652173913043,6.915415019762845e-05,1.7387329192546582e-05,9.389157763975153e-06,0.1296,1.026432,4.014282239999999,0.8534025215999999,0.6170231506961281,0.0005654958545454544,0.0005653360220182826,5.170314239999999,1.8197497669283338
code_n24_k12_cw3_004_q00,code_n24_k12_cw3_004,q00,train,0.18,24,12,12,0.5,0.32000000000000006,3,0.25,6.0,6.833333333333333,2.0,11.0,3.0,0.0,3.0,3.0,0,0,1,0,2,24,0,0,9,0,55430,exact_all,2,1,1,31,109,12926,exact,2,1,22,248,0.0324,0.0058319999999999995,0.0010497599999999998,0.00018895679999999997,0.0324,0.0058319999999999995,0.03254256,0.0205962912,0.00011739130434782608,2.8814229249011852e-06,3.0625409373235455e-06,4.845730095990965e-07,0.0324,0.128304,0.26034048,0.09137085119999999,0.0874345676984755,0.0001238198412196499,0.00012381217617582656,0.42104448,0.3513921505251397
code_n24_k12_cw3_004_q01,code_n24_k12_cw3_004,q01,train,0.24,24,12,12,0.5,0.26,3,0.25,6.0,6.833333333333333,2.0,11.0,3.0,0.0,3.0,3.0,0,0,1,0,2,24,0,0,9,0,55430,exact_all,2,1,1,31,109,12926,exact,2,1,22,248,0.0576,0.013823999999999998,0.0033177599999999995,0.0007962623999999999,0.0576,0.013823999999999998,0.10285055999999998,0.08679260159999999,0.00020869565217391305,6.830039525691698e-06,9.679141727837379e-06,2.0419866741953692e-06,0.0576,0.30412799999999995,0.8228044799999998,0.2610671616,0.23195831615132365,0.00022724682010163752,0.00022722100345410769,1.1845324799999997,0.7814018376897561
code_n24_k12_cw3_004_q02,code_n24_k12_cw3_004,q02,train,0.3,24,12,12,0.5,0.19999999999999996,3,0.25,6.0,6.833333333333333,2.0,11.0,3.0,0.0,3.0,3.0,0,0,1,0,2,24,0,0,9,0,55430,exact_all,2,1,1,31,109,12926,exact,2,1,22,248,0.09,0.026999999999999996,0.0081,0.0024299999999999994,0.09,0.026999999999999996,0.2511,0.26486999999999994,0.0003260869565217391,1.3339920948616598e-05,2.363071710897798e-05,6.2316487859966105e-06,0.09,0.5939999999999999,2.0088,0.6329699999999999,0.4904004427234353,0.00036928924336533024,0.000369221072875267,2.6927999999999996,1.3063849778915886
code_n24_k12_cw3_004_q03,code_n24_k12_cw3_004,q03,train,0.36,24,12,12,0.5,0.14,3,0.25,6.0,6.833333333333333,2.0,11.0,3.0,0.0,3.0,3.0,0,0,1,0,2,24,0,0,9,0,55430,exact_all,2,1,1,31,109,12926,exact,2,1,22,248,0.1296,0.046655999999999996,0.016796159999999997,0.006046617599999999,0.1296,0.046655999999999996,0.52068096,0.6590813184,0.0004695652173913043,2.3051383399209482e-05,4.900065499717673e-05,1.5506336307171087e-05,0.1296,1.026432,4.16544768,1.3560182783999999,0.8569730239935407,0.0005571235920948616,0.0005569684563636035,5.3214796799999995,1.8439533073376932
code_n24_k12_cw3_005_q00,code_n24_k12_cw3_005,q00,validation,0.18,24,12,12,0.5,0.32000000000000006,3,0.25,6.0,3.1666666666666665,3.0,9.0,3.0,0.0,3.0,3.0,0,0,0,0,2,24,0,0,10,0,55430,exact_all,2,1,0,21,84,12926,exact,2,1,22,243,0.0324,0.0058319999999999995,0.0010497599999999998,0.00018895679999999997,0.0324,0.0,0.022044959999999995,0.0158723712,0.00011739130434782608,0.0,2.0746245059288532e-06,3.734324110671936e-07,0.0324,0.128304,0.25509168,0.0703173312,0.0679551757202183,0.00011983936126482212,0.00011983218110220628,0.41579568,0.3476916910748675
code_n24_k12_cw3_005_q01,code_n24_k12_cw3_005,q01,validation,0.24,24,12,12,0.5,0.26,3,0.25,6.0,3.1666666666666665,3.0,9.0,3.0,0.0,3.0,3.0,0,0,0,0,2,24,0,0,10,0,55430,exact_all,2,1,0,21,84,12926,exact,2,1,22,243,0.0576,0.013823999999999998,0.0033177599999999995,0.0007962623999999999,0.0576,0.0,0.06967295999999999,0.06688604159999999,0.00020869565217391305,0.0,6.55683794466403e-06,1.5736411067193672e-06,0.0576,0.30412799999999995,0.8062156799999999,0.1941590016,0.17744217327362918,0.00021682613122529643,0.00021680262783707648,1.1679436799999998,0.7737791053801907
code_n24_k12_cw3_005_q02,code_n24_k12_cw3_005,q02,validation,0.3,24,12,12,0.5,0.19999999999999996,3,0.25,6.0,3.1666666666666665,3.0,9.0,3.0,0.0,3.0,3.0,0,0,0,0,2,24,0,0,10,0,55430,exact_all,2,1,0,21,84,12926,exact,2,1,22,243,0.09,0.026999999999999996,0.0081,0.0024299999999999994,0.09,0.0,0.1701,0.20411999999999994,0.0003260869565217391,0.0,1.6007905138339918e-05,4.8023715415019746e-06,0.09,0.5939999999999999,1.9683,0.46421999999999997,0.3813226774732736,0.000346897233201581,0.00034683707826769757,2.6523,1.2953571061277547
code_n24_k12_cw3_005_q03,code_n24_k12_cw3_005,q03,validation,0.36,24,12,12,0.5,0.14,3,0.25,6.0,3.1666666666666665,3.0,9.0,3.0,0.0,3.0,3.0,0,0,0,0,2,24,0,0,10,0,55430,exact_all,2,1,0,21,84,12926,exact,2,1,22,243,0.1296,0.046655999999999996,0.016796159999999997,0.006046617599999999,0.1296,0.0,0.3527193599999999,0.5079158784,0.0004695652173913043,0.0,3.319399209486165e-05,1.1949837154150194e-05,0.1296,1.026432,4.08146688,0.9902352383999999,0.688252842001376,0.0005147090466403161,0.0005145766293745973,5.2374988799999995,1.8305792815185027
code_n24_k12_cw3_006_q00,code_n24_k12_cw3_006,q00,test,0.18,24,12,12,0.5,0.32000000000000006,3,0.25,6.0,6.666666666666667,2.0,12.0,3.0,0.0,3.0,3.0,0,0,1,0,1,24,2,0,8,0,55430,exact_all,2,1,2,24,127,12926,exact,2,1,22,249,0.0324,0.0058319999999999995,0.0010497599999999998,0.00018895679999999997,0.0324,0.011663999999999999,0.025194239999999996,0.023997513599999996,0.00011739130434782608,5.7628458498023705e-06,2.370999435347261e-06,5.645942405420665e-07,0.0324,0.128304,0.26139023999999994,0.09325575359999999,0.08916017413719972,0.0001260897438735178,0.00012608179522991735,0.42209423999999995,0.35213060204023405
code_n24_k12_cw3_006_q01,code_n24_k12_cw3_006,q01,test,0.24,24,12,12,0.5,0.26,3,0.25,6.0,6.666666666666667,2.0,12.0,3.0,0.0,3.0,3.0,0,0,1,0,1,24,2,0,8,0,55430,exact_all,2,1,2,24,127,12926,exact,2,1,22,249,0.0576,0.013823999999999998,0.0033177599999999995,0.0007962623999999999,0.0576,0.027647999999999995,0.07962623999999999,0.10112532479999999,0.00020869565217391305,1.3660079051383396e-05,7.493529079616035e-06,2.379195482778091e-06,0.0576,0.30412799999999995,0.8261222399999999,0.2659995648,0.23586197996205172,0.0002322284557876906,0.0002322014949338227,1.18785024,0.7829194361477259
code_n24_k12_cw3_006_q02,code_n24_k12_cw3_006,q02,test,0.3,24,12,12,0.5,0.19999999999999996,3,0.25,6.0,6.666666666666667,2.0,12.0,3.0,0.0,3.0,3.0,0,0,1,0,1,24,2,0,8,0,55430,exact_all,2,1,2,24,127,12926,exact,2,1,22,249,0.09,0.026999999999999996,0.0081,0.0024299999999999994,0.09,0.05399999999999999,0.1944,0.30860999999999994,0.0003260869565217391,2.6679841897233196e-05,1.8294748729531335e-05,7.260728402032748e-06,0.09,0.5939999999999999,2.0168999999999997,0.6470099999999999,0.49896152282248674,0.00037832227555053633,0.0003782507297227989,2.7008999999999994,1.3085760333145806
code_n24_k12_cw3_006_q03,code_n24_k12_cw3_006,q03,test,0.36,24,12,12,0.5,0.14,3,0.25,6.0,6.666666666666667,2.0,12.0,3.0,0.0,3.0,3.0,0,0,1,0,1,24,2,0,8,0,55430,exact_all,2,1,2,24,127,12926,exact,2,1,22,249,0.1296,0.046655999999999996,0.016796159999999997,0.006046617599999999,0.1296,0.09331199999999999,0.40310783999999994,0.7679204351999999,0.0004695652173913043,4.6102766798418964e-05,3.793599096555618e-05,1.8067015697346128e-05,0.1296,1.026432,4.182243839999999,1.3939402751999999,0.8729406591219925,0.0005716709908526256,0.0005715076492405438,5.338275839999999,1.8466067819373424
code_n24_k12_cw3_007_q00,code_n24_k12_cw3_007,q00,test,0.18,24,12,12,0.5,0.32000000000000006,3,0.25,6.0,5.0,3.0,10.0,3.0,0.0,3.0,3.0,0,0,0,0,3,24,1,0,8,0,55430,exact_all,3,0,4,12,101,12926,exact,4,0,0,7,0.0324,0.0058319999999999995,0.0010497599999999998,0.00018895679999999997,0.0,0.023327999999999998,0.012597119999999998,0.0190846368,0.0,1.1525691699604741e-05,1.1854997176736305e-06,4.4900801806888763e-07,0.0,0.0,0.0073483199999999985,0.0550097568,0.05355001503692469,1.3160199435347258e-05,1.3160112840682403e-05,0.0073483199999999985,0.007321452636295071
code_n24_k12_cw3_007_q01,code_n24_k12_cw3_007,q01,test,0.24,24,12,12,0.5,0.26,3,0.25,6.0,5.0,3.0,10.0,3.0,0.0,3.0,3.0,0,0,0,0,3,24,1,0,8,0,55430,exact_all,3,0,4,12,101,12926,exact,4,0,0,7,0.0576,0.013823999999999998,0.0033177599999999995,0.0007962623999999999,0.0,0.05529599999999999,0.039813119999999994,0.08042250239999998,0.0,2.7320158102766792e-05,3.7467645398080174e-06,1.892116092603049e-06,0.0,0.0,0.023224319999999996,0.17553162239999998,0.16172048986967308,3.295903873517786e-05,3.295849559799484e-05,0.023224319999999996,0.0229587395692226
code_n24_k12_cw3_007_q02,code_n24_k12_cw3_007,q02,test,0.3,24,12,12,0.5,0.19999999999999996,3,0.25,6.0,5.0,3.0,10.0,3.0,0.0,3.0,3.0,0,0,0,0,3,24,1,0,8,0,55430,exact_all,3,0,4,12,101,12926,exact,4,0,0,7,0.09,0.026999999999999996,0.0081,0.0024299999999999994,0.0,0.10799999999999998,0.0972,0.24542999999999995,0.0,5.335968379446639e-05,9.147374364765667e-06,5.774280067758328e-06,0.0,0.0,0.0567,0.45063,0.3719979448308009,6.82813382269904e-05,6.82790071625269e-05,0.0567,0.05515084446484804
code_n24_k12_cw3_007_q03,code_n24_k12_cw3_007,q03,test,0.36,24,12,12,0.5,0.14,3,0.25,6.0,5.0,3.0,10.0,3.0,0.0,3.0,3.0,0,0,0,0,3,24,1,0,8,0,55430,exact_all,3,0,4,12,101,12926,exact,4,0,0,7,0.1296,0.046655999999999996,0.016796159999999997,0.006046617599999999,0.0,0.18662399999999998,0.20155391999999997,0.6107083776,0.0,9.220553359683793e-05,1.896799548277809e-05,1.4368256578204404e-05,0.0,0.0,0.11757311999999998,0.9988862975999999,0.692590174260735,0.00012554178565782041,0.00012553390594732906,0.11757311999999998,0.11115947713235992
code_n24_k12_cw3_008_q00,code_n24_k12_cw3_008,q00,train,0.18,24,12,12,0.5,0.32000000000000006,3,0.25,6.0,5.833333333333333,3.0,11.0,3.0,0.0,3.0,3.0,0,0,0,0,1,24,4,0,7,0,55430,exact_all,3,0,6,16,105,12926,exact,4,0,0,8,0.0324,0.0058319999999999995,0.0010497599999999998,0.00018895679999999997,0.0,0.034991999999999995,0.016796159999999997,0.019840464,0.0,1.728853754940711e-05,1.5806662902315073e-06,4.6679051383399205e-07,0.0,0.0,0.008398079999999999,0.07162862399999999,0.06917956979107175,1.9335994353472608e-05,1.933580741554354e-05,0.008398079999999999,0.008363012323468396
code_n24_k12_cw3_008_q01,code_n24_k12_cw3_008,q01,train,0.24,24,12,12,0.5,0.26,3,0.25,6.0,5.833333333333333,3.0,11.0,3.0,0.0,3.0,3.0,0,0,0,0,1,24,4,0,7,0,55430,exact_all,3,0,6,16,105,12926,exact,4,0,0,8,0.0576,0.013823999999999998,0.0033177599999999995,0.0007962623999999999,0.0,0.08294399999999999,0.05308415999999999,0.08360755199999999,0.0,4.098023715415019e-05,4.9956860530773566e-06,1.9670513833992093e-06,0.0,0.0,0.026542079999999996,0.21963571199999998,0.19855221743497642,4.794297459062676e-05,4.794182536295191e-05,0.026542079999999996,0.02619595030443698
code_n24_k12_cw3_008_q02,code_n24_k12_cw3_008,q02,train,0.3,24,12,12,0.5,0.19999999999999996,3,0.25,6.0,5.833333333333333,3.0,11.0,3.0,0.0,3.0,3.0,0,0,0,0,1,24,4,0,7,0,55430,exact_all,3,0,6,16,105,12926,exact,4,0,0,8,0.09,0.026999999999999996,0.0081,0.0024299999999999994,0.0,0.16199999999999998,0.1296,0.25514999999999993,0.0,8.003952569169959e-05,1.2196499153020891e-05,6.002964426877469e-06,0.0,0.0,0.0648,0.5467499999999998,0.436155955428961,9.823898927159795e-05,9.823416413809963e-05,0.0648,0.06278698809876482
code_n24_k12_cw3_008_q03,code_n24_k12_cw3_008,q03,train,0.36,24,12,12,0.5,0.14,3,0.25,6.0,5.833333333333333,3.0,11.0,3.0,0.0,3.0,3.0,0,0,0,0,1,24,4,0,7,0,55430,exact_all,3,0,6,16,105,12926,exact,4,0,0,8,0.1296,0.046655999999999996,0.016796159999999997,0.006046617599999999,0.0,0.27993599999999996,0.26873855999999996,0.634894848,0.0,0.0001383083003952569,2.5290660643704117e-05,1.4937296442687746e-05,0.0,0.0,0.13436927999999998,1.1835694079999999,0.7809608809354044,0.00017853625748164877,0.00017852032178073638,0.13436927999999998,0.12607679603412303
code_n24_k12_cw3_009_q00,code_n24_k12_cw3_009,q00,train,0.18,24,12,12,0.5,0.32000000000000006,3,0.25,6.0,6.5,3.0,10.0,3.0,0.0,3.0,3.0,0,0,0,0,2,24,4,0,6,0,55430,exact_all,2,3,5,45,294,12926,exact,2,3,66,699,0.0324,0.0058319999999999995,0.0010497599999999998,0.00018895679999999997,0.0972,0.02916,0.047239199999999995,0.05555329919999999,0.00035217391304347823,1.4407114624505928e-05,4.445623941276114e-06,1.3070134387351776e-06,0.0972,0.384912,0.7337822399999999,0.2291524992,0.20632490685682653,0.00037233366504799543,0.0003722643660699594,1.21589424,0.7956560421143641
code_n24_k12_cw3_009_q01,code_n24_k12_cw3_009,q01,train,0.24,24,12,12,0.5,0.26,3,0.25,6.0,6.5,3.0,10.0,3.0,0.0,3.0,3.0,0,0,0,0,2,24,4,0,6,0,55430,exact_all,2,3,5,45,294,12926,exact,2,3,66,699,0.0576,0.013823999999999998,0.0033177599999999995,0.0007962623999999999,0.1728,0.06911999999999999,0.14929919999999997,0.23410114559999995,0.0006260869565217391,3.4150197628458496e-05,1.4050367024280064e-05,5.507743873517785e-06,0.1728,0.9123839999999999,2.3191142399999998,0.6253203455999999,0.48570493210684756,0.0006797952650479953,0.0006795643089094702,3.4042982399999997,1.4825809368218348
code_n24_k12_cw3_009_q02,code_n24_k12_cw3_009,q02,train,0.3,24,12,12,0.5,0.19999999999999996,3,0.25,6.0,6.5,3.0,10.0,3.0,0.0,3.0,3.0,0,0,0,0,2,24,4,0,6,0,55430,exact_all,2,3,5,45,294,12926,exact,2,3,66,699,0.09,0.026999999999999996,0.0081,0.0024299999999999994,0.27,0.13499999999999998,0.3645,0.7144199999999998,0.0009782608695652173,6.6699604743083e-05,3.4302653867871256e-05,1.6808300395256913e-05,0.27,1.7819999999999998,5.661899999999999,1.48392,0.9098379574334414,0.0010960714285714285,0.0010954711808527074,7.713899999999999,2.1649194518433115
code_n24_k12_cw3_009_q03,code_n24_k12_cw3_009,q03,train,0.36,24,12,12,0.5,0.14,3,0.25,6.0,6.5,3.0,10.0,3.0,0.0,3.0,3.0,0,0,0,0,2,24,4,0,6,0,55430,exact_all,2,3,5,45,294,12926,exact,2,3,66,699,0.1296,0.046655999999999996,0.016796159999999997,0.006046617599999999,0.3888,0.23328,0.7558271999999999,1.7777055743999997,0.001408695652173913,0.00011525691699604742,7.112998306041782e-05,4.182443003952568e-05,0.3888,3.079296,11.740515839999999,3.1556127743999998,1.4244598962301134,0.001636906982269904,0.0016355687102544325,15.208611839999998,2.785542696053467
code_n24_k12_cw3_010_q00,code_n24_k12_cw3_010,q00,train,0.18,24,12,12,0.5,0.32000000000000006,3,0.25,6.0,6.833333333333333,2.0,13.0,3.0,0.0,3.0,3.0,0,0,1,0,0,24,2,0,9,0,55430,exact_all,2,1,4,20,88,12926,exact,2,1,22,240,0.0324,0.0058319999999999995,0.0010497599999999998,0.00018895679999999997,0.0324,0.023327999999999998,0.0209952,0.0166281984,0.00011739130434782608,1.1525691699604741e-05,1.975832862789384e-06,3.912149068322981e-07,0.0324,0.128304,0.25194239999999996,0.0933513984,0.08924765651826988,0.00013128404381705248,0.00013127542682114647,0.41264639999999997,0.34546482468528067
code_n24_k12_cw3_010_q01,code_n24_k12_cw3_010,q01,train,0.24,24,12,12,0.5,0.26,3,0.25,6.0,6.833333333333333,2.0,13.0,3.0,0.0,3.0,3.0,0,0,1,0,0,24,2,0,9,0,55430,exact_all,2,1,4,20,88,12926,exact,2,1,22,240,0.0576,0.013823999999999998,0.0033177599999999995,0.0007962623999999999,0.0576,0.05529599999999999,0.06635519999999999,0.07007109119999999,0.00020869565217391305,2.7320158102766792e-05,6.244607566346696e-06,1.6485763975155278e-06,0.0576,0.30412799999999995,0.7962623999999998,0.2493222912,0.22260123724851605,0.00024390899424054207,0.00024387925327776694,1.1579903999999996,0.7691774182625631
code_n24_k12_cw3_010_q02,code_n24_k12_cw3_010,q02,train,0.3,24,12,12,0.5,0.19999999999999996,3,0.25,6.0,6.833333333333333,2.0,13.0,3.0,0.0,3.0,3.0,0,0,1,0,0,24,2,0,9,0,55430,exact_all,2,1,4,20,88,12926,exact,2,1,22,240,0.09,0.026999999999999996,0.0081,0.0024299999999999994,0.09,0.10799999999999998,0.16199999999999998,0.21383999999999995,0.0003260869565217391,5.335968379446639e-05,1.5245623941276115e-05,5.031055900621117e-06,0.09,0.5939999999999999,1.944,0.5738399999999999,0.4535184929858731,0.00039972332015810277,0.0003996434520744786,2.6279999999999997,1.2886815322528902
code_n24_k12_cw3_010_q03,code_n24_k12_cw3_010,q03,train,0.36,24,12,12,0.5,0.14,3,0.25,6.0,6.833333333333333,2.0,13.0,3.0,0.0,3.0,3.0,0,0,1,0,0,24,2,0,9,0,55430,exact_all,2,1,4,20,88,12926,exact,2,1,22,240,0.1296,0.046655999999999996,0.016796159999999997,0.006046617599999999,0.1296,0.18662399999999998,0.3359232,0.5321023488,0.0004695652173913043,9.220553359683793e-05,3.1613325804630145e-05,1.2518877018633539e-05,0.1296,1.026432,4.031078399999999,1.1842495488,0.7812723136262848,0.0006059029538114058,0.0006057194687290483,5.187110399999999,1.8224681602558228
code_n24_k12_cw3_011_q00,code_n24_k12_cw3_011,q00,train,0.18,24,12,12,0.5,0.32000000000000006,3,0.25,6.0,5.666666666666667,1.0,10.0,3.0,0.0,3.0,3.0,1,0,0,0,1,24,1,0,9,0,55430,exact_all,3,0,7,23,116,12926,exact,4,0,0,11,0.0324,0.0058319999999999995,0.0010497599999999998,0.00018895679999999997,0.0,0.040824,0.024144479999999996,0.021918988799999997,0.0,2.01699604743083e-05,2.272207792207792e-06,5.156923771880293e-07,0.0,0.0,0.011547359999999998,0.08688746879999999,0.08331807821701746,2.295786064370412e-05,2.29575971160548e-05,0.011547359999999998,0.011481198081718715
code_n24_k12_cw3_011_q01,code_n24_k12_cw3_011,q01,train,0.24,24,12,12,0.5,0.26,3,0.25,6.0,5.666666666666667,1.0,10.0,3.0,0.0,3.0,3.0,1,0,0,0,1,24,1,0,9,0,55430,exact_all,3,0,7,23,116,12926,exact,4,0,0,11,0.0576,0.013823999999999998,0.0033177599999999995,0.0007962623999999999,0.0,0.09676799999999998,0.07630847999999998,0.09236643839999999,0.0,4.781027667984189e-05,7.1812987012987e-06,2.1731234330886502e-06,0.0,0.0,0.03649535999999999,0.26544291839999995,0.23542219401971565,5.716469881422924e-05,5.716306497509896e-05,0.03649535999999999,0.03584517627972158
code_n24_k12_cw3_011_q02,code_n24_k12_cw3_011,q02,train,0.3,24,12,12,0.5,0.19999999999999996,3,0.25,6.0,5.666666666666667,1.0,10.0,3.0,0.0,3.0,3.0,1,0,0,0,1,24,1,0,9,0,55430,exact_all,3,0,7,23,116,12926,exact,4,0,0,11,0.09,0.026999999999999996,0.0081,0.0024299999999999994,0.0,0.18899999999999997,0.1863,0.2818799999999999,0.0,9.337944664031619e-05,1.753246753246753e-05,6.631846414455109e-06,0.0,0.0,0.0891,0.6571799999999999,0.5051173625989237,0.00011754376058723883,0.00011753685286071381,0.0891,0.0853516670995037
code_n24_k12_cw3_011_q03,code_n24_k12_cw3_011,q03,train,0.36,24,12,12,0.5,0.14,3,0.25,6.0,5.666666666666667,1.0,10.0,3.0,0.0,3.0,3.0,1,0,0,0,1,24,1,0,9,0,55430,exact_all,3,0,7,23,116,12926,exact,4,0,0,11,0.1296,0.046655999999999996,0.016796159999999997,0.006046617599999999,0.0,0.326592,0.38631167999999994,0.7014076415999999,0.0,0.0001613596837944664,3.635532467532467e-05,1.650215607001694e-05,0.0,0.0,0.18475775999999997,1.4143113215999998,0.8814140793973467,0.000214217164539808,0.0002141942233192266,0.18475775999999997,0.1695383317491533
code_n24_k12_cw3_012_q00,code_n24_k12_cw3_012,q00,train,0.18,24,12,12,0.5,0.32000000000000006,3,0.25,6.0,2.6666666666666665,4.0,10.0,3.0,0.0,3.0,3.0,0,0,0,0,0,24,2,0,10,0,55430,exact_all,4,0,0,11,61,12926,exact,4,0,0,8,0.0324,0.0058319999999999995,0.0010497599999999998,0.00018895679999999997,0.0,0.0,0.011547359999999998,0.011526364799999998,0.0,0.0,1.0867080745341614e-06,2.71183060417843e-07,0.0,0.0,0.008398079999999999,0.023073724799999994,0.02281155162594662,1.3578911349520044e-06,1.357890213018672e-06,0.008398079999999999,0.008363012323468396
code_n24_k12_cw3_012_q01,code_n24_k12_cw3_012,q01,train,0.24,24,12,12,0.5,0.26,3,0.25,6.0,2.6666666666666665,4.0,10.0,3.0,0.0,3.0,3.0,0,0,0,0,0,24,2,0,10,0,55430,exact_all,4,0,0,11,61,12926,exact,4,0,0,8,0.0576,0.013823999999999998,0.0033177599999999995,0.0007962623999999999,0.0,0.0,0.03649535999999999,0.04857200639999999,0.0,0.0,3.434534161490683e-06,1.1427631846414453e-06,0.0,0.0,0.026542079999999996,0.08506736639999998,0.08164207391291639,4.577297346132128e-06,4.577286870338598e-06,0.026542079999999996,0.02619595030443698
code_n24_k12_cw3_012_q02,code_n24_k12_cw3_012,q02,train,0.3,24,12,12,0.5,0.19999999999999996,3,0.25,6.0,2.6666666666666665,4.0,10.0,3.0,0.0,3.0,3.0,0,0,0,0,0,24,2,0,10,0,55430,exact_all,4,0,0,11,61,12926,exact,4,0,0,8,0.09,0.026999999999999996,0.0081,0.0024299999999999994,0.0,0.0,0.0891,0.14822999999999997,0.0,0.0,8.385093167701864e-06,3.4874364765669103e-06,0.0,0.0,0.0648,0.23732999999999999,0.21295583228669845,1.1872529644268775e-05,1.1872459166346532e-05,0.0648,0.06278698809876482
code_n24_k12_cw3_012_q03,code_n24_k12_cw3_012,q03,train,0.36,24,12,12,0.5,0.14,3,0.25,6.0,2.6666666666666665,4.0,10.0,3.0,0.0,3.0,3.0,0,0,0,0,0,24,2,0,10,0,55430,exact_all,4,0,0,11,61,12926,exact,4,0,0,8,0.1296,0.046655999999999996,0.016796159999999997,0.006046617599999999,0.0,0.0,0.18475775999999997,0.3688436735999999,0.0,0.0,1.7387329192546582e-05,8.677857933370976e-06,0.0,0.0,0.13436927999999998,0.5536014335999999,0.4405757413145388,2.606518712591756e-05,2.6064847434830333e-05,0.13436927999999998,0.12607679603412303
code_n24_k12_cw3_013_q00,code_n24_k12_cw3_013,q00,validation,0.18,24,12,12,0.5,0.32000000000000006,3,0.25,6.0,4.833333333333333,3.0,9.0,3.0,0.0,3.0,3.0,0,0,0,0,3,24,1,0,8,0,55430,exact_all,3,0,5,18,122,12926,exact,4,0,0,8,0.0324,0.0058319999999999995,0.0010497599999999998,0.00018895679999999997,0.0,0.02916,0.018895679999999998,0.023052729599999995,0.0,1.4407114624505928e-05,1.778249576510446e-06,5.42366120835686e-07,0.0,0.0,0.008398079999999999,0.07110840959999999,0.06869400912537786,1.6727730321852057e-05,1.672759041493141e-05,0.008398079999999999,0.008363012323468396
code_n24_k12_cw3_013_q01,code_n24_k12_cw3_013,q01,validation,0.24,24,12,12,0.5,0.26,3,0.25,6.0,4.833333333333333,3.0,9.0,3.0,0.0,3.0,3.0,0,0,0,0,3,24,1,0,8,0,55430,exact_all,3,0,5,18,122,12926,exact,4,0,0,8,0.0576,0.013823999999999998,0.0033177599999999995,0.0007962623999999999,0.0,0.06911999999999999,0.05971967999999999,0.09714401279999998,0.0,3.4150197628458496e-05,5.6201468097120265e-06,2.2855263692828906e-06,0.0,0.0,0.026542079999999996,0.22598369279999997,0.2037435362836337,4.205587080745342e-05,4.205498648411264e-05,0.026542079999999996,0.02619595030443698
code_n24_k12_cw3_013_q02,code_n24_k12_cw3_013,q02,validation,0.3,24,12,12,0.5,0.19999999999999996,3,0.25,6.0,4.833333333333333,3.0,9.0,3.0,0.0,3.0,3.0,0,0,0,0,3,24,1,0,8,0,55430,exact_all,3,0,5,18,122,12926,exact,4,0,0,8,0.09,0.026999999999999996,0.0081,0.0024299999999999994,0.0,0.13499999999999998,0.14579999999999999,0.29645999999999995,0.0,6.6699604743083e-05,1.3721061547148505e-05,6.9748729531338206e-06,0.0,0.0,0.0648,0.5772599999999999,0.4556891643976766,8.739553924336532e-05,8.739172047571939e-05,0.0648,0.06278698809876482
code_n24_k12_cw3_013_q03,code_n24_k12_cw3_013,q03,validation,0.36,24,12,12,0.5,0.14,3,0.25,6.0,4.833333333333333,3.0,9.0,3.0,0.0,3.0,3.0,0,0,0,0,3,24,1,0,8,0,55430,exact_all,3,0,5,18,122,12926,exact,4,0,0,8,0.1296,0.046655999999999996,0.016796159999999997,0.006046617599999999,0.0,0.23328,0.30233087999999997,0.7376873471999998,0.0,0.00011525691699604742,2.8451993224167136e-05,1.7355715866741952e-05,0.0,0.0,0.13436927999999998,1.2732982271999997,0.8212317404873779,0.00016106462608695652,0.00016105165657266955,0.13436927999999998,0.12607679603412303
code_n24_k12_cw3_014_q00,code_n24_k12_cw3_014,q00,validation,0.18,24,12,12,0.5,0.32000000000000006,3,0.25,6.0,4.0,2.0,9.0,3.0,0.0,3.0,3.0,0,0,1,0,1,24,1,0,9,0,55430,exact_all,3,0,1,15,113,12926,exact,4,0,0,10,0.0324,0.0058319999999999995,0.0010497599999999998,0.00018895679999999997,0.0,0.0058319999999999995,0.015746399999999997,0.021352118399999998,0.0,2.8814229249011852e-06,1.4818746470920382e-06,5.02355505364201e-07,0.0,0.0,0.0104976,0.04293051839999999,0.04203455673346476,4.865653077357424e-06,4.865641240105887e-06,0.0104976,0.010442882796867616
code_n24_k12_cw3_014_q01,code_n24_k12_cw3_014,q01,validation,0.24,24,12,12,0.5,0.26,3,0.25,6.0,4.0,2.0,9.0,3.0,0.0,3.0,3.0,0,0,1,0,1,24,1,0,9,0,55430,exact_all,3,0,1,15,113,12926,exact,4,0,0,10,0.0576,0.013823999999999998,0.0033177599999999995,0.0007962623999999999,0.0,0.013823999999999998,0.04976639999999999,0.08997765119999998,0.0,6.830039525691698e-06,4.6834556747600216e-06,2.11692196499153e-06,0.0,0.0,0.033177599999999995,0.15356805119999997,0.14285979229679904,1.363041716544325e-05,1.3630324272151313e-05,0.033177599999999995,0.0326391017877269
code_n24_k12_cw3_014_q02,code_n24_k12_cw3_014,q02,validation,0.3,24,12,12,0.5,0.19999999999999996,3,0.25,6.0,4.0,2.0,9.0,3.0,0.0,3.0,3.0,0,0,1,0,1,24,1,0,9,0,55430,exact_all,3,0,1,15,113,12926,exact,4,0,0,10,0.09,0.026999999999999996,0.0081,0.0024299999999999994,0.0,0.026999999999999996,0.1215,0.27458999999999995,0.0,1.3339920948616598e-05,1.1434217955957084e-05,6.460333145115753e-06,0.0,0.0,0.08099999999999999,0.42308999999999997,0.3528305637697112,3.123447204968944e-05,3.1233984263724456e-05,0.08099999999999999,0.07788653865707122
code_n24_k12_cw3_014_q03,code_n24_k12_cw3_014,q03,validation,0.36,24,12,12,0.5,0.14,3,0.25,6.0,4.0,2.0,9.0,3.0,0.0,3.0,3.0,0,0,1,0,1,24,1,0,9,0,55430,exact_all,3,0,1,15,113,12926,exact,4,0,0,10,0.1296,0.046655999999999996,0.016796159999999997,0.006046617599999999,0.0,0.046655999999999996,0.25194239999999996,0.6832677887999999,0.0,2.3051383399209482e-05,2.370999435347261e-05,1.607537617165443e-05,0.0,0.0,0.1679616,0.9818661887999999,0.6840389204097055,6.283675392433651e-05,6.283477977821349e-05,0.1679616,0.15526000715325558
code_n24_k12_cw3_015_q00,code_n24_k12_cw3_015,q00,train,0.18,24,12,12,0.5,0.32000000000000006,3,0.25,6.0,2.8333333333333335,3.0,9.0,3.0,0.0,3.0,3.0,0,0,0,0,1,24,2,0,9,0,55430,exact_all,2,2,2,16,73,12926,exact,2,2,44,466,0.0324,0.0058319999999999995,0.0010497599999999998,0.00018895679999999997,0.0648,0.011663999999999999,0.016796159999999997,0.013793846399999999,0.00023478260869565215,5.7628458498023705e-06,1.5806662902315073e-06,3.2453054771315635e-07,0.0648,0.256608,0.4891881599999999,0.10705400639999998,0.10170243880568451,0.0002424506513833992,0.0002424212649739612,0.81059616,0.5936561612130348
code_n24_k12_cw3_015_q01,code_n24_k12_cw3_015,q01,train,0.24,24,12,12,0.5,0.26,3,0.25,6.0,2.8333333333333335,3.0,9.0,3.0,0.0,3.0,3.0,0,0,0,0,1,24,2,0,9,0,55430,exact_all,2,2,2,16,73,12926,exact,2,2,44,466,0.0576,0.013823999999999998,0.0033177599999999995,0.0007962623999999999,0.1152,0.027647999999999995,0.05308415999999999,0.05812715519999999,0.0004173913043478261,1.3660079051383396e-05,4.9956860530773566e-06,1.3675690570299262e-06,0.1152,0.6082559999999999,1.5460761599999997,0.25405931519999997,0.22638574188952965,0.0004374146385093168,0.0004373190006142528,2.26953216,1.1846469043372336
code_n24_k12_cw3_015_q02,code_n24_k12_cw3_015,q02,train,0.3,24,12,12,0.5,0.19999999999999996,3,0.25,6.0,2.8333333333333335,3.0,9.0,3.0,0.0,3.0,3.0,0,0,0,0,1,24,2,0,9,0,55430,exact_all,2,2,2,16,73,12926,exact,2,2,44,466,0.09,0.026999999999999996,0.0081,0.0024299999999999994,0.18,0.05399999999999999,0.1296,0.17738999999999996,0.0006521739130434782,2.6679841897233196e-05,1.2196499153020891e-05,4.173489553924335e-06,0.18,1.1879999999999997,3.7746,0.54099,0.43242506702425604,0.0006952237436476566,0.0006949821875713202,5.1426,1.8152481052969591
code_n24_k12_cw3_015_q03,code_n24_k12_cw3_015,q03,train,0.36,24,12,12,0.5,0.14,3,0.25,6.0,2.8333333333333335,3.0,9.0,3.0,0.0,3.0,3.0,0,0,0,0,1,24,2,0,9,0,55430,exact_all,2,2,2,16,73,12926,exact,2,2,44,466,0.1296,0.046655999999999996,0.016796159999999997,0.006046617599999999,0.2592,0.09331199999999999,0.26873855999999996,0.44140308479999996,0.0009391304347826086,4.6102766798418964e-05,2.5290660643704117e-05,1.0384977526821003e-05,0.2592,2.052864,7.827010559999999,1.0626536448,0.7239933309006101,0.0010209088397515526,0.0010203880667330586,10.13907456,2.410459157439717
code_n24_k12_cw3_016_q00,code_n24_k12_cw3_016,q00,test,0.18,24,12,12,0.5,0.32000000000000006,3,0.25,6.0,1.8333333333333333,4.0,8.0,3.0,0.0,3.0,3.0,0,0,0,0,0,24,2,0,10,0,55430,exact_all,3,0,3,13,65,12926,exact,4,0,0,7,0.0324,0.0058319999999999995,0.0010497599999999998,0.00018895679999999997,0.0,0.017495999999999998,0.013646879999999998,0.012282191999999999,0.0,8.644268774703556e-06,1.2842913608130997e-06,2.8896555618294747e-07,0.0,0.0,0.0073483199999999985,0.043425071999999995,0.04250864045297874,1.0217525691699602e-05,1.0217473493139532e-05,0.0073483199999999985,0.007321452636295071
code_n24_k12_cw3_016_q01,code_n24_k12_cw3_016,q01,test,0.24,24,12,12,0.5,0.26,3,0.25,6.0,1.8333333333333333,4.0,8.0,3.0,0.0,3.0,3.0,0,0,0,0,0,24,2,0,10,0,55430,exact_all,3,0,3,13,65,12926,exact,4,0,0,7,0.0576,0.013823999999999998,0.0033177599999999995,0.0007962623999999999,0.0,0.041471999999999995,0.043130879999999996,0.05175705599999999,0.0,2.0490118577075095e-05,4.058994918125352e-06,1.2176984754376057e-06,0.0,0.0,0.023224319999999996,0.136359936,0.12783011518458307,2.576681197063805e-05,2.5766480012040817e-05,0.023224319999999996,0.0229587395692226
code_n24_k12_cw3_016_q02,code_n24_k12_cw3_016,q02,test,0.3,24,12,12,0.5,0.19999999999999996,3,0.25,6.0,1.8333333333333333,4.0,8.0,3.0,0.0,3.0,3.0,0,0,0,0,0,24,2,0,10,0,55430,exact_all,3,0,3,13,65,12926,exact,4,0,0,7,0.09,0.026999999999999996,0.0081,0.0024299999999999994,0.0,0.08099999999999999,0.10529999999999999,0.15794999999999995,0.0,4.001976284584979e-05,9.909655561829474e-06,3.7161208356860524e-06,0.0,0.0,0.0567,0.34424999999999994,0.29583623670765036,5.364553924336532e-05,5.364410037288405e-05,0.0567,0.05515084446484804
code_n24_k12_cw3_016_q03,code_n24_k12_cw3_016,q03,test,0.36,24,12,12,0.5,0.14,3,0.25,6.0,1.8333333333333333,4.0,8.0,3.0,0.0,3.0,3.0,0,0,0,0,0,24,2,0,10,0,55430,exact_all,3,0,3,13,65,12926,exact,4,0,0,7,0.1296,0.046655999999999996,0.016796159999999997,0.006046617599999999,0.0,0.13996799999999998,0.21835007999999997,0.39303014399999997,0.0,6.915415019762845e-05,2.0548661773009595e-05,9.246897797854319e-06,0.0,0.0,0.11757311999999998,0.751348224,0.5603859050333979,9.894970976849236e-05,9.894481456887712e-05,0.11757311999999998,0.11115947713235992
code_n24_k12_cw3_017_q00,code_n24_k12_cw3_017,q00,train,0.18,24,12,12,0.5,0.32000000000000006,3,0.25,6.0,4.666666666666667,2.0,9.0,3.0,0.0,3.0,3.0,0,0,1,0,0,24,3,0,8,0,55430,exact_all,2,1,3,24,144,12926,exact,2,1,22,239,0.0324,0.0058319999999999995,0.0010497599999999998,0.00018895679999999997,0.0324,0.017495999999999998,0.025194239999999996,0.027209779199999996,0.00011739130434782608,8.644268774703556e-06,2.370999435347261e-06,6.401698475437606e-07,0.0324,0.128304,0.25089263999999994,0.10230001919999998,0.09739892340525828,0.00012904674240542068,0.00012903841659082975,0.41159663999999996,0.344721432538446
code_n24_k12_cw3_017_q01,code_n24_k12_cw3_017,q01,train,0.24,24,12,12,0.5,0.26,3,0.25,6.0,4.666666666666667,2.0,9.0,3.0,0.0,3.0,3.0,0,0,1,0,0,24,3,0,8,0,55430,exact_all,2,1,3,24,144,12926,exact,2,1,22,239,0.0576,0.013823999999999998,0.0033177599999999995,0.0007962623999999999,0.0576,0.041471999999999995,0.07962623999999999,0.11466178559999998,0.00020869565217391305,2.0490118577075095e-05,7.493529079616035e-06,2.697670468661773e-06,0.0576,0.30412799999999995,0.7929446399999999,0.29336002559999996,0.25724350310461996,0.00023937697029926598,0.00023934832420369702,1.1546726399999998,0.7676388048240694
code_n24_k12_cw3_017_q02,code_n24_k12_cw3_017,q02,train,0.3,24,12,12,0.5,0.19999999999999996,3,0.25,6.0,4.666666666666667,2.0,9.0,3.0,0.0,3.0,3.0,0,0,1,0,0,24,3,0,8,0,55430,exact_all,2,1,3,24,144,12926,exact,2,1,22,239,0.09,0.026999999999999996,0.0081,0.0024299999999999994,0.09,0.08099999999999999,0.1944,0.3499199999999999,0.0003260869565217391,4.001976284584979e-05,1.8294748729531335e-05,8.2326369282891e-06,0.09,0.5939999999999999,1.9359,0.7153199999999998,0.5395996521336383,0.0003926341050254093,0.0003925570444256147,2.6199,1.2864464011467291
code_n24_k12_cw3_017_q03,code_n24_k12_cw3_017,q03,train,0.36,24,12,12,0.5,0.14,3,0.25,6.0,4.666666666666667,2.0,9.0,3.0,0.0,3.0,3.0,0,0,1,0,0,24,3,0,8,0,55430,exact_all,2,1,3,24,144,12926,exact,2,1,22,239,0.1296,0.046655999999999996,0.016796159999999997,0.006046617599999999,0.1296,0.13996799999999998,0.40310783999999994,0.8707129343999999,0.0004695652173913043,6.915415019762845e-05,3.793599096555618e-05,2.0485435121400338e-05,0.1296,1.026432,4.014282239999999,1.5433887743999999,0.9334973549752049,0.0005971407936758892,0.0005969625760559647,5.170314239999999,1.8197497669283338
code_n24_k12_cw3_018_q00,code_n24_k12_cw3_018,q00,validation,0.18,24,12,12,0.5,0.32000000000000006,3,0.25,6.0,3.5,3.0,9.0,3.0,0.0,3.0,3.0,0,0,0,0,1,24,1,0,10,0,55430,exact_all,3,0,2,11,80,12926,exact,4,0,0,7,0.0324,0.0058319999999999995,0.0010497599999999998,0.00018895679999999997,0.0,0.011663999999999999,0.011547359999999998,0.015116543999999997,0.0,5.7628458498023705e-06,1.0867080745341614e-06,3.5564991530208916e-07,0.0,0.0,0.0073483199999999985,0.038327903999999996,0.03761163466518021,7.205203839638621e-06,7.2051778822821205e-06,0.0073483199999999985,0.007321452636295071
code_n24_k12_cw3_018_q01,code_n24_k12_cw3_018,q01,validation,0.24,24,12,12,0.5,0.26,3,0.25,6.0,3.5,3.0,9.0,3.0,0.0,3.0,3.0,0,0,0,0,1,24,1,0,10,0,55430,exact_all,3,0,2,11,80,12926,exact,4,0,0,7,0.0576,0.013823999999999998,0.0033177599999999995,0.0007962623999999999,0.0,0.027647999999999995,0.03649535999999999,0.06370099199999998,0.0,1.3660079051383396e-05,3.434534161490683e-06,1.498705815923207e-06,0.0,0.0,0.023224319999999996,0.12784435199999997,0.12030815773934579,1.8593319028797286e-05,1.8593146175183645e-05,0.023224319999999996,0.0229587395692226
code_n24_k12_cw3_018_q02,code_n24_k12_cw3_018,q02,validation,0.3,24,12,12,0.5,0.19999999999999996,3,0.25,6.0,3.5,3.0,9.0,3.0,0.0,3.0,3.0,0,0,0,0,1,24,1,0,10,0,55430,exact_all,3,0,2,11,80,12926,exact,4,0,0,7,0.09,0.026999999999999996,0.0081,0.0024299999999999994,0.0,0.05399999999999999,0.0891,0.19439999999999996,0.0,2.6679841897233196e-05,8.385093167701864e-06,4.573687182382834e-06,0.0,0.0,0.0567,0.33749999999999997,0.2908021997880245,3.963862224731789e-05,3.9637836657890775e-05,0.0567,0.05515084446484804
code_n24_k12_cw3_018_q03,code_n24_k12_cw3_018,q03,validation,0.36,24,12,12,0.5,0.14,3,0.25,6.0,3.5,3.0,9.0,3.0,0.0,3.0,3.0,0,0,0,0,1,24,1,0,10,0,55430,exact_all,3,0,2,11,80,12926,exact,4,0,0,7,0.1296,0.046655999999999996,0.016796159999999997,0.006046617599999999,0.0,0.09331199999999999,0.18475775999999997,0.4837294079999999,0.0,4.6102766798418964e-05,1.7387329192546582e-05,1.1380797289666853e-05,0.0,0.0,0.11757311999999998,0.7617991679999998,0.566335541449151,7.48708932806324e-05,7.486809059519424e-05,0.11757311999999998,0.11115947713235992
code_n24_k12_cw3_019_q00,code_n24_k12_cw3_019,q00,train,0.18,24,12,12,0.5,0.32000000000000006,3,0.25,6.0,1.8333333333333333,4.0,9.0,3.0,0.0,3.0,3.0,0,0,0,0,0,24,2,0,10,0,55430,exact_all,3,0,2,11,43,12926,exact,4,0,0,6,0.0324,0.0058319999999999995,0.0010497599999999998,0.00018895679999999997,0.0,0.011663999999999999,0.011547359999999998,0.008125142399999999,0.0,5.7628458498023705e-06,1.0867080745341614e-06,1.9116182947487292e-07,0.0,0.0,0.006298559999999999,0.031336502399999994,0.030855536264081176,7.040715753811405e-06,7.0406909680885815e-06,0.006298559999999999,0.006278806971330837
code_n24_k12_cw3_019_q01,code_n24_k12_cw3_019,q01,train,0.24,24,12,12,0.5,0.26,3,0.25,6.0,1.8333333333333333,4.0,9.0,3.0,0.0,3.0,3.0,0,0,0,0,0,24,2,0,10,0,55430,exact_all,3,0,2,11,43,12926,exact,4,0,0,6,0.0576,0.013823999999999998,0.0033177599999999995,0.0007962623999999999,0.0,0.027647999999999995,0.03649535999999999,0.03423928319999999,0.0,1.3660079051383396e-05,3.434534161490683e-06,8.055543760587238e-07,0.0,0.0,0.019906559999999997,0.09838264319999998,0.09383877345310948,1.7900167588932804e-05,1.7900007382844757e-05,0.019906559999999997,0.019711015256787718
code_n24_k12_cw3_019_q02,code_n24_k12_cw3_019,q02,train,0.3,24,12,12,0.5,0.19999999999999996,3,0.25,6.0,1.8333333333333333,4.0,9.0,3.0,0.0,3.0,3.0,0,0,0,0,0,24,2,0,10,0,55430,exact_all,3,0,2,11,43,12926,exact,4,0,0,6,0.09,0.026999999999999996,0.0081,0.0024299999999999994,0.0,0.05399999999999999,0.0891,0.10448999999999997,0.0,2.6679841897233196e-05,8.385093167701864e-06,2.458356860530773e-06,0.0,0.0,0.0486,0.24758999999999998,0.22121369032983978,3.752329192546583e-05,3.752258794435777e-05,0.0486,0.04745594115629535
code_n24_k12_cw3_019_q03,code_n24_k12_cw3_019,q03,train,0.36,24,12,12,0.5,0.14,3,0.25,6.0,1.8333333333333333,4.0,9.0,3.0,0.0,3.0,3.0,0,0,0,0,0,24,2,0,10,0,55430,exact_all,3,0,2,11,43,12926,exact,4,0,0,6,0.1296,0.046655999999999996,0.016796159999999997,0.006046617599999999,0.0,0.09331199999999999,0.18475775999999997,0.26000455679999995,0.0,4.6102766798418964e-05,1.7387329192546582e-05,6.117178543195933e-06,0.0,0.0,0.10077695999999998,0.5380743168,0.43053119033218334,6.960727453416148e-05,6.960485206024133e-05,0.10077695999999998,0.09601625774534364
code_n24_k12_cw3_020_q00,code_n24_k12_cw3_020,q00,train,0.18,24,12,12,0.5,0.32000000000000006,3,0.25,6.0,3.6666666666666665,3.0,11.0,3.0,0.0,3.0,3.0,0,0,0,0,1,24,1,0,10,0,55430,exact_all,2,2,3,16,68,12926,exact,2,2,44,468,0.0324,0.0058319999999999995,0.0010497599999999998,0.00018895679999999997,0.0648,0.017495999999999998,0.016796159999999997,0.012849062399999998,0.00023478260869565215,8.644268774703556e-06,1.5806662902315073e-06,3.023024280067758e-07,0.0648,0.256608,0.49128767999999995,0.11194122239999998,0.10610733687742405,0.000245309846188594,0.000245279762648034,0.81269568,0.5948150632985929
code_n24_k12_cw3_020_q01,code_n24_k12_cw3_020,q01,train,0.24,24,12,12,0.5,0.26,3,0.25,6.0,3.6666666666666665,3.0,11.0,3.0,0.0,3.0,3.0,0,0,0,0,1,24,1,0,10,0,55430,exact_all,2,2,3,16,68,12926,exact,2,2,44,468,0.0576,0.013823999999999998,0.0033177599999999995,0.0007962623999999999,0.1152,0.041471999999999995,0.05308415999999999,0.05414584319999999,0.0004173913043478261,2.0490118577075095e-05,4.9956860530773566e-06,1.2738999435347259e-06,0.1152,0.6082559999999999,1.5527116799999998,0.26390200319999996,0.2342037636052045,0.00044415100892151326,0.00044405240305833227,2.2761676799999995,1.1866743490521319
code_n24_k12_cw3_020_q02,code_n24_k12_cw3_020,q02,train,0.3,24,12,12,0.5,0.19999999999999996,3,0.25,6.0,3.6666666666666665,3.0,11.0,3.0,0.0,3.0,3.0,0,0,0,0,1,24,1,0,10,0,55430,exact_all,2,2,3,16,68,12926,exact,2,2,44,468,0.09,0.026999999999999996,0.0081,0.0024299999999999994,0.18,0.08099999999999999,0.1296,0.16523999999999997,0.0006521739130434782,4.001976284584979e-05,1.2196499153020891e-05,3.887634105025409e-06,0.18,1.1879999999999997,3.7908,0.55584,0.4420155927055668,0.0007082778091473743,0.000708027098794644,5.158799999999999,1.8178819533736266
code_n24_k12_cw3_020_q03,code_n24_k12_cw3_020,q03,train,0.36,24,12,12,0.5,0.14,3,0.25,6.0,3.6666666666666665,3.0,11.0,3.0,0.0,3.0,3.0,0,0,0,0,1,24,1,0,10,0,55430,exact_all,2,2,3,16,68,12926,exact,2,2,44,468,0.1296,0.046655999999999996,0.016796159999999997,0.006046617599999999,0.2592,0.13996799999999998,0.26873855999999996,0.41116999679999994,0.0009391304347826086,6.915415019762845e-05,2.5290660643704117e-05,9.673677696216826e-06,0.2592,2.052864,7.860602879999999,1.0790765567999998,0.731923832055518,0.001043248923320158,0.0010427051173459555,10.17266688,2.4134703383887897
code_n24_k12_cw3_021_q00,code_n24_k12_cw3_021,q00,train,0.18,24,12,12,0.5,0.32000000000000006,3,0.25,6.0,2.1666666666666665,4.0,8.0,3.0,0.0,3.0,3.0,0,0,0,0,0,24,3,0,9,0,55430,exact_all,2,2,0,9,67,12926,exact,2,2,44,464,0.0324,0.0058319999999999995,0.0010497599999999998,0.00018895679999999997,0.0648,0.0,0.009447839999999999,0.012660105599999999,0.00023478260869565215,0.0,8.89124788255223e-07,2.978568040654997e-07,0.0648,0.256608,0.4870886399999999,0.0869079456,0.0833369178924211,0.0002359695902879729,0.0002359417538431528,0.80849664,0.5924959145150079
code_n24_k12_cw3_021_q01,code_n24_k12_cw3_021,q01,train,0.24,24,12,12,0.5,0.26,3,0.25,6.0,2.1666666666666665,4.0,8.0,3.0,0.0,3.0,3.0,0,0,0,0,0,24,3,0,9,0,55430,exact_all,2,2,0,9,67,12926,exact,2,2,44,464,0.0576,0.013823999999999998,0.0033177599999999995,0.0007962623999999999,0.1152,0.0,0.029859839999999995,0.05334958079999999,0.0004173913043478261,0.0,2.8100734048560133e-06,1.2551661208356859e-06,0.1152,0.6082559999999999,1.5394406399999998,0.19840942079999999,0.1809951948981169,0.0004214565438735178,0.00042136775601027225,2.2628966399999997,1.1826153407380393
code_n24_k12_cw3_021_q02,code_n24_k12_cw3_021,q02,train,0.3,24,12,12,0.5,0.19999999999999996,3,0.25,6.0,2.1666666666666665,4.0,8.0,3.0,0.0,3.0,3.0,0,0,0,0,0,24,3,0,9,0,55430,exact_all,2,2,0,9,67,12926,exact,2,2,44,464,0.09,0.026999999999999996,0.0081,0.0024299999999999994,0.18,0.0,0.07289999999999999,0.16280999999999995,0.0006521739130434782,0.0,6.860530773574252e-06,3.830463015245623e-06,0.18,1.1879999999999997,3.7584,0.41570999999999997,0.34763117203679433,0.000662864906832298,0.0006626453089270812,5.126399999999999,1.812607301740893
code_n24_k12_cw3_021_q03,code_n24_k12_cw3_021,q03,train,0.36,24,12,12,0.5,0.14,3,0.25,6.0,2.1666666666666665,4.0,8.0,3.0,0.0,3.0,3.0,0,0,0,0,0,24,3,0,9,0,55430,exact_all,2,2,0,9,67,12926,exact,2,2,44,464,0.1296,0.046655999999999996,0.016796159999999997,0.006046617599999999,0.2592,0.0,0.15116543999999998,0.40512337919999997,0.0009391304347826086,0.0,1.4225996612083568e-05,9.53141773009599e-06,0.2592,2.052864,7.7934182399999985,0.8154888191999999,0.596354753329467,0.0009628878491247881,0.0009624245699865102,10.105482239999999,2.407438881887548
code_n24_k12_cw3_022_q00,code_n24_k12_cw3_022,q00,train,0.18,24,12,12,0.5,0.32000000000000006,3,0.25,6.0,3.8333333333333335,3.0,9.0,3.0,0.0,3.0,3.0,0,0,0,0,1,24,3,0,8,0,55430,exact_all,3,0,4,7,78,12926,exact,4,0,0,5,0.0324,0.0058319999999999995,0.0010497599999999998,0.00018895679999999997,0.0,0.023327999999999998,0.0073483199999999985,0.014738630399999997,0.0,1.1525691699604741e-05,6.915415019762845e-07,3.4675866741953695e-07,0.0,0.0,0.0052488,0.045414950399999994,0.04441388832317879,1.2563991869000561e-05,1.2563912942715805e-05,0.0052488,0.005235073061631587
code_n24_k12_cw3_022_q01,code_n24_k12_cw3_022,q01,train,0.24,24,12,12,0.5,0.26,3,0.25,6.0,3.8333333333333335,3.0,9.0,3.0,0.0,3.0,3.0,0,0,0,0,1,24,3,0,8,0,55430,exact_all,3,0,4,7,78,12926,exact,4,0,0,5,0.0576,0.013823999999999998,0.0033177599999999995,0.0007962623999999999,0.0,0.05529599999999999,0.023224319999999996,0.06210846719999999,0.0,2.7320158102766792e-05,2.1856126482213437e-06,1.4612381705251268e-06,0.0,0.0,0.016588799999999997,0.1406287872,0.13157967806813864,3.0967008921513264e-05,3.096652945359092e-05,0.016588799999999997,0.01645270885409976
code_n24_k12_cw3_022_q02,code_n24_k12_cw3_022,q02,train,0.3,24,12,12,0.5,0.19999999999999996,3,0.25,6.0,3.8333333333333335,3.0,9.0,3.0,0.0,3.0,3.0,0,0,0,0,1,24,3,0,8,0,55430,exact_all,3,0,4,7,78,12926,exact,4,0,0,5,0.09,0.026999999999999996,0.0081,0.0024299999999999994,0.0,0.10799999999999998,0.0567,0.18953999999999996,0.0,5.335968379446639e-05,5.3359683794466405e-06,4.459345002823263e-06,0.0,0.0,0.040499999999999994,0.35423999999999994,0.3032404113676334,6.31549971767363e-05,6.315300298386382e-05,0.040499999999999994,0.03970136685155206
code_n24_k12_cw3_022_q03,code_n24_k12_cw3_022,q03,train,0.36,24,12,12,0.5,0.14,3,0.25,6.0,3.8333333333333335,3.0,9.0,3.0,0.0,3.0,3.0,0,0,0,0,1,24,3,0,8,0,55430,exact_all,3,0,4,7,78,12926,exact,4,0,0,5,0.1296,0.046655999999999996,0.016796159999999997,0.006046617599999999,0.0,0.18662399999999998,0.11757311999999998,0.4716361727999999,0.0,9.220553359683793e-05,1.1064664031620552e-05,1.1096277357425182e-05,0.0,0.0,0.0839808,0.7758332927999999,0.5742697734975604,0.00011436647498588367,0.00011435993563916659,0.0839808,0.08064019068347023
code_n24_k12_cw3_023_q00,code_n24_k12_cw3_023,q00,test,0.18,24,12,12,0.5,0.32000000000000006,3,0.25,6.0,3.8333333333333335,3.0,10.0,3.0,0.0,3.0,3.0,0,0,0,0,1,24,1,0,10,0,55430,exact_all,2,2,0,16,86,12926,exact,2,2,44,469,0.0324,0.0058319999999999995,0.0010497599999999998,0.00018895679999999997,0.0648,0.0,0.016796159999999997,0.016250284799999997,0.00023478260869565215,0.0,1.5806662902315073e-06,3.8232365894974584e-07,0.0648,0.256608,0.4923374399999999,0.0978464448,0.09335048339850323,0.0002367455986448334,0.0002367175788278862,0.8137454399999999,0.5953940110849126
code_n24_k12_cw3_023_q01,code_n24_k12_cw3_023,q01,test,0.24,24,12,12,0.5,0.26,3,0.25,6.0,3.8333333333333335,3.0,10.0,3.0,0.0,3.0,3.0,0,0,0,0,1,24,1,0,10,0,55430,exact_all,2,2,0,16,86,12926,exact,2,2,44,469,0.0576,0.013823999999999998,0.0033177599999999995,0.0007962623999999999,0.1152,0.0,0.05308415999999999,0.06847856639999998,0.0004173913043478261,0.0,4.9956860530773566e-06,1.6111087521174476e-06,0.1152,0.6082559999999999,1.5560294399999997,0.23676272639999996,0.2124972612688156,0.0004239980991530209,0.00042390823735890084,2.2794854399999993,1.1876865320406234
code_n24_k12_cw3_023_q02,code_n24_k12_cw3_023,q02,test,0.3,24,12,12,0.5,0.19999999999999996,3,0.25,6.0,3.8333333333333335,3.0,10.0,3.0,0.0,3.0,3.0,0,0,0,0,1,24,1,0,10,0,55430,exact_all,2,2,0,16,86,12926,exact,2,2,44,469,0.09,0.026999999999999996,0.0081,0.0024299999999999994,0.18,0.0,0.1296,0.20897999999999994,0.0006521739130434782,0.0,1.2196499153020891e-05,4.916713721061546e-06,0.18,1.1879999999999997,3.7988999999999997,0.5185799999999999,0.4177756876852477,0.0006692871259175606,0.0006690632531736288,5.166899999999999,1.8191962805381743
code_n24_k12_cw3_023_q03,code_n24_k12_cw3_023,q03,test,0.36,24,12,12,0.5,0.14,3,0.25,6.0,3.8333333333333335,3.0,10.0,3.0,0.0,3.0,3.0,0,0,0,0,1,24,1,0,10,0,55430,exact_all,2,2,0,16,86,12926,exact,2,2,44,469,0.1296,0.046655999999999996,0.016796159999999997,0.006046617599999999,0.2592,0.0,0.26873855999999996,0.5200091135999999,0.0009391304347826086,0.0,2.5290660643704117e-05,1.2234357086391867e-05,0.2592,2.052864,7.8773990399999985,1.0479476736,0.7168381568508545,0.0009766554525127045,0.0009761788348784735,10.189463039999998,2.4149725354709637
code_n24_k12_cw3_024_q00,code_n24_k12_cw3_024,q00,train,0.18,24,12,12,0.5,0.32000000000000006,3,0.25,6.0,4.666666666666667,1.0,9.0,3.0,0.0,3.0,3.0,1,0,0,0,0,24,2,0,9,0,55430,exact_all,2,2,4,10,104,12926,exact,2,2,44,466,0.0324,0.0058319999999999995,0.0010497599999999998,0.00018895679999999997,0.0648,0.023327999999999998,0.0104976,0.019651507199999998,0.00023478260869565215,1.1525691699604741e-05,9.87916431394692e-07,4.623448898927159e-07,0.0648,0.256608,0.4891881599999999,0.1182771072,0.11178920377030722,0.00024775856171654426,0.0002477278746326462,0.81059616,0.5936561612130348
code_n24_k12_cw3_024_q01,code_n24_k12_cw3_024,q01,train,0.24,24,12,12,0.5,0.26,3,0.25,6.0,4.666666666666667,1.0,9.0,3.0,0.0,3.0,3.0,1,0,0,0,0,24,2,0,9,0,55430,exact_all,2,2,4,10,104,12926,exact,2,2,44,466,0.0576,0.013823999999999998,0.0033177599999999995,0.0007962623999999999,0.1152,0.05529599999999999,0.033177599999999995,0.08281128959999999,0.0004173913043478261,2.7320158102766792e-05,3.122303783173348e-06,1.948317560700169e-06,0.1152,0.6082559999999999,1.5460761599999997,0.28648488959999996,0.2519136073150685,0.0004497820837944664,0.00044968096215368045,2.26953216,1.1846469043372336
code_n24_k12_cw3_024_q02,code_n24_k12_cw3_024,q02,train,0.3,24,12,12,0.5,0.19999999999999996,3,0.25,6.0,4.666666666666667,1.0,9.0,3.0,0.0,3.0,3.0,1,0,0,0,0,24,2,0,9,0,55430,exact_all,2,2,4,10,104,12926,exact,2,2,44,466,0.09,0.026999999999999996,0.0081,0.0024299999999999994,0.18,0.10799999999999998,0.08099999999999999,0.25271999999999994,0.0006521739130434782,5.335968379446639e-05,7.622811970638057e-06,5.945793337097684e-06,0.18,1.1879999999999997,3.7746,0.6217199999999999,0.4834873144043951,0.0007191022021456803,0.0007188437720414649,5.1426,1.8152481052969591
code_n24_k12_cw3_024_q03,code_n24_k12_cw3_024,q03,train,0.36,24,12,12,0.5,0.14,3,0.25,6.0,4.666666666666667,1.0,9.0,3.0,0.0,3.0,3.0,1,0,0,0,0,24,2,0,9,0,55430,exact_all,2,2,4,10,104,12926,exact,2,2,44,466,0.1296,0.046655999999999996,0.016796159999999997,0.006046617599999999,0.2592,0.18662399999999998,0.1679616,0.6288482303999999,0.0009391304347826086,9.220553359683793e-05,1.5806662902315073e-05,1.479503647656691e-05,0.2592,2.052864,7.827010559999999,1.2426338304,0.8076509922782252,0.0010619376677583284,0.001061374210822042,10.13907456,2.410459157439717
code_n24_k12_cw3_025_q00,code_n24_k12_cw3_025,q00,validation,0.18,24,12,12,0.5,0.32000000000000006,3,0.25,6.0,4.0,3.0,10.0,3.0,0.0,3.0,3.0,0,0,0,0,1,24,3,0,8,0,55430,exact_all,2,1,6,20,123,12926,exact,2,1,22,245,0.0324,0.0058319999999999995,0.0010497599999999998,0.00018895679999999997,0.0324,0.034991999999999995,0.0209952,0.023241686399999996,0.00011739130434782608,1.728853754940711e-05,1.975832862789384e-06,5.468117447769621e-07,0.0324,0.128304,0.25719119999999995,0.11162888639999999,0.10582640487458943,0.0001372024865047995,0.00013719307510448312,0.41789519999999997,0.34917351846754296
code_n24_k12_cw3_025_q01,code_n24_k12_cw3_025,q01,validation,0.24,24,12,12,0.5,0.26,3,0.25,6.0,4.0,3.0,10.0,3.0,0.0,3.0,3.0,0,0,0,0,1,24,3,0,8,0,55430,exact_all,2,1,6,20,123,12926,exact,2,1,22,245,0.0576,0.013823999999999998,0.0033177599999999995,0.0007962623999999999,0.0576,0.08294399999999999,0.06635519999999999,0.09794027519999998,0.00020869565217391305,4.098023715415019e-05,6.244607566346696e-06,2.304260191981931e-06,0.0576,0.30412799999999995,0.8128511999999999,0.3048394752,0.266080025699034,0.0002582247570863919,0.00025819142281217216,1.1745791999999997,0.7768351745583001
code_n24_k12_cw3_025_q02,code_n24_k12_cw3_025,q02,validation,0.3,24,12,12,0.5,0.19999999999999996,3,0.25,6.0,4.0,3.0,10.0,3.0,0.0,3.0,3.0,0,0,0,0,1,24,3,0,8,0,55430,exact_all,2,1,6,20,123,12926,exact,2,1,22,245,0.09,0.026999999999999996,0.0081,0.0024299999999999994,0.09,0.16199999999999998,0.16199999999999998,0.29888999999999993,0.0003260869565217391,8.003952569169959e-05,1.5245623941276115e-05,7.032044042913606e-06,0.09,0.5939999999999999,1.9845,0.7128899999999999,0.5381820024523349,0.00042840415019762844,0.00042831241133961165,2.6685,1.2997828591719118
code_n24_k12_cw3_025_q03,code_n24_k12_cw3_025,q03,validation,0.36,24,12,12,0.5,0.14,3,0.25,6.0,4.0,3.0,10.0,3.0,0.0,3.0,3.0,0,0,0,0,1,24,3,0,8,0,55430,exact_all,2,1,6,20,123,12926,exact,2,1,22,245,0.1296,0.046655999999999996,0.016796159999999997,0.006046617599999999,0.1296,0.27993599999999996,0.3359232,0.7437339647999999,0.0004695652173913043,0.0001383083003952569,3.1613325804630145e-05,1.7497975832862786e-05,0.1296,1.026432,4.115059199999999,1.4891931647999999,0.9119586277666841,0.0006569848194240541,0.0006567690993756043,5.271091199999999,1.8359503745901995
code_n24_k12_cw3_026_q00,code_n24_k12_cw3_026,q00,validation,0.18,24,12,12,0.5,0.32000000000000006,3,0.25,6.0,5.166666666666667,3.0,10.0,3.0,0.0,3.0,3.0,0,0,0,0,3,24,1,0,8,0,55430,exact_all,3,0,2,12,84,12926,exact,4,0,0,8,0.0324,0.0058319999999999995,0.0010497599999999998,0.00018895679999999997,0.0,0.011663999999999999,0.012597119999999998,0.0158723712,0.0,5.7628458498023705e-06,1.1854997176736305e-06,3.734324110671936e-07,0.0,0.0,0.008398079999999999,0.040133491199999996,0.039349061839313214,7.321777978543195e-06,7.321751174457647e-06,0.008398079999999999,0.008363012323468396
code_n24_k12_cw3_026_q01,code_n24_k12_cw3_026,q01,validation,0.24,24,12,12,0.5,0.26,3,0.25,6.0,5.166666666666667,3.0,10.0,3.0,0.0,3.0,3.0,0,0,0,0,3,24,1,0,8,0,55430,exact_all,3,0,2,12,84,12926,exact,4,0,0,8,0.0576,0.013823999999999998,0.0033177599999999995,0.0007962623999999999,0.0,0.027647999999999995,0.039813119999999994,0.06688604159999999,0.0,1.3660079051383396e-05,3.7467645398080174e-06,1.5736411067193672e-06,0.0,0.0,0.026542079999999996,0.1343471616,0.1260572974316577,1.8980484697910783e-05,1.8980304570790363e-05,0.026542079999999996,0.02619595030443698
code_n24_k12_cw3_026_q02,code_n24_k12_cw3_026,q02,validation,0.3,24,12,12,0.5,0.19999999999999996,3,0.25,6.0,5.166666666666667,3.0,10.0,3.0,0.0,3.0,3.0,0,0,0,0,3,24,1,0,8,0,55430,exact_all,3,0,2,12,84,12926,exact,4,0,0,8,0.09,0.026999999999999996,0.0081,0.0024299999999999994,0.0,0.05399999999999999,0.0972,0.20411999999999994,0.0,2.6679841897233196e-05,9.147374364765667e-06,4.8023715415019746e-06,0.0,0.0,0.0648,0.35531999999999997,0.30403758881134696,4.062958780350084e-05,4.062876244415423e-05,0.0648,0.06278698809876482
code_n24_k12_cw3_026_q03,code_n24_k12_cw3_026,q03,validation,0.36,24,12,12,0.5,0.14,3,0.25,6.0,5.166666666666667,3.0,10.0,3.0,0.0,3.0,3.0,0,0,0,0,3,24,1,0,8,0,55430,exact_all,3,0,2,12,84,12926,exact,4,0,0,8,0.1296,0.046655999999999996,0.016796159999999997,0.006046617599999999,0.0,0.09331199999999999,0.20155391999999997,0.5079158784,0.0,4.6102766798418964e-05,1.896799548277809e-05,1.1949837154150194e-05,0.0,0.0,0.13436927999999998,0.8027817983999999,0.5893309154887354,7.702059943534724e-05,7.701763350126959e-05,0.13436927999999998,0.12607679603412303
code_n24_k12_cw3_027_q00,code_n24_k12_cw3_027,q00,test,0.18,24,12,12,0.5,0.32000000000000006,3,0.25,6.0,3.0,3.0,10.0,3.0,0.0,3.0,3.0,0,0,0,0,1,24,1,0,10,0,55430,exact_all,3,0,3,8,64,12926,exact,4,0,0,4,0.0324,0.0058319999999999995,0.0010497599999999998,0.00018895679999999997,0.0,0.017495999999999998,0.008398079999999999,0.012093235199999998,0.0,8.644268774703556e-06,7.903331451157537e-07,2.8451993224167134e-07,0.0,0.0,0.004199039999999999,0.037987315199999996,0.037283564245134806,9.71912185206098e-06,9.719074621702217e-06,0.004199039999999999,0.004190248633147544
code_n24_k12_cw3_027_q01,code_n24_k12_cw3_027,q01,test,0.24,24,12,12,0.5,0.26,3,0.25,6.0,3.0,3.0,10.0,3.0,0.0,3.0,3.0,0,0,0,0,1,24,1,0,10,0,55430,exact_all,3,0,3,8,64,12926,exact,4,0,0,4,0.0576,0.013823999999999998,0.0033177599999999995,0.0007962623999999999,0.0,0.041471999999999995,0.026542079999999996,0.05096079359999999,0.0,2.0490118577075095e-05,2.4978430265386783e-06,1.1989646527385655e-06,0.0,0.0,0.013271039999999998,0.11897487359999998,0.11241297474345884,2.418692625635234e-05,2.41866337573679e-05,0.013271039999999998,0.013183751176225745
code_n24_k12_cw3_027_q02,code_n24_k12_cw3_027,q02,test,0.3,24,12,12,0.5,0.19999999999999996,3,0.25,6.0,3.0,3.0,10.0,3.0,0.0,3.0,3.0,0,0,0,0,1,24,1,0,10,0,55430,exact_all,3,0,3,8,64,12926,exact,4,0,0,4,0.09,0.026999999999999996,0.0081,0.0024299999999999994,0.0,0.08099999999999999,0.0648,0.15551999999999996,0.0,4.001976284584979e-05,6.0982495765104455e-06,3.6589497459062665e-06,0.0,0.0,0.0324,0.3013199999999999,0.26337913392860735,4.977696216826651e-05,4.977572333639518e-05,0.0324,0.031886188862321745
code_n24_k12_cw3_027_q03,code_n24_k12_cw3_027,q03,test,0.36,24,12,12,0.5,0.14,3,0.25,6.0,3.0,3.0,10.0,3.0,0.0,3.0,3.0,0,0,0,0,1,24,1,0,10,0,55430,exact_all,3,0,3,8,64,12926,exact,4,0,0,4,0.1296,0.046655999999999996,0.016796159999999997,0.006046617599999999,0.0,0.13996799999999998,0.13436927999999998,0.38698352639999994,0.0,6.915415019762845e-05,1.2645330321852058e-05,9.104637831733483e-06,0.0,0.0,0.06718463999999999,0.6613208063999999,0.5076129524996896,9.0904118351214e-05,9.08999868222275e-05,0.06718463999999999,0.06502400327204662
code_n24_k12_cw3_028_q00,code_n24_k12_cw3_028,q00,train,0.18,24,12,12,0.5,0.32000000000000006,3,0.25,6.0,2.8333333333333335,3.0,9.0,3.0,0.0,3.0,3.0,0,0,0,0,1,24,2,0,9,0,55430,exact_all,2,1,1,10,81,12926,exact,2,1,22,238,0.0324,0.0058319999999999995,0.0010497599999999998,0.00018895679999999997,0.0324,0.0058319999999999995,0.0104976,0.015305500799999998,0.00011739130434782608,2.8814229249011852e-06,9.87916431394692e-07,3.600955392433653e-07,0.0324,0.128304,0.24984287999999996,0.0640351008,0.06206837984899613,0.00012162073924336531,0.00012161334404085885,0.41054687999999995,0.343977487348574
code_n24_k12_cw3_028_q01,code_n24_k12_cw3_028,q01,train,0.24,24,12,12,0.5,0.26,3,0.25,6.0,2.8333333333333335,3.0,9.0,3.0,0.0,3.0,3.0,0,0,0,0,1,24,2,0,9,0,55430,exact_all,2,1,1,10,81,12926,exact,2,1,22,238,0.0576,0.013823999999999998,0.0033177599999999995,0.0007962623999999999,0.0576,0.013823999999999998,0.033177599999999995,0.0644972544,0.00020869565217391305,6.830039525691698e-06,3.122303783173348e-06,1.5174396386222472e-06,0.0576,0.30412799999999995,0.7896268799999999,0.1690988544,0.1562332421310884,0.00022016543512140037,0.0002201412022687484,1.15135488,0.7660978204057728
code_n24_k12_cw3_028_q02,code_n24_k12_cw3_028,q02,train,0.3,24,12,12,0.5,0.19999999999999996,3,0.25,6.0,2.8333333333333335,3.0,9.0,3.0,0.0,3.0,3.0,0,0,0,0,1,24,2,0,9,0,55430,exact_all,2,1,1,10,81,12926,exact,2,1,22,238,0.09,0.026999999999999996,0.0081,0.0024299999999999994,0.09,0.026999999999999996,0.08099999999999999,0.19682999999999995,0.0003260869565217391,1.3339920948616598e-05,7.622811970638057e-06,4.630858272162619e-06,0.09,0.5939999999999999,1.9278,0.3948299999999999,0.3327725440480496,0.0003516805477131564,0.00035161872260403726,2.6117999999999997,1.2842062630361057
code_n24_k12_cw3_028_q03,code_n24_k12_cw3_028,q03,train,0.36,24,12,12,0.5,0.14,3,0.25,6.0,2.8333333333333335,3.0,9.0,3.0,0.0,3.0,3.0,0,0,0,0,1,24,2,0,9,0,55430,exact_all,2,1,1,10,81,12926,exact,2,1,22,238,0.1296,0.046655999999999996,0.016796159999999997,0.006046617599999999,0.1296,0.046655999999999996,0.1679616,0.48977602559999994,0.0004695652173913043,2.3051383399209482e-05,1.5806662902315073e-05,1.152305725578769e-05,0.1296,1.026432,3.9974860799999994,0.8339936256,0.6064958981466626,0.0005199463209486166,0.0005198111956968387,5.15351808,1.8170239637912096
code_n24_k12_cw3_029_q00,code_n24_k12_cw3_029,q00,train,0.18,24,12,12,0.5,0.32000000000000006,3,0.25,6.0,6.166666666666667,3.0,11.0,3.0,0.0,3.0,3.0,0,0,0,0,2,24,2,0,8,0,55430,exact_all,2,3,4,24,116,12926,exact,2,3,66,701,0.0324,0.0058319999999999995,0.0010497599999999998,0.00018895679999999997,0.0972,0.023327999999999998,0.025194239999999996,0.021918988799999997,0.00035217391304347823,1.1525691699604741e-05,2.370999435347261e-06,5.156923771880293e-07,0.0972,0.384912,0.7358817599999999,0.1676412288,0.15498567009726402,0.00036658629655561824,0.00036651912021598934,1.21799376,0.7966030755788616
code_n24_k12_cw3_029_q01,code_n24_k12_cw3_029,q01,train,0.24,24,12,12,0.5,0.26,3,0.25,6.0,6.166666666666667,3.0,11.0,3.0,0.0,3.0,3.0,0,0,0,0,2,24,2,0,8,0,55430,exact_all,2,3,4,24,116,12926,exact,2,3,66,701,0.0576,0.013823999999999998,0.0033177599999999995,0.0007962623999999999,0.1728,0.05529599999999999,0.07962623999999999,0.09236643839999999,0.0006260869565217391,2.7320158102766792e-05,7.493529079616035e-06,2.1731234330886502e-06,0.1728,0.9123839999999999,2.3257497599999994,0.40008867839999995,0.33653557632949693,0.0006630737671372107,0.0006628540308557552,3.4109337599999994,1.4840864040070991
code_n24_k12_cw3_029_q02,code_n24_k12_cw3_029,q02,train,0.3,24,12,12,0.5,0.19999999999999996,3,0.25,6.0,6.166666666666667,3.0,11.0,3.0,0.0,3.0,3.0,0,0,0,0,2,24,2,0,8,0,55430,exact_all,2,3,4,24,116,12926,exact,2,3,66,701,0.09,0.026999999999999996,0.0081,0.0024299999999999994,0.27,0.10799999999999998,0.1944,0.2818799999999999,0.0009782608695652173,5.335968379446639e-05,1.8294748729531335e-05,6.631846414455109e-06,0.27,1.7819999999999998,5.6781,0.8542799999999999,0.6174964805517836,0.00105654714850367,0.0010559893953922337,7.730099999999999,2.166776824539628
code_n24_k12_cw3_029_q03,code_n24_k12_cw3_029,q03,train,0.36,24,12,12,0.5,0.14,3,0.25,6.0,6.166666666666667,3.0,11.0,3.0,0.0,3.0,3.0,0,0,0,0,2,24,2,0,8,0,55430,exact_all,2,3,4,24,116,12926,exact,2,3,66,701,0.1296,0.046655999999999996,0.016796159999999997,0.006046617599999999,0.3888,0.18662399999999998,0.40310783999999994,0.7014076415999999,0.001408695652173913,9.220553359683793e-05,3.793599096555618e-05,1.650215607001694e-05,0.3888,3.079296,11.774108159999999,1.6799394815999997,0.9857942127752621,0.001555339332806324,0.0015541310452887199,15.242204159999998,2.7876130496617755
code_n24_k12_cw3_030_q00,code_n24_k12_cw3_030,q00,train,0.18,24,12,12,0.5,0.32000000000000006,3,0.25,6.0,2.5,3.0,8.0,3.0,0.0,3.0,3.0,0,0,0,0,1,24,1,0,10,0,55430,exact_all,2,1,2,10,64,12926,exact,2,1,22,239,0.0324,0.0058319999999999995,0.0010497599999999998,0.00018895679999999997,0.0324,0.011663999999999999,0.0104976,0.012093235199999998,0.00011739130434782608,5.7628458498023705e-06,9.87916431394692e-07,2.8451993224167134e-07,0.0324,0.128304,0.25089263999999994,0.0666548352,0.06452742907605448,0.00012442658656126483,0.00012441884621560638,0.41159663999999996,0.344721432538446
code_n24_k12_cw3_030_q01,code_n24_k12_cw3_030,q01,train,0.24,24,12,12,0.5,0.26,3,0.25,6.0,2.5,3.0,8.0,3.0,0.0,3.0,3.0,0,0,0,0,1,24,1,0,10,0,55430,exact_all,2,1,2,10,64,12926,exact,2,1,22,239,0.0576,0.013823999999999998,0.0033177599999999995,0.0007962623999999999,0.0576,0.027647999999999995,0.033177599999999995,0.05096079359999999,0.00020869565217391305,1.3660079051383396e-05,3.122303783173348e-06,1.1989646527385655e-06,0.0576,0.30412799999999995,0.7929446399999999,0.1693863936,0.15647916132317657,0.00022667699966120837,0.0002266513123118682,1.1546726399999998,0.7676388048240694
code_n24_k12_cw3_030_q02,code_n24_k12_cw3_030,q02,train,0.3,24,12,12,0.5,0.19999999999999996,3,0.25,6.0,2.5,3.0,8.0,3.0,0.0,3.0,3.0,0,0,0,0,1,24,1,0,10,0,55430,exact_all,2,1,2,10,64,12926,exact,2,1,22,239,0.09,0.026999999999999996,0.0081,0.0024299999999999994,0.09,0.05399999999999999,0.08099999999999999,0.15551999999999996,0.0003260869565217391,2.6679841897233196e-05,7.622811970638057e-06,3.6589497459062665e-06,0.09,0.5939999999999999,1.9359,0.38051999999999997,0.32246023978765653,0.0003640485601355166,0.00036398231053667455,2.6199,1.2864464011467291
code_n24_k12_cw3_030_q03,code_n24_k12_cw3_030,q03,train,0.36,24,12,12,0.5,0.14,3,0.25,6.0,2.5,3.0,8.0,3.0,0.0,3.0,3.0,0,0,0,0,1,24,1,0,10,0,55430,exact_all,2,1,2,10,64,12926,exact,2,1,22,239,0.1296,0.046655999999999996,0.016796159999999997,0.006046617599999999,0.1296,0.09331199999999999,0.1679616,0.38698352639999994,0.0004695652173913043,4.6102766798418964e-05,1.5806662902315073e-05,9.104637831733483e-06,0.1296,1.026432,4.014282239999999,0.7778571263999999,0.5754087775075123,0.0005405792849237719,0.0005404332245778885,5.170314239999999,1.8197497669283338
code_n24_k12_cw3_031_q00,code_n24_k12_cw3_031,q00,train,0.18,24,12,12,0.5,0.32000000000000006,3,0.25,6.0,4.0,2.0,9.0,3.0,0.0,3.0,3.0,0,0,1,0,1,24,0,0,10,0,55430,exact_all,2,2,0,15,95,12926,exact,2,2,44,467,0.0324,0.0058319999999999995,0.0010497599999999998,0.00018895679999999997,0.0648,0.0,0.015746399999999997,0.017950895999999997,0.00023478260869565215,0.0,1.4818746470920382e-06,4.223342744212309e-07,0.0648,0.256608,0.49023791999999994,0.09849729599999998,0.0939431513010367,0.00023668681761716544,0.00023665881171134722,0.8116459199999999,0.5942357801375598
code_n24_k12_cw3_031_q01,code_n24_k12_cw3_031,q01,train,0.24,24,12,12,0.5,0.26,3,0.25,6.0,4.0,2.0,9.0,3.0,0.0,3.0,3.0,0,0,1,0,1,24,0,0,10,0,55430,exact_all,2,2,0,15,95,12926,exact,2,2,44,467,0.0576,0.013823999999999998,0.0033177599999999995,0.0007962623999999999,0.1152,0.0,0.04976639999999999,0.07564492799999999,0.0004173913043478261,0.0,4.6834556747600216e-06,1.7797131564088085e-06,0.1152,0.6082559999999999,1.5493939199999998,0.24061132799999996,0.21560426458080556,0.00042385447317899494,0.0004237646722459001,2.2728499199999996,1.1856611405111037
code_n24_k12_cw3_031_q02,code_n24_k12_cw3_031,q02,train,0.3,24,12,12,0.5,0.19999999999999996,3,0.25,6.0,4.0,2.0,9.0,3.0,0.0,3.0,3.0,0,0,1,0,1,24,0,0,10,0,55430,exact_all,2,2,0,15,95,12926,exact,2,2,44,467,0.09,0.026999999999999996,0.0081,0.0024299999999999994,0.18,0.0,0.1215,0.23084999999999994,0.0006521739130434782,0.0,1.1434217955957084e-05,5.4312535290796155e-06,0.18,1.1879999999999997,3.7826999999999997,0.5323499999999999,0.4268025047555212,0.0006690393845285149,0.000668815677453158,5.1507,1.8165658964795035
code_n24_k12_cw3_031_q03,code_n24_k12_cw3_031,q03,train,0.36,24,12,12,0.5,0.14,3,0.25,6.0,4.0,2.0,9.0,3.0,0.0,3.0,3.0,0,0,1,0,1,24,0,0,10,0,55430,exact_all,2,2,0,15,95,12926,exact,2,2,44,467,0.1296,0.046655999999999996,0.016796159999999997,0.006046617599999999,0.2592,0.0,0.25194239999999996,0.5744286719999999,0.0009391304347826086,0.0,2.370999435347261e-05,1.3514696781479389e-05,0.2592,2.052864,7.843806719999999,1.085571072,0.7350427131919005,0.0009763551259175606,0.0009758788012677374,10.15587072,2.411965881315164
code_n24_k12_cw3_032_q00,code_n24_k12_cw3_032,q00,train,0.18,24,12,12,0.5,0.32000000000000006,3,0.25,6.0,4.666666666666667,3.0,10.0,3.0,0.0,3.0,3.0,0,0,0,0,2,24,2,0,8,0,55430,exact_all,2,2,4,19,100,12926,exact,2,2,44,472,0.0324,0.0058319999999999995,0.0010497599999999998,0.00018895679999999997,0.0648,0.023327999999999998,0.01994544,0.018895679999999998,0.00023478260869565215,1.1525691699604741e-05,1.877041219649915e-06,4.445623941276115e-07,0.0648,0.256608,0.49548671999999994,0.12696912,0.11953183450478523,0.00024862990400903445,0.0002485990007166663,0.81689472,0.5971288460732708
code_n24_k12_cw3_032_q01,code_n24_k12_cw3_032,q01,train,0.24,24,12,12,0.5,0.26,3,0.25,6.0,4.666666666666667,3.0,10.0,3.0,0.0,3.0,3.0,0,0,0,0,2,24,2,0,8,0,55430,exact_all,2,2,4,19,100,12926,exact,2,2,44,472,0.0576,0.013823999999999998,0.0033177599999999995,0.0007962623999999999,0.1152,0.05529599999999999,0.06303743999999999,0.07962623999999999,0.0004173913043478261,2.7320158102766792e-05,5.932377188029361e-06,1.873382269904009e-06,0.1152,0.6082559999999999,1.5659827199999998,0.31315967999999994,0.2724362025492011,0.0004525172219085262,0.00045241486686757934,2.2894387199999997,1.1907169483994258
code_n24_k12_cw3_032_q02,code_n24_k12_cw3_032,q02,train,0.3,24,12,12,0.5,0.19999999999999996,3,0.25,6.0,4.666666666666667,3.0,10.0,3.0,0.0,3.0,3.0,0,0,0,0,2,24,2,0,8,0,55430,exact_all,2,2,4,19,100,12926,exact,2,2,44,472,0.09,0.026999999999999996,0.0081,0.0024299999999999994,0.18,0.10799999999999998,0.15389999999999998,0.24299999999999994,0.0006521739130434782,5.335968379446639e-05,1.4483342744212308e-05,5.717108977978542e-06,0.18,1.1879999999999997,3.8232,0.6848999999999998,0.5217062148622025,0.0007257340485601354,0.0007254708309484721,5.191199999999999,1.8231289289741122
code_n24_k12_cw3_032_q03,code_n24_k12_cw3_032,q03,train,0.36,24,12,12,0.5,0.14,3,0.25,6.0,4.666666666666667,3.0,10.0,3.0,0.0,3.0,3.0,0,0,0,0,2,24,2,0,8,0,55430,exact_all,2,2,4,19,100,12926,exact,2,2,44,472,0.1296,0.046655999999999996,0.016796159999999997,0.006046617599999999,0.2592,0.18662399999999998,0.31912704,0.6046617599999999,0.0009391304347826086,9.220553359683793e-05,3.003265951439864e-05,1.4225996612083568e-05,0.2592,2.052864,7.927787519999999,1.3696127999999999,0.8627265662723783,0.0010755946245059286,0.0010750165870599781,10.239851519999998,2.41946563441388
code_n24_k12_cw3_033_q00,code_n24_k12_cw3_033,q00,test,0.18,24,12,12,0.5,0.32000000000000006,3,0.25,6.0,5.5,3.0,10.0,3.0,0.0,3.0,3.0,0,0,0,0,2,24,2,0,8,0,55430,exact_all,2,1,0,15,100,12926,exact,2,1,22,243,0.0324,0.0058319999999999995,0.0010497599999999998,0.00018895679999999997,0.0324,0.0,0.015746399999999997,0.018895679999999998,0.00011739130434782608,0.0,1.4818746470920382e-06,4.445623941276115e-07,0.0324,0.128304,0.25509168,0.06704207999999999,0.06489040921769795,0.00011931774138904573,0.0001193106235935212,0.41579568,0.3476916910748675
code_n24_k12_cw3_033_q01,code_n24_k12_cw3_033,q01,test,0.24,24,12,12,0.5,0.26,3,0.25,6.0,5.5,3.0,10.0,3.0,0.0,3.0,3.0,0,0,0,0,2,24,2,0,8,0,55430,exact_all,2,1,0,15,100,12926,exact,2,1,22,243,0.0576,0.013823999999999998,0.0033177599999999995,0.0007962623999999999,0.0576,0.0,0.04976639999999999,0.07962623999999999,0.00020869565217391305,0.0,4.6834556747600216e-06,1.873382269904009e-06,0.0576,0.30412799999999995,0.8062156799999999,0.18699264,0.17142291510283178,0.0002152524901185771,0.0002152293266252661,1.1679436799999998,0.7737791053801907
code_n24_k12_cw3_033_q02,code_n24_k12_cw3_033,q02,test,0.3,24,12,12,0.5,0.19999999999999996,3,0.25,6.0,5.5,3.0,10.0,3.0,0.0,3.0,3.0,0,0,0,0,2,24,2,0,8,0,55430,exact_all,2,1,0,15,100,12926,exact,2,1,22,243,0.09,0.026999999999999996,0.0081,0.0024299999999999994,0.09,0.0,0.1215,0.24299999999999994,0.0003260869565217391,0.0,1.1434217955957084e-05,5.717108977978542e-06,0.09,0.5939999999999999,1.9683,0.4544999999999999,0.3746621989531192,0.0003432382834556747,0.00034317939067184653,2.6523,1.2953571061277547
code_n24_k12_cw3_033_q03,code_n24_k12_cw3_033,q03,test,0.36,24,12,12,0.5,0.14,3,0.25,6.0,5.5,3.0,10.0,3.0,0.0,3.0,3.0,0,0,0,0,2,24,2,0,8,0,55430,exact_all,2,1,0,15,100,12926,exact,2,1,22,243,0.1296,0.046655999999999996,0.016796159999999997,0.006046617599999999,0.1296,0.0,0.25194239999999996,0.6046617599999999,0.0004695652173913043,0.0,2.370999435347261e-05,1.4225996612083568e-05,0.1296,1.026432,4.08146688,0.9862041599999999,0.6862253599366446,0.0005075012083568605,0.0005073724731722848,5.2374988799999995,1.8305792815185027
code_n24_k12_cw3_034_q00,code_n24_k12_cw3_034,q00,train,0.18,24,12,12,0.5,0.32000000000000006,3,0.25,6.0,8.166666666666666,2.0,12.0,3.0,0.0,3.0,3.0,0,0,2,0,0,24,2,0,8,0,55430,exact_all,2,3,6,39,204,12926,exact,2,3,66,701,0.0324,0.0058319999999999995,0.0010497599999999998,0.00018895679999999997,0.0972,0.034991999999999995,0.04094063999999999,0.03854718719999999,0.00035217391304347823,1.728853754940711e-05,3.8528740824393e-06,9.069072840203273e-07,0.0972,0.384912,0.7358817599999999,0.21167982719999998,0.19200768377145458,0.00037422223195934497,0.0003741522282839752,1.21799376,0.7966030755788616
code_n24_k12_cw3_034_q01,code_n24_k12_cw3_034,q01,train,0.24,24,12,12,0.5,0.26,3,0.25,6.0,8.166666666666666,2.0,12.0,3.0,0.0,3.0,3.0,0,0,2,0,0,24,2,0,8,0,55430,exact_all,2,3,6,39,204,12926,exact,2,3,66,701,0.0576,0.013823999999999998,0.0033177599999999995,0.0007962623999999999,0.1728,0.08294399999999999,0.12939263999999998,0.16243752959999996,0.0006260869565217391,4.098023715415019e-05,1.2176984754376057e-05,3.821699830604177e-06,0.1728,0.9123839999999999,2.3257497599999994,0.5475741695999998,0.4366886530872001,0.0006830658782608695,0.0006828326949441832,3.4109337599999994,1.4840864040070991
code_n24_k12_cw3_034_q02,code_n24_k12_cw3_034,q02,train,0.3,24,12,12,0.5,0.19999999999999996,3,0.25,6.0,8.166666666666666,2.0,12.0,3.0,0.0,3.0,3.0,0,0,2,0,0,24,2,0,8,0,55430,exact_all,2,3,6,39,204,12926,exact,2,3,66,701,0.09,0.026999999999999996,0.0081,0.0024299999999999994,0.27,0.16199999999999998,0.31589999999999996,0.4957199999999999,0.0009782608695652173,8.003952569169959e-05,2.9728966685488426e-05,1.1662902315076224e-05,0.27,1.7819999999999998,5.6781,1.24362,0.8080906328572766,0.0010996922642574816,0.001099088045648564,7.730099999999999,2.166776824539628
code_n24_k12_cw3_034_q03,code_n24_k12_cw3_034,q03,train,0.36,24,12,12,0.5,0.14,3,0.25,6.0,8.166666666666666,2.0,12.0,3.0,0.0,3.0,3.0,0,0,2,0,0,24,2,0,8,0,55430,exact_all,2,3,6,39,204,12926,exact,2,3,66,701,0.1296,0.046655999999999996,0.016796159999999997,0.006046617599999999,0.3888,0.27993599999999996,0.6550502399999999,1.2335099903999998,0.001408695652173913,0.0001383083003952569,6.16459853190288e-05,2.9021033088650474e-05,0.3888,3.079296,11.774108159999999,2.5572962303999995,1.269000770465758,0.001637670970976849,0.0016363314501357778,15.242204159999998,2.7876130496617755
code_n24_k12_cw3_035_q00,code_n24_k12_cw3_035,q00,validation,0.18,24,12,12,0.5,0.32000000000000006,3,0.25,6.0,5.833333333333333,2.0,11.0,3.0,0.0,3.0,3.0,0,0,1,0,1,24,2,0,8,0,55430,exact_all,2,1,3,27,129,12926,exact,2,1,22,245,0.0324,0.0058319999999999995,0.0010497599999999998,0.00018895679999999997,0.0324,0.017495999999999998,0.028343519999999997,0.024375427199999997,0.00011739130434782608,8.644268774703556e-06,2.6673743647656685e-06,5.734854884246188e-07,0.0324,0.128304,0.25719119999999995,0.10261494719999999,0.09768458340298214,0.00012927643297571995,0.00012926807749776166,0.41789519999999997,0.34917351846754296
code_n24_k12_cw3_035_q01,code_n24_k12_cw3_035,q01,validation,0.24,24,12,12,0.5,0.26,3,0.25,6.0,5.833333333333333,2.0,11.0,3.0,0.0,3.0,3.0,0,0,1,0,1,24,2,0,8,0,55430,exact_all,2,1,3,27,129,12926,exact,2,1,22,245,0.0576,0.013823999999999998,0.0033177599999999995,0.0007962623999999999,0.0576,0.041471999999999995,0.08957951999999998,0.10271784959999998,0.00020869565217391305,2.0490118577075095e-05,8.430220214568039e-06,2.416663128176171e-06,0.0576,0.30412799999999995,0.8128511999999999,0.29136936959999993,0.2557031821740957,0.00024003265409373235,0.0002400038508652681,1.1745791999999997,0.7768351745583001
code_n24_k12_cw3_035_q02,code_n24_k12_cw3_035,q02,validation,0.3,24,12,12,0.5,0.19999999999999996,3,0.25,6.0,5.833333333333333,2.0,11.0,3.0,0.0,3.0,3.0,0,0,1,0,1,24,2,0,8,0,55430,exact_all,2,1,3,27,129,12926,exact,2,1,22,245,0.09,0.026999999999999996,0.0081,0.0024299999999999994,0.09,0.08099999999999999,0.21869999999999998,0.3134699999999999,0.0003260869565217391,4.001976284584979e-05,2.0581592320722752e-05,7.375070581592319e-06,0.09,0.5939999999999999,1.9845,0.7031699999999999,0.532491220538765,0.00039406338226990393,0.00039398575968675655,2.6685,1.2997828591719118
code_n24_k12_cw3_035_q03,code_n24_k12_cw3_035,q03,validation,0.36,24,12,12,0.5,0.14,3,0.25,6.0,5.833333333333333,2.0,11.0,3.0,0.0,3.0,3.0,0,0,1,0,1,24,2,0,8,0,55430,exact_all,2,1,3,27,129,12926,exact,2,1,22,245,0.1296,0.046655999999999996,0.016796159999999997,0.006046617599999999,0.1296,0.13996799999999998,0.45349631999999995,0.7800136703999999,0.0004695652173913043,6.915415019762845e-05,4.2677989836250696e-05,1.83515356295878e-05,0.1296,1.026432,4.115059199999999,1.5030779904,0.9175211707336894,0.0005997488930547712,0.00059956911556472,5.271091199999999,1.8359503745901995
code_n24_k12_cw3_036_q00,code_n24_k12_cw3_036,q00,validation,0.18,24,12,12,0.5,0.32000000000000006,3,0.25,6.0,5.5,2.0,9.0,3.0,0.0,3.0,3.0,0,0,1,0,1,24,2,0,8,0,55430,exact_all,2,3,5,17,116,12926,exact,2,3,66,697,0.0324,0.0058319999999999995,0.0010497599999999998,0.00018895679999999997,0.0972,0.02916,0.017845919999999998,0.021918988799999997,0.00035217391304347823,1.4407114624505928e-05,1.6794579333709767e-06,5.156923771880293e-07,0.0972,0.384912,0.7316827199999999,0.16612490879999997,0.15368620809124567,0.00036877617797854317,0.00036870819675654425,1.2137947199999999,0.7947081109272434
code_n24_k12_cw3_036_q01,code_n24_k12_cw3_036,q01,validation,0.24,24,12,12,0.5,0.26,3,0.25,6.0,5.5,2.0,9.0,3.0,0.0,3.0,3.0,0,0,1,0,1,24,2,0,8,0,55430,exact_all,2,3,5,17,116,12926,exact,2,3,66,697,0.0576,0.013823999999999998,0.0033177599999999995,0.0007962623999999999,0.1728,0.06911999999999999,0.056401919999999994,0.09236643839999999,0.0006260869565217391,3.4150197628458496e-05,5.3079164313946915e-06,2.1731234330886502e-06,0.1728,0.9123839999999999,2.3124787199999997,0.3906883584,0.3297988464312219,0.0006677181940146809,0.0006674953694052185,3.3976627199999996,1.481073199787512
code_n24_k12_cw3_036_q02,code_n24_k12_cw3_036,q02,validation,0.3,24,12,12,0.5,0.19999999999999996,3,0.25,6.0,5.5,2.0,9.0,3.0,0.0,3.0,3.0,0,0,1,0,1,24,2,0,8,0,55430,exact_all,2,3,5,17,116,12926,exact,2,3,66,697,0.09,0.026999999999999996,0.0081,0.0024299999999999994,0.27,0.13499999999999998,0.1377,0.2818799999999999,0.0009782608695652173,6.6699604743083e-05,1.2958780350084698e-05,6.631846414455109e-06,0.27,1.7819999999999998,5.6457,0.8245799999999999,0.6013498235625735,0.00106455110107284,0.0010639848683695779,7.697699999999999,2.163058622893115
code_n24_k12_cw3_036_q03,code_n24_k12_cw3_036,q03,validation,0.36,24,12,12,0.5,0.14,3,0.25,6.0,5.5,2.0,9.0,3.0,0.0,3.0,3.0,0,0,1,0,1,24,2,0,8,0,55430,exact_all,2,3,5,17,116,12926,exact,2,3,66,697,0.1296,0.046655999999999996,0.016796159999999997,0.006046617599999999,0.3888,0.23328,0.28553471999999996,0.7014076415999999,0.001408695652173913,0.00011525691699604742,2.6871326933935627e-05,1.650215607001694e-05,0.3888,3.079296,11.706923519999998,1.6090223616,0.9589755770645839,0.001567326052173913,0.0015660990785748175,15.175019519999998,2.783468047186854
code_n24_k12_cw3_037_q00,code_n24_k12_cw3_037,q00,train,0.18,24,12,12,0.5,0.32000000000000006,3,0.25,6.0,3.0,3.0,9.0,3.0,0.0,3.0,3.0,0,0,0,0,1,24,2,0,9,0,55430,exact_all,3,0,4,12,63,12926,exact,4,0,0,8,0.0324,0.0058319999999999995,0.0010497599999999998,0.00018895679999999997,0.0,0.023327999999999998,0.012597119999999998,0.011904278399999997,0.0,1.1525691699604741e-05,1.1854997176736305e-06,2.800743083003952e-07,0.0,0.0,0.008398079999999999,0.047829398399999994,0.04672078486122107,1.2991265725578766e-05,1.2991181339817042e-05,0.008398079999999999,0.008363012323468396
code_n24_k12_cw3_037_q01,code_n24_k12_cw3_037,q01,train,0.24,24,12,12,0.5,0.26,3,0.25,6.0,3.0,3.0,9.0,3.0,0.0,3.0,3.0,0,0,0,0,1,24,2,0,9,0,55430,exact_all,3,0,4,12,63,12926,exact,4,0,0,8,0.0576,0.013823999999999998,0.0033177599999999995,0.0007962623999999999,0.0,0.05529599999999999,0.039813119999999994,0.050164531199999994,0.0,2.7320158102766792e-05,3.7467645398080174e-06,1.1802308300395255e-06,0.0,0.0,0.026542079999999996,0.1452736512,0.1356436051322685,3.2247153472614335e-05,3.224663354433824e-05,0.026542079999999996,0.02619595030443698
code_n24_k12_cw3_037_q02,code_n24_k12_cw3_037,q02,train,0.3,24,12,12,0.5,0.19999999999999996,3,0.25,6.0,3.0,3.0,9.0,3.0,0.0,3.0,3.0,0,0,0,0,1,24,2,0,9,0,55430,exact_all,3,0,4,12,63,12926,exact,4,0,0,8,0.09,0.026999999999999996,0.0081,0.0024299999999999994,0.0,0.10799999999999998,0.0972,0.15308999999999998,0.0,5.335968379446639e-05,9.147374364765667e-06,3.601778656126481e-06,0.0,0.0,0.0648,0.35829,0.306226555675351,6.610883681535854e-05,6.610665172250811e-05,0.0648,0.06278698809876482
code_n24_k12_cw3_037_q03,code_n24_k12_cw3_037,q03,train,0.36,24,12,12,0.5,0.14,3,0.25,6.0,3.0,3.0,9.0,3.0,0.0,3.0,3.0,0,0,0,0,1,24,2,0,9,0,55430,exact_all,3,0,4,12,63,12926,exact,4,0,0,8,0.1296,0.046655999999999996,0.016796159999999997,0.006046617599999999,0.0,0.18662399999999998,0.20155391999999997,0.3809369087999999,0.0,9.220553359683793e-05,1.896799548277809e-05,8.962377865612647e-06,0.0,0.0,0.13436927999999998,0.7691148287999998,0.5704793247725011,0.00012013590694522866,0.0001201286912050671,0.13436927999999998,0.12607679603412303
code_n24_k12_cw3_038_q00,code_n24_k12_cw3_038,q00,train,0.18,24,12,12,0.5,0.32000000000000006,3,0.25,6.0,8.5,2.0,10.0,3.0,0.0,3.0,3.0,0,0,2,0,2,24,1,0,7,0,55430,exact_all,2,2,8,39,298,12926,exact,2,2,44,477,0.0324,0.0058319999999999995,0.0010497599999999998,0.00018895679999999997,0.0648,0.046655999999999996,0.04094063999999999,0.05630912639999999,0.00023478260869565215,2.3051383399209482e-05,3.8528740824393e-06,1.324795934500282e-06,0.0648,0.256608,0.5007355199999999,0.2087057664,0.1895501726173232,0.0002630116621118012,0.0002629770806080241,0.8221435199999999,0.6000135663173054
code_n24_k12_cw3_038_q01,code_n24_k12_cw3_038,q01,train,0.24,24,12,12,0.5,0.26,3,0.25,6.0,8.5,2.0,10.0,3.0,0.0,3.0,3.0,0,0,2,0,2,24,1,0,7,0,55430,exact_all,2,2,8,39,298,12926,exact,2,2,44,477,0.0576,0.013823999999999998,0.0033177599999999995,0.0007962623999999999,0.1152,0.11059199999999998,0.12939263999999998,0.23728619519999997,0.0004173913043478261,5.4640316205533585e-05,1.2176984754376057e-05,5.582679164313946e-06,0.1152,0.6082559999999999,1.5825715199999997,0.5924708351999999,0.4652867944503269,0.0004897912844720497,0.0004896713758727376,2.3060275199999998,1.195747323623109
code_n24_k12_cw3_038_q02,code_n24_k12_cw3_038,q02,train,0.3,24,12,12,0.5,0.19999999999999996,3,0.25,6.0,8.5,2.0,10.0,3.0,0.0,3.0,3.0,0,0,2,0,2,24,1,0,7,0,55430,exact_all,2,2,8,39,298,12926,exact,2,2,44,477,0.09,0.026999999999999996,0.0081,0.0024299999999999994,0.18,0.21599999999999997,0.31589999999999996,0.7241399999999998,0.0006521739130434782,0.00010671936758893278,2.9728966685488426e-05,1.7036984754376056e-05,0.18,1.1879999999999997,3.8636999999999997,1.4360399999999998,0.8903737700740858,0.0008056592320722755,0.0008053348628821604,5.231699999999999,1.8296491687704644
code_n24_k12_cw3_038_q03,code_n24_k12_cw3_038,q03,train,0.36,24,12,12,0.5,0.14,3,0.25,6.0,8.5,2.0,10.0,3.0,0.0,3.0,3.0,0,0,2,0,2,24,1,0,7,0,55430,exact_all,2,2,8,39,298,12926,exact,2,2,44,477,0.1296,0.046655999999999996,0.016796159999999997,0.006046617599999999,0.2592,0.37324799999999997,0.6550502399999999,1.8018920447999998,0.0009391304347826086,0.00018441106719367586,6.16459853190288e-05,4.239346990400903e-05,0.2592,2.052864,8.011768319999998,3.0893902847999994,1.4083958843209576,0.0012275809571993222,0.0012268280957653348,10.323832319999998,2.426909559651501
code_n24_k12_cw3_039_q00,code_n24_k12_cw3_039,q00,train,0.18,24,12,12,0.5,0.32000000000000006,3,0.25,6.0,4.833333333333333,2.0,9.0,3.0,0.0,3.0,3.0,0,0,1,0,1,24,2,0,8,0,55430,exact_all,2,1,3,14,85,12926,exact,2,1,22,236,0.0324,0.0058319999999999995,0.0010497599999999998,0.00018895679999999997,0.0324,0.017495999999999998,0.014696639999999997,0.016061327999999996,0.00011739130434782608,8.644268774703556e-06,1.383083003952569e-06,3.778780350084697e-07,0.0324,0.128304,0.24774335999999997,0.08065396799999999,0.07756638380520488,0.00012779653416149068,0.00012778836888007453,0.40844736,0.34248793454395704
code_n24_k12_cw3_039_q01,code_n24_k12_cw3_039,q01,train,0.24,24,12,12,0.5,0.26,3,0.25,6.0,4.833333333333333,2.0,9.0,3.0,0.0,3.0,3.0,0,0,1,0,1,24,2,0,8,0,55430,exact_all,2,1,3,14,85,12926,exact,2,1,22,236,0.0576,0.013823999999999998,0.0033177599999999995,0.0007962623999999999,0.0576,0.041471999999999995,0.04644863999999999,0.06768230399999998,0.00020869565217391305,2.0490118577075095e-05,4.371225296442687e-06,1.5923749294184074e-06,0.0576,0.30412799999999995,0.7829913599999999,0.21320294399999995,0.1932639234696348,0.00023514937097684924,0.00023512172769696218,1.1447193599999999,0.7630087093215661
code_n24_k12_cw3_039_q02,code_n24_k12_cw3_039,q02,train,0.3,24,12,12,0.5,0.19999999999999996,3,0.25,6.0,4.833333333333333,2.0,9.0,3.0,0.0,3.0,3.0,0,0,1,0,1,24,2,0,8,0,55430,exact_all,2,1,3,14,85,12926,exact,2,1,22,236,0.09,0.026999999999999996,0.0081,0.0024299999999999994,0.09,0.08099999999999999,0.1134,0.20654999999999996,0.0003260869565217391,4.001976284584979e-05,1.0671936758893281e-05,4.85954263128176e-06,0.09,0.5939999999999999,1.9116,0.49094999999999994,0.39941350067972925,0.00038163819875776394,0.00038156539342333053,2.5955999999999997,1.2797108757171072
code_n24_k12_cw3_039_q03,code_n24_k12_cw3_039,q03,train,0.36,24,12,12,0.5,0.14,3,0.25,6.0,4.833333333333333,2.0,9.0,3.0,0.0,3.0,3.0,0,0,1,0,1,24,2,0,8,0,55430,exact_all,2,1,3,14,85,12926,exact,2,1,22,236,0.1296,0.046655999999999996,0.016796159999999997,0.006046617599999999,0.1296,0.13996799999999998,0.23514623999999995,0.5139624959999999,0.0004695652173913043,6.915415019762845e-05,2.2129328063241104e-05,1.209209712027103e-05,0.1296,1.026432,3.9638937599999995,1.0186767359999997,0.7024422155655616,0.0005729407927724449,0.0005727767248609086,5.119925759999999,1.8115499657317025
code_n24_k12_cw3_040_q00,code_n24_k12_cw3_040,q00,train,0.18,24,12,12,0.5,0.32000000000000006,3,0.25,6.0,4.166666666666667,4.0,10.0,3.0,0.0,3.0,3.0,0,0,0,0,0,24,3,0,9,0,55430,exact_all,2,2,3,6,75,12926,exact,2,2,44,462,0.0324,0.0058319999999999995,0.0010497599999999998,0.00018895679999999997,0.0648,0.017495999999999998,0.006298559999999999,0.014171759999999999,0.00023478260869565215,8.644268774703556e-06,5.927498588368153e-07,3.334217955957086e-07,0.0648,0.256608,0.48498911999999994,0.10276632,0.09782185925862584,0.0002443530491247882,0.00024432319978089973,0.80639712,0.591334320080723
code_n24_k12_cw3_040_q01,code_n24_k12_cw3_040,q01,train,0.24,24,12,12,0.5,0.26,3,0.25,6.0,4.166666666666667,4.0,10.0,3.0,0.0,3.0,3.0,0,0,0,0,0,24,3,0,9,0,55430,exact_all,2,2,3,6,75,12926,exact,2,2,44,462,0.0576,0.013823999999999998,0.0033177599999999995,0.0007962623999999999,0.1152,0.041471999999999995,0.019906559999999997,0.05971967999999999,0.0004173913043478261,2.0490118577075095e-05,1.8733822699040087e-06,1.4050367024280066e-06,0.1152,0.6082559999999999,1.5328051199999997,0.23629823999999996,0.21212162442704552,0.0004411598418972332,0.0004410625595045202,2.2562611199999996,1.1805796414849181
code_n24_k12_cw3_040_q02,code_n24_k12_cw3_040,q02,train,0.3,24,12,12,0.5,0.19999999999999996,3,0.25,6.0,4.166666666666667,4.0,10.0,3.0,0.0,3.0,3.0,0,0,0,0,0,24,3,0,9,0,55430,exact_all,2,2,3,6,75,12926,exact,2,2,44,462,0.09,0.026999999999999996,0.0081,0.0024299999999999994,0.18,0.08099999999999999,0.0486,0.18224999999999997,0.0006521739130434782,4.001976284584979e-05,4.573687182382834e-06,4.287831733483907e-06,0.18,1.1879999999999997,3.7422,0.49184999999999995,0.4000169605344378,0.0007010551948051948,0.0007008095704029178,5.1102,1.8099595058720062
code_n24_k12_cw3_040_q03,code_n24_k12_cw3_040,q03,train,0.36,24,12,12,0.5,0.14,3,0.25,6.0,4.166666666666667,4.0,10.0,3.0,0.0,3.0,3.0,0,0,0,0,0,24,3,0,9,0,55430,exact_all,2,2,3,6,75,12926,exact,2,2,44,462,0.1296,0.046655999999999996,0.016796159999999997,0.006046617599999999,0.2592,0.13996799999999998,0.10077695999999998,0.45349631999999995,0.0009391304347826086,6.915415019762845e-05,9.483997741389044e-06,1.0669497459062676e-05,0.2592,2.052864,7.759825919999999,0.9534412799999998,0.6695925761925141,0.001028438080180689,0.0010279096000466658,10.071889919999998,2.4044094566293577
code_n24_k12_cw3_041_q00,code_n24_k12_cw3_041,q00,test,0.18,24,12,12,0.5,0.32000000000000006,3,0.25,6.0,3.8333333333333335,3.0,9.0,3.0,0.0,3.0,3.0,0,0,0,0,1,24,2,0,9,0,55430,exact_all,2,1,1,20,93,12926,exact,2,1,22,240,0.0324,0.0058319999999999995,0.0010497599999999998,0.00018895679999999997,0.0324,0.0058319999999999995,0.0209952,0.017572982399999996,0.00011739130434782608,2.8814229249011852e-06,1.975832862789384e-06,4.1344302653867864e-07,0.0324,0.128304,0.25194239999999996,0.07680018239999999,0.07399384929909947,0.00012266200316205533,0.00012265448079367837,0.41264639999999997,0.34546482468528067
code_n24_k12_cw3_041_q01,code_n24_k12_cw3_041,q01,test,0.24,24,12,12,0.5,0.26,3,0.25,6.0,3.8333333333333335,3.0,9.0,3.0,0.0,3.0,3.0,0,0,0,0,1,24,2,0,9,0,55430,exact_all,2,1,1,20,93,12926,exact,2,1,22,240,0.0576,0.013823999999999998,0.0033177599999999995,0.0007962623999999999,0.0576,0.013823999999999998,0.06635519999999999,0.07405240319999999,0.00020869565217391305,6.830039525691698e-06,6.244607566346696e-06,1.7422455110107281e-06,0.0576,0.30412799999999995,0.7962623999999998,0.2118316032,0.19213293673976709,0.00022351254477696216,0.0002234875695695713,1.1579903999999996,0.7691774182625631
code_n24_k12_cw3_041_q02,code_n24_k12_cw3_041,q02,test,0.3,24,12,12,0.5,0.19999999999999996,3,0.25,6.0,3.8333333333333335,3.0,9.0,3.0,0.0,3.0,3.0,0,0,0,0,1,24,2,0,9,0,55430,exact_all,2,1,1,20,93,12926,exact,2,1,22,240,0.09,0.026999999999999996,0.0081,0.0024299999999999994,0.09,0.026999999999999996,0.16199999999999998,0.22598999999999994,0.0003260869565217391,1.3339920948616598e-05,1.5245623941276115e-05,5.316911349520044e-06,0.09,0.5939999999999999,1.944,0.5049899999999999,0.40878625366049165,0.0003599894127611519,0.0003599246321189324,2.6279999999999997,1.2886815322528902
code_n24_k12_cw3_041_q03,code_n24_k12_cw3_041,q03,test,0.36,24,12,12,0.5,0.14,3,0.25,6.0,3.8333333333333335,3.0,9.0,3.0,0.0,3.0,3.0,0,0,0,0,1,24,2,0,9,0,55430,exact_all,2,1,1,20,93,12926,exact,2,1,22,240,0.1296,0.046655999999999996,0.016796159999999997,0.006046617599999999,0.1296,0.046655999999999996,0.3359232,0.5623354367999999,0.0004695652173913043,2.3051383399209482e-05,3.1613325804630145e-05,1.3230176849237717e-05,0.1296,1.026432,4.031078399999999,1.0745146367999998,0.7297272163455527,0.0005374601034443817,0.0005373157234929771,5.187110399999999,1.8224681602558228
code_n24_k12_cw3_042_q00,code_n24_k12_cw3_042,q00,train,0.18,24,12,12,0.5,0.32000000000000006,3,0.25,6.0,3.8333333333333335,3.0,10.0,3.0,0.0,3.0,3.0,0,0,0,0,1,24,3,0,8,0,55430,exact_all,2,2,2,11,72,12926,exact,2,2,44,467,0.0324,0.0058319999999999995,0.0010497599999999998,0.00018895679999999997,0.0648,0.011663999999999999,0.011547359999999998,0.013604889599999998,0.00023478260869565215,5.7628458498023705e-06,1.0867080745341614e-06,3.200849237718803e-07,0.0648,0.256608,0.49023791999999994,0.10161624959999999,0.09677841923128497,0.00024195224754376056,0.00024192298181922487,0.8116459199999999,0.5942357801375598
code_n24_k12_cw3_042_q01,code_n24_k12_cw3_042,q01,train,0.24,24,12,12,0.5,0.26,3,0.25,6.0,3.8333333333333335,3.0,10.0,3.0,0.0,3.0,3.0,0,0,0,0,1,24,3,0,8,0,55430,exact_all,2,2,2,11,72,12926,exact,2,2,44,467,0.0576,0.013823999999999998,0.0033177599999999995,0.0007962623999999999,0.1152,0.027647999999999995,0.03649535999999999,0.05733089279999999,0.0004173913043478261,1.3660079051383396e-05,3.434534161490683e-06,1.3488352343308865e-06,0.1152,0.6082559999999999,1.5493939199999998,0.23667425279999998,0.21242572227204173,0.0004358347527950311,0.00043573980441602623,2.2728499199999996,1.1856611405111037
code_n24_k12_cw3_042_q02,code_n24_k12_cw3_042,q02,train,0.3,24,12,12,0.5,0.19999999999999996,3,0.25,6.0,3.8333333333333335,3.0,10.0,3.0,0.0,3.0,3.0,0,0,0,0,1,24,3,0,8,0,55430,exact_all,2,2,2,11,72,12926,exact,2,2,44,467,0.09,0.026999999999999996,0.0081,0.0024299999999999994,0.18,0.05399999999999999,0.0891,0.17495999999999995,0.0006521739130434782,2.6679841897233196e-05,8.385093167701864e-06,4.11631846414455e-06,0.18,1.1879999999999997,3.7826999999999997,0.49805999999999995,0.4041709376974509,0.0006913551665725578,0.0006911162906817645,5.1507,1.8165658964795035
code_n24_k12_cw3_042_q03,code_n24_k12_cw3_042,q03,train,0.36,24,12,12,0.5,0.14,3,0.25,6.0,3.8333333333333335,3.0,10.0,3.0,0.0,3.0,3.0,0,0,0,0,1,24,3,0,8,0,55430,exact_all,2,2,2,11,72,12926,exact,2,2,44,467,0.1296,0.046655999999999996,0.016796159999999997,0.006046617599999999,0.2592,0.09331199999999999,0.18475775999999997,0.43535646719999993,0.0009391304347826086,4.6102766798418964e-05,1.7387329192546582e-05,1.0242717560700169e-05,0.2592,2.052864,7.843806719999999,0.9726262271999999,0.679365765201168,0.0010128632483342743,0.001012350648454215,10.15587072,2.411965881315164
code_n24_k12_cw3_043_q00,code_n24_k12_cw3_043,q00,validation,0.18,24,12,12,0.5,0.32000000000000006,3,0.25,6.0,3.3333333333333335,3.0,10.0,3.0,0.0,3.0,3.0,0,0,0,0,1,24,1,0,10,0,55430,exact_all,2,1,2,19,79,12926,exact,2,1,22,239,0.0324,0.0058319999999999995,0.0010497599999999998,0.00018895679999999997,0.0324,0.011663999999999999,0.01994544,0.014927587199999998,0.00011739130434782608,5.7628458498023705e-06,1.877041219649915e-06,3.5120429136081303e-07,0.0324,0.128304,0.25089263999999994,0.0789370272,0.07597632238564851,0.00012538239570863917,0.00012537453599303547,0.41159663999999996,0.344721432538446
code_n24_k12_cw3_043_q01,code_n24_k12_cw3_043,q01,validation,0.24,24,12,12,0.5,0.26,3,0.25,6.0,3.3333333333333335,3.0,10.0,3.0,0.0,3.0,3.0,0,0,0,0,1,24,1,0,10,0,55430,exact_all,2,1,2,19,79,12926,exact,2,1,22,239,0.0576,0.013823999999999998,0.0033177599999999995,0.0007962623999999999,0.0576,0.027647999999999995,0.06303743999999999,0.06290472959999999,0.00020869565217391305,1.3660079051383396e-05,5.932377188029361e-06,1.4799719932241668e-06,0.0576,0.30412799999999995,0.7929446399999999,0.21119016959999998,0.1916034874197616,0.00022976808040654998,0.00022974168776387696,1.1546726399999998,0.7676388048240694
code_n24_k12_cw3_043_q02,code_n24_k12_cw3_043,q02,validation,0.3,24,12,12,0.5,0.19999999999999996,3,0.25,6.0,3.3333333333333335,3.0,10.0,3.0,0.0,3.0,3.0,0,0,0,0,1,24,1,0,10,0,55430,exact_all,2,1,2,19,79,12926,exact,2,1,22,239,0.09,0.026999999999999996,0.0081,0.0024299999999999994,0.09,0.05399999999999999,0.15389999999999998,0.19196999999999995,0.0003260869565217391,2.6679841897233196e-05,1.4483342744212308e-05,4.516516092603048e-06,0.09,0.5939999999999999,1.9359,0.4898699999999999,0.3986888678288638,0.00037176665725578765,0.0003716975691546353,2.6199,1.2864464011467291
code_n24_k12_cw3_043_q03,code_n24_k12_cw3_043,q03,validation,0.36,24,12,12,0.5,0.14,3,0.25,6.0,3.3333333333333335,3.0,10.0,3.0,0.0,3.0,3.0,0,0,0,0,1,24,1,0,10,0,55430,exact_all,2,1,2,19,79,12926,exact,2,1,22,239,0.1296,0.046655999999999996,0.016796159999999997,0.006046617599999999,0.1296,0.09331199999999999,0.31912704,0.47768279039999995,0.0004695652173913043,4.6102766798418964e-05,3.003265951439864e-05,1.1238537323546017e-05,0.1296,1.026432,4.014282239999999,1.0197218304,0.7029597942077621,0.0005569391810276679,0.0005567841479619743,5.170314239999999,1.8197497669283338
code_n24_k12_cw3_044_q00,code_n24_k12_cw3_044,q00,validation,0.18,24,12,12,0.5,0.32000000000000006,3,0.25,6.0,6.666666666666667,2.0,12.0,3.0,0.0,3.0,3.0,0,0,1,0,0,24,3,0,8,0,55430,exact_all,3,0,4,9,90,12926,exact,4,0,0,5,0.0324,0.0058319999999999995,0.0010497599999999998,0.00018895679999999997,0.0,0.023327999999999998,0.009447839999999999,0.017006111999999997,0.0,1.1525691699604741e-05,8.89124788255223e-07,4.001061547148503e-07,0.0,0.0,0.0052488,0.049781952,0.04858247784221495,1.2814922642574813e-05,1.2814840532155138e-05,0.0052488,0.005235073061631587
code_n24_k12_cw3_044_q01,code_n24_k12_cw3_044,q01,validation,0.24,24,12,12,0.5,0.26,3,0.25,6.0,6.666666666666667,2.0,12.0,3.0,0.0,3.0,3.0,0,0,1,0,0,24,3,0,8,0,55430,exact_all,3,0,4,9,90,12926,exact,4,0,0,5,0.0576,0.013823999999999998,0.0033177599999999995,0.0007962623999999999,0.0,0.05529599999999999,0.029859839999999995,0.07166361599999999,0.0,2.7320158102766792e-05,2.8100734048560133e-06,1.6860440429136078e-06,0.0,0.0,0.016588799999999997,0.15681945599999997,0.14567439109144031,3.181627555053642e-05,3.181576942357682e-05,0.016588799999999997,0.01645270885409976
code_n24_k12_cw3_044_q02,code_n24_k12_cw3_044,q02,validation,0.3,24,12,12,0.5,0.19999999999999996,3,0.25,6.0,6.666666666666667,2.0,12.0,3.0,0.0,3.0,3.0,0,0,1,0,0,24,3,0,8,0,55430,exact_all,3,0,4,9,90,12926,exact,4,0,0,5,0.09,0.026999999999999996,0.0081,0.0024299999999999994,0.0,0.10799999999999998,0.07289999999999999,0.21869999999999995,0.0,5.335968379446639e-05,6.860530773574252e-06,5.145398080180687e-06,0.0,0.0,0.040499999999999994,0.39959999999999996,0.33618648151139585,6.536561264822133e-05,6.536347640965342e-05,0.040499999999999994,0.03970136685155206
code_n24_k12_cw3_044_q03,code_n24_k12_cw3_044,q03,validation,0.36,24,12,12,0.5,0.14,3,0.25,6.0,6.666666666666667,2.0,12.0,3.0,0.0,3.0,3.0,0,0,1,0,0,24,3,0,8,0,55430,exact_all,3,0,4,9,90,12926,exact,4,0,0,5,0.1296,0.046655999999999996,0.016796159999999997,0.006046617599999999,0.0,0.18662399999999998,0.15116543999999998,0.5441955839999999,0.0,9.220553359683793e-05,1.4225996612083568e-05,1.280339695087521e-05,0.0,0.0,0.0839808,0.8819850239999999,0.6323270836394971,0.00011923492715979671,0.00011922781924087183,0.0839808,0.08064019068347023
code_n24_k12_cw3_045_q00,code_n24_k12_cw3_045,q00,test,0.18,24,12,12,0.5,0.32000000000000006,3,0.25,6.0,7.166666666666667,2.0,13.0,3.0,0.0,3.0,3.0,0,0,1,0,0,24,2,0,9,0,55430,exact_all,3,0,5,16,72,12926,exact,4,0,0,7,0.0324,0.0058319999999999995,0.0010497599999999998,0.00018895679999999997,0.0,0.02916,0.016796159999999997,0.013604889599999998,0.0,1.4407114624505928e-05,1.5806662902315073e-06,3.200849237718803e-07,0.0,0.0,0.0073483199999999985,0.05956104959999999,0.0578547182082306,1.6307865838509313e-05,1.6307732866710865e-05,0.0073483199999999985,0.007321452636295071
code_n24_k12_cw3_045_q01,code_n24_k12_cw3_045,q01,test,0.24,24,12,12,0.5,0.26,3,0.25,6.0,7.166666666666667,2.0,13.0,3.0,0.0,3.0,3.0,0,0,1,0,0,24,2,0,9,0,55430,exact_all,3,0,5,16,72,12926,exact,4,0,0,7,0.0576,0.013823999999999998,0.0033177599999999995,0.0007962623999999999,0.0,0.06911999999999999,0.05308415999999999,0.05733089279999999,0.0,3.4150197628458496e-05,4.9956860530773566e-06,1.3488352343308865e-06,0.0,0.0,0.023224319999999996,0.17953505279999998,0.16512033777924634,4.049471891586674e-05,4.0493899026870744e-05,0.023224319999999996,0.0229587395692226
code_n24_k12_cw3_045_q02,code_n24_k12_cw3_045,q02,test,0.3,24,12,12,0.5,0.19999999999999996,3,0.25,6.0,7.166666666666667,2.0,13.0,3.0,0.0,3.0,3.0,0,0,1,0,0,24,2,0,9,0,55430,exact_all,3,0,5,16,72,12926,exact,4,0,0,7,0.09,0.026999999999999996,0.0081,0.0024299999999999994,0.0,0.13499999999999998,0.1296,0.17495999999999995,0.0,6.6699604743083e-05,1.2196499153020891e-05,4.11631846414455e-06,0.0,0.0,0.0567,0.4395599999999999,0.3643375113407434,8.301242236024844e-05,8.300897701978477e-05,0.0567,0.05515084446484804
code_n24_k12_cw3_045_q03,code_n24_k12_cw3_045,q03,test,0.36,24,12,12,0.5,0.14,3,0.25,6.0,7.166666666666667,2.0,13.0,3.0,0.0,3.0,3.0,0,0,1,0,0,24,2,0,9,0,55430,exact_all,3,0,5,16,72,12926,exact,4,0,0,7,0.1296,0.046655999999999996,0.016796159999999997,0.006046617599999999,0.0,0.23328,0.26873855999999996,0.43535646719999993,0.0,0.00011525691699604742,2.5290660643704117e-05,1.0242717560700169e-05,0.0,0.0,0.11757311999999998,0.9373750271999999,0.6613339780746931,0.00015079029520045171,0.00015077892748663465,0.11757311999999998,0.11115947713235992
code_n24_k12_cw3_046_q00,code_n24_k12_cw3_046,q00,validation,0.18,24,12,12,0.5,0.32000000000000006,3,0.25,6.0,1.6666666666666667,4.0,8.0,3.0,0.0,3.0,3.0,0,0,0,0,0,24,1,0,11,0,55430,exact_all,2,2,2,12,57,12926,exact,2,2,44,469,0.0324,0.0058319999999999995,0.0010497599999999998,0.00018895679999999997,0.0648,0.011663999999999999,0.012597119999999998,0.010770537599999998,0.00023478260869565215,5.7628458498023705e-06,1.1854997176736305e-06,2.5340056465273853e-07,0.0648,0.256608,0.4923374399999999,0.09983165759999998,0.0951571295472772,0.0002419843548277809,0.00024195508133617962,0.8137454399999999,0.5953940110849126
code_n24_k12_cw3_046_q01,code_n24_k12_cw3_046,q01,validation,0.24,24,12,12,0.5,0.26,3,0.25,6.0,1.6666666666666667,4.0,8.0,3.0,0.0,3.0,3.0,0,0,0,0,0,24,1,0,11,0,55430,exact_all,2,2,2,12,57,12926,exact,2,2,44,469,0.0576,0.013823999999999998,0.0033177599999999995,0.0007962623999999999,0.1152,0.027647999999999995,0.039813119999999994,0.04538695679999999,0.0004173913043478261,1.3660079051383396e-05,3.7467645398080174e-06,1.067827893845285e-06,0.1152,0.6082559999999999,1.5560294399999997,0.2280480768,0.20542597944718968,0.0004358659758328628,0.0004357710138512143,2.2794854399999993,1.1876865320406234
code_n24_k12_cw3_046_q02,code_n24_k12_cw3_046,q02,validation,0.3,24,12,12,0.5,0.19999999999999996,3,0.25,6.0,1.6666666666666667,4.0,8.0,3.0,0.0,3.0,3.0,0,0,0,0,0,24,1,0,11,0,55430,exact_all,2,2,2,12,57,12926,exact,2,2,44,469,0.09,0.026999999999999996,0.0081,0.0024299999999999994,0.18,0.05399999999999999,0.0972,0.13850999999999997,0.0006521739130434782,2.6679841897233196e-05,9.147374364765667e-06,3.2587521174477686e-06,0.18,1.1879999999999997,3.7988999999999997,0.46970999999999996,0.3850651024170361,0.0006912598814229248,0.0006910210713579666,5.166899999999999,1.8191962805381743
code_n24_k12_cw3_046_q03,code_n24_k12_cw3_046,q03,validation,0.36,24,12,12,0.5,0.14,3,0.25,6.0,1.6666666666666667,4.0,8.0,3.0,0.0,3.0,3.0,0,0,0,0,0,24,1,0,11,0,55430,exact_all,2,2,2,12,57,12926,exact,2,2,44,469,0.1296,0.046655999999999996,0.016796159999999997,0.006046617599999999,0.2592,0.09331199999999999,0.20155391999999997,0.34465720319999993,0.0009391304347826086,4.6102766798418964e-05,1.896799548277809e-05,8.108818068887633e-06,0.2592,2.052864,7.8773990399999985,0.8987231231999999,0.6411816198309542,0.0010123100151326933,0.0010117979748825042,10.189463039999998,2.4149725354709637
code_n24_k12_cw3_047_q00,code_n24_k12_cw3_047,q00,test,0.18,24,12,12,0.5,0.32000000000000006,3,0.25,6.0,6.166666666666667,1.0,11.0,3.0,0.0,3.0,3.0,1,0,0,0,0,24,2,0,9,0,55430,exact_all,2,3,2,11,127,12926,exact,2,3,66,697,0.0324,0.0058319999999999995,0.0010497599999999998,0.00018895679999999997,0.0972,0.011663999999999999,0.011547359999999998,0.023997513599999996,0.00035217391304347823,5.7628458498023705e-06,1.0867080745341614e-06,5.645942405420665e-07,0.0972,0.384912,0.7316827199999999,0.1444088736,0.1348882360959481,0.00035958806120835684,0.0003595234249159702,1.2137947199999999,0.7947081109272434
code_n24_k12_cw3_047_q01,code_n24_k12_cw3_047,q01,test,0.24,24,12,12,0.5,0.26,3,0.25,6.0,6.166666666666667,1.0,11.0,3.0,0.0,3.0,3.0,1,0,0,0,0,24,2,0,9,0,55430,exact_all,2,3,2,11,127,12926,exact,2,3,66,697,0.0576,0.013823999999999998,0.0033177599999999995,0.0007962623999999999,0.1728,0.027647999999999995,0.03649535999999999,0.10112532479999999,0.0006260869565217391,1.3660079051383396e-05,3.434534161490683e-06,2.379195482778091e-06,0.1728,0.9123839999999999,2.3124787199999997,0.33806868479999996,0.29122729431973615,0.0006455607652173913,0.0006453524805020701,3.3976627199999996,1.481073199787512
code_n24_k12_cw3_047_q02,code_n24_k12_cw3_047,q02,test,0.3,24,12,12,0.5,0.19999999999999996,3,0.25,6.0,6.166666666666667,1.0,11.0,3.0,0.0,3.0,3.0,1,0,0,0,0,24,2,0,9,0,55430,exact_all,2,3,2,11,127,12926,exact,2,3,66,697,0.09,0.026999999999999996,0.0081,0.0024299999999999994,0.27,0.05399999999999999,0.0891,0.30860999999999994,0.0009782608695652173,2.6679841897233196e-05,8.385093167701864e-06,7.260728402032748e-06,0.27,1.7819999999999998,5.6457,0.72171,0.5433179829962348,0.0010205865330321852,0.0010200660886720522,7.697699999999999,2.163058622893115
code_n24_k12_cw3_047_q03,code_n24_k12_cw3_047,q03,test,0.36,24,12,12,0.5,0.14,3,0.25,6.0,6.166666666666667,1.0,11.0,3.0,0.0,3.0,3.0,1,0,0,0,0,24,2,0,9,0,55430,exact_all,2,3,2,11,127,12926,exact,2,3,66,697,0.1296,0.046655999999999996,0.016796159999999997,0.006046617599999999,0.3888,0.09331199999999999,0.18475775999999997,0.7679204351999999,0.001408695652173913,4.6102766798418964e-05,1.7387329192546582e-05,1.8067015697346128e-05,0.3888,3.079296,11.706923519999998,1.4347901951999997,0.8898605906868594,0.0014902527638622244,0.0014891434391914686,15.175019519999998,2.783468047186854
code_n24_k12_cw3_048_q00,code_n24_k12_cw3_048,q00,train,0.18,24,12,12,0.5,0.32000000000000006,3,0.25,6.0,7.333333333333333,2.0,11.0,3.0,0.0,3.0,3.0,0,0,1,0,0,24,4,0,7,0,55430,exact_all,2,1,2,23,101,12926,exact,2,1,22,239,0.0324,0.0058319999999999995,0.0010497599999999998,0.00018895679999999997,0.0324,0.011663999999999999,0.024144479999999996,0.0190846368,0.00011739130434782608,5.7628458498023705e-06,2.272207792207792e-06,4.4900801806888763e-07,0.0324,0.128304,0.25089263999999994,0.08729311679999999,0.08369122845798051,0.00012587536600790512,0.0001258674443687738,0.41159663999999996,0.344721432538446
code_n24_k12_cw3_048_q01,code_n24_k12_cw3_048,q01,train,0.24,24,12,12,0.5,0.26,3,0.25,6.0,7.333333333333333,2.0,11.0,3.0,0.0,3.0,3.0,0,0,1,0,0,24,4,0,7,0,55430,exact_all,2,1,2,23,101,12926,exact,2,1,22,239,0.0576,0.013823999999999998,0.0033177599999999995,0.0007962623999999999,0.0576,0.027647999999999995,0.07630847999999998,0.08042250239999998,0.00020869565217391305,1.3660079051383396e-05,7.1812987012987e-06,1.892116092603049e-06,0.0576,0.30412799999999995,0.7929446399999999,0.24197898239999996,0.21670606098484904,0.0002314291460191982,0.00023140237042540684,1.1546726399999998,0.7676388048240694
code_n24_k12_cw3_048_q02,code_n24_k12_cw3_048,q02,train,0.3,24,12,12,0.5,0.19999999999999996,3,0.25,6.0,7.333333333333333,2.0,11.0,3.0,0.0,3.0,3.0,0,0,1,0,0,24,4,0,7,0,55430,exact_all,2,1,2,23,101,12926,exact,2,1,22,239,0.09,0.026999999999999996,0.0081,0.0024299999999999994,0.09,0.05399999999999999,0.1863,0.24542999999999995,0.0003260869565217391,2.6679841897233196e-05,1.753246753246753e-05,5.774280067758328e-06,0.09,0.5939999999999999,1.9359,0.57573,0.4547186569618203,0.00037607354601919816,0.0003760028480877162,2.6199,1.2864464011467291
code_n24_k12_cw3_048_q03,code_n24_k12_cw3_048,q03,train,0.36,24,12,12,0.5,0.14,3,0.25,6.0,7.333333333333333,2.0,11.0,3.0,0.0,3.0,3.0,0,0,1,0,0,24,4,0,7,0,55430,exact_all,2,1,2,23,101,12926,exact,2,1,22,239,0.1296,0.046655999999999996,0.016796159999999997,0.006046617599999999,0.1296,0.09331199999999999,0.38631167999999994,0.6107083776,0.0004695652173913043,4.6102766798418964e-05,3.635532467532467e-05,1.4368256578204404e-05,0.1296,1.026432,4.014282239999999,1.2199320576,0.7974765907311704,0.0005663915654432523,0.0005662312262808591,5.170314239999999,1.8197497669283338
code_n24_k12_cw3_049_q00,code_n24_k12_cw3_049,q00,train,0.18,24,12,12,0.5,0.32000000000000006,3,0.25,6.0,4.166666666666667,3.0,9.0,3.0,0.0,3.0,3.0,0,0,0,0,2,24,2,0,8,0,55430,exact_all,3,0,1,15,95,12926,exact,4,0,0,6,0.0324,0.0058319999999999995,0.0010497599999999998,0.00018895679999999997,0.0,0.0058319999999999995,0.015746399999999997,0.017950895999999997,0.0,2.8814229249011852e-06,1.4818746470920382e-06,4.223342744212309e-07,0.0,0.0,0.006298559999999999,0.03952929599999999,0.03876801069898624,4.785631846414454e-06,4.785620395314903e-06,0.006298559999999999,0.006278806971330837
code_n24_k12_cw3_049_q01,code_n24_k12_cw3_049,q01,train,0.24,24,12,12,0.5,0.26,3,0.25,6.0,4.166666666666667,3.0,9.0,3.0,0.0,3.0,3.0,0,0,0,0,2,24,2,0,8,0,55430,exact_all,3,0,1,15,95,12926,exact,4,0,0,6,0.0576,0.013823999999999998,0.0033177599999999995,0.0007962623999999999,0.0,0.013823999999999998,0.04976639999999999,0.07564492799999999,0.0,6.830039525691698e-06,4.6834556747600216e-06,1.7797131564088085e-06,0.0,0.0,0.019906559999999997,0.139235328,0.13035727243069087,1.3293208356860529e-05,1.3293120002949323e-05,0.019906559999999997,0.019711015256787718
code_n24_k12_cw3_049_q02,code_n24_k12_cw3_049,q02,train,0.3,24,12,12,0.5,0.19999999999999996,3,0.25,6.0,4.166666666666667,3.0,9.0,3.0,0.0,3.0,3.0,0,0,0,0,2,24,2,0,8,0,55430,exact_all,3,0,1,15,95,12926,exact,4,0,0,6,0.09,0.026999999999999996,0.0081,0.0024299999999999994,0.0,0.026999999999999996,0.1215,0.23084999999999994,0.0,1.3339920948616598e-05,1.1434217955957084e-05,5.4312535290796155e-06,0.0,0.0,0.0486,0.37934999999999997,0.32161237371418894,3.02053924336533e-05,3.0204936259973176e-05,0.0486,0.04745594115629535
code_n24_k12_cw3_049_q03,code_n24_k12_cw3_049,q03,train,0.36,24,12,12,0.5,0.14,3,0.25,6.0,4.166666666666667,3.0,9.0,3.0,0.0,3.0,3.0,0,0,0,0,2,24,2,0,8,0,55430,exact_all,3,0,1,15,95,12926,exact,4,0,0,6,0.1296,0.046655999999999996,0.016796159999999997,0.006046617599999999,0.0,0.046655999999999996,0.25194239999999996,0.5744286719999999,0.0,2.3051383399209482e-05,2.370999435347261e-05,1.3514696781479389e-05,0.0,0.0,0.10077695999999998,0.8730270719999998,0.6275558771749012,6.027607453416148e-05,6.0274258004576e-05,0.10077695999999998,0.09601625774534364
code_n24_k12_cw3_050_q00,code_n24_k12_cw3_050,q00,train,0.18,24,12,12,0.5,0.32000000000000006,3,0.25,6.0,2.0,3.0,9.0,3.0,0.0,3.0,3.0,0,0,0,0,1,24,0,0,11,0,55430,exact_all,2,2,0,9,74,12926,exact,2,2,44,464,0.0324,0.0058319999999999995,0.0010497599999999998,0.00018895679999999997,0.0648,0.0,0.009447839999999999,0.013982803199999998,0.00023478260869565215,0.0,8.89124788255223e-07,3.289761716544325e-07,0.0648,0.256608,0.4870886399999999,0.08823064319999999,0.08455311420271405,0.00023600070965556182,0.00023597286586876567,0.80849664,0.5924959145150079
code_n24_k12_cw3_050_q01,code_n24_k12_cw3_050,q01,train,0.24,24,12,12,0.5,0.26,3,0.25,6.0,2.0,3.0,9.0,3.0,0.0,3.0,3.0,0,0,0,0,1,24,0,0,11,0,55430,exact_all,2,2,0,9,74,12926,exact,2,2,44,464,0.0576,0.013823999999999998,0.0033177599999999995,0.0007962623999999999,0.1152,0.0,0.029859839999999995,0.05892341759999999,0.0004173913043478261,0.0,2.8100734048560133e-06,1.3863028797289664e-06,0.1152,0.6082559999999999,1.5394406399999998,0.2039832576,0.18563544114210434,0.00042158768063241107,0.00042149883751541257,2.2628966399999997,1.1826153407380393
code_n24_k12_cw3_050_q02,code_n24_k12_cw3_050,q02,train,0.3,24,12,12,0.5,0.19999999999999996,3,0.25,6.0,2.0,3.0,9.0,3.0,0.0,3.0,3.0,0,0,0,0,1,24,0,0,11,0,55430,exact_all,2,2,0,9,74,12926,exact,2,2,44,464,0.09,0.026999999999999996,0.0081,0.0024299999999999994,0.18,0.0,0.07289999999999999,0.17981999999999995,0.0006521739130434782,0.0,6.860530773574252e-06,4.230660643704121e-06,0.18,1.1879999999999997,3.7584,0.43272,0.3595747354763469,0.0006632651044607566,0.0006630452413743293,5.126399999999999,1.812607301740893
code_n24_k12_cw3_050_q03,code_n24_k12_cw3_050,q03,train,0.36,24,12,12,0.5,0.14,3,0.25,6.0,2.0,3.0,9.0,3.0,0.0,3.0,3.0,0,0,0,0,1,24,0,0,11,0,55430,exact_all,2,2,0,9,74,12926,exact,2,2,44,464,0.1296,0.046655999999999996,0.016796159999999997,0.006046617599999999,0.2592,0.0,0.15116543999999998,0.4474497023999999,0.0009391304347826086,0.0,1.4225996612083568e-05,1.052723749294184e-05,0.2592,2.052864,7.7934182399999985,0.8578151423999999,0.619401142653967,0.000963883668887634,0.0009634194313141209,10.105482239999999,2.407438881887548
code_n24_k12_cw3_051_q00,code_n24_k12_cw3_051,q00,test,0.18,24,12,12,0.5,0.32000000000000006,3,0.25,6.0,6.5,3.0,10.0,3.0,0.0,3.0,3.0,0,0,0,0,3,24,2,0,7,0,55430,exact_all,3,0,3,21,133,12926,exact,4,0,0,14,0.0324,0.0058319999999999995,0.0010497599999999998,0.00018895679999999997,0.0,0.017495999999999998,0.022044959999999995,0.025131254399999997,0.0,8.644268774703556e-06,2.0746245059288532e-06,5.912679841897232e-07,0.0,0.0,0.014696639999999997,0.06467221439999998,0.06266697188132908,1.1310161264822133e-05,1.1310097305430474e-05,0.014696639999999997,0.014589690973873798
code_n24_k12_cw3_051_q01,code_n24_k12_cw3_051,q01,test,0.24,24,12,12,0.5,0.26,3,0.25,6.0,6.5,3.0,10.0,3.0,0.0,3.0,3.0,0,0,0,0,3,24,2,0,7,0,55430,exact_all,3,0,3,21,133,12926,exact,4,0,0,14,0.0576,0.013823999999999998,0.0033177599999999995,0.0007962623999999999,0.0,0.041471999999999995,0.06967295999999999,0.10590289919999998,0.0,2.0490118577075095e-05,6.55683794466403e-06,2.4915984189723315e-06,0.0,0.0,0.04644863999999999,0.21704785919999997,0.19642813878680332,2.9538554940711457e-05,2.953811868618833e-05,0.04644863999999999,0.04540218382091578
code_n24_k12_cw3_051_q02,code_n24_k12_cw3_051,q02,test,0.3,24,12,12,0.5,0.19999999999999996,3,0.25,6.0,6.5,3.0,10.0,3.0,0.0,3.0,3.0,0,0,0,0,3,24,2,0,7,0,55430,exact_all,3,0,3,21,133,12926,exact,4,0,0,14,0.09,0.026999999999999996,0.0081,0.0024299999999999994,0.0,0.08099999999999999,0.1701,0.3231899999999999,0.0,4.001976284584979e-05,1.6007905138339918e-05,7.603754940711461e-06,0.0,0.0,0.1134,0.57429,0.4538043769887986,6.363142292490117e-05,6.362939853178567e-05,0.1134,0.10741839676727034
code_n24_k12_cw3_051_q03,code_n24_k12_cw3_051,q03,test,0.36,24,12,12,0.5,0.14,3,0.25,6.0,6.5,3.0,10.0,3.0,0.0,3.0,3.0,0,0,0,0,3,24,2,0,7,0,55430,exact_all,3,0,3,21,133,12926,exact,4,0,0,14,0.1296,0.046655999999999996,0.016796159999999997,0.006046617599999999,0.0,0.13996799999999998,0.3527193599999999,0.8042001407999999,0.0,6.915415019762845e-05,3.319399209486165e-05,1.892057549407114e-05,0.0,0.0,0.23514623999999995,1.2968875007999998,0.8315549459294239,0.00012126871778656123,0.00012126136533001375,0.23514623999999995,0.21118937602514545
code_n24_k12_cw3_052_q00,code_n24_k12_cw3_052,q00,validation,0.18,24,12,12,0.5,0.32000000000000006,3,0.25,6.0,4.166666666666667,2.0,9.0,3.0,0.0,3.0,3.0,0,0,1,0,1,24,1,0,9,0,55430,exact_all,2,1,3,12,106,12926,exact,2,1,22,239,0.0324,0.0058319999999999995,0.0010497599999999998,0.00018895679999999997,0.0324,0.017495999999999998,0.012597119999999998,0.020029420799999996,0.00011739130434782608,8.644268774703556e-06,1.1854997176736305e-06,4.712361377752682e-07,0.0324,0.128304,0.25089263999999994,0.08252254079999999,0.07929400358764478,0.00012769230897797853,0.0001276841570090476,0.41159663999999996,0.344721432538446
code_n24_k12_cw3_052_q01,code_n24_k12_cw3_052,q01,validation,0.24,24,12,12,0.5,0.26,3,0.25,6.0,4.166666666666667,2.0,9.0,3.0,0.0,3.0,3.0,0,0,1,0,1,24,1,0,9,0,55430,exact_all,2,1,3,12,106,12926,exact,2,1,22,239,0.0576,0.013823999999999998,0.0033177599999999995,0.0007962623999999999,0.0576,0.041471999999999995,0.039813119999999994,0.08440381439999999,0.00020869565217391305,2.0490118577075095e-05,3.7467645398080174e-06,1.9857852060982495e-06,0.0576,0.30412799999999995,0.7929446399999999,0.22328893439999997,0.20154307933375304,0.0002349183204968944,0.00023489073150892976,1.1546726399999998,0.7676388048240694
code_n24_k12_cw3_052_q02,code_n24_k12_cw3_052,q02,validation,0.3,24,12,12,0.5,0.19999999999999996,3,0.25,6.0,4.166666666666667,2.0,9.0,3.0,0.0,3.0,3.0,0,0,1,0,1,24,1,0,9,0,55430,exact_all,2,1,3,12,106,12926,exact,2,1,22,239,0.09,0.026999999999999996,0.0081,0.0024299999999999994,0.09,0.08099999999999999,0.0972,0.2575799999999999,0.0003260869565217391,4.001976284584979e-05,9.147374364765667e-06,6.060135516657255e-06,0.09,0.5939999999999999,1.9359,0.5257799999999999,0.42250575471024826,0.0003813142292490118,0.0003812415474541127,2.6199,1.2864464011467291
code_n24_k12_cw3_052_q03,code_n24_k12_cw3_052,q03,validation,0.36,24,12,12,0.5,0.14,3,0.25,6.0,4.166666666666667,2.0,9.0,3.0,0.0,3.0,3.0,0,0,1,0,1,24,1,0,9,0,55430,exact_all,2,1,3,12,106,12926,exact,2,1,22,239,0.1296,0.046655999999999996,0.016796159999999997,0.006046617599999999,0.1296,0.13996799999999998,0.20155391999999997,0.6409414655999999,0.0004695652173913043,6.915415019762845e-05,1.896799548277809e-05,1.5079556408808582e-05,0.1296,1.026432,4.014282239999999,1.1120633856,0.7476653775148724,0.0005727669194805193,0.0005726029511159429,5.170314239999999,1.8197497669283338
code_n24_k12_cw3_053_q00,code_n24_k12_cw3_053,q00,train,0.18,24,12,12,0.5,0.32000000000000006,3,0.25,6.0,6.666666666666667,2.0,11.0,3.0,0.0,3.0,3.0,0,0,2,0,0,24,1,0,9,0,55430,exact_all,2,2,3,32,106,12926,exact,2,2,44,481,0.0324,0.0058319999999999995,0.0010497599999999998,0.00018895679999999997,0.0648,0.017495999999999998,0.033592319999999995,0.020029420799999996,0.00023478260869565215,8.644268774703556e-06,3.1613325804630146e-06,4.712361377752682e-07,0.0648,0.256608,0.5049345599999999,0.1359177408,0.12744090640953157,0.00024705944618859404,0.00024702893202938926,0.82634256,0.6023153658921989
code_n24_k12_cw3_053_q01,code_n24_k12_cw3_053,q01,train,0.24,24,12,12,0.5,0.26,3,0.25,6.0,6.666666666666667,2.0,11.0,3.0,0.0,3.0,3.0,0,0,2,0,0,24,1,0,9,0,55430,exact_all,2,2,3,32,106,12926,exact,2,2,44,481,0.0576,0.013823999999999998,0.0033177599999999995,0.0007962623999999999,0.1152,0.041471999999999995,0.10616831999999998,0.08440381439999999,0.0004173913043478261,2.0490118577075095e-05,9.991372106154713e-06,1.9857852060982495e-06,0.1152,0.6082559999999999,1.5958425599999997,0.34724413439999996,0.2980611240643369,0.00044985858023715414,0.00044975742420218413,2.3192985599999996,1.199753483497811
code_n24_k12_cw3_053_q02,code_n24_k12_cw3_053,q02,train,0.3,24,12,12,0.5,0.19999999999999996,3,0.25,6.0,6.666666666666667,2.0,11.0,3.0,0.0,3.0,3.0,0,0,2,0,0,24,1,0,9,0,55430,exact_all,2,2,3,32,106,12926,exact,2,2,44,481,0.09,0.026999999999999996,0.0081,0.0024299999999999994,0.18,0.08099999999999999,0.2592,0.2575799999999999,0.0006521739130434782,4.001976284584979e-05,2.4392998306041782e-05,6.060135516657255e-06,0.18,1.1879999999999997,3.8960999999999997,0.7777799999999999,0.5753653949027806,0.0007226468097120271,0.0007223858262312514,5.264099999999999,1.8348349228011769
code_n24_k12_cw3_053_q03,code_n24_k12_cw3_053,q03,train,0.36,24,12,12,0.5,0.14,3,0.25,6.0,6.666666666666667,2.0,11.0,3.0,0.0,3.0,3.0,0,0,2,0,0,24,1,0,9,0,55430,exact_all,2,2,3,32,106,12926,exact,2,2,44,481,0.1296,0.046655999999999996,0.016796159999999997,0.006046617599999999,0.2592,0.13996799999999998,0.5374771199999999,0.6409414655999999,0.0009391304347826086,6.915415019762845e-05,5.0581321287408234e-05,1.5079556408808582e-05,0.2592,2.052864,8.078952959999999,1.5775865855999998,0.94685352920605,0.001073945462676454,0.0010733691957972823,10.391016959999998,2.432825058811408
code_n24_k12_cw3_054_q00,code_n24_k12_cw3_054,q00,train,0.18,24,12,12,0.5,0.32000000000000006,3,0.25,6.0,3.3333333333333335,3.0,8.0,3.0,0.0,3.0,3.0,0,0,0,0,1,24,3,0,8,0,55430,exact_all,2,3,2,22,89,12926,exact,2,3,66,702,0.0324,0.0058319999999999995,0.0010497599999999998,0.00018895679999999997,0.0972,0.011663999999999999,0.023094719999999996,0.016817155199999996,0.00035217391304347823,5.7628458498023705e-06,2.1734161490683228e-06,3.956605307735742e-07,0.0972,0.384912,0.7369315199999998,0.14877587519999996,0.13869691909131956,0.0003605058355731225,0.00036044086895780834,1.2190435199999998,0.7970762561961706
code_n24_k12_cw3_054_q01,code_n24_k12_cw3_054,q01,train,0.24,24,12,12,0.5,0.26,3,0.25,6.0,3.3333333333333335,3.0,8.0,3.0,0.0,3.0,3.0,0,0,0,0,1,24,3,0,8,0,55430,exact_all,2,3,2,22,89,12926,exact,2,3,66,702,0.0576,0.013823999999999998,0.0033177599999999995,0.0007962623999999999,0.1728,0.027647999999999995,0.07299071999999998,0.07086735359999999,0.0006260869565217391,1.3660079051383396e-05,6.869068322981366e-06,1.6673102202145676e-06,0.1728,0.9123839999999999,2.3290675199999997,0.3443060736,0.2958779495069918,0.0006482834141163183,0.0006480733691979978,3.4142515199999997,1.4848382885400666
code_n24_k12_cw3_054_q02,code_n24_k12_cw3_054,q02,train,0.3,24,12,12,0.5,0.19999999999999996,3,0.25,6.0,3.3333333333333335,3.0,8.0,3.0,0.0,3.0,3.0,0,0,0,0,1,24,3,0,8,0,55430,exact_all,2,3,2,22,89,12926,exact,2,3,66,702,0.09,0.026999999999999996,0.0081,0.0024299999999999994,0.27,0.05399999999999999,0.1782,0.21626999999999996,0.0009782608695652173,2.6679841897233196e-05,1.6770186335403728e-05,5.088226990400902e-06,0.27,1.7819999999999998,5.6861999999999995,0.7184699999999999,0.541434360070708,0.0010267991247882551,0.0010262723271463213,7.738199999999999,2.1677042188001505
code_n24_k12_cw3_054_q03,code_n24_k12_cw3_054,q03,train,0.36,24,12,12,0.5,0.14,3,0.25,6.0,3.3333333333333335,3.0,8.0,3.0,0.0,3.0,3.0,0,0,0,0,1,24,3,0,8,0,55430,exact_all,2,3,2,22,89,12926,exact,2,3,66,702,0.1296,0.046655999999999996,0.016796159999999997,0.006046617599999999,0.3888,0.09331199999999999,0.36951551999999993,0.5381489663999999,0.001408695652173913,4.6102766798418964e-05,3.4774658385093165e-05,1.2661136984754374e-05,0.3888,3.079296,11.790904319999997,1.3897764863999997,0.871199841235392,0.0015022342143421795,0.0015011069892876287,15.259000319999997,2.788646621294825
code_n24_k12_cw3_055_q00,code_n24_k12_cw3_055,q00,train,0.18,24,12,12,0.5,0.32000000000000006,3,0.25,6.0,5.833333333333333,1.0,9.0,3.0,0.0,3.0,3.0,1,0,0,0,1,24,1,0,9,0,55430,exact_all,2,3,0,19,120,12926,exact,2,3,66,697,0.0324,0.0058319999999999995,0.0010497599999999998,0.00018895679999999997,0.0972,0.0,0.01994544,0.022674815999999997,0.00035217391304347823,0.0,1.877041219649915e-06,5.334748729531337e-07,0.0972,0.384912,0.7316827199999999,0.13982025599999998,0.13087057979971667,0.0003545844291360813,0.0003545215789340848,1.2137947199999999,0.7947081109272434
code_n24_k12_cw3_055_q01,code_n24_k12_cw3_055,q01,train,0.24,24,12,12,0.5,0.26,3,0.25,6.0,5.833333333333333,1.0,9.0,3.0,0.0,3.0,3.0,1,0,0,0,1,24,1,0,9,0,55430,exact_all,2,3,0,19,120,12926,exact,2,3,66,697,0.0576,0.013823999999999998,0.0033177599999999995,0.0007962623999999999,0.1728,0.0,0.06303743999999999,0.09555148799999999,0.0006260869565217391,0.0,5.932377188029361e-06,2.24805872388481e-06,0.1728,0.9123839999999999,2.3124787199999997,0.33138892799999997,0.28622270409160305,0.0006342673924336533,0.0006340663298848878,3.3976627199999996,1.481073199787512
code_n24_k12_cw3_055_q02,code_n24_k12_cw3_055,q02,train,0.3,24,12,12,0.5,0.19999999999999996,3,0.25,6.0,5.833333333333333,1.0,9.0,3.0,0.0,3.0,3.0,1,0,0,0,1,24,1,0,9,0,55430,exact_all,2,3,0,19,120,12926,exact,2,3,66,697,0.09,0.026999999999999996,0.0081,0.0024299999999999994,0.27,0.0,0.15389999999999998,0.2915999999999999,0.0009782608695652173,0.0,1.4483342744212308e-05,6.86053077357425e-06,0.27,1.7819999999999998,5.6457,0.7154999999999999,0.5397045833163673,0.0009996047430830038,0.0009991054709506339,7.697699999999999,2.163058622893115
code_n24_k12_cw3_055_q03,code_n24_k12_cw3_055,q03,train,0.36,24,12,12,0.5,0.14,3,0.25,6.0,5.833333333333333,1.0,9.0,3.0,0.0,3.0,3.0,1,0,0,0,1,24,1,0,9,0,55430,exact_all,2,3,0,19,120,12926,exact,2,3,66,697,0.1296,0.046655999999999996,0.016796159999999997,0.006046617599999999,0.3888,0.0,0.31912704,0.7255941119999999,0.001408695652173913,0.0,3.003265951439864e-05,1.707119593450028e-05,0.3888,3.079296,11.706923519999998,1.433521152,0.8893392422609934,0.0014557995076228116,0.00145474085884864,15.175019519999998,2.783468047186854
code_n24_k12_cw3_056_q00,code_n24_k12_cw3_056,q00,train,0.18,24,12,12,0.5,0.32000000000000006,3,0.25,6.0,5.5,2.0,10.0,3.0,0.0,3.0,3.0,0,0,1,0,1,24,2,0,8,0,55430,exact_all,2,2,4,24,110,12926,exact,2,2,44,472,0.0324,0.0058319999999999995,0.0010497599999999998,0.00018895679999999997,0.0648,0.023327999999999998,0.025194239999999996,0.020785247999999996,0.00023478260869565215,1.1525691699604741e-05,2.370999435347261e-06,4.890186335403725e-07,0.0648,0.256608,0.49548671999999994,0.134107488,0.1258459874097147,0.0002491683184641445,0.0002491372811942439,0.81689472,0.5971288460732708
code_n24_k12_cw3_056_q01,code_n24_k12_cw3_056,q01,train,0.24,24,12,12,0.5,0.26,3,0.25,6.0,5.5,2.0,10.0,3.0,0.0,3.0,3.0,0,0,1,0,1,24,2,0,8,0,55430,exact_all,2,2,4,24,110,12926,exact,2,2,44,472,0.0576,0.013823999999999998,0.0033177599999999995,0.0007962623999999999,0.1152,0.05529599999999999,0.07962623999999999,0.08758886399999999,0.0004173913043478261,2.7320158102766792e-05,7.493529079616035e-06,2.0607204968944095e-06,0.1152,0.6082559999999999,1.5659827199999998,0.33771110399999993,0.2909600220997834,0.0004542657120271033,0.0004541625645949205,2.2894387199999997,1.1907169483994258
code_n24_k12_cw3_056_q02,code_n24_k12_cw3_056,q02,train,0.3,24,12,12,0.5,0.19999999999999996,3,0.25,6.0,5.5,2.0,10.0,3.0,0.0,3.0,3.0,0,0,1,0,1,24,2,0,8,0,55430,exact_all,2,2,4,24,110,12926,exact,2,2,44,472,0.09,0.026999999999999996,0.0081,0.0024299999999999994,0.18,0.10799999999999998,0.1944,0.2672999999999999,0.0006521739130434782,5.335968379446639e-05,1.8294748729531335e-05,6.288819875776396e-06,0.18,1.1879999999999997,3.8232,0.7496999999999998,0.559444344668437,0.0007301171654432524,0.000729850759569396,5.191199999999999,1.8231289289741122
code_n24_k12_cw3_056_q03,code_n24_k12_cw3_056,q03,train,0.36,24,12,12,0.5,0.14,3,0.25,6.0,5.5,2.0,10.0,3.0,0.0,3.0,3.0,0,0,1,0,1,24,2,0,8,0,55430,exact_all,2,2,4,24,110,12926,exact,2,2,44,472,0.1296,0.046655999999999996,0.016796159999999997,0.006046617599999999,0.2592,0.18662399999999998,0.40310783999999994,0.6651279359999999,0.0009391304347826086,9.220553359683793e-05,3.793599096555618e-05,1.564859627329192e-05,0.2592,2.052864,7.927787519999999,1.5140597759999999,0.9218988871327959,0.0010849205556182945,0.0010843324546357547,10.239851519999998,2.41946563441388
code_n24_k12_cw3_057_q00,code_n24_k12_cw3_057,q00,train,0.18,24,12,12,0.5,0.32000000000000006,3,0.25,6.0,3.1666666666666665,4.0,10.0,3.0,0.0,3.0,3.0,0,0,0,0,0,24,3,0,9,0,55430,exact_all,2,3,0,16,68,12926,exact,2,3,66,693,0.0324,0.0058319999999999995,0.0010497599999999998,0.00018895679999999997,0.0972,0.0,0.016796159999999997,0.012849062399999998,0.00035217391304347823,0.0,1.5806662902315073e-06,3.023024280067758e-07,0.0972,0.384912,0.7274836799999999,0.12684522239999999,0.11942188969008245,0.00035405688176171654,0.000353994218414445,1.2095956799999998,0.792809548565983
code_n24_k12_cw3_057_q01,code_n24_k12_cw3_057,q01,train,0.24,24,12,12,0.5,0.26,3,0.25,6.0,3.1666666666666665,4.0,10.0,3.0,0.0,3.0,3.0,0,0,0,0,0,24,3,0,9,0,55430,exact_all,2,3,0,16,68,12926,exact,2,3,66,693,0.0576,0.013823999999999998,0.0033177599999999995,0.0007962623999999999,0.1728,0.0,0.05308415999999999,0.05414584319999999,0.0006260869565217391,0.0,4.9956860530773566e-06,1.2738999435347259e-06,0.1728,0.9123839999999999,2.2992076799999994,0.2800300032,0.2468835176568133,0.0006323565425183511,0.0006321566893677782,3.3843916799999993,1.4780508887205537
code_n24_k12_cw3_057_q02,code_n24_k12_cw3_057,q02,train,0.3,24,12,12,0.5,0.19999999999999996,3,0.25,6.0,3.1666666666666665,4.0,10.0,3.0,0.0,3.0,3.0,0,0,0,0,0,24,3,0,9,0,55430,exact_all,2,3,0,16,68,12926,exact,2,3,66,693,0.09,0.026999999999999996,0.0081,0.0024299999999999994,0.27,0.0,0.1296,0.16523999999999997,0.0009782608695652173,0.0,1.2196499153020891e-05,3.887634105025409e-06,0.27,1.7819999999999998,5.6133,0.56484,0.4477835823438921,0.0009943450028232635,0.000993850969297,7.665299999999999,2.159326544610941
code_n24_k12_cw3_057_q03,code_n24_k12_cw3_057,q03,train,0.36,24,12,12,0.5,0.14,3,0.25,6.0,3.1666666666666665,4.0,10.0,3.0,0.0,3.0,3.0,0,0,0,0,0,24,3,0,9,0,55430,exact_all,2,3,0,16,68,12926,exact,2,3,66,693,0.1296,0.046655999999999996,0.016796159999999997,0.006046617599999999,0.3888,0.0,0.26873855999999996,0.41116999679999994,0.001408695652173913,0.0,2.5290660643704117e-05,9.673677696216826e-06,0.3888,3.079296,11.639738879999998,1.0687085567999999,0.726924526975806,0.0014436599905138338,0.0014426189152817188,15.107834879999997,2.779305792129615
code_n24_k12_cw3_058_q00,code_n24_k12_cw3_058,q00,test,0.18,24,12,12,0.5,0.32000000000000006,3,0.25,6.0,5.0,1.0,10.0,3.0,0.0,3.0,3.0,1,0,0,0,0,24,1,0,10,0,55430,exact_all,2,1,3,23,117,12926,exact,2,1,22,240,0.0324,0.0058319999999999995,0.0010497599999999998,0.00018895679999999997,0.0324,0.017495999999999998,0.024144479999999996,0.022107945599999998,0.00011739130434782608,8.644268774703556e-06,2.272207792207792e-06,5.201380011293054e-07,0.0324,0.128304,0.25194239999999996,0.09614842559999999,0.09180260417422924,0.00012882791891586672,0.00012881962131215498,0.41264639999999997,0.34546482468528067
code_n24_k12_cw3_058_q01,code_n24_k12_cw3_058,q01,test,0.24,24,12,12,0.5,0.26,3,0.25,6.0,5.0,1.0,10.0,3.0,0.0,3.0,3.0,1,0,0,0,0,24,1,0,10,0,55430,exact_all,2,1,3,23,117,12926,exact,2,1,22,240,0.0576,0.013823999999999998,0.0033177599999999995,0.0007962623999999999,0.0576,0.041471999999999995,0.07630847999999998,0.09316270079999998,0.00020869565217391305,2.0490118577075095e-05,7.1812987012987e-06,2.1918572557876904e-06,0.0576,0.30412799999999995,0.7962623999999998,0.26854318079999995,0.23786914031345602,0.00023855892670807455,0.00023853047605200054,1.1579903999999996,0.7691774182625631
code_n24_k12_cw3_058_q02,code_n24_k12_cw3_058,q02,test,0.3,24,12,12,0.5,0.19999999999999996,3,0.25,6.0,5.0,1.0,10.0,3.0,0.0,3.0,3.0,1,0,0,0,0,24,1,0,10,0,55430,exact_all,2,1,3,23,117,12926,exact,2,1,22,240,0.09,0.026999999999999996,0.0081,0.0024299999999999994,0.09,0.08099999999999999,0.1863,0.28430999999999995,0.0003260869565217391,4.001976284584979e-05,1.753246753246753e-05,6.689017504234894e-06,0.09,0.5939999999999999,1.944,0.6416099999999999,0.4956774675936932,0.0003903282044042913,0.0003902520461678752,2.6279999999999997,1.2886815322528902
code_n24_k12_cw3_058_q03,code_n24_k12_cw3_058,q03,test,0.36,24,12,12,0.5,0.14,3,0.25,6.0,5.0,1.0,10.0,3.0,0.0,3.0,3.0,1,0,0,0,0,24,1,0,10,0,55430,exact_all,2,1,3,23,117,12926,exact,2,1,22,240,0.1296,0.046655999999999996,0.016796159999999997,0.006046617599999999,0.1296,0.13996799999999998,0.38631167999999994,0.7074542591999999,0.0004695652173913043,6.915415019762845e-05,3.635532467532467e-05,1.6644416036137773e-05,0.1296,1.026432,4.031078399999999,1.3633339392,0.8600733082369655,0.0005917191083003951,0.0005915441115780313,5.187110399999999,1.8224681602558228
code_n24_k12_cw3_059_q00,code_n24_k12_cw3_059,q00,test,0.18,24,12,12,0.5,0.32000000000000006,3,0.25,6.0,2.5,2.0,8.0,3.0,0.0,3.0,3.0,0,0,1,0,0,24,1,0,10,0,55430,exact_all,2,2,0,9,67,12926,exact,2,2,44,466,0.0324,0.0058319999999999995,0.0010497599999999998,0.00018895679999999997,0.0648,0.0,0.009447839999999999,0.012660105599999999,0.00023478260869565215,0.0,8.89124788255223e-07,2.978568040654997e-07,0.0648,0.256608,0.4891881599999999,0.0869079456,0.0833369178924211,0.0002359695902879729,0.0002359417538431528,0.81059616,0.5936561612130348
code_n24_k12_cw3_059_q01,code_n24_k12_cw3_059,q01,test,0.24,24,12,12,0.5,0.26,3,0.25,6.0,2.5,2.0,8.0,3.0,0.0,3.0,3.0,0,0,1,0,0,24,1,0,10,0,55430,exact_all,2,2,0,9,67,12926,exact,2,2,44,466,0.0576,0.013823999999999998,0.0033177599999999995,0.0007962623999999999,0.1152,0.0,0.029859839999999995,0.05334958079999999,0.0004173913043478261,0.0,2.8100734048560133e-06,1.2551661208356859e-06,0.1152,0.6082559999999999,1.5460761599999997,0.19840942079999999,0.1809951948981169,0.0004214565438735178,0.00042136775601027225,2.26953216,1.1846469043372336
code_n24_k12_cw3_059_q02,code_n24_k12_cw3_059,q02,test,0.3,24,12,12,0.5,0.19999999999999996,3,0.25,6.0,2.5,2.0,8.0,3.0,0.0,3.0,3.0,0,0,1,0,0,24,1,0,10,0,55430,exact_all,2,2,0,9,67,12926,exact,2,2,44,466,0.09,0.026999999999999996,0.0081,0.0024299999999999994,0.18,0.0,0.07289999999999999,0.16280999999999995,0.0006521739130434782,0.0,6.860530773574252e-06,3.830463015245623e-06,0.18,1.1879999999999997,3.7746,0.41570999999999997,0.34763117203679433,0.000662864906832298,0.0006626453089270812,5.1426,1.8152481052969591
code_n24_k12_cw3_059_q03,code_n24_k12_cw3_059,q03,test,0.36,24,12,12,0.5,0.14,3,0.25,6.0,2.5,2.0,8.0,3.0,0.0,3.0,3.0,0,0,1,0,0,24,1,0,10,0,55430,exact_all,2,2,0,9,67,12926,exact,2,2,44,466,0.1296,0.046655999999999996,0.016796159999999997,0.006046617599999999,0.2592,0.0,0.15116543999999998,0.40512337919999997,0.0009391304347826086,0.0,1.4225996612083568e-05,9.53141773009599e-06,0.2592,2.052864,7.827010559999999,0.8154888191999999,0.596354753329467,0.0009628878491247881,0.0009624245699865102,10.13907456,2.410459157439717
code_n24_k12_cw3_060_q00,code_n24_k12_cw3_060,q00,test,0.18,24,12,12,0.5,0.32000000000000006,3,0.25,6.0,2.8333333333333335,3.0,10.0,3.0,0.0,3.0,3.0,0,0,0,0,1,24,1,0,10,0,55430,exact_all,2,1,3,7,60,12926,exact,2,1,22,236,0.0324,0.0058319999999999995,0.0010497599999999998,0.00018895679999999997,0.0324,0.017495999999999998,0.0073483199999999985,0.011337407999999998,0.00011739130434782608,8.644268774703556e-06,6.915415019762845e-07,2.6673743647656687e-07,0.0324,0.128304,0.24774335999999997,0.068581728,0.0663322813872963,0.00012699385206098248,0.000126985789024382,0.40844736,0.34248793454395704
code_n24_k12_cw3_060_q01,code_n24_k12_cw3_060,q01,test,0.24,24,12,12,0.5,0.26,3,0.25,6.0,2.8333333333333335,3.0,10.0,3.0,0.0,3.0,3.0,0,0,0,0,1,24,1,0,10,0,55430,exact_all,2,1,3,7,60,12926,exact,2,1,22,236,0.0576,0.013823999999999998,0.0033177599999999995,0.0007962623999999999,0.0576,0.041471999999999995,0.023224319999999996,0.047775743999999995,0.00020869565217391305,2.0490118577075095e-05,2.1856126482213437e-06,1.124029361942405e-06,0.0576,0.30412799999999995,0.7829913599999999,0.17007206399999997,0.15706534007527695,0.00023249541276115188,0.00023246838989105547,1.1447193599999999,0.7630087093215661
code_n24_k12_cw3_060_q02,code_n24_k12_cw3_060,q02,test,0.3,24,12,12,0.5,0.19999999999999996,3,0.25,6.0,2.8333333333333335,3.0,10.0,3.0,0.0,3.0,3.0,0,0,0,0,1,24,1,0,10,0,55430,exact_all,2,1,3,7,60,12926,exact,2,1,22,236,0.09,0.026999999999999996,0.0081,0.0024299999999999994,0.09,0.08099999999999999,0.0567,0.14579999999999996,0.0003260869565217391,4.001976284584979e-05,5.3359683794466405e-06,3.430265386787125e-06,0.09,0.5939999999999999,1.9116,0.37349999999999994,0.31736222655319146,0.0003748729531338226,0.0003748027058236564,2.5955999999999997,1.2797108757171072
code_n24_k12_cw3_060_q03,code_n24_k12_cw3_060,q03,test,0.36,24,12,12,0.5,0.14,3,0.25,6.0,2.8333333333333335,3.0,10.0,3.0,0.0,3.0,3.0,0,0,0,0,1,24,1,0,10,0,55430,exact_all,2,1,3,7,60,12926,exact,2,1,22,236,0.1296,0.046655999999999996,0.016796159999999997,0.006046617599999999,0.1296,0.13996799999999998,0.11757311999999998,0.36279705599999995,0.0004695652173913043,6.915415019762845e-05,1.1064664031620552e-05,8.53559796725014e-06,0.1296,1.026432,3.9638937599999995,0.7499381759999999,0.5595804593113741,0.0005583196295878034,0.0005581638271724124,5.119925759999999,1.8115499657317025
code_n24_k12_cw3_061_q00,code_n24_k12_cw3_061,q00,validation,0.18,24,12,12,0.5,0.32000000000000006,3,0.25,6.0,2.1666666666666665,4.0,9.0,3.0,0.0,3.0,3.0,0,0,0,0,0,24,2,0,10,0,55430,exact_all,2,1,1,16,54,12926,exact,2,1,22,242,0.0324,0.0058319999999999995,0.0010497599999999998,0.00018895679999999997,0.0324,0.0058319999999999995,0.016796159999999997,0.010203667199999999,0.00011739130434782608,2.8814229249011852e-06,1.5806662902315073e-06,2.400636928289102e-07,0.0324,0.128304,0.25404192,0.0652318272,0.06319245359500932,0.0001220934572557877,0.00012208600445625455,0.41474592,0.34694995313458826
code_n24_k12_cw3_061_q01,code_n24_k12_cw3_061,q01,validation,0.24,24,12,12,0.5,0.26,3,0.25,6.0,2.1666666666666665,4.0,9.0,3.0,0.0,3.0,3.0,0,0,0,0,0,24,2,0,10,0,55430,exact_all,2,1,1,16,54,12926,exact,2,1,22,242,0.0576,0.013823999999999998,0.0033177599999999995,0.0007962623999999999,0.0576,0.013823999999999998,0.05308415999999999,0.04299816959999999,0.00020869565217391305,6.830039525691698e-06,4.9956860530773566e-06,1.0116264257481647e-06,0.0576,0.30412799999999995,0.8028979199999998,0.16750632959999998,0.15487013204514838,0.00022153300417843027,0.00022150846936590704,1.1646259199999998,0.7722475613059678
code_n24_k12_cw3_061_q02,code_n24_k12_cw3_061,q02,validation,0.3,24,12,12,0.5,0.19999999999999996,3,0.25,6.0,2.1666666666666665,4.0,9.0,3.0,0.0,3.0,3.0,0,0,0,0,0,24,2,0,10,0,55430,exact_all,2,1,1,16,54,12926,exact,2,1,22,242,0.09,0.026999999999999996,0.0081,0.0024299999999999994,0.09,0.026999999999999996,0.1296,0.13121999999999998,0.0003260869565217391,1.3339920948616598e-05,1.2196499153020891e-05,3.0872388481084123e-06,0.09,0.5939999999999999,1.9602,0.37781999999999993,0.32050253996650874,0.000354710615471485,0.0003546477205336828,2.6441999999999997,1.2931368626336412
code_n24_k12_cw3_061_q03,code_n24_k12_cw3_061,q03,validation,0.36,24,12,12,0.5,0.14,3,0.25,6.0,2.1666666666666665,4.0,9.0,3.0,0.0,3.0,3.0,0,0,0,0,0,24,2,0,10,0,55430,exact_all,2,1,1,16,54,12926,exact,2,1,22,242,0.1296,0.046655999999999996,0.016796159999999997,0.006046617599999999,0.1296,0.046655999999999996,0.26873855999999996,0.32651735039999996,0.0004695652173913043,2.3051383399209482e-05,2.5290660643704117e-05,7.682038170525126e-06,0.1296,1.026432,4.06467072,0.7715119103999999,0.5718333686425887,0.000525589299604743,0.0005254512259267269,5.220702719999999,1.8278828778615732
code_n24_k12_cw3_062_q00,code_n24_k12_cw3_062,q00,train,0.18,24,12,12,0.5,0.32000000000000006,3,0.25,6.0,2.8333333333333335,3.0,8.0,3.0,0.0,3.0,3.0,0,0,0,0,1,24,2,0,9,0,55430,exact_all,2,2,3,13,67,12926,exact,2,2,44,468,0.0324,0.0058319999999999995,0.0010497599999999998,0.00018895679999999997,0.0648,0.017495999999999998,0.013646879999999998,0.012660105599999999,0.00023478260869565215,8.644268774703556e-06,1.2842913608130997e-06,2.978568040654997e-07,0.0648,0.256608,0.49128767999999995,0.1086029856,0.10310065112640661,0.0002450090256352343,0.0002449790158255957,0.81269568,0.5948150632985929
code_n24_k12_cw3_062_q01,code_n24_k12_cw3_062,q01,train,0.24,24,12,12,0.5,0.26,3,0.25,6.0,2.8333333333333335,3.0,8.0,3.0,0.0,3.0,3.0,0,0,0,0,1,24,2,0,9,0,55430,exact_all,2,2,3,13,67,12926,exact,2,2,44,468,0.0576,0.013823999999999998,0.0033177599999999995,0.0007962623999999999,0.1152,0.041471999999999995,0.043130879999999996,0.05334958079999999,0.0004173913043478261,2.0490118577075095e-05,4.058994918125352e-06,1.2551661208356859e-06,0.1152,0.6082559999999999,1.5527116799999998,0.2531524608,0.22566234512805353,0.00044319558396386225,0.0004430974018092335,2.2761676799999995,1.1866743490521319
code_n24_k12_cw3_062_q02,code_n24_k12_cw3_062,q02,train,0.3,24,12,12,0.5,0.19999999999999996,3,0.25,6.0,2.8333333333333335,3.0,8.0,3.0,0.0,3.0,3.0,0,0,0,0,1,24,2,0,9,0,55430,exact_all,2,2,3,13,67,12926,exact,2,2,44,468,0.09,0.026999999999999996,0.0081,0.0024299999999999994,0.18,0.08099999999999999,0.10529999999999999,0.16280999999999995,0.0006521739130434782,4.001976284584979e-05,9.909655561829474e-06,3.830463015245623e-06,0.18,1.1879999999999997,3.7908,0.52911,0.42468586680523474,0.0007059337944664031,0.0007056847404088762,5.158799999999999,1.8178819533736266
code_n24_k12_cw3_062_q03,code_n24_k12_cw3_062,q03,train,0.36,24,12,12,0.5,0.14,3,0.25,6.0,2.8333333333333335,3.0,8.0,3.0,0.0,3.0,3.0,0,0,0,0,1,24,2,0,9,0,55430,exact_all,2,2,3,13,67,12926,exact,2,2,44,468,0.1296,0.046655999999999996,0.016796159999999997,0.006046617599999999,0.2592,0.13996799999999998,0.21835007999999997,0.40512337919999997,0.0009391304347826086,6.915415019762845e-05,2.0548661773009595e-05,9.53141773009599e-06,0.2592,2.052864,7.860602879999999,1.0226414592,0.7044043102487585,0.0010383646644833429,0.0010378259367933985,10.17266688,2.4134703383887897
code_n24_k12_cw3_063_q00,code_n24_k12_cw3_063,q00,test,0.18,24,12,12,0.5,0.32000000000000006,3,0.25,6.0,2.6666666666666665,4.0,9.0,3.0,0.0,3.0,3.0,0,0,0,0,0,24,3,0,9,0,55430,exact_all,2,2,0,12,67,12926,exact,2,2,44,469,0.0324,0.0058319999999999995,0.0010497599999999998,0.00018895679999999997,0.0648,0.0,0.012597119999999998,0.012660105599999999,0.00023478260869565215,0.0,1.1854997176736305e-06,2.978568040654997e-07,0.0648,0.256608,0.4923374399999999,0.0900572256,0.08623019541340537,0.0002362659652173913,0.00023623805880970095,0.8137454399999999,0.5953940110849126
code_n24_k12_cw3_063_q01,code_n24_k12_cw3_063,q01,test,0.24,24,12,12,0.5,0.26,3,0.25,6.0,2.6666666666666665,4.0,9.0,3.0,0.0,3.0,3.0,0,0,0,0,0,24,3,0,9,0,55430,exact_all,2,2,0,12,67,12926,exact,2,2,44,469,0.0576,0.013823999999999998,0.0033177599999999995,0.0007962623999999999,0.1152,0.0,0.039813119999999994,0.05334958079999999,0.0004173913043478261,0.0,3.7467645398080174e-06,1.2551661208356859e-06,0.1152,0.6082559999999999,1.5560294399999997,0.2083627008,0.18926630345353312,0.00042239323500846984,0.0004223040520986008,2.2794854399999993,1.1876865320406234
code_n24_k12_cw3_063_q02,code_n24_k12_cw3_063,q02,test,0.3,24,12,12,0.5,0.19999999999999996,3,0.25,6.0,2.6666666666666665,4.0,9.0,3.0,0.0,3.0,3.0,0,0,0,0,0,24,3,0,9,0,55430,exact_all,2,2,0,12,67,12926,exact,2,2,44,469,0.09,0.026999999999999996,0.0081,0.0024299999999999994,0.18,0.0,0.0972,0.16280999999999995,0.0006521739130434782,0.0,9.147374364765667e-06,3.830463015245623e-06,0.18,1.1879999999999997,3.7988999999999997,0.44000999999999996,0.36465005800824113,0.0006651517504234895,0.0006649306350426993,5.166899999999999,1.8191962805381743
code_n24_k12_cw3_063_q03,code_n24_k12_cw3_063,q03,test,0.36,24,12,12,0.5,0.14,3,0.25,6.0,2.6666666666666665,4.0,9.0,3.0,0.0,3.0,3.0,0,0,0,0,0,24,3,0,9,0,55430,exact_all,2,2,0,12,67,12926,exact,2,2,44,469,0.1296,0.046655999999999996,0.016796159999999997,0.006046617599999999,0.2592,0.0,0.20155391999999997,0.40512337919999997,0.0009391304347826086,0.0,1.896799548277809e-05,9.53141773009599e-06,0.2592,2.052864,7.8773990399999985,0.8658772991999999,0.6237313442073936,0.0009676298479954827,0.0009671619960148203,10.189463039999998,2.4149725354709637
code_n24_k12_cw3_064_q00,code_n24_k12_cw3_064,q00,train,0.18,24,12,12,0.5,0.32000000000000006,3,0.25,6.0,3.8333333333333335,1.0,9.0,3.0,0.0,3.0,3.0,1,0,0,0,0,24,1,0,10,0,55430,exact_all,2,1,3,19,106,12926,exact,2,1,22,244,0.0324,0.0058319999999999995,0.0010497599999999998,0.00018895679999999997,0.0324,0.017495999999999998,0.01994544,0.020029420799999996,0.00011739130434782608,8.644268774703556e-06,1.877041219649915e-06,4.712361377752682e-07,0.0324,0.128304,0.25614143999999994,0.08987086079999998,0.08605921289190228,0.0001283838504799548,0.00012837560997871342,0.41684543999999996,0.3484328792477328
code_n24_k12_cw3_064_q01,code_n24_k12_cw3_064,q01,train,0.24,24,12,12,0.5,0.26,3,0.25,6.0,3.8333333333333335,1.0,9.0,3.0,0.0,3.0,3.0,1,0,0,0,0,24,1,0,10,0,55430,exact_all,2,1,3,19,106,12926,exact,2,1,22,244,0.0576,0.013823999999999998,0.0033177599999999995,0.0007962623999999999,0.0576,0.041471999999999995,0.06303743999999999,0.08440381439999999,0.00020869565217391305,2.0490118577075095e-05,5.932377188029361e-06,1.9857852060982495e-06,0.0576,0.30412799999999995,0.8095334399999998,0.2465132544,0.22035025721816348,0.00023710393314511577,0.00023707582844996073,1.1712614399999999,0.7753083074136438
code_n24_k12_cw3_064_q02,code_n24_k12_cw3_064,q02,train,0.3,24,12,12,0.5,0.19999999999999996,3,0.25,6.0,3.8333333333333335,1.0,9.0,3.0,0.0,3.0,3.0,1,0,0,0,0,24,1,0,10,0,55430,exact_all,2,1,3,19,106,12926,exact,2,1,22,244,0.09,0.026999999999999996,0.0081,0.0024299999999999994,0.09,0.08099999999999999,0.15389999999999998,0.2575799999999999,0.0003260869565217391,4.001976284584979e-05,1.4483342744212308e-05,6.060135516657255e-06,0.09,0.5939999999999999,1.9764,0.5824799999999999,0.4589932367256833,0.00038665019762845846,0.00038657546770306844,2.6603999999999997,1.297572431059086
code_n24_k12_cw3_064_q03,code_n24_k12_cw3_064,q03,train,0.36,24,12,12,0.5,0.14,3,0.25,6.0,3.8333333333333335,1.0,9.0,3.0,0.0,3.0,3.0,1,0,0,0,0,24,1,0,10,0,55430,exact_all,2,1,3,19,106,12926,exact,2,1,22,244,0.1296,0.046655999999999996,0.016796159999999997,0.006046617599999999,0.1296,0.13996799999999998,0.31912704,0.6409414655999999,0.0004695652173913043,6.915415019762845e-05,3.003265951439864e-05,1.5079556408808582e-05,0.1296,1.026432,4.098263039999999,1.2296365055999998,0.8018385702126677,0.0005838315835121399,0.0005836612201589658,5.254295039999999,1.8332684341301144
code_n24_k12_cw3_065_q00,code_n24_k12_cw3_065,q00,train,0.18,24,12,12,0.5,0.32000000000000006,3,0.25,6.0,6.333333333333333,1.0,10.0,3.0,0.0,3.0,3.0,1,0,0,0,0,24,3,0,8,0,55430,exact_all,2,1,4,25,160,12926,exact,2,1,22,244,0.0324,0.0058319999999999995,0.0010497599999999998,0.00018895679999999997,0.0324,0.023327999999999998,0.026243999999999996,0.030233087999999995,0.00011739130434782608,1.1525691699604741e-05,2.4697910784867306e-06,7.112998306041783e-07,0.0324,0.128304,0.25614143999999994,0.11220508799999998,0.10634461047764011,0.00013209808695652172,0.00013208936277252315,0.41684543999999996,0.3484328792477328
code_n24_k12_cw3_065_q01,code_n24_k12_cw3_065,q01,train,0.24,24,12,12,0.5,0.26,3,0.25,6.0,6.333333333333333,1.0,10.0,3.0,0.0,3.0,3.0,1,0,0,0,0,24,3,0,8,0,55430,exact_all,2,1,4,25,160,12926,exact,2,1,22,244,0.0576,0.013823999999999998,0.0033177599999999995,0.0007962623999999999,0.0576,0.05529599999999999,0.08294399999999999,0.12740198399999997,0.00020869565217391305,2.7320158102766792e-05,7.80575945793337e-06,2.997411631846414e-06,0.0576,0.30412799999999995,0.8095334399999998,0.3232419839999999,0.2800847739254064,0.0002468189813664596,0.0002467885265727893,1.1712614399999999,0.7753083074136438
code_n24_k12_cw3_065_q02,code_n24_k12_cw3_065,q02,train,0.3,24,12,12,0.5,0.19999999999999996,3,0.25,6.0,6.333333333333333,1.0,10.0,3.0,0.0,3.0,3.0,1,0,0,0,0,24,3,0,8,0,55430,exact_all,2,1,4,25,160,12926,exact,2,1,22,244,0.09,0.026999999999999996,0.0081,0.0024299999999999994,0.09,0.10799999999999998,0.20249999999999999,0.3887999999999999,0.0003260869565217391,5.335968379446639e-05,1.9057029926595145e-05,9.147374364765667e-06,0.09,0.5939999999999999,1.9764,0.7892999999999999,0.581824481915679,0.00040765104460756637,0.0004075679774946451,2.6603999999999997,1.297572431059086
code_n24_k12_cw3_065_q03,code_n24_k12_cw3_065,q03,train,0.36,24,12,12,0.5,0.14,3,0.25,6.0,6.333333333333333,1.0,10.0,3.0,0.0,3.0,3.0,1,0,0,0,0,24,3,0,8,0,55430,exact_all,2,1,4,25,160,12926,exact,2,1,22,244,0.1296,0.046655999999999996,0.016796159999999997,0.006046617599999999,0.1296,0.18662399999999998,0.41990399999999994,0.9674588159999998,0.0004695652173913043,9.220553359683793e-05,3.951665725578769e-05,2.2761594579333706e-05,0.1296,1.026432,4.098263039999999,1.7035868159999996,0.9945793417711569,0.0006240490028232637,0.0006238543652156949,5.254295039999999,1.8332684341301144
code_n24_k12_cw3_066_q00,code_n24_k12_cw3_066,q00,train,0.18,24,12,12,0.5,0.32000000000000006,3,0.25,6.0,1.8333333333333333,4.0,8.0,3.0,0.0,3.0,3.0,0,0,0,0,0,24,2,0,10,0,55430,exact_all,2,1,2,8,63,12926,exact,2,1,22,235,0.0324,0.0058319999999999995,0.0010497599999999998,0.00018895679999999997,0.0324,0.011663999999999999,0.008398079999999999,0.011904278399999997,0.00011739130434782608,5.7628458498023705e-06,7.903331451157537e-07,2.800743083003952e-07,0.0324,0.128304,0.24669359999999996,0.06436635839999999,0.06237965345881518,0.0001242245576510446,0.00012421684241962366,0.40739759999999997,0.3417423252767245
code_n24_k12_cw3_066_q01,code_n24_k12_cw3_066,q01,train,0.24,24,12,12,0.5,0.26,3,0.25,6.0,1.8333333333333333,4.0,8.0,3.0,0.0,3.0,3.0,0,0,0,0,0,24,2,0,10,0,55430,exact_all,2,1,2,8,63,12926,exact,2,1,22,235,0.0576,0.013823999999999998,0.0033177599999999995,0.0007962623999999999,0.0576,0.027647999999999995,0.026542079999999996,0.050164531199999994,0.00020869565217391305,1.3660079051383396e-05,2.4978430265386783e-06,1.1802308300395255e-06,0.0576,0.30412799999999995,0.7796735999999999,0.1619546112,0.1501035967373895,0.00022603380508187464,0.0002260082632901545,1.1414015999999998,0.7614605679164989
code_n24_k12_cw3_066_q02,code_n24_k12_cw3_066,q02,train,0.3,24,12,12,0.5,0.19999999999999996,3,0.25,6.0,1.8333333333333333,4.0,8.0,3.0,0.0,3.0,3.0,0,0,0,0,0,24,2,0,10,0,55430,exact_all,2,1,2,8,63,12926,exact,2,1,22,235,0.09,0.026999999999999996,0.0081,0.0024299999999999994,0.09,0.05399999999999999,0.0648,0.15308999999999998,0.0003260869565217391,2.6679841897233196e-05,6.0982495765104455e-06,3.601778656126481e-06,0.09,0.5939999999999999,1.9035,0.36188999999999993,0.30887344088280055,0.00036246682665160923,0.0003624011514209801,2.5875,1.2774555810857395
code_n24_k12_cw3_066_q03,code_n24_k12_cw3_066,q03,train,0.36,24,12,12,0.5,0.14,3,0.25,6.0,1.8333333333333333,4.0,8.0,3.0,0.0,3.0,3.0,0,0,0,0,0,24,2,0,10,0,55430,exact_all,2,1,2,8,63,12926,exact,2,1,22,235,0.1296,0.046655999999999996,0.016796159999999997,0.006046617599999999,0.1296,0.09331199999999999,0.13436927999999998,0.3809369087999999,0.0004695652173913043,4.6102766798418964e-05,1.2645330321852058e-05,8.962377865612647e-06,0.1296,1.026432,3.9470975999999993,0.7382181887999999,0.5528605591247984,0.000537275692377188,0.0005371314114691483,5.103129599999999,1.8088016887948601
code_n24_k12_cw3_067_q00,code_n24_k12_cw3_067,q00,validation,0.18,24,12,12,0.5,0.32000000000000006,3,0.25,6.0,5.5,3.0,10.0,3.0,0.0,3.0,3.0,0,0,0,0,2,24,1,0,9,0,55430,exact_all,3,0,3,14,104,12926,exact,4,0,0,9,0.0324,0.0058319999999999995,0.0010497599999999998,0.00018895679999999997,0.0,0.017495999999999998,0.014696639999999997,0.019651507199999998,0.0,8.644268774703556e-06,1.383083003952569e-06,4.623448898927159e-07,0.0,0.0,0.009447839999999999,0.051844147199999996,0.050544954290934044,1.048969666854884e-05,1.048964165206548e-05,0.009447839999999999,0.009403488292718807
code_n24_k12_cw3_067_q01,code_n24_k12_cw3_067,q01,validation,0.24,24,12,12,0.5,0.26,3,0.25,6.0,5.5,3.0,10.0,3.0,0.0,3.0,3.0,0,0,0,0,2,24,1,0,9,0,55430,exact_all,3,0,3,14,104,12926,exact,4,0,0,9,0.0576,0.013823999999999998,0.0033177599999999995,0.0007962623999999999,0.0,0.041471999999999995,0.04644863999999999,0.08281128959999999,0.0,2.0490118577075095e-05,4.371225296442687e-06,1.948317560700169e-06,0.0,0.0,0.029859839999999995,0.1707319296,0.15762913407023177,2.680966143421795e-05,2.6809302061667932e-05,0.029859839999999995,0.029422715312235354
code_n24_k12_cw3_067_q02,code_n24_k12_cw3_067,q02,validation,0.3,24,12,12,0.5,0.19999999999999996,3,0.25,6.0,5.5,3.0,10.0,3.0,0.0,3.0,3.0,0,0,0,0,2,24,1,0,9,0,55430,exact_all,3,0,3,14,104,12926,exact,4,0,0,9,0.09,0.026999999999999996,0.0081,0.0024299999999999994,0.0,0.08099999999999999,0.1134,0.25271999999999994,0.0,4.001976284584979e-05,1.0671936758893281e-05,5.945793337097684e-06,0.0,0.0,0.07289999999999999,0.44711999999999996,0.36957537441124244,5.6637492941840755e-05,5.6635889099595504e-05,0.07289999999999999,0.07036526266056348
code_n24_k12_cw3_067_q03,code_n24_k12_cw3_067,q03,validation,0.36,24,12,12,0.5,0.14,3,0.25,6.0,5.5,3.0,10.0,3.0,0.0,3.0,3.0,0,0,0,0,2,24,1,0,9,0,55430,exact_all,3,0,3,14,104,12926,exact,4,0,0,9,0.1296,0.046655999999999996,0.016796159999999997,0.006046617599999999,0.0,0.13996799999999998,0.23514623999999995,0.6288482303999999,0.0,6.915415019762845e-05,2.2129328063241104e-05,1.479503647656691e-05,0.0,0.0,0.15116543999999998,1.0039624703999999,0.69512645570195,0.00010607851473743645,0.00010607288880964853,0.15116543999999998,0.14077485529257536
code_n24_k12_cw3_068_q00,code_n24_k12_cw3_068,q00,train,0.18,24,12,12,0.5,0.32000000000000006,3,0.25,6.0,3.6666666666666665,2.0,9.0,3.0,0.0,3.0,3.0,0,0,1,0,0,24,0,0,11,0,55430,exact_all,2,2,0,15,74,12926,exact,2,2,44,469,0.0324,0.0058319999999999995,0.0010497599999999998,0.00018895679999999997,0.0648,0.0,0.015746399999999997,0.013982803199999998,0.00023478260869565215,0.0,1.4818746470920382e-06,3.289761716544325e-07,0.0648,0.256608,0.4923374399999999,0.0945292032,0.09032431939732727,0.00023659345951439862,0.00023656547569562812,0.8137454399999999,0.5953940110849126
code_n24_k12_cw3_068_q01,code_n24_k12_cw3_068,q01,train,0.24,24,12,12,0.5,0.26,3,0.25,6.0,3.6666666666666665,2.0,9.0,3.0,0.0,3.0,3.0,0,0,1,0,0,24,0,0,11,0,55430,exact_all,2,2,0,15,74,12926,exact,2,2,44,469,0.0576,0.013823999999999998,0.0033177599999999995,0.0007962623999999999,0.1152,0.0,0.04976639999999999,0.05892341759999999,0.0004173913043478261,0.0,4.6834556747600216e-06,1.3863028797289664e-06,0.1152,0.6082559999999999,1.5560294399999997,0.22388981759999999,0.20203416173759034,0.0004234610629023151,0.0004233714285699583,2.2794854399999993,1.1876865320406234
code_n24_k12_cw3_068_q02,code_n24_k12_cw3_068,q02,train,0.3,24,12,12,0.5,0.19999999999999996,3,0.25,6.0,3.6666666666666665,2.0,9.0,3.0,0.0,3.0,3.0,0,0,1,0,0,24,0,0,11,0,55430,exact_all,2,2,0,15,74,12926,exact,2,2,44,469,0.09,0.026999999999999996,0.0081,0.0024299999999999994,0.18,0.0,0.1215,0.17981999999999995,0.0006521739130434782,0.0,1.1434217955957084e-05,4.230660643704121e-06,0.18,1.1879999999999997,3.7988999999999997,0.48131999999999997,0.3929335821686755,0.0006678387916431394,0.0006676158865549164,5.166899999999999,1.8191962805381743
code_n24_k12_cw3_068_q03,code_n24_k12_cw3_068,q03,train,0.36,24,12,12,0.5,0.14,3,0.25,6.0,3.6666666666666665,2.0,9.0,3.0,0.0,3.0,3.0,0,0,1,0,0,24,0,0,11,0,55430,exact_all,2,2,0,15,74,12926,exact,2,2,44,469,0.1296,0.046655999999999996,0.016796159999999997,0.006046617599999999,0.2592,0.0,0.25194239999999996,0.4474497023999999,0.0009391304347826086,0.0,2.370999435347261e-05,1.052723749294184e-05,0.2592,2.052864,7.8773990399999985,0.9585921023999999,0.6722259000284809,0.0009733676666290231,0.00097289425150155,10.189463039999998,2.4149725354709637
code_n24_k12_cw3_069_q00,code_n24_k12_cw3_069,q00,train,0.18,24,12,12,0.5,0.32000000000000006,3,0.25,6.0,3.0,3.0,9.0,3.0,0.0,3.0,3.0,0,0,0,0,1,24,1,0,10,0,55430,exact_all,2,2,1,15,74,12926,exact,2,2,44,468,0.0324,0.0058319999999999995,0.0010497599999999998,0.00018895679999999997,0.0648,0.0058319999999999995,0.015746399999999997,0.013982803199999998,0.00023478260869565215,2.8814229249011852e-06,1.4818746470920382e-06,3.289761716544325e-07,0.0648,0.256608,0.49128767999999995,0.1003612032,0.0956384924492844,0.00023947488243929982,0.00023944621290663748,0.81269568,0.5948150632985929
code_n24_k12_cw3_069_q01,code_n24_k12_cw3_069,q01,train,0.24,24,12,12,0.5,0.26,3,0.25,6.0,3.0,3.0,9.0,3.0,0.0,3.0,3.0,0,0,0,0,1,24,1,0,10,0,55430,exact_all,2,2,1,15,74,12926,exact,2,2,44,468,0.0576,0.013823999999999998,0.0033177599999999995,0.0007962623999999999,0.1152,0.013823999999999998,0.04976639999999999,0.05892341759999999,0.0004173913043478261,6.830039525691698e-06,4.6834556747600216e-06,1.3863028797289664e-06,0.1152,0.6082559999999999,1.5527116799999998,0.2377138176,0.21326598243462505,0.0004302911024280068,0.0004301985537592198,2.2761676799999995,1.1866743490521319
code_n24_k12_cw3_069_q02,code_n24_k12_cw3_069,q02,train,0.3,24,12,12,0.5,0.19999999999999996,3,0.25,6.0,3.0,3.0,9.0,3.0,0.0,3.0,3.0,0,0,0,0,1,24,1,0,10,0,55430,exact_all,2,2,1,15,74,12926,exact,2,2,44,468,0.09,0.026999999999999996,0.0081,0.0024299999999999994,0.18,0.026999999999999996,0.1215,0.17981999999999995,0.0006521739130434782,1.3339920948616598e-05,1.1434217955957084e-05,4.230660643704121e-06,0.18,1.1879999999999997,3.7908,0.50832,0.4109964486657032,0.0006811787125917561,0.0006809468156753649,5.158799999999999,1.8178819533736266
code_n24_k12_cw3_069_q03,code_n24_k12_cw3_069,q03,train,0.36,24,12,12,0.5,0.14,3,0.25,6.0,3.0,3.0,9.0,3.0,0.0,3.0,3.0,0,0,0,0,1,24,1,0,10,0,55430,exact_all,2,2,1,15,74,12926,exact,2,2,44,468,0.1296,0.046655999999999996,0.016796159999999997,0.006046617599999999,0.2592,0.046655999999999996,0.25194239999999996,0.4474497023999999,0.0009391304347826086,2.3051383399209482e-05,2.370999435347261e-05,1.052723749294184e-05,0.2592,2.052864,7.860602879999999,1.0052481024,0.6957677949485284,0.0009964190500282323,0.000995922954085552,10.17266688,2.4134703383887897
code_n24_k12_cw3_070_q00,code_n24_k12_cw3_070,q00,train,0.18,24,12,12,0.5,0.32000000000000006,3,0.25,6.0,4.5,3.0,11.0,3.0,0.0,3.0,3.0,0,0,0,0,1,24,3,0,8,0,55430,exact_all,2,1,2,14,59,12926,exact,2,1,22,240,0.0324,0.0058319999999999995,0.0010497599999999998,0.00018895679999999997,0.0324,0.011663999999999999,0.014696639999999997,0.011148451199999998,0.00011739130434782608,5.7628458498023705e-06,1.383083003952569e-06,2.622918125352908e-07,0.0324,0.128304,0.25194239999999996,0.0699090912,0.0675736833690554,0.0001247995250141163,0.00012479173820124806,0.41264639999999997,0.34546482468528067
code_n24_k12_cw3_070_q01,code_n24_k12_cw3_070,q01,train,0.24,24,12,12,0.5,0.26,3,0.25,6.0,4.5,3.0,11.0,3.0,0.0,3.0,3.0,0,0,0,0,1,24,3,0,8,0,55430,exact_all,2,1,2,14,59,12926,exact,2,1,22,240,0.0576,0.013823999999999998,0.0033177599999999995,0.0007962623999999999,0.0576,0.027647999999999995,0.04644863999999999,0.04697948159999999,0.00020869565217391305,1.3660079051383396e-05,4.371225296442687e-06,1.1052955392433651e-06,0.0576,0.30412799999999995,0.7962623999999998,0.17867612159999996,0.16439187779457046,0.0002278322520609825,0.00022780630223483963,1.1579903999999996,0.7691774182625631
code_n24_k12_cw3_070_q02,code_n24_k12_cw3_070,q02,train,0.3,24,12,12,0.5,0.19999999999999996,3,0.25,6.0,4.5,3.0,11.0,3.0,0.0,3.0,3.0,0,0,0,0,1,24,3,0,8,0,55430,exact_all,2,1,2,14,59,12926,exact,2,1,22,240,0.09,0.026999999999999996,0.0081,0.0024299999999999994,0.09,0.05399999999999999,0.1134,0.14336999999999997,0.0003260869565217391,2.6679841897233196e-05,1.0671936758893281e-05,3.37309429700734e-06,0.09,0.5939999999999999,1.944,0.40076999999999996,0.33702208542664835,0.00036681182947487294,0.00036674457046284977,2.6279999999999997,1.2886815322528902
code_n24_k12_cw3_070_q03,code_n24_k12_cw3_070,q03,train,0.36,24,12,12,0.5,0.14,3,0.25,6.0,4.5,3.0,11.0,3.0,0.0,3.0,3.0,0,0,0,0,1,24,3,0,8,0,55430,exact_all,2,1,2,14,59,12926,exact,2,1,22,240,0.1296,0.046655999999999996,0.016796159999999997,0.006046617599999999,0.1296,0.09331199999999999,0.23514623999999995,0.3567504383999999,0.0004695652173913043,4.6102766798418964e-05,2.2129328063241104e-05,8.393338001129305e-06,0.1296,1.026432,4.031078399999999,0.8148086783999999,0.595980050810785,0.0005461906502540937,0.0005460415424326094,5.187110399999999,1.8224681602558228
code_n24_k12_cw3_071_q00,code_n24_k12_cw3_071,q00,train,0.18,24,12,12,0.5,0.32000000000000006,3,0.25,6.0,1.3333333333333333,4.0,8.0,3.0,0.0,3.0,3.0,0,0,0,0,0,24,2,0,10,0,55430,exact_all,2,1,4,4,52,12926,exact,2,1,22,233,0.0324,0.0058319999999999995,0.0010497599999999998,0.00018895679999999997,0.0324,0.023327999999999998,0.004199039999999999,0.009825753599999999,0.00011739130434782608,1.1525691699604741e-05,3.9516657255787683e-07,2.3117244494635796e-07,0.0324,0.128304,0.24459407999999996,0.0697527936,0.067427587762653,0.00012954333506493503,0.00012953494505167754,0.40529808,0.34024943686731357
code_n24_k12_cw3_071_q01,code_n24_k12_cw3_071,q01,train,0.24,24,12,12,0.5,0.26,3,0.25,6.0,1.3333333333333333,4.0,8.0,3.0,0.0,3.0,3.0,0,0,0,0,0,24,2,0,10,0,55430,exact_all,2,1,4,4,52,12926,exact,2,1,22,233,0.0576,0.013823999999999998,0.0033177599999999995,0.0007962623999999999,0.0576,0.05529599999999999,0.013271039999999998,0.041405644799999995,0.00020869565217391305,2.7320158102766792e-05,1.2489215132693391e-06,9.741587803500845e-07,0.0576,0.30412799999999995,0.7730380799999998,0.1675726848,0.1549269654110505,0.00023823889057029927,0.00023821051619230663,1.13476608,0.7583570762751599
code_n24_k12_cw3_071_q02,code_n24_k12_cw3_071,q02,train,0.3,24,12,12,0.5,0.19999999999999996,3,0.25,6.0,1.3333333333333333,4.0,8.0,3.0,0.0,3.0,3.0,0,0,0,0,0,24,2,0,10,0,55430,exact_all,2,1,4,4,52,12926,exact,2,1,22,233,0.09,0.026999999999999996,0.0081,0.0024299999999999994,0.09,0.10799999999999998,0.0324,0.12635999999999997,0.0003260869565217391,5.335968379446639e-05,3.0491247882552228e-06,2.972896668548842e-06,0.09,0.5939999999999999,1.8873,0.35675999999999997,0.305099504488849,0.0003854686617730096,0.0003853943878146476,2.5713,1.2729296751648718
code_n24_k12_cw3_071_q03,code_n24_k12_cw3_071,q03,train,0.36,24,12,12,0.5,0.14,3,0.25,6.0,1.3333333333333333,4.0,8.0,3.0,0.0,3.0,3.0,0,0,0,0,0,24,2,0,10,0,55430,exact_all,2,1,4,4,52,12926,exact,2,1,22,233,0.1296,0.046655999999999996,0.016796159999999997,0.006046617599999999,0.1296,0.18662399999999998,0.06718463999999999,0.31442411519999997,0.0004695652173913043,9.220553359683793e-05,6.322665160926029e-06,7.397518238283455e-06,0.1296,1.026432,3.9135052799999994,0.6978327551999999,0.5293525878673985,0.0005754909343873517,0.000575325402984407,5.06953728,1.8032823715231996
code_n24_k12_cw3_072_q00,code_n24_k12_cw3_072,q00,train,0.18,24,12,12,0.5,0.32000000000000006,3,0.25,6.0,2.6666666666666665,3.0,8.0,3.0,0.0,3.0,3.0,0,0,0,0,1,24,2,0,9,0,55430,exact_all,2,2,1,18,80,12926,exact,2,2,44,477,0.0324,0.0058319999999999995,0.0010497599999999998,0.00018895679999999997,0.0648,0.0058319999999999995,0.018895679999999998,0.015116543999999997,0.00023478260869565215,2.8814229249011852e-06,1.778249576510446e-06,3.5564991530208916e-07,0.0648,0.256608,0.5007355199999999,0.104644224,0.09952331389572587,0.00023979793111236587,0.00023976918418402713,0.8221435199999999,0.6000135663173054
code_n24_k12_cw3_072_q01,code_n24_k12_cw3_072,q01,train,0.24,24,12,12,0.5,0.26,3,0.25,6.0,2.6666666666666665,3.0,8.0,3.0,0.0,3.0,3.0,0,0,0,0,1,24,2,0,9,0,55430,exact_all,2,2,1,18,80,12926,exact,2,2,44,477,0.0576,0.013823999999999998,0.0033177599999999995,0.0007962623999999999,0.1152,0.013823999999999998,0.05971967999999999,0.06370099199999998,0.0004173913043478261,6.830039525691698e-06,5.6201468097120265e-06,1.498705815923207e-06,0.1152,0.6082559999999999,1.5825715199999997,0.252444672,0.22509737894928442,0.000431340196499153,0.00043124719605885275,2.3060275199999998,1.195747323623109
code_n24_k12_cw3_072_q02,code_n24_k12_cw3_072,q02,train,0.3,24,12,12,0.5,0.19999999999999996,3,0.25,6.0,2.6666666666666665,3.0,8.0,3.0,0.0,3.0,3.0,0,0,0,0,1,24,2,0,9,0,55430,exact_all,2,2,1,18,80,12926,exact,2,2,44,477,0.09,0.026999999999999996,0.0081,0.0024299999999999994,0.18,0.026999999999999996,0.14579999999999999,0.19439999999999996,0.0006521739130434782,1.3339920948616598e-05,1.3721061547148505e-05,4.573687182382834e-06,0.18,1.1879999999999997,3.8636999999999997,0.5471999999999999,0.4364468457168928,0.0006838085827216262,0.0006835748921597305,5.231699999999999,1.8296491687704644
code_n24_k12_cw3_072_q03,code_n24_k12_cw3_072,q03,train,0.36,24,12,12,0.5,0.14,3,0.25,6.0,2.6666666666666665,3.0,8.0,3.0,0.0,3.0,3.0,0,0,0,0,1,24,2,0,9,0,55430,exact_all,2,2,1,18,80,12926,exact,2,2,44,477,0.1296,0.046655999999999996,0.016796159999999997,0.006046617599999999,0.2592,0.046655999999999996,0.30233087999999997,0.4837294079999999,0.0009391304347826086,2.3051383399209482e-05,2.8451993224167136e-05,1.1380797289666853e-05,0.2592,2.052864,8.011768319999998,1.0919162879999997,0.7380805301056759,0.0010020146086956521,0.0010015129271578169,10.323832319999998,2.426909559651501
code_n24_k12_cw3_073_q00,code_n24_k12_cw3_073,q00,train,0.18,24,12,12,0.5,0.32000000000000006,3,0.25,6.0,1.6666666666666667,4.0,8.0,3.0,0.0,3.0,3.0,0,0,0,0,0,24,1,0,11,0,55430,exact_all,3,0,1,12,59,12926,exact,4,0,0,7,0.0324,0.0058319999999999995,0.0010497599999999998,0.00018895679999999997,0.0,0.0058319999999999995,0.012597119999999998,0.011148451199999998,0.0,2.8814229249011852e-06,1.1854997176736305e-06,2.622918125352908e-07,0.0,0.0,0.0073483199999999985,0.029577571199999993,0.029148593068721217,4.329214455110106e-06,4.3292050840882534e-06,0.0073483199999999985,0.007321452636295071
code_n24_k12_cw3_073_q01,code_n24_k12_cw3_073,q01,train,0.24,24,12,12,0.5,0.26,3,0.25,6.0,1.6666666666666667,4.0,8.0,3.0,0.0,3.0,3.0,0,0,0,0,0,24,1,0,11,0,55430,exact_all,3,0,1,12,59,12926,exact,4,0,0,7,0.0576,0.013823999999999998,0.0033177599999999995,0.0007962623999999999,0.0,0.013823999999999998,0.039813119999999994,0.04697948159999999,0.0,6.830039525691698e-06,3.7467645398080174e-06,1.1052955392433651e-06,0.0,0.0,0.023224319999999996,0.10061660159999998,0.09587056966568278,1.1682099604743081e-05,1.1682031369548914e-05,0.023224319999999996,0.0229587395692226
code_n24_k12_cw3_073_q02,code_n24_k12_cw3_073,q02,train,0.3,24,12,12,0.5,0.19999999999999996,3,0.25,6.0,1.6666666666666667,4.0,8.0,3.0,0.0,3.0,3.0,0,0,0,0,0,24,1,0,11,0,55430,exact_all,3,0,1,12,59,12926,exact,4,0,0,7,0.09,0.026999999999999996,0.0081,0.0024299999999999994,0.0,0.026999999999999996,0.0972,0.14336999999999997,0.0,1.3339920948616598e-05,9.147374364765667e-06,3.37309429700734e-06,0.0,0.0,0.0567,0.26757,0.23710168178271382,2.5860389610389605e-05,2.586005523627889e-05,0.0567,0.05515084446484804
code_n24_k12_cw3_073_q03,code_n24_k12_cw3_073,q03,train,0.36,24,12,12,0.5,0.14,3,0.25,6.0,1.6666666666666667,4.0,8.0,3.0,0.0,3.0,3.0,0,0,0,0,0,24,1,0,11,0,55430,exact_all,3,0,1,12,59,12926,exact,4,0,0,7,0.1296,0.046655999999999996,0.016796159999999997,0.006046617599999999,0.0,0.046655999999999996,0.20155391999999997,0.3567504383999999,0.0,2.3051383399209482e-05,1.896799548277809e-05,8.393338001129305e-06,0.0,0.0,0.11757311999999998,0.6049603583999998,0.4730990574607589,5.041271688311688e-05,5.0411446204810495e-05,0.11757311999999998,0.11115947713235992
code_n24_k12_cw3_074_q00,code_n24_k12_cw3_074,q00,test,0.18,24,12,12,0.5,0.32000000000000006,3,0.25,6.0,4.333333333333333,2.0,10.0,3.0,0.0,3.0,3.0,0,0,1,0,1,24,1,0,9,0,55430,exact_all,3,0,5,18,110,12926,exact,4,0,0,11,0.0324,0.0058319999999999995,0.0010497599999999998,0.00018895679999999997,0.0,0.02916,0.018895679999999998,0.020785247999999996,0.0,1.4407114624505928e-05,1.778249576510446e-06,4.890186335403725e-07,0.0,0.0,0.011547359999999998,0.068840928,0.06657481648024385,1.6674382834556746e-05,1.6674243818580624e-05,0.011547359999999998,0.011481198081718715
code_n24_k12_cw3_074_q01,code_n24_k12_cw3_074,q01,test,0.24,24,12,12,0.5,0.26,3,0.25,6.0,4.333333333333333,2.0,10.0,3.0,0.0,3.0,3.0,0,0,1,0,1,24,1,0,9,0,55430,exact_all,3,0,5,18,110,12926,exact,4,0,0,11,0.0576,0.013823999999999998,0.0033177599999999995,0.0007962623999999999,0.0,0.06911999999999999,0.05971967999999999,0.08758886399999999,0.0,3.4150197628458496e-05,5.6201468097120265e-06,2.0607204968944095e-06,0.0,0.0,0.03649535999999999,0.21642854399999997,0.1959191425108941,4.1831064935064934e-05,4.183019004046656e-05,0.03649535999999999,0.03584517627972158
code_n24_k12_cw3_074_q02,code_n24_k12_cw3_074,q02,test,0.3,24,12,12,0.5,0.19999999999999996,3,0.25,6.0,4.333333333333333,2.0,10.0,3.0,0.0,3.0,3.0,0,0,1,0,1,24,1,0,9,0,55430,exact_all,3,0,5,18,110,12926,exact,4,0,0,11,0.09,0.026999999999999996,0.0081,0.0024299999999999994,0.0,0.13499999999999998,0.14579999999999999,0.2672999999999999,0.0,6.6699604743083e-05,1.3721061547148505e-05,6.288819875776396e-06,0.0,0.0,0.0891,0.5480999999999998,0.4370283725642826,8.67094861660079e-05,8.670572711580762e-05,0.0891,0.0853516670995037
code_n24_k12_cw3_074_q03,code_n24_k12_cw3_074,q03,test,0.36,24,12,12,0.5,0.14,3,0.25,6.0,4.333333333333333,2.0,10.0,3.0,0.0,3.0,3.0,0,0,1,0,1,24,1,0,9,0,55430,exact_all,3,0,5,18,110,12926,exact,4,0,0,11,0.1296,0.046655999999999996,0.016796159999999997,0.006046617599999999,0.0,0.23328,0.30233087999999997,0.6651279359999999,0.0,0.00011525691699604742,2.8451993224167136e-05,1.564859627329192e-05,0.0,0.0,0.18475775999999997,1.2007388159999999,0.788793129442069,0.00015935750649350648,0.00015934481043485883,0.18475775999999997,0.1695383317491533
code_n24_k12_cw3_075_q00,code_n24_k12_cw3_075,q00,validation,0.18,24,12,12,0.5,0.32000000000000006,3,0.25,6.0,4.0,3.0,9.0,3.0,0.0,3.0,3.0,0,0,0,0,2,24,1,0,9,0,55430,exact_all,2,1,0,15,89,12926,exact,2,1,22,243,0.0324,0.0058319999999999995,0.0010497599999999998,0.00018895679999999997,0.0324,0.0,0.015746399999999997,0.016817155199999996,0.00011739130434782608,0.0,1.4818746470920382e-06,3.956605307735742e-07,0.0324,0.128304,0.25509168,0.0649635552,0.06294057810637124,0.00011926883952569169,0.00011926172756313552,0.41579568,0.3476916910748675
code_n24_k12_cw3_075_q01,code_n24_k12_cw3_075,q01,validation,0.24,24,12,12,0.5,0.26,3,0.25,6.0,4.0,3.0,9.0,3.0,0.0,3.0,3.0,0,0,0,0,2,24,1,0,9,0,55430,exact_all,2,1,0,15,89,12926,exact,2,1,22,243,0.0576,0.013823999999999998,0.0033177599999999995,0.0007962623999999999,0.0576,0.0,0.04976639999999999,0.07086735359999999,0.00020869565217391305,0.0,4.6834556747600216e-06,1.6673102202145676e-06,0.0576,0.30412799999999995,0.8062156799999999,0.1782337536,0.16401649814187422,0.00021504641806888766,0.00021502329890232878,1.1679436799999998,0.7737791053801907
code_n24_k12_cw3_075_q02,code_n24_k12_cw3_075,q02,validation,0.3,24,12,12,0.5,0.19999999999999996,3,0.25,6.0,4.0,3.0,9.0,3.0,0.0,3.0,3.0,0,0,0,0,2,24,1,0,9,0,55430,exact_all,2,1,0,15,89,12926,exact,2,1,22,243,0.09,0.026999999999999996,0.0081,0.0024299999999999994,0.09,0.0,0.1215,0.21626999999999996,0.0003260869565217391,0.0,1.1434217955957084e-05,5.088226990400902e-06,0.09,0.5939999999999999,1.9683,0.42777,0.35611378651935477,0.0003426094014680971,0.00034255072426896745,2.6523,1.2953571061277547
code_n24_k12_cw3_075_q03,code_n24_k12_cw3_075,q03,validation,0.36,24,12,12,0.5,0.14,3,0.25,6.0,4.0,3.0,9.0,3.0,0.0,3.0,3.0,0,0,0,0,2,24,1,0,9,0,55430,exact_all,2,1,0,15,89,12926,exact,2,1,22,243,0.1296,0.046655999999999996,0.016796159999999997,0.006046617599999999,0.1296,0.0,0.25194239999999996,0.5381489663999999,0.0004695652173913043,0.0,2.370999435347261e-05,1.2661136984754374e-05,0.1296,1.026432,4.08146688,0.9196913663999998,0.6521644264518933,0.0005059363487295313,0.0005058084060871183,5.2374988799999995,1.8305792815185027
code_n24_k12_cw3_076_q00,code_n24_k12_cw3_076,q00,train,0.18,24,12,12,0.5,0.32000000000000006,3,0.25,6.0,1.1666666666666667,4.0,8.0,3.0,0.0,3.0,3.0,0,0,0,0,0,24,1,0,11,0,55430,exact_all,2,2,0,13,42,12926,exact,2,2,44,466,0.0324,0.0058319999999999995,0.0010497599999999998,0.00018895679999999997,0.0648,0.0,0.013646879999999998,0.0079361856,0.00023478260869565215,0.0,1.2842913608130997e-06,1.867162055335968e-07,0.0648,0.256608,0.4891881599999999,0.0863830656,0.0828538900719403,0.00023625361626199886,0.00023622571277118098,0.81059616,0.5936561612130348
code_n24_k12_cw3_076_q01,code_n24_k12_cw3_076,q01,train,0.24,24,12,12,0.5,0.26,3,0.25,6.0,1.1666666666666667,4.0,8.0,3.0,0.0,3.0,3.0,0,0,0,0,0,24,1,0,11,0,55430,exact_all,2,2,0,13,42,12926,exact,2,2,44,466,0.0576,0.013823999999999998,0.0033177599999999995,0.0007962623999999999,0.1152,0.0,0.043130879999999996,0.033443020799999994,0.0004173913043478261,0.0,4.058994918125352e-06,7.868205533596836e-07,0.1152,0.6082559999999999,1.5460761599999997,0.1917739008,0.1754428701146171,0.00042223711981931116,0.0004221480028114245,2.26953216,1.1846469043372336
code_n24_k12_cw3_076_q02,code_n24_k12_cw3_076,q02,train,0.3,24,12,12,0.5,0.19999999999999996,3,0.25,6.0,1.1666666666666667,4.0,8.0,3.0,0.0,3.0,3.0,0,0,0,0,0,24,1,0,11,0,55430,exact_all,2,2,0,13,42,12926,exact,2,2,44,466,0.09,0.026999999999999996,0.0081,0.0024299999999999994,0.18,0.0,0.10529999999999999,0.10205999999999997,0.0006521739130434782,0.0,9.909655561829474e-06,2.4011857707509873e-06,0.18,1.1879999999999997,3.7746,0.38736,0.32740266064671325,0.0006644847543760586,0.0006642640821318096,5.1426,1.8152481052969591
code_n24_k12_cw3_076_q03,code_n24_k12_cw3_076,q03,train,0.36,24,12,12,0.5,0.14,3,0.25,6.0,1.1666666666666667,4.0,8.0,3.0,0.0,3.0,3.0,0,0,0,0,0,24,1,0,11,0,55430,exact_all,2,2,0,13,42,12926,exact,2,2,44,466,0.1296,0.046655999999999996,0.016796159999999997,0.006046617599999999,0.2592,0.0,0.21835007999999997,0.2539579392,0.0009391304347826086,0.0,2.0548661773009595e-05,5.974918577075097e-06,0.2592,2.052864,7.827010559999999,0.7315080192,0.5489927162097072,0.0009656540151326933,0.0009651880712304966,10.13907456,2.410459157439717
code_n24_k12_cw3_077_q00,code_n24_k12_cw3_077,q00,train,0.18,24,12,12,0.5,0.32000000000000006,3,0.25,6.0,4.333333333333333,2.0,9.0,3.0,0.0,3.0,3.0,0,0,1,0,1,24,0,0,10,0,55430,exact_all,2,1,3,21,112,12926,exact,2,1,22,243,0.0324,0.0058319999999999995,0.0010497599999999998,0.00018895679999999997,0.0324,0.017495999999999998,0.022044959999999995,0.021163161599999997,0.00011739130434782608,8.644268774703556e-06,2.0746245059288532e-06,4.979098814229248e-07,0.0324,0.128304,0.25509168,0.09310412159999999,0.0890214668713346,0.00012860810750988142,0.00012859983819621572,0.41579568,0.3476916910748675
code_n24_k12_cw3_077_q01,code_n24_k12_cw3_077,q01,train,0.24,24,12,12,0.5,0.26,3,0.25,6.0,4.333333333333333,2.0,9.0,3.0,0.0,3.0,3.0,0,0,1,0,1,24,0,0,10,0,55430,exact_all,2,1,3,21,112,12926,exact,2,1,22,243,0.0576,0.013823999999999998,0.0033177599999999995,0.0007962623999999999,0.0576,0.041471999999999995,0.06967295999999999,0.08918138879999998,0.00020869565217391305,2.0490118577075095e-05,6.55683794466403e-06,2.09818814229249e-06,0.0576,0.30412799999999995,0.8062156799999999,0.2579263488,0.22946461030043838,0.00023784079683794465,0.00023781251719957002,1.1679436799999998,0.7737791053801907
code_n24_k12_cw3_077_q02,code_n24_k12_cw3_077,q02,train,0.3,24,12,12,0.5,0.19999999999999996,3,0.25,6.0,4.333333333333333,2.0,9.0,3.0,0.0,3.0,3.0,0,0,1,0,1,24,0,0,10,0,55430,exact_all,2,1,3,21,112,12926,exact,2,1,22,243,0.09,0.026999999999999996,0.0081,0.0024299999999999994,0.09,0.08099999999999999,0.1701,0.27215999999999996,0.0003260869565217391,4.001976284584979e-05,1.6007905138339918e-05,6.403162055335967e-06,0.09,0.5939999999999999,1.9683,0.6132599999999999,0.4782569764818869,0.0003885177865612648,0.0003884423330687442,2.6523,1.2953571061277547
code_n24_k12_cw3_077_q03,code_n24_k12_cw3_077,q03,train,0.36,24,12,12,0.5,0.14,3,0.25,6.0,4.333333333333333,2.0,9.0,3.0,0.0,3.0,3.0,0,0,1,0,1,24,0,0,10,0,55430,exact_all,2,1,3,21,112,12926,exact,2,1,22,243,0.1296,0.046655999999999996,0.016796159999999997,0.006046617599999999,0.1296,0.13996799999999998,0.3527193599999999,0.6772211711999999,0.0004695652173913043,6.915415019762845e-05,3.319399209486165e-05,1.5933116205533594e-05,0.1296,1.026432,4.08146688,1.2995085311999999,0.8326954180148776,0.0005878464758893279,0.0005876737618326385,5.2374988799999995,1.8305792815185027
code_n24_k12_cw3_078_q00,code_n24_k12_cw3_078,q00,validation,0.18,24,12,12,0.5,0.32000000000000006,3,0.25,6.0,4.0,3.0,10.0,3.0,0.0,3.0,3.0,0,0,0,0,2,24,1,0,9,0,55430,exact_all,2,2,3,6,63,12926,exact,2,2,44,465,0.0324,0.0058319999999999995,0.0010497599999999998,0.00018895679999999997,0.0648,0.017495999999999998,0.006298559999999999,0.011904278399999997,0.00023478260869565215,8.644268774703556e-06,5.927498588368153e-07,2.800743083003952e-07,0.0648,0.256608,0.4881383999999999,0.10049883839999998,0.09576356646360415,0.0002442997016374929,0.0002442698653246188,0.8095463999999999,0.5930762061355619
code_n24_k12_cw3_078_q01,code_n24_k12_cw3_078,q01,validation,0.24,24,12,12,0.5,0.26,3,0.25,6.0,4.0,3.0,10.0,3.0,0.0,3.0,3.0,0,0,0,0,2,24,1,0,9,0,55430,exact_all,2,2,3,6,63,12926,exact,2,2,44,465,0.0576,0.013823999999999998,0.0033177599999999995,0.0007962623999999999,0.1152,0.041471999999999995,0.019906559999999997,0.050164531199999994,0.0004173913043478261,2.0490118577075095e-05,1.8733822699040087e-06,1.1802308300395255e-06,0.1152,0.6082559999999999,1.5427583999999996,0.22674309119999997,0.20436276418069857,0.0004409350360248447,0.0004408378527384754,2.2662143999999995,1.1836316384438799
code_n24_k12_cw3_078_q02,code_n24_k12_cw3_078,q02,validation,0.3,24,12,12,0.5,0.19999999999999996,3,0.25,6.0,4.0,3.0,10.0,3.0,0.0,3.0,3.0,0,0,0,0,2,24,1,0,9,0,55430,exact_all,2,2,3,6,63,12926,exact,2,2,44,465,0.09,0.026999999999999996,0.0081,0.0024299999999999994,0.18,0.08099999999999999,0.0486,0.15308999999999998,0.0006521739130434782,4.001976284584979e-05,4.573687182382834e-06,3.601778656126481e-06,0.18,1.1879999999999997,3.7664999999999997,0.46268999999999993,0.3802772062156273,0.0007003691417278373,0.0007001239977146852,5.134499999999999,1.8139285752491003
code_n24_k12_cw3_078_q03,code_n24_k12_cw3_078,q03,validation,0.36,24,12,12,0.5,0.14,3,0.25,6.0,4.0,3.0,10.0,3.0,0.0,3.0,3.0,0,0,0,0,2,24,1,0,9,0,55430,exact_all,2,2,3,6,63,12926,exact,2,2,44,465,0.1296,0.046655999999999996,0.016796159999999997,0.006046617599999999,0.2592,0.13996799999999998,0.10077695999999998,0.3809369087999999,0.0009391304347826086,6.915415019762845e-05,9.483997741389044e-06,8.962377865612647e-06,0.2592,2.052864,7.810214399999999,0.8808818687999999,0.6317407460075625,0.0010267309605872389,0.0010262042328621356,10.122278399999999,2.4089501599212504
code_n24_k12_cw3_079_q00,code_n24_k12_cw3_079,q00,train,0.18,24,12,12,0.5,0.32000000000000006,3,0.25,6.0,4.166666666666667,2.0,10.0,3.0,0.0,3.0,3.0,0,0,1,0,0,24,1,0,10,0,55430,exact_all,2,1,4,10,77,12926,exact,2,1,22,236,0.0324,0.0058319999999999995,0.0010497599999999998,0.00018895679999999997,0.0324,0.023327999999999998,0.0104976,0.014549673599999998,0.00011739130434782608,1.1525691699604741e-05,9.87916431394692e-07,3.423130434782608e-07,0.0324,0.128304,0.24774335999999997,0.08077527359999999,0.07767862953390388,0.00013024722552230377,0.00013023874408887309,0.40844736,0.34248793454395704
code_n24_k12_cw3_079_q01,code_n24_k12_cw3_079,q01,train,0.24,24,12,12,0.5,0.26,3,0.25,6.0,4.166666666666667,2.0,10.0,3.0,0.0,3.0,3.0,0,0,1,0,0,24,1,0,10,0,55430,exact_all,2,1,4,10,77,12926,exact,2,1,22,236,0.0576,0.013823999999999998,0.0033177599999999995,0.0007962623999999999,0.0576,0.05529599999999999,0.033177599999999995,0.06131220479999999,0.00020869565217391305,2.7320158102766792e-05,3.122303783173348e-06,1.4425043478260868e-06,0.0576,0.30412799999999995,0.7829913599999999,0.2073858048,0.18845753047821262,0.0002405806184076793,0.00024055168353138984,1.1447193599999999,0.7630087093215661
code_n24_k12_cw3_079_q02,code_n24_k12_cw3_079,q02,train,0.3,24,12,12,0.5,0.19999999999999996,3,0.25,6.0,4.166666666666667,2.0,10.0,3.0,0.0,3.0,3.0,0,0,1,0,0,24,1,0,10,0,55430,exact_all,2,1,4,10,77,12926,exact,2,1,22,236,0.09,0.026999999999999996,0.0081,0.0024299999999999994,0.09,0.10799999999999998,0.08099999999999999,0.18710999999999994,0.0003260869565217391,5.335968379446639e-05,7.622811970638057e-06,4.402173913043477e-06,0.09,0.5939999999999999,1.9116,0.4661099999999999,0.3826126347559539,0.0003914716261998871,0.0003913950211746378,2.5955999999999997,1.2797108757171072
code_n24_k12_cw3_079_q03,code_n24_k12_cw3_079,q03,train,0.36,24,12,12,0.5,0.14,3,0.25,6.0,4.166666666666667,2.0,10.0,3.0,0.0,3.0,3.0,0,0,1,0,0,24,1,0,10,0,55430,exact_all,2,1,4,10,77,12926,exact,2,1,22,236,0.1296,0.046655999999999996,0.016796159999999997,0.006046617599999999,0.1296,0.18662399999999998,0.1679616,0.46558955519999995,0.0004695652173913043,9.220553359683793e-05,1.5806662902315073e-05,1.0954017391304346e-05,0.1296,1.026432,3.9638937599999995,0.9497751551999999,0.6677140609018788,0.0005885314312817616,0.0005883583145787088,5.119925759999999,1.8115499657317025
code_n32_k16_cw3_000_q00,code_n32_k16_cw3_000,q00,train,0.18,32,16,16,0.5,0.32000000000000006,3,0.1875,6.0,4.125,3.0,11.0,3.0,0.0,3.0,3.0,0,0,0,0,1,32,4,0,11,0,242792,exact_all,2,1,1,7,47,41416,exact,2,1,30,439,0.0324,0.0058319999999999995,0.0010497599999999998,0.00018895679999999997,0.0324,0.0058319999999999995,0.0073483199999999985,0.008880969599999998,6.532258064516129e-05,1.1758064516129031e-06,2.0434705228031142e-07,4.410143016049578e-08,0.0324,0.17495999999999998,0.4608446399999999,0.05446128959999999,0.05303001054262739,6.674683557921499e-05,6.674460810830228e-05,0.6682046399999999,0.5117479822625803
code_n32_k16_cw3_000_q01,code_n32_k16_cw3_000,q01,train,0.24,32,16,16,0.5,0.26,3,0.1875,6.0,4.125,3.0,11.0,3.0,0.0,3.0,3.0,0,0,0,0,1,32,4,0,11,0,242792,exact_all,2,1,1,7,47,41416,exact,2,1,30,439,0.0576,0.013823999999999998,0.0033177599999999995,0.0007962623999999999,0.0576,0.013823999999999998,0.023224319999999996,0.037424332799999994,0.0001161290322580645,2.7870967741935478e-06,6.458375973303669e-07,1.8584306372159538e-07,0.0576,0.4147199999999999,1.4564966399999997,0.1320726528,0.12405015864021206,0.00011974780969331,0.00011974064049667152,1.9288166399999995,1.0745984643155342
code_n32_k16_cw3_000_q02,code_n32_k16_cw3_000,q02,train,0.3,32,16,16,0.5,0.19999999999999996,3,0.1875,6.0,4.125,3.0,11.0,3.0,0.0,3.0,3.0,0,0,0,0,1,32,4,0,11,0,242792,exact_all,2,1,1,7,47,41416,exact,2,1,30,439,0.09,0.026999999999999996,0.0081,0.0024299999999999994,0.09,0.026999999999999996,0.0567,0.11420999999999998,0.0001814516129032258,5.4435483870967734e-06,1.5767519466073413e-06,5.67148021611314e-07,0.09,0.8099999999999998,3.5559,0.28791,0.25302074946433856,0.0001890390612585412,0.00018902119562669984,4.4559,1.6966975919274452
code_n32_k16_cw3_000_q03,code_n32_k16_cw3_000,q03,train,0.36,32,16,16,0.5,0.14,3,0.1875,6.0,4.125,3.0,11.0,3.0,0.0,3.0,3.0,0,0,0,0,1,32,4,0,11,0,242792,exact_all,2,1,1,7,47,41416,exact,2,1,30,439,0.1296,0.046655999999999996,0.016796159999999997,0.006046617599999999,0.1296,0.046655999999999996,0.11757311999999998,0.28419102719999995,0.00026129032258064515,9.406451612903225e-06,3.2695528364849827e-06,1.411245765135865e-06,0.1296,1.3996799999999998,7.373514239999999,0.5780201472,0.4561709898960436,0.00027537757279516925,0.00027533966335081746,8.902794239999999,2.2928169637811506
code_n32_k16_cw3_001_q00,code_n32_k16_cw3_001,q00,validation,0.18,32,16,16,0.5,0.32000000000000006,3,0.1875,6.0,7.0,2.0,12.0,3.0,0.0,3.0,3.0,0,0,1,0,2,32,2,0,11,0,242792,exact_all,2,1,2,9,52,41416,exact,2,1,30,441,0.0324,0.0058319999999999995,0.0010497599999999998,0.00018895679999999997,0.0324,0.011663999999999999,0.009447839999999999,0.009825753599999999,6.532258064516129e-05,2.3516129032258062e-06,2.627319243604004e-07,4.87930716669315e-08,0.0324,0.17495999999999998,0.46294415999999994,0.06333759359999999,0.0614126346409936,6.798571854441442e-05,6.798340762019072e-05,0.6703041599999999,0.5130057415812195
code_n32_k16_cw3_001_q01,code_n32_k16_cw3_001,q01,validation,0.24,32,16,16,0.5,0.26,3,0.1875,6.0,7.0,2.0,12.0,3.0,0.0,3.0,3.0,0,0,1,0,2,32,2,0,11,0,242792,exact_all,2,1,2,9,52,41416,exact,2,1,30,441,0.0576,0.013823999999999998,0.0033177599999999995,0.0007962623999999999,0.0576,0.027647999999999995,0.029859839999999995,0.041405644799999995,0.0001161290322580645,5.5741935483870956e-06,8.303626251390433e-07,2.0561360241538214e-07,0.0576,0.4147199999999999,1.4631321599999998,0.1565134848,0.14540986263002623,0.00012273920203400603,0.00012273167019444307,1.9354521599999996,1.0768614993359922
code_n32_k16_cw3_001_q02,code_n32_k16_cw3_001,q02,validation,0.3,32,16,16,0.5,0.19999999999999996,3,0.1875,6.0,7.0,2.0,12.0,3.0,0.0,3.0,3.0,0,0,1,0,2,32,2,0,11,0,242792,exact_all,2,1,2,9,52,41416,exact,2,1,30,441,0.09,0.026999999999999996,0.0081,0.0024299999999999994,0.09,0.05399999999999999,0.07289999999999999,0.12635999999999997,0.0001814516129032258,1.0887096774193547e-05,2.0272525027808677e-06,6.274829175274112e-07,0.09,0.8099999999999998,3.5721,0.34325999999999995,0.29509949522964285,0.00019499344509772763,0.00019497443634692647,4.472099999999999,1.6996624550070674
code_n32_k16_cw3_001_q03,code_n32_k16_cw3_001,q03,validation,0.36,32,16,16,0.5,0.14,3,0.1875,6.0,7.0,2.0,12.0,3.0,0.0,3.0,3.0,0,0,1,0,2,32,2,0,11,0,242792,exact_all,2,1,2,9,52,41416,exact,2,1,30,441,0.1296,0.046655999999999996,0.016796159999999997,0.006046617599999999,0.1296,0.09331199999999999,0.15116543999999998,0.31442411519999997,0.00026129032258064515,1.881290322580645e-05,4.203710789766407e-06,1.561378293341808e-06,0.1296,1.3996799999999998,7.407106559999999,0.6885015552,0.5238414818972513,0.0002858683148895598,0.0002858274623282807,8.936386559999999,2.2962034294262916
code_n32_k16_cw3_002_q00,code_n32_k16_cw3_002,q00,train,0.18,32,16,16,0.5,0.32000000000000006,3,0.1875,6.0,2.625,4.0,9.0,3.0,0.0,3.0,3.0,0,0,0,0,0,32,3,0,13,0,242792,exact_all,2,1,2,6,29,41416,exact,2,1,30,437,0.0324,0.0058319999999999995,0.0010497599999999998,0.00018895679999999997,0.0324,0.011663999999999999,0.006298559999999999,0.005479747199999999,6.532258064516129e-05,2.3516129032258062e-06,1.7515461624026692e-07,2.7211520737327184e-08,0.0324,0.17495999999999998,0.45874511999999995,0.055842307199999996,0.0543388438301596,6.787655968536469e-05,6.787425617592293e-05,0.6661051199999999,0.5104886389929993
code_n32_k16_cw3_002_q01,code_n32_k16_cw3_002,q01,train,0.24,32,16,16,0.5,0.26,3,0.1875,6.0,2.625,4.0,9.0,3.0,0.0,3.0,3.0,0,0,0,0,0,32,3,0,13,0,242792,exact_all,2,1,2,6,29,41416,exact,2,1,30,437,0.0576,0.013823999999999998,0.0033177599999999995,0.0007962623999999999,0.0576,0.027647999999999995,0.019906559999999997,0.023091609599999997,0.0001161290322580645,5.5741935483870956e-06,5.535750834260288e-07,1.1466912442396312e-07,0.0576,0.4147199999999999,1.4498611199999998,0.1282461696,0.12066436472696587,0.0001223714700143016,0.0001223639832367373,1.9221811199999996,1.072330296349341
code_n32_k16_cw3_002_q02,code_n32_k16_cw3_002,q02,train,0.3,32,16,16,0.5,0.19999999999999996,3,0.1875,6.0,2.625,4.0,9.0,3.0,0.0,3.0,3.0,0,0,0,0,0,32,3,0,13,0,242792,exact_all,2,1,2,6,29,41416,exact,2,1,30,437,0.09,0.026999999999999996,0.0081,0.0024299999999999994,0.09,0.05399999999999999,0.0486,0.07046999999999998,0.0001814516129032258,1.0887096774193547e-05,1.3515016685205782e-06,3.49942396313364e-07,0.09,0.8099999999999998,3.5397,0.26306999999999997,0.23354526542713935,0.00019404015374225328,0.00019402133038657298,4.439699999999999,1.6937239122883727
code_n32_k16_cw3_002_q03,code_n32_k16_cw3_002,q03,train,0.36,32,16,16,0.5,0.14,3,0.1875,6.0,2.625,4.0,9.0,3.0,0.0,3.0,3.0,0,0,0,0,0,32,3,0,13,0,242792,exact_all,2,1,2,6,29,41416,exact,2,1,30,437,0.1296,0.046655999999999996,0.016796159999999997,0.006046617599999999,0.1296,0.09331199999999999,0.10077695999999998,0.17535191039999998,0.00026129032258064515,1.881290322580645e-05,2.8024738598442708e-06,8.707686635944699e-07,0.1296,1.3996799999999998,7.339921919999999,0.49904087039999995,0.40482548385884765,0.0002837764683298903,0.0002837362114037002,8.869201919999998,2.2894189910069116
code_n32_k16_cw3_003_q00,code_n32_k16_cw3_003,q00,test,0.18,32,16,16,0.5,0.32000000000000006,3,0.1875,6.0,3.125,3.0,10.0,3.0,0.0,3.0,3.0,0,0,0,0,2,32,1,0,13,0,242792,exact_all,3,0,1,8,30,41416,exact,4,0,0,5,0.0324,0.0058319999999999995,0.0010497599999999998,0.00018895679999999997,0.0,0.0058319999999999995,0.008398079999999999,0.005668703999999999,0.0,1.1758064516129031e-06,2.3353948832035592e-07,2.8149849038614328e-08,0.0,0.0,0.0052488,0.019898784,0.019703390999872315,1.4374957889718735e-06,1.437494755775792e-06,0.0052488,0.005235073061631587
code_n32_k16_cw3_003_q01,code_n32_k16_cw3_003,q01,test,0.24,32,16,16,0.5,0.26,3,0.1875,6.0,3.125,3.0,10.0,3.0,0.0,3.0,3.0,0,0,0,0,2,32,1,0,13,0,242792,exact_all,3,0,1,8,30,41416,exact,4,0,0,5,0.0576,0.013823999999999998,0.0033177599999999995,0.0007962623999999999,0.0,0.013823999999999998,0.026542079999999996,0.023887871999999997,0.0,2.7870967741935478e-06,7.381001112347052e-07,1.1862323216272047e-07,0.0,0.0,0.016588799999999997,0.06425395199999999,0.06227403913243175,3.6438201175909734e-06,3.6438134788945754e-06,0.016588799999999997,0.01645270885409976
code_n32_k16_cw3_003_q02,code_n32_k16_cw3_003,q02,test,0.3,32,16,16,0.5,0.19999999999999996,3,0.1875,6.0,3.125,3.0,10.0,3.0,0.0,3.0,3.0,0,0,0,0,2,32,1,0,13,0,242792,exact_all,3,0,1,8,30,41416,exact,4,0,0,5,0.09,0.026999999999999996,0.0081,0.0024299999999999994,0.0,0.026999999999999996,0.0648,0.07289999999999998,0.0,5.4435483870967734e-06,1.8020022246941046e-06,3.6200937549658345e-07,0.0,0.0,0.040499999999999994,0.16469999999999996,0.1524635431264691,7.607559987287461e-06,7.607531049949743e-06,0.040499999999999994,0.03970136685155206
code_n32_k16_cw3_003_q03,code_n32_k16_cw3_003,q03,test,0.36,32,16,16,0.5,0.14,3,0.1875,6.0,3.125,3.0,10.0,3.0,0.0,3.0,3.0,0,0,0,0,2,32,1,0,13,0,242792,exact_all,3,0,1,8,30,41416,exact,4,0,0,5,0.1296,0.046655999999999996,0.016796159999999997,0.006046617599999999,0.0,0.046655999999999996,0.13436927999999998,0.18139852799999998,0.0,9.406451612903225e-06,3.7366318131256946e-06,9.007951692356585e-07,0.0,0.0,0.0839808,0.36242380799999996,0.30926532525769457,1.4043878595264577e-05,1.4043779980924862e-05,0.0839808,0.08064019068347023
code_n32_k16_cw3_004_q00,code_n32_k16_cw3_004,q00,train,0.18,32,16,16,0.5,0.32000000000000006,3,0.1875,6.0,6.25,1.0,10.0,3.0,0.0,3.0,3.0,1,0,1,0,1,32,1,0,12,0,242792,exact_all,2,2,2,9,53,41416,exact,2,2,60,876,0.0324,0.0058319999999999995,0.0010497599999999998,0.00018895679999999997,0.0648,0.011663999999999999,0.009447839999999999,0.010014710399999998,0.00013064516129032258,2.3516129032258062e-06,2.627319243604004e-07,4.973139996821865e-08,0.0648,0.34991999999999995,0.9195897599999998,0.09592655039999999,0.09160017022175325,0.000133309237517877,0.0001333003526310894,1.3343097599999998,0.8477162414250786
code_n32_k16_cw3_004_q01,code_n32_k16_cw3_004,q01,train,0.24,32,16,16,0.5,0.26,3,0.1875,6.0,6.25,1.0,10.0,3.0,0.0,3.0,3.0,1,0,1,0,1,32,1,0,12,0,242792,exact_all,2,2,2,9,53,41416,exact,2,2,60,876,0.0576,0.013823999999999998,0.0033177599999999995,0.0007962623999999999,0.1152,0.027647999999999995,0.029859839999999995,0.04220190719999999,0.000232258064516129,5.5741935483870956e-06,8.303626251390433e-07,2.0956771015413948e-07,0.1152,0.8294399999999998,2.9063577599999997,0.2149097472,0.1946697918935393,0.0002388721883998093,0.00023884366298114286,3.8509977599999994,1.579184407502511
code_n32_k16_cw3_004_q02,code_n32_k16_cw3_004,q02,train,0.3,32,16,16,0.5,0.19999999999999996,3,0.1875,6.0,6.25,1.0,10.0,3.0,0.0,3.0,3.0,1,0,1,0,1,32,1,0,12,0,242792,exact_all,2,2,2,9,53,41416,exact,2,2,60,876,0.09,0.026999999999999996,0.0081,0.0024299999999999994,0.18,0.05399999999999999,0.07289999999999999,0.12878999999999996,0.0003629032258064516,1.0887096774193547e-05,2.0272525027808677e-06,6.395498967106307e-07,0.18,1.6199999999999997,7.095599999999999,0.4356899999999999,0.36164556988381846,0.0003764571249801366,0.00037638628277547327,8.895599999999998,2.292090213901394
code_n32_k16_cw3_004_q03,code_n32_k16_cw3_004,q03,train,0.36,32,16,16,0.5,0.14,3,0.1875,6.0,6.25,1.0,10.0,3.0,0.0,3.0,3.0,1,0,1,0,1,32,1,0,12,0,242792,exact_all,2,2,2,9,53,41416,exact,2,2,60,876,0.1296,0.046655999999999996,0.016796159999999997,0.006046617599999999,0.2592,0.09331199999999999,0.15116543999999998,0.32047073279999994,0.0005225806451612903,1.881290322580645e-05,4.203710789766407e-06,1.5914047989829967e-06,0.2592,2.7993599999999996,14.713436159999997,0.8241481727999999,0.6011131234404679,0.0005471886639758461,0.0005470390108486955,17.771996159999997,2.932366193372167
code_n32_k16_cw3_005_q00,code_n32_k16_cw3_005,q00,validation,0.18,32,16,16,0.5,0.32000000000000006,3,0.1875,6.0,5.625,2.0,12.0,3.0,0.0,3.0,3.0,0,0,1,0,0,32,3,0,12,0,242792,exact_all,3,0,5,11,74,41416,exact,4,0,0,8,0.0324,0.0058319999999999995,0.0010497599999999998,0.00018895679999999997,0.0,0.02916,0.011547359999999998,0.013982803199999998,0.0,5.879032258064516e-06,3.2111679644048935e-07,6.943629429524868e-08,0.0,0.0,0.008398079999999999,0.054690163199999996,0.05324703962377235,6.269585348800254e-06,6.269565695032178e-06,0.008398079999999999,0.008363012323468396
code_n32_k16_cw3_005_q01,code_n32_k16_cw3_005,q01,validation,0.24,32,16,16,0.5,0.26,3,0.1875,6.0,5.625,2.0,12.0,3.0,0.0,3.0,3.0,0,0,1,0,0,32,3,0,12,0,242792,exact_all,3,0,5,11,74,41416,exact,4,0,0,8,0.0576,0.013823999999999998,0.0033177599999999995,0.0007962623999999999,0.0,0.06911999999999999,0.03649535999999999,0.05892341759999999,0.0,1.393548387096774e-05,1.0148876529477194e-06,2.9260397266804384e-07,0.0,0.0,0.026542079999999996,0.16453877759999996,0.15232510957314865,1.5242975496583502e-05,1.5242859323613053e-05,0.026542079999999996,0.02619595030443698
code_n32_k16_cw3_005_q02,code_n32_k16_cw3_005,q02,validation,0.3,32,16,16,0.5,0.19999999999999996,3,0.1875,6.0,5.625,2.0,12.0,3.0,0.0,3.0,3.0,0,0,1,0,0,32,3,0,12,0,242792,exact_all,3,0,5,11,74,41416,exact,4,0,0,8,0.09,0.026999999999999996,0.0081,0.0024299999999999994,0.0,0.13499999999999998,0.0891,0.17981999999999995,0.0,2.7217741935483866e-05,2.4777530589543935e-06,8.929564595582392e-07,0.0,0.0,0.0648,0.40391999999999995,0.33926832392321415,3.05884514539965e-05,3.0587983636855165e-05,0.0648,0.06278698809876482
code_n32_k16_cw3_005_q03,code_n32_k16_cw3_005,q03,validation,0.36,32,16,16,0.5,0.14,3,0.1875,6.0,5.625,2.0,12.0,3.0,0.0,3.0,3.0,0,0,1,0,0,32,3,0,12,0,242792,exact_all,3,0,5,11,74,41416,exact,4,0,0,8,0.1296,0.046655999999999996,0.016796159999999997,0.006046617599999999,0.0,0.23328,0.18475775999999997,0.4474497023999999,0.0,4.703225806451613e-05,5.13786874304783e-06,2.221961417447958e-06,0.0,0.0,0.13436927999999998,0.8654874623999999,0.6235223928845799,5.4392088225011915e-05,5.4390609029018636e-05,0.13436927999999998,0.12607679603412303
code_n32_k16_cw3_006_q00,code_n32_k16_cw3_006,q00,validation,0.18,32,16,16,0.5,0.32000000000000006,3,0.1875,6.0,3.125,2.0,9.0,3.0,0.0,3.0,3.0,0,0,1,0,0,32,0,0,15,0,242792,exact_all,4,0,0,9,42,41416,exact,4,0,0,5,0.0324,0.0058319999999999995,0.0010497599999999998,0.00018895679999999997,0.0,0.0,0.009447839999999999,0.0079361856,0.0,0.0,2.627319243604004e-07,3.940978865406006e-08,0.0,0.0,0.0052488,0.0173840256,0.017234652084127423,3.021417130144605e-07,3.021416673696623e-07,0.0052488,0.005235073061631587
code_n32_k16_cw3_006_q01,code_n32_k16_cw3_006,q01,validation,0.24,32,16,16,0.5,0.26,3,0.1875,6.0,3.125,2.0,9.0,3.0,0.0,3.0,3.0,0,0,1,0,0,32,0,0,15,0,242792,exact_all,4,0,0,9,42,41416,exact,4,0,0,5,0.0576,0.013823999999999998,0.0033177599999999995,0.0007962623999999999,0.0,0.0,0.029859839999999995,0.033443020799999994,0.0,0.0,8.303626251390433e-07,1.6607252502780865e-07,0.0,0.0,0.016588799999999997,0.06330286079999999,0.06137997016314899,9.964351501668519e-07,9.964346537256774e-07,0.016588799999999997,0.01645270885409976
code_n32_k16_cw3_006_q02,code_n32_k16_cw3_006,q02,validation,0.3,32,16,16,0.5,0.19999999999999996,3,0.1875,6.0,3.125,2.0,9.0,3.0,0.0,3.0,3.0,0,0,1,0,0,32,0,0,15,0,242792,exact_all,4,0,0,9,42,41416,exact,4,0,0,5,0.09,0.026999999999999996,0.0081,0.0024299999999999994,0.0,0.0,0.07289999999999999,0.10205999999999997,0.0,0.0,2.0272525027808677e-06,5.068131256952168e-07,0.0,0.0,0.040499999999999994,0.17495999999999995,0.1612341044634699,2.5340656284760845e-06,2.534062417737204e-06,0.040499999999999994,0.03970136685155206
code_n32_k16_cw3_006_q03,code_n32_k16_cw3_006,q03,validation,0.36,32,16,16,0.5,0.14,3,0.1875,6.0,3.125,2.0,9.0,3.0,0.0,3.0,3.0,0,0,1,0,0,32,0,0,15,0,242792,exact_all,4,0,0,9,42,41416,exact,4,0,0,5,0.1296,0.046655999999999996,0.016796159999999997,0.006046617599999999,0.0,0.0,0.15116543999999998,0.2539579392,0.0,0.0,4.203710789766407e-06,1.261113236929922e-06,0.0,0.0,0.0839808,0.40512337919999997,0.3401251133074765,5.464824026696328e-06,5.464809094599908e-06,0.0839808,0.08064019068347023
code_n32_k16_cw3_007_q00,code_n32_k16_cw3_007,q00,validation,0.18,32,16,16,0.5,0.32000000000000006,3,0.1875,6.0,3.5,3.0,10.0,3.0,0.0,3.0,3.0,0,0,0,0,1,32,2,0,13,0,242792,exact_all,2,1,1,5,25,41416,exact,2,1,30,437,0.0324,0.0058319999999999995,0.0010497599999999998,0.00018895679999999997,0.0324,0.0058319999999999995,0.0052488,0.0047239199999999995,6.532258064516129e-05,1.1758064516129031e-06,1.4596218020022245e-07,2.345820753217861e-08,0.0324,0.17495999999999998,0.45874511999999995,0.04820471999999999,0.04707891033324141,6.666780748450659e-05,6.666558528499476e-05,0.6661051199999999,0.5104886389929993
code_n32_k16_cw3_007_q01,code_n32_k16_cw3_007,q01,validation,0.24,32,16,16,0.5,0.26,3,0.1875,6.0,3.5,3.0,10.0,3.0,0.0,3.0,3.0,0,0,0,0,1,32,2,0,13,0,242792,exact_all,2,1,1,5,25,41416,exact,2,1,30,437,0.0576,0.013823999999999998,0.0033177599999999995,0.0007962623999999999,0.0576,0.013823999999999998,0.016588799999999997,0.019906559999999997,0.0001161290322580645,2.7870967741935478e-06,4.613125695216907e-07,9.885269346893372e-08,0.0576,0.4147199999999999,1.4498611199999998,0.10791935999999999,0.10248380589312162,0.00011947629429524867,0.00011946915757123998,1.9221811199999996,1.072330296349341
code_n32_k16_cw3_007_q02,code_n32_k16_cw3_007,q02,validation,0.3,32,16,16,0.5,0.19999999999999996,3,0.1875,6.0,3.5,3.0,10.0,3.0,0.0,3.0,3.0,0,0,0,0,1,32,2,0,13,0,242792,exact_all,2,1,1,5,25,41416,exact,2,1,30,437,0.09,0.026999999999999996,0.0081,0.0024299999999999994,0.09,0.026999999999999996,0.040499999999999994,0.060749999999999985,0.0001814516129032258,5.4435483870967734e-06,1.1262513904338153e-06,3.0167447958048615e-07,0.09,0.8099999999999998,3.5397,0.21824999999999994,0.19741540274147845,0.00018832308716033684,0.00018830535659377314,4.439699999999999,1.6937239122883727
code_n32_k16_cw3_007_q03,code_n32_k16_cw3_007,q03,validation,0.36,32,16,16,0.5,0.14,3,0.1875,6.0,3.5,3.0,10.0,3.0,0.0,3.0,3.0,0,0,0,0,1,32,2,0,13,0,242792,exact_all,2,1,1,5,25,41416,exact,2,1,30,437,0.1296,0.046655999999999996,0.016796159999999997,0.006046617599999999,0.1296,0.046655999999999996,0.0839808,0.15116543999999998,0.00026129032258064515,9.406451612903225e-06,2.3353948832035593e-06,7.506626410297155e-07,0.1296,1.3996799999999998,7.339921919999999,0.41140224,0.3445837066599949,0.00027378283171778164,0.00027374536003755575,8.869201919999998,2.2894189910069116
code_n32_k16_cw3_008_q00,code_n32_k16_cw3_008,q00,test,0.18,32,16,16,0.5,0.32000000000000006,3,0.1875,6.0,4.25,3.0,9.0,3.0,0.0,3.0,3.0,0,0,0,0,2,32,4,0,10,0,242792,exact_all,3,0,1,8,23,41416,exact,4,0,0,7,0.0324,0.0058319999999999995,0.0010497599999999998,0.00018895679999999997,0.0,0.0058319999999999995,0.008398079999999999,0.0043460064,0.0,1.1758064516129031e-06,2.3353948832035592e-07,2.158155092960432e-08,0.0,0.0,0.0073483199999999985,0.018576086399999997,0.018405658263661376,1.4309274908628635e-06,1.430926467087098e-06,0.0073483199999999985,0.007321452636295071
code_n32_k16_cw3_008_q01,code_n32_k16_cw3_008,q01,test,0.24,32,16,16,0.5,0.26,3,0.1875,6.0,4.25,3.0,9.0,3.0,0.0,3.0,3.0,0,0,0,0,2,32,4,0,10,0,242792,exact_all,3,0,1,8,23,41416,exact,4,0,0,7,0.0576,0.013823999999999998,0.0033177599999999995,0.0007962623999999999,0.0,0.013823999999999998,0.026542079999999996,0.0183140352,0.0,2.7870967741935478e-06,7.381001112347052e-07,9.094447799141901e-08,0.0,0.0,0.023224319999999996,0.058680115199999994,0.05702295791065288,3.616141363419672e-06,3.616134825196254e-06,0.023224319999999996,0.0229587395692226
code_n32_k16_cw3_008_q02,code_n32_k16_cw3_008,q02,test,0.3,32,16,16,0.5,0.19999999999999996,3,0.1875,6.0,4.25,3.0,9.0,3.0,0.0,3.0,3.0,0,0,0,0,2,32,4,0,10,0,242792,exact_all,3,0,1,8,23,41416,exact,4,0,0,7,0.09,0.026999999999999996,0.0081,0.0024299999999999994,0.0,0.026999999999999996,0.0648,0.05588999999999999,0.0,5.4435483870967734e-06,1.8020022246941046e-06,2.7754052121404726e-07,0.0,0.0,0.0567,0.14769,0.13775122658819594,7.5230911330049254e-06,7.5230628346967546e-06,0.0567,0.05515084446484804
code_n32_k16_cw3_008_q03,code_n32_k16_cw3_008,q03,test,0.36,32,16,16,0.5,0.14,3,0.1875,6.0,4.25,3.0,9.0,3.0,0.0,3.0,3.0,0,0,0,0,2,32,4,0,10,0,242792,exact_all,3,0,1,8,23,41416,exact,4,0,0,7,0.1296,0.046655999999999996,0.016796159999999997,0.006046617599999999,0.0,0.046655999999999996,0.13436927999999998,0.1390722048,0.0,9.406451612903225e-06,3.7366318131256946e-06,6.906096297473382e-07,0.0,0.0,0.11757311999999998,0.3200974848,0.27770558599255796,1.3833693055776258e-05,1.3833597371126924e-05,0.11757311999999998,0.11115947713235992
code_n32_k16_cw3_009_q00,code_n32_k16_cw3_009,q00,train,0.18,32,16,16,0.5,0.32000000000000006,3,0.1875,6.0,4.0,2.0,10.0,3.0,0.0,3.0,3.0,0,0,1,0,1,32,1,0,13,0,242792,exact_all,2,2,3,15,49,41416,exact,2,2,60,872,0.0324,0.0058319999999999995,0.0010497599999999998,0.00018895679999999997,0.0648,0.017495999999999998,0.015746399999999997,0.009258883199999998,0.00013064516129032258,3.5274193548387096e-06,4.378865406006674e-07,4.597808676307007e-08,0.0648,0.34991999999999995,0.9153907199999999,0.10730128319999999,0.10192577857612625,0.00013465644527252502,0.00013464737990719576,1.33011072,0.8459157857619071
code_n32_k16_cw3_009_q01,code_n32_k16_cw3_009,q01,train,0.24,32,16,16,0.5,0.26,3,0.1875,6.0,4.0,2.0,10.0,3.0,0.0,3.0,3.0,0,0,1,0,1,32,1,0,13,0,242792,exact_all,2,2,3,15,49,41416,exact,2,2,60,872,0.0576,0.013823999999999998,0.0033177599999999995,0.0007962623999999999,0.1152,0.041471999999999995,0.04976639999999999,0.039016857599999996,0.000232258064516129,8.361290322580645e-06,1.3839377085650722e-06,1.9375127919911008e-07,0.1152,0.8294399999999998,2.8930867199999994,0.24545525759999998,0.21950113183116562,0.00024219704382647385,0.0002421677188573064,3.837726719999999,1.5764449244411305
code_n32_k16_cw3_009_q02,code_n32_k16_cw3_009,q02,train,0.3,32,16,16,0.5,0.19999999999999996,3,0.1875,6.0,4.0,2.0,10.0,3.0,0.0,3.0,3.0,0,0,1,0,1,32,1,0,13,0,242792,exact_all,2,2,3,15,49,41416,exact,2,2,60,872,0.09,0.026999999999999996,0.0081,0.0024299999999999994,0.18,0.08099999999999999,0.1215,0.11906999999999997,0.0003629032258064516,1.6330645161290322e-05,3.378754171301446e-06,5.912819799777529e-07,0.18,1.6199999999999997,7.063199999999999,0.50157,0.40651122740118734,0.0003832039071190211,0.00038313050325363877,8.863199999999999,2.288810659572206
code_n32_k16_cw3_009_q03,code_n32_k16_cw3_009,q03,train,0.36,32,16,16,0.5,0.14,3,0.1875,6.0,4.0,2.0,10.0,3.0,0.0,3.0,3.0,0,0,1,0,1,32,1,0,13,0,242792,exact_all,2,2,3,15,49,41416,exact,2,2,60,872,0.1296,0.046655999999999996,0.016796159999999997,0.006046617599999999,0.2592,0.13996799999999998,0.25194239999999996,0.29628426239999994,0.0005225806451612903,2.8219354838709677e-05,7.006184649610678e-06,1.4712987764182422e-06,0.2592,2.7993599999999996,14.646251519999998,0.9473946623999998,0.6664924086734795,0.0005592774834260289,0.0005591211460622243,17.704811519999996,2.9287807912991943
code_n32_k16_cw3_010_q00,code_n32_k16_cw3_010,q00,validation,0.18,32,16,16,0.5,0.32000000000000006,3,0.1875,6.0,2.25,3.0,9.0,3.0,0.0,3.0,3.0,0,0,0,0,2,32,0,0,14,0,242792,exact_all,3,0,2,5,19,41416,exact,4,0,0,4,0.0324,0.0058319999999999995,0.0010497599999999998,0.00018895679999999997,0.0,0.011663999999999999,0.0052488,0.0035901791999999994,0.0,2.3516129032258062e-06,1.4596218020022245e-07,1.7828237724455744e-08,0.0,0.0,0.004199039999999999,0.020502979199999997,0.020295622616759334,2.5154033211504845e-06,2.5154001575288557e-06,0.004199039999999999,0.004190248633147544
code_n32_k16_cw3_010_q01,code_n32_k16_cw3_010,q01,validation,0.24,32,16,16,0.5,0.26,3,0.1875,6.0,2.25,3.0,9.0,3.0,0.0,3.0,3.0,0,0,0,0,2,32,0,0,14,0,242792,exact_all,3,0,2,5,19,41416,exact,4,0,0,4,0.0576,0.013823999999999998,0.0033177599999999995,0.0007962623999999999,0.0,0.027647999999999995,0.016588799999999997,0.015128985599999997,0.0,5.5741935483870956e-06,4.613125695216907e-07,7.512804703638963e-08,0.0,0.0,0.013271039999999998,0.05936578559999999,0.057670413590148496,6.1106341649451755e-06,6.110615495096283e-06,0.013271039999999998,0.013183751176225745
code_n32_k16_cw3_010_q02,code_n32_k16_cw3_010,q02,validation,0.3,32,16,16,0.5,0.19999999999999996,3,0.1875,6.0,2.25,3.0,9.0,3.0,0.0,3.0,3.0,0,0,0,0,2,32,0,0,14,0,242792,exact_all,3,0,2,5,19,41416,exact,4,0,0,4,0.09,0.026999999999999996,0.0081,0.0024299999999999994,0.0,0.05399999999999999,0.040499999999999994,0.04616999999999999,0.0,1.0887096774193547e-05,1.1262513904338153e-06,2.2927260448116952e-07,0.0,0.0,0.0324,0.14066999999999996,0.1316158090653019,1.2242620769108532e-05,1.2242545828838527e-05,0.0324,0.031886188862321745
code_n32_k16_cw3_010_q03,code_n32_k16_cw3_010,q03,validation,0.36,32,16,16,0.5,0.14,3,0.1875,6.0,2.25,3.0,9.0,3.0,0.0,3.0,3.0,0,0,0,0,2,32,0,0,14,0,242792,exact_all,3,0,2,5,19,41416,exact,4,0,0,4,0.1296,0.046655999999999996,0.016796159999999997,0.006046617599999999,0.0,0.09331199999999999,0.0839808,0.11488573439999998,0.0,1.881290322580645e-05,2.3353948832035593e-06,5.705036071825838e-07,0.0,0.0,0.06718463999999999,0.29217853439999997,0.25632958033393255,2.1718801716192593e-05,2.171856586643351e-05,0.06718463999999999,0.06502400327204662
code_n32_k16_cw3_011_q00,code_n32_k16_cw3_011,q00,train,0.18,32,16,16,0.5,0.32000000000000006,3,0.1875,6.0,6.375,2.0,10.0,3.0,0.0,3.0,3.0,0,0,2,0,2,32,1,0,11,0,242792,exact_all,2,1,2,12,75,41416,exact,2,1,30,444,0.0324,0.0058319999999999995,0.0010497599999999998,0.00018895679999999997,0.0324,0.011663999999999999,0.012597119999999998,0.014171759999999999,6.532258064516129e-05,2.3516129032258062e-06,3.5030923248053385e-07,7.037462259653583e-08,0.0324,0.17495999999999998,0.4660934399999999,0.07083287999999999,0.06843673820683537,6.809487740346416e-05,6.809255905254449e-05,0.6734534399999998,0.5148894193521204
code_n32_k16_cw3_011_q01,code_n32_k16_cw3_011,q01,train,0.24,32,16,16,0.5,0.26,3,0.1875,6.0,6.375,2.0,10.0,3.0,0.0,3.0,3.0,0,0,2,0,2,32,1,0,11,0,242792,exact_all,2,1,2,12,75,41416,exact,2,1,30,444,0.0576,0.013823999999999998,0.0033177599999999995,0.0007962623999999999,0.0576,0.027647999999999995,0.039813119999999994,0.05971967999999999,0.0001161290322580645,5.5741935483870956e-06,1.1071501668520576e-06,2.9655808040680115e-07,0.0576,0.4147199999999999,1.4730854399999997,0.18478079999999997,0.16955777857343352,0.00012310693405371046,0.0001230993570169552,1.9454054399999996,1.080246478256002
code_n32_k16_cw3_011_q02,code_n32_k16_cw3_011,q02,train,0.3,32,16,16,0.5,0.19999999999999996,3,0.1875,6.0,6.375,2.0,10.0,3.0,0.0,3.0,3.0,0,0,2,0,2,32,1,0,11,0,242792,exact_all,2,1,2,12,75,41416,exact,2,1,30,444,0.09,0.026999999999999996,0.0081,0.0024299999999999994,0.09,0.05399999999999999,0.0972,0.18224999999999997,0.0001814516129032258,1.0887096774193547e-05,2.7030033370411564e-06,9.050234387414586e-07,0.09,0.8099999999999998,3.5963999999999996,0.42344999999999994,0.35308350242640973,0.00019594673645320193,0.00019592754139886984,4.4963999999999995,1.7040933324754821
code_n32_k16_cw3_011_q03,code_n32_k16_cw3_011,q03,train,0.36,32,16,16,0.5,0.14,3,0.1875,6.0,6.375,2.0,10.0,3.0,0.0,3.0,3.0,0,0,2,0,2,32,1,0,11,0,242792,exact_all,2,1,2,12,75,41416,exact,2,1,30,444,0.1296,0.046655999999999996,0.016796159999999997,0.006046617599999999,0.1296,0.09331199999999999,0.20155391999999997,0.45349631999999995,0.00026129032258064515,1.881290322580645e-05,5.6049477196885415e-06,2.2519879230891465e-06,0.1296,1.3996799999999998,7.457495039999999,0.8779622399999999,0.6301872740876602,0.00028796016144922923,0.00028791870887953983,8.986775039999998,2.3012617217244316
code_n32_k16_cw3_012_q00,code_n32_k16_cw3_012,q00,train,0.18,32,16,16,0.5,0.32000000000000006,3,0.1875,6.0,5.875,1.0,11.0,3.0,0.0,3.0,3.0,1,0,0,0,1,32,2,0,12,0,242792,exact_all,2,1,3,13,37,41416,exact,2,1,30,442,0.0324,0.0058319999999999995,0.0010497599999999998,0.00018895679999999997,0.0324,0.017495999999999998,0.013646879999999998,0.006991401599999999,6.532258064516129e-05,3.5274193548387096e-06,3.7950166852057834e-07,3.471814714762434e-08,0.0324,0.17495999999999998,0.46399391999999995,0.0705342816,0.0681578524489047,6.926421981566818e-05,6.926182116035487e-05,0.6713539199999999,0.5136340285031012
code_n32_k16_cw3_012_q01,code_n32_k16_cw3_012,q01,train,0.24,32,16,16,0.5,0.26,3,0.1875,6.0,5.875,1.0,11.0,3.0,0.0,3.0,3.0,1,0,0,0,1,32,2,0,12,0,242792,exact_all,2,1,3,13,37,41416,exact,2,1,30,442,0.0576,0.013823999999999998,0.0033177599999999995,0.0007962623999999999,0.0576,0.041471999999999995,0.043130879999999996,0.029461708799999996,0.0001161290322580645,8.361290322580645e-06,1.1994126807563957e-06,1.4630198633402192e-07,0.0576,0.4147199999999999,1.4664499199999999,0.17166458879999996,0.15842546316478098,0.00012583603724773557,0.0001258281205577301,1.9387699199999997,1.0779910992413424
code_n32_k16_cw3_012_q02,code_n32_k16_cw3_012,q02,train,0.3,32,16,16,0.5,0.19999999999999996,3,0.1875,6.0,5.875,1.0,11.0,3.0,0.0,3.0,3.0,1,0,0,0,1,32,2,0,12,0,242792,exact_all,2,1,3,13,37,41416,exact,2,1,30,442,0.09,0.026999999999999996,0.0081,0.0024299999999999994,0.09,0.08099999999999999,0.10529999999999999,0.08990999999999998,0.0001814516129032258,1.6330645161290322e-05,2.9282536151279197e-06,4.464782297791196e-07,0.09,0.8099999999999998,3.5801999999999996,0.36621,0.3120404828613609,0.00020115698990942317,0.0002011367605549337,4.480199999999999,1.7011415966443133
code_n32_k16_cw3_012_q03,code_n32_k16_cw3_012,q03,train,0.36,32,16,16,0.5,0.14,3,0.1875,6.0,5.875,1.0,11.0,3.0,0.0,3.0,3.0,1,0,0,0,1,32,2,0,12,0,242792,exact_all,2,1,3,13,37,41416,exact,2,1,30,442,0.1296,0.046655999999999996,0.016796159999999997,0.006046617599999999,0.1296,0.13996799999999998,0.21835007999999997,0.22372485119999996,0.00026129032258064515,2.8219354838709677e-05,6.0720266963292535e-06,1.110980708723979e-06,0.1296,1.3996799999999998,7.423902719999999,0.7116429311999999,0.5374536877418744,0.0002966926848244081,0.0002966486802534683,8.95318272,2.2978923713793495
code_n32_k16_cw3_013_q00,code_n32_k16_cw3_013,q00,validation,0.18,32,16,16,0.5,0.32000000000000006,3,0.1875,6.0,6.5,2.0,12.0,3.0,0.0,3.0,3.0,0,0,1,0,1,32,4,0,10,0,242792,exact_all,3,0,1,8,57,41416,exact,4,0,0,3,0.0324,0.0058319999999999995,0.0010497599999999998,0.00018895679999999997,0.0,0.0058319999999999995,0.008398079999999999,0.010770537599999998,0.0,1.1758064516129031e-06,2.3353948832035592e-07,5.3484713173367226e-08,0.0,0.0,0.0031492799999999995,0.025000617599999997,0.024693215126775338,1.4628306531066263e-06,1.46282958317091e-06,0.0031492799999999995,0.0031443314046935215
code_n32_k16_cw3_013_q01,code_n32_k16_cw3_013,q01,validation,0.24,32,16,16,0.5,0.26,3,0.1875,6.0,6.5,2.0,12.0,3.0,0.0,3.0,3.0,0,0,1,0,1,32,4,0,10,0,242792,exact_all,3,0,1,8,57,41416,exact,4,0,0,3,0.0576,0.013823999999999998,0.0033177599999999995,0.0007962623999999999,0.0,0.013823999999999998,0.026542079999999996,0.04538695679999999,0.0,2.7870967741935478e-06,7.381001112347052e-07,2.2538414110916887e-07,0.0,0.0,0.009953279999999998,0.08575303679999999,0.082273789389509,3.7505810265374218e-06,3.7505739931259895e-06,0.009953279999999998,0.009904072357517795
code_n32_k16_cw3_013_q02,code_n32_k16_cw3_013,q02,validation,0.3,32,16,16,0.5,0.19999999999999996,3,0.1875,6.0,6.5,2.0,12.0,3.0,0.0,3.0,3.0,0,0,1,0,1,32,4,0,10,0,242792,exact_all,3,0,1,8,57,41416,exact,4,0,0,3,0.09,0.026999999999999996,0.0081,0.0024299999999999994,0.0,0.026999999999999996,0.0648,0.13850999999999997,0.0,5.4435483870967734e-06,1.8020022246941046e-06,6.878178134435085e-07,0.0,0.0,0.0243,0.23030999999999996,0.20726617014979104,7.933368425234387e-06,7.933336956233539e-06,0.0243,0.024009452460351865
code_n32_k16_cw3_013_q03,code_n32_k16_cw3_013,q03,validation,0.36,32,16,16,0.5,0.14,3,0.1875,6.0,6.5,2.0,12.0,3.0,0.0,3.0,3.0,0,0,1,0,1,32,4,0,10,0,242792,exact_all,3,0,1,8,57,41416,exact,4,0,0,3,0.1296,0.046655999999999996,0.016796159999999997,0.006046617599999999,0.0,0.046655999999999996,0.13436927999999998,0.34465720319999993,0.0,9.406451612903225e-06,3.7366318131256946e-06,1.7115108215477512e-06,0.0,0.0,0.05038847999999999,0.5256824831999999,0.42244183991491974,1.485459424757667e-05,1.4854483919184128e-05,0.05038847999999999,0.04916007669573743
code_n32_k16_cw3_014_q00,code_n32_k16_cw3_014,q00,train,0.18,32,16,16,0.5,0.32000000000000006,3,0.1875,6.0,5.0,3.0,11.0,3.0,0.0,3.0,3.0,0,0,0,0,3,32,1,0,12,0,242792,exact_all,3,0,2,3,39,41416,exact,4,0,0,2,0.0324,0.0058319999999999995,0.0010497599999999998,0.00018895679999999997,0.0,0.011663999999999999,0.0031492799999999995,0.007369315199999999,0.0,2.3516129032258062e-06,8.757730812013346e-08,3.659480375019863e-08,0.0,0.0,0.0020995199999999997,0.022182595199999995,0.021940140402153904,2.4757850150961383e-06,2.4757819503454764e-06,0.0020995199999999997,0.002097319087919047
code_n32_k16_cw3_014_q01,code_n32_k16_cw3_014,q01,train,0.24,32,16,16,0.5,0.26,3,0.1875,6.0,5.0,3.0,11.0,3.0,0.0,3.0,3.0,0,0,0,0,3,32,1,0,12,0,242792,exact_all,3,0,2,3,39,41416,exact,4,0,0,2,0.0576,0.013823999999999998,0.0033177599999999995,0.0007962623999999999,0.0,0.027647999999999995,0.009953279999999998,0.031054233599999995,0.0,5.5741935483870956e-06,2.767875417130144e-07,1.5421020181153662e-07,0.0,0.0,0.006635519999999999,0.0686555136,0.066401329033101,6.005191291911647e-06,6.005173260822608e-06,0.006635519999999999,0.006613601842653617
code_n32_k16_cw3_014_q02,code_n32_k16_cw3_014,q02,train,0.3,32,16,16,0.5,0.19999999999999996,3,0.1875,6.0,5.0,3.0,11.0,3.0,0.0,3.0,3.0,0,0,0,0,3,32,1,0,12,0,242792,exact_all,3,0,2,3,39,41416,exact,4,0,0,2,0.09,0.026999999999999996,0.0081,0.0024299999999999994,0.0,0.05399999999999999,0.0243,0.09476999999999998,0.0,1.0887096774193547e-05,6.757508342602891e-07,4.706121881455585e-07,0.0,0.0,0.0162,0.17306999999999997,0.15962424393512487,1.2033459796599395e-05,1.2033387395102882e-05,0.0162,0.016070180177494467
code_n32_k16_cw3_014_q03,code_n32_k16_cw3_014,q03,train,0.36,32,16,16,0.5,0.14,3,0.1875,6.0,5.0,3.0,11.0,3.0,0.0,3.0,3.0,0,0,0,0,3,32,1,0,12,0,242792,exact_all,3,0,2,3,39,41416,exact,4,0,0,2,0.1296,0.046655999999999996,0.016796159999999997,0.006046617599999999,0.0,0.09331199999999999,0.05038847999999999,0.23581808639999996,0.0,1.881290322580645e-05,1.4012369299221354e-06,1.1710337200063562e-06,0.0,0.0,0.033592319999999995,0.3795185663999999,0.3217345733740514,2.1385173875734943e-05,2.138494521616404e-05,0.033592319999999995,0.03304042367803795
code_n32_k16_cw3_015_q00,code_n32_k16_cw3_015,q00,test,0.18,32,16,16,0.5,0.32000000000000006,3,0.1875,6.0,5.25,1.0,9.0,3.0,0.0,3.0,3.0,1,0,1,0,0,32,2,0,12,0,242792,exact_all,3,0,1,7,54,41416,exact,4,0,0,4,0.0324,0.0058319999999999995,0.0010497599999999998,0.00018895679999999997,0.0,0.0058319999999999995,0.0073483199999999985,0.010203667199999999,0.0,1.1758064516129031e-06,2.0434705228031142e-07,5.066972826950579e-08,0.0,0.0,0.004199039999999999,0.023383987199999998,0.02311477059847448,1.4308232321627205e-06,1.430822208536136e-06,0.004199039999999999,0.004190248633147544
code_n32_k16_cw3_015_q01,code_n32_k16_cw3_015,q01,test,0.24,32,16,16,0.5,0.26,3,0.1875,6.0,5.25,1.0,9.0,3.0,0.0,3.0,3.0,1,0,1,0,0,32,2,0,12,0,242792,exact_all,3,0,1,7,54,41416,exact,4,0,0,4,0.0576,0.013823999999999998,0.0033177599999999995,0.0007962623999999999,0.0,0.013823999999999998,0.023224319999999996,0.04299816959999999,0.0,2.7870967741935478e-06,6.458375973303669e-07,2.1352181789289684e-07,0.0,0.0,0.013271039999999998,0.08004648959999999,0.07700408613560496,3.6464561894168113e-06,3.6464495411116025e-06,0.013271039999999998,0.013183751176225745
code_n32_k16_cw3_015_q02,code_n32_k16_cw3_015,q02,test,0.3,32,16,16,0.5,0.19999999999999996,3,0.1875,6.0,5.25,1.0,9.0,3.0,0.0,3.0,3.0,1,0,1,0,0,32,2,0,12,0,242792,exact_all,3,0,1,7,54,41416,exact,4,0,0,4,0.09,0.026999999999999996,0.0081,0.0024299999999999994,0.0,0.026999999999999996,0.0567,0.13121999999999998,0.0,5.4435483870967734e-06,1.5767519466073413e-06,6.516168758938501e-07,0.0,0.0,0.0324,0.21491999999999997,0.19467823100332618,7.671917209597964e-06,7.671887780591647e-06,0.0324,0.031886188862321745
code_n32_k16_cw3_015_q03,code_n32_k16_cw3_015,q03,test,0.36,32,16,16,0.5,0.14,3,0.1875,6.0,5.25,1.0,9.0,3.0,0.0,3.0,3.0,1,0,1,0,0,32,2,0,12,0,242792,exact_all,3,0,1,7,54,41416,exact,4,0,0,4,0.1296,0.046655999999999996,0.016796159999999997,0.006046617599999999,0.0,0.046655999999999996,0.11757311999999998,0.32651735039999996,0.0,9.406451612903225e-06,3.2695528364849827e-06,1.6214313046241852e-06,0.0,0.0,0.06718463999999999,0.49074647039999997,0.3992769813509937,1.4297435754012393e-05,1.4297333546652023e-05,0.06718463999999999,0.06502400327204662
code_n32_k16_cw3_016_q00,code_n32_k16_cw3_016,q00,validation,0.18,32,16,16,0.5,0.32000000000000006,3,0.1875,6.0,3.875,4.0,11.0,3.0,0.0,3.0,3.0,0,0,0,0,0,32,5,0,11,0,242792,exact_all,2,1,1,5,42,41416,exact,2,1,30,437,0.0324,0.0058319999999999995,0.0010497599999999998,0.00018895679999999997,0.0324,0.0058319999999999995,0.0052488,0.0079361856,6.532258064516129e-05,1.1758064516129031e-06,1.4596218020022245e-07,3.940978865406006e-08,0.0324,0.17495999999999998,0.45874511999999995,0.05141698559999999,0.050138764494325715,6.668375906562848e-05,6.66815358026034e-05,0.6661051199999999,0.5104886389929993
code_n32_k16_cw3_016_q01,code_n32_k16_cw3_016,q01,validation,0.24,32,16,16,0.5,0.26,3,0.1875,6.0,3.875,4.0,11.0,3.0,0.0,3.0,3.0,0,0,0,0,0,32,5,0,11,0,242792,exact_all,2,1,1,5,42,41416,exact,2,1,30,437,0.0576,0.013823999999999998,0.0033177599999999995,0.0007962623999999999,0.0576,0.013823999999999998,0.016588799999999997,0.033443020799999994,0.0001161290322580645,2.7870967741935478e-06,4.613125695216907e-07,1.6607252502780865e-07,0.0576,0.4147199999999999,1.4498611199999998,0.1214558208,0.11462768124634042,0.00011954351412680755,0.00011953636937032319,1.9221811199999996,1.072330296349341
code_n32_k16_cw3_016_q02,code_n32_k16_cw3_016,q02,validation,0.3,32,16,16,0.5,0.19999999999999996,3,0.1875,6.0,3.875,4.0,11.0,3.0,0.0,3.0,3.0,0,0,0,0,0,32,5,0,11,0,242792,exact_all,2,1,1,5,42,41416,exact,2,1,30,437,0.09,0.026999999999999996,0.0081,0.0024299999999999994,0.09,0.026999999999999996,0.040499999999999994,0.10205999999999997,0.0001814516129032258,5.4435483870967734e-06,1.1262513904338153e-06,5.068131256952168e-07,0.09,0.8099999999999998,3.5397,0.25955999999999996,0.2307624536274447,0.0001885282258064516,0.00018851045659378573,4.439699999999999,1.6937239122883727
code_n32_k16_cw3_016_q03,code_n32_k16_cw3_016,q03,validation,0.36,32,16,16,0.5,0.14,3,0.1875,6.0,3.875,4.0,11.0,3.0,0.0,3.0,3.0,0,0,0,0,0,32,5,0,11,0,242792,exact_all,2,1,1,5,42,41416,exact,2,1,30,437,0.1296,0.046655999999999996,0.016796159999999997,0.006046617599999999,0.1296,0.046655999999999996,0.0839808,0.2539579392,0.00026129032258064515,9.406451612903225e-06,2.3353948832035593e-06,1.261113236929922e-06,0.1296,1.3996799999999998,7.339921919999999,0.5141947391999999,0.41488377237116714,0.00027429328231368187,0.0002742556707888892,8.869201919999998,2.2894189910069116
code_n32_k16_cw3_017_q00,code_n32_k16_cw3_017,q00,train,0.18,32,16,16,0.5,0.32000000000000006,3,0.1875,6.0,6.875,1.0,11.0,3.0,0.0,3.0,3.0,1,0,0,0,2,32,2,0,11,0,242792,exact_all,2,2,0,12,59,41416,exact,2,2,60,876,0.0324,0.0058319999999999995,0.0010497599999999998,0.00018895679999999997,0.0648,0.0,0.012597119999999998,0.011148451199999998,0.00013064516129032258,0.0,3.5030923248053385e-07,5.5361369775941515e-08,0.0648,0.34991999999999995,0.9195897599999998,0.08854557119999999,0.08484246687030932,0.00013105083189257906,0.0001310422454824718,1.3343097599999998,0.8477162414250786
code_n32_k16_cw3_017_q01,code_n32_k16_cw3_017,q01,train,0.24,32,16,16,0.5,0.26,3,0.1875,6.0,6.875,1.0,11.0,3.0,0.0,3.0,3.0,1,0,0,0,2,32,2,0,11,0,242792,exact_all,2,2,0,12,59,41416,exact,2,2,60,876,0.0576,0.013823999999999998,0.0033177599999999995,0.0007962623999999999,0.1152,0.0,0.039813119999999994,0.04697948159999999,0.000232258064516129,0.0,1.1071501668520576e-06,2.3329235658668357e-07,0.1152,0.8294399999999998,2.9063577599999997,0.2019926016,0.18398068101919807,0.00023359850703956773,0.00023357122715659943,3.8509977599999994,1.579184407502511
code_n32_k16_cw3_017_q02,code_n32_k16_cw3_017,q02,train,0.3,32,16,16,0.5,0.19999999999999996,3,0.1875,6.0,6.875,1.0,11.0,3.0,0.0,3.0,3.0,1,0,0,0,2,32,2,0,11,0,242792,exact_all,2,2,0,12,59,41416,exact,2,2,60,876,0.09,0.026999999999999996,0.0081,0.0024299999999999994,0.18,0.0,0.0972,0.14336999999999997,0.0003629032258064516,0.0,2.7030033370411564e-06,7.119517718099474e-07,0.18,1.6199999999999997,7.095599999999999,0.42057,0.35105819952105444,0.0003663181809153027,0.00036625110279125907,8.895599999999998,2.292090213901394
code_n32_k16_cw3_017_q03,code_n32_k16_cw3_017,q03,train,0.36,32,16,16,0.5,0.14,3,0.1875,6.0,6.875,1.0,11.0,3.0,0.0,3.0,3.0,1,0,0,0,2,32,2,0,11,0,242792,exact_all,2,2,0,12,59,41416,exact,2,2,60,876,0.1296,0.046655999999999996,0.016796159999999997,0.006046617599999999,0.2592,0.0,0.20155391999999997,0.3567504383999999,0.0005225806451612903,0.0,5.6049477196885415e-06,1.7715638328301285e-06,0.2592,2.7993599999999996,14.713436159999997,0.8175043583999999,0.5974643284419193,0.000529957156713809,0.0005298167790137543,17.771996159999997,2.932366193372167
code_n32_k16_cw3_018_q00,code_n32_k16_cw3_018,q00,train,0.18,32,16,16,0.5,0.32000000000000006,3,0.1875,6.0,5.75,1.0,11.0,3.0,0.0,3.0,3.0,1,0,0,0,1,32,2,0,12,0,242792,exact_all,3,0,3,14,57,41416,exact,4,0,0,6,0.0324,0.0058319999999999995,0.0010497599999999998,0.00018895679999999997,0.0,0.017495999999999998,0.014696639999999997,0.010770537599999998,0.0,3.5274193548387096e-06,4.0869410456062284e-07,5.3484713173367226e-08,0.0,0.0,0.006298559999999999,0.04296317759999999,0.04206587108094594,3.989598172572699e-06,3.989590214147077e-06,0.006298559999999999,0.006278806971330837
code_n32_k16_cw3_018_q01,code_n32_k16_cw3_018,q01,train,0.24,32,16,16,0.5,0.26,3,0.1875,6.0,5.75,1.0,11.0,3.0,0.0,3.0,3.0,1,0,0,0,1,32,2,0,12,0,242792,exact_all,3,0,3,14,57,41416,exact,4,0,0,6,0.0576,0.013823999999999998,0.0033177599999999995,0.0007962623999999999,0.0,0.041471999999999995,0.04644863999999999,0.04538695679999999,0.0,8.361290322580645e-06,1.2916751946607338e-06,2.2538414110916887e-07,0.0,0.0,0.019906559999999997,0.13330759679999998,0.12514043399027708,9.878349658350548e-06,9.878300867775876e-06,0.019906559999999997,0.019711015256787718
code_n32_k16_cw3_018_q02,code_n32_k16_cw3_018,q02,train,0.3,32,16,16,0.5,0.19999999999999996,3,0.1875,6.0,5.75,1.0,11.0,3.0,0.0,3.0,3.0,1,0,0,0,1,32,2,0,12,0,242792,exact_all,3,0,3,14,57,41416,exact,4,0,0,6,0.09,0.026999999999999996,0.0081,0.0024299999999999994,0.0,0.08099999999999999,0.1134,0.13850999999999997,0.0,1.6330645161290322e-05,3.1535038932146826e-06,6.878178134435085e-07,0.0,0.0,0.0486,0.33290999999999993,0.2873645220379847,2.017196686794851e-05,2.0171763416560857e-05,0.0486,0.04745594115629535
code_n32_k16_cw3_018_q03,code_n32_k16_cw3_018,q03,train,0.36,32,16,16,0.5,0.14,3,0.1875,6.0,5.75,1.0,11.0,3.0,0.0,3.0,3.0,1,0,0,0,1,32,2,0,12,0,242792,exact_all,3,0,3,14,57,41416,exact,4,0,0,6,0.1296,0.046655999999999996,0.016796159999999997,0.006046617599999999,0.0,0.13996799999999998,0.23514623999999995,0.34465720319999993,0.0,2.8219354838709677e-05,6.539105672969965e-06,1.7115108215477512e-06,0.0,0.0,0.10077695999999998,0.7197714431999999,0.5421914001353199,3.646997133322739e-05,3.646930631999149e-05,0.10077695999999998,0.09601625774534364
code_n32_k16_cw3_019_q00,code_n32_k16_cw3_019,q00,train,0.18,32,16,16,0.5,0.32000000000000006,3,0.1875,6.0,3.5,3.0,11.0,3.0,0.0,3.0,3.0,0,0,0,0,1,32,2,0,13,0,242792,exact_all,2,2,1,9,37,41416,exact,2,2,60,874,0.0324,0.0058319999999999995,0.0010497599999999998,0.00018895679999999997,0.0648,0.0058319999999999995,0.009447839999999999,0.006991401599999999,0.00013064516129032258,1.1758064516129031e-06,2.627319243604004e-07,3.471814714762434e-08,0.0648,0.34991999999999995,0.9174902399999999,0.0870712416,0.08348714564185733,0.0001321184178134435,0.00013210969094392574,1.3322102399999998,0.8468164187985124
code_n32_k16_cw3_019_q01,code_n32_k16_cw3_019,q01,train,0.24,32,16,16,0.5,0.26,3,0.1875,6.0,3.5,3.0,11.0,3.0,0.0,3.0,3.0,0,0,0,0,1,32,2,0,13,0,242792,exact_all,2,2,1,9,37,41416,exact,2,2,60,874,0.0576,0.013823999999999998,0.0033177599999999995,0.0007962623999999999,0.1152,0.013823999999999998,0.029859839999999995,0.029461708799999996,0.000232258064516129,2.7870967741935478e-06,8.303626251390433e-07,1.4630198633402192e-07,0.1152,0.8294399999999998,2.8997222399999996,0.18834554879999998,0.17256204464040706,0.00023602182590179563,0.00023599397713250337,3.8443622399999993,1.5778156040674578
code_n32_k16_cw3_019_q02,code_n32_k16_cw3_019,q02,train,0.3,32,16,16,0.5,0.19999999999999996,3,0.1875,6.0,3.5,3.0,11.0,3.0,0.0,3.0,3.0,0,0,0,0,1,32,2,0,13,0,242792,exact_all,2,2,1,9,37,41416,exact,2,2,60,874,0.09,0.026999999999999996,0.0081,0.0024299999999999994,0.18,0.026999999999999996,0.07289999999999999,0.08990999999999998,0.0003629032258064516,5.4435483870967734e-06,2.0272525027808677e-06,4.464782297791196e-07,0.18,1.6199999999999997,7.0794,0.36980999999999997,0.3146720440908359,0.00037082050492610836,0.0003707517679948556,8.879399999999999,2.290451781170772
code_n32_k16_cw3_019_q03,code_n32_k16_cw3_019,q03,train,0.36,32,16,16,0.5,0.14,3,0.1875,6.0,3.5,3.0,11.0,3.0,0.0,3.0,3.0,0,0,0,0,1,32,2,0,13,0,242792,exact_all,2,2,1,9,37,41416,exact,2,2,60,874,0.1296,0.046655999999999996,0.016796159999999997,0.006046617599999999,0.2592,0.046655999999999996,0.15116543999999998,0.22372485119999996,0.0005225806451612903,9.406451612903225e-06,4.203710789766407e-06,1.110980708723979e-06,0.2592,2.7993599999999996,14.679843839999998,0.6807462912,0.5192379157306312,0.0005373017882726839,0.0005371574933511427,17.738403839999997,2.930575099223323
code_n32_k16_cw3_020_q00,code_n32_k16_cw3_020,q00,validation,0.18,32,16,16,0.5,0.32000000000000006,3,0.1875,6.0,6.75,2.0,11.0,3.0,0.0,3.0,3.0,0,0,1,0,2,32,1,0,12,0,242792,exact_all,2,1,0,15,60,41416,exact,2,1,30,441,0.0324,0.0058319999999999995,0.0010497599999999998,0.00018895679999999997,0.0324,0.0,0.015746399999999997,0.011337407999999998,6.532258064516129e-05,0.0,4.378865406006674e-07,5.6299698077228657e-08,0.0324,0.17495999999999998,0.46294415999999994,0.05948380799999999,0.05778181592892567,6.581676688383918e-05,6.581460105546902e-05,0.6703041599999999,0.5130057415812195
code_n32_k16_cw3_020_q01,code_n32_k16_cw3_020,q01,validation,0.24,32,16,16,0.5,0.26,3,0.1875,6.0,6.75,2.0,11.0,3.0,0.0,3.0,3.0,0,0,1,0,2,32,1,0,12,0,242792,exact_all,2,1,0,15,60,41416,exact,2,1,30,441,0.0576,0.013823999999999998,0.0033177599999999995,0.0007962623999999999,0.0576,0.0,0.04976639999999999,0.047775743999999995,0.0001161290322580645,0.0,1.3839377085650722e-06,2.3724646432544093e-07,0.0576,0.4147199999999999,1.4631321599999998,0.15514214399999998,0.1442234047997312,0.00011775021643095502,0.00011774328441837889,1.9354521599999996,1.0768614993359922
code_n32_k16_cw3_020_q02,code_n32_k16_cw3_020,q02,validation,0.3,32,16,16,0.5,0.19999999999999996,3,0.1875,6.0,6.75,2.0,11.0,3.0,0.0,3.0,3.0,0,0,1,0,2,32,1,0,12,0,242792,exact_all,2,1,0,15,60,41416,exact,2,1,30,441,0.09,0.026999999999999996,0.0081,0.0024299999999999994,0.09,0.0,0.1215,0.14579999999999996,0.0001814516129032258,0.0,3.378754171301446e-06,7.240187509931669e-07,0.09,0.8099999999999998,3.5721,0.35729999999999995,0.30549743232178234,0.00018555438582552042,0.000185537172739747,4.472099999999999,1.6996624550070674
code_n32_k16_cw3_020_q03,code_n32_k16_cw3_020,q03,validation,0.36,32,16,16,0.5,0.14,3,0.1875,6.0,6.75,2.0,11.0,3.0,0.0,3.0,3.0,0,0,1,0,2,32,1,0,12,0,242792,exact_all,2,1,0,15,60,41416,exact,2,1,30,441,0.1296,0.046655999999999996,0.016796159999999997,0.006046617599999999,0.1296,0.0,0.25194239999999996,0.36279705599999995,0.00026129032258064515,0.0,7.006184649610678e-06,1.801590338471317e-06,0.1296,1.3996799999999998,7.407106559999999,0.7443394559999998,0.556375948748287,0.00027009809756872716,0.0002700616276443957,8.936386559999999,2.2962034294262916
code_n32_k16_cw3_021_q00,code_n32_k16_cw3_021,q00,train,0.18,32,16,16,0.5,0.32000000000000006,3,0.1875,6.0,2.75,3.0,8.0,3.0,0.0,3.0,3.0,0,0,0,0,1,32,3,0,12,0,242792,exact_all,4,0,0,5,25,41416,exact,4,0,0,5,0.0324,0.0058319999999999995,0.0010497599999999998,0.00018895679999999997,0.0,0.0,0.0052488,0.0047239199999999995,0.0,0.0,1.4596218020022245e-07,2.345820753217861e-08,0.0,0.0,0.0052488,0.00997272,0.00992332058740404,1.6942038773240106e-07,1.6942037338076878e-07,0.0052488,0.005235073061631587
code_n32_k16_cw3_021_q01,code_n32_k16_cw3_021,q01,train,0.24,32,16,16,0.5,0.26,3,0.1875,6.0,2.75,3.0,8.0,3.0,0.0,3.0,3.0,0,0,0,0,1,32,3,0,12,0,242792,exact_all,4,0,0,5,25,41416,exact,4,0,0,5,0.0576,0.013823999999999998,0.0033177599999999995,0.0007962623999999999,0.0,0.0,0.016588799999999997,0.019906559999999997,0.0,0.0,4.613125695216907e-07,9.885269346893372e-08,0.0,0.0,0.016588799999999997,0.03649535999999999,0.03584517627972158,5.601652629906244e-07,5.601651060981221e-07,0.016588799999999997,0.01645270885409976
code_n32_k16_cw3_021_q02,code_n32_k16_cw3_021,q02,train,0.3,32,16,16,0.5,0.19999999999999996,3,0.1875,6.0,2.75,3.0,8.0,3.0,0.0,3.0,3.0,0,0,0,0,1,32,3,0,12,0,242792,exact_all,4,0,0,5,25,41416,exact,4,0,0,5,0.09,0.026999999999999996,0.0081,0.0024299999999999994,0.0,0.0,0.040499999999999994,0.060749999999999985,0.0,0.0,1.1262513904338153e-06,3.0167447958048615e-07,0.0,0.0,0.040499999999999994,0.10124999999999998,0.09644589826825219,1.4279258700143015e-06,1.427924850529127e-06,0.040499999999999994,0.03970136685155206
code_n32_k16_cw3_021_q03,code_n32_k16_cw3_021,q03,train,0.36,32,16,16,0.5,0.14,3,0.1875,6.0,2.75,3.0,8.0,3.0,0.0,3.0,3.0,0,0,0,0,1,32,3,0,12,0,242792,exact_all,4,0,0,5,25,41416,exact,4,0,0,5,0.1296,0.046655999999999996,0.016796159999999997,0.006046617599999999,0.0,0.0,0.0839808,0.15116543999999998,0.0,0.0,2.3353948832035593e-06,7.506626410297155e-07,0.0,0.0,0.0839808,0.23514623999999998,0.21118937602514548,3.0860575242332746e-06,3.08605276236755e-06,0.0839808,0.08064019068347023
code_n32_k16_cw3_022_q00,code_n32_k16_cw3_022,q00,validation,0.18,32,16,16,0.5,0.32000000000000006,3,0.1875,6.0,4.875,3.0,11.0,3.0,0.0,3.0,3.0,0,0,0,0,3,32,1,0,12,0,242792,exact_all,3,0,1,6,42,41416,exact,4,0,0,6,0.0324,0.0058319999999999995,0.0010497599999999998,0.00018895679999999997,0.0,0.0058319999999999995,0.006298559999999999,0.0079361856,0.0,1.1758064516129031e-06,1.7515461624026692e-07,3.940978865406006e-08,0.0,0.0,0.006298559999999999,0.020066745599999998,0.0198680620180267,1.3903708565072302e-06,1.3903698899425668e-06,0.006298559999999999,0.006278806971330837
code_n32_k16_cw3_022_q01,code_n32_k16_cw3_022,q01,validation,0.24,32,16,16,0.5,0.26,3,0.1875,6.0,4.875,3.0,11.0,3.0,0.0,3.0,3.0,0,0,0,0,3,32,1,0,12,0,242792,exact_all,3,0,1,6,42,41416,exact,4,0,0,6,0.0576,0.013823999999999998,0.0033177599999999995,0.0007962623999999999,0.0,0.013823999999999998,0.019906559999999997,0.033443020799999994,0.0,2.7870967741935478e-06,5.535750834260288e-07,1.6607252502780865e-07,0.0,0.0,0.019906559999999997,0.0671735808,0.06501364025060784,3.5067443826473853e-06,3.506738234033677e-06,0.019906559999999997,0.019711015256787718
code_n32_k16_cw3_022_q02,code_n32_k16_cw3_022,q02,validation,0.3,32,16,16,0.5,0.19999999999999996,3,0.1875,6.0,4.875,3.0,11.0,3.0,0.0,3.0,3.0,0,0,0,0,3,32,1,0,12,0,242792,exact_all,3,0,1,6,42,41416,exact,4,0,0,6,0.09,0.026999999999999996,0.0081,0.0024299999999999994,0.0,0.026999999999999996,0.0486,0.10205999999999997,0.0,5.4435483870967734e-06,1.3515016685205782e-06,5.068131256952168e-07,0.0,0.0,0.0486,0.17765999999999998,0.1635294187814687,7.301863181312568e-06,7.30183652283938e-06,0.0486,0.04745594115629535
code_n32_k16_cw3_022_q03,code_n32_k16_cw3_022,q03,validation,0.36,32,16,16,0.5,0.14,3,0.1875,6.0,4.875,3.0,11.0,3.0,0.0,3.0,3.0,0,0,0,0,3,32,1,0,12,0,242792,exact_all,3,0,1,6,42,41416,exact,4,0,0,6,0.1296,0.046655999999999996,0.016796159999999997,0.006046617599999999,0.0,0.046655999999999996,0.10077695999999998,0.2539579392,0.0,9.406451612903225e-06,2.8024738598442708e-06,1.261113236929922e-06,0.0,0.0,0.10077695999999998,0.40139089919999993,0.3374652428558586,1.3470038709677417e-05,1.3469947989520665e-05,0.10077695999999998,0.09601625774534364
code_n32_k16_cw3_023_q00,code_n32_k16_cw3_023,q00,train,0.18,32,16,16,0.5,0.32000000000000006,3,0.1875,6.0,4.25,1.0,10.0,3.0,0.0,3.0,3.0,1,0,0,0,0,32,3,0,12,0,242792,exact_all,4,0,0,10,54,41416,exact,4,0,0,8,0.0324,0.0058319999999999995,0.0010497599999999998,0.00018895679999999997,0.0,0.0,0.0104976,0.010203667199999999,0.0,0.0,2.919243604004449e-07,5.066972826950579e-08,0.0,0.0,0.008398079999999999,0.020701267199999998,0.020489907927475733,3.425940886699507e-07,3.425940299846093e-07,0.008398079999999999,0.008363012323468396
code_n32_k16_cw3_023_q01,code_n32_k16_cw3_023,q01,train,0.24,32,16,16,0.5,0.26,3,0.1875,6.0,4.25,1.0,10.0,3.0,0.0,3.0,3.0,1,0,0,0,0,32,3,0,12,0,242792,exact_all,4,0,0,10,54,41416,exact,4,0,0,8,0.0576,0.013823999999999998,0.0033177599999999995,0.0007962623999999999,0.0,0.0,0.033177599999999995,0.04299816959999999,0.0,0.0,9.226251390433814e-07,2.1352181789289684e-07,0.0,0.0,0.026542079999999996,0.07617576959999998,0.07341380304551533,1.1361469569362783e-06,1.1361463115218134e-06,0.026542079999999996,0.02619595030443698
code_n32_k16_cw3_023_q02,code_n32_k16_cw3_023,q02,train,0.3,32,16,16,0.5,0.19999999999999996,3,0.1875,6.0,4.25,1.0,10.0,3.0,0.0,3.0,3.0,1,0,0,0,0,32,3,0,12,0,242792,exact_all,4,0,0,10,54,41416,exact,4,0,0,8,0.09,0.026999999999999996,0.0081,0.0024299999999999994,0.0,0.0,0.08099999999999999,0.13121999999999998,0.0,0.0,2.2525027808676306e-06,6.516168758938501e-07,0.0,0.0,0.0648,0.21221999999999996,0.1924533893265115,2.904119656761481e-06,2.904115439814155e-06,0.0648,0.06278698809876482
code_n32_k16_cw3_023_q03,code_n32_k16_cw3_023,q03,train,0.36,32,16,16,0.5,0.14,3,0.1875,6.0,4.25,1.0,10.0,3.0,0.0,3.0,3.0,1,0,0,0,0,32,3,0,12,0,242792,exact_all,4,0,0,10,54,41416,exact,4,0,0,8,0.1296,0.046655999999999996,0.016796159999999997,0.006046617599999999,0.0,0.0,0.1679616,0.32651735039999996,0.0,0.0,4.6707897664071185e-06,1.6214313046241852e-06,0.0,0.0,0.13436927999999998,0.49447895039999995,0.40177761793205946,6.292221071031303e-06,6.29220127509134e-06,0.13436927999999998,0.12607679603412303
code_n32_k16_cw3_024_q00,code_n32_k16_cw3_024,q00,validation,0.18,32,16,16,0.5,0.32000000000000006,3,0.1875,6.0,4.875,1.0,10.0,3.0,0.0,3.0,3.0,1,0,0,0,1,32,2,0,12,0,242792,exact_all,2,3,2,13,74,41416,exact,2,3,90,1305,0.0324,0.0058319999999999995,0.0010497599999999998,0.00018895679999999997,0.0972,0.011663999999999999,0.013646879999999998,0.013982803199999998,0.00019596774193548385,2.3516129032258062e-06,3.7950166852057834e-07,6.943629429524868e-08,0.0972,0.5248799999999999,1.3699367999999998,0.1364936832,0.12794780617798848,0.00019876829280152548,0.00019874854100172487,1.9920167999999996,1.0959476750697288
code_n32_k16_cw3_024_q01,code_n32_k16_cw3_024,q01,validation,0.24,32,16,16,0.5,0.26,3,0.1875,6.0,4.875,1.0,10.0,3.0,0.0,3.0,3.0,1,0,0,0,1,32,2,0,12,0,242792,exact_all,2,3,2,13,74,41416,exact,2,3,90,1305,0.0576,0.013823999999999998,0.0033177599999999995,0.0007962623999999999,0.1728,0.027647999999999995,0.043130879999999996,0.05892341759999999,0.00034838709677419355,5.5741935483870956e-06,1.1994126807563957e-06,2.9260397266804384e-07,0.1728,1.2441599999999997,4.3296768,0.30250229759999997,0.26428725863615155,0.0003554533069760051,0.0003553901484154546,5.746636799999999,1.909044128863886
code_n32_k16_cw3_024_q02,code_n32_k16_cw3_024,q02,validation,0.3,32,16,16,0.5,0.19999999999999996,3,0.1875,6.0,4.875,1.0,10.0,3.0,0.0,3.0,3.0,1,0,0,0,1,32,2,0,12,0,242792,exact_all,2,3,2,13,74,41416,exact,2,3,90,1305,0.09,0.026999999999999996,0.0081,0.0024299999999999994,0.27,0.05399999999999999,0.10529999999999999,0.17981999999999995,0.0005443548387096774,1.0887096774193547e-05,2.9282536151279197e-06,8.929564595582392e-07,0.27,2.4299999999999997,10.5705,0.60912,0.4756874457140332,0.0005590631455585571,0.0005589069279791453,13.270499999999998,2.6581944694173063
code_n32_k16_cw3_024_q03,code_n32_k16_cw3_024,q03,validation,0.36,32,16,16,0.5,0.14,3,0.1875,6.0,4.875,1.0,10.0,3.0,0.0,3.0,3.0,1,0,0,0,1,32,2,0,12,0,242792,exact_all,2,3,2,13,74,41416,exact,2,3,90,1305,0.1296,0.046655999999999996,0.016796159999999997,0.006046617599999999,0.3888,0.09331199999999999,0.21835007999999997,0.4474497023999999,0.0007838709677419354,1.881290322580645e-05,6.0720266963292535e-06,2.221961417447958e-06,0.3888,4.199039999999999,21.918988799999997,1.1479117824,0.7644961061570548,0.0008109778590815191,0.0008106491942188398,26.506828799999997,3.3144342938462175
code_n32_k16_cw3_025_q00,code_n32_k16_cw3_025,q00,test,0.18,32,16,16,0.5,0.32000000000000006,3,0.1875,6.0,4.875,3.0,11.0,3.0,0.0,3.0,3.0,0,0,0,0,2,32,3,0,11,0,242792,exact_all,2,1,3,8,41,41416,exact,2,1,30,441,0.0324,0.0058319999999999995,0.0010497599999999998,0.00018895679999999997,0.0324,0.017495999999999998,0.008398079999999999,0.007747228799999999,6.532258064516129e-05,3.5274193548387096e-06,2.3353948832035592e-07,3.847146035277292e-08,0.0324,0.17495999999999998,0.46294415999999994,0.0660413088,0.06395207621235588,6.912201094867313e-05,6.911962213255355e-05,0.6703041599999999,0.5130057415812195
code_n32_k16_cw3_025_q01,code_n32_k16_cw3_025,q01,test,0.24,32,16,16,0.5,0.26,3,0.1875,6.0,4.875,3.0,11.0,3.0,0.0,3.0,3.0,0,0,0,0,2,32,3,0,11,0,242792,exact_all,2,1,3,8,41,41416,exact,2,1,30,441,0.0576,0.013823999999999998,0.0033177599999999995,0.0007962623999999999,0.0576,0.041471999999999995,0.026542079999999996,0.032646758399999996,0.0001161290322580645,8.361290322580645e-06,7.381001112347052e-07,1.6211841728905132e-07,0.0576,0.4147199999999999,1.4631321599999998,0.1582608384,0.14691960283613142,0.0001253905411091689,0.00012538268037237026,1.9354521599999996,1.0768614993359922
code_n32_k16_cw3_025_q02,code_n32_k16_cw3_025,q02,test,0.3,32,16,16,0.5,0.19999999999999996,3,0.1875,6.0,4.875,3.0,11.0,3.0,0.0,3.0,3.0,0,0,0,0,2,32,3,0,11,0,242792,exact_all,2,1,3,8,41,41416,exact,2,1,30,441,0.09,0.026999999999999996,0.0081,0.0024299999999999994,0.09,0.08099999999999999,0.0648,0.09962999999999998,0.0001814516129032258,1.6330645161290322e-05,1.8020022246941046e-06,4.947461465119973e-07,0.09,0.8099999999999998,3.5721,0.33542999999999995,0.2892533373682656,0.00020007900643572224,0.00020005899330074168,4.472099999999999,1.6996624550070674
code_n32_k16_cw3_025_q03,code_n32_k16_cw3_025,q03,test,0.36,32,16,16,0.5,0.14,3,0.1875,6.0,4.875,3.0,11.0,3.0,0.0,3.0,3.0,0,0,0,0,2,32,3,0,11,0,242792,exact_all,2,1,3,8,41,41416,exact,2,1,30,441,0.1296,0.046655999999999996,0.016796159999999997,0.006046617599999999,0.1296,0.13996799999999998,0.13436927999999998,0.24791132159999996,0.00026129032258064515,2.8219354838709677e-05,3.7366318131256946e-06,1.2310867312887334e-06,0.1296,1.3996799999999998,7.407106559999999,0.6518486015999999,0.5018950253784978,0.0002944773959637693,0.0002944340460055822,8.936386559999999,2.2962034294262916
code_n32_k16_cw3_026_q00,code_n32_k16_cw3_026,q00,train,0.18,32,16,16,0.5,0.32000000000000006,3,0.1875,6.0,3.75,3.0,9.0,3.0,0.0,3.0,3.0,0,0,0,0,1,32,3,0,12,0,242792,exact_all,4,0,0,7,25,41416,exact,4,0,0,3,0.0324,0.0058319999999999995,0.0010497599999999998,0.00018895679999999997,0.0,0.0,0.0073483199999999985,0.0047239199999999995,0.0,0.0,2.0434705228031142e-07,2.345820753217861e-08,0.0,0.0,0.0031492799999999995,0.012072239999999998,0.011999951716809685,2.2780525981249002e-07,2.2780523386487577e-07,0.0031492799999999995,0.0031443314046935215
code_n32_k16_cw3_026_q01,code_n32_k16_cw3_026,q01,train,0.24,32,16,16,0.5,0.26,3,0.1875,6.0,3.75,3.0,9.0,3.0,0.0,3.0,3.0,0,0,0,0,1,32,3,0,12,0,242792,exact_all,4,0,0,7,25,41416,exact,4,0,0,3,0.0576,0.013823999999999998,0.0033177599999999995,0.0007962623999999999,0.0,0.0,0.023224319999999996,0.019906559999999997,0.0,0.0,6.458375973303669e-07,9.885269346893372e-08,0.0,0.0,0.009953279999999998,0.043130879999999996,0.0422266523264035,7.446902907993006e-07,7.446900135176237e-07,0.009953279999999998,0.009904072357517795
code_n32_k16_cw3_026_q02,code_n32_k16_cw3_026,q02,train,0.3,32,16,16,0.5,0.19999999999999996,3,0.1875,6.0,3.75,3.0,9.0,3.0,0.0,3.0,3.0,0,0,0,0,1,32,3,0,12,0,242792,exact_all,4,0,0,7,25,41416,exact,4,0,0,3,0.09,0.026999999999999996,0.0081,0.0024299999999999994,0.0,0.0,0.0567,0.060749999999999985,0.0,0.0,1.5767519466073413e-06,3.0167447958048615e-07,0.0,0.0,0.0243,0.11744999999999998,0.11104930377529457,1.8784264261878275e-06,1.8784246619471176e-06,0.0243,0.024009452460351865
code_n32_k16_cw3_026_q03,code_n32_k16_cw3_026,q03,train,0.36,32,16,16,0.5,0.14,3,0.1875,6.0,3.75,3.0,9.0,3.0,0.0,3.0,3.0,0,0,0,0,1,32,3,0,12,0,242792,exact_all,4,0,0,7,25,41416,exact,4,0,0,3,0.1296,0.046655999999999996,0.016796159999999997,0.006046617599999999,0.0,0.0,0.11757311999999998,0.15116543999999998,0.0,0.0,3.2695528364849827e-06,7.506626410297155e-07,0.0,0.0,0.05038847999999999,0.26873855999999996,0.23802314701854077,4.020215477514698e-06,4.020207396470114e-06,0.05038847999999999,0.04916007669573743
code_n32_k16_cw3_027_q00,code_n32_k16_cw3_027,q00,validation,0.18,32,16,16,0.5,0.32000000000000006,3,0.1875,6.0,4.25,3.0,10.0,3.0,0.0,3.0,3.0,0,0,0,0,2,32,2,0,12,0,242792,exact_all,4,0,0,9,60,41416,exact,4,0,0,5,0.0324,0.0058319999999999995,0.0010497599999999998,0.00018895679999999997,0.0,0.0,0.009447839999999999,0.011337407999999998,0.0,0.0,2.627319243604004e-07,5.6299698077228657e-08,0.0,0.0,0.0052488,0.020785248,0.020572182093307433,3.190316224376291e-07,3.1903157154705183e-07,0.0052488,0.005235073061631587
code_n32_k16_cw3_027_q01,code_n32_k16_cw3_027,q01,validation,0.24,32,16,16,0.5,0.26,3,0.1875,6.0,4.25,3.0,10.0,3.0,0.0,3.0,3.0,0,0,0,0,2,32,2,0,12,0,242792,exact_all,4,0,0,9,60,41416,exact,4,0,0,5,0.0576,0.013823999999999998,0.0033177599999999995,0.0007962623999999999,0.0,0.0,0.029859839999999995,0.047775743999999995,0.0,0.0,8.303626251390433e-07,2.3724646432544093e-07,0.0,0.0,0.016588799999999997,0.077635584,0.0747693670981429,1.0676090894644843e-06,1.0676085195703058e-06,0.016588799999999997,0.01645270885409976
code_n32_k16_cw3_027_q02,code_n32_k16_cw3_027,q02,validation,0.3,32,16,16,0.5,0.19999999999999996,3,0.1875,6.0,4.25,3.0,10.0,3.0,0.0,3.0,3.0,0,0,0,0,2,32,2,0,12,0,242792,exact_all,4,0,0,9,60,41416,exact,4,0,0,5,0.09,0.026999999999999996,0.0081,0.0024299999999999994,0.0,0.0,0.07289999999999999,0.14579999999999996,0.0,0.0,2.0272525027808677e-06,7.240187509931669e-07,0.0,0.0,0.040499999999999994,0.21869999999999995,0.19778471684731957,2.751271253774035e-06,2.751267469034221e-06,0.040499999999999994,0.03970136685155206
code_n32_k16_cw3_027_q03,code_n32_k16_cw3_027,q03,validation,0.36,32,16,16,0.5,0.14,3,0.1875,6.0,4.25,3.0,10.0,3.0,0.0,3.0,3.0,0,0,0,0,2,32,2,0,12,0,242792,exact_all,4,0,0,9,60,41416,exact,4,0,0,5,0.1296,0.046655999999999996,0.016796159999999997,0.006046617599999999,0.0,0.0,0.15116543999999998,0.36279705599999995,0.0,0.0,4.203710789766407e-06,1.801590338471317e-06,0.0,0.0,0.0839808,0.513962496,0.4147303832421248,6.005301128237724e-06,6.005283096489094e-06,0.0839808,0.08064019068347023
code_n32_k16_cw3_028_q00,code_n32_k16_cw3_028,q00,train,0.18,32,16,16,0.5,0.32000000000000006,3,0.1875,6.0,3.75,3.0,10.0,3.0,0.0,3.0,3.0,0,0,0,0,2,32,1,0,13,0,242792,exact_all,3,0,1,8,48,41416,exact,4,0,0,6,0.0324,0.0058319999999999995,0.0010497599999999998,0.00018895679999999997,0.0,0.0058319999999999995,0.008398079999999999,0.009069926399999999,0.0,1.1758064516129031e-06,2.3353948832035592e-07,4.503975846178293e-08,0.0,0.0,0.006298559999999999,0.023300006399999997,0.023032705364848048,1.454385698395042e-06,1.4543846407771876e-06,0.006298559999999999,0.006278806971330837
code_n32_k16_cw3_028_q01,code_n32_k16_cw3_028,q01,train,0.24,32,16,16,0.5,0.26,3,0.1875,6.0,3.75,3.0,10.0,3.0,0.0,3.0,3.0,0,0,0,0,2,32,1,0,13,0,242792,exact_all,3,0,1,8,48,41416,exact,4,0,0,6,0.0576,0.013823999999999998,0.0033177599999999995,0.0007962623999999999,0.0,0.013823999999999998,0.026542079999999996,0.03822059519999999,0.0,2.7870967741935478e-06,7.381001112347052e-07,1.8979717146035275e-07,0.0,0.0,0.019906559999999997,0.07858667519999998,0.07565155005272832,3.714994056888606e-06,3.714987156315275e-06,0.019906559999999997,0.019711015256787718
code_n32_k16_cw3_028_q02,code_n32_k16_cw3_028,q02,train,0.3,32,16,16,0.5,0.19999999999999996,3,0.1875,6.0,3.75,3.0,10.0,3.0,0.0,3.0,3.0,0,0,0,0,2,32,1,0,13,0,242792,exact_all,3,0,1,8,48,41416,exact,4,0,0,6,0.09,0.026999999999999996,0.0081,0.0024299999999999994,0.0,0.026999999999999996,0.0648,0.11663999999999997,0.0,5.4435483870967734e-06,1.8020022246941046e-06,5.792150007945334e-07,0.0,0.0,0.0486,0.20843999999999996,0.1893302716045127,7.824765612585411e-06,7.82473499926666e-06,0.0486,0.04745594115629535
code_n32_k16_cw3_028_q03,code_n32_k16_cw3_028,q03,train,0.36,32,16,16,0.5,0.14,3,0.1875,6.0,3.75,3.0,10.0,3.0,0.0,3.0,3.0,0,0,0,0,2,32,1,0,13,0,242792,exact_all,3,0,1,8,48,41416,exact,4,0,0,6,0.1296,0.046655999999999996,0.016796159999999997,0.006046617599999999,0.0,0.046655999999999996,0.13436927999999998,0.29023764479999997,0.0,9.406451612903225e-06,3.7366318131256946e-06,1.4412722707770537e-06,0.0,0.0,0.10077695999999998,0.4712629248,0.38612116446455247,1.4584355696805973e-05,1.4584249346124463e-05,0.10077695999999998,0.09601625774534364
code_n32_k16_cw3_029_q00,code_n32_k16_cw3_029,q00,validation,0.18,32,16,16,0.5,0.32000000000000006,3,0.1875,6.0,4.75,3.0,11.0,3.0,0.0,3.0,3.0,0,0,0,0,1,32,3,0,12,0,242792,exact_all,3,0,2,8,39,41416,exact,4,0,0,6,0.0324,0.0058319999999999995,0.0010497599999999998,0.00018895679999999997,0.0,0.011663999999999999,0.008398079999999999,0.007369315199999999,0.0,2.3516129032258062e-06,2.3353948832035592e-07,3.659480375019863e-08,0.0,0.0,0.006298559999999999,0.027431395199999993,0.027061896497325804,2.6217471952963608e-06,2.6217437585231897e-06,0.006298559999999999,0.006278806971330837
code_n32_k16_cw3_029_q01,code_n32_k16_cw3_029,q01,validation,0.24,32,16,16,0.5,0.26,3,0.1875,6.0,4.75,3.0,11.0,3.0,0.0,3.0,3.0,0,0,0,0,1,32,3,0,12,0,242792,exact_all,3,0,2,8,39,41416,exact,4,0,0,6,0.0576,0.013823999999999998,0.0033177599999999995,0.0007962623999999999,0.0,0.027647999999999995,0.026542079999999996,0.031054233599999995,0.0,5.5741935483870956e-06,7.381001112347052e-07,1.5421020181153662e-07,0.0,0.0,0.019906559999999997,0.08524431359999998,0.08180513546948698,6.466503861433337e-06,6.466482953687376e-06,0.019906559999999997,0.019711015256787718
code_n32_k16_cw3_029_q02,code_n32_k16_cw3_029,q02,validation,0.3,32,16,16,0.5,0.19999999999999996,3,0.1875,6.0,4.75,3.0,11.0,3.0,0.0,3.0,3.0,0,0,0,0,1,32,3,0,12,0,242792,exact_all,3,0,2,8,39,41416,exact,4,0,0,6,0.09,0.026999999999999996,0.0081,0.0024299999999999994,0.0,0.05399999999999999,0.0648,0.09476999999999998,0.0,1.0887096774193547e-05,1.8020022246941046e-06,4.706121881455585e-07,0.0,0.0,0.0486,0.21356999999999998,0.1935664289048521,1.315971118703321e-05,1.3159624598793597e-05,0.0486,0.04745594115629535
code_n32_k16_cw3_029_q03,code_n32_k16_cw3_029,q03,validation,0.36,32,16,16,0.5,0.14,3,0.1875,6.0,4.75,3.0,11.0,3.0,0.0,3.0,3.0,0,0,0,0,1,32,3,0,12,0,242792,exact_all,3,0,2,8,39,41416,exact,4,0,0,6,0.1296,0.046655999999999996,0.016796159999999997,0.006046617599999999,0.0,0.09331199999999999,0.13436927999999998,0.23581808639999996,0.0,1.881290322580645e-05,3.7366318131256946e-06,1.1710337200063562e-06,0.0,0.0,0.10077695999999998,0.46349936639999995,0.3808303942149643,2.3720568758938502e-05,2.3720287430696215e-05,0.10077695999999998,0.09601625774534364
code_n32_k16_cw3_030_q00,code_n32_k16_cw3_030,q00,test,0.18,32,16,16,0.5,0.32000000000000006,3,0.1875,6.0,2.375,3.0,8.0,3.0,0.0,3.0,3.0,0,0,0,0,2,32,0,0,14,0,242792,exact_all,2,1,1,4,32,41416,exact,2,1,30,438,0.0324,0.0058319999999999995,0.0010497599999999998,0.00018895679999999997,0.0324,0.0058319999999999995,0.004199039999999999,0.006046617599999999,6.532258064516129e-05,1.1758064516129031e-06,1.1676974416017796e-07,3.002650564118862e-08,0.0324,0.17495999999999998,0.4597948799999999,0.048477657599999995,0.04733926221529818,6.664518334657555e-05,6.664296265500895e-05,0.6671548799999999,0.5111185088709606
code_n32_k16_cw3_030_q01,code_n32_k16_cw3_030,q01,test,0.24,32,16,16,0.5,0.26,3,0.1875,6.0,2.375,3.0,8.0,3.0,0.0,3.0,3.0,0,0,0,0,2,32,0,0,14,0,242792,exact_all,2,1,1,4,32,41416,exact,2,1,30,438,0.0576,0.013823999999999998,0.0033177599999999995,0.0007962623999999999,0.0576,0.013823999999999998,0.013271039999999998,0.025480396799999996,0.0001161290322580645,2.7870967741935478e-06,3.690500556173526e-07,1.2653144764023516e-07,0.0576,0.4147199999999999,1.4531788799999998,0.1101754368,0.10451805400664348,0.00011941171053551564,0.00011940458152472839,1.9254988799999997,1.0734650234055403
code_n32_k16_cw3_030_q02,code_n32_k16_cw3_030,q02,test,0.3,32,16,16,0.5,0.19999999999999996,3,0.1875,6.0,2.375,3.0,8.0,3.0,0.0,3.0,3.0,0,0,0,0,2,32,0,0,14,0,242792,exact_all,2,1,1,4,32,41416,exact,2,1,30,438,0.09,0.026999999999999996,0.0081,0.0024299999999999994,0.09,0.026999999999999996,0.0324,0.07775999999999998,0.0001814516129032258,5.4435483870967734e-06,9.010011123470523e-07,3.8614333386302234e-07,0.09,0.8099999999999998,3.5477999999999996,0.22715999999999997,0.20470255657552167,0.00018818230573653262,0.00018816460166746332,4.447799999999999,1.695211857453826
code_n32_k16_cw3_030_q03,code_n32_k16_cw3_030,q03,test,0.36,32,16,16,0.5,0.14,3,0.1875,6.0,2.375,3.0,8.0,3.0,0.0,3.0,3.0,0,0,0,0,2,32,0,0,14,0,242792,exact_all,2,1,1,4,32,41416,exact,2,1,30,438,0.1296,0.046655999999999996,0.016796159999999997,0.006046617599999999,0.1296,0.046655999999999996,0.06718463999999999,0.19349176319999997,0.00026129032258064515,9.406451612903225e-06,1.8683159065628473e-06,9.608481805180359e-07,0.1296,1.3996799999999998,7.3567180799999985,0.43693240319999993,0.3625105657677757,0.00027352593828062924,0.0002734885368811862,8.885998079999998,2.2911194206707086
code_n32_k16_cw3_031_q00,code_n32_k16_cw3_031,q00,train,0.18,32,16,16,0.5,0.32000000000000006,3,0.1875,6.0,2.25,3.0,9.0,3.0,0.0,3.0,3.0,0,0,0,0,1,32,1,0,14,0,242792,exact_all,2,1,1,7,30,41416,exact,2,1,30,440,0.0324,0.0058319999999999995,0.0010497599999999998,0.00018895679999999997,0.0324,0.0058319999999999995,0.0073483199999999985,0.005668703999999999,6.532258064516129e-05,1.1758064516129031e-06,2.0434705228031142e-07,2.8149849038614328e-08,0.0324,0.17495999999999998,0.4618943999999999,0.05124902399999999,0.04997900388604042,6.673088399809312e-05,6.67286575916997e-05,0.6692543999999999,0.5123770596666999
code_n32_k16_cw3_031_q01,code_n32_k16_cw3_031,q01,train,0.24,32,16,16,0.5,0.26,3,0.1875,6.0,2.25,3.0,9.0,3.0,0.0,3.0,3.0,0,0,0,0,1,32,1,0,14,0,242792,exact_all,2,1,1,7,30,41416,exact,2,1,30,440,0.0576,0.013823999999999998,0.0033177599999999995,0.0007962623999999999,0.0576,0.013823999999999998,0.023224319999999996,0.023887871999999997,0.0001161290322580645,2.7870967741935478e-06,6.458375973303669e-07,1.1862323216272047e-07,0.0576,0.4147199999999999,1.4598143999999997,0.11853619199999998,0.1120208590463656,0.00011968058986175114,0.00011967342871131775,1.9321343999999996,1.0757306219915646
code_n32_k16_cw3_031_q02,code_n32_k16_cw3_031,q02,train,0.3,32,16,16,0.5,0.19999999999999996,3,0.1875,6.0,2.25,3.0,9.0,3.0,0.0,3.0,3.0,0,0,0,0,1,32,1,0,14,0,242792,exact_all,2,1,1,7,30,41416,exact,2,1,30,440,0.09,0.026999999999999996,0.0081,0.0024299999999999994,0.09,0.026999999999999996,0.0567,0.07289999999999998,0.0001814516129032258,5.4435483870967734e-06,1.5767519466073413e-06,3.6200937549658345e-07,0.09,0.8099999999999998,3.5639999999999996,0.24659999999999999,0.22041984539261314,0.0001888339226124265,0.00018881609573143983,4.4639999999999995,1.6981811222684888
code_n32_k16_cw3_031_q03,code_n32_k16_cw3_031,q03,train,0.36,32,16,16,0.5,0.14,3,0.1875,6.0,2.25,3.0,9.0,3.0,0.0,3.0,3.0,0,0,0,0,1,32,1,0,14,0,242792,exact_all,2,1,1,7,30,41416,exact,2,1,30,440,0.1296,0.046655999999999996,0.016796159999999997,0.006046617599999999,0.1296,0.046655999999999996,0.11757311999999998,0.18139852799999998,0.00026129032258064515,9.406451612903225e-06,3.2695528364849827e-06,9.007951692356585e-07,0.1296,1.3996799999999998,7.390310399999999,0.47522764799999995,0.3888123155100755,0.000274867122199269,0.0002748293531526569,8.919590399999999,2.2945116301217316
code_n32_k16_cw3_032_q00,code_n32_k16_cw3_032,q00,validation,0.18,32,16,16,0.5,0.32000000000000006,3,0.1875,6.0,1.0,4.0,8.0,3.0,0.0,3.0,3.0,0,0,0,0,0,32,1,0,15,0,242792,exact_all,3,0,1,8,25,41416,exact,4,0,0,8,0.0324,0.0058319999999999995,0.0010497599999999998,0.00018895679999999997,0.0,0.0058319999999999995,0.008398079999999999,0.0047239199999999995,0.0,1.1758064516129031e-06,2.3353948832035592e-07,2.345820753217861e-08,0.0,0.0,0.008398079999999999,0.018954,0.018776610925274644,1.4328041474654378e-06,1.4328031210025558e-06,0.008398079999999999,0.008363012323468396
code_n32_k16_cw3_032_q01,code_n32_k16_cw3_032,q01,validation,0.24,32,16,16,0.5,0.26,3,0.1875,6.0,1.0,4.0,8.0,3.0,0.0,3.0,3.0,0,0,0,0,0,32,1,0,15,0,242792,exact_all,3,0,1,8,25,41416,exact,4,0,0,8,0.0576,0.013823999999999998,0.0033177599999999995,0.0007962623999999999,0.0,0.013823999999999998,0.026542079999999996,0.019906559999999997,0.0,2.7870967741935478e-06,7.381001112347052e-07,9.885269346893372e-08,0.0,0.0,0.026542079999999996,0.06027263999999999,0.05852608259895524,3.6240495788971866e-06,3.6240430120453774e-06,0.026542079999999996,0.02619595030443698
code_n32_k16_cw3_032_q02,code_n32_k16_cw3_032,q02,validation,0.3,32,16,16,0.5,0.19999999999999996,3,0.1875,6.0,1.0,4.0,8.0,3.0,0.0,3.0,3.0,0,0,0,0,0,32,1,0,15,0,242792,exact_all,3,0,1,8,25,41416,exact,4,0,0,8,0.09,0.026999999999999996,0.0081,0.0024299999999999994,0.0,0.026999999999999996,0.0648,0.060749999999999985,0.0,5.4435483870967734e-06,1.8020022246941046e-06,3.0167447958048615e-07,0.0,0.0,0.0648,0.15254999999999996,0.14197687889554952,7.547225091371365e-06,7.547196611211372e-06,0.0648,0.06278698809876482
code_n32_k16_cw3_032_q03,code_n32_k16_cw3_032,q03,validation,0.36,32,16,16,0.5,0.14,3,0.1875,6.0,1.0,4.0,8.0,3.0,0.0,3.0,3.0,0,0,0,0,0,32,1,0,15,0,242792,exact_all,3,0,1,8,25,41416,exact,4,0,0,8,0.1296,0.046655999999999996,0.016796159999999997,0.006046617599999999,0.0,0.046655999999999996,0.13436927999999998,0.15116543999999998,0.0,9.406451612903225e-06,3.7366318131256946e-06,7.506626410297155e-07,0.0,0.0,0.13436927999999998,0.33219071999999994,0.28682474505164696,1.3893746067058634e-05,1.3893649549862735e-05,0.13436927999999998,0.12607679603412303
code_n32_k16_cw3_033_q00,code_n32_k16_cw3_033,q00,train,0.18,32,16,16,0.5,0.32000000000000006,3,0.1875,6.0,3.0,3.0,10.0,3.0,0.0,3.0,3.0,0,0,0,0,1,32,0,0,15,0,242792,exact_all,2,2,0,6,28,41416,exact,2,2,60,873,0.0324,0.0058319999999999995,0.0010497599999999998,0.00018895679999999997,0.0648,0.0,0.006298559999999999,0.005290790399999999,0.00013064516129032258,0.0,1.7515461624026692e-07,2.627319243604004e-08,0.0648,0.34991999999999995,0.9164404799999999,0.07638935039999999,0.07361224610186375,0.00013084658909899888,0.00013083802943072027,1.3311604799999999,0.8463662036726897
code_n32_k16_cw3_033_q01,code_n32_k16_cw3_033,q01,train,0.24,32,16,16,0.5,0.26,3,0.1875,6.0,3.0,3.0,10.0,3.0,0.0,3.0,3.0,0,0,0,0,1,32,0,0,15,0,242792,exact_all,2,2,0,6,28,41416,exact,2,2,60,873,0.0576,0.013823999999999998,0.0033177599999999995,0.0007962623999999999,0.1152,0.0,0.019906559999999997,0.022295347199999996,0.000232258064516129,0.0,5.535750834260288e-07,1.1071501668520577e-07,0.1152,0.8294399999999998,2.8964044799999997,0.15740190719999997,0.14617775798758975,0.00023292235461624025,0.00023289523241609635,3.8410444799999994,1.5771304990996056
code_n32_k16_cw3_033_q02,code_n32_k16_cw3_033,q02,train,0.3,32,16,16,0.5,0.19999999999999996,3,0.1875,6.0,3.0,3.0,10.0,3.0,0.0,3.0,3.0,0,0,0,0,1,32,0,0,15,0,242792,exact_all,2,2,0,6,28,41416,exact,2,2,60,873,0.09,0.026999999999999996,0.0081,0.0024299999999999994,0.18,0.0,0.0486,0.06803999999999999,0.0003629032258064516,0.0,1.3515016685205782e-06,3.378754171301445e-07,0.18,1.6199999999999997,7.0713,0.29664,0.25977630319807216,0.00036459260289210235,0.0003645261551594711,8.8713,2.289631557031464
code_n32_k16_cw3_033_q03,code_n32_k16_cw3_033,q03,train,0.36,32,16,16,0.5,0.14,3,0.1875,6.0,3.0,3.0,10.0,3.0,0.0,3.0,3.0,0,0,0,0,1,32,0,0,15,0,242792,exact_all,2,2,0,6,28,41416,exact,2,2,60,873,0.1296,0.046655999999999996,0.016796159999999997,0.006046617599999999,0.2592,0.0,0.10077695999999998,0.16930529279999998,0.0005225806451612903,0.0,2.8024738598442708e-06,8.407421579532813e-07,0.2592,2.7993599999999996,14.663047679999998,0.5292822528,0.4247985095181009,0.0005262238611790878,0.0005260854539563775,17.721607679999998,2.929678347703821
code_n32_k16_cw3_034_q00,code_n32_k16_cw3_034,q00,test,0.18,32,16,16,0.5,0.32000000000000006,3,0.1875,6.0,4.5,1.0,9.0,3.0,0.0,3.0,3.0,1,0,0,0,1,32,2,0,12,0,242792,exact_all,3,0,1,8,44,41416,exact,4,0,0,6,0.0324,0.0058319999999999995,0.0010497599999999998,0.00018895679999999997,0.0,0.0058319999999999995,0.008398079999999999,0.0083140992,0.0,1.1758064516129031e-06,2.3353948832035592e-07,4.128644525663435e-08,0.0,0.0,0.006298559999999999,0.0225441792,0.022293815042987216,1.4506323851898935e-06,1.4506313330237527e-06,0.006298559999999999,0.006278806971330837
code_n32_k16_cw3_034_q01,code_n32_k16_cw3_034,q01,test,0.24,32,16,16,0.5,0.26,3,0.1875,6.0,4.5,1.0,9.0,3.0,0.0,3.0,3.0,1,0,0,0,1,32,2,0,12,0,242792,exact_all,3,0,1,8,44,41416,exact,4,0,0,6,0.0576,0.013823999999999998,0.0033177599999999995,0.0007962623999999999,0.0,0.013823999999999998,0.026542079999999996,0.035035545599999995,0.0,2.7870967741935478e-06,7.381001112347052e-07,1.7398074050532332e-07,0.0,0.0,0.019906559999999997,0.0754016256,0.07269419701588008,3.699177625933576e-06,3.699170783992895e-06,0.019906559999999997,0.019711015256787718
code_n32_k16_cw3_034_q02,code_n32_k16_cw3_034,q02,test,0.3,32,16,16,0.5,0.19999999999999996,3,0.1875,6.0,4.5,1.0,9.0,3.0,0.0,3.0,3.0,1,0,0,0,1,32,2,0,12,0,242792,exact_all,3,0,1,8,44,41416,exact,4,0,0,6,0.09,0.026999999999999996,0.0081,0.0024299999999999994,0.0,0.026999999999999996,0.0648,0.10691999999999997,0.0,5.4435483870967734e-06,1.8020022246941046e-06,5.309470840616556e-07,0.0,0.0,0.0486,0.19871999999999995,0.1812543208335319,7.776497695852534e-06,7.776467459051085e-06,0.0486,0.04745594115629535
code_n32_k16_cw3_034_q03,code_n32_k16_cw3_034,q03,test,0.36,32,16,16,0.5,0.14,3,0.1875,6.0,4.5,1.0,9.0,3.0,0.0,3.0,3.0,1,0,0,0,1,32,2,0,12,0,242792,exact_all,3,0,1,8,44,41416,exact,4,0,0,6,0.1296,0.046655999999999996,0.016796159999999997,0.006046617599999999,0.0,0.046655999999999996,0.13436927999999998,0.2660511744,0.0,9.406451612903225e-06,3.7366318131256946e-06,1.3211662482122992e-06,0.0,0.0,0.10077695999999998,0.4470764544,0.3695452827428368,1.4464249674241218e-05,1.4464145067990599e-05,0.10077695999999998,0.09601625774534364
code_n32_k16_cw3_035_q00,code_n32_k16_cw3_035,q00,validation,0.18,32,16,16,0.5,0.32000000000000006,3,0.1875,6.0,4.125,2.0,9.0,3.0,0.0,3.0,3.0,0,0,1,0,1,32,1,0,13,0,242792,exact_all,2,1,2,6,34,41416,exact,2,1,30,439,0.0324,0.0058319999999999995,0.0010497599999999998,0.00018895679999999997,0.0324,0.011663999999999999,0.006298559999999999,0.006424531199999999,6.532258064516129e-05,2.3516129032258062e-06,1.7515461624026692e-07,3.190316224376291e-08,0.0324,0.17495999999999998,0.4608446399999999,0.0567870912,0.05523325916272996,6.788125132687112e-05,6.787894749898749e-05,0.6682046399999999,0.5117479822625803
code_n32_k16_cw3_035_q01,code_n32_k16_cw3_035,q01,validation,0.24,32,16,16,0.5,0.26,3,0.1875,6.0,4.125,2.0,9.0,3.0,0.0,3.0,3.0,0,0,1,0,1,32,1,0,13,0,242792,exact_all,2,1,2,6,34,41416,exact,2,1,30,439,0.0576,0.013823999999999998,0.0033177599999999995,0.0007962623999999999,0.0576,0.027647999999999995,0.019906559999999997,0.027072921599999994,0.0001161290322580645,5.5741935483870956e-06,5.535750834260288e-07,1.3443966311774986e-07,0.0576,0.4147199999999999,1.4564966399999997,0.13222748159999997,0.12418691506917576,0.0001223912405529954,0.00012238375135618183,1.9288166399999995,1.0745984643155342
code_n32_k16_cw3_035_q02,code_n32_k16_cw3_035,q02,validation,0.3,32,16,16,0.5,0.19999999999999996,3,0.1875,6.0,4.125,2.0,9.0,3.0,0.0,3.0,3.0,0,0,1,0,1,32,1,0,13,0,242792,exact_all,2,1,2,6,34,41416,exact,2,1,30,439,0.09,0.026999999999999996,0.0081,0.0024299999999999994,0.09,0.05399999999999999,0.0486,0.08261999999999999,0.0001814516129032258,1.0887096774193547e-05,1.3515016685205782e-06,4.1027729222946124e-07,0.09,0.8099999999999998,3.5559,0.27521999999999996,0.24311871274512742,0.00019410048863816937,0.0001940816535755484,4.4559,1.6966975919274452
code_n32_k16_cw3_035_q03,code_n32_k16_cw3_035,q03,validation,0.36,32,16,16,0.5,0.14,3,0.1875,6.0,4.125,2.0,9.0,3.0,0.0,3.0,3.0,0,0,1,0,1,32,1,0,13,0,242792,exact_all,2,1,2,6,34,41416,exact,2,1,30,439,0.1296,0.046655999999999996,0.016796159999999997,0.006046617599999999,0.1296,0.09331199999999999,0.10077695999999998,0.20558499839999997,0.00026129032258064515,1.881290322580645e-05,2.8024738598442708e-06,1.0209011918004131e-06,0.1296,1.3996799999999998,7.373514239999999,0.5292739583999999,0.42479308578256864,0.00028392660085809623,0.00028388630132865063,8.902794239999999,2.2928169637811506
code_n32_k16_cw3_036_q00,code_n32_k16_cw3_036,q00,test,0.18,32,16,16,0.5,0.32000000000000006,3,0.1875,6.0,8.75,2.0,14.0,3.0,0.0,3.0,3.0,0,0,2,0,2,32,1,0,11,0,242792,exact_all,2,2,1,13,67,41416,exact,2,2,60,876,0.0324,0.0058319999999999995,0.0010497599999999998,0.00018895679999999997,0.0648,0.0058319999999999995,0.013646879999999998,0.012660105599999999,0.00013064516129032258,1.1758064516129031e-06,3.7950166852057834e-07,6.286799618623867e-08,0.0648,0.34991999999999995,0.9195897599999998,0.0969389856,0.09252356042084815,0.00013226333740664232,0.0001322545913826084,1.3343097599999998,0.8477162414250786
code_n32_k16_cw3_036_q01,code_n32_k16_cw3_036,q01,test,0.24,32,16,16,0.5,0.26,3,0.1875,6.0,8.75,2.0,14.0,3.0,0.0,3.0,3.0,0,0,2,0,2,32,1,0,11,0,242792,exact_all,2,2,1,13,67,41416,exact,2,2,60,876,0.0576,0.013823999999999998,0.0033177599999999995,0.0007962623999999999,0.1152,0.013823999999999998,0.043130879999999996,0.05334958079999999,0.000232258064516129,2.7870967741935478e-06,1.1994126807563957e-06,2.6492521849674236e-07,0.1152,0.8294399999999998,2.9063577599999997,0.2255044608,0.20335256396308563,0.0002365094991895757,0.0002364815352270472,3.8509977599999994,1.579184407502511
code_n32_k16_cw3_036_q02,code_n32_k16_cw3_036,q02,test,0.3,32,16,16,0.5,0.19999999999999996,3,0.1875,6.0,8.75,2.0,14.0,3.0,0.0,3.0,3.0,0,0,2,0,2,32,1,0,11,0,242792,exact_all,2,2,1,13,67,41416,exact,2,2,60,876,0.09,0.026999999999999996,0.0081,0.0024299999999999994,0.18,0.026999999999999996,0.10529999999999999,0.16280999999999995,0.0003629032258064516,5.4435483870967734e-06,2.9282536151279197e-06,8.08487605275703e-07,0.18,1.6199999999999997,7.095599999999999,0.4751099999999999,0.38873256328229766,0.000372083515413952,0.000372014309509116,8.895599999999998,2.292090213901394
code_n32_k16_cw3_036_q03,code_n32_k16_cw3_036,q03,test,0.36,32,16,16,0.5,0.14,3,0.1875,6.0,8.75,2.0,14.0,3.0,0.0,3.0,3.0,0,0,2,0,2,32,1,0,11,0,242792,exact_all,2,2,1,13,67,41416,exact,2,2,60,876,0.1296,0.046655999999999996,0.016796159999999997,0.006046617599999999,0.2592,0.046655999999999996,0.21835007999999997,0.40512337919999997,0.0005225806451612903,9.406451612903225e-06,6.0720266963292535e-06,2.0117758779596375e-06,0.2592,2.7993599999999996,14.713436159999997,0.9293294591999999,0.6571725120825256,0.0005400708993484824,0.0005399251135477383,17.771996159999997,2.932366193372167
code_n32_k16_cw3_037_q00,code_n32_k16_cw3_037,q00,test,0.18,32,16,16,0.5,0.32000000000000006,3,0.1875,6.0,3.375,4.0,9.0,3.0,0.0,3.0,3.0,0,0,0,0,0,32,5,0,11,0,242792,exact_all,2,1,1,4,28,41416,exact,2,1,30,437,0.0324,0.0058319999999999995,0.0010497599999999998,0.00018895679999999997,0.0324,0.0058319999999999995,0.004199039999999999,0.005290790399999999,6.532258064516129e-05,1.1758064516129031e-06,1.1676974416017796e-07,2.627319243604004e-08,0.0324,0.17495999999999998,0.45874511999999995,0.0477218304,0.04661812165870316,6.66414300333704e-05,6.663920959192034e-05,0.6661051199999999,0.5104886389929993
code_n32_k16_cw3_037_q01,code_n32_k16_cw3_037,q01,test,0.24,32,16,16,0.5,0.26,3,0.1875,6.0,3.375,4.0,9.0,3.0,0.0,3.0,3.0,0,0,0,0,0,32,5,0,11,0,242792,exact_all,2,1,1,4,28,41416,exact,2,1,30,437,0.0576,0.013823999999999998,0.0033177599999999995,0.0007962623999999999,0.0576,0.013823999999999998,0.013271039999999998,0.022295347199999996,0.0001161290322580645,2.7870967741935478e-06,3.690500556173526e-07,1.1071501668520577e-07,0.0576,0.4147199999999999,1.4498611199999998,0.1069903872,0.10164497003929356,0.0001193958941045606,0.00011938876698208989,1.9221811199999996,1.072330296349341
code_n32_k16_cw3_037_q02,code_n32_k16_cw3_037,q02,test,0.3,32,16,16,0.5,0.19999999999999996,3,0.1875,6.0,3.375,4.0,9.0,3.0,0.0,3.0,3.0,0,0,0,0,0,32,5,0,11,0,242792,exact_all,2,1,1,4,28,41416,exact,2,1,30,437,0.09,0.026999999999999996,0.0081,0.0024299999999999994,0.09,0.026999999999999996,0.0324,0.06803999999999999,0.0001814516129032258,5.4435483870967734e-06,9.010011123470523e-07,3.378754171301445e-07,0.09,0.8099999999999998,3.5397,0.21743999999999997,0.19675029344607553,0.00018813403781979974,0.00018811634283102488,4.439699999999999,1.6937239122883727
code_n32_k16_cw3_037_q03,code_n32_k16_cw3_037,q03,test,0.36,32,16,16,0.5,0.14,3,0.1875,6.0,3.375,4.0,9.0,3.0,0.0,3.0,3.0,0,0,0,0,0,32,5,0,11,0,242792,exact_all,2,1,1,4,28,41416,exact,2,1,30,437,0.1296,0.046655999999999996,0.016796159999999997,0.006046617599999999,0.1296,0.046655999999999996,0.06718463999999999,0.16930529279999998,0.00026129032258064515,9.406451612903225e-06,1.8683159065628473e-06,8.407421579532813e-07,0.1296,1.3996799999999998,7.339921919999999,0.41274593279999994,0.34553528059958727,0.00027340583225806444,0.0002733684636945417,8.869201919999998,2.2894189910069116
code_n32_k16_cw3_038_q00,code_n32_k16_cw3_038,q00,train,0.18,32,16,16,0.5,0.32000000000000006,3,0.1875,6.0,3.75,2.0,9.0,3.0,0.0,3.0,3.0,0,0,1,0,1,32,1,0,13,0,242792,exact_all,3,0,1,9,41,41416,exact,4,0,0,8,0.0324,0.0058319999999999995,0.0010497599999999998,0.00018895679999999997,0.0,0.0058319999999999995,0.009447839999999999,0.007747228799999999,0.0,1.1758064516129031e-06,2.627319243604004e-07,3.847146035277292e-08,0.0,0.0,0.008398079999999999,0.023027068799999998,0.022765946834477874,1.4770098363260765e-06,1.4770087455481223e-06,0.008398079999999999,0.008363012323468396
code_n32_k16_cw3_038_q01,code_n32_k16_cw3_038,q01,train,0.24,32,16,16,0.5,0.26,3,0.1875,6.0,3.75,2.0,9.0,3.0,0.0,3.0,3.0,0,0,1,0,1,32,1,0,13,0,242792,exact_all,3,0,1,9,41,41416,exact,4,0,0,8,0.0576,0.013823999999999998,0.0033177599999999995,0.0007962623999999999,0.0,0.013823999999999998,0.029859839999999995,0.032646758399999996,0.0,2.7870967741935478e-06,8.303626251390433e-07,1.6211841728905132e-07,0.0,0.0,0.026542079999999996,0.07633059839999999,0.0735576621323629,3.7795778166216423e-06,3.7795706740354038e-06,0.026542079999999996,0.02619595030443698
code_n32_k16_cw3_038_q02,code_n32_k16_cw3_038,q02,train,0.3,32,16,16,0.5,0.19999999999999996,3,0.1875,6.0,3.75,2.0,9.0,3.0,0.0,3.0,3.0,0,0,1,0,1,32,1,0,13,0,242792,exact_all,3,0,1,9,41,41416,exact,4,0,0,8,0.09,0.026999999999999996,0.0081,0.0024299999999999994,0.0,0.026999999999999996,0.07289999999999999,0.09962999999999998,0.0,5.4435483870967734e-06,2.0272525027808677e-06,4.947461465119973e-07,0.0,0.0,0.0648,0.19952999999999999,0.1819298134058656,7.965547036389639e-06,7.965515311588315e-06,0.0648,0.06278698809876482
code_n32_k16_cw3_038_q03,code_n32_k16_cw3_038,q03,train,0.36,32,16,16,0.5,0.14,3,0.1875,6.0,3.75,2.0,9.0,3.0,0.0,3.0,3.0,0,0,1,0,1,32,1,0,13,0,242792,exact_all,3,0,1,9,41,41416,exact,4,0,0,8,0.1296,0.046655999999999996,0.016796159999999997,0.006046617599999999,0.0,0.046655999999999996,0.15116543999999998,0.24791132159999996,0.0,9.406451612903225e-06,4.203710789766407e-06,1.2310867312887334e-06,0.0,0.0,0.13436927999999998,0.44573276159999997,0.36861629448519156,1.4841249133958364e-05,1.4841139003710081e-05,0.13436927999999998,0.12607679603412303
code_n32_k16_cw3_039_q00,code_n32_k16_cw3_039,q00,train,0.18,32,16,16,0.5,0.32000000000000006,3,0.1875,6.0,2.75,3.0,10.0,3.0,0.0,3.0,3.0,0,0,0,0,1,32,1,0,14,0,242792,exact_all,4,0,0,11,28,41416,exact,4,0,0,8,0.0324,0.0058319999999999995,0.0010497599999999998,0.00018895679999999997,0.0,0.0,0.011547359999999998,0.005290790399999999,0.0,0.0,3.2111679644048935e-07,2.627319243604004e-08,0.0,0.0,0.008398079999999999,0.016838150399999998,0.01669796025218985,3.473899888765294e-07,3.4738992853664116e-07,0.008398079999999999,0.008363012323468396
code_n32_k16_cw3_039_q01,code_n32_k16_cw3_039,q01,train,0.24,32,16,16,0.5,0.26,3,0.1875,6.0,2.75,3.0,10.0,3.0,0.0,3.0,3.0,0,0,0,0,1,32,1,0,14,0,242792,exact_all,4,0,0,11,28,41416,exact,4,0,0,8,0.0576,0.013823999999999998,0.0033177599999999995,0.0007962623999999999,0.0,0.0,0.03649535999999999,0.022295347199999996,0.0,0.0,1.0148876529477194e-06,1.1071501668520577e-07,0.0,0.0,0.026542079999999996,0.058790707199999986,0.05712741460392169,1.1256026696329252e-06,1.1256020361427156e-06,0.026542079999999996,0.02619595030443698
code_n32_k16_cw3_039_q02,code_n32_k16_cw3_039,q02,train,0.3,32,16,16,0.5,0.19999999999999996,3,0.1875,6.0,2.75,3.0,10.0,3.0,0.0,3.0,3.0,0,0,0,0,1,32,1,0,14,0,242792,exact_all,4,0,0,11,28,41416,exact,4,0,0,8,0.09,0.026999999999999996,0.0081,0.0024299999999999994,0.0,0.0,0.0891,0.06803999999999999,0.0,0.0,2.4777530589543935e-06,3.378754171301445e-07,0.0,0.0,0.0648,0.15714,0.14595144348422898,2.815628476084538e-06,2.8156245122101207e-06,0.0648,0.06278698809876482
code_n32_k16_cw3_039_q03,code_n32_k16_cw3_039,q03,train,0.36,32,16,16,0.5,0.14,3,0.1875,6.0,2.75,3.0,10.0,3.0,0.0,3.0,3.0,0,0,0,0,1,32,1,0,14,0,242792,exact_all,4,0,0,11,28,41416,exact,4,0,0,8,0.1296,0.046655999999999996,0.016796159999999997,0.006046617599999999,0.0,0.0,0.18475775999999997,0.16930529279999998,0.0,0.0,5.13786874304783e-06,8.407421579532813e-07,0.0,0.0,0.13436927999999998,0.35406305279999994,0.30310974120495066,5.978610901001111e-06,5.97859302917819e-06,0.13436927999999998,0.12607679603412303
code_n32_k16_cw3_040_q00,code_n32_k16_cw3_040,q00,train,0.18,32,16,16,0.5,0.32000000000000006,3,0.1875,6.0,4.625,2.0,10.0,3.0,0.0,3.0,3.0,0,0,1,0,1,32,2,0,12,0,242792,exact_all,2,3,3,12,66,41416,exact,2,3,88,1252,0.0324,0.0058319999999999995,0.0010497599999999998,0.00018895679999999997,0.0972,0.017495999999999998,0.012597119999999998,0.012471148799999998,0.00019596774193548385,3.5274193548387096e-06,3.5030923248053385e-07,6.192966788495152e-08,0.0972,0.513216,1.3142995199999998,0.13976426879999998,0.13082145926972344,0.00019990740019068805,0.00019988742136892775,1.92471552,1.0731972178342841
code_n32_k16_cw3_040_q01,code_n32_k16_cw3_040,q01,train,0.24,32,16,16,0.5,0.26,3,0.1875,6.0,4.625,2.0,10.0,3.0,0.0,3.0,3.0,0,0,1,0,1,32,2,0,12,0,242792,exact_all,2,3,3,12,66,41416,exact,2,3,88,1252,0.0576,0.013823999999999998,0.0033177599999999995,0.0007962623999999999,0.1728,0.041471999999999995,0.039813119999999994,0.05255331839999999,0.00034838709677419355,8.361290322580645e-06,1.1071501668520576e-06,2.60971110757985e-07,0.1728,1.2165119999999998,4.1538355199999994,0.3066384384,0.2674577616356015,0.00035811650837438427,0.00035805239996266285,5.54314752,1.8784183218660542
code_n32_k16_cw3_040_q02,code_n32_k16_cw3_040,q02,train,0.3,32,16,16,0.5,0.19999999999999996,3,0.1875,6.0,4.625,2.0,10.0,3.0,0.0,3.0,3.0,0,0,1,0,1,32,2,0,12,0,242792,exact_all,2,3,3,12,66,41416,exact,2,3,88,1252,0.09,0.026999999999999996,0.0081,0.0024299999999999994,0.27,0.08099999999999999,0.0972,0.16037999999999997,0.0005443548387096774,1.6330645161290322e-05,2.7030033370411564e-06,7.964206260924836e-07,0.27,2.3759999999999994,10.1412,0.6085799999999999,0.4753518022388369,0.0005641849078341014,0.0005640258153645553,12.787199999999999,2.6237406255033653
code_n32_k16_cw3_040_q03,code_n32_k16_cw3_040,q03,train,0.36,32,16,16,0.5,0.14,3,0.1875,6.0,4.625,2.0,10.0,3.0,0.0,3.0,3.0,0,0,1,0,1,32,2,0,12,0,242792,exact_all,2,3,3,12,66,41416,exact,2,3,88,1252,0.1296,0.046655999999999996,0.016796159999999997,0.006046617599999999,0.3888,0.13996799999999998,0.20155391999999997,0.39907676159999994,0.0007838709677419354,2.8219354838709677e-05,5.6049477196885415e-06,1.9817493723184488e-06,0.3888,4.105728,21.028792319999997,1.1293986815999997,0.7558396307566347,0.000819677019672652,0.0008193412679238306,25.523320319999996,3.2780243580840382
code_n32_k16_cw3_041_q00,code_n32_k16_cw3_041,q00,train,0.18,32,16,16,0.5,0.32000000000000006,3,0.1875,6.0,2.25,4.0,10.0,3.0,0.0,3.0,3.0,0,0,0,0,0,32,3,0,13,0,242792,exact_all,2,2,2,6,32,41416,exact,2,2,60,873,0.0324,0.0058319999999999995,0.0010497599999999998,0.00018895679999999997,0.0648,0.011663999999999999,0.006298559999999999,0.006046617599999999,0.00013064516129032258,2.3516129032258062e-06,1.7515461624026692e-07,3.002650564118862e-08,0.0648,0.34991999999999995,0.9164404799999999,0.08880917759999998,0.08508460141584737,0.00013320195531542984,0.00013319308472269138,1.3311604799999999,0.8463662036726897
code_n32_k16_cw3_041_q01,code_n32_k16_cw3_041,q01,train,0.24,32,16,16,0.5,0.26,3,0.1875,6.0,2.25,4.0,10.0,3.0,0.0,3.0,3.0,0,0,0,0,0,32,3,0,13,0,242792,exact_all,2,2,2,6,32,41416,exact,2,2,60,873,0.0576,0.013823999999999998,0.0033177599999999995,0.0007962623999999999,0.1152,0.027647999999999995,0.019906559999999997,0.025480396799999996,0.000232258064516129,5.5741935483870956e-06,5.535750834260288e-07,1.2653144764023516e-07,0.1152,0.8294399999999998,2.8964044799999997,0.1882349568,0.17246897646971457,0.00023851236459558237,0.0002384839250435832,3.8410444799999994,1.5771304990996056
code_n32_k16_cw3_041_q02,code_n32_k16_cw3_041,q02,train,0.3,32,16,16,0.5,0.19999999999999996,3,0.1875,6.0,2.25,4.0,10.0,3.0,0.0,3.0,3.0,0,0,0,0,0,32,3,0,13,0,242792,exact_all,2,2,2,6,32,41416,exact,2,2,60,873,0.09,0.026999999999999996,0.0081,0.0024299999999999994,0.18,0.05399999999999999,0.0486,0.07775999999999998,0.0003629032258064516,1.0887096774193547e-05,1.3515016685205782e-06,3.8614333386302234e-07,0.18,1.6199999999999997,7.0713,0.36035999999999996,0.30774937060189284,0.00037552796758302874,0.000375457474603315,8.8713,2.289631557031464
code_n32_k16_cw3_041_q03,code_n32_k16_cw3_041,q03,train,0.36,32,16,16,0.5,0.14,3,0.1875,6.0,2.25,4.0,10.0,3.0,0.0,3.0,3.0,0,0,0,0,0,32,3,0,13,0,242792,exact_all,2,2,2,6,32,41416,exact,2,2,60,873,0.1296,0.046655999999999996,0.016796159999999997,0.006046617599999999,0.2592,0.09331199999999999,0.10077695999999998,0.19349176319999997,0.0005225806451612903,1.881290322580645e-05,2.8024738598442708e-06,9.608481805180359e-07,0.2592,2.7993599999999996,14.663047679999998,0.6467807231999999,0.4988223052342196,0.000545156870427459,0.0005450083264048497,17.721607679999998,2.929678347703821
code_n32_k16_cw3_042_q00,code_n32_k16_cw3_042,q00,test,0.18,32,16,16,0.5,0.32000000000000006,3,0.1875,6.0,4.0,3.0,10.0,3.0,0.0,3.0,3.0,0,0,0,0,1,32,5,0,10,0,242792,exact_all,2,1,0,6,35,41416,exact,2,1,30,440,0.0324,0.0058319999999999995,0.0010497599999999998,0.00018895679999999997,0.0324,0.0,0.006298559999999999,0.006613487999999999,6.532258064516129e-05,0.0,1.7515461624026692e-07,3.284149054505005e-08,0.0324,0.17495999999999998,0.4618943999999999,0.045312048,0.044315451367840444,6.553057675194661e-05,6.552842971749898e-05,0.6692543999999999,0.5123770596666999
code_n32_k16_cw3_042_q01,code_n32_k16_cw3_042,q01,test,0.24,32,16,16,0.5,0.26,3,0.1875,6.0,4.0,3.0,10.0,3.0,0.0,3.0,3.0,0,0,0,0,1,32,5,0,10,0,242792,exact_all,2,1,0,6,35,41416,exact,2,1,30,440,0.0576,0.013823999999999998,0.0033177599999999995,0.0007962623999999999,0.0576,0.0,0.019906559999999997,0.027869183999999995,0.0001161290322580645,0.0,5.535750834260288e-07,1.3839377085650722e-07,0.0576,0.4147199999999999,1.4598143999999997,0.105375744,0.10018531698828399,0.00011682100111234703,0.00011681417807057446,1.9321343999999996,1.0757306219915646
code_n32_k16_cw3_042_q02,code_n32_k16_cw3_042,q02,test,0.3,32,16,16,0.5,0.19999999999999996,3,0.1875,6.0,4.0,3.0,10.0,3.0,0.0,3.0,3.0,0,0,0,0,1,32,5,0,10,0,242792,exact_all,2,1,0,6,35,41416,exact,2,1,30,440,0.09,0.026999999999999996,0.0081,0.0024299999999999994,0.09,0.0,0.0486,0.08504999999999999,0.0001814516129032258,0.0,1.3515016685205782e-06,4.223442714126807e-07,0.09,0.8099999999999998,3.5639999999999996,0.22365,0.20183819548687362,0.00018322545884315905,0.00018320867510888188,4.4639999999999995,1.6981811222684888
code_n32_k16_cw3_042_q03,code_n32_k16_cw3_042,q03,test,0.36,32,16,16,0.5,0.14,3,0.1875,6.0,4.0,3.0,10.0,3.0,0.0,3.0,3.0,0,0,0,0,1,32,5,0,10,0,242792,exact_all,2,1,0,6,35,41416,exact,2,1,30,440,0.1296,0.046655999999999996,0.016796159999999997,0.006046617599999999,0.1296,0.0,0.10077695999999998,0.21163161599999997,0.00026129032258064515,0.0,2.8024738598442708e-06,1.0509276974416016e-06,0.1296,1.3996799999999998,7.390310399999999,0.44200857599999993,0.36603698614049524,0.000265143724137931,0.0002651085797527777,8.919590399999999,2.2945116301217316
code_n32_k16_cw3_043_q00,code_n32_k16_cw3_043,q00,train,0.18,32,16,16,0.5,0.32000000000000006,3,0.1875,6.0,6.5,2.0,10.0,3.0,0.0,3.0,3.0,0,0,1,0,2,32,1,0,12,0,242792,exact_all,2,2,1,22,45,41416,exact,2,2,60,879,0.0324,0.0058319999999999995,0.0010497599999999998,0.00018895679999999997,0.0648,0.0058319999999999995,0.023094719999999996,0.008503055999999998,0.00013064516129032258,1.1758064516129031e-06,6.422335928809787e-07,4.222477355792149e-08,0.0648,0.34991999999999995,0.9227390399999998,0.102229776,0.09733519716288525,0.0001325054261083744,0.00013249664803981957,1.3374590399999997,0.849064459032523
code_n32_k16_cw3_043_q01,code_n32_k16_cw3_043,q01,train,0.24,32,16,16,0.5,0.26,3,0.1875,6.0,6.5,2.0,10.0,3.0,0.0,3.0,3.0,0,0,1,0,2,32,1,0,12,0,242792,exact_all,2,2,1,22,45,41416,exact,2,2,60,879,0.0576,0.013823999999999998,0.0033177599999999995,0.0007962623999999999,0.1152,0.013823999999999998,0.07299071999999998,0.03583180799999999,0.000232258064516129,2.7870967741935478e-06,2.029775305895439e-06,1.7793484824408069e-07,0.1152,0.8294399999999998,2.9163110399999996,0.23784652799999997,0.2133731988879529,0.00023725287144446208,0.0002372247314327355,3.8609510399999993,1.5812341060109496
code_n32_k16_cw3_043_q02,code_n32_k16_cw3_043,q02,train,0.3,32,16,16,0.5,0.19999999999999996,3,0.1875,6.0,6.5,2.0,10.0,3.0,0.0,3.0,3.0,0,0,1,0,2,32,1,0,12,0,242792,exact_all,2,2,1,22,45,41416,exact,2,2,60,879,0.09,0.026999999999999996,0.0081,0.0024299999999999994,0.18,0.026999999999999996,0.1782,0.10934999999999997,0.0003629032258064516,5.4435483870967734e-06,4.955506117908787e-06,5.430140632448751e-07,0.18,1.6199999999999997,7.1198999999999995,0.49454999999999993,0.40182515818756875,0.000373845294374702,0.0003737754316340012,8.919899999999998,2.2945428406008097
code_n32_k16_cw3_043_q03,code_n32_k16_cw3_043,q03,train,0.36,32,16,16,0.5,0.14,3,0.1875,6.0,6.5,2.0,10.0,3.0,0.0,3.0,3.0,0,0,1,0,2,32,1,0,12,0,242792,exact_all,2,2,1,22,45,41416,exact,2,2,60,879,0.1296,0.046655999999999996,0.016796159999999997,0.006046617599999999,0.2592,0.046655999999999996,0.36951551999999993,0.27209779199999995,0.0005225806451612903,9.406451612903225e-06,1.027573748609566e-05,1.3511927538534877e-06,0.2592,2.7993599999999996,14.763824639999998,0.9474693119999998,0.6665307410006159,0.0005436140270141426,0.0005434663224360554,17.822384639999996,2.935046833888188
code_n32_k16_cw3_044_q00,code_n32_k16_cw3_044,q00,train,0.18,32,16,16,0.5,0.32000000000000006,3,0.1875,6.0,4.125,3.0,10.0,3.0,0.0,3.0,3.0,0,0,0,0,1,32,4,0,11,0,242792,exact_all,2,2,1,5,42,41416,exact,2,2,60,872,0.0324,0.0058319999999999995,0.0010497599999999998,0.00018895679999999997,0.0648,0.0058319999999999995,0.0052488,0.0079361856,0.00013064516129032258,1.1758064516129031e-06,1.4596218020022245e-07,3.940978865406006e-08,0.0648,0.34991999999999995,0.9153907199999999,0.0838169856,0.08048905629132354,0.00013200633971078977,0.00013199762764061842,1.33011072,0.8459157857619071
code_n32_k16_cw3_044_q01,code_n32_k16_cw3_044,q01,train,0.24,32,16,16,0.5,0.26,3,0.1875,6.0,4.125,3.0,10.0,3.0,0.0,3.0,3.0,0,0,0,0,1,32,4,0,11,0,242792,exact_all,2,2,1,5,42,41416,exact,2,2,60,872,0.0576,0.013823999999999998,0.0033177599999999995,0.0007962623999999999,0.1152,0.013823999999999998,0.016588799999999997,0.033443020799999994,0.000232258064516129,2.7870967741935478e-06,4.613125695216907e-07,1.6607252502780865e-07,0.1152,0.8294399999999998,2.8930867199999994,0.1790558208,0.16471396632079713,0.00023567254638487206,0.00023564477997274733,3.837726719999999,1.5764449244411305
code_n32_k16_cw3_044_q02,code_n32_k16_cw3_044,q02,train,0.3,32,16,16,0.5,0.19999999999999996,3,0.1875,6.0,4.125,3.0,10.0,3.0,0.0,3.0,3.0,0,0,0,0,1,32,4,0,11,0,242792,exact_all,2,2,1,5,42,41416,exact,2,2,60,872,0.09,0.026999999999999996,0.0081,0.0024299999999999994,0.18,0.026999999999999996,0.040499999999999994,0.10205999999999997,0.0003629032258064516,5.4435483870967734e-06,1.1262513904338153e-06,5.068131256952168e-07,0.18,1.6199999999999997,7.063199999999999,0.34956,0.29977861339901396,0.0003699798387096774,0.000369911413046042,8.863199999999999,2.288810659572206
code_n32_k16_cw3_044_q03,code_n32_k16_cw3_044,q03,train,0.36,32,16,16,0.5,0.14,3,0.1875,6.0,4.125,3.0,10.0,3.0,0.0,3.0,3.0,0,0,0,0,1,32,4,0,11,0,242792,exact_all,2,2,1,5,42,41416,exact,2,2,60,872,0.1296,0.046655999999999996,0.016796159999999997,0.006046617599999999,0.2592,0.046655999999999996,0.0839808,0.2539579392,0.0005225806451612903,9.406451612903225e-06,2.3353948832035593e-06,1.261113236929922e-06,0.2592,2.7993599999999996,14.646251519999998,0.6437947392,0.49700743433779954,0.000535583604894327,0.0005354402311855322,17.704811519999996,2.9287807912991943
code_n32_k16_cw3_045_q00,code_n32_k16_cw3_045,q00,train,0.18,32,16,16,0.5,0.32000000000000006,3,0.1875,6.0,2.375,2.0,8.0,3.0,0.0,3.0,3.0,0,0,1,0,0,32,1,0,14,0,242792,exact_all,3,0,1,3,31,41416,exact,4,0,0,3,0.0324,0.0058319999999999995,0.0010497599999999998,0.00018895679999999997,0.0,0.0058319999999999995,0.0031492799999999995,0.005857660799999999,0.0,1.1758064516129031e-06,8.757730812013346e-08,2.9088177339901473e-08,0.0,0.0,0.0031492799999999995,0.014838940799999999,0.01472992088812551,1.292471937072938e-06,1.2924711018318037e-06,0.0031492799999999995,0.0031443314046935215
code_n32_k16_cw3_045_q01,code_n32_k16_cw3_045,q01,train,0.24,32,16,16,0.5,0.26,3,0.1875,6.0,2.375,2.0,8.0,3.0,0.0,3.0,3.0,0,0,1,0,0,32,1,0,14,0,242792,exact_all,3,0,1,3,31,41416,exact,4,0,0,3,0.0576,0.013823999999999998,0.0033177599999999995,0.0007962623999999999,0.0,0.013823999999999998,0.009953279999999998,0.024684134399999995,0.0,2.7870967741935478e-06,2.767875417130144e-07,1.225773399014778e-07,0.0,0.0,0.009953279999999998,0.04846141439999999,0.047323769919678134,3.1864616558080396e-06,3.1864565790498822e-06,0.009953279999999998,0.009904072357517795
code_n32_k16_cw3_045_q02,code_n32_k16_cw3_045,q02,train,0.3,32,16,16,0.5,0.19999999999999996,3,0.1875,6.0,2.375,2.0,8.0,3.0,0.0,3.0,3.0,0,0,1,0,0,32,1,0,14,0,242792,exact_all,3,0,1,3,31,41416,exact,4,0,0,3,0.09,0.026999999999999996,0.0081,0.0024299999999999994,0.0,0.026999999999999996,0.0243,0.07532999999999998,0.0,5.4435483870967734e-06,6.757508342602891e-07,3.740763546798029e-07,0.0,0.0,0.0243,0.12662999999999996,0.11923087591853969,6.493375576036866e-06,6.493354494164942e-06,0.0243,0.024009452460351865
code_n32_k16_cw3_045_q03,code_n32_k16_cw3_045,q03,train,0.36,32,16,16,0.5,0.14,3,0.1875,6.0,2.375,2.0,8.0,3.0,0.0,3.0,3.0,0,0,1,0,0,32,1,0,14,0,242792,exact_all,3,0,1,3,31,41416,exact,4,0,0,3,0.1296,0.046655999999999996,0.016796159999999997,0.006046617599999999,0.0,0.046655999999999996,0.05038847999999999,0.18744514559999997,0.0,9.406451612903225e-06,1.4012369299221354e-06,9.308216748768471e-07,0.0,0.0,0.05038847999999999,0.28448962559999996,0.25036146092950207,1.1738510217702208e-05,1.1738441321930298e-05,0.05038847999999999,0.04916007669573743
code_n32_k16_cw3_046_q00,code_n32_k16_cw3_046,q00,train,0.18,32,16,16,0.5,0.32000000000000006,3,0.1875,6.0,3.0,4.0,9.0,3.0,0.0,3.0,3.0,0,0,0,0,0,32,4,0,12,0,242792,exact_all,2,1,1,12,42,41416,exact,2,1,30,443,0.0324,0.0058319999999999995,0.0010497599999999998,0.00018895679999999997,0.0324,0.0058319999999999995,0.012597119999999998,0.0079361856,6.532258064516129e-05,1.1758064516129031e-06,3.5030923248053385e-07,3.940978865406006e-08,0.0324,0.17495999999999998,0.4650436799999999,0.05876530559999999,0.057103423172434005,6.688810611790879e-05,6.688586920828664e-05,0.67240368,0.514261920928371
code_n32_k16_cw3_046_q01,code_n32_k16_cw3_046,q01,train,0.24,32,16,16,0.5,0.26,3,0.1875,6.0,3.0,4.0,9.0,3.0,0.0,3.0,3.0,0,0,0,0,0,32,4,0,12,0,242792,exact_all,2,1,1,12,42,41416,exact,2,1,30,443,0.0576,0.013823999999999998,0.0033177599999999995,0.0007962623999999999,0.0576,0.013823999999999998,0.039813119999999994,0.033443020799999994,0.0001161290322580645,2.7870967741935478e-06,1.1071501668520576e-06,1.6607252502780865e-07,0.0576,0.4147199999999999,1.4697676799999997,0.1446801408,0.13512524496678133,0.00012018935172413792,0.00012018212956268279,1.9420876799999995,1.07911942459035
code_n32_k16_cw3_046_q02,code_n32_k16_cw3_046,q02,train,0.3,32,16,16,0.5,0.19999999999999996,3,0.1875,6.0,3.0,4.0,9.0,3.0,0.0,3.0,3.0,0,0,0,0,0,32,4,0,12,0,242792,exact_all,2,1,1,12,42,41416,exact,2,1,30,443,0.09,0.026999999999999996,0.0081,0.0024299999999999994,0.09,0.026999999999999996,0.0972,0.10205999999999997,0.0001814516129032258,5.4435483870967734e-06,2.7030033370411564e-06,5.068131256952168e-07,0.09,0.8099999999999998,3.5883,0.31626,0.2747943817781192,0.00019010497775305893,0.00019008691009157435,4.4883,1.7026185536525547
code_n32_k16_cw3_046_q03,code_n32_k16_cw3_046,q03,train,0.36,32,16,16,0.5,0.14,3,0.1875,6.0,3.0,4.0,9.0,3.0,0.0,3.0,3.0,0,0,0,0,0,32,4,0,12,0,242792,exact_all,2,1,1,12,42,41416,exact,2,1,30,443,0.1296,0.046655999999999996,0.016796159999999997,0.006046617599999999,0.1296,0.046655999999999996,0.20155391999999997,0.2539579392,0.00026129032258064515,9.406451612903225e-06,5.6049477196885415e-06,1.261113236929922e-06,0.1296,1.3996799999999998,7.4406988799999985,0.6317678592,0.4896640032871459,0.0002775628351501668,0.00027752432171287294,8.969978879999998,2.2995784656164378
code_n32_k16_cw3_047_q00,code_n32_k16_cw3_047,q00,train,0.18,32,16,16,0.5,0.32000000000000006,3,0.1875,6.0,4.25,3.0,11.0,3.0,0.0,3.0,3.0,0,0,0,0,2,32,2,0,12,0,242792,exact_all,2,3,0,9,55,41416,exact,2,3,90,1305,0.0324,0.0058319999999999995,0.0010497599999999998,0.00018895679999999997,0.0972,0.0,0.009447839999999999,0.010392623999999998,0.00019596774193548385,0.0,2.627319243604004e-07,5.160805657079294e-08,0.0972,0.5248799999999999,1.3699367999999998,0.117040464,0.11068274503522953,0.00019628208191641505,0.0001962628211089007,1.9920167999999996,1.0959476750697288
code_n32_k16_cw3_047_q01,code_n32_k16_cw3_047,q01,train,0.24,32,16,16,0.5,0.26,3,0.1875,6.0,4.25,3.0,11.0,3.0,0.0,3.0,3.0,0,0,0,0,2,32,2,0,12,0,242792,exact_all,2,3,0,9,55,41416,exact,2,3,90,1305,0.0576,0.013823999999999998,0.0033177599999999995,0.0007962623999999999,0.1728,0.0,0.029859839999999995,0.043794431999999994,0.00034838709677419355,0.0,8.303626251390433e-07,2.1747592563165417e-07,0.1728,1.2441599999999997,4.3296768,0.246454272,0.22030293819022878,0.00034943493532496426,0.00034937389715678304,5.746636799999999,1.909044128863886
code_n32_k16_cw3_047_q02,code_n32_k16_cw3_047,q02,train,0.3,32,16,16,0.5,0.19999999999999996,3,0.1875,6.0,4.25,3.0,11.0,3.0,0.0,3.0,3.0,0,0,0,0,2,32,2,0,12,0,242792,exact_all,2,3,0,9,55,41416,exact,2,3,90,1305,0.09,0.026999999999999996,0.0081,0.0024299999999999994,0.27,0.0,0.07289999999999999,0.13364999999999996,0.0005443548387096774,0.0,2.0272525027808677e-06,6.636838550770696e-07,0.27,2.4299999999999997,10.5705,0.4765499999999999,0.38970828549572606,0.0005470457750675353,0.0005468962000746183,13.270499999999998,2.6581944694173063
code_n32_k16_cw3_047_q03,code_n32_k16_cw3_047,q03,train,0.36,32,16,16,0.5,0.14,3,0.1875,6.0,4.25,3.0,11.0,3.0,0.0,3.0,3.0,0,0,0,0,2,32,2,0,12,0,242792,exact_all,2,3,0,9,55,41416,exact,2,3,90,1305,0.1296,0.046655999999999996,0.016796159999999997,0.006046617599999999,0.3888,0.0,0.15116543999999998,0.33256396799999993,0.0007838709677419354,0.0,4.203710789766407e-06,1.651457810265374e-06,0.3888,4.199039999999999,21.918988799999997,0.8725294079999999,0.6272901414928546,0.0007897261363419672,0.0007894144667350518,26.506828799999997,3.3144342938462175
code_n32_k16_cw3_048_q00,code_n32_k16_cw3_048,q00,validation,0.18,32,16,16,0.5,0.32000000000000006,3,0.1875,6.0,2.75,3.0,9.0,3.0,0.0,3.0,3.0,0,0,0,0,1,32,2,0,13,0,242792,exact_all,3,0,1,2,21,41416,exact,4,0,0,1,0.0324,0.0058319999999999995,0.0010497599999999998,0.00018895679999999997,0.0,0.0058319999999999995,0.0020995199999999997,0.0039680928,0.0,1.1758064516129031e-06,5.838487208008898e-08,1.970489432703003e-08,0.0,0.0,0.0010497599999999998,0.011899612799999999,0.011829369106997417,1.2538962180200222e-06,1.2538954318928166e-06,0.0010497599999999998,0.0010492093872783161
code_n32_k16_cw3_048_q01,code_n32_k16_cw3_048,q01,validation,0.24,32,16,16,0.5,0.26,3,0.1875,6.0,2.75,3.0,9.0,3.0,0.0,3.0,3.0,0,0,0,0,1,32,2,0,13,0,242792,exact_all,3,0,1,2,21,41416,exact,4,0,0,1,0.0576,0.013823999999999998,0.0033177599999999995,0.0007962623999999999,0.0,0.013823999999999998,0.006635519999999999,0.016721510399999997,0.0,2.7870967741935478e-06,1.845250278086763e-07,8.303626251390433e-08,0.0,0.0,0.0033177599999999995,0.037181030399999995,0.03650648527485983,3.054658064516128e-06,3.0546533990576836e-06,0.0033177599999999995,0.003312268377529086
code_n32_k16_cw3_048_q02,code_n32_k16_cw3_048,q02,validation,0.3,32,16,16,0.5,0.19999999999999996,3,0.1875,6.0,2.75,3.0,9.0,3.0,0.0,3.0,3.0,0,0,0,0,1,32,2,0,13,0,242792,exact_all,3,0,1,2,21,41416,exact,4,0,0,1,0.09,0.026999999999999996,0.0081,0.0024299999999999994,0.0,0.026999999999999996,0.0162,0.051029999999999985,0.0,5.4435483870967734e-06,4.5050055617352616e-07,2.534065628476084e-07,0.0,0.0,0.0081,0.09422999999999998,0.09005091956291306,6.147455506117908e-06,6.147436610590748e-06,0.0081,0.008067371077758796
code_n32_k16_cw3_048_q03,code_n32_k16_cw3_048,q03,validation,0.36,32,16,16,0.5,0.14,3,0.1875,6.0,2.75,3.0,9.0,3.0,0.0,3.0,3.0,0,0,0,0,1,32,2,0,13,0,242792,exact_all,3,0,1,2,21,41416,exact,4,0,0,1,0.1296,0.046655999999999996,0.016796159999999997,0.006046617599999999,0.0,0.046655999999999996,0.033592319999999995,0.1269789696,0.0,9.406451612903225e-06,9.341579532814237e-07,6.30556618464961e-07,0.0,0.0,0.016796159999999997,0.20722728959999998,0.18832623391513562,1.097116618464961e-05,1.0971106001846066e-05,0.016796159999999997,0.01665666433208147
code_n32_k16_cw3_049_q00,code_n32_k16_cw3_049,q00,train,0.18,32,16,16,0.5,0.32000000000000006,3,0.1875,6.0,3.375,3.0,9.0,3.0,0.0,3.0,3.0,0,0,0,0,1,32,3,0,12,0,242792,exact_all,2,1,2,7,56,41416,exact,2,1,30,441,0.0324,0.0058319999999999995,0.0010497599999999998,0.00018895679999999997,0.0324,0.011663999999999999,0.0073483199999999985,0.010581580799999999,6.532258064516129e-05,2.3516129032258062e-06,2.0434705228031142e-07,5.254638487208008e-08,0.0324,0.17495999999999998,0.46294415999999994,0.061993900799999994,0.06014817967707825,6.793108698553948e-05,6.792877977373697e-05,0.6703041599999999,0.5130057415812195
code_n32_k16_cw3_049_q01,code_n32_k16_cw3_049,q01,train,0.24,32,16,16,0.5,0.26,3,0.1875,6.0,3.375,3.0,9.0,3.0,0.0,3.0,3.0,0,0,0,0,1,32,3,0,12,0,242792,exact_all,2,1,2,7,56,41416,exact,2,1,30,441,0.0576,0.013823999999999998,0.0033177599999999995,0.0007962623999999999,0.0576,0.027647999999999995,0.023224319999999996,0.04459069439999999,0.0001161290322580645,5.5741935483870956e-06,6.458375973303669e-07,2.2143003337041154e-07,0.0576,0.4147199999999999,1.4631321599999998,0.15306301439999997,0.14242189235206823,0.0001225704934371524,0.00012256298228797893,1.9354521599999996,1.0768614993359922
code_n32_k16_cw3_049_q02,code_n32_k16_cw3_049,q02,train,0.3,32,16,16,0.5,0.19999999999999996,3,0.1875,6.0,3.375,3.0,9.0,3.0,0.0,3.0,3.0,0,0,0,0,1,32,3,0,12,0,242792,exact_all,2,1,2,7,56,41416,exact,2,1,30,441,0.09,0.026999999999999996,0.0081,0.0024299999999999994,0.09,0.05399999999999999,0.0567,0.13607999999999998,0.0001814516129032258,1.0887096774193547e-05,1.5767519466073413e-06,6.75750834260289e-07,0.09,0.8099999999999998,3.5721,0.33677999999999997,0.29026373708599146,0.00019459121245828697,0.000194572282044059,4.472099999999999,1.6996624550070674
code_n32_k16_cw3_049_q03,code_n32_k16_cw3_049,q03,train,0.36,32,16,16,0.5,0.14,3,0.1875,6.0,3.375,3.0,9.0,3.0,0.0,3.0,3.0,0,0,0,0,1,32,3,0,12,0,242792,exact_all,2,1,2,7,56,41416,exact,2,1,30,441,0.1296,0.046655999999999996,0.016796159999999997,0.006046617599999999,0.1296,0.09331199999999999,0.11757311999999998,0.33861058559999996,0.00026129032258064515,1.881290322580645e-05,3.2695528364849827e-06,1.6814843159065625e-06,0.1296,1.3996799999999998,7.407106559999999,0.6790957056,0.518255378019418,0.00028505426295884315,0.00028501364271156076,8.936386559999999,2.2962034294262916
code_n32_k16_cw3_050_q00,code_n32_k16_cw3_050,q00,train,0.18,32,16,16,0.5,0.32000000000000006,3,0.1875,6.0,3.625,4.0,11.0,3.0,0.0,3.0,3.0,0,0,0,0,0,32,4,0,12,0,242792,exact_all,4,0,0,13,42,41416,exact,4,0,0,5,0.0324,0.0058319999999999995,0.0010497599999999998,0.00018895679999999997,0.0,0.0,0.013646879999999998,0.0079361856,0.0,0.0,3.7950166852057834e-07,3.940978865406006e-08,0.0,0.0,0.0052488,0.0215830656,0.02135344924798102,4.189114571746384e-07,4.1891136943125843e-07,0.0052488,0.005235073061631587
code_n32_k16_cw3_050_q01,code_n32_k16_cw3_050,q01,train,0.24,32,16,16,0.5,0.26,3,0.1875,6.0,3.625,4.0,11.0,3.0,0.0,3.0,3.0,0,0,0,0,0,32,4,0,12,0,242792,exact_all,4,0,0,13,42,41416,exact,4,0,0,5,0.0576,0.013823999999999998,0.0033177599999999995,0.0007962623999999999,0.0,0.0,0.043130879999999996,0.033443020799999994,0.0,0.0,1.1994126807563957e-06,1.6607252502780865e-07,0.0,0.0,0.016588799999999997,0.07657390079999998,0.07378368460677008,1.3654852057842044e-06,1.3654842735101295e-06,0.016588799999999997,0.01645270885409976
code_n32_k16_cw3_050_q02,code_n32_k16_cw3_050,q02,train,0.3,32,16,16,0.5,0.19999999999999996,3,0.1875,6.0,3.625,4.0,11.0,3.0,0.0,3.0,3.0,0,0,0,0,0,32,4,0,12,0,242792,exact_all,4,0,0,13,42,41416,exact,4,0,0,5,0.09,0.026999999999999996,0.0081,0.0024299999999999994,0.0,0.0,0.10529999999999999,0.10205999999999997,0.0,0.0,2.9282536151279197e-06,5.068131256952168e-07,0.0,0.0,0.040499999999999994,0.20735999999999996,0.18843615779380857,3.4350667408231364e-06,3.4350608409948904e-06,0.040499999999999994,0.03970136685155206
code_n32_k16_cw3_050_q03,code_n32_k16_cw3_050,q03,train,0.36,32,16,16,0.5,0.14,3,0.1875,6.0,3.625,4.0,11.0,3.0,0.0,3.0,3.0,0,0,0,0,0,32,4,0,12,0,242792,exact_all,4,0,0,13,42,41416,exact,4,0,0,5,0.1296,0.046655999999999996,0.016796159999999997,0.006046617599999999,0.0,0.0,0.21835007999999997,0.2539579392,0.0,0.0,6.0720266963292535e-06,1.261113236929922e-06,0.0,0.0,0.0839808,0.4723080192,0.38683125059041507,7.333139933259175e-06,7.33311304591998e-06,0.0839808,0.08064019068347023
code_n32_k16_cw3_051_q00,code_n32_k16_cw3_051,q00,train,0.18,32,16,16,0.5,0.32000000000000006,3,0.1875,6.0,3.0,3.0,9.0,3.0,0.0,3.0,3.0,0,0,0,0,2,32,2,0,12,0,242792,exact_all,4,0,0,3,27,41416,exact,4,0,0,3,0.0324,0.0058319999999999995,0.0010497599999999998,0.00018895679999999997,0.0,0.0,0.0031492799999999995,0.005101833599999999,0.0,0.0,8.757730812013346e-08,2.5334864134752895e-08,0.0,0.0,0.0031492799999999995,0.008251113599999998,0.00821725925870474,1.1291217225488636e-07,1.1291216588030753e-07,0.0031492799999999995,0.0031443314046935215
code_n32_k16_cw3_051_q01,code_n32_k16_cw3_051,q01,train,0.24,32,16,16,0.5,0.26,3,0.1875,6.0,3.0,3.0,9.0,3.0,0.0,3.0,3.0,0,0,0,0,2,32,2,0,12,0,242792,exact_all,4,0,0,3,27,41416,exact,4,0,0,3,0.0576,0.013823999999999998,0.0033177599999999995,0.0007962623999999999,0.0,0.0,0.009953279999999998,0.021499084799999995,0.0,0.0,2.767875417130144e-07,1.0676090894644842e-07,0.0,0.0,0.009953279999999998,0.03145236479999999,0.030967871949001864,3.835484506594628e-07,3.835483771047746e-07,0.009953279999999998,0.009904072357517795
code_n32_k16_cw3_051_q02,code_n32_k16_cw3_051,q02,train,0.3,32,16,16,0.5,0.19999999999999996,3,0.1875,6.0,3.0,3.0,9.0,3.0,0.0,3.0,3.0,0,0,0,0,2,32,2,0,12,0,242792,exact_all,4,0,0,3,27,41416,exact,4,0,0,3,0.09,0.026999999999999996,0.0081,0.0024299999999999994,0.0,0.0,0.0243,0.06560999999999999,0.0,0.0,6.757508342602891e-07,3.2580843794692505e-07,0.0,0.0,0.0243,0.08990999999999999,0.08609512402472125,1.0015592722072143e-06,1.0015587706470612e-06,0.0243,0.024009452460351865
code_n32_k16_cw3_051_q03,code_n32_k16_cw3_051,q03,train,0.36,32,16,16,0.5,0.14,3,0.1875,6.0,3.0,3.0,9.0,3.0,0.0,3.0,3.0,0,0,0,0,2,32,2,0,12,0,242792,exact_all,4,0,0,3,27,41416,exact,4,0,0,3,0.1296,0.046655999999999996,0.016796159999999997,0.006046617599999999,0.0,0.0,0.05038847999999999,0.16325867519999998,0.0,0.0,1.4012369299221354e-06,8.107156523120926e-07,0.0,0.0,0.05038847999999999,0.21364715519999997,0.19363000393344867,2.211952582234228e-06,2.211950135870722e-06,0.05038847999999999,0.04916007669573743
code_n32_k16_cw3_052_q00,code_n32_k16_cw3_052,q00,train,0.18,32,16,16,0.5,0.32000000000000006,3,0.1875,6.0,5.0,2.0,10.0,3.0,0.0,3.0,3.0,0,0,2,0,0,32,1,0,13,0,242792,exact_all,2,1,0,9,48,41416,exact,2,1,30,440,0.0324,0.0058319999999999995,0.0010497599999999998,0.00018895679999999997,0.0324,0.0,0.009447839999999999,0.009069926399999999,6.532258064516129e-05,0.0,2.627319243604004e-07,4.503975846178293e-08,0.0324,0.17495999999999998,0.4618943999999999,0.050917766399999995,0.04966384563670018,6.563035232798347e-05,6.56281987506363e-05,0.6692543999999999,0.5123770596666999
code_n32_k16_cw3_052_q01,code_n32_k16_cw3_052,q01,train,0.24,32,16,16,0.5,0.26,3,0.1875,6.0,5.0,2.0,10.0,3.0,0.0,3.0,3.0,0,0,2,0,0,32,1,0,13,0,242792,exact_all,2,1,0,9,48,41416,exact,2,1,30,440,0.0576,0.013823999999999998,0.0033177599999999995,0.0007962623999999999,0.0576,0.0,0.029859839999999995,0.03822059519999999,0.0001161290322580645,0.0,8.303626251390433e-07,1.8979717146035275e-07,0.0576,0.4147199999999999,1.4598143999999997,0.1256804352,0.11838768410854819,0.00011714919205466389,0.00011714233062393318,1.9321343999999996,1.0757306219915646
code_n32_k16_cw3_052_q02,code_n32_k16_cw3_052,q02,train,0.3,32,16,16,0.5,0.19999999999999996,3,0.1875,6.0,5.0,2.0,10.0,3.0,0.0,3.0,3.0,0,0,2,0,0,32,1,0,13,0,242792,exact_all,2,1,0,9,48,41416,exact,2,1,30,440,0.09,0.026999999999999996,0.0081,0.0024299999999999994,0.09,0.0,0.07289999999999999,0.11663999999999997,0.0001814516129032258,0.0,2.0272525027808677e-06,5.792150007945334e-07,0.09,0.8099999999999998,3.5639999999999996,0.27953999999999996,0.24650063834085514,0.0001840580804068012,0.00018404114379650112,4.4639999999999995,1.6981811222684888
code_n32_k16_cw3_052_q03,code_n32_k16_cw3_052,q03,train,0.36,32,16,16,0.5,0.14,3,0.1875,6.0,5.0,2.0,10.0,3.0,0.0,3.0,3.0,0,0,2,0,0,32,1,0,13,0,242792,exact_all,2,1,0,9,48,41416,exact,2,1,30,440,0.1296,0.046655999999999996,0.016796159999999997,0.006046617599999999,0.1296,0.0,0.15116543999999998,0.29023764479999997,0.00026129032258064515,0.0,4.203710789766407e-06,1.4412722707770537e-06,0.1296,1.3996799999999998,7.390310399999999,0.5710030848,0.45171432286162627,0.0002669353056411886,0.00026689968475133085,8.919590399999999,2.2945116301217316
code_n32_k16_cw3_053_q00,code_n32_k16_cw3_053,q00,train,0.18,32,16,16,0.5,0.32000000000000006,3,0.1875,6.0,5.75,2.0,11.0,3.0,0.0,3.0,3.0,0,0,1,0,1,32,3,0,11,0,242792,exact_all,3,0,1,13,44,41416,exact,4,0,0,9,0.0324,0.0058319999999999995,0.0010497599999999998,0.00018895679999999997,0.0,0.0058319999999999995,0.013646879999999998,0.0083140992,0.0,1.1758064516129031e-06,3.7950166852057834e-07,4.128644525663435e-08,0.0,0.0,0.009447839999999999,0.027792979199999998,0.02741376465170797,1.5965945653901156e-06,1.596593290834369e-06,0.009447839999999999,0.009403488292718807
code_n32_k16_cw3_053_q01,code_n32_k16_cw3_053,q01,train,0.24,32,16,16,0.5,0.26,3,0.1875,6.0,5.75,2.0,11.0,3.0,0.0,3.0,3.0,0,0,1,0,1,32,3,0,11,0,242792,exact_all,3,0,1,13,44,41416,exact,4,0,0,9,0.0576,0.013823999999999998,0.0033177599999999995,0.0007962623999999999,0.0,0.013823999999999998,0.043130879999999996,0.035035545599999995,0.0,2.7870967741935478e-06,1.1994126807563957e-06,1.7398074050532332e-07,0.0,0.0,0.029859839999999995,0.09199042559999998,0.08800210951870843,4.160490195455267e-06,4.160481540639939e-06,0.029859839999999995,0.029422715312235354
code_n32_k16_cw3_053_q02,code_n32_k16_cw3_053,q02,train,0.3,32,16,16,0.5,0.19999999999999996,3,0.1875,6.0,5.75,2.0,11.0,3.0,0.0,3.0,3.0,0,0,1,0,1,32,3,0,11,0,242792,exact_all,3,0,1,13,44,41416,exact,4,0,0,9,0.09,0.026999999999999996,0.0081,0.0024299999999999994,0.0,0.026999999999999996,0.10529999999999999,0.10691999999999997,0.0,5.4435483870967734e-06,2.9282536151279197e-06,5.309470840616556e-07,0.0,0.0,0.07289999999999999,0.23921999999999993,0.21448214943508542,8.90274908628635e-06,8.90270945705091e-06,0.07289999999999999,0.07036526266056348
code_n32_k16_cw3_053_q03,code_n32_k16_cw3_053,q03,train,0.36,32,16,16,0.5,0.14,3,0.1875,6.0,5.75,2.0,11.0,3.0,0.0,3.0,3.0,0,0,1,0,1,32,3,0,11,0,242792,exact_all,3,0,1,13,44,41416,exact,4,0,0,9,0.1296,0.046655999999999996,0.016796159999999997,0.006046617599999999,0.0,0.046655999999999996,0.21835007999999997,0.2660511744,0.0,9.406451612903225e-06,6.0720266963292535e-06,1.3211662482122992e-06,0.0,0.0,0.15116543999999998,0.5310572544,0.4259585127104669,1.6799644557444778e-05,1.6799503444996574e-05,0.15116543999999998,0.14077485529257536
code_n32_k16_cw3_054_q00,code_n32_k16_cw3_054,q00,train,0.18,32,16,16,0.5,0.32000000000000006,3,0.1875,6.0,6.75,2.0,10.0,3.0,0.0,3.0,3.0,0,0,1,0,2,32,4,0,9,0,242792,exact_all,2,1,2,16,101,41416,exact,2,1,30,445,0.0324,0.0058319999999999995,0.0010497599999999998,0.00018895679999999997,0.0324,0.011663999999999999,0.016796159999999997,0.0190846368,6.532258064516129e-05,2.3516129032258062e-06,4.6707897664071183e-07,9.477115843000157e-08,0.0324,0.17495999999999998,0.4671431999999999,0.0799447968,0.07690992575568545,6.82360436834578e-05,6.823371571052952e-05,0.6745032,0.5155165242685106
code_n32_k16_cw3_054_q01,code_n32_k16_cw3_054,q01,train,0.24,32,16,16,0.5,0.26,3,0.1875,6.0,6.75,2.0,10.0,3.0,0.0,3.0,3.0,0,0,1,0,2,32,4,0,9,0,242792,exact_all,2,1,2,16,101,41416,exact,2,1,30,445,0.0576,0.013823999999999998,0.0033177599999999995,0.0007962623999999999,0.0576,0.027647999999999995,0.05308415999999999,0.08042250239999998,0.0001161290322580645,5.5741935483870956e-06,1.4762002224694103e-06,3.993648816144922e-07,0.0576,0.4147199999999999,1.4764031999999998,0.21875466239999997,0.19782956888157677,0.00012357879091053553,0.00012357115568078256,1.9487231999999997,1.081372263101583
code_n32_k16_cw3_054_q02,code_n32_k16_cw3_054,q02,train,0.3,32,16,16,0.5,0.19999999999999996,3,0.1875,6.0,6.75,2.0,10.0,3.0,0.0,3.0,3.0,0,0,1,0,2,32,4,0,9,0,242792,exact_all,2,1,2,16,101,41416,exact,2,1,30,445,0.09,0.026999999999999996,0.0081,0.0024299999999999994,0.09,0.05399999999999999,0.1296,0.24542999999999995,0.0001814516129032258,1.0887096774193547e-05,3.6040044493882093e-06,1.2187648975051642e-06,0.09,0.8099999999999998,3.6045,0.5190299999999999,0.41807197325402834,0.0001971614790243127,0.0001971420452542591,4.504499999999999,1.7055659395283207
code_n32_k16_cw3_054_q03,code_n32_k16_cw3_054,q03,train,0.36,32,16,16,0.5,0.14,3,0.1875,6.0,6.75,2.0,10.0,3.0,0.0,3.0,3.0,0,0,1,0,2,32,4,0,9,0,242792,exact_all,2,1,2,16,101,41416,exact,2,1,30,445,0.1296,0.046655999999999996,0.016796159999999997,0.006046617599999999,0.1296,0.09331199999999999,0.26873855999999996,0.6107083776,0.00026129032258064515,1.881290322580645e-05,7.473263626251389e-06,3.03267706976005e-06,0.1296,1.3996799999999998,7.474291199999999,1.1023589376,0.7430600179149827,0.000290609166502463,0.000290566947837858,9.003571199999998,2.302942149241876
code_n32_k16_cw3_055_q00,code_n32_k16_cw3_055,q00,validation,0.18,32,16,16,0.5,0.32000000000000006,3,0.1875,6.0,3.375,2.0,10.0,3.0,0.0,3.0,3.0,0,0,1,0,0,32,2,0,13,0,242792,exact_all,2,2,0,4,37,41416,exact,2,2,60,872,0.0324,0.0058319999999999995,0.0010497599999999998,0.00018895679999999997,0.0648,0.0,0.004199039999999999,0.006991401599999999,0.00013064516129032258,0.0,1.1676974416017796e-07,3.471814714762434e-08,0.0648,0.34991999999999995,0.9153907199999999,0.0759904416,0.07324157842876072,0.00013079664918163038,0.00013078809604571802,1.33011072,0.8459157857619071
code_n32_k16_cw3_055_q01,code_n32_k16_cw3_055,q01,validation,0.24,32,16,16,0.5,0.26,3,0.1875,6.0,3.375,2.0,10.0,3.0,0.0,3.0,3.0,0,0,1,0,0,32,2,0,13,0,242792,exact_all,2,2,0,4,37,41416,exact,2,2,60,872,0.0576,0.013823999999999998,0.0033177599999999995,0.0007962623999999999,0.1152,0.0,0.013271039999999998,0.029461708799999996,0.000232258064516129,0.0,3.690500556173526e-07,1.4630198633402192e-07,0.1152,0.8294399999999998,2.8930867199999994,0.15793274879999997,0.14663630216212256,0.00023277341655808038,0.00023274632902977512,3.837726719999999,1.5764449244411305
code_n32_k16_cw3_055_q02,code_n32_k16_cw3_055,q02,validation,0.3,32,16,16,0.5,0.19999999999999996,3,0.1875,6.0,3.375,2.0,10.0,3.0,0.0,3.0,3.0,0,0,1,0,0,32,2,0,13,0,242792,exact_all,2,2,0,4,37,41416,exact,2,2,60,872,0.09,0.026999999999999996,0.0081,0.0024299999999999994,0.18,0.0,0.0324,0.08990999999999998,0.0003629032258064516,0.0,9.010011123470523e-07,4.464782297791196e-07,0.18,1.6199999999999997,7.063199999999999,0.30230999999999997,0.26413961068429986,0.00036425070514857776,0.00036418438196549914,8.863199999999999,2.288810659572206
code_n32_k16_cw3_055_q03,code_n32_k16_cw3_055,q03,validation,0.36,32,16,16,0.5,0.14,3,0.1875,6.0,3.375,2.0,10.0,3.0,0.0,3.0,3.0,0,0,1,0,0,32,2,0,13,0,242792,exact_all,2,2,0,4,37,41416,exact,2,2,60,872,0.1296,0.046655999999999996,0.016796159999999997,0.006046617599999999,0.2592,0.0,0.06718463999999999,0.22372485119999996,0.0005225806451612903,0.0,1.8683159065628473e-06,1.110980708723979e-06,0.2592,2.7993599999999996,14.646251519999998,0.5501094912,0.43832556792017535,0.0005255599417765772,0.0005254218835201853,17.704811519999996,2.9287807912991943
code_n32_k16_cw3_056_q00,code_n32_k16_cw3_056,q00,train,0.18,32,16,16,0.5,0.32000000000000006,3,0.1875,6.0,5.875,3.0,11.0,3.0,0.0,3.0,3.0,0,0,0,0,4,32,2,0,10,0,242792,exact_all,3,0,3,10,49,41416,exact,4,0,0,7,0.0324,0.0058319999999999995,0.0010497599999999998,0.00018895679999999997,0.0,0.017495999999999998,0.0104976,0.009258883199999998,0.0,3.5274193548387096e-06,2.919243604004449e-07,4.597808676307007e-08,0.0,0.0,0.0073483199999999985,0.03725248319999999,0.036575374250630614,3.8653218020022245e-06,3.8653143316651585e-06,0.0073483199999999985,0.007321452636295071
code_n32_k16_cw3_056_q01,code_n32_k16_cw3_056,q01,train,0.24,32,16,16,0.5,0.26,3,0.1875,6.0,5.875,3.0,11.0,3.0,0.0,3.0,3.0,0,0,0,0,4,32,2,0,10,0,242792,exact_all,3,0,3,10,49,41416,exact,4,0,0,7,0.0576,0.013823999999999998,0.0033177599999999995,0.0007962623999999999,0.0,0.041471999999999995,0.033177599999999995,0.039016857599999996,0.0,8.361290322580645e-06,9.226251390433814e-07,1.9375127919911008e-07,0.0,0.0,0.023224319999999996,0.11366645759999998,0.10765768697826707,9.477666740823136e-06,9.47762182802349e-06,0.023224319999999996,0.0229587395692226
code_n32_k16_cw3_056_q02,code_n32_k16_cw3_056,q02,train,0.3,32,16,16,0.5,0.19999999999999996,3,0.1875,6.0,5.875,3.0,11.0,3.0,0.0,3.0,3.0,0,0,0,0,4,32,2,0,10,0,242792,exact_all,3,0,3,10,49,41416,exact,4,0,0,7,0.09,0.026999999999999996,0.0081,0.0024299999999999994,0.0,0.08099999999999999,0.08099999999999999,0.11906999999999997,0.0,1.6330645161290322e-05,2.2525027808676306e-06,5.912819799777529e-07,0.0,0.0,0.0567,0.28106999999999993,0.24769566623036712,1.9174429922135706e-05,1.9174246095104137e-05,0.0567,0.05515084446484804
code_n32_k16_cw3_056_q03,code_n32_k16_cw3_056,q03,train,0.36,32,16,16,0.5,0.14,3,0.1875,6.0,5.875,3.0,11.0,3.0,0.0,3.0,3.0,0,0,0,0,4,32,2,0,10,0,242792,exact_all,3,0,3,10,49,41416,exact,4,0,0,7,0.1296,0.046655999999999996,0.016796159999999997,0.006046617599999999,0.0,0.13996799999999998,0.1679616,0.29628426239999994,0.0,2.8219354838709677e-05,4.6707897664071185e-06,1.4712987764182422e-06,0.0,0.0,0.11757311999999998,0.6042138624,0.4726338312298952,3.436144338153504e-05,3.436085304066268e-05,0.11757311999999998,0.11115947713235992
code_n32_k16_cw3_057_q00,code_n32_k16_cw3_057,q00,train,0.18,32,16,16,0.5,0.32000000000000006,3,0.1875,6.0,2.25,3.0,9.0,3.0,0.0,3.0,3.0,0,0,0,0,1,32,2,0,13,0,242792,exact_all,3,0,2,6,30,41416,exact,4,0,0,5,0.0324,0.0058319999999999995,0.0010497599999999998,0.00018895679999999997,0.0,0.011663999999999999,0.006298559999999999,0.005668703999999999,0.0,2.3516129032258062e-06,1.7515461624026692e-07,2.8149849038614328e-08,0.0,0.0,0.0052488,0.023631264,0.02335636801799329,2.5549173685046874e-06,2.5549141047088664e-06,0.0052488,0.005235073061631587
code_n32_k16_cw3_057_q01,code_n32_k16_cw3_057,q01,train,0.24,32,16,16,0.5,0.26,3,0.1875,6.0,2.25,3.0,9.0,3.0,0.0,3.0,3.0,0,0,0,0,1,32,2,0,13,0,242792,exact_all,3,0,2,6,30,41416,exact,4,0,0,5,0.0576,0.013823999999999998,0.0033177599999999995,0.0007962623999999999,0.0,0.027647999999999995,0.019906559999999997,0.023887871999999997,0.0,5.5741935483870956e-06,5.535750834260288e-07,1.1862323216272047e-07,0.0,0.0,0.016588799999999997,0.071442432,0.06900580793660856,6.2463918639758445e-06,6.2463723553514245e-06,0.016588799999999997,0.01645270885409976
code_n32_k16_cw3_057_q02,code_n32_k16_cw3_057,q02,train,0.3,32,16,16,0.5,0.19999999999999996,3,0.1875,6.0,2.25,3.0,9.0,3.0,0.0,3.0,3.0,0,0,0,0,1,32,2,0,13,0,242792,exact_all,3,0,2,6,30,41416,exact,4,0,0,5,0.09,0.026999999999999996,0.0081,0.0024299999999999994,0.0,0.05399999999999999,0.0486,0.07289999999999998,0.0,1.0887096774193547e-05,1.3515016685205782e-06,3.6200937549658345e-07,0.0,0.0,0.040499999999999994,0.1755,0.16169358899798714,1.260060781821071e-05,1.2600528431218897e-05,0.040499999999999994,0.03970136685155206
code_n32_k16_cw3_057_q03,code_n32_k16_cw3_057,q03,train,0.36,32,16,16,0.5,0.14,3,0.1875,6.0,2.25,3.0,9.0,3.0,0.0,3.0,3.0,0,0,0,0,1,32,2,0,13,0,242792,exact_all,3,0,2,6,30,41416,exact,4,0,0,5,0.1296,0.046655999999999996,0.016796159999999997,0.006046617599999999,0.0,0.09331199999999999,0.10077695999999998,0.18139852799999998,0.0,1.881290322580645e-05,2.8024738598442708e-06,9.007951692356585e-07,0.0,0.0,0.0839808,0.375487488,0.31880820501251256,2.251617225488638e-05,2.2515918769684878e-05,0.0839808,0.08064019068347023
code_n32_k16_cw3_058_q00,code_n32_k16_cw3_058,q00,train,0.18,32,16,16,0.5,0.32000000000000006,3,0.1875,6.0,6.0,3.0,13.0,3.0,0.0,3.0,3.0,0,0,0,0,2,32,3,0,11,0,242792,exact_all,2,1,8,7,31,41416,exact,2,1,30,435,0.0324,0.0058319999999999995,0.0010497599999999998,0.00018895679999999997,0.0324,0.046655999999999996,0.0073483199999999985,0.005857660799999999,6.532258064516129e-05,9.406451612903225e-06,2.0434705228031142e-07,2.9088177339901473e-08,0.0324,0.17495999999999998,0.45664559999999993,0.09226198079999998,0.08825075770662245,7.496246748768472e-05,7.495965794232489e-05,0.6640055999999999,0.5092277077779692
code_n32_k16_cw3_058_q01,code_n32_k16_cw3_058,q01,train,0.24,32,16,16,0.5,0.26,3,0.1875,6.0,6.0,3.0,13.0,3.0,0.0,3.0,3.0,0,0,0,0,2,32,3,0,11,0,242792,exact_all,2,1,8,7,31,41416,exact,2,1,30,435,0.0576,0.013823999999999998,0.0033177599999999995,0.0007962623999999999,0.0576,0.11059199999999998,0.023224319999999996,0.024684134399999995,0.0001161290322580645,2.2296774193548382e-05,6.458375973303669e-07,1.225773399014778e-07,0.0576,0.4147199999999999,1.4432255999999997,0.21610045439999997,0.19564939065822942,0.00013919422138884474,0.00013918453477208102,1.9155455999999995,1.0700569720996924
code_n32_k16_cw3_058_q02,code_n32_k16_cw3_058,q02,train,0.3,32,16,16,0.5,0.19999999999999996,3,0.1875,6.0,6.0,3.0,13.0,3.0,0.0,3.0,3.0,0,0,0,0,2,32,3,0,11,0,242792,exact_all,2,1,8,7,31,41416,exact,2,1,30,435,0.09,0.026999999999999996,0.0081,0.0024299999999999994,0.09,0.21599999999999997,0.0567,0.07532999999999998,0.0001814516129032258,4.354838709677419e-05,1.5767519466073413e-06,3.740763546798029e-07,0.09,0.8099999999999998,3.5235,0.4380299999999999,0.36327412139000215,0.00022695082830128714,0.00022692507885788515,4.4235,1.6907413634981352
code_n32_k16_cw3_058_q03,code_n32_k16_cw3_058,q03,train,0.36,32,16,16,0.5,0.14,3,0.1875,6.0,6.0,3.0,13.0,3.0,0.0,3.0,3.0,0,0,0,0,2,32,3,0,11,0,242792,exact_all,2,1,8,7,31,41416,exact,2,1,30,435,0.1296,0.046655999999999996,0.016796159999999997,0.006046617599999999,0.1296,0.37324799999999997,0.11757311999999998,0.18744514559999997,0.00026129032258064515,7.52516129032258e-05,3.2695528364849827e-06,9.308216748768471e-07,0.1296,1.3996799999999998,7.306329599999999,0.8078662656,0.5921472910926139,0.0003407423099952328,0.000340684270518285,8.835609599999998,2.2860094326349674
code_n32_k16_cw3_059_q00,code_n32_k16_cw3_059,q00,train,0.18,32,16,16,0.5,0.32000000000000006,3,0.1875,6.0,3.5,3.0,10.0,3.0,0.0,3.0,3.0,0,0,0,0,3,32,1,0,12,0,242792,exact_all,3,0,1,10,41,41416,exact,4,0,0,9,0.0324,0.0058319999999999995,0.0010497599999999998,0.00018895679999999997,0.0,0.0058319999999999995,0.0104976,0.007747228799999999,0.0,1.1758064516129031e-06,2.919243604004449e-07,3.847146035277292e-08,0.0,0.0,0.009447839999999999,0.0240768288,0.023791551927847047,1.506202272366121e-06,1.5062011380446172e-06,0.009447839999999999,0.009403488292718807
code_n32_k16_cw3_059_q01,code_n32_k16_cw3_059,q01,train,0.24,32,16,16,0.5,0.26,3,0.1875,6.0,3.5,3.0,10.0,3.0,0.0,3.0,3.0,0,0,0,0,3,32,1,0,12,0,242792,exact_all,3,0,1,10,41,41416,exact,4,0,0,9,0.0576,0.013823999999999998,0.0033177599999999995,0.0007962623999999999,0.0,0.013823999999999998,0.033177599999999995,0.032646758399999996,0.0,2.7870967741935478e-06,9.226251390433814e-07,1.6211841728905132e-07,0.0,0.0,0.029859839999999995,0.07964835839999998,0.07663539404479532,3.871840330525981e-06,3.8718328349715555e-06,0.029859839999999995,0.029422715312235354
code_n32_k16_cw3_059_q02,code_n32_k16_cw3_059,q02,train,0.3,32,16,16,0.5,0.19999999999999996,3,0.1875,6.0,3.5,3.0,10.0,3.0,0.0,3.0,3.0,0,0,0,0,3,32,1,0,12,0,242792,exact_all,3,0,1,10,41,41416,exact,4,0,0,9,0.09,0.026999999999999996,0.0081,0.0024299999999999994,0.0,0.026999999999999996,0.08099999999999999,0.09962999999999998,0.0,5.4435483870967734e-06,2.2525027808676306e-06,4.947461465119973e-07,0.0,0.0,0.07289999999999999,0.20762999999999998,0.1886597612051063,8.1907973144764e-06,8.190763770079247e-06,0.07289999999999999,0.07036526266056348
code_n32_k16_cw3_059_q03,code_n32_k16_cw3_059,q03,train,0.36,32,16,16,0.5,0.14,3,0.1875,6.0,3.5,3.0,10.0,3.0,0.0,3.0,3.0,0,0,0,0,3,32,1,0,12,0,242792,exact_all,3,0,1,10,41,41416,exact,4,0,0,9,0.1296,0.046655999999999996,0.016796159999999997,0.006046617599999999,0.0,0.046655999999999996,0.1679616,0.24791132159999996,0.0,9.406451612903225e-06,4.6707897664071185e-06,1.2310867312887334e-06,0.0,0.0,0.15116543999999998,0.4625289215999999,0.3801670753813342,1.5308328110599078e-05,1.5308210939340102e-05,0.15116543999999998,0.14077485529257536
code_n32_k16_cw3_060_q00,code_n32_k16_cw3_060,q00,test,0.18,32,16,16,0.5,0.32000000000000006,3,0.1875,6.0,3.75,1.0,10.0,3.0,0.0,3.0,3.0,1,0,0,0,0,32,1,0,14,0,242792,exact_all,3,0,1,12,49,41416,exact,4,0,0,8,0.0324,0.0058319999999999995,0.0010497599999999998,0.00018895679999999997,0.0,0.0058319999999999995,0.012597119999999998,0.009258883199999998,0.0,1.1758064516129031e-06,3.5030923248053385e-07,4.597808676307007e-08,0.0,0.0,0.008398079999999999,0.027688003199999995,0.02731162213519711,1.572093770856507e-06,1.5720925351183899e-06,0.008398079999999999,0.008363012323468396
code_n32_k16_cw3_060_q01,code_n32_k16_cw3_060,q01,test,0.24,32,16,16,0.5,0.26,3,0.1875,6.0,3.75,1.0,10.0,3.0,0.0,3.0,3.0,1,0,0,0,0,32,1,0,14,0,242792,exact_all,3,0,1,12,49,41416,exact,4,0,0,8,0.0576,0.013823999999999998,0.0033177599999999995,0.0007962623999999999,0.0,0.013823999999999998,0.039813119999999994,0.039016857599999996,0.0,2.7870967741935478e-06,1.1071501668520576e-06,1.9375127919911008e-07,0.0,0.0,0.026542079999999996,0.09265397759999999,0.0886095786513813,4.087998220244715e-06,4.0879898644027635e-06,0.026542079999999996,0.02619595030443698
code_n32_k16_cw3_060_q02,code_n32_k16_cw3_060,q02,test,0.3,32,16,16,0.5,0.19999999999999996,3,0.1875,6.0,3.75,1.0,10.0,3.0,0.0,3.0,3.0,1,0,0,0,0,32,1,0,14,0,242792,exact_all,3,0,1,12,49,41416,exact,4,0,0,8,0.09,0.026999999999999996,0.0081,0.0024299999999999994,0.0,0.026999999999999996,0.0972,0.11906999999999997,0.0,5.4435483870967734e-06,2.7030033370411564e-06,5.912819799777529e-07,0.0,0.0,0.0648,0.24326999999999996,0.21774500535241165,8.737833704115683e-06,8.737795529469139e-06,0.0648,0.06278698809876482
code_n32_k16_cw3_060_q03,code_n32_k16_cw3_060,q03,test,0.36,32,16,16,0.5,0.14,3,0.1875,6.0,3.75,1.0,10.0,3.0,0.0,3.0,3.0,1,0,0,0,0,32,1,0,14,0,242792,exact_all,3,0,1,12,49,41416,exact,4,0,0,8,0.1296,0.046655999999999996,0.016796159999999997,0.006046617599999999,0.0,0.046655999999999996,0.20155391999999997,0.29628426239999994,0.0,9.406451612903225e-06,5.6049477196885415e-06,1.4712987764182422e-06,0.0,0.0,0.13436927999999998,0.5444941823999999,0.43469646671352974,1.6482698109010008e-05,1.6482562270834184e-05,0.13436927999999998,0.12607679603412303
code_n32_k16_cw3_061_q00,code_n32_k16_cw3_061,q00,test,0.18,32,16,16,0.5,0.32000000000000006,3,0.1875,6.0,8.0,2.0,13.0,3.0,0.0,3.0,3.0,0,0,1,0,2,32,3,0,10,0,242792,exact_all,3,0,2,17,67,41416,exact,4,0,0,11,0.0324,0.0058319999999999995,0.0010497599999999998,0.00018895679999999997,0.0,0.011663999999999999,0.017845919999999998,0.012660105599999999,0.0,2.3516129032258062e-06,4.962714126807563e-07,6.286799618623867e-08,0.0,0.0,0.011547359999999998,0.042170025599999994,0.041305102380858015,2.9107523120928013e-06,2.9107480758615104e-06,0.011547359999999998,0.011481198081718715
code_n32_k16_cw3_061_q01,code_n32_k16_cw3_061,q01,test,0.24,32,16,16,0.5,0.26,3,0.1875,6.0,8.0,2.0,13.0,3.0,0.0,3.0,3.0,0,0,1,0,2,32,3,0,10,0,242792,exact_all,3,0,2,17,67,41416,exact,4,0,0,11,0.0576,0.013823999999999998,0.0033177599999999995,0.0007962623999999999,0.0,0.027647999999999995,0.056401919999999994,0.05334958079999999,0.0,5.5741935483870956e-06,1.5684627363737484e-06,2.6492521849674236e-07,0.0,0.0,0.03649535999999999,0.13739950079999996,0.1287445169947388,7.407581503257586e-06,7.407554067261212e-06,0.03649535999999999,0.03584517627972158
code_n32_k16_cw3_061_q02,code_n32_k16_cw3_061,q02,test,0.3,32,16,16,0.5,0.19999999999999996,3,0.1875,6.0,8.0,2.0,13.0,3.0,0.0,3.0,3.0,0,0,1,0,2,32,3,0,10,0,242792,exact_all,3,0,2,17,67,41416,exact,4,0,0,11,0.09,0.026999999999999996,0.0081,0.0024299999999999994,0.0,0.05399999999999999,0.1377,0.16280999999999995,0.0,1.0887096774193547e-05,3.829254727474972e-06,8.08487605275703e-07,0.0,0.0,0.0891,0.35450999999999994,0.3034397653138405,1.5524839106944223e-05,1.552471859787683e-05,0.0891,0.0853516670995037
code_n32_k16_cw3_061_q03,code_n32_k16_cw3_061,q03,test,0.36,32,16,16,0.5,0.14,3,0.1875,6.0,8.0,2.0,13.0,3.0,0.0,3.0,3.0,0,0,1,0,2,32,3,0,10,0,242792,exact_all,3,0,2,17,67,41416,exact,4,0,0,11,0.1296,0.046655999999999996,0.016796159999999997,0.006046617599999999,0.0,0.09331199999999999,0.28553471999999996,0.40512337919999997,0.0,1.881290322580645e-05,7.940342602892101e-06,2.0117758779596375e-06,0.0,0.0,0.18475775999999997,0.7839700991999999,0.5788412734792416,2.8765021706658186e-05,2.876460800135477e-05,0.18475775999999997,0.1695383317491533
code_n32_k16_cw3_062_q00,code_n32_k16_cw3_062,q00,train,0.18,32,16,16,0.5,0.32000000000000006,3,0.1875,6.0,6.625,2.0,11.0,3.0,0.0,3.0,3.0,0,0,1,0,2,32,2,0,11,0,242792,exact_all,3,0,2,12,55,41416,exact,4,0,0,6,0.0324,0.0058319999999999995,0.0010497599999999998,0.00018895679999999997,0.0,0.011663999999999999,0.012597119999999998,0.010392623999999998,0.0,2.3516129032258062e-06,3.5030923248053385e-07,5.160805657079294e-08,0.0,0.0,0.006298559999999999,0.03465374399999999,0.034066823884144136,2.7535301922771333e-06,2.7535264013198324e-06,0.006298559999999999,0.006278806971330837
code_n32_k16_cw3_062_q01,code_n32_k16_cw3_062,q01,train,0.24,32,16,16,0.5,0.26,3,0.1875,6.0,6.625,2.0,11.0,3.0,0.0,3.0,3.0,0,0,1,0,2,32,2,0,11,0,242792,exact_all,3,0,2,12,55,41416,exact,4,0,0,6,0.0576,0.013823999999999998,0.0033177599999999995,0.0007962623999999999,0.0,0.027647999999999995,0.039813119999999994,0.043794431999999994,0.0,5.5741935483870956e-06,1.1071501668520576e-06,2.1747592563165417e-07,0.0,0.0,0.019906559999999997,0.11125555199999998,0.10549050400897449,6.8988196408708075e-06,6.898795844124035e-06,0.019906559999999997,0.019711015256787718
code_n32_k16_cw3_062_q02,code_n32_k16_cw3_062,q02,train,0.3,32,16,16,0.5,0.19999999999999996,3,0.1875,6.0,6.625,2.0,11.0,3.0,0.0,3.0,3.0,0,0,1,0,2,32,2,0,11,0,242792,exact_all,3,0,2,12,55,41416,exact,4,0,0,6,0.09,0.026999999999999996,0.0081,0.0024299999999999994,0.0,0.05399999999999999,0.0972,0.13364999999999996,0.0,1.0887096774193547e-05,2.7030033370411564e-06,6.636838550770696e-07,0.0,0.0,0.0486,0.28484999999999994,0.2506419800160195,1.4253783966311774e-05,1.42536823820984e-05,0.0486,0.04745594115629535
code_n32_k16_cw3_062_q03,code_n32_k16_cw3_062,q03,train,0.36,32,16,16,0.5,0.14,3,0.1875,6.0,6.625,2.0,11.0,3.0,0.0,3.0,3.0,0,0,1,0,2,32,2,0,11,0,242792,exact_all,3,0,2,12,55,41416,exact,4,0,0,6,0.1296,0.046655999999999996,0.016796159999999997,0.006046617599999999,0.0,0.09331199999999999,0.20155391999999997,0.33256396799999993,0.0,1.881290322580645e-05,5.6049477196885415e-06,1.651457810265374e-06,0.0,0.0,0.10077695999999998,0.6274298879999999,0.4870020146027434,2.6069308755760363e-05,2.606896895723639e-05,0.10077695999999998,0.09601625774534364
code_n32_k16_cw3_063_q00,code_n32_k16_cw3_063,q00,train,0.18,32,16,16,0.5,0.32000000000000006,3,0.1875,6.0,6.375,2.0,12.0,3.0,0.0,3.0,3.0,0,0,1,0,3,32,0,0,12,0,242792,exact_all,3,0,1,6,56,41416,exact,4,0,0,3,0.0324,0.0058319999999999995,0.0010497599999999998,0.00018895679999999997,0.0,0.0058319999999999995,0.006298559999999999,0.010581580799999999,0.0,1.1758064516129031e-06,1.7515461624026692e-07,5.254638487208008e-08,0.0,0.0,0.0031492799999999995,0.022712140799999996,0.02245806008037948,1.4035074527252503e-06,1.403506467809587e-06,0.0031492799999999995,0.0031443314046935215
code_n32_k16_cw3_063_q01,code_n32_k16_cw3_063,q01,train,0.24,32,16,16,0.5,0.26,3,0.1875,6.0,6.375,2.0,12.0,3.0,0.0,3.0,3.0,0,0,1,0,3,32,0,0,12,0,242792,exact_all,3,0,1,6,56,41416,exact,4,0,0,3,0.0576,0.013823999999999998,0.0033177599999999995,0.0007962623999999999,0.0,0.013823999999999998,0.019906559999999997,0.04459069439999999,0.0,2.7870967741935478e-06,5.535750834260288e-07,2.2143003337041154e-07,0.0,0.0,0.009953279999999998,0.07832125439999998,0.07540543773824585,3.562101890989988e-06,3.562095546720113e-06,0.009953279999999998,0.009904072357517795
code_n32_k16_cw3_063_q02,code_n32_k16_cw3_063,q02,train,0.3,32,16,16,0.5,0.19999999999999996,3,0.1875,6.0,6.375,2.0,12.0,3.0,0.0,3.0,3.0,0,0,1,0,3,32,0,0,12,0,242792,exact_all,3,0,1,6,56,41416,exact,4,0,0,3,0.09,0.026999999999999996,0.0081,0.0024299999999999994,0.0,0.026999999999999996,0.0486,0.13607999999999998,0.0,5.4435483870967734e-06,1.3515016685205782e-06,6.75750834260289e-07,0.0,0.0,0.0243,0.21167999999999998,0.1920078263833755,7.47080088987764e-06,7.47077298358366e-06,0.0243,0.024009452460351865
code_n32_k16_cw3_063_q03,code_n32_k16_cw3_063,q03,train,0.36,32,16,16,0.5,0.14,3,0.1875,6.0,6.375,2.0,12.0,3.0,0.0,3.0,3.0,0,0,1,0,3,32,0,0,12,0,242792,exact_all,3,0,1,6,56,41416,exact,4,0,0,3,0.1296,0.046655999999999996,0.016796159999999997,0.006046617599999999,0.0,0.046655999999999996,0.10077695999999998,0.33861058559999996,0.0,9.406451612903225e-06,2.8024738598442708e-06,1.6814843159065625e-06,0.0,0.0,0.05038847999999999,0.48604354559999996,0.39611724976931195,1.3890409788654057e-05,1.3890313317805354e-05,0.05038847999999999,0.04916007669573743
code_n32_k16_cw3_064_q00,code_n32_k16_cw3_064,q00,train,0.18,32,16,16,0.5,0.32000000000000006,3,0.1875,6.0,4.25,2.0,9.0,3.0,0.0,3.0,3.0,0,0,1,0,0,32,4,0,11,0,242792,exact_all,2,2,1,8,39,41416,exact,2,2,60,872,0.0324,0.0058319999999999995,0.0010497599999999998,0.00018895679999999997,0.0648,0.0058319999999999995,0.008398079999999999,0.007369315199999999,0.00013064516129032258,1.1758064516129031e-06,2.3353948832035592e-07,3.659480375019863e-08,0.0648,0.34991999999999995,0.9153907199999999,0.0863993952,0.08286892112110875,0.00013209110203400603,0.0001320823787725561,1.33011072,0.8459157857619071
code_n32_k16_cw3_064_q01,code_n32_k16_cw3_064,q01,train,0.24,32,16,16,0.5,0.26,3,0.1875,6.0,4.25,2.0,9.0,3.0,0.0,3.0,3.0,0,0,1,0,0,32,4,0,11,0,242792,exact_all,2,2,1,8,39,41416,exact,2,2,60,872,0.0576,0.013823999999999998,0.0033177599999999995,0.0007962623999999999,0.1152,0.013823999999999998,0.026542079999999996,0.031054233599999995,0.000232258064516129,2.7870967741935478e-06,7.381001112347052e-07,1.5421020181153662e-07,0.1152,0.8294399999999998,2.8930867199999994,0.18662031359999998,0.17110919385987255,0.0002359374716033688,0.00023590964273527797,3.837726719999999,1.5764449244411305
code_n32_k16_cw3_064_q02,code_n32_k16_cw3_064,q02,train,0.3,32,16,16,0.5,0.19999999999999996,3,0.1875,6.0,4.25,2.0,9.0,3.0,0.0,3.0,3.0,0,0,1,0,0,32,4,0,11,0,242792,exact_all,2,2,1,8,39,41416,exact,2,2,60,872,0.09,0.026999999999999996,0.0081,0.0024299999999999994,0.18,0.026999999999999996,0.0648,0.09476999999999998,0.0003629032258064516,5.4435483870967734e-06,1.8020022246941046e-06,4.706121881455585e-07,0.18,1.6199999999999997,7.063199999999999,0.36656999999999995,0.31230395083323015,0.00037061938860638805,0.0003705507262053368,8.863199999999999,2.288810659572206
code_n32_k16_cw3_064_q03,code_n32_k16_cw3_064,q03,train,0.36,32,16,16,0.5,0.14,3,0.1875,6.0,4.25,2.0,9.0,3.0,0.0,3.0,3.0,0,0,1,0,0,32,4,0,11,0,242792,exact_all,2,2,1,8,39,41416,exact,2,2,60,872,0.1296,0.046655999999999996,0.016796159999999997,0.006046617599999999,0.2592,0.046655999999999996,0.13436927999999998,0.23581808639999996,0.0005225806451612903,9.406451612903225e-06,3.7366318131256946e-06,1.1710337200063562e-06,0.2592,2.7993599999999996,14.646251519999998,0.6760433663999998,0.5164358766654749,0.0005368947623073256,0.0005367506858813747,17.704811519999996,2.9287807912991943
code_n32_k16_cw3_065_q00,code_n32_k16_cw3_065,q00,train,0.18,32,16,16,0.5,0.32000000000000006,3,0.1875,6.0,6.625,1.0,10.0,3.0,0.0,3.0,3.0,1,0,1,0,0,32,2,0,12,0,242792,exact_all,3,0,2,13,76,41416,exact,4,0,0,10,0.0324,0.0058319999999999995,0.0010497599999999998,0.00018895679999999997,0.0,0.011663999999999999,0.013646879999999998,0.014360716799999998,0.0,2.3516129032258062e-06,3.7950166852057834e-07,7.131295089782298e-08,0.0,0.0,0.0104976,0.03967159679999999,0.0389048909790159,2.8024275226442077e-06,2.8024235958515343e-06,0.0104976,0.010442882796867616
code_n32_k16_cw3_065_q01,code_n32_k16_cw3_065,q01,train,0.24,32,16,16,0.5,0.26,3,0.1875,6.0,6.625,1.0,10.0,3.0,0.0,3.0,3.0,1,0,1,0,0,32,2,0,12,0,242792,exact_all,3,0,2,13,76,41416,exact,4,0,0,10,0.0576,0.013823999999999998,0.0033177599999999995,0.0007962623999999999,0.0,0.027647999999999995,0.043130879999999996,0.06051594239999999,0.0,5.5741935483870956e-06,1.1994126807563957e-06,3.005121881455585e-07,0.0,0.0,0.033177599999999995,0.13129482239999998,0.12336283725811739,7.07411841728905e-06,7.0740933958313624e-06,0.033177599999999995,0.0326391017877269
code_n32_k16_cw3_065_q02,code_n32_k16_cw3_065,q02,train,0.3,32,16,16,0.5,0.19999999999999996,3,0.1875,6.0,6.625,1.0,10.0,3.0,0.0,3.0,3.0,1,0,1,0,0,32,2,0,12,0,242792,exact_all,3,0,2,13,76,41416,exact,4,0,0,10,0.09,0.026999999999999996,0.0081,0.0024299999999999994,0.0,0.05399999999999999,0.10529999999999999,0.18467999999999996,0.0,1.0887096774193547e-05,2.9282536151279197e-06,9.170904179246781e-07,0.0,0.0,0.08099999999999999,0.34397999999999995,0.2956353610378543,1.4732440807246145e-05,1.4732332285905931e-05,0.08099999999999999,0.07788653865707122
code_n32_k16_cw3_065_q03,code_n32_k16_cw3_065,q03,train,0.36,32,16,16,0.5,0.14,3,0.1875,6.0,6.625,1.0,10.0,3.0,0.0,3.0,3.0,1,0,1,0,0,32,2,0,12,0,242792,exact_all,3,0,2,13,76,41416,exact,4,0,0,10,0.1296,0.046655999999999996,0.016796159999999997,0.006046617599999999,0.0,0.09331199999999999,0.21835007999999997,0.4595429375999999,0.0,1.881290322580645e-05,6.0720266963292535e-06,2.2820144287303353e-06,0.0,0.0,0.1679616,0.7712050175999998,0.5716601158498849,2.7166944350866037e-05,2.7166575336116677e-05,0.1679616,0.15526000715325558
code_n32_k16_cw3_066_q00,code_n32_k16_cw3_066,q00,train,0.18,32,16,16,0.5,0.32000000000000006,3,0.1875,6.0,3.625,3.0,10.0,3.0,0.0,3.0,3.0,0,0,0,0,2,32,3,0,11,0,242792,exact_all,4,0,0,6,31,41416,exact,4,0,0,4,0.0324,0.0058319999999999995,0.0010497599999999998,0.00018895679999999997,0.0,0.0,0.006298559999999999,0.005857660799999999,0.0,0.0,1.7515461624026692e-07,2.9088177339901473e-08,0.0,0.0,0.004199039999999999,0.012156220799999999,0.01208292733114819,2.042427935801684e-07,2.0424277272261186e-07,0.004199039999999999,0.004190248633147544
code_n32_k16_cw3_066_q01,code_n32_k16_cw3_066,q01,train,0.24,32,16,16,0.5,0.26,3,0.1875,6.0,3.625,3.0,10.0,3.0,0.0,3.0,3.0,0,0,0,0,2,32,3,0,11,0,242792,exact_all,4,0,0,6,31,41416,exact,4,0,0,4,0.0576,0.013823999999999998,0.0033177599999999995,0.0007962623999999999,0.0,0.0,0.019906559999999997,0.024684134399999995,0.0,0.0,5.535750834260288e-07,1.225773399014778e-07,0.0,0.0,0.013271039999999998,0.04459069439999999,0.0436251286901276,6.761524233275066e-07,6.761521947365599e-07,0.013271039999999998,0.013183751176225745
code_n32_k16_cw3_066_q02,code_n32_k16_cw3_066,q02,train,0.3,32,16,16,0.5,0.19999999999999996,3,0.1875,6.0,3.625,3.0,10.0,3.0,0.0,3.0,3.0,0,0,0,0,2,32,3,0,11,0,242792,exact_all,4,0,0,6,31,41416,exact,4,0,0,4,0.09,0.026999999999999996,0.0081,0.0024299999999999994,0.0,0.0,0.0486,0.07532999999999998,0.0,0.0,1.3515016685205782e-06,3.740763546798029e-07,0.0,0.0,0.0324,0.12392999999999998,0.11683147195209914,1.7255780232003812e-06,1.7255765343923368e-06,0.0324,0.031886188862321745
code_n32_k16_cw3_066_q03,code_n32_k16_cw3_066,q03,train,0.36,32,16,16,0.5,0.14,3,0.1875,6.0,3.625,3.0,10.0,3.0,0.0,3.0,3.0,0,0,0,0,2,32,3,0,11,0,242792,exact_all,4,0,0,6,31,41416,exact,4,0,0,4,0.1296,0.046655999999999996,0.016796159999999997,0.006046617599999999,0.0,0.0,0.10077695999999998,0.18744514559999997,0.0,0.0,2.8024738598442708e-06,9.308216748768471e-07,0.0,0.0,0.06718463999999999,0.28822210559999994,0.25326305505173335,3.7332955347211177e-06,3.733288565990687e-06,0.06718463999999999,0.06502400327204662
code_n32_k16_cw3_067_q00,code_n32_k16_cw3_067,q00,train,0.18,32,16,16,0.5,0.32000000000000006,3,0.1875,6.0,6.125,2.0,10.0,3.0,0.0,3.0,3.0,0,0,1,0,1,32,5,0,9,0,242792,exact_all,2,1,2,18,81,41416,exact,2,1,30,446,0.0324,0.0058319999999999995,0.0010497599999999998,0.00018895679999999997,0.0324,0.011663999999999999,0.018895679999999998,0.015305500799999998,6.532258064516129e-05,2.3516129032258062e-06,5.254638487208008e-07,7.600459240425869e-08,0.0324,0.17495999999999998,0.46819295999999994,0.07826518079999999,0.07535343555637417,6.827566198951215e-05,6.827333131258716e-05,0.6755529599999999,0.5161432361707727
code_n32_k16_cw3_067_q01,code_n32_k16_cw3_067,q01,train,0.24,32,16,16,0.5,0.26,3,0.1875,6.0,6.125,2.0,10.0,3.0,0.0,3.0,3.0,0,0,1,0,1,32,5,0,9,0,242792,exact_all,2,1,2,18,81,41416,exact,2,1,30,446,0.0576,0.013823999999999998,0.0033177599999999995,0.0007962623999999999,0.0576,0.027647999999999995,0.05971967999999999,0.0644972544,0.0001161290322580645,5.5741935483870956e-06,1.6607252502780866e-06,3.2028272683934527e-07,0.0576,0.4147199999999999,1.4797209599999999,0.20946493439999997,0.19017805883287459,0.00012368423378356902,0.00012367658551936566,1.9520409599999997,1.0824967819807176
code_n32_k16_cw3_067_q02,code_n32_k16_cw3_067,q02,train,0.3,32,16,16,0.5,0.19999999999999996,3,0.1875,6.0,6.125,2.0,10.0,3.0,0.0,3.0,3.0,0,0,1,0,1,32,5,0,9,0,242792,exact_all,2,1,2,18,81,41416,exact,2,1,30,446,0.09,0.026999999999999996,0.0081,0.0024299999999999994,0.09,0.05399999999999999,0.14579999999999999,0.19682999999999995,0.0001814516129032258,1.0887096774193547e-05,4.0545050055617355e-06,9.774253138407753e-07,0.09,0.8099999999999998,3.6125999999999996,0.4866299999999999,0.3965118133825794,0.00019737063999682183,0.00019735116497454505,4.512599999999999,1.707036381197995
code_n32_k16_cw3_067_q03,code_n32_k16_cw3_067,q03,train,0.36,32,16,16,0.5,0.14,3,0.1875,6.0,6.125,2.0,10.0,3.0,0.0,3.0,3.0,0,0,1,0,1,32,5,0,9,0,242792,exact_all,2,1,2,18,81,41416,exact,2,1,30,446,0.1296,0.046655999999999996,0.016796159999999997,0.006046617599999999,0.1296,0.09331199999999999,0.30233087999999997,0.48977602559999994,0.00026129032258064515,1.881290322580645e-05,8.407421579532813e-06,2.432146956936278e-06,0.1296,1.3996799999999998,7.491087359999999,1.0150189055999999,0.7006285777863933,0.0002909427943429207,0.0002909004786955535,9.020367359999998,2.3046197576593097
code_n32_k16_cw3_068_q00,code_n32_k16_cw3_068,q00,train,0.18,32,16,16,0.5,0.32000000000000006,3,0.1875,6.0,3.125,3.0,10.0,3.0,0.0,3.0,3.0,0,0,0,0,2,32,1,0,13,0,242792,exact_all,2,1,0,4,39,41416,exact,2,1,30,436,0.0324,0.0058319999999999995,0.0010497599999999998,0.00018895679999999997,0.0324,0.0,0.004199039999999999,0.007369315199999999,6.532258064516129e-05,0.0,1.1676974416017796e-07,3.659480375019863e-08,0.0324,0.17495999999999998,0.45769535999999994,0.043968355199999996,0.04302917788994485,6.547594519307166e-05,6.54738017369349e-05,0.66505536,0.5098583721289124
code_n32_k16_cw3_068_q01,code_n32_k16_cw3_068,q01,train,0.24,32,16,16,0.5,0.26,3,0.1875,6.0,3.125,3.0,10.0,3.0,0.0,3.0,3.0,0,0,0,0,2,32,1,0,13,0,242792,exact_all,2,1,0,4,39,41416,exact,2,1,30,436,0.0576,0.013823999999999998,0.0033177599999999995,0.0007962623999999999,0.0576,0.0,0.013271039999999998,0.031054233599999995,0.0001161290322580645,0.0,3.690500556173526e-07,1.5421020181153662e-07,0.0576,0.4147199999999999,1.4465433599999997,0.10192527359999999,0.09705889863117131,0.00011665229251549339,0.0001166454891658979,1.9188633599999996,1.0711942802247707
code_n32_k16_cw3_068_q02,code_n32_k16_cw3_068,q02,train,0.3,32,16,16,0.5,0.19999999999999996,3,0.1875,6.0,3.125,3.0,10.0,3.0,0.0,3.0,3.0,0,0,0,0,2,32,1,0,13,0,242792,exact_all,2,1,0,4,39,41416,exact,2,1,30,436,0.09,0.026999999999999996,0.0081,0.0024299999999999994,0.09,0.0,0.0324,0.09476999999999998,0.0001814516129032258,0.0,9.010011123470523e-07,4.706121881455585e-07,0.09,0.8099999999999998,3.5315999999999996,0.21716999999999997,0.19652849200674283,0.0001828232262037184,0.0001828065160743341,4.4315999999999995,1.6922337498425024
code_n32_k16_cw3_068_q03,code_n32_k16_cw3_068,q03,train,0.36,32,16,16,0.5,0.14,3,0.1875,6.0,3.125,3.0,10.0,3.0,0.0,3.0,3.0,0,0,0,0,2,32,1,0,13,0,242792,exact_all,2,1,0,4,39,41416,exact,2,1,30,436,0.1296,0.046655999999999996,0.016796159999999997,0.006046617599999999,0.1296,0.0,0.06718463999999999,0.23581808639999996,0.00026129032258064515,0.0,1.8683159065628473e-06,1.1710337200063562e-06,0.1296,1.3996799999999998,7.323125759999999,0.43260272639999997,0.35949287830962356,0.0002643296722072143,0.00026429474327444307,8.852405759999998,2.2877156649562718
code_n32_k16_cw3_069_q00,code_n32_k16_cw3_069,q00,train,0.18,32,16,16,0.5,0.32000000000000006,3,0.1875,6.0,6.125,1.0,10.0,3.0,0.0,3.0,3.0,1,0,0,0,0,32,5,0,10,0,242792,exact_all,2,1,2,7,58,41416,exact,2,1,30,442,0.0324,0.0058319999999999995,0.0010497599999999998,0.00018895679999999997,0.0324,0.011663999999999999,0.0073483199999999985,0.010959494399999999,6.532258064516129e-05,2.3516129032258062e-06,2.0434705228031142e-07,5.442304147465437e-08,0.0324,0.17495999999999998,0.46399391999999995,0.062371814399999996,0.06050396926762055,6.793296364214205e-05,6.793065630286311e-05,0.6713539199999999,0.5136340285031012
code_n32_k16_cw3_069_q01,code_n32_k16_cw3_069,q01,train,0.24,32,16,16,0.5,0.26,3,0.1875,6.0,6.125,1.0,10.0,3.0,0.0,3.0,3.0,1,0,0,0,0,32,5,0,10,0,242792,exact_all,2,1,2,7,58,41416,exact,2,1,30,442,0.0576,0.013823999999999998,0.0033177599999999995,0.0007962623999999999,0.0576,0.027647999999999995,0.023224319999999996,0.04618321919999999,0.0001161290322580645,5.5741935483870956e-06,6.458375973303669e-07,2.2933824884792623e-07,0.0576,0.4147199999999999,1.4664499199999999,0.15465553919999997,0.14380206503414214,0.00012257840165262992,0.0001225708895342301,1.9387699199999997,1.0779910992413424
code_n32_k16_cw3_069_q02,code_n32_k16_cw3_069,q02,train,0.3,32,16,16,0.5,0.19999999999999996,3,0.1875,6.0,6.125,1.0,10.0,3.0,0.0,3.0,3.0,1,0,0,0,0,32,5,0,10,0,242792,exact_all,2,1,2,7,58,41416,exact,2,1,30,442,0.09,0.026999999999999996,0.0081,0.0024299999999999994,0.09,0.05399999999999999,0.0567,0.14093999999999995,0.0001814516129032258,1.0887096774193547e-05,1.5767519466073413e-06,6.99884792626728e-07,0.09,0.8099999999999998,3.5801999999999996,0.34163999999999994,0.2938927462284936,0.0001946153464166534,0.00019459641130679177,4.480199999999999,1.7011415966443133
code_n32_k16_cw3_069_q03,code_n32_k16_cw3_069,q03,train,0.36,32,16,16,0.5,0.14,3,0.1875,6.0,6.125,1.0,10.0,3.0,0.0,3.0,3.0,1,0,0,0,0,32,5,0,10,0,242792,exact_all,2,1,2,7,58,41416,exact,2,1,30,442,0.1296,0.046655999999999996,0.016796159999999997,0.006046617599999999,0.1296,0.09331199999999999,0.11757311999999998,0.35070382079999995,0.00026129032258064515,1.881290322580645e-05,3.2695528364849827e-06,1.7415373271889398e-06,0.1296,1.3996799999999998,7.423902719999999,0.6911889407999999,0.5254317968503925,0.00028511431597012555,0.00028507367860755237,8.95318272,2.2978923713793495
code_n32_k16_cw3_070_q00,code_n32_k16_cw3_070,q00,test,0.18,32,16,16,0.5,0.32000000000000006,3,0.1875,6.0,5.125,2.0,9.0,3.0,0.0,3.0,3.0,0,0,1,0,1,32,4,0,10,0,242792,exact_all,3,0,1,6,40,41416,exact,4,0,0,5,0.0324,0.0058319999999999995,0.0010497599999999998,0.00018895679999999997,0.0,0.0058319999999999995,0.006298559999999999,0.007558271999999999,0.0,1.1758064516129031e-06,1.7515461624026692e-07,3.753313205148577e-08,0.0,0.0,0.0052488,0.019688831999999996,0.019497514087211575,1.388494199904656e-06,1.3884932359474767e-06,0.0052488,0.005235073061631587
code_n32_k16_cw3_070_q01,code_n32_k16_cw3_070,q01,test,0.24,32,16,16,0.5,0.26,3,0.1875,6.0,5.125,2.0,9.0,3.0,0.0,3.0,3.0,0,0,1,0,1,32,4,0,10,0,242792,exact_all,3,0,1,6,40,41416,exact,4,0,0,5,0.0576,0.013823999999999998,0.0033177599999999995,0.0007962623999999999,0.0,0.013823999999999998,0.019906559999999997,0.03185049599999999,0.0,2.7870967741935478e-06,5.535750834260288e-07,1.5816430955029395e-07,0.0,0.0,0.016588799999999997,0.06558105599999998,0.06352024286818328,3.4988361671698706e-06,3.498830046256886e-06,0.016588799999999997,0.01645270885409976
code_n32_k16_cw3_070_q02,code_n32_k16_cw3_070,q02,test,0.3,32,16,16,0.5,0.19999999999999996,3,0.1875,6.0,5.125,2.0,9.0,3.0,0.0,3.0,3.0,0,0,1,0,1,32,4,0,10,0,242792,exact_all,3,0,1,6,40,41416,exact,4,0,0,5,0.09,0.026999999999999996,0.0081,0.0024299999999999994,0.0,0.026999999999999996,0.0486,0.09719999999999998,0.0,5.4435483870967734e-06,1.3515016685205782e-06,4.826791673287779e-07,0.0,0.0,0.040499999999999994,0.17279999999999998,0.15939405215025,7.27772922294613e-06,7.277702740403297e-06,0.040499999999999994,0.03970136685155206
code_n32_k16_cw3_070_q03,code_n32_k16_cw3_070,q03,test,0.36,32,16,16,0.5,0.14,3,0.1875,6.0,5.125,2.0,9.0,3.0,0.0,3.0,3.0,0,0,1,0,1,32,4,0,10,0,242792,exact_all,3,0,1,6,40,41416,exact,4,0,0,5,0.1296,0.046655999999999996,0.016796159999999997,0.006046617599999999,0.0,0.046655999999999996,0.10077695999999998,0.24186470399999996,0.0,9.406451612903225e-06,2.8024738598442708e-06,1.2010602256475447e-06,0.0,0.0,0.0839808,0.38929766399999993,0.32879834174896627,1.340998569839504e-05,1.3409895785340644e-05,0.0839808,0.08064019068347023
code_n32_k16_cw3_071_q00,code_n32_k16_cw3_071,q00,train,0.18,32,16,16,0.5,0.32000000000000006,3,0.1875,6.0,3.5,3.0,10.0,3.0,0.0,3.0,3.0,0,0,0,0,1,32,2,0,13,0,242792,exact_all,3,0,1,6,29,41416,exact,4,0,0,4,0.0324,0.0058319999999999995,0.0010497599999999998,0.00018895679999999997,0.0,0.0058319999999999995,0.006298559999999999,0.005479747199999999,0.0,1.1758064516129031e-06,1.7515461624026692e-07,2.7211520737327184e-08,0.0,0.0,0.004199039999999999,0.017610307199999998,0.01745704248324098,1.3781725885904972e-06,1.3781716389115278e-06,0.004199039999999999,0.004190248633147544
code_n32_k16_cw3_071_q01,code_n32_k16_cw3_071,q01,train,0.24,32,16,16,0.5,0.26,3,0.1875,6.0,3.5,3.0,10.0,3.0,0.0,3.0,3.0,0,0,0,0,1,32,2,0,13,0,242792,exact_all,3,0,1,6,29,41416,exact,4,0,0,4,0.0576,0.013823999999999998,0.0033177599999999995,0.0007962623999999999,0.0,0.013823999999999998,0.019906559999999997,0.023091609599999997,0.0,2.7870967741935478e-06,5.535750834260288e-07,1.1466912442396312e-07,0.0,0.0,0.013271039999999998,0.056822169599999986,0.05526645205287649,3.4553409820435396e-06,3.45533501236664e-06,0.013271039999999998,0.013183751176225745
code_n32_k16_cw3_071_q02,code_n32_k16_cw3_071,q02,train,0.3,32,16,16,0.5,0.19999999999999996,3,0.1875,6.0,3.5,3.0,10.0,3.0,0.0,3.0,3.0,0,0,0,0,1,32,2,0,13,0,242792,exact_all,3,0,1,6,29,41416,exact,4,0,0,4,0.09,0.026999999999999996,0.0081,0.0024299999999999994,0.0,0.026999999999999996,0.0486,0.07046999999999998,0.0,5.4435483870967734e-06,1.3515016685205782e-06,3.49942396313364e-07,0.0,0.0,0.0324,0.14606999999999998,0.13633869845154972,7.144992451930716e-06,7.144966926593732e-06,0.0324,0.031886188862321745
code_n32_k16_cw3_071_q03,code_n32_k16_cw3_071,q03,train,0.36,32,16,16,0.5,0.14,3,0.1875,6.0,3.5,3.0,10.0,3.0,0.0,3.0,3.0,0,0,0,0,1,32,2,0,13,0,242792,exact_all,3,0,1,6,29,41416,exact,4,0,0,4,0.1296,0.046655999999999996,0.016796159999999997,0.006046617599999999,0.0,0.046655999999999996,0.10077695999999998,0.17535191039999998,0.0,9.406451612903225e-06,2.8024738598442708e-06,8.707686635944699e-07,0.0,0.0,0.06718463999999999,0.3227848703999999,0.27973926450339337,1.3079694136341965e-05,1.3079608597888492e-05,0.06718463999999999,0.06502400327204662
code_n32_k16_cw3_072_q00,code_n32_k16_cw3_072,q00,train,0.18,32,16,16,0.5,0.32000000000000006,3,0.1875,6.0,3.875,3.0,9.0,3.0,0.0,3.0,3.0,0,0,0,0,2,32,3,0,11,0,242792,exact_all,2,1,0,7,37,41416,exact,2,1,30,441,0.0324,0.0058319999999999995,0.0010497599999999998,0.00018895679999999997,0.0324,0.0,0.0073483199999999985,0.006991401599999999,6.532258064516129e-05,0.0,2.0434705228031142e-07,3.471814714762434e-08,0.0324,0.17495999999999998,0.46294415999999994,0.04673972159999999,0.04568030652331206,6.556164584458921e-05,6.555949677381685e-05,0.6703041599999999,0.5130057415812195
code_n32_k16_cw3_072_q01,code_n32_k16_cw3_072,q01,train,0.24,32,16,16,0.5,0.26,3,0.1875,6.0,3.875,3.0,9.0,3.0,0.0,3.0,3.0,0,0,0,0,2,32,3,0,11,0,242792,exact_all,2,1,0,7,37,41416,exact,2,1,30,441,0.0576,0.013823999999999998,0.0033177599999999995,0.0007962623999999999,0.0576,0.0,0.023224319999999996,0.029461708799999996,0.0001161290322580645,0.0,6.458375973303669e-07,1.4630198633402192e-07,0.0576,0.4147199999999999,1.4631321599999998,0.11028602879999999,0.10461766573312895,0.00011692117184172889,0.0001169143370942624,1.9354521599999996,1.0768614993359922
code_n32_k16_cw3_072_q02,code_n32_k16_cw3_072,q02,train,0.3,32,16,16,0.5,0.19999999999999996,3,0.1875,6.0,3.875,3.0,9.0,3.0,0.0,3.0,3.0,0,0,0,0,2,32,3,0,11,0,242792,exact_all,2,1,0,7,37,41416,exact,2,1,30,441,0.09,0.026999999999999996,0.0081,0.0024299999999999994,0.09,0.0,0.0567,0.08990999999999998,0.0001814516129032258,0.0,1.5767519466073413e-06,4.464782297791196e-07,0.09,0.8099999999999998,3.5721,0.23661,0.2123737647989436,0.00018347484307961227,0.00018345801362907978,4.472099999999999,1.6996624550070674
code_n32_k16_cw3_072_q03,code_n32_k16_cw3_072,q03,train,0.36,32,16,16,0.5,0.14,3,0.1875,6.0,3.875,3.0,9.0,3.0,0.0,3.0,3.0,0,0,0,0,2,32,3,0,11,0,242792,exact_all,2,1,0,7,37,41416,exact,2,1,30,441,0.1296,0.046655999999999996,0.016796159999999997,0.006046617599999999,0.1296,0.0,0.11757311999999998,0.22372485119999996,0.00026129032258064515,0.0,3.2695528364849827e-06,1.110980708723979e-06,0.1296,1.3996799999999998,7.407106559999999,0.47089797119999993,0.38587307905061874,0.00026567085612585415,0.00026563557187315025,8.936386559999999,2.2962034294262916
code_n32_k16_cw3_073_q00,code_n32_k16_cw3_073,q00,train,0.18,32,16,16,0.5,0.32000000000000006,3,0.1875,6.0,5.0,1.0,9.0,3.0,0.0,3.0,3.0,1,0,0,0,2,32,1,0,12,0,242792,exact_all,3,0,1,17,49,41416,exact,4,0,0,13,0.0324,0.0058319999999999995,0.0010497599999999998,0.00018895679999999997,0.0,0.0058319999999999995,0.017845919999999998,0.009258883199999998,0.0,1.1758064516129031e-06,4.962714126807563e-07,4.597808676307007e-08,0.0,0.0,0.013646879999999998,0.032936803199999996,0.032406010337691714,1.7180559510567295e-06,1.7180544752002943e-06,0.013646879999999998,0.013554599941830819
code_n32_k16_cw3_073_q01,code_n32_k16_cw3_073,q01,train,0.24,32,16,16,0.5,0.26,3,0.1875,6.0,5.0,1.0,9.0,3.0,0.0,3.0,3.0,1,0,0,0,2,32,1,0,12,0,242792,exact_all,3,0,1,17,49,41416,exact,4,0,0,13,0.0576,0.013823999999999998,0.0033177599999999995,0.0007962623999999999,0.0,0.013823999999999998,0.056401919999999994,0.039016857599999996,0.0,2.7870967741935478e-06,1.5684627363737484e-06,1.9375127919911008e-07,0.0,0.0,0.043130879999999996,0.1092427776,0.10367760018964912,4.549310789766406e-06,4.54930044168346e-06,0.043130879999999996,0.0422266523264035
code_n32_k16_cw3_073_q02,code_n32_k16_cw3_073,q02,train,0.3,32,16,16,0.5,0.19999999999999996,3,0.1875,6.0,5.0,1.0,9.0,3.0,0.0,3.0,3.0,1,0,0,0,2,32,1,0,12,0,242792,exact_all,3,0,1,17,49,41416,exact,4,0,0,13,0.09,0.026999999999999996,0.0081,0.0024299999999999994,0.0,0.026999999999999996,0.1377,0.11906999999999997,0.0,5.4435483870967734e-06,3.829254727474972e-06,5.912819799777529e-07,0.0,0.0,0.10529999999999999,0.28376999999999997,0.24980106149662548,9.864085094549499e-06,9.864036444782046e-06,0.10529999999999999,0.10011679133477265
code_n32_k16_cw3_073_q03,code_n32_k16_cw3_073,q03,train,0.36,32,16,16,0.5,0.14,3,0.1875,6.0,5.0,1.0,9.0,3.0,0.0,3.0,3.0,1,0,0,0,2,32,1,0,12,0,242792,exact_all,3,0,1,17,49,41416,exact,4,0,0,13,0.1296,0.046655999999999996,0.016796159999999997,0.006046617599999999,0.0,0.046655999999999996,0.28553471999999996,0.29628426239999994,0.0,9.406451612903225e-06,7.940342602892101e-06,1.4712987764182422e-06,0.0,0.0,0.21835007999999997,0.6284749823999999,0.48764398325815067,1.8818092992213568e-05,1.8817915934122895e-05,0.21835007999999997,0.1974975499931984
code_n32_k16_cw3_074_q00,code_n32_k16_cw3_074,q00,test,0.18,32,16,16,0.5,0.32000000000000006,3,0.1875,6.0,3.75,2.0,11.0,3.0,0.0,3.0,3.0,0,0,1,0,0,32,1,0,14,0,242792,exact_all,3,0,2,11,39,41416,exact,4,0,0,11,0.0324,0.0058319999999999995,0.0010497599999999998,0.00018895679999999997,0.0,0.011663999999999999,0.011547359999999998,0.007369315199999999,0.0,2.3516129032258062e-06,3.2111679644048935e-07,3.659480375019863e-08,0.0,0.0,0.011547359999999998,0.030580675199999997,0.030122405717360305,2.7093245034164942e-06,2.709320833203491e-06,0.011547359999999998,0.011481198081718715
code_n32_k16_cw3_074_q01,code_n32_k16_cw3_074,q01,test,0.24,32,16,16,0.5,0.26,3,0.1875,6.0,3.75,2.0,11.0,3.0,0.0,3.0,3.0,0,0,1,0,0,32,1,0,14,0,242792,exact_all,3,0,2,11,39,41416,exact,4,0,0,11,0.0576,0.013823999999999998,0.0033177599999999995,0.0007962623999999999,0.0,0.027647999999999995,0.03649535999999999,0.031054233599999995,0.0,5.5741935483870956e-06,1.0148876529477194e-06,1.5421020181153662e-07,0.0,0.0,0.03649535999999999,0.09519759359999998,0.09093479776543688,6.743291403146352e-06,6.743268667259087e-06,0.03649535999999999,0.03584517627972158
code_n32_k16_cw3_074_q02,code_n32_k16_cw3_074,q02,test,0.3,32,16,16,0.5,0.19999999999999996,3,0.1875,6.0,3.75,2.0,11.0,3.0,0.0,3.0,3.0,0,0,1,0,0,32,1,0,14,0,242792,exact_all,3,0,2,11,39,41416,exact,4,0,0,11,0.09,0.026999999999999996,0.0081,0.0024299999999999994,0.0,0.05399999999999999,0.0891,0.09476999999999998,0.0,1.0887096774193547e-05,2.4777530589543935e-06,4.706121881455585e-07,0.0,0.0,0.0891,0.23786999999999997,0.21339216067112574,1.38354620212935e-05,1.3835366312171614e-05,0.0891,0.0853516670995037
code_n32_k16_cw3_074_q03,code_n32_k16_cw3_074,q03,test,0.36,32,16,16,0.5,0.14,3,0.1875,6.0,3.75,2.0,11.0,3.0,0.0,3.0,3.0,0,0,1,0,0,32,1,0,14,0,242792,exact_all,3,0,2,11,39,41416,exact,4,0,0,11,0.1296,0.046655999999999996,0.016796159999999997,0.006046617599999999,0.0,0.09331199999999999,0.18475775999999997,0.23581808639999996,0.0,1.881290322580645e-05,5.13786874304783e-06,1.1710337200063562e-06,0.0,0.0,0.18475775999999997,0.5138878463999998,0.4146810745963374,2.5121805688860635e-05,2.5121490141584833e-05,0.18475775999999997,0.1695383317491533
code_n32_k16_cw3_075_q00,code_n32_k16_cw3_075,q00,train,0.18,32,16,16,0.5,0.32000000000000006,3,0.1875,6.0,6.5,2.0,12.0,3.0,0.0,3.0,3.0,0,0,1,0,2,32,2,0,11,0,242792,exact_all,3,0,1,11,90,41416,exact,4,0,0,6,0.0324,0.0058319999999999995,0.0010497599999999998,0.00018895679999999997,0.0,0.0058319999999999995,0.011547359999999998,0.017006111999999997,0.0,1.1758064516129031e-06,3.2111679644048935e-07,8.444954711584298e-08,0.0,0.0,0.006298559999999999,0.03438547199999999,0.03380750351995885,1.5813727951692354e-06,1.581371544800595e-06,0.006298559999999999,0.006278806971330837
code_n32_k16_cw3_075_q01,code_n32_k16_cw3_075,q01,train,0.24,32,16,16,0.5,0.26,3,0.1875,6.0,6.5,2.0,12.0,3.0,0.0,3.0,3.0,0,0,1,0,2,32,2,0,11,0,242792,exact_all,3,0,1,11,90,41416,exact,4,0,0,6,0.0576,0.013823999999999998,0.0033177599999999995,0.0007962623999999999,0.0,0.013823999999999998,0.03649535999999999,0.07166361599999999,0.0,2.7870967741935478e-06,1.0148876529477194e-06,3.5586969648816137e-07,0.0,0.0,0.019906559999999997,0.12198297599999997,0.115097634079869,4.157854123629429e-06,4.157845479777932e-06,0.019906559999999997,0.019711015256787718
code_n32_k16_cw3_075_q02,code_n32_k16_cw3_075,q02,train,0.3,32,16,16,0.5,0.19999999999999996,3,0.1875,6.0,6.5,2.0,12.0,3.0,0.0,3.0,3.0,0,0,1,0,2,32,2,0,11,0,242792,exact_all,3,0,1,11,90,41416,exact,4,0,0,6,0.09,0.026999999999999996,0.0081,0.0024299999999999994,0.0,0.026999999999999996,0.0891,0.21869999999999995,0.0,5.4435483870967734e-06,2.4777530589543935e-06,1.0860281264897502e-06,0.0,0.0,0.0486,0.33479999999999993,0.28878146789508186,9.007329572540916e-06,9.007289006791494e-06,0.0486,0.04745594115629535
code_n32_k16_cw3_075_q03,code_n32_k16_cw3_075,q03,train,0.36,32,16,16,0.5,0.14,3,0.1875,6.0,6.5,2.0,12.0,3.0,0.0,3.0,3.0,0,0,1,0,2,32,2,0,11,0,242792,exact_all,3,0,1,11,90,41416,exact,4,0,0,6,0.1296,0.046655999999999996,0.016796159999999997,0.006046617599999999,0.0,0.046655999999999996,0.18475775999999997,0.5441955839999999,0.0,9.406451612903225e-06,5.13786874304783e-06,2.7023855077069754e-06,0.0,0.0,0.10077695999999998,0.7756093439999998,0.5741436564103933,1.724670586365803e-05,1.724655714093644e-05,0.10077695999999998,0.09601625774534364
code_n32_k16_cw3_076_q00,code_n32_k16_cw3_076,q00,test,0.18,32,16,16,0.5,0.32000000000000006,3,0.1875,6.0,3.5,3.0,10.0,3.0,0.0,3.0,3.0,0,0,0,0,2,32,2,0,12,0,242792,exact_all,3,0,2,13,49,41416,exact,4,0,0,5,0.0324,0.0058319999999999995,0.0010497599999999998,0.00018895679999999997,0.0,0.011663999999999999,0.013646879999999998,0.009258883199999998,0.0,2.3516129032258062e-06,3.7950166852057834e-07,4.597808676307007e-08,0.0,0.0,0.0052488,0.03456976319999999,0.033985652565769006,2.7770926585094546e-06,2.777088802394777e-06,0.0052488,0.005235073061631587
code_n32_k16_cw3_076_q01,code_n32_k16_cw3_076,q01,test,0.24,32,16,16,0.5,0.26,3,0.1875,6.0,3.5,3.0,10.0,3.0,0.0,3.0,3.0,0,0,0,0,2,32,2,0,12,0,242792,exact_all,3,0,2,13,49,41416,exact,4,0,0,5,0.0576,0.013823999999999998,0.0033177599999999995,0.0007962623999999999,0.0,0.027647999999999995,0.043130879999999996,0.039016857599999996,0.0,5.5741935483870956e-06,1.1994126807563957e-06,1.9375127919911008e-07,0.0,0.0,0.016588799999999997,0.10979573759999998,0.10417597821027175,6.967357508342601e-06,6.9673332364200174e-06,0.016588799999999997,0.01645270885409976
code_n32_k16_cw3_076_q02,code_n32_k16_cw3_076,q02,test,0.3,32,16,16,0.5,0.19999999999999996,3,0.1875,6.0,3.5,3.0,10.0,3.0,0.0,3.0,3.0,0,0,0,0,2,32,2,0,12,0,242792,exact_all,3,0,2,13,49,41416,exact,4,0,0,5,0.09,0.026999999999999996,0.0081,0.0024299999999999994,0.0,0.05399999999999999,0.10529999999999999,0.11906999999999997,0.0,1.0887096774193547e-05,2.9282536151279197e-06,5.912819799777529e-07,0.0,0.0,0.040499999999999994,0.27836999999999995,0.24558582892098077,1.440663236929922e-05,1.4406528594767801e-05,0.040499999999999994,0.03970136685155206
code_n32_k16_cw3_076_q03,code_n32_k16_cw3_076,q03,test,0.36,32,16,16,0.5,0.14,3,0.1875,6.0,3.5,3.0,10.0,3.0,0.0,3.0,3.0,0,0,0,0,2,32,2,0,12,0,242792,exact_all,3,0,2,13,49,41416,exact,4,0,0,5,0.1296,0.046655999999999996,0.016796159999999997,0.006046617599999999,0.0,0.09331199999999999,0.21835007999999997,0.29628426239999994,0.0,1.881290322580645e-05,6.0720266963292535e-06,1.4712987764182422e-06,0.0,0.0,0.0839808,0.6079463423999999,0.4749578010457831,2.6356228698553943e-05,2.635588137926101e-05,0.0839808,0.08064019068347023
code_n32_k16_cw3_077_q00,code_n32_k16_cw3_077,q00,test,0.18,32,16,16,0.5,0.32000000000000006,3,0.1875,6.0,4.0,3.0,9.0,3.0,0.0,3.0,3.0,0,0,0,0,3,32,1,0,12,0,242792,exact_all,3,0,1,7,52,41416,exact,4,0,0,6,0.0324,0.0058319999999999995,0.0010497599999999998,0.00018895679999999997,0.0,0.0058319999999999995,0.0073483199999999985,0.009825753599999999,0.0,1.1758064516129031e-06,2.0434705228031142e-07,4.87930716669315e-08,0.0,0.0,0.006298559999999999,0.023006073599999996,0.022745423999763564,1.4289465755601461e-06,1.4289455546169609e-06,0.006298559999999999,0.006278806971330837
code_n32_k16_cw3_077_q01,code_n32_k16_cw3_077,q01,test,0.24,32,16,16,0.5,0.26,3,0.1875,6.0,4.0,3.0,9.0,3.0,0.0,3.0,3.0,0,0,0,0,3,32,1,0,12,0,242792,exact_all,3,0,1,7,52,41416,exact,4,0,0,6,0.0576,0.013823999999999998,0.0033177599999999995,0.0007962623999999999,0.0,0.013823999999999998,0.023224319999999996,0.041405644799999995,0.0,2.7870967741935478e-06,6.458375973303669e-07,2.0561360241538214e-07,0.0,0.0,0.019906559999999997,0.0784539648,0.07552850146689599,3.6385479739392967e-06,3.6385413544396743e-06,0.019906559999999997,0.019711015256787718
code_n32_k16_cw3_077_q02,code_n32_k16_cw3_077,q02,test,0.3,32,16,16,0.5,0.19999999999999996,3,0.1875,6.0,4.0,3.0,9.0,3.0,0.0,3.0,3.0,0,0,0,0,3,32,1,0,12,0,242792,exact_all,3,0,1,7,52,41416,exact,4,0,0,6,0.09,0.026999999999999996,0.0081,0.0024299999999999994,0.0,0.026999999999999996,0.0567,0.12635999999999997,0.0,5.4435483870967734e-06,1.5767519466073413e-06,6.274829175274112e-07,0.0,0.0,0.0486,0.21005999999999997,0.19066994515612562,7.647783251231526e-06,7.647754007086299e-06,0.0486,0.04745594115629535
code_n32_k16_cw3_077_q03,code_n32_k16_cw3_077,q03,test,0.36,32,16,16,0.5,0.14,3,0.1875,6.0,4.0,3.0,9.0,3.0,0.0,3.0,3.0,0,0,0,0,3,32,1,0,12,0,242792,exact_all,3,0,1,7,52,41416,exact,4,0,0,6,0.1296,0.046655999999999996,0.016796159999999997,0.006046617599999999,0.0,0.046655999999999996,0.11757311999999998,0.31442411519999997,0.0,9.406451612903225e-06,3.2695528364849827e-06,1.561378293341808e-06,0.0,0.0,0.10077695999999998,0.4786532351999999,0.3911316972801082,1.4237382742730014e-05,1.4237281392158309e-05,0.10077695999999998,0.09601625774534364
code_n32_k16_cw3_078_q00,code_n32_k16_cw3_078,q00,train,0.18,32,16,16,0.5,0.32000000000000006,3,0.1875,6.0,2.25,3.0,9.0,3.0,0.0,3.0,3.0,0,0,0,0,1,32,1,0,14,0,242792,exact_all,2,2,1,11,36,41416,exact,2,2,60,876,0.0324,0.0058319999999999995,0.0010497599999999998,0.00018895679999999997,0.0648,0.0058319999999999995,0.011547359999999998,0.006802444799999999,0.00013064516129032258,1.1758064516129031e-06,3.2111679644048935e-07,3.37798188463372e-08,0.0648,0.34991999999999995,0.9195897599999998,0.0889818048,0.0852431356386049,0.0001321758643572223,0.00013216712989731107,1.3343097599999998,0.8477162414250786
code_n32_k16_cw3_078_q01,code_n32_k16_cw3_078,q01,train,0.24,32,16,16,0.5,0.26,3,0.1875,6.0,2.25,3.0,9.0,3.0,0.0,3.0,3.0,0,0,0,0,1,32,1,0,14,0,242792,exact_all,2,2,1,11,36,41416,exact,2,2,60,876,0.0576,0.013823999999999998,0.0033177599999999995,0.0007962623999999999,0.1152,0.013823999999999998,0.03649535999999999,0.028665446399999996,0.000232258064516129,2.7870967741935478e-06,1.0148876529477194e-06,1.4234787859526456e-07,0.1152,0.8294399999999998,2.9063577599999997,0.1941848064,0.177463782222822,0.00023620239682186557,0.00023617450542765637,3.8509977599999994,1.579184407502511
code_n32_k16_cw3_078_q02,code_n32_k16_cw3_078,q02,train,0.3,32,16,16,0.5,0.19999999999999996,3,0.1875,6.0,2.25,3.0,9.0,3.0,0.0,3.0,3.0,0,0,0,0,1,32,1,0,14,0,242792,exact_all,2,2,1,11,36,41416,exact,2,2,60,876,0.09,0.026999999999999996,0.0081,0.0024299999999999994,0.18,0.026999999999999996,0.0891,0.08747999999999997,0.0003629032258064516,5.4435483870967734e-06,2.4777530589543935e-06,4.3441125059590014e-07,0.18,1.6199999999999997,7.095599999999999,0.3835799999999999,0.32467434293159075,0.0003712589385030987,0.0003711900389559105,8.895599999999998,2.292090213901394
code_n32_k16_cw3_078_q03,code_n32_k16_cw3_078,q03,train,0.36,32,16,16,0.5,0.14,3,0.1875,6.0,2.25,3.0,9.0,3.0,0.0,3.0,3.0,0,0,0,0,1,32,1,0,14,0,242792,exact_all,2,2,1,11,36,41416,exact,2,2,60,876,0.1296,0.046655999999999996,0.016796159999999997,0.006046617599999999,0.2592,0.046655999999999996,0.18475775999999997,0.21767823359999997,0.0005225806451612903,9.406451612903225e-06,5.13786874304783e-06,1.0809542030827904e-06,0.2592,2.7993599999999996,14.713436159999997,0.7082919935999998,0.5354940371952721,0.0005382059197203241,0.000538061138859928,17.771996159999997,2.932366193372167
code_n32_k16_cw3_079_q00,code_n32_k16_cw3_079,q00,test,0.18,32,16,16,0.5,0.32000000000000006,3,0.1875,6.0,2.5,3.0,9.0,3.0,0.0,3.0,3.0,0,0,0,0,1,32,0,0,15,0,242792,exact_all,2,2,1,5,35,41416,exact,2,2,60,870,0.0324,0.0058319999999999995,0.0010497599999999998,0.00018895679999999997,0.0648,0.0058319999999999995,0.0052488,0.006613487999999999,0.00013064516129032258,1.1758064516129031e-06,1.4596218020022245e-07,3.284149054505005e-08,0.0648,0.34991999999999995,0.9132911999999999,0.082494288,0.07926790420622126,0.00013199977141268074,0.00013199106020943038,1.3280111999999997,0.845014340854182
code_n32_k16_cw3_079_q01,code_n32_k16_cw3_079,q01,test,0.24,32,16,16,0.5,0.26,3,0.1875,6.0,2.5,3.0,9.0,3.0,0.0,3.0,3.0,0,0,0,0,1,32,0,0,15,0,242792,exact_all,2,2,1,5,35,41416,exact,2,2,60,870,0.0576,0.013823999999999998,0.0033177599999999995,0.0007962623999999999,0.1152,0.013823999999999998,0.016588799999999997,0.027869183999999995,0.000232258064516129,2.7870967741935478e-06,4.613125695216907e-07,1.3839377085650722e-07,0.1152,0.8294399999999998,2.8864511999999993,0.17348198399999998,0.15997538382637144,0.00023564486763070076,0.00023561710773977866,3.831091199999999,1.5750723634731534
code_n32_k16_cw3_079_q02,code_n32_k16_cw3_079,q02,test,0.3,32,16,16,0.5,0.19999999999999996,3,0.1875,6.0,2.5,3.0,9.0,3.0,0.0,3.0,3.0,0,0,0,0,1,32,0,0,15,0,242792,exact_all,2,2,1,5,35,41416,exact,2,2,60,870,0.09,0.026999999999999996,0.0081,0.0024299999999999994,0.18,0.026999999999999996,0.040499999999999994,0.08504999999999999,0.0003629032258064516,5.4435483870967734e-06,1.1262513904338153e-06,4.223442714126807e-07,0.18,1.6199999999999997,7.047,0.33255,0.287094399806033,0.00036989536985539487,0.00036982697542840945,8.847,2.287166840265665
code_n32_k16_cw3_079_q03,code_n32_k16_cw3_079,q03,test,0.36,32,16,16,0.5,0.14,3,0.1875,6.0,2.5,3.0,9.0,3.0,0.0,3.0,3.0,0,0,0,0,1,32,0,0,15,0,242792,exact_all,2,2,1,5,35,41416,exact,2,2,60,870,0.1296,0.046655999999999996,0.016796159999999997,0.006046617599999999,0.2592,0.046655999999999996,0.0839808,0.21163161599999997,0.0005225806451612903,9.406451612903225e-06,2.3353948832035593e-06,1.0509276974416016e-06,0.2592,2.7993599999999996,14.612659199999998,0.6014684159999999,0.4709209683615208,0.0005353734193548386,0.0005352301581356481,17.671219199999996,2.9269832580460386
