row_id,code_id,q_id,split,sample_index,sample_seed,erased_indices,erased_count,peeling_residual,residual_size,stopping_failure,erased_rank,ambiguity_dim,rank_failure
code_n24_k12_cw3_000_q00,code_n24_k12_cw3_000,q00,train,0,423553913,"[0, 6]",2,[],0,0,2,0,0
code_n24_k12_cw3_000_q00,code_n24_k12_cw3_000,q00,train,1,424553916,"[9, 14, 17, 23]",4,[],0,0,4,0,0
code_n24_k12_cw3_000_q00,code_n24_k12_cw3_000,q00,train,2,425553919,"[5, 8, 9]",3,[],0,0,3,0,0
code_n24_k12_cw3_000_q00,code_n24_k12_cw3_000,q00,train,3,426553922,"[3, 4, 9, 13, 17]",5,[],0,0,5,0,0
code_n24_k12_cw3_000_q00,code_n24_k12_cw3_000,q00,train,4,427553925,"[3, 12, 15, 19, 20]",5,[],0,0,5,0,0
code_n24_k12_cw3_000_q00,code_n24_k12_cw3_000,q00,train,5,428553928,"[0, 9, 10, 12, 13]",5,[],0,0,5,0,0
code_n24_k12_cw3_000_q00,code_n24_k12_cw3_000,q00,train,6,429553931,[18],1,[],0,0,1,0,0
code_n24_k12_cw3_000_q00,code_n24_k12_cw3_000,q00,train,7,430553934,"[9, 18, 21, 22]",4,[],0,0,4,0,0
code_n24_k12_cw3_000_q00,code_n24_k12_cw3_000,q00,train,8,431553937,"[5, 7, 10]",3,[],0,0,3,0,0
code_n24_k12_cw3_000_q00,code_n24_k12_cw3_000,q00,train,9,432553940,"[0, 6, 8, 9, 16, 17, 18]",7,[],0,0,7,0,0
code_n24_k12_cw3_000_q00,code_n24_k12_cw3_000,q00,train,10,433553943,"[1, 2, 9, 10, 13, 18, 21, 23]",8,"[2, 9, 13, 18, 23]",5,1,8,0,0
code_n24_k12_cw3_000_q00,code_n24_k12_cw3_000,q00,train,11,434553946,"[3, 8, 10]",3,[],0,0,3,0,0
code_n24_k12_cw3_000_q00,code_n24_k12_cw3_000,q00,train,12,435553949,"[2, 4, 8, 13, 19, 21]",6,[],0,0,6,0,0
code_n24_k12_cw3_000_q00,code_n24_k12_cw3_000,q00,train,13,436553952,"[0, 1, 17, 20, 21, 23]",6,[],0,0,6,0,0
code_n24_k12_cw3_000_q00,code_n24_k12_cw3_000,q00,train,14,437553955,"[1, 7, 10, 11, 20]",5,[],0,0,5,0,0
code_n24_k12_cw3_000_q00,code_n24_k12_cw3_000,q00,train,15,438553958,"[6, 20]",2,[],0,0,2,0,0
code_n24_k12_cw3_000_q00,code_n24_k12_cw3_000,q00,train,16,439553961,"[0, 14, 22, 23]",4,[],0,0,4,0,0
code_n24_k12_cw3_000_q00,code_n24_k12_cw3_000,q00,train,17,440553964,[16],1,[],0,0,1,0,0
code_n24_k12_cw3_000_q00,code_n24_k12_cw3_000,q00,train,18,441553967,"[0, 9, 10, 13, 21]",5,[],0,0,5,0,0
code_n24_k12_cw3_000_q00,code_n24_k12_cw3_000,q00,train,19,442553970,"[0, 3, 6, 9, 11, 14, 15, 21]",8,[],0,0,8,0,0
code_n24_k12_cw3_000_q00,code_n24_k12_cw3_000,q00,train,20,443553973,"[0, 10, 17, 18, 21]",5,[],0,0,5,0,0
code_n24_k12_cw3_000_q00,code_n24_k12_cw3_000,q00,train,21,444553976,"[0, 1, 20]",3,[],0,0,3,0,0
code_n24_k12_cw3_000_q00,code_n24_k12_cw3_000,q00,train,22,445553979,"[19, 22]",2,[],0,0,2,0,0
code_n24_k12_cw3_000_q00,code_n24_k12_cw3_000,q00,train,23,446553982,"[1, 6, 9, 17, 20, 23]",6,[],0,0,6,0,0
code_n24_k12_cw3_000_q00,code_n24_k12_cw3_000,q00,train,24,447553985,"[6, 12, 18, 21, 23]",5,[],0,0,5,0,0
code_n24_k12_cw3_000_q00,code_n24_k12_cw3_000,q00,train,25,448553988,[],0,[],0,0,0,0,0
code_n24_k12_cw3_000_q00,code_n24_k12_cw3_000,q00,train,26,449553991,"[2, 6, 9, 18, 20, 22]",6,[],0,0,6,0,0
code_n24_k12_cw3_000_q00,code_n24_k12_cw3_000,q00,train,27,450553994,"[1, 16, 22]",3,[],0,0,3,0,0
code_n24_k12_cw3_000_q00,code_n24_k12_cw3_000,q00,train,28,451553997,"[5, 6, 7, 8, 9, 23]",6,[],0,0,6,0,0
code_n24_k12_cw3_000_q00,code_n24_k12_cw3_000,q00,train,29,452554000,"[7, 10, 13, 16, 23]",5,[],0,0,5,0,0
code_n24_k12_cw3_000_q00,code_n24_k12_cw3_000,q00,train,30,453554003,"[3, 7, 18]",3,[],0,0,3,0,0
code_n24_k12_cw3_000_q00,code_n24_k12_cw3_000,q00,train,31,454554006,"[2, 5, 8, 14, 18]",5,[],0,0,5,0,0
code_n24_k12_cw3_000_q00,code_n24_k12_cw3_000,q00,train,32,455554009,"[0, 1, 3, 6, 8, 21]",6,[],0,0,6,0,0
code_n24_k12_cw3_000_q00,code_n24_k12_cw3_000,q00,train,33,456554012,"[9, 22]",2,[],0,0,2,0,0
code_n24_k12_cw3_000_q00,code_n24_k12_cw3_000,q00,train,34,457554015,"[0, 1, 8, 15, 19]",5,[],0,0,5,0,0
code_n24_k12_cw3_000_q00,code_n24_k12_cw3_000,q00,train,35,458554018,"[7, 8, 13, 21]",4,[],0,0,4,0,0
code_n24_k12_cw3_000_q00,code_n24_k12_cw3_000,q00,train,36,459554021,"[2, 3, 6, 8, 17, 19]",6,[],0,0,6,0,0
code_n24_k12_cw3_000_q00,code_n24_k12_cw3_000,q00,train,37,460554024,"[18, 22]",2,[],0,0,2,0,0
code_n24_k12_cw3_000_q00,code_n24_k12_cw3_000,q00,train,38,461554027,"[9, 12]",2,[],0,0,2,0,0
code_n24_k12_cw3_000_q00,code_n24_k12_cw3_000,q00,train,39,462554030,"[0, 1, 3, 7, 12, 21]",6,[],0,0,6,0,0
code_n24_k12_cw3_000_q00,code_n24_k12_cw3_000,q00,train,40,463554033,"[4, 7, 10, 22, 23]",5,[],0,0,5,0,0
code_n24_k12_cw3_000_q00,code_n24_k12_cw3_000,q00,train,41,464554036,"[1, 8, 11, 16, 18, 21]",6,[],0,0,6,0,0
code_n24_k12_cw3_000_q00,code_n24_k12_cw3_000,q00,train,42,465554039,"[5, 7, 12, 18]",4,[],0,0,4,0,0
code_n24_k12_cw3_000_q00,code_n24_k12_cw3_000,q00,train,43,466554042,"[0, 1, 11, 13, 16]",5,[],0,0,5,0,0
code_n24_k12_cw3_000_q00,code_n24_k12_cw3_000,q00,train,44,467554045,"[1, 7, 9, 20, 23]",5,[],0,0,5,0,0
code_n24_k12_cw3_000_q00,code_n24_k12_cw3_000,q00,train,45,468554048,"[3, 6, 11, 13, 18]",5,[],0,0,5,0,0
code_n24_k12_cw3_000_q00,code_n24_k12_cw3_000,q00,train,46,469554051,"[6, 9, 12]",3,[],0,0,3,0,0
code_n24_k12_cw3_000_q00,code_n24_k12_cw3_000,q00,train,47,470554054,"[6, 7, 12]",3,[],0,0,3,0,0
code_n24_k12_cw3_000_q00,code_n24_k12_cw3_000,q00,train,48,471554057,"[1, 11, 14]",3,[],0,0,3,0,0
code_n24_k12_cw3_000_q00,code_n24_k12_cw3_000,q00,train,49,472554060,"[0, 8, 10, 23]",4,[],0,0,4,0,0
code_n24_k12_cw3_000_q00,code_n24_k12_cw3_000,q00,train,50,473554063,"[2, 6, 7, 8]",4,[],0,0,4,0,0
code_n24_k12_cw3_000_q00,code_n24_k12_cw3_000,q00,train,51,474554066,"[1, 2, 6, 7, 10, 14, 19]",7,[],0,0,7,0,0
code_n24_k12_cw3_000_q00,code_n24_k12_cw3_000,q00,train,52,475554069,"[2, 19, 20]",3,[],0,0,3,0,0
code_n24_k12_cw3_000_q00,code_n24_k12_cw3_000,q00,train,53,476554072,"[0, 11, 12, 14]",4,[],0,0,4,0,0
code_n24_k12_cw3_000_q00,code_n24_k12_cw3_000,q00,train,54,477554075,"[6, 10, 14, 16, 18]",5,[],0,0,5,0,0
code_n24_k12_cw3_000_q00,code_n24_k12_cw3_000,q00,train,55,478554078,"[0, 6, 9]",3,[],0,0,3,0,0
code_n24_k12_cw3_000_q00,code_n24_k12_cw3_000,q00,train,56,479554081,"[14, 15]",2,[],0,0,2,0,0
code_n24_k12_cw3_000_q00,code_n24_k12_cw3_000,q00,train,57,480554084,"[1, 8, 9, 10, 12, 14, 17, 20, 23]",9,[],0,0,9,0,0
code_n24_k12_cw3_000_q00,code_n24_k12_cw3_000,q00,train,58,481554087,"[0, 6, 12, 19]",4,[],0,0,4,0,0
code_n24_k12_cw3_000_q00,code_n24_k12_cw3_000,q00,train,59,482554090,"[6, 19]",2,[],0,0,2,0,0
code_n24_k12_cw3_000_q00,code_n24_k12_cw3_000,q00,train,60,483554093,"[2, 14, 15]",3,[],0,0,3,0,0
code_n24_k12_cw3_000_q00,code_n24_k12_cw3_000,q00,train,61,484554096,[1],1,[],0,0,1,0,0
code_n24_k12_cw3_000_q00,code_n24_k12_cw3_000,q00,train,62,485554099,"[13, 14, 19, 21, 22]",5,[],0,0,5,0,0
code_n24_k12_cw3_000_q00,code_n24_k12_cw3_000,q00,train,63,486554102,"[8, 13, 14, 16, 20]",5,[],0,0,5,0,0
code_n24_k12_cw3_000_q01,code_n24_k12_cw3_000,q01,train,0,3997141250,"[5, 17, 21, 23]",4,[],0,0,4,0,0
code_n24_k12_cw3_000_q01,code_n24_k12_cw3_000,q01,train,1,3998141253,"[0, 3, 8, 9, 14, 16]",6,[],0,0,6,0,0
code_n24_k12_cw3_000_q01,code_n24_k12_cw3_000,q01,train,2,3999141256,"[0, 3, 15, 16, 23]",5,[],0,0,5,0,0
code_n24_k12_cw3_000_q01,code_n24_k12_cw3_000,q01,train,3,4000141259,"[1, 6, 14, 21, 22, 23]",6,[],0,0,6,0,0
code_n24_k12_cw3_000_q01,code_n24_k12_cw3_000,q01,train,4,4001141262,"[1, 6, 11, 13, 18, 23]",6,[],0,0,6,0,0
code_n24_k12_cw3_000_q01,code_n24_k12_cw3_000,q01,train,5,4002141265,"[1, 8, 11]",3,[],0,0,3,0,0
code_n24_k12_cw3_000_q01,code_n24_k12_cw3_000,q01,train,6,4003141268,"[1, 9, 13, 15, 16]",5,[],0,0,5,0,0
code_n24_k12_cw3_000_q01,code_n24_k12_cw3_000,q01,train,7,4004141271,"[0, 7, 10, 13, 20]",5,[],0,0,5,0,0
code_n24_k12_cw3_000_q01,code_n24_k12_cw3_000,q01,train,8,4005141274,"[0, 2, 6, 8, 9, 17, 23]",7,[],0,0,7,0,0
code_n24_k12_cw3_000_q01,code_n24_k12_cw3_000,q01,train,9,4006141277,"[0, 2, 8, 9, 11, 15, 21]",7,"[0, 2, 9, 11, 21]",5,1,7,0,0
code_n24_k12_cw3_000_q01,code_n24_k12_cw3_000,q01,train,10,4007141280,"[7, 10]",2,[],0,0,2,0,0
code_n24_k12_cw3_000_q01,code_n24_k12_cw3_000,q01,train,11,4008141283,"[2, 6, 10, 15, 16, 20, 23]",7,[],0,0,7,0,0
code_n24_k12_cw3_000_q01,code_n24_k12_cw3_000,q01,train,12,4009141286,"[5, 8, 9, 13, 16, 18, 21, 22]",8,[],0,0,8,0,0
code_n24_k12_cw3_000_q01,code_n24_k12_cw3_000,q01,train,13,4010141289,"[0, 3, 4, 8, 14, 23]",6,[],0,0,6,0,0
code_n24_k12_cw3_000_q01,code_n24_k12_cw3_000,q01,train,14,4011141292,"[1, 3, 9, 12, 15, 16, 19, 20, 21, 22]",10,[],0,0,10,0,0
code_n24_k12_cw3_000_q01,code_n24_k12_cw3_000,q01,train,15,4012141295,"[0, 8, 16, 17, 18, 20, 21]",7,[],0,0,7,0,0
code_n24_k12_cw3_000_q01,code_n24_k12_cw3_000,q01,train,16,4013141298,"[13, 14, 19, 20]",4,[],0,0,4,0,0
code_n24_k12_cw3_000_q01,code_n24_k12_cw3_000,q01,train,17,4014141301,"[0, 1, 2, 6, 7, 8, 12, 13, 18]",9,[],0,0,9,0,0
code_n24_k12_cw3_000_q01,code_n24_k12_cw3_000,q01,train,18,4015141304,"[4, 8, 12, 13, 14, 19, 23]",7,[],0,0,7,0,0
code_n24_k12_cw3_000_q01,code_n24_k12_cw3_000,q01,train,19,4016141307,"[2, 5, 6, 8, 9, 14, 15, 22]",8,[],0,0,8,0,0
code_n24_k12_cw3_000_q01,code_n24_k12_cw3_000,q01,train,20,4017141310,"[4, 13, 15, 16, 21]",5,[],0,0,5,0,0
code_n24_k12_cw3_000_q01,code_n24_k12_cw3_000,q01,train,21,4018141313,"[2, 5, 10, 12, 13, 15]",6,[],0,0,6,0,0
code_n24_k12_cw3_000_q01,code_n24_k12_cw3_000,q01,train,22,4019141316,"[0, 5, 6, 10, 17, 18]",6,[],0,0,6,0,0
code_n24_k12_cw3_000_q01,code_n24_k12_cw3_000,q01,train,23,4020141319,"[0, 1, 2, 4, 5, 7, 10, 11, 13, 17, 20, 22]",12,"[0, 1, 2, 5, 13, 17, 20, 22]",8,1,10,2,1
code_n24_k12_cw3_000_q01,code_n24_k12_cw3_000,q01,train,24,4021141322,"[1, 5, 6, 8, 11, 13]",6,[],0,0,6,0,0
code_n24_k12_cw3_000_q01,code_n24_k12_cw3_000,q01,train,25,4022141325,"[13, 22]",2,[],0,0,2,0,0
code_n24_k12_cw3_000_q01,code_n24_k12_cw3_000,q01,train,26,4023141328,"[1, 16, 17, 19]",4,[],0,0,4,0,0
code_n24_k12_cw3_000_q01,code_n24_k12_cw3_000,q01,train,27,4024141331,"[0, 1, 4, 5, 6, 7, 14, 15]",8,"[0, 4, 5, 6, 7, 14, 15]",7,1,8,0,0
code_n24_k12_cw3_000_q01,code_n24_k12_cw3_000,q01,train,28,4025141334,"[2, 5, 7, 8, 9, 10, 18, 22]",8,"[2, 7, 8, 9, 10, 18]",6,1,8,0,0
code_n24_k12_cw3_000_q01,code_n24_k12_cw3_000,q01,train,29,4026141337,"[11, 18, 19, 22, 23]",5,[],0,0,5,0,0
code_n24_k12_cw3_000_q01,code_n24_k12_cw3_000,q01,train,30,4027141340,"[3, 4, 8, 10, 11, 13, 18, 19, 23]",9,[],0,0,9,0,0
code_n24_k12_cw3_000_q01,code_n24_k12_cw3_000,q01,train,31,4028141343,"[0, 6, 14, 17, 21, 22]",6,[],0,0,6,0,0
code_n24_k12_cw3_000_q01,code_n24_k12_cw3_000,q01,train,32,4029141346,"[2, 3, 12, 14, 17, 18, 19, 21, 22]",9,[],0,0,9,0,0
code_n24_k12_cw3_000_q01,code_n24_k12_cw3_000,q01,train,33,4030141349,"[0, 1, 12, 19]",4,[],0,0,4,0,0
code_n24_k12_cw3_000_q01,code_n24_k12_cw3_000,q01,train,34,4031141352,"[0, 1, 6, 9, 16]",5,[],0,0,5,0,0
code_n24_k12_cw3_000_q01,code_n24_k12_cw3_000,q01,train,35,4032141355,"[2, 3, 7, 9, 10, 11, 13, 19, 20]",9,[],0,0,9,0,0
code_n24_k12_cw3_000_q01,code_n24_k12_cw3_000,q01,train,36,4033141358,"[0, 2, 5, 7, 13, 14, 18, 19, 23]",9,"[0, 2, 5, 13, 18]",5,1,9,0,0
code_n24_k12_cw3_000_q01,code_n24_k12_cw3_000,q01,train,37,4034141361,"[6, 7, 8, 10, 18]",5,[],0,0,5,0,0
code_n24_k12_cw3_000_q01,code_n24_k12_cw3_000,q01,train,38,4035141364,"[0, 4, 11, 19, 20, 21]",6,[],0,0,6,0,0
code_n24_k12_cw3_000_q01,code_n24_k12_cw3_000,q01,train,39,4036141367,"[0, 3, 6, 10, 11, 15, 17, 20, 21]",9,"[0, 3, 10, 11, 15, 17, 20, 21]",8,1,9,0,0
code_n24_k12_cw3_000_q01,code_n24_k12_cw3_000,q01,train,40,4037141370,"[7, 8, 10, 12, 13, 23]",6,[],0,0,6,0,0
code_n24_k12_cw3_000_q01,code_n24_k12_cw3_000,q01,train,41,4038141373,"[0, 7, 8, 17]",4,[],0,0,4,0,0
code_n24_k12_cw3_000_q01,code_n24_k12_cw3_000,q01,train,42,4039141376,"[2, 3, 14, 19]",4,[],0,0,4,0,0
code_n24_k12_cw3_000_q01,code_n24_k12_cw3_000,q01,train,43,4040141379,"[8, 11, 13, 16]",4,[],0,0,4,0,0
code_n24_k12_cw3_000_q01,code_n24_k12_cw3_000,q01,train,44,4041141382,"[1, 9, 10, 15, 16, 18]",6,[],0,0,6,0,0
code_n24_k12_cw3_000_q01,code_n24_k12_cw3_000,q01,train,45,4042141385,"[1, 3, 4, 14, 17, 19, 21]",7,[],0,0,7,0,0
code_n24_k12_cw3_000_q01,code_n24_k12_cw3_000,q01,train,46,4043141388,"[6, 10, 11, 12, 15, 16, 17, 20, 22]",9,"[6, 11, 12, 16, 17, 20, 22]",7,1,9,0,0
code_n24_k12_cw3_000_q01,code_n24_k12_cw3_000,q01,train,47,4044141391,"[3, 5, 9, 13, 14, 15, 18, 21]",8,[],0,0,8,0,0
code_n24_k12_cw3_000_q01,code_n24_k12_cw3_000,q01,train,48,4045141394,"[2, 6, 7, 12, 16, 19]",6,[],0,0,6,0,0
code_n24_k12_cw3_000_q01,code_n24_k12_cw3_000,q01,train,49,4046141397,"[1, 7, 14, 16, 20]",5,[],0,0,5,0,0
code_n24_k12_cw3_000_q01,code_n24_k12_cw3_000,q01,train,50,4047141400,"[10, 11, 13, 15, 18]",5,[],0,0,5,0,0
code_n24_k12_cw3_000_q01,code_n24_k12_cw3_000,q01,train,51,4048141403,"[3, 5, 10]",3,[],0,0,3,0,0
code_n24_k12_cw3_000_q01,code_n24_k12_cw3_000,q01,train,52,4049141406,"[2, 5, 6, 14, 18]",5,[],0,0,5,0,0
code_n24_k12_cw3_000_q01,code_n24_k12_cw3_000,q01,train,53,4050141409,"[7, 15, 21]",3,[],0,0,3,0,0
code_n24_k12_cw3_000_q01,code_n24_k12_cw3_000,q01,train,54,4051141412,"[5, 10, 11, 14, 15, 17, 23]",7,[],0,0,7,0,0
code_n24_k12_cw3_000_q01,code_n24_k12_cw3_000,q01,train,55,4052141415,"[2, 10, 12, 13, 21]",5,[],0,0,5,0,0
code_n24_k12_cw3_000_q01,code_n24_k12_cw3_000,q01,train,56,4053141418,"[1, 3, 7, 9, 13, 14, 17]",7,[],0,0,7,0,0
code_n24_k12_cw3_000_q01,code_n24_k12_cw3_000,q01,train,57,4054141421,"[2, 5, 9, 10]",4,[],0,0,4,0,0
code_n24_k12_cw3_000_q01,code_n24_k12_cw3_000,q01,train,58,4055141424,"[5, 14, 16, 21]",4,[],0,0,4,0,0
code_n24_k12_cw3_000_q01,code_n24_k12_cw3_000,q01,train,59,4056141427,"[0, 2, 4, 5, 12, 13, 20]",7,[],0,0,7,0,0
code_n24_k12_cw3_000_q01,code_n24_k12_cw3_000,q01,train,60,4057141430,"[5, 9, 10, 12, 14, 15, 21]",7,[],0,0,7,0,0
code_n24_k12_cw3_000_q01,code_n24_k12_cw3_000,q01,train,61,4058141433,"[3, 5, 9, 14]",4,[],0,0,4,0,0
code_n24_k12_cw3_000_q01,code_n24_k12_cw3_000,q01,train,62,4059141436,"[12, 16]",2,[],0,0,2,0,0
code_n24_k12_cw3_000_q01,code_n24_k12_cw3_000,q01,train,63,4060141439,"[11, 12, 13, 14, 16, 18]",6,[],0,0,6,0,0
code_n24_k12_cw3_000_q02,code_n24_k12_cw3_000,q02,train,0,3275761291,"[3, 5, 6, 13, 20, 23]",6,[],0,0,6,0,0
code_n24_k12_cw3_000_q02,code_n24_k12_cw3_000,q02,train,1,3276761294,"[4, 6, 9, 10, 18]",5,[],0,0,5,0,0
code_n24_k12_cw3_000_q02,code_n24_k12_cw3_000,q02,train,2,3277761297,"[11, 12, 14, 15, 18, 23]",6,[],0,0,6,0,0
code_n24_k12_cw3_000_q02,code_n24_k12_cw3_000,q02,train,3,3278761300,"[0, 1, 6, 14, 15, 21]",6,[],0,0,6,0,0
code_n24_k12_cw3_000_q02,code_n24_k12_cw3_000,q02,train,4,3279761303,"[6, 8, 11, 14, 16]",5,[],0,0,5,0,0
code_n24_k12_cw3_000_q02,code_n24_k12_cw3_000,q02,train,5,3280761306,"[0, 1, 2, 3, 9, 12, 16, 18, 21]",9,[],0,0,9,0,0
code_n24_k12_cw3_000_q02,code_n24_k12_cw3_000,q02,train,6,3281761309,"[0, 14, 16, 23]",4,[],0,0,4,0,0
code_n24_k12_cw3_000_q02,code_n24_k12_cw3_000,q02,train,7,3282761312,"[7, 10, 19, 20]",4,[],0,0,4,0,0
code_n24_k12_cw3_000_q02,code_n24_k12_cw3_000,q02,train,8,3283761315,"[4, 8, 11, 17]",4,[],0,0,4,0,0
code_n24_k12_cw3_000_q02,code_n24_k12_cw3_000,q02,train,9,3284761318,"[1, 2, 3, 5, 6, 7, 12, 14, 18, 19, 21, 23]",12,"[1, 2, 3, 5, 6, 7, 12, 14, 18, 19, 21, 23]",12,1,11,1,1
code_n24_k12_cw3_000_q02,code_n24_k12_cw3_000,q02,train,10,3285761321,"[1, 3, 7, 11]",4,[],0,0,4,0,0
code_n24_k12_cw3_000_q02,code_n24_k12_cw3_000,q02,train,11,3286761324,"[1, 5, 12, 13, 20, 22, 23]",7,"[1, 5, 13, 22]",4,1,7,0,0
code_n24_k12_cw3_000_q02,code_n24_k12_cw3_000,q02,train,12,3287761327,"[0, 1, 7, 13, 14, 16, 19]",7,[],0,0,7,0,0
code_n24_k12_cw3_000_q02,code_n24_k12_cw3_000,q02,train,13,3288761330,"[5, 7, 9, 11, 12, 13, 21]",7,[],0,0,7,0,0
code_n24_k12_cw3_000_q02,code_n24_k12_cw3_000,q02,train,14,3289761333,"[0, 5, 7, 9, 19, 20, 21, 23]",8,[],0,0,8,0,0
code_n24_k12_cw3_000_q02,code_n24_k12_cw3_000,q02,train,15,3290761336,"[1, 6, 15, 17, 23]",5,[],0,0,5,0,0
code_n24_k12_cw3_000_q02,code_n24_k12_cw3_000,q02,train,16,3291761339,"[5, 6, 7, 9, 16, 19, 20]",7,[],0,0,7,0,0
code_n24_k12_cw3_000_q02,code_n24_k12_cw3_000,q02,train,17,3292761342,"[1, 2, 6, 9, 11, 18, 19, 23]",8,[],0,0,8,0,0
code_n24_k12_cw3_000_q02,code_n24_k12_cw3_000,q02,train,18,3293761345,"[3, 5, 6, 17, 19, 23]",6,[],0,0,6,0,0
code_n24_k12_cw3_000_q02,code_n24_k12_cw3_000,q02,train,19,3294761348,"[0, 3, 5, 8, 10, 11, 13, 15, 21, 23]",10,"[0, 3, 5, 8, 11, 15, 21, 23]",8,1,9,1,1
code_n24_k12_cw3_000_q02,code_n24_k12_cw3_000,q02,train,20,3295761351,"[0, 8, 17, 22, 23]",5,[],0,0,5,0,0
code_n24_k12_cw3_000_q02,code_n24_k12_cw3_000,q02,train,21,3296761354,"[0, 1, 2, 12, 14, 17, 18, 22]",8,"[0, 1, 2, 18, 22]",5,1,8,0,0
code_n24_k12_cw3_000_q02,code_n24_k12_cw3_000,q02,train,22,3297761357,"[3, 8, 18]",3,[],0,0,3,0,0
code_n24_k12_cw3_000_q02,code_n24_k12_cw3_000,q02,train,23,3298761360,"[21, 23]",2,[],0,0,2,0,0
code_n24_k12_cw3_000_q02,code_n24_k12_cw3_000,q02,train,24,3299761363,"[1, 2, 3, 5, 8, 9, 16, 18, 21]",9,"[1, 3, 5, 9]",4,1,8,1,1
code_n24_k12_cw3_000_q02,code_n24_k12_cw3_000,q02,train,25,3300761366,"[0, 9, 14, 15, 19, 22]",6,[],0,0,6,0,0
code_n24_k12_cw3_000_q02,code_n24_k12_cw3_000,q02,train,26,3301761369,"[0, 3, 5, 6, 10, 19]",6,[],0,0,6,0,0
code_n24_k12_cw3_000_q02,code_n24_k12_cw3_000,q02,train,27,3302761372,"[2, 5, 11, 15, 21]",5,[],0,0,5,0,0
code_n24_k12_cw3_000_q02,code_n24_k12_cw3_000,q02,train,28,3303761375,"[1, 3, 4, 5, 7, 10, 11, 18, 21, 23]",10,"[5, 7, 10, 11, 21, 23]",6,1,9,1,1
code_n24_k12_cw3_000_q02,code_n24_k12_cw3_000,q02,train,29,3304761378,"[2, 5, 6, 9, 13, 20, 21]",7,[],0,0,7,0,0
code_n24_k12_cw3_000_q02,code_n24_k12_cw3_000,q02,train,30,3305761381,"[2, 11, 13, 14, 16, 18]",6,[],0,0,6,0,0
code_n24_k12_cw3_000_q02,code_n24_k12_cw3_000,q02,train,31,3306761384,"[1, 2, 5, 6, 15, 18, 20, 21, 22]",9,[],0,0,9,0,0
code_n24_k12_cw3_000_q02,code_n24_k12_cw3_000,q02,train,32,3307761387,"[0, 2, 8, 9, 13, 14, 15, 20]",8,[],0,0,8,0,0
code_n24_k12_cw3_000_q02,code_n24_k12_cw3_000,q02,train,33,3308761390,"[1, 5, 11, 12, 14, 17, 23]",7,[],0,0,7,0,0
code_n24_k12_cw3_000_q02,code_n24_k12_cw3_000,q02,train,34,3309761393,"[5, 8, 13, 19, 22]",5,[],0,0,5,0,0
code_n24_k12_cw3_000_q02,code_n24_k12_cw3_000,q02,train,35,3310761396,"[0, 2, 3, 7, 8, 11, 13, 14]",8,[],0,0,8,0,0
code_n24_k12_cw3_000_q02,code_n24_k12_cw3_000,q02,train,36,3311761399,"[2, 4, 7, 11, 13, 17, 18]",7,[],0,0,7,0,0
code_n24_k12_cw3_000_q02,code_n24_k12_cw3_000,q02,train,37,3312761402,"[6, 12, 17, 18, 19, 20, 21]",7,[],0,0,7,0,0
code_n24_k12_cw3_000_q02,code_n24_k12_cw3_000,q02,train,38,3313761405,"[10, 14, 15, 19, 23]",5,[],0,0,5,0,0
code_n24_k12_cw3_000_q02,code_n24_k12_cw3_000,q02,train,39,3314761408,"[5, 10, 11, 20, 22]",5,[],0,0,5,0,0
code_n24_k12_cw3_000_q02,code_n24_k12_cw3_000,q02,train,40,3315761411,"[1, 2, 5, 14, 17, 18, 22, 23]",8,[],0,0,8,0,0
code_n24_k12_cw3_000_q02,code_n24_k12_cw3_000,q02,train,41,3316761414,"[2, 7, 13, 14, 16, 19, 21]",7,[],0,0,7,0,0
code_n24_k12_cw3_000_q02,code_n24_k12_cw3_000,q02,train,42,3317761417,"[0, 1, 6, 9, 14, 16, 18, 19, 23]",9,"[1, 6, 9, 14, 19, 23]",6,1,9,0,0
code_n24_k12_cw3_000_q02,code_n24_k12_cw3_000,q02,train,43,3318761420,"[4, 5, 15, 17, 18, 22]",6,[],0,0,6,0,0
code_n24_k12_cw3_000_q02,code_n24_k12_cw3_000,q02,train,44,3319761423,"[2, 3, 11, 12, 23]",5,[],0,0,5,0,0
code_n24_k12_cw3_000_q02,code_n24_k12_cw3_000,q02,train,45,3320761426,"[1, 5, 7, 8, 12, 13, 14, 19]",8,[],0,0,8,0,0
code_n24_k12_cw3_000_q02,code_n24_k12_cw3_000,q02,train,46,3321761429,"[0, 2, 3, 6, 9, 12, 13, 14, 15, 17, 18, 21]",12,"[0, 2, 3, 6, 9, 12, 13, 14, 15, 17, 21]",11,1,12,0,0
code_n24_k12_cw3_000_q02,code_n24_k12_cw3_000,q02,train,47,3322761432,"[1, 2, 3, 7, 12, 13, 14, 19]",8,[],0,0,8,0,0
code_n24_k12_cw3_000_q02,code_n24_k12_cw3_000,q02,train,48,3323761435,"[0, 2, 9, 17, 19, 20, 22]",7,"[0, 2, 9, 17, 19]",5,1,7,0,0
code_n24_k12_cw3_000_q02,code_n24_k12_cw3_000,q02,train,49,3324761438,"[1, 3, 6, 8, 15, 17, 20, 22]",8,[],0,0,8,0,0
code_n24_k12_cw3_000_q02,code_n24_k12_cw3_000,q02,train,50,3325761441,"[10, 14, 16, 20]",4,[],0,0,4,0,0
code_n24_k12_cw3_000_q02,code_n24_k12_cw3_000,q02,train,51,3326761444,"[3, 4, 5, 6, 8, 9, 18]",7,[],0,0,7,0,0
code_n24_k12_cw3_000_q02,code_n24_k12_cw3_000,q02,train,52,3327761447,"[0, 3, 10, 12, 16, 18, 22]",7,[],0,0,7,0,0
code_n24_k12_cw3_000_q02,code_n24_k12_cw3_000,q02,train,53,3328761450,"[4, 11, 17, 19, 21, 22]",6,"[11, 17, 19, 21, 22]",5,1,6,0,0
code_n24_k12_cw3_000_q02,code_n24_k12_cw3_000,q02,train,54,3329761453,"[6, 18, 22]",3,[],0,0,3,0,0
code_n24_k12_cw3_000_q02,code_n24_k12_cw3_000,q02,train,55,3330761456,"[6, 11, 13, 20, 23]",5,[],0,0,5,0,0
code_n24_k12_cw3_000_q02,code_n24_k12_cw3_000,q02,train,56,3331761459,"[1, 6, 8, 10, 12, 13, 16, 22, 23]",9,"[1, 6, 8, 10, 12, 13, 16, 22, 23]",9,1,9,0,0
code_n24_k12_cw3_000_q02,code_n24_k12_cw3_000,q02,train,57,3332761462,"[0, 4, 5, 6, 16, 18, 19, 20, 23]",9,[],0,0,9,0,0
code_n24_k12_cw3_000_q02,code_n24_k12_cw3_000,q02,train,58,3333761465,"[2, 8, 10, 14, 18, 19]",6,[],0,0,6,0,0
code_n24_k12_cw3_000_q02,code_n24_k12_cw3_000,q02,train,59,3334761468,"[7, 10, 11, 12, 13, 22]",6,[],0,0,6,0,0
code_n24_k12_cw3_000_q02,code_n24_k12_cw3_000,q02,train,60,3335761471,"[0, 6, 7, 11, 12, 19]",6,[],0,0,6,0,0
code_n24_k12_cw3_000_q02,code_n24_k12_cw3_000,q02,train,61,3336761474,"[2, 4, 11, 14, 15, 17, 22]",7,[],0,0,7,0,0
code_n24_k12_cw3_000_q02,code_n24_k12_cw3_000,q02,train,62,3337761477,"[0, 4, 9, 12, 15, 18, 20, 22]",8,[],0,0,8,0,0
code_n24_k12_cw3_000_q02,code_n24_k12_cw3_000,q02,train,63,3338761480,"[3, 5, 6, 8, 13, 15, 17]",7,[],0,0,7,0,0
code_n24_k12_cw3_000_q03,code_n24_k12_cw3_000,q03,train,0,2554381332,"[0, 1, 2, 4, 7, 10, 13, 15, 19]",9,"[0, 1, 2, 7, 10, 19]",6,1,9,0,0
code_n24_k12_cw3_000_q03,code_n24_k12_cw3_000,q03,train,1,2555381335,"[0, 1, 2, 4, 5, 6, 8, 10, 11, 13, 15, 17, 23]",13,"[0, 1, 2, 4, 5, 6, 8, 10, 13, 15, 17, 23]",12,1,12,1,1
code_n24_k12_cw3_000_q03,code_n24_k12_cw3_000,q03,train,2,2556381338,"[0, 5, 6, 7, 9, 11, 17, 19, 20]",9,[],0,0,9,0,0
code_n24_k12_cw3_000_q03,code_n24_k12_cw3_000,q03,train,3,2557381341,"[4, 5, 6, 7, 9, 11, 12, 15, 19, 20]",10,"[4, 5, 6, 7, 11, 12]",6,1,10,0,0
code_n24_k12_cw3_000_q03,code_n24_k12_cw3_000,q03,train,4,2558381344,"[1, 3, 4, 8, 9, 11, 12, 14, 15, 17, 20, 22]",12,"[1, 3, 4, 8, 9, 11, 12, 14, 17, 20, 22]",11,1,11,1,1
code_n24_k12_cw3_000_q03,code_n24_k12_cw3_000,q03,train,5,2559381347,"[4, 5, 6, 11, 13, 15, 20, 21]",8,[],0,0,8,0,0
code_n24_k12_cw3_000_q03,code_n24_k12_cw3_000,q03,train,6,2560381350,"[0, 2, 6, 8, 9, 11, 14, 18, 20]",9,"[0, 2, 6, 14, 20]",5,1,9,0,0
code_n24_k12_cw3_000_q03,code_n24_k12_cw3_000,q03,train,7,2561381353,"[0, 6, 8, 13, 15, 20]",6,[],0,0,6,0,0
code_n24_k12_cw3_000_q03,code_n24_k12_cw3_000,q03,train,8,2562381356,"[0, 3, 6, 8, 10, 13, 15, 16, 17, 18, 19, 20, 21]",13,"[0, 3, 8, 10, 13, 15, 16, 17, 18, 19, 20, 21]",12,1,11,2,1
code_n24_k12_cw3_000_q03,code_n24_k12_cw3_000,q03,train,9,2563381359,"[2, 4, 5, 6, 7, 12, 21, 22]",8,[],0,0,8,0,0
code_n24_k12_cw3_000_q03,code_n24_k12_cw3_000,q03,train,10,2564381362,"[1, 3, 7, 9, 10, 11, 13, 15, 19, 23]",10,"[1, 3, 7, 9, 10, 19, 23]",7,1,10,0,0
code_n24_k12_cw3_000_q03,code_n24_k12_cw3_000,q03,train,11,2565381365,"[8, 9, 10, 11, 20, 22]",6,[],0,0,6,0,0
code_n24_k12_cw3_000_q03,code_n24_k12_cw3_000,q03,train,12,2566381368,"[2, 4, 10, 17, 19, 22]",6,[],0,0,6,0,0
code_n24_k12_cw3_000_q03,code_n24_k12_cw3_000,q03,train,13,2567381371,"[15, 20, 22, 23]",4,[],0,0,4,0,0
code_n24_k12_cw3_000_q03,code_n24_k12_cw3_000,q03,train,14,2568381374,"[2, 7, 9, 12, 16, 19, 20, 21, 23]",9,[],0,0,9,0,0
code_n24_k12_cw3_000_q03,code_n24_k12_cw3_000,q03,train,15,2569381377,"[0, 2, 3, 11, 12, 19, 20, 22]",8,"[0, 2, 3, 19, 20]",5,1,8,0,0
code_n24_k12_cw3_000_q03,code_n24_k12_cw3_000,q03,train,16,2570381380,"[6, 17, 18, 19, 23]",5,[],0,0,5,0,0
code_n24_k12_cw3_000_q03,code_n24_k12_cw3_000,q03,train,17,2571381383,"[0, 3, 9, 11, 12, 13, 16, 17, 18, 20, 22]",11,"[3, 9, 13, 17, 20, 22]",6,1,10,1,1
code_n24_k12_cw3_000_q03,code_n24_k12_cw3_000,q03,train,18,2572381386,"[1, 4, 6, 8, 9, 10, 13]",7,[],0,0,7,0,0
code_n24_k12_cw3_000_q03,code_n24_k12_cw3_000,q03,train,19,2573381389,"[2, 3, 8, 11, 12, 16, 20]",7,[],0,0,7,0,0
code_n24_k12_cw3_000_q03,code_n24_k12_cw3_000,q03,train,20,2574381392,"[1, 4, 5, 9, 11, 15, 17, 19, 21, 22]",10,"[11, 17, 19, 21, 22]",5,1,10,0,0
code_n24_k12_cw3_000_q03,code_n24_k12_cw3_000,q03,train,21,2575381395,"[2, 6, 10, 12, 13, 14, 17, 18]",8,[],0,0,8,0,0
code_n24_k12_cw3_000_q03,code_n24_k12_cw3_000,q03,train,22,2576381398,"[2, 3, 7, 9, 12, 18, 21, 23]",8,[],0,0,8,0,0
code_n24_k12_cw3_000_q03,code_n24_k12_cw3_000,q03,train,23,2577381401,"[5, 6, 9, 10, 13, 14, 15, 17, 18, 20, 21, 22]",12,"[5, 6, 9, 10, 13, 14, 15, 17, 18, 20, 22]",11,1,11,1,1
code_n24_k12_cw3_000_q03,code_n24_k12_cw3_000,q03,train,24,2578381404,"[0, 3, 4, 7, 8, 9, 13, 14, 16, 20, 21]",11,"[3, 4, 7, 8, 9, 13, 14, 16, 20, 21]",10,1,10,1,1
code_n24_k12_cw3_000_q03,code_n24_k12_cw3_000,q03,train,25,2579381407,"[0, 12, 17, 22]",4,[],0,0,4,0,0
code_n24_k12_cw3_000_q03,code_n24_k12_cw3_000,q03,train,26,2580381410,"[9, 15, 16, 18, 20, 21, 22]",7,[],0,0,7,0,0
code_n24_k12_cw3_000_q03,code_n24_k12_cw3_000,q03,train,27,2581381413,"[4, 5, 14, 23]",4,[],0,0,4,0,0
code_n24_k12_cw3_000_q03,code_n24_k12_cw3_000,q03,train,28,2582381416,"[2, 3, 6, 7, 8, 12, 17, 19, 20]",9,[],0,0,9,0,0
code_n24_k12_cw3_000_q03,code_n24_k12_cw3_000,q03,train,29,2583381419,"[0, 3, 7, 10, 20, 23]",6,[],0,0,6,0,0
code_n24_k12_cw3_000_q03,code_n24_k12_cw3_000,q03,train,30,2584381422,"[1, 6, 7, 9, 10, 11, 13, 17, 19, 20, 21, 22]",12,"[1, 7, 10, 11, 13, 17, 19, 20, 21, 22]",10,1,11,1,1
code_n24_k12_cw3_000_q03,code_n24_k12_cw3_000,q03,train,31,2585381425,"[0, 3, 6, 12, 15, 17, 18, 20, 21, 23]",10,"[0, 3, 6, 12, 15, 17, 18, 20, 21, 23]",10,1,10,0,0
code_n24_k12_cw3_000_q03,code_n24_k12_cw3_000,q03,train,32,2586381428,"[0, 2, 3, 5, 9, 11, 13, 14, 22]",9,"[0, 2, 3, 9, 13, 22]",6,1,8,1,1
code_n24_k12_cw3_000_q03,code_n24_k12_cw3_000,q03,train,33,2587381431,"[1, 2, 3, 10, 11, 14, 15, 16]",8,[],0,0,8,0,0
code_n24_k12_cw3_000_q03,code_n24_k12_cw3_000,q03,train,34,2588381434,"[0, 6, 11, 16, 17, 22, 23]",7,[],0,0,7,0,0
code_n24_k12_cw3_000_q03,code_n24_k12_cw3_000,q03,train,35,2589381437,"[5, 6, 8, 11, 13, 18, 20, 23]",8,[],0,0,8,0,0
code_n24_k12_cw3_000_q03,code_n24_k12_cw3_000,q03,train,36,2590381440,"[0, 1, 2, 3, 7, 10, 12, 13, 21]",9,[],0,0,9,0,0
code_n24_k12_cw3_000_q03,code_n24_k12_cw3_000,q03,train,37,2591381443,"[0, 6, 9, 15, 19, 20]",6,[],0,0,6,0,0
code_n24_k12_cw3_000_q03,code_n24_k12_cw3_000,q03,train,38,2592381446,"[2, 3, 5, 12, 14, 15, 18, 20, 23]",9,[],0,0,9,0,0
code_n24_k12_cw3_000_q03,code_n24_k12_cw3_000,q03,train,39,2593381449,"[2, 5, 8, 10, 11, 18, 20, 21, 23]",9,"[5, 11, 21, 23]",4,1,8,1,1
code_n24_k12_cw3_000_q03,code_n24_k12_cw3_000,q03,train,40,2594381452,"[0, 1, 2, 5, 7, 11, 14, 20, 22]",9,[],0,0,9,0,0
code_n24_k12_cw3_000_q03,code_n24_k12_cw3_000,q03,train,41,2595381455,"[2, 4, 13, 15, 17, 20, 21, 23]",8,[],0,0,8,0,0
code_n24_k12_cw3_000_q03,code_n24_k12_cw3_000,q03,train,42,2596381458,"[0, 3, 9, 16, 19, 21]",6,[],0,0,6,0,0
code_n24_k12_cw3_000_q03,code_n24_k12_cw3_000,q03,train,43,2597381461,"[2, 3, 5, 6, 7, 8, 11, 12, 14, 15, 19]",11,"[3, 5, 6, 7, 8, 11, 12, 14, 19]",9,1,10,1,1
code_n24_k12_cw3_000_q03,code_n24_k12_cw3_000,q03,train,44,2598381464,"[4, 7, 9, 11, 12, 13, 17, 18, 19, 22, 23]",11,"[4, 7, 11, 12, 13, 17, 19, 22, 23]",9,1,10,1,1
code_n24_k12_cw3_000_q03,code_n24_k12_cw3_000,q03,train,45,2599381467,"[0, 6, 9, 10, 20]",5,[],0,0,5,0,0
code_n24_k12_cw3_000_q03,code_n24_k12_cw3_000,q03,train,46,2600381470,"[1, 2, 3, 5, 7, 8, 9, 12, 14, 16, 18, 20, 22]",13,"[1, 2, 3, 5, 7, 8, 9, 12, 14, 16, 18, 20, 22]",13,1,11,2,1
code_n24_k12_cw3_000_q03,code_n24_k12_cw3_000,q03,train,47,2601381473,"[0, 3, 4, 5, 8, 10, 11, 17, 22]",9,[],0,0,9,0,0
code_n24_k12_cw3_000_q03,code_n24_k12_cw3_000,q03,train,48,2602381476,"[5, 6, 12, 15, 19, 20, 21, 22]",8,[],0,0,8,0,0
code_n24_k12_cw3_000_q03,code_n24_k12_cw3_000,q03,train,49,2603381479,"[2, 3, 4, 5, 7, 9, 10, 11, 12, 13, 16, 17, 18, 20, 21]",15,"[2, 3, 4, 5, 7, 9, 10, 11, 12, 13, 16, 17, 18, 20, 21]",15,1,12,3,1
code_n24_k12_cw3_000_q03,code_n24_k12_cw3_000,q03,train,50,2604381482,"[3, 5, 9, 11, 13, 14, 15, 17, 21]",9,[],0,0,9,0,0
code_n24_k12_cw3_000_q03,code_n24_k12_cw3_000,q03,train,51,2605381485,"[0, 4, 5, 8, 10, 12, 14, 15, 17, 20, 22]",11,"[0, 4, 5, 8, 14, 15, 17, 20, 22]",9,1,11,0,0
code_n24_k12_cw3_000_q03,code_n24_k12_cw3_000,q03,train,52,2606381488,"[3, 5, 9, 10, 11, 12, 14, 17, 18]",9,[],0,0,9,0,0
code_n24_k12_cw3_000_q03,code_n24_k12_cw3_000,q03,train,53,2607381491,"[3, 5, 6, 8, 9, 10, 11, 14, 16]",9,"[3, 5, 6, 8, 10, 11, 14, 16]",8,1,9,0,0
code_n24_k12_cw3_000_q03,code_n24_k12_cw3_000,q03,train,54,2608381494,"[0, 2, 3, 4, 5, 8, 11, 12, 19]",9,[],0,0,9,0,0
code_n24_k12_cw3_000_q03,code_n24_k12_cw3_000,q03,train,55,2609381497,"[0, 6, 10, 11, 15, 17, 19, 22]",8,[],0,0,8,0,0
code_n24_k12_cw3_000_q03,code_n24_k12_cw3_000,q03,train,56,2610381500,"[0, 2, 11, 14, 20, 21]",6,[],0,0,6,0,0
code_n24_k12_cw3_000_q03,code_n24_k12_cw3_000,q03,train,57,2611381503,"[2, 8, 11, 13, 15, 16, 17, 19, 21]",9,[],0,0,9,0,0
code_n24_k12_cw3_000_q03,code_n24_k12_cw3_000,q03,train,58,2612381506,"[8, 16, 17, 21, 22, 23]",6,[],0,0,6,0,0
code_n24_k12_cw3_000_q03,code_n24_k12_cw3_000,q03,train,59,2613381509,"[0, 1, 3, 4, 5, 7, 9, 10, 12, 13, 16, 19]",12,"[1, 3, 4, 5, 7, 9, 10, 12, 13, 16, 19]",11,1,11,1,1
code_n24_k12_cw3_000_q03,code_n24_k12_cw3_000,q03,train,60,2614381512,"[2, 3, 4, 10, 11, 14, 15, 17, 23]",9,[],0,0,9,0,0
code_n24_k12_cw3_000_q03,code_n24_k12_cw3_000,q03,train,61,2615381515,"[5, 9, 14, 15, 16, 17, 23]",7,[],0,0,7,0,0
code_n24_k12_cw3_000_q03,code_n24_k12_cw3_000,q03,train,62,2616381518,"[5, 10, 11, 17, 19, 21]",6,[],0,0,6,0,0
code_n24_k12_cw3_000_q03,code_n24_k12_cw3_000,q03,train,63,2617381521,"[3, 4, 5, 7, 9, 12, 13, 16, 17, 19, 21, 22, 23]",13,"[3, 4, 5, 7, 9, 12, 13, 16, 17, 19, 21, 22, 23]",13,1,11,2,1
code_n24_k12_cw3_001_q00,code_n24_k12_cw3_001,q00,train,0,1007450196,"[1, 9, 20, 23]",4,[],0,0,4,0,0
code_n24_k12_cw3_001_q00,code_n24_k12_cw3_001,q00,train,1,1008450199,"[1, 5, 11, 15, 18, 19, 20, 21]",8,"[1, 11, 15, 18, 19, 20, 21]",7,1,8,0,0
code_n24_k12_cw3_001_q00,code_n24_k12_cw3_001,q00,train,2,1009450202,"[4, 5, 7, 11, 15, 22]",6,[],0,0,6,0,0
code_n24_k12_cw3_001_q00,code_n24_k12_cw3_001,q00,train,3,1010450205,"[7, 9, 19, 22]",4,[],0,0,4,0,0
code_n24_k12_cw3_001_q00,code_n24_k12_cw3_001,q00,train,4,1011450208,"[6, 10, 11, 14, 21]",5,[],0,0,5,0,0
code_n24_k12_cw3_001_q00,code_n24_k12_cw3_001,q00,train,5,1012450211,"[1, 2, 4, 8, 18, 20]",6,[],0,0,6,0,0
code_n24_k12_cw3_001_q00,code_n24_k12_cw3_001,q00,train,6,1013450214,"[18, 22]",2,[],0,0,2,0,0
code_n24_k12_cw3_001_q00,code_n24_k12_cw3_001,q00,train,7,1014450217,"[5, 6, 7, 10, 14, 16, 20]",7,"[5, 6, 7, 10, 16]",5,1,7,0,0
code_n24_k12_cw3_001_q00,code_n24_k12_cw3_001,q00,train,8,1015450220,"[4, 9, 11, 12, 19]",5,[],0,0,5,0,0
code_n24_k12_cw3_001_q00,code_n24_k12_cw3_001,q00,train,9,1016450223,"[4, 9, 10, 20]",4,[],0,0,4,0,0
code_n24_k12_cw3_001_q00,code_n24_k12_cw3_001,q00,train,10,1017450226,"[2, 4, 8, 9, 10, 14, 15, 16]",8,"[2, 8, 9, 10]",4,1,8,0,0
code_n24_k12_cw3_001_q00,code_n24_k12_cw3_001,q00,train,11,1018450229,"[2, 8]",2,[],0,0,2,0,0
code_n24_k12_cw3_001_q00,code_n24_k12_cw3_001,q00,train,12,1019450232,"[3, 12, 14, 16, 17]",5,[],0,0,5,0,0
code_n24_k12_cw3_001_q00,code_n24_k12_cw3_001,q00,train,13,1020450235,"[1, 4, 5, 20, 23]",5,[],0,0,5,0,0
code_n24_k12_cw3_001_q00,code_n24_k12_cw3_001,q00,train,14,1021450238,"[3, 16, 18]",3,[],0,0,3,0,0
code_n24_k12_cw3_001_q00,code_n24_k12_cw3_001,q00,train,15,1022450241,"[0, 9, 10, 16, 19]",5,[],0,0,5,0,0
code_n24_k12_cw3_001_q00,code_n24_k12_cw3_001,q00,train,16,1023450244,"[3, 6, 7, 11]",4,[],0,0,4,0,0
code_n24_k12_cw3_001_q00,code_n24_k12_cw3_001,q00,train,17,1024450247,"[0, 8, 9, 11, 13, 14, 18, 19]",8,"[13, 18]",2,1,7,1,1
code_n24_k12_cw3_001_q00,code_n24_k12_cw3_001,q00,train,18,1025450250,"[3, 5, 6, 15, 18]",5,[],0,0,5,0,0
code_n24_k12_cw3_001_q00,code_n24_k12_cw3_001,q00,train,19,1026450253,"[2, 10, 16]",3,[],0,0,3,0,0
code_n24_k12_cw3_001_q00,code_n24_k12_cw3_001,q00,train,20,1027450256,"[2, 12, 14, 23]",4,[],0,0,4,0,0
code_n24_k12_cw3_001_q00,code_n24_k12_cw3_001,q00,train,21,1028450259,"[5, 6, 15, 20]",4,[],0,0,4,0,0
code_n24_k12_cw3_001_q00,code_n24_k12_cw3_001,q00,train,22,1029450262,"[2, 13, 18, 20, 21, 22, 23]",7,"[2, 13, 18, 20, 21, 23]",6,1,6,1,1
code_n24_k12_cw3_001_q00,code_n24_k12_cw3_001,q00,train,23,1030450265,[8],1,[],0,0,1,0,0
code_n24_k12_cw3_001_q00,code_n24_k12_cw3_001,q00,train,24,1031450268,"[3, 13, 14, 21]",4,[],0,0,4,0,0
code_n24_k12_cw3_001_q00,code_n24_k12_cw3_001,q00,train,25,1032450271,"[3, 4, 12, 16, 19]",5,[],0,0,5,0,0
code_n24_k12_cw3_001_q00,code_n24_k12_cw3_001,q00,train,26,1033450274,"[2, 3, 14, 15, 19]",5,[],0,0,5,0,0
code_n24_k12_cw3_001_q00,code_n24_k12_cw3_001,q00,train,27,1034450277,"[8, 12, 17, 21, 23]",5,[],0,0,5,0,0
code_n24_k12_cw3_001_q00,code_n24_k12_cw3_001,q00,train,28,1035450280,"[0, 3, 11, 12, 19, 21]",6,[],0,0,6,0,0
code_n24_k12_cw3_001_q00,code_n24_k12_cw3_001,q00,train,29,1036450283,"[2, 14, 17, 21]",4,[],0,0,4,0,0
code_n24_k12_cw3_001_q00,code_n24_k12_cw3_001,q00,train,30,1037450286,"[0, 1, 3, 13, 17]",5,[],0,0,5,0,0
code_n24_k12_cw3_001_q00,code_n24_k12_cw3_001,q00,train,31,1038450289,[6],1,[],0,0,1,0,0
code_n24_k12_cw3_001_q00,code_n24_k12_cw3_001,q00,train,32,1039450292,"[2, 11, 13, 14, 20]",5,[],0,0,5,0,0
code_n24_k12_cw3_001_q00,code_n24_k12_cw3_001,q00,train,33,1040450295,"[4, 9, 14, 17, 21]",5,[],0,0,5,0,0
code_n24_k12_cw3_001_q00,code_n24_k12_cw3_001,q00,train,34,1041450298,"[0, 17, 23]",3,[],0,0,3,0,0
code_n24_k12_cw3_001_q00,code_n24_k12_cw3_001,q00,train,35,1042450301,"[1, 9, 13, 16, 19]",5,[],0,0,5,0,0
code_n24_k12_cw3_001_q00,code_n24_k12_cw3_001,q00,train,36,1043450304,"[2, 9, 13, 15]",4,[],0,0,4,0,0
code_n24_k12_cw3_001_q00,code_n24_k12_cw3_001,q00,train,37,1044450307,"[3, 4, 11, 17, 22]",5,[],0,0,5,0,0
code_n24_k12_cw3_001_q00,code_n24_k12_cw3_001,q00,train,38,1045450310,"[5, 9, 14]",3,[],0,0,3,0,0
code_n24_k12_cw3_001_q00,code_n24_k12_cw3_001,q00,train,39,1046450313,"[7, 10]",2,[],0,0,2,0,0
code_n24_k12_cw3_001_q00,code_n24_k12_cw3_001,q00,train,40,1047450316,"[0, 1, 3, 7, 12, 15, 21]",7,[],0,0,7,0,0
code_n24_k12_cw3_001_q00,code_n24_k12_cw3_001,q00,train,41,1048450319,"[14, 15]",2,[],0,0,2,0,0
code_n24_k12_cw3_001_q00,code_n24_k12_cw3_001,q00,train,42,1049450322,"[4, 9, 21, 22]",4,[],0,0,4,0,0
code_n24_k12_cw3_001_q00,code_n24_k12_cw3_001,q00,train,43,1050450325,"[0, 1, 9, 13]",4,[],0,0,4,0,0
code_n24_k12_cw3_001_q00,code_n24_k12_cw3_001,q00,train,44,1051450328,"[4, 5, 6, 8, 17]",5,[],0,0,5,0,0
code_n24_k12_cw3_001_q00,code_n24_k12_cw3_001,q00,train,45,1052450331,"[0, 2, 11, 20, 23]",5,[],0,0,5,0,0
code_n24_k12_cw3_001_q00,code_n24_k12_cw3_001,q00,train,46,1053450334,"[13, 15, 22]",3,[],0,0,3,0,0
code_n24_k12_cw3_001_q00,code_n24_k12_cw3_001,q00,train,47,1054450337,"[5, 12, 13, 18, 19]",5,"[13, 18]",2,1,4,1,1
code_n24_k12_cw3_001_q00,code_n24_k12_cw3_001,q00,train,48,1055450340,"[10, 12, 17, 23]",4,[],0,0,4,0,0
code_n24_k12_cw3_001_q00,code_n24_k12_cw3_001,q00,train,49,1056450343,"[0, 6, 11, 23]",4,[],0,0,4,0,0
code_n24_k12_cw3_001_q00,code_n24_k12_cw3_001,q00,train,50,1057450346,"[1, 6, 7, 15, 16]",5,[],0,0,5,0,0
code_n24_k12_cw3_001_q00,code_n24_k12_cw3_001,q00,train,51,1058450349,"[1, 3, 5, 10, 19]",5,[],0,0,5,0,0
code_n24_k12_cw3_001_q00,code_n24_k12_cw3_001,q00,train,52,1059450352,"[2, 10, 21, 23]",4,[],0,0,4,0,0
code_n24_k12_cw3_001_q00,code_n24_k12_cw3_001,q00,train,53,1060450355,"[3, 4, 8, 10, 15, 21]",6,[],0,0,6,0,0
code_n24_k12_cw3_001_q00,code_n24_k12_cw3_001,q00,train,54,1061450358,[15],1,[],0,0,1,0,0
code_n24_k12_cw3_001_q00,code_n24_k12_cw3_001,q00,train,55,1062450361,"[11, 12, 19]",3,[],0,0,3,0,0
code_n24_k12_cw3_001_q00,code_n24_k12_cw3_001,q00,train,56,1063450364,"[13, 18]",2,"[13, 18]",2,1,1,1,1
code_n24_k12_cw3_001_q00,code_n24_k12_cw3_001,q00,train,57,1064450367,"[15, 18]",2,[],0,0,2,0,0
code_n24_k12_cw3_001_q00,code_n24_k12_cw3_001,q00,train,58,1065450370,"[1, 10, 13, 14, 20]",5,[],0,0,5,0,0
code_n24_k12_cw3_001_q00,code_n24_k12_cw3_001,q00,train,59,1066450373,"[5, 6, 15, 22]",4,[],0,0,4,0,0
code_n24_k12_cw3_001_q00,code_n24_k12_cw3_001,q00,train,60,1067450376,"[0, 2, 5, 8, 12, 15]",6,[],0,0,6,0,0
code_n24_k12_cw3_001_q00,code_n24_k12_cw3_001,q00,train,61,1068450379,"[12, 13, 20, 22]",4,[],0,0,4,0,0
code_n24_k12_cw3_001_q00,code_n24_k12_cw3_001,q00,train,62,1069450382,"[0, 5, 14, 20]",4,[],0,0,4,0,0
code_n24_k12_cw3_001_q00,code_n24_k12_cw3_001,q00,train,63,1070450385,"[1, 7, 8, 13, 16]",5,[],0,0,5,0,0
code_n24_k12_cw3_001_q01,code_n24_k12_cw3_001,q01,train,0,286070237,"[3, 9, 15, 16, 22]",5,[],0,0,5,0,0
code_n24_k12_cw3_001_q01,code_n24_k12_cw3_001,q01,train,1,287070240,"[0, 1, 2, 6, 7, 11, 14, 16, 17, 20]",10,"[2, 6, 7, 14, 16, 17, 20]",7,1,10,0,0
code_n24_k12_cw3_001_q01,code_n24_k12_cw3_001,q01,train,2,288070243,"[5, 11, 13, 15, 20, 22, 23]",7,[],0,0,7,0,0
code_n24_k12_cw3_001_q01,code_n24_k12_cw3_001,q01,train,3,289070246,"[1, 6, 8, 10, 16]",5,[],0,0,5,0,0
code_n24_k12_cw3_001_q01,code_n24_k12_cw3_001,q01,train,4,290070249,"[0, 7, 9, 10, 11, 12, 15, 19]",8,[],0,0,8,0,0
code_n24_k12_cw3_001_q01,code_n24_k12_cw3_001,q01,train,5,291070252,"[2, 7, 8, 10, 13, 19, 22, 23]",8,[],0,0,8,0,0
code_n24_k12_cw3_001_q01,code_n24_k12_cw3_001,q01,train,6,292070255,"[1, 5, 20, 23]",4,[],0,0,4,0,0
code_n24_k12_cw3_001_q01,code_n24_k12_cw3_001,q01,train,7,293070258,"[9, 13, 16, 17, 20, 22]",6,[],0,0,6,0,0
code_n24_k12_cw3_001_q01,code_n24_k12_cw3_001,q01,train,8,294070261,"[0, 1, 2, 4, 5, 6, 10, 14, 19, 20]",10,"[0, 1, 2, 4, 5, 6, 10, 14, 19, 20]",10,1,9,1,1
code_n24_k12_cw3_001_q01,code_n24_k12_cw3_001,q01,train,9,295070264,"[0, 12, 19, 20]",4,[],0,0,4,0,0
code_n24_k12_cw3_001_q01,code_n24_k12_cw3_001,q01,train,10,296070267,"[2, 3, 19, 21, 23]",5,[],0,0,5,0,0
code_n24_k12_cw3_001_q01,code_n24_k12_cw3_001,q01,train,11,297070270,"[7, 8, 15, 17, 21]",5,[],0,0,5,0,0
code_n24_k12_cw3_001_q01,code_n24_k12_cw3_001,q01,train,12,298070273,"[1, 14, 19]",3,[],0,0,3,0,0
code_n24_k12_cw3_001_q01,code_n24_k12_cw3_001,q01,train,13,299070276,"[0, 3, 5, 13, 18]",5,"[13, 18]",2,1,4,1,1
code_n24_k12_cw3_001_q01,code_n24_k12_cw3_001,q01,train,14,300070279,"[1, 5, 6, 17]",4,[],0,0,4,0,0
code_n24_k12_cw3_001_q01,code_n24_k12_cw3_001,q01,train,15,301070282,"[2, 12, 15, 18, 19, 20, 22]",7,[],0,0,7,0,0
code_n24_k12_cw3_001_q01,code_n24_k12_cw3_001,q01,train,16,302070285,"[7, 14, 15, 19, 20, 22]",6,[],0,0,6,0,0
code_n24_k12_cw3_001_q01,code_n24_k12_cw3_001,q01,train,17,303070288,"[1, 12]",2,[],0,0,2,0,0
code_n24_k12_cw3_001_q01,code_n24_k12_cw3_001,q01,train,18,304070291,"[1, 5, 6, 15, 16, 21]",6,[],0,0,6,0,0
code_n24_k12_cw3_001_q01,code_n24_k12_cw3_001,q01,train,19,305070294,"[0, 2, 8, 11, 13, 15, 22]",7,"[0, 2, 13, 15, 22]",5,1,6,1,1
code_n24_k12_cw3_001_q01,code_n24_k12_cw3_001,q01,train,20,306070297,"[2, 11, 12, 19]",4,[],0,0,4,0,0
code_n24_k12_cw3_001_q01,code_n24_k12_cw3_001,q01,train,21,307070300,"[1, 3, 8, 20]",4,[],0,0,4,0,0
code_n24_k12_cw3_001_q01,code_n24_k12_cw3_001,q01,train,22,308070303,"[2, 13, 17, 19, 23]",5,[],0,0,5,0,0
code_n24_k12_cw3_001_q01,code_n24_k12_cw3_001,q01,train,23,309070306,"[0, 8, 15, 17]",4,"[0, 15, 17]",3,1,4,0,0
code_n24_k12_cw3_001_q01,code_n24_k12_cw3_001,q01,train,24,310070309,"[0, 6, 9, 10, 15, 18, 20]",7,[],0,0,7,0,0
code_n24_k12_cw3_001_q01,code_n24_k12_cw3_001,q01,train,25,311070312,"[0, 5, 8, 12, 14, 15, 18, 20, 21, 22]",10,"[0, 5, 8, 12, 14, 15, 18, 20, 21, 22]",10,1,10,0,0
code_n24_k12_cw3_001_q01,code_n24_k12_cw3_001,q01,train,26,312070315,"[1, 6, 8, 14, 15, 16, 17]",7,[],0,0,7,0,0
code_n24_k12_cw3_001_q01,code_n24_k12_cw3_001,q01,train,27,313070318,"[3, 4, 9, 10, 12, 20, 21, 23]",8,"[9, 10, 12, 20, 21, 23]",6,1,7,1,1
code_n24_k12_cw3_001_q01,code_n24_k12_cw3_001,q01,train,28,314070321,"[1, 4, 9, 12, 18, 21]",6,[],0,0,6,0,0
code_n24_k12_cw3_001_q01,code_n24_k12_cw3_001,q01,train,29,315070324,"[0, 5, 6, 8, 9, 12, 17, 18, 19, 21]",10,"[0, 17, 18, 21]",4,1,9,1,1
code_n24_k12_cw3_001_q01,code_n24_k12_cw3_001,q01,train,30,316070327,"[0, 1, 4, 7, 9, 12]",6,[],0,0,6,0,0
code_n24_k12_cw3_001_q01,code_n24_k12_cw3_001,q01,train,31,317070330,"[0, 8, 14, 18, 22, 23]",6,[],0,0,6,0,0
code_n24_k12_cw3_001_q01,code_n24_k12_cw3_001,q01,train,32,318070333,"[6, 7, 9, 10, 15, 21]",6,[],0,0,6,0,0
code_n24_k12_cw3_001_q01,code_n24_k12_cw3_001,q01,train,33,319070336,"[0, 6, 7, 8, 9, 21]",6,[],0,0,6,0,0
code_n24_k12_cw3_001_q01,code_n24_k12_cw3_001,q01,train,34,320070339,"[8, 19, 20, 23]",4,[],0,0,4,0,0
code_n24_k12_cw3_001_q01,code_n24_k12_cw3_001,q01,train,35,321070342,"[8, 9, 10, 12, 13, 17, 19, 20]",8,[],0,0,8,0,0
code_n24_k12_cw3_001_q01,code_n24_k12_cw3_001,q01,train,36,322070345,"[2, 10, 13, 19]",4,[],0,0,4,0,0
code_n24_k12_cw3_001_q01,code_n24_k12_cw3_001,q01,train,37,323070348,"[0, 3, 4, 12, 17]",5,[],0,0,5,0,0
code_n24_k12_cw3_001_q01,code_n24_k12_cw3_001,q01,train,38,324070351,"[3, 12, 13, 20, 21, 23]",6,[],0,0,6,0,0
code_n24_k12_cw3_001_q01,code_n24_k12_cw3_001,q01,train,39,325070354,"[2, 16, 18, 20, 22]",5,[],0,0,5,0,0
code_n24_k12_cw3_001_q01,code_n24_k12_cw3_001,q01,train,40,326070357,"[1, 10, 11, 16, 19, 22, 23]",7,[],0,0,7,0,0
code_n24_k12_cw3_001_q01,code_n24_k12_cw3_001,q01,train,41,327070360,"[2, 3, 5, 9, 23]",5,[],0,0,5,0,0
code_n24_k12_cw3_001_q01,code_n24_k12_cw3_001,q01,train,42,328070363,"[2, 9, 17, 18, 20, 21]",6,[],0,0,6,0,0
code_n24_k12_cw3_001_q01,code_n24_k12_cw3_001,q01,train,43,329070366,"[6, 8, 11, 13, 14, 17]",6,[],0,0,6,0,0
code_n24_k12_cw3_001_q01,code_n24_k12_cw3_001,q01,train,44,330070369,"[0, 3, 7, 19, 23]",5,[],0,0,5,0,0
code_n24_k12_cw3_001_q01,code_n24_k12_cw3_001,q01,train,45,331070372,"[3, 4, 5, 15]",4,[],0,0,4,0,0
code_n24_k12_cw3_001_q01,code_n24_k12_cw3_001,q01,train,46,332070375,"[1, 2, 6, 10, 13, 14, 16]",7,[],0,0,7,0,0
code_n24_k12_cw3_001_q01,code_n24_k12_cw3_001,q01,train,47,333070378,"[4, 6, 10, 18, 20, 21]",6,[],0,0,6,0,0
code_n24_k12_cw3_001_q01,code_n24_k12_cw3_001,q01,train,48,334070381,"[0, 1, 6, 10, 13, 18]",6,"[13, 18]",2,1,5,1,1
code_n24_k12_cw3_001_q01,code_n24_k12_cw3_001,q01,train,49,335070384,"[4, 10, 17, 18, 19, 22]",6,[],0,0,6,0,0
code_n24_k12_cw3_001_q01,code_n24_k12_cw3_001,q01,train,50,336070387,"[2, 3, 9, 11, 19]",5,[],0,0,5,0,0
code_n24_k12_cw3_001_q01,code_n24_k12_cw3_001,q01,train,51,337070390,"[0, 7, 8, 9, 11, 15, 16, 23]",8,[],0,0,8,0,0
code_n24_k12_cw3_001_q01,code_n24_k12_cw3_001,q01,train,52,338070393,"[0, 3, 8, 12, 15, 23]",6,[],0,0,6,0,0
code_n24_k12_cw3_001_q01,code_n24_k12_cw3_001,q01,train,53,339070396,"[8, 18, 19, 23]",4,[],0,0,4,0,0
code_n24_k12_cw3_001_q01,code_n24_k12_cw3_001,q01,train,54,340070399,"[4, 6, 12, 23]",4,[],0,0,4,0,0
code_n24_k12_cw3_001_q01,code_n24_k12_cw3_001,q01,train,55,341070402,"[3, 10, 14, 15, 17, 19, 22]",7,[],0,0,7,0,0
code_n24_k12_cw3_001_q01,code_n24_k12_cw3_001,q01,train,56,342070405,"[2, 3, 16, 20, 21]",5,[],0,0,5,0,0
code_n24_k12_cw3_001_q01,code_n24_k12_cw3_001,q01,train,57,343070408,"[3, 5, 10, 12, 13, 14, 19, 20, 21, 23]",10,"[3, 5, 10, 13, 14, 20, 21, 23]",8,1,9,1,1
code_n24_k12_cw3_001_q01,code_n24_k12_cw3_001,q01,train,58,344070411,"[2, 9, 13]",3,[],0,0,3,0,0
code_n24_k12_cw3_001_q01,code_n24_k12_cw3_001,q01,train,59,345070414,"[15, 16, 17, 23]",4,[],0,0,4,0,0
code_n24_k12_cw3_001_q01,code_n24_k12_cw3_001,q01,train,60,346070417,"[0, 2, 11, 16, 22]",5,[],0,0,5,0,0
code_n24_k12_cw3_001_q01,code_n24_k12_cw3_001,q01,train,61,347070420,"[0, 3, 7, 10, 12, 16]",6,[],0,0,6,0,0
code_n24_k12_cw3_001_q01,code_n24_k12_cw3_001,q01,train,62,348070423,"[1, 15, 16, 18, 20, 23]",6,[],0,0,6,0,0
code_n24_k12_cw3_001_q01,code_n24_k12_cw3_001,q01,train,63,349070426,"[12, 14, 15, 16, 23]",5,[],0,0,5,0,0
code_n24_k12_cw3_001_q02,code_n24_k12_cw3_001,q02,train,0,3859657574,"[3, 6, 7, 8, 9, 21, 23]",7,[],0,0,7,0,0
code_n24_k12_cw3_001_q02,code_n24_k12_cw3_001,q02,train,1,3860657577,"[1, 3, 13, 14, 21, 22]",6,[],0,0,6,0,0
code_n24_k12_cw3_001_q02,code_n24_k12_cw3_001,q02,train,2,3861657580,"[2, 3, 7, 9, 17, 20, 22]",7,[],0,0,7,0,0
code_n24_k12_cw3_001_q02,code_n24_k12_cw3_001,q02,train,3,3862657583,"[2, 3, 4, 5, 10, 14, 16, 17]",8,"[2, 5, 10, 16, 17]",5,1,8,0,0
code_n24_k12_cw3_001_q02,code_n24_k12_cw3_001,q02,train,4,3863657586,"[0, 5, 6, 8, 13, 19, 21]",7,[],0,0,7,0,0
code_n24_k12_cw3_001_q02,code_n24_k12_cw3_001,q02,train,5,3864657589,"[0, 2, 4, 8, 10, 12, 15, 16, 18, 21]",10,"[15, 18, 21]",3,1,10,0,0
code_n24_k12_cw3_001_q02,code_n24_k12_cw3_001,q02,train,6,3865657592,"[0, 1, 6, 8, 10, 11, 15, 17, 20, 21, 22]",11,"[0, 6, 10, 11, 15, 17, 21, 22]",8,1,11,0,0
code_n24_k12_cw3_001_q02,code_n24_k12_cw3_001,q02,train,7,3866657595,"[0, 1, 2, 4, 13, 14, 15]",7,[],0,0,7,0,0
code_n24_k12_cw3_001_q02,code_n24_k12_cw3_001,q02,train,8,3867657598,"[0, 6, 8, 16, 17, 19, 21, 23]",8,[],0,0,8,0,0
code_n24_k12_cw3_001_q02,code_n24_k12_cw3_001,q02,train,9,3868657601,"[1, 3, 6, 7, 8, 10, 15, 16, 18, 20, 22]",11,"[3, 6, 7, 10, 16, 18, 20, 22]",8,1,11,0,0
code_n24_k12_cw3_001_q02,code_n24_k12_cw3_001,q02,train,10,3869657604,"[2, 3, 4, 10, 13, 14, 18, 20, 21, 22]",10,"[2, 3, 10, 13, 18, 20, 21]",7,1,9,1,1
code_n24_k12_cw3_001_q02,code_n24_k12_cw3_001,q02,train,11,3870657607,"[4, 5, 9, 11, 13, 14, 15, 20, 22]",9,"[4, 5, 11, 13, 14, 15, 20]",7,1,9,0,0
code_n24_k12_cw3_001_q02,code_n24_k12_cw3_001,q02,train,12,3871657610,"[1, 2, 3, 4, 5]",5,[],0,0,5,0,0
code_n24_k12_cw3_001_q02,code_n24_k12_cw3_001,q02,train,13,3872657613,"[1, 4, 7, 12, 13, 14, 16, 19, 20, 22, 23]",11,"[1, 4, 7, 13, 16, 19, 20, 22, 23]",9,1,11,0,0
code_n24_k12_cw3_001_q02,code_n24_k12_cw3_001,q02,train,14,3873657616,"[5, 7, 11, 13, 16, 18, 19, 20]",8,"[13, 18]",2,1,7,1,1
code_n24_k12_cw3_001_q02,code_n24_k12_cw3_001,q02,train,15,3874657619,"[1, 7, 10, 13, 14, 18, 20, 21]",8,"[13, 18]",2,1,7,1,1
code_n24_k12_cw3_001_q02,code_n24_k12_cw3_001,q02,train,16,3875657622,"[7, 8, 13, 16, 20]",5,[],0,0,5,0,0
code_n24_k12_cw3_001_q02,code_n24_k12_cw3_001,q02,train,17,3876657625,"[0, 3, 8, 11, 20]",5,[],0,0,5,0,0
code_n24_k12_cw3_001_q02,code_n24_k12_cw3_001,q02,train,18,3877657628,"[4, 8, 9, 10, 12, 14]",6,[],0,0,6,0,0
code_n24_k12_cw3_001_q02,code_n24_k12_cw3_001,q02,train,19,3878657631,"[0, 1, 2, 3, 5, 18, 19, 20, 23]",9,[],0,0,9,0,0
code_n24_k12_cw3_001_q02,code_n24_k12_cw3_001,q02,train,20,3879657634,"[1, 8, 10, 11, 14, 15, 16, 23]",8,[],0,0,8,0,0
code_n24_k12_cw3_001_q02,code_n24_k12_cw3_001,q02,train,21,3880657637,"[0, 1, 5, 6, 11, 15, 17, 19, 20]",9,"[0, 15, 17]",3,1,9,0,0
code_n24_k12_cw3_001_q02,code_n24_k12_cw3_001,q02,train,22,3881657640,"[1, 2, 4, 5, 6, 8, 14, 20, 21, 22]",10,[],0,0,10,0,0
code_n24_k12_cw3_001_q02,code_n24_k12_cw3_001,q02,train,23,3882657643,"[0, 2, 3, 5, 6, 7, 8, 9, 10, 12, 15, 19, 20, 22, 23]",15,"[0, 2, 3, 5, 6, 7, 8, 9, 10, 12, 15, 20, 22, 23]",14,1,12,3,1
code_n24_k12_cw3_001_q02,code_n24_k12_cw3_001,q02,train,24,3883657646,"[1, 2, 3, 13, 18, 20, 22]",7,"[13, 18]",2,1,6,1,1
code_n24_k12_cw3_001_q02,code_n24_k12_cw3_001,q02,train,25,3884657649,"[0, 1, 2, 3, 6, 9, 12, 16, 17, 21, 23]",11,"[0, 2, 3, 9, 12, 17, 21, 23]",8,1,11,0,0
code_n24_k12_cw3_001_q02,code_n24_k12_cw3_001,q02,train,26,3885657652,[18],1,[],0,0,1,0,0
code_n24_k12_cw3_001_q02,code_n24_k12_cw3_001,q02,train,27,3886657655,"[3, 4, 6, 7, 14, 15]",6,"[3, 4, 7, 14, 15]",5,1,6,0,0
code_n24_k12_cw3_001_q02,code_n24_k12_cw3_001,q02,train,28,3887657658,"[0, 6, 14, 17, 23]",5,[],0,0,5,0,0
code_n24_k12_cw3_001_q02,code_n24_k12_cw3_001,q02,train,29,3888657661,"[4, 5, 7, 9, 15, 23]",6,[],0,0,6,0,0
code_n24_k12_cw3_001_q02,code_n24_k12_cw3_001,q02,train,30,3889657664,"[0, 1, 2, 5, 10, 13, 14, 18, 21, 22, 23]",11,"[0, 2, 5, 10, 13, 14, 18, 21, 22, 23]",10,1,10,1,1
code_n24_k12_cw3_001_q02,code_n24_k12_cw3_001,q02,train,31,3890657667,"[3, 4, 5, 12, 16, 17, 20, 22]",8,[],0,0,8,0,0
code_n24_k12_cw3_001_q02,code_n24_k12_cw3_001,q02,train,32,3891657670,"[5, 7, 8, 11, 12, 19, 20]",7,[],0,0,7,0,0
code_n24_k12_cw3_001_q02,code_n24_k12_cw3_001,q02,train,33,3892657673,"[3, 12, 14, 16, 20, 23]",6,[],0,0,6,0,0
code_n24_k12_cw3_001_q02,code_n24_k12_cw3_001,q02,train,34,3893657676,"[1, 2, 4, 5, 6, 9, 11, 18, 21, 22]",10,"[2, 4, 6, 11, 18, 21, 22]",7,1,9,1,1
code_n24_k12_cw3_001_q02,code_n24_k12_cw3_001,q02,train,35,3894657679,"[4, 6, 10, 14, 20, 21]",6,[],0,0,6,0,0
code_n24_k12_cw3_001_q02,code_n24_k12_cw3_001,q02,train,36,3895657682,"[1, 4, 11, 13, 14, 17, 20, 22]",8,[],0,0,8,0,0
code_n24_k12_cw3_001_q02,code_n24_k12_cw3_001,q02,train,37,3896657685,"[0, 6, 8, 9, 14, 16, 17, 20, 21, 22, 23]",11,"[8, 9, 14, 16, 17, 20, 21, 22, 23]",9,1,10,1,1
code_n24_k12_cw3_001_q02,code_n24_k12_cw3_001,q02,train,38,3897657688,"[0, 2, 14, 18]",4,[],0,0,4,0,0
code_n24_k12_cw3_001_q02,code_n24_k12_cw3_001,q02,train,39,3898657691,"[2, 3, 5, 11, 13, 14, 15, 22]",8,"[3, 5, 13, 14, 15]",5,1,8,0,0
code_n24_k12_cw3_001_q02,code_n24_k12_cw3_001,q02,train,40,3899657694,"[5, 7, 9, 10, 11, 19, 23]",7,[],0,0,7,0,0
code_n24_k12_cw3_001_q02,code_n24_k12_cw3_001,q02,train,41,3900657697,"[7, 12, 15, 17, 21]",5,[],0,0,5,0,0
code_n24_k12_cw3_001_q02,code_n24_k12_cw3_001,q02,train,42,3901657700,"[2, 3, 8, 10, 16, 19, 22]",7,[],0,0,7,0,0
code_n24_k12_cw3_001_q02,code_n24_k12_cw3_001,q02,train,43,3902657703,"[0, 1, 2, 4, 5, 6, 9, 10, 14, 15, 17, 19]",12,"[0, 1, 2, 4, 5, 6, 10, 14, 15, 17, 19]",11,1,11,1,1
code_n24_k12_cw3_001_q02,code_n24_k12_cw3_001,q02,train,44,3903657706,"[2, 6, 7, 12, 21]",5,[],0,0,5,0,0
code_n24_k12_cw3_001_q02,code_n24_k12_cw3_001,q02,train,45,3904657709,"[4, 5, 6, 9, 12, 13, 18, 19, 22, 23]",10,"[13, 18]",2,1,9,1,1
code_n24_k12_cw3_001_q02,code_n24_k12_cw3_001,q02,train,46,3905657712,"[1, 3, 4, 6, 7, 17, 20]",7,[],0,0,7,0,0
code_n24_k12_cw3_001_q02,code_n24_k12_cw3_001,q02,train,47,3906657715,"[0, 3, 4, 7, 9, 18, 22]",7,[],0,0,7,0,0
code_n24_k12_cw3_001_q02,code_n24_k12_cw3_001,q02,train,48,3907657718,"[3, 16, 22]",3,[],0,0,3,0,0
code_n24_k12_cw3_001_q02,code_n24_k12_cw3_001,q02,train,49,3908657721,"[0, 1, 2, 5, 6, 10, 12, 15, 21]",9,[],0,0,9,0,0
code_n24_k12_cw3_001_q02,code_n24_k12_cw3_001,q02,train,50,3909657724,"[4, 6, 10, 15, 16, 18, 19, 21]",8,"[15, 18, 21]",3,1,8,0,0
code_n24_k12_cw3_001_q02,code_n24_k12_cw3_001,q02,train,51,3910657727,"[1, 8, 13, 14]",4,[],0,0,4,0,0
code_n24_k12_cw3_001_q02,code_n24_k12_cw3_001,q02,train,52,3911657730,"[2, 10, 16, 23]",4,[],0,0,4,0,0
code_n24_k12_cw3_001_q02,code_n24_k12_cw3_001,q02,train,53,3912657733,"[2, 5, 9, 17, 21]",5,[],0,0,5,0,0
code_n24_k12_cw3_001_q02,code_n24_k12_cw3_001,q02,train,54,3913657736,"[0, 2, 6, 12, 13, 16]",6,[],0,0,6,0,0
code_n24_k12_cw3_001_q02,code_n24_k12_cw3_001,q02,train,55,3914657739,"[8, 10, 12, 13, 15, 21, 22]",7,"[13, 15, 21]",3,1,7,0,0
code_n24_k12_cw3_001_q02,code_n24_k12_cw3_001,q02,train,56,3915657742,"[13, 14, 15, 18, 19, 23]",6,"[13, 18]",2,1,5,1,1
code_n24_k12_cw3_001_q02,code_n24_k12_cw3_001,q02,train,57,3916657745,"[1, 4, 5, 6, 8, 10, 15, 17]",8,[],0,0,8,0,0
code_n24_k12_cw3_001_q02,code_n24_k12_cw3_001,q02,train,58,3917657748,"[0, 5, 7, 12, 14, 15, 16, 17, 18, 19, 21]",11,"[0, 15, 17, 18, 21]",5,1,10,1,1
code_n24_k12_cw3_001_q02,code_n24_k12_cw3_001,q02,train,59,3918657751,"[3, 6, 9, 10, 12, 17, 22]",7,[],0,0,7,0,0
code_n24_k12_cw3_001_q02,code_n24_k12_cw3_001,q02,train,60,3919657754,"[1, 9, 10, 13, 14, 15, 19, 20]",8,[],0,0,8,0,0
code_n24_k12_cw3_001_q02,code_n24_k12_cw3_001,q02,train,61,3920657757,"[1, 3, 6, 13, 22]",5,[],0,0,5,0,0
code_n24_k12_cw3_001_q02,code_n24_k12_cw3_001,q02,train,62,3921657760,"[10, 13, 18, 19, 20, 23]",6,"[13, 18]",2,1,5,1,1
code_n24_k12_cw3_001_q02,code_n24_k12_cw3_001,q02,train,63,3922657763,"[6, 9, 11, 15, 20]",5,[],0,0,5,0,0
code_n24_k12_cw3_001_q03,code_n24_k12_cw3_001,q03,train,0,3138277615,"[1, 2, 3, 9, 10, 12, 15, 17, 18, 21, 22, 23]",12,"[2, 3, 9, 10, 12, 15, 17, 18, 21, 22, 23]",11,1,10,2,1
code_n24_k12_cw3_001_q03,code_n24_k12_cw3_001,q03,train,1,3139277618,"[4, 8, 12, 13, 16, 18, 20, 22, 23]",9,"[8, 12, 13, 18, 20, 23]",6,1,8,1,1
code_n24_k12_cw3_001_q03,code_n24_k12_cw3_001,q03,train,2,3140277621,"[3, 8, 9, 12, 13, 15, 18, 23]",8,"[3, 8, 9, 12, 13, 15, 18, 23]",8,1,7,1,1
code_n24_k12_cw3_001_q03,code_n24_k12_cw3_001,q03,train,3,3141277624,"[0, 1, 4, 5, 6, 7, 13, 21]",8,"[4, 5, 7, 13]",4,1,7,1,1
code_n24_k12_cw3_001_q03,code_n24_k12_cw3_001,q03,train,4,3142277627,"[0, 2, 3, 6, 9, 12, 14, 15, 16, 17, 18, 21, 22, 23]",14,"[0, 2, 3, 9, 12, 14, 15, 16, 17, 18, 21, 22, 23]",13,1,11,3,1
code_n24_k12_cw3_001_q03,code_n24_k12_cw3_001,q03,train,5,3143277630,"[2, 4, 7, 15, 17, 18, 21]",7,"[15, 18, 21]",3,1,7,0,0
code_n24_k12_cw3_001_q03,code_n24_k12_cw3_001,q03,train,6,3144277633,"[0, 2, 3, 4, 9, 11, 14, 21, 22]",9,"[0, 2, 4, 11, 21, 22]",6,1,9,0,0
code_n24_k12_cw3_001_q03,code_n24_k12_cw3_001,q03,train,7,3145277636,"[1, 2, 3, 4, 6, 12, 20, 23]",8,[],0,0,8,0,0
code_n24_k12_cw3_001_q03,code_n24_k12_cw3_001,q03,train,8,3146277639,"[5, 6, 7, 12, 14]",5,[],0,0,5,0,0
code_n24_k12_cw3_001_q03,code_n24_k12_cw3_001,q03,train,9,3147277642,"[20, 22]",2,[],0,0,2,0,0
code_n24_k12_cw3_001_q03,code_n24_k12_cw3_001,q03,train,10,3148277645,"[0, 3, 4, 6, 11, 18, 22, 23]",8,"[0, 3, 4, 6, 18, 22, 23]",7,1,8,0,0
code_n24_k12_cw3_001_q03,code_n24_k12_cw3_001,q03,train,11,3149277648,"[1, 2, 9, 10, 12, 13, 14, 18, 20, 22]",10,"[2, 9, 10, 12, 13, 18, 20]",7,1,9,1,1
code_n24_k12_cw3_001_q03,code_n24_k12_cw3_001,q03,train,12,3150277651,"[1, 5, 11, 12, 13, 23]",6,[],0,0,6,0,0
code_n24_k12_cw3_001_q03,code_n24_k12_cw3_001,q03,train,13,3151277654,"[0, 1, 7, 12, 15, 16, 21]",7,[],0,0,7,0,0
code_n24_k12_cw3_001_q03,code_n24_k12_cw3_001,q03,train,14,3152277657,"[6, 12, 13, 21]",4,[],0,0,4,0,0
code_n24_k12_cw3_001_q03,code_n24_k12_cw3_001,q03,train,15,3153277660,"[2, 7, 9, 10, 12, 13, 20, 21, 23]",9,"[2, 9, 10, 12, 20, 21, 23]",7,1,8,1,1
code_n24_k12_cw3_001_q03,code_n24_k12_cw3_001,q03,train,16,3154277663,"[0, 2, 3, 4, 7, 12, 15, 19, 22]",9,"[0, 2, 15, 22]",4,1,8,1,1
code_n24_k12_cw3_001_q03,code_n24_k12_cw3_001,q03,train,17,3155277666,"[3, 4, 6, 7, 8, 10, 13, 15, 17, 19]",10,"[4, 6, 10, 13, 15, 17]",6,1,10,0,0
code_n24_k12_cw3_001_q03,code_n24_k12_cw3_001,q03,train,18,3156277669,"[2, 3, 5, 9, 11, 12, 14, 20, 23]",9,"[2, 5, 9, 12, 14, 20, 23]",7,1,9,0,0
code_n24_k12_cw3_001_q03,code_n24_k12_cw3_001,q03,train,19,3157277672,"[0, 6, 10, 13, 14, 15, 17, 18, 22]",9,"[0, 13, 15, 17, 18]",5,1,8,1,1
code_n24_k12_cw3_001_q03,code_n24_k12_cw3_001,q03,train,20,3158277675,"[0, 2, 3, 4, 6, 7, 8, 9, 10, 12, 13, 14, 15, 17, 18, 23]",16,"[0, 2, 3, 4, 6, 7, 8, 9, 10, 12, 13, 14, 15, 17, 18, 23]",16,1,11,5,1
code_n24_k12_cw3_001_q03,code_n24_k12_cw3_001,q03,train,21,3159277678,"[0, 1, 2, 10, 13, 16, 18]",7,"[13, 18]",2,1,6,1,1
code_n24_k12_cw3_001_q03,code_n24_k12_cw3_001,q03,train,22,3160277681,"[1, 2, 5, 7, 10, 14, 16, 17, 23]",9,"[2, 5, 10, 14, 16, 17, 23]",7,1,9,0,0
code_n24_k12_cw3_001_q03,code_n24_k12_cw3_001,q03,train,23,3161277684,"[0, 1, 4, 12, 14, 16, 18, 19, 22]",9,[],0,0,9,0,0
code_n24_k12_cw3_001_q03,code_n24_k12_cw3_001,q03,train,24,3162277687,"[3, 4, 10, 15, 16, 18, 20]",7,[],0,0,7,0,0
code_n24_k12_cw3_001_q03,code_n24_k12_cw3_001,q03,train,25,3163277690,"[0, 1, 2, 4, 7, 8, 9, 11, 12, 15, 16, 19, 20, 23]",14,"[0, 1, 2, 4, 7, 8, 9, 11, 12, 15, 16, 19, 20, 23]",14,1,12,2,1
code_n24_k12_cw3_001_q03,code_n24_k12_cw3_001,q03,train,26,3164277693,"[3, 12, 13, 14, 21]",5,[],0,0,5,0,0
code_n24_k12_cw3_001_q03,code_n24_k12_cw3_001,q03,train,27,3165277696,"[0, 2, 3, 5, 6, 7, 8, 14, 17, 20]",10,"[0, 2, 3, 5, 6, 7, 14, 17, 20]",9,1,10,0,0
code_n24_k12_cw3_001_q03,code_n24_k12_cw3_001,q03,train,28,3166277699,"[4, 6, 8, 9, 14, 16, 19, 21]",8,[],0,0,8,0,0
code_n24_k12_cw3_001_q03,code_n24_k12_cw3_001,q03,train,29,3167277702,"[3, 9, 12, 14, 15, 19]",6,[],0,0,6,0,0
code_n24_k12_cw3_001_q03,code_n24_k12_cw3_001,q03,train,30,3168277705,"[1, 3, 10, 13, 14, 15, 16, 18, 20]",9,"[13, 18]",2,1,8,1,1
code_n24_k12_cw3_001_q03,code_n24_k12_cw3_001,q03,train,31,3169277708,"[0, 1, 2, 5, 6, 13, 16, 17, 20, 21, 22, 23]",12,"[0, 2, 13, 17, 20, 21, 22, 23]",8,1,11,1,1
code_n24_k12_cw3_001_q03,code_n24_k12_cw3_001,q03,train,32,3170277711,"[1, 5, 9, 10, 11, 15, 20, 21, 23]",9,[],0,0,9,0,0
code_n24_k12_cw3_001_q03,code_n24_k12_cw3_001,q03,train,33,3171277714,"[2, 4, 6, 7, 11, 12, 13, 14, 17, 18, 21, 23]",12,"[2, 4, 6, 7, 11, 13, 14, 17, 18, 21, 23]",11,1,10,2,1
code_n24_k12_cw3_001_q03,code_n24_k12_cw3_001,q03,train,34,3172277717,"[13, 14, 19, 22, 23]",5,[],0,0,5,0,0
code_n24_k12_cw3_001_q03,code_n24_k12_cw3_001,q03,train,35,3173277720,"[12, 14, 16, 19, 20, 21]",6,[],0,0,6,0,0
code_n24_k12_cw3_001_q03,code_n24_k12_cw3_001,q03,train,36,3174277723,"[5, 6, 10, 13, 16, 17, 21, 23]",8,[],0,0,8,0,0
code_n24_k12_cw3_001_q03,code_n24_k12_cw3_001,q03,train,37,3175277726,"[6, 7, 14, 16, 18, 22]",6,[],0,0,6,0,0
code_n24_k12_cw3_001_q03,code_n24_k12_cw3_001,q03,train,38,3176277729,"[5, 6, 7, 11, 16, 18, 19, 20, 22]",9,[],0,0,9,0,0
code_n24_k12_cw3_001_q03,code_n24_k12_cw3_001,q03,train,39,3177277732,"[0, 5, 7, 12, 13, 17, 21, 22]",8,"[0, 13, 17, 21]",4,1,7,1,1
code_n24_k12_cw3_001_q03,code_n24_k12_cw3_001,q03,train,40,3178277735,"[2, 8, 9, 10, 11, 12, 17, 21]",8,"[2, 8, 9, 10]",4,1,8,0,0
code_n24_k12_cw3_001_q03,code_n24_k12_cw3_001,q03,train,41,3179277738,"[0, 3, 7, 11, 18, 22]",6,[],0,0,6,0,0
code_n24_k12_cw3_001_q03,code_n24_k12_cw3_001,q03,train,42,3180277741,"[2, 3, 5, 6, 7, 8, 10, 13, 16, 20, 23]",11,"[3, 5, 6, 7, 10, 13, 16, 20, 23]",9,1,10,1,1
code_n24_k12_cw3_001_q03,code_n24_k12_cw3_001,q03,train,43,3181277744,"[0, 4, 8, 9, 10, 11]",6,[],0,0,6,0,0
code_n24_k12_cw3_001_q03,code_n24_k12_cw3_001,q03,train,44,3182277747,"[0, 4, 18, 21]",4,[],0,0,4,0,0
code_n24_k12_cw3_001_q03,code_n24_k12_cw3_001,q03,train,45,3183277750,"[1, 7, 10, 12, 15, 16, 18, 19, 20]",9,[],0,0,9,0,0
code_n24_k12_cw3_001_q03,code_n24_k12_cw3_001,q03,train,46,3184277753,"[2, 4, 8, 10, 12, 13, 16, 17, 20, 22]",10,"[2, 8, 10, 12, 17, 20, 22]",7,1,10,0,0
code_n24_k12_cw3_001_q03,code_n24_k12_cw3_001,q03,train,47,3185277756,"[4, 11, 12, 13, 15, 18, 19]",7,"[4, 11, 13, 15, 18]",5,1,6,1,1
code_n24_k12_cw3_001_q03,code_n24_k12_cw3_001,q03,train,48,3186277759,"[2, 7, 9, 15, 18, 19]",6,[],0,0,6,0,0
code_n24_k12_cw3_001_q03,code_n24_k12_cw3_001,q03,train,49,3187277762,"[4, 5, 7, 11, 13, 14, 16, 17, 20]",9,"[4, 5, 7, 11, 13, 14, 16, 17, 20]",9,1,8,1,1
code_n24_k12_cw3_001_q03,code_n24_k12_cw3_001,q03,train,50,3188277765,"[2, 3, 4, 9, 14, 18, 19, 21, 22, 23]",10,[],0,0,10,0,0
code_n24_k12_cw3_001_q03,code_n24_k12_cw3_001,q03,train,51,3189277768,"[2, 4, 5, 6, 7, 10, 15, 16, 19, 20, 21, 22, 23]",13,"[2, 4, 5, 6, 7, 10, 15, 16, 20, 21, 22, 23]",12,1,11,2,1
code_n24_k12_cw3_001_q03,code_n24_k12_cw3_001,q03,train,52,3190277771,"[1, 2, 3, 5, 6, 14, 16, 18, 20, 23]",10,"[2, 3, 5, 14, 18, 20, 23]",7,1,10,0,0
code_n24_k12_cw3_001_q03,code_n24_k12_cw3_001,q03,train,53,3191277774,"[2, 4, 6, 7, 8, 10, 18, 23]",8,[],0,0,8,0,0
code_n24_k12_cw3_001_q03,code_n24_k12_cw3_001,q03,train,54,3192277777,"[2, 3, 6, 7, 10, 12, 13, 14, 15, 16, 18, 19, 21]",13,"[2, 3, 6, 7, 10, 13, 14, 15, 16, 18, 21]",11,1,11,2,1
code_n24_k12_cw3_001_q03,code_n24_k12_cw3_001,q03,train,55,3193277780,"[0, 1, 2, 4, 5, 6, 15, 20]",8,[],0,0,8,0,0
code_n24_k12_cw3_001_q03,code_n24_k12_cw3_001,q03,train,56,3194277783,"[0, 2, 3, 4, 5, 7, 10, 16, 21, 22]",10,"[0, 2, 4, 5, 7, 10, 16, 21, 22]",9,1,10,0,0
code_n24_k12_cw3_001_q03,code_n24_k12_cw3_001,q03,train,57,3195277786,"[3, 5, 6, 7, 9, 12, 13, 21, 22]",9,"[3, 5, 6, 7, 9, 12, 13, 21, 22]",9,1,9,0,0
code_n24_k12_cw3_001_q03,code_n24_k12_cw3_001,q03,train,58,3196277789,"[3, 10, 11, 12, 14, 15, 22]",7,[],0,0,7,0,0
code_n24_k12_cw3_001_q03,code_n24_k12_cw3_001,q03,train,59,3197277792,"[5, 6, 11, 13, 14, 15, 17]",7,[],0,0,7,0,0
code_n24_k12_cw3_001_q03,code_n24_k12_cw3_001,q03,train,60,3198277795,"[0, 2, 3, 6, 7, 12, 13, 20, 21]",9,[],0,0,9,0,0
code_n24_k12_cw3_001_q03,code_n24_k12_cw3_001,q03,train,61,3199277798,"[2, 5, 7, 8, 12, 14, 15, 16, 17, 19, 21, 23]",12,"[2, 5, 8, 12, 14, 16, 17, 21, 23]",9,1,11,1,1
code_n24_k12_cw3_001_q03,code_n24_k12_cw3_001,q03,train,62,3200277801,"[6, 13, 14, 17, 18, 20, 21, 22]",8,"[13, 18]",2,1,7,1,1
code_n24_k12_cw3_001_q03,code_n24_k12_cw3_001,q03,train,63,3201277804,"[0, 4, 5, 8, 10, 15, 17, 19, 21, 22]",10,"[0, 15, 17]",3,1,10,0,0
code_n24_k12_cw3_002_q00,code_n24_k12_cw3_002,q00,train,0,1591346479,[7],1,[],0,0,1,0,0
code_n24_k12_cw3_002_q00,code_n24_k12_cw3_002,q00,train,1,1592346482,"[0, 12, 18, 20, 21]",5,[],0,0,5,0,0
code_n24_k12_cw3_002_q00,code_n24_k12_cw3_002,q00,train,2,1593346485,"[5, 7, 9, 10, 11]",5,[],0,0,5,0,0
code_n24_k12_cw3_002_q00,code_n24_k12_cw3_002,q00,train,3,1594346488,"[4, 5, 10, 17, 18]",5,[],0,0,5,0,0
code_n24_k12_cw3_002_q00,code_n24_k12_cw3_002,q00,train,4,1595346491,"[4, 7, 17, 20, 22]",5,[],0,0,5,0,0
code_n24_k12_cw3_002_q00,code_n24_k12_cw3_002,q00,train,5,1596346494,"[1, 3, 9, 14, 18, 19, 23]",7,[],0,0,7,0,0
code_n24_k12_cw3_002_q00,code_n24_k12_cw3_002,q00,train,6,1597346497,"[0, 8, 16, 18]",4,[],0,0,4,0,0
code_n24_k12_cw3_002_q00,code_n24_k12_cw3_002,q00,train,7,1598346500,"[5, 15]",2,[],0,0,2,0,0
code_n24_k12_cw3_002_q00,code_n24_k12_cw3_002,q00,train,8,1599346503,"[0, 1, 2, 8, 19]",5,[],0,0,5,0,0
code_n24_k12_cw3_002_q00,code_n24_k12_cw3_002,q00,train,9,1600346506,"[2, 5, 11, 13, 16]",5,[],0,0,5,0,0
code_n24_k12_cw3_002_q00,code_n24_k12_cw3_002,q00,train,10,1601346509,"[7, 10, 12, 15]",4,[],0,0,4,0,0
code_n24_k12_cw3_002_q00,code_n24_k12_cw3_002,q00,train,11,1602346512,"[0, 10, 14]",3,[],0,0,3,0,0
code_n24_k12_cw3_002_q00,code_n24_k12_cw3_002,q00,train,12,1603346515,"[0, 1, 10, 11, 20]",5,[],0,0,5,0,0
code_n24_k12_cw3_002_q00,code_n24_k12_cw3_002,q00,train,13,1604346518,"[3, 5, 15, 17, 18, 23]",6,[],0,0,6,0,0
code_n24_k12_cw3_002_q00,code_n24_k12_cw3_002,q00,train,14,1605346521,"[4, 5, 12, 23]",4,[],0,0,4,0,0
code_n24_k12_cw3_002_q00,code_n24_k12_cw3_002,q00,train,15,1606346524,"[6, 9, 12, 13, 16, 22]",6,[],0,0,6,0,0
code_n24_k12_cw3_002_q00,code_n24_k12_cw3_002,q00,train,16,1607346527,"[7, 18]",2,[],0,0,2,0,0
code_n24_k12_cw3_002_q00,code_n24_k12_cw3_002,q00,train,17,1608346530,"[4, 5, 14, 15, 21]",5,[],0,0,5,0,0
code_n24_k12_cw3_002_q00,code_n24_k12_cw3_002,q00,train,18,1609346533,"[4, 10, 23]",3,[],0,0,3,0,0
code_n24_k12_cw3_002_q00,code_n24_k12_cw3_002,q00,train,19,1610346536,"[4, 17, 20]",3,[],0,0,3,0,0
code_n24_k12_cw3_002_q00,code_n24_k12_cw3_002,q00,train,20,1611346539,"[0, 16, 19, 21]",4,[],0,0,4,0,0
code_n24_k12_cw3_002_q00,code_n24_k12_cw3_002,q00,train,21,1612346542,"[1, 15, 16, 21, 23]",5,[],0,0,5,0,0
code_n24_k12_cw3_002_q00,code_n24_k12_cw3_002,q00,train,22,1613346545,"[10, 18]",2,[],0,0,2,0,0
code_n24_k12_cw3_002_q00,code_n24_k12_cw3_002,q00,train,23,1614346548,"[9, 12, 14]",3,[],0,0,3,0,0
code_n24_k12_cw3_002_q00,code_n24_k12_cw3_002,q00,train,24,1615346551,"[4, 16]",2,[],0,0,2,0,0
code_n24_k12_cw3_002_q00,code_n24_k12_cw3_002,q00,train,25,1616346554,"[8, 11, 18]",3,[],0,0,3,0,0
code_n24_k12_cw3_002_q00,code_n24_k12_cw3_002,q00,train,26,1617346557,"[6, 7, 8, 9, 11]",5,[],0,0,5,0,0
code_n24_k12_cw3_002_q00,code_n24_k12_cw3_002,q00,train,27,1618346560,"[2, 7, 8, 21]",4,[],0,0,4,0,0
code_n24_k12_cw3_002_q00,code_n24_k12_cw3_002,q00,train,28,1619346563,"[7, 16, 19, 20, 23]",5,[],0,0,5,0,0
code_n24_k12_cw3_002_q00,code_n24_k12_cw3_002,q00,train,29,1620346566,"[4, 12, 13, 14, 17, 20]",6,"[12, 13, 14, 17]",4,1,6,0,0
code_n24_k12_cw3_002_q00,code_n24_k12_cw3_002,q00,train,30,1621346569,"[1, 4, 6, 15]",4,[],0,0,4,0,0
code_n24_k12_cw3_002_q00,code_n24_k12_cw3_002,q00,train,31,1622346572,"[17, 19]",2,[],0,0,2,0,0
code_n24_k12_cw3_002_q00,code_n24_k12_cw3_002,q00,train,32,1623346575,"[4, 8, 10, 11, 16, 22]",6,[],0,0,6,0,0
code_n24_k12_cw3_002_q00,code_n24_k12_cw3_002,q00,train,33,1624346578,"[8, 9, 10, 12, 18]",5,[],0,0,5,0,0
code_n24_k12_cw3_002_q00,code_n24_k12_cw3_002,q00,train,34,1625346581,"[11, 13, 21, 22]",4,[],0,0,4,0,0
code_n24_k12_cw3_002_q00,code_n24_k12_cw3_002,q00,train,35,1626346584,"[0, 6, 7, 8, 10]",5,[],0,0,5,0,0
code_n24_k12_cw3_002_q00,code_n24_k12_cw3_002,q00,train,36,1627346587,"[4, 8, 11, 13, 19, 23]",6,[],0,0,6,0,0
code_n24_k12_cw3_002_q00,code_n24_k12_cw3_002,q00,train,37,1628346590,"[11, 16, 19, 23]",4,[],0,0,4,0,0
code_n24_k12_cw3_002_q00,code_n24_k12_cw3_002,q00,train,38,1629346593,"[6, 9, 16, 19, 21]",5,[],0,0,5,0,0
code_n24_k12_cw3_002_q00,code_n24_k12_cw3_002,q00,train,39,1630346596,"[4, 11, 16, 18]",4,[],0,0,4,0,0
code_n24_k12_cw3_002_q00,code_n24_k12_cw3_002,q00,train,40,1631346599,"[7, 18, 20, 23]",4,[],0,0,4,0,0
code_n24_k12_cw3_002_q00,code_n24_k12_cw3_002,q00,train,41,1632346602,"[0, 12, 15, 17, 21, 23]",6,[],0,0,6,0,0
code_n24_k12_cw3_002_q00,code_n24_k12_cw3_002,q00,train,42,1633346605,"[8, 12, 13, 16, 17, 23]",6,[],0,0,6,0,0
code_n24_k12_cw3_002_q00,code_n24_k12_cw3_002,q00,train,43,1634346608,"[0, 15, 23]",3,[],0,0,3,0,0
code_n24_k12_cw3_002_q00,code_n24_k12_cw3_002,q00,train,44,1635346611,[16],1,[],0,0,1,0,0
code_n24_k12_cw3_002_q00,code_n24_k12_cw3_002,q00,train,45,1636346614,"[11, 12, 21]",3,[],0,0,3,0,0
code_n24_k12_cw3_002_q00,code_n24_k12_cw3_002,q00,train,46,1637346617,"[2, 3, 5, 6, 18, 19, 20]",7,[],0,0,7,0,0
code_n24_k12_cw3_002_q00,code_n24_k12_cw3_002,q00,train,47,1638346620,"[2, 3, 5, 15, 20, 22]",6,[],0,0,6,0,0
code_n24_k12_cw3_002_q00,code_n24_k12_cw3_002,q00,train,48,1639346623,"[9, 10, 11, 22]",4,[],0,0,4,0,0
code_n24_k12_cw3_002_q00,code_n24_k12_cw3_002,q00,train,49,1640346626,"[5, 8, 14]",3,[],0,0,3,0,0
code_n24_k12_cw3_002_q00,code_n24_k12_cw3_002,q00,train,50,1641346629,"[2, 4, 6, 7, 11, 17]",6,[],0,0,6,0,0
code_n24_k12_cw3_002_q00,code_n24_k12_cw3_002,q00,train,51,1642346632,"[8, 9, 16, 20]",4,[],0,0,4,0,0
code_n24_k12_cw3_002_q00,code_n24_k12_cw3_002,q00,train,52,1643346635,"[8, 21]",2,[],0,0,2,0,0
code_n24_k12_cw3_002_q00,code_n24_k12_cw3_002,q00,train,53,1644346638,"[2, 5, 10, 13, 23]",5,[],0,0,5,0,0
code_n24_k12_cw3_002_q00,code_n24_k12_cw3_002,q00,train,54,1645346641,"[0, 16, 17, 19, 22]",5,[],0,0,5,0,0
code_n24_k12_cw3_002_q00,code_n24_k12_cw3_002,q00,train,55,1646346644,"[8, 13, 16]",3,[],0,0,3,0,0
code_n24_k12_cw3_002_q00,code_n24_k12_cw3_002,q00,train,56,1647346647,"[9, 18, 19, 23]",4,[],0,0,4,0,0
code_n24_k12_cw3_002_q00,code_n24_k12_cw3_002,q00,train,57,1648346650,"[0, 5, 10, 13, 14, 16, 18]",7,[],0,0,7,0,0
code_n24_k12_cw3_002_q00,code_n24_k12_cw3_002,q00,train,58,1649346653,"[3, 13]",2,[],0,0,2,0,0
code_n24_k12_cw3_002_q00,code_n24_k12_cw3_002,q00,train,59,1650346656,"[3, 5, 8]",3,[],0,0,3,0,0
code_n24_k12_cw3_002_q00,code_n24_k12_cw3_002,q00,train,60,1651346659,"[0, 4, 6, 9, 12, 21]",6,[],0,0,6,0,0
code_n24_k12_cw3_002_q00,code_n24_k12_cw3_002,q00,train,61,1652346662,"[1, 13, 18]",3,[],0,0,3,0,0
code_n24_k12_cw3_002_q00,code_n24_k12_cw3_002,q00,train,62,1653346665,"[2, 10, 11, 14, 15, 16, 20, 22]",8,[],0,0,8,0,0
code_n24_k12_cw3_002_q00,code_n24_k12_cw3_002,q00,train,63,1654346668,"[7, 12, 20]",3,[],0,0,3,0,0
code_n24_k12_cw3_002_q01,code_n24_k12_cw3_002,q01,train,0,869966520,"[6, 12, 17, 21]",4,[],0,0,4,0,0
code_n24_k12_cw3_002_q01,code_n24_k12_cw3_002,q01,train,1,870966523,"[5, 6, 8, 9, 10, 13, 14, 18, 20]",9,"[5, 8, 9, 13, 14, 20]",6,1,9,0,0
code_n24_k12_cw3_002_q01,code_n24_k12_cw3_002,q01,train,2,871966526,"[2, 8, 13, 20, 22]",5,[],0,0,5,0,0
code_n24_k12_cw3_002_q01,code_n24_k12_cw3_002,q01,train,3,872966529,"[7, 13]",2,[],0,0,2,0,0
code_n24_k12_cw3_002_q01,code_n24_k12_cw3_002,q01,train,4,873966532,"[0, 2, 3, 5, 6, 8]",6,[],0,0,6,0,0
code_n24_k12_cw3_002_q01,code_n24_k12_cw3_002,q01,train,5,874966535,"[12, 16, 18, 22]",4,[],0,0,4,0,0
code_n24_k12_cw3_002_q01,code_n24_k12_cw3_002,q01,train,6,875966538,"[2, 5, 6, 7, 8, 9]",6,"[2, 7, 9]",3,1,6,0,0
code_n24_k12_cw3_002_q01,code_n24_k12_cw3_002,q01,train,7,876966541,"[6, 10, 12, 15, 17, 19, 22]",7,"[6, 10, 12, 15, 17, 19, 22]",7,1,7,0,0
code_n24_k12_cw3_002_q01,code_n24_k12_cw3_002,q01,train,8,877966544,"[3, 5, 10, 15, 18]",5,[],0,0,5,0,0
code_n24_k12_cw3_002_q01,code_n24_k12_cw3_002,q01,train,9,878966547,"[2, 9, 12, 17, 19, 20, 22]",7,[],0,0,7,0,0
code_n24_k12_cw3_002_q01,code_n24_k12_cw3_002,q01,train,10,879966550,"[0, 4, 8, 10, 12, 18, 23]",7,[],0,0,7,0,0
code_n24_k12_cw3_002_q01,code_n24_k12_cw3_002,q01,train,11,880966553,"[1, 8, 11, 18, 19]",5,[],0,0,5,0,0
code_n24_k12_cw3_002_q01,code_n24_k12_cw3_002,q01,train,12,881966556,"[0, 3, 9, 17, 18, 21]",6,[],0,0,6,0,0
code_n24_k12_cw3_002_q01,code_n24_k12_cw3_002,q01,train,13,882966559,"[3, 6, 8, 22]",4,[],0,0,4,0,0
code_n24_k12_cw3_002_q01,code_n24_k12_cw3_002,q01,train,14,883966562,"[4, 5, 6, 17, 19, 23]",6,[],0,0,6,0,0
code_n24_k12_cw3_002_q01,code_n24_k12_cw3_002,q01,train,15,884966565,"[1, 5, 11, 14, 15, 16, 17, 18, 20, 21]",10,"[1, 5, 14, 15, 17, 20, 21]",7,1,10,0,0
code_n24_k12_cw3_002_q01,code_n24_k12_cw3_002,q01,train,16,885966568,"[8, 14, 15, 18, 23]",5,[],0,0,5,0,0
code_n24_k12_cw3_002_q01,code_n24_k12_cw3_002,q01,train,17,886966571,"[11, 19]",2,[],0,0,2,0,0
code_n24_k12_cw3_002_q01,code_n24_k12_cw3_002,q01,train,18,887966574,"[0, 11, 20, 22]",4,[],0,0,4,0,0
code_n24_k12_cw3_002_q01,code_n24_k12_cw3_002,q01,train,19,888966577,"[3, 6, 9, 12, 13, 16, 21, 22, 23]",9,"[3, 6, 12, 13, 16, 21, 22]",7,1,9,0,0
code_n24_k12_cw3_002_q01,code_n24_k12_cw3_002,q01,train,20,889966580,"[3, 7, 11, 13, 15, 17, 22, 23]",8,[],0,0,8,0,0
code_n24_k12_cw3_002_q01,code_n24_k12_cw3_002,q01,train,21,890966583,"[1, 3, 8, 11, 23]",5,[],0,0,5,0,0
code_n24_k12_cw3_002_q01,code_n24_k12_cw3_002,q01,train,22,891966586,"[3, 5, 11]",3,[],0,0,3,0,0
code_n24_k12_cw3_002_q01,code_n24_k12_cw3_002,q01,train,23,892966589,"[0, 1, 2, 7, 12, 15, 16, 19]",8,[],0,0,8,0,0
code_n24_k12_cw3_002_q01,code_n24_k12_cw3_002,q01,train,24,893966592,"[6, 8, 12, 13, 14, 15, 19]",7,[],0,0,7,0,0
code_n24_k12_cw3_002_q01,code_n24_k12_cw3_002,q01,train,25,894966595,"[1, 2, 6, 9, 10, 12, 18, 21, 23]",9,"[1, 2, 18, 21]",4,1,9,0,0
code_n24_k12_cw3_002_q01,code_n24_k12_cw3_002,q01,train,26,895966598,"[11, 13, 15, 20, 21, 23]",6,[],0,0,6,0,0
code_n24_k12_cw3_002_q01,code_n24_k12_cw3_002,q01,train,27,896966601,"[0, 8, 9, 14, 19, 23]",6,[],0,0,6,0,0
code_n24_k12_cw3_002_q01,code_n24_k12_cw3_002,q01,train,28,897966604,"[0, 7, 11]",3,[],0,0,3,0,0
code_n24_k12_cw3_002_q01,code_n24_k12_cw3_002,q01,train,29,898966607,"[0, 1, 4, 6, 8, 16, 17]",7,"[4, 6, 8, 16, 17]",5,1,7,0,0
code_n24_k12_cw3_002_q01,code_n24_k12_cw3_002,q01,train,30,899966610,"[0, 1, 4, 13, 15, 16, 19, 21, 23]",9,[],0,0,9,0,0
code_n24_k12_cw3_002_q01,code_n24_k12_cw3_002,q01,train,31,900966613,"[3, 7, 9, 12, 13, 17, 18, 21, 22]",9,"[3, 7, 9, 12, 13, 18, 21, 22]",8,1,9,0,0
code_n24_k12_cw3_002_q01,code_n24_k12_cw3_002,q01,train,32,901966616,"[0, 8, 9, 11, 18, 19]",6,[],0,0,6,0,0
code_n24_k12_cw3_002_q01,code_n24_k12_cw3_002,q01,train,33,902966619,"[2, 7, 13, 15, 19, 21, 22]",7,[],0,0,7,0,0
code_n24_k12_cw3_002_q01,code_n24_k12_cw3_002,q01,train,34,903966622,"[0, 2, 4, 13, 18]",5,[],0,0,5,0,0
code_n24_k12_cw3_002_q01,code_n24_k12_cw3_002,q01,train,35,904966625,"[3, 6, 7, 9, 12]",5,[],0,0,5,0,0
code_n24_k12_cw3_002_q01,code_n24_k12_cw3_002,q01,train,36,905966628,"[1, 4, 5, 7, 17, 18, 19]",7,[],0,0,7,0,0
code_n24_k12_cw3_002_q01,code_n24_k12_cw3_002,q01,train,37,906966631,"[5, 7, 9, 14, 19, 20]",6,[],0,0,6,0,0
code_n24_k12_cw3_002_q01,code_n24_k12_cw3_002,q01,train,38,907966634,"[1, 4, 8, 9, 10, 12, 18]",7,[],0,0,7,0,0
code_n24_k12_cw3_002_q01,code_n24_k12_cw3_002,q01,train,39,908966637,"[0, 10, 12, 18]",4,[],0,0,4,0,0
code_n24_k12_cw3_002_q01,code_n24_k12_cw3_002,q01,train,40,909966640,"[6, 7, 11, 12, 16, 20]",6,[],0,0,6,0,0
code_n24_k12_cw3_002_q01,code_n24_k12_cw3_002,q01,train,41,910966643,"[0, 1, 3, 4, 14, 20]",6,[],0,0,6,0,0
code_n24_k12_cw3_002_q01,code_n24_k12_cw3_002,q01,train,42,911966646,"[0, 1, 5, 6, 12, 13, 19, 22]",8,[],0,0,8,0,0
code_n24_k12_cw3_002_q01,code_n24_k12_cw3_002,q01,train,43,912966649,"[7, 10]",2,[],0,0,2,0,0
code_n24_k12_cw3_002_q01,code_n24_k12_cw3_002,q01,train,44,913966652,"[0, 6, 15, 16, 17, 18, 21]",7,[],0,0,7,0,0
code_n24_k12_cw3_002_q01,code_n24_k12_cw3_002,q01,train,45,914966655,"[1, 11, 13, 14]",4,[],0,0,4,0,0
code_n24_k12_cw3_002_q01,code_n24_k12_cw3_002,q01,train,46,915966658,"[4, 12, 13, 14, 15, 17, 19, 22]",8,"[12, 13, 14, 17]",4,1,8,0,0
code_n24_k12_cw3_002_q01,code_n24_k12_cw3_002,q01,train,47,916966661,"[1, 2, 4, 13, 14, 15, 17, 22]",8,"[1, 4, 13, 14, 17, 22]",6,1,8,0,0
code_n24_k12_cw3_002_q01,code_n24_k12_cw3_002,q01,train,48,917966664,"[1, 5, 8, 12, 19]",5,[],0,0,5,0,0
code_n24_k12_cw3_002_q01,code_n24_k12_cw3_002,q01,train,49,918966667,"[0, 8, 10, 15, 20]",5,[],0,0,5,0,0
code_n24_k12_cw3_002_q01,code_n24_k12_cw3_002,q01,train,50,919966670,"[5, 8, 13, 14, 18, 20, 22]",7,[],0,0,7,0,0
code_n24_k12_cw3_002_q01,code_n24_k12_cw3_002,q01,train,51,920966673,"[3, 5, 6, 8, 10, 11, 12, 14, 15, 16, 19, 22]",12,"[3, 5, 6, 8, 10, 12, 14, 15, 16, 19, 22]",11,1,11,1,1
code_n24_k12_cw3_002_q01,code_n24_k12_cw3_002,q01,train,52,921966676,"[2, 7, 13, 15, 22]",5,[],0,0,5,0,0
code_n24_k12_cw3_002_q01,code_n24_k12_cw3_002,q01,train,53,922966679,"[3, 5, 8, 13, 16]",5,[],0,0,5,0,0
code_n24_k12_cw3_002_q01,code_n24_k12_cw3_002,q01,train,54,923966682,"[8, 20, 22]",3,[],0,0,3,0,0
code_n24_k12_cw3_002_q01,code_n24_k12_cw3_002,q01,train,55,924966685,"[9, 11, 13, 14, 16, 18, 21, 23]",8,[],0,0,8,0,0
code_n24_k12_cw3_002_q01,code_n24_k12_cw3_002,q01,train,56,925966688,"[5, 7, 11, 12, 13, 20]",6,[],0,0,6,0,0
code_n24_k12_cw3_002_q01,code_n24_k12_cw3_002,q01,train,57,926966691,"[0, 16, 17, 20]",4,[],0,0,4,0,0
code_n24_k12_cw3_002_q01,code_n24_k12_cw3_002,q01,train,58,927966694,"[8, 14, 15, 16, 21]",5,[],0,0,5,0,0
code_n24_k12_cw3_002_q01,code_n24_k12_cw3_002,q01,train,59,928966697,"[1, 3, 18, 19, 20]",5,[],0,0,5,0,0
code_n24_k12_cw3_002_q01,code_n24_k12_cw3_002,q01,train,60,929966700,"[12, 14, 15, 17]",4,[],0,0,4,0,0
code_n24_k12_cw3_002_q01,code_n24_k12_cw3_002,q01,train,61,930966703,"[0, 4, 9, 10, 12, 14, 16, 20, 21]",9,[],0,0,9,0,0
code_n24_k12_cw3_002_q01,code_n24_k12_cw3_002,q01,train,62,931966706,"[1, 6, 7, 14, 21]",5,[],0,0,5,0,0
code_n24_k12_cw3_002_q01,code_n24_k12_cw3_002,q01,train,63,932966709,"[0, 6, 15, 18, 20]",5,[],0,0,5,0,0
code_n24_k12_cw3_002_q02,code_n24_k12_cw3_002,q02,train,0,148586561,"[5, 8, 11, 15, 16, 21, 23]",7,[],0,0,7,0,0
code_n24_k12_cw3_002_q02,code_n24_k12_cw3_002,q02,train,1,149586564,"[3, 10, 22, 23]",4,[],0,0,4,0,0
code_n24_k12_cw3_002_q02,code_n24_k12_cw3_002,q02,train,2,150586567,"[0, 5, 7, 9, 10, 11, 13, 18]",8,"[5, 7, 9, 10, 18]",5,1,8,0,0
code_n24_k12_cw3_002_q02,code_n24_k12_cw3_002,q02,train,3,151586570,"[3, 5, 7, 8, 9, 11, 13, 17, 21]",9,"[5, 8, 13, 17]",4,1,8,1,1
code_n24_k12_cw3_002_q02,code_n24_k12_cw3_002,q02,train,4,152586573,"[0, 2, 5, 7, 11, 13, 16, 18, 22, 23]",10,"[0, 2, 5, 11, 13, 16]",6,1,10,0,0
code_n24_k12_cw3_002_q02,code_n24_k12_cw3_002,q02,train,5,153586576,"[3, 5, 7, 8, 14, 15, 19]",7,[],0,0,7,0,0
code_n24_k12_cw3_002_q02,code_n24_k12_cw3_002,q02,train,6,154586579,"[0, 5, 14, 18, 22]",5,[],0,0,5,0,0
code_n24_k12_cw3_002_q02,code_n24_k12_cw3_002,q02,train,7,155586582,"[0, 2, 8, 13, 20]",5,[],0,0,5,0,0
code_n24_k12_cw3_002_q02,code_n24_k12_cw3_002,q02,train,8,156586585,"[2, 3, 9, 10, 13, 15, 17, 23]",8,"[3, 10, 13]",3,1,8,0,0
code_n24_k12_cw3_002_q02,code_n24_k12_cw3_002,q02,train,9,157586588,"[2, 6, 10, 14, 20]",5,[],0,0,5,0,0
code_n24_k12_cw3_002_q02,code_n24_k12_cw3_002,q02,train,10,158586591,"[3, 8, 9, 16, 20, 21]",6,[],0,0,6,0,0
code_n24_k12_cw3_002_q02,code_n24_k12_cw3_002,q02,train,11,159586594,[9],1,[],0,0,1,0,0
code_n24_k12_cw3_002_q02,code_n24_k12_cw3_002,q02,train,12,160586597,"[2, 7, 10, 16, 18, 23]",6,[],0,0,6,0,0
code_n24_k12_cw3_002_q02,code_n24_k12_cw3_002,q02,train,13,161586600,"[1, 8, 10, 12, 16, 18, 23]",7,[],0,0,7,0,0
code_n24_k12_cw3_002_q02,code_n24_k12_cw3_002,q02,train,14,162586603,"[0, 8, 9, 11, 12, 15, 16, 20]",8,[],0,0,8,0,0
code_n24_k12_cw3_002_q02,code_n24_k12_cw3_002,q02,train,15,163586606,"[1, 3, 4, 6, 8, 11, 14, 16, 21]",9,"[1, 3, 4, 6, 8, 14, 16, 21]",8,1,9,0,0
code_n24_k12_cw3_002_q02,code_n24_k12_cw3_002,q02,train,16,164586609,"[1, 5, 6, 13, 15, 18, 21, 23]",8,[],0,0,8,0,0
code_n24_k12_cw3_002_q02,code_n24_k12_cw3_002,q02,train,17,165586612,"[1, 4, 5, 6, 11, 12, 14, 19]",8,[],0,0,8,0,0
code_n24_k12_cw3_002_q02,code_n24_k12_cw3_002,q02,train,18,166586615,"[0, 2, 3, 4, 5, 8, 10]",7,[],0,0,7,0,0
code_n24_k12_cw3_002_q02,code_n24_k12_cw3_002,q02,train,19,167586618,"[3, 5, 6, 7, 8, 11, 14, 16, 18, 19, 21]",11,"[3, 5, 6, 7, 14, 16, 18, 19]",8,1,10,1,1
code_n24_k12_cw3_002_q02,code_n24_k12_cw3_002,q02,train,20,168586621,"[5, 6, 7, 11, 12, 18, 20]",7,[],0,0,7,0,0
code_n24_k12_cw3_002_q02,code_n24_k12_cw3_002,q02,train,21,169586624,"[1, 4, 8, 11, 20]",5,[],0,0,5,0,0
code_n24_k12_cw3_002_q02,code_n24_k12_cw3_002,q02,train,22,170586627,"[3, 4, 5, 6, 10, 12, 13, 15]",8,"[3, 10, 13]",3,1,8,0,0
code_n24_k12_cw3_002_q02,code_n24_k12_cw3_002,q02,train,23,171586630,"[1, 3, 4, 7, 16, 17]",6,[],0,0,6,0,0
code_n24_k12_cw3_002_q02,code_n24_k12_cw3_002,q02,train,24,172586633,"[4, 6, 8, 9, 10, 19, 22, 23]",8,[],0,0,8,0,0
code_n24_k12_cw3_002_q02,code_n24_k12_cw3_002,q02,train,25,173586636,"[3, 4, 7, 8, 11, 18, 19]",7,[],0,0,7,0,0
code_n24_k12_cw3_002_q02,code_n24_k12_cw3_002,q02,train,26,174586639,"[0, 3, 4, 5, 6, 8, 14, 21, 23]",9,[],0,0,9,0,0
code_n24_k12_cw3_002_q02,code_n24_k12_cw3_002,q02,train,27,175586642,"[1, 5, 7, 8, 9, 12, 13, 21]",8,[],0,0,8,0,0
code_n24_k12_cw3_002_q02,code_n24_k12_cw3_002,q02,train,28,176586645,"[3, 6, 18]",3,[],0,0,3,0,0
code_n24_k12_cw3_002_q02,code_n24_k12_cw3_002,q02,train,29,177586648,"[1, 4, 5, 6, 7, 11, 12, 16, 20, 22]",10,"[1, 4, 5, 6, 12, 16, 20, 22]",8,1,9,1,1
code_n24_k12_cw3_002_q02,code_n24_k12_cw3_002,q02,train,30,178586651,"[7, 9, 11, 13, 14, 15, 16, 18, 23]",9,[],0,0,9,0,0
code_n24_k12_cw3_002_q02,code_n24_k12_cw3_002,q02,train,31,179586654,"[1, 4, 5, 6, 9, 11, 12, 13, 14, 20, 21]",11,"[4, 5, 9, 12, 13, 20]",6,1,9,2,1
code_n24_k12_cw3_002_q02,code_n24_k12_cw3_002,q02,train,32,180586657,"[0, 3, 4, 6, 11, 12, 17, 19, 21, 23]",10,[],0,0,10,0,0
code_n24_k12_cw3_002_q02,code_n24_k12_cw3_002,q02,train,33,181586660,"[0, 1, 5, 6, 7, 12, 13, 16, 18]",9,[],0,0,9,0,0
code_n24_k12_cw3_002_q02,code_n24_k12_cw3_002,q02,train,34,182586663,"[9, 10, 11, 13, 14, 17, 21]",7,[],0,0,7,0,0
code_n24_k12_cw3_002_q02,code_n24_k12_cw3_002,q02,train,35,183586666,"[0, 4, 8, 12, 21]",5,[],0,0,5,0,0
code_n24_k12_cw3_002_q02,code_n24_k12_cw3_002,q02,train,36,184586669,"[0, 7, 20]",3,[],0,0,3,0,0
code_n24_k12_cw3_002_q02,code_n24_k12_cw3_002,q02,train,37,185586672,"[8, 12, 21]",3,[],0,0,3,0,0
code_n24_k12_cw3_002_q02,code_n24_k12_cw3_002,q02,train,38,186586675,"[5, 6, 7, 8, 12, 16, 19, 23]",8,"[5, 6, 7, 8, 12, 16, 19, 23]",8,1,7,1,1
code_n24_k12_cw3_002_q02,code_n24_k12_cw3_002,q02,train,39,187586678,"[2, 5, 8, 10, 14, 20, 22, 23]",8,"[2, 5, 8, 14, 23]",5,1,8,0,0
code_n24_k12_cw3_002_q02,code_n24_k12_cw3_002,q02,train,40,188586681,"[0, 3, 8, 10, 14, 21]",6,[],0,0,6,0,0
code_n24_k12_cw3_002_q02,code_n24_k12_cw3_002,q02,train,41,189586684,"[0, 2, 6, 13, 19, 22]",6,[],0,0,6,0,0
code_n24_k12_cw3_002_q02,code_n24_k12_cw3_002,q02,train,42,190586687,"[1, 9, 10, 11, 14, 20, 21]",7,[],0,0,7,0,0
code_n24_k12_cw3_002_q02,code_n24_k12_cw3_002,q02,train,43,191586690,"[2, 6, 10, 14, 16, 19, 23]",7,[],0,0,7,0,0
code_n24_k12_cw3_002_q02,code_n24_k12_cw3_002,q02,train,44,192586693,"[0, 1, 14, 19, 20]",5,[],0,0,5,0,0
code_n24_k12_cw3_002_q02,code_n24_k12_cw3_002,q02,train,45,193586696,"[3, 4, 19, 23]",4,[],0,0,4,0,0
code_n24_k12_cw3_002_q02,code_n24_k12_cw3_002,q02,train,46,194586699,"[2, 3, 5, 8, 14, 15, 21]",7,[],0,0,7,0,0
code_n24_k12_cw3_002_q02,code_n24_k12_cw3_002,q02,train,47,195586702,"[5, 11, 12, 16, 17, 19]",6,[],0,0,6,0,0
code_n24_k12_cw3_002_q02,code_n24_k12_cw3_002,q02,train,48,196586705,"[0, 10, 14, 15, 21, 22]",6,[],0,0,6,0,0
code_n24_k12_cw3_002_q02,code_n24_k12_cw3_002,q02,train,49,197586708,"[3, 5, 6, 14]",4,[],0,0,4,0,0
code_n24_k12_cw3_002_q02,code_n24_k12_cw3_002,q02,train,50,198586711,"[2, 9, 10, 14, 21, 22]",6,[],0,0,6,0,0
code_n24_k12_cw3_002_q02,code_n24_k12_cw3_002,q02,train,51,199586714,"[1, 2, 3, 4, 11, 13, 21]",7,[],0,0,7,0,0
code_n24_k12_cw3_002_q02,code_n24_k12_cw3_002,q02,train,52,200586717,"[0, 2, 3, 4, 5, 6, 7, 10, 13, 18, 21]",11,"[2, 3, 5, 10, 13, 18]",6,1,10,1,1
code_n24_k12_cw3_002_q02,code_n24_k12_cw3_002,q02,train,53,201586720,"[5, 9, 10, 13, 19, 21]",6,[],0,0,6,0,0
code_n24_k12_cw3_002_q02,code_n24_k12_cw3_002,q02,train,54,202586723,"[2, 4, 5, 7, 9, 12, 13, 14, 15, 22]",10,"[2, 4, 5, 7, 9, 12, 13]",7,1,9,1,1
code_n24_k12_cw3_002_q02,code_n24_k12_cw3_002,q02,train,55,203586726,"[0, 5, 10, 13, 14, 15, 19, 23]",8,[],0,0,8,0,0
code_n24_k12_cw3_002_q02,code_n24_k12_cw3_002,q02,train,56,204586729,"[0, 3, 6, 7, 13, 16, 19]",7,[],0,0,7,0,0
code_n24_k12_cw3_002_q02,code_n24_k12_cw3_002,q02,train,57,205586732,"[3, 4, 5, 7, 8, 18, 19, 22]",8,[],0,0,8,0,0
code_n24_k12_cw3_002_q02,code_n24_k12_cw3_002,q02,train,58,206586735,"[0, 3, 18, 19]",4,[],0,0,4,0,0
code_n24_k12_cw3_002_q02,code_n24_k12_cw3_002,q02,train,59,207586738,"[2, 5, 8, 17, 20, 23]",6,[],0,0,6,0,0
code_n24_k12_cw3_002_q02,code_n24_k12_cw3_002,q02,train,60,208586741,"[1, 2, 3, 5, 7, 11, 17]",7,[],0,0,7,0,0
code_n24_k12_cw3_002_q02,code_n24_k12_cw3_002,q02,train,61,209586744,"[2, 5, 15, 22]",4,[],0,0,4,0,0
code_n24_k12_cw3_002_q02,code_n24_k12_cw3_002,q02,train,62,210586747,"[2, 5, 7, 9, 11, 15, 21, 23]",8,"[2, 7, 9, 15, 21]",5,1,8,0,0
code_n24_k12_cw3_002_q02,code_n24_k12_cw3_002,q02,train,63,211586750,"[5, 10, 12, 14, 19, 20]",6,[],0,0,6,0,0
code_n24_k12_cw3_002_q03,code_n24_k12_cw3_002,q03,train,0,3722173898,"[2, 11, 14, 17]",4,[],0,0,4,0,0
code_n24_k12_cw3_002_q03,code_n24_k12_cw3_002,q03,train,1,3723173901,"[4, 5, 6, 7, 11, 12, 14, 19]",8,[],0,0,8,0,0
code_n24_k12_cw3_002_q03,code_n24_k12_cw3_002,q03,train,2,3724173904,"[0, 1, 3, 7, 12, 14, 15, 16, 17, 18, 19, 23]",12,"[1, 3, 7, 12, 14, 15, 16, 17, 18, 19, 23]",11,1,10,2,1
code_n24_k12_cw3_002_q03,code_n24_k12_cw3_002,q03,train,3,3725173907,"[2, 4, 5, 6, 8, 15, 21]",7,[],0,0,7,0,0
code_n24_k12_cw3_002_q03,code_n24_k12_cw3_002,q03,train,4,3726173910,"[1, 2, 5, 7, 8, 10, 13, 21, 23]",9,"[1, 5, 10, 21]",4,1,8,1,1
code_n24_k12_cw3_002_q03,code_n24_k12_cw3_002,q03,train,5,3727173913,"[1, 6, 8, 9, 11, 13, 18, 19, 20, 21, 22, 23]",12,"[1, 6, 8, 9, 13, 18, 19, 20, 21, 22, 23]",11,1,11,1,1
code_n24_k12_cw3_002_q03,code_n24_k12_cw3_002,q03,train,6,3728173916,"[2, 5, 6, 7, 10, 12, 16, 18, 23]",9,"[2, 5, 6, 7, 10, 12, 16, 18, 23]",9,1,8,1,1
code_n24_k12_cw3_002_q03,code_n24_k12_cw3_002,q03,train,7,3729173919,"[2, 8, 10, 11, 16, 17, 19]",7,[],0,0,7,0,0
code_n24_k12_cw3_002_q03,code_n24_k12_cw3_002,q03,train,8,3730173922,"[1, 3, 4, 8, 10, 12, 16, 17, 18, 21]",10,"[1, 3, 8, 10, 12, 17, 21]",7,1,10,0,0
code_n24_k12_cw3_002_q03,code_n24_k12_cw3_002,q03,train,9,3731173925,"[1, 2, 3, 8, 11, 13, 15, 16, 21, 23]",10,[],0,0,10,0,0
code_n24_k12_cw3_002_q03,code_n24_k12_cw3_002,q03,train,10,3732173928,"[0, 4, 7, 14, 15, 19, 20, 22]",8,[],0,0,8,0,0
code_n24_k12_cw3_002_q03,code_n24_k12_cw3_002,q03,train,11,3733173931,"[0, 1, 4, 5, 7, 11, 12, 17, 20]",9,[],0,0,9,0,0
code_n24_k12_cw3_002_q03,code_n24_k12_cw3_002,q03,train,12,3734173934,"[0, 1, 2, 5, 7, 8, 12, 17, 19]",9,[],0,0,9,0,0
code_n24_k12_cw3_002_q03,code_n24_k12_cw3_002,q03,train,13,3735173937,"[0, 9, 10, 13, 14, 17, 21]",7,[],0,0,7,0,0
code_n24_k12_cw3_002_q03,code_n24_k12_cw3_002,q03,train,14,3736173940,"[3, 12, 17, 18, 19, 20]",6,[],0,0,6,0,0
code_n24_k12_cw3_002_q03,code_n24_k12_cw3_002,q03,train,15,3737173943,"[0, 3, 10, 11, 14, 16, 23]",7,[],0,0,7,0,0
code_n24_k12_cw3_002_q03,code_n24_k12_cw3_002,q03,train,16,3738173946,"[3, 5, 8, 10, 15, 17, 22, 23]",8,"[3, 5, 8, 10, 15, 17, 22]",7,1,8,0,0
code_n24_k12_cw3_002_q03,code_n24_k12_cw3_002,q03,train,17,3739173949,"[1, 5, 7, 10, 11, 12, 17, 19, 20, 21, 23]",11,"[1, 5, 7, 10, 12, 20, 21, 23]",8,1,10,1,1
code_n24_k12_cw3_002_q03,code_n24_k12_cw3_002,q03,train,18,3740173952,"[0, 2, 3, 4, 7, 11, 12, 13, 14, 19, 23]",11,"[0, 2, 4, 7, 11, 12, 13, 14, 19, 23]",10,1,10,1,1
code_n24_k12_cw3_002_q03,code_n24_k12_cw3_002,q03,train,19,3741173955,"[3, 6, 11, 12, 23]",5,[],0,0,5,0,0
code_n24_k12_cw3_002_q03,code_n24_k12_cw3_002,q03,train,20,3742173958,"[1, 7, 8, 10]",4,[],0,0,4,0,0
code_n24_k12_cw3_002_q03,code_n24_k12_cw3_002,q03,train,21,3743173961,"[0, 1, 2, 3, 4, 9, 10, 12, 13, 14, 16, 21, 22, 23]",14,"[1, 2, 3, 4, 9, 10, 12, 13, 21, 22, 23]",11,1,12,2,1
code_n24_k12_cw3_002_q03,code_n24_k12_cw3_002,q03,train,22,3744173964,"[10, 11, 14, 20, 22]",5,[],0,0,5,0,0
code_n24_k12_cw3_002_q03,code_n24_k12_cw3_002,q03,train,23,3745173967,"[4, 5, 7, 9, 10, 13, 16, 17, 19, 22]",10,"[4, 5, 9, 13, 16, 17, 19]",7,1,10,0,0
code_n24_k12_cw3_002_q03,code_n24_k12_cw3_002,q03,train,24,3746173970,"[1, 3, 5, 7, 8, 11, 15, 19]",8,[],0,0,8,0,0
code_n24_k12_cw3_002_q03,code_n24_k12_cw3_002,q03,train,25,3747173973,"[4, 9, 11, 14, 18, 20, 21]",7,[],0,0,7,0,0
code_n24_k12_cw3_002_q03,code_n24_k12_cw3_002,q03,train,26,3748173976,"[0, 4, 6, 7, 8, 11, 13, 18, 23]",9,"[0, 4, 6, 7, 11, 13, 23]",7,1,8,1,1
code_n24_k12_cw3_002_q03,code_n24_k12_cw3_002,q03,train,27,3749173979,"[1, 2, 3, 6, 11, 12, 19]",7,[],0,0,7,0,0
code_n24_k12_cw3_002_q03,code_n24_k12_cw3_002,q03,train,28,3750173982,"[1, 9, 11, 15, 16, 21, 22]",7,"[1, 9, 15, 21]",4,1,7,0,0
code_n24_k12_cw3_002_q03,code_n24_k12_cw3_002,q03,train,29,3751173985,"[0, 1, 2, 3, 7, 8, 10, 13, 14, 22]",10,"[1, 2, 3, 7, 8, 10, 13, 14, 22]",9,1,10,0,0
code_n24_k12_cw3_002_q03,code_n24_k12_cw3_002,q03,train,30,3752173988,"[1, 2, 3, 11, 14, 16, 18]",7,[],0,0,7,0,0
code_n24_k12_cw3_002_q03,code_n24_k12_cw3_002,q03,train,31,3753173991,"[1, 4, 7, 9, 16, 17, 18, 20, 22, 23]",10,"[1, 4, 7, 9, 22, 23]",6,1,9,1,1
code_n24_k12_cw3_002_q03,code_n24_k12_cw3_002,q03,train,32,3754173994,"[1, 2, 3, 10, 11, 12, 13, 14, 15, 17]",10,"[3, 10, 12, 13, 14, 17]",6,1,10,0,0
code_n24_k12_cw3_002_q03,code_n24_k12_cw3_002,q03,train,33,3755173997,"[0, 3, 4, 10, 16, 17, 18, 20]",8,[],0,0,8,0,0
code_n24_k12_cw3_002_q03,code_n24_k12_cw3_002,q03,train,34,3756174000,"[1, 5, 6, 7, 11, 12, 14, 15, 19, 22, 23]",11,"[1, 5, 6, 7, 14, 19, 22, 23]",8,1,10,1,1
code_n24_k12_cw3_002_q03,code_n24_k12_cw3_002,q03,train,35,3757174003,"[2, 4, 5, 7, 8, 18, 20, 23]",8,"[2, 4, 7, 23]",4,1,8,0,0
code_n24_k12_cw3_002_q03,code_n24_k12_cw3_002,q03,train,36,3758174006,"[3, 7, 9, 11, 12, 15, 16, 17, 19, 23]",10,"[7, 9, 12, 16, 17, 19, 23]",7,1,10,0,0
code_n24_k12_cw3_002_q03,code_n24_k12_cw3_002,q03,train,37,3759174009,"[2, 5, 6, 8, 9, 10, 12, 14, 15, 16, 18, 21, 23]",13,"[2, 5, 6, 8, 9, 10, 12, 14, 15, 16, 18, 21, 23]",13,1,11,2,1
code_n24_k12_cw3_002_q03,code_n24_k12_cw3_002,q03,train,38,3760174012,"[0, 1, 4, 7, 9, 12, 15, 19, 20, 22]",10,"[1, 4, 9, 22]",4,1,10,0,0
code_n24_k12_cw3_002_q03,code_n24_k12_cw3_002,q03,train,39,3761174015,"[3, 5, 8, 9, 12, 13, 14, 17, 19, 20, 23]",11,"[5, 8, 9, 12, 13, 14, 17, 20]",8,1,9,2,1
code_n24_k12_cw3_002_q03,code_n24_k12_cw3_002,q03,train,40,3762174018,"[4, 5, 8, 9, 11, 13, 17, 21, 22, 23]",10,"[4, 5, 8, 9, 13, 17]",6,1,9,1,1
code_n24_k12_cw3_002_q03,code_n24_k12_cw3_002,q03,train,41,3763174021,"[7, 8, 9, 11, 12, 13, 16, 18, 19, 22]",10,[],0,0,10,0,0
code_n24_k12_cw3_002_q03,code_n24_k12_cw3_002,q03,train,42,3764174024,"[0, 7, 9, 12, 13, 14, 15, 16, 17, 19, 21, 22]",12,"[12, 13, 14, 15, 16, 17, 19, 21, 22]",9,1,12,0,0
code_n24_k12_cw3_002_q03,code_n24_k12_cw3_002,q03,train,43,3765174027,"[4, 9, 11, 14, 18, 19]",6,[],0,0,6,0,0
code_n24_k12_cw3_002_q03,code_n24_k12_cw3_002,q03,train,44,3766174030,"[7, 9, 12, 13, 20]",5,[],0,0,5,0,0
code_n24_k12_cw3_002_q03,code_n24_k12_cw3_002,q03,train,45,3767174033,"[3, 5, 11, 12, 15, 16, 19, 22, 23]",9,"[3, 12, 15, 22]",4,1,8,1,1
code_n24_k12_cw3_002_q03,code_n24_k12_cw3_002,q03,train,46,3768174036,"[2, 4, 5, 6, 9, 13, 18, 20, 21, 22]",10,"[2, 4, 5, 9, 13, 18, 20, 21, 22]",9,1,9,1,1
code_n24_k12_cw3_002_q03,code_n24_k12_cw3_002,q03,train,47,3769174039,"[0, 2, 3, 5, 6, 9, 10, 11, 14, 17, 19, 22, 23]",13,"[0, 2, 3, 5, 6, 9, 10, 11, 14, 17, 19, 23]",12,1,12,1,1
code_n24_k12_cw3_002_q03,code_n24_k12_cw3_002,q03,train,48,3770174042,"[0, 1, 5, 7, 8, 10, 14, 20]",8,[],0,0,8,0,0
code_n24_k12_cw3_002_q03,code_n24_k12_cw3_002,q03,train,49,3771174045,"[0, 1, 5, 14, 18, 19, 20]",7,[],0,0,7,0,0
code_n24_k12_cw3_002_q03,code_n24_k12_cw3_002,q03,train,50,3772174048,"[1, 6, 8, 10, 13, 20]",6,[],0,0,6,0,0
code_n24_k12_cw3_002_q03,code_n24_k12_cw3_002,q03,train,51,3773174051,"[1, 4, 7, 9, 10, 20]",6,[],0,0,6,0,0
code_n24_k12_cw3_002_q03,code_n24_k12_cw3_002,q03,train,52,3774174054,"[2, 3, 7, 10, 12, 22, 23]",7,"[2, 3, 10, 12, 23]",5,1,7,0,0
code_n24_k12_cw3_002_q03,code_n24_k12_cw3_002,q03,train,53,3775174057,"[1, 2, 8, 9, 10, 13, 14, 16, 19]",9,"[13, 14, 16, 19]",4,1,9,0,0
code_n24_k12_cw3_002_q03,code_n24_k12_cw3_002,q03,train,54,3776174060,"[1, 2, 6, 10, 19, 22, 23]",7,[],0,0,7,0,0
code_n24_k12_cw3_002_q03,code_n24_k12_cw3_002,q03,train,55,3777174063,"[0, 1, 2, 12, 15, 16, 17, 19, 22, 23]",10,"[2, 12, 16, 17, 19, 23]",6,1,10,0,0
code_n24_k12_cw3_002_q03,code_n24_k12_cw3_002,q03,train,56,3778174066,"[1, 3, 9, 11, 14, 17, 18, 19]",8,[],0,0,8,0,0
code_n24_k12_cw3_002_q03,code_n24_k12_cw3_002,q03,train,57,3779174069,"[2, 3, 6, 7, 9, 10, 12, 16, 20, 21]",10,"[2, 3, 6, 7, 9, 10, 12, 16, 20]",9,1,10,0,0
code_n24_k12_cw3_002_q03,code_n24_k12_cw3_002,q03,train,58,3780174072,"[4, 5, 6, 9, 11, 15, 16, 17, 19, 21]",10,"[4, 5, 6, 9, 15, 16, 17, 19, 21]",9,1,10,0,0
code_n24_k12_cw3_002_q03,code_n24_k12_cw3_002,q03,train,59,3781174075,"[0, 1, 7, 8, 15, 16, 17, 23]",8,[],0,0,8,0,0
code_n24_k12_cw3_002_q03,code_n24_k12_cw3_002,q03,train,60,3782174078,"[0, 2, 3, 4, 6, 9, 10, 13, 21, 22]",10,"[3, 4, 9, 10, 13, 21, 22]",7,1,10,0,0
code_n24_k12_cw3_002_q03,code_n24_k12_cw3_002,q03,train,61,3783174081,"[1, 5, 6, 7, 8, 9, 15]",7,[],0,0,7,0,0
code_n24_k12_cw3_002_q03,code_n24_k12_cw3_002,q03,train,62,3784174084,"[2, 6, 7, 9, 11, 16, 20]",7,"[2, 7, 9]",3,1,7,0,0
code_n24_k12_cw3_002_q03,code_n24_k12_cw3_002,q03,train,63,3785174087,"[0, 2, 4, 18, 19, 20, 22]",7,[],0,0,7,0,0
code_n24_k12_cw3_003_q00,code_n24_k12_cw3_003,q00,train,0,2175242762,[5],1,[],0,0,1,0,0
code_n24_k12_cw3_003_q00,code_n24_k12_cw3_003,q00,train,1,2176242765,"[2, 9, 13, 15]",4,[],0,0,4,0,0
code_n24_k12_cw3_003_q00,code_n24_k12_cw3_003,q00,train,2,2177242768,"[12, 21, 22]",3,[],0,0,3,0,0
code_n24_k12_cw3_003_q00,code_n24_k12_cw3_003,q00,train,3,2178242771,"[3, 7, 10, 14, 17, 23]",6,[],0,0,6,0,0
code_n24_k12_cw3_003_q00,code_n24_k12_cw3_003,q00,train,4,2179242774,"[6, 9, 16, 17, 19]",5,"[9, 16]",2,1,4,1,1
code_n24_k12_cw3_003_q00,code_n24_k12_cw3_003,q00,train,5,2180242777,"[0, 5, 7, 12, 23]",5,[],0,0,5,0,0
code_n24_k12_cw3_003_q00,code_n24_k12_cw3_003,q00,train,6,2181242780,"[16, 19]",2,[],0,0,2,0,0
code_n24_k12_cw3_003_q00,code_n24_k12_cw3_003,q00,train,7,2182242783,"[3, 6, 19, 21]",4,[],0,0,4,0,0
code_n24_k12_cw3_003_q00,code_n24_k12_cw3_003,q00,train,8,2183242786,"[0, 13, 15]",3,[],0,0,3,0,0
code_n24_k12_cw3_003_q00,code_n24_k12_cw3_003,q00,train,9,2184242789,"[2, 7, 12, 15, 18, 21, 22, 23]",8,"[7, 12, 15, 22, 23]",5,1,8,0,0
code_n24_k12_cw3_003_q00,code_n24_k12_cw3_003,q00,train,10,2185242792,"[3, 4, 9, 13, 14, 19]",6,[],0,0,6,0,0
code_n24_k12_cw3_003_q00,code_n24_k12_cw3_003,q00,train,11,2186242795,"[0, 5, 10, 22]",4,[],0,0,4,0,0
code_n24_k12_cw3_003_q00,code_n24_k12_cw3_003,q00,train,12,2187242798,"[5, 19, 20]",3,[],0,0,3,0,0
code_n24_k12_cw3_003_q00,code_n24_k12_cw3_003,q00,train,13,2188242801,"[2, 5, 6, 13]",4,[],0,0,4,0,0
code_n24_k12_cw3_003_q00,code_n24_k12_cw3_003,q00,train,14,2189242804,"[1, 2, 6, 14, 21, 23]",6,"[2, 14, 21]",3,1,6,0,0
code_n24_k12_cw3_003_q00,code_n24_k12_cw3_003,q00,train,15,2190242807,"[11, 14, 21]",3,[],0,0,3,0,0
code_n24_k12_cw3_003_q00,code_n24_k12_cw3_003,q00,train,16,2191242810,"[6, 7]",2,[],0,0,2,0,0
code_n24_k12_cw3_003_q00,code_n24_k12_cw3_003,q00,train,17,2192242813,"[0, 3, 9]",3,[],0,0,3,0,0
code_n24_k12_cw3_003_q00,code_n24_k12_cw3_003,q00,train,18,2193242816,"[0, 7]",2,[],0,0,2,0,0
code_n24_k12_cw3_003_q00,code_n24_k12_cw3_003,q00,train,19,2194242819,"[11, 12, 19, 23]",4,[],0,0,4,0,0
code_n24_k12_cw3_003_q00,code_n24_k12_cw3_003,q00,train,20,2195242822,"[1, 10, 12, 15, 17]",5,[],0,0,5,0,0
code_n24_k12_cw3_003_q00,code_n24_k12_cw3_003,q00,train,21,2196242825,"[0, 7, 9, 17]",4,[],0,0,4,0,0
code_n24_k12_cw3_003_q00,code_n24_k12_cw3_003,q00,train,22,2197242828,"[0, 2, 13, 14, 17, 22]",6,"[0, 2, 13, 14, 17]",5,1,6,0,0
code_n24_k12_cw3_003_q00,code_n24_k12_cw3_003,q00,train,23,2198242831,"[1, 10, 13]",3,[],0,0,3,0,0
code_n24_k12_cw3_003_q00,code_n24_k12_cw3_003,q00,train,24,2199242834,"[1, 5, 8, 12]",4,[],0,0,4,0,0
code_n24_k12_cw3_003_q00,code_n24_k12_cw3_003,q00,train,25,2200242837,"[7, 8]",2,[],0,0,2,0,0
code_n24_k12_cw3_003_q00,code_n24_k12_cw3_003,q00,train,26,2201242840,"[2, 9, 10, 13, 15]",5,[],0,0,5,0,0
code_n24_k12_cw3_003_q00,code_n24_k12_cw3_003,q00,train,27,2202242843,"[3, 19, 23]",3,[],0,0,3,0,0
code_n24_k12_cw3_003_q00,code_n24_k12_cw3_003,q00,train,28,2203242846,"[4, 11, 12, 14, 17, 19, 21, 22, 23]",9,"[11, 14, 17, 19, 21, 22, 23]",7,1,9,0,0
code_n24_k12_cw3_003_q00,code_n24_k12_cw3_003,q00,train,29,2204242849,"[2, 8, 16]",3,[],0,0,3,0,0
code_n24_k12_cw3_003_q00,code_n24_k12_cw3_003,q00,train,30,2205242852,"[1, 3, 4, 8]",4,[],0,0,4,0,0
code_n24_k12_cw3_003_q00,code_n24_k12_cw3_003,q00,train,31,2206242855,"[1, 6, 9, 13, 16]",5,"[9, 16]",2,1,4,1,1
code_n24_k12_cw3_003_q00,code_n24_k12_cw3_003,q00,train,32,2207242858,"[8, 9, 15, 16]",4,"[9, 16]",2,1,3,1,1
code_n24_k12_cw3_003_q00,code_n24_k12_cw3_003,q00,train,33,2208242861,"[2, 21, 23]",3,[],0,0,3,0,0
code_n24_k12_cw3_003_q00,code_n24_k12_cw3_003,q00,train,34,2209242864,"[1, 6, 9, 12, 14, 18, 19, 23]",8,[],0,0,8,0,0
code_n24_k12_cw3_003_q00,code_n24_k12_cw3_003,q00,train,35,2210242867,"[7, 9, 15]",3,[],0,0,3,0,0
code_n24_k12_cw3_003_q00,code_n24_k12_cw3_003,q00,train,36,2211242870,"[1, 2, 3, 8, 10, 11, 14, 16]",8,[],0,0,8,0,0
code_n24_k12_cw3_003_q00,code_n24_k12_cw3_003,q00,train,37,2212242873,"[10, 11, 13, 17, 20, 21, 23]",7,[],0,0,7,0,0
code_n24_k12_cw3_003_q00,code_n24_k12_cw3_003,q00,train,38,2213242876,"[1, 5, 6, 8, 9, 13, 19, 20]",8,[],0,0,8,0,0
code_n24_k12_cw3_003_q00,code_n24_k12_cw3_003,q00,train,39,2214242879,"[0, 4, 5, 7, 15]",5,[],0,0,5,0,0
code_n24_k12_cw3_003_q00,code_n24_k12_cw3_003,q00,train,40,2215242882,[5],1,[],0,0,1,0,0
code_n24_k12_cw3_003_q00,code_n24_k12_cw3_003,q00,train,41,2216242885,"[7, 11, 22]",3,[],0,0,3,0,0
code_n24_k12_cw3_003_q00,code_n24_k12_cw3_003,q00,train,42,2217242888,"[1, 4, 11, 19, 23]",5,[],0,0,5,0,0
code_n24_k12_cw3_003_q00,code_n24_k12_cw3_003,q00,train,43,2218242891,"[5, 9, 12, 13, 14, 16, 18, 20, 22]",9,"[9, 13, 16, 18, 20, 22]",6,1,8,1,1
code_n24_k12_cw3_003_q00,code_n24_k12_cw3_003,q00,train,44,2219242894,"[4, 8, 11, 14, 16, 21]",6,[],0,0,6,0,0
code_n24_k12_cw3_003_q00,code_n24_k12_cw3_003,q00,train,45,2220242897,"[4, 5, 6, 12, 14, 16, 19, 21]",8,[],0,0,8,0,0
code_n24_k12_cw3_003_q00,code_n24_k12_cw3_003,q00,train,46,2221242900,"[7, 8, 13, 17, 23]",5,[],0,0,5,0,0
code_n24_k12_cw3_003_q00,code_n24_k12_cw3_003,q00,train,47,2222242903,"[0, 4, 7, 16, 20]",5,[],0,0,5,0,0
code_n24_k12_cw3_003_q00,code_n24_k12_cw3_003,q00,train,48,2223242906,[5],1,[],0,0,1,0,0
code_n24_k12_cw3_003_q00,code_n24_k12_cw3_003,q00,train,49,2224242909,"[0, 19]",2,[],0,0,2,0,0
code_n24_k12_cw3_003_q00,code_n24_k12_cw3_003,q00,train,50,2225242912,"[4, 16, 21]",3,[],0,0,3,0,0
code_n24_k12_cw3_003_q00,code_n24_k12_cw3_003,q00,train,51,2226242915,[],0,[],0,0,0,0,0
code_n24_k12_cw3_003_q00,code_n24_k12_cw3_003,q00,train,52,2227242918,"[1, 12]",2,[],0,0,2,0,0
code_n24_k12_cw3_003_q00,code_n24_k12_cw3_003,q00,train,53,2228242921,"[3, 11, 12, 13, 19, 21]",6,[],0,0,6,0,0
code_n24_k12_cw3_003_q00,code_n24_k12_cw3_003,q00,train,54,2229242924,[15],1,[],0,0,1,0,0
code_n24_k12_cw3_003_q00,code_n24_k12_cw3_003,q00,train,55,2230242927,"[0, 3, 5, 16, 18]",5,[],0,0,5,0,0
code_n24_k12_cw3_003_q00,code_n24_k12_cw3_003,q00,train,56,2231242930,"[1, 4, 5, 15, 18]",5,[],0,0,5,0,0
code_n24_k12_cw3_003_q00,code_n24_k12_cw3_003,q00,train,57,2232242933,[],0,[],0,0,0,0,0
code_n24_k12_cw3_003_q00,code_n24_k12_cw3_003,q00,train,58,2233242936,"[3, 4, 5, 6, 7, 10, 18, 23]",8,[],0,0,8,0,0
code_n24_k12_cw3_003_q00,code_n24_k12_cw3_003,q00,train,59,2234242939,"[6, 10, 11, 12, 13, 16, 18, 22]",8,[],0,0,8,0,0
code_n24_k12_cw3_003_q00,code_n24_k12_cw3_003,q00,train,60,2235242942,"[0, 2, 6, 8, 15, 21]",6,[],0,0,6,0,0
code_n24_k12_cw3_003_q00,code_n24_k12_cw3_003,q00,train,61,2236242945,"[3, 4, 8, 20]",4,[],0,0,4,0,0
code_n24_k12_cw3_003_q00,code_n24_k12_cw3_003,q00,train,62,2237242948,"[0, 1, 2, 7, 8, 9, 10, 16, 17, 22]",10,"[0, 1, 2, 8, 9, 10, 16, 17, 22]",9,1,9,1,1
code_n24_k12_cw3_003_q00,code_n24_k12_cw3_003,q00,train,63,2238242951,"[1, 7, 10, 13, 14, 18, 21]",7,[],0,0,7,0,0
code_n24_k12_cw3_003_q01,code_n24_k12_cw3_003,q01,train,0,1453862803,"[5, 11, 12, 14, 17, 19, 23]",7,"[11, 14, 17, 19, 23]",5,1,7,0,0
code_n24_k12_cw3_003_q01,code_n24_k12_cw3_003,q01,train,1,1454862806,"[3, 8, 12, 16, 17, 22, 23]",7,[],0,0,7,0,0
code_n24_k12_cw3_003_q01,code_n24_k12_cw3_003,q01,train,2,1455862809,"[1, 4, 9, 12, 13, 23]",6,[],0,0,6,0,0
code_n24_k12_cw3_003_q01,code_n24_k12_cw3_003,q01,train,3,1456862812,"[1, 8, 9, 17, 20, 22]",6,[],0,0,6,0,0
code_n24_k12_cw3_003_q01,code_n24_k12_cw3_003,q01,train,4,1457862815,"[1, 5, 7]",3,[],0,0,3,0,0
code_n24_k12_cw3_003_q01,code_n24_k12_cw3_003,q01,train,5,1458862818,"[3, 6, 18, 20, 22, 23]",6,[],0,0,6,0,0
code_n24_k12_cw3_003_q01,code_n24_k12_cw3_003,q01,train,6,1459862821,"[4, 7, 9, 14, 21, 23]",6,[],0,0,6,0,0
code_n24_k12_cw3_003_q01,code_n24_k12_cw3_003,q01,train,7,1460862824,"[0, 1, 3, 5, 7, 10, 17, 18]",8,[],0,0,8,0,0
code_n24_k12_cw3_003_q01,code_n24_k12_cw3_003,q01,train,8,1461862827,"[3, 22]",2,[],0,0,2,0,0
code_n24_k12_cw3_003_q01,code_n24_k12_cw3_003,q01,train,9,1462862830,"[8, 11, 16, 19, 23]",5,"[11, 16, 19]",3,1,5,0,0
code_n24_k12_cw3_003_q01,code_n24_k12_cw3_003,q01,train,10,1463862833,"[2, 4, 11, 17, 22]",5,[],0,0,5,0,0
code_n24_k12_cw3_003_q01,code_n24_k12_cw3_003,q01,train,11,1464862836,"[4, 12, 14, 23]",4,[],0,0,4,0,0
code_n24_k12_cw3_003_q01,code_n24_k12_cw3_003,q01,train,12,1465862839,"[2, 6, 12, 15, 18]",5,[],0,0,5,0,0
code_n24_k12_cw3_003_q01,code_n24_k12_cw3_003,q01,train,13,1466862842,"[0, 1, 9, 10, 11, 13, 18, 19]",8,"[9, 11, 19]",3,1,8,0,0
code_n24_k12_cw3_003_q01,code_n24_k12_cw3_003,q01,train,14,1467862845,"[0, 1, 2, 11, 12, 14, 19, 21]",8,"[2, 14, 21]",3,1,8,0,0
code_n24_k12_cw3_003_q01,code_n24_k12_cw3_003,q01,train,15,1468862848,"[6, 7, 9, 13, 17]",5,[],0,0,5,0,0
code_n24_k12_cw3_003_q01,code_n24_k12_cw3_003,q01,train,16,1469862851,"[0, 3, 16]",3,[],0,0,3,0,0
code_n24_k12_cw3_003_q01,code_n24_k12_cw3_003,q01,train,17,1470862854,"[0, 1, 5, 6, 19, 21]",6,[],0,0,6,0,0
code_n24_k12_cw3_003_q01,code_n24_k12_cw3_003,q01,train,18,1471862857,"[3, 10, 12, 21]",4,[],0,0,4,0,0
code_n24_k12_cw3_003_q01,code_n24_k12_cw3_003,q01,train,19,1472862860,"[0, 4, 6, 9, 10, 14]",6,[],0,0,6,0,0
code_n24_k12_cw3_003_q01,code_n24_k12_cw3_003,q01,train,20,1473862863,"[2, 6, 7, 8, 9, 10, 15, 17, 19, 21]",10,"[2, 8, 9, 10, 15, 17, 19, 21]",8,1,10,0,0
code_n24_k12_cw3_003_q01,code_n24_k12_cw3_003,q01,train,21,1474862866,"[4, 6, 12, 13, 15, 19, 21, 22]",8,[],0,0,8,0,0
code_n24_k12_cw3_003_q01,code_n24_k12_cw3_003,q01,train,22,1475862869,"[0, 1, 2, 4, 5, 16, 19, 22]",8,[],0,0,8,0,0
code_n24_k12_cw3_003_q01,code_n24_k12_cw3_003,q01,train,23,1476862872,"[0, 2, 6, 9, 17, 18, 21, 23]",8,"[0, 2, 17, 18, 21, 23]",6,1,8,0,0
code_n24_k12_cw3_003_q01,code_n24_k12_cw3_003,q01,train,24,1477862875,"[2, 7, 10, 16, 18]",5,[],0,0,5,0,0
code_n24_k12_cw3_003_q01,code_n24_k12_cw3_003,q01,train,25,1478862878,"[4, 6, 8, 9, 21]",5,[],0,0,5,0,0
code_n24_k12_cw3_003_q01,code_n24_k12_cw3_003,q01,train,26,1479862881,"[4, 15, 17, 21, 22, 23]",6,"[4, 15, 17, 22, 23]",5,1,6,0,0
code_n24_k12_cw3_003_q01,code_n24_k12_cw3_003,q01,train,27,1480862884,"[0, 5, 7, 11, 21]",5,[],0,0,5,0,0
code_n24_k12_cw3_003_q01,code_n24_k12_cw3_003,q01,train,28,1481862887,"[6, 7, 8, 15, 17, 19, 21]",7,[],0,0,7,0,0
code_n24_k12_cw3_003_q01,code_n24_k12_cw3_003,q01,train,29,1482862890,"[0, 2, 5, 9, 12, 22]",6,[],0,0,6,0,0
code_n24_k12_cw3_003_q01,code_n24_k12_cw3_003,q01,train,30,1483862893,"[0, 1, 5, 12, 17, 21]",6,[],0,0,6,0,0
code_n24_k12_cw3_003_q01,code_n24_k12_cw3_003,q01,train,31,1484862896,"[0, 6, 8, 14, 16, 18, 20, 21, 22, 23]",10,"[0, 16, 18, 20, 21, 22, 23]",7,1,9,1,1
code_n24_k12_cw3_003_q01,code_n24_k12_cw3_003,q01,train,32,1485862899,"[4, 8, 18, 23]",4,[],0,0,4,0,0
code_n24_k12_cw3_003_q01,code_n24_k12_cw3_003,q01,train,33,1486862902,"[0, 4, 12, 16, 18, 22]",6,[],0,0,6,0,0
code_n24_k12_cw3_003_q01,code_n24_k12_cw3_003,q01,train,34,1487862905,"[0, 10, 19, 20, 22]",5,[],0,0,5,0,0
code_n24_k12_cw3_003_q01,code_n24_k12_cw3_003,q01,train,35,1488862908,"[0, 8, 12, 13, 14, 21]",6,[],0,0,6,0,0
code_n24_k12_cw3_003_q01,code_n24_k12_cw3_003,q01,train,36,1489862911,"[0, 7, 8, 17, 18]",5,[],0,0,5,0,0
code_n24_k12_cw3_003_q01,code_n24_k12_cw3_003,q01,train,37,1490862914,"[3, 5, 11, 16, 20, 21, 22]",7,[],0,0,7,0,0
code_n24_k12_cw3_003_q01,code_n24_k12_cw3_003,q01,train,38,1491862917,"[0, 6, 13, 14]",4,[],0,0,4,0,0
code_n24_k12_cw3_003_q01,code_n24_k12_cw3_003,q01,train,39,1492862920,"[2, 3, 14, 17, 18]",5,[],0,0,5,0,0
code_n24_k12_cw3_003_q01,code_n24_k12_cw3_003,q01,train,40,1493862923,"[0, 3, 6, 8, 10]",5,[],0,0,5,0,0
code_n24_k12_cw3_003_q01,code_n24_k12_cw3_003,q01,train,41,1494862926,"[2, 9, 11, 18, 19, 22, 23]",7,"[9, 11, 19]",3,1,7,0,0
code_n24_k12_cw3_003_q01,code_n24_k12_cw3_003,q01,train,42,1495862929,"[0, 4, 10, 13]",4,[],0,0,4,0,0
code_n24_k12_cw3_003_q01,code_n24_k12_cw3_003,q01,train,43,1496862932,"[2, 3, 10, 13, 15, 22]",6,[],0,0,6,0,0
code_n24_k12_cw3_003_q01,code_n24_k12_cw3_003,q01,train,44,1497862935,"[1, 4, 7, 9, 15, 20, 23]",7,"[1, 9, 15, 20, 23]",5,1,7,0,0
code_n24_k12_cw3_003_q01,code_n24_k12_cw3_003,q01,train,45,1498862938,"[3, 4, 5, 10, 17]",5,[],0,0,5,0,0
code_n24_k12_cw3_003_q01,code_n24_k12_cw3_003,q01,train,46,1499862941,"[0, 4, 13, 17, 22]",5,[],0,0,5,0,0
code_n24_k12_cw3_003_q01,code_n24_k12_cw3_003,q01,train,47,1500862944,"[0, 8, 19]",3,[],0,0,3,0,0
code_n24_k12_cw3_003_q01,code_n24_k12_cw3_003,q01,train,48,1501862947,"[0, 9, 10, 11, 16, 18, 22]",7,"[9, 16]",2,1,6,1,1
code_n24_k12_cw3_003_q01,code_n24_k12_cw3_003,q01,train,49,1502862950,"[0, 19, 20]",3,[],0,0,3,0,0
code_n24_k12_cw3_003_q01,code_n24_k12_cw3_003,q01,train,50,1503862953,"[9, 23]",2,[],0,0,2,0,0
code_n24_k12_cw3_003_q01,code_n24_k12_cw3_003,q01,train,51,1504862956,"[8, 11, 22]",3,[],0,0,3,0,0
code_n24_k12_cw3_003_q01,code_n24_k12_cw3_003,q01,train,52,1505862959,"[5, 14, 19, 21]",4,[],0,0,4,0,0
code_n24_k12_cw3_003_q01,code_n24_k12_cw3_003,q01,train,53,1506862962,"[0, 3, 8, 12, 14, 16, 19, 20, 22]",9,"[0, 16, 19, 20]",4,1,8,1,1
code_n24_k12_cw3_003_q01,code_n24_k12_cw3_003,q01,train,54,1507862965,"[0, 1, 3, 5, 7, 10, 18]",7,[],0,0,7,0,0
code_n24_k12_cw3_003_q01,code_n24_k12_cw3_003,q01,train,55,1508862968,"[7, 8, 14, 17, 19, 22, 23]",7,[],0,0,7,0,0
code_n24_k12_cw3_003_q01,code_n24_k12_cw3_003,q01,train,56,1509862971,"[1, 4, 6, 9, 11, 19, 20, 21]",8,"[9, 11, 19]",3,1,8,0,0
code_n24_k12_cw3_003_q01,code_n24_k12_cw3_003,q01,train,57,1510862974,"[0, 2, 3, 4, 9, 13, 17, 19]",8,"[0, 2, 9, 13, 17, 19]",6,1,8,0,0
code_n24_k12_cw3_003_q01,code_n24_k12_cw3_003,q01,train,58,1511862977,"[1, 3, 11, 16, 22]",5,[],0,0,5,0,0
code_n24_k12_cw3_003_q01,code_n24_k12_cw3_003,q01,train,59,1512862980,"[0, 7, 9, 14, 15]",5,[],0,0,5,0,0
code_n24_k12_cw3_003_q01,code_n24_k12_cw3_003,q01,train,60,1513862983,"[3, 4, 5, 10, 14, 20, 21]",7,[],0,0,7,0,0
code_n24_k12_cw3_003_q01,code_n24_k12_cw3_003,q01,train,61,1514862986,"[4, 14, 17, 18]",4,[],0,0,4,0,0
code_n24_k12_cw3_003_q01,code_n24_k12_cw3_003,q01,train,62,1515862989,"[1, 2, 8, 9, 11, 12, 14, 21]",8,"[2, 14, 21]",3,1,8,0,0
code_n24_k12_cw3_003_q01,code_n24_k12_cw3_003,q01,train,63,1516862992,"[1, 6, 10]",3,[],0,0,3,0,0
code_n24_k12_cw3_003_q02,code_n24_k12_cw3_003,q02,train,0,732482844,"[0, 1, 13, 15, 18]",5,[],0,0,5,0,0
code_n24_k12_cw3_003_q02,code_n24_k12_cw3_003,q02,train,1,733482847,"[2, 3, 4, 8, 9, 10, 11, 17, 19, 20, 21]",11,"[2, 4, 8, 9, 10, 11, 17, 19, 20, 21]",10,1,10,1,1
code_n24_k12_cw3_003_q02,code_n24_k12_cw3_003,q02,train,2,734482850,"[2, 5, 8, 14, 16, 18, 19, 22, 23]",9,"[2, 5, 8, 14, 16, 18, 19, 22, 23]",9,1,8,1,1
code_n24_k12_cw3_003_q02,code_n24_k12_cw3_003,q02,train,3,735482853,"[1, 4, 6, 8, 16]",5,[],0,0,5,0,0
code_n24_k12_cw3_003_q02,code_n24_k12_cw3_003,q02,train,4,736482856,"[0, 3, 5, 7, 9, 16, 23]",7,"[9, 16]",2,1,6,1,1
code_n24_k12_cw3_003_q02,code_n24_k12_cw3_003,q02,train,5,737482859,"[1, 4, 5, 10, 13, 14, 15, 18, 20, 22, 23]",11,"[1, 4, 5, 10, 13, 14, 15, 18, 20, 22, 23]",11,1,10,1,1
code_n24_k12_cw3_003_q02,code_n24_k12_cw3_003,q02,train,6,738482862,"[0, 1, 2, 5, 12, 14, 19, 23]",8,[],0,0,8,0,0
code_n24_k12_cw3_003_q02,code_n24_k12_cw3_003,q02,train,7,739482865,"[7, 17, 19, 23]",4,[],0,0,4,0,0
code_n24_k12_cw3_003_q02,code_n24_k12_cw3_003,q02,train,8,740482868,"[0, 1, 9, 10, 11, 18, 20, 21]",8,"[0, 9, 11, 18, 20]",5,1,8,0,0
code_n24_k12_cw3_003_q02,code_n24_k12_cw3_003,q02,train,9,741482871,"[1, 2, 3, 12, 17, 18, 19, 20, 23]",9,[],0,0,9,0,0
code_n24_k12_cw3_003_q02,code_n24_k12_cw3_003,q02,train,10,742482874,"[1, 2, 3, 7, 9, 12, 14, 16]",8,"[1, 2, 7, 9, 12, 14, 16]",7,1,6,2,1
code_n24_k12_cw3_003_q02,code_n24_k12_cw3_003,q02,train,11,743482877,"[2, 3, 6, 8, 11, 12, 13, 18, 19, 22]",10,[],0,0,10,0,0
code_n24_k12_cw3_003_q02,code_n24_k12_cw3_003,q02,train,12,744482880,"[1, 6, 7, 9, 10]",5,[],0,0,5,0,0
code_n24_k12_cw3_003_q02,code_n24_k12_cw3_003,q02,train,13,745482883,"[1, 3, 4, 10, 12, 15, 20]",7,[],0,0,7,0,0
code_n24_k12_cw3_003_q02,code_n24_k12_cw3_003,q02,train,14,746482886,"[6, 7, 9, 10, 11, 13, 17]",7,[],0,0,7,0,0
code_n24_k12_cw3_003_q02,code_n24_k12_cw3_003,q02,train,15,747482889,"[9, 11, 13, 15, 19, 20, 21]",7,"[9, 11, 13, 19, 21]",5,1,6,1,1
code_n24_k12_cw3_003_q02,code_n24_k12_cw3_003,q02,train,16,748482892,"[0, 1, 6, 7, 9, 10, 11, 12, 14, 21, 23]",11,"[0, 1, 7, 9, 11, 12, 21, 23]",8,1,10,1,1
code_n24_k12_cw3_003_q02,code_n24_k12_cw3_003,q02,train,17,749482895,"[2, 5, 6, 11, 14, 20, 23]",7,[],0,0,7,0,0
code_n24_k12_cw3_003_q02,code_n24_k12_cw3_003,q02,train,18,750482898,"[0, 2, 3, 11, 19, 20]",6,[],0,0,6,0,0
code_n24_k12_cw3_003_q02,code_n24_k12_cw3_003,q02,train,19,751482901,"[7, 11, 13, 20, 21]",5,[],0,0,5,0,0
code_n24_k12_cw3_003_q02,code_n24_k12_cw3_003,q02,train,20,752482904,"[2, 7, 11, 19, 22]",5,[],0,0,5,0,0
code_n24_k12_cw3_003_q02,code_n24_k12_cw3_003,q02,train,21,753482907,"[2, 4, 6, 8, 18, 21]",6,[],0,0,6,0,0
code_n24_k12_cw3_003_q02,code_n24_k12_cw3_003,q02,train,22,754482910,"[1, 3, 4, 5, 8, 17, 19, 21]",8,"[1, 4, 5, 8, 17, 19, 21]",7,1,8,0,0
code_n24_k12_cw3_003_q02,code_n24_k12_cw3_003,q02,train,23,755482913,"[2, 7, 8, 13, 15, 20, 21]",7,[],0,0,7,0,0
code_n24_k12_cw3_003_q02,code_n24_k12_cw3_003,q02,train,24,756482916,"[0, 1, 5, 7, 8, 11, 12, 18]",8,[],0,0,8,0,0
code_n24_k12_cw3_003_q02,code_n24_k12_cw3_003,q02,train,25,757482919,"[2, 4, 5, 7, 8, 17, 19, 21]",8,"[2, 5, 8, 17, 19, 21]",6,1,7,1,1
code_n24_k12_cw3_003_q02,code_n24_k12_cw3_003,q02,train,26,758482922,"[0, 2, 8, 10, 16, 18, 23]",7,"[0, 18, 23]",3,1,7,0,0
code_n24_k12_cw3_003_q02,code_n24_k12_cw3_003,q02,train,27,759482925,"[2, 3, 4, 6, 8, 10, 15, 16, 19]",9,"[2, 4, 15, 16]",4,1,8,1,1
code_n24_k12_cw3_003_q02,code_n24_k12_cw3_003,q02,train,28,760482928,"[0, 5, 7, 9, 11, 14, 23]",7,"[0, 9, 11, 23]",4,1,6,1,1
code_n24_k12_cw3_003_q02,code_n24_k12_cw3_003,q02,train,29,761482931,"[0, 4, 5, 8, 9, 12, 18, 19]",8,"[0, 5, 8, 18, 19]",5,1,8,0,0
code_n24_k12_cw3_003_q02,code_n24_k12_cw3_003,q02,train,30,762482934,"[0, 2, 7, 11, 12, 13, 16, 17, 18, 20, 22]",11,"[0, 2, 11, 13, 16, 17, 18, 20, 22]",9,1,10,1,1
code_n24_k12_cw3_003_q02,code_n24_k12_cw3_003,q02,train,31,763482937,"[1, 9, 10, 15]",4,"[1, 9, 15]",3,1,4,0,0
code_n24_k12_cw3_003_q02,code_n24_k12_cw3_003,q02,train,32,764482940,"[0, 1, 6, 7, 9, 20]",6,[],0,0,6,0,0
code_n24_k12_cw3_003_q02,code_n24_k12_cw3_003,q02,train,33,765482943,"[5, 9, 11, 12, 19, 20, 21]",7,"[9, 11, 19]",3,1,7,0,0
code_n24_k12_cw3_003_q02,code_n24_k12_cw3_003,q02,train,34,766482946,"[3, 4, 5, 16, 17, 18, 19]",7,[],0,0,7,0,0
code_n24_k12_cw3_003_q02,code_n24_k12_cw3_003,q02,train,35,767482949,"[2, 5, 6, 7, 10, 20, 22]",7,[],0,0,7,0,0
code_n24_k12_cw3_003_q02,code_n24_k12_cw3_003,q02,train,36,768482952,"[0, 3, 8, 13, 15, 18, 19]",7,[],0,0,7,0,0
code_n24_k12_cw3_003_q02,code_n24_k12_cw3_003,q02,train,37,769482955,"[6, 7, 11, 13, 16, 17]",6,[],0,0,6,0,0
code_n24_k12_cw3_003_q02,code_n24_k12_cw3_003,q02,train,38,770482958,"[1, 3, 8, 12, 15, 18, 19]",7,[],0,0,7,0,0
code_n24_k12_cw3_003_q02,code_n24_k12_cw3_003,q02,train,39,771482961,"[0, 15, 17, 19, 21, 23]",6,[],0,0,6,0,0
code_n24_k12_cw3_003_q02,code_n24_k12_cw3_003,q02,train,40,772482964,"[1, 10, 18, 20, 21]",5,[],0,0,5,0,0
code_n24_k12_cw3_003_q02,code_n24_k12_cw3_003,q02,train,41,773482967,"[4, 6, 10, 11, 12, 20, 21]",7,[],0,0,7,0,0
code_n24_k12_cw3_003_q02,code_n24_k12_cw3_003,q02,train,42,774482970,"[8, 9, 14, 18, 22]",5,[],0,0,5,0,0
code_n24_k12_cw3_003_q02,code_n24_k12_cw3_003,q02,train,43,775482973,"[0, 2, 6, 9, 12, 13, 14, 15]",8,[],0,0,8,0,0
code_n24_k12_cw3_003_q02,code_n24_k12_cw3_003,q02,train,44,776482976,"[2, 4, 6, 8, 15, 17, 19, 20, 21, 22]",10,"[2, 17, 20, 21]",4,1,10,0,0
code_n24_k12_cw3_003_q02,code_n24_k12_cw3_003,q02,train,45,777482979,"[2, 9, 10, 14, 16, 18, 22]",7,"[9, 16]",2,1,6,1,1
code_n24_k12_cw3_003_q02,code_n24_k12_cw3_003,q02,train,46,778482982,"[2, 6, 9, 10, 11, 19]",6,"[9, 11, 19]",3,1,6,0,0
code_n24_k12_cw3_003_q02,code_n24_k12_cw3_003,q02,train,47,779482985,"[1, 10, 18]",3,[],0,0,3,0,0
code_n24_k12_cw3_003_q02,code_n24_k12_cw3_003,q02,train,48,780482988,"[0, 13, 16, 21]",4,[],0,0,4,0,0
code_n24_k12_cw3_003_q02,code_n24_k12_cw3_003,q02,train,49,781482991,"[0, 4, 5, 6, 9, 11, 13, 21]",8,[],0,0,8,0,0
code_n24_k12_cw3_003_q02,code_n24_k12_cw3_003,q02,train,50,782482994,"[0, 2, 6, 20, 21, 23]",6,[],0,0,6,0,0
code_n24_k12_cw3_003_q02,code_n24_k12_cw3_003,q02,train,51,783482997,"[3, 7, 8, 13, 17, 18, 20, 21]",8,[],0,0,8,0,0
code_n24_k12_cw3_003_q02,code_n24_k12_cw3_003,q02,train,52,784483000,"[0, 3, 11, 14, 17, 18]",6,[],0,0,6,0,0
code_n24_k12_cw3_003_q02,code_n24_k12_cw3_003,q02,train,53,785483003,"[1, 3, 4, 7, 13, 17, 22, 23]",8,[],0,0,8,0,0
code_n24_k12_cw3_003_q02,code_n24_k12_cw3_003,q02,train,54,786483006,"[5, 7, 8, 12, 16, 18, 20]",7,"[5, 8, 16, 18, 20]",5,1,7,0,0
code_n24_k12_cw3_003_q02,code_n24_k12_cw3_003,q02,train,55,787483009,"[4, 6, 7, 10, 12, 15, 22]",7,[],0,0,7,0,0
code_n24_k12_cw3_003_q02,code_n24_k12_cw3_003,q02,train,56,788483012,"[0, 2, 3, 13, 15, 21]",6,[],0,0,6,0,0
code_n24_k12_cw3_003_q02,code_n24_k12_cw3_003,q02,train,57,789483015,"[0, 2, 3, 4, 12, 16]",6,[],0,0,6,0,0
code_n24_k12_cw3_003_q02,code_n24_k12_cw3_003,q02,train,58,790483018,"[2, 5, 7, 11, 13, 17, 20]",7,[],0,0,7,0,0
code_n24_k12_cw3_003_q02,code_n24_k12_cw3_003,q02,train,59,791483021,"[2, 6, 7, 9, 10, 17, 20]",7,[],0,0,7,0,0
code_n24_k12_cw3_003_q02,code_n24_k12_cw3_003,q02,train,60,792483024,"[0, 5, 6, 9, 14, 16, 20, 21, 23]",9,"[9, 16, 20, 23]",4,1,8,1,1
code_n24_k12_cw3_003_q02,code_n24_k12_cw3_003,q02,train,61,793483027,"[1, 2, 4, 7, 15, 16, 23]",7,"[1, 2, 4, 15, 16]",5,1,6,1,1
code_n24_k12_cw3_003_q02,code_n24_k12_cw3_003,q02,train,62,794483030,"[2, 3, 8, 13, 17, 22]",6,[],0,0,6,0,0
code_n24_k12_cw3_003_q02,code_n24_k12_cw3_003,q02,train,63,795483033,"[1, 12, 13, 14, 21]",5,[],0,0,5,0,0
code_n24_k12_cw3_003_q03,code_n24_k12_cw3_003,q03,train,0,11102885,"[4, 5, 12, 13, 14, 18]",6,[],0,0,6,0,0
code_n24_k12_cw3_003_q03,code_n24_k12_cw3_003,q03,train,1,12102888,"[0, 2, 3, 10, 11, 13, 14, 15, 19, 22]",10,"[0, 2, 11, 13, 14, 22]",6,1,10,0,0
code_n24_k12_cw3_003_q03,code_n24_k12_cw3_003,q03,train,2,13102891,"[0, 16]",2,[],0,0,2,0,0
code_n24_k12_cw3_003_q03,code_n24_k12_cw3_003,q03,train,3,14102894,"[0, 1, 8, 9, 10, 11, 14, 16, 19, 22]",10,"[1, 8, 9, 10, 11, 16, 19, 22]",8,1,9,1,1
code_n24_k12_cw3_003_q03,code_n24_k12_cw3_003,q03,train,4,15102897,"[3, 4, 7, 9, 10, 15, 18, 19, 20, 21, 23]",11,"[9, 18, 19, 20, 23]",5,1,11,0,0
code_n24_k12_cw3_003_q03,code_n24_k12_cw3_003,q03,train,5,16102900,"[0, 3, 4, 6, 8, 10, 14, 15]",8,[],0,0,8,0,0
code_n24_k12_cw3_003_q03,code_n24_k12_cw3_003,q03,train,6,17102903,"[0, 8, 10, 11, 14, 18, 22]",7,[],0,0,7,0,0
code_n24_k12_cw3_003_q03,code_n24_k12_cw3_003,q03,train,7,18102906,"[8, 9, 10, 11, 13, 17, 19]",7,"[9, 11, 19]",3,1,7,0,0
code_n24_k12_cw3_003_q03,code_n24_k12_cw3_003,q03,train,8,19102909,"[3, 7, 11, 13, 15, 17, 20, 23]",8,[],0,0,8,0,0
code_n24_k12_cw3_003_q03,code_n24_k12_cw3_003,q03,train,9,20102912,"[1, 3, 4, 6, 11, 13, 18, 19, 20]",9,[],0,0,9,0,0
code_n24_k12_cw3_003_q03,code_n24_k12_cw3_003,q03,train,10,21102915,"[1, 6, 7, 8, 12, 13, 14, 20]",8,[],0,0,8,0,0
code_n24_k12_cw3_003_q03,code_n24_k12_cw3_003,q03,train,11,22102918,"[1, 2, 6, 7, 8, 12, 19, 23]",8,[],0,0,8,0,0
code_n24_k12_cw3_003_q03,code_n24_k12_cw3_003,q03,train,12,23102921,"[1, 2, 8, 9, 13, 15, 18]",7,"[1, 9, 15]",3,1,7,0,0
code_n24_k12_cw3_003_q03,code_n24_k12_cw3_003,q03,train,13,24102924,"[2, 3, 4, 8, 9, 12, 17, 19, 21, 23]",10,[],0,0,10,0,0
code_n24_k12_cw3_003_q03,code_n24_k12_cw3_003,q03,train,14,25102927,"[6, 7, 9, 10, 11, 21]",6,[],0,0,6,0,0
code_n24_k12_cw3_003_q03,code_n24_k12_cw3_003,q03,train,15,26102930,"[0, 6, 12, 16, 23]",5,[],0,0,5,0,0
code_n24_k12_cw3_003_q03,code_n24_k12_cw3_003,q03,train,16,27102933,"[1, 7, 8, 14, 15, 18, 22, 23]",8,[],0,0,8,0,0
code_n24_k12_cw3_003_q03,code_n24_k12_cw3_003,q03,train,17,28102936,"[0, 1, 2, 3, 6, 8, 15, 18, 22]",9,[],0,0,9,0,0
code_n24_k12_cw3_003_q03,code_n24_k12_cw3_003,q03,train,18,29102939,"[2, 9, 11, 12, 14, 17]",6,[],0,0,6,0,0
code_n24_k12_cw3_003_q03,code_n24_k12_cw3_003,q03,train,19,30102942,"[0, 1, 5, 6, 9, 13, 20, 23]",8,[],0,0,8,0,0
code_n24_k12_cw3_003_q03,code_n24_k12_cw3_003,q03,train,20,31102945,"[0, 6, 8, 10, 12, 13, 16, 19, 22]",9,[],0,0,9,0,0
code_n24_k12_cw3_003_q03,code_n24_k12_cw3_003,q03,train,21,32102948,"[0, 4, 6, 7, 11, 12, 14, 15, 17, 21, 23]",11,"[0, 4, 7, 11, 12, 14, 15, 17, 21, 23]",10,1,11,0,0
code_n24_k12_cw3_003_q03,code_n24_k12_cw3_003,q03,train,22,33102951,"[1, 2, 4, 6, 7, 14, 15, 17, 18]",9,[],0,0,9,0,0
code_n24_k12_cw3_003_q03,code_n24_k12_cw3_003,q03,train,23,34102954,"[2, 3, 9, 10, 11, 12, 17, 19, 21]",9,"[9, 11, 19]",3,1,9,0,0
code_n24_k12_cw3_003_q03,code_n24_k12_cw3_003,q03,train,24,35102957,"[2, 8, 13, 18, 20, 21]",6,[],0,0,6,0,0
code_n24_k12_cw3_003_q03,code_n24_k12_cw3_003,q03,train,25,36102960,"[1, 2, 6, 7, 9, 10, 11, 12, 13, 15, 16, 19, 22]",13,"[1, 7, 9, 11, 12, 13, 15, 16, 19]",9,1,11,2,1
code_n24_k12_cw3_003_q03,code_n24_k12_cw3_003,q03,train,26,37102963,"[1, 2, 3, 8, 10, 13, 14, 22]",8,[],0,0,8,0,0
code_n24_k12_cw3_003_q03,code_n24_k12_cw3_003,q03,train,27,38102966,"[1, 3, 5, 6, 7, 9, 11, 12, 18, 19, 20, 22]",12,"[1, 3, 5, 6, 7, 9, 11, 12, 18, 19, 20, 22]",12,1,11,1,1
code_n24_k12_cw3_003_q03,code_n24_k12_cw3_003,q03,train,28,39102969,"[0, 2, 3, 9, 12, 13, 18, 22]",8,[],0,0,8,0,0
code_n24_k12_cw3_003_q03,code_n24_k12_cw3_003,q03,train,29,40102972,"[3, 7, 9, 10, 13, 15, 16, 21, 23]",9,"[9, 16]",2,1,8,1,1
code_n24_k12_cw3_003_q03,code_n24_k12_cw3_003,q03,train,30,41102975,"[3, 7, 12, 16, 17, 21, 22]",7,[],0,0,7,0,0
code_n24_k12_cw3_003_q03,code_n24_k12_cw3_003,q03,train,31,42102978,"[9, 10, 12, 14, 16, 19, 20, 21, 22]",9,"[9, 16, 20, 21, 22]",5,1,8,1,1
code_n24_k12_cw3_003_q03,code_n24_k12_cw3_003,q03,train,32,43102981,"[2, 3, 4, 7, 11, 14, 23]",7,[],0,0,7,0,0
code_n24_k12_cw3_003_q03,code_n24_k12_cw3_003,q03,train,33,44102984,"[0, 6, 7, 10, 15, 21, 22, 23]",8,[],0,0,8,0,0
code_n24_k12_cw3_003_q03,code_n24_k12_cw3_003,q03,train,34,45102987,"[0, 1, 4, 7, 14, 16, 18, 19, 21]",9,"[1, 4, 14, 16, 18, 19, 21]",7,1,9,0,0
code_n24_k12_cw3_003_q03,code_n24_k12_cw3_003,q03,train,35,46102990,"[1, 11, 12, 13, 18, 21, 22]",7,[],0,0,7,0,0
code_n24_k12_cw3_003_q03,code_n24_k12_cw3_003,q03,train,36,47102993,"[1, 3, 5, 7, 10, 16, 18, 20, 21]",9,[],0,0,9,0,0
code_n24_k12_cw3_003_q03,code_n24_k12_cw3_003,q03,train,37,48102996,"[5, 11, 15, 17, 19]",5,[],0,0,5,0,0
code_n24_k12_cw3_003_q03,code_n24_k12_cw3_003,q03,train,38,49102999,"[5, 6, 9, 13, 14, 16, 18, 20, 21, 22, 23]",11,"[9, 13, 16, 18, 20, 21, 22, 23]",8,1,9,2,1
code_n24_k12_cw3_003_q03,code_n24_k12_cw3_003,q03,train,39,50103002,"[7, 8, 11, 13, 19, 21, 22]",7,[],0,0,7,0,0
code_n24_k12_cw3_003_q03,code_n24_k12_cw3_003,q03,train,40,51103005,"[5, 8, 9, 15, 18, 20, 21, 23]",8,"[5, 8, 9, 18, 20, 23]",6,1,8,0,0
code_n24_k12_cw3_003_q03,code_n24_k12_cw3_003,q03,train,41,52103008,"[1, 4, 5, 7, 8, 11, 12, 13, 17, 18, 21, 23]",12,"[1, 4, 5, 7, 8, 11, 12, 13, 17, 18, 21, 23]",12,1,11,1,1
code_n24_k12_cw3_003_q03,code_n24_k12_cw3_003,q03,train,42,53103011,"[1, 5, 6, 9, 10, 11, 13, 15, 17, 21, 22]",11,"[1, 5, 9, 10, 11, 13, 15, 21]",8,1,11,0,0
code_n24_k12_cw3_003_q03,code_n24_k12_cw3_003,q03,train,43,54103014,"[4, 11, 13, 16, 17, 20]",6,[],0,0,6,0,0
code_n24_k12_cw3_003_q03,code_n24_k12_cw3_003,q03,train,44,55103017,"[2, 4, 5, 6, 9, 10, 11, 15, 16, 17, 18]",11,"[2, 4, 5, 9, 10, 15, 16]",7,1,9,2,1
code_n24_k12_cw3_003_q03,code_n24_k12_cw3_003,q03,train,45,56103020,"[0, 1, 2, 8, 10, 11, 13, 14, 15, 21, 22]",11,"[0, 1, 2, 8, 10, 11, 13, 14, 15, 21, 22]",11,1,9,2,1
code_n24_k12_cw3_003_q03,code_n24_k12_cw3_003,q03,train,46,57103023,"[1, 3, 4, 6, 7, 11, 14, 16, 17, 18, 21, 22]",12,"[1, 4, 11, 14, 16, 17, 18, 21, 22]",9,1,11,1,1
code_n24_k12_cw3_003_q03,code_n24_k12_cw3_003,q03,train,47,58103026,"[8, 12, 13, 14, 18, 19, 23]",7,[],0,0,7,0,0
code_n24_k12_cw3_003_q03,code_n24_k12_cw3_003,q03,train,48,59103029,"[0, 5, 17, 18, 19, 22, 23]",7,"[0, 18, 23]",3,1,7,0,0
code_n24_k12_cw3_003_q03,code_n24_k12_cw3_003,q03,train,49,60103032,"[1, 2, 4, 10, 14, 16]",6,[],0,0,6,0,0
code_n24_k12_cw3_003_q03,code_n24_k12_cw3_003,q03,train,50,61103035,"[1, 3, 4, 5, 12, 14, 16, 17, 18, 19, 20, 23]",12,"[14, 16, 17, 18, 19, 20, 23]",7,1,11,1,1
code_n24_k12_cw3_003_q03,code_n24_k12_cw3_003,q03,train,51,62103038,"[3, 4, 5, 6, 9, 14, 18, 19, 21, 23]",10,[],0,0,10,0,0
code_n24_k12_cw3_003_q03,code_n24_k12_cw3_003,q03,train,52,63103041,"[1, 3, 4, 9, 13, 14, 20]",7,[],0,0,7,0,0
code_n24_k12_cw3_003_q03,code_n24_k12_cw3_003,q03,train,53,64103044,"[0, 5, 7, 9, 10, 12, 16, 18, 19, 20, 22]",11,"[0, 5, 7, 9, 10, 12, 16, 18, 19, 20, 22]",11,1,9,2,1
code_n24_k12_cw3_003_q03,code_n24_k12_cw3_003,q03,train,54,65103047,"[3, 6, 9, 15, 16, 19, 22]",7,"[9, 16]",2,1,6,1,1
code_n24_k12_cw3_003_q03,code_n24_k12_cw3_003,q03,train,55,66103050,"[0, 1, 3, 6, 7, 10, 11, 17, 18, 19]",10,"[1, 3, 6, 7, 10, 11, 18, 19]",8,1,10,0,0
code_n24_k12_cw3_003_q03,code_n24_k12_cw3_003,q03,train,56,67103053,"[2, 5, 12, 22, 23]",5,[],0,0,5,0,0
code_n24_k12_cw3_003_q03,code_n24_k12_cw3_003,q03,train,57,68103056,"[3, 9, 11, 13, 21, 22]",6,[],0,0,6,0,0
code_n24_k12_cw3_003_q03,code_n24_k12_cw3_003,q03,train,58,69103059,"[1, 2, 7, 10, 12, 16, 21, 22, 23]",9,"[1, 7, 12, 16, 21, 22, 23]",7,1,8,1,1
code_n24_k12_cw3_003_q03,code_n24_k12_cw3_003,q03,train,59,70103062,"[1, 2, 3, 5, 7, 13, 15, 18, 20, 21, 22]",11,"[1, 13, 15, 18, 20, 21, 22]",7,1,11,0,0
code_n24_k12_cw3_003_q03,code_n24_k12_cw3_003,q03,train,60,71103065,[3],1,[],0,0,1,0,0
code_n24_k12_cw3_003_q03,code_n24_k12_cw3_003,q03,train,61,72103068,"[1, 15, 18, 22]",4,[],0,0,4,0,0
code_n24_k12_cw3_003_q03,code_n24_k12_cw3_003,q03,train,62,73103071,"[1, 2, 3, 8, 11, 13, 19, 21]",8,[],0,0,8,0,0
code_n24_k12_cw3_003_q03,code_n24_k12_cw3_003,q03,train,63,74103074,"[5, 8, 13, 14, 18, 19, 20, 21]",8,"[5, 8, 13, 18, 19, 20, 21]",7,1,8,0,0
code_n24_k12_cw3_004_q00,code_n24_k12_cw3_004,q00,test,0,2759139045,"[13, 14]",2,[],0,0,2,0,0
code_n24_k12_cw3_004_q00,code_n24_k12_cw3_004,q00,test,1,2760139048,"[4, 10, 12, 16]",4,[],0,0,4,0,0
code_n24_k12_cw3_004_q00,code_n24_k12_cw3_004,q00,test,2,2761139051,"[1, 2, 4, 10, 16, 22, 23]",7,[],0,0,7,0,0
code_n24_k12_cw3_004_q00,code_n24_k12_cw3_004,q00,test,3,2762139054,[],0,[],0,0,0,0,0
code_n24_k12_cw3_004_q00,code_n24_k12_cw3_004,q00,test,4,2763139057,"[3, 5, 9, 14, 16, 19, 23]",7,"[3, 5, 14]",3,1,7,0,0
code_n24_k12_cw3_004_q00,code_n24_k12_cw3_004,q00,test,5,2764139060,"[0, 4, 14, 19]",4,[],0,0,4,0,0
code_n24_k12_cw3_004_q00,code_n24_k12_cw3_004,q00,test,6,2765139063,"[2, 10, 11, 17, 19, 20]",6,[],0,0,6,0,0
code_n24_k12_cw3_004_q00,code_n24_k12_cw3_004,q00,test,7,2766139066,"[2, 5, 6, 9, 21]",5,[],0,0,5,0,0
code_n24_k12_cw3_004_q00,code_n24_k12_cw3_004,q00,test,8,2767139069,"[0, 7, 17, 21]",4,[],0,0,4,0,0
code_n24_k12_cw3_004_q00,code_n24_k12_cw3_004,q00,test,9,2768139072,"[1, 2, 5, 14, 22]",5,[],0,0,5,0,0
code_n24_k12_cw3_004_q00,code_n24_k12_cw3_004,q00,test,10,2769139075,"[2, 3, 14, 18, 19, 21, 23]",7,[],0,0,7,0,0
code_n24_k12_cw3_004_q00,code_n24_k12_cw3_004,q00,test,11,2770139078,"[5, 14]",2,[],0,0,2,0,0
code_n24_k12_cw3_004_q00,code_n24_k12_cw3_004,q00,test,12,2771139081,"[4, 10, 13, 16]",4,[],0,0,4,0,0
code_n24_k12_cw3_004_q00,code_n24_k12_cw3_004,q00,test,13,2772139084,"[5, 7, 9, 13, 14, 17, 19, 20]",8,[],0,0,8,0,0
code_n24_k12_cw3_004_q00,code_n24_k12_cw3_004,q00,test,14,2773139087,"[0, 3, 7, 14]",4,[],0,0,4,0,0
code_n24_k12_cw3_004_q00,code_n24_k12_cw3_004,q00,test,15,2774139090,[10],1,[],0,0,1,0,0
code_n24_k12_cw3_004_q00,code_n24_k12_cw3_004,q00,test,16,2775139093,"[7, 10]",2,[],0,0,2,0,0
code_n24_k12_cw3_004_q00,code_n24_k12_cw3_004,q00,test,17,2776139096,"[8, 11]",2,[],0,0,2,0,0
code_n24_k12_cw3_004_q00,code_n24_k12_cw3_004,q00,test,18,2777139099,"[2, 7, 9, 19]",4,[],0,0,4,0,0
code_n24_k12_cw3_004_q00,code_n24_k12_cw3_004,q00,test,19,2778139102,"[15, 20]",2,[],0,0,2,0,0
code_n24_k12_cw3_004_q00,code_n24_k12_cw3_004,q00,test,20,2779139105,"[7, 9, 11, 17, 19, 21, 23]",7,[],0,0,7,0,0
code_n24_k12_cw3_004_q00,code_n24_k12_cw3_004,q00,test,21,2780139108,"[13, 15, 20]",3,[],0,0,3,0,0
code_n24_k12_cw3_004_q00,code_n24_k12_cw3_004,q00,test,22,2781139111,"[6, 7, 19, 22]",4,[],0,0,4,0,0
code_n24_k12_cw3_004_q00,code_n24_k12_cw3_004,q00,test,23,2782139114,"[3, 4, 5, 13, 21]",5,[],0,0,5,0,0
code_n24_k12_cw3_004_q00,code_n24_k12_cw3_004,q00,test,24,2783139117,"[1, 9, 11, 16, 19, 20, 23]",7,[],0,0,7,0,0
code_n24_k12_cw3_004_q00,code_n24_k12_cw3_004,q00,test,25,2784139120,"[0, 5, 13, 17, 18, 22]",6,[],0,0,6,0,0
code_n24_k12_cw3_004_q00,code_n24_k12_cw3_004,q00,test,26,2785139123,"[1, 9, 22]",3,[],0,0,3,0,0
code_n24_k12_cw3_004_q00,code_n24_k12_cw3_004,q00,test,27,2786139126,"[1, 2, 5, 19, 23]",5,[],0,0,5,0,0
code_n24_k12_cw3_004_q00,code_n24_k12_cw3_004,q00,test,28,2787139129,"[2, 14]",2,[],0,0,2,0,0
code_n24_k12_cw3_004_q00,code_n24_k12_cw3_004,q00,test,29,2788139132,"[1, 5, 7, 15]",4,[],0,0,4,0,0
code_n24_k12_cw3_004_q00,code_n24_k12_cw3_004,q00,test,30,2789139135,"[5, 6, 11, 20, 23]",5,[],0,0,5,0,0
code_n24_k12_cw3_004_q00,code_n24_k12_cw3_004,q00,test,31,2790139138,"[3, 4, 7, 12, 17, 22, 23]",7,[],0,0,7,0,0
code_n24_k12_cw3_004_q00,code_n24_k12_cw3_004,q00,test,32,2791139141,"[3, 10, 19, 20, 22]",5,[],0,0,5,0,0
code_n24_k12_cw3_004_q00,code_n24_k12_cw3_004,q00,test,33,2792139144,"[0, 9, 15]",3,[],0,0,3,0,0
code_n24_k12_cw3_004_q00,code_n24_k12_cw3_004,q00,test,34,2793139147,"[7, 9, 10, 12, 17, 18, 19, 23]",8,[],0,0,8,0,0
code_n24_k12_cw3_004_q00,code_n24_k12_cw3_004,q00,test,35,2794139150,"[6, 9, 10, 13, 20, 21]",6,[],0,0,6,0,0
code_n24_k12_cw3_004_q00,code_n24_k12_cw3_004,q00,test,36,2795139153,"[2, 6, 8, 16, 20, 21]",6,[],0,0,6,0,0
code_n24_k12_cw3_004_q00,code_n24_k12_cw3_004,q00,test,37,2796139156,"[8, 17, 22]",3,[],0,0,3,0,0
code_n24_k12_cw3_004_q00,code_n24_k12_cw3_004,q00,test,38,2797139159,"[6, 13, 17, 18, 19, 20]",6,[],0,0,6,0,0
code_n24_k12_cw3_004_q00,code_n24_k12_cw3_004,q00,test,39,2798139162,"[0, 11]",2,[],0,0,2,0,0
code_n24_k12_cw3_004_q00,code_n24_k12_cw3_004,q00,test,40,2799139165,"[8, 12, 14, 16]",4,[],0,0,4,0,0
code_n24_k12_cw3_004_q00,code_n24_k12_cw3_004,q00,test,41,2800139168,"[11, 12, 14, 16, 18, 23]",6,[],0,0,6,0,0
code_n24_k12_cw3_004_q00,code_n24_k12_cw3_004,q00,test,42,2801139171,"[5, 8, 10, 20, 21]",5,"[5, 8, 10, 20, 21]",5,1,5,0,0
code_n24_k12_cw3_004_q00,code_n24_k12_cw3_004,q00,test,43,2802139174,"[9, 10, 17, 20, 21]",5,[],0,0,5,0,0
code_n24_k12_cw3_004_q00,code_n24_k12_cw3_004,q00,test,44,2803139177,"[3, 6, 12, 15, 16]",5,[],0,0,5,0,0
code_n24_k12_cw3_004_q00,code_n24_k12_cw3_004,q00,test,45,2804139180,"[0, 1, 5, 12]",4,[],0,0,4,0,0
code_n24_k12_cw3_004_q00,code_n24_k12_cw3_004,q00,test,46,2805139183,"[10, 19, 20, 23]",4,[],0,0,4,0,0
code_n24_k12_cw3_004_q00,code_n24_k12_cw3_004,q00,test,47,2806139186,"[4, 14, 15, 20, 21, 22]",6,[],0,0,6,0,0
code_n24_k12_cw3_004_q00,code_n24_k12_cw3_004,q00,test,48,2807139189,"[8, 10]",2,[],0,0,2,0,0
code_n24_k12_cw3_004_q00,code_n24_k12_cw3_004,q00,test,49,2808139192,"[6, 17, 23]",3,[],0,0,3,0,0
code_n24_k12_cw3_004_q00,code_n24_k12_cw3_004,q00,test,50,2809139195,"[3, 13, 16]",3,[],0,0,3,0,0
code_n24_k12_cw3_004_q00,code_n24_k12_cw3_004,q00,test,51,2810139198,"[1, 2, 9, 20, 22]",5,[],0,0,5,0,0
code_n24_k12_cw3_004_q00,code_n24_k12_cw3_004,q00,test,52,2811139201,"[0, 17]",2,[],0,0,2,0,0
code_n24_k12_cw3_004_q00,code_n24_k12_cw3_004,q00,test,53,2812139204,"[10, 20, 23]",3,[],0,0,3,0,0
code_n24_k12_cw3_004_q00,code_n24_k12_cw3_004,q00,test,54,2813139207,"[1, 2, 11, 15, 21, 22]",6,[],0,0,6,0,0
code_n24_k12_cw3_004_q00,code_n24_k12_cw3_004,q00,test,55,2814139210,"[0, 3, 4, 8, 12, 20]",6,[],0,0,6,0,0
code_n24_k12_cw3_004_q00,code_n24_k12_cw3_004,q00,test,56,2815139213,"[4, 18, 20]",3,[],0,0,3,0,0
code_n24_k12_cw3_004_q00,code_n24_k12_cw3_004,q00,test,57,2816139216,"[5, 6, 7, 15, 20]",5,[],0,0,5,0,0
code_n24_k12_cw3_004_q00,code_n24_k12_cw3_004,q00,test,58,2817139219,"[1, 15, 19]",3,[],0,0,3,0,0
code_n24_k12_cw3_004_q00,code_n24_k12_cw3_004,q00,test,59,2818139222,"[1, 2, 4, 12, 17]",5,[],0,0,5,0,0
code_n24_k12_cw3_004_q00,code_n24_k12_cw3_004,q00,test,60,2819139225,"[7, 9, 21]",3,[],0,0,3,0,0
code_n24_k12_cw3_004_q00,code_n24_k12_cw3_004,q00,test,61,2820139228,"[0, 2, 9, 11, 12, 21, 23]",7,[],0,0,7,0,0
code_n24_k12_cw3_004_q00,code_n24_k12_cw3_004,q00,test,62,2821139231,"[1, 2, 20]",3,[],0,0,3,0,0
code_n24_k12_cw3_004_q00,code_n24_k12_cw3_004,q00,test,63,2822139234,"[1, 6, 8, 13, 20, 22, 23]",7,[],0,0,7,0,0
code_n24_k12_cw3_004_q01,code_n24_k12_cw3_004,q01,test,0,2037759086,"[0, 5, 6, 7, 9, 11, 14, 16]",8,[],0,0,8,0,0
code_n24_k12_cw3_004_q01,code_n24_k12_cw3_004,q01,test,1,2038759089,"[0, 1, 2, 3, 9, 10, 12, 14, 16, 17, 20]",11,"[0, 2, 9, 10, 12, 16, 17, 20]",8,1,11,0,0
code_n24_k12_cw3_004_q01,code_n24_k12_cw3_004,q01,test,2,2039759092,"[6, 7, 8, 9, 10, 15, 16, 18, 20, 21, 22]",11,"[6, 7, 8, 10, 15, 18, 20, 21, 22]",9,1,11,0,0
code_n24_k12_cw3_004_q01,code_n24_k12_cw3_004,q01,test,3,2040759095,"[0, 10, 13, 17, 18, 19, 20, 21]",8,[],0,0,8,0,0
code_n24_k12_cw3_004_q01,code_n24_k12_cw3_004,q01,test,4,2041759098,"[2, 3, 14, 15, 16, 21]",6,[],0,0,6,0,0
code_n24_k12_cw3_004_q01,code_n24_k12_cw3_004,q01,test,5,2042759101,"[12, 16, 17, 18, 20]",5,[],0,0,5,0,0
code_n24_k12_cw3_004_q01,code_n24_k12_cw3_004,q01,test,6,2043759104,"[1, 4, 8, 14, 17, 19]",6,[],0,0,6,0,0
code_n24_k12_cw3_004_q01,code_n24_k12_cw3_004,q01,test,7,2044759107,"[0, 1, 6, 7, 10, 12, 19]",7,[],0,0,7,0,0
code_n24_k12_cw3_004_q01,code_n24_k12_cw3_004,q01,test,8,2045759110,"[2, 8, 9, 10, 11, 16, 19, 20, 23]",9,"[2, 8, 9, 10, 11, 23]",6,1,9,0,0
code_n24_k12_cw3_004_q01,code_n24_k12_cw3_004,q01,test,9,2046759113,[10],1,[],0,0,1,0,0
code_n24_k12_cw3_004_q01,code_n24_k12_cw3_004,q01,test,10,2047759116,"[10, 11, 17, 19]",4,[],0,0,4,0,0
code_n24_k12_cw3_004_q01,code_n24_k12_cw3_004,q01,test,11,2048759119,"[5, 11, 16]",3,[],0,0,3,0,0
code_n24_k12_cw3_004_q01,code_n24_k12_cw3_004,q01,test,12,2049759122,"[1, 4, 6, 15, 21]",5,[],0,0,5,0,0
code_n24_k12_cw3_004_q01,code_n24_k12_cw3_004,q01,test,13,2050759125,"[6, 7, 12, 14, 19, 21]",6,[],0,0,6,0,0
code_n24_k12_cw3_004_q01,code_n24_k12_cw3_004,q01,test,14,2051759128,"[1, 7, 11, 12, 14]",5,[],0,0,5,0,0
code_n24_k12_cw3_004_q01,code_n24_k12_cw3_004,q01,test,15,2052759131,"[4, 19, 22, 23]",4,[],0,0,4,0,0
code_n24_k12_cw3_004_q01,code_n24_k12_cw3_004,q01,test,16,2053759134,"[1, 3, 4, 5, 8]",5,[],0,0,5,0,0
code_n24_k12_cw3_004_q01,code_n24_k12_cw3_004,q01,test,17,2054759137,"[0, 1, 3, 8, 9, 14, 16, 21]",8,"[0, 3, 8, 14, 21]",5,1,8,0,0
code_n24_k12_cw3_004_q01,code_n24_k12_cw3_004,q01,test,18,2055759140,"[16, 20]",2,[],0,0,2,0,0
code_n24_k12_cw3_004_q01,code_n24_k12_cw3_004,q01,test,19,2056759143,"[3, 11, 17, 21]",4,[],0,0,4,0,0
code_n24_k12_cw3_004_q01,code_n24_k12_cw3_004,q01,test,20,2057759146,"[1, 3, 5, 6, 7, 11, 14, 15, 20, 22, 23]",11,"[3, 5, 7, 14, 15]",5,1,11,0,0
code_n24_k12_cw3_004_q01,code_n24_k12_cw3_004,q01,test,21,2058759149,"[7, 8, 9, 12, 13, 18]",6,[],0,0,6,0,0
code_n24_k12_cw3_004_q01,code_n24_k12_cw3_004,q01,test,22,2059759152,"[2, 4, 6, 10, 12, 14, 16, 18, 23]",9,"[2, 4, 10, 12, 16, 18, 23]",7,1,8,1,1
code_n24_k12_cw3_004_q01,code_n24_k12_cw3_004,q01,test,23,2060759155,"[1, 6, 11, 20]",4,[],0,0,4,0,0
code_n24_k12_cw3_004_q01,code_n24_k12_cw3_004,q01,test,24,2061759158,"[3, 5, 6, 7, 8, 13, 17, 19, 23]",9,[],0,0,9,0,0
code_n24_k12_cw3_004_q01,code_n24_k12_cw3_004,q01,test,25,2062759161,"[3, 4, 7, 17, 18]",5,[],0,0,5,0,0
code_n24_k12_cw3_004_q01,code_n24_k12_cw3_004,q01,test,26,2063759164,"[1, 6, 8, 13, 15, 19]",6,[],0,0,6,0,0
code_n24_k12_cw3_004_q01,code_n24_k12_cw3_004,q01,test,27,2064759167,"[10, 11, 12, 15, 18, 20, 22, 23]",8,"[10, 11, 12, 18, 23]",5,1,8,0,0
code_n24_k12_cw3_004_q01,code_n24_k12_cw3_004,q01,test,28,2065759170,"[3, 5, 14, 22]",4,"[3, 5, 14]",3,1,4,0,0
code_n24_k12_cw3_004_q01,code_n24_k12_cw3_004,q01,test,29,2066759173,"[2, 6, 14, 15, 20]",5,[],0,0,5,0,0
code_n24_k12_cw3_004_q01,code_n24_k12_cw3_004,q01,test,30,2067759176,"[2, 7, 11, 18]",4,[],0,0,4,0,0
code_n24_k12_cw3_004_q01,code_n24_k12_cw3_004,q01,test,31,2068759179,"[13, 15, 19]",3,[],0,0,3,0,0
code_n24_k12_cw3_004_q01,code_n24_k12_cw3_004,q01,test,32,2069759182,"[0, 6, 12, 13, 20, 21]",6,[],0,0,6,0,0
code_n24_k12_cw3_004_q01,code_n24_k12_cw3_004,q01,test,33,2070759185,[5],1,[],0,0,1,0,0
code_n24_k12_cw3_004_q01,code_n24_k12_cw3_004,q01,test,34,2071759188,"[1, 2, 23]",3,[],0,0,3,0,0
code_n24_k12_cw3_004_q01,code_n24_k12_cw3_004,q01,test,35,2072759191,"[0, 7, 11, 14, 20, 21]",6,[],0,0,6,0,0
code_n24_k12_cw3_004_q01,code_n24_k12_cw3_004,q01,test,36,2073759194,"[5, 14, 15, 23]",4,[],0,0,4,0,0
code_n24_k12_cw3_004_q01,code_n24_k12_cw3_004,q01,test,37,2074759197,"[1, 7, 11, 12]",4,[],0,0,4,0,0
code_n24_k12_cw3_004_q01,code_n24_k12_cw3_004,q01,test,38,2075759200,"[7, 10, 11, 12, 13, 14, 18]",7,[],0,0,7,0,0
code_n24_k12_cw3_004_q01,code_n24_k12_cw3_004,q01,test,39,2076759203,"[3, 6, 13, 14, 16]",5,[],0,0,5,0,0
code_n24_k12_cw3_004_q01,code_n24_k12_cw3_004,q01,test,40,2077759206,"[1, 5, 10, 13, 16, 18, 20]",7,[],0,0,7,0,0
code_n24_k12_cw3_004_q01,code_n24_k12_cw3_004,q01,test,41,2078759209,"[4, 5, 13, 16]",4,[],0,0,4,0,0
code_n24_k12_cw3_004_q01,code_n24_k12_cw3_004,q01,test,42,2079759212,"[4, 7, 13, 16, 17, 19, 21]",7,[],0,0,7,0,0
code_n24_k12_cw3_004_q01,code_n24_k12_cw3_004,q01,test,43,2080759215,"[6, 7, 8, 22]",4,[],0,0,4,0,0
code_n24_k12_cw3_004_q01,code_n24_k12_cw3_004,q01,test,44,2081759218,"[2, 7, 12, 13, 16, 19, 21]",7,[],0,0,7,0,0
code_n24_k12_cw3_004_q01,code_n24_k12_cw3_004,q01,test,45,2082759221,"[2, 3, 7, 16, 17]",5,[],0,0,5,0,0
code_n24_k12_cw3_004_q01,code_n24_k12_cw3_004,q01,test,46,2083759224,"[4, 6, 14, 17, 18, 22]",6,[],0,0,6,0,0
code_n24_k12_cw3_004_q01,code_n24_k12_cw3_004,q01,test,47,2084759227,"[0, 1, 6, 8, 15, 16, 23]",7,[],0,0,7,0,0
code_n24_k12_cw3_004_q01,code_n24_k12_cw3_004,q01,test,48,2085759230,"[0, 4, 14, 16, 20, 22]",6,[],0,0,6,0,0
code_n24_k12_cw3_004_q01,code_n24_k12_cw3_004,q01,test,49,2086759233,"[1, 2, 6, 7, 10, 12, 18]",7,[],0,0,7,0,0
code_n24_k12_cw3_004_q01,code_n24_k12_cw3_004,q01,test,50,2087759236,"[9, 14, 15, 19, 21]",5,[],0,0,5,0,0
code_n24_k12_cw3_004_q01,code_n24_k12_cw3_004,q01,test,51,2088759239,"[0, 1, 4, 10, 13, 14, 19, 23]",8,"[0, 4, 13, 14, 23]",5,1,8,0,0
code_n24_k12_cw3_004_q01,code_n24_k12_cw3_004,q01,test,52,2089759242,"[8, 14, 15, 20]",4,[],0,0,4,0,0
code_n24_k12_cw3_004_q01,code_n24_k12_cw3_004,q01,test,53,2090759245,"[1, 6, 9, 14, 16]",5,[],0,0,5,0,0
code_n24_k12_cw3_004_q01,code_n24_k12_cw3_004,q01,test,54,2091759248,"[6, 12, 15, 17, 21]",5,[],0,0,5,0,0
code_n24_k12_cw3_004_q01,code_n24_k12_cw3_004,q01,test,55,2092759251,"[5, 7, 14, 16, 17, 19, 20, 22, 23]",9,[],0,0,9,0,0
code_n24_k12_cw3_004_q01,code_n24_k12_cw3_004,q01,test,56,2093759254,"[0, 9, 11, 16, 18, 19, 21]",7,"[9, 11, 16, 18, 19, 21]",6,1,7,0,0
code_n24_k12_cw3_004_q01,code_n24_k12_cw3_004,q01,test,57,2094759257,"[3, 6, 10, 14, 17, 21]",6,[],0,0,6,0,0
code_n24_k12_cw3_004_q01,code_n24_k12_cw3_004,q01,test,58,2095759260,"[1, 10, 11, 13, 14, 20]",6,[],0,0,6,0,0
code_n24_k12_cw3_004_q01,code_n24_k12_cw3_004,q01,test,59,2096759263,"[3, 8, 11, 19]",4,[],0,0,4,0,0
code_n24_k12_cw3_004_q01,code_n24_k12_cw3_004,q01,test,60,2097759266,"[3, 5, 7, 9, 14, 18, 19, 21, 22]",9,"[3, 5, 14]",3,1,9,0,0
code_n24_k12_cw3_004_q01,code_n24_k12_cw3_004,q01,test,61,2098759269,"[7, 9, 13, 14, 17, 21]",6,[],0,0,6,0,0
code_n24_k12_cw3_004_q01,code_n24_k12_cw3_004,q01,test,62,2099759272,"[0, 5, 20, 22]",4,[],0,0,4,0,0
code_n24_k12_cw3_004_q01,code_n24_k12_cw3_004,q01,test,63,2100759275,"[4, 6, 7, 9, 13, 18]",6,[],0,0,6,0,0
code_n24_k12_cw3_004_q02,code_n24_k12_cw3_004,q02,test,0,1316379127,"[7, 14, 15, 20, 21]",5,[],0,0,5,0,0
code_n24_k12_cw3_004_q02,code_n24_k12_cw3_004,q02,test,1,1317379130,"[1, 7, 11, 15, 17, 22]",6,[],0,0,6,0,0
code_n24_k12_cw3_004_q02,code_n24_k12_cw3_004,q02,test,2,1318379133,"[6, 8, 9, 15, 17, 20]",6,[],0,0,6,0,0
code_n24_k12_cw3_004_q02,code_n24_k12_cw3_004,q02,test,3,1319379136,"[0, 1, 3, 4, 19, 22]",6,[],0,0,6,0,0
code_n24_k12_cw3_004_q02,code_n24_k12_cw3_004,q02,test,4,1320379139,"[2, 14, 16, 18, 19, 21, 23]",7,[],0,0,7,0,0
code_n24_k12_cw3_004_q02,code_n24_k12_cw3_004,q02,test,5,1321379142,"[0, 3, 5, 8, 15, 17, 18, 22, 23]",9,[],0,0,9,0,0
code_n24_k12_cw3_004_q02,code_n24_k12_cw3_004,q02,test,6,1322379145,"[1, 5, 7, 11, 19, 22]",6,[],0,0,6,0,0
code_n24_k12_cw3_004_q02,code_n24_k12_cw3_004,q02,test,7,1323379148,"[0, 1, 2, 4, 8, 12, 22]",7,[],0,0,7,0,0
code_n24_k12_cw3_004_q02,code_n24_k12_cw3_004,q02,test,8,1324379151,"[1, 2, 4, 8, 11, 12, 23]",7,[],0,0,7,0,0
code_n24_k12_cw3_004_q02,code_n24_k12_cw3_004,q02,test,9,1325379154,"[2, 16, 20, 21, 22]",5,[],0,0,5,0,0
code_n24_k12_cw3_004_q02,code_n24_k12_cw3_004,q02,test,10,1326379157,"[6, 9, 14, 22]",4,[],0,0,4,0,0
code_n24_k12_cw3_004_q02,code_n24_k12_cw3_004,q02,test,11,1327379160,"[0, 1, 12, 17, 19, 23]",6,[],0,0,6,0,0
code_n24_k12_cw3_004_q02,code_n24_k12_cw3_004,q02,test,12,1328379163,"[14, 15, 16, 17, 23]",5,[],0,0,5,0,0
code_n24_k12_cw3_004_q02,code_n24_k12_cw3_004,q02,test,13,1329379166,"[1, 3, 6, 11, 12, 18, 19, 20]",8,[],0,0,8,0,0
code_n24_k12_cw3_004_q02,code_n24_k12_cw3_004,q02,test,14,1330379169,"[4, 9, 11, 21]",4,[],0,0,4,0,0
code_n24_k12_cw3_004_q02,code_n24_k12_cw3_004,q02,test,15,1331379172,"[2, 3, 13, 15, 19, 20]",6,[],0,0,6,0,0
code_n24_k12_cw3_004_q02,code_n24_k12_cw3_004,q02,test,16,1332379175,"[0, 4, 5, 6, 9, 11, 18, 20]",8,"[0, 4, 5, 6, 11, 18, 20]",7,1,7,1,1
code_n24_k12_cw3_004_q02,code_n24_k12_cw3_004,q02,test,17,1333379178,"[0, 3, 4, 5, 10, 11, 14, 15, 16, 17, 20]",11,"[0, 3, 4, 5, 11, 14, 20]",7,1,10,1,1
code_n24_k12_cw3_004_q02,code_n24_k12_cw3_004,q02,test,18,1334379181,"[0, 1, 2, 4, 5, 14, 15, 21, 22, 23]",10,"[0, 5, 14, 21, 22]",5,1,10,0,0
code_n24_k12_cw3_004_q02,code_n24_k12_cw3_004,q02,test,19,1335379184,"[10, 15, 16, 19, 22]",5,[],0,0,5,0,0
code_n24_k12_cw3_004_q02,code_n24_k12_cw3_004,q02,test,20,1336379187,"[6, 8, 12, 19, 20, 21]",6,[],0,0,6,0,0
code_n24_k12_cw3_004_q02,code_n24_k12_cw3_004,q02,test,21,1337379190,"[2, 4, 5, 6, 9, 11, 17, 19, 21, 22, 23]",11,"[2, 4, 9, 11, 17, 19, 21, 23]",8,1,10,1,1
code_n24_k12_cw3_004_q02,code_n24_k12_cw3_004,q02,test,22,1338379193,"[1, 2, 4, 6, 7, 8, 9, 12, 13, 23]",10,[],0,0,10,0,0
code_n24_k12_cw3_004_q02,code_n24_k12_cw3_004,q02,test,23,1339379196,"[2, 4, 5, 8, 12, 16, 17]",7,[],0,0,7,0,0
code_n24_k12_cw3_004_q02,code_n24_k12_cw3_004,q02,test,24,1340379199,"[0, 4, 5, 6, 13, 14, 17, 18, 19]",9,[],0,0,9,0,0
code_n24_k12_cw3_004_q02,code_n24_k12_cw3_004,q02,test,25,1341379202,"[1, 2, 6, 14, 15, 16, 19, 21, 23]",9,"[1, 2, 6, 15, 16, 19, 21, 23]",8,1,9,0,0
code_n24_k12_cw3_004_q02,code_n24_k12_cw3_004,q02,test,26,1342379205,"[0, 3, 7, 10, 16, 17, 22]",7,[],0,0,7,0,0
code_n24_k12_cw3_004_q02,code_n24_k12_cw3_004,q02,test,27,1343379208,"[0, 5, 10, 12, 16, 20, 22, 23]",8,[],0,0,8,0,0
code_n24_k12_cw3_004_q02,code_n24_k12_cw3_004,q02,test,28,1344379211,"[0, 1, 4, 5, 8, 10, 13, 18, 19, 21, 23]",11,"[0, 4, 5, 8, 10, 19, 21, 23]",8,1,10,1,1
code_n24_k12_cw3_004_q02,code_n24_k12_cw3_004,q02,test,29,1345379214,"[0, 1, 5, 13, 19, 20]",6,[],0,0,6,0,0
code_n24_k12_cw3_004_q02,code_n24_k12_cw3_004,q02,test,30,1346379217,"[2, 4, 13, 15, 16, 23]",6,[],0,0,6,0,0
code_n24_k12_cw3_004_q02,code_n24_k12_cw3_004,q02,test,31,1347379220,"[0, 1, 6, 7, 8, 14, 17, 18]",8,"[0, 1, 6, 7, 14, 17, 18]",7,1,8,0,0
code_n24_k12_cw3_004_q02,code_n24_k12_cw3_004,q02,test,32,1348379223,"[1, 8, 11, 13, 17, 19, 22]",7,[],0,0,7,0,0
code_n24_k12_cw3_004_q02,code_n24_k12_cw3_004,q02,test,33,1349379226,"[4, 5, 7, 10, 14, 15, 21]",7,"[5, 7, 14, 15]",4,1,7,0,0
code_n24_k12_cw3_004_q02,code_n24_k12_cw3_004,q02,test,34,1350379229,"[2, 3, 4, 5, 7, 8, 10, 12, 15, 21, 23]",11,"[3, 4, 5, 7, 8, 10, 15, 21]",8,1,11,0,0
code_n24_k12_cw3_004_q02,code_n24_k12_cw3_004,q02,test,35,1351379232,"[2, 10, 13, 15, 16, 18, 19, 21, 22]",9,"[2, 10, 13, 16, 18, 19, 21, 22]",8,1,8,1,1
code_n24_k12_cw3_004_q02,code_n24_k12_cw3_004,q02,test,36,1352379235,"[1, 3, 5, 11, 15, 16, 22, 23]",8,[],0,0,8,0,0
code_n24_k12_cw3_004_q02,code_n24_k12_cw3_004,q02,test,37,1353379238,"[12, 15, 16, 17, 18, 19, 20, 21, 22]",9,"[12, 16, 17, 18, 19, 21]",6,1,9,0,0
code_n24_k12_cw3_004_q02,code_n24_k12_cw3_004,q02,test,38,1354379241,"[0, 1, 5, 10, 11, 13, 15, 19]",8,[],0,0,8,0,0
code_n24_k12_cw3_004_q02,code_n24_k12_cw3_004,q02,test,39,1355379244,"[1, 4, 14, 16, 17, 23]",6,[],0,0,6,0,0
code_n24_k12_cw3_004_q02,code_n24_k12_cw3_004,q02,test,40,1356379247,"[6, 8, 10, 13, 14, 15, 22]",7,[],0,0,7,0,0
code_n24_k12_cw3_004_q02,code_n24_k12_cw3_004,q02,test,41,1357379250,"[0, 3, 6, 13, 21, 23]",6,[],0,0,6,0,0
code_n24_k12_cw3_004_q02,code_n24_k12_cw3_004,q02,test,42,1358379253,"[0, 1, 3, 7, 8, 9, 12, 19]",8,[],0,0,8,0,0
code_n24_k12_cw3_004_q02,code_n24_k12_cw3_004,q02,test,43,1359379256,"[3, 4, 8, 12, 13, 17, 21]",7,[],0,0,7,0,0
code_n24_k12_cw3_004_q02,code_n24_k12_cw3_004,q02,test,44,1360379259,"[14, 15, 18, 19]",4,[],0,0,4,0,0
code_n24_k12_cw3_004_q02,code_n24_k12_cw3_004,q02,test,45,1361379262,"[4, 6, 7, 12, 13, 16]",6,[],0,0,6,0,0
code_n24_k12_cw3_004_q02,code_n24_k12_cw3_004,q02,test,46,1362379265,"[3, 4, 7, 22]",4,[],0,0,4,0,0
code_n24_k12_cw3_004_q02,code_n24_k12_cw3_004,q02,test,47,1363379268,"[3, 5, 6, 7, 12, 21, 23]",7,[],0,0,7,0,0
code_n24_k12_cw3_004_q02,code_n24_k12_cw3_004,q02,test,48,1364379271,"[0, 2, 8, 9, 10, 11, 12, 17, 19, 23]",10,"[2, 8, 9, 10, 11, 17, 23]",7,1,9,1,1
code_n24_k12_cw3_004_q02,code_n24_k12_cw3_004,q02,test,49,1365379274,"[10, 11, 16, 23]",4,[],0,0,4,0,0
code_n24_k12_cw3_004_q02,code_n24_k12_cw3_004,q02,test,50,1366379277,"[2, 8, 9, 11, 16, 17, 18, 20, 23]",9,"[2, 9, 11, 16, 17, 18, 23]",7,1,9,0,0
code_n24_k12_cw3_004_q02,code_n24_k12_cw3_004,q02,test,51,1367379280,"[3, 5, 7, 14, 15, 16, 19, 21, 23]",9,"[3, 5, 7, 14, 15]",5,1,9,0,0
code_n24_k12_cw3_004_q02,code_n24_k12_cw3_004,q02,test,52,1368379283,"[5, 7, 8, 15, 18, 19]",6,[],0,0,6,0,0
code_n24_k12_cw3_004_q02,code_n24_k12_cw3_004,q02,test,53,1369379286,"[5, 6, 7, 8, 9, 12, 18, 19, 21, 22]",10,"[5, 6, 8, 12, 18, 19]",6,1,10,0,0
code_n24_k12_cw3_004_q02,code_n24_k12_cw3_004,q02,test,54,1370379289,"[0, 1, 3, 5, 7, 8, 10, 14, 17, 20]",10,"[0, 3, 5, 8, 10, 14, 20]",7,1,10,0,0
code_n24_k12_cw3_004_q02,code_n24_k12_cw3_004,q02,test,55,1371379292,"[2, 3, 11, 19, 20, 21, 22]",7,"[3, 11, 21, 22]",4,1,6,1,1
code_n24_k12_cw3_004_q02,code_n24_k12_cw3_004,q02,test,56,1372379295,"[7, 13, 20, 21]",4,[],0,0,4,0,0
code_n24_k12_cw3_004_q02,code_n24_k12_cw3_004,q02,test,57,1373379298,"[2, 4, 5, 7, 9, 10, 13, 15, 17, 22, 23]",11,"[2, 4, 5, 7, 9, 10, 13, 15, 17, 22, 23]",11,1,10,1,1
code_n24_k12_cw3_004_q02,code_n24_k12_cw3_004,q02,test,58,1374379301,"[8, 16, 19]",3,[],0,0,3,0,0
code_n24_k12_cw3_004_q02,code_n24_k12_cw3_004,q02,test,59,1375379304,"[13, 17, 18, 22]",4,[],0,0,4,0,0
code_n24_k12_cw3_004_q02,code_n24_k12_cw3_004,q02,test,60,1376379307,"[3, 6, 11, 13, 14, 18, 19, 20]",8,[],0,0,8,0,0
code_n24_k12_cw3_004_q02,code_n24_k12_cw3_004,q02,test,61,1377379310,"[0, 10, 11, 12, 15, 19]",6,[],0,0,6,0,0
code_n24_k12_cw3_004_q02,code_n24_k12_cw3_004,q02,test,62,1378379313,"[5, 8, 13, 19, 21]",5,[],0,0,5,0,0
code_n24_k12_cw3_004_q02,code_n24_k12_cw3_004,q02,test,63,1379379316,"[3, 4, 5, 11, 16]",5,[],0,0,5,0,0
code_n24_k12_cw3_004_q03,code_n24_k12_cw3_004,q03,test,0,594999168,"[0, 1, 3, 6, 8, 9, 10, 11, 12, 17, 19, 22]",12,"[0, 3, 6, 8, 9, 11, 12, 17, 19, 22]",10,1,11,1,1
code_n24_k12_cw3_004_q03,code_n24_k12_cw3_004,q03,test,1,595999171,"[2, 3, 4, 6, 11, 15, 16, 17, 18, 21]",10,"[2, 4, 11, 16, 17, 18]",6,1,9,1,1
code_n24_k12_cw3_004_q03,code_n24_k12_cw3_004,q03,test,2,596999174,"[0, 1, 2, 5, 9, 10, 11, 19, 21, 22, 23]",11,"[0, 2, 5, 9, 10, 11, 19, 21, 23]",9,1,10,1,1
code_n24_k12_cw3_004_q03,code_n24_k12_cw3_004,q03,test,3,597999177,"[1, 3, 6, 7, 9, 14, 16, 18, 19, 20]",10,"[1, 3, 6, 7, 14, 16]",6,1,9,1,1
code_n24_k12_cw3_004_q03,code_n24_k12_cw3_004,q03,test,4,598999180,"[5, 18, 20, 21]",4,[],0,0,4,0,0
code_n24_k12_cw3_004_q03,code_n24_k12_cw3_004,q03,test,5,599999183,"[1, 5, 7, 10, 12, 13, 15, 16, 18, 19]",10,"[1, 5, 7, 12, 13, 15, 16, 19]",8,1,10,0,0
code_n24_k12_cw3_004_q03,code_n24_k12_cw3_004,q03,test,6,600999186,"[2, 3, 5, 6, 12, 15, 22]",7,[],0,0,7,0,0
code_n24_k12_cw3_004_q03,code_n24_k12_cw3_004,q03,test,7,601999189,"[0, 2, 3, 5, 7, 10, 11, 13, 14, 15, 17, 22]",12,"[0, 2, 3, 5, 7, 10, 11, 14, 15, 17, 22]",11,1,10,2,1
code_n24_k12_cw3_004_q03,code_n24_k12_cw3_004,q03,test,8,602999192,"[0, 4, 8, 15, 19]",5,[],0,0,5,0,0
code_n24_k12_cw3_004_q03,code_n24_k12_cw3_004,q03,test,9,603999195,"[0, 5, 8, 9, 12, 14, 16, 19, 23]",9,"[0, 5, 8, 9, 12, 16, 19]",7,1,9,0,0
code_n24_k12_cw3_004_q03,code_n24_k12_cw3_004,q03,test,10,604999198,"[6, 7, 9, 15, 18, 20, 22, 23]",8,[],0,0,8,0,0
code_n24_k12_cw3_004_q03,code_n24_k12_cw3_004,q03,test,11,605999201,"[1, 2, 3, 4, 5, 7, 11, 14, 17, 18, 20, 21, 23]",13,"[1, 2, 3, 4, 5, 7, 11, 14, 17, 18, 20]",11,1,12,1,1
code_n24_k12_cw3_004_q03,code_n24_k12_cw3_004,q03,test,12,606999204,"[1, 2, 5, 15, 16, 18, 20]",7,"[1, 2, 15, 16, 18, 20]",6,1,7,0,0
code_n24_k12_cw3_004_q03,code_n24_k12_cw3_004,q03,test,13,607999207,"[6, 9, 10, 17, 18, 19, 20, 21, 22, 23]",10,"[10, 19, 21, 23]",4,1,10,0,0
code_n24_k12_cw3_004_q03,code_n24_k12_cw3_004,q03,test,14,608999210,"[3, 6, 7, 10, 20, 22]",6,[],0,0,6,0,0
code_n24_k12_cw3_004_q03,code_n24_k12_cw3_004,q03,test,15,609999213,"[3, 6, 7, 12, 14, 15, 16, 19]",8,"[3, 6, 7, 12, 14, 15, 19]",7,1,7,1,1
code_n24_k12_cw3_004_q03,code_n24_k12_cw3_004,q03,test,16,610999216,"[0, 9, 12, 13, 16, 18, 20, 22, 23]",9,"[0, 9, 12, 13, 16, 18, 20, 22, 23]",9,1,8,1,1
code_n24_k12_cw3_004_q03,code_n24_k12_cw3_004,q03,test,17,611999219,"[1, 5, 7, 10, 13, 14, 16, 21, 22]",9,"[1, 5, 7, 14, 16]",5,1,9,0,0
code_n24_k12_cw3_004_q03,code_n24_k12_cw3_004,q03,test,18,612999222,"[4, 5, 8, 9, 12, 13]",6,[],0,0,6,0,0
code_n24_k12_cw3_004_q03,code_n24_k12_cw3_004,q03,test,19,613999225,"[4, 6, 8, 10, 14]",5,[],0,0,5,0,0
code_n24_k12_cw3_004_q03,code_n24_k12_cw3_004,q03,test,20,614999228,"[0, 3, 11, 14, 19, 20, 23]",7,[],0,0,7,0,0
code_n24_k12_cw3_004_q03,code_n24_k12_cw3_004,q03,test,21,615999231,"[2, 4, 7, 8, 12, 15, 16, 21, 22]",9,[],0,0,9,0,0
code_n24_k12_cw3_004_q03,code_n24_k12_cw3_004,q03,test,22,616999234,"[0, 1, 5, 6, 8, 11, 12, 18, 20, 23]",10,"[0, 5, 6, 8, 11, 12, 18, 20, 23]",9,1,9,1,1
code_n24_k12_cw3_004_q03,code_n24_k12_cw3_004,q03,test,23,617999237,"[3, 7, 11, 18, 20, 21, 23]",7,[],0,0,7,0,0
code_n24_k12_cw3_004_q03,code_n24_k12_cw3_004,q03,test,24,618999240,"[0, 17, 23]",3,[],0,0,3,0,0
code_n24_k12_cw3_004_q03,code_n24_k12_cw3_004,q03,test,25,619999243,"[0, 1, 2, 3, 7, 19, 20, 22, 23]",9,[],0,0,9,0,0
code_n24_k12_cw3_004_q03,code_n24_k12_cw3_004,q03,test,26,620999246,"[4, 9, 13, 14, 19, 23]",6,[],0,0,6,0,0
code_n24_k12_cw3_004_q03,code_n24_k12_cw3_004,q03,test,27,621999249,"[0, 1, 4, 7, 8, 10, 11, 14, 15, 20, 21, 22]",12,"[0, 4, 7, 8, 10, 11, 14, 15, 20, 21, 22]",11,1,10,2,1
code_n24_k12_cw3_004_q03,code_n24_k12_cw3_004,q03,test,28,622999252,"[5, 6, 9, 10, 13, 16, 17, 20, 22]",9,"[5, 6, 9, 10, 13, 16, 17, 20, 22]",9,1,9,0,0
code_n24_k12_cw3_004_q03,code_n24_k12_cw3_004,q03,test,29,623999255,"[1, 4, 19, 21]",4,[],0,0,4,0,0
code_n24_k12_cw3_004_q03,code_n24_k12_cw3_004,q03,test,30,624999258,"[1, 2, 3, 4, 6, 9, 13, 16, 17, 21, 22]",11,"[2, 3, 4, 9, 13, 17, 21, 22]",8,1,11,0,0
code_n24_k12_cw3_004_q03,code_n24_k12_cw3_004,q03,test,31,625999261,"[0, 1, 5, 6, 8, 15, 16, 17, 18, 20, 21, 22]",12,"[0, 1, 5, 6, 8, 15, 16, 17, 18, 21]",10,1,10,2,1
code_n24_k12_cw3_004_q03,code_n24_k12_cw3_004,q03,test,32,626999264,"[2, 3, 10, 12, 13, 16, 17, 19, 23]",9,"[2, 3, 10, 12, 13, 16, 19, 23]",8,1,9,0,0
code_n24_k12_cw3_004_q03,code_n24_k12_cw3_004,q03,test,33,627999267,"[4, 6, 9, 10, 15, 17, 20, 22]",8,[],0,0,8,0,0
code_n24_k12_cw3_004_q03,code_n24_k12_cw3_004,q03,test,34,628999270,"[0, 2, 6, 7, 8, 9, 10, 12, 15, 19, 21, 22, 23]",13,"[0, 2, 6, 7, 8, 9, 10, 12, 15, 19, 21, 22, 23]",13,1,11,2,1
code_n24_k12_cw3_004_q03,code_n24_k12_cw3_004,q03,test,35,629999273,"[0, 2, 3, 5, 7, 12, 14, 15, 17, 19]",10,"[3, 5, 7, 14, 15]",5,1,10,0,0
code_n24_k12_cw3_004_q03,code_n24_k12_cw3_004,q03,test,36,630999276,"[0, 3, 5, 6, 9, 10, 11, 13, 16, 18, 19, 20, 23]",13,"[0, 3, 5, 6, 9, 10, 11, 13, 16, 18, 19, 20, 23]",13,1,11,2,1
code_n24_k12_cw3_004_q03,code_n24_k12_cw3_004,q03,test,37,631999279,"[0, 3, 5, 6, 7, 10, 12, 15, 18, 22]",10,"[3, 5, 7, 15]",4,1,10,0,0
code_n24_k12_cw3_004_q03,code_n24_k12_cw3_004,q03,test,38,632999282,"[3, 7, 8, 10, 13, 17, 18]",7,[],0,0,7,0,0
code_n24_k12_cw3_004_q03,code_n24_k12_cw3_004,q03,test,39,633999285,"[0, 4, 6, 9, 13, 14, 15, 17, 22, 23]",10,"[0, 4, 9, 13, 14, 17, 23]",7,1,10,0,0
code_n24_k12_cw3_004_q03,code_n24_k12_cw3_004,q03,test,40,634999288,"[1, 2, 3, 13, 15, 18, 19]",7,[],0,0,7,0,0
code_n24_k12_cw3_004_q03,code_n24_k12_cw3_004,q03,test,41,635999291,"[4, 5, 16, 19, 20, 21, 22, 23]",8,"[4, 5, 19, 20, 21, 23]",6,1,8,0,0
code_n24_k12_cw3_004_q03,code_n24_k12_cw3_004,q03,test,42,636999294,"[0, 8, 16, 22]",4,[],0,0,4,0,0
code_n24_k12_cw3_004_q03,code_n24_k12_cw3_004,q03,test,43,637999297,"[3, 5, 12, 13, 15, 16, 20, 21, 22]",9,[],0,0,9,0,0
code_n24_k12_cw3_004_q03,code_n24_k12_cw3_004,q03,test,44,638999300,"[0, 3, 4, 5, 7, 9, 10, 12, 13, 14, 16, 20]",12,"[0, 3, 4, 5, 9, 10, 12, 13, 14, 16, 20]",11,1,12,0,0
code_n24_k12_cw3_004_q03,code_n24_k12_cw3_004,q03,test,45,639999303,"[1, 5, 9, 12, 16, 19, 20, 22]",8,[],0,0,8,0,0
code_n24_k12_cw3_004_q03,code_n24_k12_cw3_004,q03,test,46,640999306,"[2, 7, 8, 9, 15, 18, 19, 20]",8,[],0,0,8,0,0
code_n24_k12_cw3_004_q03,code_n24_k12_cw3_004,q03,test,47,641999309,"[1, 4, 5, 9, 13, 15, 19, 22]",8,[],0,0,8,0,0
code_n24_k12_cw3_004_q03,code_n24_k12_cw3_004,q03,test,48,642999312,"[6, 8, 10, 12, 15, 16, 19, 20]",8,[],0,0,8,0,0
code_n24_k12_cw3_004_q03,code_n24_k12_cw3_004,q03,test,49,643999315,"[0, 1, 2, 3, 10, 14, 16, 18, 22, 23]",10,"[0, 2, 10, 14, 16, 18, 22]",7,1,10,0,0
code_n24_k12_cw3_004_q03,code_n24_k12_cw3_004,q03,test,50,644999318,"[3, 4, 5, 6, 9, 11]",6,[],0,0,6,0,0
code_n24_k12_cw3_004_q03,code_n24_k12_cw3_004,q03,test,51,645999321,"[4, 8, 11, 15, 16, 18, 20]",7,[],0,0,7,0,0
code_n24_k12_cw3_004_q03,code_n24_k12_cw3_004,q03,test,52,646999324,"[0, 2, 3, 4, 8, 16, 17, 20, 22]",9,"[0, 2, 4, 17, 20]",5,1,9,0,0
code_n24_k12_cw3_004_q03,code_n24_k12_cw3_004,q03,test,53,647999327,"[0, 6, 7, 10, 15, 17, 21, 22]",8,[],0,0,8,0,0
code_n24_k12_cw3_004_q03,code_n24_k12_cw3_004,q03,test,54,648999330,"[0, 7, 8, 11, 12, 13, 15, 21, 22]",9,"[0, 7, 8, 11, 15, 21, 22]",7,1,9,0,0
code_n24_k12_cw3_004_q03,code_n24_k12_cw3_004,q03,test,55,649999333,"[2, 5, 8, 9, 10, 11, 12, 14, 16, 18, 20, 21, 22]",13,"[2, 5, 8, 9, 10, 11, 12, 14, 16, 18, 20, 21, 22]",13,1,11,2,1
code_n24_k12_cw3_004_q03,code_n24_k12_cw3_004,q03,test,56,650999336,"[6, 10, 16, 17]",4,[],0,0,4,0,0
code_n24_k12_cw3_004_q03,code_n24_k12_cw3_004,q03,test,57,651999339,"[4, 9, 10, 12, 13, 14, 15, 18, 19, 22]",10,"[12, 13, 18, 22]",4,1,9,1,1
code_n24_k12_cw3_004_q03,code_n24_k12_cw3_004,q03,test,58,652999342,"[7, 8, 10, 12, 13, 17, 19, 20, 22, 23]",10,"[8, 10, 13, 22, 23]",5,1,10,0,0
code_n24_k12_cw3_004_q03,code_n24_k12_cw3_004,q03,test,59,653999345,"[0, 7, 9, 14, 16, 20, 21, 22]",8,[],0,0,8,0,0
code_n24_k12_cw3_004_q03,code_n24_k12_cw3_004,q03,test,60,654999348,"[8, 9, 11, 13, 21]",5,[],0,0,5,0,0
code_n24_k12_cw3_004_q03,code_n24_k12_cw3_004,q03,test,61,655999351,"[2, 3, 7, 11, 12, 15, 23]",7,[],0,0,7,0,0
code_n24_k12_cw3_004_q03,code_n24_k12_cw3_004,q03,test,62,656999354,"[1, 3, 8, 12, 14, 18, 19, 22]",8,"[3, 8, 12, 18, 19, 22]",6,1,8,0,0
code_n24_k12_cw3_004_q03,code_n24_k12_cw3_004,q03,test,63,657999357,"[0, 8, 9]",3,[],0,0,3,0,0
code_n24_k12_cw3_005_q00,code_n24_k12_cw3_005,q00,validation,0,3343035328,"[9, 14, 15]",3,[],0,0,3,0,0
code_n24_k12_cw3_005_q00,code_n24_k12_cw3_005,q00,validation,1,3344035331,"[10, 16, 21]",3,[],0,0,3,0,0
code_n24_k12_cw3_005_q00,code_n24_k12_cw3_005,q00,validation,2,3345035334,"[0, 5, 12, 13]",4,[],0,0,4,0,0
code_n24_k12_cw3_005_q00,code_n24_k12_cw3_005,q00,validation,3,3346035337,"[1, 4, 10, 18]",4,[],0,0,4,0,0
code_n24_k12_cw3_005_q00,code_n24_k12_cw3_005,q00,validation,4,3347035340,"[9, 13, 14, 23]",4,[],0,0,4,0,0
code_n24_k12_cw3_005_q00,code_n24_k12_cw3_005,q00,validation,5,3348035343,"[6, 22, 23]",3,[],0,0,3,0,0
code_n24_k12_cw3_005_q00,code_n24_k12_cw3_005,q00,validation,6,3349035346,"[3, 4, 7, 10, 12, 19, 20]",7,[],0,0,7,0,0
code_n24_k12_cw3_005_q00,code_n24_k12_cw3_005,q00,validation,7,3350035349,"[4, 7]",2,[],0,0,2,0,0
code_n24_k12_cw3_005_q00,code_n24_k12_cw3_005,q00,validation,8,3351035352,"[0, 4, 6, 13, 17]",5,[],0,0,5,0,0
code_n24_k12_cw3_005_q00,code_n24_k12_cw3_005,q00,validation,9,3352035355,"[4, 15]",2,[],0,0,2,0,0
code_n24_k12_cw3_005_q00,code_n24_k12_cw3_005,q00,validation,10,3353035358,"[0, 3, 10, 12, 13, 18, 19]",7,[],0,0,7,0,0
code_n24_k12_cw3_005_q00,code_n24_k12_cw3_005,q00,validation,11,3354035361,"[0, 1, 2, 4, 7, 8, 16, 22]",8,[],0,0,8,0,0
code_n24_k12_cw3_005_q00,code_n24_k12_cw3_005,q00,validation,12,3355035364,"[0, 4, 12, 17, 18]",5,[],0,0,5,0,0
code_n24_k12_cw3_005_q00,code_n24_k12_cw3_005,q00,validation,13,3356035367,"[21, 23]",2,[],0,0,2,0,0
code_n24_k12_cw3_005_q00,code_n24_k12_cw3_005,q00,validation,14,3357035370,"[3, 11, 16, 23]",4,[],0,0,4,0,0
code_n24_k12_cw3_005_q00,code_n24_k12_cw3_005,q00,validation,15,3358035373,"[14, 15, 17, 23]",4,[],0,0,4,0,0
code_n24_k12_cw3_005_q00,code_n24_k12_cw3_005,q00,validation,16,3359035376,"[0, 14, 21]",3,[],0,0,3,0,0
code_n24_k12_cw3_005_q00,code_n24_k12_cw3_005,q00,validation,17,3360035379,"[10, 15, 23]",3,[],0,0,3,0,0
code_n24_k12_cw3_005_q00,code_n24_k12_cw3_005,q00,validation,18,3361035382,"[5, 7, 8, 20, 22]",5,[],0,0,5,0,0
code_n24_k12_cw3_005_q00,code_n24_k12_cw3_005,q00,validation,19,3362035385,"[0, 4, 11, 12, 13, 17]",6,[],0,0,6,0,0
code_n24_k12_cw3_005_q00,code_n24_k12_cw3_005,q00,validation,20,3363035388,"[4, 6, 11, 15, 17, 20]",6,[],0,0,6,0,0
code_n24_k12_cw3_005_q00,code_n24_k12_cw3_005,q00,validation,21,3364035391,"[0, 1, 2, 6, 7, 10, 11, 17, 20, 21]",10,"[0, 1, 2, 6, 7, 10, 11, 17, 20, 21]",10,1,8,2,1
code_n24_k12_cw3_005_q00,code_n24_k12_cw3_005,q00,validation,22,3365035394,"[8, 10, 13, 15]",4,[],0,0,4,0,0
code_n24_k12_cw3_005_q00,code_n24_k12_cw3_005,q00,validation,23,3366035397,"[2, 7, 12, 19, 22]",5,[],0,0,5,0,0
code_n24_k12_cw3_005_q00,code_n24_k12_cw3_005,q00,validation,24,3367035400,"[4, 7, 10, 16]",4,[],0,0,4,0,0
code_n24_k12_cw3_005_q00,code_n24_k12_cw3_005,q00,validation,25,3368035403,"[0, 15]",2,[],0,0,2,0,0
code_n24_k12_cw3_005_q00,code_n24_k12_cw3_005,q00,validation,26,3369035406,"[0, 21]",2,[],0,0,2,0,0
code_n24_k12_cw3_005_q00,code_n24_k12_cw3_005,q00,validation,27,3370035409,"[0, 9]",2,[],0,0,2,0,0
code_n24_k12_cw3_005_q00,code_n24_k12_cw3_005,q00,validation,28,3371035412,"[11, 18, 21]",3,[],0,0,3,0,0
code_n24_k12_cw3_005_q00,code_n24_k12_cw3_005,q00,validation,29,3372035415,"[7, 21]",2,[],0,0,2,0,0
code_n24_k12_cw3_005_q00,code_n24_k12_cw3_005,q00,validation,30,3373035418,"[2, 9, 10, 12, 14, 16, 17, 21]",8,"[17, 21]",2,1,7,1,1
code_n24_k12_cw3_005_q00,code_n24_k12_cw3_005,q00,validation,31,3374035421,[7],1,[],0,0,1,0,0
code_n24_k12_cw3_005_q00,code_n24_k12_cw3_005,q00,validation,32,3375035424,"[1, 2, 3, 11, 21, 22, 23]",7,[],0,0,7,0,0
code_n24_k12_cw3_005_q00,code_n24_k12_cw3_005,q00,validation,33,3376035427,"[5, 15, 17]",3,[],0,0,3,0,0
code_n24_k12_cw3_005_q00,code_n24_k12_cw3_005,q00,validation,34,3377035430,"[1, 14, 18, 21]",4,[],0,0,4,0,0
code_n24_k12_cw3_005_q00,code_n24_k12_cw3_005,q00,validation,35,3378035433,"[3, 7, 11, 12, 18, 21, 22]",7,[],0,0,7,0,0
code_n24_k12_cw3_005_q00,code_n24_k12_cw3_005,q00,validation,36,3379035436,"[4, 12]",2,[],0,0,2,0,0
code_n24_k12_cw3_005_q00,code_n24_k12_cw3_005,q00,validation,37,3380035439,"[6, 9, 10, 18, 21]",5,[],0,0,5,0,0
code_n24_k12_cw3_005_q00,code_n24_k12_cw3_005,q00,validation,38,3381035442,"[9, 19]",2,[],0,0,2,0,0
code_n24_k12_cw3_005_q00,code_n24_k12_cw3_005,q00,validation,39,3382035445,"[5, 7, 12]",3,[],0,0,3,0,0
code_n24_k12_cw3_005_q00,code_n24_k12_cw3_005,q00,validation,40,3383035448,"[11, 16]",2,[],0,0,2,0,0
code_n24_k12_cw3_005_q00,code_n24_k12_cw3_005,q00,validation,41,3384035451,"[1, 4, 6, 7, 10, 16]",6,[],0,0,6,0,0
code_n24_k12_cw3_005_q00,code_n24_k12_cw3_005,q00,validation,42,3385035454,"[4, 18, 22]",3,[],0,0,3,0,0
code_n24_k12_cw3_005_q00,code_n24_k12_cw3_005,q00,validation,43,3386035457,"[0, 6, 17]",3,[],0,0,3,0,0
code_n24_k12_cw3_005_q00,code_n24_k12_cw3_005,q00,validation,44,3387035460,"[1, 2, 13, 15, 19, 22, 23]",7,"[1, 13, 15, 19, 23]",5,1,7,0,0
code_n24_k12_cw3_005_q00,code_n24_k12_cw3_005,q00,validation,45,3388035463,"[6, 8, 11, 17, 18, 21]",6,"[6, 8, 11, 17, 21]",5,1,5,1,1
code_n24_k12_cw3_005_q00,code_n24_k12_cw3_005,q00,validation,46,3389035466,"[4, 9, 15, 23]",4,[],0,0,4,0,0
code_n24_k12_cw3_005_q00,code_n24_k12_cw3_005,q00,validation,47,3390035469,"[0, 8, 13, 21]",4,[],0,0,4,0,0
code_n24_k12_cw3_005_q00,code_n24_k12_cw3_005,q00,validation,48,3391035472,"[3, 5, 6, 7, 23]",5,[],0,0,5,0,0
code_n24_k12_cw3_005_q00,code_n24_k12_cw3_005,q00,validation,49,3392035475,"[17, 20, 21, 23]",4,"[17, 21]",2,1,3,1,1
code_n24_k12_cw3_005_q00,code_n24_k12_cw3_005,q00,validation,50,3393035478,"[3, 4, 5, 8, 14, 15, 18]",7,[],0,0,7,0,0
code_n24_k12_cw3_005_q00,code_n24_k12_cw3_005,q00,validation,51,3394035481,"[0, 2]",2,[],0,0,2,0,0
code_n24_k12_cw3_005_q00,code_n24_k12_cw3_005,q00,validation,52,3395035484,"[0, 3, 4, 11, 12, 22]",6,[],0,0,6,0,0
code_n24_k12_cw3_005_q00,code_n24_k12_cw3_005,q00,validation,53,3396035487,"[2, 5, 7, 8, 10, 12, 23]",7,[],0,0,7,0,0
code_n24_k12_cw3_005_q00,code_n24_k12_cw3_005,q00,validation,54,3397035490,"[5, 6, 13, 19, 20, 21]",6,[],0,0,6,0,0
code_n24_k12_cw3_005_q00,code_n24_k12_cw3_005,q00,validation,55,3398035493,"[15, 17, 20, 22]",4,[],0,0,4,0,0
code_n24_k12_cw3_005_q00,code_n24_k12_cw3_005,q00,validation,56,3399035496,[11],1,[],0,0,1,0,0
code_n24_k12_cw3_005_q00,code_n24_k12_cw3_005,q00,validation,57,3400035499,"[6, 14, 17, 23]",4,[],0,0,4,0,0
code_n24_k12_cw3_005_q00,code_n24_k12_cw3_005,q00,validation,58,3401035502,"[1, 3, 6, 10, 13, 15, 18, 21]",8,[],0,0,8,0,0
code_n24_k12_cw3_005_q00,code_n24_k12_cw3_005,q00,validation,59,3402035505,"[8, 16, 21]",3,[],0,0,3,0,0
code_n24_k12_cw3_005_q00,code_n24_k12_cw3_005,q00,validation,60,3403035508,"[5, 8, 14]",3,[],0,0,3,0,0
code_n24_k12_cw3_005_q00,code_n24_k12_cw3_005,q00,validation,61,3404035511,"[0, 2, 9, 10, 17, 22, 23]",7,[],0,0,7,0,0
code_n24_k12_cw3_005_q00,code_n24_k12_cw3_005,q00,validation,62,3405035514,"[1, 8, 14, 16, 19]",5,[],0,0,5,0,0
code_n24_k12_cw3_005_q00,code_n24_k12_cw3_005,q00,validation,63,3406035517,"[1, 15, 18, 22]",4,[],0,0,4,0,0
code_n24_k12_cw3_005_q01,code_n24_k12_cw3_005,q01,validation,0,2621655369,"[1, 5, 14, 16, 19]",5,[],0,0,5,0,0
code_n24_k12_cw3_005_q01,code_n24_k12_cw3_005,q01,validation,1,2622655372,"[14, 22]",2,[],0,0,2,0,0
code_n24_k12_cw3_005_q01,code_n24_k12_cw3_005,q01,validation,2,2623655375,"[2, 5, 7, 14, 18, 20]",6,[],0,0,6,0,0
code_n24_k12_cw3_005_q01,code_n24_k12_cw3_005,q01,validation,3,2624655378,"[4, 10, 13, 20, 21, 22]",6,[],0,0,6,0,0
code_n24_k12_cw3_005_q01,code_n24_k12_cw3_005,q01,validation,4,2625655381,"[6, 9, 17, 23]",4,[],0,0,4,0,0
code_n24_k12_cw3_005_q01,code_n24_k12_cw3_005,q01,validation,5,2626655384,"[1, 2, 8, 13, 14, 18, 23]",7,[],0,0,7,0,0
code_n24_k12_cw3_005_q01,code_n24_k12_cw3_005,q01,validation,6,2627655387,"[2, 5, 8, 9, 19, 20, 21]",7,[],0,0,7,0,0
code_n24_k12_cw3_005_q01,code_n24_k12_cw3_005,q01,validation,7,2628655390,[16],1,[],0,0,1,0,0
code_n24_k12_cw3_005_q01,code_n24_k12_cw3_005,q01,validation,8,2629655393,"[1, 3, 5, 10, 13, 14]",6,[],0,0,6,0,0
code_n24_k12_cw3_005_q01,code_n24_k12_cw3_005,q01,validation,9,2630655396,"[17, 19]",2,[],0,0,2,0,0
code_n24_k12_cw3_005_q01,code_n24_k12_cw3_005,q01,validation,10,2631655399,"[3, 6, 10, 11, 16]",5,[],0,0,5,0,0
code_n24_k12_cw3_005_q01,code_n24_k12_cw3_005,q01,validation,11,2632655402,"[5, 7, 13, 15, 20]",5,[],0,0,5,0,0
code_n24_k12_cw3_005_q01,code_n24_k12_cw3_005,q01,validation,12,2633655405,"[6, 14, 18]",3,[],0,0,3,0,0
code_n24_k12_cw3_005_q01,code_n24_k12_cw3_005,q01,validation,13,2634655408,"[3, 6, 15, 17, 23]",5,[],0,0,5,0,0
code_n24_k12_cw3_005_q01,code_n24_k12_cw3_005,q01,validation,14,2635655411,"[0, 9, 10, 13, 15, 18]",6,[],0,0,6,0,0
code_n24_k12_cw3_005_q01,code_n24_k12_cw3_005,q01,validation,15,2636655414,"[0, 1, 2, 4, 6, 11, 16, 20, 21, 23]",10,"[0, 1, 11, 16, 20, 21, 23]",7,1,10,0,0
code_n24_k12_cw3_005_q01,code_n24_k12_cw3_005,q01,validation,16,2637655417,"[0, 8, 13, 16]",4,[],0,0,4,0,0
code_n24_k12_cw3_005_q01,code_n24_k12_cw3_005,q01,validation,17,2638655420,"[3, 7, 9, 10, 16, 18, 22]",7,"[3, 7, 9, 16]",4,1,7,0,0
code_n24_k12_cw3_005_q01,code_n24_k12_cw3_005,q01,validation,18,2639655423,"[0, 8, 12, 14, 18]",5,[],0,0,5,0,0
code_n24_k12_cw3_005_q01,code_n24_k12_cw3_005,q01,validation,19,2640655426,"[4, 9, 13, 15, 20]",5,[],0,0,5,0,0
code_n24_k12_cw3_005_q01,code_n24_k12_cw3_005,q01,validation,20,2641655429,"[2, 7, 8, 9, 15, 17, 19]",7,[],0,0,7,0,0
code_n24_k12_cw3_005_q01,code_n24_k12_cw3_005,q01,validation,21,2642655432,"[6, 9]",2,[],0,0,2,0,0
code_n24_k12_cw3_005_q01,code_n24_k12_cw3_005,q01,validation,22,2643655435,"[7, 8, 13, 17, 20, 23]",6,[],0,0,6,0,0
code_n24_k12_cw3_005_q01,code_n24_k12_cw3_005,q01,validation,23,2644655438,"[0, 9, 12, 15, 16, 19, 21]",7,[],0,0,7,0,0
code_n24_k12_cw3_005_q01,code_n24_k12_cw3_005,q01,validation,24,2645655441,"[0, 2, 5, 12, 18]",5,[],0,0,5,0,0
code_n24_k12_cw3_005_q01,code_n24_k12_cw3_005,q01,validation,25,2646655444,"[3, 7, 13, 21]",4,[],0,0,4,0,0
code_n24_k12_cw3_005_q01,code_n24_k12_cw3_005,q01,validation,26,2647655447,"[12, 13, 19, 22, 23]",5,[],0,0,5,0,0
code_n24_k12_cw3_005_q01,code_n24_k12_cw3_005,q01,validation,27,2648655450,"[4, 11, 12, 14, 15, 20]",6,[],0,0,6,0,0
code_n24_k12_cw3_005_q01,code_n24_k12_cw3_005,q01,validation,28,2649655453,"[5, 13, 20, 22, 23]",5,[],0,0,5,0,0
code_n24_k12_cw3_005_q01,code_n24_k12_cw3_005,q01,validation,29,2650655456,"[0, 3, 10, 13, 14, 16, 18, 21, 22]",9,[],0,0,9,0,0
code_n24_k12_cw3_005_q01,code_n24_k12_cw3_005,q01,validation,30,2651655459,"[3, 10, 11, 12]",4,[],0,0,4,0,0
code_n24_k12_cw3_005_q01,code_n24_k12_cw3_005,q01,validation,31,2652655462,"[8, 10, 12, 13, 14, 17, 20, 22, 23]",9,[],0,0,9,0,0
code_n24_k12_cw3_005_q01,code_n24_k12_cw3_005,q01,validation,32,2653655465,"[4, 18, 19, 20]",4,[],0,0,4,0,0
code_n24_k12_cw3_005_q01,code_n24_k12_cw3_005,q01,validation,33,2654655468,"[0, 1, 2, 4, 6, 11, 18, 22]",8,"[1, 4, 6, 11, 18]",5,1,8,0,0
code_n24_k12_cw3_005_q01,code_n24_k12_cw3_005,q01,validation,34,2655655471,"[4, 14, 15, 17, 19, 21, 23]",7,"[17, 21]",2,1,6,1,1
code_n24_k12_cw3_005_q01,code_n24_k12_cw3_005,q01,validation,35,2656655474,"[15, 18, 19, 23]",4,[],0,0,4,0,0
code_n24_k12_cw3_005_q01,code_n24_k12_cw3_005,q01,validation,36,2657655477,"[9, 13, 17]",3,[],0,0,3,0,0
code_n24_k12_cw3_005_q01,code_n24_k12_cw3_005,q01,validation,37,2658655480,"[0, 1, 3, 11, 16, 22]",6,[],0,0,6,0,0
code_n24_k12_cw3_005_q01,code_n24_k12_cw3_005,q01,validation,38,2659655483,"[0, 5, 8, 13, 14, 22]",6,[],0,0,6,0,0
code_n24_k12_cw3_005_q01,code_n24_k12_cw3_005,q01,validation,39,2660655486,"[0, 4, 7, 12, 18]",5,[],0,0,5,0,0
code_n24_k12_cw3_005_q01,code_n24_k12_cw3_005,q01,validation,40,2661655489,"[0, 1, 2, 4, 9, 10, 12, 17, 20, 21]",10,"[17, 21]",2,1,9,1,1
code_n24_k12_cw3_005_q01,code_n24_k12_cw3_005,q01,validation,41,2662655492,"[8, 13]",2,[],0,0,2,0,0
code_n24_k12_cw3_005_q01,code_n24_k12_cw3_005,q01,validation,42,2663655495,"[1, 9, 10, 15, 17, 22]",6,[],0,0,6,0,0
code_n24_k12_cw3_005_q01,code_n24_k12_cw3_005,q01,validation,43,2664655498,"[3, 5, 7, 10, 11, 15, 20]",7,[],0,0,7,0,0
code_n24_k12_cw3_005_q01,code_n24_k12_cw3_005,q01,validation,44,2665655501,"[3, 5, 10, 12, 15]",5,[],0,0,5,0,0
code_n24_k12_cw3_005_q01,code_n24_k12_cw3_005,q01,validation,45,2666655504,"[8, 9, 13, 21, 22]",5,[],0,0,5,0,0
code_n24_k12_cw3_005_q01,code_n24_k12_cw3_005,q01,validation,46,2667655507,"[2, 5, 7, 11, 12]",5,[],0,0,5,0,0
code_n24_k12_cw3_005_q01,code_n24_k12_cw3_005,q01,validation,47,2668655510,"[3, 11, 23]",3,[],0,0,3,0,0
code_n24_k12_cw3_005_q01,code_n24_k12_cw3_005,q01,validation,48,2669655513,"[5, 15, 16, 17, 18]",5,[],0,0,5,0,0
code_n24_k12_cw3_005_q01,code_n24_k12_cw3_005,q01,validation,49,2670655516,"[2, 8, 10, 13, 14, 15, 20, 21, 23]",9,[],0,0,9,0,0
code_n24_k12_cw3_005_q01,code_n24_k12_cw3_005,q01,validation,50,2671655519,"[0, 2, 10, 13, 14, 22, 23]",7,[],0,0,7,0,0
code_n24_k12_cw3_005_q01,code_n24_k12_cw3_005,q01,validation,51,2672655522,"[6, 8, 13, 15, 19, 21, 22]",7,[],0,0,7,0,0
code_n24_k12_cw3_005_q01,code_n24_k12_cw3_005,q01,validation,52,2673655525,"[2, 12, 19]",3,[],0,0,3,0,0
code_n24_k12_cw3_005_q01,code_n24_k12_cw3_005,q01,validation,53,2674655528,"[1, 5, 12, 14, 17, 22]",6,[],0,0,6,0,0
code_n24_k12_cw3_005_q01,code_n24_k12_cw3_005,q01,validation,54,2675655531,"[0, 3, 7, 8, 9, 12, 16, 17, 22]",9,"[0, 3, 7, 8, 9, 12, 16, 17]",8,1,9,0,0
code_n24_k12_cw3_005_q01,code_n24_k12_cw3_005,q01,validation,55,2676655534,"[1, 2, 5, 9, 16, 18]",6,[],0,0,6,0,0
code_n24_k12_cw3_005_q01,code_n24_k12_cw3_005,q01,validation,56,2677655537,"[11, 12, 18]",3,[],0,0,3,0,0
code_n24_k12_cw3_005_q01,code_n24_k12_cw3_005,q01,validation,57,2678655540,"[0, 2, 3, 8, 9, 20]",6,[],0,0,6,0,0
code_n24_k12_cw3_005_q01,code_n24_k12_cw3_005,q01,validation,58,2679655543,"[2, 9, 16, 22]",4,[],0,0,4,0,0
code_n24_k12_cw3_005_q01,code_n24_k12_cw3_005,q01,validation,59,2680655546,"[2, 4, 5, 7, 9, 10, 11, 13, 15, 21, 23]",11,"[2, 5, 7, 9, 10, 13, 21, 23]",8,1,9,2,1
code_n24_k12_cw3_005_q01,code_n24_k12_cw3_005,q01,validation,60,2681655549,"[0, 6, 11, 20, 22]",5,"[11, 20, 22]",3,1,5,0,0
code_n24_k12_cw3_005_q01,code_n24_k12_cw3_005,q01,validation,61,2682655552,"[3, 5, 11, 20, 21]",5,[],0,0,5,0,0
code_n24_k12_cw3_005_q01,code_n24_k12_cw3_005,q01,validation,62,2683655555,"[1, 3, 12, 18, 19]",5,[],0,0,5,0,0
code_n24_k12_cw3_005_q01,code_n24_k12_cw3_005,q01,validation,63,2684655558,"[5, 7, 8, 11, 13, 16, 17, 21]",8,"[7, 16, 17, 21]",4,1,7,1,1
code_n24_k12_cw3_005_q02,code_n24_k12_cw3_005,q02,validation,0,1900275410,"[1, 7, 8, 9, 12, 13, 21, 23]",8,"[1, 7, 8, 9, 12, 21, 23]",7,1,8,0,0
code_n24_k12_cw3_005_q02,code_n24_k12_cw3_005,q02,validation,1,1901275413,"[1, 3, 4, 5, 6, 8, 9, 13, 14, 23]",10,[],0,0,10,0,0
code_n24_k12_cw3_005_q02,code_n24_k12_cw3_005,q02,validation,2,1902275416,"[0, 1, 10, 11, 17]",5,[],0,0,5,0,0
code_n24_k12_cw3_005_q02,code_n24_k12_cw3_005,q02,validation,3,1903275419,"[11, 13, 20, 21, 23]",5,[],0,0,5,0,0
code_n24_k12_cw3_005_q02,code_n24_k12_cw3_005,q02,validation,4,1904275422,"[1, 2, 8, 9, 15, 16, 19, 20]",8,"[1, 2, 8, 9, 15, 19]",6,1,8,0,0
code_n24_k12_cw3_005_q02,code_n24_k12_cw3_005,q02,validation,5,1905275425,"[2, 16, 17, 20, 22]",5,[],0,0,5,0,0
code_n24_k12_cw3_005_q02,code_n24_k12_cw3_005,q02,validation,6,1906275428,"[3, 4, 10, 11, 12, 15, 21]",7,[],0,0,7,0,0
code_n24_k12_cw3_005_q02,code_n24_k12_cw3_005,q02,validation,7,1907275431,"[3, 9, 10, 13, 18]",5,[],0,0,5,0,0
code_n24_k12_cw3_005_q02,code_n24_k12_cw3_005,q02,validation,8,1908275434,"[2, 10, 13]",3,[],0,0,3,0,0
code_n24_k12_cw3_005_q02,code_n24_k12_cw3_005,q02,validation,9,1909275437,"[1, 3, 5, 7, 9, 13, 18, 23]",8,[],0,0,8,0,0
code_n24_k12_cw3_005_q02,code_n24_k12_cw3_005,q02,validation,10,1910275440,"[5, 6, 7, 9, 10, 11, 15]",7,[],0,0,7,0,0
code_n24_k12_cw3_005_q02,code_n24_k12_cw3_005,q02,validation,11,1911275443,"[1, 11, 14, 16, 17, 19, 23]",7,[],0,0,7,0,0
code_n24_k12_cw3_005_q02,code_n24_k12_cw3_005,q02,validation,12,1912275446,"[0, 4, 5, 15, 18, 19, 21]",7,[],0,0,7,0,0
code_n24_k12_cw3_005_q02,code_n24_k12_cw3_005,q02,validation,13,1913275449,"[0, 4, 7, 9, 12, 13, 17, 18, 23]",9,"[0, 4, 7, 9, 12, 17, 18, 23]",8,1,9,0,0
code_n24_k12_cw3_005_q02,code_n24_k12_cw3_005,q02,validation,14,1914275452,"[0, 2, 4, 6, 8, 16, 19, 22]",8,[],0,0,8,0,0
code_n24_k12_cw3_005_q02,code_n24_k12_cw3_005,q02,validation,15,1915275455,"[1, 2, 3, 6, 11, 12, 16, 17]",8,[],0,0,8,0,0
code_n24_k12_cw3_005_q02,code_n24_k12_cw3_005,q02,validation,16,1916275458,"[0, 4, 6, 9, 10, 11, 18, 19, 22]",9,[],0,0,9,0,0
code_n24_k12_cw3_005_q02,code_n24_k12_cw3_005,q02,validation,17,1917275461,"[2, 6, 9, 15, 20]",5,[],0,0,5,0,0
code_n24_k12_cw3_005_q02,code_n24_k12_cw3_005,q02,validation,18,1918275464,"[0, 4, 6, 7, 8, 10, 11, 15, 17, 19, 20]",11,"[0, 6, 7, 8, 11, 20]",6,1,10,1,1
code_n24_k12_cw3_005_q02,code_n24_k12_cw3_005,q02,validation,19,1919275467,"[2, 5, 8, 9, 15, 20]",6,[],0,0,6,0,0
code_n24_k12_cw3_005_q02,code_n24_k12_cw3_005,q02,validation,20,1920275470,"[0, 1, 5, 11, 12, 13, 15, 16, 17, 19, 20, 22]",12,"[0, 1, 5, 11, 12, 13, 15, 16, 17, 19, 20, 22]",12,1,11,1,1
code_n24_k12_cw3_005_q02,code_n24_k12_cw3_005,q02,validation,21,1921275473,"[7, 11, 13, 14, 15, 17, 18, 19, 20]",9,[],0,0,9,0,0
code_n24_k12_cw3_005_q02,code_n24_k12_cw3_005,q02,validation,22,1922275476,"[3, 6, 12, 14, 18]",5,[],0,0,5,0,0
code_n24_k12_cw3_005_q02,code_n24_k12_cw3_005,q02,validation,23,1923275479,"[1, 3, 4, 16, 17, 22, 23]",7,[],0,0,7,0,0
code_n24_k12_cw3_005_q02,code_n24_k12_cw3_005,q02,validation,24,1924275482,"[1, 7, 12, 14, 17, 19, 20]",7,[],0,0,7,0,0
code_n24_k12_cw3_005_q02,code_n24_k12_cw3_005,q02,validation,25,1925275485,"[4, 5, 7, 8, 11, 12, 16, 20, 22]",9,"[11, 20, 22]",3,1,9,0,0
code_n24_k12_cw3_005_q02,code_n24_k12_cw3_005,q02,validation,26,1926275488,"[0, 11, 12, 13, 16, 17, 20, 22, 23]",9,"[0, 11, 16, 17, 20, 22]",6,1,9,0,0
code_n24_k12_cw3_005_q02,code_n24_k12_cw3_005,q02,validation,27,1927275491,"[0, 6, 8, 11, 12, 15, 16, 17, 20, 22]",10,"[0, 6, 8, 11, 16, 17, 20, 22]",8,1,9,1,1
code_n24_k12_cw3_005_q02,code_n24_k12_cw3_005,q02,validation,28,1928275494,"[3, 4, 5, 8, 9, 13, 15]",7,[],0,0,7,0,0
code_n24_k12_cw3_005_q02,code_n24_k12_cw3_005,q02,validation,29,1929275497,"[9, 11, 14, 16, 17, 20]",6,[],0,0,6,0,0
code_n24_k12_cw3_005_q02,code_n24_k12_cw3_005,q02,validation,30,1930275500,"[0, 2, 12, 23]",4,[],0,0,4,0,0
code_n24_k12_cw3_005_q02,code_n24_k12_cw3_005,q02,validation,31,1931275503,"[2, 13, 17, 19, 21, 22]",6,"[17, 21]",2,1,5,1,1
code_n24_k12_cw3_005_q02,code_n24_k12_cw3_005,q02,validation,32,1932275506,"[1, 3, 6, 7, 19, 20]",6,[],0,0,6,0,0
code_n24_k12_cw3_005_q02,code_n24_k12_cw3_005,q02,validation,33,1933275509,"[0, 1, 6, 9, 12, 18, 22]",7,[],0,0,7,0,0
code_n24_k12_cw3_005_q02,code_n24_k12_cw3_005,q02,validation,34,1934275512,"[1, 3, 9, 17]",4,[],0,0,4,0,0
code_n24_k12_cw3_005_q02,code_n24_k12_cw3_005,q02,validation,35,1935275515,"[0, 1, 6, 10, 15, 19, 20, 23]",8,[],0,0,8,0,0
code_n24_k12_cw3_005_q02,code_n24_k12_cw3_005,q02,validation,36,1936275518,"[2, 4, 16, 17, 23]",5,[],0,0,5,0,0
code_n24_k12_cw3_005_q02,code_n24_k12_cw3_005,q02,validation,37,1937275521,"[1, 9, 10, 12, 13, 17, 19, 23]",8,"[9, 10, 13, 19, 23]",5,1,7,1,1
code_n24_k12_cw3_005_q02,code_n24_k12_cw3_005,q02,validation,38,1938275524,"[3, 10, 17, 23]",4,[],0,0,4,0,0
code_n24_k12_cw3_005_q02,code_n24_k12_cw3_005,q02,validation,39,1939275527,"[1, 4, 6, 7, 8, 12, 13, 17]",8,[],0,0,8,0,0
code_n24_k12_cw3_005_q02,code_n24_k12_cw3_005,q02,validation,40,1940275530,"[10, 15, 20, 22]",4,[],0,0,4,0,0
code_n24_k12_cw3_005_q02,code_n24_k12_cw3_005,q02,validation,41,1941275533,"[2, 5, 6, 7, 9, 10, 20]",7,[],0,0,7,0,0
code_n24_k12_cw3_005_q02,code_n24_k12_cw3_005,q02,validation,42,1942275536,"[0, 10, 14, 17]",4,[],0,0,4,0,0
code_n24_k12_cw3_005_q02,code_n24_k12_cw3_005,q02,validation,43,1943275539,"[1, 4, 11, 14, 17, 18, 19, 21, 23]",9,"[17, 21]",2,1,8,1,1
code_n24_k12_cw3_005_q02,code_n24_k12_cw3_005,q02,validation,44,1944275542,"[4, 9, 12, 17, 22]",5,[],0,0,5,0,0
code_n24_k12_cw3_005_q02,code_n24_k12_cw3_005,q02,validation,45,1945275545,"[2, 5, 8, 10, 13, 20]",6,[],0,0,6,0,0
code_n24_k12_cw3_005_q02,code_n24_k12_cw3_005,q02,validation,46,1946275548,"[0, 1, 2, 6, 7, 13, 19, 21]",8,"[0, 1, 19, 21]",4,1,7,1,1
code_n24_k12_cw3_005_q02,code_n24_k12_cw3_005,q02,validation,47,1947275551,"[1, 7, 14, 18, 23]",5,[],0,0,5,0,0
code_n24_k12_cw3_005_q02,code_n24_k12_cw3_005,q02,validation,48,1948275554,"[0, 1, 5, 7, 11, 12, 14, 21, 23]",9,[],0,0,9,0,0
code_n24_k12_cw3_005_q02,code_n24_k12_cw3_005,q02,validation,49,1949275557,"[0, 13, 21]",3,[],0,0,3,0,0
code_n24_k12_cw3_005_q02,code_n24_k12_cw3_005,q02,validation,50,1950275560,"[1, 3, 6, 7, 9, 10, 12, 19, 21, 22]",10,"[1, 3, 6, 7, 9, 12, 19, 21, 22]",9,1,10,0,0
code_n24_k12_cw3_005_q02,code_n24_k12_cw3_005,q02,validation,51,1951275563,"[0, 4, 6, 8, 21]",5,[],0,0,5,0,0
code_n24_k12_cw3_005_q02,code_n24_k12_cw3_005,q02,validation,52,1952275566,"[7, 9, 10, 11, 12, 15, 20]",7,[],0,0,7,0,0
code_n24_k12_cw3_005_q02,code_n24_k12_cw3_005,q02,validation,53,1953275569,"[2, 3, 5, 9, 13, 14, 20, 23]",8,[],0,0,8,0,0
code_n24_k12_cw3_005_q02,code_n24_k12_cw3_005,q02,validation,54,1954275572,"[4, 5, 12, 13, 19]",5,[],0,0,5,0,0
code_n24_k12_cw3_005_q02,code_n24_k12_cw3_005,q02,validation,55,1955275575,"[3, 6, 9, 10, 11, 12, 14, 15, 23]",9,[],0,0,9,0,0
code_n24_k12_cw3_005_q02,code_n24_k12_cw3_005,q02,validation,56,1956275578,"[0, 2, 5, 6, 9, 11, 13, 14, 17, 20, 22]",11,"[0, 2, 5, 6, 9, 11, 13, 17, 20, 22]",10,1,10,1,1
code_n24_k12_cw3_005_q02,code_n24_k12_cw3_005,q02,validation,57,1957275581,"[5, 7, 9, 11, 14, 16, 22]",7,[],0,0,7,0,0
code_n24_k12_cw3_005_q02,code_n24_k12_cw3_005,q02,validation,58,1958275584,"[4, 6, 10, 12, 14, 19]",6,[],0,0,6,0,0
code_n24_k12_cw3_005_q02,code_n24_k12_cw3_005,q02,validation,59,1959275587,"[1, 2, 5, 6, 7, 9, 15, 18, 19]",9,[],0,0,9,0,0
code_n24_k12_cw3_005_q02,code_n24_k12_cw3_005,q02,validation,60,1960275590,"[6, 9]",2,[],0,0,2,0,0
code_n24_k12_cw3_005_q02,code_n24_k12_cw3_005,q02,validation,61,1961275593,"[3, 4, 6, 9, 21]",5,[],0,0,5,0,0
code_n24_k12_cw3_005_q02,code_n24_k12_cw3_005,q02,validation,62,1962275596,"[0, 4, 5, 7, 8, 11]",6,[],0,0,6,0,0
code_n24_k12_cw3_005_q02,code_n24_k12_cw3_005,q02,validation,63,1963275599,"[2, 3, 4, 10, 11, 17, 21]",7,"[17, 21]",2,1,6,1,1
code_n24_k12_cw3_005_q03,code_n24_k12_cw3_005,q03,validation,0,1178895451,"[0, 3, 4, 5, 7, 8, 10, 13, 16, 20]",10,[],0,0,10,0,0
code_n24_k12_cw3_005_q03,code_n24_k12_cw3_005,q03,validation,1,1179895454,"[2, 6, 12, 14, 15, 17, 19, 20, 22]",9,"[2, 6, 12, 15, 20, 22]",6,1,9,0,0
code_n24_k12_cw3_005_q03,code_n24_k12_cw3_005,q03,validation,2,1180895457,"[1, 3, 11, 16, 19, 21, 23]",7,[],0,0,7,0,0
code_n24_k12_cw3_005_q03,code_n24_k12_cw3_005,q03,validation,3,1181895460,"[3, 9, 12, 13, 14, 15, 16, 17, 19, 21]",10,"[3, 9, 16, 17, 21]",5,1,9,1,1
code_n24_k12_cw3_005_q03,code_n24_k12_cw3_005,q03,validation,4,1182895463,"[1, 2, 3, 4, 9, 10, 11, 14, 20, 22]",10,"[11, 20, 22]",3,1,10,0,0
code_n24_k12_cw3_005_q03,code_n24_k12_cw3_005,q03,validation,5,1183895466,"[2, 4, 5, 6, 9, 10, 12, 15, 16, 17, 19, 23]",12,"[2, 5, 9, 10, 12, 16, 19, 23]",8,1,12,0,0
code_n24_k12_cw3_005_q03,code_n24_k12_cw3_005,q03,validation,6,1184895469,"[1, 3, 4, 9, 12, 13, 15, 16, 20, 21]",10,[],0,0,10,0,0
code_n24_k12_cw3_005_q03,code_n24_k12_cw3_005,q03,validation,7,1185895472,"[1, 2, 3, 5, 6, 7, 8, 14, 17, 22]",10,[],0,0,10,0,0
code_n24_k12_cw3_005_q03,code_n24_k12_cw3_005,q03,validation,8,1186895475,"[0, 2, 3, 4, 6, 8, 9, 11, 12, 13, 19]",11,"[0, 2, 3, 6, 8, 11, 12, 13]",8,1,11,0,0
code_n24_k12_cw3_005_q03,code_n24_k12_cw3_005,q03,validation,9,1187895478,"[1, 2, 7, 8, 10, 13, 16, 18, 20, 21, 23]",11,"[1, 2, 7, 8, 10, 16, 21, 23]",8,1,10,1,1
code_n24_k12_cw3_005_q03,code_n24_k12_cw3_005,q03,validation,10,1188895481,"[0, 1, 10, 11, 13, 14, 17, 18]",8,[],0,0,8,0,0
code_n24_k12_cw3_005_q03,code_n24_k12_cw3_005,q03,validation,11,1189895484,"[0, 1, 5, 6, 7, 9, 10, 13, 14, 22]",10,"[0, 5, 6, 7, 22]",5,1,10,0,0
code_n24_k12_cw3_005_q03,code_n24_k12_cw3_005,q03,validation,12,1190895487,"[1, 7, 11, 12, 15, 17, 18, 19]",8,[],0,0,8,0,0
code_n24_k12_cw3_005_q03,code_n24_k12_cw3_005,q03,validation,13,1191895490,"[0, 4, 6, 21, 22, 23]",6,[],0,0,6,0,0
code_n24_k12_cw3_005_q03,code_n24_k12_cw3_005,q03,validation,14,1192895493,"[4, 12, 13, 16, 19, 21]",6,[],0,0,6,0,0
code_n24_k12_cw3_005_q03,code_n24_k12_cw3_005,q03,validation,15,1193895496,"[2, 10, 11, 12, 16, 19, 23]",7,[],0,0,7,0,0
code_n24_k12_cw3_005_q03,code_n24_k12_cw3_005,q03,validation,16,1194895499,"[6, 8, 16, 18]",4,[],0,0,4,0,0
code_n24_k12_cw3_005_q03,code_n24_k12_cw3_005,q03,validation,17,1195895502,"[0, 6, 8, 16, 20, 21]",6,"[0, 6, 8, 16, 20, 21]",6,1,6,0,0
code_n24_k12_cw3_005_q03,code_n24_k12_cw3_005,q03,validation,18,1196895505,"[1, 6, 7, 8, 9, 10, 13, 15, 16, 18]",10,[],0,0,10,0,0
code_n24_k12_cw3_005_q03,code_n24_k12_cw3_005,q03,validation,19,1197895508,"[1, 4, 6, 10, 16, 17]",6,[],0,0,6,0,0
code_n24_k12_cw3_005_q03,code_n24_k12_cw3_005,q03,validation,20,1198895511,"[0, 5, 6, 8, 10, 15, 17, 18]",8,[],0,0,8,0,0
code_n24_k12_cw3_005_q03,code_n24_k12_cw3_005,q03,validation,21,1199895514,"[4, 5, 7, 8, 9, 12, 16, 18, 20, 23]",10,"[4, 5, 8, 9, 12, 16, 18, 23]",8,1,10,0,0
code_n24_k12_cw3_005_q03,code_n24_k12_cw3_005,q03,validation,22,1200895517,"[0, 2, 4, 5, 6, 7, 13, 14, 16, 20, 21]",11,"[0, 5, 6, 7, 16, 20, 21]",7,1,11,0,0
code_n24_k12_cw3_005_q03,code_n24_k12_cw3_005,q03,validation,23,1201895520,"[0, 6, 7, 11, 13, 14, 17, 21, 22, 23]",10,"[0, 7, 11, 17, 21, 22]",6,1,9,1,1
code_n24_k12_cw3_005_q03,code_n24_k12_cw3_005,q03,validation,24,1202895523,"[0, 1, 3, 7, 8, 9, 10, 12, 13, 14, 15, 18, 20, 23]",14,"[0, 1, 3, 7, 8, 9, 10, 12, 13, 14, 15, 18, 23]",13,1,12,2,1
code_n24_k12_cw3_005_q03,code_n24_k12_cw3_005,q03,validation,25,1203895526,"[1, 3, 5, 10, 11, 13, 14, 17, 20]",9,[],0,0,9,0,0
code_n24_k12_cw3_005_q03,code_n24_k12_cw3_005,q03,validation,26,1204895529,"[0, 1, 2, 3, 4, 7, 8, 10, 12, 14, 16, 19, 20]",13,"[0, 1, 2, 3, 4, 7, 8, 10, 12, 14, 16, 19]",12,1,11,2,1
code_n24_k12_cw3_005_q03,code_n24_k12_cw3_005,q03,validation,27,1205895532,"[0, 3, 4, 6, 7, 8, 11, 15, 16, 19, 23]",11,"[0, 6, 7, 8, 11, 16, 19, 23]",8,1,11,0,0
code_n24_k12_cw3_005_q03,code_n24_k12_cw3_005,q03,validation,28,1206895535,"[0, 2, 3, 7, 11, 15, 17, 20]",8,"[0, 7, 11, 20]",4,1,7,1,1
code_n24_k12_cw3_005_q03,code_n24_k12_cw3_005,q03,validation,29,1207895538,"[5, 12, 13, 15, 16, 18]",6,[],0,0,6,0,0
code_n24_k12_cw3_005_q03,code_n24_k12_cw3_005,q03,validation,30,1208895541,"[0, 1, 9, 11, 13, 14, 17, 20]",8,[],0,0,8,0,0
code_n24_k12_cw3_005_q03,code_n24_k12_cw3_005,q03,validation,31,1209895544,"[2, 3, 6, 8, 12, 14, 17, 19, 20]",9,[],0,0,9,0,0
code_n24_k12_cw3_005_q03,code_n24_k12_cw3_005,q03,validation,32,1210895547,"[0, 3, 4, 11, 15, 18, 19]",7,[],0,0,7,0,0
code_n24_k12_cw3_005_q03,code_n24_k12_cw3_005,q03,validation,33,1211895550,"[0, 1, 2, 7, 9, 10, 11, 12, 13, 15, 17, 18, 22]",13,"[0, 1, 2, 7, 9, 10, 11, 12, 13, 15, 17, 22]",12,1,12,1,1
code_n24_k12_cw3_005_q03,code_n24_k12_cw3_005,q03,validation,34,1212895553,"[2, 4, 6, 7, 14, 20, 21, 23]",8,[],0,0,8,0,0
code_n24_k12_cw3_005_q03,code_n24_k12_cw3_005,q03,validation,35,1213895556,"[1, 3, 5, 8, 10, 14, 16, 18, 20, 23]",10,"[1, 5, 8, 14, 16, 18, 23]",7,1,10,0,0
code_n24_k12_cw3_005_q03,code_n24_k12_cw3_005,q03,validation,36,1214895559,"[0, 1, 4, 5, 8, 9, 10, 12, 18, 20, 22, 23]",12,"[1, 4, 5, 8, 9, 12, 18, 20, 22, 23]",10,1,11,1,1
code_n24_k12_cw3_005_q03,code_n24_k12_cw3_005,q03,validation,37,1215895562,"[1, 2, 3, 4, 9, 16, 21, 23]",8,[],0,0,8,0,0
code_n24_k12_cw3_005_q03,code_n24_k12_cw3_005,q03,validation,38,1216895565,"[1, 3, 4, 7, 10, 13, 14, 15, 21, 22]",10,"[1, 3, 4, 7, 10, 13, 14, 15, 21]",9,1,9,1,1
code_n24_k12_cw3_005_q03,code_n24_k12_cw3_005,q03,validation,39,1217895568,"[0, 1, 2, 3, 13, 14, 18, 19, 22]",9,"[0, 1, 2, 3, 13, 14, 18, 19]",8,1,9,0,0
code_n24_k12_cw3_005_q03,code_n24_k12_cw3_005,q03,validation,40,1218895571,"[2, 9, 10, 16, 22]",5,[],0,0,5,0,0
code_n24_k12_cw3_005_q03,code_n24_k12_cw3_005,q03,validation,41,1219895574,"[3, 5, 7, 15, 16, 22]",6,[],0,0,6,0,0
code_n24_k12_cw3_005_q03,code_n24_k12_cw3_005,q03,validation,42,1220895577,"[2, 3, 6, 8, 9, 11, 12, 16, 17, 20, 22]",11,"[3, 6, 8, 9, 11, 12, 16, 17, 20, 22]",10,1,10,1,1
code_n24_k12_cw3_005_q03,code_n24_k12_cw3_005,q03,validation,43,1221895580,"[1, 2, 7, 18, 20, 21]",6,[],0,0,6,0,0
code_n24_k12_cw3_005_q03,code_n24_k12_cw3_005,q03,validation,44,1222895583,"[1, 3, 5, 7, 8, 12, 13, 14, 18, 19]",10,"[1, 3, 5, 7, 8, 12, 14, 18, 19]",9,1,8,2,1
code_n24_k12_cw3_005_q03,code_n24_k12_cw3_005,q03,validation,45,1223895586,"[0, 2, 4, 9, 10, 14, 15, 16, 17, 19]",10,"[0, 4, 9, 10, 14, 15, 16, 17, 19]",9,1,10,0,0
code_n24_k12_cw3_005_q03,code_n24_k12_cw3_005,q03,validation,46,1224895589,"[2, 3, 4, 6, 7, 8, 9, 17, 18, 23]",10,"[3, 4, 7, 8, 9, 17, 18, 23]",8,1,10,0,0
code_n24_k12_cw3_005_q03,code_n24_k12_cw3_005,q03,validation,47,1225895592,"[1, 3, 4, 8, 10, 12, 15, 17, 20]",9,[],0,0,9,0,0
code_n24_k12_cw3_005_q03,code_n24_k12_cw3_005,q03,validation,48,1226895595,"[2, 3, 6, 8, 9, 11, 12, 16, 18, 21, 23]",11,"[3, 6, 8, 9, 11, 12, 16, 21]",8,1,11,0,0
code_n24_k12_cw3_005_q03,code_n24_k12_cw3_005,q03,validation,49,1227895598,"[2, 3, 6, 9, 10, 15, 17, 20, 22]",9,[],0,0,9,0,0
code_n24_k12_cw3_005_q03,code_n24_k12_cw3_005,q03,validation,50,1228895601,"[1, 5, 7, 9, 10, 12, 13, 15, 17, 20, 21]",11,"[1, 5, 7, 9, 10, 12, 13, 15, 17, 21]",10,1,10,1,1
code_n24_k12_cw3_005_q03,code_n24_k12_cw3_005,q03,validation,51,1229895604,"[3, 8, 11, 12, 16, 17, 22, 23]",8,[],0,0,8,0,0
code_n24_k12_cw3_005_q03,code_n24_k12_cw3_005,q03,validation,52,1230895607,"[0, 6, 9, 11, 14, 17, 18, 23]",8,[],0,0,8,0,0
code_n24_k12_cw3_005_q03,code_n24_k12_cw3_005,q03,validation,53,1231895610,"[0, 2, 6, 14, 16, 17]",6,[],0,0,6,0,0
code_n24_k12_cw3_005_q03,code_n24_k12_cw3_005,q03,validation,54,1232895613,"[11, 13, 14, 19, 20]",5,[],0,0,5,0,0
code_n24_k12_cw3_005_q03,code_n24_k12_cw3_005,q03,validation,55,1233895616,"[0, 1, 2, 4, 5, 7, 10, 13, 14, 16, 17, 18, 20, 22, 23]",15,"[0, 1, 2, 4, 5, 7, 10, 14, 16, 17, 18, 20, 22, 23]",14,1,12,3,1
code_n24_k12_cw3_005_q03,code_n24_k12_cw3_005,q03,validation,56,1234895619,"[0, 7, 9, 10, 11, 12, 16, 18, 22]",9,[],0,0,9,0,0
code_n24_k12_cw3_005_q03,code_n24_k12_cw3_005,q03,validation,57,1235895622,"[2, 8, 11, 13, 14, 15, 16, 17]",8,[],0,0,8,0,0
code_n24_k12_cw3_005_q03,code_n24_k12_cw3_005,q03,validation,58,1236895625,"[1, 2, 8, 9, 12, 13, 14, 15, 16, 17, 18, 20, 23]",13,"[1, 2, 8, 9, 12, 13, 14, 15, 16, 18, 23]",11,1,12,1,1
code_n24_k12_cw3_005_q03,code_n24_k12_cw3_005,q03,validation,59,1237895628,"[0, 5, 6, 11, 12, 13, 14, 16, 19, 20, 21]",11,"[0, 5, 6, 11, 16, 20, 21]",7,1,11,0,0
code_n24_k12_cw3_005_q03,code_n24_k12_cw3_005,q03,validation,60,1238895631,"[6, 8, 9, 10, 13, 14, 16, 18]",8,[],0,0,8,0,0
code_n24_k12_cw3_005_q03,code_n24_k12_cw3_005,q03,validation,61,1239895634,"[0, 5, 6, 7, 9, 10, 11, 14, 16, 18, 21, 22]",12,"[0, 5, 6, 7, 11, 16, 21, 22]",8,1,12,0,0
code_n24_k12_cw3_005_q03,code_n24_k12_cw3_005,q03,validation,62,1240895637,"[1, 10, 11, 19, 22, 23]",6,[],0,0,6,0,0
code_n24_k12_cw3_005_q03,code_n24_k12_cw3_005,q03,validation,63,1241895640,"[4, 8, 12, 13, 19, 21, 23]",7,[],0,0,7,0,0
code_n24_k12_cw3_006_q00,code_n24_k12_cw3_006,q00,train,0,3926931611,"[1, 2, 18, 22]",4,[],0,0,4,0,0
code_n24_k12_cw3_006_q00,code_n24_k12_cw3_006,q00,train,1,3927931614,"[1, 12, 13, 17, 19, 21, 22]",7,"[1, 12, 21]",3,1,7,0,0
code_n24_k12_cw3_006_q00,code_n24_k12_cw3_006,q00,train,2,3928931617,"[1, 13, 14, 17]",4,[],0,0,4,0,0
code_n24_k12_cw3_006_q00,code_n24_k12_cw3_006,q00,train,3,3929931620,"[0, 1, 2, 3, 6, 7, 11, 14, 16]",9,[],0,0,9,0,0
code_n24_k12_cw3_006_q00,code_n24_k12_cw3_006,q00,train,4,3930931623,"[6, 19, 22]",3,[],0,0,3,0,0
code_n24_k12_cw3_006_q00,code_n24_k12_cw3_006,q00,train,5,3931931626,"[0, 1, 2, 14, 19, 20]",6,[],0,0,6,0,0
code_n24_k12_cw3_006_q00,code_n24_k12_cw3_006,q00,train,6,3932931629,"[8, 9, 14, 17, 18]",5,[],0,0,5,0,0
code_n24_k12_cw3_006_q00,code_n24_k12_cw3_006,q00,train,7,3933931632,"[1, 2, 12, 15]",4,[],0,0,4,0,0
code_n24_k12_cw3_006_q00,code_n24_k12_cw3_006,q00,train,8,3934931635,"[0, 5, 7, 9]",4,[],0,0,4,0,0
code_n24_k12_cw3_006_q00,code_n24_k12_cw3_006,q00,train,9,3935931638,"[9, 10, 13, 14]",4,[],0,0,4,0,0
code_n24_k12_cw3_006_q00,code_n24_k12_cw3_006,q00,train,10,3936931641,"[1, 10, 12, 14, 16, 18, 23]",7,[],0,0,7,0,0
code_n24_k12_cw3_006_q00,code_n24_k12_cw3_006,q00,train,11,3937931644,"[1, 5, 16, 18, 20, 21]",6,"[5, 18]",2,1,5,1,1
code_n24_k12_cw3_006_q00,code_n24_k12_cw3_006,q00,train,12,3938931647,"[5, 11, 17, 20]",4,[],0,0,4,0,0
code_n24_k12_cw3_006_q00,code_n24_k12_cw3_006,q00,train,13,3939931650,"[0, 4, 5, 7, 10, 16, 17, 18, 19, 23]",10,"[5, 18]",2,1,9,1,1
code_n24_k12_cw3_006_q00,code_n24_k12_cw3_006,q00,train,14,3940931653,"[3, 4, 7]",3,[],0,0,3,0,0
code_n24_k12_cw3_006_q00,code_n24_k12_cw3_006,q00,train,15,3941931656,"[16, 19, 21, 22]",4,[],0,0,4,0,0
code_n24_k12_cw3_006_q00,code_n24_k12_cw3_006,q00,train,16,3942931659,[10],1,[],0,0,1,0,0
code_n24_k12_cw3_006_q00,code_n24_k12_cw3_006,q00,train,17,3943931662,[18],1,[],0,0,1,0,0
code_n24_k12_cw3_006_q00,code_n24_k12_cw3_006,q00,train,18,3944931665,"[3, 12, 17, 18, 21, 22]",6,[],0,0,6,0,0
code_n24_k12_cw3_006_q00,code_n24_k12_cw3_006,q00,train,19,3945931668,"[1, 14, 23]",3,[],0,0,3,0,0
code_n24_k12_cw3_006_q00,code_n24_k12_cw3_006,q00,train,20,3946931671,"[3, 6, 14]",3,[],0,0,3,0,0
code_n24_k12_cw3_006_q00,code_n24_k12_cw3_006,q00,train,21,3947931674,"[9, 14, 16, 17, 21]",5,[],0,0,5,0,0
code_n24_k12_cw3_006_q00,code_n24_k12_cw3_006,q00,train,22,3948931677,"[7, 14, 17]",3,[],0,0,3,0,0
code_n24_k12_cw3_006_q00,code_n24_k12_cw3_006,q00,train,23,3949931680,"[0, 5, 9, 13, 14, 17, 18, 20, 23]",9,"[5, 18]",2,1,8,1,1
code_n24_k12_cw3_006_q00,code_n24_k12_cw3_006,q00,train,24,3950931683,"[3, 4, 9, 10, 13]",5,[],0,0,5,0,0
code_n24_k12_cw3_006_q00,code_n24_k12_cw3_006,q00,train,25,3951931686,"[11, 12, 19, 21]",4,[],0,0,4,0,0
code_n24_k12_cw3_006_q00,code_n24_k12_cw3_006,q00,train,26,3952931689,"[9, 14, 17, 18]",4,[],0,0,4,0,0
code_n24_k12_cw3_006_q00,code_n24_k12_cw3_006,q00,train,27,3953931692,"[1, 5, 7, 10, 11, 13, 17, 21, 22]",9,"[5, 10, 17, 21]",4,1,8,1,1
code_n24_k12_cw3_006_q00,code_n24_k12_cw3_006,q00,train,28,3954931695,"[2, 3, 16, 19, 21]",5,[],0,0,5,0,0
code_n24_k12_cw3_006_q00,code_n24_k12_cw3_006,q00,train,29,3955931698,"[1, 3, 5]",3,[],0,0,3,0,0
code_n24_k12_cw3_006_q00,code_n24_k12_cw3_006,q00,train,30,3956931701,"[0, 8, 9, 13, 17]",5,[],0,0,5,0,0
code_n24_k12_cw3_006_q00,code_n24_k12_cw3_006,q00,train,31,3957931704,"[15, 20, 21]",3,[],0,0,3,0,0
code_n24_k12_cw3_006_q00,code_n24_k12_cw3_006,q00,train,32,3958931707,"[5, 16]",2,[],0,0,2,0,0
code_n24_k12_cw3_006_q00,code_n24_k12_cw3_006,q00,train,33,3959931710,"[3, 4, 8, 11, 13, 16, 17, 18, 20, 22]",10,"[3, 8, 11, 13, 16, 17, 20, 22]",8,1,10,0,0
code_n24_k12_cw3_006_q00,code_n24_k12_cw3_006,q00,train,34,3960931713,"[0, 9]",2,[],0,0,2,0,0
code_n24_k12_cw3_006_q00,code_n24_k12_cw3_006,q00,train,35,3961931716,"[2, 14, 22]",3,[],0,0,3,0,0
code_n24_k12_cw3_006_q00,code_n24_k12_cw3_006,q00,train,36,3962931719,"[1, 7, 10, 19]",4,[],0,0,4,0,0
code_n24_k12_cw3_006_q00,code_n24_k12_cw3_006,q00,train,37,3963931722,"[11, 13, 16, 22]",4,[],0,0,4,0,0
code_n24_k12_cw3_006_q00,code_n24_k12_cw3_006,q00,train,38,3964931725,"[0, 15, 23]",3,[],0,0,3,0,0
code_n24_k12_cw3_006_q00,code_n24_k12_cw3_006,q00,train,39,3965931728,"[0, 11, 12, 21, 22, 23]",6,"[0, 11, 12, 21, 22, 23]",6,1,6,0,0
code_n24_k12_cw3_006_q00,code_n24_k12_cw3_006,q00,train,40,3966931731,"[0, 3, 4, 16, 17, 18]",6,[],0,0,6,0,0
code_n24_k12_cw3_006_q00,code_n24_k12_cw3_006,q00,train,41,3967931734,"[1, 6, 9, 10, 12]",5,[],0,0,5,0,0
code_n24_k12_cw3_006_q00,code_n24_k12_cw3_006,q00,train,42,3968931737,"[7, 10, 12, 21, 22, 23]",6,[],0,0,6,0,0
code_n24_k12_cw3_006_q00,code_n24_k12_cw3_006,q00,train,43,3969931740,"[0, 8, 9, 13, 17, 18, 22]",7,"[0, 8, 9, 22]",4,1,7,0,0
code_n24_k12_cw3_006_q00,code_n24_k12_cw3_006,q00,train,44,3970931743,"[1, 4, 17, 20]",4,[],0,0,4,0,0
code_n24_k12_cw3_006_q00,code_n24_k12_cw3_006,q00,train,45,3971931746,"[3, 6, 8, 18, 19, 23]",6,"[6, 23]",2,1,5,1,1
code_n24_k12_cw3_006_q00,code_n24_k12_cw3_006,q00,train,46,3972931749,"[1, 3, 7, 14, 16, 19]",6,[],0,0,6,0,0
code_n24_k12_cw3_006_q00,code_n24_k12_cw3_006,q00,train,47,3973931752,"[10, 17, 18, 22]",4,[],0,0,4,0,0
code_n24_k12_cw3_006_q00,code_n24_k12_cw3_006,q00,train,48,3974931755,"[1, 2, 3, 11, 12, 22]",6,[],0,0,6,0,0
code_n24_k12_cw3_006_q00,code_n24_k12_cw3_006,q00,train,49,3975931758,"[0, 7, 10, 17, 18, 19]",6,[],0,0,6,0,0
code_n24_k12_cw3_006_q00,code_n24_k12_cw3_006,q00,train,50,3976931761,"[0, 4, 7, 15, 19, 23]",6,[],0,0,6,0,0
code_n24_k12_cw3_006_q00,code_n24_k12_cw3_006,q00,train,51,3977931764,"[0, 6, 8, 9, 10, 17, 18, 23]",8,"[6, 23]",2,1,7,1,1
code_n24_k12_cw3_006_q00,code_n24_k12_cw3_006,q00,train,52,3978931767,"[3, 9, 11, 19]",4,[],0,0,4,0,0
code_n24_k12_cw3_006_q00,code_n24_k12_cw3_006,q00,train,53,3979931770,"[1, 3, 12, 16]",4,[],0,0,4,0,0
code_n24_k12_cw3_006_q00,code_n24_k12_cw3_006,q00,train,54,3980931773,"[9, 13, 20, 22]",4,[],0,0,4,0,0
code_n24_k12_cw3_006_q00,code_n24_k12_cw3_006,q00,train,55,3981931776,"[9, 10, 14, 15, 16, 17]",6,[],0,0,6,0,0
code_n24_k12_cw3_006_q00,code_n24_k12_cw3_006,q00,train,56,3982931779,"[4, 8, 9, 12, 18, 22, 23]",7,[],0,0,7,0,0
code_n24_k12_cw3_006_q00,code_n24_k12_cw3_006,q00,train,57,3983931782,"[9, 16]",2,[],0,0,2,0,0
code_n24_k12_cw3_006_q00,code_n24_k12_cw3_006,q00,train,58,3984931785,"[1, 3, 6, 9]",4,[],0,0,4,0,0
code_n24_k12_cw3_006_q00,code_n24_k12_cw3_006,q00,train,59,3985931788,"[5, 9]",2,[],0,0,2,0,0
code_n24_k12_cw3_006_q00,code_n24_k12_cw3_006,q00,train,60,3986931791,"[6, 8, 9, 23]",4,"[6, 23]",2,1,3,1,1
code_n24_k12_cw3_006_q00,code_n24_k12_cw3_006,q00,train,61,3987931794,"[0, 3, 9]",3,[],0,0,3,0,0
code_n24_k12_cw3_006_q00,code_n24_k12_cw3_006,q00,train,62,3988931797,"[2, 5, 9, 13, 16, 20]",6,[],0,0,6,0,0
code_n24_k12_cw3_006_q00,code_n24_k12_cw3_006,q00,train,63,3989931800,"[3, 16, 17, 20]",4,[],0,0,4,0,0
code_n24_k12_cw3_006_q01,code_n24_k12_cw3_006,q01,train,0,3205551652,"[0, 14, 16, 19, 20]",5,[],0,0,5,0,0
code_n24_k12_cw3_006_q01,code_n24_k12_cw3_006,q01,train,1,3206551655,"[3, 6, 7, 14, 16, 21]",6,"[3, 7, 14, 21]",4,1,6,0,0
code_n24_k12_cw3_006_q01,code_n24_k12_cw3_006,q01,train,2,3207551658,"[14, 16, 17, 21]",4,[],0,0,4,0,0
code_n24_k12_cw3_006_q01,code_n24_k12_cw3_006,q01,train,3,3208551661,"[4, 5, 16, 18, 21]",5,"[5, 18]",2,1,4,1,1
code_n24_k12_cw3_006_q01,code_n24_k12_cw3_006,q01,train,4,3209551664,"[1, 5, 9, 12, 19]",5,[],0,0,5,0,0
code_n24_k12_cw3_006_q01,code_n24_k12_cw3_006,q01,train,5,3210551667,"[3, 5, 10, 16, 19, 20, 23]",7,[],0,0,7,0,0
code_n24_k12_cw3_006_q01,code_n24_k12_cw3_006,q01,train,6,3211551670,"[0, 1, 9, 10, 11, 16, 21]",7,[],0,0,7,0,0
code_n24_k12_cw3_006_q01,code_n24_k12_cw3_006,q01,train,7,3212551673,"[7, 11, 14, 15, 18, 19, 22]",7,[],0,0,7,0,0
code_n24_k12_cw3_006_q01,code_n24_k12_cw3_006,q01,train,8,3213551676,"[0, 6, 7, 9, 11, 23]",6,"[6, 23]",2,1,5,1,1
code_n24_k12_cw3_006_q01,code_n24_k12_cw3_006,q01,train,9,3214551679,"[1, 9, 13]",3,[],0,0,3,0,0
code_n24_k12_cw3_006_q01,code_n24_k12_cw3_006,q01,train,10,3215551682,"[15, 16]",2,[],0,0,2,0,0
code_n24_k12_cw3_006_q01,code_n24_k12_cw3_006,q01,train,11,3216551685,"[3, 8, 9, 14, 21, 23]",6,"[3, 8, 9, 14]",4,1,5,1,1
code_n24_k12_cw3_006_q01,code_n24_k12_cw3_006,q01,train,12,3217551688,"[2, 3, 9, 18, 21]",5,[],0,0,5,0,0
code_n24_k12_cw3_006_q01,code_n24_k12_cw3_006,q01,train,13,3218551691,"[2, 3, 10, 11]",4,[],0,0,4,0,0
code_n24_k12_cw3_006_q01,code_n24_k12_cw3_006,q01,train,14,3219551694,"[0, 11, 13, 14, 20, 22]",6,[],0,0,6,0,0
code_n24_k12_cw3_006_q01,code_n24_k12_cw3_006,q01,train,15,3220551697,"[0, 1, 4, 9, 10, 13, 17, 18]",8,[],0,0,8,0,0
code_n24_k12_cw3_006_q01,code_n24_k12_cw3_006,q01,train,16,3221551700,"[0, 3, 6, 18, 20]",5,[],0,0,5,0,0
code_n24_k12_cw3_006_q01,code_n24_k12_cw3_006,q01,train,17,3222551703,"[3, 4, 8, 12, 14, 15, 17, 23]",8,"[3, 12, 14, 15]",4,1,8,0,0
code_n24_k12_cw3_006_q01,code_n24_k12_cw3_006,q01,train,18,3223551706,"[4, 5, 8, 18, 23]",5,"[5, 18]",2,1,4,1,1
code_n24_k12_cw3_006_q01,code_n24_k12_cw3_006,q01,train,19,3224551709,"[5, 11, 13, 14]",4,[],0,0,4,0,0
code_n24_k12_cw3_006_q01,code_n24_k12_cw3_006,q01,train,20,3225551712,"[0, 13, 14, 15, 16, 23]",6,[],0,0,6,0,0
code_n24_k12_cw3_006_q01,code_n24_k12_cw3_006,q01,train,21,3226551715,"[1, 4, 7, 10, 12, 16, 22]",7,[],0,0,7,0,0
code_n24_k12_cw3_006_q01,code_n24_k12_cw3_006,q01,train,22,3227551718,"[1, 3, 7, 11, 16, 20]",6,[],0,0,6,0,0
code_n24_k12_cw3_006_q01,code_n24_k12_cw3_006,q01,train,23,3228551721,"[2, 3, 10, 14, 18]",5,[],0,0,5,0,0
code_n24_k12_cw3_006_q01,code_n24_k12_cw3_006,q01,train,24,3229551724,"[6, 9, 13, 14, 17, 21]",6,[],0,0,6,0,0
code_n24_k12_cw3_006_q01,code_n24_k12_cw3_006,q01,train,25,3230551727,"[1, 3, 4, 7, 8, 15, 19, 20, 21]",9,"[1, 3, 4, 7, 8, 15, 21]",7,1,9,0,0
code_n24_k12_cw3_006_q01,code_n24_k12_cw3_006,q01,train,26,3231551730,"[1, 5, 7, 11, 18, 21, 22]",7,"[5, 18]",2,1,6,1,1
code_n24_k12_cw3_006_q01,code_n24_k12_cw3_006,q01,train,27,3232551733,"[7, 13, 18, 22]",4,[],0,0,4,0,0
code_n24_k12_cw3_006_q01,code_n24_k12_cw3_006,q01,train,28,3233551736,"[0, 3, 9, 15, 17, 20]",6,[],0,0,6,0,0
code_n24_k12_cw3_006_q01,code_n24_k12_cw3_006,q01,train,29,3234551739,[0],1,[],0,0,1,0,0
code_n24_k12_cw3_006_q01,code_n24_k12_cw3_006,q01,train,30,3235551742,"[9, 20]",2,[],0,0,2,0,0
code_n24_k12_cw3_006_q01,code_n24_k12_cw3_006,q01,train,31,3236551745,"[0, 3, 4, 7, 8, 12, 16, 17, 18, 19, 23]",11,"[3, 4, 7, 8, 12, 16, 17, 18, 19, 23]",10,1,11,0,0
code_n24_k12_cw3_006_q01,code_n24_k12_cw3_006,q01,train,32,3237551748,"[2, 12, 15, 16, 20]",5,[],0,0,5,0,0
code_n24_k12_cw3_006_q01,code_n24_k12_cw3_006,q01,train,33,3238551751,"[1, 4, 15, 19]",4,[],0,0,4,0,0
code_n24_k12_cw3_006_q01,code_n24_k12_cw3_006,q01,train,34,3239551754,"[0, 4, 7, 9, 12, 18, 23]",7,[],0,0,7,0,0
code_n24_k12_cw3_006_q01,code_n24_k12_cw3_006,q01,train,35,3240551757,"[0, 5, 9, 12, 15, 19, 22]",7,[],0,0,7,0,0
code_n24_k12_cw3_006_q01,code_n24_k12_cw3_006,q01,train,36,3241551760,"[1, 4, 9, 13, 17, 18]",6,[],0,0,6,0,0
code_n24_k12_cw3_006_q01,code_n24_k12_cw3_006,q01,train,37,3242551763,"[3, 4, 13, 14, 19]",5,[],0,0,5,0,0
code_n24_k12_cw3_006_q01,code_n24_k12_cw3_006,q01,train,38,3243551766,"[7, 11, 13, 18, 20]",5,[],0,0,5,0,0
code_n24_k12_cw3_006_q01,code_n24_k12_cw3_006,q01,train,39,3244551769,"[4, 17, 19, 23]",4,[],0,0,4,0,0
code_n24_k12_cw3_006_q01,code_n24_k12_cw3_006,q01,train,40,3245551772,"[0, 5, 6, 8, 19]",5,[],0,0,5,0,0
code_n24_k12_cw3_006_q01,code_n24_k12_cw3_006,q01,train,41,3246551775,"[4, 5, 10, 15, 23]",5,[],0,0,5,0,0
code_n24_k12_cw3_006_q01,code_n24_k12_cw3_006,q01,train,42,3247551778,"[2, 7, 10, 15, 17, 20, 23]",7,[],0,0,7,0,0
code_n24_k12_cw3_006_q01,code_n24_k12_cw3_006,q01,train,43,3248551781,"[0, 9, 12, 13]",4,[],0,0,4,0,0
code_n24_k12_cw3_006_q01,code_n24_k12_cw3_006,q01,train,44,3249551784,"[11, 19, 22]",3,[],0,0,3,0,0
code_n24_k12_cw3_006_q01,code_n24_k12_cw3_006,q01,train,45,3250551787,"[0, 2, 5, 8, 10, 13, 18, 23]",8,"[5, 18]",2,1,7,1,1
code_n24_k12_cw3_006_q01,code_n24_k12_cw3_006,q01,train,46,3251551790,"[5, 13, 14, 18]",4,"[5, 18]",2,1,3,1,1
code_n24_k12_cw3_006_q01,code_n24_k12_cw3_006,q01,train,47,3252551793,"[8, 10, 14, 16]",4,[],0,0,4,0,0
code_n24_k12_cw3_006_q01,code_n24_k12_cw3_006,q01,train,48,3253551796,"[9, 12, 14, 18]",4,[],0,0,4,0,0
code_n24_k12_cw3_006_q01,code_n24_k12_cw3_006,q01,train,49,3254551799,"[1, 6, 7, 10, 16, 18, 19, 20, 21]",9,[],0,0,9,0,0
code_n24_k12_cw3_006_q01,code_n24_k12_cw3_006,q01,train,50,3255551802,"[2, 12, 18, 20, 23]",5,[],0,0,5,0,0
code_n24_k12_cw3_006_q01,code_n24_k12_cw3_006,q01,train,51,3256551805,"[6, 13, 17, 22]",4,[],0,0,4,0,0
code_n24_k12_cw3_006_q01,code_n24_k12_cw3_006,q01,train,52,3257551808,"[2, 6, 16]",3,[],0,0,3,0,0
code_n24_k12_cw3_006_q01,code_n24_k12_cw3_006,q01,train,53,3258551811,"[1, 7, 16, 17, 18]",5,[],0,0,5,0,0
code_n24_k12_cw3_006_q01,code_n24_k12_cw3_006,q01,train,54,3259551814,"[2, 7, 10]",3,[],0,0,3,0,0
code_n24_k12_cw3_006_q01,code_n24_k12_cw3_006,q01,train,55,3260551817,"[7, 8, 11, 12]",4,[],0,0,4,0,0
code_n24_k12_cw3_006_q01,code_n24_k12_cw3_006,q01,train,56,3261551820,"[6, 7, 15, 23]",4,"[6, 23]",2,1,3,1,1
code_n24_k12_cw3_006_q01,code_n24_k12_cw3_006,q01,train,57,3262551823,"[0, 1, 6, 7, 15, 16, 19]",7,[],0,0,7,0,0
code_n24_k12_cw3_006_q01,code_n24_k12_cw3_006,q01,train,58,3263551826,"[0, 2, 5, 7, 12, 14, 16, 19, 21]",9,[],0,0,9,0,0
code_n24_k12_cw3_006_q01,code_n24_k12_cw3_006,q01,train,59,3264551829,"[3, 10, 12, 20]",4,[],0,0,4,0,0
code_n24_k12_cw3_006_q01,code_n24_k12_cw3_006,q01,train,60,3265551832,"[21, 23]",2,[],0,0,2,0,0
code_n24_k12_cw3_006_q01,code_n24_k12_cw3_006,q01,train,61,3266551835,"[4, 7, 18]",3,[],0,0,3,0,0
code_n24_k12_cw3_006_q01,code_n24_k12_cw3_006,q01,train,62,3267551838,"[0, 1, 4, 9, 14, 20, 23]",7,[],0,0,7,0,0
code_n24_k12_cw3_006_q01,code_n24_k12_cw3_006,q01,train,63,3268551841,"[6, 7, 10, 14, 18, 20, 23]",7,"[6, 23]",2,1,6,1,1
code_n24_k12_cw3_006_q02,code_n24_k12_cw3_006,q02,train,0,2484171693,"[5, 11, 12, 21, 22]",5,[],0,0,5,0,0
code_n24_k12_cw3_006_q02,code_n24_k12_cw3_006,q02,train,1,2485171696,"[0, 1, 7, 8, 11, 14, 16, 19, 22]",9,[],0,0,9,0,0
code_n24_k12_cw3_006_q02,code_n24_k12_cw3_006,q02,train,2,2486171699,"[1, 2, 4, 5, 7, 11, 14, 15, 17, 21, 23]",11,"[1, 4, 7, 11, 14, 15, 21, 23]",8,1,10,1,1
code_n24_k12_cw3_006_q02,code_n24_k12_cw3_006,q02,train,3,2487171702,"[0, 2, 5, 7, 8, 12, 18]",7,"[5, 18]",2,1,6,1,1
code_n24_k12_cw3_006_q02,code_n24_k12_cw3_006,q02,train,4,2488171705,"[4, 8, 11, 14, 16, 17, 18, 19]",8,"[11, 14, 16, 17, 18, 19]",6,1,8,0,0
code_n24_k12_cw3_006_q02,code_n24_k12_cw3_006,q02,train,5,2489171708,"[8, 10, 19, 20, 22, 23]",6,[],0,0,6,0,0
code_n24_k12_cw3_006_q02,code_n24_k12_cw3_006,q02,train,6,2490171711,"[6, 8, 11, 16, 23]",5,"[6, 23]",2,1,4,1,1
code_n24_k12_cw3_006_q02,code_n24_k12_cw3_006,q02,train,7,2491171714,"[7, 16, 21, 23]",4,[],0,0,4,0,0
code_n24_k12_cw3_006_q02,code_n24_k12_cw3_006,q02,train,8,2492171717,"[2, 5, 7, 11, 13, 14, 16, 21, 23]",9,"[2, 5, 7, 11, 13, 16, 21, 23]",8,1,8,1,1
code_n24_k12_cw3_006_q02,code_n24_k12_cw3_006,q02,train,9,2493171720,"[2, 3, 7, 9, 17, 20, 22]",7,[],0,0,7,0,0
code_n24_k12_cw3_006_q02,code_n24_k12_cw3_006,q02,train,10,2494171723,"[3, 9, 13, 14, 15, 22]",6,[],0,0,6,0,0
code_n24_k12_cw3_006_q02,code_n24_k12_cw3_006,q02,train,11,2495171726,"[0, 3, 5, 15, 16, 18, 19]",7,"[5, 18]",2,1,6,1,1
code_n24_k12_cw3_006_q02,code_n24_k12_cw3_006,q02,train,12,2496171729,"[4, 8, 9, 12, 20]",5,[],0,0,5,0,0
code_n24_k12_cw3_006_q02,code_n24_k12_cw3_006,q02,train,13,2497171732,"[5, 6, 7, 13, 17, 18, 21, 23]",8,"[5, 6, 13, 17, 18, 21, 23]",7,1,6,2,1
code_n24_k12_cw3_006_q02,code_n24_k12_cw3_006,q02,train,14,2498171735,"[4, 8, 12, 13, 15, 16, 23]",7,"[4, 8, 12, 13, 23]",5,1,7,0,0
code_n24_k12_cw3_006_q02,code_n24_k12_cw3_006,q02,train,15,2499171738,"[4, 5, 13, 15]",4,[],0,0,4,0,0
code_n24_k12_cw3_006_q02,code_n24_k12_cw3_006,q02,train,16,2500171741,"[1, 4, 9, 12, 17, 20, 22]",7,[],0,0,7,0,0
code_n24_k12_cw3_006_q02,code_n24_k12_cw3_006,q02,train,17,2501171744,"[1, 2, 6, 13, 21, 23]",6,"[6, 23]",2,1,5,1,1
code_n24_k12_cw3_006_q02,code_n24_k12_cw3_006,q02,train,18,2502171747,"[1, 2, 3, 5, 10, 12, 14, 16, 22, 23]",10,"[1, 2, 3, 5, 10, 12, 14, 16, 23]",9,1,9,1,1
code_n24_k12_cw3_006_q02,code_n24_k12_cw3_006,q02,train,19,2503171750,"[8, 13, 18, 22, 23]",5,[],0,0,5,0,0
code_n24_k12_cw3_006_q02,code_n24_k12_cw3_006,q02,train,20,2504171753,"[1, 2, 5, 8, 14, 20, 23]",7,[],0,0,7,0,0
code_n24_k12_cw3_006_q02,code_n24_k12_cw3_006,q02,train,21,2505171756,"[5, 8, 10, 14, 15, 16, 22]",7,[],0,0,7,0,0
code_n24_k12_cw3_006_q02,code_n24_k12_cw3_006,q02,train,22,2506171759,"[3, 6, 7, 8, 12, 14, 16]",7,[],0,0,7,0,0
code_n24_k12_cw3_006_q02,code_n24_k12_cw3_006,q02,train,23,2507171762,"[3, 4, 5, 6, 7, 17, 18]",7,"[5, 18]",2,1,6,1,1
code_n24_k12_cw3_006_q02,code_n24_k12_cw3_006,q02,train,24,2508171765,"[8, 11, 12, 13, 15, 21]",6,[],0,0,6,0,0
code_n24_k12_cw3_006_q02,code_n24_k12_cw3_006,q02,train,25,2509171768,"[3, 9, 15, 17, 21]",5,[],0,0,5,0,0
code_n24_k12_cw3_006_q02,code_n24_k12_cw3_006,q02,train,26,2510171771,"[1, 2, 3, 5, 9, 11, 16, 19, 23]",9,"[1, 2, 3, 5, 9, 11, 16, 19, 23]",9,1,8,1,1
code_n24_k12_cw3_006_q02,code_n24_k12_cw3_006,q02,train,27,2511171774,"[0, 1, 4, 5, 12, 20, 21]",7,"[1, 12, 21]",3,1,7,0,0
code_n24_k12_cw3_006_q02,code_n24_k12_cw3_006,q02,train,28,2512171777,"[3, 8, 11, 12, 20]",5,[],0,0,5,0,0
code_n24_k12_cw3_006_q02,code_n24_k12_cw3_006,q02,train,29,2513171780,"[3, 6, 10]",3,[],0,0,3,0,0
code_n24_k12_cw3_006_q02,code_n24_k12_cw3_006,q02,train,30,2514171783,"[1, 2, 4, 10, 15, 17, 18, 21, 23]",9,"[10, 17, 18, 21]",4,1,8,1,1
code_n24_k12_cw3_006_q02,code_n24_k12_cw3_006,q02,train,31,2515171786,"[6, 12, 14, 18, 21]",5,[],0,0,5,0,0
code_n24_k12_cw3_006_q02,code_n24_k12_cw3_006,q02,train,32,2516171789,"[2, 3, 9, 17, 21]",5,[],0,0,5,0,0
code_n24_k12_cw3_006_q02,code_n24_k12_cw3_006,q02,train,33,2517171792,"[8, 10, 11, 17, 21, 23]",6,[],0,0,6,0,0
code_n24_k12_cw3_006_q02,code_n24_k12_cw3_006,q02,train,34,2518171795,"[4, 10, 13]",3,[],0,0,3,0,0
code_n24_k12_cw3_006_q02,code_n24_k12_cw3_006,q02,train,35,2519171798,"[3, 5, 10, 14, 17, 20, 21]",7,"[5, 10, 17, 21]",4,1,6,1,1
code_n24_k12_cw3_006_q02,code_n24_k12_cw3_006,q02,train,36,2520171801,"[0, 2, 5, 10, 15, 20, 22, 23]",8,[],0,0,8,0,0
code_n24_k12_cw3_006_q02,code_n24_k12_cw3_006,q02,train,37,2521171804,"[1, 5, 7, 8, 10, 13, 18, 21, 23]",9,"[1, 5, 8, 10, 13, 18, 21, 23]",8,1,8,1,1
code_n24_k12_cw3_006_q02,code_n24_k12_cw3_006,q02,train,38,2522171807,"[0, 1, 4, 13, 16, 19, 20, 22]",8,[],0,0,8,0,0
code_n24_k12_cw3_006_q02,code_n24_k12_cw3_006,q02,train,39,2523171810,"[0, 3, 4, 6, 9, 11, 14, 21, 23]",9,"[3, 4, 6, 11, 14, 21, 23]",7,1,8,1,1
code_n24_k12_cw3_006_q02,code_n24_k12_cw3_006,q02,train,40,2524171813,"[0, 1, 4, 11, 12, 19, 21, 23]",8,"[1, 12, 21]",3,1,8,0,0
code_n24_k12_cw3_006_q02,code_n24_k12_cw3_006,q02,train,41,2525171816,"[0, 6, 7, 16, 17]",5,[],0,0,5,0,0
code_n24_k12_cw3_006_q02,code_n24_k12_cw3_006,q02,train,42,2526171819,"[0, 3, 4, 5, 8, 11, 16, 19, 21]",9,"[3, 5, 11, 16, 19]",5,1,9,0,0
code_n24_k12_cw3_006_q02,code_n24_k12_cw3_006,q02,train,43,2527171822,"[0, 1, 2, 5, 6, 9, 13, 15, 16, 17, 20]",11,"[0, 1, 2, 5, 6, 9, 13, 15, 16, 20]",10,1,11,0,0
code_n24_k12_cw3_006_q02,code_n24_k12_cw3_006,q02,train,44,2528171825,"[6, 9, 12, 13, 21, 22]",6,[],0,0,6,0,0
code_n24_k12_cw3_006_q02,code_n24_k12_cw3_006,q02,train,45,2529171828,"[0, 1, 4, 7, 9, 12, 14, 18, 21]",9,"[1, 4, 7, 9, 12, 21]",6,1,9,0,0
code_n24_k12_cw3_006_q02,code_n24_k12_cw3_006,q02,train,46,2530171831,"[2, 4, 7, 8, 10, 13]",6,[],0,0,6,0,0
code_n24_k12_cw3_006_q02,code_n24_k12_cw3_006,q02,train,47,2531171834,"[7, 12, 13, 15, 17]",5,[],0,0,5,0,0
code_n24_k12_cw3_006_q02,code_n24_k12_cw3_006,q02,train,48,2532171837,"[0, 1, 4, 5, 10, 11, 13, 17, 18, 21]",10,"[5, 10, 17, 18, 21]",5,1,8,2,1
code_n24_k12_cw3_006_q02,code_n24_k12_cw3_006,q02,train,49,2533171840,"[2, 4, 6, 9, 14, 19, 21]",7,"[2, 4, 14, 19, 21]",5,1,7,0,0
code_n24_k12_cw3_006_q02,code_n24_k12_cw3_006,q02,train,50,2534171843,"[0, 12, 18, 22]",4,[],0,0,4,0,0
code_n24_k12_cw3_006_q02,code_n24_k12_cw3_006,q02,train,51,2535171846,"[0, 2, 5, 7, 16, 17, 20, 22]",8,[],0,0,8,0,0
code_n24_k12_cw3_006_q02,code_n24_k12_cw3_006,q02,train,52,2536171849,"[1, 2, 4, 9, 10, 16, 18]",7,[],0,0,7,0,0
code_n24_k12_cw3_006_q02,code_n24_k12_cw3_006,q02,train,53,2537171852,"[2, 12, 13, 20]",4,[],0,0,4,0,0
code_n24_k12_cw3_006_q02,code_n24_k12_cw3_006,q02,train,54,2538171855,"[3, 5, 8, 9, 11, 13, 17, 20, 21, 22, 23]",11,"[8, 9, 11, 13, 21, 23]",6,1,11,0,0
code_n24_k12_cw3_006_q02,code_n24_k12_cw3_006,q02,train,55,2539171858,"[2, 4, 13, 14, 17, 21]",6,[],0,0,6,0,0
code_n24_k12_cw3_006_q02,code_n24_k12_cw3_006,q02,train,56,2540171861,"[0, 1, 8, 9, 11, 13, 15, 23]",8,"[1, 9, 11, 13, 23]",5,1,7,1,1
code_n24_k12_cw3_006_q02,code_n24_k12_cw3_006,q02,train,57,2541171864,"[1, 8, 9, 13, 15, 21]",6,[],0,0,6,0,0
code_n24_k12_cw3_006_q02,code_n24_k12_cw3_006,q02,train,58,2542171867,"[3, 5, 9, 14, 16, 17, 18, 22]",8,"[5, 18]",2,1,7,1,1
code_n24_k12_cw3_006_q02,code_n24_k12_cw3_006,q02,train,59,2543171870,"[2, 4, 5, 7, 10, 11, 13, 14, 19, 22]",10,"[2, 4, 7, 11, 13, 14, 19]",7,1,9,1,1
code_n24_k12_cw3_006_q02,code_n24_k12_cw3_006,q02,train,60,2544171873,"[0, 1, 15]",3,[],0,0,3,0,0
code_n24_k12_cw3_006_q02,code_n24_k12_cw3_006,q02,train,61,2545171876,"[4, 10, 11, 13, 15, 21, 22]",7,[],0,0,7,0,0
code_n24_k12_cw3_006_q02,code_n24_k12_cw3_006,q02,train,62,2546171879,"[5, 6, 18, 22]",4,"[5, 18]",2,1,3,1,1
code_n24_k12_cw3_006_q02,code_n24_k12_cw3_006,q02,train,63,2547171882,"[3, 12, 17, 18, 20]",5,[],0,0,5,0,0
code_n24_k12_cw3_006_q03,code_n24_k12_cw3_006,q03,train,0,1762791734,"[0, 5, 10, 11, 17, 22]",6,[],0,0,6,0,0
code_n24_k12_cw3_006_q03,code_n24_k12_cw3_006,q03,train,1,1763791737,"[0, 8, 9, 14, 16, 17, 23]",7,[],0,0,7,0,0
code_n24_k12_cw3_006_q03,code_n24_k12_cw3_006,q03,train,2,1764791740,"[2, 4, 11, 13, 16, 20, 21]",7,[],0,0,7,0,0
code_n24_k12_cw3_006_q03,code_n24_k12_cw3_006,q03,train,3,1765791743,"[1, 2, 3, 12, 13, 15, 21, 22]",8,"[1, 3, 12, 15, 21]",5,1,8,0,0
code_n24_k12_cw3_006_q03,code_n24_k12_cw3_006,q03,train,4,1766791746,"[0, 1, 3, 4, 9, 12, 17, 19, 20, 23]",10,[],0,0,10,0,0
code_n24_k12_cw3_006_q03,code_n24_k12_cw3_006,q03,train,5,1767791749,"[0, 6, 11, 12, 19, 20, 21, 23]",8,"[6, 23]",2,1,7,1,1
code_n24_k12_cw3_006_q03,code_n24_k12_cw3_006,q03,train,6,1768791752,"[1, 2, 4, 6, 13, 15, 16, 22]",8,[],0,0,8,0,0
code_n24_k12_cw3_006_q03,code_n24_k12_cw3_006,q03,train,7,1769791755,"[0, 1, 3, 4, 5, 7, 12, 19, 23]",9,[],0,0,9,0,0
code_n24_k12_cw3_006_q03,code_n24_k12_cw3_006,q03,train,8,1770791758,"[0, 1, 4, 9, 14, 15, 18, 20, 21, 22, 23]",11,"[0, 1, 4, 9, 14, 15, 21, 22]",8,1,10,1,1
code_n24_k12_cw3_006_q03,code_n24_k12_cw3_006,q03,train,9,1771791761,"[2, 3, 5, 6, 9, 13, 14, 16, 21]",9,"[2, 3, 5, 6, 13, 14, 16, 21]",8,1,9,0,0
code_n24_k12_cw3_006_q03,code_n24_k12_cw3_006,q03,train,10,1772791764,"[0, 2, 3, 8, 9, 11, 16, 18, 20, 21, 23]",11,"[0, 2, 3, 8, 9, 11, 16, 18, 20, 21, 23]",11,1,11,0,0
code_n24_k12_cw3_006_q03,code_n24_k12_cw3_006,q03,train,11,1773791767,"[2, 3, 10, 14, 18]",5,[],0,0,5,0,0
code_n24_k12_cw3_006_q03,code_n24_k12_cw3_006,q03,train,12,1774791770,"[1, 6, 9, 19, 20]",5,[],0,0,5,0,0
code_n24_k12_cw3_006_q03,code_n24_k12_cw3_006,q03,train,13,1775791773,"[1, 2, 6, 12, 16, 17, 21]",7,"[1, 12, 21]",3,1,7,0,0
code_n24_k12_cw3_006_q03,code_n24_k12_cw3_006,q03,train,14,1776791776,"[3, 4, 12, 19, 23]",5,[],0,0,5,0,0
code_n24_k12_cw3_006_q03,code_n24_k12_cw3_006,q03,train,15,1777791779,"[4, 5, 9, 10, 11, 13, 15, 18, 19, 23]",10,"[5, 9, 10, 11, 13, 15, 18, 19, 23]",9,1,9,1,1
code_n24_k12_cw3_006_q03,code_n24_k12_cw3_006,q03,train,16,1778791782,"[2, 5, 6, 13, 14, 17]",6,[],0,0,6,0,0
code_n24_k12_cw3_006_q03,code_n24_k12_cw3_006,q03,train,17,1779791785,"[1, 2, 3, 4, 6, 10, 13, 14, 18, 19, 21]",11,"[2, 3, 4, 6, 13, 14, 19, 21]",8,1,10,1,1
code_n24_k12_cw3_006_q03,code_n24_k12_cw3_006,q03,train,18,1780791788,"[2, 3, 9, 10, 12, 18, 19, 20, 22]",9,[],0,0,9,0,0
code_n24_k12_cw3_006_q03,code_n24_k12_cw3_006,q03,train,19,1781791791,"[1, 2, 5, 7, 8, 12, 14, 21]",8,"[1, 12, 21]",3,1,8,0,0
code_n24_k12_cw3_006_q03,code_n24_k12_cw3_006,q03,train,20,1782791794,"[2, 3, 8, 9, 14]",5,"[3, 8, 9, 14]",4,1,4,1,1
code_n24_k12_cw3_006_q03,code_n24_k12_cw3_006,q03,train,21,1783791797,"[2, 3, 4, 5, 7, 11, 12]",7,[],0,0,7,0,0
code_n24_k12_cw3_006_q03,code_n24_k12_cw3_006,q03,train,22,1784791800,"[2, 4, 5, 6, 12, 13, 19, 20]",8,[],0,0,8,0,0
code_n24_k12_cw3_006_q03,code_n24_k12_cw3_006,q03,train,23,1785791803,"[0, 1, 2, 6, 7, 10, 11, 19, 21]",9,[],0,0,9,0,0
code_n24_k12_cw3_006_q03,code_n24_k12_cw3_006,q03,train,24,1786791806,"[1, 2, 3, 8, 12, 16, 18, 21, 22, 23]",10,"[1, 12, 21]",3,1,10,0,0
code_n24_k12_cw3_006_q03,code_n24_k12_cw3_006,q03,train,25,1787791809,"[3, 4, 6, 10, 18, 19]",6,[],0,0,6,0,0
code_n24_k12_cw3_006_q03,code_n24_k12_cw3_006,q03,train,26,1788791812,"[5, 7, 9, 11, 13, 15, 17, 18, 21]",9,"[5, 18]",2,1,8,1,1
code_n24_k12_cw3_006_q03,code_n24_k12_cw3_006,q03,train,27,1789791815,"[0, 5, 6, 7, 9, 10, 13, 15, 16, 19, 20, 22]",12,"[0, 5, 6, 7, 9, 10, 15, 16, 19, 20, 22]",11,1,11,1,1
code_n24_k12_cw3_006_q03,code_n24_k12_cw3_006,q03,train,28,1790791818,"[3, 6, 7, 8, 13, 20, 21]",7,[],0,0,7,0,0
code_n24_k12_cw3_006_q03,code_n24_k12_cw3_006,q03,train,29,1791791821,"[1, 6, 8, 12, 13, 17, 18, 19, 21]",9,"[1, 6, 8, 12, 13, 21]",6,1,9,0,0
code_n24_k12_cw3_006_q03,code_n24_k12_cw3_006,q03,train,30,1792791824,"[2, 3, 4, 11, 12, 15, 19, 21, 23]",9,"[2, 3, 4, 11, 12, 15, 19, 21, 23]",9,1,9,0,0
code_n24_k12_cw3_006_q03,code_n24_k12_cw3_006,q03,train,31,1793791827,"[2, 3, 7, 8, 9, 12, 16, 18, 19, 23]",10,"[2, 3, 7, 8, 9, 12, 16, 18, 19, 23]",10,1,9,1,1
code_n24_k12_cw3_006_q03,code_n24_k12_cw3_006,q03,train,32,1794791830,"[2, 3, 5, 7, 9, 12, 14, 16, 20, 21, 23]",11,"[2, 3, 5, 7, 9, 12, 14, 16, 21, 23]",10,1,11,0,0
code_n24_k12_cw3_006_q03,code_n24_k12_cw3_006,q03,train,33,1795791833,"[0, 2, 7, 8, 14, 15, 16, 17, 18, 23]",10,"[2, 7, 8, 14, 15, 16, 17, 18, 23]",9,1,10,0,0
code_n24_k12_cw3_006_q03,code_n24_k12_cw3_006,q03,train,34,1796791836,"[2, 5, 9, 13, 14, 16, 20]",7,[],0,0,7,0,0
code_n24_k12_cw3_006_q03,code_n24_k12_cw3_006,q03,train,35,1797791839,"[1, 4, 5, 11, 12, 14, 15, 16, 17, 20, 21, 23]",12,"[1, 4, 11, 12, 14, 15, 21, 23]",8,1,12,0,0
code_n24_k12_cw3_006_q03,code_n24_k12_cw3_006,q03,train,36,1798791842,"[2, 3, 4, 7, 9, 11, 13, 15, 17, 18, 20]",11,"[3, 4, 7, 9, 11, 13, 15]",7,1,10,1,1
code_n24_k12_cw3_006_q03,code_n24_k12_cw3_006,q03,train,37,1799791845,"[1, 2, 16, 18, 19, 20, 23]",7,[],0,0,7,0,0
code_n24_k12_cw3_006_q03,code_n24_k12_cw3_006,q03,train,38,1800791848,"[2, 5, 9, 17, 19, 22]",6,[],0,0,6,0,0
code_n24_k12_cw3_006_q03,code_n24_k12_cw3_006,q03,train,39,1801791851,"[2, 7, 12, 15, 18, 19, 23]",7,[],0,0,7,0,0
code_n24_k12_cw3_006_q03,code_n24_k12_cw3_006,q03,train,40,1802791854,"[1, 5, 6, 7, 16]",5,[],0,0,5,0,0
code_n24_k12_cw3_006_q03,code_n24_k12_cw3_006,q03,train,41,1803791857,"[0, 2, 3, 4, 5, 6, 8, 10, 14, 18, 19, 23]",12,"[2, 3, 4, 5, 6, 10, 14, 18, 19, 23]",10,1,10,2,1
code_n24_k12_cw3_006_q03,code_n24_k12_cw3_006,q03,train,42,1804791860,"[0, 6, 7, 8, 17, 19, 21, 23]",8,"[6, 23]",2,1,7,1,1
code_n24_k12_cw3_006_q03,code_n24_k12_cw3_006,q03,train,43,1805791863,"[0, 1, 3, 4, 5, 7, 19, 21, 22, 23]",10,"[0, 1, 4, 7, 21, 22]",6,1,9,1,1
code_n24_k12_cw3_006_q03,code_n24_k12_cw3_006,q03,train,44,1806791866,"[3, 10, 11, 13, 14, 19, 20, 23]",8,[],0,0,8,0,0
code_n24_k12_cw3_006_q03,code_n24_k12_cw3_006,q03,train,45,1807791869,"[0, 5, 6, 9, 10, 11, 12, 14, 17, 18, 19, 20]",12,"[0, 5, 6, 9, 10, 11, 12, 14, 17, 18, 19, 20]",12,1,11,1,1
code_n24_k12_cw3_006_q03,code_n24_k12_cw3_006,q03,train,46,1808791872,"[6, 9, 12, 14, 15, 18, 20, 22, 23]",9,"[6, 9, 12, 14, 15, 23]",6,1,8,1,1
code_n24_k12_cw3_006_q03,code_n24_k12_cw3_006,q03,train,47,1809791875,"[1, 2, 3, 5, 6, 7, 8, 12, 14, 15, 16, 18, 22]",13,"[1, 2, 3, 5, 6, 7, 8, 12, 14, 15, 16, 18]",12,1,10,3,1
code_n24_k12_cw3_006_q03,code_n24_k12_cw3_006,q03,train,48,1810791878,"[1, 2, 5, 8, 9, 10, 11, 14, 16, 17, 18, 20, 22]",13,"[1, 2, 5, 8, 9, 10, 11, 14, 16, 17, 18, 20, 22]",13,1,12,1,1
code_n24_k12_cw3_006_q03,code_n24_k12_cw3_006,q03,train,49,1811791881,"[1, 3, 7, 10, 14, 21]",6,"[3, 7, 14, 21]",4,1,6,0,0
code_n24_k12_cw3_006_q03,code_n24_k12_cw3_006,q03,train,50,1812791884,"[4, 5, 7, 8, 9, 13, 14, 15, 16, 18, 21, 23]",12,"[4, 5, 7, 8, 9, 13, 14, 15, 16, 18, 21, 23]",12,1,10,2,1
code_n24_k12_cw3_006_q03,code_n24_k12_cw3_006,q03,train,51,1813791887,"[1, 2, 4, 10, 14, 18, 19]",7,[],0,0,7,0,0
code_n24_k12_cw3_006_q03,code_n24_k12_cw3_006,q03,train,52,1814791890,"[0, 4, 6, 7, 14, 15, 16, 18, 19, 22, 23]",11,"[0, 4, 6, 7, 15, 16, 18, 19, 22, 23]",10,1,9,2,1
code_n24_k12_cw3_006_q03,code_n24_k12_cw3_006,q03,train,53,1815791893,"[11, 15, 16, 18, 21, 22]",6,[],0,0,6,0,0
code_n24_k12_cw3_006_q03,code_n24_k12_cw3_006,q03,train,54,1816791896,"[2, 7, 12, 13, 16, 20, 21]",7,[],0,0,7,0,0
code_n24_k12_cw3_006_q03,code_n24_k12_cw3_006,q03,train,55,1817791899,"[3, 5, 6, 8, 10, 13, 14, 15, 18, 19, 22, 23]",12,"[3, 5, 6, 8, 10, 13, 14, 15, 18, 19, 23]",11,1,10,2,1
code_n24_k12_cw3_006_q03,code_n24_k12_cw3_006,q03,train,56,1818791902,"[0, 1, 2, 10, 12, 14, 18, 19, 22, 23]",10,"[0, 2, 12, 14, 19, 22]",6,1,10,0,0
code_n24_k12_cw3_006_q03,code_n24_k12_cw3_006,q03,train,57,1819791905,"[4, 5, 6, 11, 12, 14, 16, 23]",8,"[6, 23]",2,1,7,1,1
code_n24_k12_cw3_006_q03,code_n24_k12_cw3_006,q03,train,58,1820791908,"[3, 4, 7, 10, 17, 22, 23]",7,[],0,0,7,0,0
code_n24_k12_cw3_006_q03,code_n24_k12_cw3_006,q03,train,59,1821791911,"[0, 6, 8, 9, 12, 15, 17, 20, 23]",9,"[6, 23]",2,1,8,1,1
code_n24_k12_cw3_006_q03,code_n24_k12_cw3_006,q03,train,60,1822791914,"[3, 4, 5, 6, 8, 14, 17, 21, 22]",9,[],0,0,9,0,0
code_n24_k12_cw3_006_q03,code_n24_k12_cw3_006,q03,train,61,1823791917,"[0, 6, 7, 8, 16]",5,[],0,0,5,0,0
code_n24_k12_cw3_006_q03,code_n24_k12_cw3_006,q03,train,62,1824791920,"[1, 2, 3, 6, 8, 9, 14, 16, 19, 20, 22, 23]",12,"[1, 2, 3, 6, 8, 9, 14, 19, 23]",9,1,10,2,1
code_n24_k12_cw3_006_q03,code_n24_k12_cw3_006,q03,train,63,1825791923,"[1, 9, 11, 21, 23]",5,"[1, 9, 11, 23]",4,1,4,1,1
code_n24_k12_cw3_007_q00,code_n24_k12_cw3_007,q00,train,0,215860598,[],0,[],0,0,0,0,0
code_n24_k12_cw3_007_q00,code_n24_k12_cw3_007,q00,train,1,216860601,"[2, 3, 6, 7, 22]",5,"[2, 3, 7, 22]",4,1,5,0,0
code_n24_k12_cw3_007_q00,code_n24_k12_cw3_007,q00,train,2,217860604,"[1, 2, 4, 9, 18]",5,[],0,0,5,0,0
code_n24_k12_cw3_007_q00,code_n24_k12_cw3_007,q00,train,3,218860607,"[15, 18, 22]",3,[],0,0,3,0,0
code_n24_k12_cw3_007_q00,code_n24_k12_cw3_007,q00,train,4,219860610,"[8, 14, 21]",3,[],0,0,3,0,0
code_n24_k12_cw3_007_q00,code_n24_k12_cw3_007,q00,train,5,220860613,"[7, 12, 16, 17]",4,[],0,0,4,0,0
code_n24_k12_cw3_007_q00,code_n24_k12_cw3_007,q00,train,6,221860616,"[0, 6, 14]",3,[],0,0,3,0,0
code_n24_k12_cw3_007_q00,code_n24_k12_cw3_007,q00,train,7,222860619,"[9, 20]",2,[],0,0,2,0,0
code_n24_k12_cw3_007_q00,code_n24_k12_cw3_007,q00,train,8,223860622,"[2, 3, 13, 16, 19]",5,[],0,0,5,0,0
code_n24_k12_cw3_007_q00,code_n24_k12_cw3_007,q00,train,9,224860625,"[1, 4, 5, 6, 20, 21]",6,[],0,0,6,0,0
code_n24_k12_cw3_007_q00,code_n24_k12_cw3_007,q00,train,10,225860628,"[2, 5, 16, 22]",4,[],0,0,4,0,0
code_n24_k12_cw3_007_q00,code_n24_k12_cw3_007,q00,train,11,226860631,"[0, 3, 4, 13, 15, 21]",6,[],0,0,6,0,0
code_n24_k12_cw3_007_q00,code_n24_k12_cw3_007,q00,train,12,227860634,"[4, 7, 11]",3,[],0,0,3,0,0
code_n24_k12_cw3_007_q00,code_n24_k12_cw3_007,q00,train,13,228860637,"[1, 2, 4, 13, 20]",5,[],0,0,5,0,0
code_n24_k12_cw3_007_q00,code_n24_k12_cw3_007,q00,train,14,229860640,"[16, 17, 21]",3,[],0,0,3,0,0
code_n24_k12_cw3_007_q00,code_n24_k12_cw3_007,q00,train,15,230860643,"[5, 16]",2,[],0,0,2,0,0
code_n24_k12_cw3_007_q00,code_n24_k12_cw3_007,q00,train,16,231860646,"[1, 13, 15, 18, 19]",5,[],0,0,5,0,0
code_n24_k12_cw3_007_q00,code_n24_k12_cw3_007,q00,train,17,232860649,[7],1,[],0,0,1,0,0
code_n24_k12_cw3_007_q00,code_n24_k12_cw3_007,q00,train,18,233860652,"[2, 8, 12, 21]",4,[],0,0,4,0,0
code_n24_k12_cw3_007_q00,code_n24_k12_cw3_007,q00,train,19,234860655,"[2, 3, 10, 12, 15, 16, 17, 19, 21]",9,"[2, 3, 12, 15, 16, 19, 21]",7,1,8,1,1
code_n24_k12_cw3_007_q00,code_n24_k12_cw3_007,q00,train,20,235860658,"[1, 9, 18, 20, 21]",5,[],0,0,5,0,0
code_n24_k12_cw3_007_q00,code_n24_k12_cw3_007,q00,train,21,236860661,"[1, 2, 3, 9, 16, 18]",6,[],0,0,6,0,0
code_n24_k12_cw3_007_q00,code_n24_k12_cw3_007,q00,train,22,237860664,"[11, 19, 21]",3,[],0,0,3,0,0
code_n24_k12_cw3_007_q00,code_n24_k12_cw3_007,q00,train,23,238860667,"[1, 7, 17]",3,[],0,0,3,0,0
code_n24_k12_cw3_007_q00,code_n24_k12_cw3_007,q00,train,24,239860670,"[2, 10, 13, 15, 20, 22]",6,[],0,0,6,0,0
code_n24_k12_cw3_007_q00,code_n24_k12_cw3_007,q00,train,25,240860673,"[4, 6, 7, 8, 10, 18]",6,[],0,0,6,0,0
code_n24_k12_cw3_007_q00,code_n24_k12_cw3_007,q00,train,26,241860676,"[0, 6, 7, 13, 14]",5,[],0,0,5,0,0
code_n24_k12_cw3_007_q00,code_n24_k12_cw3_007,q00,train,27,242860679,"[1, 3, 13, 14, 18]",5,[],0,0,5,0,0
code_n24_k12_cw3_007_q00,code_n24_k12_cw3_007,q00,train,28,243860682,"[1, 4, 9, 20, 22, 23]",6,[],0,0,6,0,0
code_n24_k12_cw3_007_q00,code_n24_k12_cw3_007,q00,train,29,244860685,"[12, 14, 16]",3,[],0,0,3,0,0
code_n24_k12_cw3_007_q00,code_n24_k12_cw3_007,q00,train,30,245860688,"[4, 5, 6, 16, 18, 19]",6,[],0,0,6,0,0
code_n24_k12_cw3_007_q00,code_n24_k12_cw3_007,q00,train,31,246860691,"[11, 16, 23]",3,[],0,0,3,0,0
code_n24_k12_cw3_007_q00,code_n24_k12_cw3_007,q00,train,32,247860694,"[1, 2, 4, 18]",4,[],0,0,4,0,0
code_n24_k12_cw3_007_q00,code_n24_k12_cw3_007,q00,train,33,248860697,"[4, 8, 10, 15, 20, 22]",6,[],0,0,6,0,0
code_n24_k12_cw3_007_q00,code_n24_k12_cw3_007,q00,train,34,249860700,"[9, 14, 17]",3,[],0,0,3,0,0
code_n24_k12_cw3_007_q00,code_n24_k12_cw3_007,q00,train,35,250860703,"[3, 22]",2,[],0,0,2,0,0
code_n24_k12_cw3_007_q00,code_n24_k12_cw3_007,q00,train,36,251860706,"[8, 10, 12, 14, 20]",5,"[8, 12, 20]",3,1,5,0,0
code_n24_k12_cw3_007_q00,code_n24_k12_cw3_007,q00,train,37,252860709,"[0, 12, 16]",3,[],0,0,3,0,0
code_n24_k12_cw3_007_q00,code_n24_k12_cw3_007,q00,train,38,253860712,"[12, 18]",2,[],0,0,2,0,0
code_n24_k12_cw3_007_q00,code_n24_k12_cw3_007,q00,train,39,254860715,"[6, 7, 10, 16]",4,[],0,0,4,0,0
code_n24_k12_cw3_007_q00,code_n24_k12_cw3_007,q00,train,40,255860718,"[0, 2, 4, 5, 6, 8, 11, 14, 19, 21]",10,"[0, 2, 6, 8, 11, 14, 19, 21]",8,1,9,1,1
code_n24_k12_cw3_007_q00,code_n24_k12_cw3_007,q00,train,41,256860721,"[8, 15, 20]",3,[],0,0,3,0,0
code_n24_k12_cw3_007_q00,code_n24_k12_cw3_007,q00,train,42,257860724,"[0, 7, 19, 22, 23]",5,[],0,0,5,0,0
code_n24_k12_cw3_007_q00,code_n24_k12_cw3_007,q00,train,43,258860727,"[0, 5, 7, 10, 11, 14, 20]",7,"[5, 7, 10]",3,1,7,0,0
code_n24_k12_cw3_007_q00,code_n24_k12_cw3_007,q00,train,44,259860730,[19],1,[],0,0,1,0,0
code_n24_k12_cw3_007_q00,code_n24_k12_cw3_007,q00,train,45,260860733,"[2, 15, 16, 19, 22]",5,[],0,0,5,0,0
code_n24_k12_cw3_007_q00,code_n24_k12_cw3_007,q00,train,46,261860736,"[1, 5, 11, 13, 18, 20, 22]",7,[],0,0,7,0,0
code_n24_k12_cw3_007_q00,code_n24_k12_cw3_007,q00,train,47,262860739,"[6, 17, 20]",3,[],0,0,3,0,0
code_n24_k12_cw3_007_q00,code_n24_k12_cw3_007,q00,train,48,263860742,"[11, 15, 23]",3,[],0,0,3,0,0
code_n24_k12_cw3_007_q00,code_n24_k12_cw3_007,q00,train,49,264860745,"[11, 22]",2,[],0,0,2,0,0
code_n24_k12_cw3_007_q00,code_n24_k12_cw3_007,q00,train,50,265860748,"[0, 10, 11, 12]",4,[],0,0,4,0,0
code_n24_k12_cw3_007_q00,code_n24_k12_cw3_007,q00,train,51,266860751,"[1, 17]",2,[],0,0,2,0,0
code_n24_k12_cw3_007_q00,code_n24_k12_cw3_007,q00,train,52,267860754,"[0, 16]",2,[],0,0,2,0,0
code_n24_k12_cw3_007_q00,code_n24_k12_cw3_007,q00,train,53,268860757,"[1, 6, 10, 12, 16, 19]",6,[],0,0,6,0,0
code_n24_k12_cw3_007_q00,code_n24_k12_cw3_007,q00,train,54,269860760,"[5, 14, 20]",3,[],0,0,3,0,0
code_n24_k12_cw3_007_q00,code_n24_k12_cw3_007,q00,train,55,270860763,"[5, 6, 11, 17, 18, 19, 23]",7,[],0,0,7,0,0
code_n24_k12_cw3_007_q00,code_n24_k12_cw3_007,q00,train,56,271860766,"[1, 7, 13, 14, 18, 22]",6,[],0,0,6,0,0
code_n24_k12_cw3_007_q00,code_n24_k12_cw3_007,q00,train,57,272860769,"[6, 13]",2,[],0,0,2,0,0
code_n24_k12_cw3_007_q00,code_n24_k12_cw3_007,q00,train,58,273860772,"[1, 6, 11]",3,[],0,0,3,0,0
code_n24_k12_cw3_007_q00,code_n24_k12_cw3_007,q00,train,59,274860775,"[0, 5, 13, 14, 15, 19]",6,[],0,0,6,0,0
code_n24_k12_cw3_007_q00,code_n24_k12_cw3_007,q00,train,60,275860778,"[5, 6, 8]",3,[],0,0,3,0,0
code_n24_k12_cw3_007_q00,code_n24_k12_cw3_007,q00,train,61,276860781,"[6, 13]",2,[],0,0,2,0,0
code_n24_k12_cw3_007_q00,code_n24_k12_cw3_007,q00,train,62,277860784,"[2, 16, 20]",3,[],0,0,3,0,0
code_n24_k12_cw3_007_q00,code_n24_k12_cw3_007,q00,train,63,278860787,"[1, 14]",2,[],0,0,2,0,0
code_n24_k12_cw3_007_q01,code_n24_k12_cw3_007,q01,train,0,3789447935,"[3, 8, 11, 13]",4,[],0,0,4,0,0
code_n24_k12_cw3_007_q01,code_n24_k12_cw3_007,q01,train,1,3790447938,"[1, 9, 12, 13, 16]",5,[],0,0,5,0,0
code_n24_k12_cw3_007_q01,code_n24_k12_cw3_007,q01,train,2,3791447941,"[8, 16, 17, 22, 23]",5,[],0,0,5,0,0
code_n24_k12_cw3_007_q01,code_n24_k12_cw3_007,q01,train,3,3792447944,"[14, 18, 21]",3,[],0,0,3,0,0
code_n24_k12_cw3_007_q01,code_n24_k12_cw3_007,q01,train,4,3793447947,"[2, 3, 6, 11, 17, 20]",6,[],0,0,6,0,0
code_n24_k12_cw3_007_q01,code_n24_k12_cw3_007,q01,train,5,3794447950,"[3, 8, 10, 15, 17]",5,[],0,0,5,0,0
code_n24_k12_cw3_007_q01,code_n24_k12_cw3_007,q01,train,6,3795447953,"[0, 1, 2, 8, 12, 13, 19]",7,[],0,0,7,0,0
code_n24_k12_cw3_007_q01,code_n24_k12_cw3_007,q01,train,7,3796447956,"[5, 8, 10, 11, 12, 14, 15, 20]",8,"[8, 11, 12, 14, 15, 20]",6,1,8,0,0
code_n24_k12_cw3_007_q01,code_n24_k12_cw3_007,q01,train,8,3797447959,"[7, 13, 14, 17, 18, 19]",6,[],0,0,6,0,0
code_n24_k12_cw3_007_q01,code_n24_k12_cw3_007,q01,train,9,3798447962,"[0, 1, 5, 7, 10, 17, 18, 20]",8,"[5, 7, 10]",3,1,8,0,0
code_n24_k12_cw3_007_q01,code_n24_k12_cw3_007,q01,train,10,3799447965,"[3, 8, 19, 21]",4,[],0,0,4,0,0
code_n24_k12_cw3_007_q01,code_n24_k12_cw3_007,q01,train,11,3800447968,"[10, 11, 12, 15, 18, 22, 23]",7,"[11, 12, 22]",3,1,7,0,0
code_n24_k12_cw3_007_q01,code_n24_k12_cw3_007,q01,train,12,3801447971,"[0, 2, 8, 12, 15, 21, 22]",7,"[2, 8, 12, 21, 22]",5,1,7,0,0
code_n24_k12_cw3_007_q01,code_n24_k12_cw3_007,q01,train,13,3802447974,"[14, 20, 21, 23]",4,[],0,0,4,0,0
code_n24_k12_cw3_007_q01,code_n24_k12_cw3_007,q01,train,14,3803447977,"[4, 6, 8, 11, 12, 13, 19, 20, 21, 22]",10,"[8, 11, 12, 20, 22]",5,1,10,0,0
code_n24_k12_cw3_007_q01,code_n24_k12_cw3_007,q01,train,15,3804447980,"[7, 8, 9, 11, 13, 16, 17, 19, 22]",9,"[7, 8, 9, 11, 19, 22]",6,1,9,0,0
code_n24_k12_cw3_007_q01,code_n24_k12_cw3_007,q01,train,16,3805447983,"[5, 10, 12, 20, 22]",5,[],0,0,5,0,0
code_n24_k12_cw3_007_q01,code_n24_k12_cw3_007,q01,train,17,3806447986,"[6, 7, 10, 13, 19, 22]",6,[],0,0,6,0,0
code_n24_k12_cw3_007_q01,code_n24_k12_cw3_007,q01,train,18,3807447989,"[8, 9, 12, 18, 20, 21, 23]",7,"[8, 12, 20]",3,1,7,0,0
code_n24_k12_cw3_007_q01,code_n24_k12_cw3_007,q01,train,19,3808447992,"[5, 13, 21, 23]",4,[],0,0,4,0,0
code_n24_k12_cw3_007_q01,code_n24_k12_cw3_007,q01,train,20,3809447995,"[0, 1, 2, 7, 9, 13, 14, 17, 18, 22]",10,"[0, 2, 7, 9, 13, 14, 17, 18, 22]",9,1,10,0,0
code_n24_k12_cw3_007_q01,code_n24_k12_cw3_007,q01,train,21,3810447998,"[12, 14, 16, 19, 21, 23]",6,[],0,0,6,0,0
code_n24_k12_cw3_007_q01,code_n24_k12_cw3_007,q01,train,22,3811448001,"[3, 6, 8, 11, 12, 14, 15, 16]",8,"[3, 6, 8, 11, 12, 14, 15]",7,1,7,1,1
code_n24_k12_cw3_007_q01,code_n24_k12_cw3_007,q01,train,23,3812448004,"[2, 4, 12, 14, 17, 22]",6,[],0,0,6,0,0
code_n24_k12_cw3_007_q01,code_n24_k12_cw3_007,q01,train,24,3813448007,"[1, 12, 13]",3,[],0,0,3,0,0
code_n24_k12_cw3_007_q01,code_n24_k12_cw3_007,q01,train,25,3814448010,"[14, 21, 22, 23]",4,[],0,0,4,0,0
code_n24_k12_cw3_007_q01,code_n24_k12_cw3_007,q01,train,26,3815448013,"[3, 4, 5, 11, 21]",5,[],0,0,5,0,0
code_n24_k12_cw3_007_q01,code_n24_k12_cw3_007,q01,train,27,3816448016,"[0, 1, 2, 6, 11, 12, 14, 21, 22]",9,"[6, 11, 12, 14, 22]",5,1,9,0,0
code_n24_k12_cw3_007_q01,code_n24_k12_cw3_007,q01,train,28,3817448019,"[21, 22, 23]",3,[],0,0,3,0,0
code_n24_k12_cw3_007_q01,code_n24_k12_cw3_007,q01,train,29,3818448022,"[1, 5, 6, 7, 9, 22]",6,[],0,0,6,0,0
code_n24_k12_cw3_007_q01,code_n24_k12_cw3_007,q01,train,30,3819448025,"[11, 13, 14, 15, 23]",5,[],0,0,5,0,0
code_n24_k12_cw3_007_q01,code_n24_k12_cw3_007,q01,train,31,3820448028,"[15, 22]",2,[],0,0,2,0,0
code_n24_k12_cw3_007_q01,code_n24_k12_cw3_007,q01,train,32,3821448031,"[7, 8, 13]",3,[],0,0,3,0,0
code_n24_k12_cw3_007_q01,code_n24_k12_cw3_007,q01,train,33,3822448034,"[1, 3, 5, 12]",4,[],0,0,4,0,0
code_n24_k12_cw3_007_q01,code_n24_k12_cw3_007,q01,train,34,3823448037,"[0, 1, 3, 6, 12, 18, 19, 20, 21, 22]",10,"[0, 3, 6, 12, 19, 20, 21, 22]",8,1,10,0,0
code_n24_k12_cw3_007_q01,code_n24_k12_cw3_007,q01,train,35,3824448040,"[0, 1, 2, 9, 20, 21]",6,[],0,0,6,0,0
code_n24_k12_cw3_007_q01,code_n24_k12_cw3_007,q01,train,36,3825448043,"[0, 4, 7, 16]",4,[],0,0,4,0,0
code_n24_k12_cw3_007_q01,code_n24_k12_cw3_007,q01,train,37,3826448046,"[1, 5, 9, 11, 14, 21, 22]",7,[],0,0,7,0,0
code_n24_k12_cw3_007_q01,code_n24_k12_cw3_007,q01,train,38,3827448049,"[18, 21, 23]",3,[],0,0,3,0,0
code_n24_k12_cw3_007_q01,code_n24_k12_cw3_007,q01,train,39,3828448052,"[0, 1, 3, 9, 10, 17, 23]",7,[],0,0,7,0,0
code_n24_k12_cw3_007_q01,code_n24_k12_cw3_007,q01,train,40,3829448055,"[0, 3, 17, 19, 20, 21]",6,[],0,0,6,0,0
code_n24_k12_cw3_007_q01,code_n24_k12_cw3_007,q01,train,41,3830448058,"[1, 2, 3, 5, 6, 12, 13, 18, 20, 22]",10,"[3, 20, 22]",3,1,10,0,0
code_n24_k12_cw3_007_q01,code_n24_k12_cw3_007,q01,train,42,3831448061,"[5, 12, 15, 17, 18, 22]",6,[],0,0,6,0,0
code_n24_k12_cw3_007_q01,code_n24_k12_cw3_007,q01,train,43,3832448064,"[0, 17]",2,[],0,0,2,0,0
code_n24_k12_cw3_007_q01,code_n24_k12_cw3_007,q01,train,44,3833448067,"[4, 16, 19, 20]",4,[],0,0,4,0,0
code_n24_k12_cw3_007_q01,code_n24_k12_cw3_007,q01,train,45,3834448070,"[7, 11, 19, 20]",4,[],0,0,4,0,0
code_n24_k12_cw3_007_q01,code_n24_k12_cw3_007,q01,train,46,3835448073,"[2, 5, 6, 9, 17, 20]",6,[],0,0,6,0,0
code_n24_k12_cw3_007_q01,code_n24_k12_cw3_007,q01,train,47,3836448076,"[0, 3, 4, 10, 11, 12, 16, 17, 18, 20, 21]",11,"[0, 3, 4, 11, 12, 16, 17, 20, 21]",9,1,10,1,1
code_n24_k12_cw3_007_q01,code_n24_k12_cw3_007,q01,train,48,3837448079,"[5, 9, 11, 17, 18]",5,[],0,0,5,0,0
code_n24_k12_cw3_007_q01,code_n24_k12_cw3_007,q01,train,49,3838448082,"[0, 8, 12, 14, 17, 22]",6,[],0,0,6,0,0
code_n24_k12_cw3_007_q01,code_n24_k12_cw3_007,q01,train,50,3839448085,"[4, 11, 14, 22]",4,[],0,0,4,0,0
code_n24_k12_cw3_007_q01,code_n24_k12_cw3_007,q01,train,51,3840448088,"[5, 7, 16, 19]",4,[],0,0,4,0,0
code_n24_k12_cw3_007_q01,code_n24_k12_cw3_007,q01,train,52,3841448091,"[1, 4, 8, 10, 12, 13, 16, 17]",8,[],0,0,8,0,0
code_n24_k12_cw3_007_q01,code_n24_k12_cw3_007,q01,train,53,3842448094,"[1, 2, 4, 5, 9, 14, 22, 23]",8,[],0,0,8,0,0
code_n24_k12_cw3_007_q01,code_n24_k12_cw3_007,q01,train,54,3843448097,"[0, 1, 6, 9, 11, 15]",6,[],0,0,6,0,0
code_n24_k12_cw3_007_q01,code_n24_k12_cw3_007,q01,train,55,3844448100,"[7, 14]",2,[],0,0,2,0,0
code_n24_k12_cw3_007_q01,code_n24_k12_cw3_007,q01,train,56,3845448103,"[0, 8, 15, 18, 20, 21, 22]",7,[],0,0,7,0,0
code_n24_k12_cw3_007_q01,code_n24_k12_cw3_007,q01,train,57,3846448106,"[2, 7, 13, 17, 18]",5,[],0,0,5,0,0
code_n24_k12_cw3_007_q01,code_n24_k12_cw3_007,q01,train,58,3847448109,"[3, 5, 7, 9, 12, 20, 21, 22, 23]",9,"[3, 7, 12, 20, 21, 22]",6,1,8,1,1
code_n24_k12_cw3_007_q01,code_n24_k12_cw3_007,q01,train,59,3848448112,"[0, 2, 9, 10, 11, 14, 19, 20, 22]",9,"[0, 2, 9, 14, 19, 20, 22]",7,1,8,1,1
code_n24_k12_cw3_007_q01,code_n24_k12_cw3_007,q01,train,60,3849448115,"[1, 3, 10, 17, 18, 21]",6,[],0,0,6,0,0
code_n24_k12_cw3_007_q01,code_n24_k12_cw3_007,q01,train,61,3850448118,"[0, 13, 14, 16]",4,[],0,0,4,0,0
code_n24_k12_cw3_007_q01,code_n24_k12_cw3_007,q01,train,62,3851448121,"[1, 6, 15]",3,[],0,0,3,0,0
code_n24_k12_cw3_007_q01,code_n24_k12_cw3_007,q01,train,63,3852448124,"[1, 2, 3, 6]",4,[],0,0,4,0,0
code_n24_k12_cw3_007_q02,code_n24_k12_cw3_007,q02,train,0,3068067976,"[6, 7, 11, 16, 21]",5,[],0,0,5,0,0
code_n24_k12_cw3_007_q02,code_n24_k12_cw3_007,q02,train,1,3069067979,"[1, 3, 7, 9, 15, 16]",6,[],0,0,6,0,0
code_n24_k12_cw3_007_q02,code_n24_k12_cw3_007,q02,train,2,3070067982,"[14, 16, 20, 21]",4,[],0,0,4,0,0
code_n24_k12_cw3_007_q02,code_n24_k12_cw3_007,q02,train,3,3071067985,"[0, 2, 3, 6, 8, 10, 11, 15, 21]",9,"[2, 3, 6, 8, 11, 15, 21]",7,1,8,1,1
code_n24_k12_cw3_007_q02,code_n24_k12_cw3_007,q02,train,4,3072067988,"[2, 9, 14, 21, 23]",5,[],0,0,5,0,0
code_n24_k12_cw3_007_q02,code_n24_k12_cw3_007,q02,train,5,3073067991,"[3, 10, 12, 14, 19, 22]",6,[],0,0,6,0,0
code_n24_k12_cw3_007_q02,code_n24_k12_cw3_007,q02,train,6,3074067994,"[5, 7, 9, 15, 16, 19, 23]",7,[],0,0,7,0,0
code_n24_k12_cw3_007_q02,code_n24_k12_cw3_007,q02,train,7,3075067997,"[2, 10, 11, 14, 15, 20]",6,[],0,0,6,0,0
code_n24_k12_cw3_007_q02,code_n24_k12_cw3_007,q02,train,8,3076068000,"[2, 6, 9, 10, 16, 18, 22, 23]",8,[],0,0,8,0,0
code_n24_k12_cw3_007_q02,code_n24_k12_cw3_007,q02,train,9,3077068003,"[0, 2, 3, 7, 11, 15, 16]",7,"[0, 3, 11, 15, 16]",5,1,7,0,0
code_n24_k12_cw3_007_q02,code_n24_k12_cw3_007,q02,train,10,3078068006,"[0, 3, 5, 6, 10, 11, 14, 17, 20, 21, 22]",11,"[3, 5, 6, 10, 11, 14, 20, 21, 22]",9,1,10,1,1
code_n24_k12_cw3_007_q02,code_n24_k12_cw3_007,q02,train,11,3079068009,"[0, 1, 4, 7, 8, 9, 15, 16, 17, 18, 22]",11,"[0, 4, 7, 8, 9, 15, 16, 17, 22]",9,1,11,0,0
code_n24_k12_cw3_007_q02,code_n24_k12_cw3_007,q02,train,12,3080068012,"[1, 2, 4, 7, 8, 11, 13, 14, 15, 17, 20]",11,"[2, 4, 7, 8, 11, 14, 15, 17, 20]",9,1,10,1,1
code_n24_k12_cw3_007_q02,code_n24_k12_cw3_007,q02,train,13,3081068015,"[1, 2, 6, 8, 10, 12, 20, 21, 23]",9,"[8, 12, 20]",3,1,9,0,0
code_n24_k12_cw3_007_q02,code_n24_k12_cw3_007,q02,train,14,3082068018,"[0, 1, 2, 10, 11]",5,[],0,0,5,0,0
code_n24_k12_cw3_007_q02,code_n24_k12_cw3_007,q02,train,15,3083068021,"[0, 8, 10, 11, 12, 13, 14, 20, 23]",9,"[8, 12, 20]",3,1,9,0,0
code_n24_k12_cw3_007_q02,code_n24_k12_cw3_007,q02,train,16,3084068024,"[2, 7, 10, 14, 16, 18, 21, 22]",8,[],0,0,8,0,0
code_n24_k12_cw3_007_q02,code_n24_k12_cw3_007,q02,train,17,3085068027,"[0, 3, 17, 19]",4,[],0,0,4,0,0
code_n24_k12_cw3_007_q02,code_n24_k12_cw3_007,q02,train,18,3086068030,"[0, 2, 4, 9, 14, 17, 22]",7,[],0,0,7,0,0
code_n24_k12_cw3_007_q02,code_n24_k12_cw3_007,q02,train,19,3087068033,"[0, 2, 4, 5, 12, 17, 18, 19, 23]",9,[],0,0,9,0,0
code_n24_k12_cw3_007_q02,code_n24_k12_cw3_007,q02,train,20,3088068036,"[3, 12, 13, 17, 18, 23]",6,[],0,0,6,0,0
code_n24_k12_cw3_007_q02,code_n24_k12_cw3_007,q02,train,21,3089068039,"[5, 15, 19, 21]",4,[],0,0,4,0,0
code_n24_k12_cw3_007_q02,code_n24_k12_cw3_007,q02,train,22,3090068042,"[4, 5, 6, 11, 15, 20, 22, 23]",8,"[6, 11, 15, 22]",4,1,8,0,0
code_n24_k12_cw3_007_q02,code_n24_k12_cw3_007,q02,train,23,3091068045,"[3, 4, 6, 8, 9, 16, 18, 20, 22]",9,"[3, 6, 9, 16, 20, 22]",6,1,9,0,0
code_n24_k12_cw3_007_q02,code_n24_k12_cw3_007,q02,train,24,3092068048,"[1, 2, 7, 10, 12, 13, 14, 16, 17, 19, 20, 21]",12,"[2, 7, 12, 14, 16, 19, 20, 21]",8,1,11,1,1
code_n24_k12_cw3_007_q02,code_n24_k12_cw3_007,q02,train,25,3093068051,"[12, 19]",2,[],0,0,2,0,0
code_n24_k12_cw3_007_q02,code_n24_k12_cw3_007,q02,train,26,3094068054,"[0, 1, 2, 7, 9, 10, 14]",7,"[0, 2, 7, 9, 14]",5,1,7,0,0
code_n24_k12_cw3_007_q02,code_n24_k12_cw3_007,q02,train,27,3095068057,"[1, 3, 8, 17, 20]",5,[],0,0,5,0,0
code_n24_k12_cw3_007_q02,code_n24_k12_cw3_007,q02,train,28,3096068060,"[2, 5, 9, 12, 14, 20]",6,[],0,0,6,0,0
code_n24_k12_cw3_007_q02,code_n24_k12_cw3_007,q02,train,29,3097068063,"[8, 11, 14, 15, 19, 20, 23]",7,"[8, 11, 14, 15, 20]",5,1,7,0,0
code_n24_k12_cw3_007_q02,code_n24_k12_cw3_007,q02,train,30,3098068066,"[16, 18, 19, 22, 23]",5,[],0,0,5,0,0
code_n24_k12_cw3_007_q02,code_n24_k12_cw3_007,q02,train,31,3099068069,"[1, 7, 10, 11, 13, 14]",6,[],0,0,6,0,0
code_n24_k12_cw3_007_q02,code_n24_k12_cw3_007,q02,train,32,3100068072,"[4, 8, 14, 17, 19, 23]",6,[],0,0,6,0,0
code_n24_k12_cw3_007_q02,code_n24_k12_cw3_007,q02,train,33,3101068075,"[0, 6, 9, 10, 11, 16, 20]",7,"[0, 6, 16, 20]",4,1,7,0,0
code_n24_k12_cw3_007_q02,code_n24_k12_cw3_007,q02,train,34,3102068078,"[3, 11, 14, 18, 20, 22]",6,"[3, 20, 22]",3,1,6,0,0
code_n24_k12_cw3_007_q02,code_n24_k12_cw3_007,q02,train,35,3103068081,"[8, 16, 17, 19, 20, 21, 22]",7,[],0,0,7,0,0
code_n24_k12_cw3_007_q02,code_n24_k12_cw3_007,q02,train,36,3104068084,"[0, 3, 6, 11, 12]",5,[],0,0,5,0,0
code_n24_k12_cw3_007_q02,code_n24_k12_cw3_007,q02,train,37,3105068087,"[0, 1, 11, 12, 13, 15, 16]",7,[],0,0,7,0,0
code_n24_k12_cw3_007_q02,code_n24_k12_cw3_007,q02,train,38,3106068090,"[3, 5, 6, 8, 9, 11, 12, 15, 16]",9,"[3, 6, 8, 9, 11, 12, 15, 16]",8,1,8,1,1
code_n24_k12_cw3_007_q02,code_n24_k12_cw3_007,q02,train,39,3107068093,"[0, 1, 2, 3, 4, 5, 7, 8, 17, 23]",10,"[2, 3, 4, 7, 8, 17]",6,1,10,0,0
code_n24_k12_cw3_007_q02,code_n24_k12_cw3_007,q02,train,40,3108068096,"[5, 8, 12, 19, 20]",5,"[8, 12, 20]",3,1,5,0,0
code_n24_k12_cw3_007_q02,code_n24_k12_cw3_007,q02,train,41,3109068099,"[10, 13, 16, 17, 19, 22, 23]",7,[],0,0,7,0,0
code_n24_k12_cw3_007_q02,code_n24_k12_cw3_007,q02,train,42,3110068102,"[6, 8, 9, 15, 16, 17, 18, 19, 22, 23]",10,"[6, 8, 9, 15, 16, 22]",6,1,10,0,0
code_n24_k12_cw3_007_q02,code_n24_k12_cw3_007,q02,train,43,3111068105,"[7, 14, 16, 19, 22]",5,[],0,0,5,0,0
code_n24_k12_cw3_007_q02,code_n24_k12_cw3_007,q02,train,44,3112068108,"[0, 1, 3, 4, 7, 9, 16]",7,"[0, 3, 9, 16]",4,1,7,0,0
code_n24_k12_cw3_007_q02,code_n24_k12_cw3_007,q02,train,45,3113068111,"[1, 3, 4, 15, 17, 19, 22]",7,[],0,0,7,0,0
code_n24_k12_cw3_007_q02,code_n24_k12_cw3_007,q02,train,46,3114068114,"[3, 7]",2,[],0,0,2,0,0
code_n24_k12_cw3_007_q02,code_n24_k12_cw3_007,q02,train,47,3115068117,"[1, 2, 4, 10, 15, 17, 18, 22]",8,[],0,0,8,0,0
code_n24_k12_cw3_007_q02,code_n24_k12_cw3_007,q02,train,48,3116068120,"[0, 1, 7, 10, 12, 13, 15, 18]",8,[],0,0,8,0,0
code_n24_k12_cw3_007_q02,code_n24_k12_cw3_007,q02,train,49,3117068123,"[4, 5, 9, 11, 12, 13, 14, 17, 23]",9,[],0,0,9,0,0
code_n24_k12_cw3_007_q02,code_n24_k12_cw3_007,q02,train,50,3118068126,"[3, 5, 12, 15, 18, 19, 20, 23]",8,[],0,0,8,0,0
code_n24_k12_cw3_007_q02,code_n24_k12_cw3_007,q02,train,51,3119068129,"[2, 4, 5, 6, 9, 10, 11, 21]",8,[],0,0,8,0,0
code_n24_k12_cw3_007_q02,code_n24_k12_cw3_007,q02,train,52,3120068132,"[4, 6, 12]",3,[],0,0,3,0,0
code_n24_k12_cw3_007_q02,code_n24_k12_cw3_007,q02,train,53,3121068135,"[3, 15, 16, 19, 20, 22]",6,"[3, 20, 22]",3,1,6,0,0
code_n24_k12_cw3_007_q02,code_n24_k12_cw3_007,q02,train,54,3122068138,"[4, 8, 10, 12, 14, 17, 19]",7,[],0,0,7,0,0
code_n24_k12_cw3_007_q02,code_n24_k12_cw3_007,q02,train,55,3123068141,"[4, 6, 9, 12, 13, 17, 18, 20]",8,"[4, 9, 12, 13, 17, 18, 20]",7,1,8,0,0
code_n24_k12_cw3_007_q02,code_n24_k12_cw3_007,q02,train,56,3124068144,"[3, 8, 9, 14, 16]",5,[],0,0,5,0,0
code_n24_k12_cw3_007_q02,code_n24_k12_cw3_007,q02,train,57,3125068147,"[2, 6, 7, 9, 14]",5,[],0,0,5,0,0
code_n24_k12_cw3_007_q02,code_n24_k12_cw3_007,q02,train,58,3126068150,"[0, 1, 4, 6, 8, 9, 11, 16, 17, 18, 21, 22]",12,"[0, 4, 6, 8, 9, 11, 16, 17, 21, 22]",10,1,10,2,1
code_n24_k12_cw3_007_q02,code_n24_k12_cw3_007,q02,train,59,3127068153,"[0, 3, 5, 11, 12, 19, 22]",7,"[11, 12, 22]",3,1,7,0,0
code_n24_k12_cw3_007_q02,code_n24_k12_cw3_007,q02,train,60,3128068156,"[0, 5, 15, 17, 23]",5,[],0,0,5,0,0
code_n24_k12_cw3_007_q02,code_n24_k12_cw3_007,q02,train,61,3129068159,"[8, 12, 14, 16, 18, 19, 20]",7,"[8, 12, 20]",3,1,7,0,0
code_n24_k12_cw3_007_q02,code_n24_k12_cw3_007,q02,train,62,3130068162,"[5, 6, 8, 10, 18, 19, 20, 21]",8,"[5, 8, 10, 21]",4,1,8,0,0
code_n24_k12_cw3_007_q02,code_n24_k12_cw3_007,q02,train,63,3131068165,"[1, 2, 3, 10, 16, 18, 22]",7,[],0,0,7,0,0
code_n24_k12_cw3_007_q03,code_n24_k12_cw3_007,q03,train,0,2346688017,"[1, 2, 3, 9, 13, 18, 20, 21, 23]",9,[],0,0,9,0,0
code_n24_k12_cw3_007_q03,code_n24_k12_cw3_007,q03,train,1,2347688020,"[2, 3, 8, 9, 13, 14, 15, 18, 19, 20, 22]",11,"[2, 3, 8, 9, 14, 15, 19, 20, 22]",9,1,10,1,1
code_n24_k12_cw3_007_q03,code_n24_k12_cw3_007,q03,train,2,2348688023,"[2, 4, 5, 8, 10, 11, 12, 16, 18, 20]",10,"[2, 5, 8, 10, 11, 12, 20]",7,1,10,0,0
code_n24_k12_cw3_007_q03,code_n24_k12_cw3_007,q03,train,3,2349688026,"[3, 9, 15, 16, 19]",5,[],0,0,5,0,0
code_n24_k12_cw3_007_q03,code_n24_k12_cw3_007,q03,train,4,2350688029,"[6, 8, 9, 14, 20]",5,[],0,0,5,0,0
code_n24_k12_cw3_007_q03,code_n24_k12_cw3_007,q03,train,5,2351688032,"[0, 1, 5, 8, 11, 12, 16]",7,"[0, 8, 12, 16]",4,1,6,1,1
code_n24_k12_cw3_007_q03,code_n24_k12_cw3_007,q03,train,6,2352688035,"[2, 10, 13, 16, 18, 21]",6,[],0,0,6,0,0
code_n24_k12_cw3_007_q03,code_n24_k12_cw3_007,q03,train,7,2353688038,"[0, 4, 7, 8, 11, 19, 22]",7,[],0,0,7,0,0
code_n24_k12_cw3_007_q03,code_n24_k12_cw3_007,q03,train,8,2354688041,"[5, 7, 16, 18, 19, 22, 23]",7,[],0,0,7,0,0
code_n24_k12_cw3_007_q03,code_n24_k12_cw3_007,q03,train,9,2355688044,"[5, 6, 7, 11, 14, 22]",6,"[6, 14, 22]",3,1,6,0,0
code_n24_k12_cw3_007_q03,code_n24_k12_cw3_007,q03,train,10,2356688047,"[0, 1, 5, 6, 10, 23]",6,[],0,0,6,0,0
code_n24_k12_cw3_007_q03,code_n24_k12_cw3_007,q03,train,11,2357688050,"[0, 1, 5, 6, 8, 13, 20]",7,[],0,0,7,0,0
code_n24_k12_cw3_007_q03,code_n24_k12_cw3_007,q03,train,12,2358688053,"[0, 1, 2, 3, 5, 6, 7, 8, 9, 11, 16, 18, 22]",13,"[0, 2, 3, 6, 7, 8, 9, 11, 16, 22]",10,1,11,2,1
code_n24_k12_cw3_007_q03,code_n24_k12_cw3_007,q03,train,13,2359688056,"[1, 6, 9, 10, 13, 17, 19]",7,[],0,0,7,0,0
code_n24_k12_cw3_007_q03,code_n24_k12_cw3_007,q03,train,14,2360688059,"[0, 1, 4, 5, 6, 7, 8, 11, 12, 18, 19, 21, 23]",13,"[0, 1, 4, 5, 6, 7, 8, 11, 12, 18, 19, 21, 23]",13,1,12,1,1
code_n24_k12_cw3_007_q03,code_n24_k12_cw3_007,q03,train,15,2361688062,"[1, 6, 8, 12, 15, 19]",6,[],0,0,6,0,0
code_n24_k12_cw3_007_q03,code_n24_k12_cw3_007,q03,train,16,2362688065,"[3, 5, 8, 9, 11, 12, 20, 21, 22]",9,"[3, 8, 11, 12, 20, 22]",6,1,8,1,1
code_n24_k12_cw3_007_q03,code_n24_k12_cw3_007,q03,train,17,2363688068,"[0, 5, 7, 9, 10, 11, 17, 18, 19, 20]",10,"[5, 7, 10]",3,1,10,0,0
code_n24_k12_cw3_007_q03,code_n24_k12_cw3_007,q03,train,18,2364688071,"[4, 13, 14, 16, 19, 22]",6,[],0,0,6,0,0
code_n24_k12_cw3_007_q03,code_n24_k12_cw3_007,q03,train,19,2365688074,"[1, 4, 6, 7, 9, 10, 11, 12, 13, 15, 20, 21, 22]",13,"[6, 7, 11, 12, 15, 20, 21, 22]",8,1,12,1,1
code_n24_k12_cw3_007_q03,code_n24_k12_cw3_007,q03,train,20,2366688077,"[0, 4, 5, 7, 9, 10, 15, 16, 18, 22]",10,"[0, 5, 7, 9, 10, 16, 22]",7,1,10,0,0
code_n24_k12_cw3_007_q03,code_n24_k12_cw3_007,q03,train,21,2367688080,"[4, 8, 10, 11, 12, 16, 21]",7,[],0,0,7,0,0
code_n24_k12_cw3_007_q03,code_n24_k12_cw3_007,q03,train,22,2368688083,"[5, 7, 9, 15, 17, 19, 22]",7,[],0,0,7,0,0
code_n24_k12_cw3_007_q03,code_n24_k12_cw3_007,q03,train,23,2369688086,"[3, 4, 6, 11, 13, 15, 16, 21, 22, 23]",10,"[6, 11, 15, 22]",4,1,10,0,0
code_n24_k12_cw3_007_q03,code_n24_k12_cw3_007,q03,train,24,2370688089,"[0, 4, 6, 8, 12, 13, 16, 22]",8,"[0, 6, 8, 12, 16]",5,1,7,1,1
code_n24_k12_cw3_007_q03,code_n24_k12_cw3_007,q03,train,25,2371688092,"[0, 1, 2, 4, 8, 11, 12, 13, 21]",9,"[2, 8, 11, 12, 21]",5,1,9,0,0
code_n24_k12_cw3_007_q03,code_n24_k12_cw3_007,q03,train,26,2372688095,"[1, 6, 7, 9, 12, 17]",6,[],0,0,6,0,0
code_n24_k12_cw3_007_q03,code_n24_k12_cw3_007,q03,train,27,2373688098,"[4, 5, 7, 10, 17, 19, 21, 22, 23]",9,"[4, 5, 7, 10, 17, 21, 22]",7,1,8,1,1
code_n24_k12_cw3_007_q03,code_n24_k12_cw3_007,q03,train,28,2374688101,"[14, 15, 17, 18, 21]",5,[],0,0,5,0,0
code_n24_k12_cw3_007_q03,code_n24_k12_cw3_007,q03,train,29,2375688104,"[1, 2, 5, 15, 18, 19]",6,[],0,0,6,0,0
code_n24_k12_cw3_007_q03,code_n24_k12_cw3_007,q03,train,30,2376688107,"[3, 4, 6, 8, 9, 11, 13, 15, 17, 21]",10,"[3, 4, 6, 8, 11, 15, 17, 21]",8,1,9,1,1
code_n24_k12_cw3_007_q03,code_n24_k12_cw3_007,q03,train,31,2377688110,"[1, 2, 4, 8, 12, 20]",6,"[8, 12, 20]",3,1,6,0,0
code_n24_k12_cw3_007_q03,code_n24_k12_cw3_007,q03,train,32,2378688113,"[0, 4, 6, 9, 13, 15, 20, 21, 23]",9,[],0,0,9,0,0
code_n24_k12_cw3_007_q03,code_n24_k12_cw3_007,q03,train,33,2379688116,"[0, 1, 2, 4, 5, 7, 10, 12, 15, 16, 17, 18]",12,"[0, 2, 4, 5, 7, 10, 12, 15, 16, 17]",10,1,12,0,0
code_n24_k12_cw3_007_q03,code_n24_k12_cw3_007,q03,train,34,2380688119,"[2, 5, 10, 16, 22, 23]",6,[],0,0,6,0,0
code_n24_k12_cw3_007_q03,code_n24_k12_cw3_007,q03,train,35,2381688122,"[2, 3, 5, 6, 7, 9, 11, 14, 15, 18, 19, 22, 23]",13,"[2, 3, 6, 7, 9, 11, 14, 15, 19, 22]",10,1,11,2,1
code_n24_k12_cw3_007_q03,code_n24_k12_cw3_007,q03,train,36,2382688125,"[8, 11, 12, 22, 23]",5,"[11, 12, 22]",3,1,5,0,0
code_n24_k12_cw3_007_q03,code_n24_k12_cw3_007,q03,train,37,2383688128,"[2, 13, 17]",3,[],0,0,3,0,0
code_n24_k12_cw3_007_q03,code_n24_k12_cw3_007,q03,train,38,2384688131,"[1, 4, 5, 6, 13, 14, 18, 20]",8,[],0,0,8,0,0
code_n24_k12_cw3_007_q03,code_n24_k12_cw3_007,q03,train,39,2385688134,"[0, 1, 2, 5, 6, 10, 12, 17, 19, 20]",10,"[0, 5, 6, 10, 19, 20]",6,1,9,1,1
code_n24_k12_cw3_007_q03,code_n24_k12_cw3_007,q03,train,40,2386688137,"[0, 1, 2, 8, 12, 16, 17, 22]",8,"[0, 8, 12, 16]",4,1,7,1,1
code_n24_k12_cw3_007_q03,code_n24_k12_cw3_007,q03,train,41,2387688140,"[7, 9, 15, 17, 21, 22]",6,[],0,0,6,0,0
code_n24_k12_cw3_007_q03,code_n24_k12_cw3_007,q03,train,42,2388688143,"[1, 3, 7, 13, 18, 21, 23]",7,[],0,0,7,0,0
code_n24_k12_cw3_007_q03,code_n24_k12_cw3_007,q03,train,43,2389688146,"[1, 3, 5, 6, 7, 9, 12, 13, 14, 17, 22]",11,"[6, 14, 22]",3,1,11,0,0
code_n24_k12_cw3_007_q03,code_n24_k12_cw3_007,q03,train,44,2390688149,"[1, 4, 9, 10, 11, 12, 15, 22]",8,"[11, 12, 22]",3,1,8,0,0
code_n24_k12_cw3_007_q03,code_n24_k12_cw3_007,q03,train,45,2391688152,"[0, 1, 8, 14]",4,[],0,0,4,0,0
code_n24_k12_cw3_007_q03,code_n24_k12_cw3_007,q03,train,46,2392688155,"[5, 6, 7, 9, 13, 14, 17, 18, 21]",9,"[6, 7, 9, 13, 14, 17, 18]",7,1,9,0,0
code_n24_k12_cw3_007_q03,code_n24_k12_cw3_007,q03,train,47,2393688158,"[1, 3, 5, 7, 9, 10, 13, 16]",8,"[5, 7, 10]",3,1,8,0,0
code_n24_k12_cw3_007_q03,code_n24_k12_cw3_007,q03,train,48,2394688161,"[2, 3, 4, 6, 8, 9, 11, 13, 15, 17, 18, 21, 22]",13,"[2, 3, 4, 6, 8, 9, 11, 13, 15, 17, 18, 21, 22]",13,1,10,3,1
code_n24_k12_cw3_007_q03,code_n24_k12_cw3_007,q03,train,49,2395688164,"[0, 3, 7, 10, 11, 13, 15, 16, 17, 22]",10,"[0, 3, 11, 15, 16]",5,1,10,0,0
code_n24_k12_cw3_007_q03,code_n24_k12_cw3_007,q03,train,50,2396688167,"[1, 10, 11, 13, 15]",5,[],0,0,5,0,0
code_n24_k12_cw3_007_q03,code_n24_k12_cw3_007,q03,train,51,2397688170,"[1, 5, 8, 11, 12, 14, 16, 17, 20, 22]",10,"[8, 11, 12, 20, 22]",5,1,10,0,0
code_n24_k12_cw3_007_q03,code_n24_k12_cw3_007,q03,train,52,2398688173,"[1, 2, 4, 5, 6, 9, 13, 14, 15, 16, 17, 19, 21, 23]",14,"[1, 2, 4, 5, 6, 9, 13, 14, 15, 16, 17, 19, 21, 23]",14,1,11,3,1
code_n24_k12_cw3_007_q03,code_n24_k12_cw3_007,q03,train,53,2399688176,"[2, 8, 14, 19, 20, 21, 23]",7,[],0,0,7,0,0
code_n24_k12_cw3_007_q03,code_n24_k12_cw3_007,q03,train,54,2400688179,"[0, 2, 5, 6, 12, 16]",6,[],0,0,6,0,0
code_n24_k12_cw3_007_q03,code_n24_k12_cw3_007,q03,train,55,2401688182,"[7, 10, 11, 14, 23]",5,[],0,0,5,0,0
code_n24_k12_cw3_007_q03,code_n24_k12_cw3_007,q03,train,56,2402688185,"[2, 4, 5, 16, 17, 21, 22, 23]",8,"[4, 17, 21, 22]",4,1,7,1,1
code_n24_k12_cw3_007_q03,code_n24_k12_cw3_007,q03,train,57,2403688188,"[2, 4, 8, 10, 13, 20, 22]",7,[],0,0,7,0,0
code_n24_k12_cw3_007_q03,code_n24_k12_cw3_007,q03,train,58,2404688191,"[0, 4, 7, 13, 15, 21, 22, 23]",8,[],0,0,8,0,0
code_n24_k12_cw3_007_q03,code_n24_k12_cw3_007,q03,train,59,2405688194,"[1, 4, 5, 6, 14, 17, 19, 20, 22]",9,"[6, 14, 22]",3,1,9,0,0
code_n24_k12_cw3_007_q03,code_n24_k12_cw3_007,q03,train,60,2406688197,"[2, 9, 13, 14, 18, 22, 23]",7,[],0,0,7,0,0
code_n24_k12_cw3_007_q03,code_n24_k12_cw3_007,q03,train,61,2407688200,"[1, 2, 3, 4, 6, 16, 21]",7,[],0,0,7,0,0
code_n24_k12_cw3_007_q03,code_n24_k12_cw3_007,q03,train,62,2408688203,"[7, 8, 9, 13, 16, 19, 22, 23]",8,[],0,0,8,0,0
code_n24_k12_cw3_007_q03,code_n24_k12_cw3_007,q03,train,63,2409688206,"[3, 4, 5, 8, 9, 10, 13, 14, 16, 18, 19, 21, 22]",13,"[3, 4, 5, 8, 9, 10, 13, 14, 16, 18, 19, 21, 22]",13,1,11,2,1
code_n32_k16_cw3_000_q00,code_n32_k16_cw3_000,q00,train,0,799756881,"[0, 2, 4, 5, 7, 10, 12, 19]",8,[],0,0,8,0,0
code_n32_k16_cw3_000_q00,code_n32_k16_cw3_000,q00,train,1,800756884,"[2, 24, 27]",3,[],0,0,3,0,0
code_n32_k16_cw3_000_q00,code_n32_k16_cw3_000,q00,train,2,801756887,"[10, 13, 14, 15, 16, 29]",6,[],0,0,6,0,0
code_n32_k16_cw3_000_q00,code_n32_k16_cw3_000,q00,train,3,802756890,"[2, 4, 5, 16, 22, 23, 24]",7,[],0,0,7,0,0
code_n32_k16_cw3_000_q00,code_n32_k16_cw3_000,q00,train,4,803756893,"[0, 1, 4, 12, 25]",5,[],0,0,5,0,0
code_n32_k16_cw3_000_q00,code_n32_k16_cw3_000,q00,train,5,804756896,"[2, 4, 6, 13, 19, 21, 27, 30, 31]",9,[],0,0,9,0,0
code_n32_k16_cw3_000_q00,code_n32_k16_cw3_000,q00,train,6,805756899,"[8, 16, 19, 30]",4,[],0,0,4,0,0
code_n32_k16_cw3_000_q00,code_n32_k16_cw3_000,q00,train,7,806756902,"[0, 3, 5, 10, 14, 20, 24, 25, 31]",9,[],0,0,9,0,0
code_n32_k16_cw3_000_q00,code_n32_k16_cw3_000,q00,train,8,807756905,"[1, 3, 6, 15]",4,[],0,0,4,0,0
code_n32_k16_cw3_000_q00,code_n32_k16_cw3_000,q00,train,9,808756908,"[2, 10, 12, 16, 28, 31]",6,[],0,0,6,0,0
code_n32_k16_cw3_000_q00,code_n32_k16_cw3_000,q00,train,10,809756911,"[0, 2, 24]",3,[],0,0,3,0,0
code_n32_k16_cw3_000_q00,code_n32_k16_cw3_000,q00,train,11,810756914,"[0, 2, 5, 14, 15, 18, 21, 22, 24, 31]",10,"[0, 14, 18, 21, 24]",5,1,10,0,0
code_n32_k16_cw3_000_q00,code_n32_k16_cw3_000,q00,train,12,811756917,"[0, 1, 12, 13, 19]",5,[],0,0,5,0,0
code_n32_k16_cw3_000_q00,code_n32_k16_cw3_000,q00,train,13,812756920,"[1, 2, 6, 7, 20, 22]",6,[],0,0,6,0,0
code_n32_k16_cw3_000_q00,code_n32_k16_cw3_000,q00,train,14,813756923,"[4, 12, 27]",3,[],0,0,3,0,0
code_n32_k16_cw3_000_q00,code_n32_k16_cw3_000,q00,train,15,814756926,"[0, 16, 17, 24, 25, 29]",6,[],0,0,6,0,0
code_n32_k16_cw3_000_q00,code_n32_k16_cw3_000,q00,train,16,815756929,"[4, 6, 19, 21, 24, 25, 26, 30]",8,"[25, 30]",2,1,7,1,1
code_n32_k16_cw3_000_q00,code_n32_k16_cw3_000,q00,train,17,816756932,[10],1,[],0,0,1,0,0
code_n32_k16_cw3_000_q00,code_n32_k16_cw3_000,q00,train,18,817756935,"[0, 4, 22, 23, 26, 30]",6,[],0,0,6,0,0
code_n32_k16_cw3_000_q00,code_n32_k16_cw3_000,q00,train,19,818756938,"[28, 29]",2,[],0,0,2,0,0
code_n32_k16_cw3_000_q00,code_n32_k16_cw3_000,q00,train,20,819756941,"[1, 15, 23, 28]",4,[],0,0,4,0,0
code_n32_k16_cw3_000_q00,code_n32_k16_cw3_000,q00,train,21,820756944,"[0, 6, 11, 19, 26, 27]",6,[],0,0,6,0,0
code_n32_k16_cw3_000_q00,code_n32_k16_cw3_000,q00,train,22,821756947,"[3, 8, 14, 16, 24, 25, 27]",7,[],0,0,7,0,0
code_n32_k16_cw3_000_q00,code_n32_k16_cw3_000,q00,train,23,822756950,"[1, 2, 15, 19, 22]",5,[],0,0,5,0,0
code_n32_k16_cw3_000_q00,code_n32_k16_cw3_000,q00,train,24,823756953,"[0, 2, 9, 11, 25]",5,[],0,0,5,0,0
code_n32_k16_cw3_000_q00,code_n32_k16_cw3_000,q00,train,25,824756956,"[1, 2, 3, 17, 19, 22, 28]",7,[],0,0,7,0,0
code_n32_k16_cw3_000_q00,code_n32_k16_cw3_000,q00,train,26,825756959,"[6, 11, 15, 21, 23, 24, 25]",7,"[6, 11, 15, 21, 23, 24]",6,1,7,0,0
code_n32_k16_cw3_000_q00,code_n32_k16_cw3_000,q00,train,27,826756962,"[0, 5, 7, 13, 16, 19]",6,[],0,0,6,0,0
code_n32_k16_cw3_000_q00,code_n32_k16_cw3_000,q00,train,28,827756965,"[3, 8, 10, 15, 29]",5,[],0,0,5,0,0
code_n32_k16_cw3_000_q00,code_n32_k16_cw3_000,q00,train,29,828756968,"[13, 19, 20, 22, 23]",5,[],0,0,5,0,0
code_n32_k16_cw3_000_q00,code_n32_k16_cw3_000,q00,train,30,829756971,"[5, 7, 9, 18, 27]",5,[],0,0,5,0,0
code_n32_k16_cw3_000_q00,code_n32_k16_cw3_000,q00,train,31,830756974,"[2, 10, 14, 17]",4,[],0,0,4,0,0
code_n32_k16_cw3_000_q00,code_n32_k16_cw3_000,q00,train,32,831756977,"[3, 5, 6, 10, 21, 23, 27]",7,[],0,0,7,0,0
code_n32_k16_cw3_000_q00,code_n32_k16_cw3_000,q00,train,33,832756980,"[1, 2, 16, 20, 25, 28]",6,[],0,0,6,0,0
code_n32_k16_cw3_000_q00,code_n32_k16_cw3_000,q00,train,34,833756983,"[6, 14, 15, 16, 19, 21, 22, 25, 29, 30]",10,"[16, 25, 29, 30]",4,1,9,1,1
code_n32_k16_cw3_000_q00,code_n32_k16_cw3_000,q00,train,35,834756986,"[9, 14, 29]",3,[],0,0,3,0,0
code_n32_k16_cw3_000_q00,code_n32_k16_cw3_000,q00,train,36,835756989,"[9, 15]",2,[],0,0,2,0,0
code_n32_k16_cw3_000_q00,code_n32_k16_cw3_000,q00,train,37,836756992,"[1, 4, 9, 18, 19]",5,[],0,0,5,0,0
code_n32_k16_cw3_000_q00,code_n32_k16_cw3_000,q00,train,38,837756995,"[4, 6, 12, 17, 18, 22, 23, 24, 25, 28]",10,[],0,0,10,0,0
code_n32_k16_cw3_000_q00,code_n32_k16_cw3_000,q00,train,39,838756998,"[0, 15, 21, 25, 26, 28, 29]",7,[],0,0,7,0,0
code_n32_k16_cw3_000_q00,code_n32_k16_cw3_000,q00,train,40,839757001,"[1, 3, 9, 10, 22, 27, 30]",7,[],0,0,7,0,0
code_n32_k16_cw3_000_q00,code_n32_k16_cw3_000,q00,train,41,840757004,"[0, 9, 13, 19, 20, 23]",6,[],0,0,6,0,0
code_n32_k16_cw3_000_q00,code_n32_k16_cw3_000,q00,train,42,841757007,"[0, 4, 9, 11, 19, 23, 25, 26, 29]",9,[],0,0,9,0,0
code_n32_k16_cw3_000_q00,code_n32_k16_cw3_000,q00,train,43,842757010,"[4, 10, 15, 23, 25, 27]",6,[],0,0,6,0,0
code_n32_k16_cw3_000_q00,code_n32_k16_cw3_000,q00,train,44,843757013,"[0, 18, 24, 25]",4,[],0,0,4,0,0
code_n32_k16_cw3_000_q00,code_n32_k16_cw3_000,q00,train,45,844757016,"[2, 6, 7, 17, 19, 23]",6,[],0,0,6,0,0
code_n32_k16_cw3_000_q00,code_n32_k16_cw3_000,q00,train,46,845757019,"[1, 3, 4]",3,[],0,0,3,0,0
code_n32_k16_cw3_000_q00,code_n32_k16_cw3_000,q00,train,47,846757022,"[0, 4, 11, 15, 22, 23, 24, 27, 29, 31]",10,[],0,0,10,0,0
code_n32_k16_cw3_000_q00,code_n32_k16_cw3_000,q00,train,48,847757025,"[3, 7, 8, 24, 26, 31]",6,[],0,0,6,0,0
code_n32_k16_cw3_000_q00,code_n32_k16_cw3_000,q00,train,49,848757028,"[1, 7, 13, 20, 25, 27, 29]",7,[],0,0,7,0,0
code_n32_k16_cw3_000_q00,code_n32_k16_cw3_000,q00,train,50,849757031,"[9, 13, 18, 22, 24, 26]",6,[],0,0,6,0,0
code_n32_k16_cw3_000_q00,code_n32_k16_cw3_000,q00,train,51,850757034,"[2, 10]",2,[],0,0,2,0,0
code_n32_k16_cw3_000_q00,code_n32_k16_cw3_000,q00,train,52,851757037,"[1, 6, 22, 25]",4,[],0,0,4,0,0
code_n32_k16_cw3_000_q00,code_n32_k16_cw3_000,q00,train,53,852757040,"[5, 9, 12, 18, 21, 22, 28]",7,[],0,0,7,0,0
code_n32_k16_cw3_000_q00,code_n32_k16_cw3_000,q00,train,54,853757043,"[1, 11, 12, 19, 23, 29]",6,[],0,0,6,0,0
code_n32_k16_cw3_000_q00,code_n32_k16_cw3_000,q00,train,55,854757046,"[0, 3, 11, 14, 18, 22, 24]",7,[],0,0,7,0,0
code_n32_k16_cw3_000_q00,code_n32_k16_cw3_000,q00,train,56,855757049,"[2, 3, 6, 14, 16, 30]",6,[],0,0,6,0,0
code_n32_k16_cw3_000_q00,code_n32_k16_cw3_000,q00,train,57,856757052,"[7, 8, 13, 20, 31]",5,[],0,0,5,0,0
code_n32_k16_cw3_000_q00,code_n32_k16_cw3_000,q00,train,58,857757055,"[5, 12, 13, 18, 21]",5,[],0,0,5,0,0
code_n32_k16_cw3_000_q00,code_n32_k16_cw3_000,q00,train,59,858757058,"[0, 4, 10, 17, 26]",5,[],0,0,5,0,0
code_n32_k16_cw3_000_q00,code_n32_k16_cw3_000,q00,train,60,859757061,"[8, 16]",2,[],0,0,2,0,0
code_n32_k16_cw3_000_q00,code_n32_k16_cw3_000,q00,train,61,860757064,"[0, 11, 28]",3,[],0,0,3,0,0
code_n32_k16_cw3_000_q00,code_n32_k16_cw3_000,q00,train,62,861757067,"[14, 19]",2,[],0,0,2,0,0
code_n32_k16_cw3_000_q00,code_n32_k16_cw3_000,q00,train,63,862757070,"[0, 2, 10, 14, 20]",5,[],0,0,5,0,0
code_n32_k16_cw3_000_q01,code_n32_k16_cw3_000,q01,train,0,78376922,"[7, 8, 10, 19, 23, 25, 26, 29]",8,[],0,0,8,0,0
code_n32_k16_cw3_000_q01,code_n32_k16_cw3_000,q01,train,1,79376925,"[3, 6, 17, 18, 21, 22, 28]",7,[],0,0,7,0,0
code_n32_k16_cw3_000_q01,code_n32_k16_cw3_000,q01,train,2,80376928,"[4, 8, 10, 17, 20, 21, 24, 25, 27, 30, 31]",11,"[25, 30]",2,1,10,1,1
code_n32_k16_cw3_000_q01,code_n32_k16_cw3_000,q01,train,3,81376931,"[1, 3, 5, 10, 18, 19, 23, 24, 29]",9,[],0,0,9,0,0
code_n32_k16_cw3_000_q01,code_n32_k16_cw3_000,q01,train,4,82376934,[26],1,[],0,0,1,0,0
code_n32_k16_cw3_000_q01,code_n32_k16_cw3_000,q01,train,5,83376937,"[0, 1, 7, 12, 21, 26]",6,[],0,0,6,0,0
code_n32_k16_cw3_000_q01,code_n32_k16_cw3_000,q01,train,6,84376940,"[3, 7, 8, 9, 10, 16, 18, 19, 25, 29, 31]",11,"[9, 10, 16, 25, 29, 31]",6,1,11,0,0
code_n32_k16_cw3_000_q01,code_n32_k16_cw3_000,q01,train,7,85376943,"[7, 10, 21, 24, 25, 27, 28]",7,[],0,0,7,0,0
code_n32_k16_cw3_000_q01,code_n32_k16_cw3_000,q01,train,8,86376946,"[10, 12, 17, 21]",4,[],0,0,4,0,0
code_n32_k16_cw3_000_q01,code_n32_k16_cw3_000,q01,train,9,87376949,"[20, 22, 30]",3,[],0,0,3,0,0
code_n32_k16_cw3_000_q01,code_n32_k16_cw3_000,q01,train,10,88376952,"[17, 20, 21, 22, 23, 24, 25, 29]",8,[],0,0,8,0,0
code_n32_k16_cw3_000_q01,code_n32_k16_cw3_000,q01,train,11,89376955,"[1, 6, 7, 9, 13, 15, 20, 22, 26]",9,[],0,0,9,0,0
code_n32_k16_cw3_000_q01,code_n32_k16_cw3_000,q01,train,12,90376958,"[1, 14, 24, 25, 26, 27, 28, 29]",8,[],0,0,8,0,0
code_n32_k16_cw3_000_q01,code_n32_k16_cw3_000,q01,train,13,91376961,"[11, 15, 17, 18, 21, 31]",6,[],0,0,6,0,0
code_n32_k16_cw3_000_q01,code_n32_k16_cw3_000,q01,train,14,92376964,"[0, 2, 4, 15, 18, 20, 22, 30, 31]",9,[],0,0,9,0,0
code_n32_k16_cw3_000_q01,code_n32_k16_cw3_000,q01,train,15,93376967,"[13, 14, 23, 24]",4,[],0,0,4,0,0
code_n32_k16_cw3_000_q01,code_n32_k16_cw3_000,q01,train,16,94376970,"[0, 5, 12, 13, 16, 21, 22, 24]",8,[],0,0,8,0,0
code_n32_k16_cw3_000_q01,code_n32_k16_cw3_000,q01,train,17,95376973,"[0, 7, 8, 16, 17, 22, 25, 26]",8,[],0,0,8,0,0
code_n32_k16_cw3_000_q01,code_n32_k16_cw3_000,q01,train,18,96376976,"[5, 6, 9, 11, 20, 26, 31]",7,[],0,0,7,0,0
code_n32_k16_cw3_000_q01,code_n32_k16_cw3_000,q01,train,19,97376979,"[3, 6, 17, 21, 25]",5,[],0,0,5,0,0
code_n32_k16_cw3_000_q01,code_n32_k16_cw3_000,q01,train,20,98376982,"[10, 14, 16, 18, 27]",5,[],0,0,5,0,0
code_n32_k16_cw3_000_q01,code_n32_k16_cw3_000,q01,train,21,99376985,"[0, 1, 2, 3, 4, 5, 9, 11, 16, 17, 21, 22, 30]",13,"[0, 1, 2, 4, 5, 9, 16, 17, 21, 30]",10,1,13,0,0
code_n32_k16_cw3_000_q01,code_n32_k16_cw3_000,q01,train,22,100376988,"[3, 9, 12, 16, 21]",5,[],0,0,5,0,0
code_n32_k16_cw3_000_q01,code_n32_k16_cw3_000,q01,train,23,101376991,"[1, 2, 3, 5, 12, 15, 16, 17, 18, 22]",10,[],0,0,10,0,0
code_n32_k16_cw3_000_q01,code_n32_k16_cw3_000,q01,train,24,102376994,"[5, 8, 13, 17, 21, 31]",6,[],0,0,6,0,0
code_n32_k16_cw3_000_q01,code_n32_k16_cw3_000,q01,train,25,103376997,"[1, 11, 18, 19, 21, 24, 26]",7,[],0,0,7,0,0
code_n32_k16_cw3_000_q01,code_n32_k16_cw3_000,q01,train,26,104377000,"[4, 8, 11, 14, 17, 19, 24, 26, 28]",9,"[4, 11, 14, 19]",4,1,8,1,1
code_n32_k16_cw3_000_q01,code_n32_k16_cw3_000,q01,train,27,105377003,"[3, 5, 16, 17, 24, 25, 29, 31]",8,[],0,0,8,0,0
code_n32_k16_cw3_000_q01,code_n32_k16_cw3_000,q01,train,28,106377006,"[0, 1, 7, 8, 10, 11, 13, 15, 17, 18, 22, 23, 28, 31]",14,"[1, 7, 11, 13, 15, 18, 22, 23, 31]",9,1,13,1,1
code_n32_k16_cw3_000_q01,code_n32_k16_cw3_000,q01,train,29,107377009,"[0, 2, 6, 8, 11, 13, 16, 17, 22, 25, 31]",11,[],0,0,11,0,0
code_n32_k16_cw3_000_q01,code_n32_k16_cw3_000,q01,train,30,108377012,"[9, 10, 14]",3,[],0,0,3,0,0
code_n32_k16_cw3_000_q01,code_n32_k16_cw3_000,q01,train,31,109377015,"[2, 3, 8, 10, 16, 17, 21, 22, 26]",9,[],0,0,9,0,0
code_n32_k16_cw3_000_q01,code_n32_k16_cw3_000,q01,train,32,110377018,"[6, 8, 9, 10, 17, 20, 25, 27, 28, 31]",10,[],0,0,10,0,0
code_n32_k16_cw3_000_q01,code_n32_k16_cw3_000,q01,train,33,111377021,"[11, 17, 23, 24, 25, 28, 31]",7,[],0,0,7,0,0
code_n32_k16_cw3_000_q01,code_n32_k16_cw3_000,q01,train,34,112377024,"[7, 8, 15, 20, 24, 26]",6,[],0,0,6,0,0
code_n32_k16_cw3_000_q01,code_n32_k16_cw3_000,q01,train,35,113377027,"[2, 3, 6, 19, 20, 22, 24, 25, 28, 29, 30, 31]",12,"[25, 30]",2,1,11,1,1
code_n32_k16_cw3_000_q01,code_n32_k16_cw3_000,q01,train,36,114377030,"[5, 6, 9, 12, 14, 16, 24, 25]",8,[],0,0,8,0,0
code_n32_k16_cw3_000_q01,code_n32_k16_cw3_000,q01,train,37,115377033,"[1, 2, 6, 16, 22, 25, 29]",7,[],0,0,7,0,0
code_n32_k16_cw3_000_q01,code_n32_k16_cw3_000,q01,train,38,116377036,"[0, 2, 4, 6, 12, 14, 16, 19, 31]",9,[],0,0,9,0,0
code_n32_k16_cw3_000_q01,code_n32_k16_cw3_000,q01,train,39,117377039,"[3, 6, 7, 9, 10, 13, 20, 22, 23, 24, 25, 26, 31]",13,[],0,0,13,0,0
code_n32_k16_cw3_000_q01,code_n32_k16_cw3_000,q01,train,40,118377042,"[0, 2, 3, 7, 10, 12, 15, 19, 23, 29]",10,[],0,0,10,0,0
code_n32_k16_cw3_000_q01,code_n32_k16_cw3_000,q01,train,41,119377045,"[2, 4, 7, 8, 12, 14, 18, 19, 20, 29]",10,[],0,0,10,0,0
code_n32_k16_cw3_000_q01,code_n32_k16_cw3_000,q01,train,42,120377048,"[0, 3, 8, 18, 19, 23, 26, 28]",8,[],0,0,8,0,0
code_n32_k16_cw3_000_q01,code_n32_k16_cw3_000,q01,train,43,121377051,"[2, 4, 5, 9, 11, 13, 21]",7,[],0,0,7,0,0
code_n32_k16_cw3_000_q01,code_n32_k16_cw3_000,q01,train,44,122377054,"[5, 9, 16, 21, 22, 23, 26, 27, 29]",9,[],0,0,9,0,0
code_n32_k16_cw3_000_q01,code_n32_k16_cw3_000,q01,train,45,123377057,"[1, 3, 9, 10, 13, 23, 26, 27, 28]",9,[],0,0,9,0,0
code_n32_k16_cw3_000_q01,code_n32_k16_cw3_000,q01,train,46,124377060,"[4, 11, 21, 30, 31]",5,[],0,0,5,0,0
code_n32_k16_cw3_000_q01,code_n32_k16_cw3_000,q01,train,47,125377063,"[2, 4, 8, 9, 11, 21]",6,[],0,0,6,0,0
code_n32_k16_cw3_000_q01,code_n32_k16_cw3_000,q01,train,48,126377066,"[0, 2, 6, 9, 13, 17, 19, 26, 27, 28, 29, 30]",12,"[2, 9, 19, 26, 28, 29]",6,1,12,0,0
code_n32_k16_cw3_000_q01,code_n32_k16_cw3_000,q01,train,49,127377069,"[1, 7, 9, 10, 26]",5,[],0,0,5,0,0
code_n32_k16_cw3_000_q01,code_n32_k16_cw3_000,q01,train,50,128377072,"[0, 7, 9, 14, 15, 16, 23, 29, 30]",9,[],0,0,9,0,0
code_n32_k16_cw3_000_q01,code_n32_k16_cw3_000,q01,train,51,129377075,"[5, 10, 11, 12, 13, 14, 16, 21, 22, 23, 30]",11,[],0,0,11,0,0
code_n32_k16_cw3_000_q01,code_n32_k16_cw3_000,q01,train,52,130377078,"[11, 13, 16]",3,[],0,0,3,0,0
code_n32_k16_cw3_000_q01,code_n32_k16_cw3_000,q01,train,53,131377081,"[5, 9, 19, 24, 26, 27, 28, 31]",8,[],0,0,8,0,0
code_n32_k16_cw3_000_q01,code_n32_k16_cw3_000,q01,train,54,132377084,"[0, 2, 6, 9, 10, 11, 14, 15, 22, 25, 27]",11,[],0,0,11,0,0
code_n32_k16_cw3_000_q01,code_n32_k16_cw3_000,q01,train,55,133377087,"[0, 3, 4, 8, 10, 12, 14, 18, 30]",9,[],0,0,9,0,0
code_n32_k16_cw3_000_q01,code_n32_k16_cw3_000,q01,train,56,134377090,"[2, 4, 5, 6, 9, 10, 13, 15, 16, 20, 21, 22, 26]",13,"[5, 6, 9, 13, 16, 21, 22, 26]",8,1,13,0,0
code_n32_k16_cw3_000_q01,code_n32_k16_cw3_000,q01,train,57,135377093,"[2, 6, 7, 11, 12, 15, 17, 26, 29, 31]",10,[],0,0,10,0,0
code_n32_k16_cw3_000_q01,code_n32_k16_cw3_000,q01,train,58,136377096,"[0, 5, 6, 12, 16, 24, 28]",7,[],0,0,7,0,0
code_n32_k16_cw3_000_q01,code_n32_k16_cw3_000,q01,train,59,137377099,"[1, 5, 7, 8, 13, 20, 24, 30]",8,[],0,0,8,0,0
code_n32_k16_cw3_000_q01,code_n32_k16_cw3_000,q01,train,60,138377102,"[1, 3, 8, 9, 13, 16, 22, 24, 26]",9,[],0,0,9,0,0
code_n32_k16_cw3_000_q01,code_n32_k16_cw3_000,q01,train,61,139377105,"[2, 6, 10, 13, 14, 15, 18, 25, 31]",9,[],0,0,9,0,0
code_n32_k16_cw3_000_q01,code_n32_k16_cw3_000,q01,train,62,140377108,"[1, 2, 6, 11, 12, 14, 15, 17, 18, 23, 24, 25, 30]",13,"[1, 6, 11, 14, 15, 18, 23, 24, 25, 30]",10,1,12,1,1
code_n32_k16_cw3_000_q01,code_n32_k16_cw3_000,q01,train,63,141377111,"[1, 7, 9, 10, 13, 18, 23, 26]",8,[],0,0,8,0,0
code_n32_k16_cw3_000_q02,code_n32_k16_cw3_000,q02,train,0,3651964259,"[6, 9, 10, 11, 12, 16, 17, 21, 22, 28, 29, 30]",12,"[9, 12, 16, 29]",4,1,12,0,0
code_n32_k16_cw3_000_q02,code_n32_k16_cw3_000,q02,train,1,3652964262,"[3, 11, 12, 13, 23, 25, 29, 31]",8,[],0,0,8,0,0
code_n32_k16_cw3_000_q02,code_n32_k16_cw3_000,q02,train,2,3653964265,"[2, 7, 9, 15, 18, 19, 24, 26]",8,[],0,0,8,0,0
code_n32_k16_cw3_000_q02,code_n32_k16_cw3_000,q02,train,3,3654964268,"[0, 2, 4, 7, 8, 10, 11, 12, 14, 19, 21, 22, 25, 26, 27]",15,"[0, 2, 4, 8, 11, 12, 14, 19, 21, 22, 25, 26, 27]",13,1,14,1,1
code_n32_k16_cw3_000_q02,code_n32_k16_cw3_000,q02,train,4,3655964271,"[0, 1, 2, 17, 18, 23, 24, 26]",8,[],0,0,8,0,0
code_n32_k16_cw3_000_q02,code_n32_k16_cw3_000,q02,train,5,3656964274,"[0, 3, 4, 7, 8, 15, 17, 18, 19, 21, 22, 26, 27]",13,"[0, 3, 4, 7, 15, 18, 19, 21, 22]",9,1,13,0,0
code_n32_k16_cw3_000_q02,code_n32_k16_cw3_000,q02,train,6,3657964277,"[0, 2, 4, 8, 11, 12, 18, 22]",8,[],0,0,8,0,0
code_n32_k16_cw3_000_q02,code_n32_k16_cw3_000,q02,train,7,3658964280,"[0, 4, 5, 6, 7, 15, 19, 20, 22, 31]",10,[],0,0,10,0,0
code_n32_k16_cw3_000_q02,code_n32_k16_cw3_000,q02,train,8,3659964283,"[0, 1, 10, 12, 15, 17, 18, 20, 21]",9,[],0,0,9,0,0
code_n32_k16_cw3_000_q02,code_n32_k16_cw3_000,q02,train,9,3660964286,"[3, 4, 10, 11, 12, 13, 14, 17, 20, 23, 28, 29]",12,"[3, 4, 10, 11, 12, 13, 14, 17, 20, 23, 28, 29]",12,1,11,1,1
code_n32_k16_cw3_000_q02,code_n32_k16_cw3_000,q02,train,10,3661964289,"[3, 11, 12, 20, 21, 26, 27]",7,[],0,0,7,0,0
code_n32_k16_cw3_000_q02,code_n32_k16_cw3_000,q02,train,11,3662964292,"[0, 3, 11, 13, 16, 17, 22, 25, 26]",9,[],0,0,9,0,0
code_n32_k16_cw3_000_q02,code_n32_k16_cw3_000,q02,train,12,3663964295,"[2, 6, 9, 10, 17, 24, 26, 31]",8,[],0,0,8,0,0
code_n32_k16_cw3_000_q02,code_n32_k16_cw3_000,q02,train,13,3664964298,"[0, 3, 4, 5, 6, 8, 11, 13, 16, 17, 26, 27, 29, 31]",14,"[0, 3, 4, 5, 6, 8, 13, 16, 17, 26, 27, 29, 31]",13,1,14,0,0
code_n32_k16_cw3_000_q02,code_n32_k16_cw3_000,q02,train,14,3665964301,"[2, 4, 5, 6, 10, 14, 15, 18, 21, 23, 29, 30]",12,[],0,0,12,0,0
code_n32_k16_cw3_000_q02,code_n32_k16_cw3_000,q02,train,15,3666964304,"[4, 7, 9, 13, 14, 17, 18, 28, 29]",9,[],0,0,9,0,0
code_n32_k16_cw3_000_q02,code_n32_k16_cw3_000,q02,train,16,3667964307,"[3, 9, 10, 12, 26, 29]",6,[],0,0,6,0,0
code_n32_k16_cw3_000_q02,code_n32_k16_cw3_000,q02,train,17,3668964310,"[0, 4, 9, 13, 15, 16, 17, 18, 21, 24, 26, 28, 29, 30]",14,"[0, 4, 9, 16, 17, 21, 24, 29, 30]",9,1,14,0,0
code_n32_k16_cw3_000_q02,code_n32_k16_cw3_000,q02,train,18,3669964313,"[4, 7, 15, 17, 21, 24, 26, 29]",8,[],0,0,8,0,0
code_n32_k16_cw3_000_q02,code_n32_k16_cw3_000,q02,train,19,3670964316,"[0, 5, 8, 9, 13, 14, 16, 18, 22, 23, 26, 27, 29]",13,"[0, 5, 8, 9, 14, 16, 22, 26, 27, 29]",10,1,13,0,0
code_n32_k16_cw3_000_q02,code_n32_k16_cw3_000,q02,train,20,3671964319,"[0, 3, 6, 12, 13, 14, 18, 19, 20, 21, 22, 25, 26]",13,"[0, 6, 12, 13, 14, 18, 19, 20, 21, 22, 25]",11,1,12,1,1
code_n32_k16_cw3_000_q02,code_n32_k16_cw3_000,q02,train,21,3672964322,"[0, 4, 10, 15, 17, 20, 21, 22, 23, 27, 30]",11,[],0,0,11,0,0
code_n32_k16_cw3_000_q02,code_n32_k16_cw3_000,q02,train,22,3673964325,"[4, 5, 7, 12, 15, 20, 24, 25, 27, 28, 30]",11,"[25, 30]",2,1,10,1,1
code_n32_k16_cw3_000_q02,code_n32_k16_cw3_000,q02,train,23,3674964328,"[4, 5, 6, 7, 9, 10, 11, 12, 15, 17, 18, 21, 22, 24, 30]",15,"[4, 6, 7, 9, 10, 11, 12, 15, 17, 21, 22, 24, 30]",13,1,14,1,1
code_n32_k16_cw3_000_q02,code_n32_k16_cw3_000,q02,train,24,3675964331,"[0, 2, 3, 7, 9, 11, 14, 22, 24, 25, 27, 28, 30, 31]",14,"[0, 14, 24, 25, 27, 30]",6,1,13,1,1
code_n32_k16_cw3_000_q02,code_n32_k16_cw3_000,q02,train,25,3676964334,"[4, 5, 6, 8, 9, 10, 12, 14, 16, 17, 23, 24, 28, 30]",14,[],0,0,14,0,0
code_n32_k16_cw3_000_q02,code_n32_k16_cw3_000,q02,train,26,3677964337,"[3, 10, 13, 17, 19, 22, 23, 30, 31]",9,[],0,0,9,0,0
code_n32_k16_cw3_000_q02,code_n32_k16_cw3_000,q02,train,27,3678964340,"[0, 7, 8, 9, 10, 12, 16, 19, 22, 23, 25, 28, 29, 30, 31]",15,"[9, 10, 12, 16, 25, 29, 30, 31]",8,1,14,1,1
code_n32_k16_cw3_000_q02,code_n32_k16_cw3_000,q02,train,28,3679964343,"[2, 6, 12, 15, 16, 27]",6,[],0,0,6,0,0
code_n32_k16_cw3_000_q02,code_n32_k16_cw3_000,q02,train,29,3680964346,"[0, 3, 6, 9, 12, 15, 19, 23, 25, 26, 30, 31]",12,"[25, 30]",2,1,11,1,1
code_n32_k16_cw3_000_q02,code_n32_k16_cw3_000,q02,train,30,3681964349,"[1, 5, 7, 12, 13, 16, 17, 23, 24, 25, 26, 28]",12,[],0,0,12,0,0
code_n32_k16_cw3_000_q02,code_n32_k16_cw3_000,q02,train,31,3682964352,"[7, 8, 9, 11, 14, 24, 25, 28, 30]",9,"[25, 30]",2,1,8,1,1
code_n32_k16_cw3_000_q02,code_n32_k16_cw3_000,q02,train,32,3683964355,"[1, 4, 6, 12, 14, 15, 17, 26, 31]",9,[],0,0,9,0,0
code_n32_k16_cw3_000_q02,code_n32_k16_cw3_000,q02,train,33,3684964358,"[0, 1, 4, 8, 12, 21, 22, 23, 24, 26, 28, 29, 31]",13,[],0,0,13,0,0
code_n32_k16_cw3_000_q02,code_n32_k16_cw3_000,q02,train,34,3685964361,"[6, 8, 17, 19, 23, 24, 25, 26, 31]",9,[],0,0,9,0,0
code_n32_k16_cw3_000_q02,code_n32_k16_cw3_000,q02,train,35,3686964364,"[1, 7, 11, 15, 17, 21, 23, 29, 30, 31]",10,[],0,0,10,0,0
code_n32_k16_cw3_000_q02,code_n32_k16_cw3_000,q02,train,36,3687964367,"[0, 3, 5, 15, 16, 17, 18, 19, 22, 23, 29, 30]",12,[],0,0,12,0,0
code_n32_k16_cw3_000_q02,code_n32_k16_cw3_000,q02,train,37,3688964370,"[1, 2, 3, 4, 6, 12, 22, 23, 28]",9,[],0,0,9,0,0
code_n32_k16_cw3_000_q02,code_n32_k16_cw3_000,q02,train,38,3689964373,"[0, 1, 2, 3, 12, 13, 17, 18, 19, 25, 28, 31]",12,[],0,0,12,0,0
code_n32_k16_cw3_000_q02,code_n32_k16_cw3_000,q02,train,39,3690964376,"[0, 3, 5, 7, 10, 20, 26]",7,[],0,0,7,0,0
code_n32_k16_cw3_000_q02,code_n32_k16_cw3_000,q02,train,40,3691964379,"[1, 2, 3, 4, 5, 8, 11, 13, 14, 15, 17, 18, 22, 23, 25, 27]",16,"[1, 2, 3, 4, 5, 8, 11, 13, 14, 15, 18, 22, 23, 25]",14,1,15,1,1
code_n32_k16_cw3_000_q02,code_n32_k16_cw3_000,q02,train,41,3692964382,"[0, 7, 8, 9, 11, 15, 18, 23, 24]",9,[],0,0,9,0,0
code_n32_k16_cw3_000_q02,code_n32_k16_cw3_000,q02,train,42,3693964385,"[2, 3, 5, 9, 16, 17, 18, 21, 26, 29, 30]",11,[],0,0,11,0,0
code_n32_k16_cw3_000_q02,code_n32_k16_cw3_000,q02,train,43,3694964388,"[0, 5, 12, 13, 18, 21, 22, 23, 24, 28, 31]",11,[],0,0,11,0,0
code_n32_k16_cw3_000_q02,code_n32_k16_cw3_000,q02,train,44,3695964391,"[7, 8, 17, 23, 24, 30]",6,[],0,0,6,0,0
code_n32_k16_cw3_000_q02,code_n32_k16_cw3_000,q02,train,45,3696964394,"[4, 5, 7, 11, 15, 30]",6,[],0,0,6,0,0
code_n32_k16_cw3_000_q02,code_n32_k16_cw3_000,q02,train,46,3697964397,"[0, 3, 7, 9, 11, 12, 15, 18, 21, 23, 24, 28, 29]",13,"[3, 7, 11, 15, 18, 21, 23, 24]",8,1,13,0,0
code_n32_k16_cw3_000_q02,code_n32_k16_cw3_000,q02,train,47,3698964400,"[0, 7, 9, 21, 29, 31]",6,[],0,0,6,0,0
code_n32_k16_cw3_000_q02,code_n32_k16_cw3_000,q02,train,48,3699964403,"[2, 3, 4, 5, 7, 9, 10, 16, 17, 18, 22, 23, 24, 27]",14,"[2, 3, 4, 5, 7, 9, 10, 16, 17, 18, 22, 23]",12,1,14,0,0
code_n32_k16_cw3_000_q02,code_n32_k16_cw3_000,q02,train,49,3700964406,"[0, 5, 9, 16, 21, 25, 29]",7,[],0,0,7,0,0
code_n32_k16_cw3_000_q02,code_n32_k16_cw3_000,q02,train,50,3701964409,"[0, 11, 12, 15, 18, 19, 21, 22, 29]",9,[],0,0,9,0,0
code_n32_k16_cw3_000_q02,code_n32_k16_cw3_000,q02,train,51,3702964412,"[0, 1, 3, 5, 11, 16, 23, 25, 26, 30]",10,"[25, 30]",2,1,9,1,1
code_n32_k16_cw3_000_q02,code_n32_k16_cw3_000,q02,train,52,3703964415,"[1, 2, 14, 18, 23, 27, 30, 31]",8,[],0,0,8,0,0
code_n32_k16_cw3_000_q02,code_n32_k16_cw3_000,q02,train,53,3704964418,"[4, 14, 16, 17, 20, 21, 24, 25, 26, 28]",10,"[4, 16, 17, 20, 21, 24, 25, 28]",8,1,10,0,0
code_n32_k16_cw3_000_q02,code_n32_k16_cw3_000,q02,train,54,3705964421,"[0, 1, 4, 6, 11, 12, 16, 17, 19, 20, 21, 23, 31]",13,"[0, 1, 4, 6, 11, 12, 19, 20, 21, 23, 31]",11,1,13,0,0
code_n32_k16_cw3_000_q02,code_n32_k16_cw3_000,q02,train,55,3706964424,"[4, 8, 18, 20, 22, 23, 28, 30, 31]",9,[],0,0,9,0,0
code_n32_k16_cw3_000_q02,code_n32_k16_cw3_000,q02,train,56,3707964427,"[7, 10, 15, 16, 17, 18, 23, 26, 30]",9,[],0,0,9,0,0
code_n32_k16_cw3_000_q02,code_n32_k16_cw3_000,q02,train,57,3708964430,"[2, 9, 10, 15, 17, 19, 20, 27, 29]",9,[],0,0,9,0,0
code_n32_k16_cw3_000_q02,code_n32_k16_cw3_000,q02,train,58,3709964433,"[5, 11, 14, 17, 20, 23, 25]",7,[],0,0,7,0,0
code_n32_k16_cw3_000_q02,code_n32_k16_cw3_000,q02,train,59,3710964436,"[2, 4, 9, 16, 20, 24, 25, 26]",8,[],0,0,8,0,0
code_n32_k16_cw3_000_q02,code_n32_k16_cw3_000,q02,train,60,3711964439,"[1, 2, 16, 19, 21, 22, 24, 27]",8,[],0,0,8,0,0
code_n32_k16_cw3_000_q02,code_n32_k16_cw3_000,q02,train,61,3712964442,"[1, 2, 9, 10, 14, 16, 22, 24, 26]",9,[],0,0,9,0,0
code_n32_k16_cw3_000_q02,code_n32_k16_cw3_000,q02,train,62,3713964445,"[8, 10, 12, 14, 16, 23, 26, 28, 31]",9,[],0,0,9,0,0
code_n32_k16_cw3_000_q02,code_n32_k16_cw3_000,q02,train,63,3714964448,"[1, 3, 4, 8, 10, 14, 18, 22]",8,[],0,0,8,0,0
code_n32_k16_cw3_000_q03,code_n32_k16_cw3_000,q03,train,0,2930584300,"[5, 7, 8, 13, 20, 21, 22, 23, 25, 31]",10,[],0,0,10,0,0
code_n32_k16_cw3_000_q03,code_n32_k16_cw3_000,q03,train,1,2931584303,"[8, 9, 10, 13, 14, 15, 16, 23, 27, 29, 30]",11,[],0,0,11,0,0
code_n32_k16_cw3_000_q03,code_n32_k16_cw3_000,q03,train,2,2932584306,"[0, 2, 4, 6, 7, 8, 10, 13, 20, 21, 22, 26, 29]",13,"[0, 4, 6, 7, 8, 13, 21, 22, 26]",9,1,12,1,1
code_n32_k16_cw3_000_q03,code_n32_k16_cw3_000,q03,train,3,2933584309,"[2, 4, 7, 8, 10, 11, 14, 17, 19, 21, 22, 25, 28, 30]",14,"[4, 11, 14, 19, 25, 30]",6,1,12,2,1
code_n32_k16_cw3_000_q03,code_n32_k16_cw3_000,q03,train,4,2934584312,"[5, 7, 8, 10, 11, 14, 15, 16, 19, 21, 22, 25, 27, 31]",14,"[5, 8, 11, 14, 19, 21, 22, 25, 27]",9,1,14,0,0
code_n32_k16_cw3_000_q03,code_n32_k16_cw3_000,q03,train,5,2935584315,"[1, 4, 6, 7, 11, 13, 14, 18, 19, 20, 22, 24, 27, 30]",14,"[1, 4, 6, 7, 11, 13, 14, 18, 19, 20, 22, 24, 27, 30]",14,1,12,2,1
code_n32_k16_cw3_000_q03,code_n32_k16_cw3_000,q03,train,6,2936584318,"[1, 3, 9, 10, 11, 14, 15, 16, 19, 22, 25, 26, 27, 29, 31]",15,"[1, 9, 10, 14, 16, 25, 29, 31]",8,1,15,0,0
code_n32_k16_cw3_000_q03,code_n32_k16_cw3_000,q03,train,7,2937584321,"[1, 2, 3, 5, 8, 13, 14, 18, 21, 22, 23, 24, 25, 26, 28]",15,"[1, 2, 3, 5, 8, 13, 14, 18, 21, 22, 23, 24, 25, 26]",14,1,14,1,1
code_n32_k16_cw3_000_q03,code_n32_k16_cw3_000,q03,train,8,2938584324,"[0, 3, 9, 12, 15, 19, 20, 25, 28, 31]",10,[],0,0,10,0,0
code_n32_k16_cw3_000_q03,code_n32_k16_cw3_000,q03,train,9,2939584327,"[2, 4, 5, 9, 10, 12, 13, 19, 20, 21, 23, 25, 26, 27, 29, 30]",16,"[2, 9, 12, 19, 20, 25, 26, 29, 30]",9,1,14,2,1
code_n32_k16_cw3_000_q03,code_n32_k16_cw3_000,q03,train,10,2940584330,"[0, 1, 2, 4, 9, 10, 11, 13, 16, 18, 19, 20, 22, 24, 26, 27, 30]",17,"[0, 1, 2, 4, 9, 11, 16, 18, 19, 20, 24, 26, 27, 30]",14,1,15,2,1
code_n32_k16_cw3_000_q03,code_n32_k16_cw3_000,q03,train,11,2941584333,"[1, 2, 3, 5, 11, 20, 24, 31]",8,[],0,0,8,0,0
code_n32_k16_cw3_000_q03,code_n32_k16_cw3_000,q03,train,12,2942584336,"[1, 4, 5, 9, 10, 13, 14, 15, 17, 19, 20, 21, 23, 25, 27, 28, 30, 31]",18,"[1, 4, 9, 10, 14, 15, 17, 19, 20, 23, 25, 28, 30, 31]",14,1,15,3,1
code_n32_k16_cw3_000_q03,code_n32_k16_cw3_000,q03,train,13,2943584339,"[3, 5, 9, 11, 13, 14, 15, 16, 19, 22, 23, 26, 27, 28]",14,"[3, 5, 9, 11, 13, 15, 16, 19, 22, 23, 26]",11,1,13,1,1
code_n32_k16_cw3_000_q03,code_n32_k16_cw3_000,q03,train,14,2944584342,"[3, 4, 5, 7, 9, 10, 11, 12, 14, 15, 22, 26, 27, 31]",14,"[3, 4, 5, 7, 11, 12, 14, 15, 22, 26, 31]",11,1,14,0,0
code_n32_k16_cw3_000_q03,code_n32_k16_cw3_000,q03,train,15,2945584345,"[1, 5, 6, 7, 8, 9, 12, 17, 18, 19, 23, 24, 26, 27, 28, 30]",16,"[1, 5, 6, 7, 8, 9, 12, 17, 18, 19, 24, 26, 27, 28, 30]",15,1,15,1,1
code_n32_k16_cw3_000_q03,code_n32_k16_cw3_000,q03,train,16,2946584348,"[0, 1, 4, 6, 12, 16, 17, 19, 20, 21, 22, 23, 24]",13,"[0, 1, 4, 12, 19, 20, 21, 24]",8,1,13,0,0
code_n32_k16_cw3_000_q03,code_n32_k16_cw3_000,q03,train,17,2947584351,"[1, 2, 3, 7, 9, 12, 16, 17, 19, 21, 23, 24, 26, 28]",14,"[1, 2, 3, 7, 9, 12, 16, 17, 19, 21, 23, 24, 26, 28]",14,1,13,1,1
code_n32_k16_cw3_000_q03,code_n32_k16_cw3_000,q03,train,18,2948584354,"[0, 3, 4, 6, 16, 17, 21, 26, 27]",9,[],0,0,9,0,0
code_n32_k16_cw3_000_q03,code_n32_k16_cw3_000,q03,train,19,2949584357,"[0, 4, 5, 6, 7, 8, 11, 13, 18, 24, 25, 28, 30]",13,"[0, 4, 5, 6, 7, 8, 24, 25, 30]",9,1,12,1,1
code_n32_k16_cw3_000_q03,code_n32_k16_cw3_000,q03,train,20,2950584360,"[0, 2, 4, 6, 11, 12, 13, 14, 15, 21, 23, 27, 28, 29, 30]",15,"[0, 4, 6, 11, 14, 15, 21, 23, 27, 30]",10,1,15,0,0
code_n32_k16_cw3_000_q03,code_n32_k16_cw3_000,q03,train,21,2951584363,"[1, 6, 8, 13, 15, 16, 17, 18, 19, 29]",10,[],0,0,10,0,0
code_n32_k16_cw3_000_q03,code_n32_k16_cw3_000,q03,train,22,2952584366,"[3, 6, 7, 8, 11, 14, 18, 19, 22, 25]",10,[],0,0,10,0,0
code_n32_k16_cw3_000_q03,code_n32_k16_cw3_000,q03,train,23,2953584369,"[3, 7, 8, 10, 15, 19, 24, 29, 31]",9,[],0,0,9,0,0
code_n32_k16_cw3_000_q03,code_n32_k16_cw3_000,q03,train,24,2954584372,"[3, 5, 6, 8, 14, 15, 16, 19, 22, 23, 24, 26, 27, 30, 31]",15,"[3, 5, 6, 8, 14, 15, 19, 22, 23, 24, 26, 27, 30, 31]",14,1,14,1,1
code_n32_k16_cw3_000_q03,code_n32_k16_cw3_000,q03,train,25,2955584375,"[2, 4, 5, 7, 10, 13, 15, 17, 18, 22, 28, 30, 31]",13,"[2, 4, 5, 7, 10, 13, 15, 18, 22, 28, 30, 31]",12,1,13,0,0
code_n32_k16_cw3_000_q03,code_n32_k16_cw3_000,q03,train,26,2956584378,"[0, 2, 8, 9, 12, 14, 18, 19, 22, 26, 28, 31]",12,[],0,0,12,0,0
code_n32_k16_cw3_000_q03,code_n32_k16_cw3_000,q03,train,27,2957584381,"[0, 2, 8, 9, 11, 12, 15, 18, 19, 21, 23, 24, 25, 30, 31]",15,"[0, 11, 12, 15, 18, 19, 21, 23, 24, 25, 30, 31]",12,1,14,1,1
code_n32_k16_cw3_000_q03,code_n32_k16_cw3_000,q03,train,28,2958584384,"[0, 5, 6, 7, 8, 11, 12, 21, 25, 30]",10,"[0, 5, 6, 7, 8, 21, 25, 30]",8,1,9,1,1
code_n32_k16_cw3_000_q03,code_n32_k16_cw3_000,q03,train,29,2959584387,"[0, 2, 3, 6, 12, 13, 14, 15, 22, 23, 26, 27]",12,"[0, 2, 3, 6, 12, 13, 14, 22, 23, 26, 27]",11,1,11,1,1
code_n32_k16_cw3_000_q03,code_n32_k16_cw3_000,q03,train,30,2960584390,"[3, 4, 7, 12, 13, 14, 20, 23, 24, 26, 29]",11,[],0,0,11,0,0
code_n32_k16_cw3_000_q03,code_n32_k16_cw3_000,q03,train,31,2961584393,"[2, 5, 7, 9, 10, 11, 12, 15, 21, 22]",10,[],0,0,10,0,0
code_n32_k16_cw3_000_q03,code_n32_k16_cw3_000,q03,train,32,2962584396,"[0, 1, 2, 5, 6, 8, 12, 14, 15, 17, 22, 23, 25, 27]",14,"[0, 1, 2, 5, 8, 12, 14, 22, 25, 27]",10,1,14,0,0
code_n32_k16_cw3_000_q03,code_n32_k16_cw3_000,q03,train,33,2963584399,"[2, 4, 5, 11, 16, 17, 20, 21, 25, 26, 29, 31]",12,"[4, 11, 16, 17, 20, 25, 29]",7,1,12,0,0
code_n32_k16_cw3_000_q03,code_n32_k16_cw3_000,q03,train,34,2964584402,"[2, 4, 5, 6, 7, 10, 11, 12, 14, 17, 18, 25, 30]",13,"[2, 4, 5, 12, 14, 18, 25, 30]",8,1,12,1,1
code_n32_k16_cw3_000_q03,code_n32_k16_cw3_000,q03,train,35,2965584405,"[2, 3, 4, 6, 7, 10, 12, 14, 15, 22, 23, 29, 30]",13,[],0,0,13,0,0
code_n32_k16_cw3_000_q03,code_n32_k16_cw3_000,q03,train,36,2966584408,"[0, 1, 2, 4, 6, 7, 16, 22, 23, 25, 28, 29]",12,"[0, 4, 6, 7, 16, 22, 25, 29]",8,1,12,0,0
code_n32_k16_cw3_000_q03,code_n32_k16_cw3_000,q03,train,37,2967584411,"[3, 5, 7, 8, 11, 13, 16, 17, 19, 21, 25, 26, 30, 31]",14,"[25, 30]",2,1,13,1,1
code_n32_k16_cw3_000_q03,code_n32_k16_cw3_000,q03,train,38,2968584414,"[3, 14, 15, 17, 23, 25, 26, 28]",8,[],0,0,8,0,0
code_n32_k16_cw3_000_q03,code_n32_k16_cw3_000,q03,train,39,2969584417,"[0, 2, 10, 14, 15, 17, 18, 19, 21, 23, 26, 31]",12,[],0,0,12,0,0
code_n32_k16_cw3_000_q03,code_n32_k16_cw3_000,q03,train,40,2970584420,"[0, 8, 9, 11, 15, 17, 18, 21, 26]",9,[],0,0,9,0,0
code_n32_k16_cw3_000_q03,code_n32_k16_cw3_000,q03,train,41,2971584423,"[0, 1, 2, 3, 4, 5, 8, 17, 18, 21, 24, 27, 28, 31]",14,"[0, 1, 2, 3, 5, 8, 18, 21, 24, 27, 31]",11,1,14,0,0
code_n32_k16_cw3_000_q03,code_n32_k16_cw3_000,q03,train,42,2972584426,"[4, 7, 8, 10, 16, 20, 23, 27]",8,[],0,0,8,0,0
code_n32_k16_cw3_000_q03,code_n32_k16_cw3_000,q03,train,43,2973584429,"[1, 4, 8, 12, 14, 15, 17, 19, 21, 27, 30]",11,[],0,0,11,0,0
code_n32_k16_cw3_000_q03,code_n32_k16_cw3_000,q03,train,44,2974584432,"[0, 3, 11, 21, 23, 29, 30, 31]",8,[],0,0,8,0,0
code_n32_k16_cw3_000_q03,code_n32_k16_cw3_000,q03,train,45,2975584435,"[2, 9, 10, 11, 13, 18, 24, 29, 30]",9,[],0,0,9,0,0
code_n32_k16_cw3_000_q03,code_n32_k16_cw3_000,q03,train,46,2976584438,"[0, 1, 3, 4, 6, 8, 10, 13, 18, 19, 20, 26, 28, 30]",14,"[0, 3, 4, 6, 8, 10, 13, 18, 19, 20, 26, 28, 30]",13,1,13,1,1
code_n32_k16_cw3_000_q03,code_n32_k16_cw3_000,q03,train,47,2977584441,"[0, 3, 7, 9, 17, 21, 25, 26, 27, 29]",10,[],0,0,10,0,0
code_n32_k16_cw3_000_q03,code_n32_k16_cw3_000,q03,train,48,2978584444,"[0, 1, 6, 8, 11, 12, 14, 19, 22, 29, 31]",11,[],0,0,11,0,0
code_n32_k16_cw3_000_q03,code_n32_k16_cw3_000,q03,train,49,2979584447,"[1, 6, 8, 10, 13, 18, 25, 29, 31]",9,[],0,0,9,0,0
code_n32_k16_cw3_000_q03,code_n32_k16_cw3_000,q03,train,50,2980584450,"[0, 1, 2, 6, 10, 15, 17, 19, 24, 26, 27, 28, 31]",13,"[0, 1, 2, 10, 19, 24, 26, 27, 28, 31]",10,1,13,0,0
code_n32_k16_cw3_000_q03,code_n32_k16_cw3_000,q03,train,51,2981584453,"[4, 11, 13, 20, 21, 28, 30]",7,[],0,0,7,0,0
code_n32_k16_cw3_000_q03,code_n32_k16_cw3_000,q03,train,52,2982584456,"[3, 4, 5, 7, 8, 13, 15, 16, 25]",9,[],0,0,9,0,0
code_n32_k16_cw3_000_q03,code_n32_k16_cw3_000,q03,train,53,2983584459,"[1, 2, 5, 12, 13, 21, 30]",7,[],0,0,7,0,0
code_n32_k16_cw3_000_q03,code_n32_k16_cw3_000,q03,train,54,2984584462,"[0, 2, 3, 4, 6, 7, 18, 21, 23, 24, 27, 28, 31]",13,"[3, 6, 7, 18, 21, 23, 24]",7,1,13,0,0
code_n32_k16_cw3_000_q03,code_n32_k16_cw3_000,q03,train,55,2985584465,"[0, 2, 3, 4, 5, 6, 8, 12, 16, 20, 21, 22, 23, 29, 30]",15,"[0, 2, 3, 4, 5, 6, 8, 12, 16, 21, 22, 23, 29, 30]",14,1,14,1,1
code_n32_k16_cw3_000_q03,code_n32_k16_cw3_000,q03,train,56,2986584468,"[1, 5, 6, 8, 16, 17, 21, 22, 24, 25, 27, 29, 31]",13,"[1, 5, 8, 16, 22, 24, 25, 27, 29]",9,1,12,1,1
code_n32_k16_cw3_000_q03,code_n32_k16_cw3_000,q03,train,57,2987584471,"[3, 5, 9, 12, 16, 17, 19, 22, 24, 26, 29]",11,"[9, 12, 16, 29]",4,1,11,0,0
code_n32_k16_cw3_000_q03,code_n32_k16_cw3_000,q03,train,58,2988584474,"[1, 3, 4, 5, 6, 10, 22, 23, 26, 29]",10,[],0,0,10,0,0
code_n32_k16_cw3_000_q03,code_n32_k16_cw3_000,q03,train,59,2989584477,"[2, 4, 6, 7, 11, 12, 15, 17, 19, 23]",10,[],0,0,10,0,0
code_n32_k16_cw3_000_q03,code_n32_k16_cw3_000,q03,train,60,2990584480,"[3, 4, 6, 9, 12, 14, 15, 16, 20, 24, 27, 28]",12,"[9, 12, 16, 20, 28]",5,1,12,0,0
code_n32_k16_cw3_000_q03,code_n32_k16_cw3_000,q03,train,61,2991584483,"[0, 4, 6, 10, 14, 23, 25]",7,[],0,0,7,0,0
code_n32_k16_cw3_000_q03,code_n32_k16_cw3_000,q03,train,62,2992584486,"[6, 16, 17, 20, 26]",5,[],0,0,5,0,0
code_n32_k16_cw3_000_q03,code_n32_k16_cw3_000,q03,train,63,2993584489,"[0, 1, 4, 8, 23, 25, 26, 28, 31]",9,[],0,0,9,0,0
code_n32_k16_cw3_001_q00,code_n32_k16_cw3_001,q00,test,0,1383653164,"[17, 20, 22, 27]",4,[],0,0,4,0,0
code_n32_k16_cw3_001_q00,code_n32_k16_cw3_001,q00,test,1,1384653167,"[1, 3, 12, 13, 15, 16, 22, 23, 24, 26, 28]",11,"[1, 26, 28]",3,1,11,0,0
code_n32_k16_cw3_001_q00,code_n32_k16_cw3_001,q00,test,2,1385653170,"[2, 5, 13, 20, 22, 26, 27, 30]",8,[],0,0,8,0,0
code_n32_k16_cw3_001_q00,code_n32_k16_cw3_001,q00,test,3,1386653173,"[6, 13, 21, 27]",4,[],0,0,4,0,0
code_n32_k16_cw3_001_q00,code_n32_k16_cw3_001,q00,test,4,1387653176,"[15, 25, 31]",3,[],0,0,3,0,0
code_n32_k16_cw3_001_q00,code_n32_k16_cw3_001,q00,test,5,1388653179,"[15, 28, 30]",3,[],0,0,3,0,0
code_n32_k16_cw3_001_q00,code_n32_k16_cw3_001,q00,test,6,1389653182,"[17, 26, 27]",3,[],0,0,3,0,0
code_n32_k16_cw3_001_q00,code_n32_k16_cw3_001,q00,test,7,1390653185,"[6, 11, 27, 29]",4,[],0,0,4,0,0
code_n32_k16_cw3_001_q00,code_n32_k16_cw3_001,q00,test,8,1391653188,"[5, 7, 8, 10, 18, 22, 29]",7,[],0,0,7,0,0
code_n32_k16_cw3_001_q00,code_n32_k16_cw3_001,q00,test,9,1392653191,"[0, 15, 18, 19, 25, 29]",6,[],0,0,6,0,0
code_n32_k16_cw3_001_q00,code_n32_k16_cw3_001,q00,test,10,1393653194,"[3, 6, 16, 25, 30, 31]",6,[],0,0,6,0,0
code_n32_k16_cw3_001_q00,code_n32_k16_cw3_001,q00,test,11,1394653197,"[5, 10, 11, 13, 14, 24, 27, 28, 30]",9,[],0,0,9,0,0
code_n32_k16_cw3_001_q00,code_n32_k16_cw3_001,q00,test,12,1395653200,"[0, 1, 3, 5, 6, 15, 19]",7,[],0,0,7,0,0
code_n32_k16_cw3_001_q00,code_n32_k16_cw3_001,q00,test,13,1396653203,"[4, 5, 18, 20, 31]",5,[],0,0,5,0,0
code_n32_k16_cw3_001_q00,code_n32_k16_cw3_001,q00,test,14,1397653206,"[0, 13, 15, 28]",4,[],0,0,4,0,0
code_n32_k16_cw3_001_q00,code_n32_k16_cw3_001,q00,test,15,1398653209,"[6, 15, 21, 23, 24, 28, 29, 30]",8,[],0,0,8,0,0
code_n32_k16_cw3_001_q00,code_n32_k16_cw3_001,q00,test,16,1399653212,"[11, 14, 22]",3,[],0,0,3,0,0
code_n32_k16_cw3_001_q00,code_n32_k16_cw3_001,q00,test,17,1400653215,[13],1,[],0,0,1,0,0
code_n32_k16_cw3_001_q00,code_n32_k16_cw3_001,q00,test,18,1401653218,"[3, 4, 11, 12, 16, 20, 27]",7,[],0,0,7,0,0
code_n32_k16_cw3_001_q00,code_n32_k16_cw3_001,q00,test,19,1402653221,"[2, 27]",2,[],0,0,2,0,0
code_n32_k16_cw3_001_q00,code_n32_k16_cw3_001,q00,test,20,1403653224,"[5, 7, 12, 14, 19, 21, 22, 23, 24, 26]",10,[],0,0,10,0,0
code_n32_k16_cw3_001_q00,code_n32_k16_cw3_001,q00,test,21,1404653227,"[5, 10, 13, 15, 18, 19, 20, 26, 27, 29, 31]",11,"[5, 10, 15, 31]",4,1,11,0,0
code_n32_k16_cw3_001_q00,code_n32_k16_cw3_001,q00,test,22,1405653230,"[12, 20, 26]",3,[],0,0,3,0,0
code_n32_k16_cw3_001_q00,code_n32_k16_cw3_001,q00,test,23,1406653233,"[4, 5, 8, 10, 11, 13, 15, 18, 20, 25, 29]",11,[],0,0,11,0,0
code_n32_k16_cw3_001_q00,code_n32_k16_cw3_001,q00,test,24,1407653236,"[1, 2, 27, 31]",4,[],0,0,4,0,0
code_n32_k16_cw3_001_q00,code_n32_k16_cw3_001,q00,test,25,1408653239,"[4, 10, 11, 17, 18, 19, 21]",7,[],0,0,7,0,0
code_n32_k16_cw3_001_q00,code_n32_k16_cw3_001,q00,test,26,1409653242,"[3, 5, 7, 8, 11, 19, 23, 29, 31]",9,"[3, 5, 7, 8, 11, 19, 23]",7,1,9,0,0
code_n32_k16_cw3_001_q00,code_n32_k16_cw3_001,q00,test,27,1410653245,"[1, 12, 23, 25, 29]",5,[],0,0,5,0,0
code_n32_k16_cw3_001_q00,code_n32_k16_cw3_001,q00,test,28,1411653248,"[11, 15, 20, 21, 31]",5,[],0,0,5,0,0
code_n32_k16_cw3_001_q00,code_n32_k16_cw3_001,q00,test,29,1412653251,"[0, 9, 22, 25, 27]",5,[],0,0,5,0,0
code_n32_k16_cw3_001_q00,code_n32_k16_cw3_001,q00,test,30,1413653254,"[1, 2, 3, 5, 20, 23, 28, 29]",8,[],0,0,8,0,0
code_n32_k16_cw3_001_q00,code_n32_k16_cw3_001,q00,test,31,1414653257,"[0, 2, 5, 12, 20, 22, 24, 25, 29]",9,[],0,0,9,0,0
code_n32_k16_cw3_001_q00,code_n32_k16_cw3_001,q00,test,32,1415653260,"[2, 11, 22, 23, 24, 26, 30]",7,[],0,0,7,0,0
code_n32_k16_cw3_001_q00,code_n32_k16_cw3_001,q00,test,33,1416653263,"[7, 8, 9, 17, 18, 21, 24, 25, 28]",9,[],0,0,9,0,0
code_n32_k16_cw3_001_q00,code_n32_k16_cw3_001,q00,test,34,1417653266,"[2, 8, 10, 11, 13, 20, 24]",7,[],0,0,7,0,0
code_n32_k16_cw3_001_q00,code_n32_k16_cw3_001,q00,test,35,1418653269,"[1, 4, 8, 9, 16, 19, 23, 28, 30]",9,[],0,0,9,0,0
code_n32_k16_cw3_001_q00,code_n32_k16_cw3_001,q00,test,36,1419653272,"[6, 13, 14, 15, 19, 28, 30]",7,[],0,0,7,0,0
code_n32_k16_cw3_001_q00,code_n32_k16_cw3_001,q00,test,37,1420653275,"[5, 8, 9, 10, 12, 17, 23, 30]",8,[],0,0,8,0,0
code_n32_k16_cw3_001_q00,code_n32_k16_cw3_001,q00,test,38,1421653278,"[12, 20, 27]",3,[],0,0,3,0,0
code_n32_k16_cw3_001_q00,code_n32_k16_cw3_001,q00,test,39,1422653281,"[14, 15, 23, 24, 26, 31]",6,[],0,0,6,0,0
code_n32_k16_cw3_001_q00,code_n32_k16_cw3_001,q00,test,40,1423653284,"[2, 3, 4, 8, 10, 25]",6,[],0,0,6,0,0
code_n32_k16_cw3_001_q00,code_n32_k16_cw3_001,q00,test,41,1424653287,"[6, 8, 25, 29, 31]",5,[],0,0,5,0,0
code_n32_k16_cw3_001_q00,code_n32_k16_cw3_001,q00,test,42,1425653290,"[7, 9, 22, 23, 31]",5,[],0,0,5,0,0
code_n32_k16_cw3_001_q00,code_n32_k16_cw3_001,q00,test,43,1426653293,"[4, 16, 17, 21]",4,[],0,0,4,0,0
code_n32_k16_cw3_001_q00,code_n32_k16_cw3_001,q00,test,44,1427653296,"[6, 12, 15, 21, 28]",5,[],0,0,5,0,0
code_n32_k16_cw3_001_q00,code_n32_k16_cw3_001,q00,test,45,1428653299,"[10, 20, 22, 23]",4,[],0,0,4,0,0
code_n32_k16_cw3_001_q00,code_n32_k16_cw3_001,q00,test,46,1429653302,"[7, 15, 16, 17, 24, 25, 30]",7,[],0,0,7,0,0
code_n32_k16_cw3_001_q00,code_n32_k16_cw3_001,q00,test,47,1430653305,"[0, 3, 11, 12, 22, 26]",6,[],0,0,6,0,0
code_n32_k16_cw3_001_q00,code_n32_k16_cw3_001,q00,test,48,1431653308,"[0, 1, 9, 13, 15, 16]",6,[],0,0,6,0,0
code_n32_k16_cw3_001_q00,code_n32_k16_cw3_001,q00,test,49,1432653311,"[4, 13, 15, 19, 20, 31]",6,[],0,0,6,0,0
code_n32_k16_cw3_001_q00,code_n32_k16_cw3_001,q00,test,50,1433653314,"[0, 2, 7, 15, 22, 24, 29]",7,[],0,0,7,0,0
code_n32_k16_cw3_001_q00,code_n32_k16_cw3_001,q00,test,51,1434653317,"[7, 9, 18, 19, 30]",5,[],0,0,5,0,0
code_n32_k16_cw3_001_q00,code_n32_k16_cw3_001,q00,test,52,1435653320,"[1, 2, 7, 21, 26]",5,[],0,0,5,0,0
code_n32_k16_cw3_001_q00,code_n32_k16_cw3_001,q00,test,53,1436653323,"[1, 12, 15, 24, 25, 28]",6,[],0,0,6,0,0
code_n32_k16_cw3_001_q00,code_n32_k16_cw3_001,q00,test,54,1437653326,"[3, 10, 18]",3,[],0,0,3,0,0
code_n32_k16_cw3_001_q00,code_n32_k16_cw3_001,q00,test,55,1438653329,"[0, 13, 14, 16, 18, 20, 24, 27, 30]",9,[],0,0,9,0,0
code_n32_k16_cw3_001_q00,code_n32_k16_cw3_001,q00,test,56,1439653332,"[2, 11, 12, 15, 25, 29]",6,[],0,0,6,0,0
code_n32_k16_cw3_001_q00,code_n32_k16_cw3_001,q00,test,57,1440653335,"[1, 3, 5, 7, 16]",5,[],0,0,5,0,0
code_n32_k16_cw3_001_q00,code_n32_k16_cw3_001,q00,test,58,1441653338,"[2, 4, 17, 20, 28]",5,[],0,0,5,0,0
code_n32_k16_cw3_001_q00,code_n32_k16_cw3_001,q00,test,59,1442653341,"[2, 6, 10, 12, 25, 28]",6,[],0,0,6,0,0
code_n32_k16_cw3_001_q00,code_n32_k16_cw3_001,q00,test,60,1443653344,"[5, 19, 23, 30]",4,[],0,0,4,0,0
code_n32_k16_cw3_001_q00,code_n32_k16_cw3_001,q00,test,61,1444653347,"[1, 7, 11, 24, 27]",5,[],0,0,5,0,0
code_n32_k16_cw3_001_q00,code_n32_k16_cw3_001,q00,test,62,1445653350,"[19, 25]",2,[],0,0,2,0,0
code_n32_k16_cw3_001_q00,code_n32_k16_cw3_001,q00,test,63,1446653353,"[0, 3, 12, 14, 23, 29]",6,[],0,0,6,0,0
code_n32_k16_cw3_001_q01,code_n32_k16_cw3_001,q01,test,0,662273205,"[3, 4, 11, 14, 15, 16, 18, 19, 24, 26, 30]",11,[],0,0,11,0,0
code_n32_k16_cw3_001_q01,code_n32_k16_cw3_001,q01,test,1,663273208,"[2, 4, 8, 9, 19, 21, 26]",7,[],0,0,7,0,0
code_n32_k16_cw3_001_q01,code_n32_k16_cw3_001,q01,test,2,664273211,"[1, 4, 9, 14, 17, 18, 20, 22, 23, 30]",10,"[4, 9, 14, 20, 22, 23, 30]",7,1,10,0,0
code_n32_k16_cw3_001_q01,code_n32_k16_cw3_001,q01,test,3,665273214,"[5, 6, 13, 26, 27, 29, 30]",7,[],0,0,7,0,0
code_n32_k16_cw3_001_q01,code_n32_k16_cw3_001,q01,test,4,666273217,"[1, 4, 6, 7, 26]",5,[],0,0,5,0,0
code_n32_k16_cw3_001_q01,code_n32_k16_cw3_001,q01,test,5,667273220,"[8, 17, 24, 26, 31]",5,[],0,0,5,0,0
code_n32_k16_cw3_001_q01,code_n32_k16_cw3_001,q01,test,6,668273223,"[1, 9, 10, 11, 15, 22, 27, 31]",8,[],0,0,8,0,0
code_n32_k16_cw3_001_q01,code_n32_k16_cw3_001,q01,test,7,669273226,"[3, 4, 5, 14, 19, 21, 22, 26, 27, 29, 31]",11,[],0,0,11,0,0
code_n32_k16_cw3_001_q01,code_n32_k16_cw3_001,q01,test,8,670273229,"[4, 6, 9, 10, 11, 20, 22, 23, 25, 26, 29, 31]",12,[],0,0,12,0,0
code_n32_k16_cw3_001_q01,code_n32_k16_cw3_001,q01,test,9,671273232,"[3, 6, 12, 17, 25]",5,"[3, 17]",2,1,4,1,1
code_n32_k16_cw3_001_q01,code_n32_k16_cw3_001,q01,test,10,672273235,"[0, 1, 3, 5, 13, 15, 16, 27, 30]",9,[],0,0,9,0,0
code_n32_k16_cw3_001_q01,code_n32_k16_cw3_001,q01,test,11,673273238,"[0, 3, 5, 17, 22, 24, 26, 28, 31]",9,"[3, 17]",2,1,8,1,1
code_n32_k16_cw3_001_q01,code_n32_k16_cw3_001,q01,test,12,674273241,"[1, 12, 16, 26, 29, 30]",6,[],0,0,6,0,0
code_n32_k16_cw3_001_q01,code_n32_k16_cw3_001,q01,test,13,675273244,"[4, 7, 8, 9, 16, 24, 26, 27, 29, 31]",10,"[8, 16, 24, 26, 27, 29]",6,1,10,0,0
code_n32_k16_cw3_001_q01,code_n32_k16_cw3_001,q01,test,14,676273247,"[2, 11, 12, 23, 25, 26, 27, 28, 29, 30, 31]",11,[],0,0,11,0,0
code_n32_k16_cw3_001_q01,code_n32_k16_cw3_001,q01,test,15,677273250,"[9, 17, 20]",3,[],0,0,3,0,0
code_n32_k16_cw3_001_q01,code_n32_k16_cw3_001,q01,test,16,678273253,"[0, 5, 8, 12, 15, 26, 29]",7,[],0,0,7,0,0
code_n32_k16_cw3_001_q01,code_n32_k16_cw3_001,q01,test,17,679273256,"[0, 2, 9, 11, 14, 20, 24, 30]",8,[],0,0,8,0,0
code_n32_k16_cw3_001_q01,code_n32_k16_cw3_001,q01,test,18,680273259,"[4, 6, 9, 14, 16, 17, 18, 20, 23, 27, 28]",11,[],0,0,11,0,0
code_n32_k16_cw3_001_q01,code_n32_k16_cw3_001,q01,test,19,681273262,"[3, 11, 12, 13, 22, 23, 31]",7,[],0,0,7,0,0
code_n32_k16_cw3_001_q01,code_n32_k16_cw3_001,q01,test,20,682273265,"[2, 3, 9, 11, 16, 17, 20, 21, 22, 27, 29]",11,"[3, 11, 16, 17, 21, 29]",6,1,10,1,1
code_n32_k16_cw3_001_q01,code_n32_k16_cw3_001,q01,test,21,683273268,"[6, 9, 10, 11, 13, 23, 26]",7,[],0,0,7,0,0
code_n32_k16_cw3_001_q01,code_n32_k16_cw3_001,q01,test,22,684273271,"[1, 4, 5, 7, 19]",5,[],0,0,5,0,0
code_n32_k16_cw3_001_q01,code_n32_k16_cw3_001,q01,test,23,685273274,"[1, 5, 7, 16, 18, 19, 20, 22, 28]",9,[],0,0,9,0,0
code_n32_k16_cw3_001_q01,code_n32_k16_cw3_001,q01,test,24,686273277,"[2, 3, 4, 7, 14, 16, 22, 26]",8,[],0,0,8,0,0
code_n32_k16_cw3_001_q01,code_n32_k16_cw3_001,q01,test,25,687273280,"[2, 3, 7, 9, 11, 16, 21, 24, 26, 31]",10,[],0,0,10,0,0
code_n32_k16_cw3_001_q01,code_n32_k16_cw3_001,q01,test,26,688273283,"[0, 2, 9, 13, 15, 20, 23, 24, 26]",9,"[2, 9, 13, 20, 23]",5,1,9,0,0
code_n32_k16_cw3_001_q01,code_n32_k16_cw3_001,q01,test,27,689273286,"[0, 3, 4, 10, 19]",5,[],0,0,5,0,0
code_n32_k16_cw3_001_q01,code_n32_k16_cw3_001,q01,test,28,690273289,"[1, 2, 5, 7, 11, 13, 14, 24, 29]",9,[],0,0,9,0,0
code_n32_k16_cw3_001_q01,code_n32_k16_cw3_001,q01,test,29,691273292,"[0, 3, 4, 8, 9, 15, 30]",7,[],0,0,7,0,0
code_n32_k16_cw3_001_q01,code_n32_k16_cw3_001,q01,test,30,692273295,"[1, 4, 6, 7, 12, 24, 25, 28, 31]",9,[],0,0,9,0,0
code_n32_k16_cw3_001_q01,code_n32_k16_cw3_001,q01,test,31,693273298,"[2, 4, 7, 24, 25, 31]",6,[],0,0,6,0,0
code_n32_k16_cw3_001_q01,code_n32_k16_cw3_001,q01,test,32,694273301,"[1, 4, 10, 13, 15, 16, 20, 28, 31]",9,[],0,0,9,0,0
code_n32_k16_cw3_001_q01,code_n32_k16_cw3_001,q01,test,33,695273304,"[1, 8, 9, 14, 24]",5,[],0,0,5,0,0
code_n32_k16_cw3_001_q01,code_n32_k16_cw3_001,q01,test,34,696273307,"[2, 5, 7, 8, 19, 20, 22, 27, 29]",9,[],0,0,9,0,0
code_n32_k16_cw3_001_q01,code_n32_k16_cw3_001,q01,test,35,697273310,"[0, 3, 5, 9, 15, 16, 17, 18, 21, 24, 25]",11,"[3, 15, 17, 18, 21, 25]",6,1,10,1,1
code_n32_k16_cw3_001_q01,code_n32_k16_cw3_001,q01,test,36,698273313,"[0, 1, 13, 15, 28]",5,[],0,0,5,0,0
code_n32_k16_cw3_001_q01,code_n32_k16_cw3_001,q01,test,37,699273316,"[2, 3, 17, 19, 23]",5,"[3, 17]",2,1,4,1,1
code_n32_k16_cw3_001_q01,code_n32_k16_cw3_001,q01,test,38,700273319,"[6, 14, 18, 20, 24, 29, 31]",7,[],0,0,7,0,0
code_n32_k16_cw3_001_q01,code_n32_k16_cw3_001,q01,test,39,701273322,"[0, 3, 5, 9, 15, 16, 19, 25, 29, 30]",10,[],0,0,10,0,0
code_n32_k16_cw3_001_q01,code_n32_k16_cw3_001,q01,test,40,702273325,"[0, 3, 9, 11, 14, 18, 21, 25, 29]",9,[],0,0,9,0,0
code_n32_k16_cw3_001_q01,code_n32_k16_cw3_001,q01,test,41,703273328,"[1, 6, 15, 18, 27, 29]",6,[],0,0,6,0,0
code_n32_k16_cw3_001_q01,code_n32_k16_cw3_001,q01,test,42,704273331,"[1, 2, 7, 8, 11, 13, 21, 23, 25, 27, 30]",11,[],0,0,11,0,0
code_n32_k16_cw3_001_q01,code_n32_k16_cw3_001,q01,test,43,705273334,"[9, 10, 12, 17, 19, 20, 22, 23, 25, 28, 29, 30]",12,"[9, 12, 17, 19, 25, 29, 30]",7,1,11,1,1
code_n32_k16_cw3_001_q01,code_n32_k16_cw3_001,q01,test,44,706273337,"[0, 3, 8, 14, 22, 24, 27, 30, 31]",9,[],0,0,9,0,0
code_n32_k16_cw3_001_q01,code_n32_k16_cw3_001,q01,test,45,707273340,"[1, 5, 6, 8, 9, 15, 17, 25]",8,[],0,0,8,0,0
code_n32_k16_cw3_001_q01,code_n32_k16_cw3_001,q01,test,46,708273343,"[4, 7, 8, 10, 26]",5,[],0,0,5,0,0
code_n32_k16_cw3_001_q01,code_n32_k16_cw3_001,q01,test,47,709273346,"[3, 9, 12, 20, 21, 27, 28, 30]",8,"[3, 9, 21, 30]",4,1,7,1,1
code_n32_k16_cw3_001_q01,code_n32_k16_cw3_001,q01,test,48,710273349,"[1, 5, 7, 9, 16, 18]",6,[],0,0,6,0,0
code_n32_k16_cw3_001_q01,code_n32_k16_cw3_001,q01,test,49,711273352,"[6, 8, 10, 12, 13, 14, 18, 19, 25]",9,[],0,0,9,0,0
code_n32_k16_cw3_001_q01,code_n32_k16_cw3_001,q01,test,50,712273355,"[2, 7, 8, 11, 17, 21, 26, 27, 29]",9,"[8, 11, 21, 29]",4,1,8,1,1
code_n32_k16_cw3_001_q01,code_n32_k16_cw3_001,q01,test,51,713273358,"[6, 13, 16, 21, 23, 24]",6,[],0,0,6,0,0
code_n32_k16_cw3_001_q01,code_n32_k16_cw3_001,q01,test,52,714273361,"[11, 12, 18, 19, 21, 24, 25]",7,[],0,0,7,0,0
code_n32_k16_cw3_001_q01,code_n32_k16_cw3_001,q01,test,53,715273364,"[3, 5, 9, 16, 17, 18, 20, 25]",8,"[3, 17]",2,1,7,1,1
code_n32_k16_cw3_001_q01,code_n32_k16_cw3_001,q01,test,54,716273367,"[0, 2, 6, 19, 20, 21, 23, 25, 31]",9,[],0,0,9,0,0
code_n32_k16_cw3_001_q01,code_n32_k16_cw3_001,q01,test,55,717273370,"[4, 6, 7, 9, 17, 30]",6,[],0,0,6,0,0
code_n32_k16_cw3_001_q01,code_n32_k16_cw3_001,q01,test,56,718273373,"[0, 8, 9, 10, 13, 22, 24, 28, 31]",9,[],0,0,9,0,0
code_n32_k16_cw3_001_q01,code_n32_k16_cw3_001,q01,test,57,719273376,"[1, 2, 10, 13, 22, 23, 27, 29, 31]",9,[],0,0,9,0,0
code_n32_k16_cw3_001_q01,code_n32_k16_cw3_001,q01,test,58,720273379,"[2, 15, 16, 17, 24]",5,[],0,0,5,0,0
code_n32_k16_cw3_001_q01,code_n32_k16_cw3_001,q01,test,59,721273382,"[4, 19, 28]",3,[],0,0,3,0,0
code_n32_k16_cw3_001_q01,code_n32_k16_cw3_001,q01,test,60,722273385,"[3, 7, 13, 18, 25, 28]",6,[],0,0,6,0,0
code_n32_k16_cw3_001_q01,code_n32_k16_cw3_001,q01,test,61,723273388,"[6, 21, 29]",3,[],0,0,3,0,0
code_n32_k16_cw3_001_q01,code_n32_k16_cw3_001,q01,test,62,724273391,"[0, 2, 3, 13, 19, 24, 25, 26, 28]",9,[],0,0,9,0,0
code_n32_k16_cw3_001_q01,code_n32_k16_cw3_001,q01,test,63,725273394,"[1, 12, 22, 23, 27, 28]",6,[],0,0,6,0,0
code_n32_k16_cw3_001_q02,code_n32_k16_cw3_001,q02,test,0,4235860542,"[0, 1, 4, 5, 7, 9, 10, 11, 13, 14, 17, 18, 21, 24, 26, 28, 31]",17,"[0, 1, 4, 5, 9, 10, 13, 14, 17, 18, 21, 24, 26, 28, 31]",15,1,16,1,1
code_n32_k16_cw3_001_q02,code_n32_k16_cw3_001,q02,test,1,4236860545,"[0, 1, 11, 12, 16, 27, 28, 30, 31]",9,[],0,0,9,0,0
code_n32_k16_cw3_001_q02,code_n32_k16_cw3_001,q02,test,2,4237860548,"[9, 10, 11, 13, 15, 17, 22, 25, 27, 29]",10,[],0,0,10,0,0
code_n32_k16_cw3_001_q02,code_n32_k16_cw3_001,q02,test,3,4238860551,"[15, 22, 23, 26, 27, 28, 29]",7,[],0,0,7,0,0
code_n32_k16_cw3_001_q02,code_n32_k16_cw3_001,q02,test,4,4239860554,"[5, 7, 10, 17, 21, 24, 25, 30, 31]",9,[],0,0,9,0,0
code_n32_k16_cw3_001_q02,code_n32_k16_cw3_001,q02,test,5,4240860557,"[0, 1, 2, 7, 11, 22, 25, 30]",8,[],0,0,8,0,0
code_n32_k16_cw3_001_q02,code_n32_k16_cw3_001,q02,test,6,4241860560,"[1, 2, 5, 7, 17, 20, 21, 22, 23, 29]",10,[],0,0,10,0,0
code_n32_k16_cw3_001_q02,code_n32_k16_cw3_001,q02,test,7,4242860563,"[1, 2, 6, 8, 13, 15, 16, 21, 24, 28, 30, 31]",12,[],0,0,12,0,0
code_n32_k16_cw3_001_q02,code_n32_k16_cw3_001,q02,test,8,4243860566,"[2, 3, 4, 6, 12, 14, 15, 16, 17, 19, 25, 28]",12,"[3, 17]",2,1,11,1,1
code_n32_k16_cw3_001_q02,code_n32_k16_cw3_001,q02,test,9,4244860569,"[0, 6, 9, 10, 12, 13, 18, 25, 28, 31]",10,[],0,0,10,0,0
code_n32_k16_cw3_001_q02,code_n32_k16_cw3_001,q02,test,10,4245860572,"[0, 6, 7, 9, 12, 17, 19, 21, 26, 28, 31]",11,[],0,0,11,0,0
code_n32_k16_cw3_001_q02,code_n32_k16_cw3_001,q02,test,11,4246860575,"[1, 3, 12, 13, 23, 26]",6,[],0,0,6,0,0
code_n32_k16_cw3_001_q02,code_n32_k16_cw3_001,q02,test,12,4247860578,"[0, 4, 13, 18, 20, 22, 25, 28, 29]",9,[],0,0,9,0,0
code_n32_k16_cw3_001_q02,code_n32_k16_cw3_001,q02,test,13,4248860581,"[0, 7, 11, 12, 13, 14, 16, 17, 22, 23, 24, 28, 29, 30]",14,"[0, 7, 11, 12, 13, 14, 16, 17, 22, 23, 24, 28, 29]",13,1,14,0,0
code_n32_k16_cw3_001_q02,code_n32_k16_cw3_001,q02,test,14,4249860584,"[2, 3, 6, 7, 8, 14, 15, 17, 28, 30, 31]",11,"[2, 3, 6, 8, 14, 17, 28, 30]",8,1,10,1,1
code_n32_k16_cw3_001_q02,code_n32_k16_cw3_001,q02,test,15,4250860587,"[11, 13, 21, 23, 24, 26, 28, 30, 31]",9,[],0,0,9,0,0
code_n32_k16_cw3_001_q02,code_n32_k16_cw3_001,q02,test,16,4251860590,"[0, 1, 10, 13, 16, 17, 23, 25, 27, 30]",10,[],0,0,10,0,0
code_n32_k16_cw3_001_q02,code_n32_k16_cw3_001,q02,test,17,4252860593,"[5, 6, 11, 21, 22, 28, 30, 31]",8,[],0,0,8,0,0
code_n32_k16_cw3_001_q02,code_n32_k16_cw3_001,q02,test,18,4253860596,"[1, 2, 5, 15, 20, 21, 30, 31]",8,[],0,0,8,0,0
code_n32_k16_cw3_001_q02,code_n32_k16_cw3_001,q02,test,19,4254860599,"[0, 3, 5, 6, 10, 12, 13, 14, 18, 19, 20, 23, 24, 26, 29, 31]",16,"[0, 3, 5, 6, 10, 12, 13, 14, 18, 19, 20, 23, 24, 29, 31]",15,1,15,1,1
code_n32_k16_cw3_001_q02,code_n32_k16_cw3_001,q02,test,20,4255860602,"[3, 4, 6, 8, 11, 13, 14, 18, 21, 22, 24, 27, 28, 30]",14,"[3, 4, 6, 8, 13, 18, 21, 22, 24, 27, 28, 30]",12,1,14,0,0
code_n32_k16_cw3_001_q02,code_n32_k16_cw3_001,q02,test,21,4256860605,"[4, 5, 8, 10, 13, 15, 16, 20, 28]",9,[],0,0,9,0,0
code_n32_k16_cw3_001_q02,code_n32_k16_cw3_001,q02,test,22,4257860608,"[1, 3, 11, 16, 21, 25, 31]",7,[],0,0,7,0,0
code_n32_k16_cw3_001_q02,code_n32_k16_cw3_001,q02,test,23,4258860611,"[0, 7, 9, 12, 14, 22, 25, 27, 28, 29, 31]",11,[],0,0,11,0,0
code_n32_k16_cw3_001_q02,code_n32_k16_cw3_001,q02,test,24,4259860614,"[2, 3, 5, 6, 9, 10, 12, 27, 31]",9,[],0,0,9,0,0
code_n32_k16_cw3_001_q02,code_n32_k16_cw3_001,q02,test,25,4260860617,"[1, 3, 12, 20, 21, 29, 30]",7,[],0,0,7,0,0
code_n32_k16_cw3_001_q02,code_n32_k16_cw3_001,q02,test,26,4261860620,"[1, 2, 9, 11, 15, 16, 18, 19, 24, 25, 27, 30]",12,"[1, 9, 11, 15, 16, 18, 19, 24, 25, 30]",10,1,12,0,0
code_n32_k16_cw3_001_q02,code_n32_k16_cw3_001,q02,test,27,4262860623,"[14, 15, 16, 22, 25, 29]",6,[],0,0,6,0,0
code_n32_k16_cw3_001_q02,code_n32_k16_cw3_001,q02,test,28,4263860626,"[0, 3, 5, 8, 12, 13, 14, 19, 22, 23, 24, 26, 29, 30, 31]",15,"[0, 3, 5, 8, 12, 13, 14, 19, 22, 24, 26, 29, 31]",13,1,15,0,0
code_n32_k16_cw3_001_q02,code_n32_k16_cw3_001,q02,test,29,4264860629,"[2, 3, 4, 5, 8, 12, 16, 17, 23, 25, 29, 31]",12,"[3, 8, 12, 16, 17, 25]",6,1,11,1,1
code_n32_k16_cw3_001_q02,code_n32_k16_cw3_001,q02,test,30,4265860632,"[0, 1, 3, 6, 12, 13, 16, 18, 21, 24, 27, 28, 29, 30]",14,"[0, 1, 3, 12, 13, 16, 18, 21, 24, 27, 28, 29]",12,1,14,0,0
code_n32_k16_cw3_001_q02,code_n32_k16_cw3_001,q02,test,31,4266860635,"[1, 7, 8, 11, 15, 16, 17, 20, 21, 22, 23, 24, 27, 31]",14,"[1, 7, 8, 11, 15, 16, 17, 20, 24, 31]",10,1,13,1,1
code_n32_k16_cw3_001_q02,code_n32_k16_cw3_001,q02,test,32,4267860638,"[10, 13, 14, 16, 17, 22, 23, 24, 25, 26]",10,[],0,0,10,0,0
code_n32_k16_cw3_001_q02,code_n32_k16_cw3_001,q02,test,33,4268860641,"[1, 4, 8, 9, 15, 17, 25, 29, 30, 31]",10,[],0,0,10,0,0
code_n32_k16_cw3_001_q02,code_n32_k16_cw3_001,q02,test,34,4269860644,"[0, 1, 3, 7, 8, 13, 15, 16, 23, 27, 28, 29, 31]",13,"[0, 1, 3, 8, 15, 16, 27, 28, 29, 31]",10,1,12,1,1
code_n32_k16_cw3_001_q02,code_n32_k16_cw3_001,q02,test,35,4270860647,"[1, 8, 9, 10, 13, 14, 16, 20, 24, 25, 30]",11,[],0,0,11,0,0
code_n32_k16_cw3_001_q02,code_n32_k16_cw3_001,q02,test,36,4271860650,"[0, 4, 8, 9, 12, 13, 15, 19, 27, 30, 31]",11,[],0,0,11,0,0
code_n32_k16_cw3_001_q02,code_n32_k16_cw3_001,q02,test,37,4272860653,"[3, 5, 6, 9, 14, 16, 20, 23, 28, 31]",10,[],0,0,10,0,0
code_n32_k16_cw3_001_q02,code_n32_k16_cw3_001,q02,test,38,4273860656,"[9, 15, 17, 18, 21, 22, 28, 30, 31]",9,"[9, 17, 21, 30]",4,1,8,1,1
code_n32_k16_cw3_001_q02,code_n32_k16_cw3_001,q02,test,39,4274860659,"[1, 2, 8, 11, 12, 18, 22]",7,[],0,0,7,0,0
code_n32_k16_cw3_001_q02,code_n32_k16_cw3_001,q02,test,40,4275860662,"[0, 2, 4, 5, 6, 10, 14, 16, 22, 24, 25, 29, 30]",13,"[0, 2, 4, 5, 6, 10, 14, 22, 24, 25, 30]",11,1,13,0,0
code_n32_k16_cw3_001_q02,code_n32_k16_cw3_001,q02,test,41,4276860665,"[2, 4, 6, 8, 12, 22, 24, 26, 27]",9,[],0,0,9,0,0
code_n32_k16_cw3_001_q02,code_n32_k16_cw3_001,q02,test,42,4277860668,"[5, 9, 11, 12, 16, 21, 23, 25, 29, 31]",10,"[11, 12, 16, 21, 25, 29]",6,1,9,1,1
code_n32_k16_cw3_001_q02,code_n32_k16_cw3_001,q02,test,43,4278860671,"[2, 3, 4, 25, 27, 31]",6,[],0,0,6,0,0
code_n32_k16_cw3_001_q02,code_n32_k16_cw3_001,q02,test,44,4279860674,"[2, 7, 8, 9, 14, 18, 19, 24, 26]",9,[],0,0,9,0,0
code_n32_k16_cw3_001_q02,code_n32_k16_cw3_001,q02,test,45,4280860677,"[0, 3, 4, 6, 7, 12, 21, 23, 24, 28, 29]",11,[],0,0,11,0,0
code_n32_k16_cw3_001_q02,code_n32_k16_cw3_001,q02,test,46,4281860680,"[0, 1, 2, 5, 7, 12, 15, 23, 25, 26, 27]",11,[],0,0,11,0,0
code_n32_k16_cw3_001_q02,code_n32_k16_cw3_001,q02,test,47,4282860683,"[1, 3, 6, 8, 9, 10, 13, 16, 17, 20, 26, 31]",12,"[3, 17]",2,1,11,1,1
code_n32_k16_cw3_001_q02,code_n32_k16_cw3_001,q02,test,48,4283860686,"[1, 2, 3, 4, 11, 13, 14, 20, 21, 28]",10,[],0,0,10,0,0
code_n32_k16_cw3_001_q02,code_n32_k16_cw3_001,q02,test,49,4284860689,"[0, 2, 4, 8, 16, 19, 23, 25]",8,[],0,0,8,0,0
code_n32_k16_cw3_001_q02,code_n32_k16_cw3_001,q02,test,50,4285860692,"[1, 2, 9, 12, 15, 16, 27, 28, 29, 31]",10,[],0,0,10,0,0
code_n32_k16_cw3_001_q02,code_n32_k16_cw3_001,q02,test,51,4286860695,"[1, 2, 3, 11, 17, 18, 19, 21, 23, 24, 28, 29, 31]",13,"[3, 17]",2,1,12,1,1
code_n32_k16_cw3_001_q02,code_n32_k16_cw3_001,q02,test,52,4287860698,"[1, 3, 9, 19, 23, 27, 29]",7,[],0,0,7,0,0
code_n32_k16_cw3_001_q02,code_n32_k16_cw3_001,q02,test,53,4288860701,"[0, 2, 5, 6, 7, 8, 13, 15, 24, 27, 28]",11,[],0,0,11,0,0
code_n32_k16_cw3_001_q02,code_n32_k16_cw3_001,q02,test,54,4289860704,"[6, 7, 9, 10, 13, 14, 15, 18, 21, 26, 30]",11,[],0,0,11,0,0
code_n32_k16_cw3_001_q02,code_n32_k16_cw3_001,q02,test,55,4290860707,"[2, 3, 5, 7, 11, 13, 15, 17, 19, 20, 21, 23, 26, 30]",14,"[2, 3, 5, 7, 13, 17, 20, 21, 23, 30]",10,1,13,1,1
code_n32_k16_cw3_001_q02,code_n32_k16_cw3_001,q02,test,56,4291860710,"[2, 4, 5, 7, 8, 9, 10, 12, 13, 19, 22, 27, 29]",13,[],0,0,13,0,0
code_n32_k16_cw3_001_q02,code_n32_k16_cw3_001,q02,test,57,4292860713,"[6, 10, 15, 18, 19, 20, 21, 23, 24, 26, 27, 31]",12,[],0,0,12,0,0
code_n32_k16_cw3_001_q02,code_n32_k16_cw3_001,q02,test,58,4293860716,"[1, 2, 7, 11, 12, 18, 22, 28]",8,[],0,0,8,0,0
code_n32_k16_cw3_001_q02,code_n32_k16_cw3_001,q02,test,59,4294860719,"[0, 5, 7, 11, 12, 14, 17, 24, 28]",9,[],0,0,9,0,0
code_n32_k16_cw3_001_q02,code_n32_k16_cw3_001,q02,test,60,893426,"[2, 10, 13, 14, 15, 17, 19, 26, 30, 31]",10,[],0,0,10,0,0
code_n32_k16_cw3_001_q02,code_n32_k16_cw3_001,q02,test,61,1893429,"[10, 11, 14, 18, 22, 23, 25]",7,[],0,0,7,0,0
code_n32_k16_cw3_001_q02,code_n32_k16_cw3_001,q02,test,62,2893432,"[0, 1, 4, 5, 8, 9, 14, 17, 19, 22, 24, 25, 27, 29, 31]",15,"[0, 1, 4, 5, 8, 9, 14, 17, 19, 22, 24, 27, 29, 31]",14,1,14,1,1
code_n32_k16_cw3_001_q02,code_n32_k16_cw3_001,q02,test,63,3893435,"[1, 2, 8, 21, 22, 26, 27, 31]",8,[],0,0,8,0,0
code_n32_k16_cw3_001_q03,code_n32_k16_cw3_001,q03,test,0,3514480583,"[0, 2, 10, 11, 12, 14, 17, 19, 20, 21, 26, 29, 31]",13,[],0,0,13,0,0
code_n32_k16_cw3_001_q03,code_n32_k16_cw3_001,q03,test,1,3515480586,"[0, 2, 4, 5, 10, 11, 13, 16, 20, 23, 30, 31]",12,[],0,0,12,0,0
code_n32_k16_cw3_001_q03,code_n32_k16_cw3_001,q03,test,2,3516480589,"[0, 3, 4, 7, 8, 12, 14, 17, 19, 20, 22, 23, 25, 26, 30]",15,"[0, 3, 4, 8, 12, 14, 17, 19, 20, 22, 23, 25, 26, 30]",14,1,14,1,1
code_n32_k16_cw3_001_q03,code_n32_k16_cw3_001,q03,test,3,3517480592,"[0, 6, 7, 9, 20, 22, 23, 25, 27, 29, 30]",11,[],0,0,11,0,0
code_n32_k16_cw3_001_q03,code_n32_k16_cw3_001,q03,test,4,3518480595,"[5, 6, 14, 19, 21, 24, 26, 27, 31]",9,[],0,0,9,0,0
code_n32_k16_cw3_001_q03,code_n32_k16_cw3_001,q03,test,5,3519480598,"[0, 4, 15, 16, 20, 23, 25, 27, 28]",9,[],0,0,9,0,0
code_n32_k16_cw3_001_q03,code_n32_k16_cw3_001,q03,test,6,3520480601,"[6, 8, 12, 13, 17, 19, 23, 25]",8,[],0,0,8,0,0
code_n32_k16_cw3_001_q03,code_n32_k16_cw3_001,q03,test,7,3521480604,"[0, 4, 7, 8, 11, 14, 15, 19, 20, 22, 26, 28, 29, 30]",14,"[0, 4, 7, 8, 11, 15, 19, 20, 22, 26, 28, 29, 30]",13,1,14,0,0
code_n32_k16_cw3_001_q03,code_n32_k16_cw3_001,q03,test,8,3522480607,"[2, 5, 8, 16, 20, 23, 25, 27, 28, 31]",10,[],0,0,10,0,0
code_n32_k16_cw3_001_q03,code_n32_k16_cw3_001,q03,test,9,3523480610,"[1, 5, 8, 9, 11, 12, 15, 17, 18, 25, 30]",11,"[8, 9, 11, 12, 15, 17, 18, 25, 30]",9,1,10,1,1
code_n32_k16_cw3_001_q03,code_n32_k16_cw3_001,q03,test,10,3524480613,"[6, 8, 10, 12, 13, 14, 18, 19, 21, 23, 26, 31]",12,[],0,0,12,0,0
code_n32_k16_cw3_001_q03,code_n32_k16_cw3_001,q03,test,11,3525480616,"[1, 3, 5, 8, 9, 16, 20, 21, 23, 25, 26, 29, 30]",13,"[3, 8, 9, 16, 21, 29, 30]",7,1,12,1,1
code_n32_k16_cw3_001_q03,code_n32_k16_cw3_001,q03,test,12,3526480619,"[0, 1, 3, 4, 5, 11, 12, 15, 23, 24, 26, 27, 30, 31]",14,[],0,0,14,0,0
code_n32_k16_cw3_001_q03,code_n32_k16_cw3_001,q03,test,13,3527480622,"[1, 2, 7, 10, 13, 15, 19, 23]",8,[],0,0,8,0,0
code_n32_k16_cw3_001_q03,code_n32_k16_cw3_001,q03,test,14,3528480625,"[1, 9, 13, 14, 18, 20, 21, 22, 23, 24, 28]",11,"[13, 14, 18, 20, 22, 23, 24]",7,1,11,0,0
code_n32_k16_cw3_001_q03,code_n32_k16_cw3_001,q03,test,15,3529480628,"[6, 11, 21, 22, 23, 26, 27, 28, 29]",9,[],0,0,9,0,0
code_n32_k16_cw3_001_q03,code_n32_k16_cw3_001,q03,test,16,3530480631,"[3, 4, 10, 15, 17, 18, 23, 26]",8,"[3, 17]",2,1,7,1,1
code_n32_k16_cw3_001_q03,code_n32_k16_cw3_001,q03,test,17,3531480634,"[0, 2, 4, 6, 7, 15, 16, 18, 26, 27, 29, 31]",12,[],0,0,12,0,0
code_n32_k16_cw3_001_q03,code_n32_k16_cw3_001,q03,test,18,3532480637,"[0, 2, 3, 4, 5, 7, 14, 17, 19, 21, 24, 31]",12,"[3, 17]",2,1,11,1,1
code_n32_k16_cw3_001_q03,code_n32_k16_cw3_001,q03,test,19,3533480640,"[0, 1, 7, 9, 10, 18, 20, 22, 24, 25, 26]",11,[],0,0,11,0,0
code_n32_k16_cw3_001_q03,code_n32_k16_cw3_001,q03,test,20,3534480643,"[0, 1, 6, 8, 13, 15, 17, 19, 21, 22, 23, 26, 27]",13,"[0, 1, 6, 8, 13, 15, 17, 21, 22, 26, 27]",11,1,12,1,1
code_n32_k16_cw3_001_q03,code_n32_k16_cw3_001,q03,test,21,3535480646,"[3, 4, 5, 6, 15, 17, 18, 20, 25, 26, 27, 29, 30, 31]",14,"[3, 4, 6, 15, 17, 18, 25, 27, 30, 31]",10,1,12,2,1
code_n32_k16_cw3_001_q03,code_n32_k16_cw3_001,q03,test,22,3536480649,"[1, 2, 4, 5, 6, 13, 19, 21, 26, 29]",10,[],0,0,10,0,0
code_n32_k16_cw3_001_q03,code_n32_k16_cw3_001,q03,test,23,3537480652,"[0, 1, 3, 5, 7, 8, 9, 10, 11, 12, 13, 14, 19, 22, 24, 25, 26, 27]",18,"[0, 1, 3, 5, 8, 10, 11, 12, 13, 14, 19, 22, 24, 25, 26, 27]",16,1,16,2,1
code_n32_k16_cw3_001_q03,code_n32_k16_cw3_001,q03,test,24,3538480655,"[1, 4, 6, 7, 12, 17, 24, 26, 27, 29]",10,[],0,0,10,0,0
code_n32_k16_cw3_001_q03,code_n32_k16_cw3_001,q03,test,25,3539480658,"[1, 3, 5, 8, 15, 16, 18, 19, 22, 24, 25]",11,[],0,0,11,0,0
code_n32_k16_cw3_001_q03,code_n32_k16_cw3_001,q03,test,26,3540480661,"[1, 5, 8, 11, 12, 14, 17, 27, 28, 30, 31]",11,[],0,0,11,0,0
code_n32_k16_cw3_001_q03,code_n32_k16_cw3_001,q03,test,27,3541480664,"[3, 4, 5, 6, 10, 17, 20, 22, 23, 24, 27, 29]",12,"[3, 5, 10, 17, 20, 23, 24]",7,1,11,1,1
code_n32_k16_cw3_001_q03,code_n32_k16_cw3_001,q03,test,28,3542480667,"[4, 5, 10, 11, 12, 21, 24, 25, 29, 30, 31]",11,"[5, 10, 12, 21, 24, 25, 29, 31]",8,1,10,1,1
code_n32_k16_cw3_001_q03,code_n32_k16_cw3_001,q03,test,29,3543480670,"[0, 3, 5, 7, 10, 11, 14, 18, 20, 22, 23, 24, 26, 27]",14,"[5, 7, 10, 23, 24]",5,1,13,1,1
code_n32_k16_cw3_001_q03,code_n32_k16_cw3_001,q03,test,30,3544480673,"[1, 2, 8, 11, 16, 20, 21, 29]",8,"[8, 11, 16, 21, 29]",5,1,7,1,1
code_n32_k16_cw3_001_q03,code_n32_k16_cw3_001,q03,test,31,3545480676,"[0, 2, 5, 8, 21, 23, 27, 28, 30]",9,[],0,0,9,0,0
code_n32_k16_cw3_001_q03,code_n32_k16_cw3_001,q03,test,32,3546480679,"[3, 8, 11, 12, 13, 14, 15, 17, 18, 25, 26, 31]",12,"[3, 8, 11, 12, 13, 17, 25]",7,1,10,2,1
code_n32_k16_cw3_001_q03,code_n32_k16_cw3_001,q03,test,33,3547480682,"[0, 3, 4, 5, 9, 10, 14, 17, 20, 28]",10,"[3, 17]",2,1,9,1,1
code_n32_k16_cw3_001_q03,code_n32_k16_cw3_001,q03,test,34,3548480685,"[1, 2, 3, 5, 7, 9, 18, 24, 31]",9,[],0,0,9,0,0
code_n32_k16_cw3_001_q03,code_n32_k16_cw3_001,q03,test,35,3549480688,"[1, 2, 7, 11, 13, 17, 18, 19, 22, 24, 26, 29, 30, 31]",14,"[1, 11, 13, 18, 19, 24, 29]",7,1,13,1,1
code_n32_k16_cw3_001_q03,code_n32_k16_cw3_001,q03,test,36,3550480691,"[1, 3, 4, 9, 11, 12, 13, 16, 19, 24, 26, 29, 31]",13,"[1, 11, 12, 13, 16, 19, 24, 31]",8,1,13,0,0
code_n32_k16_cw3_001_q03,code_n32_k16_cw3_001,q03,test,37,3551480694,"[3, 7, 10, 13, 20, 21, 23, 27, 28, 30]",10,[],0,0,10,0,0
code_n32_k16_cw3_001_q03,code_n32_k16_cw3_001,q03,test,38,3552480697,"[0, 2, 6, 8, 12, 14, 18, 20, 21, 22, 23, 24, 25, 31]",14,"[0, 6, 22, 24, 25, 31]",6,1,14,0,0
code_n32_k16_cw3_001_q03,code_n32_k16_cw3_001,q03,test,39,3553480700,"[0, 3, 5, 8, 9, 11, 13, 14, 16, 18, 19, 22, 23, 24, 26, 28, 29]",17,"[3, 5, 8, 11, 13, 14, 16, 18, 19, 22, 24, 26, 28, 29]",14,1,16,1,1
code_n32_k16_cw3_001_q03,code_n32_k16_cw3_001,q03,test,40,3554480703,"[0, 2, 3, 5, 6, 7, 10, 13, 14, 16, 22, 23, 24, 25, 26]",15,"[0, 5, 6, 7, 10, 22, 23, 24, 25]",9,1,14,1,1
code_n32_k16_cw3_001_q03,code_n32_k16_cw3_001,q03,test,41,3555480706,"[1, 3, 7, 10, 11, 15, 18, 20, 21, 22, 25, 29]",12,"[3, 7, 15, 18, 20, 21, 25]",7,1,12,0,0
code_n32_k16_cw3_001_q03,code_n32_k16_cw3_001,q03,test,42,3556480709,"[3, 8, 10, 11, 18, 20, 21, 24, 25, 29, 30]",11,"[8, 11, 21, 29]",4,1,10,1,1
code_n32_k16_cw3_001_q03,code_n32_k16_cw3_001,q03,test,43,3557480712,"[3, 8, 9, 10, 18, 24, 28, 30]",8,[],0,0,8,0,0
code_n32_k16_cw3_001_q03,code_n32_k16_cw3_001,q03,test,44,3558480715,"[8, 9, 10, 21, 22, 23, 28, 29, 30]",9,[],0,0,9,0,0
code_n32_k16_cw3_001_q03,code_n32_k16_cw3_001,q03,test,45,3559480718,"[1, 2, 3, 7, 8, 9, 11, 12, 13, 14, 20, 21, 22, 23, 31]",15,"[1, 2, 3, 7, 8, 9, 11, 12, 13, 14, 20, 21, 22, 23, 31]",15,1,15,0,0
code_n32_k16_cw3_001_q03,code_n32_k16_cw3_001,q03,test,46,3560480721,"[0, 12, 16, 20, 28, 29, 30]",7,[],0,0,7,0,0
code_n32_k16_cw3_001_q03,code_n32_k16_cw3_001,q03,test,47,3561480724,"[0, 4, 7, 8, 10, 11, 13, 14, 15, 20, 21, 22, 28, 30]",14,"[0, 4, 7, 8, 10, 14, 15, 20, 21, 22, 28, 30]",12,1,13,1,1
code_n32_k16_cw3_001_q03,code_n32_k16_cw3_001,q03,test,48,3562480727,"[1, 4, 5, 10, 13, 14, 16, 18, 21, 22, 24, 25, 27, 30]",14,"[4, 5, 10, 14, 22, 24, 30]",7,1,14,0,0
code_n32_k16_cw3_001_q03,code_n32_k16_cw3_001,q03,test,49,3563480730,"[0, 1, 2, 4, 5, 7, 8, 11, 12, 16, 18, 25, 28, 30]",14,"[8, 11, 12, 16, 25]",5,1,13,1,1
code_n32_k16_cw3_001_q03,code_n32_k16_cw3_001,q03,test,50,3564480733,"[1, 2, 4, 6, 13, 14, 21, 24, 25, 27, 28]",11,"[1, 2, 4, 6, 13, 14, 24, 27, 28]",9,1,11,0,0
code_n32_k16_cw3_001_q03,code_n32_k16_cw3_001,q03,test,51,3565480736,"[0, 3, 5, 6, 8, 10, 13, 17, 19, 24, 25, 30, 31]",13,"[3, 5, 10, 13, 17, 24, 25, 31]",8,1,12,1,1
code_n32_k16_cw3_001_q03,code_n32_k16_cw3_001,q03,test,52,3566480739,"[0, 1, 2, 3, 7, 8, 10, 12, 15, 16, 21, 23, 24, 25, 28, 31]",16,"[0, 1, 3, 7, 8, 10, 12, 15, 16, 23, 24, 25, 28, 31]",14,1,14,2,1
code_n32_k16_cw3_001_q03,code_n32_k16_cw3_001,q03,test,53,3567480742,"[0, 2, 5, 6, 7, 10, 12, 16, 17, 18, 27]",11,[],0,0,11,0,0
code_n32_k16_cw3_001_q03,code_n32_k16_cw3_001,q03,test,54,3568480745,"[0, 3, 6, 7, 9, 12, 16, 18, 21, 24, 25, 26, 27, 28]",14,"[0, 3, 12, 16, 18, 21, 24, 25, 26, 27, 28]",11,1,14,0,0
code_n32_k16_cw3_001_q03,code_n32_k16_cw3_001,q03,test,55,3569480748,"[1, 3, 5, 7, 9, 12, 16, 17, 19, 21, 25, 30]",12,"[3, 9, 12, 17, 19, 21, 25, 30]",8,1,10,2,1
code_n32_k16_cw3_001_q03,code_n32_k16_cw3_001,q03,test,56,3570480751,"[0, 5, 10, 11, 12, 20, 25, 26, 27, 29, 31]",11,"[0, 5, 10, 11, 26, 27, 29, 31]",8,1,10,1,1
code_n32_k16_cw3_001_q03,code_n32_k16_cw3_001,q03,test,57,3571480754,"[3, 4, 6, 14, 15, 17, 19, 22, 23, 25, 28, 31]",12,"[3, 17]",2,1,11,1,1
code_n32_k16_cw3_001_q03,code_n32_k16_cw3_001,q03,test,58,3572480757,"[2, 4, 5, 6, 9, 12, 13, 16, 17, 22, 31]",11,[],0,0,11,0,0
code_n32_k16_cw3_001_q03,code_n32_k16_cw3_001,q03,test,59,3573480760,"[3, 5, 7, 8, 11, 16, 18, 25, 27, 31]",10,"[8, 11, 16]",3,1,10,0,0
code_n32_k16_cw3_001_q03,code_n32_k16_cw3_001,q03,test,60,3574480763,"[5, 9, 10, 12, 13, 17, 18, 22, 23, 24, 26, 27]",12,[],0,0,12,0,0
code_n32_k16_cw3_001_q03,code_n32_k16_cw3_001,q03,test,61,3575480766,"[0, 1, 3, 4, 7, 9, 12, 15, 17, 21]",10,"[3, 17]",2,1,9,1,1
code_n32_k16_cw3_001_q03,code_n32_k16_cw3_001,q03,test,62,3576480769,"[0, 1, 3, 4, 5, 9, 10, 12, 13, 19, 20, 23, 24, 27, 28, 31]",16,"[0, 1, 3, 5, 10, 12, 13, 19, 20, 23, 24, 28, 31]",13,1,15,1,1
code_n32_k16_cw3_001_q03,code_n32_k16_cw3_001,q03,test,63,3577480772,"[0, 2, 7, 8, 10, 11, 17, 19, 20, 21, 27, 28, 30]",13,"[7, 8, 11, 19, 20, 21, 27, 28]",8,1,12,1,1
code_n32_k16_cw3_002_q00,code_n32_k16_cw3_002,q00,train,0,1967549447,"[3, 13, 15, 21, 31]",5,[],0,0,5,0,0
code_n32_k16_cw3_002_q00,code_n32_k16_cw3_002,q00,train,1,1968549450,"[5, 7, 13, 18, 21, 26]",6,[],0,0,6,0,0
code_n32_k16_cw3_002_q00,code_n32_k16_cw3_002,q00,train,2,1969549453,"[2, 10, 11, 18, 21, 27, 31]",7,[],0,0,7,0,0
code_n32_k16_cw3_002_q00,code_n32_k16_cw3_002,q00,train,3,1970549456,"[0, 14, 20, 31]",4,[],0,0,4,0,0
code_n32_k16_cw3_002_q00,code_n32_k16_cw3_002,q00,train,4,1971549459,"[6, 14, 15, 23, 26, 28, 31]",7,[],0,0,7,0,0
code_n32_k16_cw3_002_q00,code_n32_k16_cw3_002,q00,train,5,1972549462,"[3, 8, 10, 18, 27, 30]",6,[],0,0,6,0,0
code_n32_k16_cw3_002_q00,code_n32_k16_cw3_002,q00,train,6,1973549465,"[1, 7, 11, 13, 18, 19, 30]",7,[],0,0,7,0,0
code_n32_k16_cw3_002_q00,code_n32_k16_cw3_002,q00,train,7,1974549468,"[1, 13, 14, 16, 21, 22, 26]",7,[],0,0,7,0,0
code_n32_k16_cw3_002_q00,code_n32_k16_cw3_002,q00,train,8,1975549471,"[6, 13, 24, 30]",4,[],0,0,4,0,0
code_n32_k16_cw3_002_q00,code_n32_k16_cw3_002,q00,train,9,1976549474,"[9, 10, 11, 15, 24, 26]",6,[],0,0,6,0,0
code_n32_k16_cw3_002_q00,code_n32_k16_cw3_002,q00,train,10,1977549477,"[5, 13, 21, 29]",4,[],0,0,4,0,0
code_n32_k16_cw3_002_q00,code_n32_k16_cw3_002,q00,train,11,1978549480,"[3, 5, 8, 12, 14, 23]",6,[],0,0,6,0,0
code_n32_k16_cw3_002_q00,code_n32_k16_cw3_002,q00,train,12,1979549483,"[3, 14, 22, 25, 26, 29, 30]",7,[],0,0,7,0,0
code_n32_k16_cw3_002_q00,code_n32_k16_cw3_002,q00,train,13,1980549486,"[2, 4, 16, 18, 19, 20, 26]",7,"[2, 4, 20, 26]",4,1,6,1,1
code_n32_k16_cw3_002_q00,code_n32_k16_cw3_002,q00,train,14,1981549489,"[5, 6, 14, 16, 22, 23, 28, 31]",8,[],0,0,8,0,0
code_n32_k16_cw3_002_q00,code_n32_k16_cw3_002,q00,train,15,1982549492,"[1, 2, 20]",3,[],0,0,3,0,0
code_n32_k16_cw3_002_q00,code_n32_k16_cw3_002,q00,train,16,1983549495,"[10, 12, 14, 20, 22, 23]",6,[],0,0,6,0,0
code_n32_k16_cw3_002_q00,code_n32_k16_cw3_002,q00,train,17,1984549498,[30],1,[],0,0,1,0,0
code_n32_k16_cw3_002_q00,code_n32_k16_cw3_002,q00,train,18,1985549501,"[3, 5, 10, 11, 19, 28, 31]",7,[],0,0,7,0,0
code_n32_k16_cw3_002_q00,code_n32_k16_cw3_002,q00,train,19,1986549504,"[1, 19, 20, 21, 25, 26, 27]",7,[],0,0,7,0,0
code_n32_k16_cw3_002_q00,code_n32_k16_cw3_002,q00,train,20,1987549507,"[14, 17, 19, 22]",4,[],0,0,4,0,0
code_n32_k16_cw3_002_q00,code_n32_k16_cw3_002,q00,train,21,1988549510,"[1, 3, 11, 16, 17, 18, 19, 27]",8,"[1, 3, 11, 17, 19, 27]",6,1,8,0,0
code_n32_k16_cw3_002_q00,code_n32_k16_cw3_002,q00,train,22,1989549513,"[10, 16, 24, 29, 31]",5,[],0,0,5,0,0
code_n32_k16_cw3_002_q00,code_n32_k16_cw3_002,q00,train,23,1990549516,"[0, 16, 20, 28]",4,[],0,0,4,0,0
code_n32_k16_cw3_002_q00,code_n32_k16_cw3_002,q00,train,24,1991549519,"[1, 2, 11, 16]",4,[],0,0,4,0,0
code_n32_k16_cw3_002_q00,code_n32_k16_cw3_002,q00,train,25,1992549522,"[9, 10, 11, 12, 18, 22, 23, 24]",8,"[10, 12, 23, 24]",4,1,7,1,1
code_n32_k16_cw3_002_q00,code_n32_k16_cw3_002,q00,train,26,1993549525,"[15, 21, 30]",3,[],0,0,3,0,0
code_n32_k16_cw3_002_q00,code_n32_k16_cw3_002,q00,train,27,1994549528,"[3, 13]",2,[],0,0,2,0,0
code_n32_k16_cw3_002_q00,code_n32_k16_cw3_002,q00,train,28,1995549531,"[5, 10, 11]",3,[],0,0,3,0,0
code_n32_k16_cw3_002_q00,code_n32_k16_cw3_002,q00,train,29,1996549534,"[4, 7, 12, 16, 22, 23]",6,[],0,0,6,0,0
code_n32_k16_cw3_002_q00,code_n32_k16_cw3_002,q00,train,30,1997549537,"[2, 4, 5, 6, 13, 19, 21, 22, 23, 29]",10,"[6, 13, 19, 21, 22, 29]",6,1,10,0,0
code_n32_k16_cw3_002_q00,code_n32_k16_cw3_002,q00,train,31,1998549540,"[9, 12, 13, 19, 20, 23, 24]",7,[],0,0,7,0,0
code_n32_k16_cw3_002_q00,code_n32_k16_cw3_002,q00,train,32,1999549543,"[5, 6, 10, 24, 27]",5,[],0,0,5,0,0
code_n32_k16_cw3_002_q00,code_n32_k16_cw3_002,q00,train,33,2000549546,"[4, 8, 9, 10, 14, 16, 24, 27]",8,[],0,0,8,0,0
code_n32_k16_cw3_002_q00,code_n32_k16_cw3_002,q00,train,34,2001549549,"[1, 15, 17, 22, 26, 30, 31]",7,[],0,0,7,0,0
code_n32_k16_cw3_002_q00,code_n32_k16_cw3_002,q00,train,35,2002549552,"[0, 13, 14, 15, 16, 23, 26, 29, 30, 31]",10,[],0,0,10,0,0
code_n32_k16_cw3_002_q00,code_n32_k16_cw3_002,q00,train,36,2003549555,"[2, 20, 25, 26]",4,[],0,0,4,0,0
code_n32_k16_cw3_002_q00,code_n32_k16_cw3_002,q00,train,37,2004549558,"[1, 17, 18, 22]",4,[],0,0,4,0,0
code_n32_k16_cw3_002_q00,code_n32_k16_cw3_002,q00,train,38,2005549561,"[6, 7, 9, 17, 23, 29]",6,[],0,0,6,0,0
code_n32_k16_cw3_002_q00,code_n32_k16_cw3_002,q00,train,39,2006549564,"[0, 4, 20, 23, 24]",5,[],0,0,5,0,0
code_n32_k16_cw3_002_q00,code_n32_k16_cw3_002,q00,train,40,2007549567,"[0, 10, 22, 26]",4,[],0,0,4,0,0
code_n32_k16_cw3_002_q00,code_n32_k16_cw3_002,q00,train,41,2008549570,"[1, 15, 21, 26, 28]",5,[],0,0,5,0,0
code_n32_k16_cw3_002_q00,code_n32_k16_cw3_002,q00,train,42,2009549573,"[5, 16, 26, 27, 29]",5,[],0,0,5,0,0
code_n32_k16_cw3_002_q00,code_n32_k16_cw3_002,q00,train,43,2010549576,"[5, 10, 11, 19, 28]",5,[],0,0,5,0,0
code_n32_k16_cw3_002_q00,code_n32_k16_cw3_002,q00,train,44,2011549579,"[2, 31]",2,[],0,0,2,0,0
code_n32_k16_cw3_002_q00,code_n32_k16_cw3_002,q00,train,45,2012549582,"[14, 26]",2,[],0,0,2,0,0
code_n32_k16_cw3_002_q00,code_n32_k16_cw3_002,q00,train,46,2013549585,"[4, 7, 8, 11, 17, 22, 24]",7,[],0,0,7,0,0
code_n32_k16_cw3_002_q00,code_n32_k16_cw3_002,q00,train,47,2014549588,"[7, 13, 22, 25, 30]",5,[],0,0,5,0,0
code_n32_k16_cw3_002_q00,code_n32_k16_cw3_002,q00,train,48,2015549591,"[2, 5, 7, 9, 12, 17, 19, 28]",8,[],0,0,8,0,0
code_n32_k16_cw3_002_q00,code_n32_k16_cw3_002,q00,train,49,2016549594,"[9, 12, 16, 24]",4,[],0,0,4,0,0
code_n32_k16_cw3_002_q00,code_n32_k16_cw3_002,q00,train,50,2017549597,"[2, 3, 8, 14, 15, 16, 31]",7,[],0,0,7,0,0
code_n32_k16_cw3_002_q00,code_n32_k16_cw3_002,q00,train,51,2018549600,"[2, 5, 7, 13, 19, 27, 29]",7,[],0,0,7,0,0
code_n32_k16_cw3_002_q00,code_n32_k16_cw3_002,q00,train,52,2019549603,"[2, 4, 6, 14, 29]",5,[],0,0,5,0,0
code_n32_k16_cw3_002_q00,code_n32_k16_cw3_002,q00,train,53,2020549606,"[3, 4, 6, 9, 14, 21]",6,[],0,0,6,0,0
code_n32_k16_cw3_002_q00,code_n32_k16_cw3_002,q00,train,54,2021549609,"[6, 9, 13, 21]",4,[],0,0,4,0,0
code_n32_k16_cw3_002_q00,code_n32_k16_cw3_002,q00,train,55,2022549612,"[10, 15, 22]",3,[],0,0,3,0,0
code_n32_k16_cw3_002_q00,code_n32_k16_cw3_002,q00,train,56,2023549615,"[12, 21, 23, 24, 25, 31]",6,[],0,0,6,0,0
code_n32_k16_cw3_002_q00,code_n32_k16_cw3_002,q00,train,57,2024549618,"[0, 5, 8, 9, 17, 19, 23, 27, 28]",9,[],0,0,9,0,0
code_n32_k16_cw3_002_q00,code_n32_k16_cw3_002,q00,train,58,2025549621,"[1, 3, 26, 28, 30, 31]",6,[],0,0,6,0,0
code_n32_k16_cw3_002_q00,code_n32_k16_cw3_002,q00,train,59,2026549624,"[0, 3, 7, 9, 15, 17, 19, 26, 29]",9,[],0,0,9,0,0
code_n32_k16_cw3_002_q00,code_n32_k16_cw3_002,q00,train,60,2027549627,"[9, 18]",2,[],0,0,2,0,0
code_n32_k16_cw3_002_q00,code_n32_k16_cw3_002,q00,train,61,2028549630,"[1, 2, 9, 18, 24, 26]",6,[],0,0,6,0,0
code_n32_k16_cw3_002_q00,code_n32_k16_cw3_002,q00,train,62,2029549633,"[4, 5, 8, 11, 17]",5,[],0,0,5,0,0
code_n32_k16_cw3_002_q00,code_n32_k16_cw3_002,q00,train,63,2030549636,"[3, 5, 7, 8, 9, 12, 15, 19]",8,[],0,0,8,0,0
code_n32_k16_cw3_002_q01,code_n32_k16_cw3_002,q01,train,0,1246169488,"[4, 19, 29, 30]",4,[],0,0,4,0,0
code_n32_k16_cw3_002_q01,code_n32_k16_cw3_002,q01,train,1,1247169491,"[3, 5, 8, 10, 18, 22, 23, 27, 28, 29, 31]",11,[],0,0,11,0,0
code_n32_k16_cw3_002_q01,code_n32_k16_cw3_002,q01,train,2,1248169494,"[0, 6, 9, 12, 13, 21, 22, 23, 29]",9,[],0,0,9,0,0
code_n32_k16_cw3_002_q01,code_n32_k16_cw3_002,q01,train,3,1249169497,"[8, 11, 13, 14, 23, 30]",6,[],0,0,6,0,0
code_n32_k16_cw3_002_q01,code_n32_k16_cw3_002,q01,train,4,1250169500,"[11, 22, 24, 26, 29, 30]",6,[],0,0,6,0,0
code_n32_k16_cw3_002_q01,code_n32_k16_cw3_002,q01,train,5,1251169503,"[0, 3, 4, 10, 12, 17, 23, 24, 30]",9,"[0, 3, 10, 12, 17, 23, 24]",7,1,8,1,1
code_n32_k16_cw3_002_q01,code_n32_k16_cw3_002,q01,train,6,1252169506,"[1, 2, 8, 13, 19, 20, 21, 23, 26, 29, 31]",11,[],0,0,11,0,0
code_n32_k16_cw3_002_q01,code_n32_k16_cw3_002,q01,train,7,1253169509,"[3, 4, 8, 13, 19, 25, 27]",7,[],0,0,7,0,0
code_n32_k16_cw3_002_q01,code_n32_k16_cw3_002,q01,train,8,1254169512,"[3, 5, 6, 7, 13, 14, 24, 29]",8,[],0,0,8,0,0
code_n32_k16_cw3_002_q01,code_n32_k16_cw3_002,q01,train,9,1255169515,"[2, 3, 4, 6, 19, 23, 28]",7,[],0,0,7,0,0
code_n32_k16_cw3_002_q01,code_n32_k16_cw3_002,q01,train,10,1256169518,"[0, 2, 6, 11, 18, 19, 25, 27]",8,[],0,0,8,0,0
code_n32_k16_cw3_002_q01,code_n32_k16_cw3_002,q01,train,11,1257169521,"[3, 4, 6, 9, 14, 19, 22, 25]",8,[],0,0,8,0,0
code_n32_k16_cw3_002_q01,code_n32_k16_cw3_002,q01,train,12,1258169524,"[2, 6, 10, 12, 15, 18, 23, 24, 26, 29, 31]",11,"[10, 12, 23, 24]",4,1,10,1,1
code_n32_k16_cw3_002_q01,code_n32_k16_cw3_002,q01,train,13,1259169527,"[1, 6, 7, 10, 13, 15, 17, 18, 20, 21, 26, 27, 30]",13,"[6, 10, 13, 15, 17, 18, 21, 26, 27]",9,1,13,0,0
code_n32_k16_cw3_002_q01,code_n32_k16_cw3_002,q01,train,14,1260169530,"[17, 19, 20, 25, 29, 30]",6,[],0,0,6,0,0
code_n32_k16_cw3_002_q01,code_n32_k16_cw3_002,q01,train,15,1261169533,"[3, 6, 9, 11, 18, 21, 22, 24, 27, 30, 31]",11,"[6, 11, 22, 24]",4,1,10,1,1
code_n32_k16_cw3_002_q01,code_n32_k16_cw3_002,q01,train,16,1262169536,"[1, 3, 7, 8, 13, 17, 19, 22, 30]",9,[],0,0,9,0,0
code_n32_k16_cw3_002_q01,code_n32_k16_cw3_002,q01,train,17,1263169539,"[6, 10, 12, 14, 18, 19, 22, 27, 29]",9,"[6, 10, 12, 19, 22, 29]",6,1,9,0,0
code_n32_k16_cw3_002_q01,code_n32_k16_cw3_002,q01,train,18,1264169542,"[4, 9, 11, 16, 19, 30, 31]",7,[],0,0,7,0,0
code_n32_k16_cw3_002_q01,code_n32_k16_cw3_002,q01,train,19,1265169545,"[2, 14, 15, 17, 22]",5,[],0,0,5,0,0
code_n32_k16_cw3_002_q01,code_n32_k16_cw3_002,q01,train,20,1266169548,"[8, 12, 19, 20, 29, 30]",6,[],0,0,6,0,0
code_n32_k16_cw3_002_q01,code_n32_k16_cw3_002,q01,train,21,1267169551,"[0, 3, 6, 7, 9, 13, 21, 24]",8,"[0, 13, 21, 24]",4,1,7,1,1
code_n32_k16_cw3_002_q01,code_n32_k16_cw3_002,q01,train,22,1268169554,"[1, 4, 13, 14, 25, 30]",6,[],0,0,6,0,0
code_n32_k16_cw3_002_q01,code_n32_k16_cw3_002,q01,train,23,1269169557,"[4, 6, 7, 11, 17, 27]",6,[],0,0,6,0,0
code_n32_k16_cw3_002_q01,code_n32_k16_cw3_002,q01,train,24,1270169560,"[2, 3, 7, 11, 13, 16, 29, 31]",8,[],0,0,8,0,0
code_n32_k16_cw3_002_q01,code_n32_k16_cw3_002,q01,train,25,1271169563,"[1, 2, 11, 15, 25]",5,[],0,0,5,0,0
code_n32_k16_cw3_002_q01,code_n32_k16_cw3_002,q01,train,26,1272169566,"[2, 9, 12, 17, 18, 20, 22, 25]",8,[],0,0,8,0,0
code_n32_k16_cw3_002_q01,code_n32_k16_cw3_002,q01,train,27,1273169569,"[0, 7, 9, 12, 19, 29, 31]",7,[],0,0,7,0,0
code_n32_k16_cw3_002_q01,code_n32_k16_cw3_002,q01,train,28,1274169572,"[4, 9, 12, 17, 28]",5,[],0,0,5,0,0
code_n32_k16_cw3_002_q01,code_n32_k16_cw3_002,q01,train,29,1275169575,"[14, 18, 23, 31]",4,[],0,0,4,0,0
code_n32_k16_cw3_002_q01,code_n32_k16_cw3_002,q01,train,30,1276169578,"[0, 1, 15, 17]",4,[],0,0,4,0,0
code_n32_k16_cw3_002_q01,code_n32_k16_cw3_002,q01,train,31,1277169581,"[6, 13, 20, 23, 24]",5,[],0,0,5,0,0
code_n32_k16_cw3_002_q01,code_n32_k16_cw3_002,q01,train,32,1278169584,"[3, 23, 30]",3,[],0,0,3,0,0
code_n32_k16_cw3_002_q01,code_n32_k16_cw3_002,q01,train,33,1279169587,"[0, 1, 3, 4, 19, 22, 26]",7,[],0,0,7,0,0
code_n32_k16_cw3_002_q01,code_n32_k16_cw3_002,q01,train,34,1280169590,"[3, 5, 12, 14, 15, 17, 24]",7,[],0,0,7,0,0
code_n32_k16_cw3_002_q01,code_n32_k16_cw3_002,q01,train,35,1281169593,"[0, 2, 4, 10, 18, 19, 21, 25, 30, 31]",10,[],0,0,10,0,0
code_n32_k16_cw3_002_q01,code_n32_k16_cw3_002,q01,train,36,1282169596,"[2, 6, 8, 10, 19, 20, 23, 26, 28]",9,[],0,0,9,0,0
code_n32_k16_cw3_002_q01,code_n32_k16_cw3_002,q01,train,37,1283169599,"[0, 10, 11, 12, 17, 18, 20, 22, 27, 30]",10,[],0,0,10,0,0
code_n32_k16_cw3_002_q01,code_n32_k16_cw3_002,q01,train,38,1284169602,"[5, 14, 15, 20, 27, 30]",6,[],0,0,6,0,0
code_n32_k16_cw3_002_q01,code_n32_k16_cw3_002,q01,train,39,1285169605,"[0, 7, 10, 11, 19, 21, 23, 24, 25, 31]",10,"[0, 7, 10, 11, 19, 23, 24]",7,1,10,0,0
code_n32_k16_cw3_002_q01,code_n32_k16_cw3_002,q01,train,40,1286169608,"[7, 17, 19, 20, 21, 27]",6,[],0,0,6,0,0
code_n32_k16_cw3_002_q01,code_n32_k16_cw3_002,q01,train,41,1287169611,"[0, 10, 22]",3,[],0,0,3,0,0
code_n32_k16_cw3_002_q01,code_n32_k16_cw3_002,q01,train,42,1288169614,"[4, 6, 17, 18, 25]",5,[],0,0,5,0,0
code_n32_k16_cw3_002_q01,code_n32_k16_cw3_002,q01,train,43,1289169617,"[2, 5, 6, 16, 18, 21, 24, 26, 27, 31]",10,[],0,0,10,0,0
code_n32_k16_cw3_002_q01,code_n32_k16_cw3_002,q01,train,44,1290169620,"[1, 4, 11, 13, 22, 27, 28]",7,[],0,0,7,0,0
code_n32_k16_cw3_002_q01,code_n32_k16_cw3_002,q01,train,45,1291169623,"[2, 3, 8, 9, 16, 17, 20, 23, 24, 30, 31]",11,"[3, 17, 23]",3,1,11,0,0
code_n32_k16_cw3_002_q01,code_n32_k16_cw3_002,q01,train,46,1292169626,"[2, 3, 5, 14, 15, 16, 25, 29]",8,[],0,0,8,0,0
code_n32_k16_cw3_002_q01,code_n32_k16_cw3_002,q01,train,47,1293169629,"[6, 7, 11, 14, 20, 22, 25, 27, 28]",9,[],0,0,9,0,0
code_n32_k16_cw3_002_q01,code_n32_k16_cw3_002,q01,train,48,1294169632,"[0, 2, 3, 5, 10, 11, 15, 16, 19, 29, 31]",11,[],0,0,11,0,0
code_n32_k16_cw3_002_q01,code_n32_k16_cw3_002,q01,train,49,1295169635,"[7, 12, 29]",3,[],0,0,3,0,0
code_n32_k16_cw3_002_q01,code_n32_k16_cw3_002,q01,train,50,1296169638,"[2, 3, 13, 15, 23, 29]",6,[],0,0,6,0,0
code_n32_k16_cw3_002_q01,code_n32_k16_cw3_002,q01,train,51,1297169641,"[18, 19, 20, 22, 27]",5,[],0,0,5,0,0
code_n32_k16_cw3_002_q01,code_n32_k16_cw3_002,q01,train,52,1298169644,"[2, 13, 15, 22, 23, 31]",6,[],0,0,6,0,0
code_n32_k16_cw3_002_q01,code_n32_k16_cw3_002,q01,train,53,1299169647,"[6, 10, 12, 16, 23, 27, 28, 29, 30, 31]",10,[],0,0,10,0,0
code_n32_k16_cw3_002_q01,code_n32_k16_cw3_002,q01,train,54,1300169650,"[7, 23, 25, 30]",4,[],0,0,4,0,0
code_n32_k16_cw3_002_q01,code_n32_k16_cw3_002,q01,train,55,1301169653,"[5, 10, 28, 30, 31]",5,[],0,0,5,0,0
code_n32_k16_cw3_002_q01,code_n32_k16_cw3_002,q01,train,56,1302169656,"[1, 7, 8, 10, 12, 18]",6,[],0,0,6,0,0
code_n32_k16_cw3_002_q01,code_n32_k16_cw3_002,q01,train,57,1303169659,"[0, 3, 6, 8, 9, 12, 25, 28, 29, 30, 31]",11,[],0,0,11,0,0
code_n32_k16_cw3_002_q01,code_n32_k16_cw3_002,q01,train,58,1304169662,"[4, 6, 10, 23]",4,[],0,0,4,0,0
code_n32_k16_cw3_002_q01,code_n32_k16_cw3_002,q01,train,59,1305169665,"[0, 6, 7, 8, 9, 10, 18, 19, 20, 21, 26]",11,[],0,0,11,0,0
code_n32_k16_cw3_002_q01,code_n32_k16_cw3_002,q01,train,60,1306169668,"[17, 18, 27, 30]",4,[],0,0,4,0,0
code_n32_k16_cw3_002_q01,code_n32_k16_cw3_002,q01,train,61,1307169671,"[1, 12, 13, 16, 21, 24, 25, 30]",8,[],0,0,8,0,0
code_n32_k16_cw3_002_q01,code_n32_k16_cw3_002,q01,train,62,1308169674,"[1, 2, 7, 14, 23, 25, 29]",7,"[7, 14, 23, 25, 29]",5,1,7,0,0
code_n32_k16_cw3_002_q01,code_n32_k16_cw3_002,q01,train,63,1309169677,"[0, 4, 5, 11, 12]",5,[],0,0,5,0,0
code_n32_k16_cw3_002_q02,code_n32_k16_cw3_002,q02,train,0,524789529,"[1, 2, 3, 8, 9, 18, 19, 21, 23, 24, 28]",11,[],0,0,11,0,0
code_n32_k16_cw3_002_q02,code_n32_k16_cw3_002,q02,train,1,525789532,"[1, 7, 15, 19, 22, 26]",6,[],0,0,6,0,0
code_n32_k16_cw3_002_q02,code_n32_k16_cw3_002,q02,train,2,526789535,"[1, 8, 9, 15, 17, 24, 25, 26]",8,[],0,0,8,0,0
code_n32_k16_cw3_002_q02,code_n32_k16_cw3_002,q02,train,3,527789538,"[2, 6, 10, 11, 14, 15, 20, 22, 24]",9,"[6, 11, 22, 24]",4,1,8,1,1
code_n32_k16_cw3_002_q02,code_n32_k16_cw3_002,q02,train,4,528789541,"[0, 2, 9, 11, 14, 15, 16, 17, 20]",9,"[0, 2, 9, 11, 14, 15, 16, 20]",8,1,8,1,1
code_n32_k16_cw3_002_q02,code_n32_k16_cw3_002,q02,train,5,529789544,"[1, 8, 13, 17, 18, 19, 23, 27, 28]",9,[],0,0,9,0,0
code_n32_k16_cw3_002_q02,code_n32_k16_cw3_002,q02,train,6,530789547,"[1, 4, 5, 8, 14, 15, 17, 20, 21, 22, 26]",11,[],0,0,11,0,0
code_n32_k16_cw3_002_q02,code_n32_k16_cw3_002,q02,train,7,531789550,"[0, 2, 6, 10, 11, 15, 16, 17, 19, 21, 24, 25, 28]",13,"[0, 2, 11, 15, 16, 17, 19, 21, 24, 25, 28]",11,1,13,0,0
code_n32_k16_cw3_002_q02,code_n32_k16_cw3_002,q02,train,8,532789553,"[0, 3, 8, 15, 17, 19, 26, 27, 30]",9,[],0,0,9,0,0
code_n32_k16_cw3_002_q02,code_n32_k16_cw3_002,q02,train,9,533789556,"[0, 1, 11, 12, 16, 20, 22, 23, 28, 29, 30]",11,[],0,0,11,0,0
code_n32_k16_cw3_002_q02,code_n32_k16_cw3_002,q02,train,10,534789559,"[0, 2, 7, 10, 14, 16, 19, 20, 21, 22, 23, 25, 27, 28, 29, 30]",16,"[0, 2, 7, 10, 14, 16, 19, 23, 25, 27, 29]",11,1,16,0,0
code_n32_k16_cw3_002_q02,code_n32_k16_cw3_002,q02,train,11,535789562,"[2, 6, 7, 17, 18, 19, 23, 27]",8,[],0,0,8,0,0
code_n32_k16_cw3_002_q02,code_n32_k16_cw3_002,q02,train,12,536789565,"[5, 6, 11, 15, 16, 20, 25, 30, 31]",9,[],0,0,9,0,0
code_n32_k16_cw3_002_q02,code_n32_k16_cw3_002,q02,train,13,537789568,"[2, 3, 7, 9, 10, 17, 19, 23, 29, 30]",10,"[3, 17, 23]",3,1,10,0,0
code_n32_k16_cw3_002_q02,code_n32_k16_cw3_002,q02,train,14,538789571,"[10, 14, 15, 17, 18, 23, 26]",7,[],0,0,7,0,0
code_n32_k16_cw3_002_q02,code_n32_k16_cw3_002,q02,train,15,539789574,"[2, 4, 6, 13, 16, 17, 29]",7,[],0,0,7,0,0
code_n32_k16_cw3_002_q02,code_n32_k16_cw3_002,q02,train,16,540789577,"[0, 1, 4, 6, 15, 16, 18, 19, 23, 24, 30]",11,[],0,0,11,0,0
code_n32_k16_cw3_002_q02,code_n32_k16_cw3_002,q02,train,17,541789580,"[0, 3, 9, 12, 13, 14, 16, 17, 26, 28, 30]",11,"[0, 3, 9, 12, 13, 14, 17, 26, 28]",9,1,11,0,0
code_n32_k16_cw3_002_q02,code_n32_k16_cw3_002,q02,train,18,542789583,"[1, 10, 14, 17, 18, 24, 28, 29]",8,[],0,0,8,0,0
code_n32_k16_cw3_002_q02,code_n32_k16_cw3_002,q02,train,19,543789586,"[3, 4, 9, 10, 12, 13, 15, 18, 21, 23, 27, 28, 30]",13,"[3, 4, 9, 10, 12, 13, 15, 21, 23, 27, 28]",11,1,13,0,0
code_n32_k16_cw3_002_q02,code_n32_k16_cw3_002,q02,train,20,544789589,"[11, 16, 23, 29, 31]",5,[],0,0,5,0,0
code_n32_k16_cw3_002_q02,code_n32_k16_cw3_002,q02,train,21,545789592,"[1, 5, 6, 7, 10, 14, 16, 18, 19, 20, 22, 29, 30, 31]",14,"[1, 5, 6, 7, 10, 14, 16, 19, 22, 29, 30, 31]",12,1,13,1,1
code_n32_k16_cw3_002_q02,code_n32_k16_cw3_002,q02,train,22,546789595,"[2, 3, 6, 8, 10, 11, 14, 16, 17, 26]",10,"[3, 8, 10, 17, 26]",5,1,10,0,0
code_n32_k16_cw3_002_q02,code_n32_k16_cw3_002,q02,train,23,547789598,"[1, 3, 4, 10, 12, 15, 17, 26, 28, 31]",10,[],0,0,10,0,0
code_n32_k16_cw3_002_q02,code_n32_k16_cw3_002,q02,train,24,548789601,"[14, 16, 22, 24]",4,[],0,0,4,0,0
code_n32_k16_cw3_002_q02,code_n32_k16_cw3_002,q02,train,25,549789604,"[1, 3, 4, 5, 7, 9, 12, 14, 15, 25, 28]",11,[],0,0,11,0,0
code_n32_k16_cw3_002_q02,code_n32_k16_cw3_002,q02,train,26,550789607,"[4, 10, 11, 13, 15, 16, 17, 18, 21, 22, 26, 27]",12,"[10, 15, 17, 18, 21, 22, 26, 27]",8,1,12,0,0
code_n32_k16_cw3_002_q02,code_n32_k16_cw3_002,q02,train,27,551789610,"[1, 2, 3, 5, 6, 12, 14, 18, 23, 26]",10,[],0,0,10,0,0
code_n32_k16_cw3_002_q02,code_n32_k16_cw3_002,q02,train,28,552789613,"[2, 8, 14, 15, 16, 19, 22, 25, 28]",9,[],0,0,9,0,0
code_n32_k16_cw3_002_q02,code_n32_k16_cw3_002,q02,train,29,553789616,"[4, 9, 11, 17, 19, 20, 26, 27, 28, 30]",10,[],0,0,10,0,0
code_n32_k16_cw3_002_q02,code_n32_k16_cw3_002,q02,train,30,554789619,"[5, 6, 7, 9, 11, 16, 18, 22, 26, 29, 31]",11,[],0,0,11,0,0
code_n32_k16_cw3_002_q02,code_n32_k16_cw3_002,q02,train,31,555789622,"[2, 4, 5, 8, 11, 12, 14, 19, 23, 24, 28, 31]",12,"[4, 8, 11, 12, 14, 23, 24]",7,1,12,0,0
code_n32_k16_cw3_002_q02,code_n32_k16_cw3_002,q02,train,32,556789625,"[0, 4, 6, 10, 13, 20, 28]",7,[],0,0,7,0,0
code_n32_k16_cw3_002_q02,code_n32_k16_cw3_002,q02,train,33,557789628,"[1, 2, 3, 4, 7, 10, 12, 13, 26, 30]",10,[],0,0,10,0,0
code_n32_k16_cw3_002_q02,code_n32_k16_cw3_002,q02,train,34,558789631,"[3, 4, 8, 10, 16, 18, 20, 25]",8,[],0,0,8,0,0
code_n32_k16_cw3_002_q02,code_n32_k16_cw3_002,q02,train,35,559789634,"[0, 3, 4, 5, 8, 13, 14, 15, 18, 19, 20, 24, 31]",13,[],0,0,13,0,0
code_n32_k16_cw3_002_q02,code_n32_k16_cw3_002,q02,train,36,560789637,"[4, 5, 7, 9, 19, 20, 22, 24, 25, 26, 30, 31]",12,[],0,0,12,0,0
code_n32_k16_cw3_002_q02,code_n32_k16_cw3_002,q02,train,37,561789640,"[7, 9, 10, 12, 15, 16, 26]",7,[],0,0,7,0,0
code_n32_k16_cw3_002_q02,code_n32_k16_cw3_002,q02,train,38,562789643,"[4, 7, 10, 12, 13, 18, 20, 23, 25, 28, 29]",11,[],0,0,11,0,0
code_n32_k16_cw3_002_q02,code_n32_k16_cw3_002,q02,train,39,563789646,"[4, 16, 17, 20, 21, 22, 25, 27, 28, 29, 30]",11,[],0,0,11,0,0
code_n32_k16_cw3_002_q02,code_n32_k16_cw3_002,q02,train,40,564789649,"[1, 5, 13, 16, 17, 22, 24, 27]",8,[],0,0,8,0,0
code_n32_k16_cw3_002_q02,code_n32_k16_cw3_002,q02,train,41,565789652,"[1, 4, 7, 9, 11, 15, 19, 22, 23, 26, 28, 31]",12,"[1, 4, 7, 9, 11, 15, 26, 28]",8,1,12,0,0
code_n32_k16_cw3_002_q02,code_n32_k16_cw3_002,q02,train,42,566789655,"[3, 12, 16, 18, 22, 27]",6,[],0,0,6,0,0
code_n32_k16_cw3_002_q02,code_n32_k16_cw3_002,q02,train,43,567789658,"[0, 3, 8, 9, 11, 15, 16, 20, 27, 28, 29, 30]",12,[],0,0,12,0,0
code_n32_k16_cw3_002_q02,code_n32_k16_cw3_002,q02,train,44,568789661,"[3, 5, 7, 8, 14, 20, 29]",7,[],0,0,7,0,0
code_n32_k16_cw3_002_q02,code_n32_k16_cw3_002,q02,train,45,569789664,"[7, 12, 13, 18, 22, 27, 28, 31]",8,"[13, 18, 22, 28]",4,1,7,1,1
code_n32_k16_cw3_002_q02,code_n32_k16_cw3_002,q02,train,46,570789667,"[1, 2, 5, 6, 11, 14, 20, 25, 30]",9,[],0,0,9,0,0
code_n32_k16_cw3_002_q02,code_n32_k16_cw3_002,q02,train,47,571789670,"[0, 6, 18, 21, 24, 25]",6,[],0,0,6,0,0
code_n32_k16_cw3_002_q02,code_n32_k16_cw3_002,q02,train,48,572789673,"[0, 1, 12, 13, 14, 18, 22, 24, 26]",9,[],0,0,9,0,0
code_n32_k16_cw3_002_q02,code_n32_k16_cw3_002,q02,train,49,573789676,"[2, 7, 9, 10, 15, 19, 20, 21, 27, 29, 30, 31]",12,"[2, 7, 9, 10, 15, 19, 20, 27, 30, 31]",10,1,11,1,1
code_n32_k16_cw3_002_q02,code_n32_k16_cw3_002,q02,train,50,574789679,"[1, 4, 5, 8, 22, 28]",6,[],0,0,6,0,0
code_n32_k16_cw3_002_q02,code_n32_k16_cw3_002,q02,train,51,575789682,"[5, 6, 11, 13, 14, 15, 17, 29]",8,[],0,0,8,0,0
code_n32_k16_cw3_002_q02,code_n32_k16_cw3_002,q02,train,52,576789685,"[2, 3, 5, 7, 11, 20, 26]",7,[],0,0,7,0,0
code_n32_k16_cw3_002_q02,code_n32_k16_cw3_002,q02,train,53,577789688,"[1, 2, 5, 8, 10, 16, 17, 20, 22, 26, 30]",11,[],0,0,11,0,0
code_n32_k16_cw3_002_q02,code_n32_k16_cw3_002,q02,train,54,578789691,"[4, 5, 6, 10, 12, 16, 18, 21, 23, 24]",10,"[10, 12, 23, 24]",4,1,9,1,1
code_n32_k16_cw3_002_q02,code_n32_k16_cw3_002,q02,train,55,579789694,"[3, 4, 8, 16, 21, 23, 27]",7,[],0,0,7,0,0
code_n32_k16_cw3_002_q02,code_n32_k16_cw3_002,q02,train,56,580789697,"[0, 1, 5, 11, 19, 22, 29]",7,[],0,0,7,0,0
code_n32_k16_cw3_002_q02,code_n32_k16_cw3_002,q02,train,57,581789700,"[1, 13, 14, 20, 22, 26, 29, 30, 31]",9,[],0,0,9,0,0
code_n32_k16_cw3_002_q02,code_n32_k16_cw3_002,q02,train,58,582789703,"[3, 5, 9, 10, 15, 16, 18, 19, 23, 29]",10,[],0,0,10,0,0
code_n32_k16_cw3_002_q02,code_n32_k16_cw3_002,q02,train,59,583789706,"[3, 4, 6, 12, 14, 15, 25, 31]",8,[],0,0,8,0,0
code_n32_k16_cw3_002_q02,code_n32_k16_cw3_002,q02,train,60,584789709,"[1, 9, 11, 16, 17, 18, 21, 22, 26, 31]",10,[],0,0,10,0,0
code_n32_k16_cw3_002_q02,code_n32_k16_cw3_002,q02,train,61,585789712,"[3, 5, 7, 8, 9, 10, 11, 12, 16, 17, 21, 28]",12,[],0,0,12,0,0
code_n32_k16_cw3_002_q02,code_n32_k16_cw3_002,q02,train,62,586789715,"[10, 11, 12, 14, 18, 20, 22, 28]",8,[],0,0,8,0,0
code_n32_k16_cw3_002_q02,code_n32_k16_cw3_002,q02,train,63,587789718,"[2, 7, 12, 25, 26, 29]",6,[],0,0,6,0,0
code_n32_k16_cw3_002_q03,code_n32_k16_cw3_002,q03,train,0,4098376866,"[3, 11, 12, 13, 14, 17, 18, 19, 22]",9,[],0,0,9,0,0
code_n32_k16_cw3_002_q03,code_n32_k16_cw3_002,q03,train,1,4099376869,"[0, 1, 3, 5, 10, 13, 14, 16, 19, 20, 21, 22, 25, 26]",14,"[0, 1, 3, 10, 14, 16, 20, 21, 25, 26]",10,1,14,0,0
code_n32_k16_cw3_002_q03,code_n32_k16_cw3_002,q03,train,2,4100376872,"[0, 7, 8, 11, 14, 16, 19, 22, 23, 26, 27, 28, 30, 31]",14,"[0, 7, 11, 14, 16, 19, 27, 30, 31]",9,1,14,0,0
code_n32_k16_cw3_002_q03,code_n32_k16_cw3_002,q03,train,3,4101376875,"[1, 4, 5, 7, 9, 10, 11, 12, 14, 17, 18, 19, 26, 27, 29, 30, 31]",17,"[1, 4, 5, 7, 9, 10, 11, 12, 14, 17, 18, 19, 26, 27, 29, 30, 31]",17,1,16,1,1
code_n32_k16_cw3_002_q03,code_n32_k16_cw3_002,q03,train,4,4102376878,"[0, 4, 6, 10, 11, 12, 13, 14, 16, 17, 18, 31]",12,"[0, 4, 10, 11, 12, 13, 14]",7,1,11,1,1
code_n32_k16_cw3_002_q03,code_n32_k16_cw3_002,q03,train,5,4103376881,"[10, 15, 16, 17, 22, 24, 26, 27, 31]",9,[],0,0,9,0,0
code_n32_k16_cw3_002_q03,code_n32_k16_cw3_002,q03,train,6,4104376884,"[0, 2, 3, 4, 5, 6, 7, 15, 18, 19, 22, 23, 26, 29]",14,"[0, 6, 19, 22, 23, 29]",6,1,14,0,0
code_n32_k16_cw3_002_q03,code_n32_k16_cw3_002,q03,train,7,4105376887,"[1, 4, 6, 11, 16, 17, 23, 28, 31]",9,[],0,0,9,0,0
code_n32_k16_cw3_002_q03,code_n32_k16_cw3_002,q03,train,8,4106376890,"[0, 9, 12, 13, 14, 15, 18, 20, 23, 27]",10,[],0,0,10,0,0
code_n32_k16_cw3_002_q03,code_n32_k16_cw3_002,q03,train,9,4107376893,"[1, 3, 6, 7, 10, 12, 15, 16, 17, 22, 27, 28, 29]",13,"[1, 3, 6, 7, 10, 12, 17, 22, 27, 29]",10,1,13,0,0
code_n32_k16_cw3_002_q03,code_n32_k16_cw3_002,q03,train,10,4108376896,"[2, 3, 4, 6, 8, 9, 14, 17, 18, 19, 21, 22, 23, 24, 25, 28]",16,"[3, 4, 6, 8, 9, 17, 18, 19, 21, 22, 23, 24, 25, 28]",14,1,14,2,1
code_n32_k16_cw3_002_q03,code_n32_k16_cw3_002,q03,train,11,4109376899,"[0, 6, 7, 10, 15, 22, 24, 25, 26, 27]",10,[],0,0,10,0,0
code_n32_k16_cw3_002_q03,code_n32_k16_cw3_002,q03,train,12,4110376902,"[1, 5, 10, 13, 15, 20, 27, 30]",8,[],0,0,8,0,0
code_n32_k16_cw3_002_q03,code_n32_k16_cw3_002,q03,train,13,4111376905,"[2, 8, 15, 20, 23, 24, 25, 31]",8,[],0,0,8,0,0
code_n32_k16_cw3_002_q03,code_n32_k16_cw3_002,q03,train,14,4112376908,"[3, 7, 8, 12, 14, 15, 17, 18, 24, 27, 28, 29, 30]",13,[],0,0,13,0,0
code_n32_k16_cw3_002_q03,code_n32_k16_cw3_002,q03,train,15,4113376911,"[3, 5, 10, 13, 14, 17, 24, 29]",8,[],0,0,8,0,0
code_n32_k16_cw3_002_q03,code_n32_k16_cw3_002,q03,train,16,4114376914,"[0, 4, 5, 6, 10, 12, 21, 30, 31]",9,[],0,0,9,0,0
code_n32_k16_cw3_002_q03,code_n32_k16_cw3_002,q03,train,17,4115376917,"[0, 1, 3, 4, 5, 9, 14, 21, 22, 24, 25, 26, 31]",13,"[0, 3, 4, 5, 14, 21, 22, 26, 31]",9,1,13,0,0
code_n32_k16_cw3_002_q03,code_n32_k16_cw3_002,q03,train,18,4116376920,"[1, 5, 8, 9, 18, 19, 22, 28, 29]",9,[],0,0,9,0,0
code_n32_k16_cw3_002_q03,code_n32_k16_cw3_002,q03,train,19,4117376923,"[1, 5, 11, 18, 19, 21, 22, 26, 29, 30, 31]",11,[],0,0,11,0,0
code_n32_k16_cw3_002_q03,code_n32_k16_cw3_002,q03,train,20,4118376926,"[7, 8, 10, 11, 14, 17, 18, 20, 22, 25, 29, 30, 31]",13,"[7, 10, 14, 17, 20, 29, 30, 31]",8,1,13,0,0
code_n32_k16_cw3_002_q03,code_n32_k16_cw3_002,q03,train,21,4119376929,"[0, 8, 9, 10, 12, 14, 15, 17, 18, 23, 26, 28, 29]",13,"[0, 8, 9, 10, 12, 14, 17, 23, 26, 28]",10,1,12,1,1
code_n32_k16_cw3_002_q03,code_n32_k16_cw3_002,q03,train,22,4120376932,"[2, 5, 11, 13, 16, 18, 20, 21, 23, 24, 27, 28, 29, 30]",14,"[2, 5, 11, 13, 16, 18, 21, 23, 24, 27, 28, 30]",12,1,14,0,0
code_n32_k16_cw3_002_q03,code_n32_k16_cw3_002,q03,train,23,4121376935,"[3, 7, 8, 10, 11, 14, 18, 22, 25, 26, 30, 31]",12,[],0,0,12,0,0
code_n32_k16_cw3_002_q03,code_n32_k16_cw3_002,q03,train,24,4122376938,"[0, 1, 4, 5, 14, 17, 18, 21, 23, 25, 27, 29]",12,"[0, 1, 4, 21, 23, 25, 27]",7,1,12,0,0
code_n32_k16_cw3_002_q03,code_n32_k16_cw3_002,q03,train,25,4123376941,"[5, 6, 9, 11, 13, 15, 18, 19, 20, 26, 27, 28, 29, 30]",14,"[5, 9, 13, 15, 18, 20, 26, 27, 28, 30]",10,1,14,0,0
code_n32_k16_cw3_002_q03,code_n32_k16_cw3_002,q03,train,26,4124376944,"[1, 8, 10, 13, 21, 23, 24, 26, 28, 29]",10,"[8, 13, 21, 23, 24]",5,1,10,0,0
code_n32_k16_cw3_002_q03,code_n32_k16_cw3_002,q03,train,27,4125376947,"[1, 2, 9, 10, 14, 21, 22, 23, 25, 28, 30, 31]",12,[],0,0,12,0,0
code_n32_k16_cw3_002_q03,code_n32_k16_cw3_002,q03,train,28,4126376950,"[0, 2, 11, 14, 16, 23, 24, 26, 27, 30]",10,[],0,0,10,0,0
code_n32_k16_cw3_002_q03,code_n32_k16_cw3_002,q03,train,29,4127376953,"[0, 6, 13, 14, 20, 24, 27]",7,[],0,0,7,0,0
code_n32_k16_cw3_002_q03,code_n32_k16_cw3_002,q03,train,30,4128376956,"[0, 1, 2, 4, 5, 7, 8, 11, 17, 20, 21, 28, 31]",13,[],0,0,13,0,0
code_n32_k16_cw3_002_q03,code_n32_k16_cw3_002,q03,train,31,4129376959,"[6, 8, 9, 10, 17, 18, 19, 20, 23, 29, 31]",11,[],0,0,11,0,0
code_n32_k16_cw3_002_q03,code_n32_k16_cw3_002,q03,train,32,4130376962,"[2, 8, 10, 14, 17, 18, 19, 22, 23, 24, 25, 26, 28, 29]",14,"[8, 10, 14, 17, 18, 19, 22, 23, 24, 25, 26, 28, 29]",13,1,14,0,0
code_n32_k16_cw3_002_q03,code_n32_k16_cw3_002,q03,train,33,4131376965,"[0, 4, 5, 8, 11, 14, 16, 23, 24]",9,[],0,0,9,0,0
code_n32_k16_cw3_002_q03,code_n32_k16_cw3_002,q03,train,34,4132376968,"[5, 6, 7, 8, 11, 26, 28, 30]",8,[],0,0,8,0,0
code_n32_k16_cw3_002_q03,code_n32_k16_cw3_002,q03,train,35,4133376971,"[1, 8, 9, 11, 14, 16, 23, 24, 26]",9,[],0,0,9,0,0
code_n32_k16_cw3_002_q03,code_n32_k16_cw3_002,q03,train,36,4134376974,"[6, 8, 9, 15, 22, 23, 25, 28, 29]",9,[],0,0,9,0,0
code_n32_k16_cw3_002_q03,code_n32_k16_cw3_002,q03,train,37,4135376977,"[1, 3, 4, 13, 15, 17, 18, 19, 20, 24, 26, 30]",12,[],0,0,12,0,0
code_n32_k16_cw3_002_q03,code_n32_k16_cw3_002,q03,train,38,4136376980,"[2, 4, 6, 8, 11, 13, 14, 15, 16, 17, 18, 23, 27, 29]",14,"[2, 4, 6, 8, 11, 13, 15, 16, 17, 18, 23, 27]",12,1,14,0,0
code_n32_k16_cw3_002_q03,code_n32_k16_cw3_002,q03,train,39,4137376983,"[0, 1, 4, 5, 8, 9, 11, 12, 17, 23, 24, 26, 28]",13,"[0, 4, 8, 9, 11, 12, 17, 23, 24, 26, 28]",11,1,13,0,0
code_n32_k16_cw3_002_q03,code_n32_k16_cw3_002,q03,train,40,4138376986,"[1, 3, 5, 6, 9, 19, 20, 21, 22, 23, 24, 29, 31]",13,"[5, 6, 19, 22, 23, 24, 29, 31]",8,1,13,0,0
code_n32_k16_cw3_002_q03,code_n32_k16_cw3_002,q03,train,41,4139376989,"[0, 7, 9, 11, 12, 13, 18, 20, 23, 27, 28]",11,[],0,0,11,0,0
code_n32_k16_cw3_002_q03,code_n32_k16_cw3_002,q03,train,42,4140376992,"[1, 3, 6, 8, 11, 15, 18, 22, 25, 26]",10,[],0,0,10,0,0
code_n32_k16_cw3_002_q03,code_n32_k16_cw3_002,q03,train,43,4141376995,"[3, 7, 8, 9, 10, 11, 15, 19, 21, 22, 24]",11,"[7, 8, 10, 11, 19, 21, 24]",7,1,11,0,0
code_n32_k16_cw3_002_q03,code_n32_k16_cw3_002,q03,train,44,4142376998,"[4, 9, 10, 14, 16, 18, 19, 24, 25, 27, 28, 31]",12,[],0,0,12,0,0
code_n32_k16_cw3_002_q03,code_n32_k16_cw3_002,q03,train,45,4143377001,"[0, 1, 7, 8, 10, 11, 13, 15, 17, 21, 26, 28, 30, 31]",14,"[0, 1, 7, 8, 10, 13, 15, 17, 21, 26, 28]",11,1,13,1,1
code_n32_k16_cw3_002_q03,code_n32_k16_cw3_002,q03,train,46,4144377004,"[0, 1, 4, 7, 12, 15, 18, 22, 24, 27, 28, 29, 30]",13,[],0,0,13,0,0
code_n32_k16_cw3_002_q03,code_n32_k16_cw3_002,q03,train,47,4145377007,"[1, 4, 7, 8, 10, 16, 17, 22, 24, 28, 29, 30]",12,[],0,0,12,0,0
code_n32_k16_cw3_002_q03,code_n32_k16_cw3_002,q03,train,48,4146377010,"[0, 3, 4, 12, 19, 22, 23]",7,[],0,0,7,0,0
code_n32_k16_cw3_002_q03,code_n32_k16_cw3_002,q03,train,49,4147377013,"[0, 3, 4, 5, 6, 7, 12, 19, 22, 23, 25, 29]",12,"[0, 6, 7, 12, 19, 22, 23, 29]",8,1,12,0,0
code_n32_k16_cw3_002_q03,code_n32_k16_cw3_002,q03,train,50,4148377016,"[2, 4, 5, 8, 21, 22, 26, 28, 29, 30]",10,[],0,0,10,0,0
code_n32_k16_cw3_002_q03,code_n32_k16_cw3_002,q03,train,51,4149377019,"[1, 6, 16, 18, 25, 28]",6,[],0,0,6,0,0
code_n32_k16_cw3_002_q03,code_n32_k16_cw3_002,q03,train,52,4150377022,"[3, 9, 12, 14, 18, 19, 27, 30]",8,[],0,0,8,0,0
code_n32_k16_cw3_002_q03,code_n32_k16_cw3_002,q03,train,53,4151377025,"[8, 10, 13, 16, 17, 18, 19, 20, 24, 25, 27]",11,[],0,0,11,0,0
code_n32_k16_cw3_002_q03,code_n32_k16_cw3_002,q03,train,54,4152377028,"[2, 3, 8, 10, 11, 12, 15, 18, 19, 20, 24, 27, 28, 29, 30, 31]",16,"[2, 3, 8, 10, 11, 12, 15, 19, 20, 24, 27, 28, 29, 30, 31]",15,1,16,0,0
code_n32_k16_cw3_002_q03,code_n32_k16_cw3_002,q03,train,55,4153377031,"[0, 2, 3, 4, 8, 9, 10, 14, 20, 25, 28, 30]",12,[],0,0,12,0,0
code_n32_k16_cw3_002_q03,code_n32_k16_cw3_002,q03,train,56,4154377034,"[0, 4, 6, 7, 8, 10, 13, 14, 16, 17, 18, 20, 21, 22, 23, 27, 30]",17,"[0, 4, 6, 8, 10, 13, 14, 16, 17, 20, 21, 22, 23, 27]",14,1,15,2,1
code_n32_k16_cw3_002_q03,code_n32_k16_cw3_002,q03,train,57,4155377037,"[6, 7, 8, 9, 10, 16, 17, 24, 25, 29]",10,[],0,0,10,0,0
code_n32_k16_cw3_002_q03,code_n32_k16_cw3_002,q03,train,58,4156377040,"[0, 3, 8, 10, 18, 22, 23, 29]",8,[],0,0,8,0,0
code_n32_k16_cw3_002_q03,code_n32_k16_cw3_002,q03,train,59,4157377043,"[1, 3, 4, 6, 8, 9, 13, 15, 16, 17, 22, 23, 27]",13,"[3, 4, 6, 8, 9, 13, 15, 17, 22, 23, 27]",11,1,13,0,0
code_n32_k16_cw3_002_q03,code_n32_k16_cw3_002,q03,train,60,4158377046,"[2, 3, 10, 12, 16, 20, 22, 30, 31]",9,[],0,0,9,0,0
code_n32_k16_cw3_002_q03,code_n32_k16_cw3_002,q03,train,61,4159377049,"[0, 2, 13, 15, 18, 22, 28, 29]",8,"[13, 18, 22, 28]",4,1,7,1,1
code_n32_k16_cw3_002_q03,code_n32_k16_cw3_002,q03,train,62,4160377052,"[0, 3, 5, 13, 17, 22, 24, 27]",8,[],0,0,8,0,0
code_n32_k16_cw3_002_q03,code_n32_k16_cw3_002,q03,train,63,4161377055,"[3, 10, 15, 16, 18, 19, 21, 23, 26, 30]",10,[],0,0,10,0,0
code_n32_k16_cw3_003_q00,code_n32_k16_cw3_003,q00,validation,0,2551445730,"[3, 9, 14, 15, 21, 22, 23]",7,[],0,0,7,0,0
code_n32_k16_cw3_003_q00,code_n32_k16_cw3_003,q00,validation,1,2552445733,"[6, 11, 14, 16, 17, 20, 21]",7,[],0,0,7,0,0
code_n32_k16_cw3_003_q00,code_n32_k16_cw3_003,q00,validation,2,2553445736,"[0, 8, 22, 23, 25, 26, 27, 30]",8,[],0,0,8,0,0
code_n32_k16_cw3_003_q00,code_n32_k16_cw3_003,q00,validation,3,2554445739,"[8, 13, 17, 18, 23, 24]",6,[],0,0,6,0,0
code_n32_k16_cw3_003_q00,code_n32_k16_cw3_003,q00,validation,4,2555445742,"[11, 16, 18, 23, 26, 27, 28]",7,[],0,0,7,0,0
code_n32_k16_cw3_003_q00,code_n32_k16_cw3_003,q00,validation,5,2556445745,"[2, 13, 20, 30]",4,[],0,0,4,0,0
code_n32_k16_cw3_003_q00,code_n32_k16_cw3_003,q00,validation,6,2557445748,"[6, 8, 14, 16, 29]",5,[],0,0,5,0,0
code_n32_k16_cw3_003_q00,code_n32_k16_cw3_003,q00,validation,7,2558445751,"[0, 6, 10, 14, 16, 28]",6,[],0,0,6,0,0
code_n32_k16_cw3_003_q00,code_n32_k16_cw3_003,q00,validation,8,2559445754,"[2, 4, 18, 20, 23, 29, 30]",7,[],0,0,7,0,0
code_n32_k16_cw3_003_q00,code_n32_k16_cw3_003,q00,validation,9,2560445757,"[0, 12, 13, 14, 23, 24, 26]",7,[],0,0,7,0,0
code_n32_k16_cw3_003_q00,code_n32_k16_cw3_003,q00,validation,10,2561445760,"[6, 14, 15, 17, 18, 23]",6,[],0,0,6,0,0
code_n32_k16_cw3_003_q00,code_n32_k16_cw3_003,q00,validation,11,2562445763,"[0, 2, 4, 7, 10, 11, 14, 17, 21]",9,[],0,0,9,0,0
code_n32_k16_cw3_003_q00,code_n32_k16_cw3_003,q00,validation,12,2563445766,"[0, 5, 15, 17, 22, 25]",6,[],0,0,6,0,0
code_n32_k16_cw3_003_q00,code_n32_k16_cw3_003,q00,validation,13,2564445769,"[5, 6, 12, 13, 14, 17, 25, 27]",8,[],0,0,8,0,0
code_n32_k16_cw3_003_q00,code_n32_k16_cw3_003,q00,validation,14,2565445772,"[2, 3, 11, 17, 28]",5,[],0,0,5,0,0
code_n32_k16_cw3_003_q00,code_n32_k16_cw3_003,q00,validation,15,2566445775,"[1, 4, 17, 22, 23, 29, 30]",7,[],0,0,7,0,0
code_n32_k16_cw3_003_q00,code_n32_k16_cw3_003,q00,validation,16,2567445778,"[2, 8, 10, 12]",4,[],0,0,4,0,0
code_n32_k16_cw3_003_q00,code_n32_k16_cw3_003,q00,validation,17,2568445781,"[14, 19, 26, 27, 29, 31]",6,[],0,0,6,0,0
code_n32_k16_cw3_003_q00,code_n32_k16_cw3_003,q00,validation,18,2569445784,"[6, 12, 21, 22, 25]",5,[],0,0,5,0,0
code_n32_k16_cw3_003_q00,code_n32_k16_cw3_003,q00,validation,19,2570445787,"[4, 14, 30]",3,[],0,0,3,0,0
code_n32_k16_cw3_003_q00,code_n32_k16_cw3_003,q00,validation,20,2571445790,"[0, 5, 8, 13, 14]",5,[],0,0,5,0,0
code_n32_k16_cw3_003_q00,code_n32_k16_cw3_003,q00,validation,21,2572445793,"[24, 25, 27, 28]",4,[],0,0,4,0,0
code_n32_k16_cw3_003_q00,code_n32_k16_cw3_003,q00,validation,22,2573445796,"[8, 10, 12, 19]",4,[],0,0,4,0,0
code_n32_k16_cw3_003_q00,code_n32_k16_cw3_003,q00,validation,23,2574445799,"[1, 5, 6, 7, 20, 24]",6,[],0,0,6,0,0
code_n32_k16_cw3_003_q00,code_n32_k16_cw3_003,q00,validation,24,2575445802,"[4, 5, 15, 19, 23]",5,[],0,0,5,0,0
code_n32_k16_cw3_003_q00,code_n32_k16_cw3_003,q00,validation,25,2576445805,"[10, 23]",2,[],0,0,2,0,0
code_n32_k16_cw3_003_q00,code_n32_k16_cw3_003,q00,validation,26,2577445808,"[3, 5, 9, 18, 19, 22, 24, 25]",8,[],0,0,8,0,0
code_n32_k16_cw3_003_q00,code_n32_k16_cw3_003,q00,validation,27,2578445811,"[0, 10, 15]",3,[],0,0,3,0,0
code_n32_k16_cw3_003_q00,code_n32_k16_cw3_003,q00,validation,28,2579445814,"[4, 5, 10, 11, 15, 20, 21, 27, 31]",9,"[4, 5, 10, 11, 20, 31]",6,1,9,0,0
code_n32_k16_cw3_003_q00,code_n32_k16_cw3_003,q00,validation,29,2580445817,"[14, 21, 31]",3,[],0,0,3,0,0
code_n32_k16_cw3_003_q00,code_n32_k16_cw3_003,q00,validation,30,2581445820,"[1, 6, 14, 25, 29]",5,[],0,0,5,0,0
code_n32_k16_cw3_003_q00,code_n32_k16_cw3_003,q00,validation,31,2582445823,"[0, 4, 7, 13, 20, 27]",6,[],0,0,6,0,0
code_n32_k16_cw3_003_q00,code_n32_k16_cw3_003,q00,validation,32,2583445826,"[1, 3, 6, 13, 19, 21, 22, 23, 30]",9,[],0,0,9,0,0
code_n32_k16_cw3_003_q00,code_n32_k16_cw3_003,q00,validation,33,2584445829,"[2, 10, 25, 27]",4,[],0,0,4,0,0
code_n32_k16_cw3_003_q00,code_n32_k16_cw3_003,q00,validation,34,2585445832,"[5, 7, 13, 17, 20, 28, 31]",7,[],0,0,7,0,0
code_n32_k16_cw3_003_q00,code_n32_k16_cw3_003,q00,validation,35,2586445835,"[18, 20, 21, 27, 29, 31]",6,[],0,0,6,0,0
code_n32_k16_cw3_003_q00,code_n32_k16_cw3_003,q00,validation,36,2587445838,"[0, 1, 5, 7, 14, 21, 28]",7,[],0,0,7,0,0
code_n32_k16_cw3_003_q00,code_n32_k16_cw3_003,q00,validation,37,2588445841,"[8, 15, 22, 27, 31]",5,[],0,0,5,0,0
code_n32_k16_cw3_003_q00,code_n32_k16_cw3_003,q00,validation,38,2589445844,"[5, 12, 15, 19, 20, 24]",6,[],0,0,6,0,0
code_n32_k16_cw3_003_q00,code_n32_k16_cw3_003,q00,validation,39,2590445847,"[0, 1, 4, 19, 20, 22, 25]",7,[],0,0,7,0,0
code_n32_k16_cw3_003_q00,code_n32_k16_cw3_003,q00,validation,40,2591445850,"[9, 16, 26, 30]",4,[],0,0,4,0,0
code_n32_k16_cw3_003_q00,code_n32_k16_cw3_003,q00,validation,41,2592445853,"[4, 8, 13, 26, 29, 30]",6,[],0,0,6,0,0
code_n32_k16_cw3_003_q00,code_n32_k16_cw3_003,q00,validation,42,2593445856,"[3, 17, 20, 21, 23]",5,[],0,0,5,0,0
code_n32_k16_cw3_003_q00,code_n32_k16_cw3_003,q00,validation,43,2594445859,"[3, 10, 11, 17, 18]",5,[],0,0,5,0,0
code_n32_k16_cw3_003_q00,code_n32_k16_cw3_003,q00,validation,44,2595445862,"[0, 13, 15, 21, 25]",5,[],0,0,5,0,0
code_n32_k16_cw3_003_q00,code_n32_k16_cw3_003,q00,validation,45,2596445865,"[1, 3, 9, 10, 12, 19, 21, 22, 26, 29]",10,[],0,0,10,0,0
code_n32_k16_cw3_003_q00,code_n32_k16_cw3_003,q00,validation,46,2597445868,"[0, 9, 13, 15, 25]",5,[],0,0,5,0,0
code_n32_k16_cw3_003_q00,code_n32_k16_cw3_003,q00,validation,47,2598445871,"[3, 5, 8, 11, 29, 30]",6,[],0,0,6,0,0
code_n32_k16_cw3_003_q00,code_n32_k16_cw3_003,q00,validation,48,2599445874,"[21, 29, 30]",3,[],0,0,3,0,0
code_n32_k16_cw3_003_q00,code_n32_k16_cw3_003,q00,validation,49,2600445877,"[2, 15, 20, 21, 25, 29]",6,[],0,0,6,0,0
code_n32_k16_cw3_003_q00,code_n32_k16_cw3_003,q00,validation,50,2601445880,"[8, 11, 20, 22, 28, 30]",6,[],0,0,6,0,0
code_n32_k16_cw3_003_q00,code_n32_k16_cw3_003,q00,validation,51,2602445883,"[5, 8, 13, 23, 24, 25, 26, 27, 28]",9,[],0,0,9,0,0
code_n32_k16_cw3_003_q00,code_n32_k16_cw3_003,q00,validation,52,2603445886,"[3, 5, 8, 17, 18]",5,[],0,0,5,0,0
code_n32_k16_cw3_003_q00,code_n32_k16_cw3_003,q00,validation,53,2604445889,"[1, 11, 21]",3,[],0,0,3,0,0
code_n32_k16_cw3_003_q00,code_n32_k16_cw3_003,q00,validation,54,2605445892,"[2, 3, 18, 22, 25]",5,[],0,0,5,0,0
code_n32_k16_cw3_003_q00,code_n32_k16_cw3_003,q00,validation,55,2606445895,"[7, 13, 17, 24, 28]",5,[],0,0,5,0,0
code_n32_k16_cw3_003_q00,code_n32_k16_cw3_003,q00,validation,56,2607445898,"[1, 3, 6, 17, 21, 22, 24, 30]",8,[],0,0,8,0,0
code_n32_k16_cw3_003_q00,code_n32_k16_cw3_003,q00,validation,57,2608445901,"[3, 9, 10, 13, 16, 22, 27]",7,[],0,0,7,0,0
code_n32_k16_cw3_003_q00,code_n32_k16_cw3_003,q00,validation,58,2609445904,"[1, 9, 12, 25]",4,[],0,0,4,0,0
code_n32_k16_cw3_003_q00,code_n32_k16_cw3_003,q00,validation,59,2610445907,"[0, 4, 6, 20, 27, 29]",6,[],0,0,6,0,0
code_n32_k16_cw3_003_q00,code_n32_k16_cw3_003,q00,validation,60,2611445910,"[2, 17, 18]",3,[],0,0,3,0,0
code_n32_k16_cw3_003_q00,code_n32_k16_cw3_003,q00,validation,61,2612445913,"[5, 9, 14, 31]",4,[],0,0,4,0,0
code_n32_k16_cw3_003_q00,code_n32_k16_cw3_003,q00,validation,62,2613445916,"[5, 8, 30]",3,[],0,0,3,0,0
code_n32_k16_cw3_003_q00,code_n32_k16_cw3_003,q00,validation,63,2614445919,"[4, 6, 20, 21, 30]",5,[],0,0,5,0,0
code_n32_k16_cw3_003_q01,code_n32_k16_cw3_003,q01,validation,0,1830065771,"[7, 12, 15, 16, 18, 19, 27]",7,[],0,0,7,0,0
code_n32_k16_cw3_003_q01,code_n32_k16_cw3_003,q01,validation,1,1831065774,"[0, 5, 8, 14, 15, 27, 31]",7,[],0,0,7,0,0
code_n32_k16_cw3_003_q01,code_n32_k16_cw3_003,q01,validation,2,1832065777,"[5, 13, 17, 19, 22, 29, 30]",7,[],0,0,7,0,0
code_n32_k16_cw3_003_q01,code_n32_k16_cw3_003,q01,validation,3,1833065780,"[0, 4, 7, 15, 16, 20, 21, 25]",8,[],0,0,8,0,0
code_n32_k16_cw3_003_q01,code_n32_k16_cw3_003,q01,validation,4,1834065783,"[0, 9, 12, 13, 17, 18, 21, 22, 24, 28]",10,[],0,0,10,0,0
code_n32_k16_cw3_003_q01,code_n32_k16_cw3_003,q01,validation,5,1835065786,"[3, 30, 31]",3,[],0,0,3,0,0
code_n32_k16_cw3_003_q01,code_n32_k16_cw3_003,q01,validation,6,1836065789,"[19, 24]",2,[],0,0,2,0,0
code_n32_k16_cw3_003_q01,code_n32_k16_cw3_003,q01,validation,7,1837065792,"[3, 4, 5, 15, 18]",5,[],0,0,5,0,0
code_n32_k16_cw3_003_q01,code_n32_k16_cw3_003,q01,validation,8,1838065795,"[21, 25, 26]",3,[],0,0,3,0,0
code_n32_k16_cw3_003_q01,code_n32_k16_cw3_003,q01,validation,9,1839065798,"[1, 21, 26, 27]",4,[],0,0,4,0,0
code_n32_k16_cw3_003_q01,code_n32_k16_cw3_003,q01,validation,10,1840065801,"[0, 10, 17, 23]",4,[],0,0,4,0,0
code_n32_k16_cw3_003_q01,code_n32_k16_cw3_003,q01,validation,11,1841065804,"[0, 1, 3, 5, 8, 12, 13, 16, 18, 21, 23, 27, 28, 31]",14,"[3, 12, 13, 21, 23, 28]",6,1,14,0,0
code_n32_k16_cw3_003_q01,code_n32_k16_cw3_003,q01,validation,12,1842065807,"[15, 18, 23, 28, 31]",5,[],0,0,5,0,0
code_n32_k16_cw3_003_q01,code_n32_k16_cw3_003,q01,validation,13,1843065810,"[1, 6, 8, 9, 12, 15, 18, 21, 25, 27]",10,[],0,0,10,0,0
code_n32_k16_cw3_003_q01,code_n32_k16_cw3_003,q01,validation,14,1844065813,"[2, 6, 22, 31]",4,"[2, 31]",2,1,3,1,1
code_n32_k16_cw3_003_q01,code_n32_k16_cw3_003,q01,validation,15,1845065816,"[3, 7, 10, 17, 18, 22, 26]",7,[],0,0,7,0,0
code_n32_k16_cw3_003_q01,code_n32_k16_cw3_003,q01,validation,16,1846065819,"[2, 5, 12, 13, 18, 22, 25, 27, 28, 29]",10,"[5, 13, 18, 22, 25, 27, 29]",7,1,10,0,0
code_n32_k16_cw3_003_q01,code_n32_k16_cw3_003,q01,validation,17,1847065822,"[2, 6, 8, 11, 12, 14, 16, 19, 22, 25, 27, 28, 30]",13,"[6, 8, 11, 12, 27]",5,1,13,0,0
code_n32_k16_cw3_003_q01,code_n32_k16_cw3_003,q01,validation,18,1848065825,[0],1,[],0,0,1,0,0
code_n32_k16_cw3_003_q01,code_n32_k16_cw3_003,q01,validation,19,1849065828,"[1, 3, 4, 9, 11, 15, 17, 19, 21, 22, 27, 28, 29, 30, 31]",15,"[1, 3, 4, 9, 15, 19, 21, 22, 27, 28, 29, 30, 31]",13,1,15,0,0
code_n32_k16_cw3_003_q01,code_n32_k16_cw3_003,q01,validation,20,1850065831,"[3, 4, 8, 15, 18, 19, 23, 29, 31]",9,[],0,0,9,0,0
code_n32_k16_cw3_003_q01,code_n32_k16_cw3_003,q01,validation,21,1851065834,"[3, 5, 8, 9, 10, 14, 20, 21, 31]",9,[],0,0,9,0,0
code_n32_k16_cw3_003_q01,code_n32_k16_cw3_003,q01,validation,22,1852065837,"[2, 5, 7, 8, 13, 22, 23, 25, 26]",9,[],0,0,9,0,0
code_n32_k16_cw3_003_q01,code_n32_k16_cw3_003,q01,validation,23,1853065840,"[9, 12, 15, 16, 17, 22, 23, 24, 26]",9,[],0,0,9,0,0
code_n32_k16_cw3_003_q01,code_n32_k16_cw3_003,q01,validation,24,1854065843,"[6, 7, 13, 15, 23, 29]",6,[],0,0,6,0,0
code_n32_k16_cw3_003_q01,code_n32_k16_cw3_003,q01,validation,25,1855065846,"[2, 11, 13, 27, 29]",5,[],0,0,5,0,0
code_n32_k16_cw3_003_q01,code_n32_k16_cw3_003,q01,validation,26,1856065849,"[5, 8, 12, 13, 18, 22, 24, 31]",8,[],0,0,8,0,0
code_n32_k16_cw3_003_q01,code_n32_k16_cw3_003,q01,validation,27,1857065852,"[5, 7, 10, 16, 20, 24, 29]",7,[],0,0,7,0,0
code_n32_k16_cw3_003_q01,code_n32_k16_cw3_003,q01,validation,28,1858065855,"[3, 4, 6, 18]",4,[],0,0,4,0,0
code_n32_k16_cw3_003_q01,code_n32_k16_cw3_003,q01,validation,29,1859065858,"[5, 10, 16, 17, 20, 27]",6,[],0,0,6,0,0
code_n32_k16_cw3_003_q01,code_n32_k16_cw3_003,q01,validation,30,1860065861,"[3, 4, 22, 23, 28]",5,[],0,0,5,0,0
code_n32_k16_cw3_003_q01,code_n32_k16_cw3_003,q01,validation,31,1861065864,"[2, 10, 13, 16, 18, 26]",6,[],0,0,6,0,0
code_n32_k16_cw3_003_q01,code_n32_k16_cw3_003,q01,validation,32,1862065867,"[3, 5, 12, 16, 22, 27]",6,[],0,0,6,0,0
code_n32_k16_cw3_003_q01,code_n32_k16_cw3_003,q01,validation,33,1863065870,"[1, 4, 5, 6, 8, 10, 14, 20, 25, 31]",10,"[4, 5, 8, 14, 20, 25, 31]",7,1,10,0,0
code_n32_k16_cw3_003_q01,code_n32_k16_cw3_003,q01,validation,34,1864065873,"[1, 8, 11, 16, 22, 24, 26, 28]",8,[],0,0,8,0,0
code_n32_k16_cw3_003_q01,code_n32_k16_cw3_003,q01,validation,35,1865065876,"[2, 4, 11, 13, 20, 26]",6,[],0,0,6,0,0
code_n32_k16_cw3_003_q01,code_n32_k16_cw3_003,q01,validation,36,1866065879,"[3, 9, 10, 12, 14, 16, 17, 29, 30]",9,[],0,0,9,0,0
code_n32_k16_cw3_003_q01,code_n32_k16_cw3_003,q01,validation,37,1867065882,"[0, 2, 3, 10, 14, 23, 27, 30]",8,[],0,0,8,0,0
code_n32_k16_cw3_003_q01,code_n32_k16_cw3_003,q01,validation,38,1868065885,"[10, 13, 18, 19, 21, 25, 29, 31]",8,[],0,0,8,0,0
code_n32_k16_cw3_003_q01,code_n32_k16_cw3_003,q01,validation,39,1869065888,"[0, 7, 12, 21]",4,[],0,0,4,0,0
code_n32_k16_cw3_003_q01,code_n32_k16_cw3_003,q01,validation,40,1870065891,"[8, 9, 24, 27]",4,[],0,0,4,0,0
code_n32_k16_cw3_003_q01,code_n32_k16_cw3_003,q01,validation,41,1871065894,"[5, 6, 9, 16, 22, 24, 28]",7,[],0,0,7,0,0
code_n32_k16_cw3_003_q01,code_n32_k16_cw3_003,q01,validation,42,1872065897,"[2, 7, 8, 9, 10, 14, 24]",7,[],0,0,7,0,0
code_n32_k16_cw3_003_q01,code_n32_k16_cw3_003,q01,validation,43,1873065900,"[3, 14, 24, 27]",4,[],0,0,4,0,0
code_n32_k16_cw3_003_q01,code_n32_k16_cw3_003,q01,validation,44,1874065903,"[1, 6, 9, 12, 14, 16, 19, 31]",8,[],0,0,8,0,0
code_n32_k16_cw3_003_q01,code_n32_k16_cw3_003,q01,validation,45,1875065906,"[3, 6, 8, 11, 16, 18, 20, 24, 26]",9,[],0,0,9,0,0
code_n32_k16_cw3_003_q01,code_n32_k16_cw3_003,q01,validation,46,1876065909,"[6, 22, 29]",3,[],0,0,3,0,0
code_n32_k16_cw3_003_q01,code_n32_k16_cw3_003,q01,validation,47,1877065912,"[2, 6, 7, 11, 14, 18, 19, 20, 25, 26, 27, 29, 30]",13,"[2, 6, 7, 11, 19, 20, 25, 26, 27, 29, 30]",11,1,13,0,0
code_n32_k16_cw3_003_q01,code_n32_k16_cw3_003,q01,validation,48,1878065915,"[8, 9, 10, 11, 20, 22, 24, 27, 28]",9,[],0,0,9,0,0
code_n32_k16_cw3_003_q01,code_n32_k16_cw3_003,q01,validation,49,1879065918,"[2, 5, 9, 10, 14, 25, 27]",7,[],0,0,7,0,0
code_n32_k16_cw3_003_q01,code_n32_k16_cw3_003,q01,validation,50,1880065921,"[8, 10, 12, 15, 16, 19, 25]",7,[],0,0,7,0,0
code_n32_k16_cw3_003_q01,code_n32_k16_cw3_003,q01,validation,51,1881065924,"[6, 14, 15, 20, 28, 30, 31]",7,[],0,0,7,0,0
code_n32_k16_cw3_003_q01,code_n32_k16_cw3_003,q01,validation,52,1882065927,"[1, 3, 6, 10, 12, 15, 24]",7,[],0,0,7,0,0
code_n32_k16_cw3_003_q01,code_n32_k16_cw3_003,q01,validation,53,1883065930,"[2, 5, 9, 11, 19, 25]",6,[],0,0,6,0,0
code_n32_k16_cw3_003_q01,code_n32_k16_cw3_003,q01,validation,54,1884065933,"[0, 2, 6, 7, 11, 16, 17, 27, 28, 31]",10,"[0, 2, 6, 11, 16, 17, 27, 31]",8,1,9,1,1
code_n32_k16_cw3_003_q01,code_n32_k16_cw3_003,q01,validation,55,1885065936,"[5, 7, 14, 24, 27]",5,[],0,0,5,0,0
code_n32_k16_cw3_003_q01,code_n32_k16_cw3_003,q01,validation,56,1886065939,"[8, 10, 12, 14, 16, 25, 30]",7,[],0,0,7,0,0
code_n32_k16_cw3_003_q01,code_n32_k16_cw3_003,q01,validation,57,1887065942,"[5, 6, 8, 10, 14, 16, 17, 18, 19, 22, 23, 29]",12,"[5, 6, 8, 10, 14, 16, 17, 18, 19, 22, 23, 29]",12,1,12,0,0
code_n32_k16_cw3_003_q01,code_n32_k16_cw3_003,q01,validation,58,1888065945,"[2, 3, 6, 7, 9, 12, 18, 19, 20, 22, 29]",11,[],0,0,11,0,0
code_n32_k16_cw3_003_q01,code_n32_k16_cw3_003,q01,validation,59,1889065948,"[3, 4, 6, 7, 8, 11, 12, 17, 18, 22, 30]",11,[],0,0,11,0,0
code_n32_k16_cw3_003_q01,code_n32_k16_cw3_003,q01,validation,60,1890065951,"[2, 6, 8, 14, 22, 23, 24, 26]",8,[],0,0,8,0,0
code_n32_k16_cw3_003_q01,code_n32_k16_cw3_003,q01,validation,61,1891065954,"[1, 11, 15, 22, 25, 26, 29, 30]",8,[],0,0,8,0,0
code_n32_k16_cw3_003_q01,code_n32_k16_cw3_003,q01,validation,62,1892065957,"[6, 10, 11, 27]",4,[],0,0,4,0,0
code_n32_k16_cw3_003_q01,code_n32_k16_cw3_003,q01,validation,63,1893065960,"[10, 21]",2,[],0,0,2,0,0
code_n32_k16_cw3_003_q02,code_n32_k16_cw3_003,q02,validation,0,1108685812,"[0, 2, 7, 14, 15, 20, 24, 25, 27, 31]",10,"[2, 31]",2,1,9,1,1
code_n32_k16_cw3_003_q02,code_n32_k16_cw3_003,q02,validation,1,1109685815,"[3, 4, 5, 13, 15, 18, 19, 20, 22, 24, 27, 28, 29]",13,"[3, 4, 5, 13, 15, 18, 20, 22, 24, 29]",10,1,12,1,1
code_n32_k16_cw3_003_q02,code_n32_k16_cw3_003,q02,validation,2,1110685818,"[5, 9, 13, 22, 29]",5,[],0,0,5,0,0
code_n32_k16_cw3_003_q02,code_n32_k16_cw3_003,q02,validation,3,1111685821,"[1, 6, 7, 9, 10, 11, 14, 16, 22, 31]",10,[],0,0,10,0,0
code_n32_k16_cw3_003_q02,code_n32_k16_cw3_003,q02,validation,4,1112685824,"[1, 2, 3, 7, 9, 10, 11, 13, 20, 22, 25, 27, 29]",13,"[2, 3, 9, 10, 11, 20, 29]",7,1,13,0,0
code_n32_k16_cw3_003_q02,code_n32_k16_cw3_003,q02,validation,5,1113685827,"[10, 16, 18, 20, 25]",5,[],0,0,5,0,0
code_n32_k16_cw3_003_q02,code_n32_k16_cw3_003,q02,validation,6,1114685830,"[8, 10, 13, 18, 26]",5,[],0,0,5,0,0
code_n32_k16_cw3_003_q02,code_n32_k16_cw3_003,q02,validation,7,1115685833,"[5, 7, 9, 12, 13, 19, 27, 28]",8,[],0,0,8,0,0
code_n32_k16_cw3_003_q02,code_n32_k16_cw3_003,q02,validation,8,1116685836,"[0, 5, 6, 11, 14, 16, 17, 20, 24, 27, 28, 30]",12,"[0, 5, 16, 17, 20, 24]",6,1,12,0,0
code_n32_k16_cw3_003_q02,code_n32_k16_cw3_003,q02,validation,9,1117685839,"[0, 2, 3, 10, 11, 14, 22, 23, 29]",9,[],0,0,9,0,0
code_n32_k16_cw3_003_q02,code_n32_k16_cw3_003,q02,validation,10,1118685842,"[2, 5, 7, 9, 12, 14, 16, 19, 21, 22, 25, 26, 29]",13,"[2, 5, 7, 9, 12, 14, 19, 21, 25, 26, 29]",11,1,13,0,0
code_n32_k16_cw3_003_q02,code_n32_k16_cw3_003,q02,validation,11,1119685845,"[0, 5, 6, 9, 10, 12, 15, 16, 19, 24, 27, 30]",12,"[0, 5, 6, 9, 10, 15, 16, 24, 27]",9,1,11,1,1
code_n32_k16_cw3_003_q02,code_n32_k16_cw3_003,q02,validation,12,1120685848,"[1, 5, 8, 12, 15, 18, 20, 22, 23, 29]",10,[],0,0,10,0,0
code_n32_k16_cw3_003_q02,code_n32_k16_cw3_003,q02,validation,13,1121685851,"[0, 6, 9, 10, 11, 17, 23, 24, 26, 29, 31]",11,[],0,0,11,0,0
code_n32_k16_cw3_003_q02,code_n32_k16_cw3_003,q02,validation,14,1122685854,"[0, 4, 6, 11, 13, 14, 17, 18, 19, 20, 21, 23, 30]",13,"[0, 4, 17, 20]",4,1,12,1,1
code_n32_k16_cw3_003_q02,code_n32_k16_cw3_003,q02,validation,15,1123685857,"[0, 6, 10, 11, 12, 16, 20, 24, 27, 30]",10,"[6, 10, 11, 20, 24, 27]",6,1,10,0,0
code_n32_k16_cw3_003_q02,code_n32_k16_cw3_003,q02,validation,16,1124685860,"[3, 4, 5, 6, 7, 12, 19, 24, 27, 29]",10,[],0,0,10,0,0
code_n32_k16_cw3_003_q02,code_n32_k16_cw3_003,q02,validation,17,1125685863,"[0, 1, 2, 4, 6, 9, 10, 16, 21, 30]",10,[],0,0,10,0,0
code_n32_k16_cw3_003_q02,code_n32_k16_cw3_003,q02,validation,18,1126685866,"[1, 2, 3, 4, 14, 20, 21, 22, 26, 27, 31]",11,"[2, 31]",2,1,10,1,1
code_n32_k16_cw3_003_q02,code_n32_k16_cw3_003,q02,validation,19,1127685869,"[0, 3, 4, 5, 8, 9, 10, 11, 14, 17, 28]",11,[],0,0,11,0,0
code_n32_k16_cw3_003_q02,code_n32_k16_cw3_003,q02,validation,20,1128685872,"[0, 2, 5, 10, 11, 13, 20, 21, 27, 31]",10,"[2, 31]",2,1,9,1,1
code_n32_k16_cw3_003_q02,code_n32_k16_cw3_003,q02,validation,21,1129685875,"[6, 12, 19, 23, 29, 31]",6,[],0,0,6,0,0
code_n32_k16_cw3_003_q02,code_n32_k16_cw3_003,q02,validation,22,1130685878,"[3, 11, 12, 16, 21, 23, 24, 25, 28, 30]",10,"[3, 12, 21, 23, 28, 30]",6,1,10,0,0
code_n32_k16_cw3_003_q02,code_n32_k16_cw3_003,q02,validation,23,1131685881,"[3, 6, 7, 9, 11, 12, 15, 19, 25, 26, 28]",11,"[3, 6, 7, 11, 15, 19, 25, 26, 28]",9,1,11,0,0
code_n32_k16_cw3_003_q02,code_n32_k16_cw3_003,q02,validation,24,1132685884,"[0, 2, 4, 8, 14, 21, 25, 27, 30]",9,[],0,0,9,0,0
code_n32_k16_cw3_003_q02,code_n32_k16_cw3_003,q02,validation,25,1133685887,"[0, 11, 17, 23, 24]",5,[],0,0,5,0,0
code_n32_k16_cw3_003_q02,code_n32_k16_cw3_003,q02,validation,26,1134685890,"[0, 4, 12, 14, 16, 20, 21, 24, 26, 27]",10,[],0,0,10,0,0
code_n32_k16_cw3_003_q02,code_n32_k16_cw3_003,q02,validation,27,1135685893,"[0, 4, 7, 10, 11, 12, 15, 21, 22, 24, 26, 28, 30, 31]",14,"[4, 7, 10, 11, 12, 21, 24, 26, 30, 31]",10,1,14,0,0
code_n32_k16_cw3_003_q02,code_n32_k16_cw3_003,q02,validation,28,1136685896,"[0, 13, 17, 19, 20, 22, 26, 28]",8,[],0,0,8,0,0
code_n32_k16_cw3_003_q02,code_n32_k16_cw3_003,q02,validation,29,1137685899,"[0, 4, 9, 16, 17, 19, 20, 21, 23, 24, 29, 31]",12,"[0, 4, 16, 17, 19, 20, 23, 24]",8,1,10,2,1
code_n32_k16_cw3_003_q02,code_n32_k16_cw3_003,q02,validation,30,1138685902,"[4, 7, 9, 10, 14, 17, 19, 20, 23]",9,[],0,0,9,0,0
code_n32_k16_cw3_003_q02,code_n32_k16_cw3_003,q02,validation,31,1139685905,"[0, 1, 2, 4, 8, 15, 17, 24, 28, 29]",10,[],0,0,10,0,0
code_n32_k16_cw3_003_q02,code_n32_k16_cw3_003,q02,validation,32,1140685908,"[2, 3, 6, 7, 16, 21, 22, 23, 26, 29, 31]",11,"[2, 31]",2,1,10,1,1
code_n32_k16_cw3_003_q02,code_n32_k16_cw3_003,q02,validation,33,1141685911,"[0, 5, 16, 20, 23, 26, 30]",7,[],0,0,7,0,0
code_n32_k16_cw3_003_q02,code_n32_k16_cw3_003,q02,validation,34,1142685914,"[5, 7, 9, 11, 12, 16, 19, 20, 23, 30, 31]",11,[],0,0,11,0,0
code_n32_k16_cw3_003_q02,code_n32_k16_cw3_003,q02,validation,35,1143685917,"[1, 15, 16, 17, 20, 21, 23, 25, 27, 28, 31]",11,[],0,0,11,0,0
code_n32_k16_cw3_003_q02,code_n32_k16_cw3_003,q02,validation,36,1144685920,"[2, 3, 5, 9, 11, 20, 22, 23, 27]",9,[],0,0,9,0,0
code_n32_k16_cw3_003_q02,code_n32_k16_cw3_003,q02,validation,37,1145685923,"[13, 15, 17, 19, 20, 23, 24, 25]",8,[],0,0,8,0,0
code_n32_k16_cw3_003_q02,code_n32_k16_cw3_003,q02,validation,38,1146685926,"[4, 5, 6, 9, 11, 14, 18, 20, 22, 25]",10,"[4, 5, 20]",3,1,10,0,0
code_n32_k16_cw3_003_q02,code_n32_k16_cw3_003,q02,validation,39,1147685929,"[1, 4, 8, 13, 14, 15, 16, 17, 18, 22, 24, 28]",12,"[1, 4, 8, 13, 14, 16, 17, 18, 24]",9,1,12,0,0
code_n32_k16_cw3_003_q02,code_n32_k16_cw3_003,q02,validation,40,1148685932,"[2, 6, 8, 9, 11, 12, 13, 14, 19, 21, 25, 26, 28, 31]",14,"[2, 8, 9, 12, 13, 14, 19, 21, 25, 26, 28, 31]",12,1,13,1,1
code_n32_k16_cw3_003_q02,code_n32_k16_cw3_003,q02,validation,41,1149685935,"[0, 5, 13, 16, 19, 27, 28, 29]",8,[],0,0,8,0,0
code_n32_k16_cw3_003_q02,code_n32_k16_cw3_003,q02,validation,42,1150685938,"[1, 2, 4, 5, 9, 11, 15, 19, 27, 31]",10,"[2, 31]",2,1,9,1,1
code_n32_k16_cw3_003_q02,code_n32_k16_cw3_003,q02,validation,43,1151685941,"[4, 13, 16, 19, 20, 27, 29, 31]",8,[],0,0,8,0,0
code_n32_k16_cw3_003_q02,code_n32_k16_cw3_003,q02,validation,44,1152685944,"[4, 5, 6, 7, 9, 11, 12, 13, 15, 19, 25, 31]",12,"[4, 5, 6, 9, 11, 13, 15, 25, 31]",9,1,12,0,0
code_n32_k16_cw3_003_q02,code_n32_k16_cw3_003,q02,validation,45,1153685947,"[1, 2, 4, 5, 13, 16, 26, 29, 30, 31]",10,"[2, 31]",2,1,9,1,1
code_n32_k16_cw3_003_q02,code_n32_k16_cw3_003,q02,validation,46,1154685950,"[2, 9, 10, 13, 16, 21, 23, 25, 30]",9,[],0,0,9,0,0
code_n32_k16_cw3_003_q02,code_n32_k16_cw3_003,q02,validation,47,1155685953,"[2, 3, 9, 10, 11, 13, 15, 16, 18, 19, 22, 25, 29, 30]",14,"[2, 3, 9, 10, 11, 13, 15, 18, 22]",9,1,14,0,0
code_n32_k16_cw3_003_q02,code_n32_k16_cw3_003,q02,validation,48,1156685956,"[0, 3, 7, 10, 17, 28]",6,[],0,0,6,0,0
code_n32_k16_cw3_003_q02,code_n32_k16_cw3_003,q02,validation,49,1157685959,"[3, 10, 11, 12, 23, 28, 29]",7,[],0,0,7,0,0
code_n32_k16_cw3_003_q02,code_n32_k16_cw3_003,q02,validation,50,1158685962,"[2, 6, 13, 15, 16, 17, 21, 24, 25, 26, 27]",11,"[13, 15, 16, 17, 25, 27]",6,1,11,0,0
code_n32_k16_cw3_003_q02,code_n32_k16_cw3_003,q02,validation,51,1159685965,"[2, 3, 12, 13, 14, 19, 20, 25, 26]",9,[],0,0,9,0,0
code_n32_k16_cw3_003_q02,code_n32_k16_cw3_003,q02,validation,52,1160685968,"[3, 12, 16, 17, 18, 19, 20, 22, 23, 24, 26, 29, 30]",13,"[16, 17, 19, 20, 23, 24, 26, 29]",8,1,13,0,0
code_n32_k16_cw3_003_q02,code_n32_k16_cw3_003,q02,validation,53,1161685971,"[1, 5, 8, 9, 15, 18, 21, 22, 23, 25, 26, 27, 28, 29]",14,"[1, 5, 8, 15, 18, 21, 22, 23, 25, 26, 27, 28, 29]",13,1,13,1,1
code_n32_k16_cw3_003_q02,code_n32_k16_cw3_003,q02,validation,54,1162685974,"[5, 9, 15, 16, 18, 21, 28]",7,[],0,0,7,0,0
code_n32_k16_cw3_003_q02,code_n32_k16_cw3_003,q02,validation,55,1163685977,"[0, 1, 5, 6, 9, 10, 11, 12, 13, 14, 20, 22, 23, 25, 27]",15,"[5, 6, 9, 10, 11, 12, 13, 14, 20, 25, 27]",11,1,15,0,0
code_n32_k16_cw3_003_q02,code_n32_k16_cw3_003,q02,validation,56,1164685980,"[6, 7, 10, 11, 14, 19, 21, 22, 24, 27]",10,[],0,0,10,0,0
code_n32_k16_cw3_003_q02,code_n32_k16_cw3_003,q02,validation,57,1165685983,"[1, 2, 8, 11, 12, 13, 14, 15, 18, 20, 26, 29, 30]",13,"[1, 8, 12, 13, 14, 18]",6,1,13,0,0
code_n32_k16_cw3_003_q02,code_n32_k16_cw3_003,q02,validation,58,1166685986,"[0, 4, 5, 16, 20, 22, 24, 26, 28, 29, 30]",11,"[0, 4, 5, 16, 20, 24, 26, 28, 29, 30]",10,1,10,1,1
code_n32_k16_cw3_003_q02,code_n32_k16_cw3_003,q02,validation,59,1167685989,"[1, 2, 3, 6, 8, 9, 19, 22, 26, 30]",10,[],0,0,10,0,0
code_n32_k16_cw3_003_q02,code_n32_k16_cw3_003,q02,validation,60,1168685992,"[11, 21, 22, 27]",4,[],0,0,4,0,0
code_n32_k16_cw3_003_q02,code_n32_k16_cw3_003,q02,validation,61,1169685995,"[2, 10, 12, 13, 14, 15, 26, 27]",8,"[12, 13, 14, 15, 27]",5,1,8,0,0
code_n32_k16_cw3_003_q02,code_n32_k16_cw3_003,q02,validation,62,1170685998,"[2, 4, 5, 6, 9, 10, 11, 12, 13, 20, 22, 24]",12,"[2, 4, 5, 9, 10, 11, 20, 24]",8,1,11,1,1
code_n32_k16_cw3_003_q02,code_n32_k16_cw3_003,q02,validation,63,1171686001,"[1, 2, 4, 9, 12, 14, 19, 21, 22, 28, 31]",11,"[2, 31]",2,1,10,1,1
code_n32_k16_cw3_003_q03,code_n32_k16_cw3_003,q03,validation,0,387305853,"[3, 5, 6, 11, 13, 15, 16, 19, 20, 27, 29, 30]",12,[],0,0,12,0,0
code_n32_k16_cw3_003_q03,code_n32_k16_cw3_003,q03,validation,1,388305856,"[0, 1, 3, 4, 5, 6, 7, 8, 9, 10, 11, 12, 13, 18, 22, 25, 29]",17,"[1, 3, 4, 5, 6, 8, 9, 10, 11, 12, 13, 18, 22, 25, 29]",15,1,14,3,1
code_n32_k16_cw3_003_q03,code_n32_k16_cw3_003,q03,validation,2,389305859,"[8, 11, 15, 18, 21, 22, 23, 27]",8,[],0,0,8,0,0
code_n32_k16_cw3_003_q03,code_n32_k16_cw3_003,q03,validation,3,390305862,"[2, 3, 6, 9, 11, 12, 15, 18, 19, 25, 26, 29, 30, 31]",14,"[2, 3, 6, 9, 11, 15, 19, 25, 26, 31]",10,1,13,1,1
code_n32_k16_cw3_003_q03,code_n32_k16_cw3_003,q03,validation,4,391305865,"[3, 8, 10, 13, 18, 22, 23, 28, 29, 30, 31]",11,"[3, 13, 23, 28, 30]",5,1,10,1,1
code_n32_k16_cw3_003_q03,code_n32_k16_cw3_003,q03,validation,5,392305868,"[0, 1, 2, 4, 7, 9, 12, 14, 18, 19, 21, 23, 24, 25, 29, 30, 31]",17,"[2, 4, 7, 9, 12, 14, 19, 21, 23, 24, 25, 29, 30, 31]",14,1,14,3,1
code_n32_k16_cw3_003_q03,code_n32_k16_cw3_003,q03,validation,6,393305871,"[0, 1, 2, 3, 6, 7, 10, 13, 14, 21, 24, 25, 26, 27]",14,"[3, 6, 7, 10, 13, 14, 21, 25, 27]",9,1,14,0,0
code_n32_k16_cw3_003_q03,code_n32_k16_cw3_003,q03,validation,7,394305874,"[0, 4, 8, 15, 20, 22, 23, 24, 27, 29, 31]",11,[],0,0,11,0,0
code_n32_k16_cw3_003_q03,code_n32_k16_cw3_003,q03,validation,8,395305877,"[0, 1, 4, 6, 8, 9, 11, 16, 17, 19, 24, 30]",12,[],0,0,12,0,0
code_n32_k16_cw3_003_q03,code_n32_k16_cw3_003,q03,validation,9,396305880,"[1, 3, 4, 10, 17, 20, 23, 30]",8,[],0,0,8,0,0
code_n32_k16_cw3_003_q03,code_n32_k16_cw3_003,q03,validation,10,397305883,"[2, 3, 8, 9, 11, 18, 22, 24, 25]",9,[],0,0,9,0,0
code_n32_k16_cw3_003_q03,code_n32_k16_cw3_003,q03,validation,11,398305886,"[0, 1, 6, 7, 16, 18, 24, 26]",8,[],0,0,8,0,0
code_n32_k16_cw3_003_q03,code_n32_k16_cw3_003,q03,validation,12,399305889,"[0, 4, 5, 6, 7, 9, 11, 12, 14, 15, 22, 25, 26, 30, 31]",15,"[4, 5, 6, 7, 9, 11, 12, 14, 15, 25, 26, 30, 31]",13,1,15,0,0
code_n32_k16_cw3_003_q03,code_n32_k16_cw3_003,q03,validation,13,400305892,"[0, 6, 7, 20, 22, 25, 29, 31]",8,[],0,0,8,0,0
code_n32_k16_cw3_003_q03,code_n32_k16_cw3_003,q03,validation,14,401305895,"[2, 3, 4, 5, 10, 14, 15, 16, 20, 22, 24, 25, 26, 28, 29]",15,"[4, 5, 20]",3,1,15,0,0
code_n32_k16_cw3_003_q03,code_n32_k16_cw3_003,q03,validation,15,402305898,"[0, 2, 3, 5, 8, 11, 13, 15, 18, 23, 25, 26, 30]",13,[],0,0,13,0,0
code_n32_k16_cw3_003_q03,code_n32_k16_cw3_003,q03,validation,16,403305901,"[1, 5, 7, 8, 9, 10, 13, 14, 18, 20, 21, 22, 23, 24, 25, 26, 28, 30, 31]",19,"[1, 5, 7, 8, 9, 13, 14, 18, 20, 21, 23, 24, 25, 26, 28, 30, 31]",17,1,15,4,1
code_n32_k16_cw3_003_q03,code_n32_k16_cw3_003,q03,validation,17,404305904,"[1, 8, 9, 14, 17, 18, 20, 21, 22, 29, 31]",11,"[1, 8, 9, 18, 31]",5,1,11,0,0
code_n32_k16_cw3_003_q03,code_n32_k16_cw3_003,q03,validation,18,405305907,"[4, 5, 6, 7, 8, 9, 15, 16, 18, 25, 26, 27, 29, 31]",14,[],0,0,14,0,0
code_n32_k16_cw3_003_q03,code_n32_k16_cw3_003,q03,validation,19,406305910,"[0, 2, 3, 4, 13, 14, 16, 17, 21, 22, 25, 29]",12,"[2, 3, 4, 13, 16, 17, 25, 29]",8,1,12,0,0
code_n32_k16_cw3_003_q03,code_n32_k16_cw3_003,q03,validation,20,407305913,"[0, 5, 10, 14, 15, 16, 18, 21, 22, 24, 25, 27, 30]",13,[],0,0,13,0,0
code_n32_k16_cw3_003_q03,code_n32_k16_cw3_003,q03,validation,21,408305916,"[0, 1, 6, 8, 9, 12, 16, 18, 19, 28, 29, 30]",12,[],0,0,12,0,0
code_n32_k16_cw3_003_q03,code_n32_k16_cw3_003,q03,validation,22,409305919,"[2, 3, 11, 16, 21, 22, 24, 29, 31]",9,"[2, 3, 24, 29, 31]",5,1,8,1,1
code_n32_k16_cw3_003_q03,code_n32_k16_cw3_003,q03,validation,23,410305922,"[0, 1, 2, 5, 7, 8, 9, 12, 20, 23, 25, 27]",12,[],0,0,12,0,0
code_n32_k16_cw3_003_q03,code_n32_k16_cw3_003,q03,validation,24,411305925,"[5, 7, 14, 19, 20, 29]",6,[],0,0,6,0,0
code_n32_k16_cw3_003_q03,code_n32_k16_cw3_003,q03,validation,25,412305928,"[1, 4, 6, 9, 10, 14, 21, 25]",8,[],0,0,8,0,0
code_n32_k16_cw3_003_q03,code_n32_k16_cw3_003,q03,validation,26,413305931,"[5, 13, 14, 15, 24, 25, 26, 29, 30]",9,[],0,0,9,0,0
code_n32_k16_cw3_003_q03,code_n32_k16_cw3_003,q03,validation,27,414305934,"[0, 5, 6, 7, 8, 10, 14, 15, 18, 20, 21, 27, 28, 29]",14,"[5, 6, 7, 8, 10, 14, 15, 21, 27, 29]",10,1,14,0,0
code_n32_k16_cw3_003_q03,code_n32_k16_cw3_003,q03,validation,28,415305937,"[0, 2, 3, 4, 5, 10, 11, 14, 17, 18, 19, 20, 23, 25, 27]",15,"[0, 2, 4, 5, 10, 11, 17, 20, 25]",9,1,14,1,1
code_n32_k16_cw3_003_q03,code_n32_k16_cw3_003,q03,validation,29,416305940,"[6, 7, 8, 10, 14, 15, 25, 26, 29, 30]",10,[],0,0,10,0,0
code_n32_k16_cw3_003_q03,code_n32_k16_cw3_003,q03,validation,30,417305943,"[6, 7, 8, 11, 17, 19, 21, 31]",8,[],0,0,8,0,0
code_n32_k16_cw3_003_q03,code_n32_k16_cw3_003,q03,validation,31,418305946,"[3, 4, 13, 22, 23, 26, 28]",7,[],0,0,7,0,0
code_n32_k16_cw3_003_q03,code_n32_k16_cw3_003,q03,validation,32,419305949,"[1, 2, 5, 6, 7, 9, 10, 11, 12, 15, 16, 19, 21, 24, 28, 29]",16,"[2, 5, 6, 7, 9, 10, 11, 12, 15, 19, 21, 24, 28, 29]",14,1,15,1,1
code_n32_k16_cw3_003_q03,code_n32_k16_cw3_003,q03,validation,33,420305952,"[4, 6, 7, 9, 16, 22, 26, 29]",8,[],0,0,8,0,0
code_n32_k16_cw3_003_q03,code_n32_k16_cw3_003,q03,validation,34,421305955,"[2, 6, 9, 10, 12, 13, 16, 17, 22]",9,"[2, 9, 13, 16, 17]",5,1,9,0,0
code_n32_k16_cw3_003_q03,code_n32_k16_cw3_003,q03,validation,35,422305958,"[2, 3, 6, 13, 19, 23, 24, 26, 27, 28, 30, 31]",12,"[2, 3, 13, 23, 28, 30, 31]",7,1,10,2,1
code_n32_k16_cw3_003_q03,code_n32_k16_cw3_003,q03,validation,36,423305961,"[3, 8, 9, 10, 11, 13, 16, 18, 24, 25, 26, 27, 29, 30]",14,[],0,0,14,0,0
code_n32_k16_cw3_003_q03,code_n32_k16_cw3_003,q03,validation,37,424305964,"[2, 3, 4, 10, 16, 24, 25, 26, 28, 30]",10,"[2, 3, 4, 24, 25, 28, 30]",7,1,10,0,0
code_n32_k16_cw3_003_q03,code_n32_k16_cw3_003,q03,validation,38,425305967,"[2, 7, 8, 20, 23, 26]",6,[],0,0,6,0,0
code_n32_k16_cw3_003_q03,code_n32_k16_cw3_003,q03,validation,39,426305970,"[0, 2, 4, 5, 6, 10, 11, 13, 14, 15, 18, 21, 29]",13,"[2, 4, 5, 6, 10, 11, 13, 15]",8,1,13,0,0
code_n32_k16_cw3_003_q03,code_n32_k16_cw3_003,q03,validation,40,427305973,"[0, 10, 11, 13, 16, 17, 19, 25, 29]",9,"[0, 10, 11, 13, 16, 17, 25]",7,1,9,0,0
code_n32_k16_cw3_003_q03,code_n32_k16_cw3_003,q03,validation,41,428305976,"[1, 2, 6, 8, 11, 12, 15, 16, 21, 23, 26, 30, 31]",13,"[2, 6, 8, 11, 12, 15, 21, 23, 26, 30, 31]",11,1,12,1,1
code_n32_k16_cw3_003_q03,code_n32_k16_cw3_003,q03,validation,42,429305979,"[1, 5, 8, 11, 12, 13, 22, 24, 26, 27, 28]",11,[],0,0,11,0,0
code_n32_k16_cw3_003_q03,code_n32_k16_cw3_003,q03,validation,43,430305982,"[2, 3, 8, 10, 12, 13, 14, 29, 31]",9,"[2, 12, 13, 14, 31]",5,1,8,1,1
code_n32_k16_cw3_003_q03,code_n32_k16_cw3_003,q03,validation,44,431305985,"[0, 1, 2, 4, 6, 7, 9, 12, 16, 20, 22, 23, 25, 29, 30]",15,"[0, 4, 7, 9, 16, 20, 23, 25, 29, 30]",10,1,14,1,1
code_n32_k16_cw3_003_q03,code_n32_k16_cw3_003,q03,validation,45,432305988,"[2, 4, 5, 7, 9, 16, 18, 23, 24, 25, 28, 29, 30]",13,"[4, 7, 9, 23, 24, 25, 28, 29, 30]",9,1,12,1,1
code_n32_k16_cw3_003_q03,code_n32_k16_cw3_003,q03,validation,46,433305991,"[0, 6, 8, 9, 10, 11, 12, 15, 21, 22, 24, 28, 30, 31]",14,"[6, 8, 9, 10, 11, 12, 15, 21, 28, 30, 31]",11,1,13,1,1
code_n32_k16_cw3_003_q03,code_n32_k16_cw3_003,q03,validation,47,434305994,"[0, 1, 3, 4, 5, 6, 7, 12, 14, 18, 20, 21, 22, 30]",14,"[1, 3, 4, 5, 7, 12, 18, 20, 21]",9,1,14,0,0
code_n32_k16_cw3_003_q03,code_n32_k16_cw3_003,q03,validation,48,435305997,"[0, 5, 7, 8, 9, 10, 14, 17, 19, 21, 22, 24, 26, 28]",14,"[0, 5, 7, 9, 14, 17, 19, 21, 24, 26, 28]",11,1,13,1,1
code_n32_k16_cw3_003_q03,code_n32_k16_cw3_003,q03,validation,49,436306000,"[1, 2, 3, 5, 10, 11, 12, 14, 20, 21, 25, 27, 30]",13,[],0,0,13,0,0
code_n32_k16_cw3_003_q03,code_n32_k16_cw3_003,q03,validation,50,437306003,"[2, 5, 8, 13, 16, 17, 18, 21, 24, 29, 30]",11,[],0,0,11,0,0
code_n32_k16_cw3_003_q03,code_n32_k16_cw3_003,q03,validation,51,438306006,"[3, 7, 9, 11, 12, 16, 21, 23, 28, 29]",10,"[3, 12, 21, 23, 28]",5,1,10,0,0
code_n32_k16_cw3_003_q03,code_n32_k16_cw3_003,q03,validation,52,439306009,"[3, 6, 9, 12, 13, 17, 20, 21, 22, 25, 26, 29]",12,[],0,0,12,0,0
code_n32_k16_cw3_003_q03,code_n32_k16_cw3_003,q03,validation,53,440306012,"[0, 1, 2, 5, 7, 8, 11, 14, 17, 19, 20, 22, 25, 28, 29]",15,"[0, 2, 5, 7, 8, 14, 17, 19, 20, 25, 28]",11,1,15,0,0
code_n32_k16_cw3_003_q03,code_n32_k16_cw3_003,q03,validation,54,441306015,"[1, 2, 5, 9, 11, 13, 17, 20, 22, 24, 25, 29, 31]",13,"[2, 5, 9, 13, 20, 24, 25, 31]",8,1,12,1,1
code_n32_k16_cw3_003_q03,code_n32_k16_cw3_003,q03,validation,55,442306018,"[2, 4, 8, 10, 12, 14, 17, 23, 28]",9,[],0,0,9,0,0
code_n32_k16_cw3_003_q03,code_n32_k16_cw3_003,q03,validation,56,443306021,"[0, 1, 2, 8, 10, 12, 14, 24, 25, 29]",10,[],0,0,10,0,0
code_n32_k16_cw3_003_q03,code_n32_k16_cw3_003,q03,validation,57,444306024,"[3, 6, 10, 11, 14, 19, 20, 24, 27, 31]",10,"[6, 10, 11, 20, 24, 27, 31]",7,1,10,0,0
code_n32_k16_cw3_003_q03,code_n32_k16_cw3_003,q03,validation,58,445306027,"[4, 9, 12, 13, 15, 24, 28, 29, 30, 31]",10,"[9, 13, 24, 28, 29, 30, 31]",7,1,10,0,0
code_n32_k16_cw3_003_q03,code_n32_k16_cw3_003,q03,validation,59,446306030,"[1, 3, 6, 8, 12, 15, 22, 26, 27, 30, 31]",11,"[1, 3, 12, 22, 27]",5,1,11,0,0
code_n32_k16_cw3_003_q03,code_n32_k16_cw3_003,q03,validation,60,447306033,"[0, 3, 4, 11, 13, 16, 18, 22, 23, 26, 28, 29, 30]",13,"[3, 13, 23, 28, 30]",5,1,12,1,1
code_n32_k16_cw3_003_q03,code_n32_k16_cw3_003,q03,validation,61,448306036,"[0, 3, 9, 13, 14, 20, 22, 23, 25, 27, 29, 30, 31]",13,[],0,0,13,0,0
code_n32_k16_cw3_003_q03,code_n32_k16_cw3_003,q03,validation,62,449306039,"[0, 2, 5, 7, 11, 12, 13, 15, 19, 20, 21, 22, 23, 24, 25, 26, 27]",17,"[2, 5, 7, 12, 13, 15, 19, 20, 21, 23, 24, 25, 26, 27]",14,1,16,1,1
code_n32_k16_cw3_003_q03,code_n32_k16_cw3_003,q03,validation,63,450306042,"[1, 3, 4, 5, 6, 7, 11, 12, 14, 15, 16, 21, 24, 25, 28, 29, 30, 31]",18,"[3, 4, 5, 6, 7, 11, 12, 14, 15, 21, 24, 25, 28, 29, 30, 31]",16,1,16,2,1
code_n32_k16_cw3_004_q00,code_n32_k16_cw3_004,q00,train,0,3135342013,"[0, 4, 15, 17, 29]",5,[],0,0,5,0,0
code_n32_k16_cw3_004_q00,code_n32_k16_cw3_004,q00,train,1,3136342016,"[3, 6, 14, 15, 22, 25]",6,[],0,0,6,0,0
code_n32_k16_cw3_004_q00,code_n32_k16_cw3_004,q00,train,2,3137342019,[0],1,[],0,0,1,0,0
code_n32_k16_cw3_004_q00,code_n32_k16_cw3_004,q00,train,3,3138342022,"[4, 12, 19, 24]",4,[],0,0,4,0,0
code_n32_k16_cw3_004_q00,code_n32_k16_cw3_004,q00,train,4,3139342025,"[0, 2, 10, 13, 15, 16, 19, 22, 23, 29, 31]",11,[],0,0,11,0,0
code_n32_k16_cw3_004_q00,code_n32_k16_cw3_004,q00,train,5,3140342028,"[3, 8, 9, 13, 15, 21, 24, 25, 27, 30]",10,[],0,0,10,0,0
code_n32_k16_cw3_004_q00,code_n32_k16_cw3_004,q00,train,6,3141342031,"[6, 10, 11, 15, 16, 17, 28]",7,[],0,0,7,0,0
code_n32_k16_cw3_004_q00,code_n32_k16_cw3_004,q00,train,7,3142342034,"[9, 12, 15, 16, 24, 26]",6,[],0,0,6,0,0
code_n32_k16_cw3_004_q00,code_n32_k16_cw3_004,q00,train,8,3143342037,"[3, 7, 16, 20, 24]",5,[],0,0,5,0,0
code_n32_k16_cw3_004_q00,code_n32_k16_cw3_004,q00,train,9,3144342040,"[10, 19, 26, 27, 30]",5,[],0,0,5,0,0
code_n32_k16_cw3_004_q00,code_n32_k16_cw3_004,q00,train,10,3145342043,"[5, 6, 18, 20, 28, 30]",6,[],0,0,6,0,0
code_n32_k16_cw3_004_q00,code_n32_k16_cw3_004,q00,train,11,3146342046,"[0, 7, 8, 14, 20]",5,[],0,0,5,0,0
code_n32_k16_cw3_004_q00,code_n32_k16_cw3_004,q00,train,12,3147342049,"[0, 17, 18, 25]",4,[],0,0,4,0,0
code_n32_k16_cw3_004_q00,code_n32_k16_cw3_004,q00,train,13,3148342052,"[2, 4, 11, 13, 25, 26, 29, 31]",8,[],0,0,8,0,0
code_n32_k16_cw3_004_q00,code_n32_k16_cw3_004,q00,train,14,3149342055,"[1, 14, 25, 27]",4,[],0,0,4,0,0
code_n32_k16_cw3_004_q00,code_n32_k16_cw3_004,q00,train,15,3150342058,"[3, 14, 25, 28, 29, 30]",6,[],0,0,6,0,0
code_n32_k16_cw3_004_q00,code_n32_k16_cw3_004,q00,train,16,3151342061,"[3, 4, 17, 29]",4,[],0,0,4,0,0
code_n32_k16_cw3_004_q00,code_n32_k16_cw3_004,q00,train,17,3152342064,"[6, 7, 8, 22, 23, 26]",6,[],0,0,6,0,0
code_n32_k16_cw3_004_q00,code_n32_k16_cw3_004,q00,train,18,3153342067,"[2, 3, 8, 13, 14, 27]",6,[],0,0,6,0,0
code_n32_k16_cw3_004_q00,code_n32_k16_cw3_004,q00,train,19,3154342070,"[4, 16, 19, 20, 21, 22]",6,[],0,0,6,0,0
code_n32_k16_cw3_004_q00,code_n32_k16_cw3_004,q00,train,20,3155342073,"[10, 14, 20, 21]",4,[],0,0,4,0,0
code_n32_k16_cw3_004_q00,code_n32_k16_cw3_004,q00,train,21,3156342076,"[10, 13, 15, 25, 31]",5,[],0,0,5,0,0
code_n32_k16_cw3_004_q00,code_n32_k16_cw3_004,q00,train,22,3157342079,"[10, 12, 28]",3,[],0,0,3,0,0
code_n32_k16_cw3_004_q00,code_n32_k16_cw3_004,q00,train,23,3158342082,"[0, 1, 5, 8, 19, 26, 29, 31]",8,[],0,0,8,0,0
code_n32_k16_cw3_004_q00,code_n32_k16_cw3_004,q00,train,24,3159342085,"[3, 5, 6, 7, 12]",5,[],0,0,5,0,0
code_n32_k16_cw3_004_q00,code_n32_k16_cw3_004,q00,train,25,3160342088,"[8, 17, 18]",3,[],0,0,3,0,0
code_n32_k16_cw3_004_q00,code_n32_k16_cw3_004,q00,train,26,3161342091,"[4, 8, 11, 25]",4,[],0,0,4,0,0
code_n32_k16_cw3_004_q00,code_n32_k16_cw3_004,q00,train,27,3162342094,"[4, 8, 16, 23, 28]",5,[],0,0,5,0,0
code_n32_k16_cw3_004_q00,code_n32_k16_cw3_004,q00,train,28,3163342097,"[8, 14, 28, 29]",4,[],0,0,4,0,0
code_n32_k16_cw3_004_q00,code_n32_k16_cw3_004,q00,train,29,3164342100,"[4, 17, 19, 25, 30, 31]",6,[],0,0,6,0,0
code_n32_k16_cw3_004_q00,code_n32_k16_cw3_004,q00,train,30,3165342103,"[13, 17, 20, 30]",4,[],0,0,4,0,0
code_n32_k16_cw3_004_q00,code_n32_k16_cw3_004,q00,train,31,3166342106,"[15, 17, 27]",3,[],0,0,3,0,0
code_n32_k16_cw3_004_q00,code_n32_k16_cw3_004,q00,train,32,3167342109,"[4, 8, 15, 17, 19, 22, 24, 26]",8,[],0,0,8,0,0
code_n32_k16_cw3_004_q00,code_n32_k16_cw3_004,q00,train,33,3168342112,"[13, 23, 25, 27]",4,[],0,0,4,0,0
code_n32_k16_cw3_004_q00,code_n32_k16_cw3_004,q00,train,34,3169342115,"[2, 8, 9]",3,[],0,0,3,0,0
code_n32_k16_cw3_004_q00,code_n32_k16_cw3_004,q00,train,35,3170342118,"[6, 11, 12, 14, 19, 20]",6,[],0,0,6,0,0
code_n32_k16_cw3_004_q00,code_n32_k16_cw3_004,q00,train,36,3171342121,"[5, 11, 22, 24, 25, 27, 28]",7,[],0,0,7,0,0
code_n32_k16_cw3_004_q00,code_n32_k16_cw3_004,q00,train,37,3172342124,"[12, 14, 26, 30, 31]",5,[],0,0,5,0,0
code_n32_k16_cw3_004_q00,code_n32_k16_cw3_004,q00,train,38,3173342127,"[4, 5, 7, 16, 25, 26]",6,[],0,0,6,0,0
code_n32_k16_cw3_004_q00,code_n32_k16_cw3_004,q00,train,39,3174342130,"[3, 9, 14]",3,[],0,0,3,0,0
code_n32_k16_cw3_004_q00,code_n32_k16_cw3_004,q00,train,40,3175342133,"[5, 6, 9, 10, 14]",5,[],0,0,5,0,0
code_n32_k16_cw3_004_q00,code_n32_k16_cw3_004,q00,train,41,3176342136,"[0, 14, 19, 22]",4,[],0,0,4,0,0
code_n32_k16_cw3_004_q00,code_n32_k16_cw3_004,q00,train,42,3177342139,"[0, 1, 5, 11, 13, 18, 21, 22]",8,[],0,0,8,0,0
code_n32_k16_cw3_004_q00,code_n32_k16_cw3_004,q00,train,43,3178342142,"[2, 3, 6, 10, 14, 15, 24, 25, 28]",9,[],0,0,9,0,0
code_n32_k16_cw3_004_q00,code_n32_k16_cw3_004,q00,train,44,3179342145,"[1, 9, 13, 17, 28]",5,[],0,0,5,0,0
code_n32_k16_cw3_004_q00,code_n32_k16_cw3_004,q00,train,45,3180342148,"[1, 9, 13, 23, 29]",5,[],0,0,5,0,0
code_n32_k16_cw3_004_q00,code_n32_k16_cw3_004,q00,train,46,3181342151,"[0, 3, 6, 12, 15, 22, 25]",7,[],0,0,7,0,0
code_n32_k16_cw3_004_q00,code_n32_k16_cw3_004,q00,train,47,3182342154,"[2, 3, 6, 16, 20, 23, 27, 31]",8,[],0,0,8,0,0
code_n32_k16_cw3_004_q00,code_n32_k16_cw3_004,q00,train,48,3183342157,"[11, 19, 20, 22, 29, 30]",6,[],0,0,6,0,0
code_n32_k16_cw3_004_q00,code_n32_k16_cw3_004,q00,train,49,3184342160,"[0, 1, 7, 19, 21, 24, 29, 30]",8,[],0,0,8,0,0
code_n32_k16_cw3_004_q00,code_n32_k16_cw3_004,q00,train,50,3185342163,"[3, 7, 13, 16, 18, 25, 27]",7,[],0,0,7,0,0
code_n32_k16_cw3_004_q00,code_n32_k16_cw3_004,q00,train,51,3186342166,"[3, 6, 17, 18, 21, 23, 27]",7,[],0,0,7,0,0
code_n32_k16_cw3_004_q00,code_n32_k16_cw3_004,q00,train,52,3187342169,"[6, 7, 9, 11, 20, 21]",6,[],0,0,6,0,0
code_n32_k16_cw3_004_q00,code_n32_k16_cw3_004,q00,train,53,3188342172,"[3, 17, 19, 24, 26, 27]",6,[],0,0,6,0,0
code_n32_k16_cw3_004_q00,code_n32_k16_cw3_004,q00,train,54,3189342175,"[10, 16, 24, 25, 30, 31]",6,[],0,0,6,0,0
code_n32_k16_cw3_004_q00,code_n32_k16_cw3_004,q00,train,55,3190342178,"[3, 4, 10, 11, 17, 20, 23, 26]",8,[],0,0,8,0,0
code_n32_k16_cw3_004_q00,code_n32_k16_cw3_004,q00,train,56,3191342181,"[4, 10, 11, 12, 13, 14, 15, 23, 25, 27]",10,[],0,0,10,0,0
code_n32_k16_cw3_004_q00,code_n32_k16_cw3_004,q00,train,57,3192342184,"[9, 13, 15, 19, 20, 23, 25, 26, 31]",9,[],0,0,9,0,0
code_n32_k16_cw3_004_q00,code_n32_k16_cw3_004,q00,train,58,3193342187,"[6, 10, 16, 18, 22, 27]",6,[],0,0,6,0,0
code_n32_k16_cw3_004_q00,code_n32_k16_cw3_004,q00,train,59,3194342190,"[1, 3, 12, 18, 22, 29]",6,[],0,0,6,0,0
code_n32_k16_cw3_004_q00,code_n32_k16_cw3_004,q00,train,60,3195342193,"[2, 15, 21, 27, 30, 31]",6,[],0,0,6,0,0
code_n32_k16_cw3_004_q00,code_n32_k16_cw3_004,q00,train,61,3196342196,"[1, 3, 6, 8, 12, 15]",6,[],0,0,6,0,0
code_n32_k16_cw3_004_q00,code_n32_k16_cw3_004,q00,train,62,3197342199,"[6, 12, 14, 15, 16, 21, 23, 27]",8,[],0,0,8,0,0
code_n32_k16_cw3_004_q00,code_n32_k16_cw3_004,q00,train,63,3198342202,"[3, 7, 12, 15, 24]",5,[],0,0,5,0,0
code_n32_k16_cw3_004_q01,code_n32_k16_cw3_004,q01,train,0,2413962054,"[0, 2, 6, 15, 16, 18, 23, 25]",8,[],0,0,8,0,0
code_n32_k16_cw3_004_q01,code_n32_k16_cw3_004,q01,train,1,2414962057,"[1, 2, 7, 11, 12, 16, 22, 25, 31]",9,[],0,0,9,0,0
code_n32_k16_cw3_004_q01,code_n32_k16_cw3_004,q01,train,2,2415962060,"[4, 8, 12, 14, 15, 18, 22, 24, 26, 28, 30, 31]",12,[],0,0,12,0,0
code_n32_k16_cw3_004_q01,code_n32_k16_cw3_004,q01,train,3,2416962063,"[1, 6, 21]",3,[],0,0,3,0,0
code_n32_k16_cw3_004_q01,code_n32_k16_cw3_004,q01,train,4,2417962066,"[3, 6, 14, 16, 19, 24, 29, 31]",8,[],0,0,8,0,0
code_n32_k16_cw3_004_q01,code_n32_k16_cw3_004,q01,train,5,2418962069,"[0, 1, 2, 3, 8, 16, 22, 27, 29]",9,[],0,0,9,0,0
code_n32_k16_cw3_004_q01,code_n32_k16_cw3_004,q01,train,6,2419962072,"[0, 9, 11, 18, 19]",5,[],0,0,5,0,0
code_n32_k16_cw3_004_q01,code_n32_k16_cw3_004,q01,train,7,2420962075,"[4, 10, 12, 14, 15, 21, 24, 27, 28]",9,[],0,0,9,0,0
code_n32_k16_cw3_004_q01,code_n32_k16_cw3_004,q01,train,8,2421962078,"[0, 13, 23]",3,[],0,0,3,0,0
code_n32_k16_cw3_004_q01,code_n32_k16_cw3_004,q01,train,9,2422962081,"[2, 6, 13, 14, 16, 19, 24, 28]",8,[],0,0,8,0,0
code_n32_k16_cw3_004_q01,code_n32_k16_cw3_004,q01,train,10,2423962084,"[3, 9, 10, 20, 23, 24, 25, 29, 31]",9,[],0,0,9,0,0
code_n32_k16_cw3_004_q01,code_n32_k16_cw3_004,q01,train,11,2424962087,"[1, 3, 5, 12, 13, 15, 20, 21, 24, 25, 31]",11,[],0,0,11,0,0
code_n32_k16_cw3_004_q01,code_n32_k16_cw3_004,q01,train,12,2425962090,"[11, 16, 19, 23, 24, 26, 31]",7,[],0,0,7,0,0
code_n32_k16_cw3_004_q01,code_n32_k16_cw3_004,q01,train,13,2426962093,"[5, 6, 8, 13, 15]",5,[],0,0,5,0,0
code_n32_k16_cw3_004_q01,code_n32_k16_cw3_004,q01,train,14,2427962096,"[0, 1, 5, 11, 12, 28]",6,[],0,0,6,0,0
code_n32_k16_cw3_004_q01,code_n32_k16_cw3_004,q01,train,15,2428962099,"[1, 2, 8, 12, 13, 17, 18, 25, 27, 31]",10,[],0,0,10,0,0
code_n32_k16_cw3_004_q01,code_n32_k16_cw3_004,q01,train,16,2429962102,"[5, 6, 16, 19, 20, 21, 30]",7,[],0,0,7,0,0
code_n32_k16_cw3_004_q01,code_n32_k16_cw3_004,q01,train,17,2430962105,"[4, 14, 16, 22, 26, 28, 29]",7,[],0,0,7,0,0
code_n32_k16_cw3_004_q01,code_n32_k16_cw3_004,q01,train,18,2431962108,"[1, 2, 10, 11, 22, 25, 26, 27, 28]",9,"[2, 10, 11, 22, 25, 26, 27, 28]",8,1,9,0,0
code_n32_k16_cw3_004_q01,code_n32_k16_cw3_004,q01,train,19,2432962111,"[18, 26, 29, 31]",4,[],0,0,4,0,0
code_n32_k16_cw3_004_q01,code_n32_k16_cw3_004,q01,train,20,2433962114,"[3, 4, 11, 13, 15, 16, 21, 24]",8,[],0,0,8,0,0
code_n32_k16_cw3_004_q01,code_n32_k16_cw3_004,q01,train,21,2434962117,"[13, 18, 19, 21, 23, 25, 30]",7,[],0,0,7,0,0
code_n32_k16_cw3_004_q01,code_n32_k16_cw3_004,q01,train,22,2435962120,"[8, 10, 12, 13, 25, 30]",6,[],0,0,6,0,0
code_n32_k16_cw3_004_q01,code_n32_k16_cw3_004,q01,train,23,2436962123,"[1, 13, 16, 17, 19, 21, 26, 31]",8,[],0,0,8,0,0
code_n32_k16_cw3_004_q01,code_n32_k16_cw3_004,q01,train,24,2437962126,"[0, 2, 3, 8, 10, 11, 13, 17, 21, 28]",10,[],0,0,10,0,0
code_n32_k16_cw3_004_q01,code_n32_k16_cw3_004,q01,train,25,2438962129,"[3, 4, 6, 8, 19, 22, 26, 28]",8,[],0,0,8,0,0
code_n32_k16_cw3_004_q01,code_n32_k16_cw3_004,q01,train,26,2439962132,"[1, 3, 4, 5, 8, 9, 11, 12, 28]",9,[],0,0,9,0,0
code_n32_k16_cw3_004_q01,code_n32_k16_cw3_004,q01,train,27,2440962135,"[15, 22, 23, 25, 28]",5,[],0,0,5,0,0
code_n32_k16_cw3_004_q01,code_n32_k16_cw3_004,q01,train,28,2441962138,"[1, 3, 4, 5, 7, 9, 15, 17, 21, 24, 25, 27, 28, 31]",14,"[1, 3, 4, 5, 7, 9, 15, 17, 21, 24, 25, 27, 28]",13,1,14,0,0
code_n32_k16_cw3_004_q01,code_n32_k16_cw3_004,q01,train,29,2442962141,"[1, 5, 6, 7, 10, 11, 15, 16, 17, 20, 22, 24, 27, 28, 29]",15,"[1, 5, 10, 11, 15, 16, 17, 20, 24, 27, 28, 29]",12,1,14,1,1
code_n32_k16_cw3_004_q01,code_n32_k16_cw3_004,q01,train,30,2443962144,"[0, 3, 7, 11, 20, 22, 23]",7,[],0,0,7,0,0
code_n32_k16_cw3_004_q01,code_n32_k16_cw3_004,q01,train,31,2444962147,"[0, 12, 13]",3,[],0,0,3,0,0
code_n32_k16_cw3_004_q01,code_n32_k16_cw3_004,q01,train,32,2445962150,"[0, 6, 11, 16, 22, 23]",6,[],0,0,6,0,0
code_n32_k16_cw3_004_q01,code_n32_k16_cw3_004,q01,train,33,2446962153,"[4, 6, 7, 14, 16]",5,[],0,0,5,0,0
code_n32_k16_cw3_004_q01,code_n32_k16_cw3_004,q01,train,34,2447962156,"[9, 11, 12, 17, 20, 21, 22, 28]",8,[],0,0,8,0,0
code_n32_k16_cw3_004_q01,code_n32_k16_cw3_004,q01,train,35,2448962159,"[2, 5, 12, 14, 16, 18, 19, 22, 26, 28, 30]",11,"[2, 5, 12, 14, 16, 19, 22, 26, 28]",9,1,11,0,0
code_n32_k16_cw3_004_q01,code_n32_k16_cw3_004,q01,train,36,2449962162,"[5, 11, 13, 17, 18, 19, 24, 26]",8,[],0,0,8,0,0
code_n32_k16_cw3_004_q01,code_n32_k16_cw3_004,q01,train,37,2450962165,"[0, 4, 5, 7, 9, 10, 13, 19, 21, 22, 24, 25, 29, 30]",14,"[0, 4, 5, 9, 10, 13, 19, 24]",8,1,14,0,0
code_n32_k16_cw3_004_q01,code_n32_k16_cw3_004,q01,train,38,2451962168,"[9, 11, 15, 17, 19, 21, 31]",7,[],0,0,7,0,0
code_n32_k16_cw3_004_q01,code_n32_k16_cw3_004,q01,train,39,2452962171,"[1, 5, 6, 13, 14, 16, 17, 22]",8,"[13, 14, 16, 22]",4,1,7,1,1
code_n32_k16_cw3_004_q01,code_n32_k16_cw3_004,q01,train,40,2453962174,"[0, 15, 20, 21, 22, 23, 27, 29, 30]",9,[],0,0,9,0,0
code_n32_k16_cw3_004_q01,code_n32_k16_cw3_004,q01,train,41,2454962177,"[0, 2, 3, 4, 6, 8, 15, 25, 26, 30]",10,[],0,0,10,0,0
code_n32_k16_cw3_004_q01,code_n32_k16_cw3_004,q01,train,42,2455962180,"[2, 7, 9, 10, 12, 17, 18, 20, 26, 28]",10,[],0,0,10,0,0
code_n32_k16_cw3_004_q01,code_n32_k16_cw3_004,q01,train,43,2456962183,"[5, 8, 11, 15, 17, 19, 20, 21, 23, 27]",10,[],0,0,10,0,0
code_n32_k16_cw3_004_q01,code_n32_k16_cw3_004,q01,train,44,2457962186,"[8, 15, 22, 31]",4,[],0,0,4,0,0
code_n32_k16_cw3_004_q01,code_n32_k16_cw3_004,q01,train,45,2458962189,"[5, 11, 17, 22, 27, 29]",6,[],0,0,6,0,0
code_n32_k16_cw3_004_q01,code_n32_k16_cw3_004,q01,train,46,2459962192,"[6, 9, 10, 21]",4,[],0,0,4,0,0
code_n32_k16_cw3_004_q01,code_n32_k16_cw3_004,q01,train,47,2460962195,"[3, 12, 17, 23, 25]",5,[],0,0,5,0,0
code_n32_k16_cw3_004_q01,code_n32_k16_cw3_004,q01,train,48,2461962198,"[4, 11, 16, 24, 31]",5,[],0,0,5,0,0
code_n32_k16_cw3_004_q01,code_n32_k16_cw3_004,q01,train,49,2462962201,"[0, 4, 12, 16, 19]",5,[],0,0,5,0,0
code_n32_k16_cw3_004_q01,code_n32_k16_cw3_004,q01,train,50,2463962204,"[1, 5, 6, 9, 17, 22]",6,[],0,0,6,0,0
code_n32_k16_cw3_004_q01,code_n32_k16_cw3_004,q01,train,51,2464962207,"[1, 4, 13, 20, 21, 24]",6,[],0,0,6,0,0
code_n32_k16_cw3_004_q01,code_n32_k16_cw3_004,q01,train,52,2465962210,"[2, 9, 11, 14, 19, 20, 21, 29, 30]",9,[],0,0,9,0,0
code_n32_k16_cw3_004_q01,code_n32_k16_cw3_004,q01,train,53,2466962213,"[12, 17, 18, 25, 26, 28]",6,[],0,0,6,0,0
code_n32_k16_cw3_004_q01,code_n32_k16_cw3_004,q01,train,54,2467962216,"[7, 10, 13, 18, 19, 25]",6,[],0,0,6,0,0
code_n32_k16_cw3_004_q01,code_n32_k16_cw3_004,q01,train,55,2468962219,"[1, 2, 11, 12, 14]",5,"[2, 11, 12, 14]",4,1,4,1,1
code_n32_k16_cw3_004_q01,code_n32_k16_cw3_004,q01,train,56,2469962222,"[0, 8, 9, 16, 25]",5,[],0,0,5,0,0
code_n32_k16_cw3_004_q01,code_n32_k16_cw3_004,q01,train,57,2470962225,"[2, 3, 4, 6, 8, 13, 15, 19, 22, 27]",10,[],0,0,10,0,0
code_n32_k16_cw3_004_q01,code_n32_k16_cw3_004,q01,train,58,2471962228,"[5, 6, 10, 17, 19, 21, 24, 25, 26, 27, 28]",11,"[10, 17, 19, 21, 25, 27, 28]",7,1,11,0,0
code_n32_k16_cw3_004_q01,code_n32_k16_cw3_004,q01,train,59,2472962231,"[1, 3, 5, 16, 19, 25, 28, 29]",8,[],0,0,8,0,0
code_n32_k16_cw3_004_q01,code_n32_k16_cw3_004,q01,train,60,2473962234,"[9, 14, 16, 25]",4,[],0,0,4,0,0
code_n32_k16_cw3_004_q01,code_n32_k16_cw3_004,q01,train,61,2474962237,"[0, 2, 3, 11, 16, 17, 19, 23]",8,[],0,0,8,0,0
code_n32_k16_cw3_004_q01,code_n32_k16_cw3_004,q01,train,62,2475962240,"[0, 3, 7, 8, 15, 18, 20, 23, 24, 28, 30]",11,[],0,0,11,0,0
code_n32_k16_cw3_004_q01,code_n32_k16_cw3_004,q01,train,63,2476962243,"[4, 6, 14, 15, 23, 27, 28]",7,[],0,0,7,0,0
code_n32_k16_cw3_004_q02,code_n32_k16_cw3_004,q02,train,0,1692582095,"[6, 11, 12, 18, 19, 25, 27, 31]",8,[],0,0,8,0,0
code_n32_k16_cw3_004_q02,code_n32_k16_cw3_004,q02,train,1,1693582098,"[2, 5, 6, 8, 15, 16, 22, 24, 25, 27]",10,[],0,0,10,0,0
code_n32_k16_cw3_004_q02,code_n32_k16_cw3_004,q02,train,2,1694582101,"[0, 1, 4, 10, 11, 19, 20, 30, 31]",9,[],0,0,9,0,0
code_n32_k16_cw3_004_q02,code_n32_k16_cw3_004,q02,train,3,1695582104,"[6, 7, 9, 12, 15, 16, 18, 23, 25, 26]",10,[],0,0,10,0,0
code_n32_k16_cw3_004_q02,code_n32_k16_cw3_004,q02,train,4,1696582107,"[11, 14, 17, 20, 24, 25, 28, 29, 30]",9,[],0,0,9,0,0
code_n32_k16_cw3_004_q02,code_n32_k16_cw3_004,q02,train,5,1697582110,"[0, 1, 3, 5, 8, 13, 15, 16, 17, 18, 22, 23, 26, 30]",14,"[0, 1, 3, 5, 8, 16, 18, 23]",8,1,12,2,1
code_n32_k16_cw3_004_q02,code_n32_k16_cw3_004,q02,train,6,1698582113,"[12, 13, 14, 16, 18, 19, 20, 21, 26, 29]",10,[],0,0,10,0,0
code_n32_k16_cw3_004_q02,code_n32_k16_cw3_004,q02,train,7,1699582116,"[0, 7, 9, 12, 13, 14, 17, 18, 19, 23, 25, 29]",12,[],0,0,12,0,0
code_n32_k16_cw3_004_q02,code_n32_k16_cw3_004,q02,train,8,1700582119,"[9, 10, 22, 25, 27]",5,[],0,0,5,0,0
code_n32_k16_cw3_004_q02,code_n32_k16_cw3_004,q02,train,9,1701582122,"[1, 2, 3, 4, 6, 11, 14, 23, 25, 26, 27, 28, 29, 30]",14,"[1, 25, 28, 29, 30]",5,1,14,0,0
code_n32_k16_cw3_004_q02,code_n32_k16_cw3_004,q02,train,10,1702582125,"[1, 2, 5, 9, 13, 14, 15, 16, 18, 19, 23, 27]",12,[],0,0,12,0,0
code_n32_k16_cw3_004_q02,code_n32_k16_cw3_004,q02,train,11,1703582128,"[2, 4, 6, 8, 10, 11, 15, 17, 19, 21, 22]",11,[],0,0,11,0,0
code_n32_k16_cw3_004_q02,code_n32_k16_cw3_004,q02,train,12,1704582131,"[1, 8, 11, 14, 15, 16, 17, 21, 23, 29]",10,"[1, 8, 16, 23]",4,1,9,1,1
code_n32_k16_cw3_004_q02,code_n32_k16_cw3_004,q02,train,13,1705582134,"[2, 7, 11, 15, 24]",5,[],0,0,5,0,0
code_n32_k16_cw3_004_q02,code_n32_k16_cw3_004,q02,train,14,1706582137,"[0, 3, 8, 9, 21]",5,[],0,0,5,0,0
code_n32_k16_cw3_004_q02,code_n32_k16_cw3_004,q02,train,15,1707582140,"[3, 4, 8, 12, 13, 18, 19, 20, 23, 26, 29]",11,[],0,0,11,0,0
code_n32_k16_cw3_004_q02,code_n32_k16_cw3_004,q02,train,16,1708582143,"[1, 4, 8, 10, 15, 17, 20, 25, 27, 28]",10,[],0,0,10,0,0
code_n32_k16_cw3_004_q02,code_n32_k16_cw3_004,q02,train,17,1709582146,"[0, 1, 11, 17, 19, 21, 24]",7,[],0,0,7,0,0
code_n32_k16_cw3_004_q02,code_n32_k16_cw3_004,q02,train,18,1710582149,"[2, 4, 9, 22, 26, 27]",6,[],0,0,6,0,0
code_n32_k16_cw3_004_q02,code_n32_k16_cw3_004,q02,train,19,1711582152,"[2, 7, 8, 11, 12, 17, 23]",7,[],0,0,7,0,0
code_n32_k16_cw3_004_q02,code_n32_k16_cw3_004,q02,train,20,1712582155,"[2, 3, 5, 6, 9, 15, 16, 18, 22, 24, 27, 28, 30]",13,"[2, 3, 5, 6, 9, 15, 16, 18, 22, 24, 27, 28, 30]",13,1,13,0,0
code_n32_k16_cw3_004_q02,code_n32_k16_cw3_004,q02,train,21,1713582158,"[1, 2, 12, 13, 16, 18, 20, 24, 27]",9,[],0,0,9,0,0
code_n32_k16_cw3_004_q02,code_n32_k16_cw3_004,q02,train,22,1714582161,"[1, 2, 3, 7, 8, 9, 10, 14, 19, 22, 23, 29]",12,"[1, 2, 3, 7, 8, 9, 10, 14, 19, 22, 23]",11,1,11,1,1
code_n32_k16_cw3_004_q02,code_n32_k16_cw3_004,q02,train,23,1715582164,"[2, 4, 6, 8, 11, 13, 15, 18, 23, 27, 31]",11,[],0,0,11,0,0
code_n32_k16_cw3_004_q02,code_n32_k16_cw3_004,q02,train,24,1716582167,"[1, 7, 11, 18, 20, 27, 28, 29]",8,[],0,0,8,0,0
code_n32_k16_cw3_004_q02,code_n32_k16_cw3_004,q02,train,25,1717582170,"[2, 5, 8, 9, 10, 11, 12, 18, 19, 21, 22, 27]",12,"[9, 10, 11, 12]",4,1,11,1,1
code_n32_k16_cw3_004_q02,code_n32_k16_cw3_004,q02,train,26,1718582173,"[3, 4, 7, 9, 10, 14, 21, 23, 24, 26, 28]",11,[],0,0,11,0,0
code_n32_k16_cw3_004_q02,code_n32_k16_cw3_004,q02,train,27,1719582176,"[1, 2, 3, 4, 6, 7, 12, 15, 17, 21]",10,[],0,0,10,0,0
code_n32_k16_cw3_004_q02,code_n32_k16_cw3_004,q02,train,28,1720582179,"[0, 2, 3, 4, 9, 15, 16, 19, 20, 23, 25, 26]",12,[],0,0,12,0,0
code_n32_k16_cw3_004_q02,code_n32_k16_cw3_004,q02,train,29,1721582182,"[9, 10, 11, 16, 21, 24, 25, 26, 28, 29, 30, 31]",12,"[10, 11, 25, 26, 28, 29]",6,1,11,1,1
code_n32_k16_cw3_004_q02,code_n32_k16_cw3_004,q02,train,30,1722582185,"[1, 7, 11, 12, 13, 21, 24, 26, 27, 28, 30, 31]",12,[],0,0,12,0,0
code_n32_k16_cw3_004_q02,code_n32_k16_cw3_004,q02,train,31,1723582188,"[4, 5, 6, 12, 15, 19, 20, 26, 27, 28, 29, 31]",12,[],0,0,12,0,0
code_n32_k16_cw3_004_q02,code_n32_k16_cw3_004,q02,train,32,1724582191,"[3, 5, 7, 8, 9, 10, 11, 12, 18, 25, 26, 28]",12,"[7, 9, 10, 11, 12, 18, 25, 26, 28]",9,1,10,2,1
code_n32_k16_cw3_004_q02,code_n32_k16_cw3_004,q02,train,33,1725582194,"[0, 3, 4, 8, 9, 10, 14, 16, 24]",9,[],0,0,9,0,0
code_n32_k16_cw3_004_q02,code_n32_k16_cw3_004,q02,train,34,1726582197,"[7, 9, 10, 12, 15, 18, 20, 22, 23, 26, 28, 29]",12,"[7, 9, 12, 18, 26, 29]",6,1,11,1,1
code_n32_k16_cw3_004_q02,code_n32_k16_cw3_004,q02,train,35,1727582200,"[1, 4, 6, 7, 8, 14, 15, 18, 20, 22, 24, 25, 29]",13,"[1, 6, 7, 8, 14, 15, 18, 20, 22, 24]",10,1,13,0,0
code_n32_k16_cw3_004_q02,code_n32_k16_cw3_004,q02,train,36,1728582203,"[4, 6, 8, 14, 15, 19, 21, 27, 31]",9,[],0,0,9,0,0
code_n32_k16_cw3_004_q02,code_n32_k16_cw3_004,q02,train,37,1729582206,"[4, 8, 13, 15, 18, 21, 22, 26, 28, 31]",10,[],0,0,10,0,0
code_n32_k16_cw3_004_q02,code_n32_k16_cw3_004,q02,train,38,1730582209,"[2, 5, 8, 11, 15, 16, 21, 22]",8,[],0,0,8,0,0
code_n32_k16_cw3_004_q02,code_n32_k16_cw3_004,q02,train,39,1731582212,"[3, 8, 10, 16, 17, 22, 24, 25, 30, 31]",10,[],0,0,10,0,0
code_n32_k16_cw3_004_q02,code_n32_k16_cw3_004,q02,train,40,1732582215,"[3, 4, 10, 11, 12, 15, 21, 25, 28, 29]",10,[],0,0,10,0,0
code_n32_k16_cw3_004_q02,code_n32_k16_cw3_004,q02,train,41,1733582218,"[1, 5, 7, 9, 12, 14, 15, 22, 23, 24, 28, 29, 30]",13,[],0,0,13,0,0
code_n32_k16_cw3_004_q02,code_n32_k16_cw3_004,q02,train,42,1734582221,"[1, 2, 4, 9, 15, 18, 20, 21, 23, 25, 26, 28, 30, 31]",14,"[1, 2, 4, 9, 15, 18, 21, 23, 25, 28, 30, 31]",12,1,14,0,0
code_n32_k16_cw3_004_q02,code_n32_k16_cw3_004,q02,train,43,1735582224,"[0, 1, 2, 5, 6, 7, 8, 10, 12, 17, 23, 25, 29, 30, 31]",15,"[0, 1, 2, 5, 7, 8, 10, 12, 23, 25, 30, 31]",12,1,14,1,1
code_n32_k16_cw3_004_q02,code_n32_k16_cw3_004,q02,train,44,1736582227,"[2, 3, 9, 14, 18, 27, 28, 30]",8,[],0,0,8,0,0
code_n32_k16_cw3_004_q02,code_n32_k16_cw3_004,q02,train,45,1737582230,"[1, 4, 5, 11, 13, 17, 19, 20, 25, 31]",10,[],0,0,10,0,0
code_n32_k16_cw3_004_q02,code_n32_k16_cw3_004,q02,train,46,1738582233,"[0, 1, 4, 7, 13, 17, 20, 23, 26]",9,[],0,0,9,0,0
code_n32_k16_cw3_004_q02,code_n32_k16_cw3_004,q02,train,47,1739582236,"[0, 7, 10, 17, 20]",5,[],0,0,5,0,0
code_n32_k16_cw3_004_q02,code_n32_k16_cw3_004,q02,train,48,1740582239,"[6, 7, 8, 9, 10, 11, 17, 22, 24, 31]",10,[],0,0,10,0,0
code_n32_k16_cw3_004_q02,code_n32_k16_cw3_004,q02,train,49,1741582242,"[2, 16, 19, 21, 24, 25]",6,[],0,0,6,0,0
code_n32_k16_cw3_004_q02,code_n32_k16_cw3_004,q02,train,50,1742582245,"[0, 2, 5, 6, 9, 13, 15, 28, 31]",9,[],0,0,9,0,0
code_n32_k16_cw3_004_q02,code_n32_k16_cw3_004,q02,train,51,1743582248,"[0, 1, 8, 12, 15, 17, 22, 24, 31]",9,[],0,0,9,0,0
code_n32_k16_cw3_004_q02,code_n32_k16_cw3_004,q02,train,52,1744582251,"[0, 1, 2, 4, 10, 11, 12, 15, 18, 19, 23, 29]",12,[],0,0,12,0,0
code_n32_k16_cw3_004_q02,code_n32_k16_cw3_004,q02,train,53,1745582254,"[0, 3, 7, 8, 11, 13, 18, 19, 21, 22, 29, 30]",12,[],0,0,12,0,0
code_n32_k16_cw3_004_q02,code_n32_k16_cw3_004,q02,train,54,1746582257,"[1, 6, 9, 11, 12, 15, 16, 18, 19, 20, 22, 27, 28]",13,"[1, 6, 9, 11, 12, 15, 19, 20, 27, 28]",10,1,13,0,0
code_n32_k16_cw3_004_q02,code_n32_k16_cw3_004,q02,train,55,1747582260,"[0, 4, 5, 6, 7, 10, 11, 13, 15, 18, 19, 25, 27]",13,"[0, 4, 5, 10, 11, 13, 19, 27]",8,1,13,0,0
code_n32_k16_cw3_004_q02,code_n32_k16_cw3_004,q02,train,56,1748582263,"[0, 1, 2, 4, 9, 11, 18, 21, 26, 27, 28, 30]",12,[],0,0,12,0,0
code_n32_k16_cw3_004_q02,code_n32_k16_cw3_004,q02,train,57,1749582266,"[2, 5, 11, 12, 16, 22, 24, 26, 28, 29, 30]",11,"[5, 11, 16, 24, 26, 28]",6,1,10,1,1
code_n32_k16_cw3_004_q02,code_n32_k16_cw3_004,q02,train,58,1750582269,"[0, 3, 5, 12, 15, 16, 19, 24, 27, 28, 31]",11,[],0,0,11,0,0
code_n32_k16_cw3_004_q02,code_n32_k16_cw3_004,q02,train,59,1751582272,"[5, 7, 9, 11, 12, 18, 23, 27, 31]",9,[],0,0,9,0,0
code_n32_k16_cw3_004_q02,code_n32_k16_cw3_004,q02,train,60,1752582275,"[0, 2, 5, 7, 11, 12, 18, 20, 21, 25, 26, 28]",12,"[0, 7, 11, 12, 18, 25, 26, 28]",8,1,11,1,1
code_n32_k16_cw3_004_q02,code_n32_k16_cw3_004,q02,train,61,1753582278,"[1, 2, 3, 4, 8, 12, 15, 19, 21, 23, 25, 26, 29]",13,[],0,0,13,0,0
code_n32_k16_cw3_004_q02,code_n32_k16_cw3_004,q02,train,62,1754582281,"[0, 5, 7, 8, 11, 18, 19, 22, 23, 24, 26, 31]",12,"[0, 7, 18, 19, 22, 24, 31]",7,1,12,0,0
code_n32_k16_cw3_004_q02,code_n32_k16_cw3_004,q02,train,63,1755582284,"[2, 12, 17, 18, 22, 23, 24, 26, 28, 31]",10,[],0,0,10,0,0
code_n32_k16_cw3_004_q03,code_n32_k16_cw3_004,q03,train,0,971202136,"[3, 5, 9, 10, 13, 15, 17, 18, 19, 23, 27, 29, 30, 31]",14,[],0,0,14,0,0
code_n32_k16_cw3_004_q03,code_n32_k16_cw3_004,q03,train,1,972202139,"[0, 2, 5, 6, 13, 15, 16, 17, 21, 22, 25]",11,"[0, 2, 5, 6, 13, 21, 22, 25]",8,1,11,0,0
code_n32_k16_cw3_004_q03,code_n32_k16_cw3_004,q03,train,2,973202142,"[0, 3, 8, 11, 15, 18, 19, 20, 22, 24, 26, 28]",12,[],0,0,12,0,0
code_n32_k16_cw3_004_q03,code_n32_k16_cw3_004,q03,train,3,974202145,"[1, 2, 8, 19, 20, 26, 27, 28, 29]",9,[],0,0,9,0,0
code_n32_k16_cw3_004_q03,code_n32_k16_cw3_004,q03,train,4,975202148,"[1, 3, 5, 6, 10, 11, 12, 14, 18, 19, 22, 27, 29, 30]",14,"[1, 3, 5, 10, 11, 12, 14, 18, 22, 27, 30]",11,1,14,0,0
code_n32_k16_cw3_004_q03,code_n32_k16_cw3_004,q03,train,5,976202151,"[3, 8, 10, 13, 16, 22, 25, 26, 30]",9,[],0,0,9,0,0
code_n32_k16_cw3_004_q03,code_n32_k16_cw3_004,q03,train,6,977202154,"[1, 2, 3, 7, 8, 9, 10, 12, 14, 18, 20, 21, 23, 30]",14,"[1, 2, 3, 7, 8, 9, 10, 14, 18, 23, 30]",11,1,13,1,1
code_n32_k16_cw3_004_q03,code_n32_k16_cw3_004,q03,train,7,978202157,"[0, 1, 12, 14, 18, 20, 21, 25, 26]",9,[],0,0,9,0,0
code_n32_k16_cw3_004_q03,code_n32_k16_cw3_004,q03,train,8,979202160,"[1, 4, 8, 10, 19, 21, 26, 28, 29]",9,[],0,0,9,0,0
code_n32_k16_cw3_004_q03,code_n32_k16_cw3_004,q03,train,9,980202163,"[0, 1, 4, 6, 13, 16, 24, 26, 27, 28, 30]",11,"[1, 4, 13, 16, 24, 26, 27, 28, 30]",9,1,11,0,0
code_n32_k16_cw3_004_q03,code_n32_k16_cw3_004,q03,train,10,981202166,"[0, 2, 6, 9, 14, 17, 18, 19, 22, 27, 29]",11,"[0, 2, 6, 9, 14, 17, 19, 27, 29]",9,1,11,0,0
code_n32_k16_cw3_004_q03,code_n32_k16_cw3_004,q03,train,11,982202169,"[0, 1, 3, 5, 6, 7, 14, 17, 19, 20, 21, 22, 25, 26, 31]",15,"[0, 3, 5, 6, 7, 17, 19, 20, 21, 22, 25, 26, 31]",13,1,14,1,1
code_n32_k16_cw3_004_q03,code_n32_k16_cw3_004,q03,train,12,983202172,"[1, 7, 15, 17, 19, 23, 24, 26]",8,[],0,0,8,0,0
code_n32_k16_cw3_004_q03,code_n32_k16_cw3_004,q03,train,13,984202175,"[1, 2, 3, 4, 14, 15, 16, 18, 21, 22, 27, 29, 31]",13,[],0,0,13,0,0
code_n32_k16_cw3_004_q03,code_n32_k16_cw3_004,q03,train,14,985202178,"[0, 1, 4, 6, 7, 8, 10, 11, 12, 16, 18, 19, 21, 22, 24, 25, 26, 28]",18,"[0, 4, 6, 7, 11, 12, 16, 18, 21, 24, 25, 26, 28]",13,1,16,2,1
code_n32_k16_cw3_004_q03,code_n32_k16_cw3_004,q03,train,15,986202181,"[0, 8, 10, 11, 13, 15, 22, 24, 25]",9,[],0,0,9,0,0
code_n32_k16_cw3_004_q03,code_n32_k16_cw3_004,q03,train,16,987202184,"[4, 11, 12, 15, 16, 18, 23, 28, 29]",9,[],0,0,9,0,0
code_n32_k16_cw3_004_q03,code_n32_k16_cw3_004,q03,train,17,988202187,"[6, 7, 8, 11, 12, 13, 14, 23, 25, 28, 30]",11,[],0,0,11,0,0
code_n32_k16_cw3_004_q03,code_n32_k16_cw3_004,q03,train,18,989202190,"[2, 4, 7, 8, 12, 13, 17, 24, 28, 29, 31]",11,[],0,0,11,0,0
code_n32_k16_cw3_004_q03,code_n32_k16_cw3_004,q03,train,19,990202193,"[2, 4, 8, 10, 12, 15, 19, 20, 22, 24, 26, 27]",12,[],0,0,12,0,0
code_n32_k16_cw3_004_q03,code_n32_k16_cw3_004,q03,train,20,991202196,"[1, 4, 5, 8, 12, 13, 18, 19, 20, 27, 28]",11,"[1, 5, 8, 12, 13, 19, 20, 28]",8,1,11,0,0
code_n32_k16_cw3_004_q03,code_n32_k16_cw3_004,q03,train,21,992202199,"[2, 3, 4, 7, 8, 14, 18, 20, 22, 23, 24, 27, 28, 29, 30]",15,"[3, 4, 7, 8, 14, 18, 20, 22, 23, 27, 28, 29, 30]",13,1,15,0,0
code_n32_k16_cw3_004_q03,code_n32_k16_cw3_004,q03,train,22,993202202,"[1, 2, 4, 5, 11, 12, 13, 20, 25, 28]",10,[],0,0,10,0,0
code_n32_k16_cw3_004_q03,code_n32_k16_cw3_004,q03,train,23,994202205,"[0, 1, 3, 6, 8, 10, 11, 13, 22, 24, 26, 28, 30]",13,"[0, 1, 8, 10, 11, 24, 26, 28, 30]",9,1,12,1,1
code_n32_k16_cw3_004_q03,code_n32_k16_cw3_004,q03,train,24,995202208,"[0, 1, 3, 5, 13, 14, 16, 18, 19, 21, 25, 30]",12,[],0,0,12,0,0
code_n32_k16_cw3_004_q03,code_n32_k16_cw3_004,q03,train,25,996202211,"[1, 6, 7, 8, 9, 13, 14, 15, 17, 20, 21, 23, 24, 28]",14,"[1, 6, 8, 13, 15, 17, 20, 23, 24, 28]",10,1,13,1,1
code_n32_k16_cw3_004_q03,code_n32_k16_cw3_004,q03,train,26,997202214,"[2, 3, 11, 12, 15, 18, 19, 20, 22, 23, 28, 30]",12,[],0,0,12,0,0
code_n32_k16_cw3_004_q03,code_n32_k16_cw3_004,q03,train,27,998202217,"[1, 2, 4, 9, 10, 13, 18, 20, 21, 23, 26, 29, 30]",13,[],0,0,13,0,0
code_n32_k16_cw3_004_q03,code_n32_k16_cw3_004,q03,train,28,999202220,"[1, 2, 3, 4, 5, 7, 8, 9, 13, 15, 16, 20, 21, 22, 27, 29, 31]",17,"[1, 2, 3, 4, 7, 8, 9, 13, 15, 16, 20, 21, 22, 27, 29, 31]",16,1,16,1,1
code_n32_k16_cw3_004_q03,code_n32_k16_cw3_004,q03,train,29,1000202223,"[2, 5, 9, 10, 12, 16]",6,[],0,0,6,0,0
code_n32_k16_cw3_004_q03,code_n32_k16_cw3_004,q03,train,30,1001202226,"[2, 12, 13, 15, 17, 18, 19, 21, 25, 26, 27, 28, 30]",13,[],0,0,13,0,0
code_n32_k16_cw3_004_q03,code_n32_k16_cw3_004,q03,train,31,1002202229,"[0, 3, 5, 14, 16, 17, 18, 19, 20, 21, 23, 24, 26, 29]",14,"[0, 3, 5, 16, 17, 18, 19, 20, 21, 23, 24]",11,1,13,1,1
code_n32_k16_cw3_004_q03,code_n32_k16_cw3_004,q03,train,32,1003202232,"[1, 3, 4, 8, 11, 14, 19, 23, 27, 29]",10,[],0,0,10,0,0
code_n32_k16_cw3_004_q03,code_n32_k16_cw3_004,q03,train,33,1004202235,"[4, 5, 6, 7, 10, 13, 15, 16, 18, 24, 25, 26, 28, 31]",14,"[4, 7, 16, 18, 24, 25, 26, 28]",8,1,14,0,0
code_n32_k16_cw3_004_q03,code_n32_k16_cw3_004,q03,train,34,1005202238,"[3, 4, 5, 11, 14, 15, 16, 20, 22, 23, 25, 26, 27]",13,"[4, 5, 11, 14, 16, 20, 22, 23, 25, 26]",10,1,13,0,0
code_n32_k16_cw3_004_q03,code_n32_k16_cw3_004,q03,train,35,1006202241,"[1, 2, 10, 13, 15, 24, 25, 31]",8,[],0,0,8,0,0
code_n32_k16_cw3_004_q03,code_n32_k16_cw3_004,q03,train,36,1007202244,"[0, 2, 3, 4, 7, 8, 9, 11, 12, 14, 15, 16, 18, 20, 21, 28]",16,"[0, 2, 4, 7, 8, 11, 12, 14, 15, 16, 18, 21, 28]",13,1,15,1,1
code_n32_k16_cw3_004_q03,code_n32_k16_cw3_004,q03,train,37,1008202247,"[0, 1, 2, 7, 8, 9, 10, 13, 15, 16, 19, 21, 24, 26]",14,[],0,0,14,0,0
code_n32_k16_cw3_004_q03,code_n32_k16_cw3_004,q03,train,38,1009202250,"[1, 3, 5, 9, 26, 27, 28, 29, 30, 31]",10,[],0,0,10,0,0
code_n32_k16_cw3_004_q03,code_n32_k16_cw3_004,q03,train,39,1010202253,"[0, 6, 8, 10, 16, 17, 21, 24, 26, 28, 29, 30]",12,[],0,0,12,0,0
code_n32_k16_cw3_004_q03,code_n32_k16_cw3_004,q03,train,40,1011202256,"[1, 4, 11, 12, 13, 19, 21, 26]",8,[],0,0,8,0,0
code_n32_k16_cw3_004_q03,code_n32_k16_cw3_004,q03,train,41,1012202259,"[0, 1, 3, 4, 7, 9, 10, 11, 13, 16, 21, 23, 26, 30]",14,"[0, 1, 3, 4, 7, 9, 10, 11, 16, 23, 30]",11,1,14,0,0
code_n32_k16_cw3_004_q03,code_n32_k16_cw3_004,q03,train,42,1013202262,"[1, 2, 4, 7, 12, 14, 15, 19, 20, 23, 27]",11,[],0,0,11,0,0
code_n32_k16_cw3_004_q03,code_n32_k16_cw3_004,q03,train,43,1014202265,"[6, 8, 10, 11, 14, 17, 20, 23, 31]",9,[],0,0,9,0,0
code_n32_k16_cw3_004_q03,code_n32_k16_cw3_004,q03,train,44,1015202268,"[0, 3, 10, 12, 14, 19, 21, 23, 25]",9,[],0,0,9,0,0
code_n32_k16_cw3_004_q03,code_n32_k16_cw3_004,q03,train,45,1016202271,"[0, 1, 2, 3, 4, 7, 10, 14, 15, 16, 22, 23, 24, 31]",14,"[0, 2, 3, 4, 7, 14, 16, 23, 24, 31]",10,1,14,0,0
code_n32_k16_cw3_004_q03,code_n32_k16_cw3_004,q03,train,46,1017202274,"[0, 2, 5, 6, 7, 15, 17, 19, 22, 23, 25, 28, 29, 30, 31]",15,"[0, 2, 5, 6, 7, 15, 17, 19, 22, 23, 25, 28, 29, 30, 31]",15,1,13,2,1
code_n32_k16_cw3_004_q03,code_n32_k16_cw3_004,q03,train,47,1018202277,"[2, 4, 5, 6, 7, 10, 11, 13, 14, 15, 18, 19, 21, 23, 30]",15,"[2, 4, 5, 6, 7, 11, 13, 14, 18, 19, 21]",11,1,15,0,0
code_n32_k16_cw3_004_q03,code_n32_k16_cw3_004,q03,train,48,1019202280,"[2, 7, 8, 9, 10, 12, 14, 22, 23, 30]",10,"[2, 9, 10, 14]",4,1,9,1,1
code_n32_k16_cw3_004_q03,code_n32_k16_cw3_004,q03,train,49,1020202283,"[0, 1, 5, 9, 10, 11, 14, 15, 20, 24, 30]",11,[],0,0,11,0,0
code_n32_k16_cw3_004_q03,code_n32_k16_cw3_004,q03,train,50,1021202286,"[2, 4, 13, 14, 16, 17, 20, 22, 23, 26, 27]",11,"[13, 14, 16, 22]",4,1,10,1,1
code_n32_k16_cw3_004_q03,code_n32_k16_cw3_004,q03,train,51,1022202289,"[4, 5, 7, 10, 13, 18, 19, 22, 23, 29, 31]",11,[],0,0,11,0,0
code_n32_k16_cw3_004_q03,code_n32_k16_cw3_004,q03,train,52,1023202292,"[0, 3, 5, 8, 9, 17, 18, 19, 23, 30, 31]",11,[],0,0,11,0,0
code_n32_k16_cw3_004_q03,code_n32_k16_cw3_004,q03,train,53,1024202295,"[0, 2, 8, 10, 12, 14, 19, 21, 23, 25, 26, 27, 29, 30]",14,"[0, 2, 10, 12, 14, 19, 26, 27, 29]",9,1,13,1,1
code_n32_k16_cw3_004_q03,code_n32_k16_cw3_004,q03,train,54,1025202298,"[3, 6, 8, 9, 11, 23, 26, 30, 31]",9,[],0,0,9,0,0
code_n32_k16_cw3_004_q03,code_n32_k16_cw3_004,q03,train,55,1026202301,"[2, 3, 4, 6, 15, 18, 19, 20, 24]",9,[],0,0,9,0,0
code_n32_k16_cw3_004_q03,code_n32_k16_cw3_004,q03,train,56,1027202304,"[1, 4, 5, 7, 9, 12, 14, 21, 23, 25, 26, 28, 30]",13,"[1, 4, 9, 12, 23, 25, 26, 28, 30]",9,1,13,0,0
code_n32_k16_cw3_004_q03,code_n32_k16_cw3_004,q03,train,57,1028202307,"[0, 3, 4, 5, 7, 9, 10, 11, 12, 14, 15, 16, 25, 27, 28, 29, 31]",17,"[0, 4, 5, 7, 9, 10, 11, 12, 14, 16, 25, 28, 29, 31]",14,1,15,2,1
code_n32_k16_cw3_004_q03,code_n32_k16_cw3_004,q03,train,58,1029202310,"[0, 3, 5, 6, 10, 13, 15, 16, 18, 20, 25, 28]",12,[],0,0,12,0,0
code_n32_k16_cw3_004_q03,code_n32_k16_cw3_004,q03,train,59,1030202313,"[3, 4, 5, 9, 11, 15, 18, 19, 21, 23, 24, 25, 30, 31]",14,"[3, 5, 11, 18, 23, 24, 25]",7,1,14,0,0
code_n32_k16_cw3_004_q03,code_n32_k16_cw3_004,q03,train,60,1031202316,"[0, 2, 4, 7, 9, 10, 12, 13, 16, 19, 20, 21, 25, 26, 29, 30]",16,"[0, 4, 9, 10, 12, 13, 16, 19, 25, 26, 29]",11,1,14,2,1
code_n32_k16_cw3_004_q03,code_n32_k16_cw3_004,q03,train,61,1032202319,"[6, 7, 9, 18, 19, 21, 23, 24, 26, 29]",10,[],0,0,10,0,0
code_n32_k16_cw3_004_q03,code_n32_k16_cw3_004,q03,train,62,1033202322,"[2, 3, 4, 5, 7, 11, 16, 18, 21, 22, 23, 24, 27, 28, 29, 30, 31]",17,"[2, 3, 4, 5, 7, 11, 16, 18, 22, 23, 24, 27, 28, 29, 31]",15,1,15,2,1
code_n32_k16_cw3_004_q03,code_n32_k16_cw3_004,q03,train,63,1034202325,"[2, 7, 9, 10, 11, 16, 24, 26, 28, 29]",10,"[10, 11, 26, 29]",4,1,9,1,1
code_n32_k16_cw3_005_q00,code_n32_k16_cw3_005,q00,train,0,3719238296,"[2, 6, 10, 15, 17, 18, 23, 24, 25]",9,[],0,0,9,0,0
code_n32_k16_cw3_005_q00,code_n32_k16_cw3_005,q00,train,1,3720238299,"[3, 4, 7, 14, 22, 24, 31]",7,[],0,0,7,0,0
code_n32_k16_cw3_005_q00,code_n32_k16_cw3_005,q00,train,2,3721238302,"[2, 5, 8, 11, 14, 17, 21, 30, 31]",9,[],0,0,9,0,0
code_n32_k16_cw3_005_q00,code_n32_k16_cw3_005,q00,train,3,3722238305,"[8, 14, 21, 23, 29]",5,[],0,0,5,0,0
code_n32_k16_cw3_005_q00,code_n32_k16_cw3_005,q00,train,4,3723238308,"[1, 6, 15, 21, 22, 25, 29]",7,[],0,0,7,0,0
code_n32_k16_cw3_005_q00,code_n32_k16_cw3_005,q00,train,5,3724238311,"[2, 3, 5, 6, 9, 10, 16, 18, 25]",9,"[2, 3, 6, 9, 10, 16, 25]",7,1,9,0,0
code_n32_k16_cw3_005_q00,code_n32_k16_cw3_005,q00,train,6,3725238314,"[3, 7, 13, 16, 27, 28]",6,[],0,0,6,0,0
code_n32_k16_cw3_005_q00,code_n32_k16_cw3_005,q00,train,7,3726238317,"[1, 2, 15, 20, 21, 23, 29]",7,[],0,0,7,0,0
code_n32_k16_cw3_005_q00,code_n32_k16_cw3_005,q00,train,8,3727238320,"[0, 5, 8, 14, 19, 23, 24, 27]",8,[],0,0,8,0,0
code_n32_k16_cw3_005_q00,code_n32_k16_cw3_005,q00,train,9,3728238323,"[2, 8, 13, 16, 18, 20, 25]",7,[],0,0,7,0,0
code_n32_k16_cw3_005_q00,code_n32_k16_cw3_005,q00,train,10,3729238326,[28],1,[],0,0,1,0,0
code_n32_k16_cw3_005_q00,code_n32_k16_cw3_005,q00,train,11,3730238329,"[15, 22, 24]",3,[],0,0,3,0,0
code_n32_k16_cw3_005_q00,code_n32_k16_cw3_005,q00,train,12,3731238332,"[9, 22]",2,[],0,0,2,0,0
code_n32_k16_cw3_005_q00,code_n32_k16_cw3_005,q00,train,13,3732238335,"[2, 3, 9, 11, 18, 24]",6,[],0,0,6,0,0
code_n32_k16_cw3_005_q00,code_n32_k16_cw3_005,q00,train,14,3733238338,"[1, 3, 11, 15, 17, 19, 29]",7,[],0,0,7,0,0
code_n32_k16_cw3_005_q00,code_n32_k16_cw3_005,q00,train,15,3734238341,"[1, 2, 10, 12, 18, 27]",6,[],0,0,6,0,0
code_n32_k16_cw3_005_q00,code_n32_k16_cw3_005,q00,train,16,3735238344,"[4, 12, 13, 18, 29]",5,[],0,0,5,0,0
code_n32_k16_cw3_005_q00,code_n32_k16_cw3_005,q00,train,17,3736238347,"[5, 7, 9, 13]",4,[],0,0,4,0,0
code_n32_k16_cw3_005_q00,code_n32_k16_cw3_005,q00,train,18,3737238350,"[3, 4, 11, 13]",4,[],0,0,4,0,0
code_n32_k16_cw3_005_q00,code_n32_k16_cw3_005,q00,train,19,3738238353,"[3, 5, 8, 12, 18, 28, 29, 31]",8,[],0,0,8,0,0
code_n32_k16_cw3_005_q00,code_n32_k16_cw3_005,q00,train,20,3739238356,"[1, 2, 6, 8, 19, 24, 28]",7,"[6, 8, 19]",3,1,7,0,0
code_n32_k16_cw3_005_q00,code_n32_k16_cw3_005,q00,train,21,3740238359,"[2, 3, 4, 8, 25, 28, 29]",7,"[3, 8, 25, 28, 29]",5,1,7,0,0
code_n32_k16_cw3_005_q00,code_n32_k16_cw3_005,q00,train,22,3741238362,"[8, 18, 20, 22, 31]",5,[],0,0,5,0,0
code_n32_k16_cw3_005_q00,code_n32_k16_cw3_005,q00,train,23,3742238365,"[5, 8, 14, 24, 26, 27, 31]",7,[],0,0,7,0,0
code_n32_k16_cw3_005_q00,code_n32_k16_cw3_005,q00,train,24,3743238368,"[2, 3, 13, 16, 21, 24, 25, 28, 31]",9,[],0,0,9,0,0
code_n32_k16_cw3_005_q00,code_n32_k16_cw3_005,q00,train,25,3744238371,"[5, 12, 15, 18, 20, 21, 28]",7,[],0,0,7,0,0
code_n32_k16_cw3_005_q00,code_n32_k16_cw3_005,q00,train,26,3745238374,"[6, 16, 17, 20, 25, 27, 28, 29]",8,[],0,0,8,0,0
code_n32_k16_cw3_005_q00,code_n32_k16_cw3_005,q00,train,27,3746238377,"[8, 15, 26, 27, 30, 31]",6,[],0,0,6,0,0
code_n32_k16_cw3_005_q00,code_n32_k16_cw3_005,q00,train,28,3747238380,"[2, 3, 5, 6, 9, 10, 28]",7,[],0,0,7,0,0
code_n32_k16_cw3_005_q00,code_n32_k16_cw3_005,q00,train,29,3748238383,"[2, 3, 6, 8, 18, 22, 27, 30]",8,[],0,0,8,0,0
code_n32_k16_cw3_005_q00,code_n32_k16_cw3_005,q00,train,30,3749238386,"[3, 6, 28, 30]",4,[],0,0,4,0,0
code_n32_k16_cw3_005_q00,code_n32_k16_cw3_005,q00,train,31,3750238389,"[3, 14, 17, 19, 21, 22]",6,[],0,0,6,0,0
code_n32_k16_cw3_005_q00,code_n32_k16_cw3_005,q00,train,32,3751238392,"[1, 2, 15, 21, 23, 28, 30]",7,[],0,0,7,0,0
code_n32_k16_cw3_005_q00,code_n32_k16_cw3_005,q00,train,33,3752238395,"[1, 6, 12, 15, 17]",5,[],0,0,5,0,0
code_n32_k16_cw3_005_q00,code_n32_k16_cw3_005,q00,train,34,3753238398,"[1, 7, 8, 13, 15, 19, 20, 21]",8,[],0,0,8,0,0
code_n32_k16_cw3_005_q00,code_n32_k16_cw3_005,q00,train,35,3754238401,"[3, 7, 16, 22, 24, 26, 28]",7,[],0,0,7,0,0
code_n32_k16_cw3_005_q00,code_n32_k16_cw3_005,q00,train,36,3755238404,"[1, 3, 4, 15, 20, 23, 24, 27, 30]",9,"[4, 15, 23, 27]",4,1,9,0,0
code_n32_k16_cw3_005_q00,code_n32_k16_cw3_005,q00,train,37,3756238407,"[7, 15, 29]",3,[],0,0,3,0,0
code_n32_k16_cw3_005_q00,code_n32_k16_cw3_005,q00,train,38,3757238410,"[3, 19, 20, 23]",4,[],0,0,4,0,0
code_n32_k16_cw3_005_q00,code_n32_k16_cw3_005,q00,train,39,3758238413,"[2, 4, 5, 6, 18]",5,[],0,0,5,0,0
code_n32_k16_cw3_005_q00,code_n32_k16_cw3_005,q00,train,40,3759238416,"[6, 14, 16, 26]",4,[],0,0,4,0,0
code_n32_k16_cw3_005_q00,code_n32_k16_cw3_005,q00,train,41,3760238419,"[3, 17, 24, 30]",4,[],0,0,4,0,0
code_n32_k16_cw3_005_q00,code_n32_k16_cw3_005,q00,train,42,3761238422,"[2, 8, 9, 16, 18, 21, 24, 25]",8,[],0,0,8,0,0
code_n32_k16_cw3_005_q00,code_n32_k16_cw3_005,q00,train,43,3762238425,"[2, 7, 17, 21, 24, 25, 28, 31]",8,[],0,0,8,0,0
code_n32_k16_cw3_005_q00,code_n32_k16_cw3_005,q00,train,44,3763238428,"[4, 13, 15, 17, 19]",5,[],0,0,5,0,0
code_n32_k16_cw3_005_q00,code_n32_k16_cw3_005,q00,train,45,3764238431,"[0, 9, 10]",3,[],0,0,3,0,0
code_n32_k16_cw3_005_q00,code_n32_k16_cw3_005,q00,train,46,3765238434,"[2, 3, 10, 11, 17, 18, 20]",7,[],0,0,7,0,0
code_n32_k16_cw3_005_q00,code_n32_k16_cw3_005,q00,train,47,3766238437,"[5, 6, 7, 17, 23, 24]",6,[],0,0,6,0,0
code_n32_k16_cw3_005_q00,code_n32_k16_cw3_005,q00,train,48,3767238440,"[0, 2, 3, 7, 11, 18, 19, 21, 23, 24]",10,[],0,0,10,0,0
code_n32_k16_cw3_005_q00,code_n32_k16_cw3_005,q00,train,49,3768238443,"[0, 8, 11, 26, 27]",5,[],0,0,5,0,0
code_n32_k16_cw3_005_q00,code_n32_k16_cw3_005,q00,train,50,3769238446,"[0, 1, 6, 7, 19, 29]",6,[],0,0,6,0,0
code_n32_k16_cw3_005_q00,code_n32_k16_cw3_005,q00,train,51,3770238449,"[11, 24, 29, 30]",4,[],0,0,4,0,0
code_n32_k16_cw3_005_q00,code_n32_k16_cw3_005,q00,train,52,3771238452,"[4, 13, 20, 26, 29, 30]",6,[],0,0,6,0,0
code_n32_k16_cw3_005_q00,code_n32_k16_cw3_005,q00,train,53,3772238455,"[1, 10, 11, 15, 21]",5,[],0,0,5,0,0
code_n32_k16_cw3_005_q00,code_n32_k16_cw3_005,q00,train,54,3773238458,"[3, 6, 9, 12, 28, 29]",6,[],0,0,6,0,0
code_n32_k16_cw3_005_q00,code_n32_k16_cw3_005,q00,train,55,3774238461,"[10, 13, 18]",3,[],0,0,3,0,0
code_n32_k16_cw3_005_q00,code_n32_k16_cw3_005,q00,train,56,3775238464,"[14, 21, 25]",3,[],0,0,3,0,0
code_n32_k16_cw3_005_q00,code_n32_k16_cw3_005,q00,train,57,3776238467,"[9, 22, 30]",3,[],0,0,3,0,0
code_n32_k16_cw3_005_q00,code_n32_k16_cw3_005,q00,train,58,3777238470,"[0, 1, 6, 7, 11, 15, 19, 20, 21, 26]",10,"[0, 1, 6, 11, 15, 19, 21, 26]",8,1,9,1,1
code_n32_k16_cw3_005_q00,code_n32_k16_cw3_005,q00,train,59,3778238473,"[4, 11, 14, 15, 16, 20, 27]",7,[],0,0,7,0,0
code_n32_k16_cw3_005_q00,code_n32_k16_cw3_005,q00,train,60,3779238476,"[1, 3, 12, 15]",4,[],0,0,4,0,0
code_n32_k16_cw3_005_q00,code_n32_k16_cw3_005,q00,train,61,3780238479,"[0, 3, 5, 8, 13, 22, 26, 28]",8,[],0,0,8,0,0
code_n32_k16_cw3_005_q00,code_n32_k16_cw3_005,q00,train,62,3781238482,"[0, 4, 6, 8, 11, 27, 29]",7,[],0,0,7,0,0
code_n32_k16_cw3_005_q00,code_n32_k16_cw3_005,q00,train,63,3782238485,"[1, 2, 4, 11, 12, 24, 27, 29]",8,[],0,0,8,0,0
code_n32_k16_cw3_005_q01,code_n32_k16_cw3_005,q01,train,0,2997858337,"[0, 3, 5, 9, 10, 13, 18, 20, 26, 28]",10,[],0,0,10,0,0
code_n32_k16_cw3_005_q01,code_n32_k16_cw3_005,q01,train,1,2998858340,"[0, 1, 2, 6, 7, 17, 20]",7,[],0,0,7,0,0
code_n32_k16_cw3_005_q01,code_n32_k16_cw3_005,q01,train,2,2999858343,"[1, 2, 3, 4, 5, 9, 11, 13, 17, 18, 20, 24]",12,"[1, 3, 4, 5, 11, 13, 17, 24]",8,1,12,0,0
code_n32_k16_cw3_005_q01,code_n32_k16_cw3_005,q01,train,3,3000858346,"[1, 16, 24, 25, 27, 28]",6,[],0,0,6,0,0
code_n32_k16_cw3_005_q01,code_n32_k16_cw3_005,q01,train,4,3001858349,"[1, 3, 18, 25, 27, 29, 31]",7,[],0,0,7,0,0
code_n32_k16_cw3_005_q01,code_n32_k16_cw3_005,q01,train,5,3002858352,"[1, 3, 4, 8, 13, 17, 29]",7,[],0,0,7,0,0
code_n32_k16_cw3_005_q01,code_n32_k16_cw3_005,q01,train,6,3003858355,"[0, 5, 11, 13, 17, 19, 22, 24, 26, 31]",10,"[0, 5, 11, 13, 17, 19]",6,1,10,0,0
code_n32_k16_cw3_005_q01,code_n32_k16_cw3_005,q01,train,7,3004858358,"[13, 14, 16, 17, 18, 27, 30]",7,[],0,0,7,0,0
code_n32_k16_cw3_005_q01,code_n32_k16_cw3_005,q01,train,8,3005858361,"[8, 12, 14, 15, 29, 31]",6,[],0,0,6,0,0
code_n32_k16_cw3_005_q01,code_n32_k16_cw3_005,q01,train,9,3006858364,"[5, 10, 13, 17, 18, 19, 20, 25, 26, 28, 30]",11,[],0,0,11,0,0
code_n32_k16_cw3_005_q01,code_n32_k16_cw3_005,q01,train,10,3007858367,"[28, 29]",2,[],0,0,2,0,0
code_n32_k16_cw3_005_q01,code_n32_k16_cw3_005,q01,train,11,3008858370,"[3, 4, 8, 14, 21, 24, 25, 26, 27]",9,[],0,0,9,0,0
code_n32_k16_cw3_005_q01,code_n32_k16_cw3_005,q01,train,12,3009858373,"[0, 2, 3, 5, 6, 9, 11, 12, 18, 21, 27, 29]",12,[],0,0,12,0,0
code_n32_k16_cw3_005_q01,code_n32_k16_cw3_005,q01,train,13,3010858376,"[0, 3, 15, 27, 30]",5,[],0,0,5,0,0
code_n32_k16_cw3_005_q01,code_n32_k16_cw3_005,q01,train,14,3011858379,"[1, 4, 19, 23, 24, 26, 30]",7,[],0,0,7,0,0
code_n32_k16_cw3_005_q01,code_n32_k16_cw3_005,q01,train,15,3012858382,"[2, 4, 6, 17, 20, 21, 23, 24, 31]",9,[],0,0,9,0,0
code_n32_k16_cw3_005_q01,code_n32_k16_cw3_005,q01,train,16,3013858385,"[5, 6, 17, 20, 21, 24, 25, 27]",8,[],0,0,8,0,0
code_n32_k16_cw3_005_q01,code_n32_k16_cw3_005,q01,train,17,3014858388,"[5, 8, 15, 18, 20, 23, 26, 29, 30]",9,[],0,0,9,0,0
code_n32_k16_cw3_005_q01,code_n32_k16_cw3_005,q01,train,18,3015858391,"[1, 2, 4, 5, 8, 13, 15, 23, 26]",9,"[4, 13, 15, 23, 26]",5,1,9,0,0
code_n32_k16_cw3_005_q01,code_n32_k16_cw3_005,q01,train,19,3016858394,"[0, 5, 13, 26, 27, 30]",6,[],0,0,6,0,0
code_n32_k16_cw3_005_q01,code_n32_k16_cw3_005,q01,train,20,3017858397,"[6, 12, 22, 23, 26, 28]",6,[],0,0,6,0,0
code_n32_k16_cw3_005_q01,code_n32_k16_cw3_005,q01,train,21,3018858400,"[0, 5, 8, 12, 18, 20, 22, 24, 27, 29]",10,[],0,0,10,0,0
code_n32_k16_cw3_005_q01,code_n32_k16_cw3_005,q01,train,22,3019858403,"[6, 10, 12, 13, 15, 16, 19, 20, 21, 22, 24, 26, 28]",13,"[6, 10, 13, 15, 16, 19, 22, 26, 28]",9,1,12,1,1
code_n32_k16_cw3_005_q01,code_n32_k16_cw3_005,q01,train,23,3020858406,"[3, 8, 12, 17, 28]",5,[],0,0,5,0,0
code_n32_k16_cw3_005_q01,code_n32_k16_cw3_005,q01,train,24,3021858409,"[8, 14, 15, 20, 21, 24, 30]",7,[],0,0,7,0,0
code_n32_k16_cw3_005_q01,code_n32_k16_cw3_005,q01,train,25,3022858412,"[2, 4, 20, 25, 26, 27, 29]",7,[],0,0,7,0,0
code_n32_k16_cw3_005_q01,code_n32_k16_cw3_005,q01,train,26,3023858415,"[4, 6, 7, 14, 22, 25, 28, 30]",8,[],0,0,8,0,0
code_n32_k16_cw3_005_q01,code_n32_k16_cw3_005,q01,train,27,3024858418,"[14, 19, 20, 21, 25, 26]",6,[],0,0,6,0,0
code_n32_k16_cw3_005_q01,code_n32_k16_cw3_005,q01,train,28,3025858421,"[19, 20, 21, 23, 26, 27]",6,[],0,0,6,0,0
code_n32_k16_cw3_005_q01,code_n32_k16_cw3_005,q01,train,29,3026858424,"[4, 5, 6, 30]",4,[],0,0,4,0,0
code_n32_k16_cw3_005_q01,code_n32_k16_cw3_005,q01,train,30,3027858427,"[0, 7, 8, 9, 10, 11, 14, 16, 25, 27, 28, 29]",12,"[8, 9, 11, 16, 25, 29]",6,1,12,0,0
code_n32_k16_cw3_005_q01,code_n32_k16_cw3_005,q01,train,31,3028858430,"[1, 3, 8, 12, 13, 15, 17, 27]",8,[],0,0,8,0,0
code_n32_k16_cw3_005_q01,code_n32_k16_cw3_005,q01,train,32,3029858433,"[9, 14, 29]",3,[],0,0,3,0,0
code_n32_k16_cw3_005_q01,code_n32_k16_cw3_005,q01,train,33,3030858436,"[0, 6, 18, 22, 24, 27, 29, 31]",8,[],0,0,8,0,0
code_n32_k16_cw3_005_q01,code_n32_k16_cw3_005,q01,train,34,3031858439,"[5, 7, 9, 11, 12, 13, 19, 21, 22, 25, 27]",11,"[5, 9, 11, 13, 19, 25]",6,1,11,0,0
code_n32_k16_cw3_005_q01,code_n32_k16_cw3_005,q01,train,35,3032858442,"[4, 6, 8, 9, 11, 12, 17, 21, 22, 25, 28]",11,"[6, 8, 9, 17, 21, 25]",6,1,10,1,1
code_n32_k16_cw3_005_q01,code_n32_k16_cw3_005,q01,train,36,3033858445,"[4, 11, 28, 31]",4,[],0,0,4,0,0
code_n32_k16_cw3_005_q01,code_n32_k16_cw3_005,q01,train,37,3034858448,"[1, 4, 15, 20, 23, 26, 30]",7,[],0,0,7,0,0
code_n32_k16_cw3_005_q01,code_n32_k16_cw3_005,q01,train,38,3035858451,"[1, 3, 14, 20, 23, 31]",6,[],0,0,6,0,0
code_n32_k16_cw3_005_q01,code_n32_k16_cw3_005,q01,train,39,3036858454,"[1, 2, 4, 6, 7, 11, 16, 18, 29]",9,[],0,0,9,0,0
code_n32_k16_cw3_005_q01,code_n32_k16_cw3_005,q01,train,40,3037858457,"[1, 3, 14, 20, 21, 24, 27, 29]",8,[],0,0,8,0,0
code_n32_k16_cw3_005_q01,code_n32_k16_cw3_005,q01,train,41,3038858460,"[2, 7, 14, 17, 18, 21]",6,[],0,0,6,0,0
code_n32_k16_cw3_005_q01,code_n32_k16_cw3_005,q01,train,42,3039858463,"[2, 5, 8, 13, 15, 18, 20, 25]",8,[],0,0,8,0,0
code_n32_k16_cw3_005_q01,code_n32_k16_cw3_005,q01,train,43,3040858466,"[1, 3, 8, 9, 12, 14, 17, 18, 20, 24, 26, 29]",12,[],0,0,12,0,0
code_n32_k16_cw3_005_q01,code_n32_k16_cw3_005,q01,train,44,3041858469,"[8, 9, 11, 15, 19, 22, 23, 27, 28, 31]",10,[],0,0,10,0,0
code_n32_k16_cw3_005_q01,code_n32_k16_cw3_005,q01,train,45,3042858472,"[0, 2, 8, 20, 26, 29]",6,[],0,0,6,0,0
code_n32_k16_cw3_005_q01,code_n32_k16_cw3_005,q01,train,46,3043858475,"[4, 6, 9, 15, 16, 25, 28]",7,[],0,0,7,0,0
code_n32_k16_cw3_005_q01,code_n32_k16_cw3_005,q01,train,47,3044858478,"[5, 7, 8, 21, 23, 24, 28]",7,[],0,0,7,0,0
code_n32_k16_cw3_005_q01,code_n32_k16_cw3_005,q01,train,48,3045858481,"[9, 14, 16, 17, 19, 20, 26, 28]",8,[],0,0,8,0,0
code_n32_k16_cw3_005_q01,code_n32_k16_cw3_005,q01,train,49,3046858484,"[5, 8, 14, 20, 22, 23, 24, 27, 28]",9,[],0,0,9,0,0
code_n32_k16_cw3_005_q01,code_n32_k16_cw3_005,q01,train,50,3047858487,"[0, 8, 9, 12, 15, 22, 24]",7,[],0,0,7,0,0
code_n32_k16_cw3_005_q01,code_n32_k16_cw3_005,q01,train,51,3048858490,"[2, 3, 8, 14, 17, 21, 22, 23, 29]",9,[],0,0,9,0,0
code_n32_k16_cw3_005_q01,code_n32_k16_cw3_005,q01,train,52,3049858493,"[10, 12, 14, 20, 25, 29]",6,[],0,0,6,0,0
code_n32_k16_cw3_005_q01,code_n32_k16_cw3_005,q01,train,53,3050858496,"[1, 3, 5, 9, 11, 13, 14, 16]",8,"[1, 5, 13, 16]",4,1,8,0,0
code_n32_k16_cw3_005_q01,code_n32_k16_cw3_005,q01,train,54,3051858499,[18],1,[],0,0,1,0,0
code_n32_k16_cw3_005_q01,code_n32_k16_cw3_005,q01,train,55,3052858502,"[2, 7, 9, 21, 23, 24, 29]",7,[],0,0,7,0,0
code_n32_k16_cw3_005_q01,code_n32_k16_cw3_005,q01,train,56,3053858505,"[3, 18, 21, 23, 27, 30]",6,[],0,0,6,0,0
code_n32_k16_cw3_005_q01,code_n32_k16_cw3_005,q01,train,57,3054858508,"[1, 2, 5, 8, 13, 21, 22, 23, 30, 31]",10,"[1, 2, 5, 13, 22]",5,1,10,0,0
code_n32_k16_cw3_005_q01,code_n32_k16_cw3_005,q01,train,58,3055858511,"[7, 9, 12, 16, 17, 23, 29, 31]",8,[],0,0,8,0,0
code_n32_k16_cw3_005_q01,code_n32_k16_cw3_005,q01,train,59,3056858514,"[10, 18, 21, 25, 27]",5,[],0,0,5,0,0
code_n32_k16_cw3_005_q01,code_n32_k16_cw3_005,q01,train,60,3057858517,"[1, 4, 8, 10, 11, 18, 22, 26, 30]",9,[],0,0,9,0,0
code_n32_k16_cw3_005_q01,code_n32_k16_cw3_005,q01,train,61,3058858520,"[5, 8, 9, 12, 17, 23, 25, 26, 29, 31]",10,[],0,0,10,0,0
code_n32_k16_cw3_005_q01,code_n32_k16_cw3_005,q01,train,62,3059858523,"[3, 14, 17, 22]",4,[],0,0,4,0,0
code_n32_k16_cw3_005_q01,code_n32_k16_cw3_005,q01,train,63,3060858526,"[0, 9, 12, 13, 14, 16, 26, 27, 30]",9,[],0,0,9,0,0
code_n32_k16_cw3_005_q02,code_n32_k16_cw3_005,q02,train,0,2276478378,"[6, 8, 10, 11, 22, 26, 30, 31]",8,[],0,0,8,0,0
code_n32_k16_cw3_005_q02,code_n32_k16_cw3_005,q02,train,1,2277478381,"[0, 4, 10, 11, 18, 23, 24, 28, 30]",9,[],0,0,9,0,0
code_n32_k16_cw3_005_q02,code_n32_k16_cw3_005,q02,train,2,2278478384,"[1, 4, 6, 7, 14, 19, 22, 30]",8,[],0,0,8,0,0
code_n32_k16_cw3_005_q02,code_n32_k16_cw3_005,q02,train,3,2279478387,"[2, 3, 11, 14, 16, 17, 18, 20, 21, 22, 28]",11,"[2, 3, 11, 16, 17, 21, 22, 28]",8,1,10,1,1
code_n32_k16_cw3_005_q02,code_n32_k16_cw3_005,q02,train,4,2280478390,"[3, 7, 8, 9, 11, 22, 24, 30]",8,[],0,0,8,0,0
code_n32_k16_cw3_005_q02,code_n32_k16_cw3_005,q02,train,5,2281478393,"[2, 5, 7, 8, 11, 14, 15, 17, 19, 21, 27, 29, 30]",13,"[5, 8, 11, 15, 17, 19, 21, 30]",8,1,13,0,0
code_n32_k16_cw3_005_q02,code_n32_k16_cw3_005,q02,train,6,2282478396,"[1, 2, 8, 13, 21, 27, 29, 31]",8,[],0,0,8,0,0
code_n32_k16_cw3_005_q02,code_n32_k16_cw3_005,q02,train,7,2283478399,"[0, 6, 7, 9, 11, 16, 20, 25, 31]",9,"[6, 9, 11, 16, 25]",5,1,9,0,0
code_n32_k16_cw3_005_q02,code_n32_k16_cw3_005,q02,train,8,2284478402,"[1, 5, 7, 8, 11, 12, 20, 21, 23, 25, 28]",11,[],0,0,11,0,0
code_n32_k16_cw3_005_q02,code_n32_k16_cw3_005,q02,train,9,2285478405,"[3, 6, 10, 12, 14, 15, 19, 24, 26, 29]",10,[],0,0,10,0,0
code_n32_k16_cw3_005_q02,code_n32_k16_cw3_005,q02,train,10,2286478408,"[1, 6, 8, 17, 31]",5,[],0,0,5,0,0
code_n32_k16_cw3_005_q02,code_n32_k16_cw3_005,q02,train,11,2287478411,"[5, 8, 9, 11, 19, 20, 26]",7,[],0,0,7,0,0
code_n32_k16_cw3_005_q02,code_n32_k16_cw3_005,q02,train,12,2288478414,"[2, 3, 9, 15, 17, 19, 22, 27, 28, 29]",10,"[2, 3, 9, 15, 19, 22, 27, 28, 29]",9,1,9,1,1
code_n32_k16_cw3_005_q02,code_n32_k16_cw3_005,q02,train,13,2289478417,"[3, 9, 14, 19, 20, 21, 22, 26, 28]",9,[],0,0,9,0,0
code_n32_k16_cw3_005_q02,code_n32_k16_cw3_005,q02,train,14,2290478420,"[0, 7, 8, 13, 18, 19, 21, 28]",8,[],0,0,8,0,0
code_n32_k16_cw3_005_q02,code_n32_k16_cw3_005,q02,train,15,2291478423,"[2, 5, 9, 10, 12, 14, 16, 17, 21, 23, 24, 25, 28, 29, 30]",15,"[2, 9, 10, 12, 14, 16, 17, 21, 23, 24, 25, 28, 29, 30]",14,1,13,2,1
code_n32_k16_cw3_005_q02,code_n32_k16_cw3_005,q02,train,16,2292478426,"[0, 1, 2, 7, 8, 12, 14, 15, 19, 20, 23, 26, 29]",13,"[1, 8, 12, 14, 15, 19, 26]",7,1,13,0,0
code_n32_k16_cw3_005_q02,code_n32_k16_cw3_005,q02,train,17,2293478429,"[1, 2, 9, 10, 14, 15, 17, 19, 24, 25, 26, 29]",12,"[19, 25, 29]",3,1,12,0,0
code_n32_k16_cw3_005_q02,code_n32_k16_cw3_005,q02,train,18,2294478432,"[2, 5, 13, 15, 20, 21, 24, 26, 28, 29, 31]",11,"[13, 15, 26]",3,1,11,0,0
code_n32_k16_cw3_005_q02,code_n32_k16_cw3_005,q02,train,19,2295478435,"[2, 7, 8, 12, 17, 21, 26, 30, 31]",9,[],0,0,9,0,0
code_n32_k16_cw3_005_q02,code_n32_k16_cw3_005,q02,train,20,2296478438,"[2, 6, 7, 9, 18, 21, 22, 31]",8,[],0,0,8,0,0
code_n32_k16_cw3_005_q02,code_n32_k16_cw3_005,q02,train,21,2297478441,"[0, 4, 5, 9, 11, 18, 29]",7,[],0,0,7,0,0
code_n32_k16_cw3_005_q02,code_n32_k16_cw3_005,q02,train,22,2298478444,"[0, 11, 13, 14, 15, 18, 19, 20, 21, 24, 29, 31]",12,[],0,0,12,0,0
code_n32_k16_cw3_005_q02,code_n32_k16_cw3_005,q02,train,23,2299478447,"[0, 1, 3, 8, 12, 19, 23, 26, 27]",9,[],0,0,9,0,0
code_n32_k16_cw3_005_q02,code_n32_k16_cw3_005,q02,train,24,2300478450,"[0, 3, 7, 11, 12, 13, 23, 24, 26, 27, 28, 29]",12,"[0, 3, 11, 13, 23, 24, 26, 27, 28]",9,1,12,0,0
code_n32_k16_cw3_005_q02,code_n32_k16_cw3_005,q02,train,25,2301478453,"[1, 6, 9, 12, 18, 22, 25]",7,[],0,0,7,0,0
code_n32_k16_cw3_005_q02,code_n32_k16_cw3_005,q02,train,26,2302478456,"[4, 5, 6, 13, 16, 18, 23, 24, 25, 28, 31]",11,"[4, 5, 16, 23]",4,1,10,1,1
code_n32_k16_cw3_005_q02,code_n32_k16_cw3_005,q02,train,27,2303478459,"[0, 1, 5, 11, 12, 14, 15, 17, 19, 23, 24, 25, 31]",13,"[0, 1, 5, 11, 12, 14, 15, 17, 19, 24, 31]",11,1,12,1,1
code_n32_k16_cw3_005_q02,code_n32_k16_cw3_005,q02,train,28,2304478462,"[1, 3, 5, 6, 8, 9, 13, 17, 18, 19, 22, 24, 27, 30]",14,"[1, 3, 5, 6, 8, 13, 19, 27, 30]",9,1,13,1,1
code_n32_k16_cw3_005_q02,code_n32_k16_cw3_005,q02,train,29,2305478465,"[1, 6, 7, 11, 14, 15, 20, 29, 31]",9,[],0,0,9,0,0
code_n32_k16_cw3_005_q02,code_n32_k16_cw3_005,q02,train,30,2306478468,"[0, 7, 8, 10, 15, 22]",6,[],0,0,6,0,0
code_n32_k16_cw3_005_q02,code_n32_k16_cw3_005,q02,train,31,2307478471,"[8, 11, 12, 15, 18, 20, 23, 25, 29, 31]",10,[],0,0,10,0,0
code_n32_k16_cw3_005_q02,code_n32_k16_cw3_005,q02,train,32,2308478474,"[5, 12, 14, 15, 16, 17, 26, 30]",8,[],0,0,8,0,0
code_n32_k16_cw3_005_q02,code_n32_k16_cw3_005,q02,train,33,2309478477,"[0, 2, 11, 24, 29, 30, 31]",7,[],0,0,7,0,0
code_n32_k16_cw3_005_q02,code_n32_k16_cw3_005,q02,train,34,2310478480,"[1, 11, 12, 17, 22, 23, 26, 27, 28, 29, 31]",11,"[1, 11, 12, 23, 26, 27, 28, 31]",8,1,11,0,0
code_n32_k16_cw3_005_q02,code_n32_k16_cw3_005,q02,train,35,2311478483,"[2, 3, 6, 9, 10, 19, 21, 24, 26, 31]",10,[],0,0,10,0,0
code_n32_k16_cw3_005_q02,code_n32_k16_cw3_005,q02,train,36,2312478486,"[2, 5, 8, 12, 13, 15, 18, 21, 24, 25, 26]",11,"[13, 15, 26]",3,1,11,0,0
code_n32_k16_cw3_005_q02,code_n32_k16_cw3_005,q02,train,37,2313478489,"[1, 2, 5, 8, 15, 25, 31]",7,[],0,0,7,0,0
code_n32_k16_cw3_005_q02,code_n32_k16_cw3_005,q02,train,38,2314478492,"[3, 5, 8, 11, 14, 15, 17, 25, 26, 27, 29]",11,"[3, 5, 8, 11, 25, 26, 27, 29]",8,1,11,0,0
code_n32_k16_cw3_005_q02,code_n32_k16_cw3_005,q02,train,39,2315478495,"[7, 8, 10, 14, 16, 21, 24, 27, 28, 30]",10,[],0,0,10,0,0
code_n32_k16_cw3_005_q02,code_n32_k16_cw3_005,q02,train,40,2316478498,"[0, 2, 6, 7, 11, 20, 25]",7,[],0,0,7,0,0
code_n32_k16_cw3_005_q02,code_n32_k16_cw3_005,q02,train,41,2317478501,"[3, 4, 6, 7, 8, 9, 10, 11, 14, 17, 28, 29]",12,"[3, 11, 28]",3,1,12,0,0
code_n32_k16_cw3_005_q02,code_n32_k16_cw3_005,q02,train,42,2318478504,"[0, 4, 5, 9, 10, 11, 12, 14, 16, 21, 22, 24, 26, 27, 31]",15,"[0, 4, 5, 10, 11, 12, 14, 16, 21, 22, 24, 26, 27, 31]",14,1,14,1,1
code_n32_k16_cw3_005_q02,code_n32_k16_cw3_005,q02,train,43,2319478507,"[1, 4, 7, 9, 16, 19, 20, 21, 23, 24, 26, 28]",12,[],0,0,12,0,0
code_n32_k16_cw3_005_q02,code_n32_k16_cw3_005,q02,train,44,2320478510,"[13, 16, 18, 20, 21, 24, 25, 31]",8,[],0,0,8,0,0
code_n32_k16_cw3_005_q02,code_n32_k16_cw3_005,q02,train,45,2321478513,"[2, 3, 7, 9, 11, 13, 18, 20, 22, 29]",10,[],0,0,10,0,0
code_n32_k16_cw3_005_q02,code_n32_k16_cw3_005,q02,train,46,2322478516,"[4, 6, 10, 11, 12, 17, 21, 29]",8,[],0,0,8,0,0
code_n32_k16_cw3_005_q02,code_n32_k16_cw3_005,q02,train,47,2323478519,"[4, 5, 9, 10, 11, 13, 18, 29]",8,[],0,0,8,0,0
code_n32_k16_cw3_005_q02,code_n32_k16_cw3_005,q02,train,48,2324478522,"[0, 12, 14, 21, 23, 26]",6,[],0,0,6,0,0
code_n32_k16_cw3_005_q02,code_n32_k16_cw3_005,q02,train,49,2325478525,"[2, 7, 8, 11, 13, 18, 21, 23, 25, 26, 30, 31]",12,"[7, 8, 13, 18, 26, 30]",6,1,12,0,0
code_n32_k16_cw3_005_q02,code_n32_k16_cw3_005,q02,train,50,2326478528,"[1, 2, 4, 9, 17, 20, 22, 27, 30]",9,[],0,0,9,0,0
code_n32_k16_cw3_005_q02,code_n32_k16_cw3_005,q02,train,51,2327478531,"[1, 6, 7, 8, 13, 14, 22, 24, 25, 26, 29]",11,"[6, 8, 25, 29]",4,1,10,1,1
code_n32_k16_cw3_005_q02,code_n32_k16_cw3_005,q02,train,52,2328478534,"[9, 10, 11, 12, 15, 16, 17, 21, 22, 26, 30]",11,[],0,0,11,0,0
code_n32_k16_cw3_005_q02,code_n32_k16_cw3_005,q02,train,53,2329478537,"[0, 1, 2, 4, 5, 7, 12, 14, 15, 19, 24, 26, 27]",13,"[0, 1, 4, 5, 15, 24, 26, 27]",8,1,13,0,0
code_n32_k16_cw3_005_q02,code_n32_k16_cw3_005,q02,train,54,2330478540,"[5, 11, 13, 17, 20, 21, 25, 27]",8,[],0,0,8,0,0
code_n32_k16_cw3_005_q02,code_n32_k16_cw3_005,q02,train,55,2331478543,"[3, 5, 6, 12, 15, 18, 19, 20, 22, 27, 28]",11,[],0,0,11,0,0
code_n32_k16_cw3_005_q02,code_n32_k16_cw3_005,q02,train,56,2332478546,"[2, 3, 8, 14, 15, 20, 21, 26]",8,[],0,0,8,0,0
code_n32_k16_cw3_005_q02,code_n32_k16_cw3_005,q02,train,57,2333478549,"[3, 12, 14, 20, 21, 26, 31]",7,[],0,0,7,0,0
code_n32_k16_cw3_005_q02,code_n32_k16_cw3_005,q02,train,58,2334478552,"[1, 4, 5, 8, 9, 10, 11, 18, 19, 22, 24, 30]",12,[],0,0,12,0,0
code_n32_k16_cw3_005_q02,code_n32_k16_cw3_005,q02,train,59,2335478555,"[0, 1, 2, 4, 6, 7, 8, 9, 13, 14, 16, 19, 22, 26]",14,"[1, 2, 6, 8, 16, 19, 22]",7,1,14,0,0
code_n32_k16_cw3_005_q02,code_n32_k16_cw3_005,q02,train,60,2336478558,"[1, 10, 14, 15, 24, 25, 26, 28, 31]",9,[],0,0,9,0,0
code_n32_k16_cw3_005_q02,code_n32_k16_cw3_005,q02,train,61,2337478561,"[0, 2, 4, 15, 18, 19, 20, 22, 26, 31]",10,"[2, 15, 22, 26]",4,1,9,1,1
code_n32_k16_cw3_005_q02,code_n32_k16_cw3_005,q02,train,62,2338478564,"[2, 3, 4, 9, 10, 11, 14, 15, 22, 23, 25, 27, 30]",13,"[2, 3, 4, 9, 10, 11, 15, 22, 23, 25, 27, 30]",12,1,11,2,1
code_n32_k16_cw3_005_q02,code_n32_k16_cw3_005,q02,train,63,2339478567,"[5, 7, 8, 9, 10, 12, 16, 22, 23, 29]",10,[],0,0,10,0,0
code_n32_k16_cw3_005_q03,code_n32_k16_cw3_005,q03,train,0,1555098419,"[4, 6, 9, 11, 15, 20, 25, 27, 30]",9,[],0,0,9,0,0
code_n32_k16_cw3_005_q03,code_n32_k16_cw3_005,q03,train,1,1556098422,"[0, 1, 3, 8, 10, 12, 13, 20, 24, 25, 26, 30]",12,[],0,0,12,0,0
code_n32_k16_cw3_005_q03,code_n32_k16_cw3_005,q03,train,2,1557098425,"[2, 5, 17, 20, 21, 29, 31]",7,[],0,0,7,0,0
code_n32_k16_cw3_005_q03,code_n32_k16_cw3_005,q03,train,3,1558098428,"[0, 1, 4, 5, 7, 8, 17, 22, 28, 29, 30]",11,[],0,0,11,0,0
code_n32_k16_cw3_005_q03,code_n32_k16_cw3_005,q03,train,4,1559098431,"[3, 4, 7, 8, 15, 23, 25, 27, 28, 31]",10,"[4, 15, 23, 27]",4,1,10,0,0
code_n32_k16_cw3_005_q03,code_n32_k16_cw3_005,q03,train,5,1560098434,"[0, 1, 3, 4, 5, 6, 7, 8, 14, 16, 17, 18, 21, 25]",14,"[0, 1, 6, 8, 16, 17, 21]",7,1,14,0,0
code_n32_k16_cw3_005_q03,code_n32_k16_cw3_005,q03,train,6,1561098437,"[1, 5, 9, 11, 16, 17, 18, 19, 20, 27, 29]",11,"[1, 9, 11, 16, 19, 29]",6,1,10,1,1
code_n32_k16_cw3_005_q03,code_n32_k16_cw3_005,q03,train,7,1562098440,"[0, 4, 5, 7, 14, 15, 16, 25, 31]",9,[],0,0,9,0,0
code_n32_k16_cw3_005_q03,code_n32_k16_cw3_005,q03,train,8,1563098443,"[0, 1, 2, 7, 9, 12, 13, 14, 18, 19, 23, 27, 28, 29, 31]",15,"[1, 7, 9, 12, 13, 14, 18, 19, 23, 27, 28, 29, 31]",13,1,14,1,1
code_n32_k16_cw3_005_q03,code_n32_k16_cw3_005,q03,train,9,1564098446,"[0, 2, 4, 6, 7, 9, 10, 12, 14, 18, 19, 23, 26, 30, 31]",15,"[2, 4, 6, 7, 10, 12, 18, 19, 23, 26, 30, 31]",12,1,15,0,0
code_n32_k16_cw3_005_q03,code_n32_k16_cw3_005,q03,train,10,1565098449,"[5, 6, 9, 19, 20, 21, 24, 26, 30]",9,[],0,0,9,0,0
code_n32_k16_cw3_005_q03,code_n32_k16_cw3_005,q03,train,11,1566098452,"[5, 6, 10, 11, 19, 20, 28, 31]",8,[],0,0,8,0,0
code_n32_k16_cw3_005_q03,code_n32_k16_cw3_005,q03,train,12,1567098455,"[2, 11, 18, 20, 22, 24, 27, 28]",8,[],0,0,8,0,0
code_n32_k16_cw3_005_q03,code_n32_k16_cw3_005,q03,train,13,1568098458,"[8, 11, 12, 15, 18, 20, 21, 22, 23, 24, 25, 26, 29, 30]",14,[],0,0,14,0,0
code_n32_k16_cw3_005_q03,code_n32_k16_cw3_005,q03,train,14,1569098461,"[4, 6, 9, 10, 12, 13, 16, 18, 19, 21, 24, 28, 29, 31]",14,"[4, 6, 9, 12, 13, 16, 19, 21, 24, 28, 29, 31]",12,1,13,1,1
code_n32_k16_cw3_005_q03,code_n32_k16_cw3_005,q03,train,15,1570098464,"[0, 2, 3, 4, 6, 7, 8, 13, 14, 15, 17, 19, 23, 27]",14,"[0, 4, 6, 8, 13, 15, 17, 19, 23, 27]",10,1,12,2,1
code_n32_k16_cw3_005_q03,code_n32_k16_cw3_005,q03,train,16,1571098467,"[1, 5, 11, 12, 13, 19, 29, 31]",8,[],0,0,8,0,0
code_n32_k16_cw3_005_q03,code_n32_k16_cw3_005,q03,train,17,1572098470,"[7, 8, 11, 12, 13, 15, 19, 21, 22, 24, 28, 29, 30]",13,[],0,0,13,0,0
code_n32_k16_cw3_005_q03,code_n32_k16_cw3_005,q03,train,18,1573098473,"[1, 4, 6, 8, 14, 15, 21, 22, 23, 24, 25, 26, 30]",13,"[4, 6, 8, 15, 21, 23, 24, 26, 30]",9,1,13,0,0
code_n32_k16_cw3_005_q03,code_n32_k16_cw3_005,q03,train,19,1574098476,"[0, 4, 6, 9, 10, 11, 12, 15, 23, 29]",10,[],0,0,10,0,0
code_n32_k16_cw3_005_q03,code_n32_k16_cw3_005,q03,train,20,1575098479,"[1, 2, 7, 12, 14, 16, 24, 25, 27]",9,[],0,0,9,0,0
code_n32_k16_cw3_005_q03,code_n32_k16_cw3_005,q03,train,21,1576098482,"[0, 10, 12, 13, 18, 19, 21, 23, 24, 25, 26, 28, 29]",13,"[19, 25, 29]",3,1,13,0,0
code_n32_k16_cw3_005_q03,code_n32_k16_cw3_005,q03,train,22,1577098485,"[0, 3, 4, 7, 11, 12, 15, 17, 19, 20, 21, 26, 31]",13,"[0, 3, 4, 11, 12, 15, 17, 19, 21, 26, 31]",11,1,13,0,0
code_n32_k16_cw3_005_q03,code_n32_k16_cw3_005,q03,train,23,1578098488,"[1, 2, 5, 7, 8, 9, 12, 13, 17, 19, 22, 23, 24, 28]",14,"[1, 2, 5, 8, 13, 17, 22, 23, 24, 28]",10,1,13,1,1
code_n32_k16_cw3_005_q03,code_n32_k16_cw3_005,q03,train,24,1579098491,"[4, 6, 13, 14, 15, 25, 26, 28]",8,"[13, 15, 26]",3,1,8,0,0
code_n32_k16_cw3_005_q03,code_n32_k16_cw3_005,q03,train,25,1580098494,"[1, 2, 5, 15, 22, 23, 29, 30]",8,[],0,0,8,0,0
code_n32_k16_cw3_005_q03,code_n32_k16_cw3_005,q03,train,26,1581098497,"[1, 2, 4, 5, 6, 8, 9, 10, 11, 12, 25, 26, 27, 30]",14,"[1, 2, 5, 6, 8, 9, 10, 11, 25, 26, 27, 30]",12,1,12,2,1
code_n32_k16_cw3_005_q03,code_n32_k16_cw3_005,q03,train,27,1582098500,"[0, 4, 9, 10, 12, 14, 16, 21, 23, 24, 28, 29, 31]",13,"[0, 9, 12, 16, 21, 23, 24, 28, 29, 31]",10,1,12,1,1
code_n32_k16_cw3_005_q03,code_n32_k16_cw3_005,q03,train,28,1583098503,"[3, 4, 15, 21, 22, 23, 24, 28, 30, 31]",10,[],0,0,10,0,0
code_n32_k16_cw3_005_q03,code_n32_k16_cw3_005,q03,train,29,1584098506,"[0, 3, 4, 8, 12, 17, 22, 26, 27, 28, 29, 30]",12,[],0,0,12,0,0
code_n32_k16_cw3_005_q03,code_n32_k16_cw3_005,q03,train,30,1585098509,"[0, 2, 4, 7, 10, 11, 16, 18, 19, 22, 25, 28]",12,"[2, 10, 11, 16, 19, 22, 28]",7,1,11,1,1
code_n32_k16_cw3_005_q03,code_n32_k16_cw3_005,q03,train,31,1586098512,"[5, 8, 10, 17, 20, 21, 26, 27, 29, 30]",10,[],0,0,10,0,0
code_n32_k16_cw3_005_q03,code_n32_k16_cw3_005,q03,train,32,1587098515,"[3, 8, 16, 20, 21, 25, 29, 30, 31]",9,[],0,0,9,0,0
code_n32_k16_cw3_005_q03,code_n32_k16_cw3_005,q03,train,33,1588098518,"[6, 8, 13, 14, 15, 18, 19, 20, 21, 23, 25, 29]",12,"[6, 8, 19, 25, 29]",5,1,11,1,1
code_n32_k16_cw3_005_q03,code_n32_k16_cw3_005,q03,train,34,1589098521,"[0, 2, 4, 7, 10, 11, 14, 18, 19, 20, 25, 26, 29]",13,"[19, 25, 29]",3,1,13,0,0
code_n32_k16_cw3_005_q03,code_n32_k16_cw3_005,q03,train,35,1590098524,"[3, 4, 9, 10, 14, 16, 19, 21, 28, 29, 30]",11,"[3, 9, 16, 19, 28, 29]",6,1,11,0,0
code_n32_k16_cw3_005_q03,code_n32_k16_cw3_005,q03,train,36,1591098527,"[1, 2, 7, 10, 14, 20, 22, 24, 26, 27, 28, 31]",12,"[1, 2, 10, 22, 26, 27, 28]",7,1,12,0,0
code_n32_k16_cw3_005_q03,code_n32_k16_cw3_005,q03,train,37,1592098530,"[0, 2, 4, 15, 17, 18, 21, 24, 29, 30]",10,[],0,0,10,0,0
code_n32_k16_cw3_005_q03,code_n32_k16_cw3_005,q03,train,38,1593098533,"[6, 10, 11, 12, 16, 19, 20, 21, 25, 27, 30, 31]",12,[],0,0,12,0,0
code_n32_k16_cw3_005_q03,code_n32_k16_cw3_005,q03,train,39,1594098536,"[0, 1, 9, 12, 13, 15, 18, 22, 24, 25, 26]",11,"[13, 15, 26]",3,1,11,0,0
code_n32_k16_cw3_005_q03,code_n32_k16_cw3_005,q03,train,40,1595098539,"[3, 5, 14, 16, 21, 22, 24, 26, 28, 30, 31]",11,"[3, 5, 14, 21, 24, 26, 28, 30, 31]",9,1,11,0,0
code_n32_k16_cw3_005_q03,code_n32_k16_cw3_005,q03,train,41,1596098542,"[0, 1, 2, 3, 7, 11, 17, 18, 19, 22, 23, 25, 26, 27, 31]",15,"[0, 1, 2, 3, 7, 11, 17, 18, 19, 22, 26, 27]",12,1,14,1,1
code_n32_k16_cw3_005_q03,code_n32_k16_cw3_005,q03,train,42,1597098545,"[1, 2, 4, 7, 11, 12, 13, 14, 15, 19, 22, 24, 29, 30]",14,"[1, 2, 11, 12, 13, 14, 15, 19, 22, 30]",10,1,14,0,0
code_n32_k16_cw3_005_q03,code_n32_k16_cw3_005,q03,train,43,1598098548,"[3, 5, 12, 16, 17, 18, 21, 28, 29, 30]",10,[],0,0,10,0,0
code_n32_k16_cw3_005_q03,code_n32_k16_cw3_005,q03,train,44,1599098551,"[1, 3, 5, 6, 7, 10, 11, 12, 13, 17, 20, 22, 23, 25, 27, 29, 30]",17,"[1, 3, 5, 6, 10, 11, 13, 22, 25, 27, 29, 30]",12,1,15,2,1
code_n32_k16_cw3_005_q03,code_n32_k16_cw3_005,q03,train,45,1600098554,"[0, 1, 12, 14, 15, 16, 17, 21, 23]",9,[],0,0,9,0,0
code_n32_k16_cw3_005_q03,code_n32_k16_cw3_005,q03,train,46,1601098557,"[0, 2, 4, 5, 8, 11, 12, 13, 15, 16, 20, 21, 23, 24, 28, 31]",16,"[0, 4, 5, 8, 11, 12, 13, 16, 21, 23, 24, 28, 31]",13,1,14,2,1
code_n32_k16_cw3_005_q03,code_n32_k16_cw3_005,q03,train,47,1602098560,"[4, 7, 12, 13, 19, 23, 26]",7,[],0,0,7,0,0
code_n32_k16_cw3_005_q03,code_n32_k16_cw3_005,q03,train,48,1603098563,"[2, 3, 11, 13, 14, 17, 22, 29, 30]",9,[],0,0,9,0,0
code_n32_k16_cw3_005_q03,code_n32_k16_cw3_005,q03,train,49,1604098566,"[3, 5, 7, 13, 15, 16, 22, 24, 25, 29, 31]",11,[],0,0,11,0,0
code_n32_k16_cw3_005_q03,code_n32_k16_cw3_005,q03,train,50,1605098569,"[5, 6, 10, 11, 13, 14, 18, 21, 22, 24, 25, 27, 28]",13,"[5, 6, 10, 11, 13, 22, 28]",7,1,13,0,0
code_n32_k16_cw3_005_q03,code_n32_k16_cw3_005,q03,train,51,1606098572,"[0, 1, 2, 6, 14, 15, 30]",7,[],0,0,7,0,0
code_n32_k16_cw3_005_q03,code_n32_k16_cw3_005,q03,train,52,1607098575,"[1, 2, 3, 8, 9, 10, 12, 13, 20, 26, 27, 28, 29, 31]",14,"[1, 2, 3, 8, 9, 10, 13, 26, 27, 28, 29]",11,1,14,0,0
code_n32_k16_cw3_005_q03,code_n32_k16_cw3_005,q03,train,53,1608098578,"[0, 1, 5, 20, 21, 22, 25, 27, 28, 31]",10,[],0,0,10,0,0
code_n32_k16_cw3_005_q03,code_n32_k16_cw3_005,q03,train,54,1609098581,"[0, 4, 5, 6, 8, 13, 15, 16, 17, 19, 21, 24, 26, 29, 31]",15,"[0, 5, 6, 8, 13, 15, 16, 17, 19, 21, 26]",11,1,12,3,1
code_n32_k16_cw3_005_q03,code_n32_k16_cw3_005,q03,train,55,1610098584,"[0, 1, 4, 5, 7, 9, 17, 18, 19, 22, 24, 27]",12,"[0, 4, 7, 18, 24, 27]",6,1,12,0,0
code_n32_k16_cw3_005_q03,code_n32_k16_cw3_005,q03,train,56,1611098587,"[5, 11, 13, 14, 16, 17, 25, 27, 30, 31]",10,[],0,0,10,0,0
code_n32_k16_cw3_005_q03,code_n32_k16_cw3_005,q03,train,57,1612098590,"[0, 4, 9, 10, 11, 15, 16, 18, 21, 22, 28, 29]",12,"[0, 9, 10, 11, 16, 21, 22, 28, 29]",9,1,11,1,1
code_n32_k16_cw3_005_q03,code_n32_k16_cw3_005,q03,train,58,1613098593,"[0, 3, 7, 9, 11, 12, 13, 21, 22, 25, 26, 29, 30]",13,"[0, 9, 13, 21, 25, 26, 29, 30]",8,1,13,0,0
code_n32_k16_cw3_005_q03,code_n32_k16_cw3_005,q03,train,59,1614098596,"[1, 2, 5, 7, 15, 18, 19, 22, 23, 30]",10,"[1, 2, 5, 7, 15, 18, 22]",7,1,10,0,0
code_n32_k16_cw3_005_q03,code_n32_k16_cw3_005,q03,train,60,1615098599,"[1, 3, 6, 7, 8, 14, 15, 18, 20, 23, 26, 29, 31]",13,"[1, 3, 6, 7, 8, 14, 15, 18, 23, 26, 31]",11,1,13,0,0
code_n32_k16_cw3_005_q03,code_n32_k16_cw3_005,q03,train,61,1616098602,"[4, 7, 9, 10, 13, 16, 19, 23, 31]",9,[],0,0,9,0,0
code_n32_k16_cw3_005_q03,code_n32_k16_cw3_005,q03,train,62,1617098605,"[1, 2, 8, 10, 18, 19, 20, 21, 25, 26]",10,[],0,0,10,0,0
code_n32_k16_cw3_005_q03,code_n32_k16_cw3_005,q03,train,63,1618098608,"[0, 1, 2, 3, 13, 15, 18, 19, 20, 27, 30]",11,[],0,0,11,0,0
code_n32_k16_cw3_006_q00,code_n32_k16_cw3_006,q00,train,0,8167283,"[0, 12, 23, 31]",4,[],0,0,4,0,0
code_n32_k16_cw3_006_q00,code_n32_k16_cw3_006,q00,train,1,9167286,"[4, 15, 25, 28, 30]",5,[],0,0,5,0,0
code_n32_k16_cw3_006_q00,code_n32_k16_cw3_006,q00,train,2,10167289,"[6, 14, 19, 28]",4,[],0,0,4,0,0
code_n32_k16_cw3_006_q00,code_n32_k16_cw3_006,q00,train,3,11167292,"[3, 5, 11, 12, 13, 14, 18, 28, 31]",9,[],0,0,9,0,0
code_n32_k16_cw3_006_q00,code_n32_k16_cw3_006,q00,train,4,12167295,"[1, 3, 8, 17, 28]",5,[],0,0,5,0,0
code_n32_k16_cw3_006_q00,code_n32_k16_cw3_006,q00,train,5,13167298,"[1, 4, 13, 14, 16, 21, 23, 27, 29, 30]",10,[],0,0,10,0,0
code_n32_k16_cw3_006_q00,code_n32_k16_cw3_006,q00,train,6,14167301,"[1, 6, 11, 12, 20, 27]",6,[],0,0,6,0,0
code_n32_k16_cw3_006_q00,code_n32_k16_cw3_006,q00,train,7,15167304,"[1, 2, 12, 20, 29]",5,[],0,0,5,0,0
code_n32_k16_cw3_006_q00,code_n32_k16_cw3_006,q00,train,8,16167307,"[4, 9, 10, 16, 17, 19, 31]",7,[],0,0,7,0,0
code_n32_k16_cw3_006_q00,code_n32_k16_cw3_006,q00,train,9,17167310,"[4, 13, 17, 24]",4,[],0,0,4,0,0
code_n32_k16_cw3_006_q00,code_n32_k16_cw3_006,q00,train,10,18167313,"[5, 12, 22, 24, 25, 31]",6,[],0,0,6,0,0
code_n32_k16_cw3_006_q00,code_n32_k16_cw3_006,q00,train,11,19167316,"[0, 1, 9, 15, 17, 23, 25, 26, 31]",9,[],0,0,9,0,0
code_n32_k16_cw3_006_q00,code_n32_k16_cw3_006,q00,train,12,20167319,"[18, 22, 27, 29]",4,[],0,0,4,0,0
code_n32_k16_cw3_006_q00,code_n32_k16_cw3_006,q00,train,13,21167322,"[1, 6, 7, 11, 14, 17, 22, 23]",8,[],0,0,8,0,0
code_n32_k16_cw3_006_q00,code_n32_k16_cw3_006,q00,train,14,22167325,"[0, 2, 9, 11, 14]",5,[],0,0,5,0,0
code_n32_k16_cw3_006_q00,code_n32_k16_cw3_006,q00,train,15,23167328,"[3, 4, 9, 11, 17, 22]",6,[],0,0,6,0,0
code_n32_k16_cw3_006_q00,code_n32_k16_cw3_006,q00,train,16,24167331,"[12, 15, 17, 21, 26]",5,[],0,0,5,0,0
code_n32_k16_cw3_006_q00,code_n32_k16_cw3_006,q00,train,17,25167334,"[0, 7, 10, 12, 17, 19, 22, 25]",8,[],0,0,8,0,0
code_n32_k16_cw3_006_q00,code_n32_k16_cw3_006,q00,train,18,26167337,"[3, 8, 9, 12, 14]",5,[],0,0,5,0,0
code_n32_k16_cw3_006_q00,code_n32_k16_cw3_006,q00,train,19,27167340,"[7, 11, 15, 18, 19, 29, 31]",7,[],0,0,7,0,0
code_n32_k16_cw3_006_q00,code_n32_k16_cw3_006,q00,train,20,28167343,"[9, 10, 27, 29]",4,[],0,0,4,0,0
code_n32_k16_cw3_006_q00,code_n32_k16_cw3_006,q00,train,21,29167346,"[1, 7, 8, 10, 16, 25, 26, 29]",8,[],0,0,8,0,0
code_n32_k16_cw3_006_q00,code_n32_k16_cw3_006,q00,train,22,30167349,"[0, 1, 4, 9, 12, 19, 24, 29]",8,[],0,0,8,0,0
code_n32_k16_cw3_006_q00,code_n32_k16_cw3_006,q00,train,23,31167352,"[18, 20, 21, 25, 26]",5,[],0,0,5,0,0
code_n32_k16_cw3_006_q00,code_n32_k16_cw3_006,q00,train,24,32167355,"[0, 5, 15, 17, 23, 26, 27]",7,[],0,0,7,0,0
code_n32_k16_cw3_006_q00,code_n32_k16_cw3_006,q00,train,25,33167358,"[6, 7, 8, 9, 10, 18, 20, 26]",8,[],0,0,8,0,0
code_n32_k16_cw3_006_q00,code_n32_k16_cw3_006,q00,train,26,34167361,"[6, 13, 14, 19, 20, 21, 23, 30]",8,[],0,0,8,0,0
code_n32_k16_cw3_006_q00,code_n32_k16_cw3_006,q00,train,27,35167364,"[2, 14, 15, 26, 30]",5,[],0,0,5,0,0
code_n32_k16_cw3_006_q00,code_n32_k16_cw3_006,q00,train,28,36167367,"[2, 7, 25]",3,[],0,0,3,0,0
code_n32_k16_cw3_006_q00,code_n32_k16_cw3_006,q00,train,29,37167370,"[2, 4, 8, 13, 17, 23, 26]",7,[],0,0,7,0,0
code_n32_k16_cw3_006_q00,code_n32_k16_cw3_006,q00,train,30,38167373,"[1, 8, 10, 12, 24, 29]",6,[],0,0,6,0,0
code_n32_k16_cw3_006_q00,code_n32_k16_cw3_006,q00,train,31,39167376,"[2, 7, 12, 21]",4,[],0,0,4,0,0
code_n32_k16_cw3_006_q00,code_n32_k16_cw3_006,q00,train,32,40167379,"[1, 3, 6, 9]",4,[],0,0,4,0,0
code_n32_k16_cw3_006_q00,code_n32_k16_cw3_006,q00,train,33,41167382,"[4, 11, 15, 20, 24]",5,[],0,0,5,0,0
code_n32_k16_cw3_006_q00,code_n32_k16_cw3_006,q00,train,34,42167385,"[0, 9, 10, 15]",4,[],0,0,4,0,0
code_n32_k16_cw3_006_q00,code_n32_k16_cw3_006,q00,train,35,43167388,"[5, 13, 20, 25, 29]",5,[],0,0,5,0,0
code_n32_k16_cw3_006_q00,code_n32_k16_cw3_006,q00,train,36,44167391,"[3, 9, 19, 21, 29]",5,[],0,0,5,0,0
code_n32_k16_cw3_006_q00,code_n32_k16_cw3_006,q00,train,37,45167394,"[21, 27, 30]",3,[],0,0,3,0,0
code_n32_k16_cw3_006_q00,code_n32_k16_cw3_006,q00,train,38,46167397,"[6, 7, 9, 18, 23, 28, 30]",7,[],0,0,7,0,0
code_n32_k16_cw3_006_q00,code_n32_k16_cw3_006,q00,train,39,47167400,"[0, 2, 11, 21, 22]",5,[],0,0,5,0,0
code_n32_k16_cw3_006_q00,code_n32_k16_cw3_006,q00,train,40,48167403,"[1, 10, 18, 26]",4,[],0,0,4,0,0
code_n32_k16_cw3_006_q00,code_n32_k16_cw3_006,q00,train,41,49167406,"[0, 3, 4, 5, 30]",5,[],0,0,5,0,0
code_n32_k16_cw3_006_q00,code_n32_k16_cw3_006,q00,train,42,50167409,"[7, 8, 13, 16, 17, 19, 25, 29, 30]",9,[],0,0,9,0,0
code_n32_k16_cw3_006_q00,code_n32_k16_cw3_006,q00,train,43,51167412,"[7, 11, 14, 15, 27]",5,[],0,0,5,0,0
code_n32_k16_cw3_006_q00,code_n32_k16_cw3_006,q00,train,44,52167415,"[2, 4, 12, 15, 17, 18]",6,[],0,0,6,0,0
code_n32_k16_cw3_006_q00,code_n32_k16_cw3_006,q00,train,45,53167418,"[2, 10, 13, 20, 21, 22, 28, 29, 30]",9,[],0,0,9,0,0
code_n32_k16_cw3_006_q00,code_n32_k16_cw3_006,q00,train,46,54167421,"[1, 4, 5, 8, 10, 15, 16, 22]",8,[],0,0,8,0,0
code_n32_k16_cw3_006_q00,code_n32_k16_cw3_006,q00,train,47,55167424,"[9, 10, 26]",3,[],0,0,3,0,0
code_n32_k16_cw3_006_q00,code_n32_k16_cw3_006,q00,train,48,56167427,"[6, 10]",2,[],0,0,2,0,0
code_n32_k16_cw3_006_q00,code_n32_k16_cw3_006,q00,train,49,57167430,"[1, 7, 9, 18, 23, 27, 29, 30]",8,[],0,0,8,0,0
code_n32_k16_cw3_006_q00,code_n32_k16_cw3_006,q00,train,50,58167433,"[4, 6, 8, 9, 10, 12, 17, 22, 23]",9,[],0,0,9,0,0
code_n32_k16_cw3_006_q00,code_n32_k16_cw3_006,q00,train,51,59167436,"[4, 18, 30, 31]",4,[],0,0,4,0,0
code_n32_k16_cw3_006_q00,code_n32_k16_cw3_006,q00,train,52,60167439,"[6, 9, 13, 14, 16]",5,[],0,0,5,0,0
code_n32_k16_cw3_006_q00,code_n32_k16_cw3_006,q00,train,53,61167442,"[2, 4, 7, 21, 31]",5,[],0,0,5,0,0
code_n32_k16_cw3_006_q00,code_n32_k16_cw3_006,q00,train,54,62167445,"[2, 6, 12, 13, 23, 26]",6,[],0,0,6,0,0
code_n32_k16_cw3_006_q00,code_n32_k16_cw3_006,q00,train,55,63167448,"[9, 11, 13, 18, 24]",5,[],0,0,5,0,0
code_n32_k16_cw3_006_q00,code_n32_k16_cw3_006,q00,train,56,64167451,"[1, 6, 8, 9, 14, 17, 28]",7,[],0,0,7,0,0
code_n32_k16_cw3_006_q00,code_n32_k16_cw3_006,q00,train,57,65167454,"[5, 13, 17, 24]",4,[],0,0,4,0,0
code_n32_k16_cw3_006_q00,code_n32_k16_cw3_006,q00,train,58,66167457,"[0, 6, 11, 18, 20]",5,[],0,0,5,0,0
code_n32_k16_cw3_006_q00,code_n32_k16_cw3_006,q00,train,59,67167460,"[1, 6, 7, 11, 12, 15, 22, 25, 26, 29]",10,[],0,0,10,0,0
code_n32_k16_cw3_006_q00,code_n32_k16_cw3_006,q00,train,60,68167463,"[1, 18, 19, 22, 30]",5,[],0,0,5,0,0
code_n32_k16_cw3_006_q00,code_n32_k16_cw3_006,q00,train,61,69167466,"[0, 6, 30]",3,[],0,0,3,0,0
code_n32_k16_cw3_006_q00,code_n32_k16_cw3_006,q00,train,62,70167469,"[9, 16, 22]",3,[],0,0,3,0,0
code_n32_k16_cw3_006_q00,code_n32_k16_cw3_006,q00,train,63,71167472,"[3, 13, 18, 21]",4,[],0,0,4,0,0
code_n32_k16_cw3_006_q01,code_n32_k16_cw3_006,q01,train,0,3581754620,"[2, 3, 5, 6, 9, 10, 12, 13, 17, 18, 28]",11,[],0,0,11,0,0
code_n32_k16_cw3_006_q01,code_n32_k16_cw3_006,q01,train,1,3582754623,"[1, 9, 24, 25, 28, 29, 30]",7,[],0,0,7,0,0
code_n32_k16_cw3_006_q01,code_n32_k16_cw3_006,q01,train,2,3583754626,"[6, 13, 16, 17, 22, 24, 29]",7,[],0,0,7,0,0
code_n32_k16_cw3_006_q01,code_n32_k16_cw3_006,q01,train,3,3584754629,"[2, 6, 7, 13, 14, 23, 24]",7,"[2, 7, 14, 23, 24]",5,1,7,0,0
code_n32_k16_cw3_006_q01,code_n32_k16_cw3_006,q01,train,4,3585754632,"[0, 1, 11, 14, 16, 18, 20, 23, 25, 30]",10,[],0,0,10,0,0
code_n32_k16_cw3_006_q01,code_n32_k16_cw3_006,q01,train,5,3586754635,"[1, 2, 4, 9, 25, 30, 31]",7,[],0,0,7,0,0
code_n32_k16_cw3_006_q01,code_n32_k16_cw3_006,q01,train,6,3587754638,"[4, 10, 13, 22, 24, 31]",6,[],0,0,6,0,0
code_n32_k16_cw3_006_q01,code_n32_k16_cw3_006,q01,train,7,3588754641,"[1, 9, 18, 21, 28, 31]",6,[],0,0,6,0,0
code_n32_k16_cw3_006_q01,code_n32_k16_cw3_006,q01,train,8,3589754644,"[0, 1, 2, 4, 11, 14, 18, 20, 23, 29, 31]",11,[],0,0,11,0,0
code_n32_k16_cw3_006_q01,code_n32_k16_cw3_006,q01,train,9,3590754647,"[2, 5, 17, 20, 25, 30]",6,[],0,0,6,0,0
code_n32_k16_cw3_006_q01,code_n32_k16_cw3_006,q01,train,10,3591754650,"[4, 11, 19, 24, 30]",5,[],0,0,5,0,0
code_n32_k16_cw3_006_q01,code_n32_k16_cw3_006,q01,train,11,3592754653,"[4, 5, 6, 12, 15, 21, 26, 29, 30, 31]",10,[],0,0,10,0,0
code_n32_k16_cw3_006_q01,code_n32_k16_cw3_006,q01,train,12,3593754656,"[4, 16, 17, 18, 19, 20, 26, 30]",8,[],0,0,8,0,0
code_n32_k16_cw3_006_q01,code_n32_k16_cw3_006,q01,train,13,3594754659,"[0, 2, 4, 9, 16, 17, 20, 27, 28, 29]",10,[],0,0,10,0,0
code_n32_k16_cw3_006_q01,code_n32_k16_cw3_006,q01,train,14,3595754662,"[3, 20, 21, 23, 28, 30]",6,[],0,0,6,0,0
code_n32_k16_cw3_006_q01,code_n32_k16_cw3_006,q01,train,15,3596754665,"[5, 9, 15, 19, 22, 24, 31]",7,[],0,0,7,0,0
code_n32_k16_cw3_006_q01,code_n32_k16_cw3_006,q01,train,16,3597754668,"[0, 2, 5, 6, 9, 15, 19, 21, 22]",9,[],0,0,9,0,0
code_n32_k16_cw3_006_q01,code_n32_k16_cw3_006,q01,train,17,3598754671,"[2, 8, 11, 13, 14, 17, 18, 28, 31]",9,[],0,0,9,0,0
code_n32_k16_cw3_006_q01,code_n32_k16_cw3_006,q01,train,18,3599754674,"[0, 7, 11, 15, 18, 21]",6,[],0,0,6,0,0
code_n32_k16_cw3_006_q01,code_n32_k16_cw3_006,q01,train,19,3600754677,"[4, 6, 9, 12, 17, 24, 25]",7,[],0,0,7,0,0
code_n32_k16_cw3_006_q01,code_n32_k16_cw3_006,q01,train,20,3601754680,"[3, 9, 12, 19, 22, 30]",6,[],0,0,6,0,0
code_n32_k16_cw3_006_q01,code_n32_k16_cw3_006,q01,train,21,3602754683,"[0, 1, 13, 20, 21, 29, 30]",7,[],0,0,7,0,0
code_n32_k16_cw3_006_q01,code_n32_k16_cw3_006,q01,train,22,3603754686,"[10, 30]",2,[],0,0,2,0,0
code_n32_k16_cw3_006_q01,code_n32_k16_cw3_006,q01,train,23,3604754689,"[0, 1, 2, 3, 13, 20]",6,[],0,0,6,0,0
code_n32_k16_cw3_006_q01,code_n32_k16_cw3_006,q01,train,24,3605754692,"[10, 13, 19, 26, 28, 29]",6,[],0,0,6,0,0
code_n32_k16_cw3_006_q01,code_n32_k16_cw3_006,q01,train,25,3606754695,"[5, 7, 9, 10, 19, 25, 29, 30]",8,[],0,0,8,0,0
code_n32_k16_cw3_006_q01,code_n32_k16_cw3_006,q01,train,26,3607754698,"[1, 5, 6, 13, 15, 26, 27, 28, 29]",9,[],0,0,9,0,0
code_n32_k16_cw3_006_q01,code_n32_k16_cw3_006,q01,train,27,3608754701,"[1, 3, 4, 12, 17, 25, 31]",7,[],0,0,7,0,0
code_n32_k16_cw3_006_q01,code_n32_k16_cw3_006,q01,train,28,3609754704,"[4, 5, 8, 9, 19, 21, 22, 30]",8,[],0,0,8,0,0
code_n32_k16_cw3_006_q01,code_n32_k16_cw3_006,q01,train,29,3610754707,"[3, 5, 7, 8, 12, 15, 22, 23, 25, 26, 27, 28]",12,[],0,0,12,0,0
code_n32_k16_cw3_006_q01,code_n32_k16_cw3_006,q01,train,30,3611754710,"[1, 3, 4, 6, 11, 15, 18, 26]",8,[],0,0,8,0,0
code_n32_k16_cw3_006_q01,code_n32_k16_cw3_006,q01,train,31,3612754713,"[4, 6, 10, 11, 17, 27, 28, 29, 31]",9,[],0,0,9,0,0
code_n32_k16_cw3_006_q01,code_n32_k16_cw3_006,q01,train,32,3613754716,"[3, 4, 5, 8, 11, 14, 19, 22, 23, 25]",10,[],0,0,10,0,0
code_n32_k16_cw3_006_q01,code_n32_k16_cw3_006,q01,train,33,3614754719,"[1, 9, 12, 21, 23, 26, 28, 29]",8,[],0,0,8,0,0
code_n32_k16_cw3_006_q01,code_n32_k16_cw3_006,q01,train,34,3615754722,"[3, 4, 17, 18, 20, 22, 24, 28]",8,[],0,0,8,0,0
code_n32_k16_cw3_006_q01,code_n32_k16_cw3_006,q01,train,35,3616754725,"[1, 3, 7, 11, 12, 14, 15, 16, 20, 24, 25, 26, 31]",13,[],0,0,13,0,0
code_n32_k16_cw3_006_q01,code_n32_k16_cw3_006,q01,train,36,3617754728,"[6, 13, 16, 22, 28, 31]",6,[],0,0,6,0,0
code_n32_k16_cw3_006_q01,code_n32_k16_cw3_006,q01,train,37,3618754731,"[7, 8, 11, 14, 21, 25, 28]",7,[],0,0,7,0,0
code_n32_k16_cw3_006_q01,code_n32_k16_cw3_006,q01,train,38,3619754734,"[0, 4, 5, 9, 13, 14, 19, 20, 21, 23, 29]",11,"[0, 4, 9, 14, 21, 29]",6,1,10,1,1
code_n32_k16_cw3_006_q01,code_n32_k16_cw3_006,q01,train,39,3620754737,"[3, 6, 21]",3,[],0,0,3,0,0
code_n32_k16_cw3_006_q01,code_n32_k16_cw3_006,q01,train,40,3621754740,"[0, 23, 27]",3,[],0,0,3,0,0
code_n32_k16_cw3_006_q01,code_n32_k16_cw3_006,q01,train,41,3622754743,"[1, 6, 22, 30]",4,[],0,0,4,0,0
code_n32_k16_cw3_006_q01,code_n32_k16_cw3_006,q01,train,42,3623754746,"[3, 5, 7, 8, 10, 13, 19, 21, 22, 24, 26]",11,[],0,0,11,0,0
code_n32_k16_cw3_006_q01,code_n32_k16_cw3_006,q01,train,43,3624754749,"[8, 23, 30, 31]",4,[],0,0,4,0,0
code_n32_k16_cw3_006_q01,code_n32_k16_cw3_006,q01,train,44,3625754752,"[2, 5, 6, 8, 18, 19, 24, 25, 26, 28, 29]",11,[],0,0,11,0,0
code_n32_k16_cw3_006_q01,code_n32_k16_cw3_006,q01,train,45,3626754755,"[4, 10, 17, 26, 27]",5,[],0,0,5,0,0
code_n32_k16_cw3_006_q01,code_n32_k16_cw3_006,q01,train,46,3627754758,"[1, 5, 14, 17, 26, 28, 29, 31]",8,[],0,0,8,0,0
code_n32_k16_cw3_006_q01,code_n32_k16_cw3_006,q01,train,47,3628754761,"[2, 8, 9, 10, 11, 16, 21, 22, 24]",9,[],0,0,9,0,0
code_n32_k16_cw3_006_q01,code_n32_k16_cw3_006,q01,train,48,3629754764,"[2, 3, 11, 15, 16, 19, 21]",7,[],0,0,7,0,0
code_n32_k16_cw3_006_q01,code_n32_k16_cw3_006,q01,train,49,3630754767,"[2, 7, 19, 24, 27, 31]",6,[],0,0,6,0,0
code_n32_k16_cw3_006_q01,code_n32_k16_cw3_006,q01,train,50,3631754770,"[2, 5, 6, 10, 18, 20, 29]",7,[],0,0,7,0,0
code_n32_k16_cw3_006_q01,code_n32_k16_cw3_006,q01,train,51,3632754773,"[10, 13, 24]",3,[],0,0,3,0,0
code_n32_k16_cw3_006_q01,code_n32_k16_cw3_006,q01,train,52,3633754776,"[1, 5, 10, 11, 21, 24, 25, 26, 30]",9,[],0,0,9,0,0
code_n32_k16_cw3_006_q01,code_n32_k16_cw3_006,q01,train,53,3634754779,"[2, 5, 8, 9, 12, 13, 16, 17, 18, 19, 26, 27, 31]",13,"[9, 12, 17, 18, 19, 26, 27, 31]",8,1,13,0,0
code_n32_k16_cw3_006_q01,code_n32_k16_cw3_006,q01,train,54,3635754782,"[1, 2, 5, 13, 15, 19, 20]",7,[],0,0,7,0,0
code_n32_k16_cw3_006_q01,code_n32_k16_cw3_006,q01,train,55,3636754785,"[0, 3, 7, 21, 23, 29, 31]",7,[],0,0,7,0,0
code_n32_k16_cw3_006_q01,code_n32_k16_cw3_006,q01,train,56,3637754788,"[2, 5, 6, 7, 8, 12, 14, 28, 29, 31]",10,[],0,0,10,0,0
code_n32_k16_cw3_006_q01,code_n32_k16_cw3_006,q01,train,57,3638754791,"[4, 9, 16, 19, 21, 29]",6,[],0,0,6,0,0
code_n32_k16_cw3_006_q01,code_n32_k16_cw3_006,q01,train,58,3639754794,"[0, 4, 8, 11, 12, 16, 20, 21, 25]",9,[],0,0,9,0,0
code_n32_k16_cw3_006_q01,code_n32_k16_cw3_006,q01,train,59,3640754797,"[0, 6, 13, 19, 23, 26, 29]",7,[],0,0,7,0,0
code_n32_k16_cw3_006_q01,code_n32_k16_cw3_006,q01,train,60,3641754800,"[0, 3, 4, 5, 21, 28, 29, 30, 31]",9,"[0, 3, 4, 21, 30, 31]",6,1,8,1,1
code_n32_k16_cw3_006_q01,code_n32_k16_cw3_006,q01,train,61,3642754803,"[0, 9, 11, 13, 15, 20, 29, 30, 31]",9,[],0,0,9,0,0
code_n32_k16_cw3_006_q01,code_n32_k16_cw3_006,q01,train,62,3643754806,"[1, 2, 4, 5, 7, 8, 12, 14, 18, 28]",10,[],0,0,10,0,0
code_n32_k16_cw3_006_q01,code_n32_k16_cw3_006,q01,train,63,3644754809,"[4, 5, 9, 20, 23, 25, 31]",7,[],0,0,7,0,0
code_n32_k16_cw3_006_q02,code_n32_k16_cw3_006,q02,train,0,2860374661,"[2, 4, 6, 8, 10, 11, 22, 23, 24, 29, 31]",11,[],0,0,11,0,0
code_n32_k16_cw3_006_q02,code_n32_k16_cw3_006,q02,train,1,2861374664,"[4, 12, 15, 16, 17, 23, 26]",7,[],0,0,7,0,0
code_n32_k16_cw3_006_q02,code_n32_k16_cw3_006,q02,train,2,2862374667,"[3, 4, 6, 7, 8, 9, 12, 20, 22, 27]",10,[],0,0,10,0,0
code_n32_k16_cw3_006_q02,code_n32_k16_cw3_006,q02,train,3,2863374670,"[5, 8, 11, 15, 19, 20, 21, 22, 23, 24, 25, 27, 29, 30]",14,"[5, 8, 11, 15, 19, 20, 22, 25, 27, 29]",10,1,14,0,0
code_n32_k16_cw3_006_q02,code_n32_k16_cw3_006,q02,train,4,2864374673,"[0, 9, 16, 19, 29, 30]",6,[],0,0,6,0,0
code_n32_k16_cw3_006_q02,code_n32_k16_cw3_006,q02,train,5,2865374676,"[2, 5, 6, 7, 16]",5,[],0,0,5,0,0
code_n32_k16_cw3_006_q02,code_n32_k16_cw3_006,q02,train,6,2866374679,"[0, 1, 10, 11, 14, 16, 17, 20, 24, 25, 29]",11,[],0,0,11,0,0
code_n32_k16_cw3_006_q02,code_n32_k16_cw3_006,q02,train,7,2867374682,"[1, 4, 7, 9, 11, 12, 14, 16, 24]",9,[],0,0,9,0,0
code_n32_k16_cw3_006_q02,code_n32_k16_cw3_006,q02,train,8,2868374685,"[2, 3, 7, 11, 14, 24, 25, 30]",8,[],0,0,8,0,0
code_n32_k16_cw3_006_q02,code_n32_k16_cw3_006,q02,train,9,2869374688,"[2, 4, 6, 9, 12, 15, 17, 18, 23, 26, 30]",11,[],0,0,11,0,0
code_n32_k16_cw3_006_q02,code_n32_k16_cw3_006,q02,train,10,2870374691,"[1, 3, 6, 8, 12, 16, 20, 28, 31]",9,[],0,0,9,0,0
code_n32_k16_cw3_006_q02,code_n32_k16_cw3_006,q02,train,11,2871374694,"[2, 6, 10, 13, 17, 21, 24, 27, 31]",9,[],0,0,9,0,0
code_n32_k16_cw3_006_q02,code_n32_k16_cw3_006,q02,train,12,2872374697,"[3, 8, 11, 15, 17, 30]",6,[],0,0,6,0,0
code_n32_k16_cw3_006_q02,code_n32_k16_cw3_006,q02,train,13,2873374700,"[1, 3, 4, 6, 8, 9, 10, 16, 18, 20, 25, 30, 31]",13,[],0,0,13,0,0
code_n32_k16_cw3_006_q02,code_n32_k16_cw3_006,q02,train,14,2874374703,"[0, 5, 6, 9, 11, 14, 16, 23, 24, 28, 29, 31]",12,[],0,0,12,0,0
code_n32_k16_cw3_006_q02,code_n32_k16_cw3_006,q02,train,15,2875374706,"[0, 3, 10, 15, 20, 22, 25, 31]",8,"[0, 3, 10, 15, 20, 22]",6,1,8,0,0
code_n32_k16_cw3_006_q02,code_n32_k16_cw3_006,q02,train,16,2876374709,"[3, 5, 8, 10, 12, 15, 17, 18, 21, 22, 24, 25, 30]",13,"[10, 15, 17, 21, 22, 30]",6,1,13,0,0
code_n32_k16_cw3_006_q02,code_n32_k16_cw3_006,q02,train,17,2877374712,"[3, 4, 5, 6, 8, 11, 21, 22, 31]",9,"[3, 4, 11, 21, 22, 31]",6,1,8,1,1
code_n32_k16_cw3_006_q02,code_n32_k16_cw3_006,q02,train,18,2878374715,"[1, 2, 8, 10, 12, 13, 14, 15, 16, 18, 23, 28, 29, 31]",14,"[1, 2, 8, 14, 15, 16, 18, 28, 29, 31]",10,1,13,1,1
code_n32_k16_cw3_006_q02,code_n32_k16_cw3_006,q02,train,19,2879374718,"[2, 10, 18, 19, 20, 22, 28]",7,[],0,0,7,0,0
code_n32_k16_cw3_006_q02,code_n32_k16_cw3_006,q02,train,20,2880374721,"[3, 4, 10, 11, 12, 15, 18, 20, 23, 26]",10,"[10, 11, 12, 15, 26]",5,1,10,0,0
code_n32_k16_cw3_006_q02,code_n32_k16_cw3_006,q02,train,21,2881374724,"[2, 5, 7, 10, 11, 17, 19, 21, 27]",9,[],0,0,9,0,0
code_n32_k16_cw3_006_q02,code_n32_k16_cw3_006,q02,train,22,2882374727,"[1, 3, 11, 13, 24, 28, 30]",7,[],0,0,7,0,0
code_n32_k16_cw3_006_q02,code_n32_k16_cw3_006,q02,train,23,2883374730,"[1, 2, 4, 6, 11, 14, 17, 22, 25, 26, 28]",11,"[1, 11, 17, 22, 26, 28]",6,1,11,0,0
code_n32_k16_cw3_006_q02,code_n32_k16_cw3_006,q02,train,24,2884374733,"[0, 1, 2, 3, 5, 10, 14, 20, 22, 23, 26, 30]",12,[],0,0,12,0,0
code_n32_k16_cw3_006_q02,code_n32_k16_cw3_006,q02,train,25,2885374736,"[4, 8, 16, 26, 27]",5,[],0,0,5,0,0
code_n32_k16_cw3_006_q02,code_n32_k16_cw3_006,q02,train,26,2886374739,"[0, 1, 2, 3, 4, 6, 12, 13, 14, 17, 24]",11,[],0,0,11,0,0
code_n32_k16_cw3_006_q02,code_n32_k16_cw3_006,q02,train,27,2887374742,"[2, 4, 10, 13, 17, 23, 27, 30]",8,[],0,0,8,0,0
code_n32_k16_cw3_006_q02,code_n32_k16_cw3_006,q02,train,28,2888374745,"[6, 10, 15, 17, 24, 28, 30]",7,[],0,0,7,0,0
code_n32_k16_cw3_006_q02,code_n32_k16_cw3_006,q02,train,29,2889374748,"[1, 7, 9, 12, 15, 19, 21, 22, 24, 25, 26]",11,[],0,0,11,0,0
code_n32_k16_cw3_006_q02,code_n32_k16_cw3_006,q02,train,30,2890374751,"[4, 7, 8, 9, 12, 14, 15, 17, 24, 26, 27, 28]",12,"[4, 9, 12, 17, 26, 27]",6,1,12,0,0
code_n32_k16_cw3_006_q02,code_n32_k16_cw3_006,q02,train,31,2891374754,"[2, 6, 12, 13, 14, 15, 17, 20, 21, 22, 23, 24, 26]",13,"[2, 12, 13, 20, 21, 22]",6,1,12,1,1
code_n32_k16_cw3_006_q02,code_n32_k16_cw3_006,q02,train,32,2892374757,"[0, 1, 2, 5, 7, 11, 13, 21, 22, 24, 25, 28]",12,"[0, 2, 7, 11, 13, 21, 22, 28]",8,1,12,0,0
code_n32_k16_cw3_006_q02,code_n32_k16_cw3_006,q02,train,33,2893374760,"[6, 7, 8, 11, 15, 23, 24, 27, 29]",9,[],0,0,9,0,0
code_n32_k16_cw3_006_q02,code_n32_k16_cw3_006,q02,train,34,2894374763,"[0, 3, 4, 15, 22, 24, 25, 28, 29, 31]",10,[],0,0,10,0,0
code_n32_k16_cw3_006_q02,code_n32_k16_cw3_006,q02,train,35,2895374766,"[3, 5, 7, 9, 10, 11, 12, 16, 20, 23, 25, 27, 30]",13,"[5, 7, 9, 16, 25]",5,1,13,0,0
code_n32_k16_cw3_006_q02,code_n32_k16_cw3_006,q02,train,36,2896374769,"[0, 4, 6, 12, 28, 30]",6,[],0,0,6,0,0
code_n32_k16_cw3_006_q02,code_n32_k16_cw3_006,q02,train,37,2897374772,"[1, 13, 14, 16, 19, 20, 21, 24]",8,[],0,0,8,0,0
code_n32_k16_cw3_006_q02,code_n32_k16_cw3_006,q02,train,38,2898374775,"[0, 3, 8, 10, 11, 18, 19, 22, 23, 26, 27, 30, 31]",13,"[0, 3, 10, 11, 18, 19, 22, 26, 30, 31]",10,1,13,0,0
code_n32_k16_cw3_006_q02,code_n32_k16_cw3_006,q02,train,39,2899374778,"[5, 7, 8, 11, 15, 23, 24, 30, 31]",9,[],0,0,9,0,0
code_n32_k16_cw3_006_q02,code_n32_k16_cw3_006,q02,train,40,2900374781,"[0, 8, 9, 11, 18, 24, 26]",7,[],0,0,7,0,0
code_n32_k16_cw3_006_q02,code_n32_k16_cw3_006,q02,train,41,2901374784,"[1, 7, 9, 10, 11, 12, 13, 15, 17, 24, 27, 30]",12,"[1, 7, 9, 10, 11, 15, 17, 27]",8,1,12,0,0
code_n32_k16_cw3_006_q02,code_n32_k16_cw3_006,q02,train,42,2902374787,"[2, 4, 9, 10, 23, 25, 30]",7,[],0,0,7,0,0
code_n32_k16_cw3_006_q02,code_n32_k16_cw3_006,q02,train,43,2903374790,"[0, 4, 5, 9, 12, 15, 20, 23, 25, 26, 29, 30]",12,[],0,0,12,0,0
code_n32_k16_cw3_006_q02,code_n32_k16_cw3_006,q02,train,44,2904374793,"[3, 6, 7, 14, 15, 25, 26, 28]",8,[],0,0,8,0,0
code_n32_k16_cw3_006_q02,code_n32_k16_cw3_006,q02,train,45,2905374796,"[2, 3, 8, 12, 13, 15, 16, 17, 19, 20, 22, 23, 25]",13,"[2, 3, 12, 13, 20, 22]",6,1,13,0,0
code_n32_k16_cw3_006_q02,code_n32_k16_cw3_006,q02,train,46,2906374799,"[4, 6, 7, 15, 16, 17, 18, 19, 21, 22, 23, 25, 28]",13,[],0,0,13,0,0
code_n32_k16_cw3_006_q02,code_n32_k16_cw3_006,q02,train,47,2907374802,"[4, 5, 7, 15, 16, 20, 28]",7,[],0,0,7,0,0
code_n32_k16_cw3_006_q02,code_n32_k16_cw3_006,q02,train,48,2908374805,"[4, 5, 6, 11, 14, 16, 19, 22, 23, 28, 29, 31]",12,"[4, 5, 6, 11, 14, 16, 19, 22, 23, 28, 31]",11,1,12,0,0
code_n32_k16_cw3_006_q02,code_n32_k16_cw3_006,q02,train,49,2909374808,"[0, 6, 8, 9, 10, 16, 19, 20, 21, 25, 28]",11,[],0,0,11,0,0
code_n32_k16_cw3_006_q02,code_n32_k16_cw3_006,q02,train,50,2910374811,"[4, 6, 12, 19, 20, 22, 23, 24, 28]",9,[],0,0,9,0,0
code_n32_k16_cw3_006_q02,code_n32_k16_cw3_006,q02,train,51,2911374814,"[5, 6, 8, 11, 12, 16, 17, 19, 21, 23, 31]",11,[],0,0,11,0,0
code_n32_k16_cw3_006_q02,code_n32_k16_cw3_006,q02,train,52,2912374817,"[3, 8, 9, 10, 12, 14, 19, 23, 27]",9,[],0,0,9,0,0
code_n32_k16_cw3_006_q02,code_n32_k16_cw3_006,q02,train,53,2913374820,"[2, 3, 5, 8, 10, 11, 14, 15, 17, 20, 31]",11,[],0,0,11,0,0
code_n32_k16_cw3_006_q02,code_n32_k16_cw3_006,q02,train,54,2914374823,"[0, 2, 20, 22, 28]",5,[],0,0,5,0,0
code_n32_k16_cw3_006_q02,code_n32_k16_cw3_006,q02,train,55,2915374826,"[1, 3, 4, 8, 9, 15, 18, 20, 22, 24, 25, 29]",12,[],0,0,12,0,0
code_n32_k16_cw3_006_q02,code_n32_k16_cw3_006,q02,train,56,2916374829,"[7, 13, 14, 16, 18, 19, 23, 25, 26, 28, 29]",11,[],0,0,11,0,0
code_n32_k16_cw3_006_q02,code_n32_k16_cw3_006,q02,train,57,2917374832,"[7, 13, 16, 20, 24, 25, 26, 27, 28]",9,[],0,0,9,0,0
code_n32_k16_cw3_006_q02,code_n32_k16_cw3_006,q02,train,58,2918374835,"[2, 5, 10, 12, 16, 22, 28, 31]",8,[],0,0,8,0,0
code_n32_k16_cw3_006_q02,code_n32_k16_cw3_006,q02,train,59,2919374838,"[1, 5, 9, 12, 21, 31]",6,[],0,0,6,0,0
code_n32_k16_cw3_006_q02,code_n32_k16_cw3_006,q02,train,60,2920374841,"[3, 12, 16, 19, 20, 26, 31]",7,[],0,0,7,0,0
code_n32_k16_cw3_006_q02,code_n32_k16_cw3_006,q02,train,61,2921374844,"[3, 6, 7, 11, 13, 14, 17, 20, 28, 29, 31]",11,"[3, 7, 11, 13, 14, 17, 28, 29]",8,1,11,0,0
code_n32_k16_cw3_006_q02,code_n32_k16_cw3_006,q02,train,62,2922374847,"[3, 5, 11, 16, 17, 20, 23, 24, 27, 28, 29]",11,[],0,0,11,0,0
code_n32_k16_cw3_006_q02,code_n32_k16_cw3_006,q02,train,63,2923374850,"[0, 1, 4, 5, 6, 10, 13, 14, 21, 29]",10,[],0,0,10,0,0
code_n32_k16_cw3_006_q03,code_n32_k16_cw3_006,q03,train,0,2138994702,"[2, 5, 6, 13, 18, 19, 23, 25, 31]",9,[],0,0,9,0,0
code_n32_k16_cw3_006_q03,code_n32_k16_cw3_006,q03,train,1,2139994705,"[1, 7, 9, 10, 11, 12, 14, 16, 18, 19, 20, 24, 30]",13,"[1, 7, 9, 10, 11, 12, 18, 19, 20]",9,1,13,0,0
code_n32_k16_cw3_006_q03,code_n32_k16_cw3_006,q03,train,2,2140994708,"[0, 5, 11, 14, 19, 20, 22, 24, 29, 30]",10,[],0,0,10,0,0
code_n32_k16_cw3_006_q03,code_n32_k16_cw3_006,q03,train,3,2141994711,"[0, 2, 7, 8, 9, 10, 13, 15, 17, 18, 19, 22, 23, 24, 26, 27, 29]",17,"[0, 2, 7, 9, 10, 13, 15, 17, 18, 19, 22, 23, 24, 26, 27, 29]",16,1,16,1,1
code_n32_k16_cw3_006_q03,code_n32_k16_cw3_006,q03,train,4,2142994714,"[0, 2, 3, 4, 5, 6, 7, 10, 11, 13, 16, 17, 18, 20, 21, 29, 31]",17,"[0, 2, 3, 4, 5, 7, 10, 11, 16, 17, 18, 20, 21, 29, 31]",15,1,16,1,1
code_n32_k16_cw3_006_q03,code_n32_k16_cw3_006,q03,train,5,2143994717,"[1, 4, 6, 11, 13, 20, 22, 23, 24, 29]",10,[],0,0,10,0,0
code_n32_k16_cw3_006_q03,code_n32_k16_cw3_006,q03,train,6,2144994720,"[3, 5, 7, 10, 13, 14, 15, 22, 24, 30, 31]",11,[],0,0,11,0,0
code_n32_k16_cw3_006_q03,code_n32_k16_cw3_006,q03,train,7,2145994723,"[2, 4, 8, 15, 18, 19, 21, 24, 26, 27, 28, 29]",12,[],0,0,12,0,0
code_n32_k16_cw3_006_q03,code_n32_k16_cw3_006,q03,train,8,2146994726,"[2, 10, 15, 22, 25, 31]",6,[],0,0,6,0,0
code_n32_k16_cw3_006_q03,code_n32_k16_cw3_006,q03,train,9,2147994729,"[0, 2, 9, 20, 21, 23, 24, 26, 27, 30, 31]",11,"[0, 9, 27, 30, 31]",5,1,11,0,0
code_n32_k16_cw3_006_q03,code_n32_k16_cw3_006,q03,train,10,2148994732,"[0, 1, 7, 16, 18, 19, 23, 25, 27, 29]",10,[],0,0,10,0,0
code_n32_k16_cw3_006_q03,code_n32_k16_cw3_006,q03,train,11,2149994735,"[0, 3, 9, 13, 14, 16, 20, 21, 24, 27, 28, 31]",12,[],0,0,12,0,0
code_n32_k16_cw3_006_q03,code_n32_k16_cw3_006,q03,train,12,2150994738,"[0, 1, 3, 7, 8, 10, 16, 19, 24, 25, 26, 27, 29, 30]",14,"[0, 1, 3, 7, 8, 16, 19, 25, 29, 30]",10,1,13,1,1
code_n32_k16_cw3_006_q03,code_n32_k16_cw3_006,q03,train,13,2151994741,"[4, 5, 7, 13, 16, 19, 20, 21, 22, 25, 26]",11,[],0,0,11,0,0
code_n32_k16_cw3_006_q03,code_n32_k16_cw3_006,q03,train,14,2152994744,"[3, 6, 11, 12, 13, 14, 16, 18, 19, 21, 22, 27, 28, 29, 30]",15,"[3, 11, 12, 13, 14, 18, 19, 21, 22, 29]",10,1,14,1,1
code_n32_k16_cw3_006_q03,code_n32_k16_cw3_006,q03,train,15,2153994747,"[4, 9, 10, 14, 19, 24, 27, 29]",8,[],0,0,8,0,0
code_n32_k16_cw3_006_q03,code_n32_k16_cw3_006,q03,train,16,2154994750,"[4, 5, 6, 16, 18, 22, 23, 24, 30]",9,[],0,0,9,0,0
code_n32_k16_cw3_006_q03,code_n32_k16_cw3_006,q03,train,17,2155994753,"[1, 5, 9, 11, 13, 14, 17, 18, 22, 31]",10,[],0,0,10,0,0
code_n32_k16_cw3_006_q03,code_n32_k16_cw3_006,q03,train,18,2156994756,"[0, 8, 13, 18, 22, 30]",6,[],0,0,6,0,0
code_n32_k16_cw3_006_q03,code_n32_k16_cw3_006,q03,train,19,2157994759,"[0, 7, 8, 9, 13, 14, 15, 17, 18, 19, 23, 27, 30, 31]",14,"[0, 9, 13, 18, 19, 27, 30, 31]",8,1,13,1,1
code_n32_k16_cw3_006_q03,code_n32_k16_cw3_006,q03,train,20,2158994762,"[0, 6, 8, 19, 20, 25, 26]",7,[],0,0,7,0,0
code_n32_k16_cw3_006_q03,code_n32_k16_cw3_006,q03,train,21,2159994765,"[3, 5, 6, 10, 12, 21, 23, 24, 26, 28, 30, 31]",12,"[3, 5, 6, 10, 12, 21, 24, 26, 30, 31]",10,1,12,0,0
code_n32_k16_cw3_006_q03,code_n32_k16_cw3_006,q03,train,22,2160994768,"[0, 3, 8, 9, 10, 11, 12, 16, 17, 20, 22, 24, 26, 28]",14,"[0, 3, 11, 12, 20, 22, 26]",7,1,14,0,0
code_n32_k16_cw3_006_q03,code_n32_k16_cw3_006,q03,train,23,2161994771,"[1, 3, 4, 7, 10, 21, 24, 27, 30, 31]",10,"[1, 3, 4, 7, 21, 27, 30, 31]",8,1,8,2,1
code_n32_k16_cw3_006_q03,code_n32_k16_cw3_006,q03,train,24,2162994774,"[0, 2, 12, 19, 27, 30, 31]",7,[],0,0,7,0,0
code_n32_k16_cw3_006_q03,code_n32_k16_cw3_006,q03,train,25,2163994777,"[5, 9, 12, 15, 19, 20, 21, 24, 28, 30, 31]",11,[],0,0,11,0,0
code_n32_k16_cw3_006_q03,code_n32_k16_cw3_006,q03,train,26,2164994780,"[0, 1, 3, 4, 6, 9, 11, 16, 18, 20, 22, 24, 28]",13,"[0, 1, 3, 6, 11, 16, 18, 20, 22, 24]",10,1,13,0,0
code_n32_k16_cw3_006_q03,code_n32_k16_cw3_006,q03,train,27,2165994783,"[0, 3, 4, 5, 7, 9, 11, 12, 14, 16, 17, 24, 28, 30]",14,"[0, 3, 4, 7, 9, 11, 12, 17, 28, 30]",10,1,14,0,0
code_n32_k16_cw3_006_q03,code_n32_k16_cw3_006,q03,train,28,2166994786,"[1, 4, 7, 9, 10, 20, 22, 30, 31]",9,[],0,0,9,0,0
code_n32_k16_cw3_006_q03,code_n32_k16_cw3_006,q03,train,29,2167994789,"[0, 4, 13, 16, 18, 26, 28, 29, 30]",9,[],0,0,9,0,0
code_n32_k16_cw3_006_q03,code_n32_k16_cw3_006,q03,train,30,2168994792,"[2, 4, 7, 10, 12, 13, 14, 15, 16, 17, 19, 21, 22, 24, 26]",15,"[4, 10, 12, 17, 26]",5,1,15,0,0
code_n32_k16_cw3_006_q03,code_n32_k16_cw3_006,q03,train,31,2169994795,"[3, 4, 7, 8, 15, 20, 23, 24, 26, 28, 29, 30]",12,"[3, 4, 7, 15, 20, 23, 24, 26, 28, 29, 30]",11,1,12,0,0
code_n32_k16_cw3_006_q03,code_n32_k16_cw3_006,q03,train,32,2170994798,"[0, 5, 8, 10, 16, 17, 21, 22, 24, 25, 27, 30]",12,[],0,0,12,0,0
code_n32_k16_cw3_006_q03,code_n32_k16_cw3_006,q03,train,33,2171994801,"[1, 5, 6, 7, 15, 17, 19, 22, 23, 26, 27, 31]",12,[],0,0,12,0,0
code_n32_k16_cw3_006_q03,code_n32_k16_cw3_006,q03,train,34,2172994804,"[5, 6, 8, 13, 14, 15, 16, 19, 20, 21, 22, 26, 27, 29, 30]",15,"[5, 8, 13, 14, 15, 20, 21, 26, 27, 29, 30]",11,1,15,0,0
code_n32_k16_cw3_006_q03,code_n32_k16_cw3_006,q03,train,35,2173994807,"[4, 8, 10, 12, 14, 16, 18, 19, 23, 24, 26, 30]",12,"[4, 8, 10, 12, 14, 16, 18, 19, 23, 24, 26]",11,1,12,0,0
code_n32_k16_cw3_006_q03,code_n32_k16_cw3_006,q03,train,36,2174994810,"[1, 5, 9, 10, 11, 15, 19, 20, 24, 25, 26, 31]",12,[],0,0,12,0,0
code_n32_k16_cw3_006_q03,code_n32_k16_cw3_006,q03,train,37,2175994813,"[1, 6, 8, 9, 10, 15, 19, 26, 27, 28]",10,[],0,0,10,0,0
code_n32_k16_cw3_006_q03,code_n32_k16_cw3_006,q03,train,38,2176994816,"[9, 10, 11, 19, 27, 30]",6,[],0,0,6,0,0
code_n32_k16_cw3_006_q03,code_n32_k16_cw3_006,q03,train,39,2177994819,"[0, 4, 7, 11, 12, 14, 15, 18, 21, 24, 25, 26, 27, 29]",14,"[0, 4, 11, 12, 14, 15, 18, 21, 25, 26, 27, 29]",12,1,14,0,0
code_n32_k16_cw3_006_q03,code_n32_k16_cw3_006,q03,train,40,2178994822,"[6, 7, 10, 16, 17, 19, 24, 27]",8,[],0,0,8,0,0
code_n32_k16_cw3_006_q03,code_n32_k16_cw3_006,q03,train,41,2179994825,"[2, 4, 6, 8, 9, 12, 14, 21, 24, 28, 29, 30]",12,"[2, 4, 9, 14, 21, 29, 30]",7,1,12,0,0
code_n32_k16_cw3_006_q03,code_n32_k16_cw3_006,q03,train,42,2180994828,"[1, 2, 7, 9, 10, 13, 14, 15, 18, 19, 20, 21, 29]",13,"[1, 2, 7, 9, 13, 14, 15, 18, 19, 20, 21, 29]",12,1,12,1,1
code_n32_k16_cw3_006_q03,code_n32_k16_cw3_006,q03,train,43,2181994831,"[2, 5, 6, 13, 15, 16, 17, 18, 19, 22]",10,[],0,0,10,0,0
code_n32_k16_cw3_006_q03,code_n32_k16_cw3_006,q03,train,44,2182994834,"[15, 17, 18, 24, 26, 29, 30]",7,[],0,0,7,0,0
code_n32_k16_cw3_006_q03,code_n32_k16_cw3_006,q03,train,45,2183994837,"[1, 7, 8, 9, 11, 12, 14, 15, 16, 17, 18, 21, 25]",13,"[1, 7, 9, 11, 14, 15, 17, 18, 25]",9,1,13,0,0
code_n32_k16_cw3_006_q03,code_n32_k16_cw3_006,q03,train,46,2184994840,"[2, 3, 4, 9, 16, 18, 19, 21, 22, 23, 28, 29, 30]",13,"[2, 3, 4, 9, 21, 30]",6,1,13,0,0
code_n32_k16_cw3_006_q03,code_n32_k16_cw3_006,q03,train,47,2185994843,"[1, 3, 4, 5, 13, 19, 25, 30, 31]",9,[],0,0,9,0,0
code_n32_k16_cw3_006_q03,code_n32_k16_cw3_006,q03,train,48,2186994846,"[0, 3, 6, 9, 10, 13, 15, 16, 18, 20, 22, 24, 29, 30, 31]",15,"[0, 3, 10, 15, 20, 22, 30, 31]",8,1,15,0,0
code_n32_k16_cw3_006_q03,code_n32_k16_cw3_006,q03,train,49,2187994849,"[0, 7, 9, 11, 13, 16, 20, 26, 30, 31]",10,[],0,0,10,0,0
code_n32_k16_cw3_006_q03,code_n32_k16_cw3_006,q03,train,50,2188994852,"[1, 2, 3, 7, 11, 18, 19, 29, 30]",9,"[1, 2, 3, 7, 30]",5,1,9,0,0
code_n32_k16_cw3_006_q03,code_n32_k16_cw3_006,q03,train,51,2189994855,"[0, 1, 4, 10, 11, 12, 13, 15, 16, 17, 18, 19, 20, 21, 22, 31]",16,"[0, 4, 10, 11, 12, 15, 17, 18, 19, 20, 21, 22, 31]",13,1,14,2,1
code_n32_k16_cw3_006_q03,code_n32_k16_cw3_006,q03,train,52,2190994858,"[2, 3, 11, 13, 15, 19, 21, 23, 25, 29, 31]",11,[],0,0,11,0,0
code_n32_k16_cw3_006_q03,code_n32_k16_cw3_006,q03,train,53,2191994861,"[1, 2, 14, 17, 19, 23, 25, 26, 27, 31]",10,[],0,0,10,0,0
code_n32_k16_cw3_006_q03,code_n32_k16_cw3_006,q03,train,54,2192994864,"[2, 5, 7, 13, 14, 16, 17, 20, 23, 24, 29, 30, 31]",13,"[2, 7, 14, 23, 24]",5,1,13,0,0
code_n32_k16_cw3_006_q03,code_n32_k16_cw3_006,q03,train,55,2193994867,"[0, 1, 13, 16, 22, 23, 25, 27, 29]",9,[],0,0,9,0,0
code_n32_k16_cw3_006_q03,code_n32_k16_cw3_006,q03,train,56,2194994870,"[3, 4, 7, 9, 10, 11, 14, 17, 18, 23, 25, 26, 28]",13,"[4, 7, 9, 10, 11, 14, 17, 18, 25, 26, 28]",11,1,13,0,0
code_n32_k16_cw3_006_q03,code_n32_k16_cw3_006,q03,train,57,2195994873,"[0, 1, 2, 7, 9, 10, 16, 17, 18, 19, 20, 21, 23, 24, 25, 28, 29]",17,"[0, 1, 2, 7, 9, 10, 17, 18, 19, 20, 21, 23, 24, 25, 28, 29]",16,1,16,1,1
code_n32_k16_cw3_006_q03,code_n32_k16_cw3_006,q03,train,58,2196994876,"[1, 2, 3, 4, 5, 7, 11, 14, 16, 25, 26, 27, 29, 31]",14,"[1, 2, 5, 14, 16, 25, 27, 29, 31]",9,1,13,1,1
code_n32_k16_cw3_006_q03,code_n32_k16_cw3_006,q03,train,59,2197994879,"[1, 4, 13, 15, 17, 18, 20, 21, 23, 26, 27]",11,[],0,0,11,0,0
code_n32_k16_cw3_006_q03,code_n32_k16_cw3_006,q03,train,60,2198994882,"[2, 9, 11, 13, 14, 18, 20, 25, 27, 30, 31]",11,"[2, 14, 18, 25, 27, 31]",6,1,11,0,0
code_n32_k16_cw3_006_q03,code_n32_k16_cw3_006,q03,train,61,2199994885,"[3, 4, 5, 7, 8, 9, 10, 14, 17, 25, 26, 29, 30]",13,"[3, 4, 5, 8, 9, 10, 14, 17, 26, 29, 30]",11,1,13,0,0
code_n32_k16_cw3_006_q03,code_n32_k16_cw3_006,q03,train,62,2200994888,"[2, 13, 14, 16, 19, 21, 22, 24, 30, 31]",10,[],0,0,10,0,0
code_n32_k16_cw3_006_q03,code_n32_k16_cw3_006,q03,train,63,2201994891,"[1, 4, 5, 6, 7, 17, 22, 25, 29, 30]",10,[],0,0,10,0,0
code_n32_k16_cw3_007_q00,code_n32_k16_cw3_007,q00,train,0,592063566,"[2, 10, 14, 21]",4,[],0,0,4,0,0
code_n32_k16_cw3_007_q00,code_n32_k16_cw3_007,q00,train,1,593063569,"[1, 16, 18, 20, 24, 28]",6,"[16, 18]",2,1,5,1,1
code_n32_k16_cw3_007_q00,code_n32_k16_cw3_007,q00,train,2,594063572,"[5, 15, 17, 21, 28, 31]",6,[],0,0,6,0,0
code_n32_k16_cw3_007_q00,code_n32_k16_cw3_007,q00,train,3,595063575,"[3, 5, 11, 12, 16, 17, 18, 28]",8,"[16, 18]",2,1,7,1,1
code_n32_k16_cw3_007_q00,code_n32_k16_cw3_007,q00,train,4,596063578,"[5, 18, 21, 22, 24, 31]",6,[],0,0,6,0,0
code_n32_k16_cw3_007_q00,code_n32_k16_cw3_007,q00,train,5,597063581,"[1, 3, 8, 9, 10, 17, 21, 30]",8,[],0,0,8,0,0
code_n32_k16_cw3_007_q00,code_n32_k16_cw3_007,q00,train,6,598063584,"[0, 6, 20, 21]",4,[],0,0,4,0,0
code_n32_k16_cw3_007_q00,code_n32_k16_cw3_007,q00,train,7,599063587,"[1, 8, 11, 14, 27]",5,[],0,0,5,0,0
code_n32_k16_cw3_007_q00,code_n32_k16_cw3_007,q00,train,8,600063590,"[0, 10, 16, 17, 23]",5,[],0,0,5,0,0
code_n32_k16_cw3_007_q00,code_n32_k16_cw3_007,q00,train,9,601063593,"[11, 20, 30]",3,[],0,0,3,0,0
code_n32_k16_cw3_007_q00,code_n32_k16_cw3_007,q00,train,10,602063596,"[5, 11, 21, 29]",4,[],0,0,4,0,0
code_n32_k16_cw3_007_q00,code_n32_k16_cw3_007,q00,train,11,603063599,"[1, 4, 6, 11, 16, 20, 22]",7,[],0,0,7,0,0
code_n32_k16_cw3_007_q00,code_n32_k16_cw3_007,q00,train,12,604063602,"[12, 18, 24]",3,[],0,0,3,0,0
code_n32_k16_cw3_007_q00,code_n32_k16_cw3_007,q00,train,13,605063605,"[0, 4, 11, 14, 19, 23]",6,[],0,0,6,0,0
code_n32_k16_cw3_007_q00,code_n32_k16_cw3_007,q00,train,14,606063608,"[7, 18, 20, 28, 29]",5,[],0,0,5,0,0
code_n32_k16_cw3_007_q00,code_n32_k16_cw3_007,q00,train,15,607063611,"[14, 18, 19, 28, 29]",5,[],0,0,5,0,0
code_n32_k16_cw3_007_q00,code_n32_k16_cw3_007,q00,train,16,608063614,"[14, 15, 18, 20, 27]",5,[],0,0,5,0,0
code_n32_k16_cw3_007_q00,code_n32_k16_cw3_007,q00,train,17,609063617,"[4, 9, 21, 22, 26]",5,[],0,0,5,0,0
code_n32_k16_cw3_007_q00,code_n32_k16_cw3_007,q00,train,18,610063620,"[3, 5, 11, 15, 23, 25]",6,[],0,0,6,0,0
code_n32_k16_cw3_007_q00,code_n32_k16_cw3_007,q00,train,19,611063623,"[0, 2, 6, 7, 14, 20, 23]",7,[],0,0,7,0,0
code_n32_k16_cw3_007_q00,code_n32_k16_cw3_007,q00,train,20,612063626,"[2, 4, 5, 15, 16, 25, 29]",7,[],0,0,7,0,0
code_n32_k16_cw3_007_q00,code_n32_k16_cw3_007,q00,train,21,613063629,"[1, 11, 23, 29, 30]",5,[],0,0,5,0,0
code_n32_k16_cw3_007_q00,code_n32_k16_cw3_007,q00,train,22,614063632,"[7, 10, 12, 20, 21, 27]",6,[],0,0,6,0,0
code_n32_k16_cw3_007_q00,code_n32_k16_cw3_007,q00,train,23,615063635,"[0, 7, 11, 15, 20, 21, 23, 27, 29]",9,[],0,0,9,0,0
code_n32_k16_cw3_007_q00,code_n32_k16_cw3_007,q00,train,24,616063638,"[0, 5, 6, 19, 21, 25]",6,[],0,0,6,0,0
code_n32_k16_cw3_007_q00,code_n32_k16_cw3_007,q00,train,25,617063641,"[3, 7, 9, 12, 17, 24, 29]",7,"[3, 7, 9, 24]",4,1,6,1,1
code_n32_k16_cw3_007_q00,code_n32_k16_cw3_007,q00,train,26,618063644,"[11, 18, 24, 26]",4,[],0,0,4,0,0
code_n32_k16_cw3_007_q00,code_n32_k16_cw3_007,q00,train,27,619063647,"[6, 15, 16, 18, 20]",5,"[16, 18]",2,1,4,1,1
code_n32_k16_cw3_007_q00,code_n32_k16_cw3_007,q00,train,28,620063650,"[10, 15, 22, 27]",4,[],0,0,4,0,0
code_n32_k16_cw3_007_q00,code_n32_k16_cw3_007,q00,train,29,621063653,"[11, 15, 16, 24, 29]",5,[],0,0,5,0,0
code_n32_k16_cw3_007_q00,code_n32_k16_cw3_007,q00,train,30,622063656,"[4, 7, 10, 17, 26]",5,[],0,0,5,0,0
code_n32_k16_cw3_007_q00,code_n32_k16_cw3_007,q00,train,31,623063659,"[7, 11, 14, 15, 16, 29]",6,[],0,0,6,0,0
code_n32_k16_cw3_007_q00,code_n32_k16_cw3_007,q00,train,32,624063662,"[5, 13, 15, 17, 26]",5,[],0,0,5,0,0
code_n32_k16_cw3_007_q00,code_n32_k16_cw3_007,q00,train,33,625063665,"[5, 13, 20, 21, 25]",5,[],0,0,5,0,0
code_n32_k16_cw3_007_q00,code_n32_k16_cw3_007,q00,train,34,626063668,"[3, 6, 15, 16, 21, 26, 27, 29]",8,[],0,0,8,0,0
code_n32_k16_cw3_007_q00,code_n32_k16_cw3_007,q00,train,35,627063671,"[14, 16, 18, 19, 21, 27, 30]",7,"[16, 18]",2,1,6,1,1
code_n32_k16_cw3_007_q00,code_n32_k16_cw3_007,q00,train,36,628063674,"[1, 3, 6, 17, 28]",5,[],0,0,5,0,0
code_n32_k16_cw3_007_q00,code_n32_k16_cw3_007,q00,train,37,629063677,"[2, 7, 17, 28, 29]",5,[],0,0,5,0,0
code_n32_k16_cw3_007_q00,code_n32_k16_cw3_007,q00,train,38,630063680,"[3, 11, 17, 24, 27, 31]",6,[],0,0,6,0,0
code_n32_k16_cw3_007_q00,code_n32_k16_cw3_007,q00,train,39,631063683,"[5, 8, 10, 12, 21, 28, 30]",7,[],0,0,7,0,0
code_n32_k16_cw3_007_q00,code_n32_k16_cw3_007,q00,train,40,632063686,"[3, 5, 15, 16, 18, 19, 20, 28]",8,"[16, 18]",2,1,7,1,1
code_n32_k16_cw3_007_q00,code_n32_k16_cw3_007,q00,train,41,633063689,"[20, 25, 28, 29]",4,[],0,0,4,0,0
code_n32_k16_cw3_007_q00,code_n32_k16_cw3_007,q00,train,42,634063692,"[7, 8, 12, 18, 20, 26]",6,[],0,0,6,0,0
code_n32_k16_cw3_007_q00,code_n32_k16_cw3_007,q00,train,43,635063695,"[4, 8, 13, 22]",4,[],0,0,4,0,0
code_n32_k16_cw3_007_q00,code_n32_k16_cw3_007,q00,train,44,636063698,"[1, 2, 9, 14, 15, 18, 19, 20, 22, 29]",10,[],0,0,10,0,0
code_n32_k16_cw3_007_q00,code_n32_k16_cw3_007,q00,train,45,637063701,"[0, 5, 6, 16, 18, 20, 21, 31]",8,"[16, 18]",2,1,7,1,1
code_n32_k16_cw3_007_q00,code_n32_k16_cw3_007,q00,train,46,638063704,"[6, 11, 13, 17, 18, 19, 22, 27, 28, 29]",10,"[6, 11, 13, 18, 19, 22, 27, 28, 29]",9,1,10,0,0
code_n32_k16_cw3_007_q00,code_n32_k16_cw3_007,q00,train,47,639063707,"[1, 6, 12, 13, 15, 18, 22, 25]",8,[],0,0,8,0,0
code_n32_k16_cw3_007_q00,code_n32_k16_cw3_007,q00,train,48,640063710,"[10, 13, 18, 19, 26]",5,[],0,0,5,0,0
code_n32_k16_cw3_007_q00,code_n32_k16_cw3_007,q00,train,49,641063713,"[21, 25, 26]",3,[],0,0,3,0,0
code_n32_k16_cw3_007_q00,code_n32_k16_cw3_007,q00,train,50,642063716,"[21, 26, 30]",3,[],0,0,3,0,0
code_n32_k16_cw3_007_q00,code_n32_k16_cw3_007,q00,train,51,643063719,"[0, 6, 13, 20, 29, 31]",6,[],0,0,6,0,0
code_n32_k16_cw3_007_q00,code_n32_k16_cw3_007,q00,train,52,644063722,"[2, 4, 8, 18, 25, 31]",6,[],0,0,6,0,0
code_n32_k16_cw3_007_q00,code_n32_k16_cw3_007,q00,train,53,645063725,"[18, 22, 24, 25, 28, 30]",6,[],0,0,6,0,0
code_n32_k16_cw3_007_q00,code_n32_k16_cw3_007,q00,train,54,646063728,"[0, 3, 8, 9, 12, 15, 17, 18, 25, 27, 28]",11,[],0,0,11,0,0
code_n32_k16_cw3_007_q00,code_n32_k16_cw3_007,q00,train,55,647063731,"[7, 14, 24, 25, 26]",5,[],0,0,5,0,0
code_n32_k16_cw3_007_q00,code_n32_k16_cw3_007,q00,train,56,648063734,"[11, 21, 31]",3,[],0,0,3,0,0
code_n32_k16_cw3_007_q00,code_n32_k16_cw3_007,q00,train,57,649063737,"[5, 17, 19, 20, 23, 25]",6,[],0,0,6,0,0
code_n32_k16_cw3_007_q00,code_n32_k16_cw3_007,q00,train,58,650063740,"[9, 10, 12, 14]",4,[],0,0,4,0,0
code_n32_k16_cw3_007_q00,code_n32_k16_cw3_007,q00,train,59,651063743,"[0, 4, 6, 30, 31]",5,[],0,0,5,0,0
code_n32_k16_cw3_007_q00,code_n32_k16_cw3_007,q00,train,60,652063746,"[2, 4, 9, 13, 21, 23, 28]",7,[],0,0,7,0,0
code_n32_k16_cw3_007_q00,code_n32_k16_cw3_007,q00,train,61,653063749,"[3, 7, 9, 10, 22, 26, 31]",7,[],0,0,7,0,0
code_n32_k16_cw3_007_q00,code_n32_k16_cw3_007,q00,train,62,654063752,"[3, 9, 13, 17, 31]",5,[],0,0,5,0,0
code_n32_k16_cw3_007_q00,code_n32_k16_cw3_007,q00,train,63,655063755,"[5, 9, 12, 13, 16, 21, 28]",7,[],0,0,7,0,0
code_n32_k16_cw3_007_q01,code_n32_k16_cw3_007,q01,train,0,4165650903,"[3, 5, 13, 18, 23, 24, 29]",7,[],0,0,7,0,0
code_n32_k16_cw3_007_q01,code_n32_k16_cw3_007,q01,train,1,4166650906,"[1, 4, 6, 9, 13, 16, 19, 20, 29]",9,[],0,0,9,0,0
code_n32_k16_cw3_007_q01,code_n32_k16_cw3_007,q01,train,2,4167650909,"[5, 14, 15, 21]",4,[],0,0,4,0,0
code_n32_k16_cw3_007_q01,code_n32_k16_cw3_007,q01,train,3,4168650912,"[3, 5, 6, 9, 12, 13, 20, 21, 22, 23, 27]",11,[],0,0,11,0,0
code_n32_k16_cw3_007_q01,code_n32_k16_cw3_007,q01,train,4,4169650915,"[0, 4, 7, 10, 12, 13, 25, 26]",8,[],0,0,8,0,0
code_n32_k16_cw3_007_q01,code_n32_k16_cw3_007,q01,train,5,4170650918,"[4, 9, 14, 16, 17, 19, 20, 23, 29]",9,[],0,0,9,0,0
code_n32_k16_cw3_007_q01,code_n32_k16_cw3_007,q01,train,6,4171650921,"[0, 1, 7, 8, 10, 15, 25, 27, 30, 31]",10,[],0,0,10,0,0
code_n32_k16_cw3_007_q01,code_n32_k16_cw3_007,q01,train,7,4172650924,"[1, 10, 12, 16, 21, 25, 26]",7,[],0,0,7,0,0
code_n32_k16_cw3_007_q01,code_n32_k16_cw3_007,q01,train,8,4173650927,"[0, 9, 17, 18, 19, 20, 22, 31]",8,[],0,0,8,0,0
code_n32_k16_cw3_007_q01,code_n32_k16_cw3_007,q01,train,9,4174650930,"[5, 11, 24, 31]",4,[],0,0,4,0,0
code_n32_k16_cw3_007_q01,code_n32_k16_cw3_007,q01,train,10,4175650933,"[0, 1, 2, 3, 5, 6, 10, 13, 19, 21, 22, 25]",12,[],0,0,12,0,0
code_n32_k16_cw3_007_q01,code_n32_k16_cw3_007,q01,train,11,4176650936,"[1, 4, 5, 6, 16, 17, 18, 21, 22, 28]",10,"[16, 18]",2,1,9,1,1
code_n32_k16_cw3_007_q01,code_n32_k16_cw3_007,q01,train,12,4177650939,"[1, 2, 3, 6, 13, 14, 25, 26, 30, 31]",10,"[1, 6, 13, 30]",4,1,9,1,1
code_n32_k16_cw3_007_q01,code_n32_k16_cw3_007,q01,train,13,4178650942,"[0, 5, 6, 11, 12, 21, 30]",7,[],0,0,7,0,0
code_n32_k16_cw3_007_q01,code_n32_k16_cw3_007,q01,train,14,4179650945,"[9, 11, 14, 15, 18, 20, 21, 29, 30]",9,[],0,0,9,0,0
code_n32_k16_cw3_007_q01,code_n32_k16_cw3_007,q01,train,15,4180650948,"[1, 12, 14, 17, 20, 24, 25, 29]",8,[],0,0,8,0,0
code_n32_k16_cw3_007_q01,code_n32_k16_cw3_007,q01,train,16,4181650951,"[3, 6, 8]",3,[],0,0,3,0,0
code_n32_k16_cw3_007_q01,code_n32_k16_cw3_007,q01,train,17,4182650954,"[3, 5, 8, 11, 22, 30]",6,[],0,0,6,0,0
code_n32_k16_cw3_007_q01,code_n32_k16_cw3_007,q01,train,18,4183650957,"[12, 13, 18, 20, 21, 23, 24, 25]",8,[],0,0,8,0,0
code_n32_k16_cw3_007_q01,code_n32_k16_cw3_007,q01,train,19,4184650960,"[0, 3, 12, 15, 16, 21]",6,[],0,0,6,0,0
code_n32_k16_cw3_007_q01,code_n32_k16_cw3_007,q01,train,20,4185650963,"[6, 7, 8, 9, 11, 14, 18]",7,[],0,0,7,0,0
code_n32_k16_cw3_007_q01,code_n32_k16_cw3_007,q01,train,21,4186650966,"[2, 10, 14, 16, 17, 18, 23, 24, 25, 27, 28, 29, 31]",13,"[14, 16, 17, 18, 23, 24, 25, 31]",8,1,12,1,1
code_n32_k16_cw3_007_q01,code_n32_k16_cw3_007,q01,train,22,4187650969,[19],1,[],0,0,1,0,0
code_n32_k16_cw3_007_q01,code_n32_k16_cw3_007,q01,train,23,4188650972,"[4, 6, 15, 17, 20, 21, 24, 25, 28]",9,[],0,0,9,0,0
code_n32_k16_cw3_007_q01,code_n32_k16_cw3_007,q01,train,24,4189650975,"[7, 9, 10, 13, 17, 20, 30]",7,[],0,0,7,0,0
code_n32_k16_cw3_007_q01,code_n32_k16_cw3_007,q01,train,25,4190650978,"[5, 15, 16, 20, 21, 22, 27, 28, 30]",9,[],0,0,9,0,0
code_n32_k16_cw3_007_q01,code_n32_k16_cw3_007,q01,train,26,4191650981,"[5, 6, 9, 10, 14, 15, 23, 31]",8,[],0,0,8,0,0
code_n32_k16_cw3_007_q01,code_n32_k16_cw3_007,q01,train,27,4192650984,"[4, 6, 12, 15, 16, 17, 19]",7,"[6, 12, 15, 19]",4,1,6,1,1
code_n32_k16_cw3_007_q01,code_n32_k16_cw3_007,q01,train,28,4193650987,"[4, 7, 8, 9, 15, 17, 20, 21, 26, 29]",10,[],0,0,10,0,0
code_n32_k16_cw3_007_q01,code_n32_k16_cw3_007,q01,train,29,4194650990,"[6, 8, 11, 14, 17, 19, 21, 30]",8,[],0,0,8,0,0
code_n32_k16_cw3_007_q01,code_n32_k16_cw3_007,q01,train,30,4195650993,"[0, 4, 8, 13, 14, 17, 19, 23, 24]",9,[],0,0,9,0,0
code_n32_k16_cw3_007_q01,code_n32_k16_cw3_007,q01,train,31,4196650996,"[1, 3, 5, 8, 11, 19, 22, 23, 30, 31]",10,[],0,0,10,0,0
code_n32_k16_cw3_007_q01,code_n32_k16_cw3_007,q01,train,32,4197650999,"[1, 7, 9, 16, 19, 21, 22, 25, 26, 30]",10,[],0,0,10,0,0
code_n32_k16_cw3_007_q01,code_n32_k16_cw3_007,q01,train,33,4198651002,"[1, 5, 10, 12, 13, 24, 28]",7,[],0,0,7,0,0
code_n32_k16_cw3_007_q01,code_n32_k16_cw3_007,q01,train,34,4199651005,"[3, 7, 10, 11, 26, 29]",6,[],0,0,6,0,0
code_n32_k16_cw3_007_q01,code_n32_k16_cw3_007,q01,train,35,4200651008,"[0, 5, 14, 15, 17, 19, 27]",7,[],0,0,7,0,0
code_n32_k16_cw3_007_q01,code_n32_k16_cw3_007,q01,train,36,4201651011,"[2, 7, 10, 15, 17, 25, 29]",7,[],0,0,7,0,0
code_n32_k16_cw3_007_q01,code_n32_k16_cw3_007,q01,train,37,4202651014,"[7, 9, 10, 11, 13, 18, 25]",7,[],0,0,7,0,0
code_n32_k16_cw3_007_q01,code_n32_k16_cw3_007,q01,train,38,4203651017,"[9, 12, 18, 19, 23, 26, 28, 29]",8,[],0,0,8,0,0
code_n32_k16_cw3_007_q01,code_n32_k16_cw3_007,q01,train,39,4204651020,"[1, 5, 8, 11, 17, 20, 23, 26, 31]",9,[],0,0,9,0,0
code_n32_k16_cw3_007_q01,code_n32_k16_cw3_007,q01,train,40,4205651023,"[1, 7, 16, 18, 20, 22, 29]",7,"[16, 18]",2,1,6,1,1
code_n32_k16_cw3_007_q01,code_n32_k16_cw3_007,q01,train,41,4206651026,"[4, 6, 22, 23, 26]",5,[],0,0,5,0,0
code_n32_k16_cw3_007_q01,code_n32_k16_cw3_007,q01,train,42,4207651029,"[3, 8, 16, 19, 21, 25]",6,[],0,0,6,0,0
code_n32_k16_cw3_007_q01,code_n32_k16_cw3_007,q01,train,43,4208651032,"[3, 12, 13, 17, 19, 20, 24, 28]",8,[],0,0,8,0,0
code_n32_k16_cw3_007_q01,code_n32_k16_cw3_007,q01,train,44,4209651035,"[3, 5, 10, 12, 13, 16, 29, 30]",8,[],0,0,8,0,0
code_n32_k16_cw3_007_q01,code_n32_k16_cw3_007,q01,train,45,4210651038,"[2, 11, 16, 19, 26, 29, 30, 31]",8,[],0,0,8,0,0
code_n32_k16_cw3_007_q01,code_n32_k16_cw3_007,q01,train,46,4211651041,"[5, 6, 8, 10, 14, 15, 27, 28]",8,[],0,0,8,0,0
code_n32_k16_cw3_007_q01,code_n32_k16_cw3_007,q01,train,47,4212651044,"[1, 4, 9, 12, 19, 27, 29, 30, 31]",9,[],0,0,9,0,0
code_n32_k16_cw3_007_q01,code_n32_k16_cw3_007,q01,train,48,4213651047,"[0, 3, 6, 13, 16, 17, 18, 28, 30, 31]",10,"[16, 18]",2,1,9,1,1
code_n32_k16_cw3_007_q01,code_n32_k16_cw3_007,q01,train,49,4214651050,"[5, 7, 9, 19, 24, 27, 28, 29]",8,[],0,0,8,0,0
code_n32_k16_cw3_007_q01,code_n32_k16_cw3_007,q01,train,50,4215651053,"[12, 16, 22, 29, 31]",5,[],0,0,5,0,0
code_n32_k16_cw3_007_q01,code_n32_k16_cw3_007,q01,train,51,4216651056,"[1, 10, 13, 17, 21, 25]",6,[],0,0,6,0,0
code_n32_k16_cw3_007_q01,code_n32_k16_cw3_007,q01,train,52,4217651059,"[5, 15, 16, 22, 24, 25]",6,[],0,0,6,0,0
code_n32_k16_cw3_007_q01,code_n32_k16_cw3_007,q01,train,53,4218651062,"[2, 4, 7, 8, 9, 14]",6,[],0,0,6,0,0
code_n32_k16_cw3_007_q01,code_n32_k16_cw3_007,q01,train,54,4219651065,"[1, 5, 11, 12, 16, 18, 19, 24, 29]",9,"[16, 18]",2,1,8,1,1
code_n32_k16_cw3_007_q01,code_n32_k16_cw3_007,q01,train,55,4220651068,"[1, 6, 17, 22, 23, 28]",6,[],0,0,6,0,0
code_n32_k16_cw3_007_q01,code_n32_k16_cw3_007,q01,train,56,4221651071,"[9, 10, 13, 15, 18, 20, 23, 26, 28]",9,[],0,0,9,0,0
code_n32_k16_cw3_007_q01,code_n32_k16_cw3_007,q01,train,57,4222651074,"[5, 9, 14, 19, 21, 22, 25, 27, 29]",9,[],0,0,9,0,0
code_n32_k16_cw3_007_q01,code_n32_k16_cw3_007,q01,train,58,4223651077,"[0, 1, 4, 21, 26, 30, 31]",7,[],0,0,7,0,0
code_n32_k16_cw3_007_q01,code_n32_k16_cw3_007,q01,train,59,4224651080,"[1, 9, 14, 16, 20, 22, 28]",7,[],0,0,7,0,0
code_n32_k16_cw3_007_q01,code_n32_k16_cw3_007,q01,train,60,4225651083,"[0, 9, 23, 24, 27, 29]",6,[],0,0,6,0,0
code_n32_k16_cw3_007_q01,code_n32_k16_cw3_007,q01,train,61,4226651086,"[2, 7, 16, 21, 22, 23, 25, 26, 31]",9,[],0,0,9,0,0
code_n32_k16_cw3_007_q01,code_n32_k16_cw3_007,q01,train,62,4227651089,"[1, 5, 8, 12, 19, 20, 23, 24, 30, 31]",10,[],0,0,10,0,0
code_n32_k16_cw3_007_q01,code_n32_k16_cw3_007,q01,train,63,4228651092,"[5, 17, 22, 23, 30, 31]",6,[],0,0,6,0,0
code_n32_k16_cw3_007_q02,code_n32_k16_cw3_007,q02,train,0,3444270944,"[1, 6, 7, 8, 16, 26, 31]",7,[],0,0,7,0,0
code_n32_k16_cw3_007_q02,code_n32_k16_cw3_007,q02,train,1,3445270947,"[0, 10, 14, 27, 31]",5,[],0,0,5,0,0
code_n32_k16_cw3_007_q02,code_n32_k16_cw3_007,q02,train,2,3446270950,"[0, 5, 10, 15, 19, 26, 27, 29, 30]",9,"[5, 15, 19, 26, 29, 30]",6,1,9,0,0
code_n32_k16_cw3_007_q02,code_n32_k16_cw3_007,q02,train,3,3447270953,"[1, 3, 4, 5, 8, 11, 12, 14, 18, 23, 27]",11,[],0,0,11,0,0
code_n32_k16_cw3_007_q02,code_n32_k16_cw3_007,q02,train,4,3448270956,"[7, 11, 18, 22, 25, 27, 28, 29]",8,"[7, 11, 18, 25, 27, 28]",6,1,8,0,0
code_n32_k16_cw3_007_q02,code_n32_k16_cw3_007,q02,train,5,3449270959,"[1, 4, 9, 13, 18, 21, 22, 25, 30, 31]",10,[],0,0,10,0,0
code_n32_k16_cw3_007_q02,code_n32_k16_cw3_007,q02,train,6,3450270962,"[0, 3, 4, 11, 18, 23, 25, 27, 31]",9,[],0,0,9,0,0
code_n32_k16_cw3_007_q02,code_n32_k16_cw3_007,q02,train,7,3451270965,"[7, 8, 9, 10, 17, 20, 21]",7,[],0,0,7,0,0
code_n32_k16_cw3_007_q02,code_n32_k16_cw3_007,q02,train,8,3452270968,"[1, 2, 3, 19, 23, 28, 29, 31]",8,[],0,0,8,0,0
code_n32_k16_cw3_007_q02,code_n32_k16_cw3_007,q02,train,9,3453270971,"[3, 4, 7, 8, 13, 14, 23, 25, 31]",9,"[3, 7, 8, 13, 14, 23, 25, 31]",8,1,9,0,0
code_n32_k16_cw3_007_q02,code_n32_k16_cw3_007,q02,train,10,3454270974,"[0, 3, 6, 10, 12, 18, 20, 21, 26, 27]",10,"[0, 6, 10, 12, 20, 26]",6,1,10,0,0
code_n32_k16_cw3_007_q02,code_n32_k16_cw3_007,q02,train,11,3455270977,"[0, 2, 4, 7, 11, 12, 20, 21, 24, 25]",10,[],0,0,10,0,0
code_n32_k16_cw3_007_q02,code_n32_k16_cw3_007,q02,train,12,3456270980,"[1, 4, 5, 6, 17, 18, 22, 25, 29]",9,[],0,0,9,0,0
code_n32_k16_cw3_007_q02,code_n32_k16_cw3_007,q02,train,13,3457270983,"[0, 7, 9, 11, 18, 19, 22, 27, 31]",9,[],0,0,9,0,0
code_n32_k16_cw3_007_q02,code_n32_k16_cw3_007,q02,train,14,3458270986,"[4, 12, 14, 15, 20, 26, 27, 30]",8,[],0,0,8,0,0
code_n32_k16_cw3_007_q02,code_n32_k16_cw3_007,q02,train,15,3459270989,"[0, 2, 4, 7, 9, 12, 13, 14, 18, 19, 20, 21, 22, 24, 25, 26, 27, 30]",18,"[0, 2, 4, 7, 9, 12, 13, 14, 19, 20, 21, 22, 24, 26, 27, 30]",16,1,16,2,1
code_n32_k16_cw3_007_q02,code_n32_k16_cw3_007,q02,train,16,3460270992,"[8, 12, 14, 16, 20, 22, 24, 27, 30]",9,[],0,0,9,0,0
code_n32_k16_cw3_007_q02,code_n32_k16_cw3_007,q02,train,17,3461270995,"[1, 3, 10, 12, 16, 17, 30]",7,[],0,0,7,0,0
code_n32_k16_cw3_007_q02,code_n32_k16_cw3_007,q02,train,18,3462270998,"[0, 2, 4, 5, 6, 7, 8, 11, 16, 19, 20, 23]",12,"[0, 2, 4, 5, 6, 7, 8, 11, 16, 19, 20, 23]",12,1,12,0,0
code_n32_k16_cw3_007_q02,code_n32_k16_cw3_007,q02,train,19,3463271001,"[2, 4, 5, 6, 8, 10, 12, 15, 18, 22, 23, 24, 29, 30, 31]",15,"[2, 4, 5, 6, 8, 10, 12, 22, 23, 24, 29, 30]",12,1,13,2,1
code_n32_k16_cw3_007_q02,code_n32_k16_cw3_007,q02,train,20,3464271004,"[8, 13, 15, 16, 21, 22, 24, 25]",8,[],0,0,8,0,0
code_n32_k16_cw3_007_q02,code_n32_k16_cw3_007,q02,train,21,3465271007,"[6, 9, 10, 25, 28, 30, 31]",7,[],0,0,7,0,0
code_n32_k16_cw3_007_q02,code_n32_k16_cw3_007,q02,train,22,3466271010,"[0, 1, 3, 4, 7, 12, 16, 23, 24, 25, 28, 31]",12,[],0,0,12,0,0
code_n32_k16_cw3_007_q02,code_n32_k16_cw3_007,q02,train,23,3467271013,"[6, 9, 12]",3,[],0,0,3,0,0
code_n32_k16_cw3_007_q02,code_n32_k16_cw3_007,q02,train,24,3468271016,"[2, 8, 13, 16, 18, 20, 24, 26, 28, 31]",10,"[16, 18]",2,1,9,1,1
code_n32_k16_cw3_007_q02,code_n32_k16_cw3_007,q02,train,25,3469271019,"[13, 14, 17, 22, 23, 25, 26, 27]",8,[],0,0,8,0,0
code_n32_k16_cw3_007_q02,code_n32_k16_cw3_007,q02,train,26,3470271022,"[2, 7, 12, 13, 15, 16, 19, 23, 24, 25, 28, 31]",12,"[7, 13, 15, 19, 25, 28]",6,1,12,0,0
code_n32_k16_cw3_007_q02,code_n32_k16_cw3_007,q02,train,27,3471271025,"[0, 1, 4, 7, 20, 25, 28, 29]",8,[],0,0,8,0,0
code_n32_k16_cw3_007_q02,code_n32_k16_cw3_007,q02,train,28,3472271028,"[2, 4, 7, 8, 9, 14, 16, 17, 25, 26, 30, 31]",12,"[4, 8, 9, 14, 17, 25, 26, 31]",8,1,12,0,0
code_n32_k16_cw3_007_q02,code_n32_k16_cw3_007,q02,train,29,3473271031,"[0, 1, 3, 5, 10, 12, 14, 18, 22, 23, 30, 31]",12,[],0,0,12,0,0
code_n32_k16_cw3_007_q02,code_n32_k16_cw3_007,q02,train,30,3474271034,"[10, 18, 19, 20]",4,[],0,0,4,0,0
code_n32_k16_cw3_007_q02,code_n32_k16_cw3_007,q02,train,31,3475271037,"[5, 6, 31]",3,[],0,0,3,0,0
code_n32_k16_cw3_007_q02,code_n32_k16_cw3_007,q02,train,32,3476271040,"[3, 5, 9, 15, 17, 19, 25, 28]",8,[],0,0,8,0,0
code_n32_k16_cw3_007_q02,code_n32_k16_cw3_007,q02,train,33,3477271043,"[6, 7, 13, 17, 21, 25, 27]",7,[],0,0,7,0,0
code_n32_k16_cw3_007_q02,code_n32_k16_cw3_007,q02,train,34,3478271046,"[1, 4, 10, 11, 12, 13, 16, 17, 20, 23, 24, 26, 30, 31]",14,"[1, 4, 12, 13, 26, 30]",6,1,14,0,0
code_n32_k16_cw3_007_q02,code_n32_k16_cw3_007,q02,train,35,3479271049,"[1, 2, 8, 12, 15, 17, 28]",7,[],0,0,7,0,0
code_n32_k16_cw3_007_q02,code_n32_k16_cw3_007,q02,train,36,3480271052,"[12, 20, 22, 23, 28, 30]",6,[],0,0,6,0,0
code_n32_k16_cw3_007_q02,code_n32_k16_cw3_007,q02,train,37,3481271055,"[0, 2, 6, 10, 11, 20, 26]",7,[],0,0,7,0,0
code_n32_k16_cw3_007_q02,code_n32_k16_cw3_007,q02,train,38,3482271058,"[3, 4, 6, 14, 17, 20, 21, 22, 27, 31]",10,[],0,0,10,0,0
code_n32_k16_cw3_007_q02,code_n32_k16_cw3_007,q02,train,39,3483271061,"[1, 3, 4, 6, 7, 8, 10, 12, 15, 22, 25, 28, 29]",13,"[1, 6, 7, 8, 12, 15, 22, 25, 28, 29]",10,1,12,1,1
code_n32_k16_cw3_007_q02,code_n32_k16_cw3_007,q02,train,40,3484271064,"[5, 9, 14, 17, 25, 28]",6,[],0,0,6,0,0
code_n32_k16_cw3_007_q02,code_n32_k16_cw3_007,q02,train,41,3485271067,"[3, 7, 18, 28]",4,[],0,0,4,0,0
code_n32_k16_cw3_007_q02,code_n32_k16_cw3_007,q02,train,42,3486271070,"[0, 2, 6, 10, 21, 26]",6,[],0,0,6,0,0
code_n32_k16_cw3_007_q02,code_n32_k16_cw3_007,q02,train,43,3487271073,"[0, 2, 10, 13, 14, 23, 28]",7,[],0,0,7,0,0
code_n32_k16_cw3_007_q02,code_n32_k16_cw3_007,q02,train,44,3488271076,"[9, 11, 12, 16, 22, 25, 26, 27, 31]",9,[],0,0,9,0,0
code_n32_k16_cw3_007_q02,code_n32_k16_cw3_007,q02,train,45,3489271079,"[2, 3, 6, 10, 12, 13, 15, 17, 21, 23, 24, 25, 26, 27]",14,"[2, 3, 6, 10, 12, 13, 15, 17, 23, 24, 25, 26, 27]",13,1,13,1,1
code_n32_k16_cw3_007_q02,code_n32_k16_cw3_007,q02,train,46,3490271082,"[4, 8, 11, 12, 18, 19, 23, 27]",8,[],0,0,8,0,0
code_n32_k16_cw3_007_q02,code_n32_k16_cw3_007,q02,train,47,3491271085,"[0, 3, 4, 5, 8, 10, 11, 12, 15, 18, 22, 28, 30]",13,"[4, 5, 8, 11, 12, 15, 18, 22, 28, 30]",10,1,13,0,0
code_n32_k16_cw3_007_q02,code_n32_k16_cw3_007,q02,train,48,3492271088,"[1, 3, 4, 7, 8, 9, 24, 27]",8,"[3, 7, 9, 24]",4,1,7,1,1
code_n32_k16_cw3_007_q02,code_n32_k16_cw3_007,q02,train,49,3493271091,"[3, 5, 6, 7, 15, 26, 28]",7,[],0,0,7,0,0
code_n32_k16_cw3_007_q02,code_n32_k16_cw3_007,q02,train,50,3494271094,"[1, 5, 8, 10, 12, 14, 18, 21, 22, 23, 25, 29]",12,"[1, 5, 8, 10, 12, 22, 23, 25, 29]",9,1,11,1,1
code_n32_k16_cw3_007_q02,code_n32_k16_cw3_007,q02,train,51,3495271097,"[0, 5, 9, 10, 14, 15, 17, 20, 28, 31]",10,"[0, 5, 9, 10, 14, 20, 31]",7,1,10,0,0
code_n32_k16_cw3_007_q02,code_n32_k16_cw3_007,q02,train,52,3496271100,"[4, 5, 6, 9, 11, 12, 21, 26, 31]",9,"[4, 5, 6, 12, 26]",5,1,9,0,0
code_n32_k16_cw3_007_q02,code_n32_k16_cw3_007,q02,train,53,3497271103,"[2, 4, 5, 15, 16, 17, 20, 23, 27]",9,[],0,0,9,0,0
code_n32_k16_cw3_007_q02,code_n32_k16_cw3_007,q02,train,54,3498271106,"[1, 12, 21, 22, 23, 25]",6,[],0,0,6,0,0
code_n32_k16_cw3_007_q02,code_n32_k16_cw3_007,q02,train,55,3499271109,"[1, 2, 8, 10, 12, 13, 16, 23, 26, 27, 28, 30]",12,"[1, 8, 10, 12, 13, 23, 26, 27, 28, 30]",10,1,12,0,0
code_n32_k16_cw3_007_q02,code_n32_k16_cw3_007,q02,train,56,3500271112,"[8, 9, 10, 12, 14, 17, 18, 19, 21, 24, 25]",11,[],0,0,11,0,0
code_n32_k16_cw3_007_q02,code_n32_k16_cw3_007,q02,train,57,3501271115,"[2, 4, 5, 9, 10, 12, 13, 16, 20, 22, 26, 29]",12,"[2, 4, 5, 12, 13, 26, 29]",7,1,12,0,0
code_n32_k16_cw3_007_q02,code_n32_k16_cw3_007,q02,train,58,3502271118,"[2, 3, 4, 5, 6, 7, 8, 16, 28]",9,[],0,0,9,0,0
code_n32_k16_cw3_007_q02,code_n32_k16_cw3_007,q02,train,59,3503271121,"[2, 5, 9, 11, 13, 16, 21, 26, 31]",9,[],0,0,9,0,0
code_n32_k16_cw3_007_q02,code_n32_k16_cw3_007,q02,train,60,3504271124,"[0, 1, 4, 6, 9, 10, 13, 18, 21, 24, 25]",11,[],0,0,11,0,0
code_n32_k16_cw3_007_q02,code_n32_k16_cw3_007,q02,train,61,3505271127,"[1, 2, 4, 9, 10, 12, 17, 18, 19, 23, 24, 27]",12,"[1, 4, 9, 10, 12, 17, 24, 27]",8,1,12,0,0
code_n32_k16_cw3_007_q02,code_n32_k16_cw3_007,q02,train,62,3506271130,"[0, 2, 5, 10, 14, 16, 17, 23]",8,[],0,0,8,0,0
code_n32_k16_cw3_007_q02,code_n32_k16_cw3_007,q02,train,63,3507271133,"[5, 7, 14, 16, 18, 20, 21, 24, 25]",9,"[16, 18]",2,1,8,1,1
code_n32_k16_cw3_007_q03,code_n32_k16_cw3_007,q03,train,0,2722890985,"[1, 5, 7, 11, 12, 21, 25, 26, 27, 29]",10,[],0,0,10,0,0
code_n32_k16_cw3_007_q03,code_n32_k16_cw3_007,q03,train,1,2723890988,"[0, 4, 6, 7, 9, 11, 14, 17, 18, 20, 23, 24, 26]",13,"[0, 4, 6, 7, 11, 18, 20, 23, 24, 26]",10,1,13,0,0
code_n32_k16_cw3_007_q03,code_n32_k16_cw3_007,q03,train,2,2724890991,"[5, 8, 10, 11, 14, 15, 17, 21, 29, 30]",10,[],0,0,10,0,0
code_n32_k16_cw3_007_q03,code_n32_k16_cw3_007,q03,train,3,2725890994,"[1, 2, 3, 4, 6, 11, 16, 23, 25, 27]",10,[],0,0,10,0,0
code_n32_k16_cw3_007_q03,code_n32_k16_cw3_007,q03,train,4,2726890997,"[0, 2, 3, 6, 8, 21, 22, 23, 24, 25, 26, 27, 28, 30]",14,"[2, 8, 22, 24, 25, 26, 27, 28, 30]",9,1,14,0,0
code_n32_k16_cw3_007_q03,code_n32_k16_cw3_007,q03,train,5,2727891000,"[3, 10, 12, 13, 15, 19, 22, 27]",8,[],0,0,8,0,0
code_n32_k16_cw3_007_q03,code_n32_k16_cw3_007,q03,train,6,2728891003,"[3, 4, 7, 8, 9, 10, 11, 14, 17, 18, 19, 24, 26, 29, 30]",15,"[3, 4, 7, 8, 9, 10, 11, 17, 18, 24, 26, 30]",12,1,13,2,1
code_n32_k16_cw3_007_q03,code_n32_k16_cw3_007,q03,train,7,2729891006,"[1, 8, 10, 13, 18, 19, 20, 26, 28, 30]",10,[],0,0,10,0,0
code_n32_k16_cw3_007_q03,code_n32_k16_cw3_007,q03,train,8,2730891009,"[0, 1, 2, 7, 8, 9, 10, 11, 14, 16, 17, 18, 21, 23, 24, 27, 28, 30]",18,"[7, 8, 9, 11, 14, 16, 17, 18, 21, 23, 24, 27, 28, 30]",14,1,16,2,1
code_n32_k16_cw3_007_q03,code_n32_k16_cw3_007,q03,train,9,2731891012,"[1, 12, 15, 16, 19, 23, 25]",7,[],0,0,7,0,0
code_n32_k16_cw3_007_q03,code_n32_k16_cw3_007,q03,train,10,2732891015,"[3, 5, 12, 13, 17, 18, 19, 22, 23, 24, 26, 27, 30, 31]",14,"[5, 12, 24, 26, 27, 30]",6,1,14,0,0
code_n32_k16_cw3_007_q03,code_n32_k16_cw3_007,q03,train,11,2733891018,"[2, 5, 6, 8, 11, 17, 20, 21, 24, 25, 26, 27, 30]",13,"[5, 6, 8, 24, 25, 26, 27, 30]",8,1,13,0,0
code_n32_k16_cw3_007_q03,code_n32_k16_cw3_007,q03,train,12,2734891021,"[2, 3, 7, 8, 15, 20, 23, 25, 27]",9,[],0,0,9,0,0
code_n32_k16_cw3_007_q03,code_n32_k16_cw3_007,q03,train,13,2735891024,"[7, 12, 13, 14, 19, 20, 22, 23, 25, 26, 30]",11,[],0,0,11,0,0
code_n32_k16_cw3_007_q03,code_n32_k16_cw3_007,q03,train,14,2736891027,"[1, 5, 7, 10, 17, 22, 23]",7,[],0,0,7,0,0
code_n32_k16_cw3_007_q03,code_n32_k16_cw3_007,q03,train,15,2737891030,"[3, 6, 7, 9, 10, 11, 15, 16, 21, 22, 23, 25, 28, 29, 30, 31]",16,"[3, 6, 7, 9, 11, 15, 16, 21, 22, 23, 25, 28, 29, 30, 31]",15,1,15,1,1
code_n32_k16_cw3_007_q03,code_n32_k16_cw3_007,q03,train,16,2738891033,"[1, 3, 5, 8, 9, 13, 16, 21, 22, 23, 25, 26]",12,[],0,0,12,0,0
code_n32_k16_cw3_007_q03,code_n32_k16_cw3_007,q03,train,17,2739891036,"[1, 2, 6, 12, 13, 14, 15, 19, 20, 21, 22, 25, 26, 29, 30]",15,"[1, 2, 6, 12, 13, 15, 19, 26, 29, 30]",10,1,13,2,1
code_n32_k16_cw3_007_q03,code_n32_k16_cw3_007,q03,train,18,2740891039,"[1, 2, 4, 5, 12, 15, 17, 20, 23, 25, 27, 28, 29, 30]",14,"[1, 2, 4, 5, 12, 25, 28, 29, 30]",9,1,14,0,0
code_n32_k16_cw3_007_q03,code_n32_k16_cw3_007,q03,train,19,2741891042,"[6, 12, 14, 15, 18, 27, 30, 31]",8,[],0,0,8,0,0
code_n32_k16_cw3_007_q03,code_n32_k16_cw3_007,q03,train,20,2742891045,"[4, 5, 11, 17, 19, 20, 24, 26, 28, 29, 30, 31]",12,[],0,0,12,0,0
code_n32_k16_cw3_007_q03,code_n32_k16_cw3_007,q03,train,21,2743891048,"[0, 6, 10, 14, 17, 18, 19, 29, 30]",9,[],0,0,9,0,0
code_n32_k16_cw3_007_q03,code_n32_k16_cw3_007,q03,train,22,2744891051,"[0, 2, 4, 7, 8, 9, 10, 11, 12, 17, 23, 25, 29, 30]",14,"[2, 8, 9, 10, 12, 17, 23, 25, 29, 30]",10,1,13,1,1
code_n32_k16_cw3_007_q03,code_n32_k16_cw3_007,q03,train,23,2745891054,"[0, 9, 11, 16, 17, 18, 21, 24, 26, 29]",10,"[16, 18]",2,1,9,1,1
code_n32_k16_cw3_007_q03,code_n32_k16_cw3_007,q03,train,24,2746891057,"[4, 7, 12, 13, 17, 22, 23, 30]",8,[],0,0,8,0,0
code_n32_k16_cw3_007_q03,code_n32_k16_cw3_007,q03,train,25,2747891060,"[0, 1, 5, 6, 8, 9, 10, 12, 14, 16, 18, 24, 27, 29, 31]",15,"[5, 6, 9, 10, 12, 14, 16, 18, 24, 27, 31]",11,1,14,1,1
code_n32_k16_cw3_007_q03,code_n32_k16_cw3_007,q03,train,26,2748891063,"[1, 8, 10, 11, 14, 16, 21, 22, 26, 27, 28, 30]",12,[],0,0,12,0,0
code_n32_k16_cw3_007_q03,code_n32_k16_cw3_007,q03,train,27,2749891066,"[1, 7, 8, 9, 11, 20, 23, 26, 27, 28, 29, 30]",12,[],0,0,12,0,0
code_n32_k16_cw3_007_q03,code_n32_k16_cw3_007,q03,train,28,2750891069,"[0, 6, 7, 8, 10, 12, 13, 14, 15, 19, 26, 28, 30]",13,"[6, 7, 12, 15, 19, 30]",6,1,12,1,1
code_n32_k16_cw3_007_q03,code_n32_k16_cw3_007,q03,train,29,2751891072,"[3, 4, 5, 6, 14, 18, 20, 22, 24, 25, 27, 28]",12,"[4, 5, 6, 24, 25, 27, 28]",7,1,12,0,0
code_n32_k16_cw3_007_q03,code_n32_k16_cw3_007,q03,train,30,2752891075,"[0, 1, 4, 8, 9, 15, 17, 22, 28, 29]",10,[],0,0,10,0,0
code_n32_k16_cw3_007_q03,code_n32_k16_cw3_007,q03,train,31,2753891078,"[1, 2, 3, 6, 10, 12, 16, 17, 21, 28]",10,[],0,0,10,0,0
code_n32_k16_cw3_007_q03,code_n32_k16_cw3_007,q03,train,32,2754891081,"[2, 7, 8, 10, 13, 14, 17, 20, 21, 27, 30, 31]",12,"[13, 14, 17, 21]",4,1,11,1,1
code_n32_k16_cw3_007_q03,code_n32_k16_cw3_007,q03,train,33,2755891084,"[4, 6, 9, 10, 11, 12, 13, 14, 20, 21, 28, 29, 31]",13,"[6, 9, 12, 14, 21, 31]",6,1,13,0,0
code_n32_k16_cw3_007_q03,code_n32_k16_cw3_007,q03,train,34,2756891087,"[3, 4, 11, 12, 13, 20, 25, 28, 31]",9,[],0,0,9,0,0
code_n32_k16_cw3_007_q03,code_n32_k16_cw3_007,q03,train,35,2757891090,"[7, 8, 12, 15, 16, 18, 20, 21, 22, 25, 27, 31]",12,"[7, 8, 15, 16, 18, 21, 22, 25, 31]",9,1,11,1,1
code_n32_k16_cw3_007_q03,code_n32_k16_cw3_007,q03,train,36,2758891093,"[0, 1, 4, 9, 10, 13, 16, 19, 21, 22, 30]",11,[],0,0,11,0,0
code_n32_k16_cw3_007_q03,code_n32_k16_cw3_007,q03,train,37,2759891096,"[1, 9, 10, 12, 13, 14, 17, 21, 22, 27, 29, 31]",12,"[9, 12, 13, 14, 17, 21, 22, 27, 29, 31]",10,1,11,1,1
code_n32_k16_cw3_007_q03,code_n32_k16_cw3_007,q03,train,38,2760891099,"[0, 2, 4, 6, 9, 16, 18, 19, 26, 29, 30]",11,"[4, 6, 16, 18, 19, 26, 29, 30]",8,1,10,1,1
code_n32_k16_cw3_007_q03,code_n32_k16_cw3_007,q03,train,39,2761891102,"[0, 5, 7, 12, 22, 26, 27]",7,[],0,0,7,0,0
code_n32_k16_cw3_007_q03,code_n32_k16_cw3_007,q03,train,40,2762891105,"[1, 6, 8, 9, 10, 12, 13, 17, 18, 19, 22, 23, 24]",13,"[1, 6, 8, 9, 12, 13, 17, 23, 24]",9,1,13,0,0
code_n32_k16_cw3_007_q03,code_n32_k16_cw3_007,q03,train,41,2763891108,"[0, 6, 7, 10, 12, 15, 17, 18, 19, 21, 22, 23, 24, 25, 30, 31]",16,"[6, 7, 12, 15, 19, 21, 22, 24, 30, 31]",10,1,14,2,1
code_n32_k16_cw3_007_q03,code_n32_k16_cw3_007,q03,train,42,2764891111,"[4, 6, 13, 14, 16, 19, 20, 21, 22, 31]",10,[],0,0,10,0,0
code_n32_k16_cw3_007_q03,code_n32_k16_cw3_007,q03,train,43,2765891114,"[1, 7, 8, 10, 11, 13, 15, 17, 20, 24, 26, 28, 31]",13,[],0,0,13,0,0
code_n32_k16_cw3_007_q03,code_n32_k16_cw3_007,q03,train,44,2766891117,"[0, 3, 7, 13, 18, 19, 20, 23, 27, 28, 29, 31]",12,"[0, 7, 13, 19, 20, 23, 27, 28, 29]",9,1,12,0,0
code_n32_k16_cw3_007_q03,code_n32_k16_cw3_007,q03,train,45,2767891120,"[4, 9, 13, 22, 23, 25, 26, 28, 29, 30, 31]",11,"[4, 13, 25, 26, 28]",5,1,11,0,0
code_n32_k16_cw3_007_q03,code_n32_k16_cw3_007,q03,train,46,2768891123,"[0, 2, 3, 9, 13, 15, 16, 17, 21, 22, 23, 24, 26]",13,"[2, 3, 9, 13, 15, 22, 24, 26]",8,1,13,0,0
code_n32_k16_cw3_007_q03,code_n32_k16_cw3_007,q03,train,47,2769891126,"[4, 6, 8, 9, 15, 19, 20, 22, 27, 29]",10,"[6, 15, 19, 22, 27, 29]",6,1,10,0,0
code_n32_k16_cw3_007_q03,code_n32_k16_cw3_007,q03,train,48,2770891129,"[11, 13, 14, 16, 18, 25, 26, 27, 29]",9,"[16, 18]",2,1,8,1,1
code_n32_k16_cw3_007_q03,code_n32_k16_cw3_007,q03,train,49,2771891132,"[1, 2, 3, 8, 11, 13, 16, 18, 19, 20, 22, 25, 28]",13,"[8, 13, 16, 18, 19, 22, 28]",7,1,12,1,1
code_n32_k16_cw3_007_q03,code_n32_k16_cw3_007,q03,train,50,2772891135,"[6, 8, 12, 14, 16, 18, 19, 24, 26]",9,"[16, 18]",2,1,8,1,1
code_n32_k16_cw3_007_q03,code_n32_k16_cw3_007,q03,train,51,2773891138,"[1, 2, 4, 10, 11, 15, 17, 18, 19, 20, 29]",11,[],0,0,11,0,0
code_n32_k16_cw3_007_q03,code_n32_k16_cw3_007,q03,train,52,2774891141,"[3, 8, 9, 10, 15, 20, 22, 23, 29]",9,[],0,0,9,0,0
code_n32_k16_cw3_007_q03,code_n32_k16_cw3_007,q03,train,53,2775891144,"[2, 5, 7, 10, 11, 14, 15, 18, 22, 25, 29, 31]",12,"[2, 5, 11, 15, 18, 22, 25, 29]",8,1,11,1,1
code_n32_k16_cw3_007_q03,code_n32_k16_cw3_007,q03,train,54,2776891147,"[0, 2, 4, 5, 8, 9, 11, 12, 13, 18, 19, 23, 26, 28, 31]",15,"[2, 4, 5, 8, 11, 12, 13, 18, 19, 26, 28]",11,1,15,0,0
code_n32_k16_cw3_007_q03,code_n32_k16_cw3_007,q03,train,55,2777891150,"[0, 1, 7, 10, 11, 14, 17, 19, 26, 30]",10,[],0,0,10,0,0
code_n32_k16_cw3_007_q03,code_n32_k16_cw3_007,q03,train,56,2778891153,"[6, 7, 8, 10, 12, 17, 18, 23, 25, 27, 28, 30]",12,"[6, 8, 12, 25, 27, 28, 30]",7,1,11,1,1
code_n32_k16_cw3_007_q03,code_n32_k16_cw3_007,q03,train,57,2779891156,"[1, 4, 7, 12, 13, 15, 19, 24, 26, 27, 28, 31]",12,"[1, 4, 7, 12, 13, 15, 19, 24, 26, 27]",10,1,12,0,0
code_n32_k16_cw3_007_q03,code_n32_k16_cw3_007,q03,train,58,2780891159,"[1, 3, 4, 7, 14, 18, 19, 23, 26, 27, 28, 29]",12,[],0,0,12,0,0
code_n32_k16_cw3_007_q03,code_n32_k16_cw3_007,q03,train,59,2781891162,"[3, 5, 6, 9, 11, 16, 17, 23, 25, 28]",10,[],0,0,10,0,0
code_n32_k16_cw3_007_q03,code_n32_k16_cw3_007,q03,train,60,2782891165,"[0, 1, 3, 4, 6, 7, 10, 11, 15, 19, 24, 27, 28, 31]",14,[],0,0,14,0,0
code_n32_k16_cw3_007_q03,code_n32_k16_cw3_007,q03,train,61,2783891168,"[0, 5, 6, 7, 10, 11, 13, 16, 19, 22, 23, 24, 25, 27, 28, 31]",16,"[5, 6, 7, 10, 11, 13, 16, 19, 22, 23, 24, 25, 27, 28]",14,1,15,1,1
code_n32_k16_cw3_007_q03,code_n32_k16_cw3_007,q03,train,62,2784891171,"[1, 2, 9, 14, 15, 18, 20, 22, 31]",9,[],0,0,9,0,0
code_n32_k16_cw3_007_q03,code_n32_k16_cw3_007,q03,train,63,2785891174,"[3, 6, 8, 10, 14, 15, 17, 19, 20, 21, 22]",11,[],0,0,11,0,0
